time_s,scenario_time_s,HT-CH-01-AMPS,HT-CH-01-CHWFLOW,HT-CH-01-CHWRT,HT-CH-01-CHWST,HT-CH-01-CONDP,HT-CH-01-CONDT,HT-CH-01-CWFLOW,HT-CH-01-CWRT,HT-CH-01-CWST,HT-CH-01-DISCT,HT-CH-01-EVAPP,HT-CH-01-EVAPT,HT-CH-01-EXV,HT-CH-01-IGV,HT-CH-01-KW,HT-CH-01-RPM,HT-CH-01-VIB,HT-CH-01-WINDT,PLANT-CHWRT,PLANT-CHWST,PLANT-CWRT,PLANT-CWST,PLANT-DP,PLANT-KW,PLANT-LOAD
0.0,0.0,140.0,90.7,22.240000000000002,15.98,166.0,32.85,150.6,28.54,32.67,33.25,91.0,15.75,55.800000000000004,100.0,218.5,2816.0,1.34,35.5,15.06,6.94,36.01,28.97,1.0,219.0,1200.0
61.03,0.0,140.0,92.7,22.28,16.05,168.0,32.9,152.4,28.51,32.58,33.35,93.5,15.55,55.300000000000004,99.80000000000001,222.0,2819.0,1.42,35.550000000000004,15.0,7.04,36.0,29.03,3.0,217.0,1200.0
121.436,0.0,140.0,89.80000000000001,22.28,15.950000000000001,166.0,32.65,151.5,28.57,32.56,33.2,92.5,15.65,55.6,100.0,222.0,2816.0,1.36,35.6,14.96,7.03,36.04,28.85,0.0,220.5,1200.0
181.67,0.0,140.0,91.2,22.22,15.97,168.5,32.75,151.8,28.57,32.660000000000004,33.35,92.5,15.8,55.400000000000006,99.7,218.5,2824.0,1.37,35.5,15.02,7.07,36.0,29.01,0.0,220.0,1200.0
241.826,0.0,140.0,90.30000000000001,22.3,15.99,166.0,32.65,150.4,28.51,32.62,33.15,92.0,15.8,55.400000000000006,99.80000000000001,218.5,2817.0,1.49,35.550000000000004,15.05,7.0,36.08,29.02,0.0,219.5,1200.0
301.938,0.0,140.0,90.2,22.31,15.94,166.0,32.65,150.6,28.52,32.57,33.35,90.5,15.9,56.1,99.7,218.0,2822.0,1.5,35.45,15.02,6.99,36.04,29.1,0.0,223.5,1200.0
362.022,0.0,140.0,91.9,22.26,16.06,167.0,32.65,149.20000000000002,28.53,32.59,33.2,92.0,15.75,55.900000000000006,99.5,218.0,2817.0,1.32,35.5,15.02,6.99,35.93,29.03,0.0,226.5,1200.0
422.089,0.0,140.0,90.30000000000001,22.3,16.02,168.0,32.800000000000004,152.8,28.51,32.63,33.35,92.5,15.700000000000001,55.300000000000004,99.5,214.5,2825.0,1.28,35.300000000000004,15.0,6.99,36.01,28.92,0.0,219.5,1200.0
482.142,0.0,140.0,93.10000000000001,22.29,16.06,167.0,32.75,152.8,28.55,32.5,33.300000000000004,92.5,15.700000000000001,55.7,99.9,219.0,2820.0,1.21,35.5,15.040000000000001,6.94,35.980000000000004,28.94,0.0,217.0,1200.0
542.186,0.0,140.0,90.60000000000001,22.29,16.02,167.0,32.800000000000004,151.5,28.62,32.7,33.35,92.5,15.75,56.0,100.0,220.0,2816.0,1.49,35.5,15.040000000000001,7.0200000000000005,36.07,29.1,4.0,215.5,1200.0
602.222,0.0,140.0,90.4,22.330000000000002,16.05,166.0,32.7,150.4,28.57,32.6,33.25,92.0,15.850000000000001,55.900000000000006,100.0,216.5,2816.0,1.46,35.550000000000004,14.99,6.97,35.99,28.97,0.0,218.0,1200.0
662.253,0.0,140.0,92.0,22.27,15.950000000000001,166.5,32.7,153.8,28.54,32.57,33.35,91.0,15.65,55.7,100.0,224.5,2817.0,1.48,35.5,15.08,6.96,35.980000000000004,28.990000000000002,0.0,220.5,1200.0
722.279,0.0,140.0,92.60000000000001,22.29,16.04,167.5,32.800000000000004,150.6,28.51,32.56,33.300000000000004,94.0,15.600000000000001,55.0,100.0,217.0,2816.0,1.5,35.5,14.950000000000001,7.09,36.050000000000004,29.02,0.0,221.0,1200.0
782.302,0.0,140.0,91.5,22.31,15.98,167.5,32.7,150.5,28.47,32.54,33.4,90.0,15.75,55.900000000000006,99.9,223.0,2821.0,1.45,35.45,15.01,7.01,36.04,28.98,0.0,218.0,1200.0
842.322,0.0,140.0,91.4,22.28,15.96,166.5,32.75,150.9,28.53,32.660000000000004,33.35,93.0,15.65,55.6,100.0,222.0,2823.0,1.31,35.4,15.02,7.04,36.02,29.02,0.0,224.5,1200.0
902.339,0.0,140.0,91.2,22.19,15.96,167.5,32.85,150.8,28.580000000000002,32.58,33.25,94.5,15.75,55.300000000000004,100.0,217.5,2824.0,1.3800000000000001,35.45,14.96,7.0,36.03,29.02,0.0,222.5,1200.0
962.354,0.0,140.0,90.60000000000001,22.32,15.96,168.0,32.800000000000004,150.70000000000002,28.55,32.53,33.35,92.0,15.600000000000001,55.0,99.9,217.5,2818.0,1.52,35.45,15.030000000000001,7.05,35.97,28.96,0.0,220.5,1200.0
1022.368,0.0,140.0,90.60000000000001,22.2,15.98,169.0,32.75,151.6,28.59,32.62,33.4,93.0,15.700000000000001,55.400000000000006,100.0,216.5,2820.0,1.34,35.35,15.030000000000001,7.05,36.07,28.98,1.0,220.0,1200.0
1082.38,0.0,140.0,90.80000000000001,22.2,16.04,167.5,32.800000000000004,149.9,28.51,32.57,33.35,94.0,15.9,55.7,99.9,219.0,2816.0,1.45,35.6,15.02,7.0600000000000005,35.97,28.990000000000002,0.0,223.5,1200.0
1142.39,0.0,140.0,91.4,22.23,16.01,168.5,32.550000000000004,151.5,28.560000000000002,32.57,33.45,93.0,15.75,55.300000000000004,100.0,220.0,2822.0,1.54,35.5,14.96,7.01,35.96,29.0,0.0,217.0,1200.0
1202.4,0.0,140.0,90.5,22.18,15.96,166.0,32.7,151.9,28.6,32.6,33.300000000000004,92.0,15.8,54.900000000000006,99.5,217.5,2823.0,1.36,35.5,14.98,7.0200000000000005,35.99,29.0,1.0,218.0,1200.0
1262.409,0.0,140.0,90.5,22.2,15.93,169.0,32.85,151.8,28.53,32.62,33.300000000000004,92.5,15.8,55.2,100.0,214.0,2817.0,1.26,35.45,15.040000000000001,7.01,36.03,29.0,0.0,215.5,1200.0
1322.416,0.0,140.0,90.30000000000001,22.17,16.01,168.5,32.75,152.9,28.71,32.68,33.4,90.0,15.850000000000001,55.6,99.5,223.0,2827.0,1.6,35.5,14.950000000000001,6.97,35.93,28.95,1.0,220.0,1200.0
1382.423,0.0,140.0,90.5,22.3,16.080000000000002,165.0,32.800000000000004,149.4,28.64,32.7,33.45,91.5,15.8,55.300000000000004,100.0,220.0,2821.0,1.3800000000000001,35.4,15.030000000000001,7.04,36.02,29.02,3.0,215.5,1200.0
1442.43,0.0,140.0,90.2,22.26,15.94,167.5,32.85,152.8,28.72,32.660000000000004,33.550000000000004,92.5,15.700000000000001,54.6,99.5,224.0,2825.0,1.51,35.6,15.040000000000001,7.0,35.97,28.990000000000002,0.0,220.0,1200.0
1502.435,0.0,140.0,90.60000000000001,22.23,15.98,168.0,32.800000000000004,151.6,28.69,32.74,33.35,92.5,15.65,55.0,99.80000000000001,220.5,2825.0,1.27,35.6,14.98,7.0,36.09,29.03,0.0,218.0,1200.0
1562.441,0.0,140.0,89.7,22.26,16.07,170.0,32.7,151.6,28.61,32.7,33.4,91.0,15.600000000000001,54.5,100.0,222.0,2826.0,1.3800000000000001,35.4,15.030000000000001,6.97,35.88,29.05,0.0,222.5,1200.0
1622.445,0.0,140.0,90.5,22.25,15.97,167.5,32.9,152.6,28.72,32.71,33.45,93.5,15.75,55.400000000000006,99.7,221.0,2834.0,1.41,35.6,14.94,7.0,35.99,28.95,0.0,218.5,1200.0
1682.45,0.0,140.0,92.4,22.25,15.98,165.5,32.800000000000004,151.4,28.75,32.74,33.5,93.0,15.850000000000001,55.1,100.0,219.5,2833.0,1.42,35.6,15.01,7.01,36.03,29.05,0.0,223.0,1200.0
1742.454,0.0,140.0,90.2,22.27,15.97,170.0,32.800000000000004,152.1,28.64,32.81,33.45,91.5,15.850000000000001,55.2,99.7,220.5,2833.0,1.25,35.5,14.99,6.98,36.01,28.97,0.0,221.5,1200.0
1802.457,0.0,140.0,91.5,22.25,15.99,169.5,32.85,150.9,28.7,32.75,33.5,92.0,15.700000000000001,55.1,99.80000000000001,219.5,2829.0,1.37,35.5,14.9,7.0,35.93,29.03,2.0,222.0,1200.0
1862.461,0.0,140.0,91.4,22.240000000000002,16.0,169.5,33.1,151.6,28.79,32.74,33.5,94.0,15.75,55.400000000000006,100.0,226.0,2831.0,1.44,35.550000000000004,14.97,7.03,35.980000000000004,29.0,0.0,223.5,1200.0
1922.464,0.0,140.0,92.60000000000001,22.240000000000002,16.0,171.0,33.050000000000004,152.4,28.7,32.83,33.45,91.0,15.9,55.400000000000006,100.0,221.0,2839.0,1.42,35.45,14.96,7.0600000000000005,36.01,28.990000000000002,1.0,221.0,1200.0
1982.466,0.0,140.0,91.4,22.18,16.06,169.0,33.1,151.4,28.76,32.82,33.6,93.5,15.75,55.300000000000004,100.0,220.0,2832.0,1.29,35.6,15.040000000000001,7.01,36.03,28.97,1.0,224.5,1200.0
2042.469,0.0,140.0,91.60000000000001,22.27,15.97,168.5,32.85,151.8,28.830000000000002,32.78,33.45,93.5,15.65,55.0,100.0,221.0,2835.0,1.41,35.7,15.05,6.93,36.13,29.0,0.0,221.0,1200.0
2102.471,0.0,140.0,90.7,22.3,16.01,167.0,32.9,152.0,28.740000000000002,32.86,33.6,92.5,15.700000000000001,55.2,99.9,223.5,2842.0,1.28,35.85,15.040000000000001,7.0200000000000005,35.980000000000004,29.03,0.0,223.5,1200.0
2162.473,0.0,140.0,90.9,22.240000000000002,15.98,167.5,33.050000000000004,152.0,28.82,32.910000000000004,33.5,92.5,15.65,54.900000000000006,100.0,225.0,2839.0,1.59,35.75,15.11,7.0200000000000005,36.03,29.0,0.0,227.5,1200.0
2222.475,0.0,140.0,91.60000000000001,22.22,15.97,170.5,32.95,151.4,28.73,32.910000000000004,33.550000000000004,91.0,15.700000000000001,55.300000000000004,100.0,218.5,2832.0,1.37,35.85,14.93,6.99,35.96,28.990000000000002,0.0,224.0,1200.0
2282.477,0.0,140.0,90.10000000000001,22.23,15.96,171.0,33.1,152.9,28.73,32.71,33.4,92.0,15.600000000000001,55.0,100.0,227.0,2833.0,1.58,35.85,15.05,6.99,35.89,28.93,0.0,225.0,1200.0
2342.479,0.0,140.0,91.4,22.23,16.01,170.5,32.95,151.1,28.82,32.980000000000004,33.550000000000004,93.0,15.8,55.300000000000004,99.9,220.5,2834.0,1.3800000000000001,35.65,14.94,6.99,36.0,28.91,0.0,222.5,1200.0
2402.48,0.0,140.0,91.5,22.25,15.99,169.0,32.95,153.3,28.79,32.83,33.5,93.0,15.75,55.1,100.0,223.5,2837.0,1.33,35.75,14.98,6.97,36.11,29.03,0.0,219.0,1200.0
2462.482,0.0,140.0,92.4,22.32,15.98,169.5,32.95,152.3,28.73,32.85,33.7,94.0,15.75,54.7,100.0,227.0,2840.0,1.43,35.800000000000004,14.98,6.99,36.0,29.080000000000002,0.0,225.0,1200.0
2522.483,0.0,140.0,91.60000000000001,22.27,16.02,170.0,33.050000000000004,152.0,28.82,32.85,33.7,95.5,15.65,55.0,100.0,227.5,2844.0,1.37,35.800000000000004,14.950000000000001,7.03,35.95,29.05,3.0,226.5,1200.0
2582.484,0.0,140.0,91.0,22.28,16.01,169.0,33.050000000000004,152.20000000000002,28.91,32.89,33.65,94.5,15.75,55.0,100.0,230.0,2846.0,1.47,35.85,15.13,6.99,36.03,28.900000000000002,3.0,220.0,1200.0
2642.485,0.0,140.0,91.10000000000001,22.27,15.97,170.0,32.9,150.0,28.75,32.87,33.550000000000004,93.0,15.700000000000001,54.800000000000004,100.0,227.5,2840.0,1.35,35.9,14.99,6.96,36.01,28.97,1.0,225.5,1200.0
2702.486,0.0,140.0,90.60000000000001,22.21,16.0,170.5,33.050000000000004,152.5,28.900000000000002,32.95,33.65,91.5,15.75,55.400000000000006,100.0,228.5,2845.0,1.33,36.0,14.96,6.99,35.88,28.900000000000002,0.0,222.0,1200.0
2762.487,0.0,140.0,91.80000000000001,22.26,16.06,169.5,33.1,151.3,28.91,32.96,33.6,93.0,15.8,54.800000000000004,100.0,227.0,2851.0,1.53,35.7,15.02,7.0200000000000005,36.03,28.96,0.0,224.5,1200.0
2822.488,0.0,140.0,89.5,22.23,16.01,170.5,33.2,150.9,28.88,32.910000000000004,33.65,91.5,15.850000000000001,54.800000000000004,99.5,221.0,2848.0,1.35,36.0,15.040000000000001,6.93,36.050000000000004,28.95,0.0,228.0,1200.0
2882.488,0.0,140.0,87.4,22.26,16.05,170.0,33.0,151.3,28.87,32.95,33.85,93.0,15.75,54.800000000000004,100.0,226.5,2848.0,1.5,35.9,14.94,7.0200000000000005,35.910000000000004,29.0,1.0,225.5,1200.0
2942.489,0.0,140.0,91.2,22.2,15.9,170.0,33.15,151.1,28.92,32.97,33.7,94.5,15.75,55.2,100.0,226.5,2845.0,1.43,35.85,14.950000000000001,7.0,36.07,29.03,1.0,227.0,1200.0
3002.489,0.0,140.0,91.9,22.23,15.97,169.5,33.050000000000004,151.5,28.97,33.07,33.800000000000004,90.0,15.700000000000001,55.1,100.0,227.0,2848.0,1.3900000000000001,35.9,15.02,6.94,35.97,29.04,1.0,228.0,1200.0
3062.49,0.0,140.0,89.30000000000001,22.330000000000002,15.96,170.0,33.25,152.1,28.94,33.15,33.6,95.0,15.700000000000001,55.1,100.0,227.0,2850.0,1.34,35.95,15.01,6.99,35.97,29.0,0.0,228.0,1200.0
3122.49,0.0,140.0,90.9,22.26,16.06,169.0,33.300000000000004,151.8,28.91,33.14,33.75,93.0,15.75,54.7,100.0,226.0,2855.0,1.69,35.95,15.0,7.0200000000000005,36.09,29.0,1.0,226.0,1200.0
3182.491,0.0,140.0,91.2,22.25,16.03,171.5,33.1,150.3,28.84,33.1,33.75,93.0,15.700000000000001,54.6,100.0,228.0,2852.0,1.41,36.1,15.040000000000001,7.01,36.0,29.080000000000002,0.0,227.0,1200.0
3242.491,0.0,140.0,88.5,22.26,16.01,168.5,33.2,151.0,28.88,33.02,33.75,94.0,15.65,55.1,100.0,226.5,2846.0,1.44,35.9,15.040000000000001,7.0200000000000005,36.01,29.02,0.0,224.0,1200.0
3302.491,0.0,140.0,90.5,22.330000000000002,16.06,169.5,33.15,151.9,28.88,33.03,33.7,93.0,15.75,55.1,100.0,228.5,2854.0,1.44,35.95,14.94,6.97,36.08,29.0,3.0,224.0,1200.0
3362.491,0.0,140.0,92.5,22.29,16.01,169.5,33.15,151.8,28.91,33.06,33.7,93.0,15.850000000000001,55.0,100.0,227.5,2851.0,1.45,35.85,15.030000000000001,7.01,36.01,28.98,0.0,227.0,1200.0
3422.492,0.0,140.0,90.60000000000001,22.22,15.98,170.5,33.15,150.5,28.98,32.99,33.6,92.0,15.75,54.800000000000004,99.9,228.5,2849.0,1.3900000000000001,36.0,15.02,6.94,36.01,29.12,1.0,224.5,1200.0
3482.492,0.0,140.0,91.7,22.36,16.05,172.5,33.1,151.70000000000002,28.830000000000002,33.06,33.7,92.5,15.8,54.5,100.0,224.0,2847.0,1.49,35.95,14.97,7.0600000000000005,35.97,29.04,1.0,225.0,1200.0
3542.492,0.0,140.0,89.80000000000001,22.25,16.05,170.0,33.2,153.20000000000002,28.96,32.910000000000004,33.7,92.0,15.8,55.1,100.0,226.5,2854.0,1.41,35.9,15.030000000000001,7.01,35.93,29.01,0.0,224.0,1200.0
3602.492,0.0,140.0,90.80000000000001,22.21,16.02,170.0,33.25,151.8,28.95,33.0,33.7,94.0,15.950000000000001,54.6,100.0,224.5,2845.0,1.51,36.050000000000004,14.99,7.01,35.94,29.02,0.0,225.5,1200.0
3662.492,0.0,140.0,90.9,22.22,15.99,169.0,33.0,149.5,28.92,33.1,33.6,91.5,15.8,54.6,100.0,224.5,2853.0,1.34,36.050000000000004,14.98,6.99,36.04,28.900000000000002,3.0,223.0,1200.0
3722.492,0.0,140.0,92.60000000000001,22.27,16.03,167.5,33.2,150.8,28.91,33.04,33.6,92.0,15.850000000000001,54.7,99.4,225.0,2855.0,1.44,36.0,15.0,6.99,36.0,29.02,1.0,224.5,1200.0
3782.492,0.0,140.0,89.80000000000001,22.19,15.950000000000001,171.0,33.15,152.4,28.95,33.03,33.75,92.0,15.65,54.5,99.4,231.0,2857.0,1.44,35.85,14.98,6.95,36.04,28.990000000000002,2.0,230.0,1200.0
3842.492,0.0,140.0,90.0,22.27,16.05,171.5,33.050000000000004,151.5,28.96,33.12,33.75,91.5,15.850000000000001,55.1,99.9,224.0,2853.0,1.54,36.1,15.0,6.98,36.01,29.03,0.0,224.5,1200.0
3902.492,0.0,140.0,90.5,22.28,15.99,170.0,33.15,151.5,28.990000000000002,33.02,33.75,93.0,15.75,55.400000000000006,99.60000000000001,227.0,2856.0,1.51,36.0,14.950000000000001,7.0,36.01,29.03,2.0,231.0,1200.0
3962.492,0.0,140.0,90.30000000000001,22.2,15.98,169.0,33.25,151.8,28.96,33.11,34.0,93.0,15.700000000000001,55.400000000000006,99.30000000000001,227.0,2857.0,1.3,36.0,14.99,6.95,35.94,28.990000000000002,0.0,226.5,1200.0
4022.492,0.0,140.0,88.10000000000001,22.240000000000002,15.99,170.0,33.300000000000004,152.3,29.03,33.1,33.9,92.5,15.75,54.800000000000004,99.60000000000001,228.0,2859.0,1.49,36.050000000000004,15.05,7.0,35.95,29.0,3.0,225.5,1200.0
4082.491,0.0,140.0,90.80000000000001,22.31,16.03,172.0,33.35,151.6,28.990000000000002,33.12,33.95,94.5,15.700000000000001,54.6,99.4,231.0,2864.0,1.3900000000000001,36.050000000000004,14.99,7.01,35.99,29.04,0.0,229.0,1200.0
4142.491,0.0,140.0,91.30000000000001,22.3,15.96,172.0,33.2,150.4,29.07,33.22,33.9,93.5,15.75,55.5,99.9,226.5,2860.0,1.45,36.0,15.0,6.98,36.06,28.990000000000002,1.0,234.0,1200.0
4202.491,0.0,140.0,91.2,22.26,16.1,172.5,33.25,152.5,29.080000000000002,33.17,33.95,91.5,15.8,55.300000000000004,100.0,228.0,2865.0,1.3,36.050000000000004,14.99,7.04,36.0,29.05,2.0,233.5,1200.0
4262.491,0.0,140.0,91.30000000000001,22.31,16.04,170.0,33.25,149.9,29.14,33.2,33.75,95.0,15.75,55.1,100.0,230.0,2862.0,1.47,36.0,15.030000000000001,7.0,35.94,28.95,0.0,224.5,1200.0
4322.491,0.0,140.0,90.7,22.31,16.03,170.5,33.4,149.9,29.12,33.14,33.95,95.5,15.850000000000001,54.2,99.9,227.0,2871.0,1.42,36.0,15.0,6.97,35.980000000000004,28.91,0.0,227.5,1200.0
4382.49,0.0,140.0,90.0,22.32,16.0,172.0,33.2,151.9,29.150000000000002,33.18,33.800000000000004,92.5,15.65,55.1,100.0,230.0,2865.0,1.37,36.050000000000004,14.97,6.95,35.99,28.98,1.0,230.5,1200.0
4442.49,0.0,140.0,90.10000000000001,22.29,16.02,171.5,33.300000000000004,151.8,29.17,33.12,33.9,92.5,15.65,55.300000000000004,100.0,231.5,2869.0,1.44,36.2,15.06,7.0600000000000005,35.93,29.03,2.0,230.0,1200.0
4502.49,0.0,140.0,90.5,22.34,16.09,169.5,33.35,150.6,29.09,33.18,33.85,91.5,15.700000000000001,54.800000000000004,99.4,224.5,2870.0,1.4000000000000001,36.0,15.02,6.98,35.99,28.92,0.0,230.0,1200.0
4562.49,0.0,140.0,91.0,22.34,16.05,170.5,33.25,153.9,29.080000000000002,33.28,33.9,93.0,15.75,54.7,99.4,226.5,2867.0,1.47,36.050000000000004,15.01,6.99,36.08,29.0,0.0,231.5,1200.0
4622.489,0.0,140.0,89.2,22.34,16.04,170.0,33.35,149.4,29.05,33.24,33.800000000000004,94.0,15.700000000000001,55.0,100.0,234.0,2869.0,1.3800000000000001,36.25,15.0,6.97,36.01,29.03,0.0,228.0,1200.0
4682.489,0.0,140.0,91.30000000000001,22.3,15.94,169.5,33.45,152.20000000000002,29.2,33.17,33.85,95.5,15.700000000000001,55.300000000000004,100.0,233.0,2865.0,1.33,36.2,15.040000000000001,7.01,35.94,28.990000000000002,2.0,231.0,1200.0
4742.489,0.0,140.0,90.0,22.36,15.97,169.5,33.45,150.9,29.12,33.25,33.95,91.0,15.700000000000001,54.900000000000006,99.80000000000001,234.0,2865.0,1.57,36.15,14.99,6.99,35.97,28.990000000000002,0.0,231.5,1200.0
4802.488,0.0,140.0,90.30000000000001,22.330000000000002,16.02,172.0,33.45,151.0,29.07,33.230000000000004,33.7,92.5,15.8,55.2,99.60000000000001,228.0,2869.0,1.36,36.25,14.96,7.03,36.01,29.02,1.0,232.0,1200.0
4862.488,0.0,140.0,90.4,22.330000000000002,15.98,171.0,33.35,153.20000000000002,29.02,33.2,34.0,93.0,15.8,55.5,100.0,228.0,2866.0,1.48,36.2,14.97,7.0200000000000005,36.01,29.04,0.0,232.5,1200.0
4922.488,0.0,140.0,91.80000000000001,22.34,16.080000000000002,173.0,33.4,150.70000000000002,29.11,33.09,33.95,91.0,15.8,55.0,100.0,233.0,2873.0,1.42,36.1,14.97,6.92,35.980000000000004,29.01,3.0,227.0,1200.0
4982.487,0.0,140.0,90.0,22.38,16.0,172.5,33.4,151.3,29.150000000000002,33.3,33.85,94.0,15.700000000000001,55.1,99.80000000000001,232.0,2873.0,1.3900000000000001,36.2,15.05,6.96,36.02,28.97,0.0,232.5,1200.0
5042.487,0.0,140.0,90.30000000000001,22.38,16.02,171.5,33.4,152.5,29.17,33.27,33.800000000000004,92.5,15.700000000000001,54.800000000000004,99.7,229.0,2867.0,1.45,36.300000000000004,15.040000000000001,7.01,36.04,28.98,3.0,232.0,1200.0
5102.487,0.0,140.0,92.80000000000001,22.34,15.97,173.5,33.45,151.5,29.22,33.34,33.95,91.0,15.700000000000001,55.0,99.7,232.5,2869.0,1.61,36.050000000000004,14.97,6.96,35.99,28.94,0.0,230.5,1200.0
5162.486,0.0,140.0,90.80000000000001,22.34,16.03,170.5,33.300000000000004,151.6,29.23,33.31,34.0,93.0,15.700000000000001,55.400000000000006,100.0,232.0,2871.0,1.3900000000000001,36.25,15.06,7.03,36.04,28.97,2.0,231.0,1200.0
5222.486,0.0,140.0,93.0,22.37,16.04,171.0,33.45,151.6,29.14,33.29,34.0,94.0,15.700000000000001,55.0,100.0,230.5,2877.0,1.42,36.4,14.96,7.05,35.96,29.0,3.0,235.5,1200.0
5282.485,0.0,140.0,93.10000000000001,22.32,16.03,171.0,33.45,153.4,29.16,33.35,34.0,92.5,15.75,54.2,99.4,235.5,2871.0,1.35,36.25,14.98,7.01,35.94,29.05,2.0,233.0,1200.0
5342.485,0.0,140.0,91.2,22.26,16.0,171.5,33.550000000000004,152.4,29.23,33.3,34.0,92.5,15.700000000000001,54.7,99.9,226.5,2879.0,1.1500000000000001,36.15,15.07,6.98,36.02,28.96,1.0,231.5,1200.0
5402.485,0.0,140.0,90.5,22.21,15.96,171.0,33.5,150.0,29.39,33.35,34.1,94.5,15.850000000000001,54.900000000000006,100.0,230.5,2874.0,1.46,36.300000000000004,15.06,6.93,36.02,29.05,2.0,229.5,1200.0
5462.484,0.0,140.0,90.2,22.29,16.04,171.5,33.6,152.9,29.150000000000002,33.29,33.95,91.0,15.700000000000001,54.6,100.0,231.5,2876.0,1.57,36.35,15.0,7.0,36.03,29.01,0.0,231.0,1200.0
5522.484,0.0,140.0,90.10000000000001,22.3,16.01,171.5,33.4,151.20000000000002,29.19,33.39,33.95,93.5,15.75,54.7,100.0,230.0,2871.0,1.47,36.35,15.02,7.0200000000000005,36.01,29.04,0.0,229.5,1200.0
5582.483,0.0,140.0,90.9,22.34,15.97,171.5,33.35,152.4,29.13,33.39,33.9,93.0,15.65,54.900000000000006,99.4,238.0,2878.0,1.31,36.4,15.02,6.95,36.04,29.080000000000002,2.0,235.5,1200.0
5642.483,0.0,140.0,89.7,22.28,16.01,173.5,33.45,151.1,29.17,33.36,34.0,92.5,15.65,55.1,99.5,234.0,2877.0,1.23,36.2,15.0,6.96,35.95,29.02,0.0,236.0,1200.0
5702.483,0.0,140.0,90.9,22.27,16.01,171.5,33.4,152.3,29.3,33.35,34.1,91.5,15.8,54.400000000000006,99.5,233.5,2872.0,1.46,36.35,15.06,7.01,35.95,28.990000000000002,0.0,229.0,1200.0
5762.482,0.0,140.0,90.7,22.3,15.99,172.5,33.45,149.8,29.26,33.3,34.0,92.5,15.8,54.800000000000004,99.7,231.5,2876.0,1.3,36.4,14.97,7.08,35.92,28.990000000000002,2.0,231.0,1200.0
5822.482,0.0,140.0,89.9,22.29,15.98,171.0,33.5,152.1,29.27,33.42,33.85,93.0,15.8,55.0,100.0,230.0,2873.0,1.35,36.300000000000004,14.94,6.9,35.980000000000004,29.11,0.0,234.0,1200.0
5882.481,0.0,140.0,91.0,22.25,15.94,172.0,33.35,151.5,29.3,33.46,34.050000000000004,92.0,15.700000000000001,54.800000000000004,100.0,236.5,2891.0,1.32,36.300000000000004,15.05,7.0,36.050000000000004,28.97,1.0,234.0,1200.0
5942.481,0.0,140.0,90.5,22.29,16.02,172.5,33.6,151.3,29.28,33.31,34.0,93.5,15.65,54.6,99.9,228.5,2882.0,1.34,36.25,15.02,7.03,35.97,29.0,0.0,232.0,1200.0
6002.48,0.0,140.0,91.0,22.29,16.01,171.0,33.35,151.6,29.19,33.36,34.0,92.0,15.850000000000001,54.6,99.80000000000001,235.5,2879.0,1.41,36.25,14.94,7.0200000000000005,35.97,29.02,0.0,231.5,1200.0
6062.48,0.0,140.0,91.0,22.34,16.01,175.0,33.6,151.20000000000002,29.19,33.4,34.1,91.0,15.8,55.1,99.9,232.0,2876.0,1.26,36.6,14.98,7.09,35.97,28.95,0.0,234.5,1200.0
6122.479,0.0,140.0,92.60000000000001,22.29,15.98,172.0,33.45,151.70000000000002,29.310000000000002,33.29,34.1,93.5,15.75,54.1,99.9,231.5,2882.0,1.41,36.300000000000004,14.98,7.0,36.06,28.93,0.0,235.0,1200.0
6182.479,0.0,140.0,90.2,22.35,15.99,171.5,33.550000000000004,150.5,29.2,33.43,34.25,93.0,15.75,54.2,99.9,231.5,2882.0,1.42,36.45,15.040000000000001,7.0,35.97,28.97,2.0,229.5,1200.0
6242.479,0.0,140.0,90.9,22.36,16.0,174.0,33.550000000000004,152.0,29.29,33.410000000000004,34.050000000000004,92.0,15.75,54.7,100.0,228.5,2880.0,1.44,36.300000000000004,14.950000000000001,7.0600000000000005,36.02,28.830000000000002,0.0,233.5,1200.0
6302.478,0.0,140.0,91.4,22.31,16.07,171.5,33.550000000000004,151.0,29.25,33.49,34.15,92.0,15.75,54.800000000000004,100.0,239.0,2881.0,1.42,36.300000000000004,15.01,7.03,36.02,28.94,1.0,237.0,1200.0
6362.478,0.0,140.0,91.9,22.31,15.91,172.5,33.7,151.70000000000002,29.330000000000002,33.480000000000004,34.15,94.0,15.8,54.800000000000004,99.9,235.0,2888.0,1.48,36.4,15.07,6.95,36.03,29.11,0.0,229.5,1200.0
6422.477,0.0,140.0,91.10000000000001,22.22,15.98,172.0,33.6,152.3,29.37,33.47,34.2,93.5,15.75,54.7,99.80000000000001,233.5,2888.0,1.44,36.5,14.98,6.96,35.97,28.95,0.0,235.5,1200.0
6482.477,0.0,140.0,90.7,22.31,16.05,174.0,33.6,152.70000000000002,29.35,33.52,34.25,92.0,15.5,54.6,100.0,234.5,2890.0,1.52,36.5,15.05,7.04,35.97,29.03,3.0,234.0,1200.0
6542.476,0.0,140.0,89.4,22.26,16.07,175.5,33.550000000000004,150.4,29.36,33.53,34.25,94.5,15.8,54.800000000000004,100.0,232.0,2885.0,1.46,36.35,14.98,7.08,35.96,28.92,0.0,233.5,1200.0
6602.476,0.0,140.0,92.60000000000001,22.35,15.98,171.5,33.65,150.8,29.5,33.49,34.1,93.5,15.700000000000001,54.5,100.0,234.5,2888.0,1.47,36.6,15.0,6.99,35.89,28.97,2.0,232.0,1200.0
6662.475,0.0,140.0,90.30000000000001,22.240000000000002,15.950000000000001,173.5,33.6,149.8,29.39,33.5,34.2,93.0,15.700000000000001,54.2,99.30000000000001,232.0,2891.0,1.54,36.6,15.0,6.96,36.0,28.96,0.0,233.0,1200.0
6722.475,0.0,140.0,91.30000000000001,22.29,15.98,172.5,33.7,152.5,29.330000000000002,33.55,34.15,94.0,15.700000000000001,55.1,100.0,232.0,2891.0,1.44,36.35,15.08,7.05,36.03,29.01,2.0,235.5,1200.0
6782.474,0.0,140.0,90.10000000000001,22.26,15.94,172.0,33.550000000000004,149.20000000000002,29.38,33.480000000000004,34.2,92.5,15.55,54.1,100.0,235.0,2892.0,1.16,36.550000000000004,15.0,7.01,36.050000000000004,28.98,0.0,228.5,1200.0
6842.474,0.0,140.0,90.2,22.27,16.0,173.0,33.65,151.1,29.32,33.47,34.050000000000004,92.5,15.9,54.7,99.9,236.0,2885.0,1.31,36.5,15.02,7.01,36.0,28.990000000000002,0.0,235.0,1200.0
6902.473,0.0,140.0,90.30000000000001,22.35,15.99,172.0,33.45,152.3,29.3,33.45,34.050000000000004,94.0,15.850000000000001,55.2,99.80000000000001,238.0,2884.0,1.32,36.35,15.01,7.01,35.89,29.04,1.0,232.0,1200.0
6962.473,0.0,140.0,92.0,22.3,15.94,173.0,33.550000000000004,151.6,29.45,33.480000000000004,34.15,92.0,15.8,54.7,100.0,235.5,2883.0,1.53,36.550000000000004,15.0,7.03,35.99,28.95,2.0,237.5,1200.0
7022.472,0.0,140.0,91.60000000000001,22.29,16.0,170.5,33.65,151.6,29.37,33.44,34.050000000000004,91.0,15.9,54.1,100.0,235.0,2888.0,1.37,36.45,15.05,6.95,35.99,28.990000000000002,0.0,234.0,1200.0
7082.472,0.0,140.0,92.5,22.27,15.93,173.5,33.65,152.5,29.36,33.39,34.25,94.5,15.700000000000001,54.1,99.9,235.0,2883.0,1.35,36.65,14.98,7.0600000000000005,36.08,29.04,0.0,234.5,1200.0
7142.472,0.0,140.0,91.5,22.31,16.01,173.0,33.65,151.20000000000002,29.330000000000002,33.53,34.25,93.0,15.700000000000001,55.1,100.0,233.0,2893.0,1.31,36.5,14.98,6.97,36.04,29.02,2.0,234.0,1200.0
7202.471,0.0,140.0,91.0,22.3,16.0,173.0,33.6,151.0,29.27,33.46,34.050000000000004,92.0,15.700000000000001,54.900000000000006,99.80000000000001,233.5,2884.0,1.3900000000000001,36.6,15.030000000000001,7.05,35.95,28.98,2.0,233.0,1200.0
7262.471,0.0,140.0,90.4,22.31,15.99,172.5,33.550000000000004,150.20000000000002,29.330000000000002,33.39,34.1,92.5,15.600000000000001,54.6,99.80000000000001,233.0,2883.0,1.33,36.7,15.0,6.98,35.980000000000004,29.02,2.0,231.0,1200.0
7322.47,0.0,140.0,90.10000000000001,22.29,16.01,170.5,33.7,151.3,29.35,33.45,34.15,92.0,15.75,54.6,100.0,230.5,2890.0,1.37,36.65,15.030000000000001,7.01,36.06,29.07,1.0,231.0,1200.0
7382.47,0.0,140.0,90.5,22.32,16.02,171.5,33.6,151.70000000000002,29.35,33.55,34.2,94.0,15.75,54.400000000000006,100.0,237.5,2888.0,1.35,36.550000000000004,14.96,7.0,36.0,28.95,2.0,230.5,1200.0
7442.469,0.0,140.0,91.5,22.240000000000002,15.94,172.5,33.550000000000004,151.1,29.27,33.46,34.25,93.5,15.75,54.800000000000004,100.0,232.0,2883.0,1.5,36.5,15.040000000000001,6.94,36.0,29.05,0.0,239.0,1200.0
7502.469,0.0,140.0,90.9,22.36,15.99,171.5,33.6,151.9,29.42,33.43,34.15,92.5,15.850000000000001,54.6,100.0,237.0,2887.0,1.32,36.5,15.040000000000001,7.0,35.99,28.990000000000002,0.0,238.0,1200.0
7562.468,0.0,140.0,90.5,22.29,15.94,172.5,33.4,151.70000000000002,29.3,33.47,34.25,92.5,15.65,55.300000000000004,99.80000000000001,234.0,2888.0,1.46,36.45,14.97,6.99,36.02,29.03,0.0,234.5,1200.0
7622.468,0.0,140.0,90.7,22.37,15.98,174.0,33.85,152.20000000000002,29.36,33.45,34.25,92.5,15.700000000000001,55.0,100.0,231.0,2888.0,1.31,36.5,15.0,7.03,36.01,28.96,0.0,236.5,1200.0
7682.467,0.0,140.0,91.0,22.29,16.02,169.5,33.5,151.70000000000002,29.32,33.45,34.0,94.0,15.700000000000001,54.7,100.0,237.0,2879.0,1.33,36.4,15.05,7.0,35.97,29.03,0.0,234.0,1200.0
7742.467,0.0,140.0,89.30000000000001,22.36,16.0,169.5,33.5,150.1,29.36,33.46,34.25,95.5,15.75,54.7,99.5,235.0,2882.0,1.4000000000000001,36.35,14.97,6.97,35.97,28.96,2.0,229.5,1200.0
7802.466,0.0,140.0,91.7,22.25,16.01,171.5,33.7,151.6,29.35,33.410000000000004,34.050000000000004,92.0,15.600000000000001,54.900000000000006,99.30000000000001,231.0,2882.0,1.36,36.5,15.030000000000001,7.01,36.09,28.97,0.0,233.5,1200.0
7862.466,0.0,140.0,91.10000000000001,22.330000000000002,16.04,172.5,33.5,151.4,29.34,33.43,34.050000000000004,94.0,15.9,54.900000000000006,100.0,234.5,2882.0,1.48,36.35,14.950000000000001,7.01,36.08,29.04,0.0,234.5,1200.0
7922.465,0.0,140.0,90.80000000000001,22.28,16.02,172.5,33.45,151.0,29.38,33.43,34.050000000000004,92.0,15.8,55.0,100.0,233.5,2881.0,1.17,36.35,15.0,7.07,36.01,28.98,0.0,234.0,1200.0
7982.465,0.0,140.0,90.7,22.28,16.05,173.0,33.550000000000004,151.20000000000002,29.330000000000002,33.49,34.050000000000004,92.5,15.700000000000001,54.5,100.0,238.5,2881.0,1.3900000000000001,36.5,14.99,7.01,36.0,29.02,0.0,231.5,1200.0
8042.464,0.0,140.0,91.30000000000001,22.41,15.98,170.0,33.45,151.4,29.22,33.39,34.1,91.0,15.700000000000001,55.5,100.0,237.0,2883.0,1.32,36.35,14.98,6.99,36.04,29.02,0.0,234.5,1200.0
8102.464,0.0,140.0,90.60000000000001,22.39,15.98,171.5,33.6,151.70000000000002,29.3,33.46,34.0,94.5,15.9,55.400000000000006,99.9,233.5,2878.0,1.4000000000000001,36.35,15.01,7.05,36.12,29.080000000000002,0.0,234.5,1200.0
8162.463,0.0,140.0,90.10000000000001,22.35,16.09,172.0,33.4,151.70000000000002,29.26,33.38,34.1,93.5,15.75,55.0,100.0,232.5,2883.0,1.3900000000000001,36.4,14.98,6.98,36.06,29.04,1.0,235.5,1200.0
8222.463,0.0,140.0,89.9,22.42,16.03,171.0,33.550000000000004,151.4,29.28,33.410000000000004,34.050000000000004,94.5,15.700000000000001,55.5,99.9,235.5,2888.0,1.41,36.45,15.030000000000001,7.1000000000000005,35.96,29.02,0.0,235.5,1200.0
8282.463,0.0,140.0,92.80000000000001,22.43,15.98,172.5,33.75,151.5,29.32,33.480000000000004,34.1,94.5,15.700000000000001,55.900000000000006,99.9,237.5,2890.0,1.35,36.6,14.96,6.95,36.06,28.94,0.0,232.5,1200.0
8342.462,0.0,140.0,90.10000000000001,22.46,16.1,169.5,33.7,151.70000000000002,29.19,33.46,34.2,94.0,15.700000000000001,55.1,100.0,233.5,2889.0,1.31,36.550000000000004,15.08,6.95,36.04,29.11,0.0,234.5,1200.0
8402.462,0.0,140.0,90.9,22.51,16.04,173.0,33.5,151.1,29.21,33.43,34.0,93.0,15.8,55.400000000000006,100.0,236.5,2889.0,1.53,36.5,14.99,7.01,36.02,28.95,0.0,236.5,1200.0
8462.461,0.0,140.0,90.30000000000001,22.580000000000002,16.06,172.0,33.550000000000004,152.8,29.22,33.480000000000004,34.050000000000004,92.5,15.8,55.900000000000006,99.80000000000001,236.0,2894.0,1.43,36.7,15.030000000000001,7.01,35.95,29.03,0.0,237.5,1200.0
8522.461,0.0,140.0,91.7,22.490000000000002,16.12,171.0,33.75,151.5,29.22,33.49,34.0,91.5,15.65,56.5,99.4,239.0,2891.0,1.27,36.5,14.99,7.04,36.06,28.92,0.0,235.5,1200.0
8582.46,0.0,140.0,91.2,22.63,16.04,173.0,33.5,151.1,29.26,33.53,34.1,93.5,15.75,56.400000000000006,99.7,242.5,2895.0,1.31,36.550000000000004,14.98,6.99,36.03,28.98,0.0,234.0,1200.0
8642.46,0.0,140.0,90.2,22.56,16.05,173.0,33.75,151.70000000000002,29.240000000000002,33.51,34.0,92.5,15.75,55.800000000000004,99.7,237.5,2896.0,1.32,36.75,15.05,7.0,36.04,28.990000000000002,0.0,239.5,1200.0
8702.459,0.0,140.0,91.7,22.650000000000002,16.080000000000002,175.5,33.550000000000004,151.70000000000002,29.310000000000002,33.47,34.1,95.0,15.8,56.0,99.7,237.5,2904.0,1.4000000000000001,36.65,14.97,7.0200000000000005,35.99,28.990000000000002,1.0,242.5,1200.0
8762.459,0.0,140.0,88.80000000000001,22.61,16.11,172.0,33.65,152.9,29.34,33.51,34.15,93.0,15.65,56.400000000000006,100.0,241.5,2903.0,1.4000000000000001,36.800000000000004,15.05,6.99,36.050000000000004,29.01,4.0,241.5,1200.0
8822.458,0.0,140.0,91.9,22.650000000000002,16.07,173.0,33.6,151.5,29.2,33.63,34.0,92.5,15.700000000000001,56.7,100.0,240.5,2899.0,1.52,36.75,15.07,7.0200000000000005,35.97,29.02,1.0,240.0,1200.0
8882.458,0.0,140.0,91.60000000000001,22.63,16.06,172.5,33.6,152.20000000000002,29.23,33.59,34.15,93.5,15.850000000000001,56.7,100.0,240.5,2902.0,1.3800000000000001,36.65,15.0,7.0200000000000005,35.99,28.95,0.0,241.5,1200.0
8942.457,0.0,140.0,88.7,22.68,16.09,174.5,33.75,151.9,29.25,33.62,34.15,93.0,15.8,56.900000000000006,99.60000000000001,245.5,2905.0,1.46,36.75,14.870000000000001,6.96,36.02,29.060000000000002,0.0,244.5,1200.0
9002.457,0.0,140.0,90.2,22.71,16.01,173.0,33.800000000000004,150.8,29.3,33.52,34.15,90.5,15.8,57.1,100.0,242.5,2913.0,1.47,36.9,14.92,6.98,36.07,29.07,0.0,243.0,1200.0
9062.457,0.0,140.0,91.0,22.72,16.02,172.5,33.7,151.70000000000002,29.16,33.59,34.2,91.0,15.65,57.5,99.9,242.5,2912.0,1.43,36.9,15.0,7.05,36.02,29.07,0.0,235.5,1200.0
9122.456,0.0,140.0,91.7,22.650000000000002,15.99,173.5,33.6,149.4,29.19,33.54,34.15,90.5,15.75,57.5,100.0,244.5,2915.0,1.41,36.9,14.97,6.97,36.02,28.88,0.0,244.0,1200.0
9182.456,0.0,140.0,92.30000000000001,22.78,16.03,174.5,33.6,152.4,29.19,33.59,33.95,93.0,15.700000000000001,57.1,99.9,241.5,2911.0,1.56,36.85,15.02,6.98,36.01,28.89,1.0,242.5,1200.0
9242.455,0.0,140.0,91.2,22.72,16.01,173.0,33.7,150.6,29.16,33.56,34.1,93.0,15.600000000000001,57.6,100.0,246.0,2919.0,1.26,37.0,15.05,6.98,36.02,28.97,3.0,243.5,1200.0
9302.455,0.0,140.0,90.0,22.73,16.01,172.5,33.5,150.3,29.18,33.53,34.2,89.5,15.65,57.1,99.7,242.5,2912.0,1.43,37.0,14.96,7.0200000000000005,35.99,29.03,0.0,246.0,1200.0
9362.454,0.0,140.0,90.7,22.75,15.97,173.0,33.7,151.4,29.22,33.54,34.050000000000004,93.0,15.8,57.1,100.0,244.0,2922.0,1.41,37.050000000000004,14.92,7.04,35.96,29.05,0.0,242.0,1200.0
9422.454,0.0,140.0,91.4,22.69,16.01,173.0,33.75,151.4,29.26,33.55,34.050000000000004,92.0,15.65,56.800000000000004,100.0,246.5,2916.0,1.48,37.1,14.97,7.01,36.03,28.990000000000002,0.0,241.0,1200.0
9482.453,0.0,140.0,89.60000000000001,22.71,16.02,173.0,33.65,152.6,29.28,33.61,34.15,94.5,15.75,57.0,99.9,247.5,2911.0,1.22,37.0,15.01,7.03,36.04,28.98,1.0,245.5,1200.0
9542.453,0.0,140.0,89.4,22.68,15.950000000000001,172.5,33.800000000000004,151.70000000000002,29.21,33.52,34.050000000000004,91.5,15.600000000000001,57.300000000000004,99.60000000000001,245.0,2912.0,1.51,37.0,15.0,7.0200000000000005,36.0,28.96,0.0,245.5,1200.0
9602.452,0.0,140.0,89.5,22.7,16.0,174.0,33.65,150.4,29.240000000000002,33.56,34.2,91.5,15.8,57.400000000000006,100.0,243.0,2915.0,1.33,37.050000000000004,14.97,7.0,35.980000000000004,28.98,4.0,238.0,1200.0
9662.452,0.0,140.0,90.5,22.67,16.0,173.0,33.75,151.9,29.18,33.57,34.1,94.5,15.700000000000001,57.1,100.0,246.0,2914.0,1.55,36.95,15.030000000000001,6.97,36.06,28.95,0.0,241.5,1200.0
9722.452,0.0,140.0,90.9,22.69,15.97,171.0,33.65,152.0,29.22,33.55,34.050000000000004,93.0,15.75,56.900000000000006,99.80000000000001,244.0,2916.0,1.49,37.1,14.950000000000001,6.98,36.01,28.96,0.0,242.5,1200.0
9782.451,0.0,140.0,90.4,22.71,15.97,171.5,33.7,151.4,29.12,33.52,34.15,92.5,15.65,57.0,100.0,244.5,2913.0,1.55,37.300000000000004,15.09,6.99,35.95,28.97,0.0,240.0,1200.0
9842.451,0.0,140.0,90.9,22.66,15.99,173.0,33.550000000000004,152.3,29.1,33.49,34.0,91.5,15.700000000000001,56.900000000000006,100.0,241.5,2914.0,1.47,37.2,15.030000000000001,7.05,35.97,29.0,0.0,244.0,1200.0
9902.45,0.0,140.0,89.9,22.67,16.0,172.0,33.45,151.5,29.12,33.49,34.1,92.5,15.850000000000001,57.300000000000004,100.0,245.5,2904.0,1.4000000000000001,36.9,15.030000000000001,7.03,36.07,29.01,2.0,242.5,1200.0
9962.45,0.0,140.0,90.0,22.66,16.0,173.5,33.5,150.3,29.05,33.52,34.050000000000004,94.0,15.65,57.400000000000006,99.80000000000001,246.0,2905.0,1.34,37.1,15.0,7.04,36.0,29.0,0.0,241.5,1200.0
10022.449,0.0,140.0,90.80000000000001,22.650000000000002,15.94,173.0,33.7,152.5,29.09,33.44,33.95,93.0,15.75,57.0,99.9,245.0,2905.0,1.3,37.050000000000004,14.950000000000001,7.04,36.07,28.95,0.0,238.5,1200.0
10082.449,0.0,140.0,90.5,22.67,15.950000000000001,175.0,33.45,152.70000000000002,29.16,33.410000000000004,34.0,91.5,15.75,57.5,100.0,244.0,2905.0,1.34,36.800000000000004,14.97,7.05,35.99,28.900000000000002,0.0,246.0,1200.0
10142.449,0.0,140.0,90.60000000000001,22.61,15.99,175.0,33.550000000000004,152.4,29.14,33.43,34.1,92.0,15.75,57.5,99.7,242.5,2900.0,1.3900000000000001,36.95,14.97,7.01,36.03,29.01,0.0,237.5,1200.0
10202.448,0.0,140.0,90.10000000000001,22.67,16.05,171.5,33.6,151.0,29.07,33.38,33.9,93.5,15.700000000000001,57.0,99.7,241.5,2904.0,1.43,36.95,14.99,6.95,35.94,29.07,1.0,248.0,1200.0
10262.448,0.0,140.0,90.4,22.66,16.04,171.0,33.5,151.1,29.04,33.38,33.85,91.5,15.600000000000001,57.2,99.80000000000001,247.0,2896.0,1.49,37.050000000000004,15.05,6.96,35.94,28.89,0.0,241.5,1200.0
10322.447,0.0,140.0,91.30000000000001,22.62,16.06,172.0,33.6,152.6,29.080000000000002,33.42,33.85,93.5,15.75,57.300000000000004,99.9,240.0,2900.0,1.3800000000000001,36.85,14.97,7.03,36.04,29.14,1.0,243.5,1200.0
10382.447,0.0,140.0,91.2,22.62,16.05,174.5,33.45,151.8,29.03,33.37,33.85,93.5,15.8,57.1,100.0,245.0,2899.0,1.25,36.85,14.98,7.08,36.03,28.990000000000002,1.0,245.0,1200.0
10442.446,0.0,140.0,92.10000000000001,22.580000000000002,15.97,171.0,33.45,153.0,28.97,33.38,34.0,89.5,15.65,57.1,100.0,243.5,2901.0,1.46,36.85,15.05,7.0,35.910000000000004,29.03,1.0,240.0,1200.0
10502.446,0.0,140.0,89.9,22.56,15.99,172.0,33.5,151.6,29.1,33.39,33.85,92.0,15.8,56.6,100.0,241.5,2898.0,1.5,36.7,15.05,7.01,36.050000000000004,28.98,1.0,241.5,1200.0
10562.446,0.0,140.0,91.2,22.650000000000002,15.94,173.0,33.4,151.0,29.07,33.4,33.800000000000004,93.0,15.75,57.300000000000004,99.9,241.5,2894.0,1.44,36.7,14.98,7.03,35.95,28.990000000000002,0.0,242.0,1200.0
10622.445,0.0,140.0,91.9,22.63,16.02,173.0,33.5,151.9,29.080000000000002,33.35,33.7,91.5,15.65,57.7,100.0,241.5,2900.0,1.24,36.65,14.99,6.95,36.03,29.060000000000002,0.0,245.0,1200.0
10682.445,0.0,140.0,91.60000000000001,22.66,15.99,173.0,33.45,151.0,29.0,33.28,33.85,91.0,15.75,57.300000000000004,99.80000000000001,240.5,2900.0,1.53,36.85,14.98,7.0200000000000005,36.0,28.97,1.0,241.5,1200.0
10742.444,0.0,140.0,89.4,22.66,15.99,172.5,33.4,151.5,29.0,33.34,33.9,94.0,15.8,57.400000000000006,99.7,240.5,2899.0,1.52,36.800000000000004,14.96,6.99,36.04,29.11,0.0,240.5,1200.0
10802.444,0.0,140.0,90.7,22.66,16.04,174.5,33.5,149.6,29.05,33.29,33.9,93.0,15.8,57.6,100.0,238.5,2898.0,1.31,36.7,14.97,6.92,35.95,29.04,2.0,239.0,1200.0
10862.443,0.0,140.0,91.5,22.68,15.950000000000001,171.5,33.35,151.9,29.04,33.33,33.800000000000004,92.0,15.700000000000001,57.300000000000004,99.80000000000001,239.5,2898.0,1.29,36.800000000000004,15.08,7.0600000000000005,36.09,29.02,0.0,240.0,1200.0
10922.443,0.0,140.0,90.60000000000001,22.61,15.94,171.0,33.6,151.6,29.05,33.31,33.75,96.5,15.600000000000001,57.300000000000004,100.0,244.0,2894.0,1.32,36.6,15.0,7.0200000000000005,35.93,28.95,0.0,242.0,1200.0
10982.443,0.0,140.0,90.7,22.580000000000002,16.02,174.0,33.65,150.6,29.05,33.4,33.800000000000004,92.5,15.8,56.6,99.30000000000001,242.5,2896.0,1.3800000000000001,36.75,14.950000000000001,7.05,36.01,28.95,0.0,243.5,1200.0
11042.442,0.0,140.0,90.0,22.57,16.07,173.5,33.45,151.8,29.04,33.36,33.9,92.5,15.8,56.800000000000004,99.80000000000001,239.0,2899.0,1.45,36.95,14.950000000000001,6.95,35.99,29.060000000000002,1.0,244.0,1200.0
11102.442,0.0,140.0,92.30000000000001,22.61,15.92,173.5,33.5,150.8,29.03,33.32,33.9,94.0,15.700000000000001,57.400000000000006,100.0,238.5,2899.0,1.43,36.9,15.0,7.04,35.88,29.0,3.0,238.0,1200.0
11162.441,0.0,140.0,91.9,22.67,16.03,170.5,33.5,152.4,29.03,33.410000000000004,33.95,91.5,15.8,57.0,100.0,241.5,2896.0,1.48,36.75,15.01,6.91,35.96,29.060000000000002,0.0,240.0,1200.0
11222.441,0.0,140.0,91.60000000000001,22.72,16.03,173.5,33.550000000000004,150.70000000000002,29.150000000000002,33.36,34.050000000000004,94.5,15.8,56.6,99.60000000000001,246.5,2901.0,1.31,36.75,14.99,6.97,35.99,28.96,0.0,240.5,1200.0
11282.44,0.0,140.0,90.2,22.63,15.97,172.0,33.6,152.4,29.1,33.39,33.85,91.5,15.700000000000001,57.2,99.7,241.5,2909.0,1.54,36.85,15.01,7.0200000000000005,35.96,28.95,0.0,242.0,1200.0
11342.44,0.0,140.0,93.2,22.580000000000002,16.02,171.0,33.6,151.20000000000002,29.11,33.49,33.9,93.0,15.65,57.400000000000006,100.0,242.0,2901.0,1.34,36.85,15.07,7.04,36.02,28.900000000000002,0.0,242.0,1200.0
11402.44,0.0,140.0,92.30000000000001,22.66,16.01,173.5,33.5,152.70000000000002,29.16,33.42,34.0,93.5,15.700000000000001,57.300000000000004,100.0,241.0,2905.0,1.3900000000000001,36.85,14.96,7.0600000000000005,36.01,28.990000000000002,3.0,245.0,1200.0
11462.439,0.0,140.0,92.10000000000001,22.64,15.9,172.0,33.550000000000004,151.9,29.060000000000002,33.39,34.0,90.5,15.65,56.7,100.0,241.5,2912.0,1.33,36.95,15.05,6.99,35.96,29.07,0.0,244.5,1200.0
11522.439,0.0,140.0,90.4,22.64,16.07,173.0,33.550000000000004,151.70000000000002,29.14,33.42,33.95,92.0,15.700000000000001,57.0,99.7,239.5,2904.0,1.33,36.65,14.99,7.01,36.01,28.97,0.0,239.5,1200.0
11582.438,0.0,140.0,91.10000000000001,22.67,16.0,172.0,33.550000000000004,151.4,29.240000000000002,33.39,34.1,92.5,15.75,57.0,100.0,243.0,2906.0,1.32,36.800000000000004,15.05,7.01,36.01,28.96,2.0,240.5,1200.0
11642.438,0.0,140.0,91.30000000000001,22.57,16.03,171.0,33.550000000000004,152.3,29.11,33.47,34.1,92.5,15.8,56.7,100.0,239.5,2907.0,1.3,36.95,14.98,7.0600000000000005,35.95,29.07,0.0,242.0,1200.0
11702.438,0.0,140.0,91.4,22.69,15.97,172.0,33.65,149.4,29.080000000000002,33.47,33.95,92.5,15.65,56.7,99.80000000000001,243.0,2909.0,1.37,36.9,14.99,7.01,35.910000000000004,28.95,1.0,240.5,1200.0
11762.437,0.0,140.0,92.2,22.64,15.950000000000001,173.5,33.7,151.20000000000002,29.21,33.480000000000004,34.050000000000004,92.0,15.65,57.400000000000006,99.9,247.5,2904.0,1.41,36.9,15.01,6.99,35.94,29.0,0.0,242.5,1200.0
11822.437,0.0,140.0,90.30000000000001,22.61,15.98,172.5,33.65,150.70000000000002,29.13,33.410000000000004,34.050000000000004,93.0,15.700000000000001,56.900000000000006,99.9,241.0,2903.0,1.41,36.800000000000004,14.98,7.05,35.95,29.07,0.0,241.0,1200.0
11882.436,0.0,140.0,91.5,22.67,15.99,173.5,33.6,152.0,29.18,33.44,33.9,93.5,15.700000000000001,56.7,99.7,241.0,2902.0,1.54,37.0,15.040000000000001,7.03,35.99,28.96,0.0,243.5,1200.0
11942.436,0.0,140.0,90.7,22.59,16.03,173.5,33.550000000000004,151.5,29.11,33.4,33.85,93.0,15.700000000000001,57.6,99.60000000000001,244.0,2907.0,1.35,36.800000000000004,14.98,7.03,36.02,28.95,0.0,239.5,1200.0
12002.436,0.0,140.0,91.9,22.68,16.03,172.5,33.65,151.3,29.11,33.43,34.0,94.0,15.8,57.400000000000006,100.0,242.0,2906.0,1.6400000000000001,36.85,14.98,6.99,36.06,28.98,0.0,245.5,1200.0
12062.435,0.0,140.0,90.80000000000001,22.69,16.02,171.0,33.6,151.4,29.16,33.49,33.95,93.5,15.850000000000001,57.300000000000004,99.80000000000001,243.0,2906.0,1.27,36.95,15.01,7.0200000000000005,35.95,28.900000000000002,1.0,241.5,1200.0
12122.435,0.0,140.0,92.10000000000001,22.63,16.0,172.5,33.75,152.4,29.16,33.51,34.0,94.0,15.8,57.400000000000006,99.7,241.5,2906.0,1.33,36.9,15.0,7.01,35.980000000000004,29.060000000000002,1.0,245.5,1200.0
12182.434,0.0,140.0,90.10000000000001,22.72,16.06,170.5,33.550000000000004,153.20000000000002,29.11,33.46,33.85,92.0,15.700000000000001,57.0,99.60000000000001,240.5,2904.0,1.53,36.95,14.99,7.0,35.99,29.01,0.0,241.5,1200.0
12242.434,0.0,140.0,90.80000000000001,22.650000000000002,16.02,173.5,33.550000000000004,151.70000000000002,29.23,33.53,34.0,92.0,15.75,57.300000000000004,100.0,241.0,2908.0,1.44,36.7,14.950000000000001,6.93,35.93,28.990000000000002,0.0,240.5,1200.0
12302.434,0.0,140.0,91.2,22.580000000000002,15.94,174.0,33.75,151.9,29.17,33.4,33.95,91.5,15.700000000000001,57.800000000000004,100.0,245.5,2908.0,1.3800000000000001,37.050000000000004,15.030000000000001,6.93,36.04,29.07,1.0,243.0,1200.0
12362.433,0.0,140.0,92.30000000000001,22.66,15.98,173.5,33.6,150.3,29.19,33.53,34.0,92.5,15.75,57.400000000000006,99.80000000000001,238.5,2913.0,1.47,36.9,15.01,6.99,35.980000000000004,28.990000000000002,0.0,244.5,1200.0
12422.433,0.0,140.0,91.30000000000001,22.62,15.99,173.0,33.65,151.3,29.150000000000002,33.49,34.050000000000004,91.0,15.75,57.2,100.0,242.5,2908.0,1.3800000000000001,37.1,15.01,6.96,35.92,29.060000000000002,0.0,246.5,1200.0
12482.433,0.0,140.0,90.4,22.69,16.15,170.0,33.85,152.9,29.2,33.57,34.050000000000004,93.0,15.8,57.300000000000004,100.0,245.0,2908.0,1.42,37.050000000000004,14.98,6.98,36.01,28.96,2.0,246.5,1200.0
12542.432,0.0,140.0,90.0,22.67,16.02,173.5,33.65,151.8,29.2,33.54,34.0,93.0,15.850000000000001,56.5,99.80000000000001,244.0,2917.0,1.4000000000000001,36.95,14.98,6.94,36.09,29.04,1.0,244.0,1200.0
12602.432,0.0,140.0,90.7,22.64,16.04,171.5,33.550000000000004,152.0,29.25,33.43,34.0,93.5,15.75,57.2,99.30000000000001,244.0,2912.0,1.3800000000000001,36.95,15.11,7.01,35.96,28.98,0.0,244.5,1200.0
12662.431,0.0,140.0,91.4,22.6,15.98,171.5,33.7,151.6,29.27,33.57,34.1,93.0,15.8,57.1,100.0,242.5,2913.0,1.48,36.9,15.120000000000001,7.0,36.02,28.98,0.0,244.0,1200.0
12722.431,0.0,140.0,90.10000000000001,22.72,16.05,173.0,33.75,150.1,29.2,33.61,34.050000000000004,91.5,15.65,56.6,100.0,243.5,2913.0,1.44,36.95,14.99,7.0200000000000005,35.97,29.03,3.0,247.0,1200.0
12782.431,0.0,140.0,91.4,22.62,16.03,172.5,33.75,153.3,29.28,33.62,34.050000000000004,94.0,15.75,57.2,100.0,246.5,2916.0,1.3,36.95,15.030000000000001,7.05,35.96,28.990000000000002,0.0,244.5,1200.0
12842.43,0.0,140.0,91.10000000000001,22.67,16.0,173.0,33.7,152.3,29.28,33.61,34.15,90.5,15.700000000000001,56.6,100.0,248.0,2917.0,1.44,37.0,15.02,7.04,35.93,29.060000000000002,0.0,242.0,1200.0
12902.43,0.0,140.0,90.60000000000001,22.62,16.02,174.0,33.9,151.1,29.27,33.52,34.2,93.0,15.75,57.5,99.9,251.0,2915.0,1.46,37.1,15.0,7.01,35.96,28.98,0.0,242.5,1200.0
12962.429,0.0,140.0,90.60000000000001,22.71,15.950000000000001,171.5,33.6,151.0,29.3,33.65,34.0,94.0,15.600000000000001,57.300000000000004,100.0,243.5,2915.0,1.43,37.050000000000004,15.01,7.0,35.92,28.96,0.0,243.0,1200.0
13022.429,0.0,140.0,91.80000000000001,22.67,16.0,173.5,33.65,152.9,29.29,33.57,34.300000000000004,92.5,15.8,57.400000000000006,100.0,246.0,2914.0,1.25,37.0,14.97,7.07,36.09,28.98,1.0,247.5,1200.0
13082.429,0.0,140.0,92.60000000000001,22.66,16.0,171.5,33.7,150.0,29.3,33.64,34.25,90.5,15.850000000000001,57.0,100.0,241.5,2912.0,1.32,37.0,14.99,7.05,36.01,28.89,1.0,244.0,1200.0
13142.428,0.0,140.0,90.9,22.69,15.96,174.5,33.65,150.8,29.310000000000002,33.68,34.2,93.0,15.8,57.0,99.9,244.5,2919.0,1.44,37.050000000000004,15.0,7.1000000000000005,36.01,28.87,2.0,246.0,1200.0
13202.428,0.0,140.0,91.5,22.69,16.03,173.5,33.7,152.70000000000002,29.3,33.7,34.35,92.5,15.75,56.6,100.0,242.5,2922.0,1.52,37.2,15.040000000000001,7.05,36.06,28.96,3.0,248.5,1200.0
13262.428,0.0,140.0,89.4,22.75,16.0,171.0,33.800000000000004,151.9,29.43,33.59,34.15,92.5,15.75,56.900000000000006,100.0,248.5,2921.0,1.4000000000000001,37.0,14.98,7.03,36.04,29.0,1.0,248.5,1200.0
13322.427,0.0,140.0,90.60000000000001,22.7,15.99,174.0,33.75,151.0,29.27,33.71,34.25,94.5,15.75,57.400000000000006,99.9,247.0,2922.0,1.43,37.2,15.01,7.0200000000000005,36.04,28.990000000000002,0.0,247.5,1200.0
13382.427,0.0,140.0,91.80000000000001,22.650000000000002,15.96,173.5,33.85,149.8,29.36,33.64,34.0,94.5,15.850000000000001,56.900000000000006,99.80000000000001,245.0,2918.0,1.36,37.1,15.07,7.0200000000000005,35.95,29.0,0.0,247.5,1200.0
13442.427,0.0,140.0,90.4,22.650000000000002,16.0,175.5,33.85,150.5,29.36,33.64,34.15,93.0,15.700000000000001,57.2,99.60000000000001,250.5,2918.0,1.47,37.2,15.02,7.03,35.96,28.98,0.0,246.0,1200.0
13502.426,0.0,140.0,91.5,22.63,16.04,174.0,33.85,153.20000000000002,29.32,33.730000000000004,34.15,94.5,15.65,57.1,99.9,243.5,2919.0,1.55,37.2,14.99,6.98,36.01,28.97,0.0,249.0,1200.0
13562.426,0.0,140.0,90.80000000000001,22.67,16.02,174.0,33.7,150.8,29.330000000000002,33.65,34.2,92.5,15.75,56.900000000000006,100.0,248.5,2917.0,1.37,37.2,15.02,7.01,36.02,29.01,0.0,249.5,1200.0
13622.425,0.0,140.0,89.9,22.72,15.99,175.5,33.800000000000004,150.4,29.3,33.78,34.300000000000004,91.0,15.65,56.7,100.0,247.0,2919.0,1.34,37.0,15.01,6.98,35.980000000000004,29.01,0.0,246.5,1200.0
13682.425,0.0,140.0,90.2,22.7,15.91,173.5,33.800000000000004,151.8,29.38,33.67,34.300000000000004,94.0,15.75,57.2,100.0,247.0,2927.0,1.51,37.2,15.02,6.98,35.980000000000004,28.87,0.0,250.0,1200.0
13742.425,0.0,140.0,90.9,22.75,16.01,177.5,33.7,150.1,29.45,33.77,34.25,92.5,15.850000000000001,57.5,100.0,247.0,2925.0,1.49,37.1,14.98,6.99,35.97,28.98,3.0,247.5,1200.0
13802.424,0.0,140.0,89.30000000000001,22.66,15.99,176.0,33.85,151.3,29.330000000000002,33.67,34.300000000000004,92.5,15.75,56.900000000000006,100.0,247.5,2931.0,1.31,37.4,15.0,6.99,36.03,28.990000000000002,0.0,246.0,1200.0
13862.424,0.0,140.0,93.0,22.68,16.01,175.0,33.9,150.6,29.39,33.67,34.2,93.0,15.700000000000001,56.900000000000006,99.80000000000001,250.0,2929.0,1.3,37.25,15.05,7.0200000000000005,36.04,28.96,0.0,250.0,1200.0
13922.424,0.0,140.0,90.4,22.7,16.03,175.0,33.85,151.6,29.42,33.730000000000004,34.15,92.5,15.700000000000001,57.0,100.0,247.0,2920.0,1.36,37.2,14.9,6.95,35.980000000000004,28.97,0.0,245.0,1200.0
13982.423,0.0,140.0,90.80000000000001,22.67,15.99,174.5,33.9,151.70000000000002,29.400000000000002,33.730000000000004,34.15,93.5,15.700000000000001,56.400000000000006,100.0,242.5,2926.0,1.33,37.1,15.030000000000001,7.0,36.06,29.060000000000002,0.0,247.5,1200.0
14042.423,0.0,140.0,90.0,22.73,15.950000000000001,176.0,33.75,150.6,29.37,33.71,34.2,93.0,15.65,57.300000000000004,100.0,251.5,2926.0,1.56,37.15,14.97,6.94,36.03,29.07,0.0,247.5,1200.0
14102.423,0.0,140.0,92.0,22.68,16.03,174.5,33.800000000000004,150.5,29.38,33.77,34.25,92.5,15.65,57.400000000000006,99.80000000000001,249.5,2924.0,1.3900000000000001,37.4,14.950000000000001,7.01,36.0,29.05,0.0,246.5,1200.0
14162.422,0.0,140.0,90.30000000000001,22.67,15.97,173.0,33.7,151.8,29.39,33.79,34.25,90.5,15.75,56.900000000000006,100.0,246.5,2925.0,1.37,37.25,15.01,7.0200000000000005,36.02,29.04,2.0,247.0,1200.0
14222.422,0.0,140.0,91.7,22.68,16.0,173.0,33.75,150.4,29.37,33.8,34.1,92.0,15.950000000000001,56.6,100.0,247.5,2928.0,1.49,37.050000000000004,15.1,7.03,36.02,28.93,0.0,254.5,1200.0
14282.422,0.0,140.0,93.4,22.69,16.04,174.0,33.85,149.20000000000002,29.44,33.69,34.15,94.0,15.700000000000001,56.5,99.5,247.0,2927.0,1.31,37.2,15.06,7.01,36.02,29.0,0.0,247.5,1200.0
14342.421,0.0,140.0,91.80000000000001,22.69,15.94,173.5,33.9,150.20000000000002,29.400000000000002,33.78,34.4,90.5,15.5,57.1,100.0,246.0,2925.0,1.35,37.2,15.08,7.0200000000000005,36.02,29.03,0.0,248.0,1200.0
14402.421,0.0,140.0,90.10000000000001,22.57,16.09,174.5,33.95,152.5,29.45,33.78,34.300000000000004,93.0,15.75,57.1,100.0,251.5,2926.0,1.45,37.300000000000004,14.99,6.98,35.94,28.98,0.0,246.0,1200.0
14462.42,0.0,140.0,90.4,22.63,15.97,174.0,33.75,151.20000000000002,29.47,33.79,34.4,93.5,15.65,56.400000000000006,100.0,250.0,2924.0,1.24,37.050000000000004,14.99,6.99,35.93,28.95,0.0,243.0,1200.0
14522.42,0.0,140.0,91.2,22.63,15.99,174.0,34.050000000000004,150.8,29.42,33.78,34.2,91.5,15.700000000000001,57.1,100.0,247.5,2927.0,1.34,37.15,14.97,7.08,35.96,28.96,0.0,244.0,1200.0
14582.42,0.0,140.0,90.4,22.59,15.99,174.5,33.800000000000004,151.5,29.42,33.68,34.300000000000004,91.5,15.75,56.7,100.0,245.0,2923.0,1.3800000000000001,37.050000000000004,15.06,6.95,36.03,29.01,0.0,246.5,1200.0
14642.419,0.0,140.0,90.4,22.68,16.03,174.5,34.0,151.0,29.38,33.72,34.300000000000004,90.5,15.700000000000001,57.0,100.0,246.0,2925.0,1.53,37.300000000000004,14.94,7.04,35.99,28.91,0.0,244.0,1200.0
14702.419,0.0,140.0,90.9,22.66,16.05,176.0,33.9,151.6,29.37,33.69,34.35,94.0,15.8,57.2,100.0,249.0,2927.0,1.41,37.2,15.0,6.95,36.03,28.94,0.0,251.0,1200.0
14762.419,0.0,140.0,93.5,22.59,15.94,173.5,33.95,150.70000000000002,29.29,33.72,34.300000000000004,93.0,15.700000000000001,56.7,100.0,244.5,2923.0,1.52,37.25,14.96,7.03,36.03,29.14,1.0,245.5,1200.0
14822.418,0.0,140.0,88.9,22.71,15.89,174.0,33.85,151.0,29.45,33.7,34.25,94.0,15.600000000000001,56.6,100.0,251.0,2919.0,1.37,37.1,14.950000000000001,7.0,36.04,28.93,0.0,246.5,1200.0
14882.418,0.0,140.0,91.4,22.71,16.02,175.0,33.800000000000004,152.4,29.38,33.6,34.2,93.0,15.700000000000001,56.900000000000006,99.80000000000001,244.0,2921.0,1.26,37.050000000000004,15.0,6.95,36.04,29.080000000000002,1.0,245.5,1200.0
14942.418,0.0,140.0,91.9,22.71,15.93,175.0,33.9,151.70000000000002,29.48,33.69,34.2,93.0,15.8,56.2,100.0,247.0,2923.0,1.42,37.15,14.98,7.09,35.99,28.900000000000002,0.0,247.5,1200.0
15002.417,0.0,140.0,90.5,22.67,16.03,173.0,33.800000000000004,152.20000000000002,29.490000000000002,33.730000000000004,34.4,93.0,15.700000000000001,56.6,100.0,247.0,2929.0,1.52,37.25,15.01,7.07,35.99,28.92,0.0,244.5,1200.0
15062.417,0.0,140.0,90.80000000000001,22.68,15.98,175.0,33.95,152.0,29.38,33.75,34.35,92.0,15.75,56.6,100.0,248.5,2928.0,1.36,37.2,15.01,6.93,35.88,29.04,1.0,249.0,1200.0
15122.417,0.0,140.0,92.10000000000001,22.650000000000002,15.99,174.5,33.800000000000004,152.0,29.35,33.730000000000004,34.35,92.0,15.850000000000001,56.7,99.80000000000001,251.0,2929.0,1.3900000000000001,37.25,14.99,6.92,36.01,29.0,1.0,242.5,1200.0
15182.416,0.0,140.0,91.4,22.56,16.01,174.0,33.85,150.70000000000002,29.5,33.75,34.300000000000004,93.0,15.75,57.1,100.0,248.5,2926.0,1.43,37.050000000000004,15.01,7.01,36.04,28.97,1.0,240.5,1200.0
15242.416,0.0,140.0,89.9,22.650000000000002,16.01,174.5,33.800000000000004,150.70000000000002,29.39,33.75,34.300000000000004,93.0,15.75,56.800000000000004,100.0,247.5,2928.0,1.28,37.300000000000004,14.98,7.03,35.97,29.080000000000002,3.0,248.0,1200.0
15302.416,0.0,140.0,91.4,22.6,16.02,175.5,33.95,150.70000000000002,29.37,33.8,34.25,94.0,15.75,56.6,100.0,249.5,2927.0,1.42,37.2,15.02,6.97,35.97,28.98,1.0,241.5,1200.0
15362.415,0.0,140.0,90.2,22.69,15.97,173.0,34.1,151.20000000000002,29.37,33.77,34.25,91.5,15.65,57.0,100.0,242.5,2924.0,1.44,37.2,15.040000000000001,7.12,36.04,29.03,1.0,250.0,1200.0
15422.415,0.0,140.0,89.60000000000001,22.67,15.98,175.0,33.95,150.6,29.5,33.82,34.35,91.0,15.65,56.7,99.5,250.0,2922.0,1.29,37.35,14.950000000000001,6.890000000000001,35.99,28.93,1.0,241.5,1200.0
15482.415,0.0,140.0,91.5,22.650000000000002,16.02,174.0,33.95,151.3,29.48,33.83,34.45,93.5,15.8,56.5,99.5,245.5,2930.0,1.3800000000000001,37.1,14.98,7.0200000000000005,35.980000000000004,28.990000000000002,2.0,248.5,1200.0
15542.414,0.0,140.0,91.10000000000001,22.62,16.03,174.0,33.95,151.70000000000002,29.52,33.88,34.300000000000004,93.0,15.75,56.900000000000006,100.0,250.5,2927.0,1.41,37.1,15.02,6.94,35.96,29.0,3.0,245.5,1200.0
15602.414,0.0,140.0,89.10000000000001,22.61,15.97,174.5,33.95,152.20000000000002,29.47,33.71,34.35,93.0,15.65,56.800000000000004,100.0,247.0,2931.0,1.29,37.15,14.950000000000001,7.0,36.06,28.95,0.0,245.0,1200.0
15662.414,0.0,140.0,88.80000000000001,22.69,15.99,174.0,34.0,151.70000000000002,29.52,33.8,34.4,93.0,15.65,56.6,100.0,252.5,2928.0,1.25,37.25,15.02,6.97,36.07,28.97,0.0,242.5,1200.0
15722.413,0.0,140.0,90.2,22.66,16.04,174.5,33.95,151.4,29.5,33.84,34.35,94.5,15.700000000000001,56.5,99.9,244.5,2933.0,1.47,37.25,14.94,6.94,36.08,29.0,0.0,244.5,1200.0
15782.413,0.0,140.0,90.5,22.64,15.99,174.5,33.95,149.9,29.580000000000002,33.84,34.4,93.0,15.700000000000001,56.300000000000004,100.0,248.0,2932.0,1.41,37.300000000000004,15.0,7.0200000000000005,35.980000000000004,29.02,0.0,249.0,1200.0
15842.413,0.0,140.0,91.30000000000001,22.63,15.950000000000001,174.0,34.0,151.9,29.6,33.89,34.35,93.5,15.600000000000001,56.300000000000004,100.0,243.5,2937.0,1.37,37.15,15.030000000000001,7.07,35.97,28.94,0.0,250.5,1200.0
15902.412,0.0,140.0,91.60000000000001,22.64,16.06,174.0,34.050000000000004,151.70000000000002,29.64,33.9,34.45,90.5,15.700000000000001,56.300000000000004,100.0,250.5,2936.0,1.4000000000000001,37.25,15.02,7.03,36.04,29.03,1.0,249.0,1200.0
15962.412,0.0,140.0,91.2,22.580000000000002,16.03,176.0,34.0,150.6,29.59,33.86,34.5,91.0,15.8,56.7,100.0,253.0,2937.0,1.31,37.2,14.96,7.0200000000000005,35.93,29.03,1.0,250.0,1200.0
16022.412,0.0,140.0,92.0,22.580000000000002,16.080000000000002,178.0,34.050000000000004,149.9,29.62,33.89,34.550000000000004,91.5,15.65,56.7,100.0,249.0,2935.0,1.48,37.25,15.01,7.01,36.0,29.01,0.0,246.0,1200.0
16082.412,0.0,140.0,91.10000000000001,22.59,15.99,177.0,33.9,152.20000000000002,29.61,33.87,34.4,91.5,15.65,56.5,99.60000000000001,249.0,2930.0,1.25,37.35,14.96,7.04,36.03,29.05,1.0,246.5,1200.0
16142.411,0.0,140.0,91.5,22.66,16.0,174.5,34.1,152.20000000000002,29.63,34.05,34.45,94.5,15.700000000000001,56.2,99.9,249.0,2936.0,1.48,37.2,14.98,6.99,35.97,29.02,0.0,255.5,1200.0
16202.411,0.0,140.0,90.80000000000001,22.63,15.97,175.5,34.050000000000004,150.8,29.580000000000002,34.07,34.4,92.5,15.700000000000001,55.7,100.0,252.5,2942.0,1.42,37.300000000000004,15.0,7.05,36.01,28.98,1.0,252.0,1200.0
16262.411,0.0,140.0,91.7,22.580000000000002,16.04,175.0,34.1,150.20000000000002,29.7,33.97,34.45,93.5,15.65,55.900000000000006,99.7,246.5,2940.0,1.45,37.4,14.99,6.93,35.980000000000004,29.04,0.0,248.0,1200.0
16322.41,0.0,140.0,90.10000000000001,22.54,16.01,174.5,34.0,151.1,29.69,33.85,34.6,93.0,15.8,55.900000000000006,99.4,249.5,2941.0,1.41,37.45,14.950000000000001,7.0,35.9,29.060000000000002,0.0,251.5,1200.0
16382.41,0.0,140.0,91.4,22.6,15.94,176.0,34.050000000000004,152.5,29.61,33.85,34.45,90.5,15.8,56.5,99.5,250.5,2940.0,1.3,37.45,14.99,6.98,35.96,29.01,1.0,251.5,1200.0
16442.41,0.0,140.0,92.2,22.61,15.9,175.0,34.1,152.20000000000002,29.650000000000002,34.0,34.65,92.5,15.55,56.1,99.9,251.5,2937.0,1.22,37.5,14.96,6.87,35.99,29.03,2.0,250.5,1200.0
16502.409,0.0,140.0,92.0,22.6,15.99,174.0,34.0,151.4,29.580000000000002,33.910000000000004,34.550000000000004,95.0,15.8,56.6,100.0,249.0,2941.0,1.3900000000000001,37.35,15.040000000000001,6.95,36.0,29.060000000000002,1.0,249.0,1200.0
16562.409,0.0,140.0,91.10000000000001,22.650000000000002,16.04,175.5,34.0,151.70000000000002,29.72,34.02,34.45,94.5,15.8,56.900000000000006,99.9,246.0,2936.0,1.48,37.4,15.02,7.0200000000000005,36.02,29.03,0.0,250.5,1200.0
16622.409,0.0,140.0,90.9,22.72,16.03,175.5,34.0,151.4,29.64,34.03,34.550000000000004,93.0,15.8,56.2,100.0,250.0,2939.0,1.3,37.35,15.05,7.01,36.050000000000004,28.98,0.0,249.0,1200.0
16682.408,0.0,140.0,92.4,22.580000000000002,15.93,177.0,34.050000000000004,152.70000000000002,29.52,34.01,34.65,92.0,15.850000000000001,56.5,99.9,248.5,2936.0,1.6300000000000001,37.35,14.96,7.01,35.97,29.03,0.0,248.5,1200.0
16742.408,0.0,140.0,91.2,22.68,16.04,177.5,34.0,152.20000000000002,29.61,34.0,34.550000000000004,91.5,15.700000000000001,56.7,99.60000000000001,252.5,2939.0,1.3900000000000001,37.4,15.0,6.99,36.04,28.97,0.0,249.0,1200.0
16802.408,0.0,140.0,91.0,22.66,16.02,175.5,34.15,151.9,29.62,33.84,34.4,93.0,15.75,56.6,99.80000000000001,251.5,2938.0,1.42,37.4,15.01,7.05,35.980000000000004,29.03,0.0,248.5,1200.0
16862.407,0.0,140.0,91.0,22.67,16.02,174.0,34.050000000000004,151.9,29.6,33.980000000000004,34.35,93.0,15.9,56.1,100.0,245.5,2939.0,1.4000000000000001,37.4,15.040000000000001,7.03,35.95,29.01,0.0,248.5,1200.0
16922.407,0.0,140.0,90.4,22.64,15.98,174.0,34.050000000000004,153.4,29.68,33.83,34.4,92.0,15.8,56.2,99.80000000000001,244.0,2940.0,1.33,37.300000000000004,15.040000000000001,7.07,36.02,29.01,0.0,249.5,1200.0
16982.407,0.0,140.0,90.60000000000001,22.57,15.98,174.5,34.0,149.70000000000002,29.6,33.92,34.5,92.0,15.850000000000001,56.2,99.30000000000001,248.0,2935.0,1.3800000000000001,37.45,15.0,7.0600000000000005,36.050000000000004,28.97,1.0,250.5,1200.0
17042.407,0.0,140.0,89.2,22.62,16.02,176.5,33.800000000000004,151.3,29.63,33.89,34.300000000000004,90.0,15.9,56.300000000000004,100.0,244.5,2934.0,1.25,37.45,15.0,6.94,36.03,28.94,0.0,248.0,1200.0
17102.406,0.0,140.0,90.30000000000001,22.63,15.950000000000001,174.5,33.85,151.6,29.51,33.87,34.35,93.5,15.8,56.0,99.60000000000001,244.5,2928.0,1.32,37.35,15.01,6.96,35.980000000000004,29.080000000000002,0.0,250.5,1200.0
17162.406,0.0,140.0,89.5,22.59,16.03,172.5,33.9,150.4,29.54,33.86,34.4,94.5,15.600000000000001,56.400000000000006,100.0,247.0,2929.0,1.3900000000000001,37.35,14.97,7.0200000000000005,35.94,28.97,0.0,248.0,1200.0
17222.406,0.0,140.0,89.80000000000001,22.61,16.02,173.5,33.9,149.5,29.46,33.79,34.300000000000004,92.5,15.700000000000001,56.400000000000006,100.0,244.5,2925.0,1.3800000000000001,37.45,14.96,6.9,35.97,28.990000000000002,2.0,251.0,1200.0
17282.405,0.0,140.0,91.10000000000001,22.580000000000002,16.07,174.5,34.0,150.9,29.490000000000002,33.82,34.45,92.5,15.8,56.2,100.0,242.0,2925.0,1.21,37.35,15.030000000000001,6.96,36.02,29.03,0.0,248.0,1200.0
17342.405,0.0,140.0,92.4,22.62,15.98,173.5,33.85,149.5,29.55,33.730000000000004,34.300000000000004,92.0,15.600000000000001,56.800000000000004,99.7,242.5,2921.0,1.36,37.25,14.97,6.96,36.04,29.07,3.0,246.5,1200.0
17402.405,0.0,140.0,91.10000000000001,22.62,15.99,175.0,34.0,151.70000000000002,29.45,33.7,34.25,93.5,15.600000000000001,56.300000000000004,99.9,244.5,2926.0,1.3800000000000001,37.300000000000004,14.91,6.95,35.980000000000004,29.02,2.0,242.5,1200.0
17462.404,0.0,140.0,90.7,22.68,15.99,174.0,33.7,151.4,29.48,33.77,34.300000000000004,94.0,15.600000000000001,56.2,100.0,244.5,2921.0,1.3800000000000001,37.15,14.92,7.07,35.92,29.03,0.0,246.0,1200.0
17522.404,0.0,140.0,91.9,22.54,16.02,175.0,33.800000000000004,151.4,29.39,33.77,34.300000000000004,91.5,15.75,56.7,100.0,242.5,2919.0,1.4000000000000001,37.1,14.99,7.04,35.95,29.0,0.0,249.0,1200.0
17582.404,0.0,140.0,92.2,22.54,15.99,173.5,33.65,150.70000000000002,29.490000000000002,33.72,34.25,94.0,15.8,56.300000000000004,100.0,247.5,2922.0,1.36,37.35,15.05,6.96,35.96,29.14,1.0,243.0,1200.0
17642.404,0.0,140.0,91.0,22.650000000000002,16.02,176.0,33.800000000000004,152.3,29.42,33.68,34.25,92.5,15.8,56.5,100.0,245.0,2915.0,1.35,37.15,15.040000000000001,7.04,35.99,29.03,0.0,244.5,1200.0
17702.403,0.0,140.0,90.80000000000001,22.64,15.96,171.0,33.85,151.8,29.32,33.81,34.300000000000004,93.5,15.75,56.5,100.0,246.5,2914.0,1.42,37.1,15.05,6.94,36.0,29.03,0.0,244.5,1200.0
17762.403,0.0,140.0,90.7,22.64,15.94,175.5,33.9,152.1,29.42,33.7,34.15,92.0,15.65,56.1,100.0,243.0,2916.0,1.37,37.15,14.93,7.05,36.01,28.990000000000002,0.0,244.0,1200.0
17822.403,0.0,140.0,90.60000000000001,22.64,16.05,174.5,33.85,150.9,29.41,33.69,34.300000000000004,92.5,15.700000000000001,55.800000000000004,100.0,247.0,2918.0,1.24,37.1,15.01,6.96,36.0,28.96,1.0,244.5,1200.0
17882.402,0.0,140.0,91.30000000000001,22.64,15.94,173.5,33.85,152.20000000000002,29.400000000000002,33.660000000000004,34.35,93.0,15.75,56.5,100.0,243.5,2921.0,1.54,37.15,14.98,7.0600000000000005,35.95,28.900000000000002,0.0,247.0,1200.0
17942.402,0.0,140.0,93.0,22.61,16.080000000000002,174.0,33.85,150.9,29.38,33.74,34.2,91.5,15.700000000000001,56.6,100.0,244.0,2926.0,1.37,37.2,14.98,7.01,35.980000000000004,28.97,0.0,243.0,1200.0
18002.402,0.0,140.0,90.80000000000001,22.61,15.93,173.0,33.9,150.5,29.38,33.71,34.1,93.5,15.700000000000001,56.6,100.0,247.5,2915.0,1.4000000000000001,37.0,15.02,7.01,36.1,29.060000000000002,2.0,245.5,1200.0
18062.402,0.0,140.0,93.4,22.580000000000002,15.99,172.0,33.85,152.1,29.52,33.64,34.15,93.0,15.8,56.400000000000006,100.0,242.5,2920.0,1.34,37.2,14.96,6.98,35.9,29.080000000000002,2.0,249.0,1200.0
18122.401,0.0,140.0,92.10000000000001,22.62,15.97,172.5,33.7,150.70000000000002,29.39,33.55,34.25,93.5,15.75,56.300000000000004,100.0,241.0,2916.0,1.3,37.0,14.96,7.0600000000000005,36.04,29.02,1.0,243.0,1200.0
18182.401,0.0,140.0,91.60000000000001,22.57,16.04,174.0,33.7,151.3,29.34,33.52,34.25,92.0,15.75,56.400000000000006,99.80000000000001,245.5,2917.0,1.51,37.1,15.0,7.04,36.02,28.990000000000002,1.0,243.5,1200.0
18242.401,0.0,140.0,92.7,22.59,15.97,174.0,33.85,150.5,29.51,33.660000000000004,34.15,91.0,15.75,56.0,100.0,242.0,2917.0,1.41,37.050000000000004,14.92,6.93,35.97,28.98,0.0,243.5,1200.0
18302.4,0.0,140.0,91.7,22.650000000000002,16.01,170.0,33.9,151.3,29.29,33.58,34.35,92.0,15.8,56.6,100.0,244.5,2915.0,1.3,37.1,15.02,6.95,35.99,29.060000000000002,1.0,242.5,1200.0
18362.4,0.0,140.0,90.7,22.57,15.97,175.0,33.85,151.3,29.26,33.67,34.2,93.0,15.850000000000001,56.6,99.9,244.5,2913.0,1.26,37.15,15.0,7.0200000000000005,36.03,28.95,1.0,245.0,1200.0
18422.4,0.0,140.0,92.4,22.56,16.02,175.0,33.85,152.20000000000002,29.29,33.58,34.300000000000004,93.0,15.75,56.7,99.9,242.0,2913.0,1.41,37.0,14.96,7.03,35.980000000000004,29.01,0.0,244.0,1200.0
18482.4,0.0,140.0,89.80000000000001,22.57,15.950000000000001,175.0,33.75,152.4,29.34,33.730000000000004,34.050000000000004,93.0,15.700000000000001,56.2,99.9,245.5,2913.0,1.35,37.050000000000004,15.01,6.98,36.09,29.05,0.0,243.5,1200.0
18542.399,0.0,140.0,91.60000000000001,22.6,15.94,173.5,33.75,150.9,29.28,33.56,34.2,94.0,15.700000000000001,56.5,100.0,243.0,2913.0,1.52,37.050000000000004,15.01,6.99,36.050000000000004,29.02,1.0,244.0,1200.0
18602.399,0.0,140.0,91.10000000000001,22.59,16.080000000000002,172.0,33.65,150.1,29.28,33.57,34.050000000000004,92.0,15.75,56.2,100.0,246.0,2908.0,1.31,37.1,15.030000000000001,7.07,36.11,28.96,2.0,239.0,1200.0
18662.399,0.0,140.0,90.5,22.62,15.92,172.5,33.550000000000004,151.5,29.29,33.55,34.1,94.0,15.55,56.2,99.30000000000001,245.0,2906.0,1.52,37.050000000000004,15.01,7.0,36.03,28.990000000000002,2.0,245.5,1200.0
18722.398,0.0,140.0,92.0,22.6,16.03,172.5,33.65,149.9,29.23,33.54,34.1,93.0,15.8,56.900000000000006,99.80000000000001,243.0,2900.0,1.35,37.0,15.06,7.01,36.01,29.05,0.0,238.0,1200.0
18782.398,0.0,140.0,89.80000000000001,22.6,16.0,174.5,33.550000000000004,152.70000000000002,29.26,33.5,34.1,91.0,15.75,56.900000000000006,100.0,239.5,2902.0,1.31,37.0,15.01,7.0600000000000005,35.97,28.93,0.0,239.5,1200.0
18842.398,0.0,140.0,90.0,22.66,16.02,172.5,33.65,151.3,29.11,33.42,34.0,94.5,15.850000000000001,57.0,100.0,243.5,2900.0,1.35,36.95,14.99,6.98,36.02,29.060000000000002,1.0,246.5,1200.0
18902.398,0.0,140.0,91.5,22.59,15.96,171.5,33.550000000000004,151.9,29.17,33.410000000000004,34.050000000000004,94.0,15.8,56.6,100.0,240.5,2901.0,1.3900000000000001,37.0,15.02,7.04,36.03,29.03,0.0,241.0,1200.0
18962.397,0.0,140.0,93.0,22.62,16.0,173.0,33.6,150.5,29.11,33.38,34.0,92.5,15.75,56.900000000000006,100.0,241.5,2899.0,1.33,36.9,14.99,7.01,36.01,28.990000000000002,2.0,242.5,1200.0
19022.397,0.0,140.0,91.4,22.61,15.94,171.5,33.5,150.8,29.12,33.44,33.95,93.5,15.850000000000001,57.0,99.9,241.0,2897.0,1.4000000000000001,36.9,15.030000000000001,7.0600000000000005,35.96,29.060000000000002,0.0,235.0,1200.0
19082.397,0.0,140.0,91.2,22.6,15.96,174.0,33.550000000000004,152.3,29.1,33.410000000000004,33.95,95.5,15.65,57.1,100.0,239.5,2897.0,1.46,36.95,15.01,6.93,36.03,29.04,0.0,241.0,1200.0
19142.396,0.0,140.0,89.80000000000001,22.66,15.93,173.0,33.6,150.70000000000002,29.03,33.32,33.95,93.5,15.65,57.300000000000004,100.0,241.0,2898.0,1.45,36.800000000000004,14.99,7.0200000000000005,36.04,28.93,2.0,241.5,1200.0
19202.396,0.0,140.0,89.80000000000001,22.71,16.02,173.0,33.45,151.70000000000002,28.92,33.36,33.85,93.0,15.8,56.900000000000006,99.9,243.0,2894.0,1.34,36.800000000000004,15.030000000000001,6.96,36.03,29.03,0.0,237.0,1200.0
19262.396,0.0,140.0,90.9,22.64,15.98,173.5,33.300000000000004,152.5,28.93,33.34,33.800000000000004,92.5,15.75,57.5,99.80000000000001,240.0,2894.0,1.3900000000000001,36.800000000000004,14.99,7.0,36.12,28.990000000000002,0.0,237.5,1200.0
19322.396,0.0,140.0,91.80000000000001,22.67,16.02,170.5,33.45,151.1,29.12,33.230000000000004,34.1,93.5,15.8,57.300000000000004,100.0,239.5,2895.0,1.33,36.75,15.030000000000001,7.0200000000000005,36.04,28.97,1.0,241.5,1200.0
19382.395,0.0,140.0,90.2,22.62,15.99,170.5,33.4,154.20000000000002,28.990000000000002,33.29,33.800000000000004,94.0,15.700000000000001,57.2,99.60000000000001,241.5,2895.0,1.3,36.85,15.05,7.01,35.89,28.97,0.0,237.5,1200.0
19442.395,0.0,140.0,90.2,22.650000000000002,15.99,172.0,33.35,151.8,28.95,33.34,33.800000000000004,91.5,15.600000000000001,57.5,100.0,240.0,2894.0,1.58,36.9,14.96,7.05,35.96,28.97,2.0,244.0,1200.0
19502.395,0.0,140.0,89.80000000000001,22.61,16.02,173.5,33.45,150.5,29.02,33.31,33.85,93.0,15.700000000000001,57.0,100.0,238.0,2891.0,1.25,36.85,14.97,6.9,35.99,28.95,0.0,235.0,1200.0
19562.395,0.0,140.0,90.30000000000001,22.63,15.98,172.0,33.35,150.4,28.990000000000002,33.25,33.800000000000004,92.5,15.75,56.7,100.0,241.0,2891.0,1.4000000000000001,36.7,15.040000000000001,6.93,36.04,28.990000000000002,0.0,237.5,1200.0
19622.394,0.0,140.0,92.0,22.6,15.99,173.0,33.45,153.3,29.05,33.4,33.9,93.0,15.700000000000001,57.7,100.0,240.0,2893.0,1.44,36.75,15.05,7.0200000000000005,36.04,29.0,2.0,244.5,1200.0
19682.394,0.0,140.0,91.80000000000001,22.6,16.0,172.5,33.35,152.20000000000002,28.990000000000002,33.36,33.95,92.0,15.65,56.800000000000004,100.0,242.0,2893.0,1.3900000000000001,36.800000000000004,14.950000000000001,7.1000000000000005,35.95,28.96,1.0,242.0,1200.0
19742.394,0.0,140.0,90.5,22.69,16.0,171.0,33.45,152.4,28.97,33.45,34.050000000000004,92.0,15.75,57.400000000000006,100.0,237.5,2887.0,1.41,36.75,15.02,7.03,36.050000000000004,29.01,0.0,241.0,1200.0
19802.393,0.0,140.0,91.80000000000001,22.57,15.99,172.5,33.35,152.20000000000002,29.02,33.22,33.800000000000004,91.5,15.75,57.1,100.0,235.0,2895.0,1.28,36.75,14.98,6.93,35.94,29.04,0.0,237.0,1200.0
19862.393,0.0,140.0,90.10000000000001,22.5,15.98,171.5,33.4,151.0,29.01,33.35,33.95,91.5,15.700000000000001,56.900000000000006,100.0,238.0,2894.0,1.42,36.85,15.01,7.01,36.03,28.98,0.0,236.5,1200.0
19922.393,0.0,140.0,91.30000000000001,22.64,15.99,171.5,33.35,152.8,29.01,33.26,33.9,93.5,15.65,57.0,100.0,242.5,2893.0,1.27,36.75,14.97,7.0600000000000005,35.910000000000004,29.04,1.0,241.0,1200.0
19982.393,0.0,140.0,91.4,22.57,16.01,170.5,33.35,151.3,29.05,33.31,33.85,93.5,15.75,57.300000000000004,99.5,236.5,2892.0,1.3,36.65,15.06,6.99,35.95,29.1,1.0,236.5,1200.0
20042.392,0.0,140.0,89.80000000000001,22.64,15.96,173.0,33.6,152.1,29.09,33.4,33.9,92.5,15.700000000000001,56.900000000000006,100.0,239.5,2888.0,1.3900000000000001,36.75,15.0,6.98,36.07,28.86,0.0,242.5,1200.0
20102.392,0.0,140.0,90.30000000000001,22.59,16.0,171.0,33.550000000000004,151.5,29.150000000000002,33.27,33.7,92.5,15.700000000000001,56.5,100.0,241.0,2890.0,1.42,36.65,15.0,7.03,36.02,29.05,0.0,239.5,1200.0
20162.392,0.0,140.0,92.5,22.61,16.0,172.5,33.5,149.70000000000002,29.05,33.29,34.050000000000004,90.5,15.75,57.400000000000006,99.80000000000001,237.0,2892.0,1.42,36.65,15.01,7.0600000000000005,36.03,28.91,1.0,236.0,1200.0
20222.392,0.0,140.0,90.2,22.63,16.02,172.0,33.550000000000004,152.0,29.09,33.32,33.85,91.5,15.700000000000001,56.7,99.80000000000001,243.0,2895.0,1.27,36.7,14.91,7.0,35.95,29.0,0.0,236.0,1200.0
20282.391,0.0,140.0,90.10000000000001,22.59,16.06,171.0,33.550000000000004,150.0,29.09,33.3,34.0,93.0,15.75,57.300000000000004,100.0,241.5,2892.0,1.31,36.7,15.01,7.0,35.93,29.0,0.0,234.0,1200.0
20342.391,0.0,140.0,91.0,22.64,16.0,174.5,33.45,151.8,28.93,33.39,33.95,93.0,15.700000000000001,56.800000000000004,99.5,239.5,2892.0,1.34,36.7,15.09,7.03,35.94,29.01,1.0,237.5,1200.0
20402.391,0.0,140.0,91.30000000000001,22.67,16.04,170.5,33.45,150.70000000000002,29.05,33.31,33.9,91.5,15.65,56.7,100.0,239.0,2897.0,1.41,36.75,14.94,7.01,35.96,28.97,2.0,239.0,1200.0
20462.391,0.0,140.0,90.9,22.62,16.07,172.0,33.35,151.0,29.0,33.35,33.85,90.5,15.700000000000001,56.800000000000004,100.0,245.0,2894.0,1.35,36.75,15.07,7.0,35.95,28.89,0.0,239.5,1200.0
20522.39,0.0,140.0,91.30000000000001,22.69,15.950000000000001,173.5,33.6,150.4,29.02,33.21,33.95,91.5,15.600000000000001,57.0,100.0,240.5,2889.0,1.46,36.6,15.0,6.98,35.92,29.060000000000002,1.0,238.0,1200.0
20582.39,0.0,140.0,91.5,22.57,16.03,170.0,33.5,151.1,29.12,33.39,34.1,92.0,15.8,56.5,100.0,241.5,2890.0,1.47,36.75,15.1,7.0,36.01,29.05,3.0,236.5,1200.0
20642.39,0.0,140.0,92.10000000000001,22.62,15.93,170.0,33.45,151.3,29.060000000000002,33.39,33.9,94.5,15.8,56.7,99.7,239.0,2898.0,1.33,36.800000000000004,14.97,6.99,35.97,28.94,0.0,237.5,1200.0
20702.39,0.0,140.0,90.4,22.57,15.96,171.5,33.4,151.4,29.02,33.29,33.9,92.5,15.600000000000001,57.0,100.0,242.0,2894.0,1.29,36.75,14.98,6.94,35.93,28.95,0.0,244.0,1200.0
20762.389,0.0,140.0,91.5,22.63,15.93,170.5,33.45,150.4,28.93,33.38,33.800000000000004,93.5,15.850000000000001,56.900000000000006,100.0,240.0,2896.0,1.28,36.7,15.030000000000001,6.99,36.03,29.01,0.0,239.0,1200.0
20822.389,0.0,140.0,91.5,22.63,15.950000000000001,172.0,33.45,150.3,28.97,33.29,34.0,93.5,15.700000000000001,57.0,100.0,237.5,2892.0,1.3800000000000001,36.65,15.0,6.92,35.980000000000004,29.02,0.0,242.5,1200.0
20882.389,0.0,140.0,89.7,22.53,16.0,172.5,33.45,151.20000000000002,28.92,33.31,33.95,94.0,15.8,56.5,99.80000000000001,238.0,2891.0,1.35,36.800000000000004,15.06,6.97,36.01,29.01,0.0,238.5,1200.0
20942.389,0.0,140.0,90.9,22.580000000000002,15.97,170.5,33.550000000000004,150.5,28.94,33.32,33.85,92.0,15.700000000000001,56.800000000000004,100.0,241.0,2893.0,1.37,36.75,14.99,6.97,35.94,29.05,1.0,237.0,1200.0
21002.388,0.0,140.0,91.30000000000001,22.66,15.93,171.0,33.45,150.3,29.04,33.32,33.75,90.5,15.75,57.1,99.60000000000001,240.0,2891.0,1.56,36.65,15.02,6.98,36.02,28.95,0.0,241.5,1200.0
21062.388,0.0,140.0,90.5,22.64,16.02,171.5,33.300000000000004,151.20000000000002,28.88,33.31,33.800000000000004,93.5,15.600000000000001,57.0,100.0,238.5,2890.0,1.35,36.800000000000004,15.05,6.98,35.92,29.0,0.0,239.5,1200.0
21122.388,0.0,140.0,90.2,22.53,16.02,172.0,33.5,150.6,29.0,33.38,33.9,93.5,15.8,57.0,100.0,241.0,2888.0,1.45,36.7,15.030000000000001,6.96,36.07,28.93,0.0,238.5,1200.0
21182.388,0.0,140.0,91.4,22.580000000000002,16.0,173.5,33.45,151.8,29.02,33.36,33.85,92.0,15.700000000000001,57.0,100.0,242.0,2893.0,1.41,36.6,15.08,6.97,35.93,29.04,0.0,237.5,1200.0
21242.387,0.0,140.0,90.80000000000001,22.57,16.0,174.5,33.5,151.4,28.98,33.27,33.95,92.5,15.75,57.400000000000006,99.60000000000001,240.0,2898.0,1.41,36.65,14.99,7.07,36.03,28.96,0.0,243.0,1200.0
21302.387,0.0,140.0,91.80000000000001,22.6,16.06,171.5,33.4,151.6,29.1,33.42,33.85,93.0,15.600000000000001,56.5,100.0,234.0,2893.0,1.34,36.65,14.96,7.04,36.02,28.94,1.0,236.0,1200.0
21362.387,0.0,140.0,90.80000000000001,22.63,15.96,171.0,33.45,151.20000000000002,29.07,33.37,33.95,94.5,15.8,56.900000000000006,100.0,243.0,2896.0,1.43,36.65,15.030000000000001,6.95,35.99,28.97,0.0,236.5,1200.0
21422.387,0.0,140.0,90.9,22.650000000000002,16.080000000000002,172.0,33.550000000000004,150.9,29.05,33.38,33.9,91.5,15.700000000000001,56.800000000000004,100.0,242.5,2896.0,1.36,36.550000000000004,15.02,6.97,36.02,29.05,0.0,237.5,1200.0
21482.386,0.0,140.0,90.5,22.63,16.0,171.0,33.45,151.9,29.11,33.410000000000004,34.1,92.5,15.8,56.7,99.60000000000001,239.0,2893.0,1.4000000000000001,36.65,15.07,7.0200000000000005,35.94,29.02,0.0,245.0,1200.0
21542.386,0.0,140.0,92.80000000000001,22.61,15.98,170.5,33.5,151.1,29.03,33.45,33.85,94.0,15.65,57.5,100.0,238.5,2896.0,1.28,36.75,15.05,6.99,35.980000000000004,29.0,1.0,239.0,1200.0
21602.386,0.0,140.0,91.30000000000001,22.64,16.02,172.0,33.4,151.70000000000002,29.12,33.36,34.0,92.0,15.75,56.800000000000004,100.0,243.0,2899.0,1.54,36.7,14.950000000000001,7.04,35.97,28.94,2.0,241.0,1200.0
21662.386,0.0,140.0,89.80000000000001,22.67,15.94,171.5,33.45,152.9,29.03,33.29,33.75,93.0,15.700000000000001,57.1,100.0,238.5,2896.0,1.51,36.85,15.0,6.97,35.93,28.990000000000002,2.0,239.0,1200.0
21722.385,0.0,140.0,90.9,22.7,16.02,173.0,33.45,151.5,29.07,33.3,33.800000000000004,93.0,15.55,57.7,99.9,241.5,2896.0,1.43,36.7,15.05,6.95,36.03,29.01,1.0,242.5,1200.0
21782.385,0.0,140.0,92.9,22.68,16.02,172.0,33.550000000000004,151.70000000000002,29.0,33.37,33.800000000000004,94.0,15.65,57.6,99.80000000000001,243.0,2891.0,1.3800000000000001,36.7,15.0,7.05,36.03,29.060000000000002,1.0,238.5,1200.0
21842.385,0.0,140.0,91.0,22.66,16.04,172.0,33.45,151.20000000000002,29.05,33.39,33.85,90.5,15.600000000000001,57.0,99.7,242.5,2892.0,1.4000000000000001,36.7,14.92,7.0,36.07,29.04,0.0,239.5,1200.0
21902.385,0.0,140.0,89.60000000000001,22.650000000000002,15.99,172.5,33.4,152.5,29.01,33.230000000000004,33.9,93.0,15.700000000000001,57.400000000000006,99.80000000000001,238.5,2894.0,1.51,36.75,15.040000000000001,7.07,35.95,29.0,0.0,239.5,1200.0
21962.384,0.0,140.0,91.80000000000001,22.7,16.01,171.5,33.4,151.4,28.93,33.29,33.85,95.0,15.9,57.1,99.80000000000001,239.5,2893.0,1.37,36.65,14.99,7.03,36.07,29.0,0.0,236.0,1200.0
22022.384,0.0,140.0,90.0,22.79,16.0,172.0,33.45,152.0,28.94,33.33,33.800000000000004,92.0,15.75,57.6,99.80000000000001,239.5,2888.0,1.34,36.95,15.01,7.11,35.99,29.07,0.0,238.5,1200.0
22082.384,0.0,140.0,92.2,22.63,16.03,173.0,33.300000000000004,151.5,28.88,33.34,33.6,93.5,15.700000000000001,57.7,99.9,238.5,2891.0,1.42,36.75,15.05,6.99,36.03,28.98,0.0,240.5,1200.0
22142.384,0.0,140.0,90.7,22.68,16.11,171.0,33.35,151.9,28.93,33.24,33.9,91.5,15.700000000000001,57.300000000000004,100.0,236.5,2889.0,1.3900000000000001,36.800000000000004,14.98,6.98,36.07,28.97,0.0,236.0,1200.0
22202.383,0.0,140.0,91.4,22.69,16.0,171.5,33.300000000000004,152.70000000000002,28.88,33.19,33.75,92.5,15.700000000000001,58.0,99.7,238.5,2896.0,1.3900000000000001,36.85,15.06,7.08,35.96,28.94,4.0,242.0,1200.0
22262.383,0.0,140.0,91.30000000000001,22.8,16.0,171.0,33.35,152.8,28.72,33.19,33.65,94.5,15.75,57.7,100.0,243.0,2894.0,1.37,36.65,14.97,6.98,35.99,29.09,2.0,238.0,1200.0
22322.383,0.0,140.0,91.9,22.71,16.01,172.5,33.300000000000004,152.5,28.93,33.17,33.85,91.0,15.700000000000001,57.900000000000006,99.9,240.0,2885.0,1.52,36.75,14.950000000000001,7.0200000000000005,35.96,28.97,4.0,242.5,1200.0
22382.383,0.0,140.0,91.0,22.78,15.98,171.5,33.5,151.6,28.89,33.21,33.6,93.5,15.700000000000001,58.1,99.80000000000001,236.0,2887.0,1.42,36.9,14.950000000000001,7.0,36.02,28.92,0.0,239.5,1200.0
22442.382,0.0,140.0,87.5,22.67,16.05,171.0,33.300000000000004,151.5,28.95,33.24,33.7,94.5,15.8,57.800000000000004,100.0,240.0,2887.0,1.36,36.7,15.02,7.04,35.9,29.0,3.0,239.5,1200.0
22502.382,0.0,140.0,91.0,22.68,16.03,172.0,33.300000000000004,150.70000000000002,28.85,33.14,33.7,93.5,15.700000000000001,57.800000000000004,100.0,242.0,2888.0,1.41,36.7,14.93,7.0,36.03,29.16,0.0,244.0,1200.0
22562.382,0.0,140.0,90.80000000000001,22.69,15.98,170.5,33.35,151.6,28.8,33.13,33.75,95.0,15.850000000000001,57.5,99.2,235.0,2886.0,1.3,36.7,15.06,7.0,36.03,29.01,1.0,241.5,1200.0
22622.382,0.0,140.0,91.4,22.67,16.06,172.0,33.4,151.70000000000002,28.84,33.18,33.7,92.0,15.75,58.0,100.0,239.5,2886.0,1.26,36.65,15.02,6.99,35.99,29.02,1.0,235.0,1200.0
22682.382,0.0,140.0,90.2,22.62,16.03,171.5,33.35,151.70000000000002,28.85,33.2,33.75,92.0,15.700000000000001,58.0,100.0,241.5,2882.0,1.26,36.6,15.01,6.93,35.97,28.990000000000002,1.0,237.0,1200.0
22742.381,0.0,140.0,92.0,22.7,16.1,170.0,33.25,151.8,28.87,33.08,33.65,91.0,15.75,57.6,100.0,238.0,2880.0,1.46,36.7,14.950000000000001,6.99,35.95,28.97,0.0,234.0,1200.0
22802.381,0.0,140.0,91.0,22.66,16.01,170.0,33.2,151.70000000000002,28.78,33.14,33.800000000000004,92.5,15.65,57.5,99.80000000000001,233.0,2882.0,1.36,36.65,15.040000000000001,6.98,36.01,28.990000000000002,0.0,239.5,1200.0
22862.381,0.0,140.0,92.30000000000001,22.69,15.92,171.0,33.4,151.3,28.830000000000002,33.06,33.65,92.0,15.75,57.6,100.0,235.5,2880.0,1.6,36.550000000000004,14.97,6.99,36.03,28.96,0.0,235.0,1200.0
22922.381,0.0,140.0,90.80000000000001,22.64,15.96,170.5,33.25,152.20000000000002,28.830000000000002,33.160000000000004,33.7,94.5,15.65,58.300000000000004,100.0,240.0,2881.0,1.43,36.800000000000004,14.96,6.97,36.06,29.01,0.0,235.5,1200.0
22982.38,0.0,140.0,90.9,22.650000000000002,16.03,169.5,33.35,151.70000000000002,28.75,33.07,33.65,90.0,15.700000000000001,57.300000000000004,99.7,238.0,2879.0,1.36,36.7,14.99,7.07,36.01,29.01,1.0,236.0,1200.0
23042.38,0.0,140.0,90.30000000000001,22.6,16.01,171.0,33.25,152.1,28.86,33.1,33.5,92.0,15.65,57.2,100.0,234.5,2883.0,1.26,36.5,15.030000000000001,7.0,35.95,29.02,2.0,236.5,1200.0
23102.38,0.0,140.0,91.30000000000001,22.71,15.99,172.0,33.15,151.20000000000002,28.84,33.12,33.65,93.5,15.65,57.6,99.60000000000001,237.5,2879.0,1.35,36.5,15.01,6.96,35.99,28.990000000000002,0.0,238.0,1200.0
23162.38,0.0,140.0,91.4,22.61,15.96,170.5,33.15,151.4,28.8,33.06,33.550000000000004,91.5,15.75,57.300000000000004,100.0,236.0,2889.0,1.52,36.5,15.0,7.01,36.08,29.01,1.0,238.0,1200.0
23222.379,0.0,140.0,91.7,22.62,16.09,169.5,33.300000000000004,151.20000000000002,28.85,33.21,33.75,92.0,15.850000000000001,57.7,100.0,235.0,2883.0,1.42,36.6,15.02,6.94,35.97,29.01,0.0,241.0,1200.0
23282.379,0.0,140.0,91.7,22.67,16.04,172.5,33.15,150.3,28.88,33.2,33.75,91.0,15.850000000000001,57.300000000000004,99.80000000000001,236.5,2884.0,1.46,36.550000000000004,15.01,7.0200000000000005,36.03,29.11,0.0,242.0,1200.0
23342.379,0.0,140.0,91.2,22.66,16.05,171.0,33.4,152.1,28.93,33.18,33.7,93.5,15.65,57.6,100.0,240.0,2885.0,1.34,36.45,14.94,7.0200000000000005,36.09,29.05,1.0,243.0,1200.0
23402.379,0.0,140.0,92.0,22.650000000000002,15.950000000000001,167.5,33.45,152.5,28.84,33.21,33.65,92.5,15.700000000000001,57.400000000000006,100.0,238.5,2880.0,1.36,36.6,15.040000000000001,6.94,36.050000000000004,29.11,1.0,237.5,1200.0
23462.379,0.0,140.0,90.30000000000001,22.62,15.99,172.0,33.25,150.5,28.94,33.19,33.65,91.0,15.65,58.2,100.0,242.0,2883.0,1.45,36.550000000000004,15.040000000000001,6.97,36.04,28.91,0.0,240.0,1200.0
23522.378,0.0,140.0,91.0,22.62,16.01,172.5,33.4,151.1,28.830000000000002,33.15,33.800000000000004,92.5,15.65,57.7,99.9,237.0,2887.0,1.44,36.550000000000004,15.040000000000001,7.05,35.95,28.97,0.0,232.0,1200.0
23582.378,0.0,140.0,91.10000000000001,22.69,16.03,172.0,33.35,152.20000000000002,28.95,33.2,33.6,93.5,15.600000000000001,57.7,99.80000000000001,237.5,2883.0,1.48,36.7,14.98,7.0200000000000005,36.12,29.060000000000002,0.0,241.5,1200.0
23642.378,0.0,140.0,91.2,22.71,15.96,172.5,33.25,150.5,28.84,33.22,33.7,94.5,15.75,57.7,100.0,234.5,2890.0,1.18,36.550000000000004,15.0,6.97,35.980000000000004,29.0,0.0,240.0,1200.0
23702.378,0.0,140.0,91.2,22.71,15.99,170.5,33.45,153.1,28.91,33.2,33.7,92.0,15.65,58.1,100.0,243.5,2881.0,1.35,36.5,15.01,6.99,36.02,29.02,0.0,238.0,1200.0
23762.377,0.0,140.0,91.0,22.650000000000002,15.99,169.5,33.45,151.70000000000002,28.900000000000002,33.3,33.65,90.0,15.700000000000001,57.400000000000006,99.80000000000001,242.0,2890.0,1.44,36.6,14.98,7.05,36.050000000000004,28.96,2.0,235.0,1200.0
23822.377,0.0,140.0,91.80000000000001,22.64,16.01,171.0,33.25,150.70000000000002,28.85,33.2,33.75,93.0,15.700000000000001,57.400000000000006,100.0,239.0,2884.0,1.27,36.65,15.01,6.97,36.050000000000004,29.05,0.0,242.0,1200.0
23882.377,0.0,140.0,91.4,22.740000000000002,15.97,168.5,33.35,150.3,28.93,33.21,33.65,94.0,15.850000000000001,58.0,100.0,239.5,2887.0,1.37,36.6,15.02,6.93,36.01,28.91,0.0,240.0,1200.0
23942.377,0.0,140.0,90.60000000000001,22.73,16.01,173.0,33.5,150.9,28.91,33.17,33.800000000000004,95.0,15.700000000000001,57.1,99.9,237.5,2892.0,1.36,36.550000000000004,15.05,7.05,36.01,28.91,0.0,240.0,1200.0
24002.377,0.0,140.0,90.7,22.61,15.94,170.0,33.35,151.1,28.900000000000002,33.2,33.85,94.0,15.850000000000001,57.300000000000004,100.0,240.0,2879.0,1.37,36.65,15.0,7.0200000000000005,36.03,29.05,0.0,239.0,1200.0
24062.376,0.0,140.0,90.7,22.61,15.98,169.5,33.25,153.0,28.93,33.17,33.85,92.5,15.75,57.7,99.7,242.0,2887.0,1.42,36.65,14.99,7.08,36.03,28.97,0.0,234.0,1200.0
24122.376,0.0,140.0,90.60000000000001,22.67,16.02,172.0,33.4,150.9,28.84,33.3,33.6,93.5,15.75,57.6,100.0,235.5,2895.0,1.31,36.65,14.99,6.95,36.08,29.01,0.0,235.5,1200.0
24182.376,0.0,140.0,90.9,22.69,15.97,172.5,33.2,152.8,28.87,33.3,33.800000000000004,92.0,15.700000000000001,58.1,100.0,238.5,2893.0,1.41,36.65,15.02,6.97,35.980000000000004,29.03,1.0,241.0,1200.0
24242.376,0.0,140.0,91.9,22.67,15.98,171.0,33.300000000000004,151.6,28.810000000000002,33.19,33.75,94.0,15.5,57.5,99.60000000000001,238.5,2887.0,1.43,36.7,15.11,6.96,36.050000000000004,29.0,0.0,244.5,1200.0
24302.375,0.0,140.0,89.5,22.66,16.02,174.0,33.5,151.0,28.91,33.230000000000004,33.75,94.0,15.850000000000001,57.0,99.80000000000001,242.5,2892.0,1.49,36.6,14.98,7.0,35.96,29.02,2.0,244.0,1200.0
24362.375,0.0,140.0,89.9,22.61,16.02,170.5,33.4,151.20000000000002,28.95,33.28,33.9,92.0,15.9,57.2,99.7,239.5,2884.0,1.36,36.75,15.02,7.07,35.97,29.04,0.0,240.5,1200.0
24422.375,0.0,140.0,90.80000000000001,22.7,15.98,171.0,33.45,152.5,29.0,33.27,33.9,92.5,15.8,57.400000000000006,99.9,241.5,2892.0,1.43,36.65,14.97,6.96,36.11,29.02,0.0,239.5,1200.0
24482.375,0.0,140.0,92.2,22.67,15.99,169.0,33.4,150.70000000000002,28.93,33.230000000000004,33.800000000000004,94.0,15.700000000000001,57.800000000000004,99.9,241.5,2891.0,1.47,36.75,15.0,7.05,35.99,29.02,4.0,236.0,1200.0
24542.375,0.0,140.0,92.60000000000001,22.57,16.05,171.5,33.4,150.9,28.97,33.21,33.9,92.5,15.75,57.0,100.0,242.0,2894.0,1.4000000000000001,36.6,15.030000000000001,6.99,36.050000000000004,29.0,2.0,236.0,1200.0
24602.374,0.0,140.0,90.30000000000001,22.61,16.01,171.5,33.35,152.3,28.92,33.25,33.7,92.5,15.700000000000001,57.300000000000004,100.0,241.5,2895.0,1.34,36.7,15.02,7.0,35.99,29.07,2.0,237.5,1200.0
24662.374,0.0,140.0,91.4,22.650000000000002,15.96,169.5,33.550000000000004,151.8,28.95,33.28,33.800000000000004,93.0,15.700000000000001,57.5,99.80000000000001,238.5,2890.0,1.46,36.7,15.09,6.96,36.04,29.080000000000002,0.0,239.0,1200.0
24722.374,0.0,140.0,91.2,22.64,16.03,171.5,33.45,151.20000000000002,29.04,33.19,33.9,92.0,15.8,57.6,100.0,241.0,2894.0,1.48,36.9,14.99,6.97,36.02,29.080000000000002,1.0,237.0,1200.0
24782.374,0.0,140.0,90.5,22.59,15.96,174.0,33.6,151.4,28.93,33.31,33.7,93.0,15.75,57.400000000000006,99.9,240.0,2895.0,1.35,36.800000000000004,14.99,7.03,35.96,29.09,0.0,238.0,1200.0
24842.374,0.0,140.0,89.60000000000001,22.66,15.96,171.5,33.550000000000004,151.70000000000002,29.060000000000002,33.24,33.75,92.5,15.700000000000001,57.5,99.5,241.0,2891.0,1.51,36.95,15.06,6.96,35.96,29.01,0.0,238.5,1200.0
24902.373,0.0,140.0,90.4,22.66,15.96,172.0,33.4,151.70000000000002,29.05,33.21,33.65,92.5,15.75,57.7,99.7,240.5,2897.0,1.43,36.75,15.040000000000001,7.0,36.04,29.02,1.0,240.5,1200.0
24962.373,0.0,140.0,90.30000000000001,22.61,16.01,171.5,33.45,149.4,28.98,33.27,33.9,94.0,15.8,57.5,100.0,238.0,2896.0,1.34,36.7,15.06,6.97,36.01,29.01,0.0,239.0,1200.0
25022.373,0.0,140.0,91.10000000000001,22.68,16.05,171.0,33.6,149.5,28.94,33.3,33.9,93.0,15.75,57.1,100.0,241.5,2892.0,1.35,36.800000000000004,15.01,6.96,36.1,28.990000000000002,1.0,242.5,1200.0
25082.373,0.0,140.0,91.4,22.71,15.97,171.0,33.4,150.3,28.990000000000002,33.25,33.75,91.5,15.75,57.5,100.0,238.0,2892.0,1.48,36.800000000000004,15.01,7.0200000000000005,36.04,29.09,0.0,239.5,1200.0
25142.372,0.0,140.0,89.4,22.76,16.01,171.5,33.35,152.20000000000002,29.0,33.35,33.85,91.5,15.600000000000001,57.6,99.5,239.5,2894.0,1.5,36.7,15.07,7.0,36.01,29.09,1.0,242.0,1200.0
25202.372,0.0,140.0,93.7,22.68,16.0,172.5,33.5,151.0,28.91,33.38,33.95,91.0,15.75,57.2,100.0,236.0,2898.0,1.33,36.6,15.01,6.99,35.97,29.11,3.0,237.5,1200.0
25262.372,0.0,140.0,90.80000000000001,22.61,15.99,171.5,33.45,150.9,29.03,33.21,33.85,94.0,15.75,57.800000000000004,99.80000000000001,240.5,2894.0,1.37,36.75,15.1,7.0,36.09,28.98,2.0,242.0,1200.0
25322.372,0.0,140.0,91.80000000000001,22.72,16.05,172.5,33.35,152.3,28.95,33.28,33.65,93.0,15.700000000000001,57.300000000000004,100.0,241.5,2900.0,1.31,36.95,15.01,7.01,35.95,28.990000000000002,0.0,243.5,1200.0
25382.372,0.0,140.0,90.10000000000001,22.72,16.05,174.0,33.6,151.5,28.93,33.28,33.85,93.5,15.75,57.1,100.0,241.5,2898.0,1.43,36.9,15.0,7.07,35.93,28.990000000000002,0.0,238.0,1200.0
25442.371,0.0,140.0,93.60000000000001,22.7,15.98,171.5,33.550000000000004,149.4,28.92,33.36,33.800000000000004,93.5,15.75,57.7,99.4,240.0,2897.0,1.31,36.800000000000004,14.97,6.97,36.01,29.05,2.0,239.5,1200.0
25502.371,0.0,140.0,90.9,22.75,16.02,171.0,33.300000000000004,152.1,28.95,33.33,33.9,92.5,15.700000000000001,57.6,99.7,239.5,2898.0,1.4000000000000001,36.65,14.98,7.0200000000000005,35.94,28.93,0.0,242.0,1200.0
25562.371,0.0,140.0,91.2,22.72,16.03,170.5,33.25,150.9,28.98,33.32,33.75,92.5,15.700000000000001,57.7,100.0,240.5,2897.0,1.47,36.75,15.01,7.0200000000000005,36.0,28.92,0.0,240.5,1200.0
25622.371,0.0,140.0,90.60000000000001,22.740000000000002,16.01,171.0,33.35,150.20000000000002,29.02,33.31,33.85,91.5,15.850000000000001,57.5,100.0,240.5,2897.0,1.32,36.75,14.99,6.95,35.95,29.04,0.0,242.0,1200.0
25682.371,0.0,140.0,91.80000000000001,22.79,15.91,172.0,33.45,152.6,29.02,33.35,33.65,93.5,15.700000000000001,57.2,99.60000000000001,242.5,2892.0,1.3900000000000001,36.9,14.93,7.01,36.03,29.0,0.0,240.0,1200.0
25742.37,0.0,140.0,91.2,22.67,16.04,172.5,33.5,153.0,29.0,33.230000000000004,33.85,91.5,15.75,57.7,100.0,239.0,2894.0,1.49,36.75,15.0,6.94,35.980000000000004,28.95,0.0,242.5,1200.0
25802.37,0.0,140.0,89.80000000000001,22.650000000000002,16.0,172.5,33.45,151.3,28.82,33.21,33.800000000000004,92.0,15.700000000000001,57.300000000000004,100.0,246.0,2895.0,1.55,36.7,14.98,7.01,36.01,29.02,0.0,239.0,1200.0
25862.37,0.0,140.0,90.9,22.740000000000002,16.03,172.5,33.4,151.5,28.900000000000002,33.22,33.800000000000004,93.0,15.75,57.300000000000004,100.0,242.0,2894.0,1.33,36.9,15.01,6.98,35.96,28.98,1.0,247.0,1200.0
25922.37,0.0,140.0,91.80000000000001,22.71,16.04,171.5,33.35,150.1,28.92,33.24,33.7,92.5,15.75,58.1,100.0,239.0,2887.0,1.35,36.85,15.01,7.03,36.0,28.91,0.0,241.5,1200.0
25982.37,0.0,140.0,90.5,22.66,16.01,170.5,33.35,151.9,28.85,33.18,33.800000000000004,93.0,15.8,57.7,99.80000000000001,240.0,2895.0,1.31,36.75,15.0,6.9,35.93,29.0,0.0,237.0,1200.0
26042.369,0.0,140.0,90.5,22.79,16.02,172.0,33.2,151.3,28.79,33.19,33.75,92.0,15.600000000000001,57.1,100.0,236.5,2889.0,1.33,36.7,15.040000000000001,7.07,35.88,28.990000000000002,0.0,238.0,1200.0
26102.369,0.0,140.0,91.2,22.72,16.1,170.5,33.5,151.4,28.84,33.27,33.75,92.0,15.700000000000001,58.2,100.0,236.5,2885.0,1.54,36.85,15.030000000000001,6.98,36.07,29.05,0.0,243.0,1200.0
26162.369,0.0,140.0,89.0,22.76,15.96,170.5,33.35,152.20000000000002,28.87,33.230000000000004,33.800000000000004,91.0,15.8,58.300000000000004,100.0,240.0,2889.0,1.44,36.6,15.040000000000001,7.0200000000000005,35.93,29.07,1.0,242.5,1200.0
26222.369,0.0,140.0,90.5,22.67,16.03,171.5,33.4,152.0,28.830000000000002,33.13,33.6,92.0,15.65,58.2,99.30000000000001,238.0,2889.0,1.36,36.75,14.98,7.0200000000000005,36.1,28.990000000000002,0.0,239.0,1200.0
26282.369,0.0,140.0,89.5,22.71,15.91,171.0,33.300000000000004,151.9,28.92,33.13,33.800000000000004,92.0,15.850000000000001,57.300000000000004,100.0,237.5,2884.0,1.46,36.7,15.030000000000001,7.03,36.04,29.060000000000002,0.0,240.5,1200.0
26342.368,0.0,140.0,92.0,22.69,15.950000000000001,169.5,33.45,151.4,28.76,33.18,33.7,92.0,15.700000000000001,57.7,100.0,237.0,2890.0,1.52,36.7,15.030000000000001,7.05,35.93,29.04,2.0,238.5,1200.0
26402.368,0.0,140.0,90.2,22.62,16.0,173.0,33.2,152.0,28.8,33.17,33.75,92.0,15.600000000000001,58.7,100.0,236.5,2884.0,1.31,36.6,14.99,7.01,35.95,29.02,0.0,242.0,1200.0
26462.368,0.0,140.0,90.2,22.67,15.950000000000001,171.0,33.25,151.5,28.84,33.12,33.550000000000004,90.0,15.850000000000001,57.900000000000006,100.0,238.5,2886.0,1.24,36.550000000000004,14.97,7.0,36.0,29.12,2.0,240.5,1200.0
26522.368,0.0,140.0,90.9,22.69,16.01,168.5,33.2,150.5,28.77,33.13,33.65,92.0,15.65,58.0,99.80000000000001,236.0,2883.0,1.41,36.65,15.01,6.96,35.86,28.93,0.0,240.0,1200.0
26582.368,0.0,140.0,91.30000000000001,22.6,15.98,170.5,33.25,151.3,28.79,33.14,33.65,93.5,15.65,57.5,100.0,238.0,2880.0,1.24,36.7,14.94,7.04,36.06,29.01,2.0,239.5,1200.0
26642.367,0.0,140.0,91.4,22.73,16.01,170.0,33.25,152.5,28.84,33.06,33.7,91.5,15.75,58.0,99.9,235.0,2883.0,1.37,36.6,14.98,7.01,36.0,28.990000000000002,1.0,235.0,1200.0
26702.367,0.0,140.0,91.0,22.69,16.07,170.5,33.300000000000004,150.0,28.71,33.1,33.550000000000004,93.0,15.700000000000001,58.2,100.0,238.0,2877.0,1.34,36.75,15.0,6.97,35.97,28.98,0.0,236.5,1200.0
26762.367,0.0,140.0,89.60000000000001,22.7,16.0,168.0,33.15,151.20000000000002,28.71,33.03,33.550000000000004,91.5,15.75,57.800000000000004,100.0,235.5,2884.0,1.43,36.75,15.02,6.97,35.97,29.03,0.0,232.0,1200.0
26822.367,0.0,140.0,91.4,22.68,15.93,169.0,33.25,151.3,28.69,33.05,33.65,94.5,15.850000000000001,57.800000000000004,100.0,240.5,2881.0,1.5,36.75,15.01,7.0200000000000005,36.04,29.13,0.0,236.5,1200.0
26882.367,0.0,140.0,91.80000000000001,22.740000000000002,15.99,172.0,33.15,149.9,28.76,33.0,33.5,91.5,15.75,58.6,99.9,234.5,2881.0,1.49,36.45,15.030000000000001,6.96,35.99,28.990000000000002,0.0,238.5,1200.0
26942.366,0.0,140.0,91.4,22.68,16.01,171.0,33.2,149.3,28.77,33.08,33.5,92.5,15.75,57.400000000000006,100.0,240.5,2874.0,1.36,36.550000000000004,14.99,6.95,35.980000000000004,28.900000000000002,1.0,235.0,1200.0
27002.366,0.0,140.0,90.4,22.73,15.99,169.5,33.2,152.1,28.69,33.04,33.6,94.0,15.65,57.7,99.60000000000001,237.5,2879.0,1.37,36.65,15.01,7.07,36.0,29.11,1.0,235.0,1200.0
27062.366,0.0,140.0,90.60000000000001,22.650000000000002,15.97,170.5,33.2,151.1,28.72,33.05,33.65,95.0,15.75,57.7,100.0,238.0,2879.0,1.33,36.5,15.120000000000001,7.0200000000000005,36.01,28.98,0.0,235.0,1200.0
27122.366,0.0,140.0,93.2,22.61,15.97,170.5,33.25,150.4,28.73,33.13,33.7,92.5,15.8,58.2,100.0,239.0,2877.0,1.56,36.5,14.96,6.96,35.93,28.82,0.0,234.0,1200.0
27182.366,0.0,140.0,92.60000000000001,22.72,15.98,172.0,33.25,151.20000000000002,28.77,33.12,33.6,93.0,15.65,57.800000000000004,100.0,237.0,2882.0,1.29,36.5,15.0,6.99,35.9,28.96,0.0,237.0,1200.0
27242.365,0.0,140.0,90.9,22.66,15.98,171.0,33.25,151.70000000000002,28.7,33.03,33.7,93.5,15.8,57.900000000000006,99.9,236.0,2874.0,1.32,36.6,15.06,6.94,35.980000000000004,28.990000000000002,1.0,233.0,1200.0
27302.365,0.0,140.0,92.4,22.68,16.02,170.5,33.15,150.0,28.84,33.02,33.65,92.5,15.75,58.0,100.0,240.0,2882.0,1.46,36.45,14.950000000000001,7.01,36.0,29.03,1.0,237.0,1200.0
27362.365,0.0,140.0,91.80000000000001,22.69,15.98,169.5,33.2,149.3,28.740000000000002,33.05,33.6,91.0,15.55,58.0,100.0,235.0,2880.0,1.34,36.45,15.030000000000001,7.0200000000000005,35.99,28.97,1.0,236.0,1200.0
27422.365,0.0,140.0,92.30000000000001,22.740000000000002,16.05,173.0,33.15,151.8,28.72,33.06,33.65,93.0,15.850000000000001,57.400000000000006,100.0,240.5,2886.0,1.32,36.550000000000004,15.11,7.0200000000000005,35.910000000000004,28.86,0.0,236.5,1200.0
27482.365,0.0,140.0,89.4,22.66,16.0,169.5,33.300000000000004,150.9,28.8,33.0,33.75,91.0,15.700000000000001,57.7,99.9,238.0,2885.0,1.35,36.550000000000004,14.93,6.99,35.980000000000004,29.04,0.0,236.0,1200.0
27542.364,0.0,140.0,91.5,22.66,15.91,171.5,33.300000000000004,150.8,28.86,33.15,33.75,90.5,15.700000000000001,57.5,100.0,236.5,2888.0,1.25,36.45,15.01,6.95,36.0,28.990000000000002,0.0,235.5,1200.0
27602.364,0.0,140.0,91.9,22.66,15.97,171.5,33.25,152.9,28.73,33.14,33.550000000000004,93.0,15.700000000000001,58.1,100.0,240.0,2886.0,1.1300000000000001,36.6,15.02,7.01,35.96,28.89,0.0,238.5,1200.0
27662.364,0.0,140.0,89.60000000000001,22.650000000000002,16.02,173.5,33.25,151.0,28.8,33.13,33.9,92.5,15.700000000000001,58.400000000000006,99.7,238.0,2884.0,1.27,36.550000000000004,14.98,7.01,36.06,28.98,0.0,241.0,1200.0
27722.364,0.0,140.0,89.60000000000001,22.67,16.04,171.5,33.45,149.8,28.77,33.14,33.75,90.5,15.600000000000001,57.400000000000006,100.0,239.0,2887.0,1.3900000000000001,36.5,15.01,6.95,36.03,29.04,0.0,239.5,1200.0
27782.364,0.0,140.0,91.2,22.71,16.01,172.0,33.300000000000004,150.1,28.91,33.18,33.800000000000004,93.0,15.700000000000001,58.1,100.0,240.0,2889.0,1.26,36.65,15.01,7.01,36.07,29.05,0.0,239.0,1200.0
27842.363,0.0,140.0,90.7,22.650000000000002,16.04,169.5,33.25,151.8,28.78,33.12,33.7,92.5,15.850000000000001,57.6,100.0,239.0,2893.0,1.41,36.6,15.030000000000001,6.96,36.050000000000004,28.97,0.0,243.0,1200.0
27902.363,0.0,140.0,91.80000000000001,22.7,15.98,169.0,33.300000000000004,150.9,28.84,33.21,33.550000000000004,90.5,15.700000000000001,58.1,100.0,240.5,2888.0,1.47,36.550000000000004,14.96,7.01,35.910000000000004,28.900000000000002,0.0,238.0,1200.0
27962.363,0.0,140.0,89.2,22.7,15.97,170.0,33.25,151.0,28.85,33.160000000000004,33.65,92.0,15.700000000000001,57.7,100.0,235.0,2890.0,1.33,36.65,15.0,7.0,35.99,29.04,0.0,235.5,1200.0
28022.363,0.0,140.0,90.80000000000001,22.64,15.94,172.5,33.4,150.9,28.84,33.17,33.95,90.5,15.700000000000001,57.400000000000006,100.0,238.0,2888.0,1.47,36.7,15.0,7.08,35.95,29.05,0.0,236.5,1200.0
28082.363,0.0,140.0,91.5,22.66,16.04,169.5,33.300000000000004,150.8,28.87,33.230000000000004,33.85,91.5,15.75,58.2,100.0,236.0,2892.0,1.49,36.6,14.97,6.98,36.18,28.990000000000002,3.0,239.0,1200.0
28142.363,0.0,140.0,90.60000000000001,22.61,16.02,171.5,33.300000000000004,150.5,28.87,33.27,33.6,93.5,15.65,57.900000000000006,99.9,238.5,2892.0,1.37,36.550000000000004,15.01,6.97,36.06,28.96,0.0,236.5,1200.0
28202.362,0.0,140.0,90.7,22.69,15.99,169.5,33.35,150.5,28.88,33.17,33.6,93.0,15.700000000000001,58.300000000000004,100.0,240.0,2891.0,1.52,36.6,15.05,6.96,35.94,28.96,2.0,242.0,1200.0
28262.362,0.0,140.0,90.5,22.7,15.96,171.5,33.4,151.8,28.91,33.15,33.7,94.5,15.700000000000001,57.800000000000004,100.0,240.5,2888.0,1.32,36.6,15.01,7.03,36.03,29.03,0.0,241.5,1200.0
28322.362,0.0,140.0,91.80000000000001,22.61,16.04,171.0,33.25,150.6,28.94,33.25,33.9,93.0,15.65,57.300000000000004,99.5,240.5,2890.0,1.36,36.6,14.97,7.0600000000000005,35.97,28.990000000000002,1.0,242.5,1200.0
28382.362,0.0,140.0,90.60000000000001,22.66,15.97,170.0,33.4,152.0,28.97,33.3,33.75,92.0,15.700000000000001,57.1,100.0,245.5,2891.0,1.48,36.7,14.97,6.98,35.97,29.01,3.0,239.5,1200.0
28442.362,0.0,140.0,90.30000000000001,22.64,15.92,172.0,33.35,150.5,29.03,33.27,33.75,92.5,15.75,57.5,100.0,237.0,2888.0,1.3900000000000001,36.7,14.98,7.01,35.97,28.95,1.0,240.5,1200.0
28502.361,0.0,140.0,90.9,22.78,15.93,172.5,33.4,149.70000000000002,28.92,33.27,33.75,93.0,15.850000000000001,57.900000000000006,99.9,245.0,2893.0,1.46,36.6,14.96,7.0600000000000005,35.99,28.990000000000002,0.0,244.5,1200.0
28562.361,0.0,140.0,91.30000000000001,22.67,15.97,170.5,33.35,150.5,28.92,33.25,33.85,92.5,15.75,57.6,99.9,236.5,2893.0,1.36,36.7,15.05,7.0,35.92,28.98,0.0,244.0,1200.0
28622.361,0.0,140.0,90.7,22.62,16.04,173.0,33.35,152.1,28.900000000000002,33.33,33.85,92.5,15.700000000000001,57.5,100.0,240.0,2894.0,1.32,36.85,14.98,7.01,35.980000000000004,29.04,0.0,241.5,1200.0
28682.361,0.0,140.0,89.9,22.69,16.0,172.5,33.4,150.3,29.01,33.26,33.95,92.0,15.8,58.0,100.0,241.5,2895.0,1.2,36.550000000000004,15.05,6.96,35.88,28.96,2.0,239.0,1200.0
28742.361,0.0,140.0,89.80000000000001,22.76,16.0,174.0,33.45,151.3,28.95,33.34,34.0,92.0,15.65,57.900000000000006,99.7,241.0,2897.0,1.32,36.6,14.89,7.07,36.0,28.95,0.0,241.0,1200.0
28802.361,0.0,140.0,91.2,22.71,16.0,172.0,33.45,149.6,28.990000000000002,33.36,33.85,92.5,15.700000000000001,57.300000000000004,100.0,237.0,2897.0,1.3800000000000001,36.75,15.0,7.0600000000000005,36.02,29.02,0.0,244.0,1200.0
28862.36,0.0,140.0,91.7,22.7,15.93,171.5,33.5,150.3,28.95,33.32,33.9,92.0,15.75,57.7,100.0,240.0,2901.0,1.42,36.85,14.97,6.97,36.1,29.04,0.0,245.5,1200.0
28922.36,0.0,140.0,91.7,22.7,15.98,171.5,33.4,153.4,29.01,33.38,33.85,92.0,15.600000000000001,57.400000000000006,100.0,241.5,2900.0,1.57,36.75,14.98,6.96,36.02,29.02,0.0,242.0,1200.0
28982.36,0.0,140.0,91.9,22.72,16.02,172.5,33.4,153.5,29.060000000000002,33.43,33.75,92.0,15.700000000000001,58.5,99.9,244.0,2897.0,1.37,36.7,15.040000000000001,7.01,35.980000000000004,29.05,0.0,242.5,1200.0
29042.36,0.0,140.0,91.30000000000001,22.73,16.01,169.5,33.550000000000004,151.6,29.01,33.31,33.85,91.5,15.75,57.300000000000004,100.0,239.5,2895.0,1.34,36.65,15.01,6.95,36.02,28.98,0.0,243.0,1200.0
29102.36,0.0,140.0,90.4,22.73,16.02,171.5,33.5,151.3,29.03,33.4,33.85,92.0,15.65,58.0,99.80000000000001,245.0,2900.0,1.59,36.7,15.0,7.01,36.06,28.990000000000002,1.0,243.5,1200.0
29162.359,0.0,140.0,88.9,22.72,16.01,171.5,33.300000000000004,150.70000000000002,29.04,33.3,33.95,94.0,15.8,57.800000000000004,99.80000000000001,241.0,2898.0,1.33,36.800000000000004,15.02,6.99,35.88,28.97,0.0,244.5,1200.0
29222.359,0.0,140.0,90.2,22.71,16.02,174.0,33.45,152.5,28.97,33.4,33.95,92.0,15.65,57.2,100.0,235.5,2899.0,1.29,36.75,14.96,7.0,35.99,29.02,0.0,242.0,1200.0
29282.359,0.0,140.0,90.2,22.66,16.01,170.5,33.4,152.5,29.02,33.34,33.800000000000004,93.0,15.700000000000001,57.7,99.5,241.5,2895.0,1.53,36.7,15.02,6.91,36.050000000000004,29.05,0.0,241.5,1200.0
29342.359,0.0,140.0,90.30000000000001,22.66,15.97,172.5,33.550000000000004,151.9,29.03,33.28,33.9,90.5,15.8,57.800000000000004,100.0,242.5,2896.0,1.18,36.75,15.01,6.94,35.99,29.02,1.0,246.5,1200.0
29402.359,0.0,140.0,89.7,22.72,16.05,169.5,33.5,150.9,28.91,33.3,33.9,94.0,15.850000000000001,57.5,100.0,238.0,2898.0,1.48,36.7,14.96,7.04,35.99,28.990000000000002,0.0,238.5,1200.0
29462.359,0.0,140.0,90.10000000000001,22.7,15.89,171.0,33.45,151.1,28.98,33.29,34.0,94.5,15.850000000000001,58.0,100.0,238.5,2896.0,1.46,36.65,15.0,6.96,35.89,28.95,0.0,245.0,1200.0
29522.358,0.0,140.0,90.30000000000001,22.6,16.01,172.0,33.300000000000004,153.70000000000002,28.94,33.38,33.85,91.0,15.700000000000001,57.900000000000006,99.60000000000001,239.0,2896.0,1.27,36.800000000000004,14.97,7.08,36.06,29.04,0.0,240.0,1200.0
29582.358,0.0,140.0,90.4,22.71,16.1,170.0,33.550000000000004,151.0,28.97,33.36,33.800000000000004,92.5,15.8,57.5,99.9,243.0,2900.0,1.4000000000000001,36.7,14.97,6.94,35.94,28.97,0.0,246.5,1200.0
29642.358,0.0,140.0,89.10000000000001,22.64,16.0,173.0,33.45,153.1,28.97,33.25,33.75,92.5,15.65,57.0,100.0,244.5,2900.0,1.46,36.7,15.0,6.91,35.96,28.96,1.0,242.5,1200.0
29702.358,0.0,140.0,91.9,22.67,16.01,173.5,33.45,151.20000000000002,28.93,33.35,33.85,92.5,15.700000000000001,57.0,99.7,241.5,2893.0,1.26,36.85,15.0,6.98,35.92,28.93,0.0,245.0,1200.0
29762.358,0.0,140.0,91.30000000000001,22.72,16.02,172.5,33.6,153.0,28.900000000000002,33.28,33.75,94.5,15.75,57.300000000000004,100.0,242.0,2899.0,1.42,36.800000000000004,15.0,7.03,36.0,29.02,0.0,244.0,1200.0
29822.357,0.0,140.0,89.10000000000001,22.64,15.96,171.0,33.45,149.9,29.080000000000002,33.3,33.85,94.5,15.8,57.800000000000004,99.2,238.5,2887.0,1.28,36.9,14.950000000000001,7.01,35.9,28.98,0.0,238.5,1200.0
29882.357,0.0,140.0,90.0,22.63,15.98,173.0,33.35,152.4,28.990000000000002,33.19,33.85,92.5,15.75,57.300000000000004,100.0,237.0,2894.0,1.37,36.85,14.99,7.03,36.03,28.97,4.0,243.5,1200.0
29942.357,0.0,140.0,89.10000000000001,22.64,15.950000000000001,171.0,33.45,152.4,29.05,33.24,33.85,93.5,15.600000000000001,57.5,99.30000000000001,245.0,2895.0,1.3800000000000001,36.6,14.94,7.0,35.97,28.85,0.0,240.5,1200.0
30002.357,0.0,140.0,89.80000000000001,22.64,15.96,171.5,33.4,151.5,28.98,33.35,33.85,92.0,15.850000000000001,58.1,100.0,239.0,2890.0,1.46,36.800000000000004,15.05,7.07,36.06,28.96,0.0,236.0,1200.0
30062.357,0.0,140.0,90.9,22.62,16.03,172.5,33.4,151.0,28.95,33.26,33.85,93.5,15.700000000000001,57.1,99.9,232.0,2889.0,1.25,36.75,15.0,6.96,36.04,28.96,0.0,238.5,1200.0
30122.357,0.0,140.0,91.5,22.68,16.01,169.0,33.35,152.5,28.98,33.3,33.7,92.5,15.75,57.6,99.5,239.0,2897.0,1.41,36.6,14.9,7.01,36.050000000000004,28.98,0.0,237.5,1200.0
30182.356,0.0,140.0,92.30000000000001,22.69,15.97,171.5,33.45,151.1,28.95,33.22,33.85,95.0,15.55,57.2,100.0,237.0,2897.0,1.33,36.800000000000004,15.040000000000001,6.99,35.97,29.02,0.0,238.5,1200.0
30242.356,0.0,140.0,91.0,22.59,16.0,171.0,33.45,151.1,28.96,33.230000000000004,33.85,92.0,15.700000000000001,57.400000000000006,99.9,239.5,2892.0,1.42,36.800000000000004,15.05,7.04,35.99,28.97,0.0,239.5,1200.0
30302.356,0.0,140.0,93.10000000000001,22.67,15.97,171.5,33.45,150.9,29.02,33.36,33.800000000000004,94.0,15.850000000000001,57.400000000000006,100.0,241.0,2892.0,1.49,36.75,15.01,7.03,35.92,28.89,0.0,245.5,1200.0
30362.356,0.0,140.0,90.5,22.66,15.99,169.0,33.5,151.3,29.0,33.27,33.85,93.0,15.700000000000001,57.2,100.0,238.5,2895.0,1.45,36.800000000000004,15.040000000000001,7.05,36.03,29.0,2.0,241.0,1200.0
30422.356,0.0,140.0,91.5,22.67,15.98,171.5,33.4,151.4,28.88,33.28,33.800000000000004,93.0,15.700000000000001,57.6,99.80000000000001,239.0,2895.0,1.34,36.75,14.99,7.0,35.94,28.94,0.0,240.0,1200.0
30482.356,0.0,140.0,91.30000000000001,22.69,16.05,170.0,33.4,150.70000000000002,28.97,33.33,33.75,91.5,15.75,57.800000000000004,99.80000000000001,237.5,2895.0,1.48,36.800000000000004,14.97,6.96,36.07,29.11,0.0,236.5,1200.0
30542.355,0.0,140.0,90.0,22.75,15.98,172.5,33.6,150.20000000000002,29.04,33.2,33.9,91.5,15.600000000000001,57.2,100.0,243.5,2893.0,1.36,36.65,15.030000000000001,6.95,36.01,29.0,2.0,234.5,1200.0
30602.355,0.0,140.0,90.30000000000001,22.73,15.96,171.0,33.300000000000004,152.0,28.990000000000002,33.32,33.85,91.0,15.600000000000001,58.2,99.7,240.5,2894.0,1.46,36.75,15.0,7.0200000000000005,35.95,29.05,1.0,239.0,1200.0
30662.355,0.0,140.0,91.2,22.7,16.01,172.5,33.35,152.8,28.990000000000002,33.230000000000004,33.85,93.0,15.75,57.7,100.0,237.5,2896.0,1.34,36.7,14.99,6.92,36.050000000000004,28.95,1.0,239.0,1200.0
30722.355,0.0,140.0,89.2,22.7,16.0,171.0,33.5,151.0,28.95,33.24,33.9,92.5,15.8,57.300000000000004,99.7,239.5,2898.0,1.47,36.800000000000004,14.98,6.93,36.01,29.04,0.0,242.5,1200.0
30782.355,0.0,140.0,92.5,22.67,16.0,172.5,33.5,153.4,28.94,33.32,33.75,91.0,15.700000000000001,57.5,99.9,242.5,2898.0,1.37,36.7,14.94,7.05,35.9,28.88,0.0,240.5,1200.0
30842.355,0.0,140.0,92.10000000000001,22.740000000000002,15.950000000000001,169.0,33.4,150.3,29.1,33.25,33.800000000000004,92.5,15.65,58.1,99.9,238.0,2895.0,1.52,36.800000000000004,15.02,6.99,36.02,28.88,0.0,246.0,1200.0
30902.354,0.0,140.0,92.2,22.7,15.94,173.5,33.6,151.9,29.05,33.4,33.9,93.5,15.55,57.1,99.80000000000001,236.0,2898.0,1.43,36.65,14.96,7.07,36.04,29.02,2.0,240.5,1200.0
30962.354,0.0,140.0,89.60000000000001,22.66,15.93,172.0,33.4,152.3,29.0,33.22,33.85,91.0,15.600000000000001,57.300000000000004,99.7,241.5,2892.0,1.33,36.75,14.98,7.01,35.99,29.04,1.0,241.5,1200.0
31022.354,0.0,140.0,92.10000000000001,22.77,16.02,174.0,33.5,152.1,28.95,33.34,33.800000000000004,91.0,15.700000000000001,57.400000000000006,99.9,242.0,2892.0,1.3900000000000001,36.85,14.97,7.05,35.92,29.04,2.0,244.5,1200.0
31082.354,0.0,140.0,90.60000000000001,22.73,16.07,172.0,33.4,150.70000000000002,28.990000000000002,33.36,33.75,91.5,15.55,57.800000000000004,99.80000000000001,243.5,2895.0,1.36,36.85,15.02,7.01,36.13,29.060000000000002,2.0,238.0,1200.0
31142.354,0.0,140.0,90.5,22.77,15.97,171.0,33.5,150.70000000000002,28.990000000000002,33.27,33.75,90.5,15.75,57.400000000000006,99.9,239.5,2896.0,1.36,36.9,15.07,7.01,36.06,28.95,0.0,243.0,1200.0
31202.354,0.0,140.0,90.7,22.71,15.96,171.0,33.300000000000004,151.3,28.93,33.32,33.800000000000004,91.5,15.8,57.5,100.0,237.5,2899.0,1.45,36.7,15.0,6.97,35.96,28.97,1.0,237.5,1200.0
31262.353,0.0,140.0,91.60000000000001,22.72,15.94,170.5,33.550000000000004,149.6,28.94,33.33,33.9,95.5,15.700000000000001,57.5,100.0,244.5,2899.0,1.36,36.85,15.01,7.0,36.01,28.96,2.0,240.0,1200.0
31322.353,0.0,140.0,90.30000000000001,22.67,15.97,172.5,33.4,151.8,29.0,33.33,33.85,94.0,15.600000000000001,57.5,99.60000000000001,240.5,2896.0,1.27,36.65,15.040000000000001,6.97,36.0,28.98,0.0,241.5,1200.0
31382.353,0.0,140.0,90.4,22.71,15.98,170.5,33.550000000000004,150.20000000000002,28.990000000000002,33.27,33.85,93.0,15.8,57.5,99.7,244.0,2904.0,1.51,36.75,15.05,6.94,36.02,29.07,1.0,240.5,1200.0
31442.353,0.0,140.0,90.10000000000001,22.69,16.01,172.0,33.550000000000004,152.0,29.080000000000002,33.36,34.0,90.0,15.700000000000001,57.6,99.9,245.5,2898.0,1.3900000000000001,36.9,15.030000000000001,6.98,35.95,29.07,1.0,243.5,1200.0
31502.353,0.0,140.0,90.60000000000001,22.66,15.98,172.5,33.6,151.4,29.1,33.39,33.9,89.5,15.75,57.6,99.7,240.5,2903.0,1.21,36.75,14.98,7.0200000000000005,36.07,28.92,3.0,243.0,1200.0
31562.353,0.0,140.0,91.30000000000001,22.69,16.01,171.0,33.45,151.20000000000002,29.05,33.4,34.0,92.0,15.700000000000001,56.900000000000006,100.0,243.0,2896.0,1.33,36.75,15.01,6.99,35.92,28.93,2.0,243.0,1200.0
31622.352,0.0,140.0,90.60000000000001,22.63,16.02,172.0,33.5,151.0,29.080000000000002,33.42,33.800000000000004,92.0,15.600000000000001,58.0,100.0,243.0,2898.0,1.46,36.9,15.05,7.03,35.97,28.990000000000002,1.0,240.0,1200.0
31682.352,0.0,140.0,91.9,22.64,16.02,173.0,33.5,150.3,29.1,33.480000000000004,33.85,92.5,15.850000000000001,57.300000000000004,99.60000000000001,245.0,2906.0,1.45,36.75,15.05,7.03,35.96,28.93,0.0,244.0,1200.0
31742.352,0.0,140.0,90.30000000000001,22.62,15.98,171.5,33.550000000000004,152.70000000000002,29.13,33.4,33.85,92.5,15.75,57.1,99.60000000000001,240.5,2905.0,1.44,36.7,15.06,7.0200000000000005,35.980000000000004,29.01,0.0,242.5,1200.0
31802.352,0.0,140.0,91.80000000000001,22.68,15.96,174.5,33.6,151.6,29.2,33.39,34.0,93.5,15.65,57.400000000000006,100.0,243.0,2904.0,1.3800000000000001,36.85,15.0,7.01,35.980000000000004,29.0,0.0,241.5,1200.0
31862.352,0.0,140.0,90.60000000000001,22.61,16.01,173.5,33.45,150.9,29.13,33.4,33.85,93.0,15.75,57.0,99.5,244.5,2905.0,1.33,36.800000000000004,14.98,7.04,36.050000000000004,29.0,1.0,245.0,1200.0
31922.352,0.0,140.0,90.9,22.64,16.02,171.0,33.6,150.70000000000002,29.05,33.4,34.0,95.5,15.75,56.900000000000006,99.7,245.5,2907.0,1.58,36.85,14.92,6.98,35.95,28.97,0.0,240.0,1200.0
31982.351,0.0,140.0,88.7,22.59,16.0,173.5,33.6,152.20000000000002,29.1,33.52,33.95,90.0,15.75,56.900000000000006,100.0,243.5,2899.0,1.6600000000000001,36.95,15.02,6.95,35.99,29.080000000000002,0.0,243.0,1200.0
32042.351,0.0,140.0,90.4,22.68,16.06,173.5,33.6,150.0,29.23,33.49,33.85,92.0,15.700000000000001,57.5,100.0,242.5,2904.0,1.46,36.75,15.040000000000001,6.94,35.99,29.1,0.0,240.5,1200.0
32102.351,0.0,140.0,92.10000000000001,22.62,16.03,174.0,33.550000000000004,151.6,29.19,33.45,33.9,91.0,15.75,57.6,100.0,239.5,2906.0,1.3800000000000001,36.800000000000004,14.97,7.03,35.95,29.0,1.0,240.5,1200.0
32162.351,0.0,140.0,91.2,22.650000000000002,15.97,170.5,33.7,151.0,29.11,33.45,33.9,92.0,15.8,57.300000000000004,100.0,241.0,2908.0,1.3900000000000001,36.800000000000004,14.96,7.01,36.050000000000004,29.03,0.0,244.0,1200.0
32222.351,0.0,140.0,90.2,22.66,16.04,173.0,33.4,151.6,29.19,33.480000000000004,34.0,93.5,15.850000000000001,57.300000000000004,99.7,243.0,2907.0,1.47,36.85,14.99,7.0,36.03,28.990000000000002,0.0,243.0,1200.0
32282.351,0.0,140.0,90.60000000000001,22.73,15.93,173.0,33.7,151.4,29.2,33.47,34.050000000000004,94.5,15.8,57.6,100.0,248.0,2907.0,1.3800000000000001,36.9,14.950000000000001,6.95,36.01,28.990000000000002,0.0,243.0,1200.0
32342.35,0.0,140.0,88.5,22.73,15.99,171.0,33.6,151.6,29.13,33.43,33.85,90.0,15.75,57.400000000000006,99.80000000000001,243.0,2902.0,1.27,36.800000000000004,14.97,7.05,36.03,29.02,1.0,243.0,1200.0
32402.35,0.0,140.0,90.60000000000001,22.71,16.03,172.5,33.7,151.20000000000002,29.150000000000002,33.45,34.1,91.0,15.700000000000001,57.400000000000006,100.0,245.5,2909.0,1.3900000000000001,36.95,15.030000000000001,7.01,35.9,28.990000000000002,1.0,237.0,1200.0
32462.35,0.0,140.0,91.4,22.650000000000002,15.97,172.5,33.550000000000004,152.70000000000002,29.12,33.44,33.95,89.5,15.75,57.6,100.0,242.5,2908.0,1.48,36.9,15.02,7.04,35.99,29.02,0.0,241.0,1200.0
32522.35,0.0,140.0,91.5,22.68,16.01,172.5,33.65,153.0,29.05,33.52,34.050000000000004,91.0,15.75,57.5,99.9,239.5,2908.0,1.32,36.85,15.06,6.96,35.9,29.01,1.0,242.5,1200.0
32582.35,0.0,140.0,91.30000000000001,22.76,15.96,174.0,33.6,152.20000000000002,29.1,33.5,34.0,94.0,15.75,57.400000000000006,100.0,242.0,2907.0,1.48,36.95,15.02,7.0200000000000005,35.96,29.07,0.0,242.0,1200.0
32642.35,0.0,140.0,89.80000000000001,22.66,16.080000000000002,171.0,33.5,152.20000000000002,29.09,33.33,33.75,93.0,15.75,57.5,100.0,246.5,2899.0,1.4000000000000001,37.0,15.07,7.01,36.050000000000004,28.95,2.0,244.0,1200.0
32702.349,0.0,140.0,89.2,22.740000000000002,15.93,174.5,33.35,151.20000000000002,29.04,33.42,33.800000000000004,92.0,15.850000000000001,57.400000000000006,99.7,241.5,2908.0,1.27,36.9,15.040000000000001,6.97,35.99,29.07,0.0,240.5,1200.0
32762.349,0.0,140.0,90.10000000000001,22.740000000000002,16.01,173.5,33.5,150.70000000000002,29.13,33.34,33.9,94.5,15.850000000000001,58.0,99.60000000000001,241.0,2900.0,1.4000000000000001,36.9,14.96,7.05,36.02,29.0,0.0,245.5,1200.0
32822.349,0.0,140.0,91.4,22.71,16.01,172.0,33.550000000000004,150.20000000000002,28.97,33.43,33.95,94.0,15.75,57.5,100.0,244.5,2902.0,1.35,37.0,15.01,6.98,36.0,28.990000000000002,1.0,240.0,1200.0
32882.349,0.0,140.0,91.10000000000001,22.67,16.02,170.0,33.45,152.9,29.09,33.37,33.85,92.0,15.600000000000001,58.0,99.80000000000001,240.5,2909.0,1.3800000000000001,36.95,15.030000000000001,7.04,36.13,28.98,0.0,237.5,1200.0
32942.349,0.0,140.0,90.5,22.67,16.06,171.0,33.35,152.0,29.01,33.36,33.9,91.0,15.700000000000001,58.300000000000004,99.9,242.0,2899.0,1.23,36.95,14.96,6.97,35.97,28.900000000000002,0.0,241.0,1200.0
33002.349,0.0,140.0,90.80000000000001,22.72,16.0,173.0,33.5,151.70000000000002,29.060000000000002,33.34,33.9,94.0,15.75,57.6,100.0,238.0,2903.0,1.42,37.0,15.05,6.98,36.050000000000004,29.060000000000002,1.0,239.0,1200.0
33062.348,0.0,140.0,89.9,22.650000000000002,16.03,171.5,33.4,152.1,28.96,33.34,33.9,91.5,15.75,57.300000000000004,100.0,239.0,2900.0,1.34,36.800000000000004,15.030000000000001,6.92,36.02,29.05,0.0,241.0,1200.0
33122.348,0.0,140.0,91.0,22.8,15.97,172.5,33.4,152.3,28.98,33.34,33.85,91.5,15.75,57.400000000000006,99.80000000000001,239.0,2900.0,1.3900000000000001,36.9,14.99,7.0200000000000005,35.980000000000004,29.01,0.0,243.5,1200.0
33182.348,0.0,140.0,91.30000000000001,22.71,15.950000000000001,171.5,33.45,149.9,29.02,33.35,33.85,92.5,15.65,57.800000000000004,100.0,247.5,2898.0,1.45,36.75,15.0,6.97,36.09,28.95,0.0,241.0,1200.0
33242.348,0.0,140.0,89.5,22.8,15.99,170.5,33.4,150.6,28.98,33.27,33.75,91.5,15.700000000000001,58.0,99.9,241.0,2896.0,1.54,37.0,14.94,6.97,35.95,29.11,0.0,243.0,1200.0
33302.348,0.0,140.0,92.10000000000001,22.72,16.02,170.5,33.4,151.3,28.96,33.4,33.85,93.5,15.700000000000001,57.6,100.0,241.5,2897.0,1.62,36.95,15.0,7.01,35.93,28.96,0.0,240.5,1200.0
33362.348,0.0,140.0,91.10000000000001,22.68,15.98,169.5,33.300000000000004,152.9,28.97,33.3,33.9,95.0,15.65,57.800000000000004,99.80000000000001,241.5,2895.0,1.54,36.75,15.0,6.97,36.07,28.990000000000002,0.0,241.5,1200.0
33422.348,0.0,140.0,91.2,22.740000000000002,15.99,171.5,33.45,150.9,28.93,33.230000000000004,33.9,92.0,15.850000000000001,58.6,99.60000000000001,243.0,2899.0,1.27,36.85,14.98,7.01,36.01,29.04,0.0,241.0,1200.0
33482.347,0.0,140.0,91.10000000000001,22.76,16.07,171.0,33.45,152.3,28.97,33.160000000000004,33.800000000000004,92.0,15.65,57.400000000000006,100.0,244.0,2900.0,1.4000000000000001,36.95,15.040000000000001,7.01,36.07,29.01,2.0,247.5,1200.0
33542.347,0.0,140.0,92.5,22.67,16.03,170.0,33.4,151.5,29.02,33.230000000000004,33.75,94.5,15.55,58.0,100.0,239.5,2899.0,1.48,36.7,15.030000000000001,7.03,36.09,28.96,0.0,239.5,1200.0
33602.347,0.0,140.0,90.60000000000001,22.77,16.0,172.0,33.35,150.8,28.94,33.18,33.75,93.5,15.9,57.7,100.0,247.0,2901.0,1.48,36.800000000000004,15.01,7.0600000000000005,36.09,29.0,0.0,236.5,1200.0
33662.347,0.0,140.0,90.4,22.76,15.92,172.5,33.25,151.8,28.91,33.2,33.65,93.0,15.700000000000001,57.900000000000006,99.9,239.0,2894.0,1.58,36.9,14.96,6.96,35.96,29.0,2.0,241.5,1200.0
33722.347,0.0,140.0,89.80000000000001,22.73,15.97,169.5,33.35,152.5,28.95,33.29,33.800000000000004,93.5,15.9,57.800000000000004,100.0,239.5,2899.0,1.55,36.65,14.96,7.0200000000000005,35.97,28.93,1.0,244.5,1200.0
33782.347,0.0,140.0,91.2,22.69,15.99,171.5,33.45,151.4,28.95,33.42,33.75,93.0,15.600000000000001,57.5,99.60000000000001,246.5,2895.0,1.57,36.800000000000004,15.0,7.08,35.99,29.05,0.0,236.0,1200.0
33842.346,0.0,140.0,90.7,22.71,16.04,172.5,33.35,152.3,28.900000000000002,33.32,33.75,91.5,15.8,58.0,99.80000000000001,241.0,2898.0,1.51,36.9,15.01,7.0,36.01,28.96,0.0,240.5,1200.0
33902.346,0.0,140.0,90.0,22.650000000000002,16.02,174.0,33.4,150.9,28.93,33.25,33.800000000000004,91.0,15.75,57.6,100.0,245.5,2893.0,1.48,36.85,15.02,6.96,36.03,28.97,1.0,241.0,1200.0
33962.346,0.0,140.0,91.0,22.72,15.92,172.5,33.35,151.20000000000002,28.98,33.3,33.75,92.0,15.65,57.800000000000004,99.7,244.0,2888.0,1.35,36.75,14.97,6.96,36.0,28.96,2.0,233.5,1200.0
34022.346,0.0,140.0,90.30000000000001,22.66,15.97,172.5,33.5,149.5,28.86,33.25,33.800000000000004,92.0,15.700000000000001,58.2,99.7,239.5,2894.0,1.32,36.7,15.01,6.94,35.980000000000004,28.96,0.0,239.5,1200.0
34082.346,0.0,140.0,91.5,22.64,16.0,169.5,33.4,151.70000000000002,28.95,33.24,33.800000000000004,92.5,15.700000000000001,57.800000000000004,100.0,238.0,2896.0,1.44,36.65,14.98,6.94,36.08,28.94,0.0,238.5,1200.0
34142.346,0.0,140.0,89.2,22.64,15.99,173.5,33.4,153.20000000000002,28.94,33.25,33.75,95.0,15.8,57.800000000000004,100.0,238.5,2896.0,1.41,36.7,15.0,6.99,36.07,28.98,2.0,237.0,1200.0
34202.346,0.0,140.0,91.7,22.67,16.02,172.0,33.300000000000004,150.9,28.93,33.19,33.9,91.5,15.700000000000001,57.5,100.0,240.5,2887.0,1.37,36.75,15.0,7.01,35.980000000000004,29.03,0.0,239.0,1200.0
34262.345,0.0,140.0,91.4,22.68,15.97,172.0,33.25,150.6,28.94,33.27,33.800000000000004,93.5,15.75,58.1,100.0,239.0,2893.0,1.46,36.800000000000004,15.030000000000001,6.97,36.01,29.04,0.0,244.0,1200.0
34322.345,0.0,140.0,89.60000000000001,22.7,16.07,171.5,33.35,151.8,28.92,33.25,33.800000000000004,91.0,15.65,58.0,99.80000000000001,242.5,2894.0,1.18,36.75,14.96,7.0,35.980000000000004,29.080000000000002,1.0,239.5,1200.0
34382.345,0.0,140.0,91.4,22.71,16.03,171.0,33.35,151.20000000000002,28.94,33.21,33.9,90.5,15.700000000000001,58.2,100.0,237.5,2891.0,1.35,36.7,15.05,7.0,35.88,28.91,0.0,240.5,1200.0
34442.345,0.0,140.0,90.30000000000001,22.64,15.97,172.5,33.5,151.70000000000002,28.91,33.2,33.800000000000004,92.0,15.75,58.0,100.0,243.0,2892.0,1.5,36.75,14.97,7.07,35.97,29.09,0.0,244.5,1200.0
34502.345,0.0,140.0,88.4,22.69,16.02,171.0,33.4,151.1,28.93,33.22,33.75,92.5,15.850000000000001,58.0,100.0,238.0,2889.0,1.29,36.85,14.99,6.98,35.97,29.01,0.0,239.0,1200.0
34562.345,0.0,140.0,90.7,22.76,16.01,173.0,33.45,154.8,28.900000000000002,33.28,33.75,91.0,15.75,57.5,100.0,237.0,2893.0,1.56,36.65,14.93,6.97,36.06,28.97,3.0,242.0,1200.0
34622.344,0.0,140.0,90.9,22.69,16.05,171.5,33.15,153.4,28.91,33.21,33.85,93.5,15.65,57.300000000000004,100.0,239.0,2887.0,1.49,36.7,14.98,6.99,36.03,28.95,0.0,237.5,1200.0
34682.344,0.0,140.0,91.7,22.57,16.06,171.0,33.300000000000004,152.5,28.88,33.32,33.95,93.0,15.75,57.7,99.80000000000001,237.0,2889.0,1.3800000000000001,36.65,15.030000000000001,7.0200000000000005,35.97,29.01,0.0,237.0,1200.0
34742.344,0.0,140.0,91.0,22.7,16.01,171.0,33.35,152.1,28.92,33.2,33.7,94.0,15.75,57.7,100.0,246.5,2889.0,1.35,36.550000000000004,15.030000000000001,7.05,36.04,29.02,1.0,239.0,1200.0
34802.344,0.0,140.0,90.9,22.71,16.01,170.5,33.5,151.0,28.900000000000002,33.230000000000004,33.7,93.5,15.700000000000001,57.7,100.0,238.0,2892.0,1.26,36.7,14.98,6.95,35.96,29.02,0.0,240.5,1200.0
34862.344,0.0,140.0,89.80000000000001,22.68,15.98,171.0,33.25,153.0,28.92,33.230000000000004,33.95,93.5,15.75,57.800000000000004,100.0,240.5,2890.0,1.4000000000000001,36.7,15.02,6.98,36.0,29.02,2.0,236.5,1200.0
34922.344,0.0,140.0,88.80000000000001,22.7,16.0,171.5,33.4,151.20000000000002,28.78,33.32,33.75,92.0,15.700000000000001,57.7,100.0,243.0,2889.0,1.28,36.65,15.06,6.96,36.06,29.04,0.0,236.0,1200.0
34982.344,0.0,140.0,91.10000000000001,22.69,16.04,173.0,33.35,152.0,28.900000000000002,33.2,34.0,92.5,15.65,58.0,99.7,237.5,2896.0,1.33,36.6,15.02,6.99,35.94,28.98,0.0,238.0,1200.0
35042.343,0.0,140.0,90.10000000000001,22.72,15.96,171.0,33.4,150.70000000000002,28.93,33.26,33.9,93.5,15.8,57.800000000000004,100.0,242.0,2894.0,1.45,36.75,15.0,7.0,35.97,28.93,0.0,240.0,1200.0
35102.343,0.0,140.0,92.30000000000001,22.69,15.97,169.0,33.5,151.4,29.0,33.32,33.800000000000004,93.5,15.65,57.7,99.4,241.0,2893.0,1.5,36.7,15.030000000000001,6.99,35.97,29.07,0.0,242.5,1200.0
35162.343,0.0,140.0,90.5,22.68,15.93,173.5,33.5,152.20000000000002,28.91,33.27,33.75,92.5,15.8,57.800000000000004,100.0,241.0,2893.0,1.3900000000000001,36.75,14.91,6.98,35.980000000000004,28.97,1.0,241.0,1200.0
35222.343,0.0,140.0,90.7,22.75,15.98,171.5,33.5,151.3,28.93,33.32,33.85,91.5,15.65,58.1,100.0,240.0,2888.0,1.52,36.75,15.030000000000001,7.0200000000000005,36.050000000000004,28.95,1.0,240.0,1200.0
35282.343,0.0,140.0,91.2,22.740000000000002,16.03,171.0,33.45,151.6,28.97,33.08,33.95,91.5,15.65,58.0,99.9,239.0,2894.0,1.34,36.800000000000004,15.030000000000001,6.95,35.95,29.03,2.0,245.5,1200.0
35342.343,0.0,140.0,92.60000000000001,22.7,15.950000000000001,173.0,33.5,150.3,28.900000000000002,33.28,33.85,92.0,15.75,57.6,100.0,241.5,2900.0,1.45,36.65,15.02,6.99,36.0,28.96,0.0,239.5,1200.0
35402.343,0.0,140.0,91.80000000000001,22.71,16.06,172.5,33.300000000000004,149.3,29.03,33.31,33.75,93.0,15.8,57.1,100.0,238.0,2904.0,1.29,36.65,15.01,7.0200000000000005,36.01,28.990000000000002,0.0,243.0,1200.0
35462.342,0.0,140.0,89.30000000000001,22.82,16.03,171.5,33.4,151.1,29.080000000000002,33.34,33.65,93.5,15.700000000000001,57.2,99.9,240.0,2903.0,1.26,36.85,15.07,6.96,35.96,29.0,0.0,240.0,1200.0
35522.342,0.0,140.0,90.60000000000001,22.7,15.97,172.0,33.35,149.3,28.86,33.33,33.85,91.0,15.8,58.0,99.80000000000001,242.0,2900.0,1.55,36.75,14.91,6.96,36.03,29.03,0.0,243.0,1200.0
35582.342,0.0,140.0,90.4,22.69,16.05,172.0,33.35,152.20000000000002,28.98,33.39,33.75,92.0,15.600000000000001,57.7,100.0,243.0,2902.0,1.51,36.85,14.94,6.96,36.08,29.05,1.0,242.0,1200.0
35642.342,0.0,140.0,90.60000000000001,22.66,15.98,172.5,33.45,149.3,28.86,33.42,33.800000000000004,92.5,15.700000000000001,57.900000000000006,100.0,245.0,2897.0,1.44,36.95,14.93,7.0,35.910000000000004,29.0,1.0,246.5,1200.0
35702.342,0.0,140.0,90.7,22.72,16.03,171.5,33.45,152.6,28.92,33.3,33.7,91.0,15.75,57.7,99.60000000000001,241.0,2899.0,1.45,36.95,14.99,6.96,36.02,29.060000000000002,0.0,241.5,1200.0
35762.342,0.0,140.0,90.9,22.69,16.01,171.5,33.2,150.3,28.990000000000002,33.32,33.75,92.5,15.700000000000001,57.6,100.0,240.0,2897.0,1.48,36.800000000000004,15.08,7.07,36.08,28.98,0.0,236.5,1200.0
35822.342,0.0,140.0,91.9,22.81,15.97,170.5,33.4,151.8,28.94,33.37,33.9,92.5,15.700000000000001,57.5,99.60000000000001,244.0,2894.0,1.51,36.800000000000004,14.96,7.0,35.96,28.92,1.0,240.0,1200.0
35882.341,0.0,140.0,89.4,22.71,16.01,171.0,33.300000000000004,152.3,28.990000000000002,33.28,33.800000000000004,94.5,15.600000000000001,58.2,99.60000000000001,240.0,2895.0,1.49,36.9,15.0,7.0,35.980000000000004,29.05,1.0,235.0,1200.0
35942.341,0.0,140.0,90.0,22.69,16.1,171.5,33.35,151.9,29.01,33.33,33.800000000000004,93.5,15.65,57.300000000000004,99.80000000000001,244.0,2893.0,1.49,36.65,14.950000000000001,6.97,36.050000000000004,29.03,0.0,237.0,1200.0
36002.341,0.0,140.0,89.60000000000001,22.68,16.0,171.5,33.45,150.0,28.990000000000002,33.27,33.85,92.0,15.700000000000001,57.5,99.80000000000001,243.0,2895.0,1.34,36.75,15.01,7.0,35.980000000000004,28.95,0.0,238.0,1200.0
36062.341,0.0,140.0,91.0,22.61,15.99,172.5,33.45,152.9,28.990000000000002,33.18,33.75,92.0,15.600000000000001,57.2,99.60000000000001,244.5,2890.0,1.24,36.75,14.99,6.96,36.03,29.07,0.0,236.0,1200.0
36122.341,0.0,140.0,89.10000000000001,22.650000000000002,15.9,172.0,33.550000000000004,151.6,28.95,33.19,33.9,94.0,15.65,57.400000000000006,99.7,243.0,2893.0,1.23,36.85,14.99,6.99,36.050000000000004,29.01,1.0,238.5,1200.0
36182.341,0.0,140.0,89.7,22.61,16.03,171.0,33.45,150.9,28.97,33.31,33.9,92.5,15.8,57.5,100.0,239.0,2894.0,1.49,36.800000000000004,15.0,6.95,36.01,28.95,1.0,236.0,1200.0
36242.341,0.0,140.0,91.4,22.67,16.05,171.0,33.25,151.1,28.84,33.230000000000004,33.85,94.0,15.75,57.7,100.0,238.5,2889.0,1.35,36.75,14.97,7.05,35.99,29.05,0.0,241.0,1200.0
36302.34,0.0,140.0,91.9,22.69,15.99,171.5,33.35,152.6,28.97,33.25,33.7,94.0,15.850000000000001,57.7,99.60000000000001,239.0,2894.0,1.48,36.75,15.030000000000001,7.0,35.96,28.97,0.0,238.0,1200.0
36362.34,0.0,140.0,90.7,22.7,15.96,169.5,33.25,150.5,28.93,33.32,33.800000000000004,92.0,15.75,57.800000000000004,99.9,238.5,2890.0,1.3,36.75,15.0,6.98,36.08,28.990000000000002,0.0,235.5,1200.0
36422.34,0.0,140.0,92.4,22.72,15.99,171.0,33.300000000000004,152.3,28.990000000000002,33.21,33.75,92.0,15.8,57.800000000000004,100.0,242.0,2887.0,1.33,36.75,14.96,7.0600000000000005,36.13,29.0,0.0,239.0,1200.0
36482.34,0.0,140.0,91.9,22.68,15.98,171.0,33.25,151.3,28.95,33.21,33.85,92.0,15.700000000000001,57.6,100.0,239.0,2889.0,1.37,36.7,15.040000000000001,7.04,36.06,28.96,0.0,241.5,1200.0
36542.34,0.0,140.0,91.80000000000001,22.6,16.04,172.0,33.300000000000004,151.4,28.88,33.29,33.75,93.5,15.75,57.1,99.7,240.5,2888.0,1.43,36.6,14.96,6.97,35.980000000000004,28.97,0.0,240.0,1200.0
36602.34,0.0,140.0,91.60000000000001,22.650000000000002,16.01,172.0,33.25,150.8,28.89,33.27,33.85,93.0,15.75,57.7,100.0,236.0,2891.0,1.41,36.75,15.01,7.01,35.9,29.07,1.0,235.0,1200.0
36662.34,0.0,140.0,90.9,22.66,16.05,169.5,33.4,151.8,28.900000000000002,33.160000000000004,33.65,93.5,15.55,57.7,100.0,236.0,2884.0,1.51,36.7,15.040000000000001,7.07,36.09,28.990000000000002,2.0,243.5,1200.0
36722.339,0.0,140.0,91.4,22.62,15.93,171.5,33.300000000000004,152.4,28.89,33.230000000000004,33.75,96.0,15.65,57.2,100.0,237.5,2889.0,1.43,36.550000000000004,14.94,6.99,36.02,28.93,0.0,238.5,1200.0
36782.339,0.0,140.0,89.4,22.6,16.01,169.5,33.4,150.6,28.86,33.26,33.75,94.5,15.600000000000001,57.2,99.7,242.5,2879.0,1.21,36.6,14.99,7.04,35.96,29.04,1.0,233.0,1200.0
36842.339,0.0,140.0,92.2,22.63,16.05,169.5,33.25,152.20000000000002,28.87,33.13,33.75,91.5,15.850000000000001,57.1,100.0,238.5,2885.0,1.27,36.7,14.98,6.99,36.0,28.990000000000002,0.0,237.5,1200.0
36902.339,0.0,140.0,90.7,22.64,16.05,168.0,33.35,151.5,28.93,33.24,33.75,92.0,15.65,57.800000000000004,99.7,240.5,2878.0,1.41,36.550000000000004,15.030000000000001,7.03,36.0,28.98,0.0,237.0,1200.0
36962.339,0.0,140.0,90.60000000000001,22.68,16.07,171.0,33.25,151.4,28.79,33.160000000000004,33.65,93.5,15.75,57.5,100.0,239.0,2881.0,1.32,36.6,14.98,7.05,36.07,29.04,0.0,237.5,1200.0
37022.339,0.0,140.0,90.30000000000001,22.7,16.05,170.5,33.45,149.70000000000002,28.830000000000002,33.1,33.65,94.0,15.75,57.800000000000004,100.0,238.0,2884.0,1.62,36.65,14.97,6.92,35.93,28.96,1.0,241.0,1200.0
37082.339,0.0,140.0,90.7,22.67,15.98,168.5,33.35,151.0,28.82,33.12,33.6,92.5,15.700000000000001,58.1,100.0,239.5,2881.0,1.41,36.6,14.950000000000001,6.98,35.95,29.04,0.0,241.0,1200.0
37142.338,0.0,140.0,91.30000000000001,22.72,15.84,168.5,33.35,152.6,28.76,33.11,33.65,91.5,15.8,58.0,100.0,234.5,2883.0,1.37,36.7,14.89,6.99,36.07,29.04,1.0,237.0,1200.0
37202.338,0.0,140.0,90.9,22.63,16.02,172.5,33.4,151.20000000000002,28.740000000000002,33.07,33.800000000000004,95.0,15.600000000000001,58.300000000000004,100.0,237.0,2885.0,1.32,36.7,15.05,6.97,36.03,29.09,0.0,235.5,1200.0
37262.338,0.0,140.0,90.4,22.77,16.03,171.5,33.2,151.4,28.77,33.15,33.6,92.5,15.8,57.7,100.0,235.5,2880.0,1.33,36.6,14.98,7.01,35.95,29.0,1.0,239.0,1200.0
37322.338,0.0,140.0,91.10000000000001,22.7,16.02,170.0,33.35,152.1,28.76,33.12,33.65,94.0,15.55,57.900000000000006,100.0,238.0,2888.0,1.31,36.65,15.05,7.1000000000000005,36.07,28.96,0.0,234.0,1200.0
37382.338,0.0,140.0,90.80000000000001,22.72,15.98,171.0,33.300000000000004,151.20000000000002,28.84,33.17,33.5,91.5,15.700000000000001,58.0,99.7,241.0,2881.0,1.47,36.75,15.01,6.91,35.93,28.96,0.0,239.0,1200.0
37442.338,0.0,140.0,91.80000000000001,22.7,16.01,169.5,33.45,151.8,28.84,33.15,33.7,94.0,15.600000000000001,57.7,100.0,239.0,2886.0,1.5,36.65,15.0,7.0600000000000005,36.0,28.91,1.0,240.0,1200.0
37502.338,0.0,140.0,90.60000000000001,22.66,16.02,169.5,33.15,153.8,28.76,33.17,33.6,91.0,15.75,58.300000000000004,99.7,240.5,2883.0,1.48,36.550000000000004,14.950000000000001,7.03,36.01,28.990000000000002,0.0,240.5,1200.0
37562.337,0.0,140.0,90.5,22.75,15.92,170.5,33.2,150.70000000000002,28.89,33.11,33.550000000000004,91.0,15.75,57.7,99.80000000000001,236.5,2884.0,1.3900000000000001,36.6,15.0,7.03,36.01,28.98,1.0,240.0,1200.0
37622.337,0.0,140.0,88.80000000000001,22.71,15.950000000000001,171.5,33.25,153.0,28.88,33.18,33.75,92.0,15.600000000000001,58.400000000000006,100.0,237.5,2887.0,1.34,36.550000000000004,15.0,6.98,36.03,29.05,1.0,238.0,1200.0
37682.337,0.0,140.0,91.7,22.7,16.05,172.0,33.2,150.1,28.87,33.18,33.75,92.5,15.700000000000001,58.2,100.0,238.5,2883.0,1.45,36.5,15.08,7.01,35.97,29.03,0.0,237.5,1200.0
37742.337,0.0,140.0,91.30000000000001,22.69,15.98,170.0,33.300000000000004,150.20000000000002,28.77,33.19,33.7,91.5,15.65,58.300000000000004,100.0,239.5,2884.0,1.54,36.550000000000004,14.98,7.04,36.02,29.05,0.0,238.0,1200.0
37802.337,0.0,140.0,90.4,22.73,16.04,169.5,33.4,151.1,28.82,33.17,33.7,90.0,15.65,58.2,100.0,241.5,2882.0,1.31,36.7,15.06,6.890000000000001,35.980000000000004,28.990000000000002,2.0,237.0,1200.0
37862.337,0.0,140.0,93.30000000000001,22.71,15.93,170.5,33.45,151.0,28.85,33.17,33.65,94.0,15.600000000000001,58.0,99.60000000000001,242.0,2883.0,1.36,36.75,15.01,7.01,36.01,28.98,2.0,246.0,1200.0
37922.337,0.0,140.0,91.80000000000001,22.72,16.06,171.5,33.300000000000004,152.8,28.85,33.09,33.7,91.5,15.8,57.900000000000006,100.0,243.5,2886.0,1.46,36.65,14.97,7.11,35.95,29.09,2.0,241.5,1200.0
37982.337,0.0,140.0,92.30000000000001,22.66,15.84,171.0,33.45,151.6,28.810000000000002,33.17,33.6,93.5,15.850000000000001,57.800000000000004,99.80000000000001,242.0,2891.0,1.44,36.7,14.97,7.0,36.01,28.94,2.0,233.5,1200.0
38042.336,0.0,140.0,91.60000000000001,22.68,16.04,170.5,33.25,150.9,28.75,33.14,33.550000000000004,91.0,15.75,58.2,99.7,240.0,2887.0,1.43,36.6,14.98,6.95,36.03,28.95,1.0,235.0,1200.0
38102.336,0.0,140.0,91.30000000000001,22.69,15.99,170.5,33.300000000000004,151.6,28.75,33.19,33.7,92.5,15.65,58.0,100.0,238.5,2885.0,1.4000000000000001,36.65,14.94,7.03,36.07,28.990000000000002,0.0,243.0,1200.0
38162.336,0.0,140.0,91.9,22.67,16.04,171.0,33.300000000000004,151.3,28.86,33.11,33.6,94.0,15.5,57.6,100.0,244.5,2887.0,1.3800000000000001,36.65,14.96,6.96,36.04,28.96,1.0,240.0,1200.0
38222.336,0.0,140.0,90.80000000000001,22.72,16.01,171.0,33.4,152.0,28.8,33.1,33.65,93.5,15.75,58.300000000000004,99.7,237.5,2885.0,1.51,36.800000000000004,15.040000000000001,6.98,35.99,28.96,3.0,236.5,1200.0
38282.336,0.0,140.0,90.4,22.68,15.99,170.5,33.300000000000004,151.6,28.830000000000002,33.25,33.75,93.5,15.65,58.0,100.0,240.5,2891.0,1.34,36.6,14.98,6.97,36.02,29.01,0.0,239.5,1200.0
38342.336,0.0,140.0,88.9,22.7,15.950000000000001,170.5,33.4,150.3,28.86,33.22,33.6,92.5,15.600000000000001,58.1,100.0,237.0,2887.0,1.44,36.65,15.02,7.0,35.96,28.98,0.0,238.0,1200.0
38402.336,0.0,140.0,91.80000000000001,22.740000000000002,16.02,171.0,33.25,149.5,28.85,33.18,33.5,92.5,15.65,57.800000000000004,99.9,240.5,2883.0,1.48,36.550000000000004,15.040000000000001,7.05,36.07,29.03,1.0,242.0,1200.0
38462.335,0.0,140.0,90.80000000000001,22.71,16.0,172.0,33.300000000000004,151.3,28.75,33.22,33.75,95.0,15.9,57.7,100.0,240.5,2886.0,1.51,36.65,15.01,6.91,36.08,29.04,0.0,239.5,1200.0
38522.335,0.0,140.0,90.2,22.740000000000002,16.01,169.5,33.35,152.3,28.91,33.25,33.65,91.5,15.65,57.300000000000004,99.60000000000001,236.0,2883.0,1.31,36.7,14.97,6.99,35.980000000000004,29.0,0.0,236.5,1200.0
38582.335,0.0,140.0,90.0,22.66,15.99,173.0,33.300000000000004,150.70000000000002,28.89,33.22,33.65,89.5,15.850000000000001,57.5,99.9,239.0,2889.0,1.4000000000000001,36.5,15.030000000000001,6.99,35.96,28.990000000000002,0.0,234.5,1200.0
38642.335,0.0,140.0,91.4,22.75,16.05,172.5,33.4,150.6,28.810000000000002,33.21,33.65,93.0,15.850000000000001,57.800000000000004,99.9,233.5,2890.0,1.48,36.7,15.08,7.0,35.99,29.04,2.0,245.0,1200.0
38702.335,0.0,140.0,92.30000000000001,22.72,15.99,170.5,33.25,151.3,28.84,33.17,33.75,91.0,15.700000000000001,57.300000000000004,100.0,236.0,2892.0,1.34,36.6,14.99,7.01,36.03,29.02,0.0,240.0,1200.0
38762.335,0.0,140.0,89.9,22.63,15.98,169.5,33.4,153.1,28.810000000000002,33.230000000000004,33.75,93.5,15.75,57.400000000000006,99.80000000000001,237.0,2893.0,1.6,36.6,14.98,6.95,36.02,29.05,0.0,242.0,1200.0
38822.335,0.0,140.0,90.4,22.67,15.97,168.0,33.2,151.0,28.830000000000002,33.11,33.85,92.0,15.700000000000001,57.2,100.0,241.0,2886.0,1.4000000000000001,36.6,14.97,7.05,36.07,29.03,0.0,237.5,1200.0
38882.335,0.0,140.0,91.2,22.580000000000002,16.0,172.5,33.35,151.20000000000002,28.93,33.21,33.75,91.0,15.75,57.6,99.80000000000001,243.0,2887.0,1.56,36.6,14.99,6.99,35.94,28.94,1.0,239.0,1200.0
38942.334,0.0,140.0,91.80000000000001,22.61,15.94,172.0,33.300000000000004,151.70000000000002,28.84,33.11,33.800000000000004,91.5,15.75,57.1,100.0,241.0,2887.0,1.49,36.65,14.99,6.97,35.99,29.09,0.0,239.0,1200.0
39002.334,0.0,140.0,90.4,22.63,15.9,173.0,33.300000000000004,150.6,28.87,33.3,33.75,91.5,15.700000000000001,57.300000000000004,99.80000000000001,239.0,2887.0,1.42,36.65,15.01,7.03,35.96,29.0,0.0,240.5,1200.0
39062.334,0.0,140.0,90.5,22.69,16.03,169.5,33.45,150.4,28.82,33.22,33.75,92.0,15.600000000000001,57.6,100.0,242.5,2888.0,1.49,36.65,14.97,7.0,35.96,28.97,1.0,242.5,1200.0
39122.334,0.0,140.0,91.60000000000001,22.650000000000002,15.92,171.5,33.25,150.8,28.82,33.11,33.7,93.0,15.65,57.6,100.0,232.5,2885.0,1.41,36.800000000000004,15.040000000000001,6.99,35.980000000000004,29.01,0.0,239.5,1200.0
39182.334,0.0,140.0,90.7,22.7,16.03,171.5,33.4,152.20000000000002,28.8,33.14,33.800000000000004,95.0,15.75,58.0,99.9,242.5,2882.0,1.37,36.65,15.07,6.91,36.01,29.01,2.0,236.0,1200.0
39242.334,0.0,140.0,90.60000000000001,22.650000000000002,16.01,171.5,33.300000000000004,151.8,28.740000000000002,33.160000000000004,33.800000000000004,93.5,15.75,57.5,99.9,239.0,2881.0,1.43,36.65,15.05,7.0,36.0,29.03,1.0,236.0,1200.0
39302.334,0.0,140.0,91.60000000000001,22.7,16.04,172.0,33.2,152.8,28.830000000000002,33.160000000000004,33.7,92.0,15.75,57.6,99.4,235.5,2884.0,1.31,36.45,15.0,7.03,35.92,29.02,1.0,238.5,1200.0
39362.333,0.0,140.0,92.80000000000001,22.740000000000002,16.01,172.5,33.2,152.3,28.89,33.18,33.75,92.0,15.75,57.5,99.9,241.0,2883.0,1.23,36.5,14.93,7.03,36.04,29.05,0.0,240.5,1200.0
39422.333,0.0,140.0,91.80000000000001,22.61,16.02,169.0,33.25,150.20000000000002,28.8,33.2,33.800000000000004,94.0,15.8,58.0,99.80000000000001,241.5,2886.0,1.33,36.550000000000004,14.96,6.98,35.93,28.95,0.0,239.5,1200.0
39482.333,0.0,140.0,90.30000000000001,22.69,16.01,170.5,33.25,150.3,28.79,33.19,33.7,92.0,15.8,58.400000000000006,99.80000000000001,234.5,2884.0,1.35,36.5,14.99,6.99,36.04,28.94,2.0,233.5,1200.0
39542.333,0.0,140.0,91.10000000000001,22.67,15.96,170.5,33.25,153.3,28.77,33.13,33.6,90.0,15.850000000000001,58.1,99.7,235.5,2881.0,1.33,36.45,15.01,7.0600000000000005,36.07,29.060000000000002,1.0,237.5,1200.0
39602.333,0.0,140.0,89.5,22.75,16.06,170.5,33.15,151.0,28.8,33.11,33.7,95.0,15.75,57.800000000000004,100.0,240.5,2889.0,1.26,36.6,15.01,7.0,36.02,29.02,1.0,235.0,1200.0
39662.333,0.0,140.0,90.30000000000001,22.69,15.93,172.5,33.25,151.0,28.8,33.160000000000004,33.65,91.0,15.850000000000001,57.400000000000006,99.80000000000001,237.5,2878.0,1.37,36.75,15.0,7.01,36.02,28.89,1.0,237.0,1200.0
39722.333,0.0,140.0,90.80000000000001,22.76,16.03,170.0,33.15,151.8,28.75,33.15,33.7,95.0,15.65,57.7,99.4,239.5,2885.0,1.4000000000000001,36.6,15.01,6.97,35.9,29.060000000000002,0.0,239.5,1200.0
39782.333,0.0,140.0,89.10000000000001,22.79,15.98,172.5,33.4,152.4,28.85,33.12,33.6,90.5,15.65,57.1,100.0,240.5,2887.0,1.51,36.7,15.01,7.04,35.980000000000004,29.03,2.0,239.5,1200.0
39842.332,0.0,140.0,91.5,22.85,16.03,172.0,33.300000000000004,151.8,28.78,33.19,33.800000000000004,91.5,15.75,57.7,99.80000000000001,238.0,2885.0,1.37,36.550000000000004,15.05,7.05,35.99,28.96,1.0,240.5,1200.0
39902.332,0.0,140.0,91.2,22.71,16.03,169.0,33.300000000000004,152.0,28.89,33.18,33.75,96.0,15.8,58.0,99.60000000000001,229.5,2886.0,1.23,36.75,15.01,6.99,36.04,29.11,1.0,239.0,1200.0
39962.332,0.0,140.0,92.0,22.67,15.93,171.5,33.4,150.1,28.86,33.15,33.75,94.0,15.600000000000001,57.7,100.0,237.0,2888.0,1.29,36.7,15.07,7.03,36.07,28.97,0.0,241.0,1200.0
40022.332,0.0,140.0,90.60000000000001,22.72,16.05,171.5,33.4,151.0,28.88,33.19,33.75,91.0,15.75,57.400000000000006,100.0,236.5,2892.0,1.55,36.65,15.06,7.01,35.99,29.03,0.0,239.0,1200.0
40082.332,0.0,140.0,90.5,22.7,16.05,172.0,33.25,152.0,28.85,33.230000000000004,33.6,94.0,15.75,57.6,99.4,241.0,2887.0,1.41,36.6,14.96,7.08,35.99,29.060000000000002,0.0,239.5,1200.0
40142.332,0.0,140.0,91.0,22.59,15.96,172.0,33.35,150.5,28.92,33.160000000000004,33.75,92.5,15.75,57.800000000000004,99.80000000000001,236.0,2889.0,1.28,36.6,15.02,7.0,36.06,29.01,1.0,238.0,1200.0
40202.332,0.0,140.0,91.10000000000001,22.7,15.99,171.0,33.45,151.3,28.96,33.14,33.65,90.0,15.600000000000001,57.300000000000004,100.0,236.0,2895.0,1.36,36.6,15.030000000000001,7.0,36.01,29.0,0.0,241.0,1200.0
40262.332,0.0,140.0,89.30000000000001,22.650000000000002,15.93,172.0,33.25,152.0,28.98,33.29,33.65,93.0,15.75,57.0,100.0,233.5,2888.0,1.37,36.6,15.06,6.96,36.07,29.04,2.0,235.5,1200.0
40322.331,0.0,140.0,91.5,22.69,16.01,172.5,33.25,150.3,28.810000000000002,33.27,33.6,89.5,15.700000000000001,57.400000000000006,100.0,237.0,2884.0,1.45,36.45,15.0,7.03,36.01,28.990000000000002,0.0,241.0,1200.0
40382.331,0.0,140.0,91.7,22.62,15.94,169.5,33.2,151.6,28.92,33.160000000000004,33.75,92.0,15.55,57.6,100.0,242.5,2885.0,1.46,36.7,15.030000000000001,7.0200000000000005,35.97,29.01,0.0,238.5,1200.0
40442.331,0.0,140.0,90.7,22.650000000000002,15.98,172.0,33.45,153.20000000000002,28.79,33.2,33.800000000000004,93.0,15.700000000000001,57.6,100.0,241.5,2886.0,1.22,36.6,15.0,6.98,36.050000000000004,28.990000000000002,3.0,235.5,1200.0
40502.331,0.0,140.0,91.2,22.61,16.02,171.5,33.35,152.6,28.92,33.24,33.65,93.0,15.75,57.800000000000004,100.0,241.5,2888.0,1.5,36.550000000000004,15.0,7.0200000000000005,35.980000000000004,29.080000000000002,0.0,236.0,1200.0
40562.331,0.0,140.0,91.5,22.73,16.04,171.0,33.2,150.8,28.87,33.14,33.7,92.0,15.8,57.7,99.9,241.0,2882.0,1.3,36.550000000000004,15.08,6.98,36.03,29.04,0.0,238.5,1200.0
40622.331,0.0,140.0,91.10000000000001,22.69,15.99,171.5,33.25,151.70000000000002,28.88,33.21,33.6,93.0,15.75,57.0,100.0,240.0,2886.0,1.34,36.7,14.99,7.01,36.06,28.87,3.0,240.5,1200.0
40682.331,0.0,140.0,91.4,22.75,15.99,174.0,33.35,150.3,28.830000000000002,33.2,33.75,92.5,15.700000000000001,57.2,99.9,238.5,2889.0,1.35,36.5,14.97,7.01,36.050000000000004,28.94,0.0,242.0,1200.0
40742.331,0.0,140.0,91.5,22.8,15.92,171.0,33.45,150.9,28.88,33.24,33.7,92.0,15.75,57.800000000000004,100.0,239.5,2885.0,1.34,36.6,15.01,6.96,36.03,29.05,1.0,233.5,1200.0
40802.33,0.0,140.0,92.30000000000001,22.69,16.01,172.5,33.300000000000004,152.20000000000002,28.91,33.15,33.6,93.5,15.700000000000001,58.2,100.0,236.5,2887.0,1.31,36.550000000000004,14.98,6.99,36.01,28.990000000000002,1.0,240.0,1200.0
40862.33,0.0,140.0,91.0,22.71,16.03,172.5,33.300000000000004,151.8,28.84,33.2,33.85,91.5,15.8,57.5,99.2,237.0,2890.0,1.37,36.6,14.98,7.0,36.08,29.01,1.0,240.0,1200.0
40922.33,0.0,140.0,92.4,22.650000000000002,15.96,170.5,33.4,151.8,28.76,33.11,33.7,90.5,15.850000000000001,57.900000000000006,100.0,242.0,2889.0,1.46,36.65,15.08,6.98,36.03,28.97,0.0,237.0,1200.0
40982.33,0.0,140.0,88.60000000000001,22.63,16.04,170.0,33.4,151.5,28.87,33.29,33.7,90.5,15.8,57.7,100.0,240.0,2890.0,1.45,36.65,15.07,6.99,35.96,28.98,2.0,236.5,1200.0
41042.33,0.0,140.0,89.80000000000001,22.72,15.99,169.5,33.300000000000004,150.6,28.86,33.26,33.65,91.0,15.8,58.1,100.0,246.0,2889.0,1.46,36.7,14.97,7.0,36.04,28.97,0.0,243.0,1200.0
41102.33,0.0,140.0,91.4,22.69,15.96,172.0,33.4,151.70000000000002,28.810000000000002,33.2,33.6,90.0,15.75,57.300000000000004,100.0,238.5,2885.0,1.48,36.550000000000004,14.97,7.04,36.01,29.05,3.0,239.5,1200.0
41162.33,0.0,140.0,90.60000000000001,22.64,15.91,171.5,33.2,150.1,28.88,33.2,33.65,93.5,15.75,57.400000000000006,100.0,243.5,2886.0,1.31,36.7,14.98,7.07,36.03,29.03,2.0,241.5,1200.0
41222.33,0.0,140.0,91.7,22.67,15.98,171.5,33.4,151.9,28.830000000000002,33.18,33.800000000000004,93.5,15.700000000000001,57.6,99.9,238.5,2884.0,1.19,36.65,14.97,6.96,35.93,28.94,0.0,237.5,1200.0
41282.329,0.0,140.0,91.30000000000001,22.62,16.01,170.5,33.300000000000004,151.4,28.86,33.160000000000004,33.65,92.5,15.65,57.900000000000006,100.0,237.0,2888.0,1.55,36.7,14.96,6.96,36.050000000000004,29.09,0.0,238.0,1200.0
41342.329,0.0,140.0,91.7,22.66,15.96,169.5,33.35,151.20000000000002,28.78,33.21,33.6,92.0,15.700000000000001,57.6,100.0,240.0,2886.0,1.41,36.550000000000004,14.94,7.01,36.02,29.04,0.0,235.0,1200.0
41402.329,0.0,140.0,89.9,22.6,16.02,171.5,33.300000000000004,149.8,28.94,33.14,33.65,91.5,15.55,57.400000000000006,99.80000000000001,233.5,2883.0,1.34,36.7,15.01,6.99,36.06,28.95,1.0,236.0,1200.0
41462.329,0.0,140.0,90.5,22.64,15.950000000000001,172.0,33.300000000000004,150.3,28.85,33.160000000000004,33.65,94.5,15.700000000000001,57.300000000000004,99.7,237.0,2886.0,1.43,36.550000000000004,14.96,6.890000000000001,36.0,28.96,1.0,236.0,1200.0
41522.329,0.0,140.0,92.2,22.66,15.99,170.0,33.300000000000004,151.3,28.79,33.17,33.65,94.5,15.850000000000001,57.1,100.0,233.5,2885.0,1.46,36.5,15.02,7.0600000000000005,35.96,29.0,2.0,238.5,1200.0
41582.329,0.0,140.0,90.30000000000001,22.68,15.96,172.0,33.25,152.70000000000002,28.78,33.22,33.75,93.0,15.75,57.400000000000006,100.0,237.5,2882.0,1.3,36.7,15.040000000000001,7.07,35.910000000000004,28.95,0.0,243.5,1200.0
41642.329,0.0,140.0,91.2,22.7,16.01,174.0,33.15,151.5,28.82,33.160000000000004,33.7,94.0,15.75,57.300000000000004,100.0,236.5,2884.0,1.32,36.45,14.97,6.98,35.980000000000004,28.94,2.0,238.0,1200.0
41702.329,0.0,140.0,91.4,22.59,15.99,170.0,33.300000000000004,151.9,28.85,33.11,33.7,91.0,15.600000000000001,57.6,100.0,241.0,2879.0,1.44,36.5,15.02,7.01,35.99,29.0,1.0,235.5,1200.0
41762.328,0.0,140.0,89.60000000000001,22.67,16.01,169.0,33.2,150.1,28.88,33.14,33.75,91.5,15.850000000000001,57.6,99.9,240.0,2883.0,1.3,36.65,14.97,6.97,36.01,29.0,1.0,236.0,1200.0
41822.328,0.0,140.0,91.10000000000001,22.69,15.96,170.0,33.35,150.5,28.84,33.07,33.65,90.5,15.700000000000001,57.6,100.0,237.5,2882.0,1.18,36.6,15.05,7.0,35.95,29.0,4.0,238.0,1200.0
41882.328,0.0,140.0,90.60000000000001,22.75,15.97,172.0,33.25,151.8,28.650000000000002,33.19,33.65,92.5,15.65,57.5,100.0,239.0,2886.0,1.46,36.6,15.0,6.97,36.050000000000004,29.060000000000002,2.0,238.5,1200.0
41942.328,0.0,140.0,92.30000000000001,22.62,15.97,170.5,33.35,150.9,28.82,33.230000000000004,33.800000000000004,92.5,15.65,58.0,100.0,236.0,2886.0,1.4000000000000001,36.45,15.0,6.95,36.09,29.01,1.0,237.5,1200.0
42002.328,0.0,140.0,89.60000000000001,22.66,15.97,172.0,33.35,153.20000000000002,28.84,33.13,33.65,93.0,15.75,58.0,100.0,239.0,2878.0,1.46,36.75,14.950000000000001,7.0,36.07,29.04,0.0,240.5,1200.0
42062.328,0.0,140.0,89.0,22.62,16.0,171.0,33.2,150.1,28.87,33.08,33.6,91.5,15.75,57.6,100.0,236.0,2883.0,1.48,36.6,14.97,7.01,35.99,28.98,1.0,235.0,1200.0
42122.328,0.0,140.0,92.9,22.64,16.04,172.0,33.4,150.5,28.77,33.22,33.7,92.5,15.65,57.7,99.5,237.0,2884.0,1.47,36.6,15.05,6.95,36.08,29.04,0.0,233.0,1200.0
42182.328,0.0,140.0,93.0,22.63,15.92,169.5,33.2,151.9,28.88,33.12,33.800000000000004,92.5,15.850000000000001,57.2,100.0,234.0,2889.0,1.3900000000000001,36.6,14.99,7.05,36.02,28.92,0.0,238.0,1200.0
42242.328,0.0,140.0,90.7,22.64,15.870000000000001,168.0,33.25,151.3,28.900000000000002,33.22,33.75,93.0,15.600000000000001,58.1,99.80000000000001,237.5,2886.0,1.49,36.6,15.030000000000001,7.0,36.02,28.97,1.0,240.5,1200.0
42302.327,0.0,140.0,91.60000000000001,22.63,15.98,171.5,33.300000000000004,151.9,28.85,33.14,33.6,94.5,15.600000000000001,58.1,99.60000000000001,236.5,2884.0,1.57,36.6,14.99,7.0600000000000005,35.89,29.03,0.0,239.5,1200.0
42362.327,0.0,140.0,91.2,22.580000000000002,16.03,171.5,33.2,152.20000000000002,28.85,33.19,33.7,92.5,15.850000000000001,57.400000000000006,99.80000000000001,239.0,2883.0,1.33,36.45,15.05,7.0200000000000005,35.99,28.98,1.0,241.0,1200.0
42422.327,0.0,140.0,89.80000000000001,22.68,15.97,170.5,33.25,152.4,28.79,33.22,33.800000000000004,92.0,15.65,57.5,99.80000000000001,236.0,2885.0,1.32,36.65,15.05,6.96,36.03,29.02,0.0,240.5,1200.0
42482.327,0.0,140.0,91.80000000000001,22.62,15.9,170.0,33.25,149.9,28.88,33.09,33.7,93.5,15.600000000000001,57.5,99.9,237.0,2876.0,1.48,36.65,15.06,7.04,35.93,29.0,5.0,239.0,1200.0
42542.327,0.0,140.0,91.5,22.67,15.98,170.0,33.2,151.6,28.89,33.2,33.7,92.0,15.700000000000001,57.900000000000006,99.80000000000001,234.5,2881.0,1.3900000000000001,36.7,15.05,7.01,35.9,28.98,0.0,236.0,1200.0
42602.327,0.0,140.0,91.80000000000001,22.64,16.0,171.0,33.15,151.5,28.79,33.09,33.7,93.5,15.8,57.5,99.7,235.5,2879.0,1.51,36.550000000000004,14.97,7.01,35.92,29.01,0.0,236.0,1200.0
42662.327,0.0,140.0,90.0,22.67,15.96,170.0,33.35,151.4,28.75,33.19,33.6,93.5,15.75,57.300000000000004,99.80000000000001,236.0,2881.0,1.33,36.65,14.98,7.03,35.94,29.060000000000002,0.0,234.5,1200.0
42722.327,0.0,140.0,92.30000000000001,22.62,16.03,170.5,33.35,151.1,28.85,33.11,33.7,89.5,15.65,57.400000000000006,100.0,233.0,2883.0,1.31,36.6,15.05,6.97,36.01,28.95,4.0,237.0,1200.0
42782.326,0.0,140.0,92.0,22.76,16.03,169.0,33.2,153.4,28.97,33.1,33.7,92.5,15.600000000000001,57.400000000000006,99.7,240.5,2875.0,1.47,36.550000000000004,15.0,7.0600000000000005,35.97,29.09,0.0,233.5,1200.0
42842.326,0.0,140.0,91.4,22.73,15.99,170.5,33.25,150.0,28.8,33.1,33.550000000000004,92.0,15.850000000000001,57.7,99.80000000000001,238.5,2879.0,1.34,36.5,15.02,7.0200000000000005,35.94,28.96,0.0,239.5,1200.0
42902.326,0.0,140.0,91.9,22.64,16.05,169.5,33.35,151.5,28.89,33.1,33.45,91.5,15.75,57.7,99.80000000000001,237.0,2879.0,1.44,36.7,14.98,7.0,36.06,29.01,0.0,231.5,1200.0
42962.326,0.0,140.0,92.5,22.67,16.01,171.0,33.2,152.0,28.75,33.12,33.75,92.5,15.65,58.1,100.0,236.5,2879.0,1.32,36.5,15.040000000000001,6.9,36.06,28.98,1.0,236.0,1200.0
43022.326,0.0,140.0,91.5,22.64,16.080000000000002,170.0,33.45,151.8,28.85,33.160000000000004,33.550000000000004,94.0,15.65,57.7,100.0,237.0,2885.0,1.33,36.550000000000004,15.05,7.0200000000000005,35.96,28.97,0.0,240.0,1200.0
43082.326,0.0,140.0,90.60000000000001,22.7,15.97,170.5,33.300000000000004,152.8,28.8,33.19,33.5,93.0,15.8,57.800000000000004,100.0,235.0,2884.0,1.37,36.6,14.950000000000001,7.07,35.93,28.95,0.0,235.5,1200.0
43142.326,0.0,140.0,90.2,22.68,16.05,172.0,33.300000000000004,151.4,28.75,33.05,33.75,92.5,15.8,57.5,100.0,240.0,2880.0,1.42,36.45,14.91,7.0200000000000005,36.01,28.96,2.0,235.0,1200.0
43202.326,0.0,140.0,91.9,22.73,16.03,170.5,33.2,151.20000000000002,28.82,33.2,33.550000000000004,95.0,15.700000000000001,57.300000000000004,99.5,241.5,2878.0,1.5,36.5,15.0,7.05,36.06,29.03,0.0,237.0,1200.0
43262.326,0.0,140.0,90.10000000000001,22.72,15.96,171.0,33.25,151.3,28.830000000000002,33.1,33.7,91.5,15.8,57.800000000000004,99.9,237.5,2885.0,1.46,36.5,14.98,6.99,35.93,29.01,0.0,235.0,1200.0
43322.325,0.0,140.0,92.10000000000001,22.62,15.950000000000001,170.5,33.300000000000004,151.20000000000002,28.830000000000002,33.160000000000004,33.7,92.5,15.700000000000001,57.6,100.0,239.0,2882.0,1.3,36.550000000000004,14.99,6.99,35.95,29.0,0.0,239.0,1200.0
43382.325,0.0,140.0,90.10000000000001,22.63,16.04,172.0,33.15,151.1,28.78,33.12,33.65,94.0,15.75,57.7,100.0,237.5,2879.0,1.48,36.45,15.08,6.99,35.94,29.150000000000002,1.0,235.0,1200.0
43442.325,0.0,140.0,91.2,22.69,15.950000000000001,170.5,33.1,152.1,28.82,33.0,33.5,90.0,15.8,57.400000000000006,99.7,239.0,2883.0,1.43,36.4,15.05,6.96,35.99,28.900000000000002,0.0,236.5,1200.0
43502.325,0.0,140.0,91.10000000000001,22.650000000000002,16.05,171.5,33.15,150.9,28.810000000000002,33.07,33.75,95.0,15.700000000000001,57.900000000000006,100.0,236.0,2878.0,1.46,36.550000000000004,15.05,6.98,36.02,28.94,0.0,238.0,1200.0
43562.325,0.0,140.0,90.80000000000001,22.66,16.04,171.0,33.0,152.4,28.810000000000002,33.19,33.550000000000004,93.5,15.600000000000001,58.0,99.7,241.0,2877.0,1.32,36.6,15.01,6.96,36.050000000000004,28.95,1.0,238.0,1200.0
43622.325,0.0,140.0,91.60000000000001,22.72,15.98,171.0,33.300000000000004,151.20000000000002,28.8,33.11,33.75,90.5,15.850000000000001,58.1,100.0,236.5,2875.0,1.45,36.6,14.98,7.01,36.0,28.96,0.0,232.5,1200.0
43682.325,0.0,140.0,90.9,22.67,15.91,170.5,33.25,152.1,28.85,33.06,33.6,93.0,15.700000000000001,57.800000000000004,100.0,240.0,2880.0,1.3800000000000001,36.65,14.99,7.0200000000000005,36.04,29.04,0.0,235.5,1200.0
43742.325,0.0,140.0,90.4,22.61,15.99,171.5,33.2,151.4,28.810000000000002,33.04,33.5,92.0,15.700000000000001,57.5,100.0,236.0,2872.0,1.25,36.65,15.01,6.94,36.02,28.97,2.0,236.5,1200.0
43802.324,0.0,140.0,91.5,22.71,16.0,171.0,33.2,152.5,28.76,33.08,33.550000000000004,93.5,15.75,57.900000000000006,99.4,236.0,2876.0,1.3800000000000001,36.5,14.97,6.99,35.980000000000004,29.05,3.0,239.5,1200.0
43862.324,0.0,140.0,89.9,22.67,16.0,172.0,33.050000000000004,152.0,28.76,33.07,33.65,90.0,15.700000000000001,57.6,99.80000000000001,236.0,2877.0,1.31,36.550000000000004,15.0,7.04,36.04,28.93,1.0,236.0,1200.0
43922.324,0.0,140.0,90.2,22.650000000000002,16.07,168.5,33.2,150.70000000000002,28.76,33.02,33.6,94.0,15.700000000000001,58.2,100.0,238.0,2880.0,1.34,36.5,15.08,6.94,35.910000000000004,29.02,1.0,238.0,1200.0
43982.324,0.0,140.0,89.2,22.66,15.96,170.0,33.2,151.20000000000002,28.7,33.01,33.550000000000004,90.5,15.850000000000001,58.1,99.7,234.0,2879.0,1.31,36.550000000000004,14.98,6.93,35.9,28.990000000000002,0.0,238.0,1200.0
44042.324,0.0,140.0,90.10000000000001,22.64,15.96,170.5,33.15,152.3,28.77,33.12,33.65,92.5,15.600000000000001,58.2,100.0,234.5,2883.0,1.59,36.550000000000004,14.98,7.01,36.07,28.96,0.0,240.0,1200.0
44102.324,0.0,140.0,92.0,22.66,16.02,170.5,33.15,150.5,28.8,32.99,33.5,93.5,15.8,58.2,99.7,236.0,2871.0,1.33,36.550000000000004,14.93,6.96,35.95,28.97,0.0,236.0,1200.0
44162.324,0.0,140.0,90.80000000000001,22.64,15.950000000000001,171.0,33.45,151.9,28.75,33.08,33.6,95.0,15.600000000000001,58.1,100.0,237.5,2882.0,1.43,36.5,14.99,6.96,35.97,28.98,0.0,239.5,1200.0
44222.324,0.0,140.0,90.9,22.7,16.0,170.0,33.0,151.8,28.75,33.14,33.7,93.0,15.700000000000001,58.0,100.0,239.0,2881.0,1.55,36.4,14.96,6.99,36.0,29.02,0.0,237.0,1200.0
44282.324,0.0,140.0,90.2,22.64,15.94,170.0,33.050000000000004,150.3,28.77,33.1,33.550000000000004,91.0,15.600000000000001,57.800000000000004,100.0,243.5,2879.0,1.25,36.4,14.98,6.98,36.13,28.990000000000002,1.0,240.0,1200.0
44342.323,0.0,140.0,91.0,22.66,15.93,173.0,33.300000000000004,150.9,28.77,33.08,33.6,92.0,15.75,58.0,100.0,241.0,2880.0,1.33,36.550000000000004,14.97,6.93,35.980000000000004,29.080000000000002,0.0,238.0,1200.0
44402.323,0.0,140.0,92.5,22.69,16.0,172.0,33.15,152.3,28.77,33.14,33.65,90.0,15.9,58.300000000000004,100.0,236.5,2888.0,1.3800000000000001,36.45,14.950000000000001,7.0,36.0,29.0,0.0,237.0,1200.0
44462.323,0.0,140.0,90.60000000000001,22.69,15.9,170.0,33.15,151.6,28.79,33.24,33.65,92.5,15.600000000000001,57.900000000000006,99.7,235.5,2880.0,1.3900000000000001,36.65,15.01,7.04,35.9,29.060000000000002,3.0,238.0,1200.0
44522.323,0.0,140.0,90.7,22.69,16.02,170.5,33.300000000000004,152.5,28.75,33.07,33.7,92.0,15.850000000000001,57.800000000000004,99.9,239.0,2885.0,1.33,36.7,14.98,7.09,35.99,28.98,0.0,240.5,1200.0
44582.323,0.0,140.0,91.5,22.72,16.080000000000002,169.5,33.25,150.3,28.79,33.15,33.6,93.5,15.65,58.1,100.0,238.5,2886.0,1.47,36.550000000000004,15.0,6.96,35.96,28.92,0.0,238.0,1200.0
44642.323,0.0,140.0,90.30000000000001,22.71,16.01,170.5,33.45,150.8,28.82,33.14,33.75,93.0,15.65,58.0,99.9,237.5,2890.0,1.44,36.65,14.99,7.04,36.02,29.03,0.0,237.5,1200.0
44702.323,0.0,140.0,90.60000000000001,22.61,15.96,168.5,33.300000000000004,153.20000000000002,28.76,33.17,33.6,95.5,15.8,57.900000000000006,100.0,237.5,2884.0,1.3900000000000001,36.5,14.93,6.95,36.01,28.95,0.0,235.0,1200.0
44762.323,0.0,140.0,89.60000000000001,22.72,16.07,171.5,33.300000000000004,152.9,28.91,33.07,33.800000000000004,92.5,15.8,58.2,100.0,241.0,2888.0,1.3800000000000001,36.5,15.02,7.07,35.9,29.080000000000002,2.0,237.5,1200.0
44822.323,0.0,140.0,91.30000000000001,22.69,15.98,172.0,33.300000000000004,151.5,28.79,33.12,33.800000000000004,90.5,15.850000000000001,57.800000000000004,100.0,244.5,2887.0,1.45,36.550000000000004,15.01,7.0,36.03,28.93,1.0,239.0,1200.0
44882.322,0.0,140.0,91.80000000000001,22.64,15.94,171.0,33.25,150.1,28.8,33.15,33.9,92.5,15.75,58.0,100.0,240.0,2890.0,1.46,36.6,14.97,6.97,35.96,29.03,0.0,237.0,1200.0
44942.322,0.0,140.0,89.5,22.7,16.04,170.5,33.35,149.6,28.82,33.15,33.75,93.5,15.65,58.0,99.9,238.0,2888.0,1.51,36.65,15.01,7.04,35.97,28.97,0.0,238.5,1200.0
45002.322,0.0,140.0,91.30000000000001,22.72,15.97,172.0,33.25,150.0,28.84,33.160000000000004,33.75,92.0,15.75,58.300000000000004,99.80000000000001,239.0,2889.0,1.41,36.550000000000004,15.0,7.0200000000000005,36.01,29.0,0.0,240.0,1200.0
45062.322,0.0,140.0,91.30000000000001,22.64,15.99,172.0,33.4,152.4,28.84,33.18,33.65,92.5,15.75,57.7,100.0,242.0,2894.0,1.35,36.7,14.97,6.98,36.03,29.080000000000002,0.0,238.0,1200.0
45122.322,0.0,140.0,90.80000000000001,22.7,15.94,172.0,33.35,150.8,28.89,33.2,33.65,92.5,15.55,57.900000000000006,100.0,236.0,2886.0,1.3800000000000001,36.65,14.98,6.99,36.0,28.98,0.0,237.5,1200.0
45182.322,0.0,140.0,91.7,22.71,15.96,170.5,33.35,151.20000000000002,28.82,33.21,33.800000000000004,92.5,15.700000000000001,57.800000000000004,100.0,246.5,2893.0,1.3900000000000001,36.6,14.950000000000001,7.04,35.99,28.84,0.0,240.5,1200.0
45242.322,0.0,140.0,89.60000000000001,22.75,15.950000000000001,170.5,33.5,150.3,28.900000000000002,33.160000000000004,33.75,92.5,15.55,58.0,100.0,238.5,2888.0,1.32,36.75,15.040000000000001,6.93,35.99,29.01,0.0,236.5,1200.0
45302.322,0.0,140.0,91.60000000000001,22.72,15.96,171.5,33.2,151.0,28.85,33.14,33.75,95.0,15.55,58.1,100.0,237.5,2882.0,1.35,36.6,14.99,7.0,36.06,28.97,0.0,237.5,1200.0
45362.322,0.0,140.0,90.30000000000001,22.7,15.94,172.0,33.2,150.1,28.79,33.18,33.85,92.5,15.8,58.6,99.60000000000001,239.5,2886.0,1.54,36.65,15.02,6.98,35.980000000000004,29.060000000000002,2.0,239.5,1200.0
45422.321,0.0,140.0,88.9,22.7,16.05,169.5,33.45,151.8,28.79,33.15,33.7,94.0,15.700000000000001,57.5,100.0,239.5,2886.0,1.4000000000000001,36.65,14.98,6.99,36.03,29.04,0.0,236.5,1200.0
45482.321,0.0,140.0,92.10000000000001,22.69,16.04,171.0,33.300000000000004,151.20000000000002,28.78,33.1,33.7,92.5,15.8,57.6,99.9,239.0,2886.0,1.3800000000000001,36.65,15.030000000000001,7.07,36.0,28.92,1.0,243.0,1200.0
45542.321,0.0,140.0,91.9,22.66,16.09,170.0,33.300000000000004,152.1,28.830000000000002,33.09,33.7,93.0,15.700000000000001,57.800000000000004,100.0,238.0,2886.0,1.4000000000000001,36.6,14.99,6.92,36.0,29.02,0.0,238.5,1200.0
45602.321,0.0,140.0,91.5,22.68,16.03,171.5,33.300000000000004,151.6,28.8,33.2,33.6,92.0,15.8,57.7,100.0,236.5,2890.0,1.4000000000000001,36.6,15.0,7.0,35.94,29.03,0.0,239.0,1200.0
45662.321,0.0,140.0,91.80000000000001,22.73,16.01,170.5,33.1,150.70000000000002,28.73,33.05,33.6,93.0,15.700000000000001,57.800000000000004,99.80000000000001,239.0,2890.0,1.44,36.7,14.92,7.03,36.07,29.05,0.0,237.0,1200.0
45722.321,0.0,140.0,92.9,22.72,16.01,171.0,33.25,152.6,28.68,33.160000000000004,33.75,93.5,15.5,57.300000000000004,99.9,240.5,2887.0,1.3,36.550000000000004,15.1,7.0,36.01,29.060000000000002,0.0,238.5,1200.0
45782.321,0.0,140.0,89.7,22.69,15.96,169.5,33.2,151.0,28.82,33.15,33.65,93.0,15.75,58.0,99.9,234.5,2886.0,1.31,36.800000000000004,15.02,7.0,35.96,29.0,2.0,240.5,1200.0
45842.321,0.0,140.0,92.10000000000001,22.72,15.94,170.5,33.300000000000004,151.8,28.82,33.07,33.800000000000004,94.0,15.8,57.800000000000004,100.0,239.0,2885.0,1.29,36.65,14.97,6.98,35.980000000000004,28.98,1.0,239.0,1200.0
45902.321,0.0,140.0,91.2,22.73,16.05,171.5,33.25,151.4,28.82,33.11,33.800000000000004,91.5,15.700000000000001,58.0,100.0,236.5,2886.0,1.47,36.550000000000004,15.0,7.05,36.04,28.98,0.0,240.0,1200.0
45962.32,0.0,140.0,92.2,22.64,15.96,171.0,33.45,150.0,28.8,33.14,33.65,92.0,15.850000000000001,57.5,100.0,242.0,2884.0,1.3,36.6,14.98,6.98,35.92,28.93,0.0,241.0,1200.0
46022.32,0.0,140.0,90.30000000000001,22.650000000000002,16.02,171.0,33.25,151.3,28.810000000000002,33.06,33.6,94.5,15.55,57.900000000000006,100.0,236.0,2887.0,1.57,36.7,15.01,6.98,36.0,28.91,0.0,237.0,1200.0
46082.32,0.0,140.0,90.80000000000001,22.66,15.91,170.5,33.300000000000004,150.1,28.89,33.17,33.6,92.0,15.75,58.400000000000006,100.0,241.0,2887.0,1.32,36.550000000000004,14.98,7.0200000000000005,36.08,28.96,2.0,239.5,1200.0
46142.32,0.0,140.0,91.0,22.62,15.98,171.5,33.35,152.3,28.79,33.21,33.7,93.0,15.700000000000001,57.900000000000006,99.9,236.5,2889.0,1.46,36.6,15.06,7.01,36.03,28.94,2.0,238.0,1200.0
46202.32,0.0,140.0,90.0,22.66,15.97,170.5,33.300000000000004,150.5,28.78,33.160000000000004,33.65,92.0,15.75,57.800000000000004,100.0,237.0,2884.0,1.3,36.6,15.040000000000001,7.01,35.93,28.990000000000002,0.0,239.0,1200.0
46262.32,0.0,140.0,92.10000000000001,22.740000000000002,16.04,171.0,33.300000000000004,152.20000000000002,28.77,33.07,33.65,92.5,15.700000000000001,57.6,100.0,242.5,2883.0,1.44,36.65,15.06,7.03,35.94,29.080000000000002,0.0,235.5,1200.0
46322.32,0.0,140.0,92.4,22.740000000000002,16.01,171.0,33.300000000000004,152.5,28.75,33.14,33.65,95.5,15.850000000000001,57.400000000000006,100.0,238.5,2880.0,1.32,36.5,14.96,7.0200000000000005,35.92,29.03,0.0,235.5,1200.0
46382.32,0.0,140.0,90.7,22.73,16.05,168.5,33.25,152.1,28.85,33.2,33.7,94.0,15.75,58.0,100.0,242.0,2883.0,1.59,36.5,14.98,7.05,36.04,29.04,0.0,233.5,1200.0
46442.32,0.0,140.0,90.4,22.63,16.0,170.0,33.1,151.9,28.69,33.14,33.7,92.5,15.75,58.2,100.0,237.5,2879.0,1.34,36.45,14.98,7.03,36.02,28.95,0.0,240.5,1200.0
46502.32,0.0,140.0,90.7,22.650000000000002,16.03,168.5,33.2,151.0,28.84,33.12,33.6,91.0,15.600000000000001,58.2,100.0,239.5,2884.0,1.36,36.550000000000004,15.0,6.99,35.980000000000004,29.03,0.0,240.5,1200.0
46562.319,0.0,140.0,89.7,22.64,16.0,171.5,33.2,151.3,28.810000000000002,33.160000000000004,33.7,93.5,15.8,58.5,100.0,242.0,2882.0,1.44,36.6,14.94,7.05,36.02,28.96,0.0,240.0,1200.0
46622.319,0.0,140.0,91.10000000000001,22.68,15.97,169.5,33.300000000000004,152.1,28.73,33.09,33.5,92.0,15.700000000000001,58.2,99.9,242.0,2882.0,1.51,36.35,15.030000000000001,6.95,36.06,29.11,0.0,237.0,1200.0
46682.319,0.0,140.0,91.80000000000001,22.7,16.0,171.0,33.2,150.6,28.69,33.03,33.5,92.0,15.8,58.2,100.0,236.0,2879.0,1.4000000000000001,36.5,14.98,7.04,36.03,29.060000000000002,0.0,238.5,1200.0
46742.319,0.0,140.0,91.4,22.79,16.04,170.5,33.15,151.5,28.64,33.15,33.65,93.5,15.700000000000001,58.6,99.60000000000001,237.5,2886.0,1.59,36.5,14.97,7.0200000000000005,36.0,29.02,1.0,237.5,1200.0
46802.319,0.0,140.0,91.5,22.73,16.05,171.0,33.2,151.0,28.76,33.08,33.6,92.0,15.8,58.1,99.80000000000001,237.0,2882.0,1.26,36.5,14.98,6.98,36.160000000000004,28.93,1.0,241.5,1200.0
46862.319,0.0,140.0,91.60000000000001,22.69,15.98,168.5,33.1,151.3,28.63,33.02,33.65,92.5,15.65,58.400000000000006,100.0,244.0,2883.0,1.3,36.550000000000004,15.1,7.0200000000000005,36.1,28.91,2.0,238.0,1200.0
46922.319,0.0,140.0,90.10000000000001,22.75,15.94,169.5,33.300000000000004,150.3,28.7,33.02,33.6,90.0,15.65,58.6,100.0,242.5,2879.0,1.4000000000000001,36.65,14.98,7.0600000000000005,35.99,28.900000000000002,3.0,236.0,1200.0
46982.319,0.0,140.0,92.5,22.71,16.05,170.5,33.15,152.1,28.79,33.08,33.5,91.0,15.8,58.6,100.0,237.0,2880.0,1.56,36.6,14.97,6.97,36.02,29.0,0.0,241.0,1200.0
47042.319,0.0,140.0,91.60000000000001,22.7,16.03,168.5,33.300000000000004,152.6,28.62,33.06,33.550000000000004,92.5,15.600000000000001,58.400000000000006,99.7,235.5,2881.0,1.36,36.5,15.0,7.05,36.03,29.0,0.0,238.0,1200.0
47102.318,0.0,140.0,91.2,22.77,15.9,169.0,32.95,151.5,28.7,33.05,33.65,92.5,15.65,58.400000000000006,100.0,239.5,2877.0,1.4000000000000001,36.550000000000004,15.0,7.07,35.980000000000004,29.02,0.0,233.0,1200.0
47162.318,0.0,140.0,90.60000000000001,22.650000000000002,16.01,171.5,33.050000000000004,151.5,28.7,33.03,33.65,94.0,15.55,58.900000000000006,99.80000000000001,233.5,2881.0,1.46,36.550000000000004,15.02,6.92,35.980000000000004,29.04,0.0,239.0,1200.0
47222.318,0.0,140.0,91.4,22.67,16.03,170.5,33.300000000000004,150.8,28.69,32.99,33.45,91.0,15.700000000000001,58.900000000000006,100.0,240.5,2878.0,1.29,36.45,15.05,6.95,36.03,28.990000000000002,0.0,241.5,1200.0
47282.318,0.0,140.0,90.2,22.77,16.02,171.0,33.25,151.3,28.63,32.99,33.5,93.0,15.75,58.6,100.0,237.0,2873.0,1.41,36.550000000000004,15.030000000000001,7.01,36.01,28.98,0.0,239.5,1200.0
47342.318,0.0,140.0,92.4,22.71,16.0,169.5,33.1,151.5,28.6,32.96,33.550000000000004,92.0,15.700000000000001,58.2,100.0,238.0,2875.0,1.42,36.6,14.99,7.0,35.99,29.0,1.0,238.0,1200.0
47402.318,0.0,140.0,91.60000000000001,22.75,15.93,169.0,33.1,152.5,28.64,32.99,33.550000000000004,93.0,15.850000000000001,58.6,100.0,235.0,2875.0,1.49,36.6,15.05,6.95,35.95,28.97,0.0,237.5,1200.0
47462.318,0.0,140.0,91.30000000000001,22.72,16.01,171.5,33.15,150.1,28.650000000000002,32.980000000000004,33.5,91.5,15.700000000000001,58.400000000000006,100.0,231.5,2880.0,1.36,36.5,14.97,6.95,35.97,28.98,1.0,239.5,1200.0
47522.318,0.0,140.0,91.4,22.6,16.02,169.5,33.050000000000004,151.1,28.66,32.980000000000004,33.65,93.5,15.700000000000001,58.400000000000006,99.7,236.5,2875.0,1.34,36.5,14.99,6.91,36.04,28.93,0.0,239.5,1200.0
47582.318,0.0,140.0,91.2,22.73,16.01,166.5,33.15,152.70000000000002,28.69,33.05,33.550000000000004,94.0,15.65,58.2,100.0,235.5,2875.0,1.54,36.550000000000004,14.96,6.94,36.02,29.04,0.0,233.5,1200.0
47642.318,0.0,140.0,90.5,22.64,16.04,171.0,33.15,152.4,28.7,33.02,33.550000000000004,91.0,15.65,58.1,100.0,237.0,2875.0,1.56,36.35,15.08,7.0,35.86,29.01,0.0,237.5,1200.0
47702.317,0.0,140.0,90.9,22.67,16.01,173.0,33.1,152.1,28.71,33.0,33.6,92.5,15.700000000000001,58.1,99.60000000000001,232.5,2877.0,1.41,36.45,14.92,6.99,35.910000000000004,29.04,1.0,232.0,1200.0
47762.317,0.0,140.0,90.30000000000001,22.62,15.92,170.0,33.050000000000004,150.9,28.62,32.94,33.6,92.0,15.700000000000001,57.800000000000004,100.0,236.5,2879.0,1.32,36.5,15.05,6.96,35.95,29.03,0.0,237.0,1200.0
47822.317,0.0,140.0,91.30000000000001,22.62,16.03,170.5,33.2,152.3,28.57,33.05,33.45,93.5,15.700000000000001,57.900000000000006,99.80000000000001,237.5,2875.0,1.44,36.5,15.06,6.94,36.02,29.07,0.0,234.5,1200.0
47882.317,0.0,140.0,91.5,22.68,16.03,170.0,33.2,149.6,28.71,33.0,33.550000000000004,92.5,15.850000000000001,58.2,99.9,239.5,2877.0,1.31,36.550000000000004,15.08,6.98,35.95,29.04,1.0,240.5,1200.0
47942.317,0.0,140.0,91.60000000000001,22.650000000000002,15.97,169.0,33.2,151.8,28.62,33.05,33.45,91.5,15.700000000000001,58.400000000000006,100.0,237.5,2878.0,1.3800000000000001,36.45,15.07,6.93,35.980000000000004,28.96,0.0,236.0,1200.0
48002.317,0.0,140.0,90.7,22.62,16.02,170.5,33.15,151.9,28.69,32.99,33.65,91.5,15.75,58.6,100.0,232.5,2877.0,1.58,36.5,15.01,6.98,36.02,28.89,1.0,233.5,1200.0
48062.317,0.0,140.0,91.4,22.64,15.9,168.5,33.2,151.5,28.67,33.05,33.45,92.0,15.950000000000001,57.7,99.80000000000001,236.0,2878.0,1.3900000000000001,36.45,14.98,6.99,36.07,28.95,0.0,238.5,1200.0
48122.317,0.0,140.0,90.0,22.7,16.0,169.0,33.15,151.8,28.75,33.01,33.45,92.5,15.65,58.2,99.7,239.0,2875.0,1.44,36.4,15.040000000000001,7.0,36.07,29.05,0.0,244.0,1200.0
48182.317,0.0,140.0,91.9,22.76,16.05,171.0,33.300000000000004,151.6,28.61,33.09,33.4,94.0,15.75,58.1,99.9,236.5,2875.0,1.5,36.550000000000004,14.97,6.99,36.01,28.96,0.0,238.5,1200.0
48242.316,0.0,140.0,91.0,22.64,15.99,169.5,33.050000000000004,151.6,28.68,33.08,33.6,91.5,15.600000000000001,57.6,100.0,240.0,2877.0,1.32,36.5,14.91,7.05,35.94,28.97,0.0,233.0,1200.0
48302.316,0.0,140.0,91.2,22.580000000000002,16.0,170.0,33.0,152.0,28.73,33.06,33.4,92.0,15.75,57.6,99.80000000000001,235.0,2875.0,1.43,36.45,15.030000000000001,7.0200000000000005,36.0,29.01,2.0,232.0,1200.0
48362.316,0.0,140.0,91.30000000000001,22.63,16.03,170.5,33.050000000000004,151.70000000000002,28.69,33.04,33.6,92.5,15.75,58.0,100.0,236.5,2873.0,1.51,36.300000000000004,15.0,7.03,36.04,28.98,0.0,241.0,1200.0
48422.316,0.0,140.0,90.80000000000001,22.71,16.01,170.0,33.2,151.8,28.650000000000002,32.99,33.550000000000004,92.0,15.75,58.2,100.0,237.0,2871.0,1.48,36.45,15.0,6.94,36.07,29.02,0.0,232.5,1200.0
48482.316,0.0,140.0,91.5,22.68,15.96,171.0,33.25,151.9,28.650000000000002,32.910000000000004,33.5,92.5,15.8,57.6,100.0,239.0,2873.0,1.3800000000000001,36.300000000000004,14.92,6.94,35.97,28.98,0.0,232.5,1200.0
48542.316,0.0,140.0,90.80000000000001,22.66,16.04,170.0,33.050000000000004,152.9,28.68,32.95,33.6,92.0,15.65,57.5,100.0,233.0,2875.0,1.31,36.5,15.01,7.01,36.04,28.93,0.0,235.0,1200.0
48602.316,0.0,140.0,91.5,22.63,15.98,169.5,33.050000000000004,151.70000000000002,28.72,32.95,33.6,94.0,15.8,58.0,99.60000000000001,234.0,2875.0,1.55,36.45,15.01,6.99,36.0,29.07,1.0,235.5,1200.0
48662.316,0.0,140.0,91.4,22.71,16.02,169.0,33.050000000000004,150.9,28.77,32.97,33.45,94.5,15.600000000000001,57.2,100.0,235.5,2870.0,1.36,36.35,15.06,6.98,35.96,28.89,0.0,238.5,1200.0
48722.316,0.0,140.0,89.30000000000001,22.68,15.97,169.5,33.1,150.5,28.64,32.96,33.65,91.5,15.65,57.900000000000006,99.60000000000001,237.0,2875.0,1.31,36.25,14.97,6.95,36.01,28.94,0.0,234.5,1200.0
48782.316,0.0,140.0,89.9,22.64,15.99,169.0,33.1,153.0,28.77,33.01,33.6,94.0,15.75,57.7,100.0,236.5,2871.0,1.31,36.45,15.11,6.98,35.89,29.03,0.0,237.0,1200.0
48842.315,0.0,140.0,91.5,22.63,15.99,169.5,33.35,152.4,28.69,33.02,33.6,93.0,15.65,57.5,100.0,234.5,2872.0,1.36,36.35,15.0,6.99,35.89,29.11,0.0,235.5,1200.0
48902.315,0.0,140.0,90.2,22.650000000000002,16.01,169.5,33.2,151.3,28.64,33.05,33.6,95.0,15.75,58.1,99.7,237.0,2879.0,1.35,36.45,15.02,6.98,36.06,29.04,2.0,234.5,1200.0
48962.315,0.0,140.0,90.10000000000001,22.71,15.96,170.5,33.25,151.20000000000002,28.88,33.05,33.7,89.5,15.75,58.0,99.7,235.0,2872.0,1.55,36.45,14.99,7.0600000000000005,36.03,29.01,0.0,235.0,1200.0
49022.315,0.0,140.0,92.10000000000001,22.69,15.950000000000001,172.5,33.2,151.0,28.78,33.1,33.65,92.5,15.65,57.900000000000006,100.0,241.0,2881.0,1.17,36.35,15.02,6.99,36.02,28.84,1.0,237.5,1200.0
49082.315,0.0,140.0,92.2,22.63,15.96,172.5,33.1,151.9,28.77,33.12,33.65,92.0,15.75,57.900000000000006,99.9,241.0,2884.0,1.3900000000000001,36.5,14.99,6.98,35.92,28.95,1.0,237.5,1200.0
49142.315,0.0,140.0,90.60000000000001,22.68,16.02,172.5,33.15,152.6,28.75,33.160000000000004,33.6,92.5,15.700000000000001,57.800000000000004,100.0,237.0,2883.0,1.27,36.4,14.97,7.04,35.95,28.97,2.0,236.5,1200.0
49202.315,0.0,140.0,91.10000000000001,22.68,16.02,172.0,33.300000000000004,153.0,28.91,33.1,33.85,91.5,15.850000000000001,57.800000000000004,99.30000000000001,240.0,2884.0,1.46,36.5,14.98,7.0200000000000005,36.01,29.01,0.0,242.5,1200.0
49262.315,0.0,140.0,91.4,22.67,16.1,170.5,33.35,152.20000000000002,28.77,33.13,33.550000000000004,94.5,15.8,58.5,100.0,236.5,2887.0,1.36,36.45,15.040000000000001,6.97,35.99,29.03,1.0,236.5,1200.0
49322.315,0.0,140.0,92.0,22.69,15.93,170.0,33.300000000000004,153.1,28.87,33.13,33.800000000000004,92.5,15.700000000000001,58.0,100.0,241.5,2887.0,1.53,36.65,14.99,6.96,35.99,29.07,1.0,237.5,1200.0
49382.315,0.0,140.0,90.9,22.7,15.99,170.0,33.4,150.6,28.82,33.1,33.7,92.5,15.8,57.900000000000006,99.9,239.5,2885.0,1.53,36.5,15.01,7.03,36.09,29.03,1.0,241.5,1200.0
49442.314,0.0,140.0,91.7,22.72,16.0,170.5,33.25,150.5,28.87,33.160000000000004,33.7,93.0,15.75,57.1,100.0,236.0,2886.0,1.34,36.65,15.0,7.0,35.99,28.96,2.0,242.0,1200.0
49502.314,0.0,140.0,89.60000000000001,22.62,16.03,170.0,33.15,150.1,28.87,33.08,33.65,93.0,15.65,58.0,100.0,242.0,2882.0,1.37,36.550000000000004,15.05,6.95,35.95,28.93,1.0,234.5,1200.0
49562.314,0.0,140.0,90.5,22.62,15.98,170.5,33.35,152.4,28.82,33.1,33.75,93.0,15.700000000000001,57.900000000000006,99.80000000000001,237.5,2887.0,1.32,36.45,14.98,7.01,35.93,29.060000000000002,0.0,240.0,1200.0
49622.314,0.0,140.0,91.60000000000001,22.650000000000002,15.93,171.0,33.25,152.8,28.830000000000002,33.2,33.65,91.5,15.8,57.5,99.80000000000001,239.0,2886.0,1.4000000000000001,36.550000000000004,15.02,7.0,35.93,29.03,3.0,236.5,1200.0
49682.314,0.0,140.0,91.2,22.71,16.0,170.5,33.2,151.8,28.89,33.160000000000004,33.65,92.5,15.950000000000001,57.7,100.0,235.5,2888.0,1.24,36.6,15.0,7.0,36.050000000000004,29.03,2.0,242.5,1200.0
49742.314,0.0,140.0,90.7,22.69,15.94,170.5,33.2,151.5,28.84,33.230000000000004,33.5,91.0,15.8,57.400000000000006,100.0,233.5,2882.0,1.3,36.5,14.96,6.95,35.88,28.95,0.0,239.0,1200.0
49802.314,0.0,140.0,90.9,22.64,15.97,170.5,33.25,151.9,28.73,33.08,33.800000000000004,92.0,15.700000000000001,57.6,100.0,240.0,2881.0,1.36,36.550000000000004,15.030000000000001,7.0200000000000005,36.0,29.0,0.0,239.0,1200.0
49862.314,0.0,140.0,91.9,22.69,16.03,169.0,33.15,151.5,28.830000000000002,33.06,33.75,93.0,15.8,57.7,100.0,242.5,2880.0,1.41,36.550000000000004,15.0,6.93,35.93,29.04,1.0,238.0,1200.0
49922.314,0.0,140.0,90.9,22.59,16.05,170.5,33.25,153.1,28.73,33.15,33.65,91.5,15.75,56.900000000000006,99.5,238.5,2880.0,1.37,36.6,14.93,7.0,35.99,28.94,1.0,239.0,1200.0
49982.314,0.0,140.0,89.80000000000001,22.67,16.0,169.5,33.25,152.3,28.830000000000002,33.1,33.7,93.5,15.75,57.5,100.0,236.5,2885.0,1.43,36.6,15.06,6.96,36.04,28.98,0.0,237.0,1200.0
50042.313,0.0,140.0,90.5,22.67,16.01,172.0,33.15,151.0,28.810000000000002,33.12,33.6,91.0,15.65,58.0,100.0,240.5,2881.0,1.17,36.6,14.97,6.99,35.96,29.05,0.0,242.5,1200.0
50102.313,0.0,140.0,90.4,22.64,16.03,172.5,33.15,151.6,28.76,33.1,33.7,94.0,15.700000000000001,57.800000000000004,100.0,236.0,2877.0,1.33,36.550000000000004,15.0,7.03,36.07,28.97,3.0,235.5,1200.0
50162.313,0.0,140.0,90.5,22.61,16.03,174.5,33.2,149.5,28.76,33.08,33.65,95.0,15.850000000000001,57.7,99.9,236.0,2879.0,1.35,36.65,14.93,7.05,35.97,28.94,0.0,239.5,1200.0
50222.313,0.0,140.0,90.2,22.67,16.04,170.5,33.15,151.1,28.77,33.14,33.65,91.0,15.700000000000001,57.5,100.0,235.0,2878.0,1.29,36.550000000000004,14.99,7.0200000000000005,35.94,28.93,1.0,234.0,1200.0
50282.313,0.0,140.0,91.2,22.61,15.97,168.5,33.2,150.4,28.71,33.1,33.550000000000004,92.5,15.75,57.800000000000004,99.60000000000001,237.0,2882.0,1.36,36.550000000000004,14.97,7.01,36.01,29.04,2.0,241.5,1200.0
50342.313,0.0,140.0,91.60000000000001,22.63,16.01,170.0,33.15,150.6,28.76,33.13,33.6,92.0,15.700000000000001,57.6,100.0,243.5,2883.0,1.3900000000000001,36.550000000000004,15.05,6.96,36.01,29.0,2.0,236.0,1200.0
50402.313,0.0,140.0,91.5,22.69,16.080000000000002,171.0,33.2,151.70000000000002,28.75,33.03,33.75,92.5,15.65,57.800000000000004,100.0,235.5,2875.0,1.42,36.35,15.02,7.05,36.04,28.89,1.0,237.0,1200.0
50462.313,0.0,140.0,91.2,22.73,15.99,170.5,33.25,151.0,28.86,33.14,33.7,94.5,15.75,58.0,99.7,234.0,2879.0,1.24,36.65,15.0,6.98,35.96,28.990000000000002,0.0,235.0,1200.0
50522.313,0.0,140.0,91.0,22.66,16.05,169.5,33.2,151.6,28.7,33.05,33.6,92.5,15.8,57.6,100.0,237.5,2880.0,1.25,36.4,14.97,7.01,36.03,29.04,1.0,234.0,1200.0
50582.313,0.0,140.0,92.0,22.57,16.03,170.5,33.4,151.1,28.78,33.11,33.800000000000004,94.0,15.75,57.6,100.0,234.0,2878.0,1.51,36.6,15.05,7.01,36.12,28.96,0.0,237.0,1200.0
50642.312,0.0,140.0,92.0,22.650000000000002,15.96,169.5,33.25,149.1,28.93,33.12,33.800000000000004,91.5,15.950000000000001,57.7,100.0,241.5,2880.0,1.42,36.45,15.05,6.95,35.96,28.98,0.0,238.0,1200.0
50702.312,0.0,140.0,91.4,22.73,16.03,170.5,33.300000000000004,150.0,28.85,33.08,33.6,94.5,15.8,57.900000000000006,100.0,239.5,2880.0,1.37,36.550000000000004,15.040000000000001,7.04,36.06,29.0,4.0,236.0,1200.0
50762.312,0.0,140.0,91.60000000000001,22.71,15.950000000000001,171.5,33.45,151.5,28.91,33.2,33.550000000000004,92.0,15.75,57.400000000000006,99.5,234.0,2889.0,1.3800000000000001,36.5,14.98,7.03,36.02,28.98,2.0,240.5,1200.0
50822.312,0.0,140.0,91.4,22.69,15.94,172.5,33.15,152.4,28.830000000000002,33.21,33.85,93.5,15.8,57.6,100.0,236.0,2888.0,1.41,36.65,14.98,6.95,35.980000000000004,28.990000000000002,1.0,238.0,1200.0
50882.312,0.0,140.0,91.60000000000001,22.72,16.04,170.0,33.4,150.4,28.900000000000002,33.18,33.550000000000004,93.5,15.65,57.7,100.0,241.5,2892.0,1.45,36.5,15.05,7.0200000000000005,36.02,28.91,0.0,240.5,1200.0
50942.312,0.0,140.0,90.2,22.64,15.94,173.0,33.4,150.8,28.89,33.28,33.75,92.0,15.75,57.5,100.0,242.0,2891.0,1.34,36.65,14.97,7.0,35.89,29.02,0.0,240.5,1200.0
51002.312,0.0,140.0,90.7,22.71,15.99,169.0,33.35,151.8,28.91,33.18,33.9,92.0,15.700000000000001,57.900000000000006,99.5,240.0,2892.0,1.31,36.6,14.94,6.96,36.08,29.04,1.0,240.5,1200.0
51062.312,0.0,140.0,90.60000000000001,22.650000000000002,16.05,171.0,33.25,153.4,28.95,33.29,33.75,93.0,15.75,57.400000000000006,99.7,243.5,2896.0,1.28,36.7,15.0,6.98,36.0,28.93,3.0,240.5,1200.0
51122.312,0.0,140.0,90.7,22.73,15.99,173.0,33.300000000000004,152.70000000000002,28.990000000000002,33.28,33.85,94.0,15.8,57.400000000000006,99.9,238.5,2898.0,1.48,36.550000000000004,14.96,7.0200000000000005,35.99,29.05,0.0,243.0,1200.0
51182.312,0.0,140.0,92.10000000000001,22.63,15.96,172.0,33.45,150.6,28.94,33.28,34.0,90.5,15.700000000000001,58.1,100.0,241.0,2889.0,1.31,36.6,15.02,7.0,36.02,29.02,3.0,238.5,1200.0
51242.312,0.0,140.0,91.30000000000001,22.64,16.03,171.5,33.4,150.1,28.86,33.21,33.800000000000004,95.0,15.65,57.300000000000004,100.0,238.0,2888.0,1.32,36.550000000000004,14.96,6.96,35.95,29.0,1.0,239.0,1200.0
51302.311,0.0,140.0,91.2,22.8,15.98,171.0,33.45,151.1,29.05,33.18,33.800000000000004,93.5,15.600000000000001,57.7,99.9,241.0,2894.0,1.46,36.7,14.92,6.99,36.03,29.05,0.0,242.5,1200.0
51362.311,0.0,140.0,91.5,22.73,16.06,172.0,33.4,151.6,28.92,33.32,33.75,91.0,15.700000000000001,57.900000000000006,99.30000000000001,240.0,2897.0,1.28,36.7,15.120000000000001,7.0200000000000005,36.07,28.97,0.0,245.0,1200.0
51422.311,0.0,140.0,89.30000000000001,22.67,16.03,171.0,33.4,151.0,29.04,33.28,33.9,93.0,15.65,57.2,100.0,241.5,2892.0,1.53,36.6,15.02,6.99,35.99,29.01,1.0,236.5,1200.0
51482.311,0.0,140.0,90.30000000000001,22.75,16.02,171.0,33.300000000000004,151.20000000000002,28.93,33.25,33.800000000000004,93.5,15.55,57.800000000000004,99.5,241.5,2902.0,1.48,36.85,15.0,7.07,35.94,29.0,0.0,241.0,1200.0
51542.311,0.0,140.0,90.10000000000001,22.62,16.03,172.0,33.35,151.1,28.900000000000002,33.37,33.800000000000004,92.0,15.700000000000001,57.7,99.9,244.0,2893.0,1.36,36.7,14.950000000000001,7.0200000000000005,36.0,28.96,0.0,242.5,1200.0
51602.311,0.0,140.0,90.10000000000001,22.69,15.99,172.0,33.300000000000004,151.0,28.89,33.31,33.85,91.0,15.600000000000001,57.7,99.7,241.5,2897.0,1.35,36.65,15.0,7.04,35.94,28.94,0.0,239.0,1200.0
51662.311,0.0,140.0,90.10000000000001,22.71,16.05,169.5,33.45,152.1,28.97,33.34,33.95,93.5,15.700000000000001,57.400000000000006,100.0,239.5,2896.0,1.28,36.7,15.040000000000001,7.01,35.95,29.0,1.0,238.5,1200.0
51722.311,0.0,140.0,90.2,22.67,15.94,170.0,33.300000000000004,151.0,28.87,33.33,33.95,91.0,15.75,58.2,100.0,237.0,2896.0,1.19,36.9,14.98,7.03,36.01,28.990000000000002,0.0,238.5,1200.0
51782.311,0.0,140.0,91.30000000000001,22.71,15.93,173.5,33.5,150.5,29.03,33.32,33.800000000000004,91.5,15.9,58.1,99.9,245.5,2898.0,1.43,36.550000000000004,15.05,7.0,35.980000000000004,28.98,0.0,237.0,1200.0
51842.311,0.0,140.0,91.10000000000001,22.66,16.0,172.5,33.4,151.8,28.94,33.27,33.9,91.5,15.65,57.6,99.9,241.5,2903.0,1.5,36.800000000000004,14.92,7.05,35.94,29.04,0.0,242.0,1200.0
51902.311,0.0,140.0,90.80000000000001,22.66,16.03,171.5,33.4,151.6,29.04,33.39,33.95,94.5,15.75,57.800000000000004,99.7,240.0,2897.0,1.48,36.95,15.0,6.93,36.1,29.05,4.0,243.5,1200.0
51962.31,0.0,140.0,89.60000000000001,22.71,15.99,171.5,33.5,152.8,28.97,33.35,33.95,92.5,15.65,57.2,99.7,242.0,2896.0,1.44,36.85,15.030000000000001,7.0,36.03,28.95,1.0,238.0,1200.0
52022.31,0.0,140.0,92.30000000000001,22.72,15.99,172.5,33.550000000000004,150.70000000000002,28.96,33.33,33.85,94.0,15.8,57.300000000000004,100.0,239.5,2898.0,1.4000000000000001,36.75,14.99,7.03,35.97,29.18,1.0,239.0,1200.0
52082.31,0.0,140.0,91.10000000000001,22.69,15.94,171.0,33.5,151.6,29.05,33.4,33.9,92.5,15.700000000000001,57.5,99.80000000000001,242.0,2899.0,1.45,36.9,14.96,6.9,35.88,28.97,0.0,241.0,1200.0
52142.31,0.0,140.0,90.80000000000001,22.650000000000002,16.03,173.0,33.6,150.0,28.91,33.33,33.75,92.5,15.75,57.400000000000006,99.9,244.5,2904.0,1.43,36.9,14.92,7.0600000000000005,35.92,29.05,1.0,241.0,1200.0
52202.31,0.0,140.0,90.4,22.62,16.03,171.5,33.45,152.5,29.02,33.39,33.95,91.5,15.75,57.900000000000006,99.9,240.0,2902.0,1.24,36.7,14.93,7.01,35.97,28.97,3.0,245.5,1200.0
52262.31,0.0,140.0,91.0,22.740000000000002,16.0,173.5,33.550000000000004,150.6,29.02,33.37,33.95,94.5,15.600000000000001,57.6,100.0,240.5,2893.0,1.45,36.7,15.08,6.95,35.94,29.05,1.0,244.0,1200.0
52322.31,0.0,140.0,92.9,22.72,16.02,171.0,33.550000000000004,151.5,29.04,33.39,33.75,92.5,15.65,57.800000000000004,100.0,239.5,2901.0,1.4000000000000001,37.0,14.99,7.04,35.980000000000004,29.03,0.0,242.0,1200.0
52382.31,0.0,140.0,90.60000000000001,22.76,16.0,171.5,33.550000000000004,151.3,28.92,33.33,33.800000000000004,91.0,15.600000000000001,57.5,99.9,242.5,2906.0,1.52,36.75,14.92,6.98,36.14,28.97,0.0,245.0,1200.0
52442.31,0.0,140.0,91.5,22.71,15.99,172.0,33.5,151.4,28.93,33.45,33.85,94.0,15.75,58.0,100.0,244.5,2906.0,1.55,36.85,14.98,7.0,35.97,28.92,1.0,243.0,1200.0
52502.31,0.0,140.0,90.4,22.71,15.98,172.5,33.45,151.6,29.04,33.32,33.95,92.5,15.450000000000001,57.800000000000004,99.60000000000001,246.0,2903.0,1.1500000000000001,36.75,15.05,6.97,35.980000000000004,29.01,0.0,240.0,1200.0
52562.309,0.0,140.0,90.30000000000001,22.73,15.99,172.0,33.5,153.20000000000002,29.03,33.29,33.9,92.0,15.700000000000001,57.900000000000006,99.9,242.5,2898.0,1.3800000000000001,36.95,14.99,7.01,36.09,29.09,0.0,243.5,1200.0
52622.309,0.0,140.0,88.9,22.650000000000002,15.950000000000001,171.0,33.550000000000004,151.20000000000002,29.0,33.42,33.85,91.0,15.75,57.900000000000006,99.60000000000001,240.5,2899.0,1.25,36.9,15.05,6.99,35.99,29.04,0.0,241.0,1200.0
52682.309,0.0,140.0,90.4,22.650000000000002,16.03,170.0,33.45,149.0,28.94,33.31,33.9,92.5,15.65,58.300000000000004,100.0,242.5,2893.0,1.35,36.800000000000004,14.94,6.98,36.0,28.95,1.0,240.5,1200.0
52742.309,0.0,140.0,91.4,22.71,16.04,173.5,33.5,150.20000000000002,29.04,33.34,33.75,96.0,15.65,58.1,100.0,242.5,2905.0,1.43,36.75,14.96,7.05,36.03,28.95,1.0,240.5,1200.0
52802.309,0.0,140.0,91.0,22.69,15.98,172.0,33.300000000000004,152.4,29.01,33.34,33.800000000000004,93.0,15.65,58.0,100.0,242.0,2900.0,1.58,36.800000000000004,14.99,7.01,36.06,28.98,1.0,238.5,1200.0
52862.309,0.0,140.0,89.80000000000001,22.72,16.01,171.5,33.35,153.20000000000002,28.900000000000002,33.34,33.9,92.0,15.850000000000001,57.900000000000006,100.0,241.5,2896.0,1.34,36.75,15.05,7.04,36.03,28.96,1.0,236.0,1200.0
52922.309,0.0,140.0,93.10000000000001,22.740000000000002,16.01,172.0,33.45,151.20000000000002,28.93,33.39,33.9,91.0,15.700000000000001,57.400000000000006,99.7,240.0,2895.0,1.35,36.9,15.040000000000001,6.94,36.01,29.02,1.0,246.5,1200.0
52982.309,0.0,140.0,91.2,22.73,16.02,173.0,33.550000000000004,150.8,28.94,33.38,33.800000000000004,93.0,15.600000000000001,57.2,99.5,244.5,2905.0,1.28,36.7,14.99,6.98,35.980000000000004,29.0,0.0,246.5,1200.0
53042.309,0.0,140.0,90.9,22.68,15.99,172.0,33.45,151.6,29.02,33.29,33.9,92.5,15.75,58.2,100.0,243.5,2901.0,1.46,36.800000000000004,15.05,6.96,36.08,29.0,1.0,238.5,1200.0
53102.309,0.0,140.0,91.10000000000001,22.72,15.9,173.5,33.35,152.5,29.01,33.4,33.95,92.5,15.65,57.900000000000006,100.0,240.0,2898.0,1.41,36.9,15.030000000000001,6.99,36.03,29.04,1.0,238.5,1200.0
53162.309,0.0,140.0,92.80000000000001,22.66,16.05,169.0,33.6,149.20000000000002,29.01,33.44,33.800000000000004,91.5,15.700000000000001,57.5,100.0,245.5,2900.0,1.46,36.75,14.98,7.0600000000000005,36.03,29.07,0.0,239.5,1200.0
53222.308,0.0,140.0,90.80000000000001,22.59,15.96,172.5,33.5,152.8,29.03,33.43,33.9,93.5,15.9,57.5,99.80000000000001,239.5,2898.0,1.44,37.050000000000004,14.98,6.97,36.01,29.05,0.0,245.5,1200.0
53282.308,0.0,140.0,89.7,22.63,16.04,171.0,33.5,149.70000000000002,29.11,33.28,33.85,91.0,15.75,57.1,100.0,238.5,2903.0,1.31,36.75,14.96,6.99,35.97,29.01,0.0,241.0,1200.0
53342.308,0.0,140.0,92.2,22.650000000000002,16.03,173.5,33.45,151.3,29.07,33.33,33.95,91.5,15.75,57.6,99.9,243.5,2898.0,1.29,36.7,15.02,6.99,35.96,28.990000000000002,0.0,242.5,1200.0
53402.308,0.0,140.0,90.5,22.580000000000002,16.01,171.5,33.5,152.0,29.05,33.3,34.0,93.0,15.75,57.6,100.0,240.5,2900.0,1.24,36.85,15.040000000000001,7.04,35.92,29.03,0.0,242.0,1200.0
53462.308,0.0,140.0,92.10000000000001,22.64,15.950000000000001,172.5,33.45,151.8,29.080000000000002,33.27,34.050000000000004,93.0,15.75,57.0,99.5,244.5,2903.0,1.45,36.85,14.99,7.07,35.94,29.03,0.0,241.0,1200.0
53522.308,0.0,140.0,91.10000000000001,22.7,16.02,171.0,33.6,151.6,29.14,33.36,33.75,94.5,15.600000000000001,57.6,100.0,241.0,2901.0,1.27,36.85,14.950000000000001,6.98,35.94,29.05,0.0,240.0,1200.0
53582.308,0.0,140.0,91.5,22.68,16.02,171.0,33.6,151.1,29.04,33.35,33.9,92.0,15.700000000000001,57.400000000000006,99.60000000000001,241.5,2894.0,1.47,37.0,15.06,6.98,36.02,29.0,0.0,239.0,1200.0
53642.308,0.0,140.0,90.7,22.7,16.02,170.0,33.4,151.6,28.95,33.38,33.9,92.5,15.700000000000001,57.6,100.0,238.5,2894.0,1.31,36.75,14.99,6.95,35.95,29.04,0.0,244.0,1200.0
53702.308,0.0,140.0,90.60000000000001,22.71,15.98,170.5,33.45,151.70000000000002,29.05,33.3,33.9,93.5,15.600000000000001,57.400000000000006,99.9,242.0,2904.0,1.37,36.85,15.01,7.0200000000000005,35.99,28.95,0.0,242.0,1200.0
53762.308,0.0,140.0,89.9,22.650000000000002,16.02,172.5,33.45,151.5,29.02,33.34,34.0,92.0,15.700000000000001,57.7,99.9,242.0,2907.0,1.44,36.7,14.99,7.0600000000000005,36.1,29.09,0.0,241.0,1200.0
53822.308,0.0,140.0,91.60000000000001,22.73,16.04,171.5,33.45,151.1,28.94,33.33,33.800000000000004,91.0,15.65,57.6,100.0,241.0,2900.0,1.36,36.800000000000004,14.92,7.0200000000000005,36.0,28.96,0.0,242.5,1200.0
53882.307,0.0,140.0,91.60000000000001,22.76,15.99,173.0,33.5,151.0,29.04,33.32,33.85,94.0,15.700000000000001,57.2,99.7,242.5,2899.0,1.45,36.95,14.92,7.01,35.99,29.02,0.0,243.5,1200.0
53942.307,0.0,140.0,91.10000000000001,22.69,16.0,170.5,33.5,152.5,28.89,33.3,33.800000000000004,93.5,15.8,57.6,99.9,246.0,2897.0,1.33,36.800000000000004,15.01,7.04,36.03,29.03,0.0,241.5,1200.0
54002.307,0.0,140.0,91.5,22.75,15.98,173.0,33.6,151.70000000000002,29.01,33.21,33.800000000000004,90.0,15.75,58.1,100.0,244.0,2902.0,1.48,36.800000000000004,14.99,6.96,36.0,28.97,0.0,242.5,1200.0
54062.307,0.0,140.0,93.7,22.73,15.98,173.0,33.300000000000004,152.8,29.02,33.31,34.050000000000004,92.5,15.8,58.0,99.9,240.0,2903.0,1.47,37.0,15.05,7.09,35.97,28.92,0.0,245.0,1200.0
54122.307,0.0,140.0,90.2,22.69,15.94,172.0,33.45,151.20000000000002,29.02,33.4,33.9,93.0,15.700000000000001,57.7,100.0,240.5,2902.0,1.36,36.65,14.91,7.01,35.87,28.98,1.0,245.0,1200.0
54182.307,0.0,140.0,91.4,22.63,16.07,171.5,33.5,152.20000000000002,29.02,33.33,33.800000000000004,93.5,15.850000000000001,57.900000000000006,99.9,241.5,2898.0,1.4000000000000001,36.800000000000004,15.030000000000001,7.07,35.99,28.97,0.0,244.0,1200.0
54242.307,0.0,140.0,91.2,22.75,15.96,172.0,33.65,150.1,28.91,33.3,33.75,95.0,15.850000000000001,58.0,99.9,243.0,2896.0,1.34,36.9,15.01,6.97,36.03,28.94,0.0,241.0,1200.0
54302.307,0.0,140.0,90.0,22.71,15.98,170.5,33.45,151.4,28.97,33.39,33.800000000000004,93.0,15.850000000000001,57.6,99.9,238.0,2901.0,1.28,36.9,15.02,7.1000000000000005,36.050000000000004,29.02,0.0,240.5,1200.0
54362.307,0.0,140.0,92.30000000000001,22.67,15.950000000000001,173.0,33.45,152.1,29.0,33.410000000000004,33.800000000000004,93.0,15.8,57.2,99.9,240.5,2897.0,1.41,36.85,14.96,6.98,36.03,28.990000000000002,0.0,239.5,1200.0
54422.307,0.0,140.0,90.60000000000001,22.650000000000002,16.05,174.5,33.5,151.20000000000002,28.990000000000002,33.31,33.800000000000004,94.0,15.75,57.6,99.60000000000001,238.0,2896.0,1.29,36.85,15.08,7.0,35.980000000000004,28.990000000000002,2.0,241.0,1200.0
54482.307,0.0,140.0,92.0,22.68,16.05,172.5,33.4,151.4,29.02,33.29,33.85,95.0,15.700000000000001,57.6,99.60000000000001,240.0,2894.0,1.3,36.85,14.97,6.97,36.0,29.04,1.0,242.5,1200.0
54542.307,0.0,140.0,90.30000000000001,22.7,15.98,171.5,33.4,152.5,29.03,33.27,33.800000000000004,92.5,15.700000000000001,57.1,100.0,239.5,2899.0,1.24,36.800000000000004,15.030000000000001,6.95,36.12,29.0,0.0,238.5,1200.0
54602.306,0.0,140.0,92.80000000000001,22.64,15.950000000000001,169.5,33.35,150.6,28.94,33.29,33.85,93.5,15.65,57.400000000000006,100.0,237.0,2899.0,1.44,36.800000000000004,14.97,7.07,36.050000000000004,29.02,0.0,244.5,1200.0
54662.306,0.0,140.0,90.4,22.650000000000002,15.99,175.0,33.4,151.3,28.95,33.34,33.85,92.5,15.65,57.6,99.80000000000001,239.5,2900.0,1.43,36.7,15.030000000000001,7.01,35.99,28.94,0.0,239.5,1200.0
54722.306,0.0,140.0,91.0,22.67,16.04,173.5,33.550000000000004,152.0,28.98,33.28,33.75,94.5,15.850000000000001,57.400000000000006,99.7,239.5,2895.0,1.23,36.6,14.98,6.93,35.96,29.03,0.0,241.0,1200.0
54782.306,0.0,140.0,89.7,22.69,15.99,170.5,33.5,152.1,28.86,33.27,33.85,93.5,15.700000000000001,57.2,100.0,242.0,2894.0,1.33,36.85,15.01,7.08,35.94,28.92,0.0,240.5,1200.0
54842.306,0.0,140.0,91.2,22.64,16.0,169.0,33.35,152.20000000000002,29.02,33.38,33.85,91.5,15.700000000000001,57.7,99.80000000000001,239.0,2894.0,1.41,36.7,15.01,7.05,35.9,28.93,0.0,237.5,1200.0
54902.306,0.0,140.0,89.60000000000001,22.63,16.0,172.0,33.25,151.0,28.94,33.19,33.800000000000004,91.5,15.65,57.1,99.9,245.0,2886.0,1.36,36.800000000000004,14.97,6.99,35.95,29.0,0.0,243.0,1200.0
54962.306,0.0,140.0,92.0,22.67,15.94,171.0,33.45,153.0,28.97,33.27,33.800000000000004,93.0,15.65,57.800000000000004,100.0,240.0,2894.0,1.45,36.75,14.99,6.92,35.99,29.03,0.0,238.0,1200.0
55022.306,0.0,140.0,91.2,22.650000000000002,16.0,172.0,33.35,149.8,28.96,33.31,33.65,95.0,15.65,58.1,100.0,239.5,2894.0,1.34,36.65,14.98,7.09,35.97,29.080000000000002,0.0,239.0,1200.0
55082.306,0.0,140.0,90.30000000000001,22.71,16.04,169.5,33.550000000000004,153.70000000000002,28.89,33.160000000000004,33.65,92.5,15.850000000000001,57.6,100.0,238.5,2892.0,1.36,36.7,14.98,7.0200000000000005,36.01,29.060000000000002,0.0,236.0,1200.0
55142.306,0.0,140.0,89.9,22.69,15.89,170.5,33.35,151.0,28.93,33.26,33.7,92.5,15.75,57.2,100.0,237.5,2891.0,1.35,36.7,14.96,7.05,35.96,28.990000000000002,0.0,240.0,1200.0
55202.306,0.0,140.0,91.5,22.67,16.05,171.0,33.300000000000004,151.20000000000002,28.97,33.27,33.800000000000004,94.5,15.700000000000001,57.2,100.0,236.0,2889.0,1.55,36.65,14.97,6.95,35.99,29.0,0.0,238.5,1200.0
55262.305,0.0,140.0,90.9,22.75,15.93,171.5,33.45,151.6,28.92,33.230000000000004,33.85,95.0,15.700000000000001,57.1,99.7,241.5,2890.0,1.3900000000000001,36.800000000000004,14.98,6.93,35.980000000000004,28.85,0.0,235.0,1200.0
55322.305,0.0,140.0,91.4,22.650000000000002,16.06,169.0,33.35,152.5,28.89,33.230000000000004,33.800000000000004,93.5,15.850000000000001,57.1,99.9,237.0,2888.0,1.36,36.7,15.02,7.0,36.08,29.05,0.0,239.0,1200.0
55382.305,0.0,140.0,90.80000000000001,22.650000000000002,16.09,172.0,33.4,151.3,28.94,33.24,33.800000000000004,93.5,15.75,57.400000000000006,99.80000000000001,244.0,2884.0,1.41,36.550000000000004,14.98,6.97,36.04,28.96,0.0,240.0,1200.0
55442.305,0.0,140.0,89.4,22.64,15.98,172.0,33.4,154.20000000000002,29.04,33.24,33.65,91.5,15.75,57.6,100.0,239.0,2888.0,1.29,36.6,15.01,7.03,35.980000000000004,29.07,1.0,238.5,1200.0
55502.305,0.0,140.0,91.7,22.67,16.0,172.0,33.35,150.9,28.91,33.3,33.800000000000004,93.5,15.700000000000001,57.2,99.9,235.5,2889.0,1.58,36.6,14.99,7.01,36.04,28.96,1.0,235.5,1200.0
55562.305,0.0,140.0,91.2,22.7,15.91,171.0,33.300000000000004,150.3,29.03,33.33,34.0,92.5,15.65,57.5,99.9,241.0,2889.0,1.47,36.5,14.950000000000001,6.97,35.980000000000004,28.98,0.0,240.5,1200.0
55622.305,0.0,140.0,90.30000000000001,22.71,16.04,173.0,33.35,152.8,28.94,33.29,33.9,92.5,15.700000000000001,57.7,99.9,241.5,2894.0,1.47,36.6,14.99,7.01,35.980000000000004,28.92,0.0,239.5,1200.0
55682.305,0.0,140.0,89.9,22.73,16.02,170.0,33.4,150.8,28.92,33.34,33.9,91.5,15.850000000000001,57.7,100.0,241.0,2892.0,1.23,36.550000000000004,15.01,7.0,35.910000000000004,28.93,0.0,238.5,1200.0
55742.305,0.0,140.0,89.80000000000001,22.740000000000002,15.93,172.5,33.550000000000004,152.6,29.04,33.31,33.85,92.5,15.8,57.300000000000004,100.0,237.5,2897.0,1.42,36.65,14.99,7.03,35.95,28.96,1.0,241.0,1200.0
55802.305,0.0,140.0,91.60000000000001,22.64,15.97,171.0,33.300000000000004,152.8,28.97,33.27,33.800000000000004,93.5,15.9,57.0,100.0,241.0,2897.0,1.48,36.75,15.0,6.99,35.92,29.05,1.0,241.0,1200.0
55862.305,0.0,140.0,91.4,22.72,15.99,171.0,33.45,150.1,29.12,33.31,33.75,92.0,15.75,57.300000000000004,99.5,245.5,2897.0,1.43,36.7,14.99,7.07,35.980000000000004,28.94,0.0,238.5,1200.0
55922.305,0.0,140.0,92.30000000000001,22.67,16.080000000000002,171.0,33.550000000000004,151.5,28.990000000000002,33.27,33.75,92.0,15.700000000000001,57.900000000000006,99.80000000000001,244.0,2897.0,1.37,36.75,15.01,7.0600000000000005,35.96,29.07,0.0,244.5,1200.0
55982.304,0.0,140.0,90.5,22.69,15.96,170.0,33.45,149.6,29.060000000000002,33.27,34.0,93.5,15.8,58.1,99.60000000000001,239.5,2900.0,1.37,36.7,15.01,7.01,36.0,29.02,0.0,239.0,1200.0
56042.304,0.0,140.0,91.9,22.650000000000002,16.04,172.5,33.300000000000004,152.0,29.0,33.35,34.0,94.0,15.75,57.6,100.0,241.5,2899.0,1.3800000000000001,36.75,14.94,6.96,35.96,29.02,1.0,242.0,1200.0
56102.304,0.0,140.0,90.5,22.76,15.96,172.0,33.6,150.8,28.98,33.29,33.800000000000004,93.0,15.8,58.1,100.0,240.5,2895.0,1.44,36.85,14.97,7.08,35.95,28.96,0.0,240.5,1200.0
56162.304,0.0,140.0,90.4,22.69,16.02,171.5,33.5,151.3,28.91,33.37,33.85,94.0,15.65,57.0,99.80000000000001,239.5,2898.0,1.41,36.95,14.98,7.0200000000000005,35.97,28.98,1.0,243.0,1200.0
56222.304,0.0,140.0,89.10000000000001,22.71,15.98,173.0,33.4,152.4,28.900000000000002,33.33,33.95,93.5,15.700000000000001,57.6,100.0,239.5,2903.0,1.51,36.85,14.99,7.03,36.09,29.0,1.0,239.5,1200.0
56282.304,0.0,140.0,91.60000000000001,22.68,15.950000000000001,171.0,33.5,150.70000000000002,28.97,33.22,33.95,92.5,15.75,57.1,99.80000000000001,245.5,2896.0,1.51,36.7,14.950000000000001,6.94,36.04,29.02,0.0,240.0,1200.0
56342.304,0.0,140.0,91.60000000000001,22.66,16.03,171.0,33.4,151.5,29.080000000000002,33.38,33.95,92.5,15.65,57.400000000000006,99.9,244.5,2891.0,1.3800000000000001,36.65,15.040000000000001,7.0200000000000005,35.99,29.02,0.0,240.5,1200.0
56402.304,0.0,140.0,90.2,22.7,16.01,172.5,33.5,151.3,29.09,33.37,33.9,91.5,15.700000000000001,57.2,100.0,236.5,2894.0,1.44,36.75,15.02,6.99,36.08,29.060000000000002,1.0,241.5,1200.0
56462.304,0.0,140.0,91.80000000000001,22.64,15.91,172.0,33.4,152.4,29.080000000000002,33.28,33.95,94.0,15.700000000000001,57.5,99.60000000000001,241.5,2898.0,1.37,36.75,14.950000000000001,6.96,36.01,29.04,0.0,240.5,1200.0
56522.304,0.0,140.0,91.4,22.56,15.950000000000001,172.0,33.5,152.4,28.93,33.26,33.95,93.5,15.55,56.900000000000006,100.0,241.0,2892.0,1.25,36.800000000000004,15.030000000000001,7.01,35.9,28.96,3.0,239.0,1200.0
56582.304,0.0,140.0,90.60000000000001,22.67,15.93,172.0,33.4,150.0,29.02,33.22,33.85,93.0,15.8,57.300000000000004,99.60000000000001,243.5,2890.0,1.41,36.65,15.05,7.0200000000000005,35.93,28.97,0.0,237.5,1200.0
56642.303,0.0,140.0,92.10000000000001,22.67,15.93,172.0,33.45,150.20000000000002,28.93,33.33,33.800000000000004,93.0,15.75,57.400000000000006,100.0,235.5,2890.0,1.3,36.65,14.96,7.05,36.01,29.0,0.0,240.5,1200.0
56702.303,0.0,140.0,91.5,22.64,15.97,170.5,33.4,151.4,29.02,33.35,33.9,93.5,15.700000000000001,57.2,99.9,240.0,2888.0,1.5,36.7,14.99,6.98,35.99,29.03,0.0,236.0,1200.0
56762.303,0.0,140.0,91.10000000000001,22.64,16.02,169.5,33.25,150.20000000000002,28.98,33.230000000000004,33.9,92.0,15.700000000000001,57.6,100.0,240.0,2895.0,1.3800000000000001,36.65,15.05,7.03,36.07,29.04,0.0,241.5,1200.0
56822.303,0.0,140.0,90.30000000000001,22.7,15.96,171.0,33.35,150.6,28.95,33.25,33.7,92.0,15.65,57.300000000000004,99.80000000000001,242.5,2888.0,1.4000000000000001,36.7,15.0,6.93,36.02,29.04,0.0,244.0,1200.0
56882.303,0.0,140.0,90.4,22.68,15.97,173.5,33.300000000000004,151.4,29.04,33.32,33.800000000000004,93.5,15.700000000000001,57.6,100.0,238.5,2892.0,1.44,36.6,15.06,6.92,36.06,28.990000000000002,0.0,240.5,1200.0
56942.303,0.0,140.0,90.9,22.72,15.96,170.0,33.5,151.6,28.91,33.26,33.9,93.5,15.950000000000001,57.2,100.0,239.5,2886.0,1.44,36.75,14.98,7.0,35.93,28.96,1.0,240.0,1200.0
57002.303,0.0,140.0,90.4,22.71,15.96,170.0,33.5,151.1,28.89,33.22,33.800000000000004,93.0,15.600000000000001,57.400000000000006,99.60000000000001,238.5,2883.0,1.36,36.65,15.06,6.95,35.99,28.97,0.0,241.5,1200.0
57062.303,0.0,140.0,91.0,22.650000000000002,15.97,172.0,33.5,152.20000000000002,28.92,33.28,33.800000000000004,93.0,15.75,57.300000000000004,99.7,239.5,2891.0,1.45,36.65,14.93,6.99,35.95,28.96,2.0,237.0,1200.0
57122.303,0.0,140.0,93.0,22.650000000000002,16.01,172.0,33.5,152.6,29.05,33.21,33.7,93.0,15.8,57.400000000000006,99.9,239.0,2891.0,1.34,36.6,15.01,7.01,36.03,28.990000000000002,0.0,243.0,1200.0
57182.303,0.0,140.0,90.4,22.62,15.91,170.5,33.4,150.9,28.88,33.21,33.800000000000004,92.0,15.65,57.300000000000004,100.0,237.5,2892.0,1.28,36.7,15.05,7.0,36.03,29.03,0.0,237.5,1200.0
57242.303,0.0,140.0,90.7,22.66,16.01,171.5,33.35,151.3,28.91,33.3,33.75,93.0,15.700000000000001,57.2,100.0,237.0,2888.0,1.33,36.7,15.02,7.04,36.03,28.98,1.0,242.5,1200.0
57302.303,0.0,140.0,89.9,22.67,15.97,173.5,33.5,151.1,28.97,33.22,33.7,92.0,15.65,57.300000000000004,100.0,239.5,2888.0,1.35,36.75,15.030000000000001,7.0,35.95,29.04,0.0,236.5,1200.0
57362.302,0.0,140.0,90.60000000000001,22.68,16.09,170.0,33.45,151.0,28.96,33.230000000000004,33.85,92.0,15.75,57.300000000000004,99.5,241.5,2889.0,1.49,36.65,14.96,6.97,35.88,28.97,3.0,239.5,1200.0
57422.302,0.0,140.0,91.60000000000001,22.6,16.05,171.5,33.2,151.70000000000002,29.05,33.24,33.7,93.5,15.65,56.900000000000006,100.0,239.5,2892.0,1.35,36.550000000000004,15.01,7.03,35.94,28.91,2.0,236.0,1200.0
57482.302,0.0,140.0,90.60000000000001,22.54,15.99,171.5,33.4,150.1,29.02,33.29,33.85,94.0,15.65,57.1,99.80000000000001,243.0,2892.0,1.45,36.5,14.99,6.97,36.07,29.1,0.0,238.0,1200.0
57542.302,0.0,140.0,89.4,22.69,16.09,174.0,33.5,152.6,28.97,33.24,33.75,90.5,15.600000000000001,58.2,100.0,238.0,2887.0,1.46,36.75,15.040000000000001,7.01,35.95,28.95,1.0,240.5,1200.0
57602.302,0.0,140.0,91.2,22.650000000000002,15.950000000000001,172.5,33.35,151.9,29.0,33.42,33.85,91.0,15.700000000000001,57.300000000000004,100.0,239.5,2894.0,1.58,36.75,15.02,7.08,36.1,29.03,0.0,244.5,1200.0
57662.302,0.0,140.0,92.10000000000001,22.66,15.99,173.0,33.25,153.20000000000002,29.05,33.32,33.75,94.0,15.65,57.800000000000004,99.9,241.5,2891.0,1.28,36.800000000000004,15.02,7.01,36.01,28.97,0.0,240.5,1200.0
57722.302,0.0,140.0,91.0,22.6,16.01,172.5,33.5,150.6,28.96,33.26,33.800000000000004,92.0,15.8,57.1,100.0,240.5,2887.0,1.23,36.6,14.93,7.09,36.0,29.060000000000002,0.0,234.5,1200.0
57782.302,0.0,140.0,91.80000000000001,22.62,15.97,169.5,33.550000000000004,153.20000000000002,29.0,33.3,33.85,92.0,15.65,57.2,99.9,234.0,2890.0,1.47,36.85,14.950000000000001,6.98,35.97,28.990000000000002,0.0,238.0,1200.0
57842.302,0.0,140.0,92.2,22.68,16.01,171.5,33.45,152.1,29.060000000000002,33.3,33.75,93.0,15.65,57.400000000000006,100.0,241.5,2893.0,1.48,36.65,14.97,7.01,36.06,29.03,0.0,240.5,1200.0
57902.302,0.0,140.0,90.60000000000001,22.59,16.04,172.0,33.300000000000004,150.5,28.92,33.3,33.85,93.0,15.75,56.800000000000004,100.0,238.0,2892.0,1.34,36.6,15.0,6.99,36.1,29.04,0.0,236.0,1200.0
57962.302,0.0,140.0,90.9,22.66,16.0,171.5,33.4,150.70000000000002,28.990000000000002,33.29,33.85,91.5,15.75,57.7,99.80000000000001,238.0,2886.0,1.19,36.75,14.99,7.0200000000000005,35.97,29.03,0.0,238.0,1200.0
58022.302,0.0,140.0,91.4,22.62,15.950000000000001,172.5,33.300000000000004,153.20000000000002,28.87,33.230000000000004,33.85,91.5,15.850000000000001,57.1,99.80000000000001,238.5,2892.0,1.34,36.65,15.05,6.97,35.88,29.060000000000002,0.0,237.5,1200.0
58082.301,0.0,140.0,91.4,22.55,15.96,174.0,33.25,151.70000000000002,28.96,33.31,33.75,94.5,15.75,57.300000000000004,99.80000000000001,237.5,2893.0,1.3900000000000001,36.6,14.96,7.0600000000000005,35.99,29.09,1.0,243.0,1200.0
58142.301,0.0,140.0,90.5,22.68,16.11,173.0,33.4,152.3,28.98,33.26,33.9,94.0,15.700000000000001,57.7,99.4,242.5,2892.0,1.29,36.7,14.92,6.98,35.99,28.89,0.0,243.0,1200.0
58202.301,0.0,140.0,90.2,22.68,16.05,171.0,33.45,149.5,28.990000000000002,33.19,33.800000000000004,92.5,15.75,57.400000000000006,100.0,235.0,2893.0,1.25,36.6,14.96,6.94,35.96,28.98,0.0,238.5,1200.0
58262.301,0.0,140.0,89.2,22.63,16.06,173.0,33.35,150.9,28.87,33.25,33.75,93.5,15.75,57.400000000000006,100.0,234.5,2891.0,1.4000000000000001,36.65,15.07,7.01,36.1,29.03,0.0,237.5,1200.0
58322.301,0.0,140.0,92.30000000000001,22.62,16.07,172.0,33.4,151.6,29.02,33.21,33.9,93.0,15.65,57.5,100.0,240.0,2890.0,1.29,36.550000000000004,15.0,6.97,35.94,29.1,1.0,236.0,1200.0
58382.301,0.0,140.0,91.2,22.68,16.02,172.0,33.45,151.4,28.91,33.230000000000004,33.85,93.5,15.65,57.6,100.0,239.5,2895.0,1.29,36.6,15.0,6.97,35.92,28.990000000000002,0.0,236.5,1200.0
58442.301,0.0,140.0,91.7,22.56,16.0,173.0,33.4,150.1,28.93,33.26,33.800000000000004,91.0,15.65,57.300000000000004,99.60000000000001,238.0,2894.0,1.46,36.65,15.02,7.0200000000000005,35.980000000000004,28.94,2.0,239.5,1200.0
58502.301,0.0,140.0,92.30000000000001,22.64,15.99,170.0,33.45,151.4,28.91,33.27,33.75,91.5,15.75,57.6,99.9,243.5,2891.0,1.4000000000000001,36.65,15.030000000000001,6.99,35.980000000000004,29.01,2.0,240.0,1200.0
58562.301,0.0,140.0,89.10000000000001,22.67,15.98,171.5,33.45,150.9,28.990000000000002,33.27,33.75,91.5,15.700000000000001,57.300000000000004,99.80000000000001,239.5,2890.0,1.43,36.6,15.07,7.0,36.07,28.92,2.0,241.0,1200.0
58622.301,0.0,140.0,91.4,22.67,15.98,170.5,33.45,150.3,29.01,33.29,33.800000000000004,92.5,15.850000000000001,56.7,100.0,241.5,2887.0,1.44,36.75,14.97,7.01,35.94,28.88,2.0,240.5,1200.0
58682.301,0.0,140.0,92.80000000000001,22.57,15.93,173.5,33.4,152.6,28.93,33.28,33.95,94.5,15.700000000000001,56.900000000000006,100.0,238.5,2902.0,1.31,36.7,15.09,6.92,35.99,29.0,0.0,242.5,1200.0
58742.301,0.0,140.0,91.30000000000001,22.61,16.03,170.5,33.6,151.0,28.97,33.230000000000004,33.9,93.0,15.950000000000001,56.900000000000006,100.0,239.5,2888.0,1.47,36.85,14.97,6.99,36.07,28.94,2.0,236.5,1200.0
58802.301,0.0,140.0,92.0,22.57,16.0,173.0,33.35,150.4,28.990000000000002,33.28,33.9,93.5,15.8,57.400000000000006,99.5,240.0,2893.0,1.44,36.6,15.05,7.07,36.1,29.07,0.0,238.5,1200.0
58862.3,0.0,140.0,90.7,22.69,15.97,173.0,33.45,152.4,29.060000000000002,33.26,33.85,93.0,15.65,57.6,99.9,242.5,2889.0,1.41,36.75,15.05,6.99,36.03,28.98,2.0,236.0,1200.0
58922.3,0.0,140.0,90.7,22.64,16.03,172.5,33.6,151.20000000000002,29.04,33.32,33.800000000000004,91.5,15.8,57.2,99.7,244.0,2893.0,1.3900000000000001,36.75,15.0,7.0200000000000005,35.94,28.92,0.0,244.0,1200.0
58982.3,0.0,140.0,91.9,22.64,16.04,170.5,33.550000000000004,152.1,29.060000000000002,33.28,33.7,92.5,15.600000000000001,56.800000000000004,99.7,241.0,2892.0,1.36,36.550000000000004,14.97,6.97,36.04,29.05,4.0,238.0,1200.0
59042.3,0.0,140.0,91.30000000000001,22.6,16.01,172.0,33.4,150.9,29.03,33.32,33.75,93.5,15.8,57.6,99.9,235.5,2894.0,1.19,36.6,15.02,7.03,36.0,28.93,0.0,241.5,1200.0
59102.3,0.0,140.0,90.10000000000001,22.6,16.07,172.0,33.45,152.3,29.03,33.22,33.85,91.5,15.700000000000001,57.2,100.0,243.0,2890.0,1.31,36.6,14.97,6.96,36.02,29.05,2.0,237.5,1200.0
59162.3,0.0,140.0,88.4,22.68,15.92,172.5,33.5,150.3,28.97,33.26,33.75,90.0,15.700000000000001,57.5,99.7,237.5,2890.0,1.45,36.65,15.0,7.05,35.96,28.97,2.0,243.0,1200.0
59222.3,0.0,140.0,91.30000000000001,22.63,16.07,172.0,33.35,150.70000000000002,28.990000000000002,33.160000000000004,33.85,92.0,15.65,57.400000000000006,100.0,236.0,2891.0,1.28,36.6,15.01,7.0,35.99,29.02,0.0,236.5,1200.0
59282.3,0.0,140.0,90.80000000000001,22.67,15.99,170.5,33.5,151.9,29.01,33.28,33.85,92.5,15.65,56.900000000000006,100.0,241.0,2887.0,1.3800000000000001,36.65,15.02,7.07,36.06,28.990000000000002,1.0,240.0,1200.0
59342.3,0.0,140.0,92.60000000000001,22.63,16.0,172.5,33.5,150.8,28.990000000000002,33.37,33.800000000000004,91.0,15.8,57.5,100.0,239.5,2897.0,1.4000000000000001,36.7,14.97,7.11,35.99,28.990000000000002,0.0,246.0,1200.0
59402.3,0.0,140.0,91.7,22.6,15.96,173.5,33.5,151.1,29.03,33.34,34.0,91.5,15.700000000000001,57.2,99.9,240.5,2896.0,1.53,36.65,15.01,7.09,36.06,29.03,1.0,237.5,1200.0
59462.3,0.0,140.0,91.30000000000001,22.650000000000002,16.03,173.0,33.45,151.3,29.04,33.410000000000004,33.9,93.0,15.75,57.2,100.0,242.0,2893.0,1.47,36.7,15.06,7.05,36.050000000000004,29.060000000000002,4.0,237.5,1200.0
59522.3,0.0,140.0,90.30000000000001,22.72,15.950000000000001,174.0,33.45,151.6,29.04,33.34,33.800000000000004,92.5,15.65,57.300000000000004,100.0,241.0,2897.0,1.4000000000000001,36.7,14.96,7.0200000000000005,36.02,28.990000000000002,2.0,236.5,1200.0
59582.299,0.0,140.0,91.2,22.61,16.04,171.0,33.5,151.9,28.98,33.32,33.7,91.0,15.75,57.5,100.0,236.0,2895.0,1.45,36.6,15.0,6.97,35.980000000000004,29.0,2.0,241.5,1200.0
59642.299,0.0,140.0,90.9,22.68,16.1,171.5,33.45,151.8,29.07,33.36,33.95,92.5,15.700000000000001,56.900000000000006,100.0,241.0,2887.0,1.22,36.9,14.98,7.0200000000000005,35.980000000000004,29.0,1.0,240.5,1200.0
59702.299,0.0,140.0,91.0,22.67,16.03,170.5,33.550000000000004,150.6,29.080000000000002,33.36,34.0,92.5,15.75,57.400000000000006,100.0,238.5,2898.0,1.34,36.75,15.02,7.0200000000000005,36.04,29.11,0.0,237.5,1200.0
59762.299,0.0,140.0,92.10000000000001,22.67,16.04,170.5,33.5,151.0,29.03,33.29,33.800000000000004,91.5,15.700000000000001,57.2,99.5,239.5,2896.0,1.33,36.7,15.08,7.03,36.03,29.07,1.0,244.5,1200.0
59822.299,0.0,140.0,90.7,22.62,16.01,171.0,33.45,151.5,29.07,33.29,33.9,92.0,15.75,57.6,100.0,237.5,2890.0,1.3800000000000001,36.7,15.02,6.99,35.980000000000004,28.990000000000002,0.0,243.5,1200.0
59882.299,0.0,140.0,90.7,22.72,16.07,173.5,33.5,152.70000000000002,29.080000000000002,33.37,33.75,93.0,15.700000000000001,57.2,100.0,242.5,2897.0,1.48,36.7,14.98,7.0,36.0,28.94,0.0,241.0,1200.0
59942.299,0.0,140.0,92.9,22.650000000000002,16.0,173.5,33.45,152.0,29.1,33.4,33.800000000000004,91.5,15.700000000000001,57.5,100.0,242.0,2897.0,1.29,36.85,14.93,7.0200000000000005,35.97,29.05,1.0,242.5,1200.0
60002.299,0.0,140.0,90.10000000000001,22.66,16.02,173.5,33.5,151.70000000000002,29.0,33.39,33.95,92.5,15.75,57.5,99.9,242.5,2898.0,1.28,36.9,15.02,6.98,36.04,29.02,0.0,239.5,1200.0
60062.299,0.0,140.0,91.10000000000001,22.75,15.94,173.5,33.550000000000004,152.5,29.05,33.39,33.85,92.5,15.65,57.900000000000006,100.0,240.0,2895.0,1.29,36.75,15.06,7.04,36.06,28.990000000000002,0.0,238.5,1200.0
60122.299,0.0,140.0,89.7,22.78,16.05,170.0,33.45,151.4,28.990000000000002,33.42,33.75,92.5,15.75,58.2,99.80000000000001,244.5,2892.0,1.32,36.800000000000004,15.01,6.99,36.0,28.990000000000002,0.0,240.0,1200.0
60182.299,0.0,140.0,90.80000000000001,22.71,16.03,171.5,33.4,151.20000000000002,28.990000000000002,33.38,33.9,93.0,15.8,57.7,100.0,245.5,2897.0,1.28,36.800000000000004,14.97,7.01,36.08,29.01,2.0,239.0,1200.0
60242.299,0.0,140.0,91.7,22.67,16.02,171.5,33.35,152.5,29.03,33.31,33.800000000000004,90.5,15.700000000000001,57.6,99.7,240.0,2894.0,1.47,36.9,14.96,6.94,36.01,29.01,0.0,242.0,1200.0
60302.299,0.0,140.0,91.4,22.7,15.96,171.0,33.5,153.4,29.02,33.37,33.85,91.5,15.55,57.400000000000006,100.0,240.5,2894.0,1.31,36.9,14.99,6.98,35.980000000000004,29.01,1.0,240.5,1200.0
60362.298,0.0,140.0,90.60000000000001,22.63,15.96,172.0,33.35,151.4,28.990000000000002,33.33,33.85,91.5,15.850000000000001,57.400000000000006,99.7,243.0,2900.0,1.34,36.85,15.0,7.01,35.99,29.02,1.0,239.5,1200.0
60422.298,0.0,140.0,89.7,22.61,16.03,173.0,33.6,151.20000000000002,28.98,33.27,33.800000000000004,94.0,15.8,58.0,99.7,238.5,2895.0,1.36,36.7,14.91,6.97,35.980000000000004,28.97,0.0,244.0,1200.0
60482.298,0.0,140.0,91.30000000000001,22.61,16.080000000000002,172.0,33.5,150.3,28.98,33.38,33.85,94.5,15.850000000000001,57.2,99.5,239.5,2897.0,1.44,36.7,15.0,6.98,36.03,28.95,0.0,242.0,1200.0
60542.298,0.0,140.0,91.7,22.67,16.0,171.5,33.5,153.20000000000002,29.03,33.29,33.75,92.0,15.65,57.5,100.0,245.5,2895.0,1.35,36.75,15.02,7.03,36.050000000000004,28.98,0.0,240.5,1200.0
60602.298,0.0,140.0,89.7,22.66,15.97,172.0,33.45,149.4,28.91,33.31,33.7,94.5,15.700000000000001,57.0,100.0,242.0,2892.0,1.21,36.800000000000004,14.99,7.0600000000000005,35.94,28.89,0.0,236.5,1200.0
60662.298,0.0,140.0,89.10000000000001,22.650000000000002,15.92,172.5,33.4,150.0,29.03,33.43,33.9,93.5,15.8,58.0,99.4,243.5,2899.0,1.32,36.7,15.040000000000001,6.97,35.95,28.990000000000002,0.0,239.5,1200.0
60722.298,0.0,140.0,92.30000000000001,22.64,16.04,172.0,33.5,151.70000000000002,29.02,33.27,33.85,94.0,15.65,57.300000000000004,100.0,243.0,2893.0,1.47,36.800000000000004,15.06,7.01,35.980000000000004,28.93,0.0,241.0,1200.0
60782.298,0.0,140.0,92.60000000000001,22.69,15.99,172.0,33.45,150.8,29.01,33.410000000000004,33.7,92.5,15.75,57.300000000000004,99.9,242.0,2897.0,1.49,36.85,14.97,6.97,35.99,29.09,1.0,235.0,1200.0
60842.298,0.0,140.0,91.10000000000001,22.6,16.04,173.0,33.4,150.5,29.05,33.29,33.85,91.5,15.8,57.900000000000006,99.9,243.5,2896.0,1.49,36.75,14.99,6.98,36.07,29.09,0.0,243.0,1200.0
60902.298,0.0,140.0,91.80000000000001,22.580000000000002,16.03,171.5,33.550000000000004,151.70000000000002,28.95,33.410000000000004,33.95,92.0,15.65,57.5,100.0,236.5,2895.0,1.47,36.7,15.0,6.98,35.99,28.990000000000002,2.0,241.0,1200.0
60962.298,0.0,140.0,92.5,22.67,15.93,171.0,33.35,151.4,29.05,33.29,33.85,93.0,15.600000000000001,57.400000000000006,100.0,240.0,2895.0,1.48,36.85,14.96,7.01,35.910000000000004,28.85,1.0,240.5,1200.0
61022.298,0.0,140.0,90.5,22.67,15.98,173.5,33.550000000000004,150.9,29.060000000000002,33.29,33.75,94.5,15.65,57.7,100.0,239.5,2897.0,1.58,36.75,14.94,6.99,36.02,28.98,2.0,240.0,1200.0
61082.298,0.0,140.0,90.9,22.71,15.99,173.0,33.550000000000004,152.0,29.01,33.4,33.9,93.5,15.600000000000001,57.7,100.0,241.0,2896.0,1.3900000000000001,36.75,14.98,6.99,35.96,29.060000000000002,1.0,238.5,1200.0
61142.297,0.0,140.0,89.9,22.66,15.98,171.0,33.4,151.5,29.0,33.32,33.85,92.0,15.700000000000001,57.300000000000004,100.0,242.5,2894.0,1.47,36.7,14.99,6.97,35.92,28.98,0.0,239.5,1200.0
61202.297,0.0,140.0,91.2,22.650000000000002,15.92,171.0,33.300000000000004,153.3,28.97,33.28,33.9,93.5,15.65,57.0,100.0,242.5,2899.0,1.3900000000000001,36.800000000000004,14.99,6.97,35.96,29.03,0.0,243.5,1200.0
61262.297,0.0,140.0,90.0,22.66,15.98,171.5,33.550000000000004,152.0,29.05,33.34,33.95,93.0,15.65,57.5,99.9,242.0,2891.0,1.42,36.800000000000004,15.0,6.99,35.910000000000004,28.95,0.0,242.5,1200.0
61322.297,0.0,140.0,88.80000000000001,22.71,15.99,171.0,33.5,150.6,28.93,33.31,33.95,93.5,15.75,57.1,99.9,243.0,2896.0,1.58,36.800000000000004,15.01,7.0600000000000005,36.04,29.04,2.0,245.0,1200.0
61382.297,0.0,140.0,91.80000000000001,22.66,16.02,172.5,33.4,151.9,28.95,33.31,33.9,92.5,15.700000000000001,57.800000000000004,100.0,241.5,2895.0,1.32,36.800000000000004,14.99,7.01,36.02,29.04,1.0,239.0,1200.0
61442.297,0.0,140.0,92.10000000000001,22.68,16.02,171.0,33.45,150.8,28.900000000000002,33.44,33.85,91.5,15.700000000000001,57.7,100.0,243.5,2897.0,1.4000000000000001,36.75,14.96,7.0200000000000005,35.97,28.990000000000002,1.0,240.0,1200.0
61502.297,0.0,140.0,91.60000000000001,22.61,15.93,173.5,33.45,152.1,28.89,33.25,33.800000000000004,92.0,15.5,57.6,99.5,238.5,2895.0,1.32,36.7,14.99,6.97,36.03,28.97,0.0,237.0,1200.0
61562.297,0.0,140.0,90.9,22.69,15.93,172.0,33.4,151.8,28.900000000000002,33.25,33.75,93.5,15.700000000000001,58.2,99.80000000000001,235.5,2897.0,1.3800000000000001,36.75,14.97,7.03,36.06,28.98,1.0,239.0,1200.0
61622.297,0.0,140.0,91.4,22.67,15.97,169.5,33.300000000000004,151.4,28.89,33.21,33.75,93.0,15.850000000000001,57.6,100.0,240.0,2893.0,1.3,36.7,14.96,7.01,36.0,28.97,0.0,238.0,1200.0
61682.297,0.0,140.0,90.2,22.67,15.98,169.5,33.45,151.4,29.060000000000002,33.12,33.75,92.5,15.75,57.800000000000004,100.0,241.0,2895.0,1.36,36.75,15.030000000000001,7.0,36.0,29.060000000000002,0.0,241.0,1200.0
61742.297,0.0,140.0,91.30000000000001,22.650000000000002,15.97,170.5,33.550000000000004,151.6,28.96,33.27,33.800000000000004,94.0,15.75,57.900000000000006,99.80000000000001,245.0,2883.0,1.37,36.65,14.99,6.99,35.980000000000004,28.990000000000002,0.0,236.5,1200.0
61802.297,0.0,140.0,92.2,22.69,15.99,171.5,33.25,151.3,28.93,33.19,33.65,91.5,15.8,57.2,99.80000000000001,239.5,2884.0,1.45,36.800000000000004,14.92,6.97,35.910000000000004,28.97,0.0,240.0,1200.0
61862.297,0.0,140.0,90.9,22.64,16.01,170.5,33.25,153.1,28.82,33.2,33.75,92.0,15.9,57.5,100.0,239.0,2887.0,1.37,36.7,14.97,6.96,36.02,28.94,2.0,239.0,1200.0
61922.296,0.0,140.0,91.0,22.68,15.96,171.0,33.300000000000004,152.70000000000002,28.88,33.21,33.75,89.5,15.700000000000001,57.6,100.0,238.5,2885.0,1.49,36.800000000000004,14.97,7.0,36.03,28.98,0.0,242.5,1200.0
61982.296,0.0,140.0,90.60000000000001,22.64,16.03,172.0,33.2,151.9,28.93,33.26,33.7,91.0,15.700000000000001,58.1,100.0,239.5,2892.0,1.3900000000000001,36.7,15.02,7.01,36.03,28.94,1.0,240.0,1200.0
62042.296,0.0,140.0,91.60000000000001,22.64,15.99,171.0,33.35,149.9,28.92,33.21,33.75,94.0,15.850000000000001,57.2,99.9,244.0,2893.0,1.5,36.65,14.98,7.03,36.04,29.060000000000002,1.0,240.5,1200.0
62102.296,0.0,140.0,92.4,22.67,15.96,172.5,33.300000000000004,150.5,28.85,33.29,33.85,91.0,15.9,57.6,100.0,243.0,2890.0,1.41,36.6,15.06,6.95,35.94,29.05,0.0,240.0,1200.0
62162.296,0.0,140.0,92.2,22.69,15.98,170.5,33.45,152.5,29.060000000000002,33.27,33.9,93.5,15.8,57.300000000000004,99.7,237.5,2890.0,1.23,36.800000000000004,14.96,7.07,35.980000000000004,28.96,0.0,239.5,1200.0
62222.296,0.0,140.0,91.10000000000001,22.6,16.01,172.0,33.45,152.4,28.95,33.19,33.85,91.5,15.9,57.1,100.0,241.5,2893.0,1.33,36.65,15.0,7.0,35.96,28.89,0.0,238.0,1200.0
62282.296,0.0,140.0,90.9,22.68,15.950000000000001,174.5,33.45,151.4,28.94,33.28,33.95,92.0,15.75,58.2,99.9,238.0,2895.0,1.41,36.550000000000004,14.97,6.99,35.99,29.02,1.0,235.5,1200.0
62342.296,0.0,140.0,92.2,22.66,16.05,172.0,33.4,150.9,28.97,33.19,33.800000000000004,92.5,15.700000000000001,57.2,99.80000000000001,237.5,2887.0,1.37,36.65,15.06,7.04,36.08,29.02,1.0,233.5,1200.0
62402.296,0.0,140.0,91.5,22.61,16.02,171.5,33.45,150.9,29.05,33.25,33.85,92.5,15.65,57.2,100.0,236.5,2888.0,1.33,36.800000000000004,15.0,7.05,36.06,28.98,0.0,244.0,1200.0
62462.296,0.0,140.0,91.0,22.61,16.05,170.5,33.5,151.4,28.98,33.26,33.85,94.5,15.65,57.800000000000004,100.0,240.5,2894.0,1.4000000000000001,36.75,15.02,7.01,36.04,28.96,2.0,239.0,1200.0
62522.296,0.0,140.0,91.7,22.61,16.03,173.0,33.300000000000004,150.9,29.05,33.3,33.800000000000004,93.5,15.700000000000001,57.5,99.9,240.5,2892.0,1.53,36.75,15.040000000000001,7.0200000000000005,35.97,28.990000000000002,4.0,240.5,1200.0
62582.296,0.0,140.0,90.7,22.68,16.01,173.0,33.25,150.6,28.91,33.27,33.800000000000004,92.5,15.950000000000001,57.1,100.0,239.5,2896.0,1.37,36.75,15.02,7.08,35.97,28.94,0.0,240.0,1200.0
62642.296,0.0,140.0,90.7,22.67,16.04,170.0,33.45,150.5,29.01,33.33,33.85,91.5,15.8,57.0,99.80000000000001,242.5,2895.0,1.22,36.75,14.950000000000001,7.0200000000000005,36.0,28.990000000000002,1.0,238.5,1200.0
62702.295,0.0,140.0,90.30000000000001,22.69,16.06,170.5,33.4,149.5,29.0,33.31,33.95,90.5,15.75,57.5,99.60000000000001,237.5,2892.0,1.46,36.800000000000004,15.01,7.01,35.92,28.94,1.0,239.5,1200.0
62762.295,0.0,140.0,91.7,22.7,16.05,171.5,33.550000000000004,154.0,28.94,33.34,33.85,92.5,15.8,57.900000000000006,100.0,240.0,2894.0,1.47,36.7,15.01,7.05,36.04,28.96,0.0,237.5,1200.0
62822.295,0.0,140.0,89.30000000000001,22.61,16.0,174.0,33.65,151.5,28.92,33.33,33.75,93.0,15.850000000000001,57.2,99.5,241.0,2898.0,1.3900000000000001,36.75,14.99,7.0,36.01,29.0,0.0,239.5,1200.0
62882.295,0.0,140.0,91.10000000000001,22.66,16.03,170.5,33.45,152.20000000000002,29.04,33.37,33.800000000000004,92.0,15.700000000000001,57.2,100.0,239.5,2897.0,1.36,36.7,14.98,7.0200000000000005,36.0,28.990000000000002,2.0,243.5,1200.0
62942.295,0.0,140.0,90.9,22.63,16.02,170.5,33.5,151.5,29.01,33.45,33.95,92.5,15.600000000000001,57.400000000000006,99.80000000000001,242.0,2898.0,1.28,36.65,14.99,6.99,36.01,28.97,1.0,239.0,1200.0
63002.295,0.0,140.0,89.5,22.7,15.97,171.5,33.6,151.3,29.060000000000002,33.38,33.9,93.5,15.700000000000001,57.800000000000004,100.0,243.5,2897.0,1.31,36.65,15.02,7.08,35.95,28.96,2.0,240.0,1200.0
63062.295,0.0,140.0,90.10000000000001,22.61,16.02,173.0,33.35,152.5,29.14,33.34,33.85,91.5,15.75,57.7,100.0,245.5,2898.0,1.43,36.85,15.07,6.99,36.02,29.080000000000002,1.0,239.5,1200.0
63122.295,0.0,140.0,91.4,22.72,15.99,173.0,33.550000000000004,152.70000000000002,29.05,33.39,33.95,93.0,15.700000000000001,57.7,100.0,237.5,2897.0,1.33,36.75,15.02,7.04,36.0,29.0,0.0,240.0,1200.0
63182.295,0.0,140.0,88.4,22.67,16.0,172.0,33.45,150.1,29.02,33.32,33.85,93.0,15.65,57.5,99.5,238.5,2895.0,1.36,36.75,15.05,7.0200000000000005,36.03,29.01,3.0,238.0,1200.0
63242.295,0.0,140.0,90.7,22.69,16.0,170.0,33.550000000000004,150.3,29.03,33.25,34.050000000000004,91.5,15.65,57.2,100.0,240.0,2899.0,1.42,36.75,15.040000000000001,7.01,35.95,28.96,0.0,237.0,1200.0
63302.295,0.0,140.0,91.9,22.72,15.98,171.5,33.5,149.3,28.990000000000002,33.33,34.0,94.5,15.600000000000001,56.800000000000004,100.0,240.5,2894.0,1.48,36.6,15.040000000000001,7.03,35.94,29.060000000000002,0.0,243.0,1200.0
63362.295,0.0,140.0,89.2,22.69,15.93,172.0,33.45,151.70000000000002,29.07,33.34,33.9,93.0,15.8,56.900000000000006,100.0,241.5,2894.0,1.46,36.85,15.02,7.0,35.97,29.05,2.0,239.5,1200.0
63422.295,0.0,140.0,92.60000000000001,22.67,15.98,173.5,33.45,152.8,28.97,33.34,33.7,88.0,15.65,57.6,100.0,241.5,2896.0,1.26,36.7,14.98,7.0,36.02,29.04,0.0,238.5,1200.0
63482.295,0.0,140.0,91.4,22.6,15.98,170.0,33.5,151.8,29.0,33.3,33.85,93.0,15.850000000000001,57.6,99.9,243.0,2897.0,1.61,36.85,14.98,6.98,36.0,28.95,0.0,239.5,1200.0
63542.294,0.0,140.0,92.9,22.72,16.03,171.0,33.45,151.3,28.97,33.33,33.85,91.0,15.9,57.400000000000006,100.0,238.5,2889.0,1.42,36.65,15.05,7.03,35.980000000000004,29.05,0.0,245.5,1200.0
63602.294,0.0,140.0,90.7,22.7,16.0,169.5,33.25,149.8,28.97,33.230000000000004,33.9,93.0,15.75,57.400000000000006,100.0,238.5,2894.0,1.26,36.75,15.030000000000001,6.97,36.0,29.02,1.0,243.0,1200.0
63662.294,0.0,140.0,90.7,22.59,16.0,171.0,33.4,151.3,28.98,33.29,33.85,89.5,15.850000000000001,57.0,100.0,238.5,2887.0,1.42,36.7,14.97,7.01,35.94,28.96,0.0,241.5,1200.0
63722.294,0.0,140.0,92.7,22.66,15.98,171.0,33.4,151.20000000000002,28.990000000000002,33.31,33.75,94.5,15.65,57.2,100.0,237.5,2888.0,1.32,36.7,15.030000000000001,6.99,36.07,28.98,0.0,246.0,1200.0
63782.294,0.0,140.0,90.10000000000001,22.7,15.97,170.5,33.45,149.1,28.97,33.25,33.800000000000004,91.0,15.65,57.0,100.0,244.5,2892.0,1.44,36.800000000000004,15.030000000000001,6.96,35.97,28.95,0.0,242.5,1200.0
63842.294,0.0,140.0,91.4,22.63,16.02,168.5,33.5,150.9,28.990000000000002,33.14,33.75,91.5,15.75,57.400000000000006,100.0,244.0,2887.0,1.21,36.800000000000004,15.0,7.01,36.0,29.0,0.0,242.0,1200.0
63902.294,0.0,140.0,90.60000000000001,22.64,16.06,172.0,33.35,152.5,29.03,33.3,33.7,93.5,15.700000000000001,56.800000000000004,100.0,239.5,2889.0,1.33,36.65,15.030000000000001,6.96,35.99,28.95,1.0,238.5,1200.0
63962.294,0.0,140.0,91.4,22.66,15.98,171.0,33.35,150.1,28.94,33.28,33.7,91.0,15.700000000000001,57.5,100.0,235.0,2889.0,1.27,36.75,15.040000000000001,6.97,36.06,29.12,0.0,240.0,1200.0
64022.294,0.0,140.0,90.60000000000001,22.7,15.96,172.0,33.4,150.3,28.990000000000002,33.39,33.75,94.0,15.8,57.400000000000006,100.0,239.0,2893.0,1.47,36.7,15.05,7.04,35.980000000000004,29.03,0.0,240.0,1200.0
64082.294,0.0,140.0,90.2,22.63,16.01,171.5,33.45,152.1,28.94,33.27,33.9,94.5,15.75,57.300000000000004,99.7,242.5,2892.0,1.28,36.800000000000004,14.99,7.03,35.980000000000004,29.02,0.0,237.5,1200.0
64142.294,0.0,140.0,90.7,22.72,16.02,173.0,33.550000000000004,151.0,28.990000000000002,33.25,33.800000000000004,92.5,15.700000000000001,57.300000000000004,99.7,242.5,2893.0,1.37,36.6,15.02,7.05,35.97,28.98,0.0,238.0,1200.0
64202.294,0.0,140.0,89.4,22.59,16.06,172.5,33.25,151.4,28.990000000000002,33.26,33.800000000000004,93.5,15.8,57.0,99.60000000000001,236.0,2893.0,1.3800000000000001,36.85,14.96,7.08,36.02,28.990000000000002,0.0,239.5,1200.0
64262.294,0.0,140.0,91.10000000000001,22.68,15.97,170.5,33.4,152.3,29.04,33.230000000000004,33.9,92.5,15.75,57.6,99.9,242.0,2889.0,1.3800000000000001,36.550000000000004,15.030000000000001,7.03,36.0,29.0,2.0,242.0,1200.0
64322.294,0.0,140.0,91.0,22.67,16.02,174.5,33.35,150.5,29.04,33.29,33.9,93.0,15.75,57.6,99.9,235.0,2891.0,1.32,36.75,15.030000000000001,7.01,35.94,29.02,1.0,237.5,1200.0
64382.293,0.0,140.0,91.2,22.76,16.0,174.0,33.35,151.0,28.98,33.27,33.85,91.5,15.65,57.1,99.9,241.0,2891.0,1.58,36.800000000000004,14.99,6.99,35.980000000000004,28.88,0.0,239.0,1200.0
64442.293,0.0,140.0,90.9,22.69,15.96,170.5,33.550000000000004,150.9,28.990000000000002,33.32,33.65,93.0,15.75,57.5,100.0,243.5,2892.0,1.35,36.6,14.950000000000001,7.04,36.07,29.04,2.0,242.5,1200.0
64502.293,0.0,140.0,91.2,22.73,16.06,170.5,33.35,150.3,28.92,33.25,33.75,90.5,15.75,57.6,99.30000000000001,240.5,2896.0,1.48,36.65,14.98,7.0,36.07,28.97,1.0,241.0,1200.0
64562.293,0.0,140.0,91.80000000000001,22.73,16.12,171.0,33.4,151.4,28.87,33.19,33.75,94.0,15.8,57.6,99.9,239.0,2896.0,1.35,36.75,14.99,7.01,35.99,29.03,1.0,238.5,1200.0
64622.293,0.0,140.0,90.80000000000001,22.75,15.950000000000001,173.0,33.25,151.1,28.98,33.29,33.7,92.5,15.55,57.800000000000004,100.0,239.5,2897.0,1.51,36.75,15.01,6.92,35.95,29.03,0.0,242.0,1200.0
64682.293,0.0,140.0,91.30000000000001,22.71,16.04,171.0,33.35,152.3,28.87,33.25,33.75,92.0,15.700000000000001,58.0,100.0,240.0,2892.0,1.44,36.6,15.01,7.0,36.03,28.94,2.0,243.5,1200.0
64742.293,0.0,140.0,91.10000000000001,22.740000000000002,16.04,170.0,33.25,150.70000000000002,28.92,33.21,33.7,93.5,15.55,58.2,100.0,237.5,2894.0,1.25,36.5,15.030000000000001,6.99,35.9,28.94,0.0,243.5,1200.0
64802.293,0.0,140.0,91.30000000000001,22.72,16.11,172.0,33.35,151.9,28.85,33.14,33.85,93.0,15.700000000000001,57.800000000000004,100.0,246.0,2894.0,1.43,36.7,15.01,7.0600000000000005,36.03,28.91,1.0,243.0,1200.0
64862.293,0.0,140.0,91.0,22.62,15.96,173.0,33.4,151.3,28.88,33.27,33.65,93.5,15.600000000000001,57.6,100.0,235.5,2892.0,1.3800000000000001,36.65,15.01,6.98,36.07,28.990000000000002,0.0,239.0,1200.0
64922.293,0.0,140.0,91.5,22.43,15.89,169.5,33.300000000000004,151.1,28.93,33.11,33.7,92.0,15.600000000000001,57.2,100.0,242.0,2888.0,1.44,36.75,15.040000000000001,6.91,36.01,28.98,0.0,238.5,1200.0
64982.293,0.0,140.0,89.80000000000001,22.36,15.870000000000001,169.5,33.25,151.3,28.86,33.11,33.75,89.5,15.600000000000001,56.5,99.80000000000001,234.5,2882.0,1.42,36.800000000000004,15.030000000000001,6.91,35.96,28.96,1.0,234.5,1200.0
65042.293,0.0,140.0,90.30000000000001,22.21,15.82,170.5,33.25,151.4,28.93,33.1,33.65,91.0,15.600000000000001,55.5,99.7,229.0,2870.0,1.41,36.5,14.99,7.0200000000000005,35.95,28.93,1.0,231.5,1200.0
65102.293,0.0,140.0,92.2,22.11,15.790000000000001,173.0,33.1,153.20000000000002,28.900000000000002,33.03,33.7,92.5,15.55,54.900000000000006,100.0,232.5,2860.0,1.47,36.5,15.02,7.0,35.97,28.990000000000002,1.0,226.5,1200.0
65162.293,0.0,140.0,93.10000000000001,21.96,15.870000000000001,172.0,32.85,151.5,28.89,32.93,33.800000000000004,93.5,15.55,54.2,100.0,224.0,2852.0,1.42,36.4,14.97,6.91,35.980000000000004,28.98,1.0,224.0,1200.0
65222.292,0.0,140.0,91.2,21.79,15.76,168.0,33.0,152.6,28.95,32.96,33.7,91.0,15.600000000000001,53.900000000000006,99.7,223.5,2849.0,1.3900000000000001,36.25,14.99,6.98,35.980000000000004,29.01,1.0,222.0,1200.0
65282.292,0.0,140.0,92.0,21.68,15.71,170.0,33.050000000000004,150.20000000000002,28.95,32.83,33.550000000000004,91.5,15.55,53.300000000000004,99.9,227.0,2860.0,1.42,36.050000000000004,14.98,7.03,36.0,29.080000000000002,0.0,224.0,1200.0
65342.292,0.0,140.0,92.4,21.69,15.6,171.5,33.0,151.5,28.830000000000002,32.79,33.75,91.0,15.450000000000001,53.300000000000004,98.60000000000001,222.0,2867.0,1.3900000000000001,36.0,15.05,7.03,36.0,28.98,0.0,221.0,1200.0
65402.292,0.0,140.0,90.10000000000001,21.42,15.59,168.5,32.7,152.20000000000002,28.88,32.730000000000004,33.65,92.0,15.350000000000001,52.7,91.2,215.5,2879.0,1.35,36.050000000000004,14.96,7.03,36.02,29.01,0.0,217.0,1200.0
65462.292,0.0,140.0,92.4,21.57,15.700000000000001,167.5,32.75,152.4,28.85,32.69,33.7,92.0,15.4,51.7,87.80000000000001,216.0,2883.0,1.54,36.0,14.94,7.0200000000000005,35.92,28.95,0.0,217.0,1200.0
65522.292,0.0,140.0,88.7,21.740000000000002,15.860000000000001,168.0,33.0,151.8,28.84,32.730000000000004,33.6,91.0,15.5,51.400000000000006,89.10000000000001,215.0,2869.0,1.56,35.85,15.030000000000001,6.95,35.97,28.900000000000002,0.0,216.0,1200.0
65582.292,0.0,140.0,91.2,21.93,15.94,166.5,32.75,150.9,28.91,32.78,33.75,90.5,15.65,51.400000000000006,91.10000000000001,219.5,2858.0,1.3800000000000001,35.9,14.96,7.03,35.95,28.990000000000002,0.0,215.0,1200.0
65642.292,0.0,140.0,92.4,22.05,15.98,168.0,32.85,152.1,28.85,32.74,33.550000000000004,94.0,15.850000000000001,52.800000000000004,94.0,214.0,2844.0,1.6300000000000001,35.800000000000004,15.0,7.0,36.01,28.900000000000002,2.0,218.5,1200.0
65702.292,0.0,140.0,90.9,22.17,16.080000000000002,167.5,32.95,151.6,28.85,32.87,33.550000000000004,92.0,15.75,54.2,97.4,219.5,2829.0,1.6,35.75,15.0,6.98,35.980000000000004,28.97,0.0,215.5,1200.0
65762.292,0.0,140.0,91.5,22.3,16.18,168.5,32.95,150.0,28.89,32.86,33.6,93.0,15.950000000000001,54.5,100.0,218.0,2826.0,1.4000000000000001,35.75,14.98,6.97,35.99,29.0,1.0,216.5,1200.0
65822.292,0.0,140.0,91.60000000000001,22.39,16.32,167.5,32.85,152.0,28.84,32.83,33.6,93.0,16.05,55.5,99.7,215.5,2805.0,1.3900000000000001,35.65,15.0,6.99,35.980000000000004,29.12,3.0,218.0,1200.0
65882.292,0.0,140.0,89.80000000000001,22.47,16.31,170.5,32.85,151.3,28.77,32.88,33.4,93.0,16.25,55.6,99.80000000000001,219.5,2805.0,1.44,35.75,14.94,6.95,36.03,28.93,2.0,221.5,1200.0
65942.292,0.0,140.0,91.4,22.61,16.28,169.5,33.0,152.8,28.810000000000002,32.87,33.6,93.5,16.05,55.400000000000006,99.9,219.0,2818.0,1.3900000000000001,35.6,15.02,7.01,36.07,29.060000000000002,2.0,225.0,1200.0
66002.292,0.0,140.0,90.30000000000001,22.82,16.330000000000002,167.5,33.1,151.3,28.69,32.87,33.45,94.0,16.05,56.0,100.0,223.0,2830.0,1.34,35.75,15.030000000000001,6.96,35.96,28.96,2.0,225.5,1200.0
66062.291,0.0,140.0,88.5,22.64,16.15,171.0,33.050000000000004,150.4,28.77,32.89,33.65,95.5,16.0,56.800000000000004,100.0,229.5,2841.0,1.3900000000000001,35.85,15.06,6.95,35.94,28.98,0.0,230.5,1200.0
66122.291,0.0,140.0,93.60000000000001,22.53,16.04,169.5,33.050000000000004,152.8,28.82,32.980000000000004,33.550000000000004,92.5,16.0,56.6,100.0,222.5,2845.0,1.34,35.7,14.93,7.0200000000000005,35.99,28.990000000000002,0.0,226.0,1200.0
66182.291,0.0,140.0,90.4,22.3,16.02,170.5,33.15,151.4,28.810000000000002,32.89,33.65,94.0,15.700000000000001,56.0,100.0,224.5,2850.0,1.36,35.95,14.99,7.0,36.01,29.0,0.0,224.5,1200.0
66242.291,0.0,140.0,90.80000000000001,22.29,15.93,168.5,33.0,151.8,28.79,32.89,33.75,90.5,15.65,55.5,99.9,226.5,2851.0,1.3800000000000001,35.85,14.98,7.01,36.02,29.0,2.0,224.5,1200.0
66302.291,0.0,140.0,90.80000000000001,22.11,15.92,167.5,33.0,152.1,28.84,32.88,33.7,91.0,15.55,54.7,100.0,222.0,2840.0,1.37,35.85,15.0,7.05,36.03,28.95,0.0,222.5,1200.0
66362.291,0.0,140.0,91.0,21.98,15.91,167.0,32.9,151.0,28.88,32.84,33.65,91.5,15.55,53.800000000000004,99.4,224.0,2846.0,1.5,35.85,14.98,6.99,36.0,28.990000000000002,1.0,223.5,1200.0
66422.291,0.0,140.0,92.0,21.89,15.85,167.0,33.050000000000004,150.5,28.85,32.77,33.7,93.5,15.5,53.7,99.9,225.5,2846.0,1.57,35.75,15.0,7.0600000000000005,36.03,28.95,1.0,229.5,1200.0
66482.291,0.0,140.0,91.60000000000001,21.75,15.64,168.0,33.0,151.4,28.82,32.81,33.7,91.0,15.4,53.7,99.9,219.5,2862.0,1.34,35.7,14.97,7.07,35.93,29.04,0.0,219.0,1200.0
66542.291,0.0,140.0,91.4,21.54,15.620000000000001,169.0,33.050000000000004,152.1,28.91,32.75,33.7,90.0,15.25,53.400000000000006,96.30000000000001,223.5,2867.0,1.41,35.85,14.96,7.03,36.01,29.01,0.0,226.0,1200.0
66602.291,0.0,140.0,91.0,21.490000000000002,15.610000000000001,167.5,32.9,151.4,28.88,32.67,33.75,92.0,15.3,52.300000000000004,88.7,217.5,2884.0,1.52,35.800000000000004,14.96,6.95,36.03,28.94,0.0,216.5,1200.0
66662.291,0.0,140.0,91.30000000000001,21.48,15.610000000000001,167.5,32.7,150.70000000000002,28.86,32.59,33.7,91.0,15.55,50.7,83.0,212.5,2886.0,1.4000000000000001,35.75,15.030000000000001,7.04,35.97,29.03,2.0,215.0,1200.0
66722.291,0.0,140.0,92.30000000000001,21.43,15.66,167.0,32.65,151.6,28.88,32.59,33.85,92.5,15.5,49.5,80.80000000000001,210.5,2887.0,1.3900000000000001,35.65,15.02,6.97,36.1,29.02,0.0,210.5,1200.0
66782.291,0.0,140.0,90.0,21.490000000000002,15.700000000000001,168.5,32.65,151.70000000000002,28.810000000000002,32.57,33.85,93.0,15.4,49.400000000000006,79.10000000000001,207.5,2890.0,1.57,35.550000000000004,14.9,7.04,36.15,29.05,1.0,207.5,1200.0
66842.291,0.0,140.0,91.2,21.41,15.790000000000001,167.0,32.550000000000004,152.4,28.88,32.59,33.85,93.5,15.600000000000001,49.900000000000006,77.60000000000001,210.0,2898.0,1.52,35.7,15.01,7.0,35.96,29.04,0.0,208.0,1200.0
66902.29,0.0,140.0,90.4,21.400000000000002,15.8,167.0,32.6,151.6,28.830000000000002,32.4,33.800000000000004,92.5,15.65,49.300000000000004,76.3,203.5,2892.0,1.51,35.7,15.01,7.1000000000000005,36.01,28.95,0.0,208.0,1200.0
66962.29,0.0,140.0,91.9,21.400000000000002,15.73,167.0,32.7,151.5,28.900000000000002,32.49,33.800000000000004,91.0,15.65,49.7,75.10000000000001,206.5,2896.0,1.47,35.65,14.98,7.03,36.02,28.92,0.0,205.0,1200.0
67022.29,0.0,140.0,90.0,21.37,15.81,166.0,32.550000000000004,151.6,28.990000000000002,32.5,33.75,91.0,15.600000000000001,49.1,73.5,200.5,2897.0,1.57,35.550000000000004,15.040000000000001,6.93,36.0,29.09,0.0,201.0,1200.0
67082.29,0.0,140.0,91.4,21.26,15.860000000000001,166.5,32.550000000000004,151.4,28.84,32.46,33.75,92.0,15.5,49.1,72.4,198.5,2901.0,1.33,35.65,15.030000000000001,6.99,36.04,29.02,0.0,202.5,1200.0
67142.29,0.0,140.0,90.4,21.36,15.85,165.5,32.45,152.0,28.92,32.37,33.75,91.5,15.600000000000001,48.800000000000004,71.0,199.5,2893.0,1.33,35.7,15.040000000000001,7.1000000000000005,35.94,28.95,0.0,198.0,1200.0
67202.29,0.0,140.0,90.80000000000001,21.39,15.860000000000001,166.0,32.550000000000004,151.4,28.82,32.410000000000004,33.95,91.5,15.700000000000001,48.6,70.3,197.0,2898.0,1.49,35.5,15.040000000000001,6.98,35.97,28.96,2.0,203.0,1200.0
67262.29,0.0,140.0,90.30000000000001,21.32,15.84,168.5,32.550000000000004,151.6,28.87,32.38,33.85,89.0,15.75,47.800000000000004,69.2,199.5,2899.0,1.24,35.6,14.98,7.0,35.980000000000004,29.05,2.0,199.5,1200.0
67322.29,0.0,140.0,92.2,21.36,15.91,167.5,32.5,150.8,28.82,32.410000000000004,33.75,93.5,15.700000000000001,47.900000000000006,69.0,195.0,2899.0,1.44,35.6,15.01,6.98,36.0,28.93,0.0,204.5,1200.0
67382.29,0.0,140.0,91.4,21.32,15.860000000000001,167.5,32.4,150.9,28.87,32.3,33.85,90.0,15.700000000000001,48.5,68.2,199.0,2894.0,1.51,35.550000000000004,15.02,6.95,36.0,29.05,3.0,198.0,1200.0
67442.29,0.0,140.0,91.4,21.3,15.97,167.0,32.5,149.5,28.84,32.36,33.75,90.5,15.8,47.900000000000006,67.60000000000001,198.0,2898.0,1.37,35.65,14.950000000000001,7.09,36.0,28.97,0.0,199.5,1200.0
67502.29,0.0,140.0,90.2,21.34,15.92,167.5,32.4,149.4,28.78,32.26,33.75,94.0,15.75,48.0,67.60000000000001,194.5,2894.0,1.45,35.45,15.05,6.99,36.050000000000004,29.01,0.0,197.0,1200.0
67562.29,0.0,140.0,89.4,21.31,15.93,167.0,32.45,150.9,28.85,32.29,33.85,93.5,15.8,48.1,66.9,200.5,2895.0,1.35,35.5,14.950000000000001,7.0200000000000005,35.94,29.0,0.0,195.0,1200.0
67622.29,0.0,140.0,91.30000000000001,21.27,15.93,166.5,32.4,152.0,28.740000000000002,32.33,33.85,91.0,15.8,48.1,66.8,198.5,2898.0,1.25,35.5,15.01,6.99,36.09,28.95,2.0,194.5,1200.0
67682.29,0.0,140.0,91.0,21.36,15.950000000000001,167.5,32.4,150.6,28.810000000000002,32.2,33.75,94.0,15.700000000000001,47.5,66.4,197.5,2894.0,1.16,35.4,14.97,6.99,35.97,29.05,1.0,194.5,1200.0
67742.29,0.0,140.0,90.7,21.42,16.0,165.0,32.300000000000004,150.4,28.79,32.2,33.800000000000004,92.5,15.75,47.800000000000004,65.4,197.0,2893.0,1.3900000000000001,35.45,14.99,7.08,36.01,28.95,0.0,194.0,1200.0
67802.289,0.0,140.0,90.30000000000001,21.44,15.94,167.0,32.300000000000004,152.1,28.8,32.2,33.800000000000004,92.0,15.65,48.1,66.8,192.5,2893.0,1.51,35.550000000000004,15.040000000000001,6.99,36.04,29.02,0.0,195.5,1200.0
67862.289,0.0,140.0,92.0,21.37,16.080000000000002,168.0,32.300000000000004,151.3,28.73,32.29,33.800000000000004,93.5,15.700000000000001,48.1,67.10000000000001,194.5,2892.0,1.43,35.5,15.08,7.0,35.980000000000004,29.01,0.0,193.5,1200.0
67922.289,0.0,140.0,91.0,21.5,16.01,165.0,32.300000000000004,152.20000000000002,28.740000000000002,32.34,33.800000000000004,92.5,15.850000000000001,48.0,67.3,198.0,2889.0,1.47,35.550000000000004,14.98,6.94,36.08,28.91,2.0,196.5,1200.0
67982.289,0.0,140.0,89.7,21.61,16.1,167.0,32.45,151.0,28.79,32.42,33.7,94.0,15.850000000000001,48.300000000000004,69.0,199.0,2878.0,1.5,35.45,15.07,6.94,35.97,28.990000000000002,0.0,193.5,1200.0
68042.289,0.0,140.0,91.7,21.57,16.14,166.0,32.300000000000004,152.20000000000002,28.73,32.410000000000004,33.65,93.0,15.9,48.900000000000006,70.4,195.0,2874.0,1.41,35.35,14.98,7.01,36.02,29.05,0.0,195.5,1200.0
68102.289,0.0,140.0,91.7,21.66,16.15,165.0,32.35,151.20000000000002,28.86,32.3,33.7,94.5,15.850000000000001,49.2,71.4,198.5,2868.0,1.12,35.45,15.030000000000001,7.0,36.03,29.01,1.0,200.5,1200.0
68162.289,0.0,140.0,89.60000000000001,21.71,16.15,165.5,32.45,150.9,28.7,32.37,33.75,92.0,15.9,49.5,73.60000000000001,194.5,2864.0,1.43,35.6,14.98,7.01,36.06,28.98,0.0,200.0,1200.0
68222.289,0.0,140.0,91.10000000000001,21.79,16.1,167.5,32.6,152.20000000000002,28.75,32.49,33.65,93.0,16.05,49.900000000000006,76.10000000000001,205.5,2853.0,1.4000000000000001,35.550000000000004,15.040000000000001,7.04,36.02,29.0,0.0,202.5,1200.0
68282.289,0.0,140.0,90.2,21.91,16.19,166.0,32.7,151.70000000000002,28.93,32.51,33.6,93.5,15.950000000000001,50.400000000000006,77.60000000000001,203.5,2852.0,1.3800000000000001,35.6,15.0,6.97,35.910000000000004,29.03,0.0,203.0,1200.0
68342.289,0.0,140.0,90.7,21.990000000000002,16.2,168.0,32.75,151.6,28.88,32.46,33.75,94.0,15.850000000000001,50.7,80.2,200.5,2842.0,1.35,35.65,14.97,7.01,36.050000000000004,29.060000000000002,0.0,201.5,1200.0
68402.289,0.0,140.0,91.60000000000001,22.05,16.25,167.5,32.75,152.70000000000002,28.900000000000002,32.58,33.7,92.5,16.05,50.800000000000004,83.30000000000001,208.0,2837.0,1.44,35.5,15.01,7.04,36.04,29.0,0.0,205.5,1200.0
68462.289,0.0,140.0,90.9,21.990000000000002,16.17,168.5,32.65,152.9,28.92,32.55,33.65,94.0,15.9,51.6,85.60000000000001,205.0,2837.0,1.44,35.45,14.97,7.0,36.0,29.04,0.0,205.5,1200.0
68522.289,0.0,140.0,92.4,21.98,16.11,165.5,32.7,152.6,28.8,32.72,33.65,91.0,15.75,51.800000000000004,86.2,209.0,2835.0,1.44,35.6,15.0,7.0,35.93,28.93,0.0,206.5,1200.0
68582.289,0.0,140.0,92.60000000000001,21.91,16.02,167.0,32.7,150.6,28.77,32.55,33.550000000000004,95.5,15.950000000000001,52.1,85.2,206.0,2842.0,1.44,35.45,15.0,7.0,36.03,29.05,0.0,204.0,1200.0
68642.289,0.0,140.0,91.4,21.8,16.14,169.0,32.65,151.8,28.810000000000002,32.64,33.6,91.5,15.9,52.0,85.2,210.0,2845.0,1.45,35.4,14.96,7.0,36.050000000000004,28.91,0.0,208.5,1200.0
68702.288,0.0,140.0,91.0,21.86,16.02,168.5,32.6,151.4,28.85,32.69,33.6,93.0,15.65,51.900000000000006,84.0,214.0,2850.0,1.32,35.5,15.040000000000001,6.99,36.02,29.02,0.0,209.5,1200.0
68762.288,0.0,140.0,89.7,21.82,16.03,167.0,32.65,151.9,28.84,32.6,33.65,93.0,15.850000000000001,50.900000000000006,83.0,204.0,2854.0,1.47,35.35,15.06,6.96,36.06,28.94,2.0,205.0,1200.0
68822.288,0.0,140.0,89.80000000000001,21.67,15.98,165.5,32.65,150.9,28.75,32.5,33.7,91.0,15.8,50.800000000000004,82.80000000000001,205.0,2855.0,1.29,35.6,14.950000000000001,7.03,36.0,29.060000000000002,0.0,204.5,1200.0
68882.288,0.0,140.0,92.30000000000001,21.71,15.98,166.5,32.6,151.6,28.82,32.51,33.6,93.5,15.700000000000001,51.300000000000004,81.4,205.0,2856.0,1.37,35.5,14.98,7.01,35.99,29.04,2.0,204.5,1200.0
68942.288,0.0,140.0,91.2,21.71,15.92,168.0,32.550000000000004,150.9,28.82,32.43,33.550000000000004,93.0,15.65,50.400000000000006,81.30000000000001,205.0,2859.0,1.53,35.5,14.97,6.99,36.02,29.05,3.0,208.0,1200.0
69002.288,0.0,140.0,92.30000000000001,21.650000000000002,15.950000000000001,170.0,32.550000000000004,152.9,28.78,32.51,33.6,93.0,15.8,50.6,79.2,205.0,2867.0,1.34,35.5,15.01,6.99,36.0,29.04,0.0,202.5,1200.0
69062.288,0.0,140.0,90.0,21.55,15.93,169.0,32.5,151.8,28.84,32.480000000000004,33.6,93.5,15.75,50.2,78.10000000000001,206.5,2867.0,1.47,35.4,14.96,6.99,36.04,29.0,0.0,201.5,1200.0
69122.288,0.0,140.0,92.10000000000001,21.52,15.92,167.5,32.65,152.1,28.79,32.34,33.65,90.5,15.65,50.0,77.60000000000001,202.0,2867.0,1.3900000000000001,35.5,15.06,6.96,35.980000000000004,28.91,0.0,201.0,1200.0
69182.288,0.0,140.0,89.9,21.54,15.950000000000001,166.5,32.6,151.6,28.82,32.43,33.6,92.0,15.600000000000001,50.300000000000004,76.80000000000001,205.5,2874.0,1.5,35.550000000000004,14.98,7.0,35.95,28.98,0.0,204.5,1200.0
69242.288,0.0,140.0,91.7,21.5,15.88,166.5,32.550000000000004,152.0,28.73,32.480000000000004,33.6,96.0,15.600000000000001,49.5,75.5,203.0,2874.0,1.46,35.4,15.01,7.08,36.02,29.09,0.0,201.0,1200.0
69302.288,0.0,140.0,90.30000000000001,21.54,15.93,165.5,32.550000000000004,149.5,28.87,32.51,33.550000000000004,93.5,15.55,49.5,74.2,205.5,2876.0,1.43,35.4,14.99,7.01,36.0,29.02,0.0,202.0,1200.0
69362.288,0.0,140.0,92.10000000000001,21.52,15.91,165.0,32.550000000000004,151.6,28.740000000000002,32.27,33.7,91.0,15.600000000000001,49.7,73.60000000000001,207.0,2879.0,1.51,35.550000000000004,14.93,6.95,36.01,28.990000000000002,2.0,199.5,1200.0
69422.288,0.0,140.0,92.5,21.39,15.84,165.5,32.45,151.1,28.78,32.47,33.550000000000004,93.5,15.65,49.2,72.9,199.5,2887.0,1.48,35.5,15.02,6.99,36.01,29.080000000000002,0.0,199.0,1200.0
69482.288,0.0,140.0,91.5,21.400000000000002,15.9,164.5,32.5,151.3,28.76,32.24,33.75,93.5,15.5,49.1,71.7,199.5,2886.0,1.48,35.4,14.99,6.97,36.02,28.990000000000002,0.0,203.0,1200.0
69542.288,0.0,140.0,91.10000000000001,21.35,15.85,166.0,32.45,150.8,28.73,32.35,33.6,91.5,15.600000000000001,48.900000000000006,70.3,200.0,2887.0,1.36,35.4,14.93,6.91,36.02,29.01,1.0,198.5,1200.0
69602.287,0.0,140.0,93.2,21.35,15.84,166.5,32.4,152.6,28.71,32.17,33.65,91.5,15.65,48.1,69.2,194.5,2889.0,1.18,35.550000000000004,14.950000000000001,7.0200000000000005,36.0,29.11,0.0,198.0,1200.0
69662.287,0.0,140.0,90.80000000000001,21.29,15.96,166.5,32.35,151.4,28.73,32.160000000000004,33.6,94.0,15.600000000000001,48.400000000000006,68.4,196.0,2894.0,1.35,35.4,15.0,6.98,35.980000000000004,28.98,3.0,194.5,1200.0
69722.287,0.0,140.0,90.80000000000001,21.35,15.870000000000001,163.0,32.25,152.8,28.72,32.27,33.9,93.0,15.65,47.5,68.2,199.0,2894.0,1.3800000000000001,35.4,15.030000000000001,6.94,35.99,29.05,0.0,196.5,1200.0
69782.287,0.0,140.0,90.0,21.3,15.9,167.5,32.300000000000004,151.70000000000002,28.72,32.2,33.800000000000004,93.5,15.75,48.0,67.3,199.5,2893.0,1.6300000000000001,35.45,15.040000000000001,6.95,36.03,28.93,0.0,196.0,1200.0
69842.287,0.0,140.0,91.10000000000001,21.31,15.950000000000001,166.0,32.25,152.4,28.73,32.26,33.75,90.5,15.75,48.5,67.7,193.5,2890.0,1.47,35.5,15.030000000000001,7.0,36.02,28.98,3.0,197.0,1200.0
69902.287,0.0,140.0,91.5,21.34,15.950000000000001,165.5,32.300000000000004,149.3,28.64,32.17,33.7,91.0,15.700000000000001,47.7,67.4,195.0,2887.0,1.33,35.45,14.93,6.97,36.050000000000004,29.080000000000002,0.0,196.5,1200.0
69962.287,0.0,140.0,90.80000000000001,21.35,15.96,165.0,32.35,151.1,28.8,32.2,33.75,92.0,15.850000000000001,47.900000000000006,67.0,194.5,2891.0,1.3800000000000001,35.45,14.96,6.97,36.050000000000004,28.92,0.0,199.0,1200.0
70022.287,0.0,140.0,91.5,21.38,15.950000000000001,165.5,32.35,152.5,28.8,32.33,33.800000000000004,91.5,15.700000000000001,48.5,67.4,197.5,2884.0,1.36,35.5,14.93,7.05,35.95,28.990000000000002,0.0,192.0,1200.0
70082.287,0.0,140.0,90.7,21.38,15.98,166.0,32.35,151.20000000000002,28.810000000000002,32.22,33.7,93.5,15.700000000000001,48.300000000000004,67.8,189.5,2886.0,1.47,35.5,15.07,6.97,36.02,29.05,0.0,191.5,1200.0
70142.287,0.0,140.0,88.9,21.35,15.99,165.0,32.4,151.6,28.73,32.2,33.550000000000004,93.0,15.850000000000001,48.5,67.10000000000001,195.0,2878.0,1.3800000000000001,35.550000000000004,15.01,6.95,36.02,29.0,0.0,195.0,1200.0
70202.287,0.0,140.0,92.2,21.35,15.99,165.5,32.35,152.6,28.69,32.26,33.65,94.0,15.700000000000001,48.1,67.3,197.0,2884.0,1.48,35.4,15.01,7.01,36.01,28.94,0.0,195.5,1200.0
70262.287,0.0,140.0,91.10000000000001,21.48,16.02,166.5,32.35,149.8,28.8,32.21,33.7,93.0,15.9,47.800000000000004,67.9,193.0,2880.0,1.37,35.45,14.91,7.03,36.03,29.07,1.0,201.0,1200.0
70322.287,0.0,140.0,90.7,21.46,16.01,164.5,32.4,152.4,28.77,32.17,33.75,93.5,15.700000000000001,47.800000000000004,67.3,193.0,2879.0,1.4000000000000001,35.6,15.0,6.96,36.07,29.060000000000002,1.0,195.0,1200.0
70382.287,0.0,140.0,92.2,21.29,15.98,164.5,32.35,149.8,28.79,32.18,33.800000000000004,91.5,15.700000000000001,47.6,66.9,192.5,2884.0,1.33,35.35,14.97,6.88,36.050000000000004,28.89,0.0,192.0,1200.0
70442.287,0.0,140.0,92.2,21.34,16.01,166.0,32.300000000000004,151.4,28.78,32.230000000000004,33.75,91.0,15.8,48.0,66.10000000000001,196.0,2893.0,1.27,35.45,15.05,7.04,36.02,28.97,2.0,195.0,1200.0
70502.287,0.0,140.0,89.60000000000001,21.240000000000002,15.950000000000001,163.5,32.5,151.5,28.8,32.3,33.7,93.5,15.700000000000001,47.7,65.8,198.5,2892.0,1.28,35.45,14.93,7.0,36.07,28.990000000000002,0.0,199.0,1200.0
70562.286,0.0,140.0,92.0,21.25,15.94,166.0,32.45,151.20000000000002,28.75,32.26,33.7,92.0,15.850000000000001,47.1,65.2,195.5,2896.0,1.36,35.4,14.99,7.03,36.08,28.97,3.0,189.5,1200.0
70622.286,0.0,140.0,90.4,21.29,16.0,165.0,32.35,151.0,28.85,32.230000000000004,33.85,93.5,15.65,47.0,64.7,190.0,2901.0,1.44,35.550000000000004,14.97,7.0200000000000005,35.980000000000004,28.93,0.0,192.0,1200.0
70682.286,0.0,140.0,92.0,21.240000000000002,15.92,165.0,32.25,152.5,28.84,32.28,33.95,93.0,15.700000000000001,47.0,64.0,193.5,2901.0,1.41,35.550000000000004,15.01,6.97,35.97,28.93,0.0,191.5,1200.0
70742.286,0.0,140.0,90.7,21.21,15.93,167.5,32.35,152.3,28.84,32.25,33.85,94.0,15.8,47.1,62.6,196.0,2907.0,1.28,35.5,14.98,6.99,35.95,29.0,0.0,195.5,1200.0
70802.286,0.0,140.0,90.4,21.150000000000002,15.860000000000001,165.5,32.45,151.70000000000002,28.87,32.21,33.85,91.0,15.65,46.400000000000006,62.6,191.0,2906.0,1.43,35.550000000000004,15.0,6.96,35.910000000000004,29.07,0.0,192.0,1200.0
70862.286,0.0,140.0,89.0,21.13,15.93,166.5,32.25,153.0,28.77,32.230000000000004,33.85,93.0,15.700000000000001,46.7,62.400000000000006,194.5,2908.0,1.53,35.4,14.93,6.97,35.99,29.07,0.0,192.5,1200.0
70922.286,0.0,140.0,91.10000000000001,21.16,16.03,166.5,32.300000000000004,151.70000000000002,28.82,32.2,33.85,90.5,15.8,46.5,61.6,193.5,2905.0,1.3900000000000001,35.4,14.96,7.03,35.94,28.96,3.0,189.0,1200.0
70982.286,0.0,140.0,91.9,21.14,15.98,165.5,32.4,151.8,28.85,32.11,33.95,92.0,15.850000000000001,46.2,60.7,188.5,2914.0,1.35,35.4,15.0,7.0200000000000005,35.910000000000004,29.05,1.0,190.0,1200.0
71042.286,0.0,140.0,91.7,21.18,16.01,164.0,32.35,149.9,28.91,32.24,33.75,93.5,15.8,46.900000000000006,60.5,191.0,2920.0,1.42,35.5,15.0,7.09,36.01,29.02,0.0,188.0,1200.0
71102.286,0.0,140.0,90.9,21.19,15.93,165.5,32.35,151.6,28.79,32.28,33.95,91.5,15.850000000000001,46.400000000000006,59.900000000000006,187.5,2909.0,1.46,35.5,14.99,7.05,36.01,28.92,0.0,191.5,1200.0
71162.286,0.0,140.0,89.9,21.16,15.93,166.0,32.2,150.5,28.810000000000002,32.160000000000004,33.95,92.0,15.700000000000001,45.800000000000004,59.6,190.0,2915.0,1.51,35.45,15.030000000000001,7.0,36.07,28.97,0.0,192.5,1200.0
71222.286,0.0,140.0,91.4,21.11,15.99,164.0,32.300000000000004,151.1,28.810000000000002,32.22,34.0,93.5,15.75,46.1,59.800000000000004,193.5,2919.0,1.47,35.5,14.99,7.08,35.95,28.92,1.0,191.5,1200.0
71282.286,0.0,140.0,91.10000000000001,21.13,15.9,164.0,32.300000000000004,152.20000000000002,28.88,32.33,33.95,93.5,15.75,46.300000000000004,59.400000000000006,192.0,2911.0,1.3900000000000001,35.550000000000004,14.950000000000001,6.98,36.07,29.05,0.0,190.0,1200.0
71342.286,0.0,140.0,90.4,21.12,15.96,165.5,32.35,150.8,28.79,32.18,33.85,93.0,15.700000000000001,46.400000000000006,59.2,184.5,2919.0,1.45,35.6,14.99,7.0200000000000005,35.9,29.01,0.0,191.0,1200.0
71402.286,0.0,140.0,91.2,21.16,15.99,166.0,32.35,151.20000000000002,28.78,32.11,33.800000000000004,92.5,15.75,46.7,58.6,191.5,2917.0,1.32,35.65,14.93,6.97,35.95,29.03,2.0,187.5,1200.0
71462.285,0.0,140.0,89.7,21.2,15.98,164.5,32.4,150.3,28.900000000000002,32.17,33.95,93.0,15.850000000000001,46.1,58.7,193.0,2911.0,1.37,35.550000000000004,14.950000000000001,7.01,36.04,28.91,0.0,190.5,1200.0
71522.285,0.0,140.0,91.60000000000001,21.25,16.04,165.0,32.4,150.5,28.88,32.18,34.0,90.0,15.75,46.300000000000004,59.300000000000004,189.0,2905.0,1.54,35.5,15.01,6.92,35.99,28.96,0.0,181.5,1200.0
71582.285,0.0,140.0,91.7,21.240000000000002,16.09,167.0,32.300000000000004,152.20000000000002,28.8,32.230000000000004,33.65,94.5,15.700000000000001,46.900000000000006,60.900000000000006,191.0,2903.0,1.54,35.5,15.02,6.91,36.0,29.03,0.0,190.0,1200.0
71642.285,0.0,140.0,90.7,21.43,16.05,167.0,32.5,151.8,28.78,32.160000000000004,33.800000000000004,91.5,15.9,47.800000000000004,61.900000000000006,195.0,2893.0,1.26,35.6,15.05,7.04,36.02,29.05,0.0,195.0,1200.0
71702.285,0.0,140.0,91.9,21.400000000000002,16.15,165.0,32.45,150.70000000000002,28.78,32.3,33.7,91.0,15.9,47.400000000000006,63.1,192.0,2888.0,1.36,35.550000000000004,15.0,7.01,36.1,28.98,0.0,192.5,1200.0
71762.285,0.0,140.0,92.5,21.5,16.080000000000002,168.5,32.5,152.5,28.77,32.28,33.75,92.5,15.8,47.5,64.60000000000001,195.0,2883.0,1.5,35.7,15.05,7.0,35.93,28.98,0.0,192.5,1200.0
71822.285,0.0,140.0,89.7,21.52,16.18,168.0,32.25,150.70000000000002,28.79,32.29,33.7,91.5,15.850000000000001,47.900000000000006,67.0,194.5,2880.0,1.49,35.6,14.94,7.0600000000000005,36.02,29.04,1.0,195.5,1200.0
71882.285,0.0,140.0,91.0,21.66,16.21,166.0,32.5,150.8,28.8,32.26,33.65,93.0,15.850000000000001,48.2,68.2,199.0,2871.0,1.26,35.45,15.02,7.03,36.03,29.080000000000002,1.0,196.0,1200.0
71942.285,0.0,140.0,90.10000000000001,21.64,16.18,163.0,32.45,151.70000000000002,28.740000000000002,32.32,33.7,93.0,15.950000000000001,48.6,69.8,195.0,2863.0,1.48,35.550000000000004,15.05,7.0200000000000005,36.07,29.0,0.0,191.0,1200.0
72002.285,0.0,140.0,90.80000000000001,21.75,16.240000000000002,166.5,32.45,152.6,28.91,32.37,33.9,92.5,15.9,49.5,71.4,197.0,2856.0,1.33,35.45,14.96,7.0,36.050000000000004,28.98,0.0,196.5,1200.0
72062.285,0.0,140.0,90.7,21.72,16.18,166.5,32.65,152.5,28.76,32.35,33.7,96.5,15.950000000000001,49.6,72.8,194.5,2858.0,1.51,35.550000000000004,15.040000000000001,7.03,35.96,29.01,0.0,193.0,1200.0
72122.285,0.0,140.0,90.30000000000001,21.68,16.03,164.5,32.45,151.20000000000002,28.77,32.42,33.6,95.5,15.9,49.400000000000006,73.4,200.0,2864.0,1.33,35.550000000000004,15.02,7.0,35.99,28.990000000000002,0.0,196.0,1200.0
72182.285,0.0,140.0,90.30000000000001,21.580000000000002,16.080000000000002,166.0,32.300000000000004,152.4,28.75,32.39,33.7,92.5,15.75,49.300000000000004,73.5,199.0,2867.0,1.27,35.6,15.02,6.95,35.99,28.990000000000002,2.0,200.5,1200.0
72242.285,0.0,140.0,90.7,21.61,16.12,168.0,32.550000000000004,149.4,28.89,32.39,33.7,92.5,15.850000000000001,49.0,72.9,192.5,2868.0,1.3900000000000001,35.550000000000004,15.02,6.98,35.86,29.02,1.0,198.5,1200.0
72302.285,0.0,140.0,91.10000000000001,21.48,16.03,168.0,32.4,153.0,28.78,32.34,33.800000000000004,92.5,15.700000000000001,48.6,72.60000000000001,202.0,2873.0,1.42,35.5,15.0,7.0600000000000005,36.02,29.07,1.0,199.5,1200.0
72362.285,0.0,140.0,91.4,21.53,16.03,166.0,32.35,152.6,28.86,32.32,33.800000000000004,91.0,15.700000000000001,49.0,72.4,199.0,2875.0,1.57,35.6,15.02,7.07,35.97,28.98,0.0,198.0,1200.0
72422.284,0.0,140.0,90.80000000000001,21.46,16.01,165.0,32.5,152.1,28.82,32.43,33.6,91.0,15.75,49.2,71.0,200.0,2884.0,1.44,35.5,14.96,7.03,36.03,29.03,2.0,197.5,1200.0
72482.284,0.0,140.0,92.7,21.43,15.88,166.5,32.6,151.3,28.75,32.38,33.65,93.0,15.75,48.800000000000004,71.4,198.5,2888.0,1.41,35.4,15.040000000000001,6.98,36.02,29.01,0.0,200.0,1200.0
72542.284,0.0,140.0,92.7,21.39,15.92,166.0,32.550000000000004,151.9,28.86,32.46,33.75,95.0,15.9,48.5,69.9,197.0,2895.0,1.45,35.5,15.06,7.01,36.02,28.86,0.0,203.0,1200.0
72602.284,0.0,140.0,92.4,21.39,15.9,167.0,32.5,152.3,28.87,32.4,33.85,93.0,15.65,48.1,68.7,201.0,2896.0,1.37,35.5,14.99,7.09,35.92,29.01,0.0,198.5,1200.0
72662.284,0.0,140.0,92.0,21.54,15.93,166.5,32.45,150.1,28.88,32.46,33.85,91.5,15.75,48.300000000000004,69.60000000000001,196.5,2891.0,1.35,35.550000000000004,15.030000000000001,6.97,36.01,29.01,0.0,194.5,1200.0
72722.284,0.0,140.0,92.0,21.59,16.05,168.0,32.6,150.9,28.96,32.47,33.9,93.5,15.75,48.5,71.7,202.5,2887.0,1.3,35.45,15.02,6.97,36.03,28.98,0.0,200.5,1200.0
72782.284,0.0,140.0,91.9,21.73,16.080000000000002,166.5,32.550000000000004,149.70000000000002,28.900000000000002,32.43,33.85,92.0,15.950000000000001,49.900000000000006,73.7,201.0,2870.0,1.37,35.45,14.98,7.0200000000000005,36.04,29.02,0.0,201.0,1200.0
72842.284,0.0,140.0,91.10000000000001,21.91,16.17,166.5,32.75,151.3,28.88,32.52,33.75,91.5,15.950000000000001,49.900000000000006,77.2,194.5,2860.0,1.3800000000000001,35.45,14.99,7.0,36.050000000000004,28.98,0.0,200.0,1200.0
72902.284,0.0,140.0,90.10000000000001,21.98,16.27,168.5,32.7,151.9,28.84,32.58,33.800000000000004,94.0,15.9,51.1,79.80000000000001,207.5,2853.0,1.32,35.6,15.01,7.0200000000000005,36.0,29.04,1.0,203.0,1200.0
72962.284,0.0,140.0,92.80000000000001,22.1,16.32,168.0,32.800000000000004,151.20000000000002,28.85,32.71,33.6,94.5,15.9,51.400000000000006,83.9,207.0,2837.0,1.36,35.4,15.01,7.07,36.160000000000004,28.98,0.0,203.0,1200.0
73022.284,0.0,140.0,89.7,22.21,16.330000000000002,169.0,32.75,150.20000000000002,28.85,32.76,33.75,93.0,15.850000000000001,52.300000000000004,90.4,209.0,2822.0,1.24,35.45,15.040000000000001,7.01,35.96,29.0,0.0,210.0,1200.0
73082.284,0.0,140.0,89.80000000000001,22.39,16.32,166.0,33.0,151.4,28.95,32.84,33.65,94.5,16.150000000000002,53.800000000000004,97.60000000000001,214.5,2810.0,1.42,35.35,15.08,7.04,35.99,28.92,1.0,215.5,1200.0
73142.284,0.0,140.0,90.2,22.5,16.36,169.0,33.1,151.70000000000002,28.85,32.8,33.6,95.0,16.0,54.900000000000006,99.9,219.5,2797.0,1.43,35.7,14.98,7.0,35.93,28.98,0.0,217.5,1200.0
73202.284,0.0,140.0,91.0,22.59,16.47,170.5,33.15,152.1,28.92,32.910000000000004,33.550000000000004,92.0,16.35,55.7,99.4,209.0,2794.0,1.41,35.5,14.94,7.03,36.0,29.04,0.0,216.0,1200.0
73262.284,0.0,140.0,90.10000000000001,22.5,16.43,170.0,33.050000000000004,151.1,28.78,32.88,33.4,91.0,16.05,55.1,100.0,220.0,2805.0,1.51,35.550000000000004,15.02,6.99,35.980000000000004,29.02,0.0,217.5,1200.0
73322.284,0.0,140.0,91.60000000000001,22.42,16.23,169.5,33.050000000000004,151.3,28.78,32.92,33.550000000000004,95.0,16.05,55.6,100.0,216.5,2815.0,1.37,35.45,14.96,7.01,36.02,29.04,1.0,218.5,1200.0
73382.283,0.0,140.0,91.5,22.39,16.12,167.5,33.15,150.6,28.84,32.910000000000004,33.6,91.5,15.950000000000001,54.800000000000004,100.0,219.0,2824.0,1.43,35.550000000000004,15.08,7.0,35.980000000000004,29.0,0.0,218.0,1200.0
73442.283,0.0,140.0,89.5,22.330000000000002,16.12,166.5,32.95,150.20000000000002,28.8,32.910000000000004,33.65,93.5,15.75,55.1,100.0,227.5,2826.0,1.43,35.75,15.07,7.04,36.02,28.94,0.0,217.0,1200.0
73502.283,0.0,140.0,90.9,22.21,16.06,170.0,33.1,150.70000000000002,28.84,32.89,33.65,93.0,15.8,55.1,99.2,222.5,2831.0,1.51,35.65,15.01,7.03,35.94,28.95,1.0,219.5,1200.0
73562.283,0.0,140.0,90.2,22.19,16.01,168.5,33.0,149.8,28.7,32.85,33.550000000000004,94.5,15.9,54.800000000000004,100.0,221.5,2837.0,1.43,35.6,15.05,6.99,35.980000000000004,28.96,1.0,220.5,1200.0
73622.283,0.0,140.0,91.0,22.09,15.96,168.0,32.95,150.4,28.75,32.85,33.4,89.5,15.75,54.2,99.9,220.5,2829.0,1.41,35.7,15.08,6.95,36.02,29.02,1.0,220.0,1200.0
73682.283,0.0,140.0,91.30000000000001,22.01,15.94,169.5,32.85,151.20000000000002,28.78,32.74,33.6,92.0,15.65,54.1,100.0,221.0,2833.0,1.41,35.5,14.99,7.0,36.03,29.02,0.0,221.0,1200.0
73742.283,0.0,140.0,90.60000000000001,21.96,15.85,169.5,32.95,150.3,28.82,32.79,33.4,90.0,15.450000000000001,54.2,99.80000000000001,220.5,2837.0,1.41,35.800000000000004,15.0,6.98,36.050000000000004,28.96,2.0,219.5,1200.0
73802.283,0.0,140.0,90.60000000000001,21.86,15.8,165.5,32.800000000000004,153.1,28.87,32.72,33.550000000000004,91.5,15.600000000000001,53.900000000000006,100.0,221.0,2843.0,1.27,35.5,15.030000000000001,7.0,36.0,28.95,0.0,222.5,1200.0
73862.283,0.0,140.0,90.9,21.8,15.71,166.5,32.85,150.8,28.76,32.76,33.6,90.5,15.450000000000001,53.800000000000004,100.0,222.5,2852.0,1.34,35.65,14.97,6.92,35.99,28.98,1.0,222.0,1200.0
73922.283,0.0,140.0,92.60000000000001,21.67,15.77,168.5,32.85,150.8,28.67,32.71,33.6,92.0,15.5,53.7,95.2,218.0,2853.0,1.46,35.5,14.96,6.97,35.99,29.05,0.0,220.0,1200.0
73982.283,0.0,140.0,92.7,21.61,15.73,167.0,32.6,152.20000000000002,28.7,32.52,33.45,92.5,15.4,52.7,90.60000000000001,213.5,2860.0,1.41,35.550000000000004,15.040000000000001,7.0200000000000005,36.0,28.96,0.0,213.0,1200.0
74042.283,0.0,140.0,89.9,21.55,15.790000000000001,168.5,32.75,151.20000000000002,28.68,32.6,33.550000000000004,91.0,15.450000000000001,51.900000000000006,85.60000000000001,214.0,2860.0,1.23,35.4,15.02,6.98,36.0,28.97,0.0,217.0,1200.0
74102.283,0.0,140.0,91.0,21.48,15.76,165.5,32.45,153.0,28.76,32.35,33.5,94.5,15.350000000000001,50.5,81.60000000000001,210.0,2873.0,1.45,35.5,14.94,6.96,35.99,29.0,0.0,212.0,1200.0
74162.283,0.0,140.0,90.7,21.37,15.81,167.0,32.550000000000004,151.1,28.72,32.31,33.45,91.5,15.4,49.800000000000004,79.2,204.5,2877.0,1.46,35.45,14.99,7.05,36.0,29.07,0.0,200.0,1200.0
74222.283,0.0,140.0,90.30000000000001,21.34,15.73,167.5,32.6,151.70000000000002,28.78,32.31,33.550000000000004,92.5,15.350000000000001,49.1,77.0,205.5,2887.0,1.43,35.4,15.040000000000001,6.97,35.94,29.09,3.0,202.0,1200.0
74282.283,0.0,140.0,91.30000000000001,21.28,15.68,166.0,32.300000000000004,151.0,28.69,32.22,33.65,91.0,15.4,49.400000000000006,74.3,201.0,2888.0,1.47,35.35,15.030000000000001,7.04,35.980000000000004,28.97,0.0,208.0,1200.0
74342.283,0.0,140.0,93.10000000000001,21.19,15.67,166.5,32.35,153.1,28.71,32.22,33.65,89.5,15.4,48.300000000000004,71.4,199.0,2889.0,1.35,35.5,15.01,7.0200000000000005,35.97,28.97,3.0,197.0,1200.0
74402.282,0.0,140.0,91.60000000000001,21.1,15.700000000000001,164.0,32.300000000000004,151.6,28.6,32.160000000000004,33.75,90.0,15.4,48.5,68.7,193.0,2902.0,1.35,35.45,15.02,7.03,36.04,29.01,2.0,197.5,1200.0
74462.282,0.0,140.0,92.5,21.26,15.77,165.5,32.4,150.1,28.66,32.230000000000004,33.7,88.5,15.700000000000001,47.5,68.3,203.5,2894.0,1.44,35.45,14.97,7.07,35.89,29.07,0.0,196.0,1200.0
74522.282,0.0,140.0,92.10000000000001,21.41,15.93,164.5,32.45,152.1,28.78,32.19,33.65,92.0,15.600000000000001,47.300000000000004,69.5,198.5,2887.0,1.3,35.45,14.99,7.01,35.99,29.080000000000002,0.0,197.0,1200.0
74582.282,0.0,140.0,91.4,21.48,15.98,168.0,32.4,151.6,28.77,32.230000000000004,33.75,91.5,15.9,48.800000000000004,70.9,197.0,2881.0,1.32,35.300000000000004,15.01,6.99,36.09,29.01,0.0,198.5,1200.0
74642.282,0.0,140.0,90.60000000000001,21.68,16.080000000000002,168.5,32.550000000000004,151.20000000000002,28.85,32.39,33.7,93.5,15.9,50.0,73.7,202.0,2866.0,1.42,35.45,14.950000000000001,7.1000000000000005,36.04,28.990000000000002,0.0,199.5,1200.0
74702.282,0.0,140.0,90.0,21.77,16.14,166.0,32.45,151.3,28.7,32.410000000000004,33.6,93.0,15.9,50.1,75.3,198.5,2858.0,1.33,35.45,15.11,6.95,36.03,28.93,0.0,201.0,1200.0
74762.282,0.0,140.0,90.4,21.900000000000002,16.240000000000002,167.5,32.65,150.0,28.84,32.46,33.65,93.0,15.950000000000001,50.7,78.80000000000001,205.5,2841.0,1.45,35.45,14.99,6.99,36.02,29.02,0.0,206.0,1200.0
74822.282,0.0,140.0,92.7,22.14,16.26,167.0,32.550000000000004,152.0,28.73,32.47,33.7,96.0,16.05,51.2,82.30000000000001,205.0,2836.0,1.41,35.550000000000004,14.98,6.93,36.06,29.02,0.0,203.0,1200.0
74882.282,0.0,140.0,92.30000000000001,22.17,16.31,167.5,32.7,151.8,28.810000000000002,32.65,33.6,93.5,16.1,51.900000000000006,88.80000000000001,212.0,2823.0,1.48,35.35,15.040000000000001,7.05,36.03,29.04,0.0,204.0,1200.0
74942.282,0.0,140.0,91.0,22.37,16.34,170.0,32.9,152.0,28.82,32.88,33.75,92.5,16.05,53.1,96.10000000000001,213.0,2810.0,1.42,35.35,14.99,6.95,35.980000000000004,29.04,1.0,215.5,1200.0
75002.282,0.0,140.0,91.2,22.54,16.43,169.5,32.95,151.1,28.88,32.85,33.7,94.5,16.0,55.0,100.0,218.5,2801.0,1.54,35.6,15.0,7.0,36.08,29.11,0.0,217.0,1200.0
75062.282,0.0,140.0,92.7,22.51,16.38,170.0,33.050000000000004,150.70000000000002,28.92,32.980000000000004,33.550000000000004,91.0,16.2,56.2,99.7,208.0,2798.0,1.36,35.6,14.97,7.0200000000000005,35.97,28.96,0.0,214.0,1200.0
75122.282,0.0,140.0,91.7,22.490000000000002,16.45,167.0,33.050000000000004,150.20000000000002,28.94,32.94,33.65,92.5,16.1,55.2,99.7,215.0,2795.0,1.3900000000000001,35.4,14.92,6.95,36.04,29.13,0.0,213.0,1200.0
75182.282,0.0,140.0,90.60000000000001,22.51,16.26,168.5,33.1,150.70000000000002,28.8,32.96,33.65,93.0,16.05,55.300000000000004,99.80000000000001,222.0,2811.0,1.23,35.4,14.97,6.93,36.18,29.02,0.0,217.5,1200.0
75242.282,0.0,140.0,91.60000000000001,22.52,16.25,170.5,33.1,151.6,28.830000000000002,32.87,33.550000000000004,92.5,15.950000000000001,55.400000000000006,99.9,215.5,2819.0,1.42,35.6,14.99,7.07,36.01,28.98,0.0,219.0,1200.0
75302.282,0.0,140.0,90.60000000000001,22.53,16.19,169.5,33.2,150.8,28.87,32.99,33.6,91.5,16.0,55.900000000000006,100.0,224.0,2829.0,1.42,35.6,14.99,7.05,35.97,29.11,0.0,227.0,1200.0
75362.282,0.0,140.0,90.30000000000001,22.48,16.15,169.5,33.1,152.8,28.91,33.03,33.6,94.5,15.8,56.1,99.80000000000001,222.5,2839.0,1.35,35.75,14.97,7.08,36.01,28.95,0.0,229.0,1200.0
75422.281,0.0,140.0,91.5,22.52,16.12,169.5,33.1,152.5,28.87,33.01,33.75,95.0,15.8,56.300000000000004,99.7,222.5,2849.0,1.47,35.9,15.06,7.03,35.95,28.92,0.0,225.0,1200.0
75482.281,0.0,140.0,90.10000000000001,22.63,16.05,172.0,33.1,151.0,28.830000000000002,33.05,33.45,94.0,15.9,56.1,99.9,230.0,2855.0,1.42,35.800000000000004,15.030000000000001,6.94,36.02,29.09,0.0,229.5,1200.0
75542.281,0.0,140.0,92.5,22.56,16.07,171.0,33.1,151.3,28.900000000000002,33.18,33.65,93.0,15.8,55.7,99.9,224.0,2857.0,1.55,35.95,14.99,6.96,36.02,29.05,0.0,230.5,1200.0
75602.281,0.0,140.0,89.80000000000001,22.54,16.06,168.5,33.15,152.0,28.810000000000002,33.04,33.800000000000004,92.5,15.850000000000001,56.1,100.0,228.0,2854.0,1.47,35.95,14.97,6.98,36.02,29.060000000000002,1.0,231.5,1200.0
75662.281,0.0,140.0,91.5,22.44,16.02,169.0,33.2,150.70000000000002,28.900000000000002,32.99,33.7,93.0,15.8,56.2,99.80000000000001,230.5,2858.0,1.5,36.2,14.94,6.99,36.03,28.92,0.0,230.5,1200.0
75722.281,0.0,140.0,90.80000000000001,22.31,16.04,172.5,33.050000000000004,150.9,28.82,33.0,33.6,90.0,15.75,56.1,100.0,231.5,2856.0,1.3800000000000001,35.85,14.96,7.01,36.0,28.990000000000002,2.0,231.0,1200.0
75782.281,0.0,140.0,89.30000000000001,22.22,15.93,169.5,33.15,151.0,28.84,33.02,33.7,93.0,15.700000000000001,54.900000000000006,100.0,228.0,2852.0,1.59,35.95,14.96,6.98,36.02,29.03,3.0,228.0,1200.0
75842.281,0.0,140.0,89.60000000000001,22.14,15.97,170.0,32.95,150.6,28.84,32.92,33.6,90.5,15.600000000000001,54.5,99.9,221.0,2848.0,1.48,36.1,15.0,7.0,35.95,28.93,1.0,223.5,1200.0
75902.281,0.0,140.0,90.60000000000001,21.98,15.860000000000001,169.5,32.95,151.4,28.82,32.89,33.65,93.0,15.65,54.7,100.0,220.0,2844.0,1.44,36.050000000000004,15.030000000000001,7.05,35.96,28.900000000000002,0.0,224.5,1200.0
75962.281,0.0,140.0,92.10000000000001,21.96,15.83,169.0,32.95,152.8,28.900000000000002,32.83,33.5,93.5,15.5,54.2,100.0,224.5,2846.0,1.33,35.85,15.030000000000001,7.03,36.050000000000004,28.91,1.0,224.5,1200.0
76022.281,0.0,140.0,90.30000000000001,21.8,15.8,169.0,33.050000000000004,151.8,28.92,32.85,33.6,91.0,15.55,53.6,100.0,224.5,2848.0,1.35,35.95,15.02,6.96,35.99,28.84,0.0,226.5,1200.0
76082.281,0.0,140.0,91.60000000000001,21.66,15.69,169.0,32.9,152.0,28.79,32.8,33.65,91.5,15.3,53.5,100.0,223.0,2855.0,1.43,35.85,15.1,7.0,35.95,28.98,0.0,223.0,1200.0
76142.281,0.0,140.0,90.60000000000001,21.59,15.63,168.5,32.85,152.0,28.78,32.71,33.65,91.5,15.450000000000001,52.900000000000006,93.5,218.5,2870.0,1.29,35.85,14.99,6.99,36.04,28.91,0.0,220.5,1200.0
76202.281,0.0,140.0,92.2,21.43,15.700000000000001,166.0,32.7,151.70000000000002,28.88,32.63,33.7,90.5,15.5,52.2,87.60000000000001,215.0,2875.0,1.4000000000000001,35.85,14.96,6.96,35.980000000000004,29.0,0.0,219.5,1200.0
76262.281,0.0,140.0,91.5,21.56,15.72,166.0,32.800000000000004,153.9,28.89,32.57,33.75,92.0,15.600000000000001,51.400000000000006,85.0,214.5,2875.0,1.29,35.65,15.05,6.91,36.03,28.96,1.0,213.5,1200.0
76322.281,0.0,140.0,90.7,21.68,15.89,167.5,32.7,151.6,28.79,32.58,33.75,91.0,15.65,50.400000000000006,84.60000000000001,211.5,2871.0,1.37,35.800000000000004,14.96,7.05,35.92,29.09,0.0,213.0,1200.0
76382.281,0.0,140.0,89.9,21.7,15.9,167.0,32.6,150.70000000000002,28.72,32.660000000000004,33.65,91.5,15.65,51.0,85.5,208.5,2860.0,1.3900000000000001,35.75,14.98,7.0200000000000005,35.95,29.080000000000002,0.0,211.0,1200.0
76442.28,0.0,140.0,91.0,21.85,15.860000000000001,166.5,32.800000000000004,150.8,28.69,32.58,33.800000000000004,93.5,15.55,51.400000000000006,87.30000000000001,213.5,2860.0,1.53,35.65,15.05,6.95,35.94,28.93,0.0,211.0,1200.0
76502.28,0.0,140.0,91.0,21.900000000000002,15.98,170.5,32.75,150.5,28.88,32.69,33.550000000000004,92.5,15.850000000000001,52.0,88.60000000000001,216.0,2848.0,1.31,35.550000000000004,14.98,7.05,35.96,29.04,0.0,214.0,1200.0
76562.28,0.0,140.0,92.10000000000001,21.95,16.05,168.0,32.7,151.5,28.79,32.74,33.5,93.5,15.850000000000001,52.7,90.80000000000001,215.0,2838.0,1.37,35.75,15.0,6.97,35.980000000000004,29.02,0.0,215.5,1200.0
76622.28,0.0,140.0,92.60000000000001,22.07,16.13,170.0,32.85,152.70000000000002,28.87,32.7,33.7,92.0,15.75,53.0,93.2,217.0,2825.0,1.55,35.5,15.01,7.03,35.97,29.0,0.0,219.0,1200.0
76682.28,0.0,140.0,90.30000000000001,22.150000000000002,16.07,167.5,32.85,151.20000000000002,28.85,32.730000000000004,33.5,94.0,15.9,53.800000000000004,96.9,216.0,2825.0,1.4000000000000001,35.5,14.98,6.96,36.01,29.04,0.0,220.5,1200.0
76742.28,0.0,140.0,90.7,22.22,16.14,170.0,32.85,149.9,28.810000000000002,32.84,33.6,90.5,15.9,54.1,100.0,218.0,2817.0,1.3800000000000001,35.6,14.99,7.01,36.02,29.03,0.0,218.5,1200.0
76802.28,0.0,140.0,91.5,22.330000000000002,16.18,168.0,32.9,151.0,28.86,32.74,33.550000000000004,94.5,15.950000000000001,55.300000000000004,99.80000000000001,218.0,2810.0,1.37,35.4,15.0,7.03,35.97,29.05,1.0,219.5,1200.0
76862.28,0.0,140.0,92.0,22.36,16.32,169.0,32.9,151.4,28.77,32.83,33.6,93.5,16.05,55.2,99.80000000000001,219.0,2808.0,1.3900000000000001,35.65,15.0,6.99,36.06,29.12,0.0,215.5,1200.0
76922.28,0.0,140.0,90.5,22.37,16.28,168.0,32.800000000000004,153.1,28.82,32.88,33.550000000000004,92.5,16.0,54.5,100.0,214.5,2803.0,1.45,35.550000000000004,14.97,6.99,35.980000000000004,28.95,0.0,217.5,1200.0
76982.28,0.0,140.0,91.10000000000001,22.36,16.240000000000002,169.0,32.85,152.1,28.77,32.9,33.6,94.0,16.05,54.2,99.80000000000001,217.5,2814.0,1.3800000000000001,35.65,14.98,7.0,36.01,29.0,0.0,214.5,1200.0
77042.28,0.0,140.0,91.60000000000001,22.42,16.2,168.5,32.9,152.0,28.79,32.86,33.5,94.0,16.05,54.900000000000006,100.0,223.5,2825.0,1.42,35.7,14.97,7.04,35.94,29.04,0.0,218.5,1200.0
77102.28,0.0,140.0,90.2,22.51,16.17,168.5,33.1,151.9,28.87,32.89,33.550000000000004,93.0,15.850000000000001,55.800000000000004,100.0,222.0,2834.0,1.3900000000000001,35.800000000000004,14.97,6.96,36.06,28.97,0.0,222.5,1200.0
77162.28,0.0,140.0,90.0,22.51,16.09,169.0,33.300000000000004,151.1,28.810000000000002,32.89,33.5,90.5,15.9,55.7,100.0,226.5,2843.0,1.35,35.6,15.030000000000001,7.0,36.050000000000004,28.92,2.0,225.0,1200.0
77222.28,0.0,140.0,91.5,22.57,16.16,169.0,33.1,151.0,28.91,33.02,33.6,94.0,15.950000000000001,56.800000000000004,100.0,230.0,2844.0,1.29,35.75,14.950000000000001,6.98,35.94,28.990000000000002,1.0,229.0,1200.0
77282.28,0.0,140.0,91.5,22.67,16.09,172.0,33.1,150.70000000000002,28.84,33.01,33.65,95.0,15.8,56.400000000000006,99.7,228.5,2851.0,1.44,35.75,15.07,6.94,36.0,29.04,2.0,228.0,1200.0
77342.28,0.0,140.0,91.60000000000001,22.68,16.12,169.0,33.2,152.5,28.85,33.0,33.6,93.0,15.75,56.6,100.0,232.0,2860.0,1.26,35.9,15.0,6.98,35.92,29.060000000000002,2.0,229.0,1200.0
77402.28,0.0,140.0,89.7,22.740000000000002,16.19,169.5,33.2,151.8,28.86,33.14,33.9,93.5,15.600000000000001,57.0,100.0,233.0,2868.0,1.4000000000000001,35.85,14.98,6.96,36.01,28.98,0.0,236.0,1200.0
77462.279,0.0,140.0,91.0,22.67,16.14,172.0,33.15,151.1,28.810000000000002,33.1,33.75,92.0,15.75,57.300000000000004,100.0,237.0,2869.0,1.34,36.0,15.02,7.01,35.980000000000004,29.03,0.0,234.0,1200.0
77522.279,0.0,140.0,91.10000000000001,22.580000000000002,16.04,170.0,33.300000000000004,152.4,28.89,33.04,33.6,90.5,15.75,57.5,100.0,236.0,2867.0,1.42,36.1,14.950000000000001,6.97,35.95,28.97,1.0,233.5,1200.0
77582.279,0.0,140.0,92.80000000000001,22.56,16.02,172.5,33.25,151.5,28.810000000000002,33.04,33.7,93.0,15.75,57.300000000000004,100.0,234.0,2877.0,1.45,36.25,15.030000000000001,7.0600000000000005,35.93,29.04,1.0,236.5,1200.0
77642.279,0.0,140.0,91.5,22.51,15.96,171.5,33.15,150.20000000000002,28.85,33.04,33.65,92.5,15.65,56.900000000000006,100.0,228.0,2872.0,1.54,36.050000000000004,14.96,7.04,35.96,29.03,0.0,236.5,1200.0
77702.279,0.0,140.0,92.2,22.54,16.01,168.5,33.0,151.9,28.87,33.1,33.7,90.0,15.75,56.400000000000006,99.7,231.5,2871.0,1.52,36.2,14.99,6.98,36.03,29.03,0.0,234.0,1200.0
77762.279,0.0,140.0,91.0,22.38,16.0,169.5,33.15,151.5,28.87,33.160000000000004,33.7,92.0,15.700000000000001,56.2,99.60000000000001,235.0,2862.0,1.3,36.15,14.99,7.0,36.0,29.080000000000002,1.0,230.0,1200.0
77822.279,0.0,140.0,90.80000000000001,22.35,15.94,172.0,33.1,151.8,28.85,33.05,33.65,95.0,15.8,56.2,100.0,229.5,2862.0,1.21,36.2,15.0,6.98,35.89,29.01,2.0,229.5,1200.0
77882.279,0.0,140.0,91.30000000000001,22.41,15.93,171.0,33.2,150.70000000000002,28.91,32.99,33.65,92.0,15.65,56.0,99.5,231.5,2859.0,1.41,36.25,14.99,6.98,36.02,29.03,0.0,234.0,1200.0
77942.279,0.0,140.0,93.80000000000001,22.28,16.0,169.5,33.1,153.0,28.84,33.05,33.65,91.0,15.9,55.800000000000004,100.0,228.0,2860.0,1.42,36.15,14.98,6.96,36.03,29.05,0.0,230.0,1200.0
78002.279,0.0,140.0,92.80000000000001,22.23,16.0,167.5,33.1,151.4,28.900000000000002,32.89,33.550000000000004,92.0,15.700000000000001,55.400000000000006,100.0,226.5,2856.0,1.25,36.050000000000004,15.05,7.0600000000000005,36.02,28.97,0.0,228.5,1200.0
78062.279,0.0,140.0,89.10000000000001,22.23,15.97,169.5,33.1,152.9,28.84,32.97,33.550000000000004,93.5,15.8,55.0,100.0,223.0,2847.0,1.34,36.15,14.93,6.97,35.94,29.060000000000002,1.0,221.0,1200.0
78122.279,0.0,140.0,91.80000000000001,22.04,15.92,168.0,33.1,151.4,28.8,32.89,33.7,92.5,15.55,55.300000000000004,99.5,223.5,2843.0,1.44,35.95,15.030000000000001,7.0600000000000005,36.04,28.88,0.0,225.5,1200.0
78182.279,0.0,140.0,91.9,21.94,15.85,169.0,32.9,151.0,28.87,32.82,33.550000000000004,92.0,15.55,54.0,99.80000000000001,224.5,2841.0,1.47,35.9,15.02,7.0600000000000005,36.050000000000004,28.990000000000002,0.0,222.5,1200.0
78242.279,0.0,140.0,91.0,21.84,15.860000000000001,169.0,32.95,152.3,28.69,32.71,33.6,93.0,15.4,54.0,99.4,219.5,2840.0,1.45,35.9,15.05,7.03,36.08,29.11,1.0,225.5,1200.0
78302.279,0.0,140.0,92.4,21.76,15.75,171.0,32.85,150.9,28.73,32.74,33.65,92.0,15.450000000000001,53.6,100.0,224.5,2849.0,1.3900000000000001,35.9,14.98,7.0,36.04,29.09,2.0,221.0,1200.0
78362.279,0.0,140.0,90.30000000000001,21.63,15.67,168.0,32.800000000000004,149.9,28.75,32.69,33.550000000000004,91.0,15.450000000000001,53.5,96.9,217.0,2858.0,1.45,35.75,15.030000000000001,6.95,36.01,28.95,0.0,217.5,1200.0
78422.279,0.0,140.0,91.30000000000001,21.61,15.66,166.5,32.75,150.6,28.72,32.55,33.5,94.0,15.450000000000001,53.2,90.60000000000001,215.5,2869.0,1.45,35.800000000000004,14.96,7.0,35.95,29.03,0.0,211.0,1200.0
78482.279,0.0,140.0,89.0,21.5,15.69,168.0,32.550000000000004,151.9,28.66,32.5,33.6,92.0,15.600000000000001,51.2,84.80000000000001,207.0,2873.0,1.3800000000000001,35.75,15.030000000000001,6.96,35.97,28.98,0.0,212.5,1200.0
78542.278,0.0,140.0,91.2,21.29,15.59,167.0,32.550000000000004,152.3,28.71,32.32,33.65,91.5,15.450000000000001,50.7,80.5,206.0,2878.0,1.45,35.550000000000004,15.02,7.0,36.01,28.94,0.0,209.5,1200.0
78602.278,0.0,140.0,91.9,21.17,15.610000000000001,166.0,32.5,151.1,28.59,32.3,33.45,90.0,15.350000000000001,49.1,76.9,200.5,2892.0,1.18,35.4,14.98,6.98,36.04,28.990000000000002,1.0,203.0,1200.0
78662.278,0.0,140.0,92.2,21.35,15.64,166.0,32.45,151.5,28.71,32.27,33.6,91.0,15.4,49.1,75.8,206.0,2892.0,1.45,35.550000000000004,15.02,7.01,35.95,29.01,0.0,209.0,1200.0
78722.278,0.0,140.0,91.2,21.37,15.790000000000001,165.5,32.35,152.20000000000002,28.740000000000002,32.27,33.65,93.0,15.4,49.0,74.3,198.5,2887.0,1.43,35.45,15.08,6.99,36.03,28.990000000000002,0.0,199.0,1200.0
78782.278,0.0,140.0,90.5,21.39,15.82,165.5,32.35,150.8,28.64,32.32,33.65,94.5,15.75,49.1,73.60000000000001,197.5,2889.0,1.28,35.550000000000004,15.02,7.05,36.04,29.03,0.0,203.5,1200.0
78842.278,0.0,140.0,90.30000000000001,21.5,15.84,168.0,32.45,152.5,28.69,32.3,33.65,95.0,15.75,49.7,73.8,198.5,2875.0,1.3900000000000001,35.45,15.02,6.96,36.0,29.05,0.0,204.0,1200.0
78902.278,0.0,140.0,91.0,21.490000000000002,15.9,169.5,32.45,152.5,28.66,32.36,33.6,94.0,15.65,49.800000000000004,74.7,201.5,2875.0,1.42,35.4,15.0,7.09,36.02,29.01,0.0,194.5,1200.0
78962.278,0.0,140.0,91.30000000000001,21.56,15.93,167.5,32.6,151.3,28.72,32.32,33.800000000000004,93.5,15.75,49.0,74.9,201.0,2866.0,1.36,35.35,15.030000000000001,7.04,35.99,29.080000000000002,0.0,199.0,1200.0
79022.278,0.0,140.0,90.9,21.650000000000002,16.05,166.0,32.45,152.0,28.7,32.25,33.6,93.5,15.65,49.7,75.60000000000001,202.0,2861.0,1.45,35.45,14.99,7.01,36.03,29.02,1.0,198.0,1200.0
79082.278,0.0,140.0,90.9,21.7,16.04,165.5,32.65,151.8,28.69,32.46,33.6,93.5,15.850000000000001,49.6,77.2,200.5,2861.0,1.49,35.5,15.02,7.0,35.9,29.07,2.0,201.0,1200.0
79142.278,0.0,140.0,91.60000000000001,21.75,16.12,167.5,32.5,150.0,28.740000000000002,32.39,33.550000000000004,91.5,15.9,50.800000000000004,78.0,203.5,2855.0,1.25,35.4,14.98,7.0,36.07,28.98,0.0,202.0,1200.0
79202.278,0.0,140.0,92.4,21.87,16.16,166.0,32.4,150.0,28.73,32.38,33.800000000000004,94.0,15.850000000000001,50.0,79.0,201.0,2850.0,1.29,35.300000000000004,14.99,7.03,36.04,28.990000000000002,0.0,203.0,1200.0
79262.278,0.0,140.0,92.0,21.87,16.13,168.0,32.6,151.3,28.71,32.47,33.7,92.5,15.8,51.1,79.9,203.5,2852.0,1.5,35.25,14.99,6.98,36.09,29.02,1.0,205.5,1200.0
79322.278,0.0,140.0,90.2,21.86,16.09,167.0,32.4,151.3,28.7,32.45,33.65,91.0,15.700000000000001,50.900000000000006,81.30000000000001,205.5,2841.0,1.3,35.4,14.98,7.0600000000000005,35.99,28.95,0.0,204.5,1200.0
79382.278,0.0,140.0,92.7,21.900000000000002,16.080000000000002,168.0,32.65,150.8,28.76,32.480000000000004,33.5,94.5,15.9,51.0,81.9,205.0,2842.0,1.31,35.35,15.0,7.0,36.04,29.07,1.0,203.5,1200.0
79442.278,0.0,140.0,93.10000000000001,21.89,16.1,166.5,32.65,152.6,28.84,32.480000000000004,33.65,93.0,15.8,51.7,84.4,206.0,2832.0,1.5,35.550000000000004,14.96,6.99,35.99,29.060000000000002,3.0,204.5,1200.0
79502.278,0.0,140.0,93.2,21.94,16.16,168.5,32.65,151.0,28.64,32.59,33.550000000000004,92.5,15.850000000000001,51.5,86.5,211.5,2831.0,1.67,35.5,14.97,7.0200000000000005,36.06,28.98,0.0,207.5,1200.0
79562.278,0.0,140.0,90.9,22.06,16.09,168.5,32.65,151.20000000000002,28.67,32.58,33.5,94.0,15.950000000000001,52.0,88.5,214.0,2825.0,1.4000000000000001,35.45,14.99,7.05,36.01,29.060000000000002,0.0,208.5,1200.0
79622.277,0.0,140.0,90.7,22.05,16.080000000000002,166.5,32.45,151.20000000000002,28.71,32.65,33.45,93.0,15.8,52.400000000000006,90.10000000000001,212.0,2824.0,1.51,35.45,14.96,6.99,35.980000000000004,29.02,1.0,209.0,1200.0
79682.277,0.0,140.0,90.7,22.06,16.07,168.5,32.65,150.20000000000002,28.71,32.61,33.45,92.5,15.9,53.1,92.10000000000001,217.0,2826.0,1.5,35.5,14.96,6.95,36.1,28.96,0.0,207.5,1200.0
79742.277,0.0,140.0,92.80000000000001,22.07,16.14,166.0,32.7,151.9,28.740000000000002,32.59,33.4,92.0,15.8,53.5,93.60000000000001,215.5,2824.0,1.55,35.300000000000004,15.01,6.94,35.95,29.03,0.0,214.5,1200.0
79802.277,0.0,140.0,91.10000000000001,22.09,16.080000000000002,166.0,32.800000000000004,151.20000000000002,28.7,32.49,33.45,93.0,15.8,53.800000000000004,95.60000000000001,216.5,2813.0,1.6400000000000001,35.35,14.92,7.04,36.04,29.05,3.0,214.0,1200.0
79862.277,0.0,140.0,91.0,22.09,16.05,168.0,32.65,152.4,28.67,32.65,33.5,95.0,15.850000000000001,54.300000000000004,96.80000000000001,212.0,2814.0,1.45,35.35,15.02,6.94,36.12,29.02,0.0,215.0,1200.0
79922.277,0.0,140.0,92.5,22.03,16.11,167.5,32.800000000000004,152.0,28.68,32.730000000000004,33.300000000000004,90.5,15.75,54.1,96.80000000000001,214.5,2817.0,1.52,35.4,15.06,6.97,36.0,28.990000000000002,0.0,212.5,1200.0
79982.277,0.0,140.0,91.60000000000001,22.09,16.02,168.5,32.800000000000004,152.6,28.73,32.7,33.5,92.5,15.850000000000001,53.800000000000004,96.60000000000001,220.5,2821.0,1.27,35.4,15.040000000000001,6.95,36.07,28.87,0.0,212.5,1200.0
80042.277,0.0,140.0,90.4,21.98,15.99,169.5,32.85,150.0,28.7,32.69,33.4,91.0,15.700000000000001,53.5,96.60000000000001,214.0,2824.0,1.3800000000000001,35.4,15.01,6.97,35.93,29.04,0.0,215.5,1200.0
80102.277,0.0,140.0,91.10000000000001,22.04,15.96,166.0,32.800000000000004,152.4,28.75,32.71,33.45,92.5,15.9,53.5,96.30000000000001,218.0,2827.0,1.25,35.35,15.02,7.04,36.11,29.07,0.0,216.0,1200.0
80162.277,0.0,140.0,90.10000000000001,21.990000000000002,16.01,169.0,32.9,150.6,28.71,32.65,33.45,93.0,15.850000000000001,53.6,95.30000000000001,216.0,2821.0,1.26,35.550000000000004,15.030000000000001,7.0,36.03,28.97,0.0,217.0,1200.0
80222.277,0.0,140.0,91.5,22.03,15.99,168.5,32.800000000000004,151.5,28.650000000000002,32.64,33.4,93.5,15.700000000000001,53.900000000000006,94.80000000000001,214.5,2830.0,1.35,35.4,15.02,7.01,36.01,29.01,0.0,210.5,1200.0
80282.277,0.0,140.0,92.0,22.03,16.0,168.5,32.800000000000004,151.20000000000002,28.67,32.63,33.550000000000004,90.5,15.75,53.7,94.4,217.5,2825.0,1.45,35.45,14.99,7.04,36.02,29.0,0.0,215.0,1200.0
80342.277,0.0,140.0,91.10000000000001,21.900000000000002,15.870000000000001,167.0,32.800000000000004,150.9,28.7,32.52,33.4,93.0,15.700000000000001,53.6,93.7,213.0,2829.0,1.46,35.300000000000004,14.950000000000001,7.0200000000000005,35.99,28.96,0.0,217.0,1200.0
80402.277,0.0,140.0,91.7,21.88,15.92,168.5,32.65,153.20000000000002,28.67,32.65,33.5,91.5,15.8,53.1,93.0,211.0,2832.0,1.47,35.5,15.01,6.97,35.94,29.01,3.0,211.0,1200.0
80462.277,0.0,140.0,90.7,21.91,15.97,166.5,32.85,150.6,28.68,32.58,33.65,92.5,15.700000000000001,53.0,92.10000000000001,210.5,2828.0,1.4000000000000001,35.4,14.89,6.99,35.95,29.09,0.0,212.0,1200.0
80522.277,0.0,140.0,89.30000000000001,22.02,15.97,168.5,32.65,151.20000000000002,28.580000000000002,32.5,33.6,90.5,15.75,52.6,90.80000000000001,211.5,2831.0,1.34,35.45,14.91,7.0,36.01,29.0,2.0,212.0,1200.0
80582.277,0.0,140.0,90.9,21.91,15.98,168.0,32.6,152.3,28.650000000000002,32.5,33.45,93.0,15.700000000000001,52.5,90.30000000000001,211.0,2834.0,1.45,35.4,14.98,6.96,36.06,29.03,1.0,211.0,1200.0
80642.277,0.0,140.0,91.7,21.86,15.96,165.0,32.6,150.8,28.68,32.44,33.4,92.0,15.8,52.5,90.30000000000001,207.0,2832.0,1.27,35.25,15.07,7.0,36.02,29.03,2.0,213.5,1200.0
80702.276,0.0,140.0,90.10000000000001,21.830000000000002,15.96,165.5,32.550000000000004,150.4,28.650000000000002,32.410000000000004,33.45,94.0,15.600000000000001,52.6,89.4,214.5,2835.0,1.53,35.45,15.030000000000001,6.97,36.01,29.060000000000002,0.0,207.0,1200.0
80762.276,0.0,140.0,90.9,21.81,15.99,167.5,32.5,153.5,28.63,32.52,33.4,90.5,15.75,52.0,87.80000000000001,208.0,2838.0,1.46,35.45,15.01,7.08,36.0,28.91,0.0,207.5,1200.0
80822.276,0.0,140.0,90.7,21.87,15.93,166.0,32.5,151.6,28.68,32.42,33.35,93.0,15.850000000000001,51.6,87.4,210.5,2840.0,1.4000000000000001,35.25,14.97,7.0200000000000005,36.0,29.0,0.0,208.5,1200.0
80882.276,0.0,140.0,90.7,21.79,15.93,167.5,32.550000000000004,150.9,28.64,32.42,33.45,93.5,15.8,51.5,86.30000000000001,208.0,2838.0,1.51,35.15,15.01,6.97,36.03,29.07,0.0,201.5,1200.0
80942.276,0.0,140.0,92.7,21.77,15.950000000000001,164.5,32.6,151.4,28.560000000000002,32.36,33.5,94.5,15.8,51.7,85.80000000000001,207.0,2838.0,1.3900000000000001,35.300000000000004,15.02,6.96,36.01,29.04,0.0,204.0,1200.0
81002.276,0.0,140.0,90.0,21.8,15.94,166.5,32.45,150.1,28.57,32.29,33.45,92.0,15.65,51.5,84.7,207.5,2841.0,1.37,35.2,15.0,7.04,36.03,28.990000000000002,0.0,202.5,1200.0
81062.276,0.0,140.0,91.2,21.76,15.99,169.5,32.35,152.8,28.66,32.4,33.35,92.5,15.65,51.6,84.5,201.0,2839.0,1.42,35.300000000000004,15.030000000000001,7.0200000000000005,36.06,29.02,1.0,206.5,1200.0
81122.276,0.0,140.0,89.60000000000001,21.63,16.06,168.0,32.65,150.9,28.64,32.39,33.45,92.0,15.8,51.2,82.4,204.5,2845.0,1.34,35.300000000000004,14.98,7.0,35.97,29.03,0.0,208.0,1200.0
81182.276,0.0,140.0,89.7,21.6,15.88,165.5,32.35,150.5,28.64,32.24,33.6,92.0,15.65,50.800000000000004,81.4,201.0,2850.0,1.34,35.300000000000004,14.98,6.93,35.95,28.97,2.0,208.0,1200.0
81242.276,0.0,140.0,91.0,21.55,15.8,167.0,32.5,151.6,28.68,32.29,33.7,93.0,15.65,50.5,80.4,200.5,2855.0,1.6,35.300000000000004,15.040000000000001,7.05,35.980000000000004,29.080000000000002,0.0,210.5,1200.0
81302.276,0.0,140.0,89.4,21.580000000000002,15.91,167.5,32.5,151.6,28.63,32.28,33.6,92.0,15.8,49.6,79.2,204.0,2863.0,1.43,35.35,15.02,6.87,36.04,28.990000000000002,1.0,199.0,1200.0
81362.276,0.0,140.0,91.30000000000001,21.5,15.89,167.5,32.5,150.5,28.61,32.36,33.550000000000004,93.0,15.700000000000001,50.0,77.30000000000001,203.5,2871.0,1.58,35.300000000000004,15.05,6.98,36.08,28.990000000000002,2.0,205.0,1200.0
81422.276,0.0,140.0,92.80000000000001,21.47,15.88,166.5,32.6,151.3,28.67,32.3,33.7,92.5,15.600000000000001,49.5,76.3,203.0,2876.0,1.44,35.5,15.040000000000001,7.0200000000000005,36.0,29.080000000000002,0.0,203.5,1200.0
81482.276,0.0,140.0,91.7,21.44,15.870000000000001,166.5,32.5,150.4,28.69,32.42,33.6,92.0,15.600000000000001,49.300000000000004,74.8,202.5,2874.0,1.37,35.300000000000004,14.96,7.01,35.96,29.1,0.0,199.5,1200.0
81542.276,0.0,140.0,91.0,21.400000000000002,15.84,165.5,32.5,150.9,28.75,32.3,33.6,93.0,15.5,48.6,73.0,195.0,2889.0,1.45,35.4,15.06,6.98,36.050000000000004,28.97,0.0,201.5,1200.0
81602.276,0.0,140.0,92.4,21.36,15.82,166.5,32.4,150.70000000000002,28.76,32.37,33.7,91.5,15.600000000000001,48.300000000000004,71.7,200.5,2891.0,1.5,35.35,15.0,6.97,36.050000000000004,28.990000000000002,0.0,197.5,1200.0
81662.276,0.0,140.0,90.5,21.36,15.91,168.0,32.550000000000004,151.3,28.73,32.39,33.85,93.0,15.65,48.6,70.60000000000001,201.5,2893.0,1.4000000000000001,35.45,15.02,7.05,35.910000000000004,29.05,2.0,198.0,1200.0
81722.276,0.0,140.0,92.0,21.38,15.85,167.5,32.550000000000004,150.3,28.79,32.4,33.65,93.0,15.700000000000001,48.6,70.5,201.5,2890.0,1.41,35.300000000000004,15.0,6.96,35.94,28.990000000000002,1.0,198.5,1200.0
81782.276,0.0,140.0,90.9,21.42,15.96,165.0,32.4,150.70000000000002,28.88,32.34,33.75,92.5,15.600000000000001,48.300000000000004,70.4,199.0,2891.0,1.32,35.4,14.96,7.01,36.1,28.93,4.0,198.5,1200.0
81842.275,0.0,140.0,91.0,21.41,15.950000000000001,167.0,32.5,151.8,28.76,32.3,33.75,90.5,15.75,47.7,70.0,200.5,2891.0,1.3,35.5,14.9,7.0200000000000005,36.06,29.22,0.0,199.0,1200.0
81902.275,0.0,140.0,90.60000000000001,21.47,15.98,167.5,32.35,150.6,28.91,32.4,33.6,93.0,15.65,48.7,70.4,200.5,2889.0,1.34,35.45,15.06,7.05,35.95,29.0,0.0,197.5,1200.0
81962.275,0.0,140.0,89.2,21.490000000000002,16.01,166.5,32.45,151.1,28.92,32.4,33.7,92.5,15.9,48.5,70.2,199.0,2885.0,1.54,35.35,15.030000000000001,7.03,35.99,28.93,0.0,198.0,1200.0
82022.275,0.0,140.0,89.80000000000001,21.52,16.0,168.0,32.6,151.5,28.82,32.46,33.7,92.0,15.9,48.800000000000004,70.4,200.0,2886.0,1.42,35.45,15.07,6.98,35.92,29.05,1.0,198.5,1200.0
82082.275,0.0,140.0,91.4,21.580000000000002,15.99,166.5,32.5,151.4,28.85,32.46,33.9,92.0,16.05,48.7,70.8,203.5,2884.0,1.59,35.5,15.1,7.0200000000000005,35.95,29.09,0.0,201.0,1200.0
82142.275,0.0,140.0,90.4,21.47,16.04,165.0,32.7,151.0,28.82,32.410000000000004,33.9,92.0,15.8,48.7,71.9,201.0,2886.0,1.3,35.45,14.99,7.01,36.02,28.94,1.0,200.5,1200.0
82202.275,0.0,140.0,90.7,21.580000000000002,16.0,168.0,32.4,151.4,28.85,32.47,33.9,93.5,15.850000000000001,48.300000000000004,72.2,198.5,2883.0,1.55,35.4,15.02,7.0200000000000005,36.04,29.04,0.0,202.0,1200.0
82262.275,0.0,140.0,90.4,21.64,16.07,165.0,32.800000000000004,151.0,28.900000000000002,32.47,33.75,91.5,15.700000000000001,49.1,72.7,202.0,2880.0,1.44,35.550000000000004,14.99,6.99,35.99,28.98,3.0,196.5,1200.0
82322.275,0.0,140.0,92.0,21.740000000000002,16.080000000000002,165.5,32.6,151.8,28.900000000000002,32.65,33.800000000000004,92.5,15.850000000000001,49.300000000000004,74.60000000000001,200.0,2869.0,1.33,35.65,14.950000000000001,6.97,35.94,29.01,4.0,202.5,1200.0
82382.275,0.0,140.0,91.0,21.86,16.15,169.0,32.65,151.9,28.89,32.54,33.85,92.5,15.8,49.800000000000004,75.9,201.5,2867.0,1.46,35.65,15.02,7.04,35.99,28.97,1.0,205.0,1200.0
82442.275,0.0,140.0,92.30000000000001,21.87,16.21,169.5,32.800000000000004,152.4,28.85,32.68,33.7,94.0,15.8,50.5,77.7,204.5,2860.0,1.52,35.7,14.93,6.96,35.99,29.0,0.0,204.5,1200.0
82502.275,0.0,140.0,91.5,21.91,16.22,170.5,32.65,150.6,28.93,32.61,33.85,95.0,15.950000000000001,50.900000000000006,79.80000000000001,207.0,2854.0,1.53,35.5,14.98,6.890000000000001,36.050000000000004,28.98,2.0,206.0,1200.0
82562.275,0.0,140.0,90.9,22.06,16.16,166.0,32.9,150.70000000000002,29.01,32.78,33.6,93.0,15.9,51.300000000000004,83.9,207.5,2848.0,1.43,35.550000000000004,15.040000000000001,7.08,35.99,28.89,2.0,209.0,1200.0
82622.275,0.0,140.0,90.7,22.07,16.17,169.5,32.800000000000004,151.20000000000002,29.04,32.72,33.800000000000004,95.0,15.8,51.400000000000006,87.80000000000001,211.5,2847.0,1.42,35.550000000000004,14.98,6.97,36.07,28.97,0.0,216.5,1200.0
82682.275,0.0,140.0,89.9,22.18,16.22,169.0,32.9,151.3,29.03,32.87,33.7,93.5,15.850000000000001,52.2,91.30000000000001,221.5,2839.0,1.48,35.6,14.98,7.03,35.95,29.07,1.0,216.5,1200.0
82742.275,0.0,140.0,90.5,22.25,16.22,168.0,33.2,151.8,29.0,32.97,33.75,93.5,16.05,54.0,95.5,219.0,2836.0,1.28,35.550000000000004,15.05,7.0600000000000005,35.94,29.060000000000002,0.0,214.0,1200.0
82802.275,0.0,140.0,91.10000000000001,22.330000000000002,16.240000000000002,169.0,33.1,151.8,28.990000000000002,33.03,33.800000000000004,94.0,16.0,53.900000000000006,99.4,223.0,2829.0,1.43,35.75,14.96,7.1000000000000005,35.95,29.03,0.0,221.0,1200.0
82862.275,0.0,140.0,89.9,22.22,16.19,172.5,33.35,149.8,29.04,33.02,33.800000000000004,94.5,15.850000000000001,54.7,100.0,214.0,2827.0,1.42,35.65,15.02,7.0600000000000005,36.06,29.0,0.0,219.0,1200.0
82922.275,0.0,140.0,89.7,22.32,16.11,170.0,33.1,151.4,29.060000000000002,33.1,33.65,91.0,15.8,54.800000000000004,99.5,222.0,2833.0,1.3800000000000001,35.7,15.040000000000001,6.99,35.92,29.02,0.0,220.0,1200.0
82982.274,0.0,140.0,91.60000000000001,22.27,16.16,170.0,33.25,151.9,28.990000000000002,33.13,33.7,94.5,16.0,53.7,99.9,222.0,2834.0,1.47,35.800000000000004,15.0,7.04,36.02,28.94,0.0,220.5,1200.0
83042.274,0.0,140.0,92.0,22.19,16.12,172.0,33.2,150.9,29.03,33.0,33.95,92.5,15.9,53.900000000000006,99.7,222.5,2838.0,1.35,35.6,15.040000000000001,7.0600000000000005,36.06,29.03,0.0,223.0,1200.0
83102.274,0.0,140.0,91.5,22.21,16.04,169.5,33.300000000000004,150.9,28.95,33.05,33.9,90.5,15.75,53.400000000000006,99.7,220.5,2842.0,1.35,35.75,14.99,6.96,35.97,29.07,0.0,224.5,1200.0
83162.274,0.0,140.0,90.5,22.12,16.13,171.0,33.300000000000004,151.8,29.060000000000002,33.12,33.85,93.5,15.8,53.900000000000006,99.7,222.5,2842.0,1.3,35.85,14.98,6.96,35.89,29.02,0.0,220.5,1200.0
83222.274,0.0,140.0,91.4,22.14,16.03,172.0,33.25,151.9,29.05,33.1,34.0,93.0,15.9,54.300000000000004,100.0,228.0,2840.0,1.41,35.7,14.98,7.09,36.06,28.94,0.0,227.0,1200.0
83282.274,0.0,140.0,93.30000000000001,22.080000000000002,16.07,173.5,33.15,151.20000000000002,29.0,33.08,33.85,93.0,15.850000000000001,54.2,99.9,219.5,2846.0,1.35,35.75,15.0,6.99,35.99,28.990000000000002,0.0,229.5,1200.0
83342.274,0.0,140.0,89.80000000000001,22.09,16.04,171.0,33.25,151.1,29.09,33.11,33.800000000000004,91.0,15.700000000000001,54.2,100.0,224.5,2851.0,1.42,35.800000000000004,14.97,6.97,36.08,28.98,2.0,224.0,1200.0
83402.274,0.0,140.0,89.30000000000001,22.14,16.06,173.5,33.300000000000004,151.9,29.14,33.09,33.85,92.0,15.8,54.2,99.80000000000001,222.0,2853.0,1.28,35.7,14.98,6.98,35.94,28.98,0.0,230.0,1200.0
83462.274,0.0,140.0,90.0,22.080000000000002,15.94,172.0,33.300000000000004,151.0,29.17,33.14,34.050000000000004,94.0,15.65,54.400000000000006,100.0,222.5,2852.0,1.3900000000000001,35.800000000000004,14.950000000000001,6.96,35.910000000000004,28.95,0.0,222.0,1200.0
83522.274,0.0,140.0,91.2,22.080000000000002,16.04,170.5,33.25,153.0,29.1,33.08,34.0,93.0,15.700000000000001,53.7,99.9,225.0,2850.0,1.42,35.800000000000004,14.99,7.05,36.01,29.02,0.0,222.5,1200.0
83582.274,0.0,140.0,92.10000000000001,22.12,16.0,170.0,33.35,152.4,29.12,33.15,34.0,91.0,15.8,53.900000000000006,100.0,225.0,2855.0,1.33,36.0,14.96,7.0200000000000005,35.97,29.07,1.0,225.5,1200.0
83642.274,0.0,140.0,91.7,22.05,16.04,169.0,33.35,151.3,29.16,33.13,33.9,92.5,15.700000000000001,54.0,100.0,222.0,2852.0,1.42,35.800000000000004,15.01,7.1000000000000005,36.02,28.98,0.0,222.5,1200.0
83702.274,0.0,140.0,90.5,22.03,16.09,173.0,33.45,152.0,29.2,33.19,34.0,94.5,15.8,54.2,100.0,225.5,2852.0,1.31,35.9,15.02,7.04,36.01,28.86,0.0,227.0,1200.0
83762.274,0.0,140.0,92.0,22.2,16.04,172.0,33.300000000000004,151.0,29.2,33.24,33.9,92.5,15.950000000000001,54.1,99.80000000000001,223.5,2856.0,1.61,36.050000000000004,15.040000000000001,6.98,36.03,28.98,3.0,227.5,1200.0
83822.274,0.0,140.0,90.5,22.17,16.06,171.5,33.25,150.5,29.310000000000002,33.15,34.050000000000004,93.5,15.9,54.1,99.9,228.0,2855.0,1.3900000000000001,36.050000000000004,14.97,6.96,35.9,29.0,1.0,226.5,1200.0
83882.274,0.0,140.0,90.60000000000001,22.13,16.06,170.5,33.5,152.1,29.19,33.22,34.1,91.0,15.700000000000001,53.6,99.80000000000001,225.5,2861.0,1.3,36.0,15.01,7.07,35.96,28.98,0.0,225.5,1200.0
83942.274,0.0,140.0,91.7,22.13,16.09,172.0,33.5,151.0,29.240000000000002,33.21,33.95,92.0,15.8,54.300000000000004,99.9,231.0,2851.0,1.24,35.9,15.040000000000001,6.98,35.980000000000004,29.02,0.0,225.0,1200.0
84002.274,0.0,140.0,91.2,22.16,16.12,169.0,33.35,151.1,29.28,33.35,33.95,94.5,15.8,53.6,99.9,225.5,2855.0,1.4000000000000001,36.1,15.0,6.95,35.99,29.07,0.0,225.5,1200.0
84062.274,0.0,140.0,91.30000000000001,22.11,16.07,171.5,33.25,150.0,29.22,33.26,34.0,90.0,15.75,53.900000000000006,100.0,230.5,2861.0,1.52,36.0,15.1,7.01,36.06,28.95,0.0,228.5,1200.0
84122.273,0.0,140.0,90.5,22.02,15.96,172.5,33.550000000000004,151.0,29.240000000000002,33.31,34.1,93.0,15.75,53.7,99.80000000000001,231.5,2860.0,1.41,36.050000000000004,15.0,7.0,35.95,29.09,0.0,229.5,1200.0
84182.273,0.0,140.0,90.80000000000001,21.86,15.780000000000001,173.0,33.550000000000004,151.3,29.310000000000002,33.33,34.050000000000004,91.0,15.600000000000001,54.0,99.9,229.0,2877.0,1.48,36.0,14.94,7.0,36.03,29.03,2.0,225.5,1200.0
84242.273,0.0,140.0,90.0,21.79,15.75,170.0,33.25,149.6,29.12,33.25,34.1,91.0,15.450000000000001,53.5,99.9,226.0,2881.0,1.31,36.050000000000004,15.05,7.05,36.02,28.96,0.0,226.0,1200.0
84302.273,0.0,140.0,91.2,21.63,15.69,170.0,33.15,150.9,29.150000000000002,33.19,33.85,93.0,15.4,52.6,94.2,228.5,2896.0,1.44,36.2,15.05,7.05,36.01,29.02,0.0,224.5,1200.0
84362.273,0.0,140.0,91.4,21.53,15.700000000000001,170.0,33.1,151.6,29.17,33.06,34.15,92.0,15.25,51.900000000000006,88.60000000000001,218.5,2904.0,1.54,36.0,15.05,7.0,36.07,29.04,0.0,222.0,1200.0
84422.273,0.0,140.0,91.10000000000001,21.46,15.620000000000001,168.0,32.9,152.5,29.2,32.93,34.15,91.5,15.5,50.2,82.4,217.0,2915.0,1.3,36.1,14.98,6.99,35.99,29.0,0.0,216.0,1200.0
84482.273,0.0,140.0,90.2,21.31,15.74,170.0,32.85,150.4,29.13,32.85,34.050000000000004,89.5,15.350000000000001,49.1,78.10000000000001,208.5,2917.0,1.5,35.95,14.94,7.01,35.99,28.98,2.0,212.5,1200.0
84542.273,0.0,140.0,91.9,21.31,15.64,167.5,32.85,150.4,29.17,32.8,34.050000000000004,91.0,15.4,47.300000000000004,74.0,208.5,2939.0,1.31,35.9,15.02,7.05,35.86,29.09,0.0,209.0,1200.0
84602.273,0.0,140.0,91.0,21.080000000000002,15.58,168.5,32.6,152.20000000000002,29.09,32.68,34.300000000000004,92.0,15.5,47.6,70.3,207.5,2945.0,1.37,35.75,15.040000000000001,6.97,35.97,28.990000000000002,0.0,206.5,1200.0
84662.273,0.0,140.0,90.2,21.27,15.72,167.0,32.9,152.4,29.16,32.68,34.25,91.0,15.55,47.300000000000004,70.4,202.5,2941.0,1.53,35.9,14.99,6.95,35.93,29.060000000000002,0.0,207.5,1200.0
84722.273,0.0,140.0,91.2,21.400000000000002,15.83,167.5,32.800000000000004,149.6,29.16,32.79,34.050000000000004,92.5,15.600000000000001,47.6,70.60000000000001,206.5,2933.0,1.36,35.95,14.98,7.05,36.13,29.04,0.0,208.0,1200.0
84782.273,0.0,140.0,91.10000000000001,21.48,15.96,170.0,33.0,149.8,29.240000000000002,32.75,34.15,93.5,15.700000000000001,48.5,72.5,204.5,2916.0,1.42,35.9,15.040000000000001,6.96,36.04,29.05,0.0,204.5,1200.0
84842.273,0.0,140.0,91.2,21.72,15.96,169.5,32.95,152.3,29.12,32.87,34.1,92.0,15.8,48.900000000000006,73.9,205.5,2911.0,1.35,35.75,15.02,6.97,36.15,29.14,2.0,209.0,1200.0
84902.273,0.0,140.0,90.9,21.81,16.080000000000002,170.0,33.050000000000004,151.6,29.17,32.95,34.15,95.0,15.950000000000001,49.7,76.4,206.5,2891.0,1.5,35.95,14.97,7.03,36.09,29.02,1.0,207.5,1200.0
84962.273,0.0,140.0,91.7,21.92,16.23,169.0,33.1,151.8,29.27,32.980000000000004,34.050000000000004,93.0,16.1,49.900000000000006,78.80000000000001,210.5,2884.0,1.45,36.0,14.98,6.94,36.03,29.02,0.0,207.0,1200.0
85022.273,0.0,140.0,90.10000000000001,22.09,16.18,172.0,33.050000000000004,152.0,29.240000000000002,33.14,34.1,93.5,16.05,50.7,83.9,214.5,2868.0,1.61,36.050000000000004,15.030000000000001,7.0,35.96,29.060000000000002,1.0,214.5,1200.0
85082.273,0.0,140.0,89.10000000000001,22.12,16.21,171.5,33.15,151.3,29.18,33.17,34.1,94.0,16.0,51.1,90.0,218.5,2855.0,1.41,36.0,14.96,7.0600000000000005,36.01,29.03,0.0,219.0,1200.0
85142.273,0.0,140.0,91.30000000000001,22.41,16.29,171.5,33.300000000000004,149.8,29.2,33.19,33.95,92.0,16.0,53.0,96.2,217.5,2852.0,1.3,35.95,14.97,6.97,35.980000000000004,29.01,3.0,220.0,1200.0
85202.273,0.0,140.0,91.80000000000001,22.41,16.38,172.0,33.6,151.0,29.23,33.28,33.9,95.0,16.05,54.800000000000004,99.80000000000001,225.0,2838.0,1.56,36.050000000000004,14.96,7.0600000000000005,36.04,28.95,2.0,220.0,1200.0
85262.273,0.0,140.0,90.30000000000001,22.52,16.36,172.5,33.35,152.0,29.21,33.25,34.050000000000004,92.0,16.05,55.400000000000006,99.80000000000001,221.5,2831.0,1.44,35.95,15.07,7.03,35.93,29.080000000000002,2.0,221.5,1200.0
85322.272,0.0,140.0,91.60000000000001,22.39,16.45,173.0,33.45,151.3,29.29,33.230000000000004,33.9,94.5,16.05,54.400000000000006,99.5,222.0,2832.0,1.17,36.050000000000004,15.01,7.0,35.96,29.080000000000002,1.0,221.5,1200.0
85382.272,0.0,140.0,90.80000000000001,22.38,16.42,174.5,33.300000000000004,151.6,29.240000000000002,33.31,34.050000000000004,96.5,16.0,54.300000000000004,100.0,224.0,2832.0,1.3800000000000001,36.050000000000004,15.02,6.99,36.0,29.03,0.0,222.5,1200.0
85442.272,0.0,140.0,92.0,22.400000000000002,16.3,173.0,33.35,152.1,29.35,33.4,34.15,95.0,15.950000000000001,54.0,99.7,223.0,2850.0,1.37,36.1,15.040000000000001,7.0600000000000005,36.04,29.01,1.0,229.0,1200.0
85502.272,0.0,140.0,91.5,22.46,16.25,170.0,33.45,151.9,29.3,33.45,34.050000000000004,93.5,16.05,54.6,100.0,228.5,2863.0,1.47,36.1,15.05,6.94,35.94,28.990000000000002,1.0,235.5,1200.0
85562.272,0.0,140.0,91.0,22.400000000000002,16.11,171.5,33.550000000000004,152.5,29.2,33.42,33.9,94.0,15.700000000000001,54.7,99.7,232.5,2868.0,1.45,36.2,14.96,6.96,36.01,29.01,0.0,223.5,1200.0
85622.272,0.0,140.0,90.60000000000001,22.43,16.11,172.5,33.7,151.0,29.310000000000002,33.49,34.050000000000004,94.0,15.950000000000001,54.800000000000004,99.9,226.5,2872.0,1.54,36.1,14.96,7.0,36.03,28.96,0.0,232.5,1200.0
85682.272,0.0,140.0,89.5,22.46,16.03,173.0,33.6,152.0,29.36,33.5,34.2,91.5,15.850000000000001,55.0,99.5,233.0,2876.0,1.3900000000000001,36.25,15.02,6.95,36.02,29.150000000000002,0.0,234.5,1200.0
85742.272,0.0,140.0,91.9,22.330000000000002,16.13,173.0,33.6,150.70000000000002,29.35,33.53,34.0,91.5,15.850000000000001,55.0,99.9,236.5,2882.0,1.22,36.300000000000004,15.02,7.04,35.99,29.0,0.0,236.0,1200.0
85802.272,0.0,140.0,92.60000000000001,22.42,16.04,171.0,33.6,150.5,29.36,33.52,34.15,93.5,15.8,54.800000000000004,99.7,235.5,2884.0,1.3900000000000001,36.4,15.08,6.94,36.01,28.98,0.0,235.5,1200.0
85862.272,0.0,140.0,90.10000000000001,22.36,16.0,171.0,33.6,152.0,29.400000000000002,33.56,34.15,93.5,15.65,55.6,100.0,235.5,2888.0,1.44,36.45,14.96,7.08,35.9,28.96,0.0,233.5,1200.0
85922.272,0.0,140.0,91.5,22.38,16.080000000000002,173.0,33.6,151.4,29.39,33.53,34.1,93.0,15.75,54.900000000000006,99.4,240.5,2892.0,1.34,36.25,15.01,6.98,36.01,28.95,0.0,234.5,1200.0
85982.272,0.0,140.0,91.0,22.41,16.1,170.5,33.65,151.6,29.26,33.37,34.15,91.5,15.600000000000001,54.5,100.0,233.5,2889.0,1.44,36.45,15.05,7.04,35.93,29.03,3.0,240.0,1200.0
86042.272,0.0,140.0,89.7,22.41,15.98,173.0,33.45,151.6,29.35,33.53,34.300000000000004,91.5,15.700000000000001,55.0,100.0,237.0,2890.0,1.3800000000000001,36.4,14.99,7.05,36.01,29.04,1.0,237.5,1200.0
86102.272,0.0,140.0,90.7,22.43,15.97,173.5,33.5,150.9,29.330000000000002,33.51,34.2,93.0,15.700000000000001,54.7,100.0,234.5,2890.0,1.45,36.4,15.030000000000001,6.97,35.95,29.01,0.0,234.5,1200.0
86162.272,0.0,140.0,90.7,22.36,15.99,172.5,33.7,152.20000000000002,29.310000000000002,33.47,34.2,94.5,15.700000000000001,55.2,99.60000000000001,234.5,2889.0,1.59,36.4,15.030000000000001,6.99,35.980000000000004,29.060000000000002,4.0,236.0,1200.0
86222.272,0.0,140.0,91.30000000000001,22.47,15.98,172.0,33.45,150.9,29.330000000000002,33.49,34.1,91.0,15.8,54.5,100.0,235.0,2892.0,1.31,36.550000000000004,14.96,6.98,36.01,28.990000000000002,0.0,238.5,1200.0
86282.272,0.0,140.0,90.5,22.43,16.02,174.0,33.7,149.9,29.37,33.49,34.2,92.5,15.850000000000001,55.2,99.9,239.5,2894.0,1.26,36.5,14.91,6.96,35.97,29.07,0.0,235.5,1200.0
86342.272,0.0,140.0,90.60000000000001,22.44,15.99,172.0,33.85,151.8,29.330000000000002,33.5,34.15,94.0,15.700000000000001,55.800000000000004,100.0,236.0,2891.0,1.52,36.550000000000004,15.08,7.08,36.050000000000004,29.01,0.0,237.5,1200.0
86402.272,2.272,140.0,90.9,22.31,15.69,172.0,33.1,151.5,28.51,32.84,33.5,91.0,15.55,55.2,99.80000000000001,244.0,2893.0,1.45,36.65,15.0,6.99,36.09,28.990000000000002,2.0,240.5,1200.0
86463.855,63.855,140.0,91.9,22.31,16.02,169.5,32.800000000000004,152.3,28.55,32.64,33.35,93.5,15.75,55.800000000000004,100.0,219.5,2833.0,1.3,36.550000000000004,14.98,6.97,35.99,29.04,2.0,220.5,1200.0
86523.759,123.759,140.0,91.4,22.22,16.06,168.5,32.85,152.70000000000002,28.53,32.68,33.4,91.5,15.700000000000001,55.900000000000006,99.80000000000001,218.5,2833.0,1.32,36.45,14.98,7.04,36.03,28.92,0.0,223.5,1200.0
86583.677,183.677,140.0,91.10000000000001,22.27,16.02,169.0,32.9,151.20000000000002,28.59,32.57,33.35,91.5,15.950000000000001,55.400000000000006,100.0,220.5,2833.0,1.33,36.2,14.98,6.96,36.02,28.95,0.0,221.5,1200.0
86643.605,243.605,140.0,90.10000000000001,22.31,15.97,168.0,32.95,152.1,28.490000000000002,32.64,33.300000000000004,92.5,15.700000000000001,55.1,100.0,219.5,2831.0,1.57,36.1,15.02,6.95,36.01,29.05,0.0,222.0,1200.0
86703.541,303.541,140.0,90.30000000000001,22.14,16.02,168.5,32.800000000000004,152.20000000000002,28.64,32.62,33.35,93.0,15.700000000000001,55.5,100.0,221.0,2835.0,1.48,35.95,15.0,6.99,35.910000000000004,29.03,0.0,224.0,1200.0
86763.484,363.484,140.0,91.0,22.35,16.02,169.0,32.95,152.0,28.54,32.54,33.550000000000004,92.5,15.75,55.7,99.80000000000001,218.0,2828.0,1.28,35.85,15.02,6.97,35.97,29.03,0.0,222.5,1200.0
86823.432,423.432,140.0,92.80000000000001,22.31,16.04,169.0,32.75,151.20000000000002,28.560000000000002,32.62,33.45,93.0,15.8,55.300000000000004,100.0,223.0,2834.0,1.49,35.800000000000004,14.98,6.94,36.03,29.01,1.0,219.5,1200.0
86883.385,483.385,140.0,89.7,22.3,16.02,168.5,32.95,151.4,28.54,32.660000000000004,33.45,92.5,15.75,55.6,100.0,224.5,2831.0,1.43,35.75,15.0,7.05,35.94,28.96,1.0,224.0,1200.0
86943.342,543.342,140.0,92.0,22.330000000000002,15.98,169.5,32.9,150.70000000000002,28.55,32.660000000000004,33.35,92.0,15.55,55.300000000000004,100.0,223.5,2835.0,1.25,35.800000000000004,15.01,6.98,36.02,29.02,0.0,217.0,1200.0
87003.302,603.302,140.0,91.60000000000001,22.35,16.01,169.0,32.9,151.8,28.55,32.59,33.300000000000004,92.0,15.65,55.2,100.0,223.5,2829.0,1.51,35.85,15.0,7.0200000000000005,35.95,29.0,3.0,222.0,1200.0
87063.266,663.266,140.0,90.5,22.23,16.0,169.5,32.95,151.20000000000002,28.54,32.65,33.45,93.0,15.8,55.7,100.0,223.0,2830.0,1.3,35.85,15.030000000000001,6.98,35.94,28.97,0.0,222.0,1200.0
87123.232,723.232,140.0,91.7,22.27,15.950000000000001,168.0,33.0,151.1,28.560000000000002,32.67,33.5,90.0,15.600000000000001,55.7,100.0,219.0,2833.0,1.37,35.800000000000004,14.97,7.04,36.03,28.95,2.0,220.5,1200.0
87183.2,783.2,140.0,91.2,22.26,16.0,167.5,32.95,150.70000000000002,28.55,32.67,33.45,92.5,15.700000000000001,55.800000000000004,99.5,218.5,2833.0,1.45,35.800000000000004,14.98,6.95,35.97,29.1,1.0,223.0,1200.0
87243.171,843.171,140.0,90.80000000000001,22.23,15.99,168.0,33.0,151.6,28.63,32.5,33.550000000000004,93.0,15.700000000000001,55.6,100.0,220.0,2836.0,1.23,35.7,15.040000000000001,6.98,35.95,29.02,1.0,220.5,1200.0
87303.143,903.143,140.0,91.0,22.34,15.98,169.0,32.85,151.5,28.57,32.62,33.45,92.0,15.700000000000001,55.2,100.0,220.0,2829.0,1.3900000000000001,35.65,15.040000000000001,7.04,35.95,28.95,1.0,221.0,1200.0
87363.116,963.116,140.0,92.0,22.25,16.0,170.5,32.800000000000004,151.70000000000002,28.560000000000002,32.58,33.45,94.0,15.8,55.400000000000006,100.0,223.5,2834.0,1.27,35.550000000000004,15.05,6.9,35.96,29.02,0.0,217.5,1200.0
87423.092,1023.092,140.0,90.9,22.26,16.02,167.5,32.95,151.20000000000002,28.53,32.65,33.45,91.5,15.75,55.6,100.0,222.0,2829.0,1.43,35.7,14.99,7.0,35.99,28.97,2.0,223.0,1200.0
87483.068,1083.068,140.0,90.7,22.23,16.0,168.0,33.0,149.20000000000002,28.52,32.64,33.6,92.5,15.850000000000001,54.900000000000006,100.0,221.5,2835.0,1.43,35.65,14.99,7.03,35.99,29.03,0.0,219.0,1200.0
87543.046,1143.046,140.0,90.4,22.12,16.03,168.0,32.9,151.1,28.52,32.62,33.4,92.5,15.75,55.5,100.0,226.5,2828.0,1.3800000000000001,35.7,15.01,7.03,35.96,28.98,0.0,223.5,1200.0
87603.025,1203.025,140.0,91.0,22.22,15.98,168.5,33.0,154.10000000000002,28.61,32.65,33.45,92.0,15.65,54.900000000000006,99.80000000000001,221.5,2829.0,1.47,35.65,15.05,6.98,36.06,28.91,1.0,223.5,1200.0
87663.005,1263.005,140.0,90.80000000000001,22.25,15.99,169.0,32.9,151.3,28.6,32.69,33.550000000000004,93.5,15.700000000000001,55.0,99.9,224.5,2832.0,1.33,35.7,15.040000000000001,6.99,36.03,28.990000000000002,5.0,219.0,1200.0
87722.986,1322.986,140.0,91.60000000000001,22.2,15.99,167.0,33.0,151.20000000000002,28.560000000000002,32.68,33.5,92.5,15.700000000000001,55.5,99.7,223.0,2830.0,1.2,35.7,14.96,6.97,35.93,28.91,0.0,219.0,1200.0
87782.968,1382.968,140.0,91.10000000000001,22.240000000000002,15.9,169.5,32.9,151.9,28.61,32.63,33.550000000000004,91.5,15.75,55.1,100.0,223.5,2840.0,1.3900000000000001,35.6,14.96,6.99,35.96,29.05,2.0,225.5,1200.0
87842.951,1442.951,140.0,92.0,22.21,16.01,170.5,32.85,152.8,28.66,32.74,33.6,90.0,15.850000000000001,55.300000000000004,100.0,222.0,2840.0,1.49,35.7,15.040000000000001,7.0200000000000005,36.0,29.080000000000002,1.0,225.0,1200.0
87902.934,1502.934,140.0,91.2,22.240000000000002,15.99,167.5,33.0,151.8,28.63,32.75,33.550000000000004,93.5,15.75,55.400000000000006,99.4,222.0,2839.0,1.31,35.800000000000004,14.99,6.99,36.04,28.97,0.0,225.0,1200.0
87962.918,1562.918,140.0,92.60000000000001,22.150000000000002,15.98,169.5,33.050000000000004,152.0,28.62,32.72,33.45,95.0,15.600000000000001,55.1,100.0,223.5,2840.0,1.4000000000000001,35.65,15.0,7.04,36.01,28.95,0.0,222.0,1200.0
88022.903,1622.903,140.0,91.10000000000001,22.28,15.99,167.5,33.0,152.1,28.7,32.77,33.7,90.5,15.9,54.7,99.9,228.5,2840.0,1.46,35.6,15.0,7.0200000000000005,36.01,29.03,2.0,219.0,1200.0
88082.888,1682.888,140.0,92.60000000000001,22.27,16.01,169.0,33.1,152.5,28.72,32.85,33.6,93.0,15.8,55.300000000000004,99.80000000000001,221.0,2839.0,1.29,35.800000000000004,14.99,6.99,36.0,29.03,1.0,227.0,1200.0
88142.874,1742.874,140.0,91.4,22.17,16.01,170.0,33.0,152.1,28.69,32.71,33.65,93.5,15.700000000000001,55.1,100.0,221.5,2844.0,1.31,35.85,14.99,7.01,36.03,29.080000000000002,0.0,216.0,1200.0
88202.86,1802.86,140.0,92.0,22.25,15.98,169.5,32.95,152.1,28.68,32.78,33.7,92.5,15.75,55.300000000000004,99.5,224.0,2841.0,1.41,35.95,14.99,7.0,35.97,29.01,0.0,226.0,1200.0
88262.847,1862.847,140.0,89.4,22.240000000000002,16.0,169.0,33.2,151.3,28.740000000000002,32.86,33.6,92.5,15.850000000000001,55.0,100.0,225.0,2844.0,1.3800000000000001,35.800000000000004,14.99,7.03,36.02,28.990000000000002,2.0,227.5,1200.0
88322.834,1922.834,140.0,90.60000000000001,22.26,16.07,169.0,33.1,153.1,28.7,32.78,33.7,92.5,15.75,54.800000000000004,100.0,222.0,2840.0,1.49,35.75,15.030000000000001,6.99,36.03,28.97,0.0,223.0,1200.0
88382.822,1982.822,140.0,91.30000000000001,22.27,16.05,168.5,33.0,153.0,28.69,32.78,33.800000000000004,92.5,15.75,55.5,100.0,229.0,2848.0,1.51,35.85,15.02,7.0200000000000005,36.06,28.97,1.0,227.0,1200.0
88442.81,2042.81,140.0,90.0,22.29,16.04,169.5,33.2,151.6,28.71,32.8,33.7,92.0,15.600000000000001,55.1,99.9,222.0,2840.0,1.5,35.65,14.98,6.92,36.0,29.080000000000002,0.0,224.5,1200.0
88502.799,2102.799,140.0,92.5,22.23,16.01,169.5,33.1,148.4,28.740000000000002,32.84,33.7,92.0,15.700000000000001,55.7,100.0,220.0,2849.0,1.3,35.85,15.0,7.0,36.03,28.92,0.0,225.5,1200.0
88562.788,2162.788,140.0,90.30000000000001,22.28,16.05,169.0,33.1,152.20000000000002,28.73,32.79,33.65,92.5,15.8,55.1,100.0,226.5,2852.0,1.27,35.95,15.05,6.96,36.07,29.02,0.0,224.0,1200.0
88622.777,2222.777,140.0,90.7,22.27,15.99,171.0,33.2,151.70000000000002,28.77,32.83,33.65,93.0,15.600000000000001,54.7,99.60000000000001,226.0,2848.0,1.36,35.95,14.89,6.99,36.01,28.97,0.0,226.5,1200.0
88682.767,2282.767,140.0,91.80000000000001,22.31,16.03,170.5,33.2,152.3,28.73,32.84,33.800000000000004,94.0,15.700000000000001,55.2,99.80000000000001,230.0,2850.0,1.27,35.9,15.07,6.98,36.01,28.94,0.0,227.5,1200.0
88742.757,2342.757,140.0,90.2,22.27,15.9,170.0,33.25,151.3,28.78,32.89,33.800000000000004,94.5,15.8,54.6,99.7,223.5,2855.0,1.47,35.9,15.01,7.0600000000000005,36.01,29.02,2.0,229.5,1200.0
88802.747,2402.747,140.0,91.30000000000001,22.25,16.05,170.5,33.25,151.20000000000002,28.69,32.86,33.75,94.0,15.8,55.5,100.0,226.0,2853.0,1.28,35.95,15.02,7.01,36.09,29.060000000000002,1.0,229.0,1200.0
88862.738,2462.738,140.0,91.2,22.32,16.03,169.5,33.2,150.5,28.76,32.84,33.75,94.0,15.850000000000001,54.900000000000006,100.0,230.0,2852.0,1.5,35.9,14.97,6.98,35.95,28.96,0.0,225.0,1200.0
88922.728,2522.728,140.0,91.80000000000001,22.3,16.03,168.5,33.15,150.3,28.740000000000002,32.88,33.75,92.5,15.700000000000001,54.900000000000006,99.80000000000001,223.0,2849.0,1.52,35.85,15.0,6.98,35.97,28.96,3.0,228.5,1200.0
88982.719,2582.719,140.0,92.5,22.240000000000002,16.04,172.0,33.25,151.8,28.88,32.86,33.7,92.5,15.65,55.400000000000006,100.0,225.5,2855.0,1.52,35.9,14.99,7.07,35.99,29.0,0.0,225.0,1200.0
89042.711,2642.711,140.0,89.4,22.26,16.03,171.5,33.15,151.70000000000002,28.900000000000002,32.88,33.9,90.5,15.850000000000001,55.400000000000006,99.9,226.0,2863.0,1.41,36.1,15.040000000000001,7.04,36.09,28.97,0.0,230.0,1200.0
89102.702,2702.702,140.0,90.10000000000001,22.17,15.99,169.5,33.25,150.70000000000002,28.77,33.01,33.65,92.0,15.700000000000001,54.800000000000004,100.0,227.5,2861.0,1.31,36.1,15.05,6.95,36.0,29.0,0.0,228.5,1200.0
89162.694,2762.694,140.0,90.2,22.27,15.98,171.0,33.15,151.9,28.82,32.93,33.7,92.0,15.65,54.6,100.0,230.0,2857.0,1.41,36.1,15.05,7.0200000000000005,36.06,28.990000000000002,0.0,226.0,1200.0
89222.686,2822.686,140.0,91.9,22.26,16.03,170.5,33.25,151.8,28.86,32.92,33.85,92.5,15.850000000000001,54.300000000000004,100.0,224.0,2860.0,1.47,36.050000000000004,15.05,7.0,35.92,28.96,1.0,228.5,1200.0
89282.678,2882.678,140.0,91.9,22.2,16.03,169.5,33.15,153.4,28.91,32.99,33.85,93.5,15.8,55.5,100.0,232.0,2857.0,1.41,35.95,15.01,6.97,36.04,29.060000000000002,0.0,230.0,1200.0
89342.671,2942.671,140.0,90.5,22.26,15.9,169.5,33.15,151.0,28.82,33.1,33.95,92.5,15.700000000000001,54.900000000000006,100.0,234.0,2863.0,1.58,36.050000000000004,14.96,7.0,36.06,29.02,1.0,226.5,1200.0
89402.663,3002.663,140.0,92.2,22.25,15.98,171.0,33.4,150.5,28.900000000000002,32.94,33.85,91.0,15.65,55.1,100.0,226.0,2867.0,1.35,36.0,15.05,6.9,36.06,29.02,0.0,229.0,1200.0
89462.656,3062.656,140.0,89.7,22.3,15.98,169.5,33.4,151.6,29.02,33.02,34.0,93.5,15.850000000000001,54.6,100.0,231.0,2864.0,1.35,36.2,15.040000000000001,6.97,35.980000000000004,29.080000000000002,0.0,225.5,1200.0
89522.649,3122.649,140.0,90.9,22.28,16.06,168.0,33.25,150.20000000000002,28.810000000000002,33.02,33.9,93.5,15.700000000000001,55.1,100.0,231.5,2856.0,1.5,36.050000000000004,14.98,6.99,36.04,28.98,1.0,227.5,1200.0
89582.642,3182.642,140.0,91.5,22.23,16.01,171.5,33.300000000000004,153.3,28.95,33.07,33.75,91.0,15.75,54.7,99.80000000000001,229.5,2861.0,1.3,35.95,15.02,7.0,36.0,29.01,1.0,223.5,1200.0
89642.635,3242.635,140.0,89.5,22.29,16.03,171.0,33.45,151.4,28.990000000000002,32.95,33.85,91.5,15.700000000000001,54.5,99.5,229.0,2861.0,1.61,36.050000000000004,15.040000000000001,7.0,36.06,29.080000000000002,2.0,232.5,1200.0
89702.629,3302.629,140.0,89.0,22.22,15.91,170.5,33.25,151.0,29.01,32.94,33.800000000000004,91.0,15.850000000000001,54.6,100.0,229.0,2861.0,1.42,36.050000000000004,15.040000000000001,6.84,35.95,29.04,1.0,229.0,1200.0
89762.622,3362.622,140.0,93.4,22.23,16.06,171.0,33.35,150.9,28.89,32.92,33.85,93.5,15.8,55.1,100.0,227.0,2863.0,1.43,36.2,15.02,7.0200000000000005,36.0,28.97,0.0,232.0,1200.0
89822.616,3422.616,140.0,90.5,22.23,16.02,171.0,33.25,151.0,28.82,33.03,33.9,94.0,15.700000000000001,55.1,100.0,224.5,2858.0,1.26,36.050000000000004,15.05,6.97,36.01,28.95,1.0,228.5,1200.0
89882.61,3482.61,140.0,91.9,22.25,15.96,170.0,33.25,151.5,28.87,33.0,33.9,91.0,15.8,55.300000000000004,100.0,224.5,2859.0,1.41,36.050000000000004,15.07,6.97,35.96,28.990000000000002,3.0,229.0,1200.0
89942.604,3542.604,140.0,91.60000000000001,22.31,15.97,170.5,33.1,151.8,28.94,32.95,33.85,91.0,15.8,54.5,99.80000000000001,231.5,2859.0,1.42,36.1,14.98,7.01,35.99,29.0,0.0,224.5,1200.0
90002.598,3602.598,140.0,92.4,22.18,15.98,170.5,33.300000000000004,153.70000000000002,28.900000000000002,33.02,33.85,92.0,15.600000000000001,54.6,99.30000000000001,225.0,2863.0,1.48,36.0,15.0,7.05,35.980000000000004,28.97,0.0,228.0,1200.0
90062.592,3662.592,140.0,91.30000000000001,22.3,15.92,172.0,33.300000000000004,152.5,28.900000000000002,33.11,33.85,93.0,15.75,54.5,100.0,231.0,2863.0,1.43,36.15,15.06,7.0,35.99,28.990000000000002,2.0,225.5,1200.0
90122.586,3722.586,140.0,90.4,22.28,16.03,172.0,33.25,151.0,28.95,33.03,33.9,92.5,15.75,54.800000000000004,99.60000000000001,227.5,2862.0,1.48,36.0,14.96,6.99,36.03,28.97,0.0,228.5,1200.0
90182.581,3782.581,140.0,90.2,22.21,16.02,171.5,33.300000000000004,152.70000000000002,28.91,33.09,33.9,93.5,15.600000000000001,54.800000000000004,100.0,229.5,2867.0,1.28,36.15,15.040000000000001,7.01,36.13,29.09,0.0,232.5,1200.0
90242.575,3842.575,140.0,91.0,22.28,16.02,172.0,33.2,150.9,28.85,33.14,34.0,94.0,15.65,55.300000000000004,99.80000000000001,227.0,2863.0,1.46,36.15,15.030000000000001,6.98,36.04,29.0,1.0,231.0,1200.0
90302.57,3902.57,140.0,93.4,22.3,15.950000000000001,171.5,33.550000000000004,153.1,29.060000000000002,33.13,33.85,89.5,15.75,54.5,99.5,227.0,2870.0,1.5,36.0,14.99,6.93,36.050000000000004,29.0,0.0,225.5,1200.0
90362.565,3962.565,140.0,90.9,22.27,15.97,171.0,33.4,152.20000000000002,29.02,33.05,34.0,92.5,15.65,54.800000000000004,99.9,229.5,2871.0,1.41,36.1,15.02,6.99,36.02,29.060000000000002,0.0,226.5,1200.0
90422.56,4022.56,140.0,88.60000000000001,22.28,16.02,172.5,33.45,151.20000000000002,28.98,33.2,33.9,90.5,15.700000000000001,54.400000000000006,99.9,233.0,2868.0,1.3900000000000001,36.15,15.02,6.96,35.99,29.060000000000002,0.0,230.5,1200.0
90482.555,4082.555,140.0,92.10000000000001,22.35,16.07,174.0,33.300000000000004,150.6,29.04,33.19,34.0,92.0,15.700000000000001,54.6,99.9,232.5,2876.0,1.36,36.1,15.030000000000001,6.99,36.0,28.97,0.0,232.0,1200.0
90542.55,4142.55,140.0,89.9,22.35,15.98,170.0,33.25,150.4,28.97,33.22,34.0,94.0,15.8,55.0,100.0,234.0,2870.0,1.22,36.050000000000004,14.950000000000001,7.0,36.04,28.91,0.0,227.0,1200.0
90602.545,4202.545,140.0,91.5,22.28,15.97,172.0,33.45,151.8,29.05,33.13,34.050000000000004,92.5,15.75,54.5,99.4,228.0,2875.0,1.3800000000000001,36.25,14.97,7.03,36.0,29.02,0.0,230.0,1200.0
90662.54,4262.54,140.0,90.10000000000001,22.25,15.97,170.0,33.4,150.4,29.080000000000002,33.21,34.050000000000004,95.5,15.75,55.0,100.0,231.0,2873.0,1.48,36.25,14.98,6.99,35.980000000000004,29.060000000000002,1.0,231.5,1200.0
90722.536,4322.536,140.0,89.4,22.28,16.04,171.0,33.5,151.20000000000002,29.13,33.25,34.1,92.0,15.850000000000001,55.0,100.0,233.5,2878.0,1.41,36.35,15.01,7.05,35.94,28.98,1.0,232.0,1200.0
90782.531,4382.531,140.0,92.2,22.36,15.99,173.0,33.550000000000004,152.20000000000002,29.150000000000002,33.29,34.0,94.0,15.65,54.5,99.4,230.5,2882.0,1.2,36.25,14.99,7.04,35.99,29.02,1.0,237.0,1200.0
90842.526,4442.526,140.0,90.0,22.26,15.97,170.5,33.45,150.9,29.150000000000002,33.28,33.9,92.5,15.8,55.2,99.9,229.5,2874.0,1.58,36.300000000000004,15.0,7.0,36.0,29.0,0.0,232.5,1200.0
90902.522,4502.522,140.0,91.2,22.330000000000002,15.98,172.5,33.4,153.5,29.19,33.28,33.9,93.0,15.65,55.1,100.0,234.5,2881.0,1.49,36.15,14.950000000000001,7.0200000000000005,36.09,28.96,0.0,236.0,1200.0
90962.518,4562.518,140.0,91.9,22.41,15.97,170.5,33.65,152.8,29.2,33.2,34.050000000000004,94.0,15.9,55.5,100.0,233.0,2883.0,1.2,36.35,14.99,6.95,36.06,28.96,2.0,235.5,1200.0
91022.513,4622.513,140.0,90.7,22.330000000000002,15.98,172.0,33.4,151.3,29.04,33.3,34.1,96.0,15.9,55.300000000000004,100.0,236.5,2881.0,1.27,36.35,14.97,7.03,36.050000000000004,29.0,0.0,232.0,1200.0
91082.509,4682.509,140.0,91.2,22.36,16.0,174.5,33.65,152.5,29.11,33.31,34.050000000000004,92.5,15.600000000000001,54.7,99.80000000000001,234.5,2878.0,1.5,36.300000000000004,14.99,6.98,36.12,28.97,0.0,232.5,1200.0
91142.505,4742.505,140.0,89.4,22.38,15.99,172.5,33.4,151.5,29.11,33.230000000000004,34.15,94.0,15.75,54.900000000000006,99.9,241.5,2884.0,1.31,36.4,14.93,7.01,35.97,29.04,0.0,235.5,1200.0
91202.501,4802.501,140.0,90.5,22.34,16.04,172.0,33.45,149.4,29.05,33.31,34.0,92.0,15.8,55.1,99.30000000000001,239.0,2885.0,1.49,36.35,14.94,7.05,35.97,28.94,0.0,229.5,1200.0
91262.497,4862.497,140.0,91.30000000000001,22.41,16.03,172.5,33.5,153.1,29.13,33.17,34.1,93.0,15.8,54.800000000000004,100.0,236.0,2881.0,1.28,36.35,15.01,7.04,35.980000000000004,29.1,0.0,233.5,1200.0
91322.493,4922.493,140.0,91.0,22.25,16.01,171.0,33.6,151.0,29.12,33.3,34.050000000000004,93.0,15.700000000000001,55.1,100.0,234.0,2885.0,1.4000000000000001,36.4,14.99,7.01,35.94,29.05,3.0,234.5,1200.0
91382.489,4982.489,140.0,90.7,22.29,15.98,172.0,33.35,150.0,29.12,33.28,34.050000000000004,94.0,15.75,55.2,100.0,232.0,2886.0,1.32,36.45,14.97,6.99,36.02,29.02,0.0,227.0,1200.0
91442.486,5042.486,140.0,92.10000000000001,22.36,16.06,172.0,33.550000000000004,151.3,29.09,33.27,34.15,93.0,15.850000000000001,54.800000000000004,100.0,232.5,2885.0,1.24,36.45,15.030000000000001,6.99,35.97,28.93,0.0,233.5,1200.0
91502.482,5102.482,140.0,91.4,22.29,16.01,172.0,33.5,150.8,29.11,33.31,34.1,93.0,15.700000000000001,54.400000000000006,99.7,234.5,2881.0,1.37,36.35,14.94,7.0,36.06,29.02,1.0,234.5,1200.0
91562.478,5162.478,140.0,91.30000000000001,22.330000000000002,16.01,172.0,33.35,149.9,29.17,33.29,34.1,92.0,15.850000000000001,54.300000000000004,99.80000000000001,235.0,2886.0,1.27,36.300000000000004,15.040000000000001,6.97,36.03,28.990000000000002,0.0,232.0,1200.0
91622.475,5222.475,140.0,92.80000000000001,22.31,15.96,173.5,33.65,152.1,29.16,33.410000000000004,34.15,94.0,15.9,55.300000000000004,100.0,241.0,2885.0,1.42,36.5,14.96,6.97,36.01,28.990000000000002,0.0,237.5,1200.0
91682.471,5282.471,140.0,89.9,22.27,15.99,172.5,33.5,151.3,29.2,33.29,34.1,92.0,15.65,55.1,100.0,233.0,2885.0,1.52,36.5,14.96,7.01,35.99,29.0,0.0,231.5,1200.0
91742.468,5342.468,140.0,91.10000000000001,22.3,16.07,172.5,33.550000000000004,151.9,29.11,33.38,34.15,93.5,15.700000000000001,54.7,99.80000000000001,234.0,2885.0,1.32,36.5,15.05,6.95,36.02,29.09,2.0,238.0,1200.0
91802.464,5402.464,140.0,89.60000000000001,22.27,15.99,172.0,33.75,150.1,29.17,33.32,34.050000000000004,91.0,15.65,55.1,99.7,235.5,2885.0,1.16,36.45,14.96,6.97,35.93,29.01,0.0,234.0,1200.0
91862.461,5462.461,140.0,90.80000000000001,22.26,15.97,172.0,33.65,150.20000000000002,29.28,33.37,34.300000000000004,91.5,15.700000000000001,54.6,99.9,234.0,2884.0,1.31,36.35,15.030000000000001,7.03,35.980000000000004,29.1,0.0,234.0,1200.0
91922.457,5522.457,140.0,91.4,22.35,16.0,170.5,33.7,152.3,29.27,33.33,34.1,93.5,15.75,54.5,99.9,234.5,2886.0,1.46,36.35,14.99,7.07,36.02,28.94,0.0,235.0,1200.0
91982.454,5582.454,140.0,92.0,22.32,16.01,172.5,33.5,150.4,29.25,33.29,34.15,95.5,15.65,54.6,100.0,233.0,2892.0,1.1300000000000001,36.300000000000004,14.99,6.95,35.93,29.03,0.0,236.5,1200.0
92042.451,5642.451,140.0,92.2,22.26,16.0,172.5,33.550000000000004,151.5,29.23,33.39,34.2,93.5,15.8,55.1,99.9,227.5,2890.0,1.44,36.5,14.93,6.95,36.03,28.96,0.0,231.0,1200.0
92102.448,5702.448,140.0,89.7,22.35,16.04,170.5,33.550000000000004,152.8,29.19,33.37,34.2,94.5,15.75,54.400000000000006,100.0,232.0,2886.0,1.17,36.45,14.950000000000001,6.98,35.92,29.04,2.0,236.5,1200.0
92162.444,5762.444,140.0,91.5,22.28,16.05,172.5,33.65,152.1,29.2,33.410000000000004,34.25,90.0,15.65,54.7,100.0,234.0,2892.0,1.26,36.550000000000004,15.030000000000001,6.98,35.92,28.95,2.0,231.0,1200.0
92222.441,5822.441,140.0,90.2,22.27,16.0,170.5,33.550000000000004,152.20000000000002,29.25,33.37,34.2,92.0,15.75,54.400000000000006,100.0,235.0,2883.0,1.5,36.65,15.01,7.05,36.06,29.0,0.0,235.0,1200.0
92282.438,5882.438,140.0,90.7,22.37,16.01,174.0,33.7,149.8,29.23,33.38,34.15,93.5,15.700000000000001,54.800000000000004,99.7,237.0,2890.0,1.44,36.5,14.98,7.0600000000000005,36.03,28.96,0.0,232.5,1200.0
92342.435,5942.435,140.0,91.10000000000001,22.34,15.99,173.5,33.65,152.70000000000002,29.310000000000002,33.37,34.1,91.0,15.700000000000001,54.2,100.0,233.5,2890.0,1.46,36.550000000000004,15.040000000000001,6.99,35.99,28.98,0.0,233.0,1200.0
92402.432,6002.432,140.0,90.7,22.35,16.05,173.5,33.65,151.5,29.17,33.34,34.25,93.0,15.600000000000001,54.300000000000004,99.7,236.0,2887.0,1.52,36.6,14.99,6.98,36.0,29.0,2.0,232.0,1200.0
92462.429,6062.429,140.0,92.2,22.330000000000002,15.94,173.5,33.6,150.0,29.3,33.4,34.300000000000004,93.0,15.75,54.800000000000004,100.0,237.5,2890.0,1.29,36.5,15.0,6.92,35.97,29.05,0.0,233.0,1200.0
92522.426,6122.426,140.0,90.5,22.37,16.02,173.5,33.7,151.8,29.19,33.39,34.1,92.5,15.65,54.1,99.9,233.5,2893.0,1.45,36.550000000000004,14.93,7.01,36.04,28.98,0.0,234.0,1200.0
92582.424,6182.424,140.0,91.10000000000001,22.29,15.94,171.5,33.550000000000004,150.70000000000002,29.25,33.35,34.300000000000004,91.5,15.8,54.800000000000004,99.7,241.0,2895.0,1.3900000000000001,36.5,14.96,6.99,36.06,28.87,2.0,239.0,1200.0
92642.421,6242.421,140.0,91.2,22.27,15.99,174.0,33.65,150.20000000000002,29.3,33.38,34.25,94.0,15.65,54.5,99.9,235.5,2895.0,1.44,36.5,15.01,7.04,36.0,29.07,2.0,234.0,1200.0
92702.418,6302.418,140.0,88.60000000000001,22.37,15.96,172.0,33.7,151.70000000000002,29.34,33.4,34.2,93.0,15.65,54.400000000000006,100.0,237.0,2898.0,1.58,36.6,15.0,7.0,35.980000000000004,29.0,0.0,234.0,1200.0
92762.415,6362.415,140.0,90.60000000000001,22.32,16.02,172.5,33.85,151.6,29.29,33.52,34.25,92.5,15.700000000000001,54.6,100.0,235.5,2899.0,1.23,36.800000000000004,15.0,6.94,36.03,28.900000000000002,0.0,239.5,1200.0
92822.412,6422.412,140.0,90.7,22.28,15.950000000000001,173.0,33.7,151.9,29.32,33.54,34.2,92.5,15.65,55.2,100.0,241.0,2901.0,1.36,36.550000000000004,15.030000000000001,6.97,35.99,29.0,0.0,232.0,1200.0
92882.41,6482.41,140.0,92.30000000000001,22.25,16.03,172.0,33.7,150.0,29.35,33.5,34.35,95.0,15.65,54.2,99.80000000000001,238.5,2897.0,1.61,36.7,15.0,6.94,35.93,29.060000000000002,0.0,236.0,1200.0
92942.407,6542.407,140.0,90.0,22.31,15.99,174.0,33.800000000000004,151.4,29.26,33.46,34.300000000000004,94.0,15.700000000000001,54.5,99.9,239.0,2899.0,1.43,36.65,14.950000000000001,7.05,35.96,28.94,0.0,239.0,1200.0
93002.404,6602.404,140.0,90.9,22.35,15.99,171.0,33.75,150.20000000000002,29.400000000000002,33.51,34.25,90.0,15.8,54.6,100.0,239.0,2897.0,1.4000000000000001,36.65,14.96,6.98,36.01,28.97,1.0,239.5,1200.0
93062.402,6662.402,140.0,90.60000000000001,22.26,15.96,173.5,33.65,153.70000000000002,29.37,33.6,34.300000000000004,92.5,15.700000000000001,54.900000000000006,100.0,235.5,2900.0,1.61,36.6,14.950000000000001,7.01,35.93,29.02,1.0,236.0,1200.0
93122.399,6722.399,140.0,89.9,22.28,16.0,172.0,33.800000000000004,150.1,29.45,33.57,34.4,93.0,15.65,55.2,100.0,235.5,2898.0,1.34,36.550000000000004,15.07,6.98,35.980000000000004,28.93,0.0,235.0,1200.0
93182.397,6782.397,140.0,91.2,22.31,15.99,175.0,33.65,152.3,29.36,33.47,34.25,94.0,15.65,54.900000000000006,99.9,230.5,2902.0,1.35,36.800000000000004,15.0,7.0,36.02,28.93,0.0,241.0,1200.0
93242.394,6842.394,140.0,91.30000000000001,22.23,15.950000000000001,175.5,33.800000000000004,150.8,29.32,33.38,34.35,92.0,15.850000000000001,54.800000000000004,99.9,239.0,2895.0,1.3,36.7,14.99,6.94,36.07,29.02,0.0,234.0,1200.0
93302.392,6902.392,140.0,90.2,22.27,16.05,173.5,33.6,151.20000000000002,29.36,33.480000000000004,34.35,94.0,15.8,54.7,100.0,237.0,2896.0,1.3900000000000001,36.75,15.01,6.99,36.03,29.01,0.0,234.5,1200.0
93362.389,6962.389,140.0,92.30000000000001,22.25,16.01,171.0,33.75,149.70000000000002,29.38,33.51,34.4,91.5,15.55,54.2,100.0,235.0,2901.0,1.57,36.75,15.01,6.99,35.93,28.95,0.0,235.5,1200.0
93422.387,7022.387,140.0,90.5,22.29,15.97,172.0,33.800000000000004,151.0,29.32,33.42,34.35,93.0,15.600000000000001,55.1,99.5,235.5,2896.0,1.5,36.75,14.99,6.96,35.99,28.94,0.0,236.5,1200.0
93482.385,7082.385,140.0,89.80000000000001,22.36,15.91,171.5,33.800000000000004,151.9,29.35,33.45,34.4,93.0,15.8,54.7,100.0,233.5,2901.0,1.31,36.6,15.05,6.97,36.09,28.97,0.0,242.0,1200.0
93542.382,7142.382,140.0,90.5,22.28,16.01,173.0,33.7,151.0,29.37,33.5,34.300000000000004,94.5,15.5,54.6,100.0,236.5,2899.0,1.36,36.65,14.93,6.98,35.97,29.01,1.0,238.0,1200.0
93602.38,7202.38,140.0,90.60000000000001,22.31,16.05,171.5,33.75,151.3,29.25,33.51,34.300000000000004,92.5,15.8,54.800000000000004,100.0,236.5,2895.0,1.35,36.800000000000004,14.93,7.0600000000000005,36.02,29.07,0.0,237.5,1200.0
93662.378,7262.378,140.0,92.7,22.27,16.02,172.0,33.75,152.70000000000002,29.330000000000002,33.4,34.35,91.0,15.700000000000001,54.2,100.0,237.5,2901.0,1.32,36.800000000000004,14.96,6.96,36.09,28.990000000000002,0.0,235.5,1200.0
93722.375,7322.375,140.0,90.2,22.29,16.09,175.0,33.65,152.0,29.26,33.4,34.2,94.0,15.75,54.1,99.9,239.5,2900.0,1.58,36.7,15.030000000000001,7.0,35.99,28.98,0.0,242.5,1200.0
93782.373,7382.373,140.0,89.7,22.29,16.03,173.5,33.7,150.4,29.37,33.47,34.15,92.5,15.9,54.900000000000006,99.5,238.0,2898.0,1.52,36.6,15.05,6.99,35.96,29.04,1.0,241.5,1200.0
93842.371,7442.371,140.0,89.9,22.23,16.02,172.0,33.75,150.5,29.35,33.45,34.25,93.0,15.8,54.6,100.0,238.5,2895.0,1.43,36.65,14.99,7.09,35.97,29.09,1.0,238.5,1200.0
93902.369,7502.369,140.0,89.9,22.31,16.080000000000002,174.0,33.800000000000004,151.1,29.44,33.42,34.5,92.0,15.700000000000001,54.5,99.9,237.0,2897.0,1.44,36.7,14.99,7.0,35.94,29.0,0.0,235.5,1200.0
93962.367,7562.367,140.0,91.2,22.32,16.05,171.5,33.550000000000004,151.4,29.310000000000002,33.47,34.300000000000004,92.5,15.65,54.7,100.0,238.0,2892.0,1.22,36.9,15.0,7.04,35.99,29.05,0.0,239.5,1200.0
94022.365,7622.365,140.0,91.9,22.22,15.99,173.5,33.7,151.0,29.38,33.49,34.300000000000004,92.0,15.600000000000001,54.2,100.0,235.0,2896.0,1.6300000000000001,36.7,15.01,7.0,36.07,28.94,1.0,235.5,1200.0
94082.362,7682.362,140.0,90.80000000000001,22.28,16.0,174.5,33.800000000000004,150.5,29.330000000000002,33.410000000000004,34.15,91.0,15.600000000000001,54.5,99.7,237.0,2895.0,1.29,36.6,15.01,6.98,36.050000000000004,28.97,2.0,234.0,1200.0
94142.36,7742.36,140.0,90.10000000000001,22.36,15.96,174.5,33.6,153.1,29.26,33.37,34.300000000000004,90.0,15.55,54.300000000000004,99.80000000000001,231.5,2898.0,1.41,36.5,15.02,7.04,36.0,29.01,2.0,237.0,1200.0
94202.358,7802.358,140.0,91.0,22.23,15.93,173.5,33.65,149.70000000000002,29.3,33.31,34.15,90.5,15.700000000000001,54.300000000000004,100.0,237.0,2902.0,1.5,36.45,15.01,7.0200000000000005,35.97,28.96,0.0,239.0,1200.0
94262.356,7862.356,140.0,90.7,22.28,16.0,171.0,33.7,152.1,29.43,33.42,34.25,93.5,15.850000000000001,54.900000000000006,99.9,234.5,2892.0,1.45,36.65,15.05,7.07,35.96,28.95,1.0,237.5,1200.0
94322.354,7922.354,140.0,90.7,22.37,16.09,173.5,33.800000000000004,152.20000000000002,29.29,33.37,34.25,91.5,15.75,54.900000000000006,100.0,232.5,2896.0,1.4000000000000001,36.75,14.98,7.0600000000000005,35.99,28.900000000000002,0.0,237.0,1200.0
94382.352,7982.352,140.0,92.2,22.37,16.0,173.0,33.65,150.20000000000002,29.28,33.44,34.35,93.0,15.8,54.900000000000006,100.0,234.5,2892.0,1.3900000000000001,36.550000000000004,15.0,7.0,35.94,29.01,1.0,238.0,1200.0
94442.35,8042.35,140.0,90.60000000000001,22.37,16.03,173.0,33.7,152.1,29.29,33.46,34.35,93.0,15.700000000000001,55.6,100.0,233.5,2897.0,1.26,36.6,14.93,7.07,35.980000000000004,29.060000000000002,0.0,240.0,1200.0
94502.348,8102.348,140.0,90.9,22.46,16.04,171.5,33.6,152.1,29.28,33.49,34.35,91.5,15.850000000000001,55.300000000000004,100.0,238.0,2899.0,1.52,36.7,14.99,7.04,35.97,28.98,0.0,237.0,1200.0
94562.346,8162.346,140.0,90.2,22.46,16.02,171.5,33.7,152.6,29.29,33.52,34.2,92.0,15.65,55.300000000000004,100.0,240.5,2897.0,1.4000000000000001,36.75,14.97,7.01,36.02,28.98,0.0,239.5,1200.0
94622.344,8222.344,140.0,89.80000000000001,22.47,15.97,171.5,33.75,152.0,29.330000000000002,33.47,34.25,94.0,15.700000000000001,55.400000000000006,100.0,236.0,2894.0,1.35,36.6,15.01,7.0,36.01,28.98,5.0,238.5,1200.0
94682.342,8282.342,140.0,92.10000000000001,22.400000000000002,15.98,173.0,33.85,152.20000000000002,29.28,33.47,34.300000000000004,92.0,15.850000000000001,55.2,100.0,236.0,2905.0,1.36,36.6,14.99,7.03,36.01,28.95,1.0,239.0,1200.0
94742.341,8342.341,140.0,90.80000000000001,22.52,16.0,173.0,33.7,151.1,29.26,33.45,34.25,92.5,15.75,55.2,100.0,240.0,2903.0,1.37,36.75,14.950000000000001,7.0600000000000005,35.97,28.97,3.0,239.0,1200.0
94802.339,8402.339,140.0,90.10000000000001,22.54,16.03,176.0,33.800000000000004,151.5,29.2,33.45,34.2,91.5,15.65,55.6,99.5,240.0,2898.0,1.6,36.75,15.02,7.05,36.02,29.02,0.0,238.5,1200.0
94862.337,8462.337,140.0,91.7,22.52,15.99,172.5,33.800000000000004,151.0,29.28,33.53,34.15,94.0,15.75,55.900000000000006,100.0,242.0,2908.0,1.62,36.800000000000004,14.99,7.08,36.03,29.0,0.0,237.0,1200.0
94922.335,8522.335,140.0,91.7,22.650000000000002,16.05,173.0,33.800000000000004,152.4,29.2,33.54,34.2,91.5,15.75,55.800000000000004,100.0,241.0,2911.0,1.33,36.85,14.99,7.03,36.04,28.96,0.0,239.5,1200.0
94982.333,8582.333,140.0,91.5,22.56,16.05,174.5,33.75,150.9,29.26,33.44,34.25,93.0,15.600000000000001,55.900000000000006,99.60000000000001,240.5,2910.0,1.36,36.7,15.0,6.98,36.050000000000004,29.03,0.0,239.0,1200.0
95042.331,8642.331,140.0,89.60000000000001,22.56,16.05,172.5,33.75,151.1,29.3,33.45,34.15,95.0,15.850000000000001,56.1,100.0,243.5,2910.0,1.42,36.85,14.950000000000001,6.97,35.99,29.060000000000002,0.0,245.5,1200.0
95102.33,8702.33,140.0,89.5,22.57,16.01,174.5,33.75,151.1,29.17,33.51,34.15,92.0,15.8,55.800000000000004,99.9,243.5,2909.0,1.3900000000000001,36.85,14.93,7.04,35.94,28.98,0.0,241.0,1200.0
95162.328,8762.328,140.0,91.0,22.7,15.98,173.0,33.65,151.70000000000002,29.330000000000002,33.54,34.15,94.0,15.700000000000001,55.800000000000004,99.60000000000001,246.0,2914.0,1.42,36.95,14.99,6.94,36.07,29.05,0.0,242.5,1200.0
95222.326,8822.326,140.0,89.5,22.650000000000002,16.01,176.0,33.95,151.0,29.2,33.51,34.15,94.0,15.9,56.400000000000006,99.7,239.0,2912.0,1.3800000000000001,36.800000000000004,14.96,7.04,35.94,28.98,0.0,246.5,1200.0
95282.325,8882.325,140.0,90.5,22.64,16.09,174.5,33.85,151.4,29.330000000000002,33.57,34.25,92.0,15.65,56.800000000000004,100.0,244.0,2915.0,1.44,36.9,14.96,6.97,36.09,28.96,0.0,241.5,1200.0
95342.323,8942.323,140.0,90.80000000000001,22.71,16.07,176.5,33.85,149.20000000000002,29.18,33.57,34.300000000000004,90.5,15.600000000000001,56.6,99.9,241.5,2920.0,1.45,36.95,15.05,6.98,36.03,29.080000000000002,1.0,245.0,1200.0
95402.321,9002.321,140.0,91.10000000000001,22.72,15.99,174.0,33.75,150.9,29.25,33.59,34.300000000000004,94.0,15.700000000000001,56.800000000000004,99.60000000000001,250.0,2920.0,1.52,37.15,14.98,6.98,36.08,28.94,0.0,247.5,1200.0
95462.319,9062.319,140.0,90.80000000000001,22.73,16.05,173.5,33.7,152.70000000000002,29.23,33.57,34.35,92.0,15.700000000000001,57.1,100.0,248.5,2916.0,1.4000000000000001,37.050000000000004,14.98,6.96,35.99,29.01,0.0,245.5,1200.0
95522.318,9122.318,140.0,92.10000000000001,22.67,16.06,173.0,33.800000000000004,149.6,29.25,33.53,34.300000000000004,93.0,15.700000000000001,57.300000000000004,99.7,245.0,2923.0,1.49,37.1,15.0,6.98,36.08,28.990000000000002,3.0,246.5,1200.0
95582.316,9182.316,140.0,92.0,22.67,16.0,175.0,33.9,151.20000000000002,29.28,33.63,34.45,93.0,15.700000000000001,56.5,100.0,246.5,2923.0,1.47,37.2,14.950000000000001,7.0,35.93,28.96,0.0,249.5,1200.0
95642.315,9242.315,140.0,90.7,22.64,15.98,175.5,33.800000000000004,151.1,29.240000000000002,33.54,34.15,92.0,15.700000000000001,57.300000000000004,99.9,246.0,2925.0,1.4000000000000001,37.050000000000004,14.93,7.04,36.050000000000004,29.03,0.0,245.0,1200.0
95702.313,9302.313,140.0,90.9,22.76,15.96,174.0,33.75,151.9,29.19,33.56,34.2,93.0,15.700000000000001,57.300000000000004,100.0,246.5,2924.0,1.29,37.25,15.0,6.99,36.11,29.04,1.0,246.5,1200.0
95762.311,9362.311,140.0,90.7,22.75,16.03,173.0,33.7,150.6,29.16,33.51,34.300000000000004,92.5,15.600000000000001,57.1,99.60000000000001,244.5,2924.0,1.37,37.2,15.08,6.95,35.910000000000004,28.990000000000002,0.0,250.0,1200.0
95822.31,9422.31,140.0,90.0,22.72,16.04,173.0,33.85,152.5,29.14,33.51,34.15,89.5,15.700000000000001,57.300000000000004,99.9,248.5,2927.0,1.41,37.1,14.99,6.95,36.03,29.05,0.0,244.5,1200.0
95882.308,9482.308,140.0,90.7,22.79,15.99,174.0,33.800000000000004,152.5,29.310000000000002,33.5,34.2,92.0,15.65,56.800000000000004,100.0,243.0,2926.0,1.47,37.1,15.0,7.03,35.980000000000004,28.96,0.0,246.5,1200.0
95942.307,9542.307,140.0,91.60000000000001,22.69,15.94,173.0,33.75,151.5,29.2,33.57,34.25,93.0,15.65,57.0,100.0,245.0,2926.0,1.3,37.1,15.05,6.99,35.95,28.96,0.0,243.5,1200.0
96002.305,9602.305,140.0,91.7,22.68,15.97,176.0,33.800000000000004,152.0,29.16,33.480000000000004,34.2,94.5,15.600000000000001,57.1,99.9,252.5,2924.0,1.45,37.2,14.950000000000001,6.99,36.0,28.95,0.0,245.0,1200.0
96062.304,9662.304,140.0,90.5,22.62,15.97,173.0,33.800000000000004,150.9,29.26,33.54,34.2,92.0,15.75,57.400000000000006,99.9,249.0,2922.0,1.56,37.15,14.99,6.97,35.92,29.0,1.0,249.0,1200.0
96122.302,9722.302,140.0,91.0,22.66,16.07,173.5,33.9,151.5,29.240000000000002,33.53,34.2,94.0,15.700000000000001,56.6,100.0,244.0,2925.0,1.4000000000000001,37.300000000000004,14.98,7.0,35.97,29.05,0.0,251.0,1200.0
96182.301,9782.301,140.0,91.5,22.69,16.02,174.5,33.75,151.3,29.16,33.57,34.25,92.5,15.700000000000001,56.800000000000004,99.5,244.5,2923.0,1.3900000000000001,37.2,15.030000000000001,6.98,36.02,28.97,1.0,246.5,1200.0
96242.299,9842.299,140.0,92.2,22.62,16.01,173.5,33.7,152.0,29.12,33.5,34.15,92.5,15.65,57.400000000000006,100.0,249.0,2915.0,1.42,37.35,14.99,7.03,35.97,28.95,0.0,246.5,1200.0
96302.298,9902.298,140.0,91.80000000000001,22.68,16.03,174.5,33.85,151.1,29.1,33.49,33.95,93.0,15.65,57.0,100.0,244.0,2921.0,1.6,37.300000000000004,15.05,6.93,36.09,28.93,1.0,245.5,1200.0
96362.296,9962.296,140.0,91.7,22.68,15.950000000000001,173.5,33.550000000000004,150.4,29.1,33.42,34.1,94.5,15.700000000000001,56.900000000000006,99.7,244.5,2917.0,1.09,37.25,14.94,7.03,36.01,29.03,3.0,247.0,1200.0
96422.295,10022.295,140.0,92.5,22.71,15.92,172.5,33.75,151.6,29.07,33.52,34.15,90.5,15.700000000000001,57.1,99.5,243.5,2916.0,1.41,36.95,14.99,7.1000000000000005,36.02,29.1,0.0,246.0,1200.0
96482.293,10082.293,140.0,89.9,22.68,16.02,173.5,33.7,151.8,29.12,33.410000000000004,34.15,92.0,15.8,57.6,99.9,245.5,2918.0,1.43,37.1,15.02,6.93,35.97,28.97,1.0,242.5,1200.0
96542.292,10142.292,140.0,90.5,22.650000000000002,16.05,172.0,33.7,149.8,29.1,33.46,34.1,92.5,15.700000000000001,57.2,100.0,243.5,2909.0,1.4000000000000001,37.1,15.02,6.98,36.08,28.94,1.0,243.0,1200.0
96602.291,10202.291,140.0,90.80000000000001,22.64,16.03,172.5,33.6,151.5,29.07,33.39,34.0,92.0,15.600000000000001,57.1,99.60000000000001,245.0,2915.0,1.3800000000000001,37.0,14.96,7.0,35.96,28.97,0.0,244.0,1200.0
96662.289,10262.289,140.0,90.4,22.63,15.98,173.5,33.800000000000004,151.70000000000002,29.02,33.36,34.15,91.5,15.8,56.7,100.0,238.0,2907.0,1.3800000000000001,37.1,14.99,6.96,35.94,29.0,0.0,244.0,1200.0
96722.288,10322.288,140.0,90.2,22.68,16.01,171.5,33.65,151.4,28.990000000000002,33.42,34.0,92.0,15.65,56.900000000000006,100.0,243.5,2916.0,1.46,37.2,14.99,6.98,36.01,29.060000000000002,0.0,244.0,1200.0
96782.286,10382.286,140.0,89.30000000000001,22.63,15.99,173.5,33.65,152.3,29.04,33.31,34.050000000000004,92.0,15.700000000000001,57.6,100.0,244.0,2907.0,1.35,37.1,14.98,6.99,36.0,28.990000000000002,0.0,244.0,1200.0
96842.285,10442.285,140.0,90.9,22.61,15.98,173.0,33.7,151.5,29.080000000000002,33.37,34.050000000000004,92.5,15.8,57.5,100.0,238.5,2906.0,1.33,37.1,14.950000000000001,7.0600000000000005,36.03,29.060000000000002,0.0,241.5,1200.0
96902.284,10502.284,140.0,90.30000000000001,22.64,16.0,175.0,33.6,151.1,29.07,33.45,34.0,91.5,15.75,57.800000000000004,99.9,241.0,2909.0,1.31,37.2,15.07,6.97,35.96,28.97,1.0,244.0,1200.0
96962.282,10562.282,140.0,91.60000000000001,22.66,16.01,174.5,33.6,152.1,29.11,33.36,34.15,93.5,15.8,57.0,100.0,243.5,2907.0,1.29,37.1,15.030000000000001,6.98,35.980000000000004,28.95,1.0,240.5,1200.0
97022.281,10622.281,140.0,90.80000000000001,22.66,15.98,173.0,33.45,151.3,28.990000000000002,33.33,34.050000000000004,92.5,15.75,57.400000000000006,100.0,243.0,2909.0,1.42,36.9,14.950000000000001,7.0200000000000005,36.01,29.04,0.0,240.5,1200.0
97082.28,10682.28,140.0,90.60000000000001,22.67,16.04,172.5,33.550000000000004,151.6,29.11,33.37,33.9,92.0,15.65,56.900000000000006,99.7,247.5,2903.0,1.27,37.050000000000004,14.99,6.98,35.99,28.98,0.0,239.0,1200.0
97142.278,10742.278,140.0,91.4,22.7,16.03,171.5,33.550000000000004,150.6,29.01,33.410000000000004,33.95,91.5,15.700000000000001,57.2,100.0,244.0,2908.0,1.3800000000000001,37.15,14.98,6.95,36.07,28.96,0.0,240.0,1200.0
97202.277,10802.277,140.0,90.4,22.650000000000002,15.96,174.0,33.65,152.70000000000002,29.0,33.45,34.1,94.0,15.700000000000001,57.1,99.9,240.5,2904.0,1.4000000000000001,37.0,14.93,6.97,36.03,29.02,1.0,246.5,1200.0
97262.276,10862.276,140.0,92.7,22.67,16.0,173.5,33.6,150.70000000000002,29.03,33.33,34.050000000000004,92.5,15.75,57.1,99.7,246.5,2898.0,1.3900000000000001,37.0,14.98,7.01,36.04,29.09,0.0,239.5,1200.0
97322.275,10922.275,140.0,90.5,22.68,16.06,171.5,33.800000000000004,151.20000000000002,29.04,33.21,34.050000000000004,93.5,15.65,56.7,100.0,237.0,2909.0,1.3,36.9,14.98,6.97,36.050000000000004,29.02,0.0,243.0,1200.0
97382.273,10982.273,140.0,88.9,22.61,16.03,173.0,33.6,151.3,29.04,33.35,33.95,93.0,15.65,56.7,100.0,245.0,2912.0,1.4000000000000001,36.9,15.02,6.98,36.02,29.0,0.0,241.5,1200.0
97442.272,11042.272,140.0,90.5,22.68,16.0,173.5,33.7,152.8,29.03,33.410000000000004,34.15,91.0,15.65,57.2,99.7,244.0,2909.0,1.48,36.9,14.93,7.04,35.980000000000004,29.13,0.0,242.5,1200.0
97502.271,11102.271,140.0,89.30000000000001,22.56,16.0,174.0,33.800000000000004,150.5,29.04,33.32,34.15,91.5,15.75,56.7,99.60000000000001,244.0,2912.0,1.36,36.95,15.030000000000001,7.07,36.02,28.91,0.0,241.0,1200.0
97562.27,11162.27,140.0,91.30000000000001,22.650000000000002,16.03,174.0,33.7,151.1,29.14,33.4,34.050000000000004,91.0,15.950000000000001,56.400000000000006,100.0,247.0,2911.0,1.41,36.9,14.97,6.96,36.04,29.0,2.0,238.5,1200.0
97622.268,11222.268,140.0,89.5,22.68,15.91,172.0,33.95,151.20000000000002,29.25,33.39,34.15,93.0,15.65,56.300000000000004,100.0,240.0,2914.0,1.36,36.85,15.01,6.97,36.0,28.94,0.0,243.5,1200.0
97682.267,11282.267,140.0,92.0,22.67,16.01,174.5,33.65,150.8,29.080000000000002,33.46,34.1,93.5,15.700000000000001,56.6,100.0,244.0,2913.0,1.46,37.0,14.950000000000001,7.0,35.980000000000004,29.07,3.0,241.0,1200.0
97742.266,11342.266,140.0,91.4,22.64,15.99,172.0,33.800000000000004,151.4,29.13,33.46,34.050000000000004,93.5,15.65,56.300000000000004,99.60000000000001,243.0,2914.0,1.34,36.85,15.040000000000001,6.98,35.97,29.04,0.0,241.5,1200.0
97802.265,11402.265,140.0,90.10000000000001,22.650000000000002,16.03,173.5,33.85,150.20000000000002,29.19,33.5,34.1,90.5,15.8,56.7,100.0,242.5,2912.0,1.58,37.1,15.040000000000001,7.03,36.01,28.94,0.0,244.5,1200.0
97862.264,11462.264,140.0,89.60000000000001,22.650000000000002,16.02,174.0,33.7,152.20000000000002,29.16,33.52,34.050000000000004,93.5,15.55,57.0,99.7,244.5,2913.0,1.44,37.0,14.950000000000001,6.96,36.02,29.09,0.0,244.5,1200.0
97922.262,11522.262,140.0,91.2,22.64,15.94,173.0,33.550000000000004,151.8,29.22,33.46,34.1,93.5,15.8,57.400000000000006,100.0,248.0,2914.0,1.31,37.0,14.96,7.04,36.04,29.12,0.0,242.5,1200.0
97982.261,11582.261,140.0,90.9,22.63,15.950000000000001,173.5,33.7,152.20000000000002,29.17,33.51,34.2,91.5,15.75,57.0,99.7,244.5,2913.0,1.42,37.050000000000004,15.08,7.09,35.99,29.02,0.0,241.0,1200.0
98042.26,11642.26,140.0,88.7,22.66,16.02,173.0,33.75,152.5,29.12,33.45,34.15,93.0,15.75,56.6,100.0,246.0,2917.0,1.44,36.95,14.98,7.01,36.02,29.0,0.0,241.0,1200.0
98102.259,11702.259,140.0,91.4,22.75,15.94,172.5,33.85,150.20000000000002,29.13,33.47,34.0,91.5,15.700000000000001,56.1,100.0,240.5,2919.0,1.4000000000000001,37.050000000000004,14.99,7.0200000000000005,36.01,29.02,0.0,246.0,1200.0
98162.258,11762.258,140.0,91.0,22.7,16.03,175.0,33.9,150.1,29.19,33.52,34.1,94.0,15.75,56.7,100.0,251.0,2913.0,1.43,37.0,14.96,7.01,35.97,28.990000000000002,0.0,244.5,1200.0
98222.257,11822.257,140.0,90.5,22.68,16.06,171.5,33.800000000000004,151.0,29.11,33.42,34.2,94.0,15.65,57.0,100.0,246.5,2917.0,1.3900000000000001,36.95,14.96,6.93,36.01,29.01,3.0,244.0,1200.0
98282.256,11882.256,140.0,91.10000000000001,22.72,15.99,172.5,33.9,151.3,29.13,33.46,34.15,91.5,15.8,57.5,99.30000000000001,245.0,2918.0,1.33,37.050000000000004,14.99,6.95,36.06,29.0,2.0,242.5,1200.0
98342.254,11942.254,140.0,90.9,22.71,15.96,174.5,33.75,151.5,29.17,33.39,34.050000000000004,94.0,15.8,57.5,100.0,242.0,2914.0,1.68,37.0,15.07,7.01,36.06,29.02,1.0,248.5,1200.0
98402.253,12002.253,140.0,92.9,22.61,16.01,173.0,33.75,152.1,29.17,33.45,34.15,92.5,15.55,57.300000000000004,99.80000000000001,245.5,2915.0,1.45,37.2,15.0,7.08,35.99,29.01,0.0,245.0,1200.0
98462.252,12062.252,140.0,91.10000000000001,22.67,16.1,173.0,33.800000000000004,151.8,29.150000000000002,33.51,34.300000000000004,91.5,15.65,57.300000000000004,99.80000000000001,248.5,2916.0,1.52,37.1,14.99,6.95,36.050000000000004,29.01,1.0,244.5,1200.0
98522.251,12122.251,140.0,90.10000000000001,22.68,16.03,174.0,33.800000000000004,150.3,29.25,33.51,34.25,91.0,15.700000000000001,56.6,100.0,243.0,2915.0,1.4000000000000001,37.15,15.01,7.0,36.050000000000004,28.98,0.0,244.0,1200.0
98582.25,12182.25,140.0,90.9,22.69,15.92,172.0,33.85,150.20000000000002,29.16,33.46,34.300000000000004,93.0,15.700000000000001,56.6,99.9,242.5,2915.0,1.48,37.15,14.99,6.99,36.050000000000004,29.02,1.0,243.5,1200.0
98642.249,12242.249,140.0,90.60000000000001,22.68,15.9,173.5,33.9,150.6,29.17,33.52,34.050000000000004,93.5,15.75,57.300000000000004,99.9,244.0,2920.0,1.46,37.050000000000004,14.92,7.01,35.92,29.02,1.0,245.0,1200.0
98702.248,12302.248,140.0,92.2,22.62,16.0,172.5,33.800000000000004,151.4,29.27,33.46,34.25,91.0,15.700000000000001,57.1,99.80000000000001,243.0,2917.0,1.51,37.050000000000004,14.99,7.01,36.0,28.97,0.0,249.0,1200.0
98762.247,12362.247,140.0,90.2,22.650000000000002,16.01,175.5,33.9,151.8,29.150000000000002,33.49,34.2,92.0,15.8,56.7,100.0,249.0,2919.0,1.4000000000000001,37.050000000000004,15.0,7.0,36.03,28.92,0.0,245.5,1200.0
98822.246,12422.246,140.0,92.2,22.67,16.0,173.0,33.95,152.5,29.21,33.57,34.300000000000004,91.5,15.8,56.800000000000004,100.0,243.5,2921.0,1.26,37.050000000000004,15.0,6.98,35.93,29.07,2.0,245.0,1200.0
98882.245,12482.245,140.0,92.4,22.650000000000002,16.02,172.5,33.9,150.9,29.23,33.61,34.300000000000004,91.5,15.700000000000001,57.2,99.9,245.0,2922.0,1.54,37.1,15.0,7.05,36.050000000000004,29.02,3.0,244.0,1200.0
98942.244,12542.244,140.0,90.9,22.580000000000002,15.96,173.5,33.85,150.0,29.240000000000002,33.64,34.2,93.5,15.700000000000001,57.400000000000006,100.0,246.5,2915.0,1.34,37.050000000000004,15.02,6.96,35.97,29.05,0.0,247.5,1200.0
99002.243,12602.243,140.0,90.60000000000001,22.68,15.98,173.5,34.0,152.3,29.27,33.47,34.300000000000004,93.0,15.65,56.400000000000006,99.9,243.5,2918.0,1.42,37.1,14.96,7.0200000000000005,36.04,28.97,1.0,247.5,1200.0
99062.242,12662.242,140.0,90.60000000000001,22.72,16.02,173.0,33.800000000000004,152.3,29.25,33.6,34.25,91.0,15.700000000000001,56.7,100.0,246.0,2923.0,1.4000000000000001,37.1,15.01,7.01,35.95,29.01,0.0,248.0,1200.0
99122.241,12722.241,140.0,90.60000000000001,22.66,16.0,173.5,34.050000000000004,152.0,29.23,33.59,34.300000000000004,93.0,15.700000000000001,56.6,99.9,248.5,2924.0,1.42,37.15,15.01,6.99,36.09,28.990000000000002,3.0,252.0,1200.0
99182.24,12782.24,140.0,92.4,22.69,16.09,173.5,33.95,152.5,29.28,33.59,34.35,94.0,15.9,56.800000000000004,100.0,247.5,2921.0,1.52,37.050000000000004,15.040000000000001,6.99,36.0,29.02,0.0,250.5,1200.0
99242.239,12842.239,140.0,91.5,22.7,15.97,172.5,33.95,151.3,29.3,33.58,34.25,91.5,15.65,56.800000000000004,100.0,243.5,2923.0,1.41,37.2,15.01,6.98,35.92,29.03,2.0,244.5,1200.0
99302.238,12902.238,140.0,91.30000000000001,22.67,15.93,173.0,33.85,152.8,29.22,33.62,34.4,93.5,15.850000000000001,56.800000000000004,100.0,248.5,2923.0,1.36,37.050000000000004,14.93,6.97,35.94,28.92,1.0,244.5,1200.0
99362.237,12962.237,140.0,91.60000000000001,22.61,15.99,173.5,33.9,152.20000000000002,29.3,33.58,34.35,90.5,15.700000000000001,57.1,100.0,243.0,2923.0,1.32,37.050000000000004,15.02,7.0,36.01,28.96,0.0,246.5,1200.0
99422.236,13022.236,140.0,89.9,22.64,15.97,174.0,33.9,151.70000000000002,29.29,33.65,34.15,93.5,15.8,56.300000000000004,100.0,248.5,2923.0,1.42,37.2,14.97,6.97,35.99,28.990000000000002,0.0,248.5,1200.0
99482.235,13082.235,140.0,90.60000000000001,22.63,16.01,174.0,33.95,153.0,29.27,33.58,34.35,91.0,15.65,57.300000000000004,100.0,249.0,2936.0,1.35,37.2,15.030000000000001,6.96,36.050000000000004,29.05,0.0,248.5,1200.0
99542.234,13142.234,140.0,89.4,22.650000000000002,15.98,176.0,33.85,151.20000000000002,29.36,33.63,34.300000000000004,91.5,15.65,56.2,99.9,247.0,2924.0,1.31,37.35,14.98,6.99,35.980000000000004,28.990000000000002,0.0,246.5,1200.0
99602.233,13202.233,140.0,90.30000000000001,22.68,15.96,174.0,34.0,150.6,29.28,33.61,34.35,89.5,15.75,57.2,99.80000000000001,246.5,2928.0,1.32,37.300000000000004,14.97,7.0,36.01,29.03,3.0,252.0,1200.0
99662.232,13262.232,140.0,90.5,22.69,16.06,175.5,33.9,152.5,29.28,33.55,34.2,94.0,15.75,57.1,99.60000000000001,245.5,2929.0,1.44,37.2,14.99,7.0,36.09,29.02,2.0,251.5,1200.0
99722.231,13322.231,140.0,90.60000000000001,22.72,16.02,176.5,34.050000000000004,150.70000000000002,29.38,33.61,34.45,92.0,15.65,57.0,99.7,244.0,2930.0,1.41,37.35,15.01,7.0200000000000005,36.01,29.0,0.0,247.5,1200.0
99782.23,13382.23,140.0,90.5,22.63,16.04,175.0,34.050000000000004,151.4,29.240000000000002,33.64,34.300000000000004,90.0,15.8,57.0,100.0,251.5,2932.0,1.5,37.2,15.030000000000001,7.05,35.96,28.94,1.0,251.0,1200.0
99842.229,13442.229,140.0,92.30000000000001,22.740000000000002,16.01,173.5,34.1,151.6,29.46,33.63,34.300000000000004,90.0,15.700000000000001,56.7,99.7,249.5,2934.0,1.3900000000000001,37.25,15.09,7.0,36.0,28.97,1.0,246.5,1200.0
99902.228,13502.228,140.0,90.9,22.64,16.06,175.0,33.85,151.20000000000002,29.3,33.730000000000004,34.300000000000004,92.5,15.850000000000001,57.5,100.0,252.0,2928.0,1.43,37.4,15.07,7.1000000000000005,35.94,29.0,0.0,249.5,1200.0
99962.227,13562.227,140.0,91.10000000000001,22.71,15.98,174.0,34.2,152.0,29.37,33.68,34.4,93.0,15.75,56.900000000000006,99.60000000000001,250.5,2933.0,1.31,37.1,15.030000000000001,7.0,35.92,28.98,0.0,251.0,1200.0
100022.226,13622.226,140.0,91.60000000000001,22.64,15.99,177.0,33.9,152.4,29.44,33.71,34.45,92.0,15.700000000000001,56.5,100.0,252.0,2930.0,1.3900000000000001,37.2,14.99,7.0,35.980000000000004,28.97,0.0,250.5,1200.0
100082.225,13682.225,140.0,91.5,22.7,16.0,174.0,33.95,153.0,29.36,33.7,34.300000000000004,93.0,15.9,56.7,100.0,251.5,2928.0,1.3800000000000001,37.300000000000004,15.0,6.9,36.03,28.92,1.0,252.5,1200.0
100142.225,13742.225,140.0,91.10000000000001,22.64,16.03,174.5,34.0,150.8,29.35,33.660000000000004,34.5,91.5,15.600000000000001,57.300000000000004,100.0,249.0,2934.0,1.3800000000000001,37.300000000000004,14.96,7.01,36.0,28.97,0.0,247.0,1200.0
100202.224,13802.224,140.0,91.0,22.69,15.97,173.0,34.1,153.0,29.44,33.7,34.45,93.0,15.75,56.900000000000006,100.0,251.5,2940.0,1.4000000000000001,37.35,15.01,7.0,35.980000000000004,28.88,0.0,245.5,1200.0
100262.223,13862.223,140.0,90.30000000000001,22.75,15.89,176.0,33.95,151.70000000000002,29.34,33.72,34.5,90.5,15.65,56.7,100.0,250.0,2929.0,1.33,37.35,15.0,6.96,36.0,29.02,1.0,252.5,1200.0
100322.222,13922.222,140.0,88.9,22.71,16.01,174.5,34.0,151.3,29.26,33.62,34.300000000000004,92.5,15.8,56.900000000000006,99.60000000000001,249.0,2931.0,1.3900000000000001,37.5,14.97,7.0,36.08,28.900000000000002,0.0,250.5,1200.0
100382.221,13982.221,140.0,91.30000000000001,22.71,16.0,176.0,34.1,151.70000000000002,29.32,33.67,34.35,92.5,15.8,56.5,100.0,250.0,2933.0,1.56,37.300000000000004,14.99,7.0200000000000005,36.02,29.03,0.0,251.5,1200.0
100442.22,14042.22,140.0,91.0,22.68,15.99,175.5,33.95,152.3,29.400000000000002,33.83,34.45,92.0,15.65,56.300000000000004,100.0,250.0,2936.0,1.34,37.25,15.030000000000001,7.01,35.96,29.03,0.0,245.5,1200.0
100502.219,14102.219,140.0,90.60000000000001,22.650000000000002,16.01,173.0,34.0,150.5,29.37,33.75,34.5,93.0,15.55,56.300000000000004,100.0,249.5,2938.0,1.52,37.35,14.99,7.0,35.96,29.03,2.0,247.5,1200.0
100562.218,14162.218,140.0,91.9,22.66,16.01,175.0,33.9,152.5,29.36,33.76,34.45,90.5,15.8,56.900000000000006,99.7,246.5,2935.0,1.3800000000000001,37.4,15.0,6.97,36.0,28.990000000000002,2.0,251.0,1200.0
100622.217,14222.217,140.0,91.10000000000001,22.64,15.99,174.5,33.9,152.9,29.42,33.660000000000004,34.45,92.0,15.700000000000001,56.6,100.0,246.5,2932.0,1.34,37.2,14.950000000000001,6.95,35.980000000000004,29.0,2.0,247.5,1200.0
100682.217,14282.217,140.0,90.2,22.56,16.02,176.5,34.0,149.6,29.39,33.8,34.300000000000004,93.5,15.55,56.6,99.9,250.0,2933.0,1.3800000000000001,37.35,15.040000000000001,7.0,36.08,29.0,0.0,248.5,1200.0
100742.216,14342.216,140.0,91.10000000000001,22.67,16.0,174.5,34.0,150.9,29.330000000000002,33.75,34.35,93.0,15.8,56.2,100.0,250.0,2936.0,1.31,37.4,15.06,6.98,35.95,29.07,1.0,249.5,1200.0
100802.215,14402.215,140.0,91.2,22.6,16.04,175.5,34.050000000000004,150.5,29.53,33.730000000000004,34.4,94.0,15.8,56.0,99.9,250.0,2933.0,1.41,37.35,14.950000000000001,7.05,35.980000000000004,28.990000000000002,0.0,250.5,1200.0
100862.214,14462.214,140.0,90.7,22.69,16.05,173.5,34.1,152.0,29.45,33.78,34.25,91.0,15.75,56.300000000000004,99.30000000000001,251.0,2939.0,1.43,37.45,14.92,7.01,36.03,29.0,0.0,249.0,1200.0
100922.213,14522.213,140.0,90.10000000000001,22.62,16.01,175.0,33.85,152.0,29.330000000000002,33.730000000000004,34.15,92.0,15.65,56.7,100.0,249.0,2931.0,1.3800000000000001,37.4,14.96,6.94,35.94,28.94,0.0,247.5,1200.0
100982.212,14582.212,140.0,90.60000000000001,22.64,16.04,174.0,34.050000000000004,151.5,29.51,33.67,34.4,93.5,15.65,56.2,99.80000000000001,253.0,2933.0,1.3800000000000001,37.550000000000004,14.92,6.99,35.980000000000004,28.93,0.0,249.5,1200.0
101042.212,14642.212,140.0,89.0,22.67,15.99,176.5,34.050000000000004,151.9,29.42,33.7,34.4,92.0,15.65,56.5,99.80000000000001,253.0,2935.0,1.33,37.4,14.98,6.91,35.99,29.04,1.0,244.5,1200.0
101102.211,14702.211,140.0,91.5,22.6,16.03,173.5,34.1,154.10000000000002,29.47,33.79,34.4,94.0,15.700000000000001,56.1,100.0,245.0,2935.0,1.44,37.45,15.0,7.01,35.96,29.01,0.0,250.5,1200.0
101162.21,14762.21,140.0,89.80000000000001,22.62,16.0,174.5,34.050000000000004,151.1,29.38,33.72,34.300000000000004,91.5,15.8,56.5,100.0,249.0,2934.0,1.33,37.4,15.01,7.01,35.95,29.01,1.0,246.5,1200.0
101222.209,14822.209,140.0,92.0,22.61,16.03,174.5,34.1,150.5,29.42,33.76,34.4,91.5,15.850000000000001,56.2,100.0,250.5,2931.0,1.28,37.300000000000004,15.08,6.95,35.980000000000004,29.01,0.0,249.5,1200.0
101282.208,14882.208,140.0,91.0,22.650000000000002,15.98,176.5,33.95,151.0,29.44,33.75,34.4,93.0,15.700000000000001,55.800000000000004,100.0,247.5,2932.0,1.36,37.4,15.01,6.99,35.92,29.0,0.0,249.5,1200.0
101342.208,14942.208,140.0,92.2,22.580000000000002,16.03,173.5,34.2,151.5,29.36,33.65,34.45,93.5,15.8,56.5,99.80000000000001,249.5,2936.0,1.33,37.4,15.0,7.0,35.93,29.09,1.0,247.0,1200.0
101402.207,15002.207,140.0,90.80000000000001,22.7,16.02,175.0,34.050000000000004,152.4,29.39,33.74,34.300000000000004,93.0,15.65,56.300000000000004,100.0,249.5,2934.0,1.43,37.25,14.91,6.95,35.96,28.990000000000002,1.0,252.0,1200.0
101462.206,15062.206,140.0,92.80000000000001,22.69,15.99,175.0,34.1,149.0,29.41,33.81,34.4,94.5,15.65,56.7,100.0,250.5,2931.0,1.48,37.4,14.97,7.0200000000000005,36.0,29.060000000000002,0.0,245.0,1200.0
101522.205,15122.205,140.0,90.60000000000001,22.650000000000002,16.0,174.0,34.050000000000004,151.1,29.41,33.7,34.5,92.0,15.850000000000001,56.7,99.60000000000001,248.5,2935.0,1.61,37.5,15.040000000000001,6.95,35.95,29.03,1.0,250.0,1200.0
101582.205,15182.205,140.0,91.0,22.61,15.92,175.5,34.15,152.0,29.52,33.77,34.35,92.0,15.850000000000001,56.800000000000004,99.9,256.0,2933.0,1.5,37.300000000000004,15.01,7.0600000000000005,35.97,28.88,0.0,248.0,1200.0
101642.204,15242.204,140.0,90.7,22.7,16.0,173.0,34.1,152.8,29.490000000000002,33.65,34.6,91.0,15.600000000000001,56.5,99.60000000000001,250.5,2937.0,1.4000000000000001,37.45,14.950000000000001,7.0,36.01,28.91,3.0,249.0,1200.0
101702.203,15302.203,140.0,90.9,22.740000000000002,16.080000000000002,174.5,33.85,152.6,29.35,33.660000000000004,34.35,91.5,15.700000000000001,56.300000000000004,99.7,248.5,2941.0,1.49,37.550000000000004,15.0,6.99,35.92,28.990000000000002,1.0,245.0,1200.0
101762.202,15362.202,140.0,89.2,22.68,15.98,175.5,34.15,152.8,29.52,33.71,34.35,92.5,15.700000000000001,56.0,99.80000000000001,250.0,2941.0,1.43,37.4,14.97,7.03,35.99,28.990000000000002,0.0,249.0,1200.0
101822.201,15422.201,140.0,90.4,22.66,16.04,177.0,34.2,150.8,29.41,33.84,34.45,90.0,15.55,56.6,100.0,252.0,2936.0,1.3900000000000001,37.45,14.99,7.05,35.95,29.01,0.0,249.5,1200.0
101882.201,15482.201,140.0,90.60000000000001,22.69,16.05,174.5,34.1,152.0,29.5,33.81,34.35,94.0,15.850000000000001,56.6,99.60000000000001,247.0,2933.0,1.35,37.4,15.030000000000001,6.98,36.050000000000004,28.93,0.0,247.0,1200.0
101942.2,15542.2,140.0,91.2,22.650000000000002,15.98,175.5,34.15,151.0,29.45,33.84,34.4,94.0,15.65,56.7,100.0,252.5,2939.0,1.3,37.4,15.0,6.96,36.08,29.080000000000002,1.0,245.5,1200.0
102002.199,15602.199,140.0,90.30000000000001,22.7,15.97,176.5,34.15,151.8,29.55,33.77,34.5,93.5,15.950000000000001,56.300000000000004,99.60000000000001,251.0,2945.0,1.3,37.45,14.98,6.96,36.01,28.93,0.0,248.5,1200.0
102062.198,15662.198,140.0,91.10000000000001,22.6,15.99,176.0,34.1,150.6,29.42,33.81,34.4,91.5,15.700000000000001,56.400000000000006,100.0,249.5,2941.0,1.35,37.300000000000004,15.06,6.99,35.99,29.0,1.0,249.0,1200.0
102122.198,15722.198,140.0,91.60000000000001,22.7,16.03,176.0,34.1,151.20000000000002,29.59,33.79,34.550000000000004,92.0,15.55,56.5,99.60000000000001,252.0,2936.0,1.42,37.65,15.0,6.96,35.97,28.96,0.0,253.0,1200.0
102182.197,15782.197,140.0,90.7,22.490000000000002,15.99,176.5,34.1,151.8,29.46,33.83,34.45,89.5,15.65,56.1,99.9,252.0,2938.0,1.3900000000000001,37.300000000000004,14.99,6.96,35.96,29.01,0.0,252.5,1200.0
102242.196,15842.196,140.0,89.2,22.56,16.0,177.5,34.25,151.20000000000002,29.52,33.86,34.65,92.0,15.75,56.2,99.80000000000001,252.5,2945.0,1.4000000000000001,37.45,14.98,7.0600000000000005,35.97,29.04,1.0,249.5,1200.0
102302.196,15902.196,140.0,90.7,22.59,15.98,178.0,34.050000000000004,151.3,29.54,33.83,34.6,91.5,15.65,55.900000000000006,99.9,253.5,2942.0,1.33,37.5,14.93,7.04,35.94,28.96,2.0,250.5,1200.0
102362.195,15962.195,140.0,90.2,22.61,15.97,176.5,34.15,150.3,29.560000000000002,33.9,34.7,90.0,15.700000000000001,56.2,99.80000000000001,248.0,2941.0,1.45,37.45,14.91,6.94,35.99,28.990000000000002,0.0,248.5,1200.0
102422.194,16022.194,140.0,91.10000000000001,22.68,15.98,174.5,34.25,151.70000000000002,29.59,33.94,34.45,93.0,15.9,55.7,100.0,248.5,2944.0,1.41,37.45,15.02,6.99,36.07,29.01,3.0,249.0,1200.0
102482.193,16082.193,140.0,91.80000000000001,22.59,16.0,176.5,34.15,151.6,29.61,33.87,34.65,92.0,15.700000000000001,55.7,99.7,253.5,2947.0,1.55,37.5,15.02,6.98,36.07,28.89,0.0,244.5,1200.0
102542.193,16142.193,140.0,90.5,22.67,15.96,175.0,34.45,151.3,29.64,33.910000000000004,34.65,92.0,15.8,55.7,100.0,251.5,2946.0,1.59,37.35,14.9,6.97,35.94,29.05,1.0,254.0,1200.0
102602.192,16202.192,140.0,90.4,22.61,15.98,176.0,34.300000000000004,149.20000000000002,29.650000000000002,34.02,34.7,92.5,15.700000000000001,55.6,99.9,248.5,2949.0,1.46,37.45,15.0,6.93,36.04,29.04,0.0,249.5,1200.0
102662.191,16262.191,140.0,90.30000000000001,22.7,16.02,173.5,34.25,151.70000000000002,29.580000000000002,33.9,34.65,93.5,15.700000000000001,56.0,99.9,252.5,2946.0,1.3,37.6,15.030000000000001,7.07,36.0,28.97,0.0,253.5,1200.0
102722.191,16322.191,140.0,91.60000000000001,22.64,15.99,176.5,34.300000000000004,153.20000000000002,29.63,34.01,34.75,93.0,15.8,56.400000000000006,100.0,256.5,2959.0,1.33,37.4,15.01,6.99,35.96,29.060000000000002,0.0,252.5,1200.0
102782.19,16382.19,140.0,91.60000000000001,22.650000000000002,15.97,176.5,34.300000000000004,151.8,29.71,33.93,34.7,91.5,15.700000000000001,55.7,99.9,250.5,2949.0,1.6500000000000001,37.6,15.030000000000001,6.96,36.02,28.91,2.0,247.0,1200.0
102842.189,16442.189,140.0,88.9,22.57,16.02,174.5,34.25,152.0,29.63,34.01,34.550000000000004,93.0,15.700000000000001,55.6,99.60000000000001,252.0,2951.0,1.32,37.550000000000004,15.02,6.96,35.97,29.060000000000002,1.0,251.5,1200.0
102902.189,16502.189,140.0,91.30000000000001,22.57,16.04,175.0,34.2,151.70000000000002,29.72,33.99,34.75,91.5,15.8,56.1,99.60000000000001,253.5,2946.0,1.53,37.65,15.040000000000001,7.0,36.0,28.88,0.0,247.5,1200.0
102962.188,16562.188,140.0,89.5,22.6,15.99,176.5,34.15,150.8,29.580000000000002,33.94,34.65,94.0,15.700000000000001,56.2,99.80000000000001,252.5,2953.0,1.28,37.65,15.02,6.95,36.02,29.05,0.0,249.5,1200.0
103022.187,16622.187,140.0,91.10000000000001,22.68,16.03,175.5,34.2,152.20000000000002,29.62,33.88,34.7,95.0,15.65,55.7,100.0,250.0,2947.0,1.41,37.5,15.040000000000001,7.05,36.08,28.990000000000002,2.0,256.0,1200.0
103082.187,16682.187,140.0,90.30000000000001,22.6,16.01,177.5,34.25,152.1,29.68,33.94,34.5,92.5,15.850000000000001,55.900000000000006,100.0,249.0,2951.0,1.43,37.4,14.96,6.92,35.99,28.98,1.0,249.0,1200.0
103142.186,16742.186,140.0,92.0,22.6,15.91,177.5,34.15,150.4,29.63,33.94,34.550000000000004,90.5,15.75,56.1,100.0,254.0,2949.0,1.36,37.6,14.98,6.92,36.01,28.97,0.0,254.0,1200.0
103202.185,16802.185,140.0,91.10000000000001,22.6,15.96,176.0,34.35,150.0,29.62,33.980000000000004,34.6,92.0,15.700000000000001,55.400000000000006,100.0,246.5,2950.0,1.42,37.65,14.96,6.94,36.04,29.080000000000002,2.0,247.5,1200.0
103262.185,16862.185,140.0,90.4,22.62,15.950000000000001,176.0,34.25,151.8,29.54,33.82,34.75,93.0,15.8,56.2,100.0,253.0,2947.0,1.46,37.6,15.01,6.96,36.06,29.13,1.0,251.5,1200.0
103322.184,16922.184,140.0,92.10000000000001,22.54,16.0,177.5,34.1,150.3,29.650000000000002,33.910000000000004,34.550000000000004,93.0,15.75,56.2,100.0,252.5,2941.0,1.36,37.45,15.02,7.0200000000000005,36.04,29.05,1.0,252.0,1200.0
103382.183,16982.183,140.0,91.10000000000001,22.62,15.96,177.0,34.25,152.3,29.5,33.94,34.65,93.5,15.75,56.0,100.0,249.5,2938.0,1.42,37.550000000000004,14.99,6.98,35.99,28.95,1.0,251.0,1200.0
103442.183,17042.183,140.0,91.4,22.61,15.96,177.0,34.1,152.5,29.53,33.78,34.5,93.5,15.700000000000001,55.900000000000006,99.60000000000001,245.5,2943.0,1.35,37.45,14.91,6.99,35.95,28.990000000000002,0.0,247.5,1200.0
103502.182,17102.182,140.0,91.9,22.57,16.0,173.5,34.050000000000004,150.4,29.57,33.93,34.6,93.0,15.75,55.800000000000004,100.0,247.0,2939.0,1.33,37.5,15.0,7.05,36.01,29.0,0.0,248.5,1200.0
103562.181,17162.181,140.0,89.9,22.6,16.04,176.5,34.0,151.6,29.580000000000002,33.88,34.6,93.5,15.600000000000001,56.1,99.7,249.5,2935.0,1.3800000000000001,37.65,15.030000000000001,7.01,36.050000000000004,29.0,3.0,248.0,1200.0
103622.181,17222.181,140.0,90.9,22.62,16.0,174.5,34.050000000000004,151.9,29.46,33.81,34.550000000000004,93.0,15.600000000000001,56.5,100.0,251.0,2939.0,1.41,37.550000000000004,15.06,7.01,36.12,29.1,0.0,247.0,1200.0
103682.18,17282.18,140.0,91.10000000000001,22.66,15.98,175.0,34.050000000000004,151.4,29.42,33.74,34.45,93.0,15.8,55.900000000000006,99.7,247.5,2935.0,1.41,37.5,14.96,7.0600000000000005,36.02,28.96,1.0,247.0,1200.0
103742.179,17342.179,140.0,89.4,22.57,16.06,174.5,34.2,150.8,29.43,33.81,34.6,93.0,15.55,56.1,99.80000000000001,248.0,2932.0,1.24,37.45,14.98,6.98,36.08,29.0,0.0,249.5,1200.0
103802.179,17402.179,140.0,93.80000000000001,22.67,16.01,174.5,34.050000000000004,150.6,29.42,33.72,34.45,92.0,15.65,56.300000000000004,99.80000000000001,248.0,2932.0,1.32,37.35,14.92,7.0600000000000005,35.94,29.060000000000002,0.0,247.5,1200.0
103862.178,17462.178,140.0,92.60000000000001,22.68,15.99,174.5,33.9,150.3,29.310000000000002,33.74,34.5,93.5,15.75,55.900000000000006,100.0,249.5,2930.0,1.32,37.45,14.94,7.01,36.01,28.89,1.0,247.5,1200.0
103922.178,17522.178,140.0,90.60000000000001,22.64,15.99,176.0,33.95,150.8,29.44,33.7,34.5,94.0,15.700000000000001,55.900000000000006,99.80000000000001,244.0,2935.0,1.37,37.300000000000004,14.98,6.96,35.93,29.01,2.0,248.5,1200.0
103982.177,17582.177,140.0,91.2,22.580000000000002,15.98,175.0,34.050000000000004,151.3,29.400000000000002,33.78,34.5,92.5,15.850000000000001,56.1,100.0,247.0,2932.0,1.43,37.35,15.01,6.97,36.01,28.94,1.0,245.0,1200.0
104042.176,17642.176,140.0,91.80000000000001,22.66,15.98,171.5,34.050000000000004,152.6,29.41,33.65,34.4,94.0,15.600000000000001,55.6,100.0,249.0,2927.0,1.43,37.35,14.97,7.01,35.96,28.96,0.0,247.0,1200.0
104102.176,17702.176,140.0,92.5,22.55,16.0,176.0,33.95,150.1,29.39,33.68,34.550000000000004,89.5,15.850000000000001,55.900000000000006,99.80000000000001,245.0,2924.0,1.28,37.35,14.950000000000001,7.04,35.97,29.02,0.0,248.0,1200.0
104162.175,17762.175,140.0,90.30000000000001,22.64,15.98,174.0,34.0,153.4,29.400000000000002,33.7,34.2,93.5,15.75,56.300000000000004,100.0,250.0,2928.0,1.46,37.25,15.030000000000001,7.01,35.96,29.01,0.0,251.0,1200.0
104222.174,17822.174,140.0,89.5,22.66,16.04,175.5,33.95,150.20000000000002,29.44,33.76,34.65,94.5,15.75,56.300000000000004,100.0,244.0,2932.0,1.32,37.300000000000004,14.99,7.01,36.0,29.01,0.0,245.5,1200.0
104282.174,17882.174,140.0,90.60000000000001,22.66,16.05,175.5,34.0,153.20000000000002,29.44,33.730000000000004,34.300000000000004,95.0,15.55,55.900000000000006,99.9,244.0,2928.0,1.43,37.4,15.02,7.0,36.07,28.97,0.0,247.5,1200.0
104342.173,17942.173,140.0,92.30000000000001,22.63,15.98,175.0,33.9,150.6,29.41,33.7,34.550000000000004,92.0,15.700000000000001,55.900000000000006,100.0,247.5,2930.0,1.26,37.300000000000004,15.040000000000001,6.94,36.02,29.02,0.0,245.5,1200.0
104402.173,18002.173,140.0,90.80000000000001,22.61,15.97,173.5,33.95,150.0,29.47,33.77,34.45,92.0,15.65,55.900000000000006,100.0,247.0,2926.0,1.46,37.300000000000004,15.01,7.01,35.980000000000004,28.990000000000002,1.0,249.0,1200.0
104462.172,18062.172,140.0,92.10000000000001,22.580000000000002,15.96,175.0,34.1,151.20000000000002,29.37,33.6,34.4,92.5,15.700000000000001,56.0,100.0,248.5,2927.0,1.41,37.35,14.99,7.0,35.910000000000004,29.07,0.0,243.0,1200.0
104522.171,18122.171,140.0,91.30000000000001,22.61,16.01,173.5,33.800000000000004,152.1,29.42,33.69,34.35,90.5,15.850000000000001,56.2,99.7,250.0,2927.0,1.52,37.15,15.02,6.99,36.050000000000004,28.96,0.0,248.5,1200.0
104582.171,18182.171,140.0,91.80000000000001,22.51,16.01,173.5,34.0,150.4,29.44,33.69,34.35,93.5,15.8,55.800000000000004,99.60000000000001,247.5,2927.0,1.3900000000000001,37.300000000000004,15.07,7.0200000000000005,36.0,28.91,0.0,242.5,1200.0
104642.17,18242.17,140.0,91.4,22.64,16.06,174.5,33.85,151.70000000000002,29.400000000000002,33.7,34.15,90.5,15.75,56.800000000000004,100.0,241.5,2923.0,1.34,37.2,15.030000000000001,6.95,35.88,28.96,0.0,249.0,1200.0
104702.17,18302.17,140.0,90.7,22.61,15.93,177.5,34.0,150.5,29.400000000000002,33.67,34.4,92.5,15.700000000000001,56.7,100.0,246.5,2925.0,1.46,37.300000000000004,15.01,6.99,35.97,29.01,0.0,243.5,1200.0
104762.169,18362.169,140.0,90.9,22.61,15.98,177.0,33.9,150.6,29.35,33.59,34.45,92.5,15.700000000000001,56.6,99.9,244.5,2920.0,1.5,37.15,15.01,7.0,36.09,29.01,1.0,249.5,1200.0
104822.169,18422.169,140.0,90.80000000000001,22.62,16.02,175.0,33.95,152.4,29.330000000000002,33.58,34.35,92.0,15.65,56.7,100.0,245.0,2922.0,1.3900000000000001,37.2,15.030000000000001,6.94,36.06,28.97,0.0,252.0,1200.0
104882.168,18482.168,140.0,91.5,22.650000000000002,15.94,175.0,33.85,150.1,29.32,33.49,34.2,91.0,15.75,56.800000000000004,99.9,248.0,2924.0,1.57,37.2,15.0,6.99,35.980000000000004,29.05,3.0,248.5,1200.0
104942.167,18542.167,140.0,89.60000000000001,22.57,15.97,174.5,33.9,151.9,29.36,33.53,34.2,92.5,15.75,56.300000000000004,100.0,249.5,2920.0,1.3900000000000001,37.15,15.05,6.95,36.02,29.060000000000002,0.0,245.5,1200.0
105002.167,18602.167,140.0,92.10000000000001,22.51,16.080000000000002,173.5,33.95,151.3,29.29,33.52,34.45,92.0,15.65,57.0,100.0,241.5,2917.0,1.48,37.1,15.0,6.98,36.08,28.96,2.0,242.5,1200.0
105062.166,18662.166,140.0,91.9,22.47,15.93,176.0,33.75,151.5,29.2,33.53,34.25,91.5,15.75,56.400000000000006,100.0,240.5,2914.0,1.48,37.2,15.09,7.01,36.050000000000004,28.990000000000002,1.0,244.0,1200.0
105122.166,18722.166,140.0,91.5,22.64,16.02,173.0,33.75,152.1,29.310000000000002,33.61,34.25,93.5,15.75,56.6,100.0,245.0,2917.0,1.37,37.050000000000004,14.99,7.04,36.050000000000004,29.080000000000002,1.0,242.5,1200.0
105182.165,18782.165,140.0,92.2,22.580000000000002,15.950000000000001,172.5,33.85,152.5,29.16,33.58,34.050000000000004,93.5,15.600000000000001,56.900000000000006,100.0,245.5,2917.0,1.53,37.25,14.96,6.96,36.03,29.02,1.0,245.0,1200.0
105242.165,18842.165,140.0,91.2,22.61,16.02,173.5,33.85,152.0,29.17,33.56,34.2,91.0,15.75,56.300000000000004,99.60000000000001,243.0,2913.0,1.3,37.050000000000004,14.93,6.97,35.93,28.98,1.0,243.0,1200.0
105302.164,18902.164,140.0,91.4,22.62,15.92,173.5,33.85,151.3,29.16,33.45,34.15,91.0,15.65,56.6,99.30000000000001,241.5,2915.0,1.34,37.050000000000004,15.02,7.0200000000000005,36.04,28.97,0.0,245.5,1200.0
105362.163,18962.163,140.0,90.7,22.56,16.03,171.0,33.800000000000004,150.70000000000002,29.1,33.34,34.050000000000004,92.0,15.700000000000001,56.800000000000004,99.9,243.0,2911.0,1.49,37.1,14.97,6.97,36.08,28.97,0.0,243.0,1200.0
105422.163,19022.163,140.0,91.4,22.61,16.03,174.0,33.550000000000004,150.70000000000002,29.16,33.37,34.1,90.0,15.65,56.400000000000006,99.5,245.5,2906.0,1.33,37.0,15.01,7.0200000000000005,35.99,29.02,2.0,241.5,1200.0
105482.162,19082.162,140.0,90.5,22.6,15.9,174.5,33.6,152.70000000000002,29.080000000000002,33.38,34.1,92.5,15.700000000000001,56.5,100.0,243.0,2906.0,1.34,37.050000000000004,14.97,6.9,36.0,28.92,0.0,243.5,1200.0
105542.162,19142.162,140.0,90.30000000000001,22.64,16.05,174.5,33.6,151.0,28.92,33.38,34.0,92.5,15.8,57.2,99.9,241.0,2907.0,1.35,36.95,14.97,7.04,36.07,29.0,1.0,240.0,1200.0
105602.161,19202.161,140.0,90.9,22.67,16.04,173.5,33.550000000000004,152.4,28.96,33.33,34.050000000000004,93.5,15.75,56.6,99.4,237.0,2902.0,1.41,36.9,15.0,6.94,36.01,28.900000000000002,3.0,241.5,1200.0
105662.161,19262.161,140.0,92.60000000000001,22.66,15.99,173.0,33.550000000000004,151.20000000000002,29.02,33.27,34.1,91.5,15.65,56.800000000000004,99.7,240.0,2907.0,1.42,36.95,15.08,7.05,36.03,29.07,1.0,245.0,1200.0
105722.16,19322.16,140.0,89.9,22.73,16.05,172.0,33.65,150.70000000000002,28.97,33.25,34.0,93.0,15.75,57.1,100.0,240.5,2908.0,1.36,36.95,15.02,7.05,35.980000000000004,28.98,0.0,245.0,1200.0
105782.16,19382.16,140.0,91.5,22.72,16.02,172.5,33.6,151.70000000000002,28.98,33.34,34.0,92.5,15.8,57.300000000000004,100.0,237.0,2905.0,1.49,36.95,14.96,6.99,36.12,28.97,3.0,244.0,1200.0
105842.159,19442.159,140.0,91.9,22.62,16.0,172.0,33.550000000000004,152.20000000000002,29.09,33.31,34.050000000000004,92.5,15.75,57.5,100.0,242.5,2905.0,1.51,37.0,14.96,6.99,35.97,28.97,0.0,237.0,1200.0
105902.159,19502.159,140.0,90.30000000000001,22.63,16.0,171.0,33.6,151.20000000000002,29.060000000000002,33.32,34.1,92.0,15.700000000000001,56.800000000000004,100.0,244.0,2900.0,1.44,36.95,14.93,7.03,35.99,29.080000000000002,0.0,239.5,1200.0
105962.158,19562.158,140.0,89.80000000000001,22.62,16.01,173.5,33.5,152.20000000000002,29.07,33.33,33.9,93.5,15.75,56.7,100.0,237.5,2908.0,1.36,36.9,15.09,6.97,36.04,29.05,0.0,243.5,1200.0
106022.158,19622.158,140.0,90.30000000000001,22.64,16.03,174.0,33.65,151.20000000000002,28.97,33.4,34.050000000000004,91.5,15.700000000000001,57.2,100.0,241.5,2900.0,1.43,36.85,14.98,7.04,35.96,28.98,0.0,243.0,1200.0
106082.157,19682.157,140.0,89.4,22.61,16.0,172.0,33.550000000000004,152.3,29.04,33.230000000000004,34.0,91.5,15.65,57.2,100.0,241.5,2901.0,1.31,36.800000000000004,15.01,6.95,36.03,28.98,0.0,236.5,1200.0
106142.157,19742.157,140.0,90.7,22.580000000000002,15.950000000000001,174.5,33.45,151.9,29.05,33.32,34.050000000000004,91.0,15.600000000000001,57.1,100.0,243.0,2903.0,1.49,36.95,14.96,6.98,35.980000000000004,29.04,1.0,240.5,1200.0
106202.156,19802.156,140.0,89.60000000000001,22.650000000000002,15.950000000000001,173.5,33.6,151.5,28.98,33.31,34.050000000000004,91.5,15.600000000000001,56.800000000000004,100.0,240.0,2898.0,1.3900000000000001,36.95,14.97,7.01,35.96,29.01,1.0,240.0,1200.0
106262.156,19862.156,140.0,91.10000000000001,22.56,15.96,174.5,33.65,150.6,29.0,33.28,34.050000000000004,93.5,15.75,57.0,100.0,243.0,2904.0,1.6300000000000001,36.85,14.96,6.97,35.97,29.03,1.0,243.5,1200.0
106322.155,19922.155,140.0,90.7,22.63,15.94,171.5,33.7,152.1,29.080000000000002,33.31,34.1,94.0,15.700000000000001,57.0,100.0,241.5,2894.0,1.4000000000000001,36.95,14.94,7.01,35.980000000000004,28.98,0.0,241.0,1200.0
106382.155,19982.155,140.0,90.10000000000001,22.57,15.97,173.0,33.550000000000004,151.0,28.990000000000002,33.28,34.2,93.5,15.55,56.2,100.0,233.0,2902.0,1.23,36.75,15.06,7.09,36.17,29.07,1.0,242.0,1200.0
106442.154,20042.154,140.0,89.9,22.64,15.99,173.5,33.7,150.8,29.05,33.34,34.0,94.5,15.850000000000001,56.5,99.9,240.5,2901.0,1.32,36.95,14.96,6.98,36.03,29.09,0.0,238.5,1200.0
106502.154,20102.154,140.0,92.0,22.6,15.98,171.0,33.65,150.1,29.060000000000002,33.33,34.0,92.5,15.700000000000001,56.6,100.0,240.0,2900.0,1.4000000000000001,36.95,15.07,7.03,35.97,28.91,0.0,243.5,1200.0
106562.153,20162.153,140.0,91.5,22.64,15.96,171.0,33.6,151.3,29.05,33.35,34.050000000000004,92.0,15.8,56.5,99.4,240.5,2901.0,1.3900000000000001,36.7,15.0,7.05,35.99,29.09,0.0,242.5,1200.0
106622.153,20222.153,140.0,90.4,22.580000000000002,16.03,171.5,33.550000000000004,152.1,28.990000000000002,33.37,34.15,92.0,15.75,56.800000000000004,100.0,241.5,2909.0,1.31,36.9,14.950000000000001,6.98,35.910000000000004,28.96,0.0,243.0,1200.0
106682.152,20282.152,140.0,90.9,22.66,15.99,175.0,33.550000000000004,149.20000000000002,29.060000000000002,33.3,34.1,93.0,15.8,56.800000000000004,99.9,239.0,2905.0,1.49,36.800000000000004,14.94,6.94,36.07,28.98,0.0,239.5,1200.0
106742.152,20342.152,140.0,90.2,22.61,16.02,174.5,33.6,152.9,29.04,33.37,34.2,93.5,15.75,56.6,99.7,241.5,2902.0,1.47,36.95,15.120000000000001,7.0,36.04,28.990000000000002,1.0,238.0,1200.0
106802.151,20402.151,140.0,90.30000000000001,22.57,16.01,173.5,33.6,152.4,29.060000000000002,33.37,34.15,93.5,15.8,56.900000000000006,100.0,239.5,2907.0,1.5,36.75,14.99,7.08,36.06,29.12,4.0,240.5,1200.0
106862.151,20462.151,140.0,90.10000000000001,22.59,16.03,173.0,33.800000000000004,151.0,29.11,33.34,34.15,95.0,15.8,57.0,99.9,242.5,2906.0,1.33,37.0,15.02,6.96,35.97,28.94,0.0,239.0,1200.0
106922.15,20522.15,140.0,91.0,22.61,16.01,172.0,33.65,153.1,29.05,33.33,33.95,89.5,15.65,56.300000000000004,100.0,242.5,2900.0,1.35,36.9,14.98,7.0600000000000005,36.04,28.990000000000002,1.0,242.0,1200.0
106982.15,20582.15,140.0,91.60000000000001,22.62,16.03,172.0,33.6,149.9,29.07,33.31,34.050000000000004,95.0,15.700000000000001,56.900000000000006,100.0,243.0,2901.0,1.51,36.800000000000004,15.030000000000001,6.99,36.04,29.01,1.0,243.0,1200.0
107042.149,20642.149,140.0,90.60000000000001,22.66,16.02,173.0,33.7,151.0,29.05,33.32,34.050000000000004,92.5,15.850000000000001,56.800000000000004,99.9,242.5,2907.0,1.42,36.85,15.0,7.0200000000000005,36.06,29.01,0.0,239.0,1200.0
107102.149,20702.149,140.0,91.60000000000001,22.61,16.02,173.5,33.45,151.3,28.97,33.4,34.050000000000004,93.0,15.75,56.800000000000004,99.80000000000001,240.5,2907.0,1.36,36.9,14.950000000000001,7.04,36.07,29.11,0.0,239.0,1200.0
107162.148,20762.148,140.0,89.80000000000001,22.56,15.96,171.5,33.5,151.20000000000002,29.05,33.32,33.9,93.0,15.700000000000001,56.900000000000006,99.7,243.0,2900.0,1.36,36.95,14.99,7.01,35.97,29.03,0.0,242.5,1200.0
107222.148,20822.148,140.0,90.10000000000001,22.6,15.97,173.0,33.550000000000004,149.6,29.07,33.230000000000004,34.050000000000004,93.0,15.65,56.2,99.7,238.5,2901.0,1.5,36.9,15.040000000000001,7.0600000000000005,35.96,29.14,4.0,240.0,1200.0
107282.147,20882.147,140.0,91.4,22.6,15.99,171.5,33.5,151.70000000000002,29.04,33.29,34.0,93.5,15.65,56.5,99.5,240.5,2904.0,1.23,36.75,14.99,7.01,35.980000000000004,28.95,1.0,244.5,1200.0
107342.147,20942.147,140.0,90.9,22.67,16.0,173.5,33.6,152.5,29.060000000000002,33.38,34.1,90.5,15.8,56.400000000000006,100.0,240.5,2898.0,1.51,36.800000000000004,15.01,7.0200000000000005,35.96,29.03,1.0,242.5,1200.0
107402.146,21002.146,140.0,92.30000000000001,22.55,16.05,173.0,33.65,151.5,29.03,33.22,33.95,91.5,15.75,56.0,99.80000000000001,237.0,2903.0,1.46,36.9,14.96,7.0200000000000005,36.01,29.01,1.0,240.0,1200.0
107462.146,21062.146,140.0,90.0,22.6,15.96,173.0,33.6,151.0,28.990000000000002,33.3,34.2,93.5,15.75,56.5,100.0,240.5,2908.0,1.48,36.800000000000004,15.06,6.96,36.0,28.92,0.0,241.0,1200.0
107522.145,21122.145,140.0,92.0,22.580000000000002,15.97,171.5,33.7,149.5,29.080000000000002,33.29,34.0,95.0,15.65,56.5,99.60000000000001,241.0,2900.0,1.47,36.800000000000004,15.030000000000001,7.01,36.01,29.02,1.0,242.5,1200.0
107582.145,21182.145,140.0,92.7,22.59,15.99,175.0,33.800000000000004,150.8,29.02,33.33,34.050000000000004,91.5,15.700000000000001,56.5,99.7,239.5,2907.0,1.23,36.9,14.99,7.0,36.04,28.990000000000002,0.0,243.0,1200.0
107642.144,21242.144,140.0,91.60000000000001,22.580000000000002,15.93,175.0,33.5,151.70000000000002,28.96,33.27,34.0,91.0,15.75,56.6,99.60000000000001,241.5,2903.0,1.31,37.050000000000004,15.02,7.03,35.96,28.98,0.0,241.0,1200.0
107702.144,21302.144,140.0,88.80000000000001,22.59,15.950000000000001,173.0,33.7,150.8,29.04,33.33,34.0,92.0,15.600000000000001,56.800000000000004,100.0,241.0,2900.0,1.45,36.9,15.02,7.04,35.95,28.92,0.0,242.5,1200.0
107762.143,21362.143,140.0,91.4,22.66,16.01,173.5,33.6,150.0,29.04,33.29,34.050000000000004,92.0,15.75,56.900000000000006,100.0,243.0,2903.0,1.54,36.75,15.06,6.98,35.95,28.94,0.0,242.5,1200.0
107822.143,21422.143,140.0,89.80000000000001,22.53,16.05,173.0,33.5,150.6,29.04,33.43,33.95,93.0,15.700000000000001,57.0,100.0,240.0,2904.0,1.4000000000000001,36.85,15.07,7.0600000000000005,36.01,29.1,2.0,240.0,1200.0
107882.143,21482.143,140.0,90.10000000000001,22.650000000000002,16.02,173.0,33.550000000000004,150.9,29.0,33.29,34.050000000000004,92.0,15.700000000000001,57.0,100.0,239.0,2906.0,1.46,36.9,15.06,6.94,35.99,29.02,0.0,238.5,1200.0
107942.142,21542.142,140.0,89.80000000000001,22.62,15.96,172.0,33.65,151.0,29.09,33.35,34.050000000000004,91.5,15.75,56.800000000000004,99.7,238.5,2909.0,1.29,36.65,15.06,7.01,36.01,29.02,3.0,244.5,1200.0
108002.142,21602.142,140.0,90.10000000000001,22.59,16.080000000000002,173.5,33.65,151.1,29.16,33.3,34.1,91.5,15.700000000000001,57.1,99.80000000000001,236.5,2905.0,1.48,36.9,14.94,7.0,35.95,28.97,0.0,241.5,1200.0
108062.141,21662.141,140.0,89.80000000000001,22.61,16.02,175.0,33.6,149.4,29.07,33.28,33.95,92.5,15.75,56.400000000000006,100.0,242.5,2910.0,1.1500000000000001,36.95,15.120000000000001,7.0,35.99,29.0,0.0,235.5,1200.0
108122.141,21722.141,140.0,92.10000000000001,22.63,16.05,172.0,33.7,150.6,29.060000000000002,33.37,33.9,91.5,15.850000000000001,57.300000000000004,99.60000000000001,236.5,2902.0,1.37,36.9,15.02,6.99,35.94,28.93,1.0,245.0,1200.0
108182.14,21782.14,140.0,90.9,22.67,16.04,172.0,33.6,152.70000000000002,29.0,33.32,33.9,91.0,15.850000000000001,57.0,99.9,240.5,2908.0,1.42,36.800000000000004,15.040000000000001,6.97,36.07,29.03,1.0,240.5,1200.0
108242.14,21842.14,140.0,91.4,22.71,15.98,174.0,33.6,153.70000000000002,29.04,33.33,34.0,92.5,15.75,56.800000000000004,99.7,239.0,2903.0,1.35,36.85,14.92,6.99,36.03,28.96,1.0,240.5,1200.0
108302.139,21902.139,140.0,91.10000000000001,22.68,15.97,171.5,33.6,150.70000000000002,29.0,33.36,33.9,92.5,15.700000000000001,57.800000000000004,99.7,244.5,2903.0,1.33,36.9,15.05,7.0600000000000005,36.01,28.96,2.0,239.5,1200.0
108362.139,21962.139,140.0,90.60000000000001,22.64,16.02,171.0,33.6,151.5,29.060000000000002,33.21,33.9,93.0,15.700000000000001,57.2,100.0,244.5,2900.0,1.37,36.9,15.01,6.96,35.96,29.0,0.0,240.0,1200.0
108422.139,22022.139,140.0,91.4,22.650000000000002,15.91,172.0,33.65,151.9,28.85,33.3,33.85,94.0,15.8,56.800000000000004,99.80000000000001,243.5,2907.0,1.61,36.9,14.99,7.05,36.0,28.990000000000002,0.0,241.0,1200.0
108482.138,22082.138,140.0,91.60000000000001,22.71,15.98,173.0,33.5,150.3,28.95,33.35,34.050000000000004,94.0,15.75,56.7,99.9,240.5,2907.0,1.45,36.9,15.02,7.0200000000000005,35.96,29.01,0.0,246.0,1200.0
108542.138,22142.138,140.0,91.5,22.69,15.99,172.5,33.5,152.1,28.95,33.19,33.85,91.5,15.700000000000001,57.7,100.0,242.0,2900.0,1.3,36.85,14.98,7.03,35.95,28.98,0.0,244.5,1200.0
108602.137,22202.137,140.0,91.10000000000001,22.77,15.98,173.0,33.550000000000004,152.0,28.97,33.160000000000004,33.85,93.0,15.75,57.6,99.7,242.5,2905.0,1.51,36.800000000000004,14.950000000000001,6.96,35.96,29.0,1.0,247.5,1200.0
108662.137,22262.137,140.0,92.4,22.7,16.02,171.5,33.65,152.5,28.85,33.21,33.9,93.0,15.9,57.300000000000004,100.0,244.5,2900.0,1.43,36.95,15.040000000000001,7.07,36.03,29.05,0.0,243.0,1200.0
108722.136,22322.136,140.0,91.2,22.72,16.080000000000002,174.5,33.6,152.1,28.79,33.2,33.800000000000004,94.5,15.700000000000001,57.900000000000006,99.80000000000001,241.0,2897.0,1.31,36.85,14.99,6.95,35.96,29.04,2.0,236.5,1200.0
108782.136,22382.136,140.0,90.9,22.62,15.950000000000001,172.0,33.35,150.1,28.75,33.15,33.9,91.0,15.850000000000001,57.300000000000004,100.0,244.0,2899.0,1.37,36.75,15.01,7.04,35.99,28.990000000000002,1.0,238.0,1200.0
108842.136,22442.136,140.0,90.80000000000001,22.59,16.03,174.0,33.45,151.4,28.86,33.28,33.85,94.0,15.65,57.5,100.0,237.0,2899.0,1.41,37.0,14.98,7.0600000000000005,35.89,29.07,0.0,241.5,1200.0
108902.135,22502.135,140.0,90.5,22.7,16.02,172.5,33.6,152.1,28.92,33.13,33.9,93.5,15.8,57.7,99.60000000000001,242.0,2899.0,1.45,36.800000000000004,15.0,6.96,35.99,29.07,0.0,236.0,1200.0
108962.135,22562.135,140.0,91.60000000000001,22.66,15.97,172.0,33.65,150.9,28.88,33.13,33.550000000000004,92.0,15.700000000000001,57.300000000000004,100.0,242.5,2898.0,1.3,36.85,14.96,6.99,36.02,28.96,4.0,239.0,1200.0
109022.134,22622.134,140.0,91.10000000000001,22.61,15.94,170.5,33.4,151.8,28.85,33.1,33.75,94.0,15.75,57.1,99.7,243.5,2897.0,1.5,36.7,15.05,6.93,36.04,28.96,0.0,243.5,1200.0
109082.134,22682.134,140.0,91.2,22.62,16.03,170.5,33.45,152.0,28.88,33.160000000000004,33.75,91.5,15.700000000000001,57.0,100.0,240.5,2900.0,1.35,36.95,14.950000000000001,6.98,36.01,29.03,0.0,240.0,1200.0
109142.133,22742.133,140.0,90.2,22.68,15.97,170.0,33.35,150.6,28.900000000000002,33.160000000000004,33.7,93.5,15.75,57.7,100.0,240.5,2892.0,1.43,36.800000000000004,15.01,6.94,36.13,28.97,0.0,240.5,1200.0
109202.133,22802.133,140.0,91.0,22.63,15.94,172.5,33.35,150.9,28.79,33.18,33.85,93.0,15.700000000000001,57.0,100.0,241.5,2897.0,1.3800000000000001,36.95,14.96,6.93,35.92,28.98,0.0,242.0,1200.0
109262.133,22862.133,140.0,91.60000000000001,22.63,16.0,172.5,33.35,152.3,28.76,33.14,33.800000000000004,93.5,15.700000000000001,57.300000000000004,100.0,235.5,2889.0,1.29,36.75,14.93,6.93,36.02,29.02,1.0,235.0,1200.0
109322.132,22922.132,140.0,92.10000000000001,22.740000000000002,16.03,171.0,33.4,151.4,28.84,33.17,33.7,95.0,15.75,56.7,100.0,236.5,2892.0,1.45,36.75,15.05,6.96,36.07,28.95,0.0,239.5,1200.0
109382.132,22982.132,140.0,91.80000000000001,22.68,15.99,170.0,33.25,154.3,28.86,33.06,33.75,93.0,15.75,57.0,100.0,243.5,2892.0,1.3900000000000001,36.800000000000004,14.97,7.0,35.99,28.97,0.0,239.0,1200.0
109442.131,23042.131,140.0,91.5,22.72,16.01,172.0,33.5,152.0,28.85,33.08,33.85,93.5,15.75,57.2,100.0,235.5,2891.0,1.27,36.800000000000004,15.08,7.0,35.97,29.14,2.0,235.0,1200.0
109502.131,23102.131,140.0,91.7,22.69,15.98,168.5,33.5,150.6,28.85,33.13,33.800000000000004,92.5,15.65,57.2,99.7,242.0,2892.0,1.44,36.800000000000004,15.05,7.04,35.99,28.89,0.0,237.0,1200.0
109562.131,23162.131,140.0,90.4,22.66,15.99,172.5,33.45,151.1,28.82,33.19,33.9,93.5,15.850000000000001,57.2,100.0,237.0,2892.0,1.37,36.75,14.98,6.98,36.07,29.04,1.0,239.5,1200.0
109622.13,23222.13,140.0,90.4,22.650000000000002,16.03,171.5,33.4,150.4,28.900000000000002,33.15,33.9,94.5,15.600000000000001,56.900000000000006,99.9,243.0,2896.0,1.42,36.800000000000004,15.040000000000001,6.98,35.97,29.01,1.0,240.0,1200.0
109682.13,23282.13,140.0,90.7,22.68,15.96,172.0,33.550000000000004,149.6,28.84,33.09,33.85,92.0,15.600000000000001,57.400000000000006,100.0,238.5,2889.0,1.47,36.6,15.0,6.97,35.89,28.98,0.0,237.5,1200.0
109742.129,23342.129,140.0,90.10000000000001,22.67,15.97,172.0,33.5,151.5,28.89,33.25,33.800000000000004,92.0,15.600000000000001,57.400000000000006,100.0,239.5,2890.0,1.41,36.7,15.02,7.0600000000000005,35.95,29.01,0.0,240.0,1200.0
109802.129,23402.129,140.0,90.80000000000001,22.62,16.05,171.0,33.5,149.6,28.740000000000002,33.15,33.9,94.0,15.700000000000001,57.400000000000006,99.60000000000001,242.0,2896.0,1.43,36.550000000000004,14.96,6.99,35.99,28.96,1.0,238.0,1200.0
109862.129,23462.129,140.0,92.7,22.6,15.950000000000001,174.0,33.4,151.1,28.91,33.11,33.85,94.0,15.65,57.400000000000006,100.0,243.0,2894.0,1.43,36.7,15.05,6.98,35.96,29.01,1.0,244.0,1200.0
109922.128,23522.128,140.0,90.10000000000001,22.64,16.06,170.5,33.45,150.8,28.93,33.19,33.800000000000004,92.0,15.65,57.300000000000004,100.0,240.5,2897.0,1.41,36.95,14.93,7.0,36.12,29.01,0.0,242.0,1200.0
109982.128,23582.128,140.0,90.2,22.66,16.02,172.5,33.65,152.9,28.94,33.160000000000004,34.15,93.5,15.75,57.400000000000006,100.0,242.0,2901.0,1.47,36.75,15.01,6.97,36.0,29.01,0.0,243.5,1200.0
110042.127,23642.127,140.0,90.30000000000001,22.7,16.02,170.5,33.5,151.8,28.900000000000002,33.25,33.85,94.0,15.600000000000001,57.6,99.80000000000001,243.5,2898.0,1.21,36.75,15.030000000000001,6.92,35.87,28.900000000000002,0.0,239.0,1200.0
110102.127,23702.127,140.0,91.60000000000001,22.64,15.96,172.5,33.550000000000004,151.6,28.89,33.12,33.9,93.5,15.8,57.7,99.9,240.5,2897.0,1.48,36.85,15.0,7.0200000000000005,35.92,28.94,0.0,241.0,1200.0
110162.127,23762.127,140.0,89.9,22.68,15.98,173.5,33.550000000000004,151.3,28.87,33.14,33.9,92.5,15.8,57.900000000000006,100.0,244.5,2898.0,1.55,36.75,15.030000000000001,6.98,36.04,29.0,0.0,245.5,1200.0
110222.126,23822.126,140.0,91.9,22.73,16.1,173.5,33.5,150.70000000000002,28.92,33.160000000000004,33.85,91.5,15.65,58.0,100.0,238.0,2897.0,1.33,36.7,15.07,6.95,35.97,29.04,0.0,245.5,1200.0
110282.126,23882.126,140.0,91.0,22.67,15.94,171.5,33.4,152.70000000000002,28.97,33.25,33.85,92.5,15.8,57.400000000000006,99.80000000000001,242.5,2898.0,1.3800000000000001,36.9,14.99,6.96,36.02,28.95,0.0,241.0,1200.0
110342.126,23942.126,140.0,91.10000000000001,22.650000000000002,16.02,171.0,33.550000000000004,151.0,28.810000000000002,33.18,33.85,92.0,15.75,57.0,100.0,238.5,2902.0,1.36,36.75,15.08,7.01,35.97,29.03,0.0,242.0,1200.0
110402.125,24002.125,140.0,90.2,22.71,16.01,173.0,33.45,150.8,28.91,33.09,33.85,92.0,15.65,57.400000000000006,100.0,242.0,2893.0,1.42,36.75,14.98,7.07,35.94,28.97,0.0,242.0,1200.0
110462.125,24062.125,140.0,92.60000000000001,22.67,16.01,171.5,33.35,152.0,28.97,33.230000000000004,33.800000000000004,92.5,15.65,58.300000000000004,100.0,244.0,2893.0,1.52,36.95,15.030000000000001,7.03,35.97,28.84,1.0,241.0,1200.0
110522.124,24122.124,140.0,91.9,22.72,15.97,171.0,33.6,152.3,28.89,33.25,33.85,93.5,15.600000000000001,57.300000000000004,100.0,244.5,2902.0,1.45,36.9,14.96,7.01,36.0,28.97,1.0,245.0,1200.0
110582.124,24182.124,140.0,91.10000000000001,22.73,16.01,170.0,33.65,152.1,28.97,33.3,33.85,89.5,15.8,56.900000000000006,100.0,246.5,2899.0,1.35,36.75,14.96,7.0600000000000005,36.02,29.060000000000002,0.0,235.0,1200.0
110642.124,24242.124,140.0,90.4,22.66,16.01,173.0,33.550000000000004,151.4,28.900000000000002,33.26,33.9,92.0,15.75,57.0,99.60000000000001,242.0,2896.0,1.35,36.6,15.05,6.95,35.980000000000004,29.01,0.0,242.0,1200.0
110702.123,24302.123,140.0,90.9,22.71,16.02,171.5,33.65,150.5,28.92,33.25,33.9,93.5,15.700000000000001,57.6,100.0,239.5,2901.0,1.22,36.85,14.97,6.97,35.97,29.03,1.0,241.0,1200.0
110762.123,24362.123,140.0,91.10000000000001,22.69,16.0,173.0,33.550000000000004,151.3,28.91,33.2,33.95,93.0,15.75,56.900000000000006,99.5,239.5,2905.0,1.3,36.85,15.05,6.97,36.0,28.91,0.0,239.5,1200.0
110822.123,24422.123,140.0,89.4,22.71,15.97,171.0,33.45,151.5,28.900000000000002,33.28,33.9,92.0,15.850000000000001,57.0,100.0,244.5,2903.0,1.21,36.85,14.93,7.05,35.910000000000004,29.1,1.0,241.5,1200.0
110882.122,24482.122,140.0,91.60000000000001,22.580000000000002,15.99,174.0,33.5,151.1,28.98,33.230000000000004,34.0,91.5,15.8,57.400000000000006,99.9,241.5,2905.0,1.49,36.800000000000004,15.05,7.07,36.0,28.98,1.0,249.0,1200.0
110942.122,24542.122,140.0,91.9,22.66,15.98,173.5,33.65,151.70000000000002,28.94,33.230000000000004,34.1,91.5,15.700000000000001,57.1,100.0,243.5,2902.0,1.46,36.800000000000004,15.01,7.0,36.02,28.95,0.0,244.0,1200.0
111002.121,24602.121,140.0,91.9,22.57,15.94,172.0,33.6,150.0,29.01,33.230000000000004,34.0,91.5,15.65,56.7,99.30000000000001,243.5,2901.0,1.51,36.75,15.02,7.0200000000000005,35.95,28.93,2.0,239.5,1200.0
111062.121,24662.121,140.0,90.4,22.67,15.99,172.5,33.6,152.8,29.01,33.29,33.800000000000004,91.0,15.8,57.300000000000004,99.30000000000001,244.0,2905.0,1.3800000000000001,36.800000000000004,14.950000000000001,6.98,35.980000000000004,28.94,0.0,242.5,1200.0
111122.121,24722.121,140.0,90.9,22.63,15.94,171.5,33.550000000000004,152.0,29.07,33.21,34.0,94.0,15.65,57.5,100.0,241.0,2901.0,1.44,36.9,15.01,7.01,35.93,29.1,0.0,241.5,1200.0
111182.12,24782.12,140.0,90.7,22.71,16.04,173.0,33.7,150.5,28.97,33.36,34.050000000000004,93.0,15.75,56.5,99.60000000000001,242.0,2902.0,1.57,36.9,14.94,7.04,35.88,28.97,3.0,239.0,1200.0
111242.12,24842.12,140.0,91.9,22.740000000000002,15.99,171.0,33.550000000000004,152.0,28.91,33.3,33.85,93.0,15.950000000000001,57.2,100.0,243.0,2903.0,1.31,36.85,15.06,7.03,36.07,28.97,0.0,244.5,1200.0
111302.12,24902.12,140.0,90.9,22.69,15.950000000000001,171.5,33.45,153.3,28.96,33.3,34.0,92.0,15.75,57.2,99.9,242.0,2905.0,1.46,36.85,15.01,6.890000000000001,36.02,29.09,0.0,240.0,1200.0
111362.119,24962.119,140.0,89.2,22.63,16.02,172.0,33.5,150.9,29.07,33.25,34.1,90.5,15.8,57.6,100.0,244.5,2910.0,1.43,36.95,14.950000000000001,7.03,36.14,28.98,2.0,247.0,1200.0
111422.119,25022.119,140.0,93.0,22.77,16.0,174.0,33.7,151.5,28.98,33.13,33.95,93.5,15.700000000000001,57.5,100.0,240.5,2907.0,1.4000000000000001,36.95,15.01,7.01,36.03,29.09,0.0,240.0,1200.0
111482.119,25082.119,140.0,90.2,22.68,15.99,171.5,33.7,149.8,29.01,33.3,33.9,93.5,15.600000000000001,57.2,99.80000000000001,243.0,2908.0,1.24,36.800000000000004,14.98,6.99,35.99,29.03,0.0,241.0,1200.0
111542.118,25142.118,140.0,90.7,22.66,16.0,173.5,33.6,151.6,28.97,33.38,34.050000000000004,92.5,15.700000000000001,57.400000000000006,100.0,240.5,2906.0,1.36,36.95,14.99,6.96,35.97,28.94,0.0,240.0,1200.0
111602.118,25202.118,140.0,91.80000000000001,22.7,16.06,173.5,33.6,150.9,29.09,33.31,33.95,92.0,15.700000000000001,57.5,100.0,242.5,2904.0,1.3800000000000001,36.9,15.08,7.04,36.06,28.94,2.0,241.0,1200.0
111662.118,25262.118,140.0,91.0,22.68,15.98,174.0,33.65,152.9,28.92,33.33,33.9,91.5,15.75,57.0,99.7,243.0,2906.0,1.46,37.050000000000004,15.01,7.0,36.03,28.990000000000002,2.0,243.5,1200.0
111722.117,25322.117,140.0,90.2,22.740000000000002,16.0,173.5,33.7,151.70000000000002,29.0,33.3,34.0,93.0,15.5,56.6,99.60000000000001,243.0,2909.0,1.31,36.9,14.94,7.0,36.04,29.03,1.0,246.0,1200.0
111782.117,25382.117,140.0,89.2,22.67,15.950000000000001,171.0,33.85,151.70000000000002,29.0,33.34,33.95,94.5,15.600000000000001,57.6,100.0,245.0,2912.0,1.45,36.800000000000004,15.040000000000001,6.95,35.96,28.990000000000002,0.0,247.0,1200.0
111842.116,25442.116,140.0,91.30000000000001,22.75,15.950000000000001,172.5,33.550000000000004,151.8,29.0,33.36,33.9,94.0,15.700000000000001,57.2,99.7,242.5,2907.0,1.34,36.95,15.01,7.0200000000000005,36.01,29.01,0.0,242.5,1200.0
111902.116,25502.116,140.0,91.10000000000001,22.71,15.950000000000001,174.0,33.75,151.8,28.95,33.34,34.050000000000004,94.0,15.75,57.2,99.7,242.0,2905.0,1.43,36.9,14.97,7.0,36.03,29.0,0.0,242.0,1200.0
111962.116,25562.116,140.0,91.2,22.740000000000002,15.98,171.5,33.35,151.1,28.990000000000002,33.31,34.0,93.5,15.850000000000001,57.5,100.0,244.0,2906.0,1.43,36.95,15.01,7.01,36.0,28.98,0.0,242.0,1200.0
112022.115,25622.115,140.0,90.80000000000001,22.71,16.05,174.5,33.550000000000004,152.8,28.92,33.33,33.95,94.5,15.75,57.5,99.80000000000001,244.0,2904.0,1.36,37.0,15.01,6.98,36.04,28.900000000000002,2.0,245.5,1200.0
112082.115,25682.115,140.0,91.9,22.71,16.07,172.0,33.550000000000004,151.3,28.91,33.28,33.95,92.5,15.75,57.300000000000004,99.5,241.0,2910.0,1.34,36.95,15.01,6.91,36.07,29.04,0.0,241.5,1200.0
112142.115,25742.115,140.0,92.0,22.71,15.99,171.0,33.75,152.6,28.87,33.35,33.95,91.5,15.55,57.400000000000006,100.0,242.5,2900.0,1.27,36.800000000000004,14.97,7.04,36.03,28.990000000000002,1.0,246.0,1200.0
112202.114,25802.114,140.0,91.10000000000001,22.69,16.05,172.5,33.5,150.9,28.87,33.3,34.0,94.0,15.600000000000001,57.6,100.0,243.0,2905.0,1.17,36.800000000000004,15.02,7.01,36.04,29.0,0.0,245.5,1200.0
112262.114,25862.114,140.0,90.4,22.68,16.06,173.0,33.5,151.5,28.85,33.24,33.9,92.0,15.700000000000001,57.5,100.0,243.5,2906.0,1.19,36.85,14.97,6.97,35.99,29.0,0.0,243.0,1200.0
112322.114,25922.114,140.0,90.7,22.7,16.01,173.0,33.45,151.70000000000002,28.88,33.15,33.95,92.0,15.700000000000001,57.5,99.7,246.5,2901.0,1.33,36.800000000000004,15.02,6.91,36.0,28.97,2.0,241.5,1200.0
112382.113,25982.113,140.0,90.4,22.7,16.01,174.0,33.6,150.4,28.900000000000002,33.26,33.9,93.0,15.75,57.900000000000006,100.0,245.5,2904.0,1.32,36.800000000000004,15.05,7.04,36.0,29.01,2.0,241.5,1200.0
112442.113,26042.113,140.0,92.9,22.72,15.99,173.5,33.6,152.4,28.900000000000002,33.17,33.85,91.0,15.75,57.7,99.9,240.5,2899.0,1.27,36.800000000000004,14.950000000000001,6.95,36.01,28.98,1.0,239.5,1200.0
112502.113,26102.113,140.0,91.10000000000001,22.68,15.94,170.0,33.45,151.9,28.87,33.22,33.9,91.0,15.75,57.2,100.0,237.5,2896.0,1.41,36.800000000000004,14.99,7.0,36.01,29.03,0.0,242.0,1200.0
112562.112,26162.112,140.0,91.30000000000001,22.71,16.01,170.5,33.4,152.3,28.87,33.22,33.9,94.5,15.600000000000001,57.300000000000004,99.7,244.5,2901.0,1.28,37.050000000000004,15.05,7.03,36.02,29.04,0.0,240.5,1200.0
112622.112,26222.112,140.0,90.4,22.69,16.03,173.5,33.6,150.3,28.900000000000002,33.17,33.75,93.0,15.700000000000001,57.5,100.0,235.0,2900.0,1.42,36.85,14.92,6.99,35.9,29.0,0.0,241.0,1200.0
112682.112,26282.112,140.0,91.30000000000001,22.73,15.99,171.0,33.5,151.70000000000002,28.77,33.13,33.75,93.0,15.700000000000001,57.5,100.0,242.0,2900.0,1.29,36.95,15.0,7.0200000000000005,36.01,29.04,1.0,247.0,1200.0
112742.111,26342.111,140.0,91.5,22.650000000000002,16.09,169.5,33.6,151.0,28.77,33.14,33.65,93.0,15.850000000000001,57.5,100.0,241.0,2895.0,1.3900000000000001,36.9,15.02,7.01,35.99,29.01,0.0,242.0,1200.0
112802.111,26402.111,140.0,90.30000000000001,22.72,16.0,171.5,33.4,152.4,28.810000000000002,33.08,33.9,94.0,15.75,58.1,99.80000000000001,241.0,2897.0,1.44,36.85,15.06,6.98,35.95,28.97,0.0,239.0,1200.0
112862.111,26462.111,140.0,90.80000000000001,22.72,16.01,170.0,33.45,150.9,28.77,33.19,33.800000000000004,92.0,15.950000000000001,57.800000000000004,99.7,240.0,2888.0,1.32,36.800000000000004,14.98,6.97,35.980000000000004,29.0,0.0,242.5,1200.0
112922.11,26522.11,140.0,90.5,22.72,16.01,172.5,33.25,150.70000000000002,28.86,33.11,33.800000000000004,91.5,15.700000000000001,57.300000000000004,99.9,241.5,2900.0,1.34,36.85,15.06,7.03,36.0,29.05,0.0,229.0,1200.0
112982.11,26582.11,140.0,88.9,22.79,16.05,173.0,33.35,151.8,28.85,33.17,33.75,93.5,15.75,57.800000000000004,100.0,235.0,2897.0,1.46,36.7,15.01,6.96,35.99,29.1,0.0,240.0,1200.0
113042.11,26642.11,140.0,91.9,22.62,15.99,171.5,33.5,150.5,28.810000000000002,33.12,33.800000000000004,93.0,15.75,57.7,100.0,239.5,2895.0,1.41,36.85,15.08,7.04,36.050000000000004,28.86,2.0,241.5,1200.0
113102.109,26702.109,140.0,92.0,22.67,15.99,172.0,33.4,150.8,28.71,33.09,33.65,92.5,15.700000000000001,57.900000000000006,100.0,246.5,2889.0,1.41,36.85,15.01,7.0,35.99,28.95,2.0,239.0,1200.0
113162.109,26762.109,140.0,91.5,22.69,15.98,171.0,33.35,150.8,28.650000000000002,33.03,33.7,92.0,15.9,57.1,100.0,242.5,2890.0,1.36,36.85,14.950000000000001,6.98,35.96,28.94,0.0,243.0,1200.0
113222.109,26822.109,140.0,92.5,22.67,16.01,171.5,33.4,150.8,28.73,33.01,33.65,88.5,15.700000000000001,57.400000000000006,100.0,236.0,2889.0,1.42,36.800000000000004,15.05,7.07,35.980000000000004,29.080000000000002,0.0,241.0,1200.0
113282.109,26882.109,140.0,89.0,22.71,15.97,170.5,33.4,150.3,28.71,33.12,33.550000000000004,92.5,15.700000000000001,58.1,100.0,237.0,2883.0,1.3800000000000001,36.7,15.05,6.94,36.01,29.02,2.0,241.0,1200.0
113342.108,26942.108,140.0,90.9,22.73,15.98,172.0,33.35,151.9,28.75,33.01,33.85,92.5,15.75,57.2,99.60000000000001,241.0,2890.0,1.4000000000000001,36.7,14.99,7.1000000000000005,36.06,29.02,3.0,242.0,1200.0
113402.108,27002.108,140.0,89.9,22.72,16.02,170.5,33.25,152.5,28.740000000000002,33.05,33.7,93.0,15.700000000000001,57.300000000000004,100.0,240.5,2889.0,1.41,36.65,15.0,6.96,36.07,28.95,0.0,240.0,1200.0
113462.108,27062.108,140.0,92.80000000000001,22.6,16.05,170.5,33.25,151.8,28.69,33.0,33.75,92.0,15.9,57.7,99.7,240.5,2887.0,1.29,36.6,15.02,7.05,35.93,28.96,0.0,239.5,1200.0
113522.107,27122.107,140.0,92.2,22.7,15.92,171.5,33.6,151.5,28.68,33.06,33.75,94.0,15.8,57.300000000000004,100.0,238.0,2889.0,1.33,36.65,15.01,7.0200000000000005,36.08,29.01,1.0,236.5,1200.0
113582.107,27182.107,140.0,89.0,22.71,16.03,170.5,33.45,151.6,28.75,33.06,33.7,93.0,15.75,57.300000000000004,99.7,241.0,2888.0,1.44,36.65,14.96,7.0200000000000005,36.06,28.98,0.0,238.5,1200.0
113642.107,27242.107,140.0,89.0,22.66,16.0,173.0,33.45,149.20000000000002,28.77,33.11,33.85,93.5,15.850000000000001,57.900000000000006,100.0,237.0,2890.0,1.41,36.800000000000004,14.96,7.05,35.94,29.080000000000002,0.0,242.5,1200.0
113702.106,27302.106,140.0,90.0,22.73,16.0,171.5,33.35,151.1,28.77,33.13,33.7,92.5,15.75,58.0,99.4,238.5,2885.0,1.28,36.6,14.98,7.0,36.050000000000004,29.0,0.0,241.5,1200.0
113762.106,27362.106,140.0,89.4,22.73,16.0,173.0,33.300000000000004,151.3,28.75,33.04,33.800000000000004,92.5,15.8,57.5,100.0,239.0,2891.0,1.4000000000000001,36.65,14.97,6.99,36.09,29.02,0.0,240.0,1200.0
113822.106,27422.106,140.0,89.7,22.66,16.0,172.0,33.45,151.8,28.87,33.19,33.75,92.5,15.65,58.0,99.5,243.5,2896.0,1.33,36.65,14.97,7.01,36.08,28.990000000000002,0.0,241.5,1200.0
113882.105,27482.105,140.0,90.80000000000001,22.67,16.0,170.0,33.4,151.4,28.75,33.14,33.95,93.0,15.700000000000001,57.7,100.0,241.5,2887.0,1.24,36.6,14.93,6.97,36.02,28.96,0.0,242.5,1200.0
113942.105,27542.105,140.0,91.5,22.62,16.03,171.0,33.4,151.8,28.85,33.14,33.9,92.0,15.65,57.800000000000004,100.0,240.0,2892.0,1.57,36.7,15.030000000000001,6.97,36.01,28.94,2.0,241.0,1200.0
114002.105,27602.105,140.0,91.7,22.71,15.94,169.5,33.5,151.9,28.86,33.13,33.800000000000004,92.0,15.8,57.900000000000006,99.9,236.5,2898.0,1.45,36.7,14.97,7.07,36.0,28.96,1.0,238.0,1200.0
114062.105,27662.105,140.0,90.60000000000001,22.72,16.0,171.5,33.4,150.1,28.900000000000002,33.12,33.800000000000004,93.5,15.65,57.7,100.0,241.5,2894.0,1.36,36.7,15.040000000000001,7.03,36.0,29.05,0.0,242.0,1200.0
114122.104,27722.104,140.0,91.30000000000001,22.69,15.91,173.5,33.550000000000004,151.1,28.84,33.1,33.9,91.5,15.700000000000001,57.800000000000004,99.9,237.5,2892.0,1.3800000000000001,36.65,15.0,7.01,35.99,29.060000000000002,0.0,242.5,1200.0
114182.104,27782.104,140.0,90.9,22.72,15.97,170.0,33.5,150.70000000000002,28.92,33.11,33.85,91.0,15.8,58.0,99.9,239.0,2893.0,1.4000000000000001,36.75,15.01,6.99,35.96,28.97,0.0,240.0,1200.0
114242.104,27842.104,140.0,91.0,22.7,16.0,172.5,33.35,150.4,28.73,33.160000000000004,33.95,93.0,15.700000000000001,57.300000000000004,99.9,240.0,2898.0,1.54,36.7,14.98,7.0,36.1,28.990000000000002,0.0,240.5,1200.0
114302.103,27902.103,140.0,90.9,22.650000000000002,16.03,174.0,33.6,151.6,28.89,33.13,33.9,94.0,15.8,58.0,100.0,239.5,2900.0,1.36,36.7,14.93,6.96,35.97,28.91,0.0,236.5,1200.0
114362.103,27962.103,140.0,90.7,22.650000000000002,16.0,174.0,33.4,151.0,28.87,33.15,33.85,93.0,15.65,58.1,100.0,240.5,2896.0,1.25,36.6,15.05,7.12,36.050000000000004,29.02,0.0,239.0,1200.0
114422.103,28022.103,140.0,93.5,22.72,16.02,171.0,33.4,151.8,28.89,33.18,33.800000000000004,94.0,15.8,57.400000000000006,100.0,243.5,2901.0,1.41,36.800000000000004,15.01,6.99,35.92,29.02,1.0,245.0,1200.0
114482.102,28082.102,140.0,91.7,22.71,16.01,172.5,33.550000000000004,152.8,28.91,33.22,34.0,92.0,15.65,57.800000000000004,100.0,242.5,2901.0,1.34,36.9,14.93,7.08,36.01,29.09,0.0,242.0,1200.0
114542.102,28142.102,140.0,91.7,22.66,15.97,172.0,33.2,150.6,28.84,33.22,33.95,91.0,15.65,57.300000000000004,99.9,237.5,2897.0,1.46,36.800000000000004,14.99,6.96,36.03,29.01,3.0,239.5,1200.0
114602.102,28202.102,140.0,92.5,22.67,15.92,172.0,33.5,151.6,28.85,33.28,33.95,93.5,15.700000000000001,57.900000000000006,99.80000000000001,241.0,2898.0,1.32,36.75,15.06,6.91,35.89,28.93,1.0,242.5,1200.0
114662.102,28262.102,140.0,91.2,22.67,16.02,171.5,33.6,149.9,28.900000000000002,33.24,34.0,93.0,15.75,57.300000000000004,99.9,239.5,2900.0,1.33,36.75,14.99,6.97,35.99,28.98,0.0,239.0,1200.0
114722.101,28322.101,140.0,91.60000000000001,22.740000000000002,16.02,172.0,33.5,151.20000000000002,28.900000000000002,33.32,33.9,93.0,15.850000000000001,58.0,99.2,240.0,2904.0,1.58,36.75,15.07,7.0,36.0,28.97,0.0,240.5,1200.0
114782.101,28382.101,140.0,91.5,22.7,16.03,172.5,33.550000000000004,152.1,28.96,33.26,34.0,93.0,15.75,57.2,99.9,241.0,2899.0,1.3900000000000001,36.9,14.99,6.92,36.0,28.900000000000002,2.0,246.0,1200.0
114842.101,28442.101,140.0,89.7,22.71,16.04,171.0,33.5,152.0,28.93,33.34,34.0,92.0,15.65,57.1,100.0,240.5,2904.0,1.41,36.75,14.99,6.94,35.910000000000004,29.04,0.0,244.0,1200.0
114902.1,28502.1,140.0,89.80000000000001,22.75,15.99,171.0,33.550000000000004,151.4,28.900000000000002,33.230000000000004,34.0,93.5,15.850000000000001,57.2,99.7,240.5,2903.0,1.56,36.7,14.99,6.99,35.9,28.990000000000002,0.0,242.5,1200.0
114962.1,28562.1,140.0,88.30000000000001,22.650000000000002,16.01,172.5,33.550000000000004,149.5,28.900000000000002,33.28,33.9,92.5,15.700000000000001,57.1,100.0,245.0,2902.0,1.46,36.75,14.99,6.96,35.96,28.93,0.0,247.5,1200.0
115022.1,28622.1,140.0,90.9,22.71,15.98,171.0,33.65,150.6,28.88,33.26,34.050000000000004,94.5,15.600000000000001,57.6,99.7,248.0,2907.0,1.28,36.9,14.93,7.01,36.01,29.01,1.0,240.0,1200.0
115082.1,28682.1,140.0,91.0,22.7,15.98,170.5,33.65,151.4,28.97,33.38,33.9,93.5,15.700000000000001,57.6,99.4,240.5,2907.0,1.22,36.9,15.01,6.96,36.04,29.080000000000002,0.0,248.0,1200.0
115142.099,28742.099,140.0,91.80000000000001,22.79,15.97,171.5,33.7,151.20000000000002,29.04,33.26,33.9,93.0,15.8,57.7,100.0,244.5,2904.0,1.51,36.95,14.94,6.94,35.92,29.02,0.0,242.5,1200.0
115202.099,28802.099,140.0,91.2,22.64,16.02,173.0,33.7,152.70000000000002,29.04,33.3,33.9,92.5,15.8,57.400000000000006,100.0,244.0,2908.0,1.53,36.800000000000004,14.99,6.99,36.0,28.95,1.0,246.5,1200.0
115262.099,28862.099,140.0,89.5,22.72,15.950000000000001,172.5,33.6,151.6,28.94,33.31,34.1,93.0,15.65,57.5,99.80000000000001,244.5,2910.0,1.49,36.95,14.96,6.97,36.050000000000004,29.01,1.0,245.5,1200.0
115322.098,28922.098,140.0,91.4,22.68,16.01,174.0,33.800000000000004,150.9,29.01,33.36,34.0,91.0,15.8,57.2,100.0,244.0,2905.0,1.42,36.85,15.01,6.99,35.910000000000004,29.02,1.0,247.0,1200.0
115382.098,28982.098,140.0,90.4,22.73,15.97,172.5,33.550000000000004,150.1,29.05,33.32,34.050000000000004,94.5,15.700000000000001,57.0,100.0,241.0,2906.0,1.3800000000000001,36.9,15.030000000000001,6.99,35.96,29.0,1.0,242.5,1200.0
115442.098,29042.098,140.0,92.60000000000001,22.73,16.04,173.0,33.550000000000004,151.70000000000002,29.04,33.32,34.15,94.0,15.8,57.2,100.0,242.5,2910.0,1.35,36.95,14.94,7.0,35.94,29.07,2.0,241.5,1200.0
115502.098,29102.098,140.0,92.10000000000001,22.63,16.04,174.0,33.7,151.70000000000002,29.04,33.33,34.050000000000004,92.5,15.8,57.300000000000004,100.0,243.5,2912.0,1.53,36.85,15.02,7.0,35.94,28.94,2.0,243.5,1200.0
115562.097,29162.097,140.0,91.10000000000001,22.69,15.99,173.0,33.6,150.70000000000002,29.0,33.33,34.1,92.0,15.8,57.6,100.0,244.5,2908.0,1.3800000000000001,36.95,15.0,6.97,35.99,28.900000000000002,0.0,239.0,1200.0
115622.097,29222.097,140.0,91.0,22.71,15.99,172.0,33.6,151.20000000000002,28.98,33.36,34.15,92.5,15.700000000000001,57.400000000000006,100.0,242.5,2909.0,1.45,37.1,14.97,7.0,36.02,28.990000000000002,0.0,244.0,1200.0
115682.097,29282.097,140.0,92.2,22.61,15.98,173.0,33.7,151.5,28.96,33.26,34.050000000000004,92.0,15.75,57.5,100.0,246.5,2907.0,1.3900000000000001,36.95,15.030000000000001,7.01,36.02,29.04,0.0,245.0,1200.0
115742.096,29342.096,140.0,90.0,22.650000000000002,15.93,175.5,33.800000000000004,150.4,29.05,33.410000000000004,33.95,91.5,15.700000000000001,57.6,100.0,245.0,2905.0,1.54,36.85,14.97,7.03,35.980000000000004,29.01,0.0,244.0,1200.0
115802.096,29402.096,140.0,91.30000000000001,22.64,15.94,175.0,33.6,151.5,29.16,33.31,33.9,92.5,15.75,57.5,100.0,246.5,2907.0,1.47,37.1,14.96,6.95,35.99,29.01,0.0,240.5,1200.0
115862.096,29462.096,140.0,91.60000000000001,22.56,16.05,174.0,33.6,151.6,29.02,33.35,34.050000000000004,93.0,15.700000000000001,57.0,99.4,249.0,2909.0,1.41,36.75,15.0,7.0600000000000005,35.97,28.990000000000002,1.0,240.5,1200.0
115922.096,29522.096,140.0,90.4,22.580000000000002,16.01,172.0,33.550000000000004,150.9,29.02,33.32,34.050000000000004,91.0,15.75,57.400000000000006,99.7,237.5,2903.0,1.21,37.15,15.040000000000001,6.96,35.95,29.080000000000002,3.0,246.5,1200.0
115982.095,29582.095,140.0,89.9,22.64,15.950000000000001,171.0,33.65,151.20000000000002,29.02,33.3,33.9,92.5,15.600000000000001,57.400000000000006,100.0,245.5,2912.0,1.48,36.95,14.94,6.96,36.04,28.96,0.0,243.0,1200.0
116042.095,29642.095,140.0,89.80000000000001,22.650000000000002,16.0,172.0,33.550000000000004,151.20000000000002,28.89,33.33,34.1,90.0,15.700000000000001,56.800000000000004,99.9,246.0,2904.0,1.3800000000000001,36.800000000000004,15.030000000000001,7.01,36.01,29.03,2.0,240.5,1200.0
116102.095,29702.095,140.0,91.60000000000001,22.64,15.96,173.5,33.65,151.20000000000002,29.01,33.3,33.800000000000004,94.0,15.600000000000001,57.300000000000004,100.0,238.0,2902.0,1.44,37.0,15.0,7.0,36.03,28.98,1.0,237.0,1200.0
116162.095,29762.095,140.0,91.5,22.67,15.91,174.0,33.6,151.20000000000002,28.96,33.26,34.1,92.5,15.600000000000001,57.2,100.0,242.5,2902.0,1.49,36.85,14.98,7.0,36.0,28.91,0.0,242.0,1200.0
116222.094,29822.094,140.0,91.5,22.650000000000002,15.99,171.5,33.550000000000004,150.9,28.98,33.18,34.0,92.5,15.65,57.2,100.0,243.5,2901.0,1.55,37.1,15.030000000000001,7.03,36.0,29.0,0.0,241.5,1200.0
116282.094,29882.094,140.0,92.5,22.66,15.96,172.0,33.6,152.6,28.93,33.230000000000004,33.9,93.0,15.600000000000001,56.800000000000004,99.60000000000001,241.0,2905.0,1.3800000000000001,37.2,15.0,7.01,35.93,28.97,0.0,242.0,1200.0
116342.094,29942.094,140.0,91.10000000000001,22.71,15.98,171.5,33.550000000000004,150.5,28.84,33.26,33.85,92.5,15.8,57.800000000000004,100.0,241.0,2903.0,1.59,37.0,15.01,6.95,36.1,28.95,0.0,243.0,1200.0
116402.093,30002.093,140.0,90.0,22.72,15.950000000000001,172.5,33.65,151.4,28.98,33.32,34.0,93.0,15.700000000000001,56.7,100.0,242.5,2908.0,1.33,36.95,15.02,7.03,36.08,29.01,1.0,235.5,1200.0
116462.093,30062.093,140.0,91.0,22.580000000000002,15.97,172.5,33.4,151.70000000000002,28.95,33.18,34.050000000000004,90.5,15.700000000000001,56.900000000000006,100.0,242.5,2905.0,1.52,36.9,14.94,7.01,36.02,29.04,1.0,241.5,1200.0
116522.093,30122.093,140.0,91.60000000000001,22.69,16.02,172.0,33.45,152.5,28.97,33.29,33.9,93.0,15.700000000000001,56.900000000000006,100.0,239.0,2902.0,1.44,37.0,15.030000000000001,7.04,35.980000000000004,29.0,1.0,239.0,1200.0
116582.093,30182.093,140.0,89.60000000000001,22.66,16.0,174.5,33.550000000000004,152.3,28.830000000000002,33.26,33.800000000000004,94.0,15.65,57.400000000000006,99.9,243.0,2908.0,1.34,36.800000000000004,15.01,6.97,35.97,28.96,1.0,241.0,1200.0
116642.092,30242.092,140.0,91.0,22.69,16.0,171.0,33.550000000000004,150.20000000000002,28.94,33.19,33.95,90.0,15.75,56.2,99.80000000000001,241.5,2907.0,1.3900000000000001,36.95,14.99,6.94,36.06,28.990000000000002,1.0,243.0,1200.0
116702.092,30302.092,140.0,89.9,22.69,15.99,174.0,33.550000000000004,150.20000000000002,28.96,33.24,33.9,95.0,15.600000000000001,57.2,99.80000000000001,245.5,2907.0,1.31,36.800000000000004,14.950000000000001,7.0,36.04,29.0,0.0,239.5,1200.0
116762.092,30362.092,140.0,90.80000000000001,22.69,15.99,171.0,33.550000000000004,151.6,29.060000000000002,33.35,34.050000000000004,93.0,15.8,56.6,99.7,243.5,2906.0,1.3800000000000001,36.95,15.05,6.99,36.07,29.04,2.0,243.5,1200.0
116822.092,30422.092,140.0,90.2,22.71,15.91,174.0,33.550000000000004,151.4,29.01,33.34,33.85,90.5,15.65,57.6,100.0,241.5,2908.0,1.4000000000000001,37.0,14.98,6.97,35.95,29.02,0.0,239.5,1200.0
116882.091,30482.091,140.0,91.60000000000001,22.7,15.98,170.0,33.7,151.8,28.89,33.27,33.85,91.0,15.75,57.300000000000004,100.0,245.0,2897.0,1.48,36.9,15.01,6.99,35.980000000000004,29.05,4.0,245.0,1200.0
116942.091,30542.091,140.0,91.80000000000001,22.650000000000002,15.98,171.0,33.6,149.9,29.07,33.27,34.050000000000004,94.0,15.700000000000001,57.5,99.5,246.5,2908.0,1.6,37.050000000000004,15.01,6.96,35.980000000000004,28.93,0.0,240.0,1200.0
117002.091,30602.091,140.0,90.7,22.68,15.950000000000001,170.0,33.6,152.1,28.97,33.42,33.95,93.5,15.700000000000001,57.5,99.9,244.5,2905.0,1.35,36.800000000000004,15.030000000000001,6.96,36.03,28.98,0.0,243.0,1200.0
117062.091,30662.091,140.0,90.9,22.72,16.02,172.0,33.75,151.0,28.96,33.24,33.800000000000004,90.5,15.8,56.900000000000006,100.0,242.0,2902.0,1.47,37.1,15.05,6.93,36.0,28.98,2.0,242.5,1200.0
117122.09,30722.09,140.0,91.80000000000001,22.75,16.03,173.5,33.65,152.1,29.04,33.230000000000004,33.95,93.0,15.700000000000001,57.400000000000006,100.0,237.5,2909.0,1.51,36.9,15.040000000000001,6.99,36.01,28.96,0.0,247.0,1200.0
117182.09,30782.09,140.0,90.30000000000001,22.69,16.02,173.0,33.6,150.6,28.97,33.31,33.85,92.5,15.75,56.900000000000006,99.80000000000001,247.0,2908.0,1.57,36.9,15.01,7.0,35.99,29.0,0.0,247.0,1200.0
117242.09,30842.09,140.0,92.0,22.73,15.950000000000001,172.5,33.550000000000004,151.8,28.89,33.32,34.050000000000004,94.0,15.850000000000001,57.6,100.0,249.0,2914.0,1.34,36.95,14.9,7.0,36.01,29.05,0.0,239.0,1200.0
117302.09,30902.09,140.0,92.10000000000001,22.68,16.02,172.5,33.550000000000004,152.20000000000002,28.97,33.33,34.1,95.0,15.700000000000001,57.400000000000006,100.0,243.0,2907.0,1.5,37.0,15.030000000000001,7.03,36.03,28.900000000000002,2.0,243.5,1200.0
117362.089,30962.089,140.0,90.7,22.68,15.94,173.0,33.6,151.3,29.07,33.28,34.1,92.0,15.75,57.2,99.9,248.0,2908.0,1.36,36.95,14.99,6.96,35.910000000000004,28.98,2.0,247.0,1200.0
117422.089,31022.089,140.0,91.0,22.69,15.91,172.5,33.65,152.70000000000002,28.95,33.26,34.050000000000004,91.0,15.65,57.5,100.0,242.0,2910.0,1.45,36.85,15.040000000000001,7.01,35.96,28.98,3.0,245.0,1200.0
117482.089,31082.089,140.0,90.7,22.72,15.96,173.0,33.65,151.20000000000002,28.96,33.36,34.0,93.0,15.8,57.400000000000006,100.0,240.0,2909.0,1.49,36.9,14.93,7.03,35.99,29.01,0.0,244.5,1200.0
117542.089,31142.089,140.0,91.30000000000001,22.66,15.99,171.5,33.65,150.6,28.990000000000002,33.29,34.1,93.5,15.600000000000001,57.5,100.0,245.5,2912.0,1.57,36.85,15.05,6.92,36.06,28.98,2.0,241.0,1200.0
117602.088,31202.088,140.0,90.4,22.72,15.96,173.5,33.75,151.3,28.94,33.33,33.85,93.0,15.850000000000001,57.2,99.60000000000001,237.5,2908.0,1.31,37.0,14.99,7.0200000000000005,36.0,29.0,0.0,241.0,1200.0
117662.088,31262.088,140.0,90.7,22.66,15.9,173.5,33.95,152.0,28.97,33.29,34.050000000000004,93.5,15.75,57.2,99.7,241.0,2903.0,1.32,36.800000000000004,15.040000000000001,7.04,35.96,29.0,0.0,242.0,1200.0
117722.088,31322.088,140.0,90.2,22.68,15.93,171.0,33.7,150.6,29.04,33.36,34.2,94.5,15.700000000000001,57.7,100.0,244.0,2907.0,1.52,37.0,15.02,6.93,36.01,28.98,1.0,242.5,1200.0
117782.088,31382.088,140.0,90.2,22.68,16.03,172.0,33.65,152.20000000000002,29.0,33.45,34.1,94.5,15.75,58.0,100.0,243.5,2913.0,1.46,36.9,14.99,6.97,36.04,28.97,0.0,247.5,1200.0
117842.087,31442.087,140.0,90.80000000000001,22.64,16.02,171.5,33.6,151.70000000000002,28.96,33.37,33.9,94.0,15.850000000000001,57.1,100.0,246.0,2911.0,1.44,36.800000000000004,14.99,6.99,36.050000000000004,29.09,2.0,246.0,1200.0
117902.087,31502.087,140.0,90.9,22.72,16.0,172.0,33.7,151.20000000000002,29.03,33.37,34.050000000000004,91.5,15.75,57.2,100.0,242.5,2909.0,1.42,37.050000000000004,15.06,6.98,36.0,28.97,0.0,244.5,1200.0
117962.087,31562.087,140.0,91.30000000000001,22.63,16.02,172.5,33.5,151.20000000000002,29.07,33.34,33.9,93.0,15.65,56.800000000000004,99.9,244.5,2912.0,1.27,36.95,15.030000000000001,7.03,35.96,29.060000000000002,1.0,241.0,1200.0
118022.087,31622.087,140.0,89.9,22.66,16.01,174.0,33.7,151.3,29.05,33.36,34.0,94.0,15.65,57.400000000000006,99.80000000000001,242.5,2913.0,1.42,37.0,14.94,6.94,36.050000000000004,29.02,1.0,243.0,1200.0
118082.086,31682.086,140.0,91.7,22.67,15.96,173.0,33.75,152.8,29.04,33.45,34.2,93.5,15.850000000000001,56.900000000000006,99.5,241.0,2908.0,1.26,36.9,15.02,7.05,36.09,28.990000000000002,0.0,240.5,1200.0
118142.086,31742.086,140.0,91.80000000000001,22.66,16.0,172.0,33.800000000000004,151.20000000000002,29.060000000000002,33.43,34.15,92.0,15.850000000000001,56.6,100.0,244.5,2918.0,1.49,37.050000000000004,14.97,6.98,36.07,28.94,1.0,246.5,1200.0
118202.086,31802.086,140.0,89.9,22.71,16.01,173.5,33.7,151.5,29.03,33.44,34.15,93.0,15.8,57.2,100.0,244.0,2918.0,1.5,36.85,15.01,6.93,36.04,29.02,0.0,242.0,1200.0
118262.086,31862.086,140.0,90.2,22.650000000000002,15.950000000000001,172.0,33.75,150.9,29.11,33.34,34.15,92.5,15.700000000000001,56.800000000000004,99.60000000000001,245.5,2914.0,1.3900000000000001,37.1,14.94,7.05,35.99,29.03,0.0,243.0,1200.0
118322.085,31922.085,140.0,90.4,22.64,16.01,173.0,33.550000000000004,152.0,29.080000000000002,33.49,34.1,92.5,15.65,56.6,100.0,245.5,2918.0,1.33,37.050000000000004,15.02,7.01,35.93,29.04,0.0,243.0,1200.0
118382.085,31982.085,140.0,88.9,22.68,15.97,173.5,33.75,149.8,29.01,33.410000000000004,33.95,92.0,15.9,57.1,99.4,242.0,2919.0,1.31,36.9,14.99,6.96,36.01,28.94,1.0,241.0,1200.0
118442.085,32042.085,140.0,90.0,22.64,15.92,173.0,33.75,151.20000000000002,29.12,33.47,34.300000000000004,95.5,15.65,57.300000000000004,99.9,244.5,2913.0,1.45,37.1,15.06,7.0,36.02,29.04,2.0,247.0,1200.0
118502.085,32102.085,140.0,91.30000000000001,22.7,16.0,174.5,33.85,151.5,29.17,33.46,34.1,92.5,15.65,57.1,100.0,245.5,2915.0,1.44,37.050000000000004,14.97,6.97,35.99,28.98,1.0,244.0,1200.0
118562.084,32162.084,140.0,90.0,22.740000000000002,15.98,172.0,33.65,152.3,29.17,33.47,34.050000000000004,94.0,15.850000000000001,56.6,99.9,246.5,2912.0,1.4000000000000001,37.0,14.950000000000001,6.94,35.94,28.990000000000002,0.0,246.5,1200.0
118622.084,32222.084,140.0,91.9,22.56,15.99,172.5,33.75,150.20000000000002,29.13,33.42,34.1,92.0,15.850000000000001,57.1,99.80000000000001,243.0,2915.0,1.34,37.15,15.01,7.0200000000000005,36.050000000000004,28.98,1.0,247.5,1200.0
118682.084,32282.084,140.0,90.60000000000001,22.77,15.97,172.5,33.85,150.1,29.060000000000002,33.54,34.050000000000004,93.0,15.850000000000001,57.5,99.60000000000001,246.0,2914.0,1.44,37.0,15.02,7.04,36.01,28.97,0.0,246.5,1200.0
118742.084,32342.084,140.0,90.30000000000001,22.69,15.98,172.5,33.800000000000004,152.3,29.11,33.480000000000004,34.050000000000004,93.0,15.8,57.6,99.9,248.5,2917.0,1.52,37.2,15.02,7.01,36.0,29.05,0.0,246.0,1200.0
118802.083,32402.083,140.0,90.30000000000001,22.67,16.02,172.0,33.800000000000004,150.3,29.07,33.49,34.300000000000004,90.0,15.700000000000001,57.300000000000004,100.0,246.0,2920.0,1.41,37.15,14.950000000000001,6.99,35.980000000000004,28.97,0.0,246.5,1200.0
118862.083,32462.083,140.0,90.5,22.76,16.04,173.5,33.75,152.3,29.11,33.36,34.1,94.0,15.700000000000001,56.7,100.0,244.5,2913.0,1.52,37.15,15.040000000000001,7.04,36.04,28.96,0.0,248.0,1200.0
118922.083,32522.083,140.0,90.5,22.650000000000002,16.03,173.0,33.800000000000004,151.8,29.07,33.37,34.15,91.0,15.600000000000001,57.5,99.4,246.0,2919.0,1.3800000000000001,37.050000000000004,14.950000000000001,6.99,35.97,28.92,0.0,245.0,1200.0
118982.083,32582.083,140.0,91.9,22.68,16.02,173.5,33.7,150.0,29.080000000000002,33.410000000000004,34.15,90.5,15.75,57.7,100.0,246.5,2911.0,1.37,37.15,15.01,7.0600000000000005,36.02,29.05,0.0,247.5,1200.0
119042.083,32642.083,140.0,92.0,22.66,15.93,173.5,33.7,152.70000000000002,29.150000000000002,33.42,33.95,91.5,15.700000000000001,57.2,100.0,245.5,2916.0,1.44,36.95,14.97,7.0200000000000005,35.96,28.95,0.0,243.5,1200.0
119102.082,32702.082,140.0,91.5,22.6,16.0,173.5,33.7,150.5,29.07,33.29,34.2,93.0,15.8,57.2,99.9,245.0,2914.0,1.45,37.0,15.01,7.0,35.94,29.0,0.0,246.5,1200.0
119162.082,32762.082,140.0,90.5,22.7,16.01,173.0,33.75,151.4,29.0,33.410000000000004,34.1,91.0,15.850000000000001,57.6,100.0,242.5,2912.0,1.33,37.25,14.91,7.01,35.96,29.03,1.0,246.5,1200.0
119222.082,32822.082,140.0,91.5,22.76,15.950000000000001,174.5,33.6,151.1,29.04,33.32,33.95,91.5,15.65,57.300000000000004,100.0,249.5,2914.0,1.4000000000000001,37.0,15.0,7.01,36.04,29.080000000000002,1.0,242.5,1200.0
119282.082,32882.082,140.0,90.2,22.67,15.97,173.0,33.65,151.0,29.01,33.36,34.1,90.0,15.600000000000001,56.900000000000006,100.0,245.0,2909.0,1.3900000000000001,37.050000000000004,15.01,7.01,35.980000000000004,29.04,0.0,248.5,1200.0
119342.081,32942.081,140.0,91.60000000000001,22.73,16.02,173.0,33.7,150.70000000000002,29.05,33.33,34.050000000000004,93.0,15.9,57.6,100.0,240.5,2908.0,1.42,37.1,15.0,7.0200000000000005,35.95,29.09,2.0,242.5,1200.0
119402.081,33002.081,140.0,90.0,22.69,16.1,172.5,33.550000000000004,151.6,29.0,33.36,33.95,93.5,15.8,57.300000000000004,100.0,243.5,2910.0,1.31,37.1,14.92,6.98,35.95,28.96,0.0,242.5,1200.0
119462.081,33062.081,140.0,90.80000000000001,22.7,16.02,171.0,33.550000000000004,152.9,28.95,33.26,34.0,94.0,15.55,57.900000000000006,100.0,238.0,2909.0,1.3900000000000001,36.95,14.93,7.05,36.11,28.94,0.0,243.0,1200.0
119522.081,33122.081,140.0,90.2,22.650000000000002,16.03,175.0,33.65,150.1,28.990000000000002,33.3,33.85,95.0,15.700000000000001,57.400000000000006,99.9,243.0,2906.0,1.49,37.050000000000004,15.02,7.0,36.07,28.96,1.0,240.5,1200.0
119582.081,33182.081,140.0,92.10000000000001,22.75,16.06,174.0,33.6,151.5,28.95,33.33,34.0,92.5,15.75,58.0,100.0,243.0,2905.0,1.51,37.2,15.05,7.0200000000000005,36.06,29.03,3.0,244.0,1200.0
119642.08,33242.08,140.0,90.7,22.73,16.0,173.5,33.6,152.5,28.87,33.31,33.95,94.0,15.850000000000001,57.6,99.60000000000001,250.0,2909.0,1.49,36.95,15.08,6.97,36.02,29.01,0.0,242.5,1200.0
119702.08,33302.08,140.0,91.2,22.71,16.03,174.0,33.6,150.1,28.98,33.31,33.9,94.5,15.75,57.400000000000006,99.4,247.0,2912.0,1.45,37.050000000000004,14.99,6.97,35.96,28.990000000000002,1.0,241.5,1200.0
119762.08,33362.08,140.0,93.0,22.72,15.98,174.0,33.5,151.70000000000002,29.03,33.29,33.95,91.0,15.65,57.800000000000004,99.30000000000001,245.0,2910.0,1.3,37.050000000000004,14.92,6.99,36.07,28.96,1.0,244.5,1200.0
119822.08,33422.08,140.0,91.0,22.76,15.98,172.0,33.5,151.9,28.94,33.29,34.050000000000004,92.5,15.850000000000001,57.400000000000006,99.5,244.5,2903.0,1.41,36.95,14.98,7.05,35.92,29.0,0.0,244.0,1200.0
119882.079,33482.079,140.0,89.7,22.7,15.98,173.0,33.5,151.70000000000002,28.89,33.34,34.050000000000004,92.0,15.700000000000001,58.2,100.0,243.0,2908.0,1.48,36.95,14.99,7.01,35.99,28.990000000000002,0.0,242.0,1200.0
119942.079,33542.079,140.0,90.4,22.7,16.07,172.5,33.550000000000004,151.3,28.92,33.31,33.95,91.0,15.65,58.2,99.60000000000001,247.5,2903.0,1.37,37.050000000000004,15.0,7.0200000000000005,36.04,29.02,0.0,245.0,1200.0
120002.079,33602.079,140.0,91.7,22.75,16.03,172.5,33.550000000000004,151.9,28.97,33.32,33.9,92.0,15.700000000000001,57.300000000000004,100.0,240.0,2907.0,1.6,36.9,15.02,6.96,36.01,28.98,1.0,244.0,1200.0
120062.079,33662.079,140.0,92.0,22.73,16.0,171.5,33.4,152.4,28.92,33.26,34.050000000000004,92.0,15.700000000000001,57.300000000000004,99.60000000000001,244.0,2907.0,1.37,36.95,15.0,6.96,36.01,29.01,0.0,239.5,1200.0
120122.079,33722.079,140.0,90.30000000000001,22.69,15.98,171.5,33.45,151.4,28.900000000000002,33.26,33.85,90.0,15.700000000000001,58.5,100.0,249.5,2908.0,1.35,37.15,14.94,7.03,36.03,29.060000000000002,0.0,242.0,1200.0
120182.078,33782.078,140.0,90.9,22.69,15.97,174.0,33.550000000000004,150.70000000000002,28.93,33.34,34.050000000000004,93.5,15.75,57.2,99.9,243.0,2905.0,1.3800000000000001,36.800000000000004,15.040000000000001,6.95,36.08,29.01,0.0,240.5,1200.0
120242.078,33842.078,140.0,90.10000000000001,22.64,15.950000000000001,175.5,33.45,152.9,28.94,33.32,33.95,93.0,15.8,57.300000000000004,100.0,240.5,2905.0,1.55,37.0,14.950000000000001,6.98,35.94,28.990000000000002,1.0,243.5,1200.0
120302.078,33902.078,140.0,92.2,22.67,16.02,172.5,33.6,151.8,28.92,33.28,33.800000000000004,93.0,15.600000000000001,56.800000000000004,100.0,243.5,2902.0,1.4000000000000001,37.1,14.89,6.94,36.02,28.990000000000002,1.0,246.5,1200.0
120362.078,33962.078,140.0,91.30000000000001,22.72,16.0,174.0,33.5,151.6,28.94,33.26,33.95,94.0,15.65,57.7,100.0,242.0,2898.0,1.35,36.85,14.99,6.98,35.980000000000004,29.05,0.0,245.0,1200.0
120422.077,34022.077,140.0,91.80000000000001,22.69,16.080000000000002,172.5,33.550000000000004,152.5,28.91,33.28,33.95,93.0,15.65,57.800000000000004,99.5,241.0,2906.0,1.55,36.95,14.96,6.99,36.02,28.93,0.0,239.5,1200.0
120482.077,34082.077,140.0,91.9,22.72,16.05,171.0,33.5,151.4,28.85,33.25,33.9,92.5,15.8,57.300000000000004,100.0,242.0,2903.0,1.33,36.85,15.02,6.97,36.06,28.96,0.0,244.0,1200.0
120542.077,34142.077,140.0,90.5,22.69,15.96,170.5,33.7,150.70000000000002,28.94,33.2,33.9,93.5,15.700000000000001,57.300000000000004,99.60000000000001,242.0,2904.0,1.41,36.75,15.040000000000001,7.04,35.980000000000004,28.92,1.0,241.0,1200.0
120602.077,34202.077,140.0,91.60000000000001,22.580000000000002,15.99,172.5,33.5,152.4,28.990000000000002,33.19,33.800000000000004,94.0,15.850000000000001,57.300000000000004,100.0,247.0,2905.0,1.58,37.0,15.02,7.0200000000000005,36.07,28.990000000000002,0.0,241.5,1200.0
120662.077,34262.077,140.0,90.10000000000001,22.6,15.99,172.5,33.5,151.9,28.91,33.22,33.85,92.5,15.55,57.800000000000004,99.9,243.0,2904.0,1.25,36.85,15.030000000000001,7.03,35.99,29.03,0.0,243.5,1200.0
120722.076,34322.076,140.0,90.60000000000001,22.6,15.99,170.0,33.4,151.3,28.95,33.17,34.0,93.0,15.75,57.6,100.0,241.0,2904.0,1.51,36.85,14.98,6.99,36.03,28.97,0.0,248.0,1200.0
120782.076,34382.076,140.0,90.10000000000001,22.71,15.950000000000001,172.5,33.4,151.4,28.94,33.230000000000004,33.85,91.5,15.700000000000001,57.5,99.9,246.0,2901.0,1.22,36.9,14.92,7.03,35.97,28.98,0.0,241.0,1200.0
120842.076,34442.076,140.0,92.0,22.69,16.01,171.0,33.6,152.0,28.91,33.21,33.9,92.0,15.55,57.6,100.0,242.0,2901.0,1.34,36.95,15.0,6.95,35.99,28.92,1.0,245.5,1200.0
120902.076,34502.076,140.0,90.0,22.67,16.080000000000002,171.0,33.5,152.9,28.88,33.28,33.85,91.0,15.65,57.0,100.0,242.5,2909.0,1.48,36.95,14.99,6.96,36.02,28.990000000000002,0.0,240.0,1200.0
120962.076,34562.076,140.0,92.60000000000001,22.650000000000002,15.98,171.0,33.65,150.6,28.98,33.34,34.0,92.5,15.75,57.6,100.0,240.5,2905.0,1.26,37.050000000000004,14.99,7.07,35.95,29.02,1.0,242.5,1200.0
121022.075,34622.075,140.0,92.0,22.7,16.0,171.5,33.7,151.9,28.98,33.24,34.0,92.5,15.75,57.800000000000004,99.60000000000001,241.0,2900.0,1.27,36.95,14.97,7.0,35.99,28.91,1.0,236.5,1200.0
121082.075,34682.075,140.0,92.4,22.66,16.06,170.5,33.65,152.0,28.85,33.22,33.95,93.0,15.75,57.300000000000004,100.0,241.5,2900.0,1.29,36.9,15.02,6.97,36.01,28.98,0.0,243.5,1200.0
121142.075,34742.075,140.0,89.4,22.72,16.02,171.5,33.45,151.5,28.89,33.230000000000004,34.0,92.0,15.700000000000001,57.2,99.80000000000001,250.0,2900.0,1.5,36.800000000000004,15.02,6.96,36.01,29.05,0.0,240.5,1200.0
121202.075,34802.075,140.0,91.7,22.68,15.96,173.5,33.45,151.8,28.91,33.160000000000004,33.95,92.0,15.75,57.400000000000006,100.0,244.0,2898.0,1.3800000000000001,36.95,15.040000000000001,6.98,35.96,29.01,0.0,241.0,1200.0
121262.074,34862.074,140.0,91.30000000000001,22.67,16.02,171.5,33.5,151.0,28.93,33.29,34.050000000000004,93.0,15.700000000000001,57.2,99.9,247.0,2908.0,1.45,36.95,14.97,7.03,35.9,29.03,0.0,238.5,1200.0
121322.074,34922.074,140.0,90.9,22.68,15.99,172.0,33.550000000000004,152.6,28.86,33.25,34.0,93.5,15.700000000000001,57.6,100.0,240.5,2906.0,1.35,37.0,15.040000000000001,7.0600000000000005,36.02,28.97,0.0,240.5,1200.0
121382.074,34982.074,140.0,90.5,22.72,15.99,172.0,33.45,151.9,28.94,33.25,33.95,91.0,15.700000000000001,57.400000000000006,99.80000000000001,238.5,2899.0,1.4000000000000001,36.85,15.0,6.96,36.01,29.05,2.0,244.0,1200.0
121442.074,35042.074,140.0,91.9,22.740000000000002,16.03,171.5,33.6,151.70000000000002,28.94,33.24,33.95,94.0,15.9,57.2,100.0,240.5,2902.0,1.41,37.0,14.99,6.96,35.93,29.01,0.0,238.0,1200.0
121502.074,35102.074,140.0,90.0,22.67,15.97,172.0,33.550000000000004,150.3,29.09,33.3,33.9,92.5,15.75,57.6,99.9,239.5,2905.0,1.24,36.85,14.92,7.0,35.97,28.990000000000002,0.0,241.5,1200.0
121562.073,35162.073,140.0,92.30000000000001,22.75,16.04,173.0,33.550000000000004,151.5,28.86,33.29,33.85,92.0,15.700000000000001,57.900000000000006,99.9,245.5,2907.0,1.46,36.9,15.030000000000001,7.03,36.01,29.01,0.0,240.5,1200.0
121622.073,35222.073,140.0,90.60000000000001,22.650000000000002,15.99,171.5,33.550000000000004,150.5,28.91,33.38,34.1,92.0,15.75,57.6,100.0,241.5,2906.0,1.3,36.85,14.950000000000001,6.98,36.07,29.060000000000002,0.0,239.5,1200.0
121682.073,35282.073,140.0,90.9,22.72,16.06,171.5,33.6,152.5,28.830000000000002,33.28,33.85,93.5,16.0,57.400000000000006,100.0,244.5,2912.0,1.44,37.0,14.950000000000001,7.05,36.01,28.95,1.0,248.0,1200.0
121742.073,35342.073,140.0,90.4,22.67,16.02,171.5,33.65,150.6,28.93,33.32,34.0,91.0,15.75,57.6,100.0,242.0,2914.0,1.48,36.9,14.98,7.01,36.03,28.97,0.0,243.5,1200.0
121802.073,35402.073,140.0,92.2,22.650000000000002,15.99,174.0,33.6,149.9,28.96,33.32,33.95,96.5,15.75,57.7,100.0,243.5,2909.0,1.43,36.9,15.0,7.0200000000000005,36.11,28.96,0.0,242.0,1200.0
121862.072,35462.072,140.0,92.10000000000001,22.7,16.01,173.0,33.75,152.0,28.97,33.33,33.95,94.0,15.75,57.400000000000006,100.0,241.5,2909.0,1.49,36.95,14.97,7.0,36.01,28.93,0.0,241.5,1200.0
121922.072,35522.072,140.0,92.7,22.7,15.98,173.0,33.75,150.20000000000002,29.04,33.32,34.1,93.5,15.600000000000001,57.5,99.60000000000001,243.5,2912.0,1.37,37.050000000000004,15.040000000000001,7.0,35.94,29.0,0.0,248.0,1200.0
121982.072,35582.072,140.0,90.4,22.68,15.97,175.0,33.5,151.20000000000002,29.04,33.27,33.95,92.5,15.850000000000001,57.0,99.80000000000001,243.5,2908.0,1.53,36.9,14.96,6.99,35.99,28.98,0.0,247.5,1200.0
122042.072,35642.072,140.0,89.80000000000001,22.7,15.93,171.5,33.7,152.3,28.84,33.25,33.9,92.5,15.700000000000001,57.300000000000004,100.0,242.0,2912.0,1.35,36.9,14.96,6.98,36.06,29.01,3.0,245.0,1200.0
122102.072,35702.072,140.0,91.60000000000001,22.66,16.04,173.5,33.6,151.20000000000002,28.96,33.33,34.0,92.5,15.600000000000001,57.900000000000006,100.0,242.0,2908.0,1.27,37.0,15.05,7.04,35.96,29.0,4.0,247.0,1200.0
122162.071,35762.071,140.0,91.0,22.67,16.04,171.0,33.7,152.5,29.0,33.3,33.9,92.5,15.8,57.300000000000004,100.0,241.5,2904.0,1.36,37.050000000000004,15.0,6.99,36.03,28.98,0.0,247.0,1200.0
122222.071,35822.071,140.0,88.9,22.650000000000002,16.05,174.0,33.65,151.70000000000002,28.94,33.32,34.15,93.0,15.700000000000001,57.300000000000004,99.80000000000001,246.5,2911.0,1.41,37.050000000000004,15.01,7.04,35.93,29.01,0.0,243.5,1200.0
122282.071,35882.071,140.0,90.60000000000001,22.6,15.92,175.0,33.550000000000004,150.9,28.96,33.32,33.95,94.0,15.75,56.800000000000004,100.0,241.5,2907.0,1.3800000000000001,37.050000000000004,15.02,7.0,35.97,29.0,1.0,247.5,1200.0
122342.071,35942.071,140.0,89.30000000000001,22.650000000000002,16.03,174.5,33.65,151.9,28.95,33.33,33.95,92.5,15.700000000000001,57.400000000000006,100.0,245.0,2908.0,1.43,37.050000000000004,15.02,7.0,35.95,28.96,0.0,244.0,1200.0
122402.071,36002.071,140.0,90.5,22.68,15.92,173.0,33.6,152.20000000000002,28.97,33.29,33.95,93.0,15.65,57.2,99.5,240.0,2904.0,1.46,37.0,14.94,7.0,35.99,28.94,0.0,240.0,1200.0
122462.07,36062.07,140.0,92.0,22.71,16.06,173.5,33.6,150.5,28.92,33.17,33.85,94.0,15.65,57.800000000000004,100.0,243.0,2900.0,1.34,36.85,14.97,7.0200000000000005,35.980000000000004,29.060000000000002,0.0,240.0,1200.0
122522.07,36122.07,140.0,91.10000000000001,22.68,15.97,172.0,33.6,151.9,29.0,33.32,33.85,92.5,15.75,57.5,100.0,244.0,2902.0,1.41,36.85,15.06,6.95,36.06,29.0,0.0,240.5,1200.0
122582.07,36182.07,140.0,91.80000000000001,22.740000000000002,16.0,174.5,33.5,150.3,28.900000000000002,33.22,33.85,92.0,15.950000000000001,57.800000000000004,99.80000000000001,245.0,2903.0,1.44,36.800000000000004,14.97,7.0,35.97,29.01,1.0,242.5,1200.0
122642.07,36242.07,140.0,90.30000000000001,22.66,15.950000000000001,173.0,33.7,150.5,29.0,33.28,33.9,92.0,15.65,56.7,99.7,242.0,2902.0,1.3800000000000001,37.0,15.02,6.97,36.04,28.96,1.0,237.0,1200.0
122702.07,36302.07,140.0,90.9,22.69,15.96,171.0,33.7,150.8,28.89,33.35,33.9,92.5,15.55,57.1,99.60000000000001,240.5,2900.0,1.25,36.9,15.1,7.09,35.95,29.13,0.0,241.5,1200.0
122762.069,36362.069,140.0,91.10000000000001,22.67,15.99,173.0,33.5,153.1,28.89,33.230000000000004,33.7,92.0,15.700000000000001,57.6,100.0,240.5,2905.0,1.43,36.95,15.01,7.01,36.050000000000004,29.01,0.0,239.0,1200.0
122822.069,36422.069,140.0,91.9,22.55,15.93,172.0,33.6,153.0,28.85,33.19,33.95,92.0,15.8,57.1,99.9,237.0,2898.0,1.3800000000000001,36.800000000000004,15.02,6.98,36.03,29.01,0.0,240.0,1200.0
122882.069,36482.069,140.0,91.5,22.73,16.02,172.5,33.35,152.9,28.91,33.26,33.95,94.0,15.700000000000001,57.2,100.0,241.0,2902.0,1.35,37.050000000000004,14.97,7.01,35.99,29.0,0.0,241.0,1200.0
122942.069,36542.069,140.0,92.30000000000001,22.650000000000002,15.93,173.0,33.45,152.1,28.92,33.27,33.85,93.0,15.700000000000001,57.5,100.0,240.5,2897.0,1.46,36.95,14.94,7.03,36.01,28.96,0.0,239.0,1200.0
123002.069,36602.069,140.0,91.30000000000001,22.66,16.01,173.0,33.7,152.4,28.87,33.15,33.9,94.0,15.700000000000001,57.0,99.7,238.5,2901.0,1.45,36.85,14.98,6.95,35.910000000000004,28.98,1.0,238.5,1200.0
123062.068,36662.068,140.0,91.2,22.64,16.01,171.0,33.4,152.6,28.900000000000002,33.1,33.95,91.5,15.75,56.800000000000004,99.9,242.5,2895.0,1.31,36.85,15.030000000000001,6.98,35.97,28.92,2.0,243.5,1200.0
123122.068,36722.068,140.0,90.7,22.63,15.91,170.0,33.4,151.70000000000002,28.87,33.22,34.0,92.0,15.8,57.7,99.7,239.0,2896.0,1.52,36.800000000000004,14.99,6.99,36.06,28.94,2.0,246.0,1200.0
123182.068,36782.068,140.0,91.10000000000001,22.62,16.0,172.5,33.550000000000004,151.3,28.88,33.160000000000004,33.95,91.5,15.850000000000001,57.2,100.0,237.5,2901.0,1.27,36.800000000000004,14.99,6.94,36.04,29.01,0.0,241.5,1200.0
123242.068,36842.068,140.0,90.10000000000001,22.73,16.0,171.5,33.45,152.0,28.87,33.2,33.9,92.0,15.700000000000001,57.7,100.0,236.5,2896.0,1.34,36.9,15.01,7.01,35.94,28.96,0.0,244.0,1200.0
123302.068,36902.068,140.0,90.60000000000001,22.68,15.96,172.5,33.550000000000004,150.20000000000002,28.82,33.14,33.85,91.5,15.700000000000001,57.7,99.9,240.5,2893.0,1.52,36.85,14.97,7.0200000000000005,35.92,29.0,2.0,235.5,1200.0
123362.068,36962.068,140.0,91.5,22.740000000000002,16.03,172.5,33.35,151.0,28.82,33.11,33.800000000000004,93.0,15.75,57.5,99.7,237.0,2899.0,1.46,36.85,14.98,6.99,36.0,29.05,1.0,242.0,1200.0
123422.067,37022.067,140.0,90.30000000000001,22.67,16.07,171.5,33.4,151.6,28.91,33.22,33.9,93.0,15.700000000000001,58.0,100.0,240.5,2893.0,1.44,36.800000000000004,14.950000000000001,7.01,35.980000000000004,29.0,0.0,236.5,1200.0
123482.067,37082.067,140.0,90.9,22.7,15.99,172.0,33.45,152.9,28.79,33.07,33.85,94.5,15.65,57.0,99.2,238.5,2889.0,1.3,36.800000000000004,14.91,6.94,36.050000000000004,29.060000000000002,0.0,232.5,1200.0
123542.067,37142.067,140.0,91.2,22.69,16.05,172.0,33.25,153.0,28.78,33.12,33.85,93.5,15.75,57.800000000000004,100.0,243.0,2900.0,1.44,36.65,15.01,7.0200000000000005,36.03,28.98,0.0,239.5,1200.0
123602.067,37202.067,140.0,90.7,22.7,16.080000000000002,172.0,33.35,150.70000000000002,28.88,33.27,33.800000000000004,92.0,15.8,57.800000000000004,99.7,240.0,2893.0,1.32,36.800000000000004,15.05,7.01,35.95,29.080000000000002,0.0,241.0,1200.0
123662.067,37262.067,140.0,89.9,22.8,16.06,171.0,33.5,150.4,28.810000000000002,33.230000000000004,33.85,90.5,15.75,57.800000000000004,100.0,239.5,2895.0,1.31,36.6,15.08,7.0,35.97,28.94,2.0,242.0,1200.0
123722.066,37322.066,140.0,90.9,22.73,16.01,170.0,33.35,151.70000000000002,28.7,33.21,33.9,93.0,15.8,57.400000000000006,100.0,238.0,2895.0,1.4000000000000001,36.7,14.950000000000001,7.0,35.910000000000004,29.05,0.0,241.0,1200.0
123782.066,37382.066,140.0,90.7,22.68,15.950000000000001,171.5,33.4,151.4,28.830000000000002,33.17,33.9,93.0,15.65,57.5,99.7,243.0,2893.0,1.51,36.7,14.93,7.0200000000000005,35.93,28.97,0.0,242.0,1200.0
123842.066,37442.066,140.0,91.0,22.7,16.02,171.0,33.35,150.9,28.87,33.06,33.800000000000004,93.0,15.700000000000001,57.800000000000004,100.0,241.5,2898.0,1.56,36.85,15.02,7.03,36.04,29.060000000000002,0.0,237.0,1200.0
123902.066,37502.066,140.0,90.60000000000001,22.75,16.07,172.5,33.35,151.3,28.75,33.160000000000004,33.75,93.5,15.700000000000001,57.400000000000006,99.30000000000001,243.5,2894.0,1.31,36.75,14.97,6.97,36.0,28.92,1.0,236.0,1200.0
123962.066,37562.066,140.0,91.4,22.71,16.04,172.5,33.4,153.3,28.8,33.08,33.85,91.5,15.700000000000001,57.7,99.60000000000001,245.5,2896.0,1.41,36.7,15.040000000000001,6.98,36.06,28.97,2.0,241.0,1200.0
124022.065,37622.065,140.0,91.2,22.650000000000002,15.98,174.5,33.4,151.5,28.84,33.18,33.6,91.5,15.8,57.800000000000004,100.0,242.0,2900.0,1.37,36.75,15.02,6.98,36.12,28.990000000000002,0.0,241.0,1200.0
124082.065,37682.065,140.0,92.4,22.72,15.96,172.0,33.35,149.9,28.7,33.1,33.85,90.5,15.75,57.900000000000006,100.0,241.5,2898.0,1.29,36.550000000000004,15.05,7.05,35.96,28.91,2.0,242.5,1200.0
124142.065,37742.065,140.0,91.2,22.75,16.07,170.5,33.4,152.1,28.76,33.1,33.75,91.5,15.8,57.6,100.0,239.0,2896.0,1.36,36.85,15.06,7.03,36.07,28.96,0.0,239.5,1200.0
124202.065,37802.065,140.0,91.80000000000001,22.69,16.05,168.5,33.35,150.20000000000002,28.830000000000002,33.18,33.9,92.0,15.75,58.0,99.60000000000001,238.0,2896.0,1.42,36.6,14.98,6.97,36.050000000000004,28.93,0.0,237.5,1200.0
124262.065,37862.065,140.0,91.4,22.68,16.02,170.5,33.45,149.1,28.89,33.09,33.85,92.0,15.65,57.300000000000004,100.0,242.0,2895.0,1.47,36.65,15.040000000000001,6.95,35.97,29.12,1.0,240.5,1200.0
124322.065,37922.065,140.0,90.10000000000001,22.650000000000002,16.06,172.5,33.45,150.70000000000002,28.82,33.14,33.85,92.0,15.700000000000001,57.900000000000006,100.0,241.0,2898.0,1.37,36.7,15.030000000000001,6.94,35.95,28.94,0.0,241.0,1200.0
124382.064,37982.064,140.0,90.7,22.78,15.92,170.5,33.5,150.20000000000002,28.82,33.15,33.800000000000004,92.0,15.8,57.800000000000004,99.9,239.5,2900.0,1.36,36.9,15.01,6.99,35.980000000000004,29.11,1.0,243.0,1200.0
124442.064,38042.064,140.0,90.4,22.740000000000002,16.09,171.0,33.4,150.4,28.87,33.25,33.9,92.0,15.850000000000001,57.7,99.7,243.0,2898.0,1.49,36.7,15.06,6.94,35.980000000000004,29.02,0.0,239.0,1200.0
124502.064,38102.064,140.0,91.2,22.740000000000002,15.97,173.5,33.45,152.1,28.87,33.11,33.85,91.0,15.700000000000001,57.800000000000004,100.0,244.0,2895.0,1.49,36.75,15.01,7.0,36.0,28.97,1.0,240.0,1200.0
124562.064,38162.064,140.0,90.9,22.68,15.950000000000001,172.5,33.45,152.3,28.84,33.08,33.75,94.0,15.55,57.2,100.0,241.5,2897.0,1.31,36.75,15.05,6.98,35.94,29.0,1.0,240.0,1200.0
124622.064,38222.064,140.0,91.0,22.67,16.01,173.5,33.5,149.9,28.86,33.21,33.9,93.0,15.8,57.6,100.0,240.0,2897.0,1.3800000000000001,36.85,14.99,7.01,36.06,29.01,2.0,235.0,1200.0
124682.063,38282.063,140.0,90.2,22.69,16.03,171.0,33.6,152.0,28.86,33.18,33.85,93.5,15.65,57.300000000000004,100.0,248.0,2893.0,1.3900000000000001,36.9,15.030000000000001,6.98,36.03,28.98,0.0,244.5,1200.0
124742.063,38342.063,140.0,92.2,22.66,15.99,171.5,33.550000000000004,150.1,28.82,33.14,33.85,92.0,15.65,57.5,100.0,243.5,2903.0,1.43,36.65,14.96,7.01,36.0,29.04,0.0,237.5,1200.0
124802.063,38402.063,140.0,91.80000000000001,22.68,16.04,170.5,33.4,151.5,28.900000000000002,33.13,33.9,94.0,15.8,57.800000000000004,99.9,239.0,2895.0,1.3900000000000001,36.95,14.98,7.01,35.99,29.01,0.0,240.0,1200.0
124862.063,38462.063,140.0,92.30000000000001,22.69,15.99,171.0,33.550000000000004,150.4,28.87,33.160000000000004,33.9,92.5,15.65,57.7,100.0,246.0,2896.0,1.47,36.85,14.99,7.01,36.03,28.990000000000002,2.0,240.0,1200.0
124922.063,38522.063,140.0,90.30000000000001,22.67,15.98,172.0,33.5,151.1,28.84,33.18,33.9,92.0,15.700000000000001,57.6,100.0,240.5,2898.0,1.32,36.800000000000004,15.0,7.03,36.02,29.04,3.0,243.5,1200.0
124982.063,38582.063,140.0,90.4,22.72,16.05,173.0,33.5,150.3,28.84,33.06,33.85,92.0,15.700000000000001,57.900000000000006,99.9,241.5,2901.0,1.45,36.800000000000004,15.0,7.01,36.06,29.0,0.0,236.5,1200.0
125042.062,38642.062,140.0,90.9,22.650000000000002,16.03,172.0,33.45,151.20000000000002,28.88,33.22,33.800000000000004,92.0,15.8,57.400000000000006,100.0,242.0,2897.0,1.45,36.800000000000004,15.01,7.03,35.95,29.0,0.0,239.5,1200.0
125102.062,38702.062,140.0,91.5,22.66,16.04,171.0,33.5,151.4,28.88,33.11,33.95,94.0,15.75,57.6,100.0,241.0,2898.0,1.37,36.75,15.01,7.0200000000000005,36.04,29.11,1.0,242.5,1200.0
125162.062,38762.062,140.0,92.10000000000001,22.62,15.99,171.0,33.45,151.70000000000002,28.830000000000002,33.14,33.800000000000004,93.0,15.8,57.900000000000006,99.9,239.5,2899.0,1.44,36.85,15.0,6.99,35.97,28.96,0.0,241.0,1200.0
125222.062,38822.062,140.0,91.30000000000001,22.61,15.99,171.0,33.45,151.1,28.86,33.18,33.85,93.0,15.65,57.900000000000006,99.5,238.5,2895.0,1.46,36.800000000000004,14.96,7.01,35.93,29.07,4.0,238.5,1200.0
125282.062,38882.062,140.0,91.4,22.62,16.0,172.5,33.5,150.4,28.87,33.14,33.85,93.0,15.600000000000001,57.7,99.80000000000001,238.0,2899.0,1.34,36.800000000000004,14.950000000000001,6.96,35.94,29.03,0.0,237.5,1200.0
125342.062,38942.062,140.0,91.10000000000001,22.64,15.96,170.5,33.550000000000004,151.1,28.79,33.22,33.75,91.5,15.8,57.2,99.7,243.5,2897.0,1.46,36.85,14.98,6.96,35.97,28.98,0.0,240.0,1200.0
125402.061,39002.061,140.0,91.7,22.66,15.97,174.5,33.300000000000004,152.3,28.79,33.09,33.85,92.0,15.75,57.400000000000006,100.0,245.0,2898.0,1.44,36.800000000000004,14.99,6.98,35.99,29.01,2.0,242.0,1200.0
125462.061,39062.061,140.0,91.9,22.73,15.98,172.5,33.45,151.3,28.93,33.14,33.95,93.5,15.8,57.5,99.60000000000001,239.0,2900.0,1.53,36.75,14.94,7.0200000000000005,35.96,29.02,1.0,238.5,1200.0
125522.061,39122.061,140.0,91.2,22.650000000000002,16.01,173.0,33.4,152.5,28.82,33.15,33.85,92.0,15.65,57.300000000000004,99.4,244.0,2890.0,1.47,36.85,15.030000000000001,7.0600000000000005,36.04,29.05,0.0,235.5,1200.0
125582.061,39182.061,140.0,91.4,22.62,15.92,171.5,33.35,151.9,28.8,33.15,33.85,92.5,15.600000000000001,57.400000000000006,99.9,241.5,2895.0,1.5,36.7,15.030000000000001,6.98,36.01,29.03,0.0,238.5,1200.0
125642.061,39242.061,140.0,90.60000000000001,22.73,16.04,170.5,33.300000000000004,150.5,28.76,33.1,33.85,94.0,15.65,57.5,100.0,235.5,2899.0,1.3,36.75,15.030000000000001,7.0,36.06,29.07,0.0,241.0,1200.0
125702.061,39302.061,140.0,90.9,22.62,16.03,171.0,33.45,151.3,28.810000000000002,33.22,33.75,94.0,15.8,57.1,100.0,239.0,2893.0,1.32,36.85,15.030000000000001,7.01,36.06,28.95,0.0,238.0,1200.0
125762.06,39362.06,140.0,90.2,22.68,16.080000000000002,170.5,33.35,152.9,28.79,33.14,33.9,94.5,15.65,58.1,99.9,238.5,2893.0,1.27,36.7,14.950000000000001,7.03,36.04,29.03,1.0,241.5,1200.0
125822.06,39422.06,140.0,91.4,22.62,16.02,172.0,33.45,152.20000000000002,28.8,33.160000000000004,33.75,93.5,15.75,57.7,100.0,243.0,2891.0,1.35,36.7,15.08,6.96,36.0,29.01,0.0,244.0,1200.0
125882.06,39482.06,140.0,90.5,22.61,15.97,172.0,33.35,152.5,28.82,33.11,33.75,90.0,15.700000000000001,57.6,100.0,240.5,2891.0,1.44,36.800000000000004,14.98,7.04,35.97,29.060000000000002,0.0,242.0,1200.0
125942.06,39542.06,140.0,91.30000000000001,22.64,15.97,172.0,33.6,151.0,28.810000000000002,33.15,33.75,92.0,15.850000000000001,57.400000000000006,99.7,241.5,2896.0,1.48,36.65,15.0,6.96,36.050000000000004,29.02,2.0,241.0,1200.0
126002.06,39602.06,140.0,92.0,22.75,16.03,170.5,33.4,150.3,28.79,33.08,33.75,92.5,15.75,57.7,100.0,242.5,2895.0,1.42,36.65,14.96,6.99,36.0,28.98,2.0,239.5,1200.0
126062.06,39662.06,140.0,91.10000000000001,22.69,16.01,172.5,33.35,151.70000000000002,28.810000000000002,33.18,33.7,93.0,15.75,57.300000000000004,100.0,246.0,2895.0,1.42,36.85,14.97,6.97,35.99,28.95,0.0,241.0,1200.0
126122.059,39722.059,140.0,90.9,22.71,16.02,172.0,33.45,149.9,28.85,33.14,33.800000000000004,92.5,15.700000000000001,57.6,99.80000000000001,237.0,2899.0,1.43,36.85,15.02,7.03,36.0,28.990000000000002,0.0,240.5,1200.0
126182.059,39782.059,140.0,89.80000000000001,22.650000000000002,16.0,170.5,33.45,151.20000000000002,28.830000000000002,33.18,33.85,92.0,15.700000000000001,57.6,99.4,241.5,2893.0,1.3,36.800000000000004,15.05,6.97,36.0,28.98,0.0,241.0,1200.0
126242.059,39842.059,140.0,90.10000000000001,22.69,16.080000000000002,171.0,33.35,150.6,28.8,33.11,33.75,91.0,15.8,57.7,100.0,245.5,2895.0,1.59,36.75,14.99,6.99,35.99,28.97,3.0,244.0,1200.0
126302.059,39902.059,140.0,90.4,22.650000000000002,16.02,173.0,33.4,152.1,28.89,33.13,33.9,92.0,15.65,57.900000000000006,100.0,242.0,2896.0,1.56,36.7,14.98,6.95,35.86,28.97,0.0,241.0,1200.0
126362.059,39962.059,140.0,90.9,22.64,15.98,172.5,33.300000000000004,150.8,28.87,33.18,33.9,92.0,15.700000000000001,57.7,100.0,242.5,2894.0,1.41,36.75,15.040000000000001,6.94,36.03,29.04,1.0,241.5,1200.0
126422.059,40022.059,140.0,90.5,22.59,15.96,171.0,33.5,151.1,28.86,33.17,33.800000000000004,90.5,15.65,57.5,100.0,240.5,2897.0,1.3900000000000001,36.85,14.98,7.0600000000000005,36.04,29.0,0.0,243.0,1200.0
126482.058,40082.058,140.0,92.10000000000001,22.64,16.02,171.5,33.45,150.6,28.87,33.21,33.9,94.5,15.8,57.1,100.0,240.5,2899.0,1.44,36.75,15.040000000000001,6.96,36.02,28.93,0.0,244.0,1200.0
126542.058,40142.058,140.0,91.30000000000001,22.64,16.01,172.5,33.45,149.0,28.82,33.160000000000004,33.9,94.0,15.700000000000001,57.0,100.0,239.5,2897.0,1.24,36.85,14.98,7.04,35.95,28.95,0.0,237.5,1200.0
126602.058,40202.058,140.0,91.80000000000001,22.64,15.950000000000001,173.5,33.5,151.0,29.03,33.13,33.800000000000004,92.0,15.700000000000001,57.1,99.7,239.5,2898.0,1.53,36.7,15.040000000000001,7.0,35.94,29.03,1.0,241.5,1200.0
126662.058,40262.058,140.0,91.60000000000001,22.63,16.0,173.0,33.5,150.5,28.87,33.2,33.85,93.5,15.65,57.1,100.0,239.5,2895.0,1.51,36.7,15.05,6.95,36.06,29.03,0.0,238.5,1200.0
126722.058,40322.058,140.0,90.9,22.63,16.0,172.0,33.5,151.5,28.86,33.21,33.9,91.0,15.65,57.0,99.9,237.0,2894.0,1.32,36.75,14.97,7.05,35.97,29.01,0.0,238.0,1200.0
126782.058,40382.058,140.0,91.4,22.64,15.98,170.0,33.5,150.20000000000002,28.95,33.18,33.800000000000004,92.0,15.8,57.6,100.0,239.0,2896.0,1.54,36.75,14.91,6.92,36.0,28.98,0.0,244.0,1200.0
126842.057,40442.057,140.0,91.5,22.63,15.96,172.0,33.550000000000004,151.3,28.85,33.17,33.75,91.0,15.5,57.5,99.7,242.5,2892.0,1.31,36.75,15.0,6.95,36.0,29.09,0.0,239.5,1200.0
126902.057,40502.057,140.0,92.60000000000001,22.64,15.97,171.5,33.5,150.8,28.85,33.3,33.75,89.5,15.8,57.1,99.7,242.0,2897.0,1.41,36.75,14.96,6.96,35.94,29.05,2.0,239.0,1200.0
126962.057,40562.057,140.0,91.80000000000001,22.69,15.9,170.5,33.65,152.20000000000002,28.92,33.19,34.0,91.0,15.850000000000001,57.400000000000006,100.0,242.5,2900.0,1.4000000000000001,36.65,15.02,6.98,36.06,29.060000000000002,0.0,239.5,1200.0
127022.057,40622.057,140.0,91.4,22.68,15.98,171.0,33.300000000000004,151.6,28.86,33.25,33.85,94.5,15.75,57.0,100.0,238.5,2892.0,1.29,36.9,15.08,7.0600000000000005,35.96,29.01,1.0,245.0,1200.0
127082.057,40682.057,140.0,89.2,22.7,16.02,172.5,33.5,152.0,28.82,33.11,33.9,94.0,15.8,57.300000000000004,100.0,243.0,2903.0,1.41,36.85,15.0,6.99,35.97,28.92,0.0,245.0,1200.0
127142.057,40742.057,140.0,90.4,22.67,16.0,171.5,33.5,152.3,28.86,33.27,33.9,91.5,15.8,57.6,100.0,241.0,2895.0,1.46,36.800000000000004,15.02,7.05,36.04,29.060000000000002,0.0,238.0,1200.0
127202.056,40802.056,140.0,91.10000000000001,22.78,16.03,170.5,33.5,153.4,28.88,33.160000000000004,33.95,92.0,15.8,57.2,99.80000000000001,243.5,2901.0,1.35,36.85,14.97,7.0200000000000005,36.1,29.02,1.0,244.5,1200.0
127262.056,40862.056,140.0,91.2,22.73,16.03,172.5,33.550000000000004,151.70000000000002,28.76,33.11,33.85,92.5,15.75,57.6,100.0,242.5,2899.0,1.41,36.9,14.99,7.03,35.95,29.03,1.0,245.0,1200.0
127322.056,40922.056,140.0,91.5,22.75,16.01,170.0,33.6,151.5,28.900000000000002,33.25,33.9,92.0,15.700000000000001,57.900000000000006,100.0,242.5,2897.0,1.3900000000000001,36.7,15.01,6.99,36.04,28.900000000000002,3.0,237.5,1200.0
127382.056,40982.056,140.0,90.10000000000001,22.72,16.0,171.5,33.45,153.3,28.94,33.27,33.85,91.0,15.700000000000001,57.6,100.0,238.0,2900.0,1.19,36.800000000000004,15.06,6.97,36.1,29.02,0.0,239.5,1200.0
127442.056,41042.056,140.0,89.30000000000001,22.71,16.0,173.0,33.4,152.20000000000002,28.84,33.12,33.85,92.5,15.75,57.5,100.0,241.5,2896.0,1.46,36.800000000000004,15.02,7.03,36.09,28.95,0.0,237.5,1200.0
127502.056,41102.056,140.0,88.7,22.68,16.02,171.0,33.45,150.5,28.88,33.09,33.85,94.5,15.700000000000001,57.800000000000004,100.0,240.5,2904.0,1.3900000000000001,36.75,15.08,6.98,35.95,28.990000000000002,0.0,247.0,1200.0
127562.055,41162.055,140.0,90.60000000000001,22.73,15.950000000000001,172.0,33.45,150.20000000000002,28.92,33.25,33.75,94.0,15.75,57.800000000000004,100.0,243.5,2892.0,1.3800000000000001,36.7,15.02,7.05,35.96,28.98,1.0,240.0,1200.0
127622.055,41222.055,140.0,90.5,22.67,16.04,173.0,33.35,151.9,28.79,33.19,33.800000000000004,94.0,15.65,57.400000000000006,99.5,244.5,2900.0,1.46,36.9,15.05,7.04,35.910000000000004,29.02,2.0,241.0,1200.0
127682.055,41282.055,140.0,91.2,22.650000000000002,16.01,171.5,33.5,151.1,28.810000000000002,33.17,33.85,92.5,15.65,58.0,100.0,240.5,2898.0,1.51,36.9,15.07,6.96,35.910000000000004,28.96,1.0,240.0,1200.0
127742.055,41342.055,140.0,91.80000000000001,22.66,15.98,171.0,33.550000000000004,152.5,28.830000000000002,33.19,33.85,94.0,15.700000000000001,57.300000000000004,99.5,244.0,2894.0,1.45,36.6,15.040000000000001,6.98,35.97,28.94,0.0,242.0,1200.0
127802.055,41402.055,140.0,89.60000000000001,22.67,15.96,171.5,33.45,151.4,28.85,33.230000000000004,33.800000000000004,93.0,15.55,57.400000000000006,100.0,242.0,2900.0,1.35,36.7,14.98,6.96,36.09,28.94,1.0,238.0,1200.0
127862.055,41462.055,140.0,91.5,22.61,15.99,169.5,33.45,151.8,28.85,33.04,33.85,94.5,15.850000000000001,57.6,99.60000000000001,243.5,2898.0,1.18,36.65,14.97,7.0,36.0,28.96,3.0,237.0,1200.0
127922.055,41522.055,140.0,89.7,22.7,16.02,172.5,33.550000000000004,152.8,28.85,33.17,33.85,91.0,15.75,57.0,99.80000000000001,235.5,2894.0,1.31,36.800000000000004,15.030000000000001,6.98,35.96,28.98,1.0,239.0,1200.0
127982.054,41582.054,140.0,92.10000000000001,22.72,16.04,172.0,33.45,150.9,28.79,33.13,33.75,92.5,15.850000000000001,57.800000000000004,100.0,242.5,2892.0,1.49,36.65,15.02,6.96,36.03,28.93,0.0,239.5,1200.0
128042.054,41642.054,140.0,91.0,22.66,16.02,171.0,33.45,152.0,28.77,33.11,33.800000000000004,93.5,15.75,56.7,99.5,244.0,2894.0,1.49,36.75,15.01,7.05,35.97,28.97,1.0,237.0,1200.0
128102.054,41702.054,140.0,91.0,22.64,15.98,171.5,33.6,151.9,28.78,33.18,33.800000000000004,94.5,15.600000000000001,57.800000000000004,99.9,242.5,2899.0,1.49,36.75,15.01,6.95,36.04,29.05,1.0,235.5,1200.0
128162.054,41762.054,140.0,90.4,22.73,15.99,170.5,33.35,152.5,28.830000000000002,33.17,33.7,90.0,15.700000000000001,57.900000000000006,99.4,240.0,2896.0,1.41,36.85,14.98,7.0,35.95,29.11,0.0,242.5,1200.0
128222.054,41822.054,140.0,91.2,22.62,15.98,172.0,33.550000000000004,152.5,28.88,33.19,33.9,93.5,15.75,57.0,100.0,237.5,2897.0,1.43,36.95,15.030000000000001,6.99,36.0,29.0,1.0,240.5,1200.0
128282.054,41882.054,140.0,91.10000000000001,22.650000000000002,16.05,171.0,33.45,153.0,28.92,33.09,33.75,93.0,15.75,58.0,99.9,237.5,2893.0,1.45,36.7,15.01,7.0,36.01,29.07,0.0,242.5,1200.0
128342.053,41942.053,140.0,91.0,22.67,16.03,172.5,33.45,151.6,28.82,33.07,33.9,92.0,15.8,57.5,99.60000000000001,244.0,2895.0,1.36,36.800000000000004,15.0,7.01,36.02,28.990000000000002,4.0,243.5,1200.0
128402.053,42002.053,140.0,90.9,22.69,15.99,171.0,33.45,151.20000000000002,28.94,33.05,33.85,94.0,15.700000000000001,57.300000000000004,99.9,243.5,2893.0,1.49,36.75,15.06,7.03,36.03,28.95,0.0,242.5,1200.0
128462.053,42062.053,140.0,92.10000000000001,22.650000000000002,15.99,172.0,33.5,150.20000000000002,28.84,33.3,33.9,93.0,15.700000000000001,57.300000000000004,99.60000000000001,236.0,2898.0,1.35,36.75,15.06,7.09,36.01,28.990000000000002,0.0,237.0,1200.0
128522.053,42122.053,140.0,91.0,22.59,16.0,170.0,33.35,150.6,28.91,33.1,33.800000000000004,91.0,15.700000000000001,57.800000000000004,99.9,237.5,2894.0,1.36,36.85,14.97,6.99,35.93,28.93,0.0,241.5,1200.0
128582.053,42182.053,140.0,92.60000000000001,22.59,16.03,174.0,33.550000000000004,152.5,28.78,33.2,33.75,94.0,15.700000000000001,57.800000000000004,99.60000000000001,239.5,2897.0,1.48,36.800000000000004,15.02,6.99,35.94,28.94,0.0,243.5,1200.0
128642.053,42242.053,140.0,90.30000000000001,22.650000000000002,15.96,172.5,33.45,151.1,28.82,33.06,33.75,92.0,15.55,57.900000000000006,99.9,240.0,2902.0,1.4000000000000001,36.95,14.97,6.95,35.96,29.01,2.0,237.0,1200.0
128702.053,42302.053,140.0,91.5,22.67,16.06,174.0,33.550000000000004,150.4,28.84,33.27,33.85,94.5,15.700000000000001,57.1,100.0,242.5,2891.0,1.35,36.75,14.97,7.03,35.980000000000004,29.0,1.0,239.5,1200.0
128762.052,42362.052,140.0,90.7,22.61,15.99,172.5,33.45,151.3,28.82,33.160000000000004,33.800000000000004,92.0,15.75,57.6,100.0,240.0,2892.0,1.46,36.7,14.98,7.0200000000000005,36.02,29.03,2.0,243.0,1200.0
128822.052,42422.052,140.0,89.60000000000001,22.650000000000002,15.99,172.0,33.45,151.1,28.79,33.08,33.85,92.0,15.700000000000001,57.2,100.0,242.5,2893.0,1.51,36.85,14.91,7.08,36.08,29.0,0.0,242.0,1200.0
128882.052,42482.052,140.0,92.10000000000001,22.72,15.93,170.5,33.45,151.8,28.77,33.15,33.9,92.5,15.700000000000001,57.6,99.60000000000001,234.5,2893.0,1.43,36.75,15.01,7.03,36.0,28.96,0.0,241.0,1200.0
128942.052,42542.052,140.0,91.60000000000001,22.72,15.97,172.5,33.45,152.0,28.810000000000002,33.06,33.75,92.5,15.700000000000001,57.1,99.5,240.5,2891.0,1.41,36.7,14.94,7.05,36.0,28.900000000000002,0.0,242.5,1200.0
129002.052,42602.052,140.0,92.0,22.64,15.98,172.0,33.4,149.6,28.92,33.09,33.75,91.5,15.600000000000001,57.7,100.0,239.0,2891.0,1.42,36.7,15.02,6.95,35.99,29.01,0.0,240.0,1200.0
129062.052,42662.052,140.0,90.0,22.69,15.950000000000001,171.5,33.35,151.1,28.77,33.17,33.85,92.0,15.65,57.300000000000004,99.80000000000001,236.5,2894.0,1.26,36.75,15.06,7.01,36.03,28.93,0.0,241.0,1200.0
129122.051,42722.051,140.0,91.7,22.6,15.92,168.5,33.45,151.0,28.82,33.11,33.7,93.5,15.8,57.5,100.0,239.5,2886.0,1.46,36.7,14.98,7.0,36.04,29.04,1.0,239.0,1200.0
129182.051,42782.051,140.0,90.7,22.61,15.96,174.0,33.300000000000004,151.20000000000002,28.8,33.18,33.800000000000004,91.0,15.600000000000001,57.300000000000004,100.0,238.0,2892.0,1.33,36.75,14.99,7.07,35.99,29.01,0.0,243.5,1200.0
129242.051,42842.051,140.0,90.0,22.62,15.97,172.0,33.45,152.5,28.79,33.09,33.75,91.5,15.65,57.6,99.80000000000001,234.5,2890.0,1.6,36.800000000000004,14.91,7.0200000000000005,35.99,28.98,0.0,241.5,1200.0
129302.051,42902.051,140.0,92.7,22.650000000000002,15.94,171.5,33.550000000000004,150.0,28.78,33.08,33.85,92.5,15.700000000000001,57.6,100.0,237.5,2898.0,1.31,36.7,15.05,7.04,36.0,29.01,1.0,238.0,1200.0
129362.051,42962.051,140.0,92.0,22.64,16.04,170.0,33.5,152.0,28.76,33.15,33.95,94.0,15.8,57.300000000000004,99.9,239.5,2893.0,1.41,36.7,15.02,6.96,36.09,28.94,3.0,238.5,1200.0
129422.051,43022.051,140.0,90.0,22.62,15.97,171.5,33.45,150.6,28.830000000000002,33.08,33.85,92.5,15.8,57.300000000000004,100.0,237.0,2892.0,1.42,36.800000000000004,15.01,7.0,36.0,29.0,1.0,242.5,1200.0
129482.051,43082.051,140.0,91.5,22.69,16.02,170.0,33.45,151.9,28.85,33.11,33.75,90.5,15.75,57.7,100.0,240.5,2891.0,1.45,36.75,15.01,6.95,35.95,29.03,0.0,240.5,1200.0
129542.05,43142.05,140.0,90.9,22.72,16.0,172.0,33.5,152.4,28.91,33.17,33.800000000000004,91.0,15.700000000000001,58.6,100.0,240.0,2902.0,1.36,36.7,15.01,7.0,36.04,29.04,0.0,239.5,1200.0
129602.05,43202.05,140.0,91.2,22.66,16.04,170.0,33.5,151.5,28.85,33.15,33.800000000000004,93.0,15.75,56.900000000000006,99.5,241.5,2894.0,1.33,36.75,15.02,6.98,35.95,29.03,1.0,238.5,1200.0
129662.05,43262.05,140.0,90.9,22.650000000000002,16.0,170.5,33.5,150.3,28.78,33.11,33.85,92.5,15.850000000000001,57.5,99.9,240.0,2892.0,1.43,36.800000000000004,14.99,6.96,36.02,29.03,0.0,244.5,1200.0
129722.05,43322.05,140.0,89.10000000000001,22.63,16.0,170.5,33.300000000000004,153.3,28.66,33.14,33.85,93.0,15.600000000000001,57.300000000000004,99.9,243.0,2895.0,1.41,36.7,15.01,6.96,36.07,28.94,3.0,239.0,1200.0
129782.05,43382.05,140.0,92.2,22.59,16.05,170.0,33.4,150.5,28.79,33.09,33.75,90.5,15.65,57.400000000000006,99.30000000000001,242.0,2889.0,1.47,36.65,15.01,7.04,36.03,28.96,2.0,243.0,1200.0
129842.05,43442.05,140.0,90.0,22.68,16.03,171.5,33.300000000000004,151.70000000000002,28.8,33.05,33.9,91.0,15.700000000000001,57.5,99.60000000000001,237.0,2892.0,1.48,36.800000000000004,14.98,6.95,36.03,29.05,1.0,240.0,1200.0
129902.05,43502.05,140.0,90.9,22.67,16.03,172.5,33.300000000000004,152.5,28.79,33.07,33.800000000000004,90.5,15.8,57.6,99.7,242.5,2888.0,1.41,36.9,14.94,6.95,35.980000000000004,28.96,0.0,239.5,1200.0
129962.049,43562.049,140.0,90.60000000000001,22.64,16.03,172.0,33.300000000000004,151.6,28.78,33.1,33.800000000000004,94.5,15.75,57.6,100.0,238.0,2884.0,1.48,36.65,15.030000000000001,7.0,35.97,28.95,1.0,237.5,1200.0
130022.049,43622.049,140.0,90.4,22.69,16.06,173.0,33.35,152.6,28.79,33.08,33.75,92.0,15.75,57.1,100.0,240.5,2894.0,1.52,36.800000000000004,15.030000000000001,7.0600000000000005,36.02,29.05,1.0,238.5,1200.0
130082.049,43682.049,140.0,92.60000000000001,22.71,15.950000000000001,172.0,33.25,151.70000000000002,28.77,33.06,33.7,92.5,15.950000000000001,57.5,100.0,234.0,2887.0,1.32,36.7,14.98,6.99,35.96,28.94,1.0,243.0,1200.0
130142.049,43742.049,140.0,91.9,22.6,16.02,170.5,33.35,149.20000000000002,28.72,33.08,33.7,90.5,15.600000000000001,58.0,100.0,243.0,2894.0,1.43,36.65,15.0,7.0,36.07,28.900000000000002,0.0,233.5,1200.0
130202.049,43802.049,140.0,91.7,22.6,16.0,172.5,33.35,151.1,28.68,33.06,33.75,91.0,15.75,57.0,100.0,231.5,2887.0,1.42,36.7,15.0,7.0,35.9,29.02,0.0,237.5,1200.0
130262.049,43862.049,140.0,90.10000000000001,22.77,15.94,168.5,33.300000000000004,152.0,28.77,33.07,33.75,93.0,15.65,57.900000000000006,100.0,243.0,2891.0,1.4000000000000001,36.65,15.05,7.04,35.980000000000004,28.93,2.0,238.0,1200.0
130322.049,43922.049,140.0,91.0,22.68,16.04,173.0,33.300000000000004,151.0,28.87,33.12,33.65,91.0,15.600000000000001,57.6,100.0,240.0,2895.0,1.43,36.75,14.98,6.95,36.0,29.09,0.0,238.5,1200.0
130382.048,43982.048,140.0,91.30000000000001,22.7,16.03,169.0,33.25,151.5,28.7,33.06,33.800000000000004,90.5,15.65,57.800000000000004,99.60000000000001,234.0,2897.0,1.48,36.75,15.0,6.96,36.12,28.94,0.0,235.0,1200.0
130442.048,44042.048,140.0,89.80000000000001,22.71,15.96,174.0,33.45,150.8,28.67,33.12,33.7,93.5,15.75,58.0,100.0,241.5,2888.0,1.17,36.7,15.030000000000001,6.94,36.11,28.990000000000002,0.0,239.0,1200.0
130502.048,44102.048,140.0,91.60000000000001,22.68,16.01,170.5,33.5,150.20000000000002,28.76,33.1,33.800000000000004,93.5,15.700000000000001,57.5,99.80000000000001,237.5,2887.0,1.3900000000000001,36.7,15.02,6.92,36.03,28.98,0.0,245.5,1200.0
130562.048,44162.048,140.0,91.30000000000001,22.72,15.98,172.5,33.35,149.4,28.7,33.06,33.75,92.0,15.600000000000001,57.800000000000004,100.0,240.0,2896.0,1.41,36.550000000000004,15.07,6.97,36.03,28.900000000000002,0.0,238.0,1200.0
130622.048,44222.048,140.0,90.0,22.69,16.01,171.5,33.4,152.0,28.75,33.12,33.65,92.0,15.8,58.0,100.0,241.0,2896.0,1.3800000000000001,36.800000000000004,15.030000000000001,6.98,35.94,29.0,1.0,238.5,1200.0
130682.048,44282.048,140.0,91.4,22.69,15.97,170.5,33.4,151.3,28.740000000000002,33.14,33.75,91.0,15.700000000000001,57.5,100.0,242.0,2891.0,1.35,36.65,15.05,7.0,36.06,29.1,1.0,240.5,1200.0
130742.048,44342.048,140.0,92.0,22.73,16.02,172.0,33.35,151.4,28.84,33.06,33.75,89.5,15.600000000000001,57.6,100.0,237.0,2897.0,1.47,36.800000000000004,14.99,7.01,35.93,29.07,0.0,241.5,1200.0
130802.047,44402.047,140.0,89.5,22.71,16.02,171.0,33.4,151.0,28.75,33.15,33.6,90.5,15.700000000000001,57.800000000000004,100.0,243.5,2891.0,1.45,36.65,14.99,6.95,35.89,28.98,0.0,240.0,1200.0
130862.047,44462.047,140.0,93.4,22.71,15.97,172.0,33.35,151.70000000000002,28.77,33.06,33.75,92.0,15.600000000000001,57.6,99.9,243.0,2899.0,1.4000000000000001,36.45,15.030000000000001,6.98,36.050000000000004,29.01,1.0,241.0,1200.0
130922.047,44522.047,140.0,91.2,22.68,15.98,173.0,33.35,149.70000000000002,28.87,33.06,33.800000000000004,95.5,15.75,57.5,100.0,240.5,2893.0,1.6400000000000001,36.75,15.02,7.07,35.99,29.07,2.0,238.5,1200.0
130982.047,44582.047,140.0,92.0,22.7,15.97,172.0,33.4,153.0,28.85,33.04,33.6,93.0,15.850000000000001,57.5,100.0,242.0,2896.0,1.42,36.6,15.05,7.03,35.910000000000004,28.98,1.0,238.5,1200.0
131042.047,44642.047,140.0,91.7,22.69,15.94,172.0,33.45,151.5,28.76,33.160000000000004,33.75,92.0,15.700000000000001,57.800000000000004,100.0,245.0,2891.0,1.41,36.75,15.02,6.96,36.01,28.990000000000002,1.0,242.0,1200.0
131102.047,44702.047,140.0,92.5,22.68,15.97,172.0,33.5,151.3,28.73,33.17,33.95,91.5,15.700000000000001,57.300000000000004,99.7,243.0,2898.0,1.22,36.65,15.06,7.04,35.99,29.04,0.0,237.5,1200.0
131162.047,44762.047,140.0,90.80000000000001,22.64,16.02,170.0,33.35,150.0,28.84,33.18,33.95,93.0,15.600000000000001,57.7,100.0,241.0,2900.0,1.6600000000000001,36.800000000000004,14.99,6.97,36.07,29.03,0.0,238.5,1200.0
131222.046,44822.046,140.0,92.2,22.64,16.01,171.0,33.35,149.5,28.830000000000002,33.160000000000004,33.85,91.5,15.75,57.900000000000006,100.0,241.5,2897.0,1.22,36.7,14.99,6.98,36.04,29.03,3.0,244.0,1200.0
131282.046,44882.046,140.0,92.10000000000001,22.79,16.0,174.0,33.550000000000004,152.3,28.89,33.230000000000004,33.800000000000004,90.0,15.700000000000001,58.300000000000004,100.0,243.5,2898.0,1.41,36.85,14.950000000000001,7.05,35.95,29.05,0.0,241.0,1200.0
131342.046,44942.046,140.0,90.2,22.76,16.05,172.5,33.550000000000004,150.6,28.91,33.18,33.95,92.0,15.75,57.800000000000004,99.7,245.5,2902.0,1.37,36.7,15.02,6.99,36.02,29.03,0.0,240.5,1200.0
131402.046,45002.046,140.0,90.5,22.69,15.950000000000001,173.0,33.6,150.6,28.91,33.17,33.85,91.5,15.850000000000001,57.300000000000004,99.9,245.0,2898.0,1.26,36.7,15.07,7.01,35.93,29.03,0.0,240.0,1200.0
131462.046,45062.046,140.0,91.80000000000001,22.67,15.96,172.0,33.45,151.8,28.78,33.25,33.85,91.5,15.8,57.6,99.60000000000001,235.0,2902.0,1.47,36.800000000000004,15.0,7.0,36.07,28.94,2.0,240.0,1200.0
131522.046,45122.046,140.0,92.5,22.68,16.07,172.5,33.550000000000004,151.4,28.78,33.27,33.75,92.0,15.8,58.0,100.0,241.5,2896.0,1.42,36.65,15.07,6.94,36.04,29.1,2.0,246.0,1200.0
131582.046,45182.046,140.0,90.4,22.71,16.02,172.5,33.550000000000004,152.8,28.830000000000002,33.19,33.75,93.0,15.700000000000001,57.6,100.0,238.0,2901.0,1.25,36.85,15.02,6.99,35.99,29.0,0.0,243.0,1200.0
131642.046,45242.046,140.0,90.5,22.8,16.07,171.5,33.5,151.0,28.79,33.17,33.800000000000004,92.5,15.700000000000001,57.900000000000006,99.80000000000001,242.0,2896.0,1.48,36.85,14.98,7.01,35.980000000000004,28.990000000000002,1.0,241.5,1200.0
131702.045,45302.045,140.0,90.4,22.72,15.97,170.0,33.550000000000004,151.9,28.900000000000002,33.12,33.9,92.5,15.75,57.900000000000006,100.0,242.0,2900.0,1.6500000000000001,36.9,14.96,6.98,35.980000000000004,28.96,0.0,241.0,1200.0
131762.045,45362.045,140.0,90.4,22.740000000000002,16.04,170.0,33.35,151.0,28.76,33.22,33.75,93.0,15.700000000000001,57.6,100.0,243.5,2896.0,1.47,36.7,15.0,7.0200000000000005,35.95,29.03,0.0,244.0,1200.0
131822.045,45422.045,140.0,90.7,22.73,16.03,171.5,33.35,154.20000000000002,28.87,33.19,33.800000000000004,91.5,15.65,57.400000000000006,100.0,244.0,2902.0,1.43,36.75,14.98,7.03,36.01,28.95,2.0,243.5,1200.0
131882.045,45482.045,140.0,91.0,22.71,15.99,172.0,33.45,150.8,28.89,33.12,33.75,94.5,15.950000000000001,57.300000000000004,99.7,244.0,2899.0,1.49,36.85,14.99,7.03,36.07,28.990000000000002,0.0,239.5,1200.0
131942.045,45542.045,140.0,90.80000000000001,22.75,16.07,172.5,33.300000000000004,151.6,28.740000000000002,33.12,33.800000000000004,94.0,15.75,58.7,100.0,237.5,2898.0,1.33,36.85,14.96,7.08,36.06,29.09,0.0,243.0,1200.0
132002.045,45602.045,140.0,89.7,22.7,16.06,171.5,33.5,152.70000000000002,28.79,33.14,33.7,93.0,15.850000000000001,57.6,99.5,243.0,2896.0,1.5,36.75,14.99,6.97,36.0,28.92,0.0,242.0,1200.0
132062.045,45662.045,140.0,90.4,22.64,15.94,172.5,33.45,151.9,28.810000000000002,33.09,33.9,94.5,15.8,58.0,100.0,247.0,2899.0,1.51,36.800000000000004,15.02,6.99,35.97,29.0,0.0,242.5,1200.0
132122.044,45722.044,140.0,90.4,22.75,15.99,172.5,33.5,151.8,28.87,32.99,33.9,90.5,15.8,57.900000000000006,99.7,247.0,2900.0,1.47,36.800000000000004,15.0,7.0200000000000005,36.06,29.02,0.0,247.0,1200.0
132182.044,45782.044,140.0,91.30000000000001,22.68,16.04,170.5,33.4,152.0,28.93,33.14,34.050000000000004,93.0,15.700000000000001,57.800000000000004,100.0,241.0,2895.0,1.53,36.75,14.93,7.09,36.01,29.060000000000002,0.0,240.0,1200.0
132242.044,45842.044,140.0,90.80000000000001,22.63,16.03,172.0,33.6,150.8,28.830000000000002,33.13,33.7,93.5,15.950000000000001,57.5,100.0,245.5,2901.0,1.41,36.85,15.030000000000001,7.0,36.04,28.96,0.0,240.5,1200.0
132302.044,45902.044,140.0,91.2,22.59,16.03,172.5,33.35,150.8,28.82,33.13,33.9,93.0,15.75,57.5,100.0,243.5,2898.0,1.3800000000000001,36.800000000000004,14.950000000000001,6.96,36.01,29.0,2.0,246.0,1200.0
132362.044,45962.044,140.0,91.5,22.72,16.03,171.0,33.45,151.4,28.76,33.05,33.75,92.5,15.8,57.900000000000006,100.0,240.5,2899.0,1.3900000000000001,36.85,14.97,7.05,36.050000000000004,29.02,0.0,242.0,1200.0
132422.044,46022.044,140.0,91.7,22.7,15.89,172.5,33.45,151.3,28.87,33.12,33.7,93.5,15.65,57.400000000000006,99.9,241.0,2895.0,1.31,36.7,14.950000000000001,6.96,36.03,29.060000000000002,0.0,238.5,1200.0
132482.044,46082.044,140.0,90.0,22.71,15.96,170.5,33.35,151.4,28.84,33.19,33.9,92.5,15.75,57.800000000000004,100.0,240.0,2896.0,1.48,36.65,15.05,7.08,36.07,29.02,0.0,239.0,1200.0
132542.044,46142.044,140.0,92.30000000000001,22.68,16.04,169.0,33.550000000000004,151.6,28.8,33.14,33.95,90.5,15.700000000000001,57.5,99.60000000000001,243.5,2895.0,1.3900000000000001,36.65,14.99,6.93,36.07,28.95,2.0,240.0,1200.0
132602.043,46202.043,140.0,91.10000000000001,22.7,16.0,170.0,33.4,150.1,28.84,33.19,33.75,95.0,15.8,57.1,100.0,241.5,2889.0,1.3800000000000001,36.65,15.01,7.01,36.0,29.02,0.0,240.5,1200.0
132662.043,46262.043,140.0,90.30000000000001,22.62,15.97,172.5,33.300000000000004,150.3,28.77,33.11,33.65,93.5,15.75,57.2,99.4,236.0,2891.0,1.36,36.75,15.05,7.04,36.02,28.92,3.0,238.5,1200.0
132722.043,46322.043,140.0,90.10000000000001,22.67,15.950000000000001,170.0,33.25,151.6,28.82,33.1,33.75,92.0,15.9,56.800000000000004,100.0,240.5,2897.0,1.46,36.85,15.0,6.98,35.95,28.98,0.0,233.0,1200.0
132782.043,46382.043,140.0,89.9,22.73,15.97,170.5,33.45,150.3,28.76,33.160000000000004,33.85,92.5,15.850000000000001,58.0,99.7,243.5,2891.0,1.3900000000000001,36.7,14.98,7.03,35.97,28.95,3.0,238.5,1200.0
132842.043,46442.043,140.0,91.9,22.71,16.01,170.5,33.35,152.6,28.650000000000002,33.09,33.65,93.5,15.700000000000001,57.900000000000006,100.0,239.0,2898.0,1.44,36.800000000000004,15.0,7.04,35.980000000000004,29.05,0.0,240.5,1200.0
132902.043,46502.043,140.0,91.80000000000001,22.69,16.04,171.0,33.45,150.4,28.77,33.07,33.7,93.0,15.55,57.400000000000006,100.0,238.5,2892.0,1.6500000000000001,36.65,15.02,6.92,36.04,28.96,0.0,242.0,1200.0
132962.043,46562.043,140.0,90.2,22.71,15.96,172.0,33.45,151.8,28.740000000000002,33.15,33.7,93.0,15.700000000000001,58.2,99.9,242.0,2894.0,1.58,36.75,15.01,7.0,36.03,28.95,0.0,239.5,1200.0
133022.043,46622.043,140.0,90.10000000000001,22.75,16.02,172.5,33.25,151.9,28.75,33.08,33.7,93.0,15.850000000000001,57.800000000000004,100.0,241.5,2896.0,1.32,36.65,14.94,7.01,36.09,29.05,0.0,235.0,1200.0
133082.042,46682.042,140.0,91.4,22.68,15.99,173.0,33.25,151.1,28.810000000000002,33.05,33.7,91.5,15.850000000000001,57.800000000000004,100.0,239.0,2886.0,1.43,36.75,15.040000000000001,6.93,35.96,28.94,0.0,245.0,1200.0
133142.042,46742.042,140.0,90.60000000000001,22.740000000000002,16.01,169.5,33.45,151.6,28.66,33.12,33.75,91.5,15.8,57.900000000000006,100.0,242.0,2889.0,1.41,36.95,14.99,6.98,35.99,29.03,0.0,239.5,1200.0
133202.042,46802.042,140.0,92.4,22.68,16.05,172.5,33.5,153.5,28.78,33.08,33.75,93.0,15.700000000000001,57.900000000000006,100.0,240.5,2892.0,1.37,36.6,15.02,7.08,36.02,29.0,0.0,243.0,1200.0
133262.042,46862.042,140.0,91.30000000000001,22.81,16.09,171.5,33.4,150.5,28.69,33.07,33.75,93.0,15.55,58.800000000000004,99.9,243.0,2888.0,1.23,36.9,14.97,6.99,35.96,29.01,0.0,241.0,1200.0
133322.042,46922.042,140.0,89.4,22.71,16.01,170.0,33.300000000000004,152.0,28.76,33.07,33.75,93.5,15.65,57.900000000000006,100.0,245.5,2898.0,1.25,36.6,15.0,7.0,36.0,29.12,0.0,237.5,1200.0
133382.042,46982.042,140.0,90.9,22.81,16.07,170.0,33.25,151.8,28.72,32.99,33.75,92.0,15.75,57.900000000000006,99.7,240.5,2893.0,1.43,36.800000000000004,15.06,7.03,35.980000000000004,29.05,0.0,246.0,1200.0
133442.042,47042.042,140.0,92.0,22.76,16.01,173.0,33.25,153.20000000000002,28.72,33.0,33.550000000000004,93.0,15.65,58.400000000000006,100.0,239.5,2893.0,1.35,36.7,14.92,6.99,36.02,29.03,0.0,240.5,1200.0
133502.042,47102.042,140.0,91.60000000000001,22.75,16.03,170.5,33.4,151.20000000000002,28.740000000000002,33.07,33.7,92.5,15.65,58.400000000000006,100.0,241.0,2896.0,1.46,36.65,14.870000000000001,7.07,36.03,28.94,2.0,243.0,1200.0
133562.041,47162.041,140.0,90.10000000000001,22.68,15.950000000000001,172.0,33.35,150.0,28.72,33.07,33.65,90.5,15.65,58.300000000000004,99.80000000000001,237.0,2891.0,1.57,36.7,14.96,6.99,36.02,28.990000000000002,0.0,239.5,1200.0
133622.041,47222.041,140.0,90.2,22.740000000000002,16.06,170.0,33.300000000000004,152.1,28.73,32.99,33.6,93.5,15.5,58.1,99.9,235.5,2890.0,1.32,36.7,15.0,7.0,36.050000000000004,28.91,0.0,245.0,1200.0
133682.041,47282.041,140.0,90.2,22.68,16.03,171.5,33.1,150.8,28.67,32.980000000000004,33.65,94.0,15.65,57.6,100.0,240.0,2884.0,1.52,36.65,15.0,7.05,35.95,28.97,1.0,238.0,1200.0
133742.041,47342.041,140.0,91.10000000000001,22.740000000000002,15.99,170.5,33.300000000000004,150.5,28.64,33.01,33.6,94.0,15.75,57.800000000000004,100.0,240.0,2890.0,1.34,36.7,15.07,6.97,36.04,29.0,0.0,234.0,1200.0
133802.041,47402.041,140.0,91.2,22.7,15.99,170.0,33.2,152.3,28.71,33.06,33.7,92.5,15.700000000000001,58.0,99.80000000000001,240.5,2888.0,1.27,36.65,15.07,6.98,36.04,29.02,0.0,237.0,1200.0
133862.041,47462.041,140.0,90.9,22.72,16.03,170.0,33.15,151.6,28.67,33.02,33.550000000000004,92.0,15.700000000000001,58.300000000000004,99.9,243.0,2890.0,1.54,36.800000000000004,15.030000000000001,6.99,36.050000000000004,29.0,1.0,240.0,1200.0
133922.041,47522.041,140.0,92.4,22.71,15.97,170.0,33.300000000000004,150.9,28.66,33.05,33.550000000000004,93.0,15.65,58.300000000000004,100.0,237.5,2886.0,1.5,36.7,15.01,6.94,35.94,29.05,2.0,241.5,1200.0
133982.041,47582.041,140.0,90.30000000000001,22.72,15.98,170.5,33.15,151.3,28.7,32.95,33.6,89.5,15.65,58.0,99.5,235.0,2879.0,1.49,36.7,14.92,6.98,36.0,28.96,0.0,236.5,1200.0
134042.04,47642.04,140.0,90.30000000000001,22.650000000000002,15.98,171.0,33.2,152.5,28.7,33.0,33.65,93.5,15.850000000000001,58.2,100.0,234.5,2885.0,1.37,36.75,15.0,7.01,36.01,28.92,0.0,240.5,1200.0
134102.04,47702.04,140.0,90.80000000000001,22.740000000000002,16.01,169.0,33.300000000000004,151.5,28.69,32.99,33.75,91.5,15.700000000000001,58.1,100.0,240.5,2886.0,1.31,36.65,15.040000000000001,7.0,36.02,28.92,0.0,240.5,1200.0
134162.04,47762.04,140.0,90.9,22.7,15.99,170.0,33.300000000000004,151.5,28.64,33.01,33.7,94.0,15.8,58.0,100.0,240.5,2884.0,1.52,36.65,15.040000000000001,6.98,35.980000000000004,29.03,0.0,237.0,1200.0
134222.04,47822.04,140.0,91.2,22.66,16.02,172.5,33.15,151.4,28.61,32.93,33.7,92.5,15.700000000000001,57.7,99.4,238.5,2885.0,1.36,36.7,15.01,7.0200000000000005,36.01,28.97,0.0,237.5,1200.0
134282.04,47882.04,140.0,92.4,22.68,16.01,171.0,33.4,149.4,28.67,33.05,33.65,93.0,15.65,58.300000000000004,100.0,234.5,2881.0,1.26,36.65,15.0,6.98,36.07,29.07,0.0,236.0,1200.0
134342.04,47942.04,140.0,89.5,22.67,16.01,171.0,33.25,150.20000000000002,28.63,32.980000000000004,33.75,91.5,15.8,57.6,100.0,231.5,2888.0,1.3,36.550000000000004,14.99,7.01,36.06,29.060000000000002,0.0,241.5,1200.0
134402.04,48002.04,140.0,90.5,22.68,15.97,169.5,33.300000000000004,151.9,28.68,32.97,33.7,92.0,15.700000000000001,57.5,99.60000000000001,240.5,2885.0,1.43,36.6,14.91,6.98,36.07,29.03,3.0,239.5,1200.0
134462.04,48062.04,140.0,91.4,22.63,15.99,173.0,33.35,151.0,28.7,33.05,33.800000000000004,94.5,15.65,57.800000000000004,100.0,241.0,2885.0,1.34,36.65,14.99,7.0,36.02,28.98,0.0,241.0,1200.0
134522.039,48122.039,140.0,91.10000000000001,22.71,16.09,172.0,33.300000000000004,151.6,28.66,32.99,33.800000000000004,92.5,15.75,57.7,99.80000000000001,239.0,2887.0,1.29,36.85,14.96,6.98,36.06,29.01,0.0,235.5,1200.0
134582.039,48182.039,140.0,88.80000000000001,22.580000000000002,15.94,170.5,33.15,151.1,28.69,32.93,33.7,92.0,15.65,58.2,99.9,241.0,2886.0,1.37,36.5,14.98,7.01,36.03,28.96,1.0,235.5,1200.0
134642.039,48242.039,140.0,90.60000000000001,22.61,16.06,171.5,33.25,151.6,28.7,33.1,33.7,91.5,15.8,57.900000000000006,100.0,237.0,2889.0,1.5,36.550000000000004,14.94,6.93,36.0,28.96,1.0,237.0,1200.0
134702.039,48302.039,140.0,90.80000000000001,22.62,15.93,170.5,33.300000000000004,150.9,28.73,32.86,33.7,92.5,15.75,58.300000000000004,100.0,238.0,2884.0,1.34,36.6,15.01,7.04,36.02,29.04,0.0,236.5,1200.0
134762.039,48362.039,140.0,89.80000000000001,22.66,15.99,168.5,33.25,152.9,28.71,33.01,33.6,91.5,15.700000000000001,58.0,100.0,240.5,2880.0,1.34,36.6,15.01,7.07,35.980000000000004,29.03,0.0,239.5,1200.0
134822.039,48422.039,140.0,90.7,22.63,15.92,173.0,33.1,150.1,28.64,33.04,33.6,92.5,15.8,58.0,100.0,235.0,2879.0,1.27,36.45,15.02,7.12,36.03,29.0,3.0,240.5,1200.0
134882.039,48482.039,140.0,91.60000000000001,22.67,15.96,173.5,33.15,151.5,28.6,32.95,33.65,92.0,15.8,58.2,100.0,235.0,2883.0,1.46,36.6,14.98,7.07,35.96,29.01,0.0,234.5,1200.0
134942.039,48542.039,140.0,91.7,22.64,15.99,171.0,33.15,151.0,28.650000000000002,32.96,33.800000000000004,93.0,15.75,57.5,100.0,240.0,2884.0,1.26,36.800000000000004,15.030000000000001,7.0200000000000005,36.07,29.03,0.0,241.0,1200.0
135002.038,48602.038,140.0,91.4,22.56,15.93,170.0,33.4,152.20000000000002,28.61,32.99,33.800000000000004,91.0,15.8,57.900000000000006,100.0,236.5,2888.0,1.53,36.5,14.96,6.98,36.09,29.04,0.0,239.5,1200.0
135062.038,48662.038,140.0,91.30000000000001,22.67,15.98,172.0,33.35,151.6,28.78,32.93,33.7,92.5,15.65,57.6,100.0,235.0,2884.0,1.47,36.5,15.02,6.99,35.96,28.95,0.0,233.0,1200.0
135122.038,48722.038,140.0,91.5,22.6,15.98,169.5,33.25,151.9,28.77,33.05,33.75,92.5,15.65,57.400000000000006,100.0,238.0,2884.0,1.37,36.550000000000004,15.030000000000001,7.0,36.02,28.94,0.0,236.5,1200.0
135182.038,48782.038,140.0,89.9,22.68,15.98,172.5,33.4,151.5,28.77,33.05,33.800000000000004,94.0,15.700000000000001,57.6,100.0,233.0,2886.0,1.29,36.5,14.98,6.98,36.0,29.0,1.0,237.5,1200.0
135242.038,48842.038,140.0,92.30000000000001,22.71,16.01,171.5,33.300000000000004,151.70000000000002,28.72,33.01,33.800000000000004,92.0,15.8,57.800000000000004,99.7,241.5,2882.0,1.45,36.5,15.02,7.0,36.0,28.98,0.0,237.5,1200.0
135302.038,48902.038,140.0,91.7,22.69,16.01,170.5,33.45,152.4,28.73,33.09,33.7,92.0,15.700000000000001,57.300000000000004,100.0,236.5,2884.0,1.45,36.6,15.07,7.0200000000000005,35.96,29.01,0.0,238.5,1200.0
135362.038,48962.038,140.0,90.80000000000001,22.7,16.07,173.0,33.300000000000004,150.4,28.7,33.13,33.800000000000004,93.0,15.75,57.800000000000004,100.0,241.5,2889.0,1.3,36.5,14.98,7.0200000000000005,35.980000000000004,29.0,0.0,238.0,1200.0
135422.038,49022.038,140.0,89.80000000000001,22.6,16.03,173.0,33.35,151.9,28.810000000000002,33.25,33.65,94.5,15.8,57.800000000000004,99.5,239.0,2891.0,1.31,36.7,15.06,6.96,35.99,29.060000000000002,1.0,244.5,1200.0
135482.037,49082.037,140.0,92.4,22.72,16.03,172.0,33.4,150.8,28.78,33.12,33.75,94.0,15.75,57.400000000000006,100.0,241.5,2889.0,1.3900000000000001,36.65,15.07,6.99,35.96,28.990000000000002,0.0,233.5,1200.0
135542.037,49142.037,140.0,90.5,22.69,15.97,173.5,33.5,151.70000000000002,28.82,33.13,33.800000000000004,92.5,15.600000000000001,58.1,100.0,239.5,2892.0,1.4000000000000001,36.800000000000004,15.01,7.0200000000000005,36.08,28.93,0.0,238.5,1200.0
135602.037,49202.037,140.0,92.7,22.740000000000002,15.97,171.5,33.35,150.3,28.76,33.18,34.050000000000004,92.0,15.75,56.900000000000006,99.80000000000001,242.5,2895.0,1.28,36.7,14.94,6.96,36.0,29.060000000000002,2.0,241.0,1200.0
135662.037,49262.037,140.0,90.4,22.68,16.02,172.0,33.4,151.9,28.75,33.230000000000004,33.9,92.0,15.65,57.6,99.4,239.0,2903.0,1.45,36.75,15.0,7.0,35.94,29.05,0.0,243.0,1200.0
135722.037,49322.037,140.0,90.7,22.650000000000002,16.01,171.5,33.5,152.4,28.84,33.17,33.75,93.0,15.65,58.0,100.0,238.0,2900.0,1.32,36.75,15.040000000000001,7.09,36.01,29.01,0.0,244.0,1200.0
135782.037,49382.037,140.0,91.10000000000001,22.69,16.01,171.5,33.5,150.9,28.89,33.15,33.85,93.0,15.8,58.0,100.0,241.5,2897.0,1.34,36.6,14.96,6.91,35.94,28.98,0.0,245.0,1200.0
135842.037,49442.037,140.0,91.10000000000001,22.72,16.09,171.0,33.4,150.6,28.76,33.21,33.800000000000004,90.0,15.700000000000001,57.900000000000006,100.0,243.0,2896.0,1.5,36.7,14.92,6.97,35.96,29.01,1.0,244.0,1200.0
135902.037,49502.037,140.0,91.7,22.73,16.080000000000002,173.0,33.35,150.4,28.71,33.07,33.85,91.0,15.700000000000001,57.5,100.0,238.5,2891.0,1.32,36.800000000000004,15.030000000000001,7.04,36.03,28.990000000000002,2.0,243.0,1200.0
135962.037,49562.037,140.0,90.30000000000001,22.67,16.02,170.0,33.35,151.4,28.84,33.07,33.9,94.0,15.75,57.2,100.0,239.0,2899.0,1.5,36.800000000000004,14.99,6.97,35.980000000000004,29.01,0.0,242.0,1200.0
136022.036,49622.036,140.0,89.5,22.62,15.97,171.5,33.45,151.6,28.8,33.18,33.95,93.0,15.65,57.800000000000004,100.0,235.5,2891.0,1.54,36.800000000000004,15.01,7.05,36.09,29.1,0.0,244.0,1200.0
136082.036,49682.036,140.0,91.5,22.71,15.97,171.0,33.6,151.5,28.73,33.13,33.7,92.0,15.8,58.0,100.0,239.0,2895.0,1.25,36.800000000000004,15.030000000000001,6.96,36.01,28.94,1.0,239.5,1200.0
136142.036,49742.036,140.0,91.5,22.71,16.01,172.0,33.4,151.70000000000002,28.900000000000002,33.08,33.75,92.5,15.65,57.5,99.5,243.0,2893.0,1.43,36.75,14.97,6.95,35.97,29.04,2.0,244.5,1200.0
136202.036,49802.036,140.0,92.10000000000001,22.650000000000002,15.99,172.5,33.4,152.70000000000002,28.810000000000002,33.15,34.0,92.5,15.850000000000001,56.800000000000004,100.0,240.0,2899.0,1.49,36.75,15.120000000000001,6.96,35.96,29.02,3.0,245.0,1200.0
136262.036,49862.036,140.0,90.0,22.63,15.96,173.5,33.6,149.9,28.82,33.1,33.7,91.5,15.700000000000001,57.400000000000006,99.60000000000001,242.0,2892.0,1.58,36.85,15.030000000000001,7.0200000000000005,35.99,29.080000000000002,0.0,236.5,1200.0
136322.036,49922.036,140.0,91.7,22.72,16.04,169.5,33.4,152.3,28.77,33.1,33.7,93.0,15.700000000000001,57.400000000000006,99.9,236.5,2891.0,1.47,36.75,15.030000000000001,6.98,36.02,28.98,1.0,245.0,1200.0
136382.036,49982.036,140.0,89.10000000000001,22.66,16.05,170.5,33.35,151.6,28.740000000000002,33.230000000000004,33.800000000000004,92.0,15.850000000000001,57.6,99.80000000000001,239.5,2894.0,1.44,36.65,15.01,6.99,35.95,28.86,0.0,239.5,1200.0
136442.036,50042.036,140.0,90.60000000000001,22.61,16.0,172.0,33.25,149.6,28.75,33.09,33.85,91.5,15.700000000000001,57.800000000000004,100.0,239.5,2888.0,1.47,36.75,14.99,6.98,35.980000000000004,29.03,0.0,240.0,1200.0
136502.036,50102.036,140.0,90.7,22.7,15.96,171.0,33.4,152.4,28.830000000000002,33.03,33.85,91.5,15.850000000000001,57.800000000000004,100.0,241.0,2893.0,1.48,36.75,15.02,7.05,36.0,28.990000000000002,1.0,241.0,1200.0
136562.035,50162.035,140.0,89.5,22.71,15.99,171.0,33.25,150.6,28.76,33.07,33.75,91.0,15.9,57.300000000000004,100.0,241.0,2891.0,1.57,36.75,14.98,6.95,36.01,28.96,0.0,240.0,1200.0
136622.035,50222.035,140.0,91.9,22.650000000000002,16.0,170.5,33.35,150.5,28.78,33.01,33.75,95.0,15.75,57.800000000000004,100.0,238.5,2889.0,1.44,36.800000000000004,15.07,6.91,36.08,28.96,2.0,239.5,1200.0
136682.035,50282.035,140.0,91.10000000000001,22.57,15.99,172.0,33.45,152.20000000000002,28.88,33.19,33.9,92.0,15.75,57.0,99.9,238.5,2886.0,1.3800000000000001,36.65,15.030000000000001,7.01,35.94,29.03,0.0,237.0,1200.0
136742.035,50342.035,140.0,90.80000000000001,22.75,16.02,171.0,33.4,151.0,28.87,33.26,33.800000000000004,92.5,15.600000000000001,57.7,100.0,239.5,2889.0,1.36,36.7,15.01,7.03,36.01,29.060000000000002,1.0,235.0,1200.0
136802.035,50402.035,140.0,90.4,22.7,16.03,171.5,33.25,151.4,28.79,33.03,33.7,94.0,15.75,57.400000000000006,99.0,242.5,2883.0,1.3,36.85,14.97,7.04,36.12,28.98,1.0,241.5,1200.0
136862.035,50462.035,140.0,91.10000000000001,22.61,15.99,171.5,33.25,150.9,28.72,33.08,33.7,94.0,15.75,57.800000000000004,99.80000000000001,237.0,2886.0,1.4000000000000001,36.6,14.99,6.97,36.0,29.060000000000002,1.0,241.5,1200.0
136922.035,50522.035,140.0,89.80000000000001,22.77,16.0,173.0,33.550000000000004,153.0,28.84,33.1,33.7,91.5,15.75,57.400000000000006,100.0,237.0,2889.0,1.47,36.75,14.99,7.05,36.0,28.98,0.0,236.5,1200.0
136982.035,50582.035,140.0,91.60000000000001,22.63,15.98,171.5,33.45,152.9,28.8,33.11,33.75,94.0,15.75,57.400000000000006,99.5,242.0,2890.0,1.35,36.7,14.96,7.0200000000000005,36.03,28.96,0.0,239.0,1200.0
137042.035,50642.035,140.0,91.9,22.71,16.01,172.0,33.35,151.3,28.810000000000002,33.11,33.95,93.0,15.9,57.0,100.0,240.5,2893.0,1.24,36.65,15.030000000000001,7.0200000000000005,35.96,28.98,0.0,240.5,1200.0
137102.034,50702.034,140.0,91.80000000000001,22.63,15.98,171.5,33.4,152.1,28.91,33.26,33.9,93.5,15.8,57.800000000000004,100.0,244.0,2896.0,1.44,36.65,15.01,6.98,36.01,28.97,1.0,237.5,1200.0
137162.034,50762.034,140.0,90.30000000000001,22.59,16.04,172.5,33.5,152.5,28.91,33.12,33.95,92.0,15.700000000000001,57.0,99.9,238.5,2898.0,1.57,36.6,14.98,7.04,35.95,28.93,0.0,237.5,1200.0
137222.034,50822.034,140.0,90.7,22.7,16.05,173.0,33.45,152.4,28.900000000000002,33.21,33.75,90.0,15.75,56.900000000000006,100.0,239.0,2897.0,1.41,36.7,15.030000000000001,7.0,36.0,28.990000000000002,0.0,247.5,1200.0
137282.034,50882.034,140.0,90.9,22.73,15.97,173.0,33.550000000000004,150.6,28.91,33.26,34.0,93.0,15.8,57.300000000000004,100.0,234.5,2901.0,1.51,36.7,15.0,7.0200000000000005,35.95,29.02,1.0,242.0,1200.0
137342.034,50942.034,140.0,89.9,22.63,15.98,174.5,33.5,151.9,28.82,33.29,34.050000000000004,94.0,15.700000000000001,57.5,99.80000000000001,247.0,2901.0,1.46,36.85,14.99,6.96,35.97,29.01,3.0,244.5,1200.0
137402.034,51002.034,140.0,90.30000000000001,22.63,16.03,173.5,33.550000000000004,152.6,28.92,33.25,33.9,92.0,15.850000000000001,57.0,99.7,239.0,2903.0,1.31,36.65,15.11,7.0600000000000005,36.1,29.02,2.0,238.0,1200.0
137462.034,51062.034,140.0,91.4,22.69,16.080000000000002,171.5,33.75,153.5,28.85,33.28,33.75,93.5,15.850000000000001,57.6,100.0,244.0,2907.0,1.34,36.800000000000004,15.06,6.97,36.02,28.990000000000002,0.0,236.5,1200.0
137522.034,51122.034,140.0,90.2,22.71,16.0,171.0,33.65,150.5,28.94,33.28,33.9,92.0,15.600000000000001,57.2,100.0,243.0,2904.0,1.44,36.75,14.98,6.97,35.84,29.0,0.0,243.0,1200.0
137582.034,51182.034,140.0,91.4,22.73,15.96,171.0,33.550000000000004,152.5,28.93,33.230000000000004,33.95,94.0,15.65,56.800000000000004,99.80000000000001,243.0,2905.0,1.31,36.800000000000004,15.030000000000001,6.98,36.01,29.07,0.0,243.5,1200.0
137642.033,51242.033,140.0,91.9,22.75,16.0,172.0,33.5,151.5,28.97,33.29,33.9,91.5,15.850000000000001,57.400000000000006,99.7,249.0,2905.0,1.31,36.95,14.94,7.0,35.99,28.98,0.0,243.5,1200.0
137702.033,51302.033,140.0,92.9,22.64,15.950000000000001,173.5,33.4,150.0,29.01,33.24,33.9,92.5,15.65,57.400000000000006,99.7,248.0,2903.0,1.28,36.9,15.030000000000001,7.05,35.97,28.94,3.0,243.0,1200.0
137762.033,51362.033,140.0,90.60000000000001,22.67,16.05,171.5,33.5,151.0,28.91,33.25,33.95,93.0,15.700000000000001,57.800000000000004,100.0,243.0,2903.0,1.3,36.85,14.98,7.0200000000000005,35.96,29.09,0.0,246.0,1200.0
137822.033,51422.033,140.0,90.9,22.77,15.96,172.5,33.6,151.3,29.02,33.34,33.85,92.5,15.850000000000001,57.300000000000004,100.0,243.5,2904.0,1.3,36.95,14.96,7.03,36.0,29.0,0.0,248.0,1200.0
137882.033,51482.033,140.0,92.30000000000001,22.7,15.950000000000001,172.0,33.6,150.20000000000002,28.94,33.31,34.050000000000004,94.0,15.75,57.5,99.9,242.5,2907.0,1.36,36.85,14.93,7.01,35.980000000000004,29.07,0.0,241.5,1200.0
137942.033,51542.033,140.0,90.60000000000001,22.72,15.99,171.5,33.65,149.0,29.03,33.26,34.050000000000004,91.0,15.600000000000001,58.2,100.0,246.5,2909.0,1.47,36.95,14.94,6.96,36.01,28.93,1.0,241.0,1200.0
138002.033,51602.033,140.0,92.10000000000001,22.71,15.96,174.5,33.5,151.0,28.92,33.34,33.9,92.5,15.850000000000001,57.6,100.0,244.0,2909.0,1.36,36.85,15.06,6.98,36.04,28.95,0.0,239.5,1200.0
138062.033,51662.033,140.0,90.4,22.7,15.99,173.0,33.5,152.0,28.97,33.32,34.15,94.0,15.5,56.800000000000004,100.0,241.5,2911.0,1.52,37.050000000000004,15.030000000000001,7.11,35.97,29.060000000000002,0.0,248.0,1200.0
138122.033,51722.033,140.0,89.7,22.64,16.05,174.5,33.5,151.9,28.98,33.33,34.1,91.0,15.75,57.6,99.9,241.0,2911.0,1.5,36.9,14.99,7.01,36.06,29.01,0.0,245.0,1200.0
138182.032,51782.032,140.0,91.9,22.64,16.06,172.5,33.550000000000004,151.9,29.03,33.28,33.9,94.0,15.600000000000001,57.5,100.0,245.0,2907.0,1.48,37.0,15.040000000000001,7.07,35.9,29.05,0.0,243.5,1200.0
138242.032,51842.032,140.0,92.10000000000001,22.72,16.0,171.0,33.75,152.70000000000002,28.96,33.33,34.0,92.0,15.65,57.400000000000006,99.9,246.0,2913.0,1.34,36.95,15.06,7.0600000000000005,36.0,28.97,0.0,245.5,1200.0
138302.032,51902.032,140.0,90.9,22.68,16.0,173.0,33.5,151.4,29.03,33.31,34.2,91.5,15.55,57.5,100.0,245.0,2909.0,1.33,36.9,15.040000000000001,6.94,36.04,29.05,0.0,245.5,1200.0
138362.032,51962.032,140.0,91.80000000000001,22.64,15.99,173.5,33.7,151.8,29.03,33.24,34.0,93.0,15.75,57.1,100.0,244.5,2908.0,1.12,36.95,14.99,7.0,36.0,28.98,0.0,247.5,1200.0
138422.032,52022.032,140.0,90.10000000000001,22.72,15.98,174.5,33.6,152.1,29.01,33.31,33.95,94.0,15.65,57.2,100.0,245.0,2912.0,1.55,37.050000000000004,15.02,6.97,35.910000000000004,29.02,0.0,242.5,1200.0
138482.032,52082.032,140.0,90.60000000000001,22.69,15.98,171.0,33.6,153.0,29.12,33.36,34.1,92.5,15.700000000000001,56.7,100.0,244.0,2913.0,1.5,36.95,14.96,7.05,36.01,29.07,0.0,248.0,1200.0
138542.032,52142.032,140.0,92.30000000000001,22.61,15.99,173.5,33.65,151.9,28.95,33.29,34.1,91.0,15.75,57.400000000000006,100.0,244.5,2913.0,1.42,37.050000000000004,14.99,7.0,36.03,28.98,1.0,244.5,1200.0
138602.032,52202.032,140.0,91.0,22.68,16.09,174.5,33.6,151.5,28.97,33.4,34.050000000000004,94.0,15.75,57.400000000000006,99.60000000000001,247.0,2912.0,1.19,37.0,15.02,6.95,36.07,28.990000000000002,0.0,248.5,1200.0
138662.032,52262.032,140.0,90.0,22.650000000000002,15.96,171.0,33.65,152.9,29.07,33.32,34.1,92.0,15.55,56.7,100.0,249.0,2909.0,1.3900000000000001,37.0,14.98,6.98,35.99,28.96,0.0,244.0,1200.0
138722.031,52322.031,140.0,90.0,22.67,16.080000000000002,172.5,33.75,152.5,29.02,33.35,34.0,94.0,15.65,57.2,99.60000000000001,247.0,2911.0,1.33,36.95,15.06,6.97,36.03,29.080000000000002,0.0,242.5,1200.0
138782.031,52382.031,140.0,91.10000000000001,22.69,16.0,175.0,33.7,151.0,29.080000000000002,33.42,34.1,91.0,15.8,57.7,100.0,249.0,2912.0,1.24,37.1,14.96,7.01,36.0,28.87,0.0,241.0,1200.0
138842.031,52442.031,140.0,92.4,22.6,16.0,171.0,33.800000000000004,150.5,28.94,33.38,34.0,92.5,15.75,57.2,99.5,250.0,2915.0,1.32,37.15,14.96,6.97,36.04,29.03,0.0,248.0,1200.0
138902.031,52502.031,140.0,91.5,22.63,15.950000000000001,173.5,33.550000000000004,152.3,28.97,33.34,34.0,94.0,15.850000000000001,57.2,99.7,244.0,2911.0,1.21,36.9,15.0,7.04,36.1,28.96,0.0,244.5,1200.0
138962.031,52562.031,140.0,92.30000000000001,22.73,16.03,173.5,33.65,152.0,29.03,33.4,33.95,92.0,15.700000000000001,57.1,100.0,246.0,2914.0,1.21,37.0,15.02,7.0,36.02,29.060000000000002,0.0,244.0,1200.0
139022.031,52622.031,140.0,91.0,22.740000000000002,16.01,173.5,33.45,151.1,29.0,33.39,33.9,93.5,15.75,57.400000000000006,100.0,241.5,2915.0,1.3800000000000001,37.050000000000004,14.96,6.95,35.92,29.0,0.0,243.0,1200.0
139082.031,52682.031,140.0,89.7,22.69,16.080000000000002,174.5,33.75,151.0,28.990000000000002,33.39,34.0,91.5,15.600000000000001,57.5,99.80000000000001,245.5,2909.0,1.41,37.050000000000004,15.01,6.99,36.03,29.01,0.0,244.0,1200.0
139142.031,52742.031,140.0,92.60000000000001,22.73,16.04,172.5,33.6,152.6,28.990000000000002,33.4,34.1,92.5,15.75,57.300000000000004,99.7,245.5,2909.0,1.5,36.85,15.06,6.93,36.04,28.93,6.0,245.0,1200.0
139202.031,52802.031,140.0,89.9,22.61,15.950000000000001,172.5,33.800000000000004,152.6,28.94,33.36,34.0,93.0,15.700000000000001,57.7,99.7,241.5,2910.0,1.31,36.85,14.97,7.0,36.06,29.05,2.0,245.0,1200.0
139262.031,52862.031,140.0,90.80000000000001,22.67,16.04,173.5,33.6,152.4,29.05,33.4,34.2,92.0,15.75,57.2,100.0,243.5,2911.0,1.44,37.0,14.91,6.99,36.02,29.04,0.0,242.5,1200.0
139322.03,52922.03,140.0,92.2,22.62,16.07,170.0,33.5,153.0,28.97,33.36,34.050000000000004,93.5,15.75,56.900000000000006,100.0,243.5,2910.0,1.51,36.95,15.02,7.08,35.97,29.02,3.0,242.5,1200.0
139382.03,52982.03,140.0,89.9,22.72,16.02,174.0,33.65,148.8,29.04,33.42,34.1,91.5,15.700000000000001,57.2,99.4,243.0,2912.0,1.34,37.1,14.94,7.0200000000000005,36.0,28.93,0.0,242.5,1200.0
139442.03,53042.03,140.0,91.60000000000001,22.69,16.0,173.5,33.5,151.0,29.09,33.39,34.0,93.0,15.55,57.6,100.0,243.0,2906.0,1.34,36.95,15.030000000000001,7.04,35.99,29.04,1.0,246.0,1200.0
139502.03,53102.03,140.0,91.7,22.67,15.99,173.0,33.800000000000004,150.4,29.01,33.4,34.0,93.5,15.700000000000001,57.1,100.0,242.5,2916.0,1.32,36.85,15.0,6.96,36.0,28.93,0.0,244.5,1200.0
139562.03,53162.03,140.0,90.80000000000001,22.71,15.97,172.0,33.65,152.4,29.060000000000002,33.410000000000004,33.9,93.0,15.700000000000001,57.0,99.60000000000001,245.5,2911.0,1.31,36.9,14.97,7.0,36.01,29.05,1.0,243.0,1200.0
139622.03,53222.03,140.0,92.0,22.72,15.96,172.5,33.6,150.9,29.02,33.36,34.0,94.5,15.600000000000001,56.800000000000004,100.0,242.0,2912.0,1.36,37.15,14.97,7.0,36.03,28.97,4.0,239.5,1200.0
139682.03,53282.03,140.0,91.5,22.650000000000002,15.97,173.5,33.75,150.9,29.02,33.410000000000004,34.0,91.0,15.65,56.800000000000004,100.0,242.0,2917.0,1.58,36.85,14.97,6.98,36.04,28.94,0.0,239.0,1200.0
139742.03,53342.03,140.0,90.7,22.59,16.02,172.0,33.7,152.4,29.07,33.45,34.0,93.5,15.8,57.1,100.0,239.0,2911.0,1.5,37.15,15.0,7.0200000000000005,35.97,29.03,2.0,242.5,1200.0
139802.03,53402.03,140.0,91.9,22.63,15.91,171.0,33.75,150.3,29.1,33.36,34.050000000000004,91.5,15.700000000000001,57.0,100.0,242.5,2911.0,1.3900000000000001,36.95,15.02,7.0200000000000005,35.95,29.01,0.0,244.0,1200.0
139862.03,53462.03,140.0,91.80000000000001,22.69,16.05,173.0,33.65,152.8,29.07,33.34,34.1,95.0,15.700000000000001,57.2,99.9,246.0,2913.0,1.42,37.1,15.040000000000001,6.98,36.0,29.01,0.0,248.5,1200.0
139922.029,53522.029,140.0,91.30000000000001,22.650000000000002,16.07,173.0,33.75,151.20000000000002,29.12,33.33,34.1,93.0,15.75,57.1,99.9,242.5,2913.0,1.41,37.0,14.99,6.98,36.08,29.01,2.0,241.5,1200.0
139982.029,53582.029,140.0,92.5,22.7,15.97,171.0,33.550000000000004,151.8,29.03,33.38,34.050000000000004,95.0,15.850000000000001,57.1,99.9,242.5,2909.0,1.41,36.9,15.01,7.0,35.980000000000004,28.900000000000002,0.0,246.5,1200.0
140042.029,53642.029,140.0,89.60000000000001,22.68,15.99,171.5,33.65,151.5,28.94,33.4,34.0,91.5,15.75,57.400000000000006,100.0,243.5,2901.0,1.3,36.95,15.0,6.99,35.89,29.03,0.0,243.0,1200.0
140102.029,53702.029,140.0,90.80000000000001,22.71,16.1,172.5,33.6,152.0,29.060000000000002,33.39,34.050000000000004,91.0,15.65,57.0,99.80000000000001,245.0,2911.0,1.4000000000000001,36.9,15.01,7.01,36.08,28.98,1.0,241.0,1200.0
140162.029,53762.029,140.0,91.30000000000001,22.67,16.03,172.5,33.6,150.6,29.05,33.37,34.1,90.5,15.8,57.300000000000004,99.9,240.0,2908.0,1.29,36.95,14.93,7.0200000000000005,36.03,29.05,0.0,241.5,1200.0
140222.029,53822.029,140.0,90.4,22.71,16.01,172.0,33.7,152.3,29.03,33.44,34.050000000000004,92.0,15.700000000000001,57.0,99.80000000000001,249.0,2909.0,1.42,36.95,15.030000000000001,6.99,35.96,28.93,0.0,246.0,1200.0
140282.029,53882.029,140.0,90.80000000000001,22.69,16.02,173.5,33.7,151.1,29.07,33.4,33.9,93.5,15.600000000000001,57.5,100.0,243.5,2911.0,1.44,36.9,14.93,7.03,35.9,28.94,0.0,247.5,1200.0
140342.029,53942.029,140.0,91.80000000000001,22.71,15.98,175.0,33.550000000000004,153.9,29.07,33.32,34.050000000000004,93.0,15.600000000000001,57.6,100.0,249.0,2911.0,1.43,36.95,15.01,7.0200000000000005,36.0,29.05,4.0,243.5,1200.0
140402.029,54002.029,140.0,92.0,22.68,15.99,173.5,33.550000000000004,150.8,28.990000000000002,33.32,34.1,91.5,15.600000000000001,58.0,99.60000000000001,242.0,2909.0,1.41,36.85,15.08,6.98,36.0,29.03,0.0,242.0,1200.0
140462.029,54062.029,140.0,91.4,22.73,16.01,173.5,33.65,152.6,29.060000000000002,33.36,33.800000000000004,93.0,15.65,58.0,100.0,243.5,2912.0,1.3900000000000001,36.9,14.96,7.0200000000000005,35.95,29.080000000000002,2.0,241.0,1200.0
140522.028,54122.028,140.0,90.0,22.72,15.99,172.5,33.550000000000004,151.5,29.07,33.35,34.1,93.5,15.700000000000001,57.300000000000004,99.9,244.5,2916.0,1.17,36.95,15.02,6.95,35.980000000000004,28.95,2.0,240.5,1200.0
140582.028,54182.028,140.0,91.60000000000001,22.650000000000002,16.02,174.0,33.7,151.4,29.03,33.32,34.15,93.0,15.75,57.300000000000004,99.9,248.5,2908.0,1.3900000000000001,36.9,14.99,6.96,35.980000000000004,29.060000000000002,0.0,245.0,1200.0
140642.028,54242.028,140.0,93.30000000000001,22.72,16.02,173.0,33.65,152.20000000000002,28.95,33.35,33.800000000000004,91.5,15.600000000000001,57.5,100.0,246.0,2906.0,1.4000000000000001,37.1,14.94,6.91,35.99,28.98,2.0,246.0,1200.0
140702.028,54302.028,140.0,91.0,22.7,15.93,172.0,33.550000000000004,152.0,29.04,33.45,34.050000000000004,91.5,15.700000000000001,57.900000000000006,100.0,244.5,2910.0,1.29,37.0,15.01,7.0,36.02,29.01,0.0,243.0,1200.0
140762.028,54362.028,140.0,91.2,22.72,15.98,174.0,33.6,151.0,29.01,33.44,34.1,91.5,15.75,57.6,100.0,241.0,2909.0,1.43,37.15,15.01,6.98,36.03,29.1,0.0,241.0,1200.0
140822.028,54422.028,140.0,90.30000000000001,22.71,16.03,172.5,33.7,151.70000000000002,28.88,33.26,34.0,90.5,15.75,57.0,100.0,237.5,2910.0,1.3900000000000001,37.15,15.030000000000001,6.99,36.1,29.02,0.0,246.0,1200.0
140882.028,54482.028,140.0,91.7,22.67,16.02,170.0,33.7,152.0,29.02,33.39,33.95,93.0,15.75,57.400000000000006,99.7,239.0,2904.0,1.33,37.1,14.98,7.0200000000000005,36.09,29.01,0.0,244.5,1200.0
140942.028,54542.028,140.0,90.10000000000001,22.68,15.99,171.0,33.45,152.20000000000002,28.98,33.31,34.0,90.5,15.700000000000001,57.7,99.80000000000001,242.5,2909.0,1.49,36.95,14.99,7.01,36.12,28.97,0.0,241.0,1200.0
141002.028,54602.028,140.0,91.0,22.69,15.97,172.0,33.550000000000004,150.0,28.97,33.29,34.1,94.5,15.700000000000001,57.2,100.0,243.0,2908.0,1.29,36.800000000000004,14.99,6.98,36.11,28.98,0.0,240.0,1200.0
141062.028,54662.028,140.0,89.4,22.67,16.05,172.5,33.6,151.8,29.0,33.35,34.0,91.5,15.8,57.7,100.0,245.5,2906.0,1.44,36.9,15.01,6.97,35.980000000000004,28.97,0.0,240.0,1200.0
141122.027,54722.027,140.0,91.5,22.68,15.96,175.0,33.6,153.20000000000002,28.93,33.33,33.95,90.0,15.65,57.300000000000004,99.9,242.5,2903.0,1.27,36.800000000000004,14.96,7.0,35.92,29.01,0.0,239.0,1200.0
141182.027,54782.027,140.0,91.0,22.69,16.03,174.5,33.5,151.20000000000002,29.01,33.18,33.95,92.5,15.600000000000001,56.900000000000006,99.80000000000001,245.5,2906.0,1.3800000000000001,37.0,15.0,6.97,35.980000000000004,29.060000000000002,0.0,241.0,1200.0
141242.027,54842.027,140.0,90.30000000000001,22.73,15.93,172.5,33.6,151.8,28.96,33.3,34.050000000000004,91.5,15.65,57.6,100.0,242.0,2903.0,1.4000000000000001,36.95,14.98,7.05,36.01,29.060000000000002,1.0,241.5,1200.0
141302.027,54902.027,140.0,91.30000000000001,22.580000000000002,16.04,174.5,33.65,151.8,28.91,33.2,33.95,89.5,15.700000000000001,57.0,100.0,246.5,2905.0,1.3800000000000001,37.050000000000004,14.98,6.97,36.09,28.97,1.0,245.0,1200.0
141362.027,54962.027,140.0,92.30000000000001,22.64,15.96,174.0,33.550000000000004,151.4,28.95,33.33,34.0,93.0,15.65,57.2,100.0,243.0,2899.0,1.56,36.85,15.0,7.08,35.980000000000004,29.03,1.0,244.5,1200.0
141422.027,55022.027,140.0,91.9,22.59,15.98,171.0,33.550000000000004,152.9,29.02,33.160000000000004,33.95,93.5,15.9,57.1,100.0,240.0,2904.0,1.3,36.85,15.05,7.01,35.96,29.02,0.0,243.5,1200.0
141482.027,55082.027,140.0,90.2,22.68,15.94,175.0,33.5,149.5,28.93,33.34,34.050000000000004,92.5,15.600000000000001,56.800000000000004,100.0,241.0,2903.0,1.23,36.800000000000004,15.08,7.01,36.11,29.060000000000002,0.0,242.0,1200.0
141542.027,55142.027,140.0,92.10000000000001,22.64,16.04,173.5,33.4,151.9,28.88,33.2,33.95,90.0,15.700000000000001,56.7,99.9,239.0,2901.0,1.46,36.800000000000004,14.97,6.99,36.01,29.09,1.0,237.5,1200.0
141602.027,55202.027,140.0,90.10000000000001,22.67,16.04,172.5,33.6,152.1,29.0,33.25,33.95,92.5,15.600000000000001,57.7,99.5,239.5,2903.0,1.3900000000000001,36.85,14.97,7.0,36.050000000000004,29.03,0.0,241.5,1200.0
141662.027,55262.027,140.0,90.9,22.63,15.94,173.5,33.550000000000004,150.6,28.87,33.18,33.9,92.0,15.700000000000001,57.300000000000004,100.0,239.5,2899.0,1.37,36.85,14.98,6.98,35.94,28.98,0.0,241.0,1200.0
141722.026,55322.026,140.0,87.5,22.62,15.98,172.0,33.5,151.5,29.01,33.27,34.0,93.5,15.700000000000001,57.6,100.0,235.0,2903.0,1.28,36.85,15.030000000000001,7.07,36.06,29.07,1.0,244.5,1200.0
141782.026,55382.026,140.0,90.0,22.57,16.01,171.0,33.6,150.6,28.95,33.14,33.95,91.0,15.8,57.7,100.0,243.5,2902.0,1.41,36.95,15.06,7.0,36.0,29.09,4.0,245.5,1200.0
141842.026,55442.026,140.0,90.9,22.69,16.03,171.5,33.6,151.5,28.97,33.230000000000004,34.0,94.5,15.8,57.2,99.5,244.0,2904.0,1.4000000000000001,36.75,15.0,7.0200000000000005,35.96,28.95,0.0,243.0,1200.0
141902.026,55502.026,140.0,89.2,22.71,16.01,172.0,33.65,152.4,29.02,33.21,34.1,90.5,15.75,57.800000000000004,99.80000000000001,240.0,2901.0,1.34,36.75,15.01,7.03,36.0,29.0,0.0,244.0,1200.0
141962.026,55562.026,140.0,91.30000000000001,22.71,15.98,173.0,33.6,151.4,29.05,33.29,34.0,94.5,15.75,56.400000000000006,99.9,244.5,2900.0,1.46,36.85,15.09,6.98,35.99,29.080000000000002,0.0,244.0,1200.0
142022.026,55622.026,140.0,92.2,22.64,16.04,170.5,33.6,151.9,29.03,33.22,33.95,93.5,15.8,56.900000000000006,100.0,241.0,2902.0,1.41,36.7,14.97,7.01,35.95,28.97,0.0,241.5,1200.0
142082.026,55682.026,140.0,91.0,22.63,16.01,172.5,33.6,151.8,28.94,33.22,34.0,95.0,15.850000000000001,57.1,100.0,245.0,2902.0,1.41,36.85,15.05,7.01,35.99,28.93,0.0,241.5,1200.0
142142.026,55742.026,140.0,90.0,22.62,15.98,173.0,33.6,151.5,28.900000000000002,33.230000000000004,33.95,95.5,15.55,57.300000000000004,99.80000000000001,243.0,2908.0,1.35,36.85,15.02,7.01,35.95,29.05,0.0,243.5,1200.0
142202.026,55802.026,140.0,90.80000000000001,22.69,15.96,173.0,33.45,150.9,29.07,33.32,34.050000000000004,90.5,15.9,57.2,100.0,247.5,2903.0,1.35,36.95,15.01,7.03,35.910000000000004,28.95,0.0,242.0,1200.0
142262.026,55862.026,140.0,89.5,22.67,15.96,173.5,33.65,152.0,29.04,33.4,34.050000000000004,93.5,15.65,57.6,100.0,240.5,2906.0,1.34,36.95,15.040000000000001,6.98,35.95,29.01,1.0,249.0,1200.0
142322.026,55922.026,140.0,90.30000000000001,22.71,16.02,170.5,33.65,151.0,29.02,33.36,34.0,93.5,15.850000000000001,57.400000000000006,100.0,240.0,2908.0,1.43,36.85,14.97,6.99,35.980000000000004,28.85,1.0,245.5,1200.0
142382.025,55982.025,140.0,91.9,22.650000000000002,15.98,171.5,33.5,152.0,29.02,33.4,34.15,92.5,15.75,57.400000000000006,100.0,241.5,2908.0,1.43,36.85,14.96,6.96,36.03,29.02,0.0,244.5,1200.0
142442.025,56042.025,140.0,89.80000000000001,22.64,15.99,172.5,33.5,150.5,28.98,33.28,34.0,93.0,15.65,56.900000000000006,100.0,246.0,2906.0,1.57,36.9,15.0,6.99,35.980000000000004,28.94,2.0,240.0,1200.0
142502.025,56102.025,140.0,93.0,22.67,16.07,172.0,33.6,152.4,28.990000000000002,33.31,33.95,93.5,15.8,57.1,100.0,246.0,2908.0,1.41,36.95,15.01,7.01,35.96,29.080000000000002,0.0,239.5,1200.0
142562.025,56162.025,140.0,91.5,22.71,15.91,172.0,33.65,151.5,29.060000000000002,33.32,34.050000000000004,92.0,15.700000000000001,57.300000000000004,99.9,246.5,2906.0,1.3,37.1,15.08,7.01,36.03,28.95,2.0,245.0,1200.0
142622.025,56222.025,140.0,90.7,22.67,16.02,173.0,33.550000000000004,150.3,28.98,33.31,33.85,92.5,15.75,57.6,99.60000000000001,240.0,2906.0,1.23,36.95,15.05,7.01,36.0,29.02,0.0,241.0,1200.0
142682.025,56282.025,140.0,92.0,22.650000000000002,16.0,170.5,33.800000000000004,152.1,28.93,33.3,33.800000000000004,91.5,15.8,57.0,100.0,245.0,2907.0,1.37,37.0,15.08,7.05,35.96,28.97,0.0,243.0,1200.0
142742.025,56342.025,140.0,92.10000000000001,22.67,16.0,171.5,33.6,150.5,29.1,33.27,33.95,92.5,15.600000000000001,57.300000000000004,99.4,246.5,2908.0,1.43,36.85,15.040000000000001,6.91,35.99,28.990000000000002,0.0,245.0,1200.0
142802.025,56402.025,140.0,90.7,22.61,15.950000000000001,173.5,33.65,150.5,29.02,33.29,33.9,94.0,15.75,57.5,99.7,243.5,2903.0,1.3900000000000001,36.85,14.98,7.0200000000000005,36.1,29.04,2.0,244.0,1200.0
142862.025,56462.025,140.0,92.0,22.64,16.0,173.0,33.65,152.9,28.93,33.3,34.0,92.0,15.700000000000001,56.900000000000006,100.0,242.0,2906.0,1.43,36.9,14.88,7.01,36.03,29.0,1.0,242.5,1200.0
142922.025,56522.025,140.0,92.0,22.71,15.96,175.0,33.5,150.1,28.990000000000002,33.3,34.1,92.0,15.700000000000001,56.2,99.5,239.0,2908.0,1.44,36.85,14.99,6.98,36.06,28.900000000000002,0.0,245.5,1200.0
142982.025,56582.025,140.0,90.5,22.72,16.0,171.5,33.550000000000004,151.6,28.96,33.29,33.9,91.5,15.850000000000001,57.400000000000006,99.9,241.0,2902.0,1.17,37.0,14.98,7.04,36.08,28.96,0.0,245.5,1200.0
143042.024,56642.024,140.0,90.30000000000001,22.72,16.04,172.5,33.65,152.20000000000002,28.93,33.3,34.050000000000004,91.0,15.65,57.400000000000006,99.80000000000001,242.0,2910.0,1.3900000000000001,37.0,14.98,7.03,36.01,28.95,2.0,240.0,1200.0
143102.024,56702.024,140.0,90.60000000000001,22.650000000000002,15.97,171.5,33.5,150.3,28.95,33.26,34.0,93.0,15.700000000000001,56.800000000000004,100.0,244.0,2904.0,1.42,36.85,15.040000000000001,6.97,36.08,29.03,1.0,239.5,1200.0
143162.024,56762.024,140.0,91.2,22.580000000000002,16.01,172.5,33.550000000000004,152.9,29.04,33.27,34.050000000000004,92.5,15.700000000000001,57.300000000000004,99.9,244.5,2898.0,1.3900000000000001,37.050000000000004,14.97,7.0200000000000005,36.050000000000004,29.01,1.0,239.5,1200.0
143222.024,56822.024,140.0,92.9,22.650000000000002,15.99,172.5,33.7,153.60000000000002,29.04,33.29,34.0,91.0,15.700000000000001,56.6,100.0,238.5,2904.0,1.47,36.95,15.06,7.04,35.97,29.03,0.0,245.5,1200.0
143282.024,56882.024,140.0,91.80000000000001,22.73,16.01,174.0,33.5,150.70000000000002,29.0,33.3,34.0,93.5,15.600000000000001,57.2,100.0,244.5,2897.0,1.46,36.95,15.02,7.0,35.980000000000004,28.94,0.0,242.0,1200.0
143342.024,56942.024,140.0,91.2,22.740000000000002,16.03,174.5,33.5,151.5,29.0,33.3,33.85,93.5,15.65,57.2,100.0,241.5,2897.0,1.4000000000000001,36.85,15.08,6.96,35.99,28.96,1.0,239.0,1200.0
143402.024,57002.024,140.0,90.60000000000001,22.69,16.04,172.0,33.5,152.0,28.97,33.27,34.1,90.5,15.65,57.400000000000006,99.7,244.0,2900.0,1.33,36.800000000000004,14.97,6.96,35.87,28.98,0.0,245.0,1200.0
143462.024,57062.024,140.0,91.9,22.650000000000002,16.09,171.0,33.550000000000004,152.20000000000002,28.91,33.35,33.95,91.0,15.65,57.2,100.0,244.0,2906.0,1.47,36.85,15.030000000000001,6.98,36.03,28.95,3.0,241.5,1200.0
143522.024,57122.024,140.0,90.2,22.66,16.01,171.5,33.550000000000004,152.20000000000002,28.95,33.27,33.85,94.5,15.9,57.300000000000004,100.0,243.5,2903.0,1.28,36.95,14.94,7.03,36.02,28.990000000000002,0.0,238.5,1200.0
143582.024,57182.024,140.0,91.4,22.68,15.950000000000001,173.0,33.65,149.9,28.84,33.18,34.050000000000004,92.0,15.65,57.1,100.0,240.5,2900.0,1.35,36.9,15.02,7.07,35.97,28.93,0.0,245.5,1200.0
143642.024,57242.024,140.0,90.9,22.66,16.0,173.5,33.550000000000004,151.70000000000002,28.92,33.29,33.95,93.5,15.65,57.0,100.0,249.0,2900.0,1.31,36.85,14.950000000000001,6.97,35.980000000000004,29.060000000000002,0.0,242.0,1200.0
143702.023,57302.023,140.0,91.5,22.63,15.96,172.5,33.550000000000004,152.1,28.98,33.25,33.95,93.5,15.75,57.2,100.0,239.5,2905.0,1.45,36.85,14.98,7.03,36.03,29.0,0.0,240.0,1200.0
143762.023,57362.023,140.0,89.4,22.67,15.97,172.0,33.6,152.20000000000002,28.97,33.28,34.050000000000004,93.5,15.75,56.900000000000006,100.0,240.5,2901.0,1.21,36.85,14.94,6.96,35.9,28.990000000000002,2.0,242.0,1200.0
143822.023,57422.023,140.0,90.7,22.63,16.01,171.5,33.65,153.4,29.05,33.27,34.050000000000004,93.0,15.700000000000001,57.1,99.60000000000001,246.5,2905.0,1.28,36.95,14.99,7.01,36.04,29.04,0.0,244.0,1200.0
143882.023,57482.023,140.0,90.7,22.67,16.02,171.0,33.5,150.70000000000002,29.07,33.24,34.050000000000004,92.5,15.65,57.300000000000004,99.80000000000001,246.5,2908.0,1.43,36.85,15.0,6.99,35.99,29.09,0.0,247.0,1200.0
143942.023,57542.023,140.0,91.30000000000001,22.64,15.99,171.0,33.6,151.9,28.94,33.28,34.0,91.5,15.850000000000001,57.0,100.0,239.0,2899.0,1.34,36.800000000000004,15.01,7.04,36.04,28.95,0.0,237.0,1200.0
144002.023,57602.023,140.0,90.9,22.63,15.98,174.0,33.65,151.6,28.93,33.33,33.9,93.0,15.700000000000001,56.900000000000006,99.60000000000001,241.0,2897.0,1.48,36.75,15.030000000000001,6.94,35.9,28.95,0.0,238.0,1200.0
144062.023,57662.023,140.0,90.60000000000001,22.63,15.97,173.5,33.5,152.5,28.990000000000002,33.34,34.15,91.0,15.65,56.6,99.9,242.0,2904.0,1.16,36.7,15.02,6.98,35.87,29.09,2.0,239.5,1200.0
144122.023,57722.023,140.0,91.30000000000001,22.7,15.96,171.5,33.550000000000004,150.5,29.0,33.24,33.9,91.0,15.55,56.900000000000006,99.9,241.0,2905.0,1.3900000000000001,36.9,15.0,6.98,36.03,28.97,1.0,243.0,1200.0
144182.023,57782.023,140.0,91.80000000000001,22.55,16.04,172.0,33.5,150.9,28.95,33.31,33.95,93.0,15.65,56.800000000000004,100.0,241.5,2895.0,1.42,36.95,15.02,7.0600000000000005,36.03,29.1,0.0,238.5,1200.0
144242.023,57842.023,140.0,89.2,22.72,15.98,170.5,33.6,150.5,28.97,33.22,34.050000000000004,94.5,15.700000000000001,56.900000000000006,100.0,240.5,2903.0,1.3,36.800000000000004,14.98,7.01,35.95,28.98,0.0,240.0,1200.0
144302.023,57902.023,140.0,90.4,22.7,16.02,173.0,33.550000000000004,150.20000000000002,28.98,33.25,34.1,95.0,15.9,56.900000000000006,99.80000000000001,245.5,2909.0,1.3900000000000001,36.85,15.030000000000001,7.0,36.08,29.09,0.0,242.5,1200.0
144362.022,57962.022,140.0,90.10000000000001,22.62,16.06,174.5,33.4,152.0,28.98,33.17,33.9,91.5,15.700000000000001,56.900000000000006,99.60000000000001,241.0,2897.0,1.37,36.9,14.9,6.99,36.1,28.95,1.0,246.0,1200.0
144422.022,58022.022,140.0,91.4,22.63,16.04,173.5,33.45,152.8,28.900000000000002,33.3,33.95,92.5,15.850000000000001,57.0,100.0,241.0,2902.0,1.44,36.800000000000004,15.0,7.0,35.96,29.04,0.0,241.0,1200.0
144482.022,58082.022,140.0,92.10000000000001,22.6,16.05,170.5,33.6,151.3,29.01,33.26,33.95,91.5,15.600000000000001,57.0,100.0,240.0,2904.0,1.45,36.800000000000004,14.99,6.98,35.95,28.93,1.0,242.5,1200.0
144542.022,58142.022,140.0,91.60000000000001,22.6,16.01,171.0,33.6,153.3,28.95,33.22,34.0,92.0,15.75,57.7,100.0,241.5,2902.0,1.44,36.85,15.040000000000001,6.93,36.050000000000004,28.900000000000002,1.0,238.5,1200.0
144602.022,58202.022,140.0,91.80000000000001,22.650000000000002,15.99,172.5,33.5,151.6,28.94,33.26,33.9,93.0,15.600000000000001,57.0,100.0,241.5,2901.0,1.42,36.85,15.01,7.0200000000000005,36.01,28.95,1.0,238.0,1200.0
144662.022,58262.022,140.0,92.10000000000001,22.67,16.03,171.0,33.4,151.9,28.87,33.26,34.050000000000004,92.0,15.75,57.2,100.0,240.0,2899.0,1.4000000000000001,37.0,15.09,7.0200000000000005,36.02,28.990000000000002,1.0,243.0,1200.0
144722.022,58322.022,140.0,91.30000000000001,22.62,15.96,172.0,33.6,152.0,28.84,33.24,33.95,92.5,15.700000000000001,56.800000000000004,100.0,241.5,2905.0,1.33,36.85,14.93,6.96,35.980000000000004,28.95,1.0,241.0,1200.0
144782.022,58382.022,140.0,92.0,22.68,16.01,171.5,33.6,151.20000000000002,28.96,33.22,33.95,92.5,15.600000000000001,57.5,99.5,245.0,2905.0,1.36,36.9,14.97,6.99,36.02,28.96,0.0,238.5,1200.0
144842.022,58442.022,140.0,91.60000000000001,22.64,15.99,172.5,33.550000000000004,149.5,28.990000000000002,33.230000000000004,33.85,93.0,15.65,56.800000000000004,99.9,239.5,2905.0,1.58,37.050000000000004,14.99,6.99,36.1,29.03,2.0,244.5,1200.0
144902.022,58502.022,140.0,90.80000000000001,22.61,15.99,173.0,33.45,151.6,29.02,33.27,34.0,91.5,15.8,56.6,99.80000000000001,241.5,2909.0,1.31,36.75,14.950000000000001,7.07,35.95,28.96,2.0,245.0,1200.0
144962.022,58562.022,140.0,91.10000000000001,22.64,16.01,173.0,33.6,151.8,28.990000000000002,33.28,33.95,92.0,15.65,57.1,100.0,241.5,2896.0,1.52,36.9,15.01,7.0,36.04,29.0,0.0,243.5,1200.0
145022.021,58622.021,140.0,92.0,22.650000000000002,15.98,172.0,33.6,150.70000000000002,28.91,33.33,33.95,92.0,15.700000000000001,57.300000000000004,99.4,242.0,2902.0,1.34,36.800000000000004,14.97,6.97,35.99,28.96,0.0,240.0,1200.0
145082.021,58682.021,140.0,90.4,22.63,15.950000000000001,170.5,33.7,149.9,29.01,33.2,33.85,93.5,15.700000000000001,56.7,99.80000000000001,241.5,2903.0,1.3800000000000001,36.9,15.02,7.01,35.92,28.94,0.0,241.0,1200.0
145142.021,58742.021,140.0,90.5,22.57,15.89,173.5,33.6,151.20000000000002,28.92,33.29,33.85,90.5,15.65,57.1,99.9,243.0,2902.0,1.47,36.95,15.01,6.97,35.95,28.900000000000002,5.0,242.5,1200.0
145202.021,58802.021,140.0,90.2,22.55,16.080000000000002,170.5,33.5,151.1,28.990000000000002,33.32,33.95,94.0,15.8,57.400000000000006,100.0,240.5,2901.0,1.35,36.75,14.89,7.01,35.99,28.990000000000002,0.0,240.5,1200.0
145262.021,58862.021,140.0,91.0,22.64,15.97,172.5,33.6,151.70000000000002,29.02,33.27,33.85,91.5,15.8,56.800000000000004,100.0,240.5,2900.0,1.23,36.800000000000004,14.99,6.97,35.980000000000004,29.1,0.0,243.0,1200.0
145322.021,58922.021,140.0,89.60000000000001,22.61,16.04,172.5,33.65,149.5,29.0,33.29,34.050000000000004,92.0,15.850000000000001,56.800000000000004,99.30000000000001,243.0,2910.0,1.29,36.800000000000004,14.950000000000001,6.99,35.97,29.060000000000002,0.0,242.5,1200.0
145382.021,58982.021,140.0,90.2,22.63,16.07,170.5,33.65,152.0,28.98,33.28,33.95,93.5,15.8,56.7,100.0,238.0,2908.0,1.42,36.9,15.0,7.0600000000000005,36.04,29.05,2.0,243.5,1200.0
145442.021,59042.021,140.0,91.60000000000001,22.72,15.94,172.5,33.6,151.6,29.04,33.27,34.1,94.5,15.9,56.300000000000004,99.9,243.0,2903.0,1.3800000000000001,36.85,15.02,7.05,35.97,29.02,0.0,244.0,1200.0
145502.021,59102.021,140.0,88.10000000000001,22.650000000000002,16.080000000000002,174.0,33.6,149.6,28.96,33.34,33.9,93.5,15.700000000000001,57.300000000000004,100.0,237.0,2904.0,1.43,36.95,15.030000000000001,7.0,36.03,28.900000000000002,0.0,237.0,1200.0
145562.021,59162.021,140.0,91.30000000000001,22.61,15.94,171.5,33.550000000000004,153.0,29.0,33.25,34.1,93.0,15.65,56.900000000000006,99.80000000000001,240.5,2906.0,1.56,36.85,15.02,7.01,35.980000000000004,28.98,0.0,247.5,1200.0
145622.021,59222.021,140.0,90.9,22.6,16.0,174.0,33.6,150.4,29.09,33.34,33.9,94.5,15.65,56.900000000000006,100.0,240.0,2906.0,1.4000000000000001,37.0,15.01,7.05,35.92,29.03,1.0,239.0,1200.0
145682.021,59282.021,140.0,91.4,22.71,16.05,172.5,33.6,150.3,29.02,33.34,34.0,92.0,15.75,56.800000000000004,99.10000000000001,242.5,2906.0,1.52,36.800000000000004,14.98,7.03,36.03,28.97,0.0,240.5,1200.0
145742.02,59342.02,140.0,90.4,22.59,16.04,172.0,33.5,152.3,29.0,33.24,34.0,93.0,15.700000000000001,57.300000000000004,100.0,245.0,2906.0,1.49,36.95,14.98,7.05,36.08,28.94,0.0,244.5,1200.0
145802.02,59402.02,140.0,90.9,22.59,16.07,172.5,33.550000000000004,151.70000000000002,28.92,33.36,33.9,92.5,15.65,56.400000000000006,100.0,244.5,2902.0,1.35,36.800000000000004,14.96,7.0,35.96,28.95,1.0,241.0,1200.0
145862.02,59462.02,140.0,90.10000000000001,22.61,16.0,172.0,33.7,152.1,29.12,33.33,34.0,93.0,15.600000000000001,56.900000000000006,99.9,242.0,2902.0,1.37,36.9,15.040000000000001,6.97,35.980000000000004,29.02,0.0,242.0,1200.0
145922.02,59522.02,140.0,91.80000000000001,22.62,16.04,175.0,33.6,150.6,28.990000000000002,33.31,33.800000000000004,92.0,15.75,56.900000000000006,99.9,243.0,2897.0,1.6500000000000001,36.75,15.030000000000001,7.05,36.06,29.02,0.0,242.0,1200.0
145982.02,59582.02,140.0,91.9,22.66,16.04,174.5,33.800000000000004,151.6,29.1,33.34,34.0,92.5,15.700000000000001,56.800000000000004,100.0,245.5,2905.0,1.42,36.9,15.0,7.01,36.01,28.990000000000002,0.0,242.0,1200.0
146042.02,59642.02,140.0,91.30000000000001,22.650000000000002,16.02,175.0,33.65,150.6,28.990000000000002,33.44,33.95,94.5,15.65,57.0,100.0,240.5,2906.0,1.61,36.85,14.950000000000001,7.0,35.97,29.02,0.0,243.5,1200.0
146102.02,59702.02,140.0,90.30000000000001,22.69,15.99,173.0,33.550000000000004,151.70000000000002,29.05,33.32,33.85,94.0,15.65,56.7,100.0,236.5,2904.0,1.48,36.85,14.94,6.99,36.01,28.93,0.0,244.5,1200.0
146162.02,59762.02,140.0,91.10000000000001,22.59,16.03,173.5,33.6,151.8,28.94,33.38,33.800000000000004,91.0,15.75,57.0,100.0,240.0,2906.0,1.3800000000000001,36.9,15.07,7.01,36.13,28.98,0.0,240.5,1200.0
146222.02,59822.02,140.0,90.60000000000001,22.68,16.04,173.5,33.65,152.4,29.02,33.37,34.0,95.0,15.700000000000001,57.2,99.60000000000001,241.0,2910.0,1.53,36.9,15.05,7.03,35.99,29.01,1.0,239.0,1200.0
146282.02,59882.02,140.0,92.60000000000001,22.68,16.06,172.0,33.65,150.6,28.92,33.29,34.0,90.0,15.8,57.300000000000004,99.7,244.5,2909.0,1.48,36.800000000000004,14.99,7.05,35.99,28.96,3.0,247.0,1200.0
146342.02,59942.02,140.0,91.10000000000001,22.68,16.05,172.5,33.75,152.4,29.0,33.21,34.1,93.0,15.850000000000001,57.1,100.0,240.5,2906.0,1.37,37.050000000000004,14.97,7.03,35.910000000000004,28.97,1.0,245.5,1200.0
146402.02,60002.02,140.0,89.9,22.59,15.91,174.5,33.5,151.5,29.03,33.27,33.95,91.5,15.700000000000001,57.300000000000004,99.80000000000001,246.0,2908.0,1.35,36.85,15.0,7.01,35.99,28.96,0.0,245.0,1200.0
146462.019,60062.019,140.0,91.80000000000001,22.72,15.99,173.5,33.7,151.3,28.98,33.39,34.0,92.0,15.75,57.5,99.80000000000001,247.0,2913.0,1.49,37.050000000000004,15.01,6.99,35.95,28.990000000000002,0.0,248.5,1200.0
146522.019,60122.019,140.0,90.4,22.75,15.97,172.5,33.550000000000004,152.20000000000002,28.98,33.35,34.050000000000004,93.0,15.700000000000001,57.800000000000004,100.0,243.0,2905.0,1.5,37.0,14.94,7.0,36.1,28.990000000000002,2.0,244.5,1200.0
146582.019,60182.019,140.0,90.60000000000001,22.77,15.98,171.0,33.7,151.0,28.97,33.3,34.1,94.0,15.65,57.1,100.0,247.5,2911.0,1.43,37.050000000000004,14.950000000000001,7.07,35.93,28.990000000000002,0.0,245.0,1200.0
146642.019,60242.019,140.0,91.10000000000001,22.650000000000002,16.0,173.5,33.550000000000004,150.3,29.01,33.35,34.0,92.0,15.700000000000001,57.2,99.30000000000001,243.0,2910.0,1.3,36.85,14.96,7.0200000000000005,35.92,29.01,0.0,241.5,1200.0
146702.019,60302.019,140.0,90.2,22.76,16.0,172.0,33.6,152.1,28.98,33.36,34.0,92.5,15.75,57.7,99.80000000000001,242.5,2907.0,1.52,36.85,15.05,6.93,36.04,29.07,0.0,238.0,1200.0
146762.019,60362.019,140.0,91.60000000000001,22.68,16.07,171.0,33.65,151.9,29.01,33.38,34.050000000000004,93.0,15.8,57.5,99.5,240.5,2909.0,1.44,37.0,14.98,7.0,35.93,29.03,0.0,241.0,1200.0
146822.019,60422.019,140.0,89.60000000000001,22.69,15.96,173.0,33.550000000000004,149.1,28.95,33.39,34.050000000000004,92.5,15.850000000000001,57.300000000000004,100.0,246.0,2910.0,1.42,37.1,15.0,7.04,35.97,28.95,0.0,241.0,1200.0
146882.019,60482.019,140.0,90.30000000000001,22.64,15.96,171.5,33.65,150.6,28.93,33.33,34.0,89.0,15.75,57.300000000000004,99.7,243.5,2910.0,1.3900000000000001,37.0,14.96,7.04,36.01,28.97,1.0,244.0,1200.0
146942.019,60542.019,140.0,91.60000000000001,22.62,15.97,171.5,33.65,152.0,28.97,33.28,34.050000000000004,90.0,15.850000000000001,57.400000000000006,100.0,244.5,2904.0,1.3900000000000001,36.95,14.99,7.0,36.03,29.060000000000002,0.0,243.0,1200.0
147002.019,60602.019,140.0,91.60000000000001,22.6,15.99,171.5,33.550000000000004,151.4,29.04,33.28,34.1,91.5,15.75,57.2,100.0,243.5,2909.0,1.3900000000000001,36.95,15.01,7.0200000000000005,35.910000000000004,28.990000000000002,2.0,240.0,1200.0
147062.019,60662.019,140.0,91.10000000000001,22.67,15.98,172.5,33.65,152.5,29.01,33.33,33.9,92.0,15.8,57.400000000000006,99.80000000000001,245.5,2909.0,1.4000000000000001,36.95,15.07,7.0600000000000005,35.99,29.0,0.0,242.5,1200.0
147122.019,60722.019,140.0,91.0,22.61,15.98,171.0,33.6,150.8,29.09,33.31,33.9,92.5,15.65,56.800000000000004,100.0,240.0,2906.0,1.45,36.9,15.0,7.0600000000000005,35.94,28.990000000000002,1.0,246.0,1200.0
147182.018,60782.018,140.0,89.30000000000001,22.64,15.99,173.0,33.6,151.0,29.02,33.3,34.050000000000004,94.0,15.600000000000001,57.0,100.0,243.5,2910.0,1.46,37.1,15.02,6.94,35.96,29.03,2.0,245.0,1200.0
147242.018,60842.018,140.0,92.0,22.71,15.98,173.5,33.65,149.0,28.96,33.33,34.0,92.5,15.65,56.800000000000004,100.0,243.0,2909.0,1.44,36.85,14.91,6.98,36.1,28.93,0.0,243.0,1200.0
147302.018,60902.018,140.0,89.80000000000001,22.68,16.05,172.5,33.75,150.70000000000002,28.91,33.3,34.050000000000004,92.0,15.700000000000001,57.0,99.9,241.0,2904.0,1.35,37.050000000000004,14.98,7.07,35.99,28.96,0.0,244.5,1200.0
147362.018,60962.018,140.0,91.0,22.650000000000002,16.04,172.0,33.45,151.6,28.95,33.38,34.0,91.0,15.700000000000001,57.0,99.9,245.0,2907.0,1.3,37.0,14.93,6.99,36.04,28.97,1.0,242.0,1200.0
147422.018,61022.018,140.0,89.60000000000001,22.650000000000002,15.94,172.0,33.7,151.5,28.95,33.28,34.050000000000004,92.5,15.8,57.1,99.30000000000001,243.0,2909.0,1.43,36.800000000000004,14.98,6.98,36.06,28.990000000000002,0.0,240.5,1200.0
147482.018,61082.018,140.0,92.30000000000001,22.73,16.04,172.0,33.6,152.3,28.990000000000002,33.29,34.050000000000004,91.0,15.600000000000001,57.300000000000004,100.0,248.0,2910.0,1.35,37.050000000000004,14.97,6.95,36.03,28.96,1.0,242.5,1200.0
147542.018,61142.018,140.0,90.7,22.71,15.99,172.0,33.6,152.20000000000002,28.96,33.33,34.0,92.0,15.700000000000001,57.5,100.0,243.0,2902.0,1.44,36.800000000000004,15.08,6.97,35.980000000000004,29.0,0.0,241.0,1200.0
147602.018,61202.018,140.0,91.10000000000001,22.66,16.06,173.0,33.65,152.20000000000002,29.04,33.47,33.95,91.0,15.600000000000001,57.300000000000004,99.9,244.5,2909.0,1.32,36.85,15.02,6.97,35.99,29.01,0.0,245.0,1200.0
147662.018,61262.018,140.0,91.9,22.69,16.01,173.0,33.5,152.4,28.91,33.33,33.95,93.5,15.950000000000001,56.900000000000006,100.0,242.0,2905.0,1.34,37.050000000000004,15.01,6.97,36.01,29.0,0.0,240.5,1200.0
147722.018,61322.018,140.0,91.7,22.73,15.98,171.0,33.6,151.9,28.95,33.28,34.15,93.5,15.9,57.2,100.0,242.5,2907.0,1.33,36.9,14.950000000000001,7.0600000000000005,36.050000000000004,29.12,0.0,242.5,1200.0
147782.018,61382.018,140.0,91.0,22.72,15.98,170.0,33.6,153.70000000000002,28.91,33.3,34.0,93.5,15.65,57.400000000000006,99.9,242.5,2905.0,1.4000000000000001,36.95,15.09,6.98,36.03,29.03,0.0,244.5,1200.0
147842.018,61442.018,140.0,92.2,22.68,16.03,174.5,33.6,150.70000000000002,28.98,33.26,33.9,94.5,15.55,57.0,100.0,242.0,2906.0,1.5,36.75,15.01,7.0,36.02,28.990000000000002,2.0,240.0,1200.0
147902.017,61502.017,140.0,90.9,22.72,15.98,173.0,33.45,150.20000000000002,28.95,33.27,33.9,91.5,15.65,56.800000000000004,100.0,241.5,2906.0,1.3800000000000001,37.0,15.05,7.0200000000000005,35.99,28.98,0.0,239.5,1200.0
147962.017,61562.017,140.0,92.0,22.67,15.99,172.0,33.65,152.8,28.91,33.26,33.85,95.0,15.700000000000001,57.900000000000006,99.9,246.5,2906.0,1.36,36.9,14.97,7.11,35.99,29.05,0.0,244.5,1200.0
148022.017,61622.017,140.0,90.0,22.71,16.07,173.5,33.45,151.6,28.87,33.25,33.95,94.5,15.700000000000001,57.400000000000006,100.0,243.0,2901.0,1.17,36.800000000000004,14.950000000000001,7.01,36.02,29.02,1.0,238.5,1200.0
148082.017,61682.017,140.0,92.4,22.650000000000002,16.01,172.0,33.45,150.5,28.95,33.27,33.9,93.0,15.8,57.5,100.0,240.0,2898.0,1.52,36.75,14.94,6.98,35.99,29.1,0.0,243.0,1200.0
148142.017,61742.017,140.0,91.4,22.62,16.02,169.5,33.5,150.3,28.85,33.21,33.95,93.0,15.75,57.1,100.0,239.5,2896.0,1.41,36.85,14.99,7.0600000000000005,36.0,29.05,0.0,237.5,1200.0
148202.017,61802.017,140.0,91.0,22.64,15.97,172.5,33.5,151.1,28.95,33.26,34.0,90.5,15.700000000000001,57.300000000000004,99.7,242.0,2900.0,1.4000000000000001,37.0,14.98,7.0200000000000005,36.050000000000004,28.94,0.0,239.5,1200.0
148262.017,61862.017,140.0,89.30000000000001,22.7,16.02,171.0,33.45,150.6,28.89,33.15,33.95,92.5,15.600000000000001,57.1,99.80000000000001,244.0,2896.0,1.41,36.9,14.97,7.07,35.96,28.98,1.0,239.0,1200.0
148322.017,61922.017,140.0,91.10000000000001,22.66,16.06,171.0,33.5,150.5,28.76,33.230000000000004,33.75,93.5,15.75,57.300000000000004,100.0,239.0,2897.0,1.4000000000000001,36.800000000000004,15.05,6.96,35.96,29.07,0.0,242.0,1200.0
148382.017,61982.017,140.0,89.7,22.64,15.950000000000001,173.0,33.5,151.70000000000002,28.98,33.19,33.85,94.0,15.55,57.400000000000006,100.0,240.0,2905.0,1.5,36.9,15.02,7.01,35.96,29.02,0.0,239.0,1200.0
148442.017,62042.017,140.0,91.5,22.67,16.03,171.5,33.550000000000004,151.0,28.88,33.230000000000004,33.9,92.5,15.75,57.300000000000004,99.9,241.5,2901.0,1.58,36.85,15.01,7.07,36.0,28.990000000000002,0.0,244.0,1200.0
148502.017,62102.017,140.0,90.10000000000001,22.68,16.04,173.0,33.5,151.5,29.02,33.230000000000004,34.0,93.0,15.850000000000001,57.6,100.0,243.0,2903.0,1.48,36.85,14.99,7.01,36.04,29.0,0.0,240.5,1200.0
148562.017,62162.017,140.0,90.4,22.650000000000002,16.04,171.5,33.6,151.20000000000002,29.01,33.32,34.0,94.0,15.65,57.1,100.0,243.5,2898.0,1.34,36.9,14.93,6.99,36.050000000000004,28.900000000000002,3.0,242.0,1200.0
148622.017,62222.017,140.0,91.4,22.64,15.99,174.5,33.65,151.8,28.95,33.36,34.0,92.5,15.75,56.900000000000006,100.0,238.0,2900.0,1.35,36.800000000000004,15.06,6.98,35.95,29.04,0.0,246.0,1200.0
148682.016,62282.016,140.0,90.60000000000001,22.61,16.0,172.0,33.7,152.1,28.95,33.2,34.050000000000004,92.0,15.700000000000001,57.1,100.0,240.0,2905.0,1.5,36.75,15.01,7.0200000000000005,35.980000000000004,29.0,0.0,244.0,1200.0
148742.016,62342.016,140.0,91.60000000000001,22.68,16.0,173.0,33.6,150.8,29.1,33.3,34.1,91.5,15.65,57.300000000000004,99.9,248.0,2906.0,1.32,36.95,14.96,7.04,36.06,28.94,0.0,242.5,1200.0
148802.016,62402.016,140.0,91.7,22.67,16.01,172.5,33.550000000000004,150.1,29.0,33.2,34.1,92.0,15.700000000000001,57.2,100.0,239.5,2905.0,1.3800000000000001,36.85,14.99,7.0200000000000005,36.04,28.94,1.0,246.5,1200.0
148862.016,62462.016,140.0,91.2,22.68,15.97,171.0,33.6,152.8,29.04,33.31,34.050000000000004,90.5,15.700000000000001,56.800000000000004,100.0,242.5,2903.0,1.26,36.85,15.0,6.92,36.03,29.03,0.0,245.5,1200.0
148922.016,62522.016,140.0,92.60000000000001,22.61,16.0,170.5,33.7,152.70000000000002,29.04,33.3,34.1,91.0,15.850000000000001,56.900000000000006,99.9,240.5,2910.0,1.42,36.95,14.93,7.05,36.0,28.95,0.0,245.0,1200.0
148982.016,62582.016,140.0,91.80000000000001,22.67,16.01,174.5,33.6,149.8,29.0,33.28,34.15,94.0,15.75,57.2,100.0,236.0,2906.0,1.54,36.85,14.92,7.08,36.04,29.060000000000002,1.0,245.0,1200.0
149042.016,62642.016,140.0,91.7,22.64,15.950000000000001,171.5,33.5,151.5,28.98,33.3,34.050000000000004,94.0,15.8,57.800000000000004,100.0,237.5,2908.0,1.43,36.9,15.040000000000001,7.0,35.94,29.0,1.0,244.0,1200.0
149102.016,62702.016,140.0,90.30000000000001,22.7,15.870000000000001,173.5,33.75,151.70000000000002,29.04,33.25,33.95,92.0,15.700000000000001,57.300000000000004,100.0,240.5,2907.0,1.3800000000000001,36.95,14.98,6.97,35.97,29.04,2.0,246.0,1200.0
149162.016,62762.016,140.0,90.60000000000001,22.650000000000002,15.96,171.5,33.550000000000004,151.1,29.03,33.33,33.95,91.0,15.700000000000001,57.400000000000006,99.80000000000001,241.5,2908.0,1.33,36.95,15.0,7.0,36.01,28.97,2.0,248.5,1200.0
149222.016,62822.016,140.0,91.9,22.61,16.05,172.5,33.65,152.5,29.09,33.3,34.050000000000004,94.0,15.950000000000001,57.400000000000006,99.9,244.5,2916.0,1.27,36.9,15.02,7.0,36.03,28.97,0.0,247.0,1200.0
149282.016,62882.016,140.0,90.60000000000001,22.66,15.98,171.5,33.550000000000004,152.0,28.990000000000002,33.3,34.050000000000004,93.0,15.75,57.0,99.80000000000001,243.5,2912.0,1.49,37.0,15.01,7.04,36.03,29.080000000000002,1.0,242.0,1200.0
149342.016,62942.016,140.0,91.0,22.650000000000002,16.02,172.5,33.550000000000004,150.70000000000002,28.990000000000002,33.37,34.050000000000004,91.5,15.65,57.300000000000004,99.80000000000001,239.5,2910.0,1.24,37.050000000000004,15.030000000000001,6.99,36.01,29.03,3.0,243.5,1200.0
149402.016,63002.016,140.0,91.4,22.67,15.96,173.0,33.75,153.1,28.990000000000002,33.29,34.050000000000004,93.0,15.65,57.6,100.0,247.0,2906.0,1.46,36.85,14.99,6.96,35.99,28.900000000000002,1.0,242.0,1200.0
149462.015,63062.015,140.0,92.10000000000001,22.7,16.02,173.5,33.6,151.20000000000002,29.04,33.29,33.95,92.0,15.850000000000001,57.400000000000006,99.9,242.0,2910.0,1.3900000000000001,36.95,14.96,7.03,35.980000000000004,28.96,1.0,243.5,1200.0
149522.015,63122.015,140.0,90.30000000000001,22.740000000000002,15.94,172.5,33.550000000000004,151.5,29.0,33.37,34.050000000000004,91.0,15.65,57.1,99.9,244.5,2905.0,1.35,37.0,14.98,6.94,35.97,28.96,1.0,238.5,1200.0
149582.015,63182.015,140.0,91.0,22.68,16.0,173.0,33.45,151.3,29.18,33.25,34.1,91.5,15.700000000000001,57.6,100.0,243.0,2910.0,1.51,37.0,15.09,6.92,36.09,28.990000000000002,0.0,243.5,1200.0
149642.015,63242.015,140.0,90.9,22.650000000000002,15.96,174.0,33.6,150.20000000000002,29.0,33.410000000000004,34.15,94.5,15.700000000000001,56.800000000000004,100.0,245.0,2908.0,1.4000000000000001,37.15,14.96,7.09,35.97,29.03,1.0,243.0,1200.0
149702.015,63302.015,140.0,90.7,22.71,16.01,173.0,33.550000000000004,152.5,29.0,33.38,33.95,91.5,15.700000000000001,57.300000000000004,99.9,241.0,2912.0,1.41,36.9,15.030000000000001,7.03,36.03,29.080000000000002,4.0,243.5,1200.0
149762.015,63362.015,140.0,91.10000000000001,22.69,16.0,172.5,33.550000000000004,153.20000000000002,29.04,33.35,34.0,91.5,15.75,57.0,100.0,243.0,2908.0,1.3800000000000001,36.95,14.97,6.98,36.08,29.02,1.0,241.5,1200.0
149822.015,63422.015,140.0,90.10000000000001,22.66,16.06,172.5,33.7,151.70000000000002,28.91,33.26,33.85,92.0,15.9,57.0,99.80000000000001,244.0,2904.0,1.42,36.95,14.98,6.98,35.980000000000004,29.0,2.0,241.0,1200.0
149882.015,63482.015,140.0,91.2,22.62,15.950000000000001,172.5,33.45,151.3,28.95,33.36,34.050000000000004,94.0,15.65,57.400000000000006,99.9,242.0,2903.0,1.41,36.95,15.01,6.99,35.94,28.96,0.0,243.0,1200.0
149942.015,63542.015,140.0,90.5,22.72,15.94,174.5,33.5,150.1,28.96,33.32,34.1,94.5,15.65,57.400000000000006,99.9,243.5,2900.0,1.36,37.0,15.0,7.01,35.97,29.04,0.0,244.5,1200.0
150002.015,63602.015,140.0,92.30000000000001,22.6,16.01,173.0,33.65,151.6,29.02,33.26,34.050000000000004,94.5,15.600000000000001,56.800000000000004,99.60000000000001,239.0,2900.0,1.36,36.85,14.92,6.98,35.980000000000004,28.92,0.0,241.5,1200.0
150062.015,63662.015,140.0,90.7,22.62,15.99,173.5,33.5,151.8,28.95,33.21,34.050000000000004,92.0,15.65,57.300000000000004,99.9,236.0,2903.0,1.09,36.800000000000004,14.96,7.04,35.910000000000004,28.900000000000002,0.0,237.0,1200.0
150122.015,63722.015,140.0,91.0,22.68,16.12,173.5,33.550000000000004,150.8,28.91,33.27,33.9,93.5,15.65,57.6,100.0,235.0,2903.0,1.35,36.9,14.950000000000001,6.99,36.0,28.990000000000002,2.0,238.5,1200.0
150182.015,63782.015,140.0,90.0,22.650000000000002,15.97,172.0,33.550000000000004,150.9,28.98,33.25,34.050000000000004,93.5,15.850000000000001,57.1,100.0,238.5,2898.0,1.47,36.800000000000004,14.97,7.0200000000000005,35.97,29.02,3.0,242.5,1200.0
150242.014,63842.014,140.0,92.0,22.66,16.01,172.5,33.5,152.6,28.95,33.25,33.95,92.5,15.8,57.1,99.9,244.0,2898.0,1.24,36.9,15.0,7.0,35.99,29.03,0.0,239.5,1200.0
150302.014,63902.014,140.0,91.9,22.650000000000002,16.01,175.0,33.550000000000004,151.70000000000002,28.900000000000002,33.27,33.9,94.0,15.9,56.7,100.0,240.0,2903.0,1.44,36.85,15.030000000000001,6.99,35.96,28.900000000000002,0.0,243.5,1200.0
150362.014,63962.014,140.0,91.30000000000001,22.7,16.06,173.5,33.550000000000004,151.3,28.900000000000002,33.28,34.050000000000004,92.0,15.65,57.1,100.0,240.5,2897.0,1.44,36.75,15.01,7.0200000000000005,35.88,29.09,0.0,238.0,1200.0
150422.014,64022.014,140.0,90.7,22.580000000000002,16.01,174.0,33.6,152.0,28.94,33.32,33.800000000000004,93.0,15.65,57.6,100.0,240.0,2896.0,1.35,36.85,14.93,7.01,36.01,29.04,0.0,239.0,1200.0
150482.014,64082.014,140.0,91.2,22.61,15.96,172.5,33.550000000000004,151.3,28.94,33.33,33.9,91.5,15.8,57.1,100.0,242.5,2905.0,1.3800000000000001,36.7,15.0,6.98,36.01,28.93,1.0,245.5,1200.0
150542.014,64142.014,140.0,90.2,22.69,16.0,170.5,33.6,151.5,28.900000000000002,33.17,33.9,91.5,15.850000000000001,57.1,100.0,243.0,2901.0,1.5,36.7,14.99,7.0200000000000005,35.93,28.96,0.0,245.5,1200.0
150602.014,64202.014,140.0,90.80000000000001,22.6,16.02,171.5,33.6,150.0,29.01,33.27,33.95,91.5,15.75,57.6,100.0,245.0,2899.0,1.24,36.85,15.0,7.05,35.99,29.04,0.0,238.0,1200.0
150662.014,64262.014,140.0,92.30000000000001,22.64,16.02,172.0,33.45,151.6,29.01,33.36,33.95,91.5,15.75,57.6,99.5,248.0,2897.0,1.22,36.7,14.950000000000001,7.0,36.0,28.94,1.0,240.0,1200.0
150722.014,64322.014,140.0,90.30000000000001,22.66,16.01,170.5,33.550000000000004,152.70000000000002,28.990000000000002,33.18,33.9,94.0,15.700000000000001,57.2,100.0,241.5,2905.0,1.5,36.9,15.02,7.0200000000000005,35.96,29.0,0.0,240.0,1200.0
150782.014,64382.014,140.0,89.60000000000001,22.73,15.97,172.5,33.45,149.5,28.95,33.17,33.95,92.5,15.700000000000001,57.300000000000004,99.80000000000001,236.0,2903.0,1.28,37.0,14.99,7.05,36.03,29.02,0.0,246.0,1200.0
150842.014,64442.014,140.0,89.60000000000001,22.71,16.05,172.5,33.65,151.4,28.93,33.25,34.0,92.0,15.700000000000001,57.1,99.7,240.5,2902.0,1.36,36.75,14.96,7.0200000000000005,35.93,28.990000000000002,1.0,244.0,1200.0
150902.014,64502.014,140.0,90.9,22.68,16.05,173.0,33.45,152.6,28.85,33.21,33.800000000000004,92.0,15.700000000000001,57.800000000000004,100.0,239.5,2895.0,1.26,36.9,15.05,6.96,35.980000000000004,28.95,0.0,244.0,1200.0
150962.014,64562.014,140.0,90.2,22.75,15.98,172.5,33.5,152.8,28.990000000000002,33.24,33.95,92.0,15.75,58.1,100.0,245.0,2904.0,1.52,36.85,14.950000000000001,7.0200000000000005,36.02,29.01,0.0,243.0,1200.0
151022.014,64622.014,140.0,89.60000000000001,22.72,16.03,173.0,33.5,151.20000000000002,28.89,33.24,33.95,91.5,15.700000000000001,57.7,99.60000000000001,243.5,2902.0,1.32,37.0,14.99,7.03,35.96,29.0,0.0,241.0,1200.0
151082.013,64682.013,140.0,90.7,22.69,16.02,174.5,33.7,150.8,28.900000000000002,33.25,33.85,93.0,15.75,57.900000000000006,99.60000000000001,242.0,2911.0,1.44,37.0,15.11,7.01,35.96,29.0,0.0,244.0,1200.0
151142.013,64742.013,140.0,91.10000000000001,22.67,16.01,169.0,33.6,153.8,28.85,33.3,34.0,96.0,15.850000000000001,57.5,100.0,244.0,2902.0,1.42,36.9,15.0,6.99,36.06,29.04,0.0,241.5,1200.0
151202.013,64802.013,140.0,91.60000000000001,22.72,16.01,172.0,33.6,151.6,28.94,33.29,34.050000000000004,92.5,15.65,57.900000000000006,99.60000000000001,243.0,2903.0,1.57,36.800000000000004,14.98,7.05,36.04,29.01,2.0,245.5,1200.0
151262.013,64862.013,140.0,91.9,22.63,15.99,168.0,33.550000000000004,151.9,28.89,33.230000000000004,34.050000000000004,90.5,15.600000000000001,57.5,100.0,239.5,2906.0,1.57,36.95,15.05,6.98,36.0,29.0,0.0,241.5,1200.0
151322.013,64922.013,140.0,91.0,22.39,15.9,172.5,33.5,150.6,28.91,33.17,33.95,93.0,15.5,57.2,100.0,239.5,2896.0,1.22,36.9,14.97,6.96,35.92,28.990000000000002,0.0,240.5,1200.0
151382.013,64982.013,140.0,91.7,22.330000000000002,15.89,174.0,33.4,150.6,28.85,33.07,33.85,93.0,15.65,56.0,99.7,236.0,2890.0,1.47,36.85,15.01,7.0,36.050000000000004,29.03,0.0,238.5,1200.0
151442.013,65042.013,140.0,90.9,22.18,15.9,170.0,33.35,152.8,28.8,33.02,33.800000000000004,91.5,15.700000000000001,55.400000000000006,99.80000000000001,235.5,2878.0,1.37,36.7,14.99,6.96,35.980000000000004,29.02,0.0,229.5,1200.0
151502.013,65102.013,140.0,90.10000000000001,22.04,15.84,171.0,33.1,149.5,28.91,32.92,33.85,91.5,15.600000000000001,54.7,99.80000000000001,234.5,2872.0,1.45,36.7,14.950000000000001,6.99,36.050000000000004,29.09,0.0,231.0,1200.0
151562.013,65162.013,140.0,91.0,21.98,15.82,170.0,33.2,151.5,28.900000000000002,32.910000000000004,33.75,93.0,15.600000000000001,53.5,100.0,230.0,2868.0,1.46,36.6,15.030000000000001,6.97,36.07,28.95,0.0,230.5,1200.0
151622.013,65222.013,140.0,92.2,21.900000000000002,15.9,172.0,33.1,148.9,28.830000000000002,32.85,33.800000000000004,94.0,15.600000000000001,53.5,100.0,226.0,2862.0,1.46,36.4,14.950000000000001,7.0200000000000005,35.980000000000004,29.060000000000002,0.0,226.5,1200.0
151682.013,65282.013,140.0,89.9,21.830000000000002,15.77,171.0,33.25,152.5,28.85,32.89,33.9,91.0,15.4,53.0,100.0,227.0,2866.0,1.49,36.5,15.06,7.0,35.96,28.900000000000002,0.0,225.5,1200.0
151742.013,65342.013,140.0,91.10000000000001,21.63,15.6,171.0,33.2,151.9,28.92,32.95,33.85,91.5,15.350000000000001,53.0,100.0,230.0,2875.0,1.48,36.15,15.06,7.07,35.99,28.95,0.0,223.5,1200.0
151802.013,65402.013,140.0,91.30000000000001,21.56,15.5,172.0,33.15,150.4,28.93,32.89,33.85,90.0,15.3,52.6,98.10000000000001,228.5,2880.0,1.33,36.15,15.02,6.88,35.94,28.98,0.0,222.5,1200.0
151862.013,65462.013,140.0,91.9,21.54,15.72,169.0,33.0,151.4,28.88,32.8,33.75,90.0,15.350000000000001,52.2,94.0,225.0,2884.0,1.32,36.1,14.94,7.0,36.04,29.05,1.0,224.5,1200.0
151922.012,65522.012,140.0,92.5,21.77,15.860000000000001,171.0,33.050000000000004,151.1,28.86,32.8,33.800000000000004,92.0,15.600000000000001,52.300000000000004,94.0,220.5,2865.0,1.46,35.800000000000004,14.99,6.99,36.0,29.02,1.0,215.5,1200.0
151982.012,65582.012,140.0,91.10000000000001,21.92,15.88,171.0,33.2,151.1,28.91,32.77,33.9,93.0,15.600000000000001,52.6,96.30000000000001,223.0,2854.0,1.27,35.9,14.96,7.07,35.9,28.990000000000002,2.0,224.5,1200.0
152042.012,65642.012,140.0,90.0,22.06,15.96,169.0,32.95,150.9,28.77,32.78,33.800000000000004,93.0,15.8,53.1,99.4,222.5,2841.0,1.53,35.95,14.94,6.99,36.06,28.98,0.0,221.0,1200.0
152102.012,65702.012,140.0,91.2,22.14,16.080000000000002,170.5,33.1,152.4,28.77,32.84,33.65,93.0,15.8,53.900000000000006,99.80000000000001,221.0,2831.0,1.3800000000000001,35.9,15.030000000000001,6.97,36.050000000000004,29.09,0.0,227.5,1200.0
152162.012,65762.012,140.0,90.80000000000001,22.25,16.27,169.5,33.1,151.70000000000002,28.87,32.78,33.75,94.5,15.950000000000001,54.400000000000006,99.80000000000001,219.5,2826.0,1.54,35.75,15.030000000000001,7.0600000000000005,36.01,29.04,0.0,221.0,1200.0
152222.012,65822.012,140.0,91.2,22.36,16.3,171.0,33.0,152.70000000000002,28.84,32.84,33.7,93.0,16.05,54.7,99.5,216.0,2810.0,1.55,35.75,15.040000000000001,6.97,35.95,28.990000000000002,2.0,217.5,1200.0
152282.012,65882.012,140.0,89.4,22.51,16.29,170.0,33.2,150.1,28.740000000000002,32.85,33.7,94.0,15.950000000000001,54.400000000000006,100.0,220.5,2810.0,1.36,35.800000000000004,14.97,7.0200000000000005,35.980000000000004,28.96,0.0,217.5,1200.0
152342.012,65942.012,140.0,91.30000000000001,22.6,16.32,171.5,33.1,149.70000000000002,28.810000000000002,32.9,33.75,93.0,16.1,55.300000000000004,100.0,224.5,2829.0,1.41,35.800000000000004,14.99,6.98,35.92,29.04,2.0,226.5,1200.0
152402.012,66002.012,140.0,91.5,22.77,16.26,169.0,33.25,150.6,28.67,32.910000000000004,33.7,94.5,16.1,56.0,100.0,229.5,2840.0,1.45,35.75,14.97,7.04,35.93,29.03,0.0,225.5,1200.0
152462.012,66062.012,140.0,90.7,22.67,16.14,170.0,33.25,152.0,28.810000000000002,32.93,33.65,93.0,15.850000000000001,57.1,99.9,224.5,2857.0,1.46,36.1,14.93,6.96,35.95,28.97,0.0,229.5,1200.0
152522.012,66122.012,140.0,91.0,22.5,16.080000000000002,171.0,33.4,150.6,28.71,33.06,33.6,92.5,15.65,57.1,100.0,229.0,2854.0,1.44,36.1,14.96,7.05,35.97,28.990000000000002,0.0,229.5,1200.0
152582.012,66182.012,140.0,91.7,22.37,16.02,168.5,33.25,151.4,28.8,32.87,33.800000000000004,94.5,15.65,55.300000000000004,100.0,225.0,2859.0,1.4000000000000001,35.9,15.040000000000001,6.98,36.050000000000004,29.07,1.0,228.5,1200.0
152642.012,66242.012,140.0,90.30000000000001,22.19,15.98,168.5,33.1,151.4,28.95,33.02,33.75,94.5,15.850000000000001,55.2,100.0,223.5,2858.0,1.34,36.050000000000004,15.05,7.07,35.9,28.990000000000002,0.0,227.5,1200.0
152702.012,66302.012,140.0,93.4,22.16,15.94,170.0,33.050000000000004,152.20000000000002,28.84,32.87,33.65,96.0,15.700000000000001,54.2,100.0,225.0,2855.0,1.31,36.0,14.99,7.0,36.02,29.05,0.0,227.5,1200.0
152762.011,66362.011,140.0,91.2,21.98,15.93,169.0,33.15,152.1,28.82,32.9,33.75,92.0,15.65,53.6,99.9,225.0,2851.0,1.48,36.0,15.01,7.03,35.96,28.97,1.0,223.5,1200.0
152822.011,66422.011,140.0,91.9,21.78,15.88,172.5,32.95,150.5,28.87,32.83,33.800000000000004,94.0,15.5,54.0,100.0,225.5,2850.0,1.31,36.0,14.98,6.95,36.0,29.0,0.0,224.5,1200.0
152882.011,66482.011,140.0,90.9,21.73,15.75,170.5,33.050000000000004,151.5,28.82,32.86,33.800000000000004,93.0,15.55,53.6,100.0,223.5,2855.0,1.2,35.9,14.98,7.0200000000000005,35.92,28.98,0.0,224.0,1200.0
152942.011,66542.011,140.0,89.80000000000001,21.64,15.6,169.0,33.0,152.6,28.86,32.84,33.85,91.5,15.350000000000001,52.5,99.9,228.0,2867.0,1.42,35.7,14.99,6.99,35.97,28.900000000000002,3.0,225.5,1200.0
153002.011,66602.011,140.0,91.5,21.48,15.5,170.5,32.95,151.70000000000002,28.78,32.72,33.85,91.5,15.350000000000001,53.0,94.9,223.0,2890.0,1.3900000000000001,35.800000000000004,14.98,6.99,35.99,29.1,0.0,221.5,1200.0
153062.011,66662.011,140.0,92.30000000000001,21.45,15.64,167.0,33.0,150.8,28.87,32.67,33.85,92.0,15.4,51.300000000000004,88.7,215.5,2891.0,1.48,35.85,14.96,7.05,36.02,28.97,0.0,217.0,1200.0
153122.011,66722.011,140.0,92.0,21.41,15.64,169.0,32.75,151.70000000000002,28.830000000000002,32.58,33.9,91.5,15.450000000000001,50.6,86.2,218.5,2892.0,1.34,35.800000000000004,15.030000000000001,7.03,36.03,28.95,0.0,216.5,1200.0
153182.011,66782.011,140.0,91.0,21.47,15.75,170.0,32.75,151.3,28.82,32.54,33.85,93.0,15.600000000000001,49.2,82.30000000000001,210.0,2894.0,1.35,35.7,14.97,6.96,36.04,29.03,1.0,212.5,1200.0
153242.011,66842.011,140.0,89.5,21.44,15.76,168.0,32.9,152.9,28.88,32.46,33.9,92.5,15.600000000000001,49.5,79.9,208.5,2892.0,1.4000000000000001,35.800000000000004,14.98,6.98,35.99,29.03,1.0,208.5,1200.0
153302.011,66902.011,140.0,92.9,21.47,15.82,169.5,32.6,153.0,28.89,32.54,33.95,90.0,15.55,49.1,78.10000000000001,207.0,2893.0,1.3800000000000001,35.7,14.96,6.98,36.04,29.05,1.0,203.5,1200.0
153362.011,66962.011,140.0,91.0,21.330000000000002,15.88,169.0,32.7,151.5,28.8,32.43,33.95,92.0,15.65,49.5,76.2,202.5,2891.0,1.33,35.7,14.99,7.03,35.99,29.150000000000002,0.0,201.5,1200.0
153422.011,67022.011,140.0,91.30000000000001,21.34,15.860000000000001,167.5,32.5,151.1,28.93,32.52,34.0,91.5,15.5,48.400000000000006,74.4,202.0,2895.0,1.26,35.7,14.97,7.09,36.01,28.93,1.0,205.0,1200.0
153482.011,67082.011,140.0,91.60000000000001,21.330000000000002,15.81,167.0,32.6,150.1,28.84,32.42,34.0,93.0,15.600000000000001,48.7,73.4,205.0,2899.0,1.46,35.7,15.02,6.93,35.88,29.07,1.0,206.0,1200.0
153542.011,67142.011,140.0,91.0,21.3,15.89,167.0,32.800000000000004,150.70000000000002,28.87,32.28,33.85,91.5,15.75,48.6,72.5,202.5,2896.0,1.26,35.65,15.01,7.0200000000000005,36.09,28.95,1.0,200.5,1200.0
153602.01,67202.01,140.0,90.7,21.31,15.89,167.5,32.800000000000004,150.6,28.900000000000002,32.42,33.800000000000004,91.0,15.65,48.5,71.7,203.0,2899.0,1.44,35.65,15.040000000000001,7.05,35.96,29.02,2.0,205.0,1200.0
153662.01,67262.01,140.0,90.7,21.36,15.790000000000001,169.0,32.5,150.1,28.77,32.27,33.9,91.5,15.55,48.300000000000004,70.60000000000001,194.0,2896.0,1.46,35.6,14.99,7.04,35.97,29.0,1.0,201.0,1200.0
153722.01,67322.01,140.0,90.7,21.36,15.88,165.5,32.6,151.1,28.830000000000002,32.36,33.95,92.5,15.75,48.0,70.2,198.0,2903.0,1.3900000000000001,35.550000000000004,14.99,6.98,36.0,28.88,2.0,197.0,1200.0
153782.01,67382.01,140.0,89.60000000000001,21.29,15.870000000000001,166.0,32.5,149.20000000000002,28.78,32.38,33.95,92.0,15.600000000000001,48.300000000000004,69.7,199.5,2899.0,1.53,35.7,15.1,7.04,36.02,28.96,1.0,201.5,1200.0
153842.01,67442.01,140.0,90.60000000000001,21.38,15.93,168.5,32.550000000000004,151.20000000000002,28.77,32.29,33.85,90.5,15.5,47.800000000000004,68.9,200.5,2893.0,1.53,35.800000000000004,15.06,7.01,35.99,29.05,0.0,196.0,1200.0
153902.01,67502.01,140.0,91.4,21.36,15.94,167.0,32.45,152.6,28.8,32.33,33.9,93.5,15.600000000000001,47.900000000000006,69.10000000000001,200.0,2898.0,1.44,35.65,14.94,7.08,36.01,29.05,2.0,196.5,1200.0
153962.01,67562.01,140.0,91.60000000000001,21.25,15.92,167.5,32.45,151.3,28.89,32.2,33.85,93.5,15.700000000000001,48.1,68.0,202.5,2896.0,1.35,35.550000000000004,14.97,7.0200000000000005,35.980000000000004,28.97,1.0,200.0,1200.0
154022.01,67622.01,140.0,88.9,21.31,15.9,166.0,32.45,150.70000000000002,28.86,32.29,33.800000000000004,91.0,15.75,47.7,68.7,197.5,2894.0,1.41,35.6,14.96,7.0200000000000005,36.01,29.0,0.0,198.5,1200.0
154082.01,67682.01,140.0,89.5,21.3,15.950000000000001,168.0,32.65,150.0,28.77,32.31,33.9,91.5,15.75,47.0,67.7,193.5,2895.0,1.59,35.5,15.02,7.0200000000000005,36.03,28.990000000000002,0.0,200.5,1200.0
154142.01,67742.01,140.0,90.5,21.37,15.98,168.5,32.550000000000004,151.3,28.84,32.27,33.9,93.0,15.600000000000001,47.1,67.5,200.5,2896.0,1.59,35.6,14.96,6.97,35.910000000000004,29.04,0.0,200.0,1200.0
154202.01,67802.01,140.0,91.9,21.3,15.97,166.0,32.35,152.6,28.73,32.26,33.9,91.5,15.850000000000001,47.1,67.2,197.0,2894.0,1.44,35.550000000000004,14.98,7.07,35.99,29.04,1.0,193.5,1200.0
154262.01,67862.01,140.0,89.2,21.400000000000002,15.97,167.0,32.4,150.4,28.76,32.28,34.0,93.0,15.75,47.5,68.10000000000001,193.0,2890.0,1.62,35.5,15.0,6.97,35.910000000000004,28.990000000000002,0.0,192.5,1200.0
154322.01,67922.01,140.0,91.7,21.46,16.03,168.0,32.5,151.8,28.79,32.32,33.800000000000004,92.5,16.0,48.300000000000004,68.8,196.5,2885.0,1.47,35.5,15.01,6.91,36.01,28.990000000000002,0.0,199.0,1200.0
154382.01,67982.01,140.0,90.9,21.47,16.13,167.0,32.4,151.6,28.810000000000002,32.26,33.85,95.0,15.850000000000001,48.5,70.2,197.0,2882.0,1.34,35.45,15.030000000000001,7.01,36.02,29.080000000000002,0.0,197.0,1200.0
154442.01,68042.01,140.0,92.10000000000001,21.56,16.13,165.0,32.6,152.9,28.79,32.35,33.85,93.0,15.75,48.1,71.9,195.5,2871.0,1.3800000000000001,35.4,15.05,6.99,36.0,29.03,0.0,201.5,1200.0
154502.009,68102.009,140.0,88.30000000000001,21.66,16.14,167.0,32.550000000000004,152.5,28.85,32.37,34.0,92.0,15.950000000000001,48.800000000000004,73.4,196.5,2866.0,1.48,35.5,14.96,7.07,36.03,29.03,0.0,200.0,1200.0
154562.009,68162.009,140.0,90.2,21.76,16.21,168.5,32.65,149.9,28.87,32.4,33.85,92.5,16.0,49.7,75.5,198.5,2868.0,1.5,35.45,15.0,7.0200000000000005,35.95,29.05,0.0,197.0,1200.0
154622.009,68222.009,140.0,91.4,21.8,16.18,168.0,32.75,152.20000000000002,28.830000000000002,32.42,33.85,92.5,16.1,49.7,78.30000000000001,203.0,2855.0,1.37,35.5,15.02,6.91,36.050000000000004,28.94,0.0,204.0,1200.0
154682.009,68282.009,140.0,91.0,21.830000000000002,16.22,168.5,32.800000000000004,149.4,28.87,32.56,34.0,93.0,15.8,50.300000000000004,81.4,198.5,2854.0,1.3800000000000001,35.5,15.0,7.01,35.93,29.0,0.0,202.0,1200.0
154742.009,68342.009,140.0,91.0,21.93,16.26,169.5,32.85,151.5,28.82,32.59,34.0,94.0,15.9,50.5,85.4,209.0,2843.0,1.41,35.5,14.98,7.01,36.03,28.95,3.0,209.0,1200.0
154802.009,68402.009,140.0,89.4,22.0,16.18,169.5,32.95,152.0,28.85,32.660000000000004,33.85,91.0,15.850000000000001,51.6,88.4,214.5,2839.0,1.35,35.5,15.01,7.01,35.980000000000004,29.05,0.0,213.0,1200.0
154862.009,68462.009,140.0,92.0,21.94,16.17,166.0,32.9,151.0,28.89,32.660000000000004,33.75,91.5,16.05,52.400000000000006,90.9,206.0,2839.0,1.45,35.4,14.96,6.96,35.95,29.01,2.0,211.5,1200.0
154922.009,68522.009,140.0,91.9,21.89,16.11,169.0,32.85,152.1,28.82,32.63,33.75,94.5,15.850000000000001,52.900000000000006,90.10000000000001,214.5,2840.0,1.34,35.65,15.01,7.0,35.92,28.98,1.0,209.0,1200.0
154982.009,68582.009,140.0,90.0,21.91,16.13,168.5,32.9,150.1,28.86,32.56,33.75,95.0,15.75,52.1,89.7,209.5,2840.0,1.45,35.6,14.96,6.98,36.04,28.97,0.0,210.5,1200.0
155042.009,68642.009,140.0,91.2,21.88,16.11,170.5,32.9,151.4,28.77,32.72,33.85,91.0,15.75,51.800000000000004,89.80000000000001,214.5,2846.0,1.42,35.65,14.94,7.0,36.0,29.01,1.0,213.5,1200.0
155102.009,68702.009,140.0,91.5,21.8,16.0,166.0,32.9,151.3,28.77,32.6,33.85,91.5,15.950000000000001,51.5,88.10000000000001,211.5,2843.0,1.46,35.550000000000004,15.01,7.01,35.95,29.09,0.0,209.5,1200.0
155162.009,68762.009,140.0,89.80000000000001,21.79,15.92,168.5,32.75,150.9,28.86,32.59,33.7,92.0,15.850000000000001,50.5,87.4,212.5,2855.0,1.41,35.6,15.01,6.97,35.980000000000004,28.93,3.0,209.0,1200.0
155222.009,68822.009,140.0,91.7,21.63,15.92,165.0,32.9,151.4,28.71,32.5,33.800000000000004,92.5,15.75,51.400000000000006,85.80000000000001,210.0,2860.0,1.41,35.6,15.040000000000001,7.03,36.050000000000004,29.060000000000002,0.0,208.5,1200.0
155282.009,68882.009,140.0,90.7,21.75,15.950000000000001,169.5,32.75,151.9,28.75,32.46,33.800000000000004,92.0,15.700000000000001,50.900000000000006,85.2,209.0,2860.0,1.44,35.45,14.97,7.05,36.0,28.98,0.0,205.5,1200.0
155342.009,68942.009,140.0,90.5,21.66,15.91,166.0,32.800000000000004,152.6,28.810000000000002,32.47,33.7,92.5,15.65,50.900000000000006,83.10000000000001,215.5,2863.0,1.51,35.6,14.98,6.98,35.99,29.02,0.0,206.0,1200.0
155402.008,69002.008,140.0,91.7,21.57,15.96,167.5,32.75,151.0,28.73,32.51,33.75,90.5,15.8,49.7,81.9,204.0,2868.0,1.1400000000000001,35.5,14.950000000000001,7.0200000000000005,35.99,29.01,1.0,205.0,1200.0
155462.008,69062.008,140.0,92.5,21.63,15.99,170.5,32.85,152.1,28.78,32.36,33.65,92.0,15.75,50.300000000000004,80.2,205.5,2870.0,1.25,35.5,14.99,6.98,36.08,29.02,0.0,205.0,1200.0
155522.008,69122.008,140.0,91.2,21.62,15.93,168.5,32.7,151.6,28.8,32.44,33.800000000000004,92.0,15.75,50.300000000000004,78.80000000000001,202.5,2874.0,1.32,35.5,14.92,7.03,36.0,29.07,0.0,204.0,1200.0
155582.008,69182.008,140.0,92.10000000000001,21.57,15.89,168.0,32.6,151.5,28.900000000000002,32.46,33.9,92.5,15.8,49.800000000000004,77.7,209.5,2871.0,1.3,35.550000000000004,14.99,6.97,35.97,28.990000000000002,0.0,200.0,1200.0
155642.008,69242.008,140.0,91.10000000000001,21.52,15.96,166.5,32.6,151.8,28.68,32.31,33.9,93.0,15.850000000000001,49.0,76.10000000000001,202.5,2876.0,1.3800000000000001,35.550000000000004,15.02,6.99,36.02,29.04,0.0,206.0,1200.0
155702.008,69302.008,140.0,91.9,21.46,15.94,167.5,32.65,152.70000000000002,28.73,32.410000000000004,33.75,90.5,15.65,49.1,75.60000000000001,204.5,2881.0,1.3900000000000001,35.4,15.02,7.03,35.99,29.0,2.0,202.5,1200.0
155762.008,69362.008,140.0,91.5,21.44,15.91,168.5,32.45,151.9,28.72,32.35,33.85,92.5,15.700000000000001,49.2,74.7,202.0,2883.0,1.26,35.45,14.950000000000001,7.01,36.02,28.990000000000002,2.0,205.5,1200.0
155822.008,69422.008,140.0,91.5,21.38,15.99,167.5,32.6,151.9,28.77,32.3,33.800000000000004,90.5,15.75,48.900000000000006,73.5,202.5,2886.0,1.3,35.45,15.040000000000001,7.07,36.1,28.990000000000002,1.0,204.0,1200.0
155882.008,69482.008,140.0,92.80000000000001,21.35,15.93,167.5,32.45,150.70000000000002,28.830000000000002,32.29,33.9,91.5,15.65,48.0,72.4,198.5,2888.0,1.3900000000000001,35.4,14.99,7.04,35.96,28.98,0.0,201.5,1200.0
155942.008,69542.008,140.0,90.5,21.29,15.84,165.5,32.5,152.20000000000002,28.69,32.27,33.95,93.0,15.55,48.5,71.4,204.5,2885.0,1.62,35.550000000000004,15.05,7.01,35.980000000000004,29.03,0.0,198.0,1200.0
156002.008,69602.008,140.0,89.30000000000001,21.32,15.94,165.0,32.5,151.20000000000002,28.67,32.3,33.75,92.0,15.75,48.400000000000006,70.2,202.0,2894.0,1.41,35.4,15.07,6.93,36.04,29.02,0.0,200.5,1200.0
156062.008,69662.008,140.0,90.4,21.36,15.84,166.0,32.45,152.9,28.8,32.24,34.0,92.5,15.55,47.2,70.0,199.5,2889.0,1.4000000000000001,35.5,15.030000000000001,7.01,35.910000000000004,29.01,1.0,199.0,1200.0
156122.008,69722.008,140.0,92.10000000000001,21.36,15.93,166.5,32.5,151.5,28.77,32.31,33.95,91.5,15.600000000000001,48.1,69.3,195.5,2890.0,1.37,35.5,14.98,6.94,36.03,29.02,0.0,195.0,1200.0
156182.008,69782.008,140.0,90.4,21.34,15.98,166.0,32.35,152.3,28.72,32.22,33.7,94.0,15.700000000000001,48.300000000000004,69.10000000000001,197.5,2892.0,1.25,35.4,14.950000000000001,7.0,36.04,29.02,0.0,199.5,1200.0
156242.008,69842.008,140.0,89.9,21.34,15.96,168.0,32.35,151.4,28.7,32.22,33.800000000000004,93.0,15.75,46.900000000000006,68.8,201.5,2896.0,1.54,35.4,14.96,7.04,36.02,28.96,0.0,196.0,1200.0
156302.008,69902.008,140.0,91.4,21.400000000000002,15.9,165.5,32.550000000000004,152.1,28.73,32.32,33.95,93.5,15.700000000000001,48.0,68.9,201.0,2889.0,1.5,35.6,15.05,7.0200000000000005,35.92,28.91,1.0,194.5,1200.0
156362.007,69962.007,140.0,90.5,21.37,15.96,167.5,32.4,150.4,28.79,32.22,33.800000000000004,90.5,15.75,48.0,68.7,197.0,2891.0,1.42,35.45,14.97,6.96,35.96,28.92,0.0,200.5,1200.0
156422.007,70022.007,140.0,91.7,21.37,15.99,167.0,32.4,151.0,28.7,32.18,33.7,92.5,15.8,48.1,68.8,200.0,2887.0,1.51,35.45,15.0,7.0200000000000005,36.01,29.0,0.0,197.5,1200.0
156482.007,70082.007,140.0,92.7,21.400000000000002,16.02,167.0,32.4,149.0,28.73,32.21,33.9,91.5,15.700000000000001,48.300000000000004,68.9,196.0,2890.0,1.35,35.550000000000004,14.93,7.04,36.01,28.95,0.0,198.0,1200.0
156542.007,70142.007,140.0,92.2,21.43,15.99,165.5,32.45,152.6,28.67,32.29,33.95,92.0,15.850000000000001,48.0,69.3,193.5,2884.0,1.3,35.6,14.97,6.96,35.97,28.98,0.0,192.0,1200.0
156602.007,70202.007,140.0,90.5,21.38,16.06,165.5,32.5,150.70000000000002,28.67,32.22,34.050000000000004,91.0,15.75,48.900000000000006,69.3,194.0,2881.0,1.44,35.550000000000004,14.98,7.0200000000000005,36.06,29.0,0.0,197.5,1200.0
156662.007,70262.007,140.0,89.30000000000001,21.37,16.02,166.0,32.550000000000004,151.5,28.73,32.28,33.75,92.0,15.75,48.400000000000006,68.60000000000001,193.5,2882.0,1.21,35.45,15.030000000000001,6.99,35.99,28.96,0.0,193.5,1200.0
156722.007,70322.007,140.0,91.7,21.28,15.92,164.0,32.300000000000004,150.70000000000002,28.740000000000002,32.25,33.800000000000004,95.5,15.65,47.7,68.5,193.5,2884.0,1.36,35.35,14.98,6.99,36.03,28.98,0.0,194.0,1200.0
156782.007,70382.007,140.0,89.60000000000001,21.37,16.01,168.0,32.45,152.0,28.740000000000002,32.2,33.85,93.0,15.700000000000001,47.6,67.8,195.5,2882.0,1.29,35.35,14.98,6.99,36.04,28.91,0.0,194.0,1200.0
156842.007,70442.007,140.0,91.4,21.43,15.950000000000001,166.0,32.45,152.3,28.76,32.24,33.800000000000004,92.0,15.65,47.1,67.3,191.5,2888.0,1.33,35.35,14.99,7.03,35.97,28.990000000000002,0.0,199.0,1200.0
156902.007,70502.007,140.0,91.60000000000001,21.28,16.0,167.0,32.65,151.6,28.76,32.29,34.0,94.5,15.8,47.2,67.10000000000001,197.5,2895.0,1.24,35.45,15.01,6.95,35.97,28.97,0.0,196.5,1200.0
156962.007,70562.007,140.0,92.5,21.25,16.02,165.0,32.35,152.5,28.77,32.25,34.0,93.5,15.75,47.5,66.60000000000001,197.5,2895.0,1.2,35.45,14.97,7.03,36.01,29.01,1.0,195.0,1200.0
157022.007,70622.007,140.0,90.60000000000001,21.18,15.9,164.5,32.45,152.0,28.71,32.19,34.0,93.0,15.600000000000001,47.6,66.3,194.0,2895.0,1.48,35.45,15.0,7.0200000000000005,36.06,28.94,0.0,193.0,1200.0
157082.007,70682.007,140.0,91.7,21.28,15.98,165.5,32.45,151.4,28.79,32.24,33.95,92.5,15.600000000000001,46.900000000000006,65.10000000000001,196.5,2905.0,1.41,35.5,15.06,6.99,36.02,29.03,0.0,193.5,1200.0
157142.007,70742.007,140.0,90.60000000000001,21.2,15.96,165.0,32.35,149.5,28.86,32.31,33.9,93.0,15.65,46.5,64.4,188.5,2905.0,1.3900000000000001,35.5,14.93,7.0200000000000005,36.04,28.95,1.0,194.0,1200.0
157202.007,70802.007,140.0,91.7,21.25,15.93,167.0,32.5,151.70000000000002,28.82,32.2,33.9,94.5,15.700000000000001,46.900000000000006,64.0,194.5,2903.0,1.3900000000000001,35.45,14.97,6.99,36.02,29.04,0.0,193.0,1200.0
157262.007,70862.007,140.0,90.30000000000001,21.12,15.93,166.5,32.45,150.6,28.810000000000002,32.27,34.0,93.0,15.65,46.7,63.400000000000006,192.5,2908.0,1.37,35.550000000000004,14.97,6.98,36.08,29.0,0.0,195.0,1200.0
157322.006,70922.006,140.0,91.2,21.17,15.93,165.0,32.45,151.20000000000002,28.82,32.26,34.15,92.0,15.8,46.0,62.300000000000004,196.0,2909.0,1.42,35.5,14.99,6.99,36.03,28.96,2.0,189.0,1200.0
157382.006,70982.006,140.0,90.9,21.11,15.93,168.0,32.45,149.70000000000002,28.8,32.2,33.95,93.5,15.700000000000001,46.300000000000004,62.6,195.5,2913.0,1.48,35.5,14.85,7.01,36.050000000000004,29.0,1.0,196.0,1200.0
157442.006,71042.006,140.0,91.60000000000001,21.13,15.96,166.5,32.5,151.3,28.78,32.12,34.300000000000004,95.5,15.700000000000001,46.300000000000004,62.0,195.0,2912.0,1.46,35.5,14.97,7.03,36.01,28.97,2.0,196.0,1200.0
157502.006,71102.006,140.0,89.9,21.150000000000002,15.89,167.0,32.35,151.3,28.91,32.25,34.050000000000004,93.0,15.75,46.6,61.900000000000006,191.5,2915.0,1.33,35.5,15.040000000000001,7.0,36.12,29.03,2.0,196.0,1200.0
157562.006,71162.006,140.0,90.9,21.07,15.950000000000001,168.5,32.25,151.5,28.89,32.19,34.050000000000004,91.5,15.600000000000001,46.300000000000004,61.1,190.0,2917.0,1.48,35.7,14.98,7.01,36.0,29.03,3.0,193.5,1200.0
157622.006,71222.006,140.0,90.30000000000001,21.12,15.950000000000001,164.0,32.45,153.3,28.88,32.25,34.15,92.5,15.65,45.7,61.0,192.5,2914.0,1.43,35.6,15.05,7.04,36.0,28.84,0.0,191.0,1200.0
157682.006,71282.006,140.0,91.80000000000001,21.09,15.94,166.0,32.550000000000004,151.3,28.82,32.22,34.050000000000004,90.5,15.700000000000001,46.1,60.900000000000006,188.0,2920.0,1.45,35.5,15.06,6.97,36.06,29.03,0.0,190.5,1200.0
157742.006,71342.006,140.0,90.5,21.13,15.91,166.5,32.25,151.20000000000002,28.77,32.15,34.1,93.0,15.850000000000001,45.800000000000004,59.900000000000006,189.5,2918.0,1.41,35.550000000000004,15.06,7.04,35.980000000000004,29.05,0.0,187.0,1200.0
157802.006,71402.006,140.0,90.4,21.09,15.950000000000001,166.5,32.5,150.4,28.86,32.26,34.15,92.0,15.850000000000001,46.0,59.7,192.0,2917.0,1.41,35.75,15.08,6.96,36.03,28.98,0.0,191.0,1200.0
157862.006,71462.006,140.0,90.5,21.18,16.01,163.5,32.25,150.9,28.89,32.18,34.2,93.0,15.8,45.2,60.6,191.5,2910.0,1.37,35.550000000000004,14.96,6.99,35.980000000000004,28.98,0.0,190.0,1200.0
157922.006,71522.006,140.0,90.5,21.27,15.96,166.5,32.45,150.8,28.8,32.14,34.0,91.5,15.8,46.0,60.900000000000006,193.5,2910.0,1.29,35.550000000000004,14.99,7.01,36.01,29.02,0.0,186.5,1200.0
157982.006,71582.006,140.0,91.4,21.3,16.07,167.0,32.6,150.6,28.75,32.160000000000004,34.0,92.0,15.8,47.1,61.900000000000006,190.5,2902.0,1.29,35.5,15.040000000000001,7.0,36.01,29.04,0.0,188.5,1200.0
158042.006,71642.006,140.0,89.4,21.34,16.09,168.0,32.550000000000004,152.70000000000002,28.8,32.28,33.95,93.5,15.850000000000001,46.900000000000006,62.7,192.0,2897.0,1.42,35.550000000000004,15.01,7.0200000000000005,35.95,29.04,0.0,191.0,1200.0
158102.006,71702.006,140.0,93.4,21.490000000000002,16.14,166.5,32.4,150.9,28.87,32.11,34.0,93.0,15.9,47.300000000000004,65.2,193.0,2894.0,1.33,35.65,15.0,6.96,36.11,28.93,0.0,190.0,1200.0
158162.006,71762.006,140.0,92.30000000000001,21.5,16.11,166.0,32.550000000000004,153.0,28.75,32.230000000000004,33.9,92.5,16.0,47.7,66.10000000000001,192.0,2884.0,1.4000000000000001,35.7,15.02,7.1000000000000005,36.09,29.0,0.0,194.5,1200.0
158222.006,71822.006,140.0,92.10000000000001,21.54,16.16,168.5,32.35,151.70000000000002,28.85,32.26,33.85,92.5,15.9,48.0,68.3,194.5,2872.0,1.49,35.7,15.040000000000001,7.01,36.02,28.94,0.0,196.0,1200.0
158282.005,71882.005,140.0,91.30000000000001,21.59,16.2,167.5,32.45,148.6,28.79,32.3,33.9,94.5,15.9,48.1,70.3,197.5,2868.0,1.55,35.5,14.96,7.05,35.89,28.97,0.0,195.5,1200.0
158342.005,71942.005,140.0,91.7,21.64,16.09,165.5,32.6,152.9,28.740000000000002,32.230000000000004,33.95,92.0,15.9,48.800000000000004,71.8,189.0,2865.0,1.49,35.65,14.98,7.01,36.1,29.02,0.0,197.5,1200.0
158402.005,72002.005,140.0,92.4,21.740000000000002,16.22,166.5,32.6,151.20000000000002,28.77,32.29,33.7,95.0,15.9,49.0,73.9,202.0,2860.0,1.6,35.6,15.0,6.97,36.1,29.01,0.0,197.0,1200.0
158462.005,72062.005,140.0,89.60000000000001,21.69,16.17,171.5,32.65,150.5,28.73,32.25,33.7,89.5,15.950000000000001,49.300000000000004,74.5,198.0,2860.0,1.33,35.550000000000004,14.96,7.05,36.02,29.0,2.0,200.0,1200.0
158522.005,72122.005,140.0,92.2,21.56,16.15,169.0,32.75,151.0,28.8,32.37,33.75,91.5,15.9,48.800000000000004,74.60000000000001,202.5,2859.0,1.4000000000000001,35.5,15.02,7.04,36.01,29.13,1.0,200.5,1200.0
158582.005,72182.005,140.0,90.7,21.580000000000002,16.09,168.5,32.6,151.20000000000002,28.75,32.42,33.85,92.5,15.700000000000001,49.0,74.9,200.5,2864.0,1.48,35.45,14.98,7.05,36.0,28.990000000000002,1.0,198.5,1200.0
158642.005,72242.005,140.0,91.7,21.61,16.080000000000002,167.0,32.65,152.1,28.78,32.29,33.85,93.0,15.75,48.900000000000006,75.10000000000001,199.5,2869.0,1.51,35.45,15.040000000000001,7.0,36.0,29.060000000000002,1.0,201.5,1200.0
158702.005,72302.005,140.0,90.10000000000001,21.52,16.04,166.0,32.65,150.1,28.78,32.35,33.800000000000004,89.5,15.700000000000001,49.1,74.5,204.0,2876.0,1.35,35.4,14.97,7.07,35.96,29.01,1.0,200.0,1200.0
158762.005,72362.005,140.0,91.9,21.51,15.94,165.0,32.6,151.8,28.82,32.410000000000004,33.95,92.0,15.65,47.7,73.9,200.0,2876.0,1.31,35.550000000000004,15.01,6.99,35.980000000000004,29.03,0.0,199.0,1200.0
158822.005,72422.005,140.0,92.2,21.48,15.96,167.0,32.7,150.6,28.830000000000002,32.37,33.9,90.5,15.8,48.300000000000004,73.60000000000001,200.5,2878.0,1.51,35.6,15.06,6.96,36.07,28.98,0.0,202.0,1200.0
158882.005,72482.005,140.0,90.10000000000001,21.43,15.98,166.0,32.6,151.1,28.810000000000002,32.35,33.800000000000004,93.0,15.8,48.7,72.2,203.5,2892.0,1.32,35.45,15.07,6.98,36.02,29.080000000000002,0.0,200.5,1200.0
158942.005,72542.005,140.0,90.5,21.39,16.01,166.5,32.6,152.1,28.92,32.25,33.9,95.5,15.700000000000001,47.7,71.60000000000001,202.5,2893.0,1.3800000000000001,35.5,15.02,7.04,36.01,28.990000000000002,0.0,201.5,1200.0
159002.005,72602.005,140.0,92.10000000000001,21.35,15.870000000000001,166.0,32.65,151.6,28.76,32.480000000000004,34.0,90.5,15.600000000000001,47.900000000000006,70.5,203.5,2893.0,1.56,35.5,15.07,7.0,35.980000000000004,29.05,0.0,199.0,1200.0
159062.005,72662.005,140.0,91.2,21.48,16.0,166.5,32.65,149.6,28.85,32.410000000000004,33.800000000000004,92.0,15.8,47.800000000000004,71.7,196.5,2893.0,1.3900000000000001,35.5,15.08,6.94,36.01,29.02,0.0,199.5,1200.0
159122.005,72722.005,140.0,91.60000000000001,21.650000000000002,16.09,167.5,32.550000000000004,150.6,28.91,32.43,34.0,94.0,15.700000000000001,48.300000000000004,73.4,198.0,2883.0,1.44,35.45,15.040000000000001,7.0200000000000005,36.0,29.01,0.0,206.0,1200.0
159182.005,72782.005,140.0,90.9,21.7,16.16,167.5,32.85,153.0,28.85,32.43,33.9,92.5,15.8,49.5,76.3,203.0,2868.0,1.28,35.45,15.01,6.94,35.93,29.04,1.0,199.0,1200.0
159242.005,72842.005,140.0,92.2,21.78,16.22,167.5,32.800000000000004,150.5,28.84,32.57,33.9,94.5,15.75,50.0,79.5,204.0,2863.0,1.49,35.65,14.99,7.1000000000000005,35.980000000000004,29.07,3.0,201.5,1200.0
159302.004,72902.004,140.0,92.0,22.01,16.2,166.0,32.75,150.8,28.86,32.64,33.85,94.0,15.950000000000001,51.1,84.4,210.0,2840.0,1.3900000000000001,35.6,15.01,6.96,35.96,29.05,1.0,209.5,1200.0
159362.004,72962.004,140.0,89.4,22.13,16.2,170.5,32.95,149.9,28.87,32.730000000000004,33.85,91.5,16.1,52.300000000000004,90.10000000000001,212.0,2829.0,1.43,35.65,14.99,7.0,36.07,29.03,0.0,215.0,1200.0
159422.004,73022.004,140.0,91.0,22.21,16.3,170.0,32.95,153.70000000000002,28.84,32.74,33.7,93.0,16.05,52.800000000000004,96.2,211.0,2827.0,1.53,35.550000000000004,15.040000000000001,6.93,35.97,29.02,0.0,220.0,1200.0
159482.004,73082.004,140.0,90.7,22.35,16.36,169.5,33.2,150.20000000000002,28.96,32.84,33.800000000000004,93.0,16.0,54.6,99.7,218.0,2809.0,1.44,35.65,15.0,7.01,35.96,29.0,0.0,215.5,1200.0
159542.004,73142.004,140.0,91.7,22.55,16.4,168.5,32.9,151.0,28.94,32.78,33.75,92.0,16.1,55.5,100.0,221.5,2800.0,1.5,35.65,15.01,7.04,35.97,29.060000000000002,2.0,215.5,1200.0
159602.004,73202.004,140.0,90.7,22.64,16.51,170.0,33.1,151.8,28.82,32.89,33.65,95.5,16.150000000000002,54.800000000000004,99.7,212.5,2793.0,1.3800000000000001,35.65,14.99,6.94,36.06,29.04,3.0,218.0,1200.0
159662.004,73262.004,140.0,91.80000000000001,22.56,16.35,171.0,33.2,151.4,28.900000000000002,32.9,33.7,93.0,16.1,55.1,100.0,217.5,2812.0,1.53,35.7,15.040000000000001,6.91,36.01,28.98,0.0,221.0,1200.0
159722.004,73322.004,140.0,91.2,22.48,16.31,170.0,33.2,151.0,28.810000000000002,32.83,33.7,95.5,16.05,55.400000000000006,100.0,219.0,2830.0,1.33,35.550000000000004,15.01,6.88,35.96,28.98,0.0,221.5,1200.0
159782.004,73382.004,140.0,90.10000000000001,22.330000000000002,16.25,170.0,33.1,152.3,28.85,32.89,33.7,94.5,15.8,55.300000000000004,100.0,224.0,2835.0,1.33,35.75,14.94,7.04,36.050000000000004,28.94,0.0,217.5,1200.0
159842.004,73442.004,140.0,92.30000000000001,22.38,16.11,170.5,33.2,150.5,28.830000000000002,32.96,33.75,94.5,15.850000000000001,55.300000000000004,100.0,223.5,2841.0,1.58,35.7,14.92,7.0200000000000005,36.03,29.04,0.0,220.5,1200.0
159902.004,73502.004,140.0,91.5,22.26,15.98,168.0,33.2,150.3,28.8,32.96,33.7,90.0,15.75,55.400000000000006,100.0,227.0,2842.0,1.43,35.7,14.92,6.93,35.99,29.060000000000002,0.0,222.0,1200.0
159962.004,73562.004,140.0,90.4,22.14,15.93,169.5,33.15,152.9,28.78,32.88,33.7,93.5,15.8,54.6,100.0,225.5,2841.0,1.26,35.9,15.01,7.01,35.99,29.0,0.0,228.0,1200.0
160022.004,73622.004,140.0,92.4,22.09,16.01,170.5,33.25,152.5,28.82,32.86,33.85,93.0,15.75,54.300000000000004,100.0,219.5,2839.0,1.3,35.9,15.02,7.0,36.01,28.94,2.0,224.0,1200.0
160082.004,73682.004,140.0,91.9,22.0,16.01,170.0,33.2,151.0,28.7,32.8,33.75,92.5,15.600000000000001,54.1,100.0,222.5,2840.0,1.37,35.85,14.97,7.0,36.050000000000004,29.04,0.0,219.0,1200.0
160142.004,73742.004,140.0,90.9,21.96,15.94,171.5,33.1,151.8,28.73,32.69,33.800000000000004,92.5,15.600000000000001,53.6,99.7,220.0,2834.0,1.33,35.75,14.99,7.04,35.97,28.990000000000002,0.0,222.0,1200.0
160202.004,73802.004,140.0,90.0,21.81,15.860000000000001,170.0,33.050000000000004,150.5,28.84,32.75,33.7,91.0,15.5,52.7,99.80000000000001,217.5,2842.0,1.31,35.800000000000004,14.89,7.0,35.97,29.03,0.0,220.5,1200.0
160262.004,73862.004,140.0,91.0,21.8,15.780000000000001,168.0,33.050000000000004,152.0,28.76,32.77,33.65,91.5,15.600000000000001,52.7,100.0,226.0,2850.0,1.22,35.75,15.02,6.9,36.03,28.96,0.0,214.5,1200.0
160322.003,73922.003,140.0,91.2,21.77,15.71,171.0,33.0,152.20000000000002,28.71,32.730000000000004,33.7,92.0,15.450000000000001,53.5,100.0,219.0,2857.0,1.44,35.7,15.08,7.07,36.08,29.02,0.0,221.5,1200.0
160382.003,73982.003,140.0,90.7,21.62,15.65,169.0,33.0,151.6,28.740000000000002,32.730000000000004,33.6,91.0,15.5,53.400000000000006,97.80000000000001,221.0,2861.0,1.4000000000000001,35.7,15.0,7.0200000000000005,36.04,28.97,0.0,223.5,1200.0
160442.003,74042.003,140.0,90.5,21.6,15.73,168.5,32.65,152.70000000000002,28.830000000000002,32.54,33.65,89.5,15.350000000000001,52.7,92.2,222.0,2861.0,1.42,35.65,15.02,7.01,35.9,29.05,0.0,217.0,1200.0
160502.003,74102.003,140.0,91.2,21.490000000000002,15.65,166.5,32.9,151.4,28.7,32.49,33.75,88.5,15.5,51.5,87.60000000000001,214.0,2872.0,1.31,35.5,15.040000000000001,6.98,36.0,29.060000000000002,0.0,208.5,1200.0
160562.003,74162.003,140.0,92.0,21.35,15.780000000000001,167.0,32.7,151.5,28.64,32.43,33.75,92.0,15.4,49.900000000000006,82.80000000000001,208.5,2884.0,1.42,35.550000000000004,15.01,6.98,36.01,28.98,3.0,212.0,1200.0
160622.003,74222.003,140.0,92.2,21.29,15.8,163.5,32.6,151.1,28.6,32.26,33.7,93.5,15.600000000000001,49.1,78.5,206.5,2885.0,1.4000000000000001,35.550000000000004,14.94,7.0,36.02,29.01,0.0,201.5,1200.0
160682.003,74282.003,140.0,90.4,21.240000000000002,15.700000000000001,167.0,32.550000000000004,151.20000000000002,28.66,32.29,33.7,90.5,15.55,48.300000000000004,75.60000000000001,203.5,2889.0,1.33,35.550000000000004,14.96,7.01,35.97,28.92,0.0,204.5,1200.0
160742.003,74342.003,140.0,92.0,21.150000000000002,15.620000000000001,165.5,32.550000000000004,153.1,28.71,32.19,33.800000000000004,91.0,15.450000000000001,47.400000000000006,72.9,203.5,2897.0,1.31,35.5,15.030000000000001,7.03,36.02,28.95,2.0,201.0,1200.0
160802.003,74402.003,140.0,90.80000000000001,21.07,15.69,164.5,32.6,150.70000000000002,28.7,32.21,33.7,94.5,15.450000000000001,48.0,70.0,194.0,2906.0,1.3800000000000001,35.550000000000004,15.01,7.0,36.14,28.990000000000002,0.0,201.0,1200.0
160862.003,74462.003,140.0,91.80000000000001,21.19,15.76,166.0,32.35,150.8,28.66,32.27,33.7,89.5,15.600000000000001,47.400000000000006,70.2,198.5,2900.0,1.45,35.4,14.96,7.0,36.01,29.03,0.0,200.0,1200.0
160922.003,74522.003,140.0,89.80000000000001,21.34,15.860000000000001,167.5,32.4,151.0,28.73,32.22,33.85,93.5,15.65,47.800000000000004,70.9,196.0,2891.0,1.34,35.550000000000004,14.97,7.03,36.01,28.98,0.0,198.0,1200.0
160982.003,74582.003,140.0,90.60000000000001,21.490000000000002,16.01,164.5,32.6,151.6,28.7,32.26,33.85,92.0,15.8,48.1,72.3,196.5,2875.0,1.54,35.6,15.01,7.01,36.04,29.02,0.0,202.0,1200.0
161042.003,74642.003,140.0,90.4,21.61,16.03,166.0,32.5,151.20000000000002,28.68,32.39,33.85,93.5,15.8,49.400000000000006,74.7,197.5,2867.0,1.6,35.45,15.030000000000001,7.0200000000000005,36.01,29.02,0.0,195.5,1200.0
161102.003,74702.003,140.0,91.4,21.8,16.11,169.0,32.800000000000004,151.1,28.8,32.37,33.85,95.0,15.950000000000001,49.7,77.2,204.0,2851.0,1.54,35.550000000000004,15.0,7.07,35.99,29.02,0.0,198.0,1200.0
161162.003,74762.003,140.0,91.10000000000001,21.93,16.2,166.0,32.800000000000004,152.6,28.77,32.54,33.7,94.5,15.950000000000001,50.6,81.5,207.5,2841.0,1.37,35.550000000000004,15.02,6.92,35.93,29.03,1.0,208.5,1200.0
161222.003,74822.003,140.0,89.60000000000001,22.05,16.240000000000002,171.0,32.95,151.8,28.7,32.6,33.85,93.0,16.05,51.2,87.9,211.5,2832.0,1.32,35.550000000000004,15.0,6.98,36.03,29.080000000000002,0.0,210.0,1200.0
161282.003,74882.003,140.0,91.60000000000001,22.240000000000002,16.23,170.0,33.050000000000004,150.9,28.79,32.77,33.65,91.5,16.0,52.300000000000004,94.60000000000001,216.0,2824.0,1.3900000000000001,35.7,14.99,7.07,35.97,29.05,0.0,212.5,1200.0
161342.002,74942.002,140.0,89.7,22.37,16.32,171.0,33.25,152.1,28.84,32.9,33.75,93.5,16.0,54.1,100.0,216.0,2811.0,1.57,35.45,15.05,7.03,36.01,29.03,1.0,219.0,1200.0
161402.002,75002.002,140.0,90.7,22.54,16.44,169.5,33.15,150.70000000000002,28.88,32.76,33.7,97.0,16.150000000000002,55.5,99.60000000000001,215.0,2802.0,1.51,35.5,14.96,7.04,35.92,29.03,0.0,218.0,1200.0
161462.002,75062.002,140.0,92.60000000000001,22.51,16.57,170.0,33.300000000000004,152.8,28.89,32.910000000000004,33.7,93.0,16.25,55.400000000000006,99.9,212.0,2793.0,1.44,35.75,15.0,6.98,36.02,28.97,1.0,218.5,1200.0
161522.002,75122.002,140.0,89.2,22.51,16.44,169.5,33.1,151.4,28.89,32.96,33.85,94.5,16.1,54.7,100.0,219.5,2809.0,1.36,35.65,14.97,6.98,36.09,28.990000000000002,1.0,220.5,1200.0
161582.002,75182.002,140.0,90.2,22.53,16.3,170.0,33.4,150.4,28.900000000000002,32.93,33.65,94.0,16.1,54.7,99.9,220.0,2831.0,1.31,35.7,14.950000000000001,7.11,35.89,29.03,0.0,219.0,1200.0
161642.002,75242.002,140.0,91.60000000000001,22.51,16.25,171.5,33.25,151.20000000000002,29.0,32.97,33.85,93.5,15.950000000000001,54.800000000000004,99.9,223.5,2837.0,1.42,35.75,14.94,7.05,35.910000000000004,28.98,1.0,226.0,1200.0
161702.002,75302.002,140.0,90.7,22.54,16.23,170.0,33.2,152.20000000000002,28.8,33.0,33.85,94.5,16.05,55.300000000000004,99.60000000000001,226.5,2849.0,1.43,35.75,14.950000000000001,7.04,36.050000000000004,29.09,0.0,229.5,1200.0
161762.002,75362.002,140.0,90.7,22.54,16.13,171.0,33.25,153.5,28.87,33.03,33.75,93.0,16.0,55.1,99.7,230.0,2851.0,1.26,36.0,15.040000000000001,7.0,36.04,29.080000000000002,0.0,231.0,1200.0
161822.002,75422.002,140.0,90.80000000000001,22.53,16.15,171.5,33.35,152.3,28.91,33.02,33.85,93.5,16.0,55.800000000000004,99.9,231.5,2861.0,1.3800000000000001,35.85,15.0,6.97,35.96,29.01,0.0,233.0,1200.0
161882.002,75482.002,140.0,90.7,22.55,16.080000000000002,171.5,33.25,151.9,28.84,33.1,33.9,93.0,15.9,56.1,100.0,233.0,2864.0,1.3,36.0,15.0,7.03,36.02,28.990000000000002,3.0,231.0,1200.0
161942.002,75542.002,140.0,90.0,22.51,16.09,172.5,33.5,150.9,28.830000000000002,33.09,33.95,92.0,15.9,55.800000000000004,100.0,231.0,2866.0,1.41,35.95,14.97,6.98,36.050000000000004,29.03,0.0,234.5,1200.0
162002.002,75602.002,140.0,90.60000000000001,22.52,16.05,170.0,33.25,150.0,28.810000000000002,33.11,33.9,95.5,15.850000000000001,55.5,99.7,230.5,2871.0,1.36,36.050000000000004,14.97,7.0200000000000005,36.0,28.97,0.0,233.0,1200.0
162062.002,75662.002,140.0,91.60000000000001,22.47,16.080000000000002,173.0,33.35,151.6,28.900000000000002,33.0,33.85,94.5,15.950000000000001,56.0,99.60000000000001,227.0,2876.0,1.33,36.050000000000004,15.02,7.03,36.0,28.94,0.0,232.0,1200.0
162122.002,75722.002,140.0,89.60000000000001,22.31,15.99,171.0,33.300000000000004,150.20000000000002,28.94,32.97,33.800000000000004,93.5,15.55,56.2,100.0,233.5,2870.0,1.35,36.050000000000004,14.98,6.98,36.01,28.990000000000002,1.0,233.0,1200.0
162182.002,75782.002,140.0,92.0,22.17,15.94,172.5,33.25,151.6,28.87,32.96,33.75,91.5,15.65,55.1,100.0,227.0,2869.0,1.54,36.25,14.96,7.0,35.97,28.87,0.0,228.5,1200.0
162242.002,75842.002,140.0,89.7,22.1,15.96,168.5,33.1,149.3,28.94,32.910000000000004,33.9,94.0,15.5,54.800000000000004,99.80000000000001,226.0,2861.0,1.46,36.25,14.94,6.98,35.910000000000004,29.03,0.0,229.0,1200.0
162302.002,75902.002,140.0,90.9,22.04,15.870000000000001,171.5,33.15,151.9,28.77,32.87,33.65,92.0,15.700000000000001,54.1,100.0,223.5,2856.0,1.55,36.2,14.92,6.97,36.0,28.95,0.0,230.5,1200.0
162362.002,75962.002,140.0,90.7,21.91,15.93,168.5,33.15,150.6,28.82,32.83,33.7,93.0,15.600000000000001,53.900000000000006,99.5,228.0,2851.0,1.46,35.85,15.0,6.97,36.07,29.07,1.0,221.0,1200.0
162422.001,76022.001,140.0,89.60000000000001,21.81,15.83,168.0,33.050000000000004,152.20000000000002,28.76,32.81,33.75,94.5,15.600000000000001,53.0,99.30000000000001,226.0,2849.0,1.52,35.95,15.030000000000001,7.0,36.01,29.03,0.0,227.5,1200.0
162482.001,76082.001,140.0,91.10000000000001,21.67,15.75,170.0,33.1,150.5,28.88,32.79,33.6,93.5,15.450000000000001,53.2,100.0,229.0,2858.0,1.49,35.85,15.07,7.0,36.06,29.05,0.0,224.0,1200.0
162542.001,76142.001,140.0,91.10000000000001,21.64,15.6,169.5,33.0,151.4,28.900000000000002,32.83,33.7,89.5,15.350000000000001,52.800000000000004,99.9,225.5,2871.0,1.55,35.9,15.01,7.0600000000000005,35.97,28.88,0.0,226.5,1200.0
162602.001,76202.001,140.0,90.60000000000001,21.54,15.530000000000001,169.5,32.95,151.9,28.91,32.65,33.65,91.0,15.4,52.900000000000006,93.9,218.5,2875.0,1.49,35.75,15.01,6.99,35.99,28.900000000000002,0.0,218.5,1200.0
162662.001,76262.001,140.0,90.7,21.57,15.73,170.0,33.0,153.3,28.78,32.67,33.85,93.0,15.450000000000001,52.1,90.4,218.0,2877.0,1.1300000000000001,35.9,14.98,6.95,36.02,29.02,1.0,218.5,1200.0
162722.001,76322.001,140.0,90.5,21.68,15.75,168.0,32.85,152.1,28.740000000000002,32.58,33.95,93.5,15.450000000000001,51.2,89.5,213.5,2869.0,1.3900000000000001,35.9,15.0,7.03,36.02,29.1,0.0,216.5,1200.0
162782.001,76382.001,140.0,91.60000000000001,21.71,15.93,168.0,32.85,151.1,28.77,32.65,33.85,92.5,15.600000000000001,50.800000000000004,90.60000000000001,215.5,2866.0,1.61,35.6,15.040000000000001,6.98,35.980000000000004,28.96,0.0,217.0,1200.0
162842.001,76442.001,140.0,92.9,21.900000000000002,16.0,168.5,32.95,150.5,28.77,32.67,33.7,91.5,15.8,52.400000000000006,91.60000000000001,217.5,2853.0,1.43,35.550000000000004,15.030000000000001,6.96,35.97,29.0,0.0,215.5,1200.0
162902.001,76502.001,140.0,89.7,21.96,15.99,170.5,33.0,149.9,28.810000000000002,32.730000000000004,33.75,93.0,15.65,52.6,93.4,218.0,2846.0,1.44,35.75,14.99,7.04,35.94,28.96,1.0,218.5,1200.0
162962.001,76562.001,140.0,91.30000000000001,22.03,16.04,169.5,32.9,150.5,28.8,32.7,33.75,92.5,15.9,52.7,95.7,216.5,2845.0,1.49,35.65,14.97,6.97,35.96,29.01,0.0,214.0,1200.0
163022.001,76622.001,140.0,90.2,22.05,16.1,169.0,33.050000000000004,150.20000000000002,28.740000000000002,32.8,33.7,93.5,15.700000000000001,54.0,98.60000000000001,222.5,2836.0,1.42,35.6,14.98,7.04,36.06,28.95,0.0,220.5,1200.0
163082.001,76682.001,140.0,89.5,22.19,16.12,170.5,33.0,151.3,28.77,32.87,33.75,93.5,15.850000000000001,54.2,100.0,220.0,2826.0,1.33,35.75,14.98,6.99,36.07,29.03,0.0,214.5,1200.0
163142.001,76742.001,140.0,89.60000000000001,22.21,16.26,169.0,33.050000000000004,151.70000000000002,28.78,32.74,33.75,93.0,15.950000000000001,54.6,100.0,214.5,2818.0,1.28,35.800000000000004,15.0,7.01,36.04,28.990000000000002,0.0,221.0,1200.0
163202.001,76802.001,140.0,91.80000000000001,22.29,16.240000000000002,169.0,33.050000000000004,151.5,28.72,32.76,33.75,93.0,16.0,54.300000000000004,99.80000000000001,214.5,2809.0,1.37,35.550000000000004,14.97,7.0,36.050000000000004,28.95,5.0,218.5,1200.0
163262.001,76862.001,140.0,90.30000000000001,22.32,16.32,171.5,33.050000000000004,151.6,28.830000000000002,32.76,33.6,95.0,16.2,54.6,100.0,218.0,2801.0,1.29,35.65,14.99,6.97,35.9,29.04,0.0,218.5,1200.0
163322.001,76922.001,140.0,91.9,22.38,16.29,170.5,32.85,151.9,28.85,32.81,33.85,92.5,16.0,54.1,100.0,220.5,2817.0,1.25,35.6,15.05,6.99,35.980000000000004,28.92,0.0,223.0,1200.0
163382.001,76982.001,140.0,91.2,22.37,16.3,171.5,33.2,152.8,28.72,32.93,33.65,92.5,16.0,54.800000000000004,100.0,222.5,2826.0,1.33,35.550000000000004,15.030000000000001,7.03,35.99,29.03,0.0,221.0,1200.0
163442.001,77042.001,140.0,91.0,22.43,16.23,168.5,33.2,151.70000000000002,28.810000000000002,32.94,33.800000000000004,92.0,15.850000000000001,55.1,100.0,224.5,2834.0,1.53,35.75,14.98,6.98,35.96,29.02,0.0,223.5,1200.0
163502.001,77102.001,140.0,90.9,22.46,16.21,170.0,33.25,152.5,28.85,32.95,33.75,94.5,15.8,56.0,100.0,226.0,2843.0,1.4000000000000001,35.75,15.01,7.03,35.93,29.01,1.0,225.5,1200.0
163562.0,77162.0,140.0,91.2,22.55,16.1,170.0,33.25,151.70000000000002,28.79,32.95,33.9,95.0,15.8,55.900000000000006,100.0,226.5,2851.0,1.53,35.85,15.02,6.94,36.14,28.98,0.0,226.0,1200.0
163622.0,77222.0,140.0,90.7,22.53,16.21,173.0,33.25,151.3,28.78,33.01,34.0,92.0,16.0,56.0,100.0,233.5,2859.0,1.3800000000000001,36.0,14.93,6.99,35.99,28.990000000000002,0.0,232.5,1200.0
163682.0,77282.0,140.0,91.2,22.59,16.14,171.5,33.15,150.5,28.900000000000002,32.95,33.95,93.0,15.75,56.1,99.60000000000001,233.0,2862.0,1.45,36.0,15.030000000000001,7.0,35.96,28.96,1.0,225.5,1200.0
163742.0,77342.0,140.0,91.0,22.64,16.03,170.5,33.45,151.0,28.82,32.980000000000004,33.85,95.0,15.8,56.6,99.9,230.5,2867.0,1.48,36.050000000000004,14.98,6.98,35.980000000000004,29.04,1.0,232.0,1200.0
163802.0,77402.0,140.0,92.10000000000001,22.67,16.05,169.0,33.4,151.1,28.88,33.11,33.85,92.5,15.850000000000001,57.400000000000006,100.0,237.5,2878.0,1.53,36.15,15.05,6.98,35.97,28.95,0.0,230.0,1200.0
163862.0,77462.0,140.0,91.10000000000001,22.6,16.0,170.0,33.300000000000004,152.5,28.86,33.14,33.85,92.5,15.8,57.1,99.60000000000001,231.5,2882.0,1.56,36.15,15.02,6.99,36.01,28.98,0.0,235.0,1200.0
163922.0,77522.0,140.0,90.9,22.61,16.05,170.5,33.35,149.20000000000002,28.87,33.17,33.85,90.5,15.75,57.0,99.60000000000001,232.0,2882.0,1.31,36.15,14.97,6.99,35.99,29.11,1.0,232.5,1200.0
163982.0,77582.0,140.0,90.30000000000001,22.61,16.080000000000002,172.5,33.35,151.4,28.8,33.07,33.800000000000004,92.5,15.75,57.1,100.0,239.0,2880.0,1.52,36.4,14.97,6.94,35.93,29.03,0.0,235.5,1200.0
164042.0,77642.0,140.0,91.30000000000001,22.490000000000002,16.04,173.0,33.35,151.4,28.8,33.07,33.85,93.0,15.850000000000001,55.900000000000006,100.0,242.0,2880.0,1.47,36.45,15.0,7.0200000000000005,36.06,29.14,0.0,239.5,1200.0
164102.0,77702.0,140.0,90.5,22.52,15.99,170.5,33.2,150.3,29.03,32.97,33.75,92.0,15.65,56.2,100.0,236.5,2883.0,1.22,36.4,14.96,7.05,36.01,28.96,0.0,235.5,1200.0
164162.0,77762.0,140.0,91.60000000000001,22.39,15.99,171.0,33.25,150.9,28.94,33.13,33.75,93.5,15.75,56.0,99.80000000000001,230.5,2873.0,1.45,36.25,14.99,6.95,35.92,29.05,1.0,233.5,1200.0
164222.0,77822.0,140.0,91.2,22.45,15.97,172.5,33.300000000000004,151.6,28.93,32.980000000000004,33.75,93.0,15.700000000000001,56.2,100.0,230.5,2873.0,1.42,36.25,15.05,7.0,35.980000000000004,28.92,0.0,232.0,1200.0
164282.0,77882.0,140.0,89.5,22.330000000000002,15.91,171.0,33.25,152.20000000000002,28.89,33.08,34.0,93.0,15.600000000000001,55.300000000000004,99.7,231.5,2867.0,1.51,36.4,14.93,7.0600000000000005,36.02,29.080000000000002,0.0,230.0,1200.0
164342.0,77942.0,140.0,90.60000000000001,22.26,15.950000000000001,170.5,33.15,150.6,28.78,33.03,33.75,94.0,15.700000000000001,55.5,99.80000000000001,226.5,2870.0,1.36,36.300000000000004,14.99,7.05,36.050000000000004,28.87,2.0,231.5,1200.0
164402.0,78002.0,140.0,91.5,22.25,15.93,171.5,33.4,151.6,28.82,32.94,33.800000000000004,94.5,15.700000000000001,54.900000000000006,99.7,235.5,2863.0,1.54,36.25,15.0,6.96,35.86,28.97,0.0,233.5,1200.0
164462.0,78062.0,140.0,90.80000000000001,22.21,15.88,169.5,33.2,149.9,28.830000000000002,32.95,33.800000000000004,93.0,15.75,55.800000000000004,100.0,226.0,2863.0,1.53,36.300000000000004,14.92,7.0600000000000005,35.97,29.05,0.0,227.5,1200.0
164522.0,78122.0,140.0,92.0,22.03,15.93,169.5,33.15,152.20000000000002,28.75,32.9,33.85,92.5,15.55,54.400000000000006,100.0,230.0,2856.0,1.49,36.35,15.01,6.92,36.04,28.990000000000002,1.0,225.0,1200.0
164582.0,78182.0,140.0,93.0,22.01,15.91,168.0,32.9,152.1,28.740000000000002,32.85,33.75,93.0,15.65,53.7,99.60000000000001,231.5,2852.0,1.46,36.2,14.99,7.03,36.04,28.97,2.0,227.5,1200.0
164642.0,78242.0,140.0,91.60000000000001,21.830000000000002,15.88,169.0,33.050000000000004,153.1,28.75,32.82,33.7,93.0,15.600000000000001,53.400000000000006,100.0,224.0,2845.0,1.3900000000000001,36.050000000000004,14.92,7.01,35.980000000000004,28.97,0.0,225.0,1200.0
164701.999,78301.999,140.0,91.4,21.77,15.75,168.5,32.95,152.4,28.76,32.74,33.6,89.0,15.5,53.400000000000006,100.0,221.0,2843.0,1.4000000000000001,36.0,14.98,6.95,35.99,29.0,0.0,217.5,1200.0
164761.999,78361.999,140.0,91.5,21.580000000000002,15.700000000000001,167.5,33.0,152.1,28.71,32.63,33.65,90.5,15.350000000000001,53.5,100.0,226.5,2858.0,1.52,35.85,14.99,7.01,35.93,29.04,3.0,223.0,1200.0
164821.999,78421.999,140.0,92.0,21.68,15.620000000000001,169.0,32.800000000000004,152.6,28.75,32.65,33.65,92.0,15.200000000000001,53.1,97.4,220.5,2867.0,1.45,35.85,14.950000000000001,6.92,35.980000000000004,28.98,1.0,221.5,1200.0
164881.999,78481.999,140.0,92.10000000000001,21.46,15.59,168.5,32.7,151.1,28.64,32.49,33.6,92.5,15.4,52.800000000000004,90.0,213.5,2870.0,1.53,35.85,15.02,7.01,35.910000000000004,29.07,0.0,215.5,1200.0
164941.999,78541.999,140.0,92.0,21.41,15.58,166.0,32.6,152.0,28.66,32.410000000000004,33.7,92.0,15.600000000000001,50.900000000000006,84.0,207.0,2874.0,1.34,35.800000000000004,14.99,7.01,35.980000000000004,28.98,0.0,207.5,1200.0
165001.999,78601.999,140.0,90.80000000000001,21.25,15.63,167.5,32.5,151.9,28.72,32.28,33.65,91.5,15.3,49.7,77.80000000000001,207.5,2891.0,1.3900000000000001,35.800000000000004,14.97,7.0,36.0,28.93,0.0,206.0,1200.0
165061.999,78661.999,140.0,91.30000000000001,21.29,15.75,168.0,32.45,151.5,28.650000000000002,32.35,33.75,92.5,15.55,47.7,76.5,209.0,2889.0,1.33,35.550000000000004,14.96,6.99,36.06,29.03,0.0,209.0,1200.0
165121.999,78721.999,140.0,90.60000000000001,21.330000000000002,15.75,166.5,32.550000000000004,151.0,28.7,32.29,33.7,94.5,15.55,48.1,75.7,204.0,2886.0,1.28,35.65,14.96,6.99,36.04,29.03,0.0,196.5,1200.0
165181.999,78781.999,140.0,92.5,21.330000000000002,15.870000000000001,165.5,32.65,151.0,28.62,32.28,33.65,92.0,15.55,48.7,75.60000000000001,205.5,2887.0,1.5,35.550000000000004,14.99,7.04,35.99,29.05,1.0,204.5,1200.0
165241.999,78841.999,140.0,91.30000000000001,21.43,15.89,167.5,32.45,151.3,28.67,32.4,33.6,94.0,15.65,48.800000000000004,75.5,201.5,2881.0,1.31,35.4,14.950000000000001,6.99,36.04,29.03,0.0,206.5,1200.0
165301.999,78901.999,140.0,91.2,21.57,15.98,164.0,32.45,152.9,28.63,32.34,33.7,93.0,15.65,49.400000000000006,75.4,197.5,2875.0,1.48,35.5,15.11,6.99,35.99,28.97,0.0,198.5,1200.0
165361.999,78961.999,140.0,90.30000000000001,21.56,15.93,168.0,32.5,151.8,28.69,32.36,33.85,92.5,15.8,49.2,76.4,209.5,2869.0,1.35,35.65,15.040000000000001,7.05,35.92,28.97,0.0,204.0,1200.0
165421.999,79021.999,140.0,89.4,21.67,16.03,168.5,32.6,152.6,28.63,32.36,33.75,92.5,15.75,49.900000000000006,77.4,201.0,2867.0,1.48,35.550000000000004,15.05,6.98,35.92,29.060000000000002,0.0,203.0,1200.0
165481.999,79081.999,140.0,90.9,21.71,16.07,167.5,32.6,151.5,28.67,32.35,33.800000000000004,92.0,15.8,50.1,78.30000000000001,204.5,2856.0,1.22,35.45,15.01,6.98,35.97,28.990000000000002,0.0,200.5,1200.0
165541.999,79141.999,140.0,90.5,21.73,16.06,167.5,32.7,151.70000000000002,28.72,32.42,33.7,93.5,15.850000000000001,50.300000000000004,80.7,206.0,2854.0,1.33,35.4,15.08,7.01,35.99,29.04,1.0,201.5,1200.0
165601.999,79201.999,140.0,90.7,21.79,16.080000000000002,168.5,32.550000000000004,150.6,28.73,32.39,33.550000000000004,92.5,15.850000000000001,50.5,82.10000000000001,208.0,2851.0,1.3800000000000001,35.4,14.98,7.01,36.02,28.91,0.0,204.5,1200.0
165661.999,79261.999,140.0,91.4,21.78,16.080000000000002,166.5,32.75,150.5,28.72,32.43,33.7,96.5,15.75,51.5,84.5,208.0,2847.0,1.3800000000000001,35.4,14.96,7.04,35.94,29.0,0.0,210.0,1200.0
165721.999,79321.999,140.0,90.60000000000001,21.89,16.12,169.0,32.800000000000004,150.6,28.8,32.54,33.7,94.0,15.850000000000001,51.1,85.80000000000001,208.5,2844.0,1.29,35.5,14.98,6.98,35.96,28.96,0.0,207.5,1200.0
165781.999,79381.999,140.0,91.30000000000001,21.87,16.1,169.0,32.85,152.1,28.67,32.47,33.7,93.5,15.75,51.7,87.80000000000001,213.5,2837.0,1.43,35.45,15.030000000000001,6.95,35.99,29.07,0.0,212.5,1200.0
165841.998,79441.998,140.0,92.5,21.95,16.14,168.0,32.85,151.4,28.78,32.53,33.6,91.5,15.850000000000001,52.1,89.60000000000001,213.0,2832.0,1.4000000000000001,35.550000000000004,15.030000000000001,6.95,35.95,29.05,0.0,208.0,1200.0
165901.998,79501.998,140.0,90.9,21.97,16.13,169.0,32.85,150.70000000000002,28.75,32.57,33.65,94.5,16.1,52.400000000000006,90.9,212.0,2831.0,1.29,35.6,15.0,7.0600000000000005,35.93,29.01,0.0,210.0,1200.0
165961.998,79561.998,140.0,90.80000000000001,21.990000000000002,16.07,168.5,32.7,149.8,28.740000000000002,32.56,33.45,94.0,15.850000000000001,53.1,92.80000000000001,206.0,2831.0,1.34,35.65,14.96,7.04,35.97,28.95,0.0,212.5,1200.0
166021.998,79621.998,140.0,89.7,21.990000000000002,16.13,168.0,32.85,151.0,28.7,32.55,33.5,92.0,15.850000000000001,52.300000000000004,94.2,217.0,2823.0,1.4000000000000001,35.45,15.05,7.01,36.0,29.060000000000002,0.0,211.0,1200.0
166081.998,79681.998,140.0,92.60000000000001,22.05,16.13,169.5,33.050000000000004,151.4,28.79,32.62,33.6,95.0,15.950000000000001,53.400000000000006,96.30000000000001,213.5,2825.0,1.3900000000000001,35.5,14.97,7.01,36.12,29.0,0.0,212.5,1200.0
166141.998,79741.998,140.0,91.7,22.09,16.1,168.5,33.0,150.8,28.7,32.62,33.75,90.5,15.950000000000001,54.6,98.30000000000001,215.0,2817.0,1.51,35.550000000000004,14.98,6.94,36.1,28.98,2.0,214.5,1200.0
166201.998,79801.998,140.0,91.10000000000001,22.150000000000002,16.16,170.0,32.85,151.8,28.71,32.63,33.5,92.0,15.700000000000001,54.400000000000006,100.0,216.0,2823.0,1.22,35.5,14.98,7.05,36.03,29.01,0.0,217.0,1200.0
166261.998,79861.998,140.0,90.4,22.09,16.06,168.0,32.9,151.5,28.71,32.660000000000004,33.550000000000004,92.0,15.850000000000001,54.400000000000006,99.9,216.0,2819.0,1.55,35.6,14.91,6.97,35.980000000000004,28.91,0.0,214.5,1200.0
166321.998,79921.998,140.0,90.5,22.13,16.11,168.5,32.85,152.3,28.75,32.68,33.550000000000004,95.5,15.850000000000001,54.2,100.0,220.0,2819.0,1.45,35.45,14.96,7.0,35.99,28.94,0.0,218.0,1200.0
166381.998,79981.998,140.0,90.7,22.05,16.14,168.5,33.0,151.1,28.68,32.660000000000004,33.6,94.0,15.850000000000001,53.900000000000006,100.0,216.0,2819.0,1.3800000000000001,35.5,14.97,6.99,36.02,28.990000000000002,0.0,214.0,1200.0
166441.998,80041.998,140.0,90.9,22.06,16.05,171.0,32.9,152.0,28.75,32.69,33.65,92.0,15.8,53.6,99.80000000000001,216.5,2823.0,1.45,35.65,14.92,7.04,36.01,29.03,0.0,218.5,1200.0
166501.998,80101.998,140.0,90.0,22.04,16.01,169.0,32.85,153.0,28.740000000000002,32.63,33.65,91.5,15.700000000000001,53.5,99.9,216.0,2828.0,1.29,35.5,15.040000000000001,7.0200000000000005,36.01,29.0,1.0,221.5,1200.0
166561.998,80161.998,140.0,91.10000000000001,21.97,16.03,170.0,32.9,151.4,28.650000000000002,32.71,33.550000000000004,92.0,15.8,53.900000000000006,99.9,221.5,2823.0,1.3800000000000001,35.45,14.97,7.01,36.0,29.01,0.0,217.0,1200.0
166621.998,80221.998,140.0,90.60000000000001,21.95,16.03,168.5,32.9,150.9,28.75,32.62,33.6,92.0,15.850000000000001,53.7,99.80000000000001,218.0,2820.0,1.29,35.5,14.98,7.0200000000000005,36.04,29.03,0.0,226.0,1200.0
166681.998,80281.998,140.0,91.30000000000001,21.93,15.9,168.5,32.9,151.3,28.63,32.61,33.6,92.0,15.75,53.400000000000006,99.10000000000001,216.5,2828.0,1.47,35.550000000000004,14.98,7.01,35.96,29.0,3.0,214.5,1200.0
166741.998,80341.998,140.0,91.2,21.91,15.89,168.0,32.9,150.9,28.650000000000002,32.64,33.65,92.5,15.75,53.1,97.7,220.5,2830.0,1.24,35.45,14.97,7.05,36.04,29.02,0.0,216.0,1200.0
166801.998,80401.998,140.0,90.10000000000001,21.95,15.97,167.5,32.9,151.70000000000002,28.66,32.67,33.5,95.5,15.75,53.6,97.10000000000001,215.0,2832.0,1.49,35.550000000000004,15.040000000000001,7.03,36.04,28.990000000000002,0.0,215.0,1200.0
166861.998,80461.998,140.0,90.7,21.92,15.97,168.0,32.7,150.8,28.61,32.6,33.7,91.0,15.75,53.300000000000004,96.4,214.0,2832.0,1.41,35.5,15.030000000000001,7.0200000000000005,36.0,29.03,0.0,218.5,1200.0
166921.998,80521.998,140.0,90.10000000000001,21.87,15.98,167.0,32.65,150.6,28.61,32.59,33.6,92.5,15.75,53.2,95.80000000000001,219.0,2834.0,1.3900000000000001,35.5,14.96,7.04,35.980000000000004,29.01,3.0,215.5,1200.0
166981.998,80581.998,140.0,90.9,21.91,16.02,168.0,32.800000000000004,149.5,28.68,32.54,33.550000000000004,93.5,15.65,52.800000000000004,94.9,214.5,2833.0,1.5,35.550000000000004,15.02,7.04,35.99,28.93,0.0,209.0,1200.0
167041.997,80641.997,140.0,91.5,21.79,15.93,167.5,32.85,152.1,28.62,32.5,33.550000000000004,92.0,15.8,52.800000000000004,93.9,213.5,2834.0,1.37,35.550000000000004,15.0,7.03,35.980000000000004,28.98,1.0,216.0,1200.0
167101.997,80701.997,140.0,91.9,21.830000000000002,16.05,169.0,32.9,150.70000000000002,28.6,32.57,33.5,94.5,15.65,52.800000000000004,92.9,213.0,2836.0,1.55,35.45,14.99,7.0,36.050000000000004,28.990000000000002,0.0,213.5,1200.0
167161.997,80761.997,140.0,91.30000000000001,21.82,15.92,165.5,32.6,152.8,28.63,32.39,33.550000000000004,93.5,15.850000000000001,52.300000000000004,92.10000000000001,214.0,2838.0,1.49,35.35,15.01,7.0200000000000005,36.07,28.990000000000002,1.0,211.5,1200.0
167221.997,80821.997,140.0,93.30000000000001,21.85,15.98,168.0,32.6,152.20000000000002,28.63,32.42,33.6,95.0,15.75,52.5,90.9,212.0,2836.0,1.36,35.35,14.98,6.93,36.0,29.04,2.0,209.0,1200.0
167281.997,80881.997,140.0,92.30000000000001,21.77,15.99,167.5,32.65,151.8,28.59,32.39,33.550000000000004,94.0,15.700000000000001,52.400000000000006,90.10000000000001,210.5,2838.0,1.41,35.300000000000004,15.040000000000001,7.0,36.01,28.94,0.0,208.0,1200.0
167341.997,80941.997,140.0,90.4,21.78,15.94,168.5,32.65,151.8,28.52,32.42,33.5,93.0,15.65,51.7,89.30000000000001,209.5,2837.0,1.43,35.4,14.99,7.05,35.95,29.01,0.0,209.0,1200.0
167401.997,81001.997,140.0,91.5,21.78,15.950000000000001,166.5,32.6,151.5,28.59,32.42,33.550000000000004,93.0,15.700000000000001,52.400000000000006,88.4,209.0,2840.0,1.3,35.25,14.96,7.05,36.02,28.990000000000002,1.0,206.0,1200.0
167461.997,81061.997,140.0,92.30000000000001,21.71,15.94,166.0,32.65,151.5,28.52,32.28,33.5,92.0,15.600000000000001,51.5,87.80000000000001,206.5,2840.0,1.43,35.35,15.02,7.03,36.01,29.0,0.0,208.0,1200.0
167521.997,81121.997,140.0,90.4,21.63,15.860000000000001,168.0,32.85,150.5,28.59,32.32,33.45,94.0,15.700000000000001,51.5,86.0,209.5,2846.0,1.41,35.4,15.01,6.91,35.980000000000004,29.060000000000002,0.0,209.5,1200.0
167581.997,81181.997,140.0,88.7,21.64,15.870000000000001,165.5,32.65,151.1,28.66,32.35,33.65,93.5,15.8,51.5,84.4,212.0,2856.0,1.48,35.5,15.06,6.95,36.0,29.07,1.0,209.5,1200.0
167641.997,81241.997,140.0,90.5,21.59,15.83,167.5,32.550000000000004,151.9,28.71,32.34,33.65,91.5,15.600000000000001,50.6,82.2,204.0,2858.0,1.33,35.550000000000004,14.98,7.03,35.92,29.07,1.0,203.5,1200.0
167701.997,81301.997,140.0,90.4,21.52,15.950000000000001,167.0,32.65,152.1,28.64,32.37,33.75,93.0,15.600000000000001,50.0,80.4,206.5,2867.0,1.33,35.5,14.96,6.98,35.88,29.060000000000002,0.0,208.5,1200.0
167761.997,81361.997,140.0,91.60000000000001,21.53,15.82,165.0,32.6,150.1,28.69,32.34,33.75,94.5,15.65,49.6,78.9,200.0,2865.0,1.41,35.4,15.0,7.04,36.03,28.97,0.0,204.0,1200.0
167821.997,81421.997,140.0,92.4,21.38,15.94,167.0,32.550000000000004,151.0,28.76,32.33,33.800000000000004,93.0,15.600000000000001,48.900000000000006,76.3,206.0,2875.0,1.3800000000000001,35.5,15.030000000000001,7.01,36.07,29.0,0.0,202.5,1200.0
167881.997,81481.997,140.0,91.4,21.38,15.92,165.0,32.6,150.1,28.69,32.36,33.800000000000004,93.0,15.8,48.800000000000004,75.60000000000001,200.0,2883.0,1.36,35.25,15.02,6.95,35.94,28.98,2.0,201.0,1200.0
167941.997,81541.997,140.0,88.80000000000001,21.35,15.8,167.0,32.7,152.0,28.650000000000002,32.32,33.7,92.5,15.65,48.6,74.3,202.5,2883.0,1.6300000000000001,35.550000000000004,15.040000000000001,7.0600000000000005,35.93,28.93,0.0,202.5,1200.0
168001.997,81601.997,140.0,90.2,21.3,15.870000000000001,166.5,32.6,150.70000000000002,28.82,32.34,33.800000000000004,91.5,15.55,48.400000000000006,72.7,202.5,2892.0,1.32,35.6,14.98,6.96,35.97,28.96,0.0,204.0,1200.0
168061.997,81661.997,140.0,89.30000000000001,21.41,15.870000000000001,170.0,32.5,152.1,28.86,32.28,33.85,91.0,15.600000000000001,47.6,71.60000000000001,199.5,2896.0,1.34,35.550000000000004,14.99,7.0200000000000005,35.9,28.97,1.0,203.0,1200.0
168121.997,81721.997,140.0,90.60000000000001,21.43,15.88,167.5,32.6,151.6,28.8,32.22,33.800000000000004,93.0,15.75,48.5,71.3,198.5,2889.0,1.27,35.35,15.05,6.98,35.97,28.97,0.0,195.5,1200.0
168181.997,81781.997,140.0,91.2,21.42,15.950000000000001,167.0,32.550000000000004,151.0,28.85,32.27,33.9,93.0,15.8,48.400000000000006,71.4,202.5,2895.0,1.34,35.65,14.950000000000001,6.98,36.03,29.04,5.0,197.5,1200.0
168241.996,81841.996,140.0,91.0,21.43,16.02,168.5,32.7,152.5,28.85,32.3,33.75,93.5,15.700000000000001,48.400000000000006,71.10000000000001,203.0,2894.0,1.52,35.5,14.98,7.0,35.97,29.02,2.0,198.0,1200.0
168301.996,81901.996,140.0,90.30000000000001,21.41,15.99,169.0,32.7,151.20000000000002,28.87,32.39,33.95,94.0,15.8,48.0,72.0,198.0,2892.0,1.43,35.5,14.98,7.0600000000000005,35.99,29.03,0.0,201.0,1200.0
168361.996,81961.996,140.0,90.60000000000001,21.42,16.01,167.5,32.7,150.5,28.75,32.35,33.95,92.5,15.700000000000001,48.400000000000006,71.8,197.5,2887.0,1.4000000000000001,35.550000000000004,15.030000000000001,7.03,35.84,28.98,2.0,207.5,1200.0
168421.996,82021.996,140.0,91.7,21.54,16.0,168.0,32.5,152.70000000000002,28.85,32.37,33.95,93.0,15.700000000000001,48.6,71.9,199.0,2883.0,1.51,35.5,15.030000000000001,6.99,35.97,29.03,1.0,200.5,1200.0
168481.996,82081.996,140.0,91.2,21.490000000000002,16.04,165.5,32.65,150.70000000000002,28.91,32.480000000000004,34.050000000000004,93.5,15.65,48.800000000000004,72.8,197.5,2882.0,1.33,35.45,15.06,6.95,36.03,29.03,0.0,203.0,1200.0
168541.996,82141.996,140.0,90.0,21.55,15.98,169.0,32.7,153.1,28.86,32.46,34.0,93.0,15.850000000000001,48.900000000000006,72.8,202.5,2876.0,1.44,35.4,14.97,7.0200000000000005,36.07,28.98,0.0,202.5,1200.0
168601.996,82201.996,140.0,91.9,21.54,16.07,166.0,32.7,152.4,28.86,32.52,33.9,93.5,15.75,48.5,73.3,203.5,2877.0,1.25,35.5,14.950000000000001,6.98,35.97,29.07,0.0,205.5,1200.0
168661.996,82261.996,140.0,91.0,21.62,16.03,167.5,32.800000000000004,151.4,28.91,32.45,34.0,92.0,15.950000000000001,48.800000000000004,74.3,202.5,2882.0,1.41,35.6,15.040000000000001,6.99,36.0,28.94,4.0,202.5,1200.0
168721.996,82321.996,140.0,90.7,21.79,16.15,168.5,32.75,151.9,28.89,32.49,33.95,92.0,15.9,48.900000000000006,76.80000000000001,207.5,2874.0,1.32,35.5,15.05,7.04,36.04,28.98,0.0,201.5,1200.0
168781.996,82381.996,140.0,90.9,21.85,16.13,167.0,32.9,152.3,28.86,32.51,33.95,90.5,15.850000000000001,49.400000000000006,78.7,206.0,2870.0,1.44,35.5,15.0,7.03,35.94,29.04,0.0,204.0,1200.0
168841.996,82441.996,140.0,89.80000000000001,21.830000000000002,16.14,167.5,32.9,151.0,28.95,32.61,33.800000000000004,92.0,15.9,50.5,82.30000000000001,208.0,2861.0,1.44,35.75,15.030000000000001,7.01,36.03,29.13,0.0,208.0,1200.0
168901.996,82501.996,140.0,90.30000000000001,21.93,16.12,169.5,32.85,152.5,28.92,32.660000000000004,33.800000000000004,94.0,15.9,51.0,84.9,207.0,2854.0,1.43,35.5,14.94,7.0200000000000005,35.96,28.95,0.0,208.0,1200.0
168961.996,82561.996,140.0,91.10000000000001,21.93,16.2,169.0,33.0,150.5,29.01,32.8,33.85,92.0,16.05,51.400000000000006,88.7,212.5,2849.0,1.35,35.6,15.02,7.03,36.03,29.07,0.0,210.5,1200.0
169021.996,82621.996,140.0,91.2,22.14,16.2,170.0,33.15,152.5,28.900000000000002,32.86,33.9,90.5,15.950000000000001,52.6,92.5,215.0,2842.0,1.4000000000000001,35.75,15.030000000000001,6.99,35.980000000000004,28.990000000000002,0.0,222.5,1200.0
169081.996,82681.996,140.0,91.4,22.13,16.14,169.5,33.2,150.6,28.97,32.93,34.0,94.0,16.0,52.900000000000006,96.10000000000001,215.5,2837.0,1.35,35.7,14.97,7.0200000000000005,36.0,29.02,2.0,220.0,1200.0
169141.996,82741.996,140.0,92.10000000000001,22.16,16.21,170.5,33.25,150.70000000000002,28.900000000000002,32.94,33.9,93.0,15.9,53.5,99.9,221.5,2832.0,1.43,35.75,14.98,6.95,36.04,29.0,0.0,222.0,1200.0
169201.996,82801.996,140.0,91.30000000000001,22.29,16.31,170.5,33.35,152.8,28.96,32.99,33.95,91.5,16.1,54.400000000000006,100.0,217.0,2826.0,1.24,35.800000000000004,14.97,6.96,36.050000000000004,28.990000000000002,1.0,219.5,1200.0
169261.996,82861.996,140.0,90.4,22.2,16.29,172.5,33.300000000000004,151.1,29.01,33.06,34.1,93.0,15.850000000000001,53.900000000000006,100.0,224.0,2829.0,1.4000000000000001,35.7,15.030000000000001,7.01,36.03,29.1,0.0,219.5,1200.0
169321.996,82921.996,140.0,91.0,22.3,16.21,171.5,33.300000000000004,152.1,28.990000000000002,33.11,33.85,93.0,16.150000000000002,54.2,100.0,221.0,2832.0,1.4000000000000001,35.800000000000004,14.97,6.97,36.09,29.01,4.0,217.5,1200.0
169381.996,82981.996,140.0,91.5,22.27,16.27,172.5,33.25,151.70000000000002,28.95,32.96,34.0,91.0,15.9,53.6,99.9,222.0,2833.0,1.41,35.75,15.0,7.01,36.050000000000004,28.93,0.0,221.0,1200.0
169441.996,83041.996,140.0,92.30000000000001,22.150000000000002,16.22,170.0,33.25,151.20000000000002,29.01,33.06,34.050000000000004,93.0,15.950000000000001,53.5,100.0,223.5,2831.0,1.57,35.7,15.0,6.97,35.99,28.95,0.0,223.0,1200.0
169501.995,83101.995,140.0,92.80000000000001,22.19,16.12,170.0,33.45,151.5,29.01,33.11,33.800000000000004,91.5,16.0,53.2,99.80000000000001,220.0,2844.0,1.37,35.85,15.07,6.92,35.96,28.94,0.0,222.0,1200.0
169561.995,83161.995,140.0,91.60000000000001,22.1,16.11,171.0,33.35,150.70000000000002,29.01,33.09,33.95,95.5,15.850000000000001,53.400000000000006,100.0,223.5,2834.0,1.46,35.800000000000004,15.030000000000001,7.03,36.02,29.14,0.0,223.0,1200.0
169621.995,83221.995,140.0,92.2,22.19,16.1,175.0,33.35,151.6,29.150000000000002,33.13,34.0,94.0,16.0,54.1,99.5,223.5,2848.0,1.45,36.050000000000004,14.950000000000001,6.92,35.9,29.11,1.0,222.0,1200.0
169681.995,83281.995,140.0,90.9,22.13,16.080000000000002,169.5,33.4,150.4,29.11,33.09,34.0,92.5,15.9,53.400000000000006,100.0,225.5,2850.0,1.3800000000000001,35.95,15.040000000000001,7.0,35.93,29.02,0.0,226.5,1200.0
169741.995,83341.995,140.0,90.80000000000001,22.12,16.0,171.0,33.45,152.4,29.09,33.07,33.95,94.5,15.700000000000001,53.900000000000006,100.0,222.5,2847.0,1.47,35.75,15.040000000000001,7.07,36.08,29.0,1.0,221.5,1200.0
169801.995,83401.995,140.0,90.5,22.1,16.06,170.5,33.300000000000004,152.20000000000002,29.17,33.17,33.85,94.5,15.65,53.800000000000004,99.9,226.5,2848.0,1.19,35.800000000000004,15.06,6.97,36.01,29.01,1.0,225.0,1200.0
169861.995,83461.995,140.0,90.2,22.07,15.98,169.0,33.4,152.5,29.150000000000002,33.11,33.95,93.5,15.8,52.900000000000006,99.9,228.5,2855.0,1.41,35.85,15.0,7.0,35.980000000000004,28.94,1.0,224.0,1200.0
169921.995,83521.995,140.0,90.30000000000001,22.09,16.05,170.0,33.4,152.1,29.19,33.11,34.0,91.0,15.8,53.900000000000006,99.9,220.5,2857.0,1.44,35.9,14.950000000000001,7.0600000000000005,35.94,28.93,2.0,226.5,1200.0
169981.995,83581.995,140.0,90.80000000000001,22.18,15.97,170.5,33.45,149.70000000000002,29.22,33.19,34.050000000000004,92.5,15.75,53.5,100.0,225.5,2858.0,1.4000000000000001,36.0,15.05,7.03,36.0,29.03,0.0,228.5,1200.0
170041.995,83641.995,140.0,90.10000000000001,22.11,15.97,174.0,33.45,151.70000000000002,29.26,33.21,34.15,93.0,15.8,54.400000000000006,100.0,228.0,2869.0,1.32,35.95,14.94,6.96,36.03,29.01,0.0,226.0,1200.0
170101.995,83701.995,140.0,89.5,22.11,15.98,172.5,33.6,150.3,29.080000000000002,33.21,34.050000000000004,97.0,15.700000000000001,53.800000000000004,100.0,225.5,2866.0,1.56,36.15,15.05,7.08,36.01,29.07,1.0,233.0,1200.0
170161.995,83761.995,140.0,92.10000000000001,22.16,15.97,173.0,33.5,150.70000000000002,29.080000000000002,33.26,34.050000000000004,91.0,15.75,53.7,100.0,231.0,2870.0,1.37,36.1,15.0,7.05,35.980000000000004,28.95,0.0,228.5,1200.0
170221.995,83821.995,140.0,90.0,22.14,16.03,173.0,33.550000000000004,152.4,29.18,33.33,34.15,90.5,15.75,54.2,99.7,232.5,2870.0,1.47,36.050000000000004,15.01,6.95,36.02,29.01,1.0,230.0,1200.0
170281.995,83881.995,140.0,90.7,22.22,16.080000000000002,171.5,33.75,151.8,29.330000000000002,33.34,34.15,92.5,15.700000000000001,53.2,99.9,233.5,2876.0,1.3800000000000001,36.0,15.06,7.0,35.95,28.97,0.0,227.5,1200.0
170341.995,83941.995,140.0,91.30000000000001,22.28,16.05,172.0,33.550000000000004,152.5,29.21,33.28,34.25,90.0,15.9,53.900000000000006,100.0,228.5,2878.0,1.28,36.25,15.02,7.01,35.910000000000004,29.03,0.0,232.0,1200.0
170401.995,84001.995,140.0,90.7,22.23,15.99,175.5,33.550000000000004,152.1,29.27,33.32,34.25,94.0,15.75,54.6,100.0,229.0,2879.0,1.33,36.2,15.02,6.94,35.980000000000004,29.11,0.0,238.0,1200.0
170461.995,84061.995,140.0,91.2,22.07,15.950000000000001,171.5,33.5,152.6,29.23,33.3,34.2,92.0,15.700000000000001,53.900000000000006,99.9,233.5,2876.0,1.37,36.25,14.96,7.07,35.94,29.05,0.0,233.0,1200.0
170521.995,84121.995,140.0,92.10000000000001,21.990000000000002,15.950000000000001,171.5,33.6,150.9,29.25,33.29,34.300000000000004,91.0,15.600000000000001,53.7,100.0,228.0,2872.0,1.33,36.15,14.92,6.96,36.02,28.96,0.0,234.0,1200.0
170581.995,84181.995,140.0,90.10000000000001,21.81,15.85,170.0,33.7,150.5,29.29,33.230000000000004,34.2,91.5,15.5,53.0,99.9,230.5,2881.0,1.44,36.15,15.0,6.97,36.0,28.98,1.0,228.0,1200.0
170641.995,84241.995,140.0,91.0,21.68,15.75,171.0,33.45,150.8,29.25,33.12,34.050000000000004,91.5,15.600000000000001,52.900000000000006,100.0,228.0,2884.0,1.43,36.25,14.97,6.99,35.93,28.990000000000002,2.0,231.0,1200.0
170701.995,84301.995,140.0,91.0,21.61,15.64,171.5,33.45,149.9,29.14,33.230000000000004,34.15,91.0,15.5,53.1,99.80000000000001,232.0,2898.0,1.45,36.15,14.98,6.97,36.04,29.03,1.0,234.0,1200.0
170761.995,84361.995,140.0,91.5,21.51,15.620000000000001,171.5,33.35,151.8,29.25,33.21,34.2,93.0,15.4,52.1,96.4,235.0,2907.0,1.33,36.2,15.05,6.93,35.980000000000004,29.080000000000002,0.0,230.0,1200.0
170821.994,84421.994,140.0,90.60000000000001,21.42,15.620000000000001,172.0,33.15,151.3,29.13,33.02,34.1,90.5,15.450000000000001,52.1,90.30000000000001,220.0,2913.0,1.34,36.2,14.96,6.98,35.97,28.95,2.0,219.0,1200.0
170881.994,84481.994,140.0,90.5,21.25,15.700000000000001,171.0,33.2,152.20000000000002,29.27,32.97,34.2,91.0,15.4,50.400000000000006,83.9,223.0,2925.0,1.32,36.050000000000004,14.99,7.03,35.94,28.990000000000002,0.0,216.5,1200.0
170941.994,84541.994,140.0,91.5,21.19,15.65,169.0,33.0,151.3,29.18,32.81,34.1,92.0,15.4,48.6,77.60000000000001,213.5,2923.0,1.52,36.25,14.99,6.98,35.97,28.990000000000002,0.0,215.0,1200.0
171001.994,84601.994,140.0,92.60000000000001,21.080000000000002,15.620000000000001,168.5,32.95,150.8,29.13,32.68,34.25,91.5,15.4,47.900000000000006,72.7,208.5,2940.0,1.45,36.15,15.05,6.99,35.97,28.98,0.0,208.5,1200.0
171061.994,84661.994,140.0,90.80000000000001,21.25,15.73,169.5,32.95,152.4,29.07,32.77,34.25,92.0,15.3,46.7,72.3,207.5,2936.0,1.26,36.15,14.950000000000001,7.0600000000000005,36.0,28.98,0.0,210.5,1200.0
171121.994,84721.994,140.0,88.60000000000001,21.39,15.84,169.0,33.050000000000004,151.3,29.150000000000002,32.72,34.15,93.0,15.8,47.2,72.5,207.0,2926.0,1.21,36.1,14.98,7.0,35.99,29.01,0.0,206.0,1200.0
171181.994,84781.994,140.0,91.0,21.48,15.950000000000001,168.0,32.95,151.8,29.18,32.69,34.35,93.0,15.75,48.0,73.8,205.5,2911.0,1.36,36.15,15.02,6.99,36.02,28.97,0.0,207.0,1200.0
171241.994,84841.994,140.0,91.30000000000001,21.7,16.0,170.0,33.1,151.5,29.23,32.8,34.35,92.5,15.700000000000001,48.900000000000006,76.4,211.0,2902.0,1.21,36.15,15.09,7.01,35.99,29.03,0.0,209.0,1200.0
171301.994,84901.994,140.0,92.60000000000001,21.740000000000002,16.19,170.0,33.25,152.6,29.17,32.92,34.15,95.0,15.850000000000001,49.400000000000006,80.4,212.5,2892.0,1.46,35.95,15.05,7.0200000000000005,35.99,29.03,0.0,214.0,1200.0
171361.994,84961.994,140.0,91.0,22.03,16.17,172.5,33.2,151.20000000000002,29.3,33.01,34.300000000000004,93.5,15.75,50.400000000000006,84.30000000000001,216.0,2881.0,1.18,36.1,15.01,6.94,35.92,29.080000000000002,0.0,214.5,1200.0
171421.994,85021.994,140.0,90.0,22.080000000000002,16.13,171.5,33.35,151.6,29.19,33.13,34.25,95.0,15.9,51.7,89.30000000000001,226.0,2867.0,1.5,36.050000000000004,15.01,6.95,35.92,28.990000000000002,0.0,218.0,1200.0
171481.994,85081.994,140.0,93.0,22.150000000000002,16.22,171.0,33.300000000000004,151.5,29.310000000000002,33.25,34.2,93.0,16.0,52.7,94.7,221.0,2860.0,1.31,36.0,14.92,7.04,35.95,29.0,0.0,224.5,1200.0
171541.994,85141.994,140.0,91.80000000000001,22.3,16.28,173.0,33.65,154.20000000000002,29.16,33.17,34.2,93.0,16.05,54.1,100.0,223.0,2842.0,1.33,35.95,14.97,6.91,35.96,29.02,0.0,228.5,1200.0
171601.994,85201.994,140.0,93.7,22.43,16.46,173.0,33.65,151.4,29.22,33.3,34.2,92.0,16.05,54.400000000000006,100.0,222.5,2834.0,1.53,36.050000000000004,15.0,7.04,35.92,29.09,0.0,227.0,1200.0
171661.994,85261.994,140.0,91.7,22.46,16.42,174.0,33.65,150.4,29.25,33.26,34.15,94.5,16.2,54.300000000000004,100.0,221.0,2829.0,1.35,36.2,15.02,7.0,35.99,29.05,0.0,223.0,1200.0
171721.994,85321.994,140.0,92.7,22.36,16.41,173.5,33.5,150.4,29.240000000000002,33.32,34.15,96.5,16.35,53.7,100.0,223.5,2841.0,1.47,36.050000000000004,14.99,7.05,35.96,29.0,0.0,220.0,1200.0
171781.994,85381.994,140.0,90.0,22.43,16.23,171.5,33.65,150.1,29.32,33.28,34.300000000000004,96.0,16.1,53.2,99.80000000000001,226.0,2856.0,1.41,36.2,14.96,7.04,35.94,29.04,2.0,229.5,1200.0
171841.994,85441.994,140.0,91.2,22.5,16.19,173.5,33.6,151.3,29.28,33.33,34.35,94.0,15.9,54.0,100.0,226.0,2866.0,1.29,36.2,14.99,7.01,35.96,28.96,0.0,230.0,1200.0
171901.994,85501.994,140.0,90.2,22.38,16.16,172.0,33.75,150.20000000000002,29.34,33.46,34.300000000000004,94.0,15.9,55.0,100.0,227.5,2871.0,1.34,36.2,15.0,7.04,36.09,29.03,0.0,230.5,1200.0
171961.994,85561.994,140.0,91.0,22.44,16.2,173.0,33.6,152.5,29.29,33.46,34.4,92.0,15.950000000000001,54.6,99.7,231.5,2873.0,1.42,36.300000000000004,15.09,6.97,35.96,28.95,0.0,236.0,1200.0
172021.994,85621.994,140.0,90.5,22.45,16.1,173.0,33.7,149.6,29.3,33.410000000000004,34.15,93.5,15.9,55.400000000000006,100.0,231.0,2891.0,1.54,36.35,14.98,7.0,35.95,29.07,0.0,235.5,1200.0
172081.994,85681.994,140.0,91.0,22.41,16.04,175.0,33.6,151.5,29.34,33.54,34.35,91.0,15.850000000000001,55.2,99.7,237.5,2889.0,1.48,36.300000000000004,14.94,6.94,36.0,29.060000000000002,0.0,238.0,1200.0
172141.993,85741.993,140.0,91.4,22.45,16.07,173.0,33.85,151.70000000000002,29.26,33.54,34.25,91.5,15.8,55.2,99.60000000000001,237.5,2895.0,1.4000000000000001,36.35,14.950000000000001,6.98,35.95,28.95,0.0,233.5,1200.0
172201.993,85801.993,140.0,90.80000000000001,22.38,16.14,175.0,33.75,151.6,29.34,33.5,34.35,92.0,15.850000000000001,55.0,100.0,241.5,2896.0,1.37,36.45,15.05,6.97,35.94,29.14,0.0,235.0,1200.0
172261.993,85861.993,140.0,90.0,22.42,16.03,174.0,33.800000000000004,151.5,29.34,33.58,34.25,92.0,15.600000000000001,55.300000000000004,100.0,235.5,2896.0,1.3900000000000001,36.5,14.98,7.03,35.95,29.05,1.0,238.5,1200.0
172321.993,85921.993,140.0,92.0,22.43,16.12,174.5,33.75,151.1,29.35,33.53,34.300000000000004,93.0,15.8,55.2,99.9,238.5,2903.0,1.52,36.550000000000004,14.99,7.04,35.97,28.91,0.0,240.5,1200.0
172381.993,85981.993,140.0,91.0,22.45,16.03,172.5,33.7,151.70000000000002,29.400000000000002,33.55,34.300000000000004,95.0,15.75,55.1,99.60000000000001,238.5,2902.0,1.28,36.800000000000004,15.06,6.95,36.050000000000004,28.95,0.0,240.0,1200.0
172441.993,86041.993,140.0,90.30000000000001,22.46,16.04,174.5,33.800000000000004,149.9,29.310000000000002,33.51,34.35,92.0,15.8,55.0,100.0,237.0,2906.0,1.48,36.6,14.98,7.0600000000000005,36.01,29.01,1.0,239.5,1200.0
172501.993,86101.993,140.0,91.4,22.44,16.01,176.0,33.85,154.10000000000002,29.330000000000002,33.54,34.4,93.0,15.850000000000001,55.0,99.7,242.0,2907.0,1.59,36.800000000000004,15.040000000000001,6.94,35.93,28.990000000000002,0.0,235.0,1200.0
172561.993,86161.993,140.0,90.4,22.34,16.03,174.5,33.7,151.1,29.29,33.45,34.2,92.5,15.75,55.1,99.60000000000001,239.5,2904.0,1.5,36.800000000000004,15.02,7.0600000000000005,35.99,28.94,0.0,238.5,1200.0
172621.993,86221.993,140.0,91.0,22.400000000000002,15.92,173.0,33.800000000000004,151.0,29.29,33.55,34.2,92.5,15.8,54.900000000000006,99.80000000000001,240.0,2910.0,1.5,36.7,14.950000000000001,6.98,36.0,29.05,1.0,240.5,1200.0
172681.993,86281.993,140.0,90.0,22.46,15.97,174.0,33.75,152.5,29.26,33.6,34.4,92.0,15.75,54.7,100.0,235.5,2906.0,1.3800000000000001,36.800000000000004,15.01,7.01,36.0,28.96,0.0,238.0,1200.0
172741.993,86341.993,140.0,89.2,22.41,15.94,174.5,33.7,150.9,29.240000000000002,33.58,34.25,92.5,15.600000000000001,55.2,100.0,237.0,2904.0,1.21,36.800000000000004,14.97,7.04,35.95,28.95,0.0,237.0,1200.0
