time_s,scenario_time_s,HT-CH-01-AMPS,HT-CH-01-CHWFLOW,HT-CH-01-CHWRT,HT-CH-01-CHWST,HT-CH-01-CONDP,HT-CH-01-CONDT,HT-CH-01-CWFLOW,HT-CH-01-CWRT,HT-CH-01-CWST,HT-CH-01-DISCT,HT-CH-01-EVAPP,HT-CH-01-EVAPT,HT-CH-01-EXV,HT-CH-01-IGV,HT-CH-01-KW,HT-CH-01-RPM,HT-CH-01-VIB,HT-CH-01-WINDT,PLANT-CHWRT,PLANT-CHWST,PLANT-CWRT,PLANT-CWST,PLANT-DP,PLANT-KW,PLANT-LOAD
0.0,0.0,140.0,90.7,22.240000000000002,15.98,166.0,32.85,150.6,28.54,32.67,33.25,91.0,15.75,55.800000000000004,100.0,218.5,2816.0,1.34,35.5,15.06,6.94,36.01,28.97,1.0,219.0,1200.0
61.03,0.0,140.0,92.7,22.28,16.05,168.0,32.9,152.4,28.51,32.58,33.35,93.5,15.55,55.300000000000004,99.80000000000001,222.0,2819.0,1.42,35.550000000000004,15.0,7.04,36.0,29.03,3.0,217.0,1200.0
121.436,0.0,140.0,89.80000000000001,22.28,15.950000000000001,166.0,32.65,151.5,28.57,32.56,33.2,92.5,15.65,55.6,100.0,222.0,2816.0,1.36,35.6,14.96,7.03,36.04,28.85,0.0,220.5,1200.0
181.67,0.0,140.0,91.2,22.22,15.97,168.5,32.75,151.8,28.57,32.660000000000004,33.35,92.5,15.8,55.400000000000006,99.7,218.5,2824.0,1.37,35.5,15.02,7.07,36.0,29.01,0.0,220.0,1200.0
241.826,0.0,140.0,90.30000000000001,22.3,15.99,166.0,32.65,150.4,28.51,32.62,33.15,92.0,15.8,55.400000000000006,99.80000000000001,218.5,2817.0,1.49,35.550000000000004,15.05,7.0,36.08,29.02,0.0,219.5,1200.0
301.938,0.0,140.0,90.2,22.31,15.94,166.0,32.65,150.6,28.52,32.57,33.35,90.5,15.9,56.1,99.7,218.0,2822.0,1.5,35.45,15.02,6.99,36.04,29.1,0.0,223.5,1200.0
362.022,0.0,140.0,91.9,22.26,16.06,167.0,32.65,149.20000000000002,28.53,32.59,33.2,92.0,15.75,55.900000000000006,99.5,218.0,2817.0,1.32,35.5,15.02,6.99,35.93,29.03,0.0,226.5,1200.0
422.089,0.0,140.0,90.30000000000001,22.3,16.02,168.0,32.800000000000004,152.8,28.51,32.63,33.35,92.5,15.700000000000001,55.300000000000004,99.5,214.5,2825.0,1.28,35.300000000000004,15.0,6.99,36.01,28.92,0.0,219.5,1200.0
482.142,0.0,140.0,93.10000000000001,22.29,16.06,167.0,32.75,152.8,28.55,32.5,33.300000000000004,92.5,15.700000000000001,55.7,99.9,219.0,2820.0,1.21,35.5,15.040000000000001,6.94,35.980000000000004,28.94,0.0,217.0,1200.0
542.186,0.0,140.0,90.60000000000001,22.29,16.02,167.0,32.800000000000004,151.5,28.62,32.7,33.35,92.5,15.75,56.0,100.0,220.0,2816.0,1.49,35.5,15.040000000000001,7.0200000000000005,36.07,29.1,4.0,215.5,1200.0
602.222,0.0,140.0,90.4,22.330000000000002,16.05,166.0,32.7,150.4,28.57,32.6,33.25,92.0,15.850000000000001,55.900000000000006,100.0,216.5,2816.0,1.46,35.550000000000004,14.99,6.97,35.99,28.97,0.0,218.0,1200.0
662.253,0.0,140.0,92.0,22.27,15.950000000000001,166.5,32.7,153.8,28.54,32.57,33.35,91.0,15.65,55.7,100.0,224.5,2817.0,1.48,35.5,15.08,6.96,35.980000000000004,28.990000000000002,0.0,220.5,1200.0
722.279,0.0,140.0,92.60000000000001,22.29,16.04,167.5,32.800000000000004,150.6,28.51,32.56,33.300000000000004,94.0,15.600000000000001,55.0,100.0,217.0,2816.0,1.5,35.5,14.950000000000001,7.09,36.050000000000004,29.02,0.0,221.0,1200.0
782.302,0.0,140.0,91.5,22.31,15.98,167.5,32.7,150.5,28.47,32.54,33.4,90.0,15.75,55.900000000000006,99.9,223.0,2821.0,1.45,35.45,15.01,7.01,36.04,28.98,0.0,218.0,1200.0
842.322,0.0,140.0,91.4,22.28,15.96,166.5,32.75,150.9,28.53,32.660000000000004,33.35,93.0,15.65,55.6,100.0,222.0,2823.0,1.31,35.4,15.02,7.04,36.02,29.02,0.0,224.5,1200.0
902.339,0.0,140.0,91.2,22.19,15.96,167.5,32.85,150.8,28.580000000000002,32.58,33.25,94.5,15.75,55.300000000000004,100.0,217.5,2824.0,1.3800000000000001,35.45,14.96,7.0,36.03,29.02,0.0,222.5,1200.0
962.354,0.0,140.0,90.60000000000001,22.32,15.96,168.0,32.800000000000004,150.70000000000002,28.55,32.53,33.35,92.0,15.600000000000001,55.0,99.9,217.5,2818.0,1.52,35.45,15.030000000000001,7.05,35.97,28.96,0.0,220.5,1200.0
1022.368,0.0,140.0,90.60000000000001,22.2,15.98,169.0,32.75,151.6,28.59,32.62,33.4,93.0,15.700000000000001,55.400000000000006,100.0,216.5,2820.0,1.34,35.35,15.030000000000001,7.05,36.07,28.98,1.0,220.0,1200.0
1082.38,0.0,140.0,90.80000000000001,22.2,16.04,167.5,32.800000000000004,149.9,28.51,32.57,33.35,94.0,15.9,55.7,99.9,219.0,2816.0,1.45,35.6,15.02,7.0600000000000005,35.97,28.990000000000002,0.0,223.5,1200.0
1142.39,0.0,140.0,91.4,22.23,16.01,168.5,32.550000000000004,151.5,28.560000000000002,32.57,33.45,93.0,15.75,55.300000000000004,100.0,220.0,2822.0,1.54,35.5,14.96,7.01,35.96,29.0,0.0,217.0,1200.0
1202.4,0.0,140.0,90.5,22.18,15.96,166.0,32.7,151.9,28.6,32.6,33.300000000000004,92.0,15.8,54.900000000000006,99.5,217.5,2823.0,1.36,35.5,14.98,7.0200000000000005,35.99,29.0,1.0,218.0,1200.0
1262.409,0.0,140.0,90.5,22.2,15.93,169.0,32.85,151.8,28.53,32.62,33.300000000000004,92.5,15.8,55.2,100.0,214.0,2817.0,1.26,35.45,15.040000000000001,7.01,36.03,29.0,0.0,215.5,1200.0
1322.416,0.0,140.0,90.30000000000001,22.17,16.01,168.5,32.75,152.9,28.71,32.68,33.4,90.0,15.850000000000001,55.6,99.5,223.0,2827.0,1.6,35.5,14.950000000000001,6.97,35.93,28.95,1.0,220.0,1200.0
1382.423,0.0,140.0,90.5,22.3,16.080000000000002,165.0,32.800000000000004,149.4,28.64,32.7,33.45,91.5,15.8,55.300000000000004,100.0,220.0,2821.0,1.3800000000000001,35.4,15.030000000000001,7.04,36.02,29.02,3.0,215.5,1200.0
1442.43,0.0,140.0,90.2,22.26,15.94,167.5,32.85,152.8,28.72,32.660000000000004,33.550000000000004,92.5,15.700000000000001,54.6,99.5,224.0,2825.0,1.51,35.6,15.040000000000001,7.0,35.97,28.990000000000002,0.0,220.0,1200.0
1502.435,0.0,140.0,90.60000000000001,22.23,15.98,168.0,32.800000000000004,151.6,28.69,32.74,33.35,92.5,15.65,55.0,99.80000000000001,220.5,2825.0,1.27,35.6,14.98,7.0,36.09,29.03,0.0,218.0,1200.0
1562.441,0.0,140.0,89.7,22.26,16.07,170.0,32.7,151.6,28.61,32.7,33.4,91.0,15.600000000000001,54.5,100.0,222.0,2826.0,1.3800000000000001,35.4,15.030000000000001,6.97,35.88,29.05,0.0,222.5,1200.0
1622.445,0.0,140.0,90.5,22.25,15.97,167.5,32.9,152.6,28.72,32.71,33.45,93.5,15.75,55.400000000000006,99.7,221.0,2834.0,1.41,35.6,14.94,7.0,35.99,28.95,0.0,218.5,1200.0
1682.45,0.0,140.0,92.4,22.25,15.98,165.5,32.800000000000004,151.4,28.75,32.74,33.5,93.0,15.850000000000001,55.1,100.0,219.5,2833.0,1.42,35.6,15.01,7.01,36.03,29.05,0.0,223.0,1200.0
1742.454,0.0,140.0,90.2,22.27,15.97,170.0,32.800000000000004,152.1,28.64,32.81,33.45,91.5,15.850000000000001,55.2,99.7,220.5,2833.0,1.25,35.5,14.99,6.98,36.01,28.97,0.0,221.5,1200.0
1802.457,0.0,140.0,91.5,22.25,15.99,169.5,32.85,150.9,28.7,32.75,33.5,92.0,15.700000000000001,55.1,99.80000000000001,219.5,2829.0,1.37,35.5,14.9,7.0,35.93,29.03,2.0,222.0,1200.0
1862.461,0.0,140.0,91.4,22.240000000000002,16.0,169.5,33.1,151.6,28.79,32.74,33.5,94.0,15.75,55.400000000000006,100.0,226.0,2831.0,1.44,35.550000000000004,14.97,7.03,35.980000000000004,29.0,0.0,223.5,1200.0
1922.464,0.0,140.0,92.60000000000001,22.240000000000002,16.0,171.0,33.050000000000004,152.4,28.7,32.83,33.45,91.0,15.9,55.400000000000006,100.0,221.0,2839.0,1.42,35.45,14.96,7.0600000000000005,36.01,28.990000000000002,1.0,221.0,1200.0
1982.466,0.0,140.0,91.4,22.18,16.06,169.0,33.1,151.4,28.76,32.82,33.6,93.5,15.75,55.300000000000004,100.0,220.0,2832.0,1.29,35.6,15.040000000000001,7.01,36.03,28.97,1.0,224.5,1200.0
2042.469,0.0,140.0,91.60000000000001,22.27,15.97,168.5,32.85,151.8,28.830000000000002,32.78,33.45,93.5,15.65,55.0,100.0,221.0,2835.0,1.41,35.7,15.05,6.93,36.13,29.0,0.0,221.0,1200.0
2102.471,0.0,140.0,90.7,22.3,16.01,167.0,32.9,152.0,28.740000000000002,32.86,33.6,92.5,15.700000000000001,55.2,99.9,223.5,2842.0,1.28,35.85,15.040000000000001,7.0200000000000005,35.980000000000004,29.03,0.0,223.5,1200.0
2162.473,0.0,140.0,90.9,22.240000000000002,15.98,167.5,33.050000000000004,152.0,28.82,32.910000000000004,33.5,92.5,15.65,54.900000000000006,100.0,225.0,2839.0,1.59,35.75,15.11,7.0200000000000005,36.03,29.0,0.0,227.5,1200.0
2222.475,0.0,140.0,91.60000000000001,22.22,15.97,170.5,32.95,151.4,28.73,32.910000000000004,33.550000000000004,91.0,15.700000000000001,55.300000000000004,100.0,218.5,2832.0,1.37,35.85,14.93,6.99,35.96,28.990000000000002,0.0,224.0,1200.0
2282.477,0.0,140.0,90.10000000000001,22.23,15.96,171.0,33.1,152.9,28.73,32.71,33.4,92.0,15.600000000000001,55.0,100.0,227.0,2833.0,1.58,35.85,15.05,6.99,35.89,28.93,0.0,225.0,1200.0
2342.479,0.0,140.0,91.4,22.23,16.01,170.5,32.95,151.1,28.82,32.980000000000004,33.550000000000004,93.0,15.8,55.300000000000004,99.9,220.5,2834.0,1.3800000000000001,35.65,14.94,6.99,36.0,28.91,0.0,222.5,1200.0
2402.48,0.0,140.0,91.5,22.25,15.99,169.0,32.95,153.3,28.79,32.83,33.5,93.0,15.75,55.1,100.0,223.5,2837.0,1.33,35.75,14.98,6.97,36.11,29.03,0.0,219.0,1200.0
2462.482,0.0,140.0,92.4,22.32,15.98,169.5,32.95,152.3,28.73,32.85,33.7,94.0,15.75,54.7,100.0,227.0,2840.0,1.43,35.800000000000004,14.98,6.99,36.0,29.080000000000002,0.0,225.0,1200.0
2522.483,0.0,140.0,91.60000000000001,22.27,16.02,170.0,33.050000000000004,152.0,28.82,32.85,33.7,95.5,15.65,55.0,100.0,227.5,2844.0,1.37,35.800000000000004,14.950000000000001,7.03,35.95,29.05,3.0,226.5,1200.0
2582.484,0.0,140.0,91.0,22.28,16.01,169.0,33.050000000000004,152.20000000000002,28.91,32.89,33.65,94.5,15.75,55.0,100.0,230.0,2846.0,1.47,35.85,15.13,6.99,36.03,28.900000000000002,3.0,220.0,1200.0
2642.485,0.0,140.0,91.10000000000001,22.27,15.97,170.0,32.9,150.0,28.75,32.87,33.550000000000004,93.0,15.700000000000001,54.800000000000004,100.0,227.5,2840.0,1.35,35.9,14.99,6.96,36.01,28.97,1.0,225.5,1200.0
2702.486,0.0,140.0,90.60000000000001,22.21,16.0,170.5,33.050000000000004,152.5,28.900000000000002,32.95,33.65,91.5,15.75,55.400000000000006,100.0,228.5,2845.0,1.33,36.0,14.96,6.99,35.88,28.900000000000002,0.0,222.0,1200.0
2762.487,0.0,140.0,91.80000000000001,22.26,16.06,169.5,33.1,151.3,28.91,32.96,33.6,93.0,15.8,54.800000000000004,100.0,227.0,2851.0,1.53,35.7,15.02,7.0200000000000005,36.03,28.96,0.0,224.5,1200.0
2822.488,0.0,140.0,89.5,22.23,16.01,170.5,33.2,150.9,28.88,32.910000000000004,33.65,91.5,15.850000000000001,54.800000000000004,99.5,221.0,2848.0,1.35,36.0,15.040000000000001,6.93,36.050000000000004,28.95,0.0,228.0,1200.0
2882.488,0.0,140.0,87.4,22.26,16.05,170.0,33.0,151.3,28.87,32.95,33.85,93.0,15.75,54.800000000000004,100.0,226.5,2848.0,1.5,35.9,14.94,7.0200000000000005,35.910000000000004,29.0,1.0,225.5,1200.0
2942.489,0.0,140.0,91.2,22.2,15.9,170.0,33.15,151.1,28.92,32.97,33.7,94.5,15.75,55.2,100.0,226.5,2845.0,1.43,35.85,14.950000000000001,7.0,36.07,29.03,1.0,227.0,1200.0
3002.489,0.0,140.0,91.9,22.23,15.97,169.5,33.050000000000004,151.5,28.97,33.07,33.800000000000004,90.0,15.700000000000001,55.1,100.0,227.0,2848.0,1.3900000000000001,35.9,15.02,6.94,35.97,29.04,1.0,228.0,1200.0
3062.49,0.0,140.0,89.30000000000001,22.330000000000002,15.96,170.0,33.25,152.1,28.94,33.15,33.6,95.0,15.700000000000001,55.1,100.0,227.0,2850.0,1.34,35.95,15.01,6.99,35.97,29.0,0.0,228.0,1200.0
3122.49,0.0,140.0,90.9,22.26,16.06,169.0,33.300000000000004,151.8,28.91,33.14,33.75,93.0,15.75,54.7,100.0,226.0,2855.0,1.69,35.95,15.0,7.0200000000000005,36.09,29.0,1.0,226.0,1200.0
3182.491,0.0,140.0,91.2,22.25,16.03,171.5,33.1,150.3,28.84,33.1,33.75,93.0,15.700000000000001,54.6,100.0,228.0,2852.0,1.41,36.1,15.040000000000001,7.01,36.0,29.080000000000002,0.0,227.0,1200.0
3242.491,0.0,140.0,88.5,22.26,16.01,168.5,33.2,151.0,28.88,33.02,33.75,94.0,15.65,55.1,100.0,226.5,2846.0,1.44,35.9,15.040000000000001,7.0200000000000005,36.01,29.02,0.0,224.0,1200.0
3302.491,0.0,140.0,90.5,22.330000000000002,16.06,169.5,33.15,151.9,28.88,33.03,33.7,93.0,15.75,55.1,100.0,228.5,2854.0,1.44,35.95,14.94,6.97,36.08,29.0,3.0,224.0,1200.0
3362.491,0.0,140.0,92.5,22.29,16.01,169.5,33.15,151.8,28.91,33.06,33.7,93.0,15.850000000000001,55.0,100.0,227.5,2851.0,1.45,35.85,15.030000000000001,7.01,36.01,28.98,0.0,227.0,1200.0
3422.492,0.0,140.0,90.60000000000001,22.22,15.98,170.5,33.15,150.5,28.98,32.99,33.6,92.0,15.75,54.800000000000004,99.9,228.5,2849.0,1.3900000000000001,36.0,15.02,6.94,36.01,29.12,1.0,224.5,1200.0
3482.492,0.0,140.0,91.7,22.36,16.05,172.5,33.1,151.70000000000002,28.830000000000002,33.06,33.7,92.5,15.8,54.5,100.0,224.0,2847.0,1.49,35.95,14.97,7.0600000000000005,35.97,29.04,1.0,225.0,1200.0
3542.492,0.0,140.0,89.80000000000001,22.25,16.05,170.0,33.2,153.20000000000002,28.96,32.910000000000004,33.7,92.0,15.8,55.1,100.0,226.5,2854.0,1.41,35.9,15.030000000000001,7.01,35.93,29.01,0.0,224.0,1200.0
3602.492,0.0,140.0,90.80000000000001,22.21,16.02,170.0,33.25,151.8,28.95,33.0,33.7,94.0,15.950000000000001,54.6,100.0,224.5,2845.0,1.51,36.050000000000004,14.99,7.01,35.94,29.02,0.0,225.5,1200.0
3662.492,0.0,140.0,90.9,22.22,15.99,169.0,33.0,149.5,28.92,33.1,33.6,91.5,15.8,54.6,100.0,224.5,2853.0,1.34,36.050000000000004,14.98,6.99,36.04,28.900000000000002,3.0,223.0,1200.0
3722.492,0.0,140.0,92.60000000000001,22.27,16.03,167.5,33.2,150.8,28.91,33.04,33.6,92.0,15.850000000000001,54.7,99.4,225.0,2855.0,1.44,36.0,15.0,6.99,36.0,29.02,1.0,224.5,1200.0
3782.492,0.0,140.0,89.80000000000001,22.19,15.950000000000001,171.0,33.15,152.4,28.95,33.03,33.75,92.0,15.65,54.5,99.4,231.0,2857.0,1.44,35.85,14.98,6.95,36.04,28.990000000000002,2.0,230.0,1200.0
3842.492,0.0,140.0,90.0,22.27,16.05,171.5,33.050000000000004,151.5,28.96,33.12,33.75,91.5,15.850000000000001,55.1,99.9,224.0,2853.0,1.54,36.1,15.0,6.98,36.01,29.03,0.0,224.5,1200.0
3902.492,0.0,140.0,90.5,22.28,15.99,170.0,33.15,151.5,28.990000000000002,33.02,33.75,93.0,15.75,55.400000000000006,99.60000000000001,227.0,2856.0,1.51,36.0,14.950000000000001,7.0,36.01,29.03,2.0,231.0,1200.0
3962.492,0.0,140.0,90.30000000000001,22.2,15.98,169.0,33.25,151.8,28.96,33.11,34.0,93.0,15.700000000000001,55.400000000000006,99.30000000000001,227.0,2857.0,1.3,36.0,14.99,6.95,35.94,28.990000000000002,0.0,226.5,1200.0
4022.492,0.0,140.0,88.10000000000001,22.240000000000002,15.99,170.0,33.300000000000004,152.3,29.03,33.1,33.9,92.5,15.75,54.800000000000004,99.60000000000001,228.0,2859.0,1.49,36.050000000000004,15.05,7.0,35.95,29.0,3.0,225.5,1200.0
4082.491,0.0,140.0,90.80000000000001,22.31,16.03,172.0,33.35,151.6,28.990000000000002,33.12,33.95,94.5,15.700000000000001,54.6,99.4,231.0,2864.0,1.3900000000000001,36.050000000000004,14.99,7.01,35.99,29.04,0.0,229.0,1200.0
4142.491,0.0,140.0,91.30000000000001,22.3,15.96,172.0,33.2,150.4,29.07,33.22,33.9,93.5,15.75,55.5,99.9,226.5,2860.0,1.45,36.0,15.0,6.98,36.06,28.990000000000002,1.0,234.0,1200.0
4202.491,0.0,140.0,91.2,22.26,16.1,172.5,33.25,152.5,29.080000000000002,33.17,33.95,91.5,15.8,55.300000000000004,100.0,228.0,2865.0,1.3,36.050000000000004,14.99,7.04,36.0,29.05,2.0,233.5,1200.0
4262.491,0.0,140.0,91.30000000000001,22.31,16.04,170.0,33.25,149.9,29.14,33.2,33.75,95.0,15.75,55.1,100.0,230.0,2862.0,1.47,36.0,15.030000000000001,7.0,35.94,28.95,0.0,224.5,1200.0
4322.491,0.0,140.0,90.7,22.31,16.03,170.5,33.4,149.9,29.12,33.14,33.95,95.5,15.850000000000001,54.2,99.9,227.0,2871.0,1.42,36.0,15.0,6.97,35.980000000000004,28.91,0.0,227.5,1200.0
4382.49,0.0,140.0,90.0,22.32,16.0,172.0,33.2,151.9,29.150000000000002,33.18,33.800000000000004,92.5,15.65,55.1,100.0,230.0,2865.0,1.37,36.050000000000004,14.97,6.95,35.99,28.98,1.0,230.5,1200.0
4442.49,0.0,140.0,90.10000000000001,22.29,16.02,171.5,33.300000000000004,151.8,29.17,33.12,33.9,92.5,15.65,55.300000000000004,100.0,231.5,2869.0,1.44,36.2,15.06,7.0600000000000005,35.93,29.03,2.0,230.0,1200.0
4502.49,0.0,140.0,90.5,22.34,16.09,169.5,33.35,150.6,29.09,33.18,33.85,91.5,15.700000000000001,54.800000000000004,99.4,224.5,2870.0,1.4000000000000001,36.0,15.02,6.98,35.99,28.92,0.0,230.0,1200.0
4562.49,0.0,140.0,91.0,22.34,16.05,170.5,33.25,153.9,29.080000000000002,33.28,33.9,93.0,15.75,54.7,99.4,226.5,2867.0,1.47,36.050000000000004,15.01,6.99,36.08,29.0,0.0,231.5,1200.0
4622.489,0.0,140.0,89.2,22.34,16.04,170.0,33.35,149.4,29.05,33.24,33.800000000000004,94.0,15.700000000000001,55.0,100.0,234.0,2869.0,1.3800000000000001,36.25,15.0,6.97,36.01,29.03,0.0,228.0,1200.0
4682.489,0.0,140.0,91.30000000000001,22.3,15.94,169.5,33.45,152.20000000000002,29.2,33.17,33.85,95.5,15.700000000000001,55.300000000000004,100.0,233.0,2865.0,1.33,36.2,15.040000000000001,7.01,35.94,28.990000000000002,2.0,231.0,1200.0
4742.489,0.0,140.0,90.0,22.36,15.97,169.5,33.45,150.9,29.12,33.25,33.95,91.0,15.700000000000001,54.900000000000006,99.80000000000001,234.0,2865.0,1.57,36.15,14.99,6.99,35.97,28.990000000000002,0.0,231.5,1200.0
4802.488,0.0,140.0,90.30000000000001,22.330000000000002,16.02,172.0,33.45,151.0,29.07,33.230000000000004,33.7,92.5,15.8,55.2,99.60000000000001,228.0,2869.0,1.36,36.25,14.96,7.03,36.01,29.02,1.0,232.0,1200.0
4862.488,0.0,140.0,90.4,22.330000000000002,15.98,171.0,33.35,153.20000000000002,29.02,33.2,34.0,93.0,15.8,55.5,100.0,228.0,2866.0,1.48,36.2,14.97,7.0200000000000005,36.01,29.04,0.0,232.5,1200.0
4922.488,0.0,140.0,91.80000000000001,22.34,16.080000000000002,173.0,33.4,150.70000000000002,29.11,33.09,33.95,91.0,15.8,55.0,100.0,233.0,2873.0,1.42,36.1,14.97,6.92,35.980000000000004,29.01,3.0,227.0,1200.0
4982.487,0.0,140.0,90.0,22.38,16.0,172.5,33.4,151.3,29.150000000000002,33.3,33.85,94.0,15.700000000000001,55.1,99.80000000000001,232.0,2873.0,1.3900000000000001,36.2,15.05,6.96,36.02,28.97,0.0,232.5,1200.0
5042.487,0.0,140.0,90.30000000000001,22.38,16.02,171.5,33.4,152.5,29.17,33.27,33.800000000000004,92.5,15.700000000000001,54.800000000000004,99.7,229.0,2867.0,1.45,36.300000000000004,15.040000000000001,7.01,36.04,28.98,3.0,232.0,1200.0
5102.487,0.0,140.0,92.80000000000001,22.34,15.97,173.5,33.45,151.5,29.22,33.34,33.95,91.0,15.700000000000001,55.0,99.7,232.5,2869.0,1.61,36.050000000000004,14.97,6.96,35.99,28.94,0.0,230.5,1200.0
5162.486,0.0,140.0,90.80000000000001,22.34,16.03,170.5,33.300000000000004,151.6,29.23,33.31,34.0,93.0,15.700000000000001,55.400000000000006,100.0,232.0,2871.0,1.3900000000000001,36.25,15.06,7.03,36.04,28.97,2.0,231.0,1200.0
5222.486,0.0,140.0,93.0,22.37,16.04,171.0,33.45,151.6,29.14,33.29,34.0,94.0,15.700000000000001,55.0,100.0,230.5,2877.0,1.42,36.4,14.96,7.05,35.96,29.0,3.0,235.5,1200.0
5282.485,0.0,140.0,93.10000000000001,22.32,16.03,171.0,33.45,153.4,29.16,33.35,34.0,92.5,15.75,54.2,99.4,235.5,2871.0,1.35,36.25,14.98,7.01,35.94,29.05,2.0,233.0,1200.0
5342.485,0.0,140.0,91.2,22.26,16.0,171.5,33.550000000000004,152.4,29.23,33.3,34.0,92.5,15.700000000000001,54.7,99.9,226.5,2879.0,1.1500000000000001,36.15,15.07,6.98,36.02,28.96,1.0,231.5,1200.0
5402.485,0.0,140.0,90.5,22.21,15.96,171.0,33.5,150.0,29.39,33.35,34.1,94.5,15.850000000000001,54.900000000000006,100.0,230.5,2874.0,1.46,36.300000000000004,15.06,6.93,36.02,29.05,2.0,229.5,1200.0
5462.484,0.0,140.0,90.2,22.29,16.04,171.5,33.6,152.9,29.150000000000002,33.29,33.95,91.0,15.700000000000001,54.6,100.0,231.5,2876.0,1.57,36.35,15.0,7.0,36.03,29.01,0.0,231.0,1200.0
5522.484,0.0,140.0,90.10000000000001,22.3,16.01,171.5,33.4,151.20000000000002,29.19,33.39,33.95,93.5,15.75,54.7,100.0,230.0,2871.0,1.47,36.35,15.02,7.0200000000000005,36.01,29.04,0.0,229.5,1200.0
5582.483,0.0,140.0,90.9,22.34,15.97,171.5,33.35,152.4,29.13,33.39,33.9,93.0,15.65,54.900000000000006,99.4,238.0,2878.0,1.31,36.4,15.02,6.95,36.04,29.080000000000002,2.0,235.5,1200.0
5642.483,0.0,140.0,89.7,22.28,16.01,173.5,33.45,151.1,29.17,33.36,34.0,92.5,15.65,55.1,99.5,234.0,2877.0,1.23,36.2,15.0,6.96,35.95,29.02,0.0,236.0,1200.0
5702.483,0.0,140.0,90.9,22.27,16.01,171.5,33.4,152.3,29.3,33.35,34.1,91.5,15.8,54.400000000000006,99.5,233.5,2872.0,1.46,36.35,15.06,7.01,35.95,28.990000000000002,0.0,229.0,1200.0
5762.482,0.0,140.0,90.7,22.3,15.99,172.5,33.45,149.8,29.26,33.3,34.0,92.5,15.8,54.800000000000004,99.7,231.5,2876.0,1.3,36.4,14.97,7.08,35.92,28.990000000000002,2.0,231.0,1200.0
5822.482,0.0,140.0,89.9,22.29,15.98,171.0,33.5,152.1,29.27,33.42,33.85,93.0,15.8,55.0,100.0,230.0,2873.0,1.35,36.300000000000004,14.94,6.9,35.980000000000004,29.11,0.0,234.0,1200.0
5882.481,0.0,140.0,91.0,22.25,15.94,172.0,33.35,151.5,29.3,33.46,34.050000000000004,92.0,15.700000000000001,54.800000000000004,100.0,236.5,2891.0,1.32,36.300000000000004,15.05,7.0,36.050000000000004,28.97,1.0,234.0,1200.0
5942.481,0.0,140.0,90.5,22.29,16.02,172.5,33.6,151.3,29.28,33.31,34.0,93.5,15.65,54.6,99.9,228.5,2882.0,1.34,36.25,15.02,7.03,35.97,29.0,0.0,232.0,1200.0
6002.48,0.0,140.0,91.0,22.29,16.01,171.0,33.35,151.6,29.19,33.36,34.0,92.0,15.850000000000001,54.6,99.80000000000001,235.5,2879.0,1.41,36.25,14.94,7.0200000000000005,35.97,29.02,0.0,231.5,1200.0
6062.48,0.0,140.0,91.0,22.34,16.01,175.0,33.6,151.20000000000002,29.19,33.4,34.1,91.0,15.8,55.1,99.9,232.0,2876.0,1.26,36.6,14.98,7.09,35.97,28.95,0.0,234.5,1200.0
6122.479,0.0,140.0,92.60000000000001,22.29,15.98,172.0,33.45,151.70000000000002,29.310000000000002,33.29,34.1,93.5,15.75,54.1,99.9,231.5,2882.0,1.41,36.300000000000004,14.98,7.0,36.06,28.93,0.0,235.0,1200.0
6182.479,0.0,140.0,90.2,22.35,15.99,171.5,33.550000000000004,150.5,29.2,33.43,34.25,93.0,15.75,54.2,99.9,231.5,2882.0,1.42,36.45,15.040000000000001,7.0,35.97,28.97,2.0,229.5,1200.0
6242.479,0.0,140.0,90.9,22.36,16.0,174.0,33.550000000000004,152.0,29.29,33.410000000000004,34.050000000000004,92.0,15.75,54.7,100.0,228.5,2880.0,1.44,36.300000000000004,14.950000000000001,7.0600000000000005,36.02,28.830000000000002,0.0,233.5,1200.0
6302.478,0.0,140.0,91.4,22.31,16.07,171.5,33.550000000000004,151.0,29.25,33.49,34.15,92.0,15.75,54.800000000000004,100.0,239.0,2881.0,1.42,36.300000000000004,15.01,7.03,36.02,28.94,1.0,237.0,1200.0
6362.478,0.0,140.0,91.9,22.31,15.91,172.5,33.7,151.70000000000002,29.330000000000002,33.480000000000004,34.15,94.0,15.8,54.800000000000004,99.9,235.0,2888.0,1.48,36.4,15.07,6.95,36.03,29.11,0.0,229.5,1200.0
6422.477,0.0,140.0,91.10000000000001,22.22,15.98,172.0,33.6,152.3,29.37,33.47,34.2,93.5,15.75,54.7,99.80000000000001,233.5,2888.0,1.44,36.5,14.98,6.96,35.97,28.95,0.0,235.5,1200.0
6482.477,0.0,140.0,90.7,22.31,16.05,174.0,33.6,152.70000000000002,29.35,33.52,34.25,92.0,15.5,54.6,100.0,234.5,2890.0,1.52,36.5,15.05,7.04,35.97,29.03,3.0,234.0,1200.0
6542.476,0.0,140.0,89.4,22.26,16.07,175.5,33.550000000000004,150.4,29.36,33.53,34.25,94.5,15.8,54.800000000000004,100.0,232.0,2885.0,1.46,36.35,14.98,7.08,35.96,28.92,0.0,233.5,1200.0
6602.476,0.0,140.0,92.60000000000001,22.35,15.98,171.5,33.65,150.8,29.5,33.49,34.1,93.5,15.700000000000001,54.5,100.0,234.5,2888.0,1.47,36.6,15.0,6.99,35.89,28.97,2.0,232.0,1200.0
6662.475,0.0,140.0,90.30000000000001,22.240000000000002,15.950000000000001,173.5,33.6,149.8,29.39,33.5,34.2,93.0,15.700000000000001,54.2,99.30000000000001,232.0,2891.0,1.54,36.6,15.0,6.96,36.0,28.96,0.0,233.0,1200.0
6722.475,0.0,140.0,91.30000000000001,22.29,15.98,172.5,33.7,152.5,29.330000000000002,33.55,34.15,94.0,15.700000000000001,55.1,100.0,232.0,2891.0,1.44,36.35,15.08,7.05,36.03,29.01,2.0,235.5,1200.0
6782.474,0.0,140.0,90.10000000000001,22.26,15.94,172.0,33.550000000000004,149.20000000000002,29.38,33.480000000000004,34.2,92.5,15.55,54.1,100.0,235.0,2892.0,1.16,36.550000000000004,15.0,7.01,36.050000000000004,28.98,0.0,228.5,1200.0
6842.474,0.0,140.0,90.2,22.27,16.0,173.0,33.65,151.1,29.32,33.47,34.050000000000004,92.5,15.9,54.7,99.9,236.0,2885.0,1.31,36.5,15.02,7.01,36.0,28.990000000000002,0.0,235.0,1200.0
6902.473,0.0,140.0,90.30000000000001,22.35,15.99,172.0,33.45,152.3,29.3,33.45,34.050000000000004,94.0,15.850000000000001,55.2,99.80000000000001,238.0,2884.0,1.32,36.35,15.01,7.01,35.89,29.04,1.0,232.0,1200.0
6962.473,0.0,140.0,92.0,22.3,15.94,173.0,33.550000000000004,151.6,29.45,33.480000000000004,34.15,92.0,15.8,54.7,100.0,235.5,2883.0,1.53,36.550000000000004,15.0,7.03,35.99,28.95,2.0,237.5,1200.0
7022.472,0.0,140.0,91.60000000000001,22.29,16.0,170.5,33.65,151.6,29.37,33.44,34.050000000000004,91.0,15.9,54.1,100.0,235.0,2888.0,1.37,36.45,15.05,6.95,35.99,28.990000000000002,0.0,234.0,1200.0
7082.472,0.0,140.0,92.5,22.27,15.93,173.5,33.65,152.5,29.36,33.39,34.25,94.5,15.700000000000001,54.1,99.9,235.0,2883.0,1.35,36.65,14.98,7.0600000000000005,36.08,29.04,0.0,234.5,1200.0
7142.472,0.0,140.0,91.5,22.31,16.01,173.0,33.65,151.20000000000002,29.330000000000002,33.53,34.25,93.0,15.700000000000001,55.1,100.0,233.0,2893.0,1.31,36.5,14.98,6.97,36.04,29.02,2.0,234.0,1200.0
7202.471,0.0,140.0,91.0,22.3,16.0,173.0,33.6,151.0,29.27,33.46,34.050000000000004,92.0,15.700000000000001,54.900000000000006,99.80000000000001,233.5,2884.0,1.3900000000000001,36.6,15.030000000000001,7.05,35.95,28.98,2.0,233.0,1200.0
7262.471,0.0,140.0,90.4,22.31,15.99,172.5,33.550000000000004,150.20000000000002,29.330000000000002,33.39,34.1,92.5,15.600000000000001,54.6,99.80000000000001,233.0,2883.0,1.33,36.7,15.0,6.98,35.980000000000004,29.02,2.0,231.0,1200.0
7322.47,0.0,140.0,90.10000000000001,22.29,16.01,170.5,33.7,151.3,29.35,33.45,34.15,92.0,15.75,54.6,100.0,230.5,2890.0,1.37,36.65,15.030000000000001,7.01,36.06,29.07,1.0,231.0,1200.0
7382.47,0.0,140.0,90.5,22.32,16.02,171.5,33.6,151.70000000000002,29.35,33.55,34.2,94.0,15.75,54.400000000000006,100.0,237.5,2888.0,1.35,36.550000000000004,14.96,7.0,36.0,28.95,2.0,230.5,1200.0
7442.469,0.0,140.0,91.5,22.240000000000002,15.94,172.5,33.550000000000004,151.1,29.27,33.46,34.25,93.5,15.75,54.800000000000004,100.0,232.0,2883.0,1.5,36.5,15.040000000000001,6.94,36.0,29.05,0.0,239.0,1200.0
7502.469,0.0,140.0,90.9,22.36,15.99,171.5,33.6,151.9,29.42,33.43,34.15,92.5,15.850000000000001,54.6,100.0,237.0,2887.0,1.32,36.5,15.040000000000001,7.0,35.99,28.990000000000002,0.0,238.0,1200.0
7562.468,0.0,140.0,90.5,22.29,15.94,172.5,33.4,151.70000000000002,29.3,33.47,34.25,92.5,15.65,55.300000000000004,99.80000000000001,234.0,2888.0,1.46,36.45,14.97,6.99,36.02,29.03,0.0,234.5,1200.0
7622.468,0.0,140.0,90.7,22.37,15.98,174.0,33.85,152.20000000000002,29.36,33.45,34.25,92.5,15.700000000000001,55.0,100.0,231.0,2888.0,1.31,36.5,15.0,7.03,36.01,28.96,0.0,236.5,1200.0
7682.467,0.0,140.0,91.0,22.29,16.02,169.5,33.5,151.70000000000002,29.32,33.45,34.0,94.0,15.700000000000001,54.7,100.0,237.0,2879.0,1.33,36.4,15.05,7.0,35.97,29.03,0.0,234.0,1200.0
7742.467,0.0,140.0,89.30000000000001,22.36,16.0,169.5,33.5,150.1,29.36,33.46,34.25,95.5,15.75,54.7,99.5,235.0,2882.0,1.4000000000000001,36.35,14.97,6.97,35.97,28.96,2.0,229.5,1200.0
7802.466,0.0,140.0,91.7,22.25,16.01,171.5,33.7,151.6,29.35,33.410000000000004,34.050000000000004,92.0,15.600000000000001,54.900000000000006,99.30000000000001,231.0,2882.0,1.36,36.5,15.030000000000001,7.01,36.09,28.97,0.0,233.5,1200.0
7862.466,0.0,140.0,91.10000000000001,22.330000000000002,16.04,172.5,33.5,151.4,29.34,33.43,34.050000000000004,94.0,15.9,54.900000000000006,100.0,234.5,2882.0,1.48,36.35,14.950000000000001,7.01,36.08,29.04,0.0,234.5,1200.0
7922.465,0.0,140.0,90.80000000000001,22.28,16.02,172.5,33.45,151.0,29.38,33.43,34.050000000000004,92.0,15.8,55.0,100.0,233.5,2881.0,1.17,36.35,15.0,7.07,36.01,28.98,0.0,234.0,1200.0
7982.465,0.0,140.0,90.7,22.28,16.05,173.0,33.550000000000004,151.20000000000002,29.330000000000002,33.49,34.050000000000004,92.5,15.700000000000001,54.5,100.0,238.5,2881.0,1.3900000000000001,36.5,14.99,7.01,36.0,29.02,0.0,231.5,1200.0
8042.464,0.0,140.0,91.30000000000001,22.41,15.98,170.0,33.45,151.4,29.22,33.39,34.1,91.0,15.700000000000001,55.5,100.0,237.0,2883.0,1.32,36.35,14.98,6.99,36.04,29.02,0.0,234.5,1200.0
8102.464,0.0,140.0,90.60000000000001,22.39,15.98,171.5,33.6,151.70000000000002,29.3,33.46,34.0,94.5,15.9,55.400000000000006,99.9,233.5,2878.0,1.4000000000000001,36.35,15.01,7.05,36.12,29.080000000000002,0.0,234.5,1200.0
8162.463,0.0,140.0,90.10000000000001,22.35,16.09,172.0,33.4,151.70000000000002,29.26,33.38,34.1,93.5,15.75,55.0,100.0,232.5,2883.0,1.3900000000000001,36.4,14.98,6.98,36.06,29.04,1.0,235.5,1200.0
8222.463,0.0,140.0,89.9,22.42,16.03,171.0,33.550000000000004,151.4,29.28,33.410000000000004,34.050000000000004,94.5,15.700000000000001,55.5,99.9,235.5,2888.0,1.41,36.45,15.030000000000001,7.1000000000000005,35.96,29.02,0.0,235.5,1200.0
8282.463,0.0,140.0,92.80000000000001,22.43,15.98,172.5,33.75,151.5,29.32,33.480000000000004,34.1,94.5,15.700000000000001,55.900000000000006,99.9,237.5,2890.0,1.35,36.6,14.96,6.95,36.06,28.94,0.0,232.5,1200.0
8342.462,0.0,140.0,90.10000000000001,22.46,16.1,169.5,33.7,151.70000000000002,29.19,33.46,34.2,94.0,15.700000000000001,55.1,100.0,233.5,2889.0,1.31,36.550000000000004,15.08,6.95,36.04,29.11,0.0,234.5,1200.0
8402.462,0.0,140.0,90.9,22.51,16.04,173.0,33.5,151.1,29.21,33.43,34.0,93.0,15.8,55.400000000000006,100.0,236.5,2889.0,1.53,36.5,14.99,7.01,36.02,28.95,0.0,236.5,1200.0
8462.461,0.0,140.0,90.30000000000001,22.580000000000002,16.06,172.0,33.550000000000004,152.8,29.22,33.480000000000004,34.050000000000004,92.5,15.8,55.900000000000006,99.80000000000001,236.0,2894.0,1.43,36.7,15.030000000000001,7.01,35.95,29.03,0.0,237.5,1200.0
8522.461,0.0,140.0,91.7,22.490000000000002,16.12,171.0,33.75,151.5,29.22,33.49,34.0,91.5,15.65,56.5,99.4,239.0,2891.0,1.27,36.5,14.99,7.04,36.06,28.92,0.0,235.5,1200.0
8582.46,0.0,140.0,91.2,22.63,16.04,173.0,33.5,151.1,29.26,33.53,34.1,93.5,15.75,56.400000000000006,99.7,242.5,2895.0,1.31,36.550000000000004,14.98,6.99,36.03,28.98,0.0,234.0,1200.0
8642.46,0.0,140.0,90.2,22.56,16.05,173.0,33.75,151.70000000000002,29.240000000000002,33.51,34.0,92.5,15.75,55.800000000000004,99.7,237.5,2896.0,1.32,36.75,15.05,7.0,36.04,28.990000000000002,0.0,239.5,1200.0
8702.459,0.0,140.0,91.7,22.650000000000002,16.080000000000002,175.5,33.550000000000004,151.70000000000002,29.310000000000002,33.47,34.1,95.0,15.8,56.0,99.7,237.5,2904.0,1.4000000000000001,36.65,14.97,7.0200000000000005,35.99,28.990000000000002,1.0,242.5,1200.0
8762.459,0.0,140.0,88.80000000000001,22.61,16.11,172.0,33.65,152.9,29.34,33.51,34.15,93.0,15.65,56.400000000000006,100.0,241.5,2903.0,1.4000000000000001,36.800000000000004,15.05,6.99,36.050000000000004,29.01,4.0,241.5,1200.0
8822.458,0.0,140.0,91.9,22.650000000000002,16.07,173.0,33.6,151.5,29.2,33.63,34.0,92.5,15.700000000000001,56.7,100.0,240.5,2899.0,1.52,36.75,15.07,7.0200000000000005,35.97,29.02,1.0,240.0,1200.0
8882.458,0.0,140.0,91.60000000000001,22.63,16.06,172.5,33.6,152.20000000000002,29.23,33.59,34.15,93.5,15.850000000000001,56.7,100.0,240.5,2902.0,1.3800000000000001,36.65,15.0,7.0200000000000005,35.99,28.95,0.0,241.5,1200.0
8942.457,0.0,140.0,88.7,22.68,16.09,174.5,33.75,151.9,29.25,33.62,34.15,93.0,15.8,56.900000000000006,99.60000000000001,245.5,2905.0,1.46,36.75,14.870000000000001,6.96,36.02,29.060000000000002,0.0,244.5,1200.0
9002.457,0.0,140.0,90.2,22.71,16.01,173.0,33.800000000000004,150.8,29.3,33.52,34.15,90.5,15.8,57.1,100.0,242.5,2913.0,1.47,36.9,14.92,6.98,36.07,29.07,0.0,243.0,1200.0
9062.457,0.0,140.0,91.0,22.72,16.02,172.5,33.7,151.70000000000002,29.16,33.59,34.2,91.0,15.65,57.5,99.9,242.5,2912.0,1.43,36.9,15.0,7.05,36.02,29.07,0.0,235.5,1200.0
9122.456,0.0,140.0,91.7,22.650000000000002,15.99,173.5,33.6,149.4,29.19,33.54,34.15,90.5,15.75,57.5,100.0,244.5,2915.0,1.41,36.9,14.97,6.97,36.02,28.88,0.0,244.0,1200.0
9182.456,0.0,140.0,92.30000000000001,22.78,16.03,174.5,33.6,152.4,29.19,33.59,33.95,93.0,15.700000000000001,57.1,99.9,241.5,2911.0,1.56,36.85,15.02,6.98,36.01,28.89,1.0,242.5,1200.0
9242.455,0.0,140.0,91.2,22.72,16.01,173.0,33.7,150.6,29.16,33.56,34.1,93.0,15.600000000000001,57.6,100.0,246.0,2919.0,1.26,37.0,15.05,6.98,36.02,28.97,3.0,243.5,1200.0
9302.455,0.0,140.0,90.0,22.73,16.01,172.5,33.5,150.3,29.18,33.53,34.2,89.5,15.65,57.1,99.7,242.5,2912.0,1.43,37.0,14.96,7.0200000000000005,35.99,29.03,0.0,246.0,1200.0
9362.454,0.0,140.0,90.7,22.75,15.97,173.0,33.7,151.4,29.22,33.54,34.050000000000004,93.0,15.8,57.1,100.0,244.0,2922.0,1.41,37.050000000000004,14.92,7.04,35.96,29.05,0.0,242.0,1200.0
9422.454,0.0,140.0,91.4,22.69,16.01,173.0,33.75,151.4,29.26,33.55,34.050000000000004,92.0,15.65,56.800000000000004,100.0,246.5,2916.0,1.48,37.1,14.97,7.01,36.03,28.990000000000002,0.0,241.0,1200.0
9482.453,0.0,140.0,89.60000000000001,22.71,16.02,173.0,33.65,152.6,29.28,33.61,34.15,94.5,15.75,57.0,99.9,247.5,2911.0,1.22,37.0,15.01,7.03,36.04,28.98,1.0,245.5,1200.0
9542.453,0.0,140.0,89.4,22.68,15.950000000000001,172.5,33.800000000000004,151.70000000000002,29.21,33.52,34.050000000000004,91.5,15.600000000000001,57.300000000000004,99.60000000000001,245.0,2912.0,1.51,37.0,15.0,7.0200000000000005,36.0,28.96,0.0,245.5,1200.0
9602.452,0.0,140.0,89.5,22.7,16.0,174.0,33.65,150.4,29.240000000000002,33.56,34.2,91.5,15.8,57.400000000000006,100.0,243.0,2915.0,1.33,37.050000000000004,14.97,7.0,35.980000000000004,28.98,4.0,238.0,1200.0
9662.452,0.0,140.0,90.5,22.67,16.0,173.0,33.75,151.9,29.18,33.57,34.1,94.5,15.700000000000001,57.1,100.0,246.0,2914.0,1.55,36.95,15.030000000000001,6.97,36.06,28.95,0.0,241.5,1200.0
9722.452,0.0,140.0,90.9,22.69,15.97,171.0,33.65,152.0,29.22,33.55,34.050000000000004,93.0,15.75,56.900000000000006,99.80000000000001,244.0,2916.0,1.49,37.1,14.950000000000001,6.98,36.01,28.96,0.0,242.5,1200.0
9782.451,0.0,140.0,90.4,22.71,15.97,171.5,33.7,151.4,29.12,33.52,34.15,92.5,15.65,57.0,100.0,244.5,2913.0,1.55,37.300000000000004,15.09,6.99,35.95,28.97,0.0,240.0,1200.0
9842.451,0.0,140.0,90.9,22.66,15.99,173.0,33.550000000000004,152.3,29.1,33.49,34.0,91.5,15.700000000000001,56.900000000000006,100.0,241.5,2914.0,1.47,37.2,15.030000000000001,7.05,35.97,29.0,0.0,244.0,1200.0
9902.45,0.0,140.0,89.9,22.67,16.0,172.0,33.45,151.5,29.12,33.49,34.1,92.5,15.850000000000001,57.300000000000004,100.0,245.5,2904.0,1.4000000000000001,36.9,15.030000000000001,7.03,36.07,29.01,2.0,242.5,1200.0
9962.45,0.0,140.0,90.0,22.66,16.0,173.5,33.5,150.3,29.05,33.52,34.050000000000004,94.0,15.65,57.400000000000006,99.80000000000001,246.0,2905.0,1.34,37.1,15.0,7.04,36.0,29.0,0.0,241.5,1200.0
10022.449,0.0,140.0,90.80000000000001,22.650000000000002,15.94,173.0,33.7,152.5,29.09,33.44,33.95,93.0,15.75,57.0,99.9,245.0,2905.0,1.3,37.050000000000004,14.950000000000001,7.04,36.07,28.95,0.0,238.5,1200.0
10082.449,0.0,140.0,90.5,22.67,15.950000000000001,175.0,33.45,152.70000000000002,29.16,33.410000000000004,34.0,91.5,15.75,57.5,100.0,244.0,2905.0,1.34,36.800000000000004,14.97,7.05,35.99,28.900000000000002,0.0,246.0,1200.0
10142.449,0.0,140.0,90.60000000000001,22.61,15.99,175.0,33.550000000000004,152.4,29.14,33.43,34.1,92.0,15.75,57.5,99.7,242.5,2900.0,1.3900000000000001,36.95,14.97,7.01,36.03,29.01,0.0,237.5,1200.0
10202.448,0.0,140.0,90.10000000000001,22.67,16.05,171.5,33.6,151.0,29.07,33.38,33.9,93.5,15.700000000000001,57.0,99.7,241.5,2904.0,1.43,36.95,14.99,6.95,35.94,29.07,1.0,248.0,1200.0
10262.448,0.0,140.0,90.4,22.66,16.04,171.0,33.5,151.1,29.04,33.38,33.85,91.5,15.600000000000001,57.2,99.80000000000001,247.0,2896.0,1.49,37.050000000000004,15.05,6.96,35.94,28.89,0.0,241.5,1200.0
10322.447,0.0,140.0,91.30000000000001,22.62,16.06,172.0,33.6,152.6,29.080000000000002,33.42,33.85,93.5,15.75,57.300000000000004,99.9,240.0,2900.0,1.3800000000000001,36.85,14.97,7.03,36.04,29.14,1.0,243.5,1200.0
10382.447,0.0,140.0,91.2,22.62,16.05,174.5,33.45,151.8,29.03,33.37,33.85,93.5,15.8,57.1,100.0,245.0,2899.0,1.25,36.85,14.98,7.08,36.03,28.990000000000002,1.0,245.0,1200.0
10442.446,0.0,140.0,92.10000000000001,22.580000000000002,15.97,171.0,33.45,153.0,28.97,33.38,34.0,89.5,15.65,57.1,100.0,243.5,2901.0,1.46,36.85,15.05,7.0,35.910000000000004,29.03,1.0,240.0,1200.0
10502.446,0.0,140.0,89.9,22.56,15.99,172.0,33.5,151.6,29.1,33.39,33.85,92.0,15.8,56.6,100.0,241.5,2898.0,1.5,36.7,15.05,7.01,36.050000000000004,28.98,1.0,241.5,1200.0
10562.446,0.0,140.0,91.2,22.650000000000002,15.94,173.0,33.4,151.0,29.07,33.4,33.800000000000004,93.0,15.75,57.300000000000004,99.9,241.5,2894.0,1.44,36.7,14.98,7.03,35.95,28.990000000000002,0.0,242.0,1200.0
10622.445,0.0,140.0,91.9,22.63,16.02,173.0,33.5,151.9,29.080000000000002,33.35,33.7,91.5,15.65,57.7,100.0,241.5,2900.0,1.24,36.65,14.99,6.95,36.03,29.060000000000002,0.0,245.0,1200.0
10682.445,0.0,140.0,91.60000000000001,22.66,15.99,173.0,33.45,151.0,29.0,33.28,33.85,91.0,15.75,57.300000000000004,99.80000000000001,240.5,2900.0,1.53,36.85,14.98,7.0200000000000005,36.0,28.97,1.0,241.5,1200.0
10742.444,0.0,140.0,89.4,22.66,15.99,172.5,33.4,151.5,29.0,33.34,33.9,94.0,15.8,57.400000000000006,99.7,240.5,2899.0,1.52,36.800000000000004,14.96,6.99,36.04,29.11,0.0,240.5,1200.0
10802.444,0.0,140.0,90.7,22.66,16.04,174.5,33.5,149.6,29.05,33.29,33.9,93.0,15.8,57.6,100.0,238.5,2898.0,1.31,36.7,14.97,6.92,35.95,29.04,2.0,239.0,1200.0
10862.443,0.0,140.0,91.5,22.68,15.950000000000001,171.5,33.35,151.9,29.04,33.33,33.800000000000004,92.0,15.700000000000001,57.300000000000004,99.80000000000001,239.5,2898.0,1.29,36.800000000000004,15.08,7.0600000000000005,36.09,29.02,0.0,240.0,1200.0
10922.443,0.0,140.0,90.60000000000001,22.61,15.94,171.0,33.6,151.6,29.05,33.31,33.75,96.5,15.600000000000001,57.300000000000004,100.0,244.0,2894.0,1.32,36.6,15.0,7.0200000000000005,35.93,28.95,0.0,242.0,1200.0
10982.443,0.0,140.0,90.7,22.580000000000002,16.02,174.0,33.65,150.6,29.05,33.4,33.800000000000004,92.5,15.8,56.6,99.30000000000001,242.5,2896.0,1.3800000000000001,36.75,14.950000000000001,7.05,36.01,28.95,0.0,243.5,1200.0
11042.442,0.0,140.0,90.0,22.57,16.07,173.5,33.45,151.8,29.04,33.36,33.9,92.5,15.8,56.800000000000004,99.80000000000001,239.0,2899.0,1.45,36.95,14.950000000000001,6.95,35.99,29.060000000000002,1.0,244.0,1200.0
11102.442,0.0,140.0,92.30000000000001,22.61,15.92,173.5,33.5,150.8,29.03,33.32,33.9,94.0,15.700000000000001,57.400000000000006,100.0,238.5,2899.0,1.43,36.9,15.0,7.04,35.88,29.0,3.0,238.0,1200.0
11162.441,0.0,140.0,91.9,22.67,16.03,170.5,33.5,152.4,29.03,33.410000000000004,33.95,91.5,15.8,57.0,100.0,241.5,2896.0,1.48,36.75,15.01,6.91,35.96,29.060000000000002,0.0,240.0,1200.0
11222.441,0.0,140.0,91.60000000000001,22.72,16.03,173.5,33.550000000000004,150.70000000000002,29.150000000000002,33.36,34.050000000000004,94.5,15.8,56.6,99.60000000000001,246.5,2901.0,1.31,36.75,14.99,6.97,35.99,28.96,0.0,240.5,1200.0
11282.44,0.0,140.0,90.2,22.63,15.97,172.0,33.6,152.4,29.1,33.39,33.85,91.5,15.700000000000001,57.2,99.7,241.5,2909.0,1.54,36.85,15.01,7.0200000000000005,35.96,28.95,0.0,242.0,1200.0
11342.44,0.0,140.0,93.2,22.580000000000002,16.02,171.0,33.6,151.20000000000002,29.11,33.49,33.9,93.0,15.65,57.400000000000006,100.0,242.0,2901.0,1.34,36.85,15.07,7.04,36.02,28.900000000000002,0.0,242.0,1200.0
11402.44,0.0,140.0,92.30000000000001,22.66,16.01,173.5,33.5,152.70000000000002,29.16,33.42,34.0,93.5,15.700000000000001,57.300000000000004,100.0,241.0,2905.0,1.3900000000000001,36.85,14.96,7.0600000000000005,36.01,28.990000000000002,3.0,245.0,1200.0
11462.439,0.0,140.0,92.10000000000001,22.64,15.9,172.0,33.550000000000004,151.9,29.060000000000002,33.39,34.0,90.5,15.65,56.7,100.0,241.5,2912.0,1.33,36.95,15.05,6.99,35.96,29.07,0.0,244.5,1200.0
11522.439,0.0,140.0,90.4,22.64,16.07,173.0,33.550000000000004,151.70000000000002,29.14,33.42,33.95,92.0,15.700000000000001,57.0,99.7,239.5,2904.0,1.33,36.65,14.99,7.01,36.01,28.97,0.0,239.5,1200.0
11582.438,0.0,140.0,91.10000000000001,22.67,16.0,172.0,33.550000000000004,151.4,29.240000000000002,33.39,34.1,92.5,15.75,57.0,100.0,243.0,2906.0,1.32,36.800000000000004,15.05,7.01,36.01,28.96,2.0,240.5,1200.0
11642.438,0.0,140.0,91.30000000000001,22.57,16.03,171.0,33.550000000000004,152.3,29.11,33.47,34.1,92.5,15.8,56.7,100.0,239.5,2907.0,1.3,36.95,14.98,7.0600000000000005,35.95,29.07,0.0,242.0,1200.0
11702.438,0.0,140.0,91.4,22.69,15.97,172.0,33.65,149.4,29.080000000000002,33.47,33.95,92.5,15.65,56.7,99.80000000000001,243.0,2909.0,1.37,36.9,14.99,7.01,35.910000000000004,28.95,1.0,240.5,1200.0
11762.437,0.0,140.0,92.2,22.64,15.950000000000001,173.5,33.7,151.20000000000002,29.21,33.480000000000004,34.050000000000004,92.0,15.65,57.400000000000006,99.9,247.5,2904.0,1.41,36.9,15.01,6.99,35.94,29.0,0.0,242.5,1200.0
11822.437,0.0,140.0,90.30000000000001,22.61,15.98,172.5,33.65,150.70000000000002,29.13,33.410000000000004,34.050000000000004,93.0,15.700000000000001,56.900000000000006,99.9,241.0,2903.0,1.41,36.800000000000004,14.98,7.05,35.95,29.07,0.0,241.0,1200.0
11882.436,0.0,140.0,91.5,22.67,15.99,173.5,33.6,152.0,29.18,33.44,33.9,93.5,15.700000000000001,56.7,99.7,241.0,2902.0,1.54,37.0,15.040000000000001,7.03,35.99,28.96,0.0,243.5,1200.0
11942.436,0.0,140.0,90.7,22.59,16.03,173.5,33.550000000000004,151.5,29.11,33.4,33.85,93.0,15.700000000000001,57.6,99.60000000000001,244.0,2907.0,1.35,36.800000000000004,14.98,7.03,36.02,28.95,0.0,239.5,1200.0
12002.436,0.0,140.0,91.9,22.68,16.03,172.5,33.65,151.3,29.11,33.43,34.0,94.0,15.8,57.400000000000006,100.0,242.0,2906.0,1.6400000000000001,36.85,14.98,6.99,36.06,28.98,0.0,245.5,1200.0
12062.435,0.0,140.0,90.80000000000001,22.69,16.02,171.0,33.6,151.4,29.16,33.49,33.95,93.5,15.850000000000001,57.300000000000004,99.80000000000001,243.0,2906.0,1.27,36.95,15.01,7.0200000000000005,35.95,28.900000000000002,1.0,241.5,1200.0
12122.435,0.0,140.0,92.10000000000001,22.63,16.0,172.5,33.75,152.4,29.16,33.51,34.0,94.0,15.8,57.400000000000006,99.7,241.5,2906.0,1.33,36.9,15.0,7.01,35.980000000000004,29.060000000000002,1.0,245.5,1200.0
12182.434,0.0,140.0,90.10000000000001,22.72,16.06,170.5,33.550000000000004,153.20000000000002,29.11,33.46,33.85,92.0,15.700000000000001,57.0,99.60000000000001,240.5,2904.0,1.53,36.95,14.99,7.0,35.99,29.01,0.0,241.5,1200.0
12242.434,0.0,140.0,90.80000000000001,22.650000000000002,16.02,173.5,33.550000000000004,151.70000000000002,29.23,33.53,34.0,92.0,15.75,57.300000000000004,100.0,241.0,2908.0,1.44,36.7,14.950000000000001,6.93,35.93,28.990000000000002,0.0,240.5,1200.0
12302.434,0.0,140.0,91.2,22.580000000000002,15.94,174.0,33.75,151.9,29.17,33.4,33.95,91.5,15.700000000000001,57.800000000000004,100.0,245.5,2908.0,1.3800000000000001,37.050000000000004,15.030000000000001,6.93,36.04,29.07,1.0,243.0,1200.0
12362.433,0.0,140.0,92.30000000000001,22.66,15.98,173.5,33.6,150.3,29.19,33.53,34.0,92.5,15.75,57.400000000000006,99.80000000000001,238.5,2913.0,1.47,36.9,15.01,6.99,35.980000000000004,28.990000000000002,0.0,244.5,1200.0
12422.433,0.0,140.0,91.30000000000001,22.62,15.99,173.0,33.65,151.3,29.150000000000002,33.49,34.050000000000004,91.0,15.75,57.2,100.0,242.5,2908.0,1.3800000000000001,37.1,15.01,6.96,35.92,29.060000000000002,0.0,246.5,1200.0
12482.433,0.0,140.0,90.4,22.69,16.15,170.0,33.85,152.9,29.2,33.57,34.050000000000004,93.0,15.8,57.300000000000004,100.0,245.0,2908.0,1.42,37.050000000000004,14.98,6.98,36.01,28.96,2.0,246.5,1200.0
12542.432,0.0,140.0,90.0,22.67,16.02,173.5,33.65,151.8,29.2,33.54,34.0,93.0,15.850000000000001,56.5,99.80000000000001,244.0,2917.0,1.4000000000000001,36.95,14.98,6.94,36.09,29.04,1.0,244.0,1200.0
12602.432,0.0,140.0,90.7,22.64,16.04,171.5,33.550000000000004,152.0,29.25,33.43,34.0,93.5,15.75,57.2,99.30000000000001,244.0,2912.0,1.3800000000000001,36.95,15.11,7.01,35.96,28.98,0.0,244.5,1200.0
12662.431,0.0,140.0,91.4,22.6,15.98,171.5,33.7,151.6,29.27,33.57,34.1,93.0,15.8,57.1,100.0,242.5,2913.0,1.48,36.9,15.120000000000001,7.0,36.02,28.98,0.0,244.0,1200.0
12722.431,0.0,140.0,90.10000000000001,22.72,16.05,173.0,33.75,150.1,29.2,33.61,34.050000000000004,91.5,15.65,56.6,100.0,243.5,2913.0,1.44,36.95,14.99,7.0200000000000005,35.97,29.03,3.0,247.0,1200.0
12782.431,0.0,140.0,91.4,22.62,16.03,172.5,33.75,153.3,29.28,33.62,34.050000000000004,94.0,15.75,57.2,100.0,246.5,2916.0,1.3,36.95,15.030000000000001,7.05,35.96,28.990000000000002,0.0,244.5,1200.0
12842.43,0.0,140.0,91.10000000000001,22.67,16.0,173.0,33.7,152.3,29.28,33.61,34.15,90.5,15.700000000000001,56.6,100.0,248.0,2917.0,1.44,37.0,15.02,7.04,35.93,29.060000000000002,0.0,242.0,1200.0
12902.43,0.0,140.0,90.60000000000001,22.62,16.02,174.0,33.9,151.1,29.27,33.52,34.2,93.0,15.75,57.5,99.9,251.0,2915.0,1.46,37.1,15.0,7.01,35.96,28.98,0.0,242.5,1200.0
12962.429,0.0,140.0,90.60000000000001,22.71,15.950000000000001,171.5,33.6,151.0,29.3,33.65,34.0,94.0,15.600000000000001,57.300000000000004,100.0,243.5,2915.0,1.43,37.050000000000004,15.01,7.0,35.92,28.96,0.0,243.0,1200.0
13022.429,0.0,140.0,91.80000000000001,22.67,16.0,173.5,33.65,152.9,29.29,33.57,34.300000000000004,92.5,15.8,57.400000000000006,100.0,246.0,2914.0,1.25,37.0,14.97,7.07,36.09,28.98,1.0,247.5,1200.0
13082.429,0.0,140.0,92.60000000000001,22.66,16.0,171.5,33.7,150.0,29.3,33.64,34.25,90.5,15.850000000000001,57.0,100.0,241.5,2912.0,1.32,37.0,14.99,7.05,36.01,28.89,1.0,244.0,1200.0
13142.428,0.0,140.0,90.9,22.69,15.96,174.5,33.65,150.8,29.310000000000002,33.68,34.2,93.0,15.8,57.0,99.9,244.5,2919.0,1.44,37.050000000000004,15.0,7.1000000000000005,36.01,28.87,2.0,246.0,1200.0
13202.428,0.0,140.0,91.5,22.69,16.03,173.5,33.7,152.70000000000002,29.3,33.7,34.35,92.5,15.75,56.6,100.0,242.5,2922.0,1.52,37.2,15.040000000000001,7.05,36.06,28.96,3.0,248.5,1200.0
13262.428,0.0,140.0,89.4,22.75,16.0,171.0,33.800000000000004,151.9,29.43,33.59,34.15,92.5,15.75,56.900000000000006,100.0,248.5,2921.0,1.4000000000000001,37.0,14.98,7.03,36.04,29.0,1.0,248.5,1200.0
13322.427,0.0,140.0,90.60000000000001,22.7,15.99,174.0,33.75,151.0,29.27,33.71,34.25,94.5,15.75,57.400000000000006,99.9,247.0,2922.0,1.43,37.2,15.01,7.0200000000000005,36.04,28.990000000000002,0.0,247.5,1200.0
13382.427,0.0,140.0,91.80000000000001,22.650000000000002,15.96,173.5,33.85,149.8,29.36,33.64,34.0,94.5,15.850000000000001,56.900000000000006,99.80000000000001,245.0,2918.0,1.36,37.1,15.07,7.0200000000000005,35.95,29.0,0.0,247.5,1200.0
13442.427,0.0,140.0,90.4,22.650000000000002,16.0,175.5,33.85,150.5,29.36,33.64,34.15,93.0,15.700000000000001,57.2,99.60000000000001,250.5,2918.0,1.47,37.2,15.02,7.03,35.96,28.98,0.0,246.0,1200.0
13502.426,0.0,140.0,91.5,22.63,16.04,174.0,33.85,153.20000000000002,29.32,33.730000000000004,34.15,94.5,15.65,57.1,99.9,243.5,2919.0,1.55,37.2,14.99,6.98,36.01,28.97,0.0,249.0,1200.0
13562.426,0.0,140.0,90.80000000000001,22.67,16.02,174.0,33.7,150.8,29.330000000000002,33.65,34.2,92.5,15.75,56.900000000000006,100.0,248.5,2917.0,1.37,37.2,15.02,7.01,36.02,29.01,0.0,249.5,1200.0
13622.425,0.0,140.0,89.9,22.72,15.99,175.5,33.800000000000004,150.4,29.3,33.78,34.300000000000004,91.0,15.65,56.7,100.0,247.0,2919.0,1.34,37.0,15.01,6.98,35.980000000000004,29.01,0.0,246.5,1200.0
13682.425,0.0,140.0,90.2,22.7,15.91,173.5,33.800000000000004,151.8,29.38,33.67,34.300000000000004,94.0,15.75,57.2,100.0,247.0,2927.0,1.51,37.2,15.02,6.98,35.980000000000004,28.87,0.0,250.0,1200.0
13742.425,0.0,140.0,90.9,22.75,16.01,177.5,33.7,150.1,29.45,33.77,34.25,92.5,15.850000000000001,57.5,100.0,247.0,2925.0,1.49,37.1,14.98,6.99,35.97,28.98,3.0,247.5,1200.0
13802.424,0.0,140.0,89.30000000000001,22.66,15.99,176.0,33.85,151.3,29.330000000000002,33.67,34.300000000000004,92.5,15.75,56.900000000000006,100.0,247.5,2931.0,1.31,37.4,15.0,6.99,36.03,28.990000000000002,0.0,246.0,1200.0
13862.424,0.0,140.0,93.0,22.68,16.01,175.0,33.9,150.6,29.39,33.67,34.2,93.0,15.700000000000001,56.900000000000006,99.80000000000001,250.0,2929.0,1.3,37.25,15.05,7.0200000000000005,36.04,28.96,0.0,250.0,1200.0
13922.424,0.0,140.0,90.4,22.7,16.03,175.0,33.85,151.6,29.42,33.730000000000004,34.15,92.5,15.700000000000001,57.0,100.0,247.0,2920.0,1.36,37.2,14.9,6.95,35.980000000000004,28.97,0.0,245.0,1200.0
13982.423,0.0,140.0,90.80000000000001,22.67,15.99,174.5,33.9,151.70000000000002,29.400000000000002,33.730000000000004,34.15,93.5,15.700000000000001,56.400000000000006,100.0,242.5,2926.0,1.33,37.1,15.030000000000001,7.0,36.06,29.060000000000002,0.0,247.5,1200.0
14042.423,0.0,140.0,90.0,22.73,15.950000000000001,176.0,33.75,150.6,29.37,33.71,34.2,93.0,15.65,57.300000000000004,100.0,251.5,2926.0,1.56,37.15,14.97,6.94,36.03,29.07,0.0,247.5,1200.0
14102.423,0.0,140.0,92.0,22.68,16.03,174.5,33.800000000000004,150.5,29.38,33.77,34.25,92.5,15.65,57.400000000000006,99.80000000000001,249.5,2924.0,1.3900000000000001,37.4,14.950000000000001,7.01,36.0,29.05,0.0,246.5,1200.0
14162.422,0.0,140.0,90.30000000000001,22.67,15.97,173.0,33.7,151.8,29.39,33.79,34.25,90.5,15.75,56.900000000000006,100.0,246.5,2925.0,1.37,37.25,15.01,7.0200000000000005,36.02,29.04,2.0,247.0,1200.0
14222.422,0.0,140.0,91.7,22.68,16.0,173.0,33.75,150.4,29.37,33.8,34.1,92.0,15.950000000000001,56.6,100.0,247.5,2928.0,1.49,37.050000000000004,15.1,7.03,36.02,28.93,0.0,254.5,1200.0
14282.422,0.0,140.0,93.4,22.69,16.04,174.0,33.85,149.20000000000002,29.44,33.69,34.15,94.0,15.700000000000001,56.5,99.5,247.0,2927.0,1.31,37.2,15.06,7.01,36.02,29.0,0.0,247.5,1200.0
14342.421,0.0,140.0,91.80000000000001,22.69,15.94,173.5,33.9,150.20000000000002,29.400000000000002,33.78,34.4,90.5,15.5,57.1,100.0,246.0,2925.0,1.35,37.2,15.08,7.0200000000000005,36.02,29.03,0.0,248.0,1200.0
14402.421,0.0,140.0,90.10000000000001,22.57,16.09,174.5,33.95,152.5,29.45,33.78,34.300000000000004,93.0,15.75,57.1,100.0,251.5,2926.0,1.45,37.300000000000004,14.99,6.98,35.94,28.98,0.0,246.0,1200.0
14462.42,0.0,140.0,90.4,22.63,15.97,174.0,33.75,151.20000000000002,29.47,33.79,34.4,93.5,15.65,56.400000000000006,100.0,250.0,2924.0,1.24,37.050000000000004,14.99,6.99,35.93,28.95,0.0,243.0,1200.0
14522.42,0.0,140.0,91.2,22.63,15.99,174.0,34.050000000000004,150.8,29.42,33.78,34.2,91.5,15.700000000000001,57.1,100.0,247.5,2927.0,1.34,37.15,14.97,7.08,35.96,28.96,0.0,244.0,1200.0
14582.42,0.0,140.0,90.4,22.59,15.99,174.5,33.800000000000004,151.5,29.42,33.68,34.300000000000004,91.5,15.75,56.7,100.0,245.0,2923.0,1.3800000000000001,37.050000000000004,15.06,6.95,36.03,29.01,0.0,246.5,1200.0
14642.419,0.0,140.0,90.4,22.68,16.03,174.5,34.0,151.0,29.38,33.72,34.300000000000004,90.5,15.700000000000001,57.0,100.0,246.0,2925.0,1.53,37.300000000000004,14.94,7.04,35.99,28.91,0.0,244.0,1200.0
14702.419,0.0,140.0,90.9,22.66,16.05,176.0,33.9,151.6,29.37,33.69,34.35,94.0,15.8,57.2,100.0,249.0,2927.0,1.41,37.2,15.0,6.95,36.03,28.94,0.0,251.0,1200.0
14762.419,0.0,140.0,93.5,22.59,15.94,173.5,33.95,150.70000000000002,29.29,33.72,34.300000000000004,93.0,15.700000000000001,56.7,100.0,244.5,2923.0,1.52,37.25,14.96,7.03,36.03,29.14,1.0,245.5,1200.0
14822.418,0.0,140.0,88.9,22.71,15.89,174.0,33.85,151.0,29.45,33.7,34.25,94.0,15.600000000000001,56.6,100.0,251.0,2919.0,1.37,37.1,14.950000000000001,7.0,36.04,28.93,0.0,246.5,1200.0
14882.418,0.0,140.0,91.4,22.71,16.02,175.0,33.800000000000004,152.4,29.38,33.6,34.2,93.0,15.700000000000001,56.900000000000006,99.80000000000001,244.0,2921.0,1.26,37.050000000000004,15.0,6.95,36.04,29.080000000000002,1.0,245.5,1200.0
14942.418,0.0,140.0,91.9,22.71,15.93,175.0,33.9,151.70000000000002,29.48,33.69,34.2,93.0,15.8,56.2,100.0,247.0,2923.0,1.42,37.15,14.98,7.09,35.99,28.900000000000002,0.0,247.5,1200.0
15002.417,0.0,140.0,90.5,22.67,16.03,173.0,33.800000000000004,152.20000000000002,29.490000000000002,33.730000000000004,34.4,93.0,15.700000000000001,56.6,100.0,247.0,2929.0,1.52,37.25,15.01,7.07,35.99,28.92,0.0,244.5,1200.0
15062.417,0.0,140.0,90.80000000000001,22.68,15.98,175.0,33.95,152.0,29.38,33.75,34.35,92.0,15.75,56.6,100.0,248.5,2928.0,1.36,37.2,15.01,6.93,35.88,29.04,1.0,249.0,1200.0
15122.417,0.0,140.0,92.10000000000001,22.650000000000002,15.99,174.5,33.800000000000004,152.0,29.35,33.730000000000004,34.35,92.0,15.850000000000001,56.7,99.80000000000001,251.0,2929.0,1.3900000000000001,37.25,14.99,6.92,36.01,29.0,1.0,242.5,1200.0
15182.416,0.0,140.0,91.4,22.56,16.01,174.0,33.85,150.70000000000002,29.5,33.75,34.300000000000004,93.0,15.75,57.1,100.0,248.5,2926.0,1.43,37.050000000000004,15.01,7.01,36.04,28.97,1.0,240.5,1200.0
15242.416,0.0,140.0,89.9,22.650000000000002,16.01,174.5,33.800000000000004,150.70000000000002,29.39,33.75,34.300000000000004,93.0,15.75,56.800000000000004,100.0,247.5,2928.0,1.28,37.300000000000004,14.98,7.03,35.97,29.080000000000002,3.0,248.0,1200.0
15302.416,0.0,140.0,91.4,22.6,16.02,175.5,33.95,150.70000000000002,29.37,33.8,34.25,94.0,15.75,56.6,100.0,249.5,2927.0,1.42,37.2,15.02,6.97,35.97,28.98,1.0,241.5,1200.0
15362.415,0.0,140.0,90.2,22.69,15.97,173.0,34.1,151.20000000000002,29.37,33.77,34.25,91.5,15.65,57.0,100.0,242.5,2924.0,1.44,37.2,15.040000000000001,7.12,36.04,29.03,1.0,250.0,1200.0
15422.415,0.0,140.0,89.60000000000001,22.67,15.98,175.0,33.95,150.6,29.5,33.82,34.35,91.0,15.65,56.7,99.5,250.0,2922.0,1.29,37.35,14.950000000000001,6.890000000000001,35.99,28.93,1.0,241.5,1200.0
15482.415,0.0,140.0,91.5,22.650000000000002,16.02,174.0,33.95,151.3,29.48,33.83,34.45,93.5,15.8,56.5,99.5,245.5,2930.0,1.3800000000000001,37.1,14.98,7.0200000000000005,35.980000000000004,28.990000000000002,2.0,248.5,1200.0
15542.414,0.0,140.0,91.10000000000001,22.62,16.03,174.0,33.95,151.70000000000002,29.52,33.88,34.300000000000004,93.0,15.75,56.900000000000006,100.0,250.5,2927.0,1.41,37.1,15.02,6.94,35.96,29.0,3.0,245.5,1200.0
15602.414,0.0,140.0,89.10000000000001,22.61,15.97,174.5,33.95,152.20000000000002,29.47,33.71,34.35,93.0,15.65,56.800000000000004,100.0,247.0,2931.0,1.29,37.15,14.950000000000001,7.0,36.06,28.95,0.0,245.0,1200.0
15662.414,0.0,140.0,88.80000000000001,22.69,15.99,174.0,34.0,151.70000000000002,29.52,33.8,34.4,93.0,15.65,56.6,100.0,252.5,2928.0,1.25,37.25,15.02,6.97,36.07,28.97,0.0,242.5,1200.0
15722.413,0.0,140.0,90.2,22.66,16.04,174.5,33.95,151.4,29.5,33.84,34.35,94.5,15.700000000000001,56.5,99.9,244.5,2933.0,1.47,37.25,14.94,6.94,36.08,29.0,0.0,244.5,1200.0
15782.413,0.0,140.0,90.5,22.64,15.99,174.5,33.95,149.9,29.580000000000002,33.84,34.4,93.0,15.700000000000001,56.300000000000004,100.0,248.0,2932.0,1.41,37.300000000000004,15.0,7.0200000000000005,35.980000000000004,29.02,0.0,249.0,1200.0
15842.413,0.0,140.0,91.30000000000001,22.63,15.950000000000001,174.0,34.0,151.9,29.6,33.89,34.35,93.5,15.600000000000001,56.300000000000004,100.0,243.5,2937.0,1.37,37.15,15.030000000000001,7.07,35.97,28.94,0.0,250.5,1200.0
15902.412,0.0,140.0,91.60000000000001,22.64,16.06,174.0,34.050000000000004,151.70000000000002,29.64,33.9,34.45,90.5,15.700000000000001,56.300000000000004,100.0,250.5,2936.0,1.4000000000000001,37.25,15.02,7.03,36.04,29.03,1.0,249.0,1200.0
15962.412,0.0,140.0,91.2,22.580000000000002,16.03,176.0,34.0,150.6,29.59,33.86,34.5,91.0,15.8,56.7,100.0,253.0,2937.0,1.31,37.2,14.96,7.0200000000000005,35.93,29.03,1.0,250.0,1200.0
16022.412,0.0,140.0,92.0,22.580000000000002,16.080000000000002,178.0,34.050000000000004,149.9,29.62,33.89,34.550000000000004,91.5,15.65,56.7,100.0,249.0,2935.0,1.48,37.25,15.01,7.01,36.0,29.01,0.0,246.0,1200.0
16082.412,0.0,140.0,91.10000000000001,22.59,15.99,177.0,33.9,152.20000000000002,29.61,33.87,34.4,91.5,15.65,56.5,99.60000000000001,249.0,2930.0,1.25,37.35,14.96,7.04,36.03,29.05,1.0,246.5,1200.0
16142.411,0.0,140.0,91.5,22.66,16.0,174.5,34.1,152.20000000000002,29.63,34.05,34.45,94.5,15.700000000000001,56.2,99.9,249.0,2936.0,1.48,37.2,14.98,6.99,35.97,29.02,0.0,255.5,1200.0
16202.411,0.0,140.0,90.80000000000001,22.63,15.97,175.5,34.050000000000004,150.8,29.580000000000002,34.07,34.4,92.5,15.700000000000001,55.7,100.0,252.5,2942.0,1.42,37.300000000000004,15.0,7.05,36.01,28.98,1.0,252.0,1200.0
16262.411,0.0,140.0,91.7,22.580000000000002,16.04,175.0,34.1,150.20000000000002,29.7,33.97,34.45,93.5,15.65,55.900000000000006,99.7,246.5,2940.0,1.45,37.4,14.99,6.93,35.980000000000004,29.04,0.0,248.0,1200.0
16322.41,0.0,140.0,90.10000000000001,22.54,16.01,174.5,34.0,151.1,29.69,33.85,34.6,93.0,15.8,55.900000000000006,99.4,249.5,2941.0,1.41,37.45,14.950000000000001,7.0,35.9,29.060000000000002,0.0,251.5,1200.0
16382.41,0.0,140.0,91.4,22.6,15.94,176.0,34.050000000000004,152.5,29.61,33.85,34.45,90.5,15.8,56.5,99.5,250.5,2940.0,1.3,37.45,14.99,6.98,35.96,29.01,1.0,251.5,1200.0
16442.41,0.0,140.0,92.2,22.61,15.9,175.0,34.1,152.20000000000002,29.650000000000002,34.0,34.65,92.5,15.55,56.1,99.9,251.5,2937.0,1.22,37.5,14.96,6.87,35.99,29.03,2.0,250.5,1200.0
16502.409,0.0,140.0,92.0,22.6,15.99,174.0,34.0,151.4,29.580000000000002,33.910000000000004,34.550000000000004,95.0,15.8,56.6,100.0,249.0,2941.0,1.3900000000000001,37.35,15.040000000000001,6.95,36.0,29.060000000000002,1.0,249.0,1200.0
16562.409,0.0,140.0,91.10000000000001,22.650000000000002,16.04,175.5,34.0,151.70000000000002,29.72,34.02,34.45,94.5,15.8,56.900000000000006,99.9,246.0,2936.0,1.48,37.4,15.02,7.0200000000000005,36.02,29.03,0.0,250.5,1200.0
16622.409,0.0,140.0,90.9,22.72,16.03,175.5,34.0,151.4,29.64,34.03,34.550000000000004,93.0,15.8,56.2,100.0,250.0,2939.0,1.3,37.35,15.05,7.01,36.050000000000004,28.98,0.0,249.0,1200.0
16682.408,0.0,140.0,92.4,22.580000000000002,15.93,177.0,34.050000000000004,152.70000000000002,29.52,34.01,34.65,92.0,15.850000000000001,56.5,99.9,248.5,2936.0,1.6300000000000001,37.35,14.96,7.01,35.97,29.03,0.0,248.5,1200.0
16742.408,0.0,140.0,91.2,22.68,16.04,177.5,34.0,152.20000000000002,29.61,34.0,34.550000000000004,91.5,15.700000000000001,56.7,99.60000000000001,252.5,2939.0,1.3900000000000001,37.4,15.0,6.99,36.04,28.97,0.0,249.0,1200.0
16802.408,0.0,140.0,91.0,22.66,16.02,175.5,34.15,151.9,29.62,33.84,34.4,93.0,15.75,56.6,99.80000000000001,251.5,2938.0,1.42,37.4,15.01,7.05,35.980000000000004,29.03,0.0,248.5,1200.0
16862.407,0.0,140.0,91.0,22.67,16.02,174.0,34.050000000000004,151.9,29.6,33.980000000000004,34.35,93.0,15.9,56.1,100.0,245.5,2939.0,1.4000000000000001,37.4,15.040000000000001,7.03,35.95,29.01,0.0,248.5,1200.0
16922.407,0.0,140.0,90.4,22.64,15.98,174.0,34.050000000000004,153.4,29.68,33.83,34.4,92.0,15.8,56.2,99.80000000000001,244.0,2940.0,1.33,37.300000000000004,15.040000000000001,7.07,36.02,29.01,0.0,249.5,1200.0
16982.407,0.0,140.0,90.60000000000001,22.57,15.98,174.5,34.0,149.70000000000002,29.6,33.92,34.5,92.0,15.850000000000001,56.2,99.30000000000001,248.0,2935.0,1.3800000000000001,37.45,15.0,7.0600000000000005,36.050000000000004,28.97,1.0,250.5,1200.0
17042.407,0.0,140.0,89.2,22.62,16.02,176.5,33.800000000000004,151.3,29.63,33.89,34.300000000000004,90.0,15.9,56.300000000000004,100.0,244.5,2934.0,1.25,37.45,15.0,6.94,36.03,28.94,0.0,248.0,1200.0
17102.406,0.0,140.0,90.30000000000001,22.63,15.950000000000001,174.5,33.85,151.6,29.51,33.87,34.35,93.5,15.8,56.0,99.60000000000001,244.5,2928.0,1.32,37.35,15.01,6.96,35.980000000000004,29.080000000000002,0.0,250.5,1200.0
17162.406,0.0,140.0,89.5,22.59,16.03,172.5,33.9,150.4,29.54,33.86,34.4,94.5,15.600000000000001,56.400000000000006,100.0,247.0,2929.0,1.3900000000000001,37.35,14.97,7.0200000000000005,35.94,28.97,0.0,248.0,1200.0
17222.406,0.0,140.0,89.80000000000001,22.61,16.02,173.5,33.9,149.5,29.46,33.79,34.300000000000004,92.5,15.700000000000001,56.400000000000006,100.0,244.5,2925.0,1.3800000000000001,37.45,14.96,6.9,35.97,28.990000000000002,2.0,251.0,1200.0
17282.405,0.0,140.0,91.10000000000001,22.580000000000002,16.07,174.5,34.0,150.9,29.490000000000002,33.82,34.45,92.5,15.8,56.2,100.0,242.0,2925.0,1.21,37.35,15.030000000000001,6.96,36.02,29.03,0.0,248.0,1200.0
17342.405,0.0,140.0,92.4,22.62,15.98,173.5,33.85,149.5,29.55,33.730000000000004,34.300000000000004,92.0,15.600000000000001,56.800000000000004,99.7,242.5,2921.0,1.36,37.25,14.97,6.96,36.04,29.07,3.0,246.5,1200.0
17402.405,0.0,140.0,91.10000000000001,22.62,15.99,175.0,34.0,151.70000000000002,29.45,33.7,34.25,93.5,15.600000000000001,56.300000000000004,99.9,244.5,2926.0,1.3800000000000001,37.300000000000004,14.91,6.95,35.980000000000004,29.02,2.0,242.5,1200.0
17462.404,0.0,140.0,90.7,22.68,15.99,174.0,33.7,151.4,29.48,33.77,34.300000000000004,94.0,15.600000000000001,56.2,100.0,244.5,2921.0,1.3800000000000001,37.15,14.92,7.07,35.92,29.03,0.0,246.0,1200.0
17522.404,0.0,140.0,91.9,22.54,16.02,175.0,33.800000000000004,151.4,29.39,33.77,34.300000000000004,91.5,15.75,56.7,100.0,242.5,2919.0,1.4000000000000001,37.1,14.99,7.04,35.95,29.0,0.0,249.0,1200.0
17582.404,0.0,140.0,92.2,22.54,15.99,173.5,33.65,150.70000000000002,29.490000000000002,33.72,34.25,94.0,15.8,56.300000000000004,100.0,247.5,2922.0,1.36,37.35,15.05,6.96,35.96,29.14,1.0,243.0,1200.0
17642.404,0.0,140.0,91.0,22.650000000000002,16.02,176.0,33.800000000000004,152.3,29.42,33.68,34.25,92.5,15.8,56.5,100.0,245.0,2915.0,1.35,37.15,15.040000000000001,7.04,35.99,29.03,0.0,244.5,1200.0
17702.403,0.0,140.0,90.80000000000001,22.64,15.96,171.0,33.85,151.8,29.32,33.81,34.300000000000004,93.5,15.75,56.5,100.0,246.5,2914.0,1.42,37.1,15.05,6.94,36.0,29.03,0.0,244.5,1200.0
17762.403,0.0,140.0,90.7,22.64,15.94,175.5,33.9,152.1,29.42,33.7,34.15,92.0,15.65,56.1,100.0,243.0,2916.0,1.37,37.15,14.93,7.05,36.01,28.990000000000002,0.0,244.0,1200.0
17822.403,0.0,140.0,90.60000000000001,22.64,16.05,174.5,33.85,150.9,29.41,33.69,34.300000000000004,92.5,15.700000000000001,55.800000000000004,100.0,247.0,2918.0,1.24,37.1,15.01,6.96,36.0,28.96,1.0,244.5,1200.0
17882.402,0.0,140.0,91.30000000000001,22.64,15.94,173.5,33.85,152.20000000000002,29.400000000000002,33.660000000000004,34.35,93.0,15.75,56.5,100.0,243.5,2921.0,1.54,37.15,14.98,7.0600000000000005,35.95,28.900000000000002,0.0,247.0,1200.0
17942.402,0.0,140.0,93.0,22.61,16.080000000000002,174.0,33.85,150.9,29.38,33.74,34.2,91.5,15.700000000000001,56.6,100.0,244.0,2926.0,1.37,37.2,14.98,7.01,35.980000000000004,28.97,0.0,243.0,1200.0
18002.402,0.0,140.0,90.80000000000001,22.61,15.93,173.0,33.9,150.5,29.38,33.71,34.1,93.5,15.700000000000001,56.6,100.0,247.5,2915.0,1.4000000000000001,37.0,15.02,7.01,36.1,29.060000000000002,2.0,245.5,1200.0
18062.402,0.0,140.0,93.4,22.580000000000002,15.99,172.0,33.85,152.1,29.52,33.64,34.15,93.0,15.8,56.400000000000006,100.0,242.5,2920.0,1.34,37.2,14.96,6.98,35.9,29.080000000000002,2.0,249.0,1200.0
18122.401,0.0,140.0,92.10000000000001,22.62,15.97,172.5,33.7,150.70000000000002,29.39,33.55,34.25,93.5,15.75,56.300000000000004,100.0,241.0,2916.0,1.3,37.0,14.96,7.0600000000000005,36.04,29.02,1.0,243.0,1200.0
18182.401,0.0,140.0,91.60000000000001,22.57,16.04,174.0,33.7,151.3,29.34,33.52,34.25,92.0,15.75,56.400000000000006,99.80000000000001,245.5,2917.0,1.51,37.1,15.0,7.04,36.02,28.990000000000002,1.0,243.5,1200.0
18242.401,0.0,140.0,92.7,22.59,15.97,174.0,33.85,150.5,29.51,33.660000000000004,34.15,91.0,15.75,56.0,100.0,242.0,2917.0,1.41,37.050000000000004,14.92,6.93,35.97,28.98,0.0,243.5,1200.0
18302.4,0.0,140.0,91.7,22.650000000000002,16.01,170.0,33.9,151.3,29.29,33.58,34.35,92.0,15.8,56.6,100.0,244.5,2915.0,1.3,37.1,15.02,6.95,35.99,29.060000000000002,1.0,242.5,1200.0
18362.4,0.0,140.0,90.7,22.57,15.97,175.0,33.85,151.3,29.26,33.67,34.2,93.0,15.850000000000001,56.6,99.9,244.5,2913.0,1.26,37.15,15.0,7.0200000000000005,36.03,28.95,1.0,245.0,1200.0
18422.4,0.0,140.0,92.4,22.56,16.02,175.0,33.85,152.20000000000002,29.29,33.58,34.300000000000004,93.0,15.75,56.7,99.9,242.0,2913.0,1.41,37.0,14.96,7.03,35.980000000000004,29.01,0.0,244.0,1200.0
18482.4,0.0,140.0,89.80000000000001,22.57,15.950000000000001,175.0,33.75,152.4,29.34,33.730000000000004,34.050000000000004,93.0,15.700000000000001,56.2,99.9,245.5,2913.0,1.35,37.050000000000004,15.01,6.98,36.09,29.05,0.0,243.5,1200.0
18542.399,0.0,140.0,91.60000000000001,22.6,15.94,173.5,33.75,150.9,29.28,33.56,34.2,94.0,15.700000000000001,56.5,100.0,243.0,2913.0,1.52,37.050000000000004,15.01,6.99,36.050000000000004,29.02,1.0,244.0,1200.0
18602.399,0.0,140.0,91.10000000000001,22.59,16.080000000000002,172.0,33.65,150.1,29.28,33.57,34.050000000000004,92.0,15.75,56.2,100.0,246.0,2908.0,1.31,37.1,15.030000000000001,7.07,36.11,28.96,2.0,239.0,1200.0
18662.399,0.0,140.0,90.5,22.62,15.92,172.5,33.550000000000004,151.5,29.29,33.55,34.1,94.0,15.55,56.2,99.30000000000001,245.0,2906.0,1.52,37.050000000000004,15.01,7.0,36.03,28.990000000000002,2.0,245.5,1200.0
18722.398,0.0,140.0,92.0,22.6,16.03,172.5,33.65,149.9,29.23,33.54,34.1,93.0,15.8,56.900000000000006,99.80000000000001,243.0,2900.0,1.35,37.0,15.06,7.01,36.01,29.05,0.0,238.0,1200.0
18782.398,0.0,140.0,89.80000000000001,22.6,16.0,174.5,33.550000000000004,152.70000000000002,29.26,33.5,34.1,91.0,15.75,56.900000000000006,100.0,239.5,2902.0,1.31,37.0,15.01,7.0600000000000005,35.97,28.93,0.0,239.5,1200.0
18842.398,0.0,140.0,90.0,22.66,16.02,172.5,33.65,151.3,29.11,33.42,34.0,94.5,15.850000000000001,57.0,100.0,243.5,2900.0,1.35,36.95,14.99,6.98,36.02,29.060000000000002,1.0,246.5,1200.0
18902.398,0.0,140.0,91.5,22.59,15.96,171.5,33.550000000000004,151.9,29.17,33.410000000000004,34.050000000000004,94.0,15.8,56.6,100.0,240.5,2901.0,1.3900000000000001,37.0,15.02,7.04,36.03,29.03,0.0,241.0,1200.0
18962.397,0.0,140.0,93.0,22.62,16.0,173.0,33.6,150.5,29.11,33.38,34.0,92.5,15.75,56.900000000000006,100.0,241.5,2899.0,1.33,36.9,14.99,7.01,36.01,28.990000000000002,2.0,242.5,1200.0
19022.397,0.0,140.0,91.4,22.61,15.94,171.5,33.5,150.8,29.12,33.44,33.95,93.5,15.850000000000001,57.0,99.9,241.0,2897.0,1.4000000000000001,36.9,15.030000000000001,7.0600000000000005,35.96,29.060000000000002,0.0,235.0,1200.0
19082.397,0.0,140.0,91.2,22.6,15.96,174.0,33.550000000000004,152.3,29.1,33.410000000000004,33.95,95.5,15.65,57.1,100.0,239.5,2897.0,1.46,36.95,15.01,6.93,36.03,29.04,0.0,241.0,1200.0
19142.396,0.0,140.0,89.80000000000001,22.66,15.93,173.0,33.6,150.70000000000002,29.03,33.32,33.95,93.5,15.65,57.300000000000004,100.0,241.0,2898.0,1.45,36.800000000000004,14.99,7.0200000000000005,36.04,28.93,2.0,241.5,1200.0
19202.396,0.0,140.0,89.80000000000001,22.71,16.02,173.0,33.45,151.70000000000002,28.92,33.36,33.85,93.0,15.8,56.900000000000006,99.9,243.0,2894.0,1.34,36.800000000000004,15.030000000000001,6.96,36.03,29.03,0.0,237.0,1200.0
19262.396,0.0,140.0,90.9,22.64,15.98,173.5,33.300000000000004,152.5,28.93,33.34,33.800000000000004,92.5,15.75,57.5,99.80000000000001,240.0,2894.0,1.3900000000000001,36.800000000000004,14.99,7.0,36.12,28.990000000000002,0.0,237.5,1200.0
19322.396,0.0,140.0,91.80000000000001,22.67,16.02,170.5,33.45,151.1,29.12,33.230000000000004,34.1,93.5,15.8,57.300000000000004,100.0,239.5,2895.0,1.33,36.75,15.030000000000001,7.0200000000000005,36.04,28.97,1.0,241.5,1200.0
19382.395,0.0,140.0,90.2,22.62,15.99,170.5,33.4,154.20000000000002,28.990000000000002,33.29,33.800000000000004,94.0,15.700000000000001,57.2,99.60000000000001,241.5,2895.0,1.3,36.85,15.05,7.01,35.89,28.97,0.0,237.5,1200.0
19442.395,0.0,140.0,90.2,22.650000000000002,15.99,172.0,33.35,151.8,28.95,33.34,33.800000000000004,91.5,15.600000000000001,57.5,100.0,240.0,2894.0,1.58,36.9,14.96,7.05,35.96,28.97,2.0,244.0,1200.0
19502.395,0.0,140.0,89.80000000000001,22.61,16.02,173.5,33.45,150.5,29.02,33.31,33.85,93.0,15.700000000000001,57.0,100.0,238.0,2891.0,1.25,36.85,14.97,6.9,35.99,28.95,0.0,235.0,1200.0
19562.395,0.0,140.0,90.30000000000001,22.63,15.98,172.0,33.35,150.4,28.990000000000002,33.25,33.800000000000004,92.5,15.75,56.7,100.0,241.0,2891.0,1.4000000000000001,36.7,15.040000000000001,6.93,36.04,28.990000000000002,0.0,237.5,1200.0
19622.394,0.0,140.0,92.0,22.6,15.99,173.0,33.45,153.3,29.05,33.4,33.9,93.0,15.700000000000001,57.7,100.0,240.0,2893.0,1.44,36.75,15.05,7.0200000000000005,36.04,29.0,2.0,244.5,1200.0
19682.394,0.0,140.0,91.80000000000001,22.6,16.0,172.5,33.35,152.20000000000002,28.990000000000002,33.36,33.95,92.0,15.65,56.800000000000004,100.0,242.0,2893.0,1.3900000000000001,36.800000000000004,14.950000000000001,7.1000000000000005,35.95,28.96,1.0,242.0,1200.0
19742.394,0.0,140.0,90.5,22.69,16.0,171.0,33.45,152.4,28.97,33.45,34.050000000000004,92.0,15.75,57.400000000000006,100.0,237.5,2887.0,1.41,36.75,15.02,7.03,36.050000000000004,29.01,0.0,241.0,1200.0
19802.393,0.0,140.0,91.80000000000001,22.57,15.99,172.5,33.35,152.20000000000002,29.02,33.22,33.800000000000004,91.5,15.75,57.1,100.0,235.0,2895.0,1.28,36.75,14.98,6.93,35.94,29.04,0.0,237.0,1200.0
19862.393,0.0,140.0,90.10000000000001,22.5,15.98,171.5,33.4,151.0,29.01,33.35,33.95,91.5,15.700000000000001,56.900000000000006,100.0,238.0,2894.0,1.42,36.85,15.01,7.01,36.03,28.98,0.0,236.5,1200.0
19922.393,0.0,140.0,91.30000000000001,22.64,15.99,171.5,33.35,152.8,29.01,33.26,33.9,93.5,15.65,57.0,100.0,242.5,2893.0,1.27,36.75,14.97,7.0600000000000005,35.910000000000004,29.04,1.0,241.0,1200.0
19982.393,0.0,140.0,91.4,22.57,16.01,170.5,33.35,151.3,29.05,33.31,33.85,93.5,15.75,57.300000000000004,99.5,236.5,2892.0,1.3,36.65,15.06,6.99,35.95,29.1,1.0,236.5,1200.0
20042.392,0.0,140.0,89.80000000000001,22.64,15.96,173.0,33.6,152.1,29.09,33.4,33.9,92.5,15.700000000000001,56.900000000000006,100.0,239.5,2888.0,1.3900000000000001,36.75,15.0,6.98,36.07,28.86,0.0,242.5,1200.0
20102.392,0.0,140.0,90.30000000000001,22.59,16.0,171.0,33.550000000000004,151.5,29.150000000000002,33.27,33.7,92.5,15.700000000000001,56.5,100.0,241.0,2890.0,1.42,36.65,15.0,7.03,36.02,29.05,0.0,239.5,1200.0
20162.392,0.0,140.0,92.5,22.61,16.0,172.5,33.5,149.70000000000002,29.05,33.29,34.050000000000004,90.5,15.75,57.400000000000006,99.80000000000001,237.0,2892.0,1.42,36.65,15.01,7.0600000000000005,36.03,28.91,1.0,236.0,1200.0
20222.392,0.0,140.0,90.2,22.63,16.02,172.0,33.550000000000004,152.0,29.09,33.32,33.85,91.5,15.700000000000001,56.7,99.80000000000001,243.0,2895.0,1.27,36.7,14.91,7.0,35.95,29.0,0.0,236.0,1200.0
20282.391,0.0,140.0,90.10000000000001,22.59,16.06,171.0,33.550000000000004,150.0,29.09,33.3,34.0,93.0,15.75,57.300000000000004,100.0,241.5,2892.0,1.31,36.7,15.01,7.0,35.93,29.0,0.0,234.0,1200.0
20342.391,0.0,140.0,91.0,22.64,16.0,174.5,33.45,151.8,28.93,33.39,33.95,93.0,15.700000000000001,56.800000000000004,99.5,239.5,2892.0,1.34,36.7,15.09,7.03,35.94,29.01,1.0,237.5,1200.0
20402.391,0.0,140.0,91.30000000000001,22.67,16.04,170.5,33.45,150.70000000000002,29.05,33.31,33.9,91.5,15.65,56.7,100.0,239.0,2897.0,1.41,36.75,14.94,7.01,35.96,28.97,2.0,239.0,1200.0
20462.391,0.0,140.0,90.9,22.62,16.07,172.0,33.35,151.0,29.0,33.35,33.85,90.5,15.700000000000001,56.800000000000004,100.0,245.0,2894.0,1.35,36.75,15.07,7.0,35.95,28.89,0.0,239.5,1200.0
20522.39,0.0,140.0,91.30000000000001,22.69,15.950000000000001,173.5,33.6,150.4,29.02,33.21,33.95,91.5,15.600000000000001,57.0,100.0,240.5,2889.0,1.46,36.6,15.0,6.98,35.92,29.060000000000002,1.0,238.0,1200.0
20582.39,0.0,140.0,91.5,22.57,16.03,170.0,33.5,151.1,29.12,33.39,34.1,92.0,15.8,56.5,100.0,241.5,2890.0,1.47,36.75,15.1,7.0,36.01,29.05,3.0,236.5,1200.0
20642.39,0.0,140.0,92.10000000000001,22.62,15.93,170.0,33.45,151.3,29.060000000000002,33.39,33.9,94.5,15.8,56.7,99.7,239.0,2898.0,1.33,36.800000000000004,14.97,6.99,35.97,28.94,0.0,237.5,1200.0
20702.39,0.0,140.0,90.4,22.57,15.96,171.5,33.4,151.4,29.02,33.29,33.9,92.5,15.600000000000001,57.0,100.0,242.0,2894.0,1.29,36.75,14.98,6.94,35.93,28.95,0.0,244.0,1200.0
20762.389,0.0,140.0,91.5,22.63,15.93,170.5,33.45,150.4,28.93,33.38,33.800000000000004,93.5,15.850000000000001,56.900000000000006,100.0,240.0,2896.0,1.28,36.7,15.030000000000001,6.99,36.03,29.01,0.0,239.0,1200.0
20822.389,0.0,140.0,91.5,22.63,15.950000000000001,172.0,33.45,150.3,28.97,33.29,34.0,93.5,15.700000000000001,57.0,100.0,237.5,2892.0,1.3800000000000001,36.65,15.0,6.92,35.980000000000004,29.02,0.0,242.5,1200.0
20882.389,0.0,140.0,89.7,22.53,16.0,172.5,33.45,151.20000000000002,28.92,33.31,33.95,94.0,15.8,56.5,99.80000000000001,238.0,2891.0,1.35,36.800000000000004,15.06,6.97,36.01,29.01,0.0,238.5,1200.0
20942.389,0.0,140.0,90.9,22.580000000000002,15.97,170.5,33.550000000000004,150.5,28.94,33.32,33.85,92.0,15.700000000000001,56.800000000000004,100.0,241.0,2893.0,1.37,36.75,14.99,6.97,35.94,29.05,1.0,237.0,1200.0
21002.388,0.0,140.0,91.30000000000001,22.66,15.93,171.0,33.45,150.3,29.04,33.32,33.75,90.5,15.75,57.1,99.60000000000001,240.0,2891.0,1.56,36.65,15.02,6.98,36.02,28.95,0.0,241.5,1200.0
21062.388,0.0,140.0,90.5,22.64,16.02,171.5,33.300000000000004,151.20000000000002,28.88,33.31,33.800000000000004,93.5,15.600000000000001,57.0,100.0,238.5,2890.0,1.35,36.800000000000004,15.05,6.98,35.92,29.0,0.0,239.5,1200.0
21122.388,0.0,140.0,90.2,22.53,16.02,172.0,33.5,150.6,29.0,33.38,33.9,93.5,15.8,57.0,100.0,241.0,2888.0,1.45,36.7,15.030000000000001,6.96,36.07,28.93,0.0,238.5,1200.0
21182.388,0.0,140.0,91.4,22.580000000000002,16.0,173.5,33.45,151.8,29.02,33.36,33.85,92.0,15.700000000000001,57.0,100.0,242.0,2893.0,1.41,36.6,15.08,6.97,35.93,29.04,0.0,237.5,1200.0
21242.387,0.0,140.0,90.80000000000001,22.57,16.0,174.5,33.5,151.4,28.98,33.27,33.95,92.5,15.75,57.400000000000006,99.60000000000001,240.0,2898.0,1.41,36.65,14.99,7.07,36.03,28.96,0.0,243.0,1200.0
21302.387,0.0,140.0,91.80000000000001,22.6,16.06,171.5,33.4,151.6,29.1,33.42,33.85,93.0,15.600000000000001,56.5,100.0,234.0,2893.0,1.34,36.65,14.96,7.04,36.02,28.94,1.0,236.0,1200.0
21362.387,0.0,140.0,90.80000000000001,22.63,15.96,171.0,33.45,151.20000000000002,29.07,33.37,33.95,94.5,15.8,56.900000000000006,100.0,243.0,2896.0,1.43,36.65,15.030000000000001,6.95,35.99,28.97,0.0,236.5,1200.0
21422.387,0.0,140.0,90.9,22.650000000000002,16.080000000000002,172.0,33.550000000000004,150.9,29.05,33.38,33.9,91.5,15.700000000000001,56.800000000000004,100.0,242.5,2896.0,1.36,36.550000000000004,15.02,6.97,36.02,29.05,0.0,237.5,1200.0
21482.386,0.0,140.0,90.5,22.63,16.0,171.0,33.45,151.9,29.11,33.410000000000004,34.1,92.5,15.8,56.7,99.60000000000001,239.0,2893.0,1.4000000000000001,36.65,15.07,7.0200000000000005,35.94,29.02,0.0,245.0,1200.0
21542.386,0.0,140.0,92.80000000000001,22.61,15.98,170.5,33.5,151.1,29.03,33.45,33.85,94.0,15.65,57.5,100.0,238.5,2896.0,1.28,36.75,15.05,6.99,35.980000000000004,29.0,1.0,239.0,1200.0
21602.386,0.0,140.0,91.30000000000001,22.64,16.02,172.0,33.4,151.70000000000002,29.12,33.36,34.0,92.0,15.75,56.800000000000004,100.0,243.0,2899.0,1.54,36.7,14.950000000000001,7.04,35.97,28.94,2.0,241.0,1200.0
21662.386,0.0,140.0,89.80000000000001,22.67,15.94,171.5,33.45,152.9,29.03,33.29,33.75,93.0,15.700000000000001,57.1,100.0,238.5,2896.0,1.51,36.85,15.0,6.97,35.93,28.990000000000002,2.0,239.0,1200.0
21722.385,0.0,140.0,90.9,22.7,16.02,173.0,33.45,151.5,29.07,33.3,33.800000000000004,93.0,15.55,57.7,99.9,241.5,2896.0,1.43,36.7,15.05,6.95,36.03,29.01,1.0,242.5,1200.0
21782.385,0.0,140.0,92.9,22.68,16.02,172.0,33.550000000000004,151.70000000000002,29.0,33.37,33.800000000000004,94.0,15.65,57.6,99.80000000000001,243.0,2891.0,1.3800000000000001,36.7,15.0,7.05,36.03,29.060000000000002,1.0,238.5,1200.0
21842.385,0.0,140.0,91.0,22.66,16.04,172.0,33.45,151.20000000000002,29.05,33.39,33.85,90.5,15.600000000000001,57.0,99.7,242.5,2892.0,1.4000000000000001,36.7,14.92,7.0,36.07,29.04,0.0,239.5,1200.0
21902.385,0.0,140.0,89.60000000000001,22.650000000000002,15.99,172.5,33.4,152.5,29.01,33.230000000000004,33.9,93.0,15.700000000000001,57.400000000000006,99.80000000000001,238.5,2894.0,1.51,36.75,15.040000000000001,7.07,35.95,29.0,0.0,239.5,1200.0
21962.384,0.0,140.0,91.80000000000001,22.7,16.01,171.5,33.4,151.4,28.93,33.29,33.85,95.0,15.9,57.1,99.80000000000001,239.5,2893.0,1.37,36.65,14.99,7.03,36.07,29.0,0.0,236.0,1200.0
22022.384,0.0,140.0,90.0,22.79,16.0,172.0,33.45,152.0,28.94,33.33,33.800000000000004,92.0,15.75,57.6,99.80000000000001,239.5,2888.0,1.34,36.95,15.01,7.11,35.99,29.07,0.0,238.5,1200.0
22082.384,0.0,140.0,92.2,22.63,16.03,173.0,33.300000000000004,151.5,28.88,33.34,33.6,93.5,15.700000000000001,57.7,99.9,238.5,2891.0,1.42,36.75,15.05,6.99,36.03,28.98,0.0,240.5,1200.0
22142.384,0.0,140.0,90.7,22.68,16.11,171.0,33.35,151.9,28.93,33.24,33.9,91.5,15.700000000000001,57.300000000000004,100.0,236.5,2889.0,1.3900000000000001,36.800000000000004,14.98,6.98,36.07,28.97,0.0,236.0,1200.0
22202.383,0.0,140.0,91.4,22.69,16.0,171.5,33.300000000000004,152.70000000000002,28.88,33.19,33.75,92.5,15.700000000000001,58.0,99.7,238.5,2896.0,1.3900000000000001,36.85,15.06,7.08,35.96,28.94,4.0,242.0,1200.0
22262.383,0.0,140.0,91.30000000000001,22.8,16.0,171.0,33.35,152.8,28.72,33.19,33.65,94.5,15.75,57.7,100.0,243.0,2894.0,1.37,36.65,14.97,6.98,35.99,29.09,2.0,238.0,1200.0
22322.383,0.0,140.0,91.9,22.71,16.01,172.5,33.300000000000004,152.5,28.93,33.17,33.85,91.0,15.700000000000001,57.900000000000006,99.9,240.0,2885.0,1.52,36.75,14.950000000000001,7.0200000000000005,35.96,28.97,4.0,242.5,1200.0
22382.383,0.0,140.0,91.0,22.78,15.98,171.5,33.5,151.6,28.89,33.21,33.6,93.5,15.700000000000001,58.1,99.80000000000001,236.0,2887.0,1.42,36.9,14.950000000000001,7.0,36.02,28.92,0.0,239.5,1200.0
22442.382,0.0,140.0,87.5,22.67,16.05,171.0,33.300000000000004,151.5,28.95,33.24,33.7,94.5,15.8,57.800000000000004,100.0,240.0,2887.0,1.36,36.7,15.02,7.04,35.9,29.0,3.0,239.5,1200.0
22502.382,0.0,140.0,91.0,22.68,16.03,172.0,33.300000000000004,150.70000000000002,28.85,33.14,33.7,93.5,15.700000000000001,57.800000000000004,100.0,242.0,2888.0,1.41,36.7,14.93,7.0,36.03,29.16,0.0,244.0,1200.0
22562.382,0.0,140.0,90.80000000000001,22.69,15.98,170.5,33.35,151.6,28.8,33.13,33.75,95.0,15.850000000000001,57.5,99.2,235.0,2886.0,1.3,36.7,15.06,7.0,36.03,29.01,1.0,241.5,1200.0
22622.382,0.0,140.0,91.4,22.67,16.06,172.0,33.4,151.70000000000002,28.84,33.18,33.7,92.0,15.75,58.0,100.0,239.5,2886.0,1.26,36.65,15.02,6.99,35.99,29.02,1.0,235.0,1200.0
22682.382,0.0,140.0,90.2,22.62,16.03,171.5,33.35,151.70000000000002,28.85,33.2,33.75,92.0,15.700000000000001,58.0,100.0,241.5,2882.0,1.26,36.6,15.01,6.93,35.97,28.990000000000002,1.0,237.0,1200.0
22742.381,0.0,140.0,92.0,22.7,16.1,170.0,33.25,151.8,28.87,33.08,33.65,91.0,15.75,57.6,100.0,238.0,2880.0,1.46,36.7,14.950000000000001,6.99,35.95,28.97,0.0,234.0,1200.0
22802.381,0.0,140.0,91.0,22.66,16.01,170.0,33.2,151.70000000000002,28.78,33.14,33.800000000000004,92.5,15.65,57.5,99.80000000000001,233.0,2882.0,1.36,36.65,15.040000000000001,6.98,36.01,28.990000000000002,0.0,239.5,1200.0
22862.381,0.0,140.0,92.30000000000001,22.69,15.92,171.0,33.4,151.3,28.830000000000002,33.06,33.65,92.0,15.75,57.6,100.0,235.5,2880.0,1.6,36.550000000000004,14.97,6.99,36.03,28.96,0.0,235.0,1200.0
22922.381,0.0,140.0,90.80000000000001,22.64,15.96,170.5,33.25,152.20000000000002,28.830000000000002,33.160000000000004,33.7,94.5,15.65,58.300000000000004,100.0,240.0,2881.0,1.43,36.800000000000004,14.96,6.97,36.06,29.01,0.0,235.5,1200.0
22982.38,0.0,140.0,90.9,22.650000000000002,16.03,169.5,33.35,151.70000000000002,28.75,33.07,33.65,90.0,15.700000000000001,57.300000000000004,99.7,238.0,2879.0,1.36,36.7,14.99,7.07,36.01,29.01,1.0,236.0,1200.0
23042.38,0.0,140.0,90.30000000000001,22.6,16.01,171.0,33.25,152.1,28.86,33.1,33.5,92.0,15.65,57.2,100.0,234.5,2883.0,1.26,36.5,15.030000000000001,7.0,35.95,29.02,2.0,236.5,1200.0
23102.38,0.0,140.0,91.30000000000001,22.71,15.99,172.0,33.15,151.20000000000002,28.84,33.12,33.65,93.5,15.65,57.6,99.60000000000001,237.5,2879.0,1.35,36.5,15.01,6.96,35.99,28.990000000000002,0.0,238.0,1200.0
23162.38,0.0,140.0,91.4,22.61,15.96,170.5,33.15,151.4,28.8,33.06,33.550000000000004,91.5,15.75,57.300000000000004,100.0,236.0,2889.0,1.52,36.5,15.0,7.01,36.08,29.01,1.0,238.0,1200.0
23222.379,0.0,140.0,91.7,22.62,16.09,169.5,33.300000000000004,151.20000000000002,28.85,33.21,33.75,92.0,15.850000000000001,57.7,100.0,235.0,2883.0,1.42,36.6,15.02,6.94,35.97,29.01,0.0,241.0,1200.0
23282.379,0.0,140.0,91.7,22.67,16.04,172.5,33.15,150.3,28.88,33.2,33.75,91.0,15.850000000000001,57.300000000000004,99.80000000000001,236.5,2884.0,1.46,36.550000000000004,15.01,7.0200000000000005,36.03,29.11,0.0,242.0,1200.0
23342.379,0.0,140.0,91.2,22.66,16.05,171.0,33.4,152.1,28.93,33.18,33.7,93.5,15.65,57.6,100.0,240.0,2885.0,1.34,36.45,14.94,7.0200000000000005,36.09,29.05,1.0,243.0,1200.0
23402.379,0.0,140.0,92.0,22.650000000000002,15.950000000000001,167.5,33.45,152.5,28.84,33.21,33.65,92.5,15.700000000000001,57.400000000000006,100.0,238.5,2880.0,1.36,36.6,15.040000000000001,6.94,36.050000000000004,29.11,1.0,237.5,1200.0
23462.379,0.0,140.0,90.30000000000001,22.62,15.99,172.0,33.25,150.5,28.94,33.19,33.65,91.0,15.65,58.2,100.0,242.0,2883.0,1.45,36.550000000000004,15.040000000000001,6.97,36.04,28.91,0.0,240.0,1200.0
23522.378,0.0,140.0,91.0,22.62,16.01,172.5,33.4,151.1,28.830000000000002,33.15,33.800000000000004,92.5,15.65,57.7,99.9,237.0,2887.0,1.44,36.550000000000004,15.040000000000001,7.05,35.95,28.97,0.0,232.0,1200.0
23582.378,0.0,140.0,91.10000000000001,22.69,16.03,172.0,33.35,152.20000000000002,28.95,33.2,33.6,93.5,15.600000000000001,57.7,99.80000000000001,237.5,2883.0,1.48,36.7,14.98,7.0200000000000005,36.12,29.060000000000002,0.0,241.5,1200.0
23642.378,0.0,140.0,91.2,22.71,15.96,172.5,33.25,150.5,28.84,33.22,33.7,94.5,15.75,57.7,100.0,234.5,2890.0,1.18,36.550000000000004,15.0,6.97,35.980000000000004,29.0,0.0,240.0,1200.0
23702.378,0.0,140.0,91.2,22.71,15.99,170.5,33.45,153.1,28.91,33.2,33.7,92.0,15.65,58.1,100.0,243.5,2881.0,1.35,36.5,15.01,6.99,36.02,29.02,0.0,238.0,1200.0
23762.377,0.0,140.0,91.0,22.650000000000002,15.99,169.5,33.45,151.70000000000002,28.900000000000002,33.3,33.65,90.0,15.700000000000001,57.400000000000006,99.80000000000001,242.0,2890.0,1.44,36.6,14.98,7.05,36.050000000000004,28.96,2.0,235.0,1200.0
23822.377,0.0,140.0,91.80000000000001,22.64,16.01,171.0,33.25,150.70000000000002,28.85,33.2,33.75,93.0,15.700000000000001,57.400000000000006,100.0,239.0,2884.0,1.27,36.65,15.01,6.97,36.050000000000004,29.05,0.0,242.0,1200.0
23882.377,0.0,140.0,91.4,22.740000000000002,15.97,168.5,33.35,150.3,28.93,33.21,33.65,94.0,15.850000000000001,58.0,100.0,239.5,2887.0,1.37,36.6,15.02,6.93,36.01,28.91,0.0,240.0,1200.0
23942.377,0.0,140.0,90.60000000000001,22.73,16.01,173.0,33.5,150.9,28.91,33.17,33.800000000000004,95.0,15.700000000000001,57.1,99.9,237.5,2892.0,1.36,36.550000000000004,15.05,7.05,36.01,28.91,0.0,240.0,1200.0
24002.377,0.0,140.0,90.7,22.61,15.94,170.0,33.35,151.1,28.900000000000002,33.2,33.85,94.0,15.850000000000001,57.300000000000004,100.0,240.0,2879.0,1.37,36.65,15.0,7.0200000000000005,36.03,29.05,0.0,239.0,1200.0
24062.376,0.0,140.0,90.7,22.61,15.98,169.5,33.25,153.0,28.93,33.17,33.85,92.5,15.75,57.7,99.7,242.0,2887.0,1.42,36.65,14.99,7.08,36.03,28.97,0.0,234.0,1200.0
24122.376,0.0,140.0,90.60000000000001,22.67,16.02,172.0,33.4,150.9,28.84,33.3,33.6,93.5,15.75,57.6,100.0,235.5,2895.0,1.31,36.65,14.99,6.95,36.08,29.01,0.0,235.5,1200.0
24182.376,0.0,140.0,90.9,22.69,15.97,172.5,33.2,152.8,28.87,33.3,33.800000000000004,92.0,15.700000000000001,58.1,100.0,238.5,2893.0,1.41,36.65,15.02,6.97,35.980000000000004,29.03,1.0,241.0,1200.0
24242.376,0.0,140.0,91.9,22.67,15.98,171.0,33.300000000000004,151.6,28.810000000000002,33.19,33.75,94.0,15.5,57.5,99.60000000000001,238.5,2887.0,1.43,36.7,15.11,6.96,36.050000000000004,29.0,0.0,244.5,1200.0
24302.375,0.0,140.0,89.5,22.66,16.02,174.0,33.5,151.0,28.91,33.230000000000004,33.75,94.0,15.850000000000001,57.0,99.80000000000001,242.5,2892.0,1.49,36.6,14.98,7.0,35.96,29.02,2.0,244.0,1200.0
24362.375,0.0,140.0,89.9,22.61,16.02,170.5,33.4,151.20000000000002,28.95,33.28,33.9,92.0,15.9,57.2,99.7,239.5,2884.0,1.36,36.75,15.02,7.07,35.97,29.04,0.0,240.5,1200.0
24422.375,0.0,140.0,90.80000000000001,22.7,15.98,171.0,33.45,152.5,29.0,33.27,33.9,92.5,15.8,57.400000000000006,99.9,241.5,2892.0,1.43,36.65,14.97,6.96,36.11,29.02,0.0,239.5,1200.0
24482.375,0.0,140.0,92.2,22.67,15.99,169.0,33.4,150.70000000000002,28.93,33.230000000000004,33.800000000000004,94.0,15.700000000000001,57.800000000000004,99.9,241.5,2891.0,1.47,36.75,15.0,7.05,35.99,29.02,4.0,236.0,1200.0
24542.375,0.0,140.0,92.60000000000001,22.57,16.05,171.5,33.4,150.9,28.97,33.21,33.9,92.5,15.75,57.0,100.0,242.0,2894.0,1.4000000000000001,36.6,15.030000000000001,6.99,36.050000000000004,29.0,2.0,236.0,1200.0
24602.374,0.0,140.0,90.30000000000001,22.61,16.01,171.5,33.35,152.3,28.92,33.25,33.7,92.5,15.700000000000001,57.300000000000004,100.0,241.5,2895.0,1.34,36.7,15.02,7.0,35.99,29.07,2.0,237.5,1200.0
24662.374,0.0,140.0,91.4,22.650000000000002,15.96,169.5,33.550000000000004,151.8,28.95,33.28,33.800000000000004,93.0,15.700000000000001,57.5,99.80000000000001,238.5,2890.0,1.46,36.7,15.09,6.96,36.04,29.080000000000002,0.0,239.0,1200.0
24722.374,0.0,140.0,91.2,22.64,16.03,171.5,33.45,151.20000000000002,29.04,33.19,33.9,92.0,15.8,57.6,100.0,241.0,2894.0,1.48,36.9,14.99,6.97,36.02,29.080000000000002,1.0,237.0,1200.0
24782.374,0.0,140.0,90.5,22.59,15.96,174.0,33.6,151.4,28.93,33.31,33.7,93.0,15.75,57.400000000000006,99.9,240.0,2895.0,1.35,36.800000000000004,14.99,7.03,35.96,29.09,0.0,238.0,1200.0
24842.374,0.0,140.0,89.60000000000001,22.66,15.96,171.5,33.550000000000004,151.70000000000002,29.060000000000002,33.24,33.75,92.5,15.700000000000001,57.5,99.5,241.0,2891.0,1.51,36.95,15.06,6.96,35.96,29.01,0.0,238.5,1200.0
24902.373,0.0,140.0,90.4,22.66,15.96,172.0,33.4,151.70000000000002,29.05,33.21,33.65,92.5,15.75,57.7,99.7,240.5,2897.0,1.43,36.75,15.040000000000001,7.0,36.04,29.02,1.0,240.5,1200.0
24962.373,0.0,140.0,90.30000000000001,22.61,16.01,171.5,33.45,149.4,28.98,33.27,33.9,94.0,15.8,57.5,100.0,238.0,2896.0,1.34,36.7,15.06,6.97,36.01,29.01,0.0,239.0,1200.0
25022.373,0.0,140.0,91.10000000000001,22.68,16.05,171.0,33.6,149.5,28.94,33.3,33.9,93.0,15.75,57.1,100.0,241.5,2892.0,1.35,36.800000000000004,15.01,6.96,36.1,28.990000000000002,1.0,242.5,1200.0
25082.373,0.0,140.0,91.4,22.71,15.97,171.0,33.4,150.3,28.990000000000002,33.25,33.75,91.5,15.75,57.5,100.0,238.0,2892.0,1.48,36.800000000000004,15.01,7.0200000000000005,36.04,29.09,0.0,239.5,1200.0
25142.372,0.0,140.0,89.4,22.76,16.01,171.5,33.35,152.20000000000002,29.0,33.35,33.85,91.5,15.600000000000001,57.6,99.5,239.5,2894.0,1.5,36.7,15.07,7.0,36.01,29.09,1.0,242.0,1200.0
25202.372,0.0,140.0,93.7,22.68,16.0,172.5,33.5,151.0,28.91,33.38,33.95,91.0,15.75,57.2,100.0,236.0,2898.0,1.33,36.6,15.01,6.99,35.97,29.11,3.0,237.5,1200.0
25262.372,0.0,140.0,90.80000000000001,22.61,15.99,171.5,33.45,150.9,29.03,33.21,33.85,94.0,15.75,57.800000000000004,99.80000000000001,240.5,2894.0,1.37,36.75,15.1,7.0,36.09,28.98,2.0,242.0,1200.0
25322.372,0.0,140.0,91.80000000000001,22.72,16.05,172.5,33.35,152.3,28.95,33.28,33.65,93.0,15.700000000000001,57.300000000000004,100.0,241.5,2900.0,1.31,36.95,15.01,7.01,35.95,28.990000000000002,0.0,243.5,1200.0
25382.372,0.0,140.0,90.10000000000001,22.72,16.05,174.0,33.6,151.5,28.93,33.28,33.85,93.5,15.75,57.1,100.0,241.5,2898.0,1.43,36.9,15.0,7.07,35.93,28.990000000000002,0.0,238.0,1200.0
25442.371,0.0,140.0,93.60000000000001,22.7,15.98,171.5,33.550000000000004,149.4,28.92,33.36,33.800000000000004,93.5,15.75,57.7,99.4,240.0,2897.0,1.31,36.800000000000004,14.97,6.97,36.01,29.05,2.0,239.5,1200.0
25502.371,0.0,140.0,90.9,22.75,16.02,171.0,33.300000000000004,152.1,28.95,33.33,33.9,92.5,15.700000000000001,57.6,99.7,239.5,2898.0,1.4000000000000001,36.65,14.98,7.0200000000000005,35.94,28.93,0.0,242.0,1200.0
25562.371,0.0,140.0,91.2,22.72,16.03,170.5,33.25,150.9,28.98,33.32,33.75,92.5,15.700000000000001,57.7,100.0,240.5,2897.0,1.47,36.75,15.01,7.0200000000000005,36.0,28.92,0.0,240.5,1200.0
25622.371,0.0,140.0,90.60000000000001,22.740000000000002,16.01,171.0,33.35,150.20000000000002,29.02,33.31,33.85,91.5,15.850000000000001,57.5,100.0,240.5,2897.0,1.32,36.75,14.99,6.95,35.95,29.04,0.0,242.0,1200.0
25682.371,0.0,140.0,91.80000000000001,22.79,15.91,172.0,33.45,152.6,29.02,33.35,33.65,93.5,15.700000000000001,57.2,99.60000000000001,242.5,2892.0,1.3900000000000001,36.9,14.93,7.01,36.03,29.0,0.0,240.0,1200.0
25742.37,0.0,140.0,91.2,22.67,16.04,172.5,33.5,153.0,29.0,33.230000000000004,33.85,91.5,15.75,57.7,100.0,239.0,2894.0,1.49,36.75,15.0,6.94,35.980000000000004,28.95,0.0,242.5,1200.0
25802.37,0.0,140.0,89.80000000000001,22.650000000000002,16.0,172.5,33.45,151.3,28.82,33.21,33.800000000000004,92.0,15.700000000000001,57.300000000000004,100.0,246.0,2895.0,1.55,36.7,14.98,7.01,36.01,29.02,0.0,239.0,1200.0
25862.37,0.0,140.0,90.9,22.740000000000002,16.03,172.5,33.4,151.5,28.900000000000002,33.22,33.800000000000004,93.0,15.75,57.300000000000004,100.0,242.0,2894.0,1.33,36.9,15.01,6.98,35.96,28.98,1.0,247.0,1200.0
25922.37,0.0,140.0,91.80000000000001,22.71,16.04,171.5,33.35,150.1,28.92,33.24,33.7,92.5,15.75,58.1,100.0,239.0,2887.0,1.35,36.85,15.01,7.03,36.0,28.91,0.0,241.5,1200.0
25982.37,0.0,140.0,90.5,22.66,16.01,170.5,33.35,151.9,28.85,33.18,33.800000000000004,93.0,15.8,57.7,99.80000000000001,240.0,2895.0,1.31,36.75,15.0,6.9,35.93,29.0,0.0,237.0,1200.0
26042.369,0.0,140.0,90.5,22.79,16.02,172.0,33.2,151.3,28.79,33.19,33.75,92.0,15.600000000000001,57.1,100.0,236.5,2889.0,1.33,36.7,15.040000000000001,7.07,35.88,28.990000000000002,0.0,238.0,1200.0
26102.369,0.0,140.0,91.2,22.72,16.1,170.5,33.5,151.4,28.84,33.27,33.75,92.0,15.700000000000001,58.2,100.0,236.5,2885.0,1.54,36.85,15.030000000000001,6.98,36.07,29.05,0.0,243.0,1200.0
26162.369,0.0,140.0,89.0,22.76,15.96,170.5,33.35,152.20000000000002,28.87,33.230000000000004,33.800000000000004,91.0,15.8,58.300000000000004,100.0,240.0,2889.0,1.44,36.6,15.040000000000001,7.0200000000000005,35.93,29.07,1.0,242.5,1200.0
26222.369,0.0,140.0,90.5,22.67,16.03,171.5,33.4,152.0,28.830000000000002,33.13,33.6,92.0,15.65,58.2,99.30000000000001,238.0,2889.0,1.36,36.75,14.98,7.0200000000000005,36.1,28.990000000000002,0.0,239.0,1200.0
26282.369,0.0,140.0,89.5,22.71,15.91,171.0,33.300000000000004,151.9,28.92,33.13,33.800000000000004,92.0,15.850000000000001,57.300000000000004,100.0,237.5,2884.0,1.46,36.7,15.030000000000001,7.03,36.04,29.060000000000002,0.0,240.5,1200.0
26342.368,0.0,140.0,92.0,22.69,15.950000000000001,169.5,33.45,151.4,28.76,33.18,33.7,92.0,15.700000000000001,57.7,100.0,237.0,2890.0,1.52,36.7,15.030000000000001,7.05,35.93,29.04,2.0,238.5,1200.0
26402.368,0.0,140.0,90.2,22.62,16.0,173.0,33.2,152.0,28.8,33.17,33.75,92.0,15.600000000000001,58.7,100.0,236.5,2884.0,1.31,36.6,14.99,7.01,35.95,29.02,0.0,242.0,1200.0
26462.368,0.0,140.0,90.2,22.67,15.950000000000001,171.0,33.25,151.5,28.84,33.12,33.550000000000004,90.0,15.850000000000001,57.900000000000006,100.0,238.5,2886.0,1.24,36.550000000000004,14.97,7.0,36.0,29.12,2.0,240.5,1200.0
26522.368,0.0,140.0,90.9,22.69,16.01,168.5,33.2,150.5,28.77,33.13,33.65,92.0,15.65,58.0,99.80000000000001,236.0,2883.0,1.41,36.65,15.01,6.96,35.86,28.93,0.0,240.0,1200.0
26582.368,0.0,140.0,91.30000000000001,22.6,15.98,170.5,33.25,151.3,28.79,33.14,33.65,93.5,15.65,57.5,100.0,238.0,2880.0,1.24,36.7,14.94,7.04,36.06,29.01,2.0,239.5,1200.0
26642.367,0.0,140.0,91.4,22.73,16.01,170.0,33.25,152.5,28.84,33.06,33.7,91.5,15.75,58.0,99.9,235.0,2883.0,1.37,36.6,14.98,7.01,36.0,28.990000000000002,1.0,235.0,1200.0
26702.367,0.0,140.0,91.0,22.69,16.07,170.5,33.300000000000004,150.0,28.71,33.1,33.550000000000004,93.0,15.700000000000001,58.2,100.0,238.0,2877.0,1.34,36.75,15.0,6.97,35.97,28.98,0.0,236.5,1200.0
26762.367,0.0,140.0,89.60000000000001,22.7,16.0,168.0,33.15,151.20000000000002,28.71,33.03,33.550000000000004,91.5,15.75,57.800000000000004,100.0,235.5,2884.0,1.43,36.75,15.02,6.97,35.97,29.03,0.0,232.0,1200.0
26822.367,0.0,140.0,91.4,22.68,15.93,169.0,33.25,151.3,28.69,33.05,33.65,94.5,15.850000000000001,57.800000000000004,100.0,240.5,2881.0,1.5,36.75,15.01,7.0200000000000005,36.04,29.13,0.0,236.5,1200.0
26882.367,0.0,140.0,91.80000000000001,22.740000000000002,15.99,172.0,33.15,149.9,28.76,33.0,33.5,91.5,15.75,58.6,99.9,234.5,2881.0,1.49,36.45,15.030000000000001,6.96,35.99,28.990000000000002,0.0,238.5,1200.0
26942.366,0.0,140.0,91.4,22.68,16.01,171.0,33.2,149.3,28.77,33.08,33.5,92.5,15.75,57.400000000000006,100.0,240.5,2874.0,1.36,36.550000000000004,14.99,6.95,35.980000000000004,28.900000000000002,1.0,235.0,1200.0
27002.366,0.0,140.0,90.4,22.73,15.99,169.5,33.2,152.1,28.69,33.04,33.6,94.0,15.65,57.7,99.60000000000001,237.5,2879.0,1.37,36.65,15.01,7.07,36.0,29.11,1.0,235.0,1200.0
27062.366,0.0,140.0,90.60000000000001,22.650000000000002,15.97,170.5,33.2,151.1,28.72,33.05,33.65,95.0,15.75,57.7,100.0,238.0,2879.0,1.33,36.5,15.120000000000001,7.0200000000000005,36.01,28.98,0.0,235.0,1200.0
27122.366,0.0,140.0,93.2,22.61,15.97,170.5,33.25,150.4,28.73,33.13,33.7,92.5,15.8,58.2,100.0,239.0,2877.0,1.56,36.5,14.96,6.96,35.93,28.82,0.0,234.0,1200.0
27182.366,0.0,140.0,92.60000000000001,22.72,15.98,172.0,33.25,151.20000000000002,28.77,33.12,33.6,93.0,15.65,57.800000000000004,100.0,237.0,2882.0,1.29,36.5,15.0,6.99,35.9,28.96,0.0,237.0,1200.0
27242.365,0.0,140.0,90.9,22.66,15.98,171.0,33.25,151.70000000000002,28.7,33.03,33.7,93.5,15.8,57.900000000000006,99.9,236.0,2874.0,1.32,36.6,15.06,6.94,35.980000000000004,28.990000000000002,1.0,233.0,1200.0
27302.365,0.0,140.0,92.4,22.68,16.02,170.5,33.15,150.0,28.84,33.02,33.65,92.5,15.75,58.0,100.0,240.0,2882.0,1.46,36.45,14.950000000000001,7.01,36.0,29.03,1.0,237.0,1200.0
27362.365,0.0,140.0,91.80000000000001,22.69,15.98,169.5,33.2,149.3,28.740000000000002,33.05,33.6,91.0,15.55,58.0,100.0,235.0,2880.0,1.34,36.45,15.030000000000001,7.0200000000000005,35.99,28.97,1.0,236.0,1200.0
27422.365,0.0,140.0,92.30000000000001,22.740000000000002,16.05,173.0,33.15,151.8,28.72,33.06,33.65,93.0,15.850000000000001,57.400000000000006,100.0,240.5,2886.0,1.32,36.550000000000004,15.11,7.0200000000000005,35.910000000000004,28.86,0.0,236.5,1200.0
27482.365,0.0,140.0,89.4,22.66,16.0,169.5,33.300000000000004,150.9,28.8,33.0,33.75,91.0,15.700000000000001,57.7,99.9,238.0,2885.0,1.35,36.550000000000004,14.93,6.99,35.980000000000004,29.04,0.0,236.0,1200.0
27542.364,0.0,140.0,91.5,22.66,15.91,171.5,33.300000000000004,150.8,28.86,33.15,33.75,90.5,15.700000000000001,57.5,100.0,236.5,2888.0,1.25,36.45,15.01,6.95,36.0,28.990000000000002,0.0,235.5,1200.0
27602.364,0.0,140.0,91.9,22.66,15.97,171.5,33.25,152.9,28.73,33.14,33.550000000000004,93.0,15.700000000000001,58.1,100.0,240.0,2886.0,1.1300000000000001,36.6,15.02,7.01,35.96,28.89,0.0,238.5,1200.0
27662.364,0.0,140.0,89.60000000000001,22.650000000000002,16.02,173.5,33.25,151.0,28.8,33.13,33.9,92.5,15.700000000000001,58.400000000000006,99.7,238.0,2884.0,1.27,36.550000000000004,14.98,7.01,36.06,28.98,0.0,241.0,1200.0
27722.364,0.0,140.0,89.60000000000001,22.67,16.04,171.5,33.45,149.8,28.77,33.14,33.75,90.5,15.600000000000001,57.400000000000006,100.0,239.0,2887.0,1.3900000000000001,36.5,15.01,6.95,36.03,29.04,0.0,239.5,1200.0
27782.364,0.0,140.0,91.2,22.71,16.01,172.0,33.300000000000004,150.1,28.91,33.18,33.800000000000004,93.0,15.700000000000001,58.1,100.0,240.0,2889.0,1.26,36.65,15.01,7.01,36.07,29.05,0.0,239.0,1200.0
27842.363,0.0,140.0,90.7,22.650000000000002,16.04,169.5,33.25,151.8,28.78,33.12,33.7,92.5,15.850000000000001,57.6,100.0,239.0,2893.0,1.41,36.6,15.030000000000001,6.96,36.050000000000004,28.97,0.0,243.0,1200.0
27902.363,0.0,140.0,91.80000000000001,22.7,15.98,169.0,33.300000000000004,150.9,28.84,33.21,33.550000000000004,90.5,15.700000000000001,58.1,100.0,240.5,2888.0,1.47,36.550000000000004,14.96,7.01,35.910000000000004,28.900000000000002,0.0,238.0,1200.0
27962.363,0.0,140.0,89.2,22.7,15.97,170.0,33.25,151.0,28.85,33.160000000000004,33.65,92.0,15.700000000000001,57.7,100.0,235.0,2890.0,1.33,36.65,15.0,7.0,35.99,29.04,0.0,235.5,1200.0
28022.363,0.0,140.0,90.80000000000001,22.64,15.94,172.5,33.4,150.9,28.84,33.17,33.95,90.5,15.700000000000001,57.400000000000006,100.0,238.0,2888.0,1.47,36.7,15.0,7.08,35.95,29.05,0.0,236.5,1200.0
28082.363,0.0,140.0,91.5,22.66,16.04,169.5,33.300000000000004,150.8,28.87,33.230000000000004,33.85,91.5,15.75,58.2,100.0,236.0,2892.0,1.49,36.6,14.97,6.98,36.18,28.990000000000002,3.0,239.0,1200.0
28142.363,0.0,140.0,90.60000000000001,22.61,16.02,171.5,33.300000000000004,150.5,28.87,33.27,33.6,93.5,15.65,57.900000000000006,99.9,238.5,2892.0,1.37,36.550000000000004,15.01,6.97,36.06,28.96,0.0,236.5,1200.0
28202.362,0.0,140.0,90.7,22.69,15.99,169.5,33.35,150.5,28.88,33.17,33.6,93.0,15.700000000000001,58.300000000000004,100.0,240.0,2891.0,1.52,36.6,15.05,6.96,35.94,28.96,2.0,242.0,1200.0
28262.362,0.0,140.0,90.5,22.7,15.96,171.5,33.4,151.8,28.91,33.15,33.7,94.5,15.700000000000001,57.800000000000004,100.0,240.5,2888.0,1.32,36.6,15.01,7.03,36.03,29.03,0.0,241.5,1200.0
28322.362,0.0,140.0,91.80000000000001,22.61,16.04,171.0,33.25,150.6,28.94,33.25,33.9,93.0,15.65,57.300000000000004,99.5,240.5,2890.0,1.36,36.6,14.97,7.0600000000000005,35.97,28.990000000000002,1.0,242.5,1200.0
28382.362,0.0,140.0,90.60000000000001,22.66,15.97,170.0,33.4,152.0,28.97,33.3,33.75,92.0,15.700000000000001,57.1,100.0,245.5,2891.0,1.48,36.7,14.97,6.98,35.97,29.01,3.0,239.5,1200.0
28442.362,0.0,140.0,90.30000000000001,22.64,15.92,172.0,33.35,150.5,29.03,33.27,33.75,92.5,15.75,57.5,100.0,237.0,2888.0,1.3900000000000001,36.7,14.98,7.01,35.97,28.95,1.0,240.5,1200.0
28502.361,0.0,140.0,90.9,22.78,15.93,172.5,33.4,149.70000000000002,28.92,33.27,33.75,93.0,15.850000000000001,57.900000000000006,99.9,245.0,2893.0,1.46,36.6,14.96,7.0600000000000005,35.99,28.990000000000002,0.0,244.5,1200.0
28562.361,0.0,140.0,91.30000000000001,22.67,15.97,170.5,33.35,150.5,28.92,33.25,33.85,92.5,15.75,57.6,99.9,236.5,2893.0,1.36,36.7,15.05,7.0,35.92,28.98,0.0,244.0,1200.0
28622.361,0.0,140.0,90.7,22.62,16.04,173.0,33.35,152.1,28.900000000000002,33.33,33.85,92.5,15.700000000000001,57.5,100.0,240.0,2894.0,1.32,36.85,14.98,7.01,35.980000000000004,29.04,0.0,241.5,1200.0
28682.361,0.0,140.0,89.9,22.69,16.0,172.5,33.4,150.3,29.01,33.26,33.95,92.0,15.8,58.0,100.0,241.5,2895.0,1.2,36.550000000000004,15.05,6.96,35.88,28.96,2.0,239.0,1200.0
28742.361,0.0,140.0,89.80000000000001,22.76,16.0,174.0,33.45,151.3,28.95,33.34,34.0,92.0,15.65,57.900000000000006,99.7,241.0,2897.0,1.32,36.6,14.89,7.07,36.0,28.95,0.0,241.0,1200.0
28802.361,0.0,140.0,91.2,22.71,16.0,172.0,33.45,149.6,28.990000000000002,33.36,33.85,92.5,15.700000000000001,57.300000000000004,100.0,237.0,2897.0,1.3800000000000001,36.75,15.0,7.0600000000000005,36.02,29.02,0.0,244.0,1200.0
28862.36,0.0,140.0,91.7,22.7,15.93,171.5,33.5,150.3,28.95,33.32,33.9,92.0,15.75,57.7,100.0,240.0,2901.0,1.42,36.85,14.97,6.97,36.1,29.04,0.0,245.5,1200.0
28922.36,0.0,140.0,91.7,22.7,15.98,171.5,33.4,153.4,29.01,33.38,33.85,92.0,15.600000000000001,57.400000000000006,100.0,241.5,2900.0,1.57,36.75,14.98,6.96,36.02,29.02,0.0,242.0,1200.0
28982.36,0.0,140.0,91.9,22.72,16.02,172.5,33.4,153.5,29.060000000000002,33.43,33.75,92.0,15.700000000000001,58.5,99.9,244.0,2897.0,1.37,36.7,15.040000000000001,7.01,35.980000000000004,29.05,0.0,242.5,1200.0
29042.36,0.0,140.0,91.30000000000001,22.73,16.01,169.5,33.550000000000004,151.6,29.01,33.31,33.85,91.5,15.75,57.300000000000004,100.0,239.5,2895.0,1.34,36.65,15.01,6.95,36.02,28.98,0.0,243.0,1200.0
29102.36,0.0,140.0,90.4,22.73,16.02,171.5,33.5,151.3,29.03,33.4,33.85,92.0,15.65,58.0,99.80000000000001,245.0,2900.0,1.59,36.7,15.0,7.01,36.06,28.990000000000002,1.0,243.5,1200.0
29162.359,0.0,140.0,88.9,22.72,16.01,171.5,33.300000000000004,150.70000000000002,29.04,33.3,33.95,94.0,15.8,57.800000000000004,99.80000000000001,241.0,2898.0,1.33,36.800000000000004,15.02,6.99,35.88,28.97,0.0,244.5,1200.0
29222.359,0.0,140.0,90.2,22.71,16.02,174.0,33.45,152.5,28.97,33.4,33.95,92.0,15.65,57.2,100.0,235.5,2899.0,1.29,36.75,14.96,7.0,35.99,29.02,0.0,242.0,1200.0
29282.359,0.0,140.0,90.2,22.66,16.01,170.5,33.4,152.5,29.02,33.34,33.800000000000004,93.0,15.700000000000001,57.7,99.5,241.5,2895.0,1.53,36.7,15.02,6.91,36.050000000000004,29.05,0.0,241.5,1200.0
29342.359,0.0,140.0,90.30000000000001,22.66,15.97,172.5,33.550000000000004,151.9,29.03,33.28,33.9,90.5,15.8,57.800000000000004,100.0,242.5,2896.0,1.18,36.75,15.01,6.94,35.99,29.02,1.0,246.5,1200.0
29402.359,0.0,140.0,89.7,22.72,16.05,169.5,33.5,150.9,28.91,33.3,33.9,94.0,15.850000000000001,57.5,100.0,238.0,2898.0,1.48,36.7,14.96,7.04,35.99,28.990000000000002,0.0,238.5,1200.0
29462.359,0.0,140.0,90.10000000000001,22.7,15.89,171.0,33.45,151.1,28.98,33.29,34.0,94.5,15.850000000000001,58.0,100.0,238.5,2896.0,1.46,36.65,15.0,6.96,35.89,28.95,0.0,245.0,1200.0
29522.358,0.0,140.0,90.30000000000001,22.6,16.01,172.0,33.300000000000004,153.70000000000002,28.94,33.38,33.85,91.0,15.700000000000001,57.900000000000006,99.60000000000001,239.0,2896.0,1.27,36.800000000000004,14.97,7.08,36.06,29.04,0.0,240.0,1200.0
29582.358,0.0,140.0,90.4,22.71,16.1,170.0,33.550000000000004,151.0,28.97,33.36,33.800000000000004,92.5,15.8,57.5,99.9,243.0,2900.0,1.4000000000000001,36.7,14.97,6.94,35.94,28.97,0.0,246.5,1200.0
29642.358,0.0,140.0,89.10000000000001,22.64,16.0,173.0,33.45,153.1,28.97,33.25,33.75,92.5,15.65,57.0,100.0,244.5,2900.0,1.46,36.7,15.0,6.91,35.96,28.96,1.0,242.5,1200.0
29702.358,0.0,140.0,91.9,22.67,16.01,173.5,33.45,151.20000000000002,28.93,33.35,33.85,92.5,15.700000000000001,57.0,99.7,241.5,2893.0,1.26,36.85,15.0,6.98,35.92,28.93,0.0,245.0,1200.0
29762.358,0.0,140.0,91.30000000000001,22.72,16.02,172.5,33.6,153.0,28.900000000000002,33.28,33.75,94.5,15.75,57.300000000000004,100.0,242.0,2899.0,1.42,36.800000000000004,15.0,7.03,36.0,29.02,0.0,244.0,1200.0
29822.357,0.0,140.0,89.10000000000001,22.64,15.96,171.0,33.45,149.9,29.080000000000002,33.3,33.85,94.5,15.8,57.800000000000004,99.2,238.5,2887.0,1.28,36.9,14.950000000000001,7.01,35.9,28.98,0.0,238.5,1200.0
29882.357,0.0,140.0,90.0,22.63,15.98,173.0,33.35,152.4,28.990000000000002,33.19,33.85,92.5,15.75,57.300000000000004,100.0,237.0,2894.0,1.37,36.85,14.99,7.03,36.03,28.97,4.0,243.5,1200.0
29942.357,0.0,140.0,89.10000000000001,22.64,15.950000000000001,171.0,33.45,152.4,29.05,33.24,33.85,93.5,15.600000000000001,57.5,99.30000000000001,245.0,2895.0,1.3800000000000001,36.6,14.94,7.0,35.97,28.85,0.0,240.5,1200.0
30002.357,0.0,140.0,89.80000000000001,22.64,15.96,171.5,33.4,151.5,28.98,33.35,33.85,92.0,15.850000000000001,58.1,100.0,239.0,2890.0,1.46,36.800000000000004,15.05,7.07,36.06,28.96,0.0,236.0,1200.0
30062.357,0.0,140.0,90.9,22.62,16.03,172.5,33.4,151.0,28.95,33.26,33.85,93.5,15.700000000000001,57.1,99.9,232.0,2889.0,1.25,36.75,15.0,6.96,36.04,28.96,0.0,238.5,1200.0
30122.357,0.0,140.0,91.5,22.68,16.01,169.0,33.35,152.5,28.98,33.3,33.7,92.5,15.75,57.6,99.5,239.0,2897.0,1.41,36.6,14.9,7.01,36.050000000000004,28.98,0.0,237.5,1200.0
30182.356,0.0,140.0,92.30000000000001,22.69,15.97,171.5,33.45,151.1,28.95,33.22,33.85,95.0,15.55,57.2,100.0,237.0,2897.0,1.33,36.800000000000004,15.040000000000001,6.99,35.97,29.02,0.0,238.5,1200.0
30242.356,0.0,140.0,91.0,22.59,16.0,171.0,33.45,151.1,28.96,33.230000000000004,33.85,92.0,15.700000000000001,57.400000000000006,99.9,239.5,2892.0,1.42,36.800000000000004,15.05,7.04,35.99,28.97,0.0,239.5,1200.0
30302.356,0.0,140.0,93.10000000000001,22.67,15.97,171.5,33.45,150.9,29.02,33.36,33.800000000000004,94.0,15.850000000000001,57.400000000000006,100.0,241.0,2892.0,1.49,36.75,15.01,7.03,35.92,28.89,0.0,245.5,1200.0
30362.356,0.0,140.0,90.5,22.66,15.99,169.0,33.5,151.3,29.0,33.27,33.85,93.0,15.700000000000001,57.2,100.0,238.5,2895.0,1.45,36.800000000000004,15.040000000000001,7.05,36.03,29.0,2.0,241.0,1200.0
30422.356,0.0,140.0,91.5,22.67,15.98,171.5,33.4,151.4,28.88,33.28,33.800000000000004,93.0,15.700000000000001,57.6,99.80000000000001,239.0,2895.0,1.34,36.75,14.99,7.0,35.94,28.94,0.0,240.0,1200.0
30482.356,0.0,140.0,91.30000000000001,22.69,16.05,170.0,33.4,150.70000000000002,28.97,33.33,33.75,91.5,15.75,57.800000000000004,99.80000000000001,237.5,2895.0,1.48,36.800000000000004,14.97,6.96,36.07,29.11,0.0,236.5,1200.0
30542.355,0.0,140.0,90.0,22.75,15.98,172.5,33.6,150.20000000000002,29.04,33.2,33.9,91.5,15.600000000000001,57.2,100.0,243.5,2893.0,1.36,36.65,15.030000000000001,6.95,36.01,29.0,2.0,234.5,1200.0
30602.355,0.0,140.0,90.30000000000001,22.73,15.96,171.0,33.300000000000004,152.0,28.990000000000002,33.32,33.85,91.0,15.600000000000001,58.2,99.7,240.5,2894.0,1.46,36.75,15.0,7.0200000000000005,35.95,29.05,1.0,239.0,1200.0
30662.355,0.0,140.0,91.2,22.7,16.01,172.5,33.35,152.8,28.990000000000002,33.230000000000004,33.85,93.0,15.75,57.7,100.0,237.5,2896.0,1.34,36.7,14.99,6.92,36.050000000000004,28.95,1.0,239.0,1200.0
30722.355,0.0,140.0,89.2,22.7,16.0,171.0,33.5,151.0,28.95,33.24,33.9,92.5,15.8,57.300000000000004,99.7,239.5,2898.0,1.47,36.800000000000004,14.98,6.93,36.01,29.04,0.0,242.5,1200.0
30782.355,0.0,140.0,92.5,22.67,16.0,172.5,33.5,153.4,28.94,33.32,33.75,91.0,15.700000000000001,57.5,99.9,242.5,2898.0,1.37,36.7,14.94,7.05,35.9,28.88,0.0,240.5,1200.0
30842.355,0.0,140.0,92.10000000000001,22.740000000000002,15.950000000000001,169.0,33.4,150.3,29.1,33.25,33.800000000000004,92.5,15.65,58.1,99.9,238.0,2895.0,1.52,36.800000000000004,15.02,6.99,36.02,28.88,0.0,246.0,1200.0
30902.354,0.0,140.0,92.2,22.7,15.94,173.5,33.6,151.9,29.05,33.4,33.9,93.5,15.55,57.1,99.80000000000001,236.0,2898.0,1.43,36.65,14.96,7.07,36.04,29.02,2.0,240.5,1200.0
30962.354,0.0,140.0,89.60000000000001,22.66,15.93,172.0,33.4,152.3,29.0,33.22,33.85,91.0,15.600000000000001,57.300000000000004,99.7,241.5,2892.0,1.33,36.75,14.98,7.01,35.99,29.04,1.0,241.5,1200.0
31022.354,0.0,140.0,92.10000000000001,22.77,16.02,174.0,33.5,152.1,28.95,33.34,33.800000000000004,91.0,15.700000000000001,57.400000000000006,99.9,242.0,2892.0,1.3900000000000001,36.85,14.97,7.05,35.92,29.04,2.0,244.5,1200.0
31082.354,0.0,140.0,90.60000000000001,22.73,16.07,172.0,33.4,150.70000000000002,28.990000000000002,33.36,33.75,91.5,15.55,57.800000000000004,99.80000000000001,243.5,2895.0,1.36,36.85,15.02,7.01,36.13,29.060000000000002,2.0,238.0,1200.0
31142.354,0.0,140.0,90.5,22.77,15.97,171.0,33.5,150.70000000000002,28.990000000000002,33.27,33.75,90.5,15.75,57.400000000000006,99.9,239.5,2896.0,1.36,36.9,15.07,7.01,36.06,28.95,0.0,243.0,1200.0
31202.354,0.0,140.0,90.7,22.71,15.96,171.0,33.300000000000004,151.3,28.93,33.32,33.800000000000004,91.5,15.8,57.5,100.0,237.5,2899.0,1.45,36.7,15.0,6.97,35.96,28.97,1.0,237.5,1200.0
31262.353,0.0,140.0,91.60000000000001,22.72,15.94,170.5,33.550000000000004,149.6,28.94,33.33,33.9,95.5,15.700000000000001,57.5,100.0,244.5,2899.0,1.36,36.85,15.01,7.0,36.01,28.96,2.0,240.0,1200.0
31322.353,0.0,140.0,90.30000000000001,22.67,15.97,172.5,33.4,151.8,29.0,33.33,33.85,94.0,15.600000000000001,57.5,99.60000000000001,240.5,2896.0,1.27,36.65,15.040000000000001,6.97,36.0,28.98,0.0,241.5,1200.0
31382.353,0.0,140.0,90.4,22.71,15.98,170.5,33.550000000000004,150.20000000000002,28.990000000000002,33.27,33.85,93.0,15.8,57.5,99.7,244.0,2904.0,1.51,36.75,15.05,6.94,36.02,29.07,1.0,240.5,1200.0
31442.353,0.0,140.0,90.10000000000001,22.69,16.01,172.0,33.550000000000004,152.0,29.080000000000002,33.36,34.0,90.0,15.700000000000001,57.6,99.9,245.5,2898.0,1.3900000000000001,36.9,15.030000000000001,6.98,35.95,29.07,1.0,243.5,1200.0
31502.353,0.0,140.0,90.60000000000001,22.66,15.98,172.5,33.6,151.4,29.1,33.39,33.9,89.5,15.75,57.6,99.7,240.5,2903.0,1.21,36.75,14.98,7.0200000000000005,36.07,28.92,3.0,243.0,1200.0
31562.353,0.0,140.0,91.30000000000001,22.69,16.01,171.0,33.45,151.20000000000002,29.05,33.4,34.0,92.0,15.700000000000001,56.900000000000006,100.0,243.0,2896.0,1.33,36.75,15.01,6.99,35.92,28.93,2.0,243.0,1200.0
31622.352,0.0,140.0,90.60000000000001,22.63,16.02,172.0,33.5,151.0,29.080000000000002,33.42,33.800000000000004,92.0,15.600000000000001,58.0,100.0,243.0,2898.0,1.46,36.9,15.05,7.03,35.97,28.990000000000002,1.0,240.0,1200.0
31682.352,0.0,140.0,91.9,22.64,16.02,173.0,33.5,150.3,29.1,33.480000000000004,33.85,92.5,15.850000000000001,57.300000000000004,99.60000000000001,245.0,2906.0,1.45,36.75,15.05,7.03,35.96,28.93,0.0,244.0,1200.0
31742.352,0.0,140.0,90.30000000000001,22.62,15.98,171.5,33.550000000000004,152.70000000000002,29.13,33.4,33.85,92.5,15.75,57.1,99.60000000000001,240.5,2905.0,1.44,36.7,15.06,7.0200000000000005,35.980000000000004,29.01,0.0,242.5,1200.0
31802.352,0.0,140.0,91.80000000000001,22.68,15.96,174.5,33.6,151.6,29.2,33.39,34.0,93.5,15.65,57.400000000000006,100.0,243.0,2904.0,1.3800000000000001,36.85,15.0,7.01,35.980000000000004,29.0,0.0,241.5,1200.0
31862.352,0.0,140.0,90.60000000000001,22.61,16.01,173.5,33.45,150.9,29.13,33.4,33.85,93.0,15.75,57.0,99.5,244.5,2905.0,1.33,36.800000000000004,14.98,7.04,36.050000000000004,29.0,1.0,245.0,1200.0
31922.352,0.0,140.0,90.9,22.64,16.02,171.0,33.6,150.70000000000002,29.05,33.4,34.0,95.5,15.75,56.900000000000006,99.7,245.5,2907.0,1.58,36.85,14.92,6.98,35.95,28.97,0.0,240.0,1200.0
31982.351,0.0,140.0,88.7,22.59,16.0,173.5,33.6,152.20000000000002,29.1,33.52,33.95,90.0,15.75,56.900000000000006,100.0,243.5,2899.0,1.6600000000000001,36.95,15.02,6.95,35.99,29.080000000000002,0.0,243.0,1200.0
32042.351,0.0,140.0,90.4,22.68,16.06,173.5,33.6,150.0,29.23,33.49,33.85,92.0,15.700000000000001,57.5,100.0,242.5,2904.0,1.46,36.75,15.040000000000001,6.94,35.99,29.1,0.0,240.5,1200.0
32102.351,0.0,140.0,92.10000000000001,22.62,16.03,174.0,33.550000000000004,151.6,29.19,33.45,33.9,91.0,15.75,57.6,100.0,239.5,2906.0,1.3800000000000001,36.800000000000004,14.97,7.03,35.95,29.0,1.0,240.5,1200.0
32162.351,0.0,140.0,91.2,22.650000000000002,15.97,170.5,33.7,151.0,29.11,33.45,33.9,92.0,15.8,57.300000000000004,100.0,241.0,2908.0,1.3900000000000001,36.800000000000004,14.96,7.01,36.050000000000004,29.03,0.0,244.0,1200.0
32222.351,0.0,140.0,90.2,22.66,16.04,173.0,33.4,151.6,29.19,33.480000000000004,34.0,93.5,15.850000000000001,57.300000000000004,99.7,243.0,2907.0,1.47,36.85,14.99,7.0,36.03,28.990000000000002,0.0,243.0,1200.0
32282.351,0.0,140.0,90.60000000000001,22.73,15.93,173.0,33.7,151.4,29.2,33.47,34.050000000000004,94.5,15.8,57.6,100.0,248.0,2907.0,1.3800000000000001,36.9,14.950000000000001,6.95,36.01,28.990000000000002,0.0,243.0,1200.0
32342.35,0.0,140.0,88.5,22.73,15.99,171.0,33.6,151.6,29.13,33.43,33.85,90.0,15.75,57.400000000000006,99.80000000000001,243.0,2902.0,1.27,36.800000000000004,14.97,7.05,36.03,29.02,1.0,243.0,1200.0
32402.35,0.0,140.0,90.60000000000001,22.71,16.03,172.5,33.7,151.20000000000002,29.150000000000002,33.45,34.1,91.0,15.700000000000001,57.400000000000006,100.0,245.5,2909.0,1.3900000000000001,36.95,15.030000000000001,7.01,35.9,28.990000000000002,1.0,237.0,1200.0
32462.35,0.0,140.0,91.4,22.650000000000002,15.97,172.5,33.550000000000004,152.70000000000002,29.12,33.44,33.95,89.5,15.75,57.6,100.0,242.5,2908.0,1.48,36.9,15.02,7.04,35.99,29.02,0.0,241.0,1200.0
32522.35,0.0,140.0,91.5,22.68,16.01,172.5,33.65,153.0,29.05,33.52,34.050000000000004,91.0,15.75,57.5,99.9,239.5,2908.0,1.32,36.85,15.06,6.96,35.9,29.01,1.0,242.5,1200.0
32582.35,0.0,140.0,91.30000000000001,22.76,15.96,174.0,33.6,152.20000000000002,29.1,33.5,34.0,94.0,15.75,57.400000000000006,100.0,242.0,2907.0,1.48,36.95,15.02,7.0200000000000005,35.96,29.07,0.0,242.0,1200.0
32642.35,0.0,140.0,89.80000000000001,22.66,16.080000000000002,171.0,33.5,152.20000000000002,29.09,33.33,33.75,93.0,15.75,57.5,100.0,246.5,2899.0,1.4000000000000001,37.0,15.07,7.01,36.050000000000004,28.95,2.0,244.0,1200.0
32702.349,0.0,140.0,89.2,22.740000000000002,15.93,174.5,33.35,151.20000000000002,29.04,33.42,33.800000000000004,92.0,15.850000000000001,57.400000000000006,99.7,241.5,2908.0,1.27,36.9,15.040000000000001,6.97,35.99,29.07,0.0,240.5,1200.0
32762.349,0.0,140.0,90.10000000000001,22.740000000000002,16.01,173.5,33.5,150.70000000000002,29.13,33.34,33.9,94.5,15.850000000000001,58.0,99.60000000000001,241.0,2900.0,1.4000000000000001,36.9,14.96,7.05,36.02,29.0,0.0,245.5,1200.0
32822.349,0.0,140.0,91.4,22.71,16.01,172.0,33.550000000000004,150.20000000000002,28.97,33.43,33.95,94.0,15.75,57.5,100.0,244.5,2902.0,1.35,37.0,15.01,6.98,36.0,28.990000000000002,1.0,240.0,1200.0
32882.349,0.0,140.0,91.10000000000001,22.67,16.02,170.0,33.45,152.9,29.09,33.37,33.85,92.0,15.600000000000001,58.0,99.80000000000001,240.5,2909.0,1.3800000000000001,36.95,15.030000000000001,7.04,36.13,28.98,0.0,237.5,1200.0
32942.349,0.0,140.0,90.5,22.67,16.06,171.0,33.35,152.0,29.01,33.36,33.9,91.0,15.700000000000001,58.300000000000004,99.9,242.0,2899.0,1.23,36.95,14.96,6.97,35.97,28.900000000000002,0.0,241.0,1200.0
33002.349,0.0,140.0,90.80000000000001,22.72,16.0,173.0,33.5,151.70000000000002,29.060000000000002,33.34,33.9,94.0,15.75,57.6,100.0,238.0,2903.0,1.42,37.0,15.05,6.98,36.050000000000004,29.060000000000002,1.0,239.0,1200.0
33062.348,0.0,140.0,89.9,22.650000000000002,16.03,171.5,33.4,152.1,28.96,33.34,33.9,91.5,15.75,57.300000000000004,100.0,239.0,2900.0,1.34,36.800000000000004,15.030000000000001,6.92,36.02,29.05,0.0,241.0,1200.0
33122.348,0.0,140.0,91.0,22.8,15.97,172.5,33.4,152.3,28.98,33.34,33.85,91.5,15.75,57.400000000000006,99.80000000000001,239.0,2900.0,1.3900000000000001,36.9,14.99,7.0200000000000005,35.980000000000004,29.01,0.0,243.5,1200.0
33182.348,0.0,140.0,91.30000000000001,22.71,15.950000000000001,171.5,33.45,149.9,29.02,33.35,33.85,92.5,15.65,57.800000000000004,100.0,247.5,2898.0,1.45,36.75,15.0,6.97,36.09,28.95,0.0,241.0,1200.0
33242.348,0.0,140.0,89.5,22.8,15.99,170.5,33.4,150.6,28.98,33.27,33.75,91.5,15.700000000000001,58.0,99.9,241.0,2896.0,1.54,37.0,14.94,6.97,35.95,29.11,0.0,243.0,1200.0
33302.348,0.0,140.0,92.10000000000001,22.72,16.02,170.5,33.4,151.3,28.96,33.4,33.85,93.5,15.700000000000001,57.6,100.0,241.5,2897.0,1.62,36.95,15.0,7.01,35.93,28.96,0.0,240.5,1200.0
33362.348,0.0,140.0,91.10000000000001,22.68,15.98,169.5,33.300000000000004,152.9,28.97,33.3,33.9,95.0,15.65,57.800000000000004,99.80000000000001,241.5,2895.0,1.54,36.75,15.0,6.97,36.07,28.990000000000002,0.0,241.5,1200.0
33422.348,0.0,140.0,91.2,22.740000000000002,15.99,171.5,33.45,150.9,28.93,33.230000000000004,33.9,92.0,15.850000000000001,58.6,99.60000000000001,243.0,2899.0,1.27,36.85,14.98,7.01,36.01,29.04,0.0,241.0,1200.0
33482.347,0.0,140.0,91.10000000000001,22.76,16.07,171.0,33.45,152.3,28.97,33.160000000000004,33.800000000000004,92.0,15.65,57.400000000000006,100.0,244.0,2900.0,1.4000000000000001,36.95,15.040000000000001,7.01,36.07,29.01,2.0,247.5,1200.0
33542.347,0.0,140.0,92.5,22.67,16.03,170.0,33.4,151.5,29.02,33.230000000000004,33.75,94.5,15.55,58.0,100.0,239.5,2899.0,1.48,36.7,15.030000000000001,7.03,36.09,28.96,0.0,239.5,1200.0
33602.347,0.0,140.0,90.60000000000001,22.77,16.0,172.0,33.35,150.8,28.94,33.18,33.75,93.5,15.9,57.7,100.0,247.0,2901.0,1.48,36.800000000000004,15.01,7.0600000000000005,36.09,29.0,0.0,236.5,1200.0
33662.347,0.0,140.0,90.4,22.76,15.92,172.5,33.25,151.8,28.91,33.2,33.65,93.0,15.700000000000001,57.900000000000006,99.9,239.0,2894.0,1.58,36.9,14.96,6.96,35.96,29.0,2.0,241.5,1200.0
33722.347,0.0,140.0,89.80000000000001,22.73,15.97,169.5,33.35,152.5,28.95,33.29,33.800000000000004,93.5,15.9,57.800000000000004,100.0,239.5,2899.0,1.55,36.65,14.96,7.0200000000000005,35.97,28.93,1.0,244.5,1200.0
33782.347,0.0,140.0,91.2,22.69,15.99,171.5,33.45,151.4,28.95,33.42,33.75,93.0,15.600000000000001,57.5,99.60000000000001,246.5,2895.0,1.57,36.800000000000004,15.0,7.08,35.99,29.05,0.0,236.0,1200.0
33842.346,0.0,140.0,90.7,22.71,16.04,172.5,33.35,152.3,28.900000000000002,33.32,33.75,91.5,15.8,58.0,99.80000000000001,241.0,2898.0,1.51,36.9,15.01,7.0,36.01,28.96,0.0,240.5,1200.0
33902.346,0.0,140.0,90.0,22.650000000000002,16.02,174.0,33.4,150.9,28.93,33.25,33.800000000000004,91.0,15.75,57.6,100.0,245.5,2893.0,1.48,36.85,15.02,6.96,36.03,28.97,1.0,241.0,1200.0
33962.346,0.0,140.0,91.0,22.72,15.92,172.5,33.35,151.20000000000002,28.98,33.3,33.75,92.0,15.65,57.800000000000004,99.7,244.0,2888.0,1.35,36.75,14.97,6.96,36.0,28.96,2.0,233.5,1200.0
34022.346,0.0,140.0,90.30000000000001,22.66,15.97,172.5,33.5,149.5,28.86,33.25,33.800000000000004,92.0,15.700000000000001,58.2,99.7,239.5,2894.0,1.32,36.7,15.01,6.94,35.980000000000004,28.96,0.0,239.5,1200.0
34082.346,0.0,140.0,91.5,22.64,16.0,169.5,33.4,151.70000000000002,28.95,33.24,33.800000000000004,92.5,15.700000000000001,57.800000000000004,100.0,238.0,2896.0,1.44,36.65,14.98,6.94,36.08,28.94,0.0,238.5,1200.0
34142.346,0.0,140.0,89.2,22.64,15.99,173.5,33.4,153.20000000000002,28.94,33.25,33.75,95.0,15.8,57.800000000000004,100.0,238.5,2896.0,1.41,36.7,15.0,6.99,36.07,28.98,2.0,237.0,1200.0
34202.346,0.0,140.0,91.7,22.67,16.02,172.0,33.300000000000004,150.9,28.93,33.19,33.9,91.5,15.700000000000001,57.5,100.0,240.5,2887.0,1.37,36.75,15.0,7.01,35.980000000000004,29.03,0.0,239.0,1200.0
34262.345,0.0,140.0,91.4,22.68,15.97,172.0,33.25,150.6,28.94,33.27,33.800000000000004,93.5,15.75,58.1,100.0,239.0,2893.0,1.46,36.800000000000004,15.030000000000001,6.97,36.01,29.04,0.0,244.0,1200.0
34322.345,0.0,140.0,89.60000000000001,22.7,16.07,171.5,33.35,151.8,28.92,33.25,33.800000000000004,91.0,15.65,58.0,99.80000000000001,242.5,2894.0,1.18,36.75,14.96,7.0,35.980000000000004,29.080000000000002,1.0,239.5,1200.0
34382.345,0.0,140.0,91.4,22.71,16.03,171.0,33.35,151.20000000000002,28.94,33.21,33.9,90.5,15.700000000000001,58.2,100.0,237.5,2891.0,1.35,36.7,15.05,7.0,35.88,28.91,0.0,240.5,1200.0
34442.345,0.0,140.0,90.30000000000001,22.64,15.97,172.5,33.5,151.70000000000002,28.91,33.2,33.800000000000004,92.0,15.75,58.0,100.0,243.0,2892.0,1.5,36.75,14.97,7.07,35.97,29.09,0.0,244.5,1200.0
34502.345,0.0,140.0,88.4,22.69,16.02,171.0,33.4,151.1,28.93,33.22,33.75,92.5,15.850000000000001,58.0,100.0,238.0,2889.0,1.29,36.85,14.99,6.98,35.97,29.01,0.0,239.0,1200.0
34562.345,0.0,140.0,90.7,22.76,16.01,173.0,33.45,154.8,28.900000000000002,33.28,33.75,91.0,15.75,57.5,100.0,237.0,2893.0,1.56,36.65,14.93,6.97,36.06,28.97,3.0,242.0,1200.0
34622.344,0.0,140.0,90.9,22.69,16.05,171.5,33.15,153.4,28.91,33.21,33.85,93.5,15.65,57.300000000000004,100.0,239.0,2887.0,1.49,36.7,14.98,6.99,36.03,28.95,0.0,237.5,1200.0
34682.344,0.0,140.0,91.7,22.57,16.06,171.0,33.300000000000004,152.5,28.88,33.32,33.95,93.0,15.75,57.7,99.80000000000001,237.0,2889.0,1.3800000000000001,36.65,15.030000000000001,7.0200000000000005,35.97,29.01,0.0,237.0,1200.0
34742.344,0.0,140.0,91.0,22.7,16.01,171.0,33.35,152.1,28.92,33.2,33.7,94.0,15.75,57.7,100.0,246.5,2889.0,1.35,36.550000000000004,15.030000000000001,7.05,36.04,29.02,1.0,239.0,1200.0
34802.344,0.0,140.0,90.9,22.71,16.01,170.5,33.5,151.0,28.900000000000002,33.230000000000004,33.7,93.5,15.700000000000001,57.7,100.0,238.0,2892.0,1.26,36.7,14.98,6.95,35.96,29.02,0.0,240.5,1200.0
34862.344,0.0,140.0,89.80000000000001,22.68,15.98,171.0,33.25,153.0,28.92,33.230000000000004,33.95,93.5,15.75,57.800000000000004,100.0,240.5,2890.0,1.4000000000000001,36.7,15.02,6.98,36.0,29.02,2.0,236.5,1200.0
34922.344,0.0,140.0,88.80000000000001,22.7,16.0,171.5,33.4,151.20000000000002,28.78,33.32,33.75,92.0,15.700000000000001,57.7,100.0,243.0,2889.0,1.28,36.65,15.06,6.96,36.06,29.04,0.0,236.0,1200.0
34982.344,0.0,140.0,91.10000000000001,22.69,16.04,173.0,33.35,152.0,28.900000000000002,33.2,34.0,92.5,15.65,58.0,99.7,237.5,2896.0,1.33,36.6,15.02,6.99,35.94,28.98,0.0,238.0,1200.0
35042.343,0.0,140.0,90.10000000000001,22.72,15.96,171.0,33.4,150.70000000000002,28.93,33.26,33.9,93.5,15.8,57.800000000000004,100.0,242.0,2894.0,1.45,36.75,15.0,7.0,35.97,28.93,0.0,240.0,1200.0
35102.343,0.0,140.0,92.30000000000001,22.69,15.97,169.0,33.5,151.4,29.0,33.32,33.800000000000004,93.5,15.65,57.7,99.4,241.0,2893.0,1.5,36.7,15.030000000000001,6.99,35.97,29.07,0.0,242.5,1200.0
35162.343,0.0,140.0,90.5,22.68,15.93,173.5,33.5,152.20000000000002,28.91,33.27,33.75,92.5,15.8,57.800000000000004,100.0,241.0,2893.0,1.3900000000000001,36.75,14.91,6.98,35.980000000000004,28.97,1.0,241.0,1200.0
35222.343,0.0,140.0,90.7,22.75,15.98,171.5,33.5,151.3,28.93,33.32,33.85,91.5,15.65,58.1,100.0,240.0,2888.0,1.52,36.75,15.030000000000001,7.0200000000000005,36.050000000000004,28.95,1.0,240.0,1200.0
35282.343,0.0,140.0,91.2,22.740000000000002,16.03,171.0,33.45,151.6,28.97,33.08,33.95,91.5,15.65,58.0,99.9,239.0,2894.0,1.34,36.800000000000004,15.030000000000001,6.95,35.95,29.03,2.0,245.5,1200.0
35342.343,0.0,140.0,92.60000000000001,22.7,15.950000000000001,173.0,33.5,150.3,28.900000000000002,33.28,33.85,92.0,15.75,57.6,100.0,241.5,2900.0,1.45,36.65,15.02,6.99,36.0,28.96,0.0,239.5,1200.0
35402.343,0.0,140.0,91.80000000000001,22.71,16.06,172.5,33.300000000000004,149.3,29.03,33.31,33.75,93.0,15.8,57.1,100.0,238.0,2904.0,1.29,36.65,15.01,7.0200000000000005,36.01,28.990000000000002,0.0,243.0,1200.0
35462.342,0.0,140.0,89.30000000000001,22.82,16.03,171.5,33.4,151.1,29.080000000000002,33.34,33.65,93.5,15.700000000000001,57.2,99.9,240.0,2903.0,1.26,36.85,15.07,6.96,35.96,29.0,0.0,240.0,1200.0
35522.342,0.0,140.0,90.60000000000001,22.7,15.97,172.0,33.35,149.3,28.86,33.33,33.85,91.0,15.8,58.0,99.80000000000001,242.0,2900.0,1.55,36.75,14.91,6.96,36.03,29.03,0.0,243.0,1200.0
35582.342,0.0,140.0,90.4,22.69,16.05,172.0,33.35,152.20000000000002,28.98,33.39,33.75,92.0,15.600000000000001,57.7,100.0,243.0,2902.0,1.51,36.85,14.94,6.96,36.08,29.05,1.0,242.0,1200.0
35642.342,0.0,140.0,90.60000000000001,22.66,15.98,172.5,33.45,149.3,28.86,33.42,33.800000000000004,92.5,15.700000000000001,57.900000000000006,100.0,245.0,2897.0,1.44,36.95,14.93,7.0,35.910000000000004,29.0,1.0,246.5,1200.0
35702.342,0.0,140.0,90.7,22.72,16.03,171.5,33.45,152.6,28.92,33.3,33.7,91.0,15.75,57.7,99.60000000000001,241.0,2899.0,1.45,36.95,14.99,6.96,36.02,29.060000000000002,0.0,241.5,1200.0
35762.342,0.0,140.0,90.9,22.69,16.01,171.5,33.2,150.3,28.990000000000002,33.32,33.75,92.5,15.700000000000001,57.6,100.0,240.0,2897.0,1.48,36.800000000000004,15.08,7.07,36.08,28.98,0.0,236.5,1200.0
35822.342,0.0,140.0,91.9,22.81,15.97,170.5,33.4,151.8,28.94,33.37,33.9,92.5,15.700000000000001,57.5,99.60000000000001,244.0,2894.0,1.51,36.800000000000004,14.96,7.0,35.96,28.92,1.0,240.0,1200.0
35882.341,0.0,140.0,89.4,22.71,16.01,171.0,33.300000000000004,152.3,28.990000000000002,33.28,33.800000000000004,94.5,15.600000000000001,58.2,99.60000000000001,240.0,2895.0,1.49,36.9,15.0,7.0,35.980000000000004,29.05,1.0,235.0,1200.0
35942.341,0.0,140.0,90.0,22.69,16.1,171.5,33.35,151.9,29.01,33.33,33.800000000000004,93.5,15.65,57.300000000000004,99.80000000000001,244.0,2893.0,1.49,36.65,14.950000000000001,6.97,36.050000000000004,29.03,0.0,237.0,1200.0
36002.341,0.0,140.0,89.60000000000001,22.68,16.0,171.5,33.45,150.0,28.990000000000002,33.27,33.85,92.0,15.700000000000001,57.5,99.80000000000001,243.0,2895.0,1.34,36.75,15.01,7.0,35.980000000000004,28.95,0.0,238.0,1200.0
36062.341,0.0,140.0,91.0,22.61,15.99,172.5,33.45,152.9,28.990000000000002,33.18,33.75,92.0,15.600000000000001,57.2,99.60000000000001,244.5,2890.0,1.24,36.75,14.99,6.96,36.03,29.07,0.0,236.0,1200.0
36122.341,0.0,140.0,89.10000000000001,22.650000000000002,15.9,172.0,33.550000000000004,151.6,28.95,33.19,33.9,94.0,15.65,57.400000000000006,99.7,243.0,2893.0,1.23,36.85,14.99,6.99,36.050000000000004,29.01,1.0,238.5,1200.0
36182.341,0.0,140.0,89.7,22.61,16.03,171.0,33.45,150.9,28.97,33.31,33.9,92.5,15.8,57.5,100.0,239.0,2894.0,1.49,36.800000000000004,15.0,6.95,36.01,28.95,1.0,236.0,1200.0
36242.341,0.0,140.0,91.4,22.67,16.05,171.0,33.25,151.1,28.84,33.230000000000004,33.85,94.0,15.75,57.7,100.0,238.5,2889.0,1.35,36.75,14.97,7.05,35.99,29.05,0.0,241.0,1200.0
36302.34,0.0,140.0,91.9,22.69,15.99,171.5,33.35,152.6,28.97,33.25,33.7,94.0,15.850000000000001,57.7,99.60000000000001,239.0,2894.0,1.48,36.75,15.030000000000001,7.0,35.96,28.97,0.0,238.0,1200.0
36362.34,0.0,140.0,90.7,22.7,15.96,169.5,33.25,150.5,28.93,33.32,33.800000000000004,92.0,15.75,57.800000000000004,99.9,238.5,2890.0,1.3,36.75,15.0,6.98,36.08,28.990000000000002,0.0,235.5,1200.0
36422.34,0.0,140.0,92.4,22.72,15.99,171.0,33.300000000000004,152.3,28.990000000000002,33.21,33.75,92.0,15.8,57.800000000000004,100.0,242.0,2887.0,1.33,36.75,14.96,7.0600000000000005,36.13,29.0,0.0,239.0,1200.0
36482.34,0.0,140.0,91.9,22.68,15.98,171.0,33.25,151.3,28.95,33.21,33.85,92.0,15.700000000000001,57.6,100.0,239.0,2889.0,1.37,36.7,15.040000000000001,7.04,36.06,28.96,0.0,241.5,1200.0
36542.34,0.0,140.0,91.80000000000001,22.6,16.04,172.0,33.300000000000004,151.4,28.88,33.29,33.75,93.5,15.75,57.1,99.7,240.5,2888.0,1.43,36.6,14.96,6.97,35.980000000000004,28.97,0.0,240.0,1200.0
36602.34,0.0,140.0,91.60000000000001,22.650000000000002,16.01,172.0,33.25,150.8,28.89,33.27,33.85,93.0,15.75,57.7,100.0,236.0,2891.0,1.41,36.75,15.01,7.01,35.9,29.07,1.0,235.0,1200.0
36662.34,0.0,140.0,90.9,22.66,16.05,169.5,33.4,151.8,28.900000000000002,33.160000000000004,33.65,93.5,15.55,57.7,100.0,236.0,2884.0,1.51,36.7,15.040000000000001,7.07,36.09,28.990000000000002,2.0,243.5,1200.0
36722.339,0.0,140.0,91.4,22.62,15.93,171.5,33.300000000000004,152.4,28.89,33.230000000000004,33.75,96.0,15.65,57.2,100.0,237.5,2889.0,1.43,36.550000000000004,14.94,6.99,36.02,28.93,0.0,238.5,1200.0
36782.339,0.0,140.0,89.4,22.6,16.01,169.5,33.4,150.6,28.86,33.26,33.75,94.5,15.600000000000001,57.2,99.7,242.5,2879.0,1.21,36.6,14.99,7.04,35.96,29.04,1.0,233.0,1200.0
36842.339,0.0,140.0,92.2,22.63,16.05,169.5,33.25,152.20000000000002,28.87,33.13,33.75,91.5,15.850000000000001,57.1,100.0,238.5,2885.0,1.27,36.7,14.98,6.99,36.0,28.990000000000002,0.0,237.5,1200.0
36902.339,0.0,140.0,90.7,22.64,16.05,168.0,33.35,151.5,28.93,33.24,33.75,92.0,15.65,57.800000000000004,99.7,240.5,2878.0,1.41,36.550000000000004,15.030000000000001,7.03,36.0,28.98,0.0,237.0,1200.0
36962.339,0.0,140.0,90.60000000000001,22.68,16.07,171.0,33.25,151.4,28.79,33.160000000000004,33.65,93.5,15.75,57.5,100.0,239.0,2881.0,1.32,36.6,14.98,7.05,36.07,29.04,0.0,237.5,1200.0
37022.339,0.0,140.0,90.30000000000001,22.7,16.05,170.5,33.45,149.70000000000002,28.830000000000002,33.1,33.65,94.0,15.75,57.800000000000004,100.0,238.0,2884.0,1.62,36.65,14.97,6.92,35.93,28.96,1.0,241.0,1200.0
37082.339,0.0,140.0,90.7,22.67,15.98,168.5,33.35,151.0,28.82,33.12,33.6,92.5,15.700000000000001,58.1,100.0,239.5,2881.0,1.41,36.6,14.950000000000001,6.98,35.95,29.04,0.0,241.0,1200.0
37142.338,0.0,140.0,91.30000000000001,22.72,15.84,168.5,33.35,152.6,28.76,33.11,33.65,91.5,15.8,58.0,100.0,234.5,2883.0,1.37,36.7,14.89,6.99,36.07,29.04,1.0,237.0,1200.0
37202.338,0.0,140.0,90.9,22.63,16.02,172.5,33.4,151.20000000000002,28.740000000000002,33.07,33.800000000000004,95.0,15.600000000000001,58.300000000000004,100.0,237.0,2885.0,1.32,36.7,15.05,6.97,36.03,29.09,0.0,235.5,1200.0
37262.338,0.0,140.0,90.4,22.77,16.03,171.5,33.2,151.4,28.77,33.15,33.6,92.5,15.8,57.7,100.0,235.5,2880.0,1.33,36.6,14.98,7.01,35.95,29.0,1.0,239.0,1200.0
37322.338,0.0,140.0,91.10000000000001,22.7,16.02,170.0,33.35,152.1,28.76,33.12,33.65,94.0,15.55,57.900000000000006,100.0,238.0,2888.0,1.31,36.65,15.05,7.1000000000000005,36.07,28.96,0.0,234.0,1200.0
37382.338,0.0,140.0,90.80000000000001,22.72,15.98,171.0,33.300000000000004,151.20000000000002,28.84,33.17,33.5,91.5,15.700000000000001,58.0,99.7,241.0,2881.0,1.47,36.75,15.01,6.91,35.93,28.96,0.0,239.0,1200.0
37442.338,0.0,140.0,91.80000000000001,22.7,16.01,169.5,33.45,151.8,28.84,33.15,33.7,94.0,15.600000000000001,57.7,100.0,239.0,2886.0,1.5,36.65,15.0,7.0600000000000005,36.0,28.91,1.0,240.0,1200.0
37502.338,0.0,140.0,90.60000000000001,22.66,16.02,169.5,33.15,153.8,28.76,33.17,33.6,91.0,15.75,58.300000000000004,99.7,240.5,2883.0,1.48,36.550000000000004,14.950000000000001,7.03,36.01,28.990000000000002,0.0,240.5,1200.0
37562.337,0.0,140.0,90.5,22.75,15.92,170.5,33.2,150.70000000000002,28.89,33.11,33.550000000000004,91.0,15.75,57.7,99.80000000000001,236.5,2884.0,1.3900000000000001,36.6,15.0,7.03,36.01,28.98,1.0,240.0,1200.0
37622.337,0.0,140.0,88.80000000000001,22.71,15.950000000000001,171.5,33.25,153.0,28.88,33.18,33.75,92.0,15.600000000000001,58.400000000000006,100.0,237.5,2887.0,1.34,36.550000000000004,15.0,6.98,36.03,29.05,1.0,238.0,1200.0
37682.337,0.0,140.0,91.7,22.7,16.05,172.0,33.2,150.1,28.87,33.18,33.75,92.5,15.700000000000001,58.2,100.0,238.5,2883.0,1.45,36.5,15.08,7.01,35.97,29.03,0.0,237.5,1200.0
37742.337,0.0,140.0,91.30000000000001,22.69,15.98,170.0,33.300000000000004,150.20000000000002,28.77,33.19,33.7,91.5,15.65,58.300000000000004,100.0,239.5,2884.0,1.54,36.550000000000004,14.98,7.04,36.02,29.05,0.0,238.0,1200.0
37802.337,0.0,140.0,90.4,22.73,16.04,169.5,33.4,151.1,28.82,33.17,33.7,90.0,15.65,58.2,100.0,241.5,2882.0,1.31,36.7,15.06,6.890000000000001,35.980000000000004,28.990000000000002,2.0,237.0,1200.0
37862.337,0.0,140.0,93.30000000000001,22.71,15.93,170.5,33.45,151.0,28.85,33.17,33.65,94.0,15.600000000000001,58.0,99.60000000000001,242.0,2883.0,1.36,36.75,15.01,7.01,36.01,28.98,2.0,246.0,1200.0
37922.337,0.0,140.0,91.80000000000001,22.72,16.06,171.5,33.300000000000004,152.8,28.85,33.09,33.7,91.5,15.8,57.900000000000006,100.0,243.5,2886.0,1.46,36.65,14.97,7.11,35.95,29.09,2.0,241.5,1200.0
37982.337,0.0,140.0,92.30000000000001,22.66,15.84,171.0,33.45,151.6,28.810000000000002,33.17,33.6,93.5,15.850000000000001,57.800000000000004,99.80000000000001,242.0,2891.0,1.44,36.7,14.97,7.0,36.01,28.94,2.0,233.5,1200.0
38042.336,0.0,140.0,91.60000000000001,22.68,16.04,170.5,33.25,150.9,28.75,33.14,33.550000000000004,91.0,15.75,58.2,99.7,240.0,2887.0,1.43,36.6,14.98,6.95,36.03,28.95,1.0,235.0,1200.0
38102.336,0.0,140.0,91.30000000000001,22.69,15.99,170.5,33.300000000000004,151.6,28.75,33.19,33.7,92.5,15.65,58.0,100.0,238.5,2885.0,1.4000000000000001,36.65,14.94,7.03,36.07,28.990000000000002,0.0,243.0,1200.0
38162.336,0.0,140.0,91.9,22.67,16.04,171.0,33.300000000000004,151.3,28.86,33.11,33.6,94.0,15.5,57.6,100.0,244.5,2887.0,1.3800000000000001,36.65,14.96,6.96,36.04,28.96,1.0,240.0,1200.0
38222.336,0.0,140.0,90.80000000000001,22.72,16.01,171.0,33.4,152.0,28.8,33.1,33.65,93.5,15.75,58.300000000000004,99.7,237.5,2885.0,1.51,36.800000000000004,15.040000000000001,6.98,35.99,28.96,3.0,236.5,1200.0
38282.336,0.0,140.0,90.4,22.68,15.99,170.5,33.300000000000004,151.6,28.830000000000002,33.25,33.75,93.5,15.65,58.0,100.0,240.5,2891.0,1.34,36.6,14.98,6.97,36.02,29.01,0.0,239.5,1200.0
38342.336,0.0,140.0,88.9,22.7,15.950000000000001,170.5,33.4,150.3,28.86,33.22,33.6,92.5,15.600000000000001,58.1,100.0,237.0,2887.0,1.44,36.65,15.02,7.0,35.96,28.98,0.0,238.0,1200.0
38402.336,0.0,140.0,91.80000000000001,22.740000000000002,16.02,171.0,33.25,149.5,28.85,33.18,33.5,92.5,15.65,57.800000000000004,99.9,240.5,2883.0,1.48,36.550000000000004,15.040000000000001,7.05,36.07,29.03,1.0,242.0,1200.0
38462.335,0.0,140.0,90.80000000000001,22.71,16.0,172.0,33.300000000000004,151.3,28.75,33.22,33.75,95.0,15.9,57.7,100.0,240.5,2886.0,1.51,36.65,15.01,6.91,36.08,29.04,0.0,239.5,1200.0
38522.335,0.0,140.0,90.2,22.740000000000002,16.01,169.5,33.35,152.3,28.91,33.25,33.65,91.5,15.65,57.300000000000004,99.60000000000001,236.0,2883.0,1.31,36.7,14.97,6.99,35.980000000000004,29.0,0.0,236.5,1200.0
38582.335,0.0,140.0,90.0,22.66,15.99,173.0,33.300000000000004,150.70000000000002,28.89,33.22,33.65,89.5,15.850000000000001,57.5,99.9,239.0,2889.0,1.4000000000000001,36.5,15.030000000000001,6.99,35.96,28.990000000000002,0.0,234.5,1200.0
38642.335,0.0,140.0,91.4,22.75,16.05,172.5,33.4,150.6,28.810000000000002,33.21,33.65,93.0,15.850000000000001,57.800000000000004,99.9,233.5,2890.0,1.48,36.7,15.08,7.0,35.99,29.04,2.0,245.0,1200.0
38702.335,0.0,140.0,92.30000000000001,22.72,15.99,170.5,33.25,151.3,28.84,33.17,33.75,91.0,15.700000000000001,57.300000000000004,100.0,236.0,2892.0,1.34,36.6,14.99,7.01,36.03,29.02,0.0,240.0,1200.0
38762.335,0.0,140.0,89.9,22.63,15.98,169.5,33.4,153.1,28.810000000000002,33.230000000000004,33.75,93.5,15.75,57.400000000000006,99.80000000000001,237.0,2893.0,1.6,36.6,14.98,6.95,36.02,29.05,0.0,242.0,1200.0
38822.335,0.0,140.0,90.4,22.67,15.97,168.0,33.2,151.0,28.830000000000002,33.11,33.85,92.0,15.700000000000001,57.2,100.0,241.0,2886.0,1.4000000000000001,36.6,14.97,7.05,36.07,29.03,0.0,237.5,1200.0
38882.335,0.0,140.0,91.2,22.580000000000002,16.0,172.5,33.35,151.20000000000002,28.93,33.21,33.75,91.0,15.75,57.6,99.80000000000001,243.0,2887.0,1.56,36.6,14.99,6.99,35.94,28.94,1.0,239.0,1200.0
38942.334,0.0,140.0,91.80000000000001,22.61,15.94,172.0,33.300000000000004,151.70000000000002,28.84,33.11,33.800000000000004,91.5,15.75,57.1,100.0,241.0,2887.0,1.49,36.65,14.99,6.97,35.99,29.09,0.0,239.0,1200.0
39002.334,0.0,140.0,90.4,22.63,15.9,173.0,33.300000000000004,150.6,28.87,33.3,33.75,91.5,15.700000000000001,57.300000000000004,99.80000000000001,239.0,2887.0,1.42,36.65,15.01,7.03,35.96,29.0,0.0,240.5,1200.0
39062.334,0.0,140.0,90.5,22.69,16.03,169.5,33.45,150.4,28.82,33.22,33.75,92.0,15.600000000000001,57.6,100.0,242.5,2888.0,1.49,36.65,14.97,7.0,35.96,28.97,1.0,242.5,1200.0
39122.334,0.0,140.0,91.60000000000001,22.650000000000002,15.92,171.5,33.25,150.8,28.82,33.11,33.7,93.0,15.65,57.6,100.0,232.5,2885.0,1.41,36.800000000000004,15.040000000000001,6.99,35.980000000000004,29.01,0.0,239.5,1200.0
39182.334,0.0,140.0,90.7,22.7,16.03,171.5,33.4,152.20000000000002,28.8,33.14,33.800000000000004,95.0,15.75,58.0,99.9,242.5,2882.0,1.37,36.65,15.07,6.91,36.01,29.01,2.0,236.0,1200.0
39242.334,0.0,140.0,90.60000000000001,22.650000000000002,16.01,171.5,33.300000000000004,151.8,28.740000000000002,33.160000000000004,33.800000000000004,93.5,15.75,57.5,99.9,239.0,2881.0,1.43,36.65,15.05,7.0,36.0,29.03,1.0,236.0,1200.0
39302.334,0.0,140.0,91.60000000000001,22.7,16.04,172.0,33.2,152.8,28.830000000000002,33.160000000000004,33.7,92.0,15.75,57.6,99.4,235.5,2884.0,1.31,36.45,15.0,7.03,35.92,29.02,1.0,238.5,1200.0
39362.333,0.0,140.0,92.80000000000001,22.740000000000002,16.01,172.5,33.2,152.3,28.89,33.18,33.75,92.0,15.75,57.5,99.9,241.0,2883.0,1.23,36.5,14.93,7.03,36.04,29.05,0.0,240.5,1200.0
39422.333,0.0,140.0,91.80000000000001,22.61,16.02,169.0,33.25,150.20000000000002,28.8,33.2,33.800000000000004,94.0,15.8,58.0,99.80000000000001,241.5,2886.0,1.33,36.550000000000004,14.96,6.98,35.93,28.95,0.0,239.5,1200.0
39482.333,0.0,140.0,90.30000000000001,22.69,16.01,170.5,33.25,150.3,28.79,33.19,33.7,92.0,15.8,58.400000000000006,99.80000000000001,234.5,2884.0,1.35,36.5,14.99,6.99,36.04,28.94,2.0,233.5,1200.0
39542.333,0.0,140.0,91.10000000000001,22.67,15.96,170.5,33.25,153.3,28.77,33.13,33.6,90.0,15.850000000000001,58.1,99.7,235.5,2881.0,1.33,36.45,15.01,7.0600000000000005,36.07,29.060000000000002,1.0,237.5,1200.0
39602.333,0.0,140.0,89.5,22.75,16.06,170.5,33.15,151.0,28.8,33.11,33.7,95.0,15.75,57.800000000000004,100.0,240.5,2889.0,1.26,36.6,15.01,7.0,36.02,29.02,1.0,235.0,1200.0
39662.333,0.0,140.0,90.30000000000001,22.69,15.93,172.5,33.25,151.0,28.8,33.160000000000004,33.65,91.0,15.850000000000001,57.400000000000006,99.80000000000001,237.5,2878.0,1.37,36.75,15.0,7.01,36.02,28.89,1.0,237.0,1200.0
39722.333,0.0,140.0,90.80000000000001,22.76,16.03,170.0,33.15,151.8,28.75,33.15,33.7,95.0,15.65,57.7,99.4,239.5,2885.0,1.4000000000000001,36.6,15.01,6.97,35.9,29.060000000000002,0.0,239.5,1200.0
39782.333,0.0,140.0,89.10000000000001,22.79,15.98,172.5,33.4,152.4,28.85,33.12,33.6,90.5,15.65,57.1,100.0,240.5,2887.0,1.51,36.7,15.01,7.04,35.980000000000004,29.03,2.0,239.5,1200.0
39842.332,0.0,140.0,91.5,22.85,16.03,172.0,33.300000000000004,151.8,28.78,33.19,33.800000000000004,91.5,15.75,57.7,99.80000000000001,238.0,2885.0,1.37,36.550000000000004,15.05,7.05,35.99,28.96,1.0,240.5,1200.0
39902.332,0.0,140.0,91.2,22.71,16.03,169.0,33.300000000000004,152.0,28.89,33.18,33.75,96.0,15.8,58.0,99.60000000000001,229.5,2886.0,1.23,36.75,15.01,6.99,36.04,29.11,1.0,239.0,1200.0
39962.332,0.0,140.0,92.0,22.67,15.93,171.5,33.4,150.1,28.86,33.15,33.75,94.0,15.600000000000001,57.7,100.0,237.0,2888.0,1.29,36.7,15.07,7.03,36.07,28.97,0.0,241.0,1200.0
40022.332,0.0,140.0,90.60000000000001,22.72,16.05,171.5,33.4,151.0,28.88,33.19,33.75,91.0,15.75,57.400000000000006,100.0,236.5,2892.0,1.55,36.65,15.06,7.01,35.99,29.03,0.0,239.0,1200.0
40082.332,0.0,140.0,90.5,22.7,16.05,172.0,33.25,152.0,28.85,33.230000000000004,33.6,94.0,15.75,57.6,99.4,241.0,2887.0,1.41,36.6,14.96,7.08,35.99,29.060000000000002,0.0,239.5,1200.0
40142.332,0.0,140.0,91.0,22.59,15.96,172.0,33.35,150.5,28.92,33.160000000000004,33.75,92.5,15.75,57.800000000000004,99.80000000000001,236.0,2889.0,1.28,36.6,15.02,7.0,36.06,29.01,1.0,238.0,1200.0
40202.332,0.0,140.0,91.10000000000001,22.7,15.99,171.0,33.45,151.3,28.96,33.14,33.65,90.0,15.600000000000001,57.300000000000004,100.0,236.0,2895.0,1.36,36.6,15.030000000000001,7.0,36.01,29.0,0.0,241.0,1200.0
40262.332,0.0,140.0,89.30000000000001,22.650000000000002,15.93,172.0,33.25,152.0,28.98,33.29,33.65,93.0,15.75,57.0,100.0,233.5,2888.0,1.37,36.6,15.06,6.96,36.07,29.04,2.0,235.5,1200.0
40322.331,0.0,140.0,91.5,22.69,16.01,172.5,33.25,150.3,28.810000000000002,33.27,33.6,89.5,15.700000000000001,57.400000000000006,100.0,237.0,2884.0,1.45,36.45,15.0,7.03,36.01,28.990000000000002,0.0,241.0,1200.0
40382.331,0.0,140.0,91.7,22.62,15.94,169.5,33.2,151.6,28.92,33.160000000000004,33.75,92.0,15.55,57.6,100.0,242.5,2885.0,1.46,36.7,15.030000000000001,7.0200000000000005,35.97,29.01,0.0,238.5,1200.0
40442.331,0.0,140.0,90.7,22.650000000000002,15.98,172.0,33.45,153.20000000000002,28.79,33.2,33.800000000000004,93.0,15.700000000000001,57.6,100.0,241.5,2886.0,1.22,36.6,15.0,6.98,36.050000000000004,28.990000000000002,3.0,235.5,1200.0
40502.331,0.0,140.0,91.2,22.61,16.02,171.5,33.35,152.6,28.92,33.24,33.65,93.0,15.75,57.800000000000004,100.0,241.5,2888.0,1.5,36.550000000000004,15.0,7.0200000000000005,35.980000000000004,29.080000000000002,0.0,236.0,1200.0
40562.331,0.0,140.0,91.5,22.73,16.04,171.0,33.2,150.8,28.87,33.14,33.7,92.0,15.8,57.7,99.9,241.0,2882.0,1.3,36.550000000000004,15.08,6.98,36.03,29.04,0.0,238.5,1200.0
40622.331,0.0,140.0,91.10000000000001,22.69,15.99,171.5,33.25,151.70000000000002,28.88,33.21,33.6,93.0,15.75,57.0,100.0,240.0,2886.0,1.34,36.7,14.99,7.01,36.06,28.87,3.0,240.5,1200.0
40682.331,0.0,140.0,91.4,22.75,15.99,174.0,33.35,150.3,28.830000000000002,33.2,33.75,92.5,15.700000000000001,57.2,99.9,238.5,2889.0,1.35,36.5,14.97,7.01,36.050000000000004,28.94,0.0,242.0,1200.0
40742.331,0.0,140.0,91.5,22.8,15.92,171.0,33.45,150.9,28.88,33.24,33.7,92.0,15.75,57.800000000000004,100.0,239.5,2885.0,1.34,36.6,15.01,6.96,36.03,29.05,1.0,233.5,1200.0
40802.33,0.0,140.0,92.30000000000001,22.69,16.01,172.5,33.300000000000004,152.20000000000002,28.91,33.15,33.6,93.5,15.700000000000001,58.2,100.0,236.5,2887.0,1.31,36.550000000000004,14.98,6.99,36.01,28.990000000000002,1.0,240.0,1200.0
40862.33,0.0,140.0,91.0,22.71,16.03,172.5,33.300000000000004,151.8,28.84,33.2,33.85,91.5,15.8,57.5,99.2,237.0,2890.0,1.37,36.6,14.98,7.0,36.08,29.01,1.0,240.0,1200.0
40922.33,0.0,140.0,92.4,22.650000000000002,15.96,170.5,33.4,151.8,28.76,33.11,33.7,90.5,15.850000000000001,57.900000000000006,100.0,242.0,2889.0,1.46,36.65,15.08,6.98,36.03,28.97,0.0,237.0,1200.0
40982.33,0.0,140.0,88.60000000000001,22.63,16.04,170.0,33.4,151.5,28.87,33.29,33.7,90.5,15.8,57.7,100.0,240.0,2890.0,1.45,36.65,15.07,6.99,35.96,28.98,2.0,236.5,1200.0
41042.33,0.0,140.0,89.80000000000001,22.72,15.99,169.5,33.300000000000004,150.6,28.86,33.26,33.65,91.0,15.8,58.1,100.0,246.0,2889.0,1.46,36.7,14.97,7.0,36.04,28.97,0.0,243.0,1200.0
41102.33,0.0,140.0,91.4,22.69,15.96,172.0,33.4,151.70000000000002,28.810000000000002,33.2,33.6,90.0,15.75,57.300000000000004,100.0,238.5,2885.0,1.48,36.550000000000004,14.97,7.04,36.01,29.05,3.0,239.5,1200.0
41162.33,0.0,140.0,90.60000000000001,22.64,15.91,171.5,33.2,150.1,28.88,33.2,33.65,93.5,15.75,57.400000000000006,100.0,243.5,2886.0,1.31,36.7,14.98,7.07,36.03,29.03,2.0,241.5,1200.0
41222.33,0.0,140.0,91.7,22.67,15.98,171.5,33.4,151.9,28.830000000000002,33.18,33.800000000000004,93.5,15.700000000000001,57.6,99.9,238.5,2884.0,1.19,36.65,14.97,6.96,35.93,28.94,0.0,237.5,1200.0
41282.329,0.0,140.0,91.30000000000001,22.62,16.01,170.5,33.300000000000004,151.4,28.86,33.160000000000004,33.65,92.5,15.65,57.900000000000006,100.0,237.0,2888.0,1.55,36.7,14.96,6.96,36.050000000000004,29.09,0.0,238.0,1200.0
41342.329,0.0,140.0,91.7,22.66,15.96,169.5,33.35,151.20000000000002,28.78,33.21,33.6,92.0,15.700000000000001,57.6,100.0,240.0,2886.0,1.41,36.550000000000004,14.94,7.01,36.02,29.04,0.0,235.0,1200.0
41402.329,0.0,140.0,89.9,22.6,16.02,171.5,33.300000000000004,149.8,28.94,33.14,33.65,91.5,15.55,57.400000000000006,99.80000000000001,233.5,2883.0,1.34,36.7,15.01,6.99,36.06,28.95,1.0,236.0,1200.0
41462.329,0.0,140.0,90.5,22.64,15.950000000000001,172.0,33.300000000000004,150.3,28.85,33.160000000000004,33.65,94.5,15.700000000000001,57.300000000000004,99.7,237.0,2886.0,1.43,36.550000000000004,14.96,6.890000000000001,36.0,28.96,1.0,236.0,1200.0
41522.329,0.0,140.0,92.2,22.66,15.99,170.0,33.300000000000004,151.3,28.79,33.17,33.65,94.5,15.850000000000001,57.1,100.0,233.5,2885.0,1.46,36.5,15.02,7.0600000000000005,35.96,29.0,2.0,238.5,1200.0
41582.329,0.0,140.0,90.30000000000001,22.68,15.96,172.0,33.25,152.70000000000002,28.78,33.22,33.75,93.0,15.75,57.400000000000006,100.0,237.5,2882.0,1.3,36.7,15.040000000000001,7.07,35.910000000000004,28.95,0.0,243.5,1200.0
41642.329,0.0,140.0,91.2,22.7,16.01,174.0,33.15,151.5,28.82,33.160000000000004,33.7,94.0,15.75,57.300000000000004,100.0,236.5,2884.0,1.32,36.45,14.97,6.98,35.980000000000004,28.94,2.0,238.0,1200.0
41702.329,0.0,140.0,91.4,22.59,15.99,170.0,33.300000000000004,151.9,28.85,33.11,33.7,91.0,15.600000000000001,57.6,100.0,241.0,2879.0,1.44,36.5,15.02,7.01,35.99,29.0,1.0,235.5,1200.0
41762.328,0.0,140.0,89.60000000000001,22.67,16.01,169.0,33.2,150.1,28.88,33.14,33.75,91.5,15.850000000000001,57.6,99.9,240.0,2883.0,1.3,36.65,14.97,6.97,36.01,29.0,1.0,236.0,1200.0
41822.328,0.0,140.0,91.10000000000001,22.69,15.96,170.0,33.35,150.5,28.84,33.07,33.65,90.5,15.700000000000001,57.6,100.0,237.5,2882.0,1.18,36.6,15.05,7.0,35.95,29.0,4.0,238.0,1200.0
41882.328,0.0,140.0,90.60000000000001,22.75,15.97,172.0,33.25,151.8,28.650000000000002,33.19,33.65,92.5,15.65,57.5,100.0,239.0,2886.0,1.46,36.6,15.0,6.97,36.050000000000004,29.060000000000002,2.0,238.5,1200.0
41942.328,0.0,140.0,92.30000000000001,22.62,15.97,170.5,33.35,150.9,28.82,33.230000000000004,33.800000000000004,92.5,15.65,58.0,100.0,236.0,2886.0,1.4000000000000001,36.45,15.0,6.95,36.09,29.01,1.0,237.5,1200.0
42002.328,0.0,140.0,89.60000000000001,22.66,15.97,172.0,33.35,153.20000000000002,28.84,33.13,33.65,93.0,15.75,58.0,100.0,239.0,2878.0,1.46,36.75,14.950000000000001,7.0,36.07,29.04,0.0,240.5,1200.0
42062.328,0.0,140.0,89.0,22.62,16.0,171.0,33.2,150.1,28.87,33.08,33.6,91.5,15.75,57.6,100.0,236.0,2883.0,1.48,36.6,14.97,7.01,35.99,28.98,1.0,235.0,1200.0
42122.328,0.0,140.0,92.9,22.64,16.04,172.0,33.4,150.5,28.77,33.22,33.7,92.5,15.65,57.7,99.5,237.0,2884.0,1.47,36.6,15.05,6.95,36.08,29.04,0.0,233.0,1200.0
42182.328,0.0,140.0,93.0,22.63,15.92,169.5,33.2,151.9,28.88,33.12,33.800000000000004,92.5,15.850000000000001,57.2,100.0,234.0,2889.0,1.3900000000000001,36.6,14.99,7.05,36.02,28.92,0.0,238.0,1200.0
42242.328,0.0,140.0,90.7,22.64,15.870000000000001,168.0,33.25,151.3,28.900000000000002,33.22,33.75,93.0,15.600000000000001,58.1,99.80000000000001,237.5,2886.0,1.49,36.6,15.030000000000001,7.0,36.02,28.97,1.0,240.5,1200.0
42302.327,0.0,140.0,91.60000000000001,22.63,15.98,171.5,33.300000000000004,151.9,28.85,33.14,33.6,94.5,15.600000000000001,58.1,99.60000000000001,236.5,2884.0,1.57,36.6,14.99,7.0600000000000005,35.89,29.03,0.0,239.5,1200.0
42362.327,0.0,140.0,91.2,22.580000000000002,16.03,171.5,33.2,152.20000000000002,28.85,33.19,33.7,92.5,15.850000000000001,57.400000000000006,99.80000000000001,239.0,2883.0,1.33,36.45,15.05,7.0200000000000005,35.99,28.98,1.0,241.0,1200.0
42422.327,0.0,140.0,89.80000000000001,22.68,15.97,170.5,33.25,152.4,28.79,33.22,33.800000000000004,92.0,15.65,57.5,99.80000000000001,236.0,2885.0,1.32,36.65,15.05,6.96,36.03,29.02,0.0,240.5,1200.0
42482.327,0.0,140.0,91.80000000000001,22.62,15.9,170.0,33.25,149.9,28.88,33.09,33.7,93.5,15.600000000000001,57.5,99.9,237.0,2876.0,1.48,36.65,15.06,7.04,35.93,29.0,5.0,239.0,1200.0
42542.327,0.0,140.0,91.5,22.67,15.98,170.0,33.2,151.6,28.89,33.2,33.7,92.0,15.700000000000001,57.900000000000006,99.80000000000001,234.5,2881.0,1.3900000000000001,36.7,15.05,7.01,35.9,28.98,0.0,236.0,1200.0
42602.327,0.0,140.0,91.80000000000001,22.64,16.0,171.0,33.15,151.5,28.79,33.09,33.7,93.5,15.8,57.5,99.7,235.5,2879.0,1.51,36.550000000000004,14.97,7.01,35.92,29.01,0.0,236.0,1200.0
42662.327,0.0,140.0,90.0,22.67,15.96,170.0,33.35,151.4,28.75,33.19,33.6,93.5,15.75,57.300000000000004,99.80000000000001,236.0,2881.0,1.33,36.65,14.98,7.03,35.94,29.060000000000002,0.0,234.5,1200.0
42722.327,0.0,140.0,92.30000000000001,22.62,16.03,170.5,33.35,151.1,28.85,33.11,33.7,89.5,15.65,57.400000000000006,100.0,233.0,2883.0,1.31,36.6,15.05,6.97,36.01,28.95,4.0,237.0,1200.0
42782.326,0.0,140.0,92.0,22.76,16.03,169.0,33.2,153.4,28.97,33.1,33.7,92.5,15.600000000000001,57.400000000000006,99.7,240.5,2875.0,1.47,36.550000000000004,15.0,7.0600000000000005,35.97,29.09,0.0,233.5,1200.0
42842.326,0.0,140.0,91.4,22.73,15.99,170.5,33.25,150.0,28.8,33.1,33.550000000000004,92.0,15.850000000000001,57.7,99.80000000000001,238.5,2879.0,1.34,36.5,15.02,7.0200000000000005,35.94,28.96,0.0,239.5,1200.0
42902.326,0.0,140.0,91.9,22.64,16.05,169.5,33.35,151.5,28.89,33.1,33.45,91.5,15.75,57.7,99.80000000000001,237.0,2879.0,1.44,36.7,14.98,7.0,36.06,29.01,0.0,231.5,1200.0
42962.326,0.0,140.0,92.5,22.67,16.01,171.0,33.2,152.0,28.75,33.12,33.75,92.5,15.65,58.1,100.0,236.5,2879.0,1.32,36.5,15.040000000000001,6.9,36.06,28.98,1.0,236.0,1200.0
43022.326,0.0,140.0,91.5,22.64,16.080000000000002,170.0,33.45,151.8,28.85,33.160000000000004,33.550000000000004,94.0,15.65,57.7,100.0,237.0,2885.0,1.33,36.550000000000004,15.05,7.0200000000000005,35.96,28.97,0.0,240.0,1200.0
43082.326,0.0,140.0,90.60000000000001,22.7,15.97,170.5,33.300000000000004,152.8,28.8,33.19,33.5,93.0,15.8,57.800000000000004,100.0,235.0,2884.0,1.37,36.6,14.950000000000001,7.07,35.93,28.95,0.0,235.5,1200.0
43142.326,0.0,140.0,90.2,22.68,16.05,172.0,33.300000000000004,151.4,28.75,33.05,33.75,92.5,15.8,57.5,100.0,240.0,2880.0,1.42,36.45,14.91,7.0200000000000005,36.01,28.96,2.0,235.0,1200.0
43202.326,0.0,140.0,91.9,22.73,16.03,170.5,33.2,151.20000000000002,28.82,33.2,33.550000000000004,95.0,15.700000000000001,57.300000000000004,99.5,241.5,2878.0,1.5,36.5,15.0,7.05,36.06,29.03,0.0,237.0,1200.0
43262.326,0.0,140.0,90.10000000000001,22.72,15.96,171.0,33.25,151.3,28.830000000000002,33.1,33.7,91.5,15.8,57.800000000000004,99.9,237.5,2885.0,1.46,36.5,14.98,6.99,35.93,29.01,0.0,235.0,1200.0
43322.325,0.0,140.0,92.10000000000001,22.62,15.950000000000001,170.5,33.300000000000004,151.20000000000002,28.830000000000002,33.160000000000004,33.7,92.5,15.700000000000001,57.6,100.0,239.0,2882.0,1.3,36.550000000000004,14.99,6.99,35.95,29.0,0.0,239.0,1200.0
43382.325,0.0,140.0,90.10000000000001,22.63,16.04,172.0,33.15,151.1,28.78,33.12,33.65,94.0,15.75,57.7,100.0,237.5,2879.0,1.48,36.45,15.08,6.99,35.94,29.150000000000002,1.0,235.0,1200.0
43442.325,0.0,140.0,91.2,22.69,15.950000000000001,170.5,33.1,152.1,28.82,33.0,33.5,90.0,15.8,57.400000000000006,99.7,239.0,2883.0,1.43,36.4,15.05,6.96,35.99,28.900000000000002,0.0,236.5,1200.0
43502.325,0.0,140.0,91.10000000000001,22.650000000000002,16.05,171.5,33.15,150.9,28.810000000000002,33.07,33.75,95.0,15.700000000000001,57.900000000000006,100.0,236.0,2878.0,1.46,36.550000000000004,15.05,6.98,36.02,28.94,0.0,238.0,1200.0
43562.325,0.0,140.0,90.80000000000001,22.66,16.04,171.0,33.0,152.4,28.810000000000002,33.19,33.550000000000004,93.5,15.600000000000001,58.0,99.7,241.0,2877.0,1.32,36.6,15.01,6.96,36.050000000000004,28.95,1.0,238.0,1200.0
43622.325,0.0,140.0,91.60000000000001,22.72,15.98,171.0,33.300000000000004,151.20000000000002,28.8,33.11,33.75,90.5,15.850000000000001,58.1,100.0,236.5,2875.0,1.45,36.6,14.98,7.01,36.0,28.96,0.0,232.5,1200.0
43682.325,0.0,140.0,90.9,22.67,15.91,170.5,33.25,152.1,28.85,33.06,33.6,93.0,15.700000000000001,57.800000000000004,100.0,240.0,2880.0,1.3800000000000001,36.65,14.99,7.0200000000000005,36.04,29.04,0.0,235.5,1200.0
43742.325,0.0,140.0,90.4,22.61,15.99,171.5,33.2,151.4,28.810000000000002,33.04,33.5,92.0,15.700000000000001,57.5,100.0,236.0,2872.0,1.25,36.65,15.01,6.94,36.02,28.97,2.0,236.5,1200.0
43802.324,0.0,140.0,91.5,22.71,16.0,171.0,33.2,152.5,28.76,33.08,33.550000000000004,93.5,15.75,57.900000000000006,99.4,236.0,2876.0,1.3800000000000001,36.5,14.97,6.99,35.980000000000004,29.05,3.0,239.5,1200.0
43862.324,0.0,140.0,89.9,22.67,16.0,172.0,33.050000000000004,152.0,28.76,33.07,33.65,90.0,15.700000000000001,57.6,99.80000000000001,236.0,2877.0,1.31,36.550000000000004,15.0,7.04,36.04,28.93,1.0,236.0,1200.0
43922.324,0.0,140.0,90.2,22.650000000000002,16.07,168.5,33.2,150.70000000000002,28.76,33.02,33.6,94.0,15.700000000000001,58.2,100.0,238.0,2880.0,1.34,36.5,15.08,6.94,35.910000000000004,29.02,1.0,238.0,1200.0
43982.324,0.0,140.0,89.2,22.66,15.96,170.0,33.2,151.20000000000002,28.7,33.01,33.550000000000004,90.5,15.850000000000001,58.1,99.7,234.0,2879.0,1.31,36.550000000000004,14.98,6.93,35.9,28.990000000000002,0.0,238.0,1200.0
44042.324,0.0,140.0,90.10000000000001,22.64,15.96,170.5,33.15,152.3,28.77,33.12,33.65,92.5,15.600000000000001,58.2,100.0,234.5,2883.0,1.59,36.550000000000004,14.98,7.01,36.07,28.96,0.0,240.0,1200.0
44102.324,0.0,140.0,92.0,22.66,16.02,170.5,33.15,150.5,28.8,32.99,33.5,93.5,15.8,58.2,99.7,236.0,2871.0,1.33,36.550000000000004,14.93,6.96,35.95,28.97,0.0,236.0,1200.0
44162.324,0.0,140.0,90.80000000000001,22.64,15.950000000000001,171.0,33.45,151.9,28.75,33.08,33.6,95.0,15.600000000000001,58.1,100.0,237.5,2882.0,1.43,36.5,14.99,6.96,35.97,28.98,0.0,239.5,1200.0
44222.324,0.0,140.0,90.9,22.7,16.0,170.0,33.0,151.8,28.75,33.14,33.7,93.0,15.700000000000001,58.0,100.0,239.0,2881.0,1.55,36.4,14.96,6.99,36.0,29.02,0.0,237.0,1200.0
44282.324,0.0,140.0,90.2,22.64,15.94,170.0,33.050000000000004,150.3,28.77,33.1,33.550000000000004,91.0,15.600000000000001,57.800000000000004,100.0,243.5,2879.0,1.25,36.4,14.98,6.98,36.13,28.990000000000002,1.0,240.0,1200.0
44342.323,0.0,140.0,91.0,22.66,15.93,173.0,33.300000000000004,150.9,28.77,33.08,33.6,92.0,15.75,58.0,100.0,241.0,2880.0,1.33,36.550000000000004,14.97,6.93,35.980000000000004,29.080000000000002,0.0,238.0,1200.0
44402.323,0.0,140.0,92.5,22.69,16.0,172.0,33.15,152.3,28.77,33.14,33.65,90.0,15.9,58.300000000000004,100.0,236.5,2888.0,1.3800000000000001,36.45,14.950000000000001,7.0,36.0,29.0,0.0,237.0,1200.0
44462.323,0.0,140.0,90.60000000000001,22.69,15.9,170.0,33.15,151.6,28.79,33.24,33.65,92.5,15.600000000000001,57.900000000000006,99.7,235.5,2880.0,1.3900000000000001,36.65,15.01,7.04,35.9,29.060000000000002,3.0,238.0,1200.0
44522.323,0.0,140.0,90.7,22.69,16.02,170.5,33.300000000000004,152.5,28.75,33.07,33.7,92.0,15.850000000000001,57.800000000000004,99.9,239.0,2885.0,1.33,36.7,14.98,7.09,35.99,28.98,0.0,240.5,1200.0
44582.323,0.0,140.0,91.5,22.72,16.080000000000002,169.5,33.25,150.3,28.79,33.15,33.6,93.5,15.65,58.1,100.0,238.5,2886.0,1.47,36.550000000000004,15.0,6.96,35.96,28.92,0.0,238.0,1200.0
44642.323,0.0,140.0,90.30000000000001,22.71,16.01,170.5,33.45,150.8,28.82,33.14,33.75,93.0,15.65,58.0,99.9,237.5,2890.0,1.44,36.65,14.99,7.04,36.02,29.03,0.0,237.5,1200.0
44702.323,0.0,140.0,90.60000000000001,22.61,15.96,168.5,33.300000000000004,153.20000000000002,28.76,33.17,33.6,95.5,15.8,57.900000000000006,100.0,237.5,2884.0,1.3900000000000001,36.5,14.93,6.95,36.01,28.95,0.0,235.0,1200.0
44762.323,0.0,140.0,89.60000000000001,22.72,16.07,171.5,33.300000000000004,152.9,28.91,33.07,33.800000000000004,92.5,15.8,58.2,100.0,241.0,2888.0,1.3800000000000001,36.5,15.02,7.07,35.9,29.080000000000002,2.0,237.5,1200.0
44822.323,0.0,140.0,91.30000000000001,22.69,15.98,172.0,33.300000000000004,151.5,28.79,33.12,33.800000000000004,90.5,15.850000000000001,57.800000000000004,100.0,244.5,2887.0,1.45,36.550000000000004,15.01,7.0,36.03,28.93,1.0,239.0,1200.0
44882.322,0.0,140.0,91.80000000000001,22.64,15.94,171.0,33.25,150.1,28.8,33.15,33.9,92.5,15.75,58.0,100.0,240.0,2890.0,1.46,36.6,14.97,6.97,35.96,29.03,0.0,237.0,1200.0
44942.322,0.0,140.0,89.5,22.7,16.04,170.5,33.35,149.6,28.82,33.15,33.75,93.5,15.65,58.0,99.9,238.0,2888.0,1.51,36.65,15.01,7.04,35.97,28.97,0.0,238.5,1200.0
45002.322,0.0,140.0,91.30000000000001,22.72,15.97,172.0,33.25,150.0,28.84,33.160000000000004,33.75,92.0,15.75,58.300000000000004,99.80000000000001,239.0,2889.0,1.41,36.550000000000004,15.0,7.0200000000000005,36.01,29.0,0.0,240.0,1200.0
45062.322,0.0,140.0,91.30000000000001,22.64,15.99,172.0,33.4,152.4,28.84,33.18,33.65,92.5,15.75,57.7,100.0,242.0,2894.0,1.35,36.7,14.97,6.98,36.03,29.080000000000002,0.0,238.0,1200.0
45122.322,0.0,140.0,90.80000000000001,22.7,15.94,172.0,33.35,150.8,28.89,33.2,33.65,92.5,15.55,57.900000000000006,100.0,236.0,2886.0,1.3800000000000001,36.65,14.98,6.99,36.0,28.98,0.0,237.5,1200.0
45182.322,0.0,140.0,91.7,22.71,15.96,170.5,33.35,151.20000000000002,28.82,33.21,33.800000000000004,92.5,15.700000000000001,57.800000000000004,100.0,246.5,2893.0,1.3900000000000001,36.6,14.950000000000001,7.04,35.99,28.84,0.0,240.5,1200.0
45242.322,0.0,140.0,89.60000000000001,22.75,15.950000000000001,170.5,33.5,150.3,28.900000000000002,33.160000000000004,33.75,92.5,15.55,58.0,100.0,238.5,2888.0,1.32,36.75,15.040000000000001,6.93,35.99,29.01,0.0,236.5,1200.0
45302.322,0.0,140.0,91.60000000000001,22.72,15.96,171.5,33.2,151.0,28.85,33.14,33.75,95.0,15.55,58.1,100.0,237.5,2882.0,1.35,36.6,14.99,7.0,36.06,28.97,0.0,237.5,1200.0
45362.322,0.0,140.0,90.30000000000001,22.7,15.94,172.0,33.2,150.1,28.79,33.18,33.85,92.5,15.8,58.6,99.60000000000001,239.5,2886.0,1.54,36.65,15.02,6.98,35.980000000000004,29.060000000000002,2.0,239.5,1200.0
45422.321,0.0,140.0,88.9,22.7,16.05,169.5,33.45,151.8,28.79,33.15,33.7,94.0,15.700000000000001,57.5,100.0,239.5,2886.0,1.4000000000000001,36.65,14.98,6.99,36.03,29.04,0.0,236.5,1200.0
45482.321,0.0,140.0,92.10000000000001,22.69,16.04,171.0,33.300000000000004,151.20000000000002,28.78,33.1,33.7,92.5,15.8,57.6,99.9,239.0,2886.0,1.3800000000000001,36.65,15.030000000000001,7.07,36.0,28.92,1.0,243.0,1200.0
45542.321,0.0,140.0,91.9,22.66,16.09,170.0,33.300000000000004,152.1,28.830000000000002,33.09,33.7,93.0,15.700000000000001,57.800000000000004,100.0,238.0,2886.0,1.4000000000000001,36.6,14.99,6.92,36.0,29.02,0.0,238.5,1200.0
45602.321,0.0,140.0,91.5,22.68,16.03,171.5,33.300000000000004,151.6,28.8,33.2,33.6,92.0,15.8,57.7,100.0,236.5,2890.0,1.4000000000000001,36.6,15.0,7.0,35.94,29.03,0.0,239.0,1200.0
45662.321,0.0,140.0,91.80000000000001,22.73,16.01,170.5,33.1,150.70000000000002,28.73,33.05,33.6,93.0,15.700000000000001,57.800000000000004,99.80000000000001,239.0,2890.0,1.44,36.7,14.92,7.03,36.07,29.05,0.0,237.0,1200.0
45722.321,0.0,140.0,92.9,22.72,16.01,171.0,33.25,152.6,28.68,33.160000000000004,33.75,93.5,15.5,57.300000000000004,99.9,240.5,2887.0,1.3,36.550000000000004,15.1,7.0,36.01,29.060000000000002,0.0,238.5,1200.0
45782.321,0.0,140.0,89.7,22.69,15.96,169.5,33.2,151.0,28.82,33.15,33.65,93.0,15.75,58.0,99.9,234.5,2886.0,1.31,36.800000000000004,15.02,7.0,35.96,29.0,2.0,240.5,1200.0
45842.321,0.0,140.0,92.10000000000001,22.72,15.94,170.5,33.300000000000004,151.8,28.82,33.07,33.800000000000004,94.0,15.8,57.800000000000004,100.0,239.0,2885.0,1.29,36.65,14.97,6.98,35.980000000000004,28.98,1.0,239.0,1200.0
45902.321,0.0,140.0,91.2,22.73,16.05,171.5,33.25,151.4,28.82,33.11,33.800000000000004,91.5,15.700000000000001,58.0,100.0,236.5,2886.0,1.47,36.550000000000004,15.0,7.05,36.04,28.98,0.0,240.0,1200.0
45962.32,0.0,140.0,92.2,22.64,15.96,171.0,33.45,150.0,28.8,33.14,33.65,92.0,15.850000000000001,57.5,100.0,242.0,2884.0,1.3,36.6,14.98,6.98,35.92,28.93,0.0,241.0,1200.0
46022.32,0.0,140.0,90.30000000000001,22.650000000000002,16.02,171.0,33.25,151.3,28.810000000000002,33.06,33.6,94.5,15.55,57.900000000000006,100.0,236.0,2887.0,1.57,36.7,15.01,6.98,36.0,28.91,0.0,237.0,1200.0
46082.32,0.0,140.0,90.80000000000001,22.66,15.91,170.5,33.300000000000004,150.1,28.89,33.17,33.6,92.0,15.75,58.400000000000006,100.0,241.0,2887.0,1.32,36.550000000000004,14.98,7.0200000000000005,36.08,28.96,2.0,239.5,1200.0
46142.32,0.0,140.0,91.0,22.62,15.98,171.5,33.35,152.3,28.79,33.21,33.7,93.0,15.700000000000001,57.900000000000006,99.9,236.5,2889.0,1.46,36.6,15.06,7.01,36.03,28.94,2.0,238.0,1200.0
46202.32,0.0,140.0,90.0,22.66,15.97,170.5,33.300000000000004,150.5,28.78,33.160000000000004,33.65,92.0,15.75,57.800000000000004,100.0,237.0,2884.0,1.3,36.6,15.040000000000001,7.01,35.93,28.990000000000002,0.0,239.0,1200.0
46262.32,0.0,140.0,92.10000000000001,22.740000000000002,16.04,171.0,33.300000000000004,152.20000000000002,28.77,33.07,33.65,92.5,15.700000000000001,57.6,100.0,242.5,2883.0,1.44,36.65,15.06,7.03,35.94,29.080000000000002,0.0,235.5,1200.0
46322.32,0.0,140.0,92.4,22.740000000000002,16.01,171.0,33.300000000000004,152.5,28.75,33.14,33.65,95.5,15.850000000000001,57.400000000000006,100.0,238.5,2880.0,1.32,36.5,14.96,7.0200000000000005,35.92,29.03,0.0,235.5,1200.0
46382.32,0.0,140.0,90.7,22.73,16.05,168.5,33.25,152.1,28.85,33.2,33.7,94.0,15.75,58.0,100.0,242.0,2883.0,1.59,36.5,14.98,7.05,36.04,29.04,0.0,233.5,1200.0
46442.32,0.0,140.0,90.4,22.63,16.0,170.0,33.1,151.9,28.69,33.14,33.7,92.5,15.75,58.2,100.0,237.5,2879.0,1.34,36.45,14.98,7.03,36.02,28.95,0.0,240.5,1200.0
46502.32,0.0,140.0,90.7,22.650000000000002,16.03,168.5,33.2,151.0,28.84,33.12,33.6,91.0,15.600000000000001,58.2,100.0,239.5,2884.0,1.36,36.550000000000004,15.0,6.99,35.980000000000004,29.03,0.0,240.5,1200.0
46562.319,0.0,140.0,89.7,22.64,16.0,171.5,33.2,151.3,28.810000000000002,33.160000000000004,33.7,93.5,15.8,58.5,100.0,242.0,2882.0,1.44,36.6,14.94,7.05,36.02,28.96,0.0,240.0,1200.0
46622.319,0.0,140.0,91.10000000000001,22.68,15.97,169.5,33.300000000000004,152.1,28.73,33.09,33.5,92.0,15.700000000000001,58.2,99.9,242.0,2882.0,1.51,36.35,15.030000000000001,6.95,36.06,29.11,0.0,237.0,1200.0
46682.319,0.0,140.0,91.80000000000001,22.7,16.0,171.0,33.2,150.6,28.69,33.03,33.5,92.0,15.8,58.2,100.0,236.0,2879.0,1.4000000000000001,36.5,14.98,7.04,36.03,29.060000000000002,0.0,238.5,1200.0
46742.319,0.0,140.0,91.4,22.79,16.04,170.5,33.15,151.5,28.64,33.15,33.65,93.5,15.700000000000001,58.6,99.60000000000001,237.5,2886.0,1.59,36.5,14.97,7.0200000000000005,36.0,29.02,1.0,237.5,1200.0
46802.319,0.0,140.0,91.5,22.73,16.05,171.0,33.2,151.0,28.76,33.08,33.6,92.0,15.8,58.1,99.80000000000001,237.0,2882.0,1.26,36.5,14.98,6.98,36.160000000000004,28.93,1.0,241.5,1200.0
46862.319,0.0,140.0,91.60000000000001,22.69,15.98,168.5,33.1,151.3,28.63,33.02,33.65,92.5,15.65,58.400000000000006,100.0,244.0,2883.0,1.3,36.550000000000004,15.1,7.0200000000000005,36.1,28.91,2.0,238.0,1200.0
46922.319,0.0,140.0,90.10000000000001,22.75,15.94,169.5,33.300000000000004,150.3,28.7,33.02,33.6,90.0,15.65,58.6,100.0,242.5,2879.0,1.4000000000000001,36.65,14.98,7.0600000000000005,35.99,28.900000000000002,3.0,236.0,1200.0
46982.319,0.0,140.0,92.5,22.71,16.05,170.5,33.15,152.1,28.79,33.08,33.5,91.0,15.8,58.6,100.0,237.0,2880.0,1.56,36.6,14.97,6.97,36.02,29.0,0.0,241.0,1200.0
47042.319,0.0,140.0,91.60000000000001,22.7,16.03,168.5,33.300000000000004,152.6,28.62,33.06,33.550000000000004,92.5,15.600000000000001,58.400000000000006,99.7,235.5,2881.0,1.36,36.5,15.0,7.05,36.03,29.0,0.0,238.0,1200.0
47102.318,0.0,140.0,91.2,22.77,15.9,169.0,32.95,151.5,28.7,33.05,33.65,92.5,15.65,58.400000000000006,100.0,239.5,2877.0,1.4000000000000001,36.550000000000004,15.0,7.07,35.980000000000004,29.02,0.0,233.0,1200.0
47162.318,0.0,140.0,90.60000000000001,22.650000000000002,16.01,171.5,33.050000000000004,151.5,28.7,33.03,33.65,94.0,15.55,58.900000000000006,99.80000000000001,233.5,2881.0,1.46,36.550000000000004,15.02,6.92,35.980000000000004,29.04,0.0,239.0,1200.0
47222.318,0.0,140.0,91.4,22.67,16.03,170.5,33.300000000000004,150.8,28.69,32.99,33.45,91.0,15.700000000000001,58.900000000000006,100.0,240.5,2878.0,1.29,36.45,15.05,6.95,36.03,28.990000000000002,0.0,241.5,1200.0
47282.318,0.0,140.0,90.2,22.77,16.02,171.0,33.25,151.3,28.63,32.99,33.5,93.0,15.75,58.6,100.0,237.0,2873.0,1.41,36.550000000000004,15.030000000000001,7.01,36.01,28.98,0.0,239.5,1200.0
47342.318,0.0,140.0,92.4,22.71,16.0,169.5,33.1,151.5,28.6,32.96,33.550000000000004,92.0,15.700000000000001,58.2,100.0,238.0,2875.0,1.42,36.6,14.99,7.0,35.99,29.0,1.0,238.0,1200.0
47402.318,0.0,140.0,91.60000000000001,22.75,15.93,169.0,33.1,152.5,28.64,32.99,33.550000000000004,93.0,15.850000000000001,58.6,100.0,235.0,2875.0,1.49,36.6,15.05,6.95,35.95,28.97,0.0,237.5,1200.0
47462.318,0.0,140.0,91.30000000000001,22.72,16.01,171.5,33.15,150.1,28.650000000000002,32.980000000000004,33.5,91.5,15.700000000000001,58.400000000000006,100.0,231.5,2880.0,1.36,36.5,14.97,6.95,35.97,28.98,1.0,239.5,1200.0
47522.318,0.0,140.0,91.4,22.6,16.02,169.5,33.050000000000004,151.1,28.66,32.980000000000004,33.65,93.5,15.700000000000001,58.400000000000006,99.7,236.5,2875.0,1.34,36.5,14.99,6.91,36.04,28.93,0.0,239.5,1200.0
47582.318,0.0,140.0,91.2,22.73,16.01,166.5,33.15,152.70000000000002,28.69,33.05,33.550000000000004,94.0,15.65,58.2,100.0,235.5,2875.0,1.54,36.550000000000004,14.96,6.94,36.02,29.04,0.0,233.5,1200.0
47642.318,0.0,140.0,90.5,22.64,16.04,171.0,33.15,152.4,28.7,33.02,33.550000000000004,91.0,15.65,58.1,100.0,237.0,2875.0,1.56,36.35,15.08,7.0,35.86,29.01,0.0,237.5,1200.0
47702.317,0.0,140.0,90.9,22.67,16.01,173.0,33.1,152.1,28.71,33.0,33.6,92.5,15.700000000000001,58.1,99.60000000000001,232.5,2877.0,1.41,36.45,14.92,6.99,35.910000000000004,29.04,1.0,232.0,1200.0
47762.317,0.0,140.0,90.30000000000001,22.62,15.92,170.0,33.050000000000004,150.9,28.62,32.94,33.6,92.0,15.700000000000001,57.800000000000004,100.0,236.5,2879.0,1.32,36.5,15.05,6.96,35.95,29.03,0.0,237.0,1200.0
47822.317,0.0,140.0,91.30000000000001,22.62,16.03,170.5,33.2,152.3,28.57,33.05,33.45,93.5,15.700000000000001,57.900000000000006,99.80000000000001,237.5,2875.0,1.44,36.5,15.06,6.94,36.02,29.07,0.0,234.5,1200.0
47882.317,0.0,140.0,91.5,22.68,16.03,170.0,33.2,149.6,28.71,33.0,33.550000000000004,92.5,15.850000000000001,58.2,99.9,239.5,2877.0,1.31,36.550000000000004,15.08,6.98,35.95,29.04,1.0,240.5,1200.0
47942.317,0.0,140.0,91.60000000000001,22.650000000000002,15.97,169.0,33.2,151.8,28.62,33.05,33.45,91.5,15.700000000000001,58.400000000000006,100.0,237.5,2878.0,1.3800000000000001,36.45,15.07,6.93,35.980000000000004,28.96,0.0,236.0,1200.0
48002.317,0.0,140.0,90.7,22.62,16.02,170.5,33.15,151.9,28.69,32.99,33.65,91.5,15.75,58.6,100.0,232.5,2877.0,1.58,36.5,15.01,6.98,36.02,28.89,1.0,233.5,1200.0
48062.317,0.0,140.0,91.4,22.64,15.9,168.5,33.2,151.5,28.67,33.05,33.45,92.0,15.950000000000001,57.7,99.80000000000001,236.0,2878.0,1.3900000000000001,36.45,14.98,6.99,36.07,28.95,0.0,238.5,1200.0
48122.317,0.0,140.0,90.0,22.7,16.0,169.0,33.15,151.8,28.75,33.01,33.45,92.5,15.65,58.2,99.7,239.0,2875.0,1.44,36.4,15.040000000000001,7.0,36.07,29.05,0.0,244.0,1200.0
48182.317,0.0,140.0,91.9,22.76,16.05,171.0,33.300000000000004,151.6,28.61,33.09,33.4,94.0,15.75,58.1,99.9,236.5,2875.0,1.5,36.550000000000004,14.97,6.99,36.01,28.96,0.0,238.5,1200.0
48242.316,0.0,140.0,91.0,22.64,15.99,169.5,33.050000000000004,151.6,28.68,33.08,33.6,91.5,15.600000000000001,57.6,100.0,240.0,2877.0,1.32,36.5,14.91,7.05,35.94,28.97,0.0,233.0,1200.0
48302.316,0.0,140.0,91.2,22.580000000000002,16.0,170.0,33.0,152.0,28.73,33.06,33.4,92.0,15.75,57.6,99.80000000000001,235.0,2875.0,1.43,36.45,15.030000000000001,7.0200000000000005,36.0,29.01,2.0,232.0,1200.0
48362.316,0.0,140.0,91.30000000000001,22.63,16.03,170.5,33.050000000000004,151.70000000000002,28.69,33.04,33.6,92.5,15.75,58.0,100.0,236.5,2873.0,1.51,36.300000000000004,15.0,7.03,36.04,28.98,0.0,241.0,1200.0
48422.316,0.0,140.0,90.80000000000001,22.71,16.01,170.0,33.2,151.8,28.650000000000002,32.99,33.550000000000004,92.0,15.75,58.2,100.0,237.0,2871.0,1.48,36.45,15.0,6.94,36.07,29.02,0.0,232.5,1200.0
48482.316,0.0,140.0,91.5,22.68,15.96,171.0,33.25,151.9,28.650000000000002,32.910000000000004,33.5,92.5,15.8,57.6,100.0,239.0,2873.0,1.3800000000000001,36.300000000000004,14.92,6.94,35.97,28.98,0.0,232.5,1200.0
48542.316,0.0,140.0,90.80000000000001,22.66,16.04,170.0,33.050000000000004,152.9,28.68,32.95,33.6,92.0,15.65,57.5,100.0,233.0,2875.0,1.31,36.5,15.01,7.01,36.04,28.93,0.0,235.0,1200.0
48602.316,0.0,140.0,91.5,22.63,15.98,169.5,33.050000000000004,151.70000000000002,28.72,32.95,33.6,94.0,15.8,58.0,99.60000000000001,234.0,2875.0,1.55,36.45,15.01,6.99,36.0,29.07,1.0,235.5,1200.0
48662.316,0.0,140.0,91.4,22.71,16.02,169.0,33.050000000000004,150.9,28.77,32.97,33.45,94.5,15.600000000000001,57.2,100.0,235.5,2870.0,1.36,36.35,15.06,6.98,35.96,28.89,0.0,238.5,1200.0
48722.316,0.0,140.0,89.30000000000001,22.68,15.97,169.5,33.1,150.5,28.64,32.96,33.65,91.5,15.65,57.900000000000006,99.60000000000001,237.0,2875.0,1.31,36.25,14.97,6.95,36.01,28.94,0.0,234.5,1200.0
48782.316,0.0,140.0,89.9,22.64,15.99,169.0,33.1,153.0,28.77,33.01,33.6,94.0,15.75,57.7,100.0,236.5,2871.0,1.31,36.45,15.11,6.98,35.89,29.03,0.0,237.0,1200.0
48842.315,0.0,140.0,91.5,22.63,15.99,169.5,33.35,152.4,28.69,33.02,33.6,93.0,15.65,57.5,100.0,234.5,2872.0,1.36,36.35,15.0,6.99,35.89,29.11,0.0,235.5,1200.0
48902.315,0.0,140.0,90.2,22.650000000000002,16.01,169.5,33.2,151.3,28.64,33.05,33.6,95.0,15.75,58.1,99.7,237.0,2879.0,1.35,36.45,15.02,6.98,36.06,29.04,2.0,234.5,1200.0
48962.315,0.0,140.0,90.10000000000001,22.71,15.96,170.5,33.25,151.20000000000002,28.88,33.05,33.7,89.5,15.75,58.0,99.7,235.0,2872.0,1.55,36.45,14.99,7.0600000000000005,36.03,29.01,0.0,235.0,1200.0
49022.315,0.0,140.0,92.10000000000001,22.69,15.950000000000001,172.5,33.2,151.0,28.78,33.1,33.65,92.5,15.65,57.900000000000006,100.0,241.0,2881.0,1.17,36.35,15.02,6.99,36.02,28.84,1.0,237.5,1200.0
49082.315,0.0,140.0,92.2,22.63,15.96,172.5,33.1,151.9,28.77,33.12,33.65,92.0,15.75,57.900000000000006,99.9,241.0,2884.0,1.3900000000000001,36.5,14.99,6.98,35.92,28.95,1.0,237.5,1200.0
49142.315,0.0,140.0,90.60000000000001,22.68,16.02,172.5,33.15,152.6,28.75,33.160000000000004,33.6,92.5,15.700000000000001,57.800000000000004,100.0,237.0,2883.0,1.27,36.4,14.97,7.04,35.95,28.97,2.0,236.5,1200.0
49202.315,0.0,140.0,91.10000000000001,22.68,16.02,172.0,33.300000000000004,153.0,28.91,33.1,33.85,91.5,15.850000000000001,57.800000000000004,99.30000000000001,240.0,2884.0,1.46,36.5,14.98,7.0200000000000005,36.01,29.01,0.0,242.5,1200.0
49262.315,0.0,140.0,91.4,22.67,16.1,170.5,33.35,152.20000000000002,28.77,33.13,33.550000000000004,94.5,15.8,58.5,100.0,236.5,2887.0,1.36,36.45,15.040000000000001,6.97,35.99,29.03,1.0,236.5,1200.0
49322.315,0.0,140.0,92.0,22.69,15.93,170.0,33.300000000000004,153.1,28.87,33.13,33.800000000000004,92.5,15.700000000000001,58.0,100.0,241.5,2887.0,1.53,36.65,14.99,6.96,35.99,29.07,1.0,237.5,1200.0
49382.315,0.0,140.0,90.9,22.7,15.99,170.0,33.4,150.6,28.82,33.1,33.7,92.5,15.8,57.900000000000006,99.9,239.5,2885.0,1.53,36.5,15.01,7.03,36.09,29.03,1.0,241.5,1200.0
49442.314,0.0,140.0,91.7,22.72,16.0,170.5,33.25,150.5,28.87,33.160000000000004,33.7,93.0,15.75,57.1,100.0,236.0,2886.0,1.34,36.65,15.0,7.0,35.99,28.96,2.0,242.0,1200.0
49502.314,0.0,140.0,89.60000000000001,22.62,16.03,170.0,33.15,150.1,28.87,33.08,33.65,93.0,15.65,58.0,100.0,242.0,2882.0,1.37,36.550000000000004,15.05,6.95,35.95,28.93,1.0,234.5,1200.0
49562.314,0.0,140.0,90.5,22.62,15.98,170.5,33.35,152.4,28.82,33.1,33.75,93.0,15.700000000000001,57.900000000000006,99.80000000000001,237.5,2887.0,1.32,36.45,14.98,7.01,35.93,29.060000000000002,0.0,240.0,1200.0
49622.314,0.0,140.0,91.60000000000001,22.650000000000002,15.93,171.0,33.25,152.8,28.830000000000002,33.2,33.65,91.5,15.8,57.5,99.80000000000001,239.0,2886.0,1.4000000000000001,36.550000000000004,15.02,7.0,35.93,29.03,3.0,236.5,1200.0
49682.314,0.0,140.0,91.2,22.71,16.0,170.5,33.2,151.8,28.89,33.160000000000004,33.65,92.5,15.950000000000001,57.7,100.0,235.5,2888.0,1.24,36.6,15.0,7.0,36.050000000000004,29.03,2.0,242.5,1200.0
49742.314,0.0,140.0,90.7,22.69,15.94,170.5,33.2,151.5,28.84,33.230000000000004,33.5,91.0,15.8,57.400000000000006,100.0,233.5,2882.0,1.3,36.5,14.96,6.95,35.88,28.95,0.0,239.0,1200.0
49802.314,0.0,140.0,90.9,22.64,15.97,170.5,33.25,151.9,28.73,33.08,33.800000000000004,92.0,15.700000000000001,57.6,100.0,240.0,2881.0,1.36,36.550000000000004,15.030000000000001,7.0200000000000005,36.0,29.0,0.0,239.0,1200.0
49862.314,0.0,140.0,91.9,22.69,16.03,169.0,33.15,151.5,28.830000000000002,33.06,33.75,93.0,15.8,57.7,100.0,242.5,2880.0,1.41,36.550000000000004,15.0,6.93,35.93,29.04,1.0,238.0,1200.0
49922.314,0.0,140.0,90.9,22.59,16.05,170.5,33.25,153.1,28.73,33.15,33.65,91.5,15.75,56.900000000000006,99.5,238.5,2880.0,1.37,36.6,14.93,7.0,35.99,28.94,1.0,239.0,1200.0
49982.314,0.0,140.0,89.80000000000001,22.67,16.0,169.5,33.25,152.3,28.830000000000002,33.1,33.7,93.5,15.75,57.5,100.0,236.5,2885.0,1.43,36.6,15.06,6.96,36.04,28.98,0.0,237.0,1200.0
50042.313,0.0,140.0,90.5,22.67,16.01,172.0,33.15,151.0,28.810000000000002,33.12,33.6,91.0,15.65,58.0,100.0,240.5,2881.0,1.17,36.6,14.97,6.99,35.96,29.05,0.0,242.5,1200.0
50102.313,0.0,140.0,90.4,22.64,16.03,172.5,33.15,151.6,28.76,33.1,33.7,94.0,15.700000000000001,57.800000000000004,100.0,236.0,2877.0,1.33,36.550000000000004,15.0,7.03,36.07,28.97,3.0,235.5,1200.0
50162.313,0.0,140.0,90.5,22.61,16.03,174.5,33.2,149.5,28.76,33.08,33.65,95.0,15.850000000000001,57.7,99.9,236.0,2879.0,1.35,36.65,14.93,7.05,35.97,28.94,0.0,239.5,1200.0
50222.313,0.0,140.0,90.2,22.67,16.04,170.5,33.15,151.1,28.77,33.14,33.65,91.0,15.700000000000001,57.5,100.0,235.0,2878.0,1.29,36.550000000000004,14.99,7.0200000000000005,35.94,28.93,1.0,234.0,1200.0
50282.313,0.0,140.0,91.2,22.61,15.97,168.5,33.2,150.4,28.71,33.1,33.550000000000004,92.5,15.75,57.800000000000004,99.60000000000001,237.0,2882.0,1.36,36.550000000000004,14.97,7.01,36.01,29.04,2.0,241.5,1200.0
50342.313,0.0,140.0,91.60000000000001,22.63,16.01,170.0,33.15,150.6,28.76,33.13,33.6,92.0,15.700000000000001,57.6,100.0,243.5,2883.0,1.3900000000000001,36.550000000000004,15.05,6.96,36.01,29.0,2.0,236.0,1200.0
50402.313,0.0,140.0,91.5,22.69,16.080000000000002,171.0,33.2,151.70000000000002,28.75,33.03,33.75,92.5,15.65,57.800000000000004,100.0,235.5,2875.0,1.42,36.35,15.02,7.05,36.04,28.89,1.0,237.0,1200.0
50462.313,0.0,140.0,91.2,22.73,15.99,170.5,33.25,151.0,28.86,33.14,33.7,94.5,15.75,58.0,99.7,234.0,2879.0,1.24,36.65,15.0,6.98,35.96,28.990000000000002,0.0,235.0,1200.0
50522.313,0.0,140.0,91.0,22.66,16.05,169.5,33.2,151.6,28.7,33.05,33.6,92.5,15.8,57.6,100.0,237.5,2880.0,1.25,36.4,14.97,7.01,36.03,29.04,1.0,234.0,1200.0
50582.313,0.0,140.0,92.0,22.57,16.03,170.5,33.4,151.1,28.78,33.11,33.800000000000004,94.0,15.75,57.6,100.0,234.0,2878.0,1.51,36.6,15.05,7.01,36.12,28.96,0.0,237.0,1200.0
50642.312,0.0,140.0,92.0,22.650000000000002,15.96,169.5,33.25,149.1,28.93,33.12,33.800000000000004,91.5,15.950000000000001,57.7,100.0,241.5,2880.0,1.42,36.45,15.05,6.95,35.96,28.98,0.0,238.0,1200.0
50702.312,0.0,140.0,91.4,22.73,16.03,170.5,33.300000000000004,150.0,28.85,33.08,33.6,94.5,15.8,57.900000000000006,100.0,239.5,2880.0,1.37,36.550000000000004,15.040000000000001,7.04,36.06,29.0,4.0,236.0,1200.0
50762.312,0.0,140.0,91.60000000000001,22.71,15.950000000000001,171.5,33.45,151.5,28.91,33.2,33.550000000000004,92.0,15.75,57.400000000000006,99.5,234.0,2889.0,1.3800000000000001,36.5,14.98,7.03,36.02,28.98,2.0,240.5,1200.0
50822.312,0.0,140.0,91.4,22.69,15.94,172.5,33.15,152.4,28.830000000000002,33.21,33.85,93.5,15.8,57.6,100.0,236.0,2888.0,1.41,36.65,14.98,6.95,35.980000000000004,28.990000000000002,1.0,238.0,1200.0
50882.312,0.0,140.0,91.60000000000001,22.72,16.04,170.0,33.4,150.4,28.900000000000002,33.18,33.550000000000004,93.5,15.65,57.7,100.0,241.5,2892.0,1.45,36.5,15.05,7.0200000000000005,36.02,28.91,0.0,240.5,1200.0
50942.312,0.0,140.0,90.2,22.64,15.94,173.0,33.4,150.8,28.89,33.28,33.75,92.0,15.75,57.5,100.0,242.0,2891.0,1.34,36.65,14.97,7.0,35.89,29.02,0.0,240.5,1200.0
51002.312,0.0,140.0,90.7,22.71,15.99,169.0,33.35,151.8,28.91,33.18,33.9,92.0,15.700000000000001,57.900000000000006,99.5,240.0,2892.0,1.31,36.6,14.94,6.96,36.08,29.04,1.0,240.5,1200.0
51062.312,0.0,140.0,90.60000000000001,22.650000000000002,16.05,171.0,33.25,153.4,28.95,33.29,33.75,93.0,15.75,57.400000000000006,99.7,243.5,2896.0,1.28,36.7,15.0,6.98,36.0,28.93,3.0,240.5,1200.0
51122.312,0.0,140.0,90.7,22.73,15.99,173.0,33.300000000000004,152.70000000000002,28.990000000000002,33.28,33.85,94.0,15.8,57.400000000000006,99.9,238.5,2898.0,1.48,36.550000000000004,14.96,7.0200000000000005,35.99,29.05,0.0,243.0,1200.0
51182.312,0.0,140.0,92.10000000000001,22.63,15.96,172.0,33.45,150.6,28.94,33.28,34.0,90.5,15.700000000000001,58.1,100.0,241.0,2889.0,1.31,36.6,15.02,7.0,36.02,29.02,3.0,238.5,1200.0
51242.312,0.0,140.0,91.30000000000001,22.64,16.03,171.5,33.4,150.1,28.86,33.21,33.800000000000004,95.0,15.65,57.300000000000004,100.0,238.0,2888.0,1.32,36.550000000000004,14.96,6.96,35.95,29.0,1.0,239.0,1200.0
51302.311,0.0,140.0,91.2,22.8,15.98,171.0,33.45,151.1,29.05,33.18,33.800000000000004,93.5,15.600000000000001,57.7,99.9,241.0,2894.0,1.46,36.7,14.92,6.99,36.03,29.05,0.0,242.5,1200.0
51362.311,0.0,140.0,91.5,22.73,16.06,172.0,33.4,151.6,28.92,33.32,33.75,91.0,15.700000000000001,57.900000000000006,99.30000000000001,240.0,2897.0,1.28,36.7,15.120000000000001,7.0200000000000005,36.07,28.97,0.0,245.0,1200.0
51422.311,0.0,140.0,89.30000000000001,22.67,16.03,171.0,33.4,151.0,29.04,33.28,33.9,93.0,15.65,57.2,100.0,241.5,2892.0,1.53,36.6,15.02,6.99,35.99,29.01,1.0,236.5,1200.0
51482.311,0.0,140.0,90.30000000000001,22.75,16.02,171.0,33.300000000000004,151.20000000000002,28.93,33.25,33.800000000000004,93.5,15.55,57.800000000000004,99.5,241.5,2902.0,1.48,36.85,15.0,7.07,35.94,29.0,0.0,241.0,1200.0
51542.311,0.0,140.0,90.10000000000001,22.62,16.03,172.0,33.35,151.1,28.900000000000002,33.37,33.800000000000004,92.0,15.700000000000001,57.7,99.9,244.0,2893.0,1.36,36.7,14.950000000000001,7.0200000000000005,36.0,28.96,0.0,242.5,1200.0
51602.311,0.0,140.0,90.10000000000001,22.69,15.99,172.0,33.300000000000004,151.0,28.89,33.31,33.85,91.0,15.600000000000001,57.7,99.7,241.5,2897.0,1.35,36.65,15.0,7.04,35.94,28.94,0.0,239.0,1200.0
51662.311,0.0,140.0,90.10000000000001,22.71,16.05,169.5,33.45,152.1,28.97,33.34,33.95,93.5,15.700000000000001,57.400000000000006,100.0,239.5,2896.0,1.28,36.7,15.040000000000001,7.01,35.95,29.0,1.0,238.5,1200.0
51722.311,0.0,140.0,90.2,22.67,15.94,170.0,33.300000000000004,151.0,28.87,33.33,33.95,91.0,15.75,58.2,100.0,237.0,2896.0,1.19,36.9,14.98,7.03,36.01,28.990000000000002,0.0,238.5,1200.0
51782.311,0.0,140.0,91.30000000000001,22.71,15.93,173.5,33.5,150.5,29.03,33.32,33.800000000000004,91.5,15.9,58.1,99.9,245.5,2898.0,1.43,36.550000000000004,15.05,7.0,35.980000000000004,28.98,0.0,237.0,1200.0
51842.311,0.0,140.0,91.10000000000001,22.66,16.0,172.5,33.4,151.8,28.94,33.27,33.9,91.5,15.65,57.6,99.9,241.5,2903.0,1.5,36.800000000000004,14.92,7.05,35.94,29.04,0.0,242.0,1200.0
51902.311,0.0,140.0,90.80000000000001,22.66,16.03,171.5,33.4,151.6,29.04,33.39,33.95,94.5,15.75,57.800000000000004,99.7,240.0,2897.0,1.48,36.95,15.0,6.93,36.1,29.05,4.0,243.5,1200.0
51962.31,0.0,140.0,89.60000000000001,22.71,15.99,171.5,33.5,152.8,28.97,33.35,33.95,92.5,15.65,57.2,99.7,242.0,2896.0,1.44,36.85,15.030000000000001,7.0,36.03,28.95,1.0,238.0,1200.0
52022.31,0.0,140.0,92.30000000000001,22.72,15.99,172.5,33.550000000000004,150.70000000000002,28.96,33.33,33.85,94.0,15.8,57.300000000000004,100.0,239.5,2898.0,1.4000000000000001,36.75,14.99,7.03,35.97,29.18,1.0,239.0,1200.0
52082.31,0.0,140.0,91.10000000000001,22.69,15.94,171.0,33.5,151.6,29.05,33.4,33.9,92.5,15.700000000000001,57.5,99.80000000000001,242.0,2899.0,1.45,36.9,14.96,6.9,35.88,28.97,0.0,241.0,1200.0
52142.31,0.0,140.0,90.80000000000001,22.650000000000002,16.03,173.0,33.6,150.0,28.91,33.33,33.75,92.5,15.75,57.400000000000006,99.9,244.5,2904.0,1.43,36.9,14.92,7.0600000000000005,35.92,29.05,1.0,241.0,1200.0
52202.31,0.0,140.0,90.4,22.62,16.03,171.5,33.45,152.5,29.02,33.39,33.95,91.5,15.75,57.900000000000006,99.9,240.0,2902.0,1.24,36.7,14.93,7.01,35.97,28.97,3.0,245.5,1200.0
52262.31,0.0,140.0,91.0,22.740000000000002,16.0,173.5,33.550000000000004,150.6,29.02,33.37,33.95,94.5,15.600000000000001,57.6,100.0,240.5,2893.0,1.45,36.7,15.08,6.95,35.94,29.05,1.0,244.0,1200.0
52322.31,0.0,140.0,92.9,22.72,16.02,171.0,33.550000000000004,151.5,29.04,33.39,33.75,92.5,15.65,57.800000000000004,100.0,239.5,2901.0,1.4000000000000001,37.0,14.99,7.04,35.980000000000004,29.03,0.0,242.0,1200.0
52382.31,0.0,140.0,90.60000000000001,22.76,16.0,171.5,33.550000000000004,151.3,28.92,33.33,33.800000000000004,91.0,15.600000000000001,57.5,99.9,242.5,2906.0,1.52,36.75,14.92,6.98,36.14,28.97,0.0,245.0,1200.0
52442.31,0.0,140.0,91.5,22.71,15.99,172.0,33.5,151.4,28.93,33.45,33.85,94.0,15.75,58.0,100.0,244.5,2906.0,1.55,36.85,14.98,7.0,35.97,28.92,1.0,243.0,1200.0
52502.31,0.0,140.0,90.4,22.71,15.98,172.5,33.45,151.6,29.04,33.32,33.95,92.5,15.450000000000001,57.800000000000004,99.60000000000001,246.0,2903.0,1.1500000000000001,36.75,15.05,6.97,35.980000000000004,29.01,0.0,240.0,1200.0
52562.309,0.0,140.0,90.30000000000001,22.73,15.99,172.0,33.5,153.20000000000002,29.03,33.29,33.9,92.0,15.700000000000001,57.900000000000006,99.9,242.5,2898.0,1.3800000000000001,36.95,14.99,7.01,36.09,29.09,0.0,243.5,1200.0
52622.309,0.0,140.0,88.9,22.650000000000002,15.950000000000001,171.0,33.550000000000004,151.20000000000002,29.0,33.42,33.85,91.0,15.75,57.900000000000006,99.60000000000001,240.5,2899.0,1.25,36.9,15.05,6.99,35.99,29.04,0.0,241.0,1200.0
52682.309,0.0,140.0,90.4,22.650000000000002,16.03,170.0,33.45,149.0,28.94,33.31,33.9,92.5,15.65,58.300000000000004,100.0,242.5,2893.0,1.35,36.800000000000004,14.94,6.98,36.0,28.95,1.0,240.5,1200.0
52742.309,0.0,140.0,91.4,22.71,16.04,173.5,33.5,150.20000000000002,29.04,33.34,33.75,96.0,15.65,58.1,100.0,242.5,2905.0,1.43,36.75,14.96,7.05,36.03,28.95,1.0,240.5,1200.0
52802.309,0.0,140.0,91.0,22.69,15.98,172.0,33.300000000000004,152.4,29.01,33.34,33.800000000000004,93.0,15.65,58.0,100.0,242.0,2900.0,1.58,36.800000000000004,14.99,7.01,36.06,28.98,1.0,238.5,1200.0
52862.309,0.0,140.0,89.80000000000001,22.72,16.01,171.5,33.35,153.20000000000002,28.900000000000002,33.34,33.9,92.0,15.850000000000001,57.900000000000006,100.0,241.5,2896.0,1.34,36.75,15.05,7.04,36.03,28.96,1.0,236.0,1200.0
52922.309,0.0,140.0,93.10000000000001,22.740000000000002,16.01,172.0,33.45,151.20000000000002,28.93,33.39,33.9,91.0,15.700000000000001,57.400000000000006,99.7,240.0,2895.0,1.35,36.9,15.040000000000001,6.94,36.01,29.02,1.0,246.5,1200.0
52982.309,0.0,140.0,91.2,22.73,16.02,173.0,33.550000000000004,150.8,28.94,33.38,33.800000000000004,93.0,15.600000000000001,57.2,99.5,244.5,2905.0,1.28,36.7,14.99,6.98,35.980000000000004,29.0,0.0,246.5,1200.0
53042.309,0.0,140.0,90.9,22.68,15.99,172.0,33.45,151.6,29.02,33.29,33.9,92.5,15.75,58.2,100.0,243.5,2901.0,1.46,36.800000000000004,15.05,6.96,36.08,29.0,1.0,238.5,1200.0
53102.309,0.0,140.0,91.10000000000001,22.72,15.9,173.5,33.35,152.5,29.01,33.4,33.95,92.5,15.65,57.900000000000006,100.0,240.0,2898.0,1.41,36.9,15.030000000000001,6.99,36.03,29.04,1.0,238.5,1200.0
53162.309,0.0,140.0,92.80000000000001,22.66,16.05,169.0,33.6,149.20000000000002,29.01,33.44,33.800000000000004,91.5,15.700000000000001,57.5,100.0,245.5,2900.0,1.46,36.75,14.98,7.0600000000000005,36.03,29.07,0.0,239.5,1200.0
53222.308,0.0,140.0,90.80000000000001,22.59,15.96,172.5,33.5,152.8,29.03,33.43,33.9,93.5,15.9,57.5,99.80000000000001,239.5,2898.0,1.44,37.050000000000004,14.98,6.97,36.01,29.05,0.0,245.5,1200.0
53282.308,0.0,140.0,89.7,22.63,16.04,171.0,33.5,149.70000000000002,29.11,33.28,33.85,91.0,15.75,57.1,100.0,238.5,2903.0,1.31,36.75,14.96,6.99,35.97,29.01,0.0,241.0,1200.0
53342.308,0.0,140.0,92.2,22.650000000000002,16.03,173.5,33.45,151.3,29.07,33.33,33.95,91.5,15.75,57.6,99.9,243.5,2898.0,1.29,36.7,15.02,6.99,35.96,28.990000000000002,0.0,242.5,1200.0
53402.308,0.0,140.0,90.5,22.580000000000002,16.01,171.5,33.5,152.0,29.05,33.3,34.0,93.0,15.75,57.6,100.0,240.5,2900.0,1.24,36.85,15.040000000000001,7.04,35.92,29.03,0.0,242.0,1200.0
53462.308,0.0,140.0,92.10000000000001,22.64,15.950000000000001,172.5,33.45,151.8,29.080000000000002,33.27,34.050000000000004,93.0,15.75,57.0,99.5,244.5,2903.0,1.45,36.85,14.99,7.07,35.94,29.03,0.0,241.0,1200.0
53522.308,0.0,140.0,91.10000000000001,22.7,16.02,171.0,33.6,151.6,29.14,33.36,33.75,94.5,15.600000000000001,57.6,100.0,241.0,2901.0,1.27,36.85,14.950000000000001,6.98,35.94,29.05,0.0,240.0,1200.0
53582.308,0.0,140.0,91.5,22.68,16.02,171.0,33.6,151.1,29.04,33.35,33.9,92.0,15.700000000000001,57.400000000000006,99.60000000000001,241.5,2894.0,1.47,37.0,15.06,6.98,36.02,29.0,0.0,239.0,1200.0
53642.308,0.0,140.0,90.7,22.7,16.02,170.0,33.4,151.6,28.95,33.38,33.9,92.5,15.700000000000001,57.6,100.0,238.5,2894.0,1.31,36.75,14.99,6.95,35.95,29.04,0.0,244.0,1200.0
53702.308,0.0,140.0,90.60000000000001,22.71,15.98,170.5,33.45,151.70000000000002,29.05,33.3,33.9,93.5,15.600000000000001,57.400000000000006,99.9,242.0,2904.0,1.37,36.85,15.01,7.0200000000000005,35.99,28.95,0.0,242.0,1200.0
53762.308,0.0,140.0,89.9,22.650000000000002,16.02,172.5,33.45,151.5,29.02,33.34,34.0,92.0,15.700000000000001,57.7,99.9,242.0,2907.0,1.44,36.7,14.99,7.0600000000000005,36.1,29.09,0.0,241.0,1200.0
53822.308,0.0,140.0,91.60000000000001,22.73,16.04,171.5,33.45,151.1,28.94,33.33,33.800000000000004,91.0,15.65,57.6,100.0,241.0,2900.0,1.36,36.800000000000004,14.92,7.0200000000000005,36.0,28.96,0.0,242.5,1200.0
53882.307,0.0,140.0,91.60000000000001,22.76,15.99,173.0,33.5,151.0,29.04,33.32,33.85,94.0,15.700000000000001,57.2,99.7,242.5,2899.0,1.45,36.95,14.92,7.01,35.99,29.02,0.0,243.5,1200.0
53942.307,0.0,140.0,91.10000000000001,22.69,16.0,170.5,33.5,152.5,28.89,33.3,33.800000000000004,93.5,15.8,57.6,99.9,246.0,2897.0,1.33,36.800000000000004,15.01,7.04,36.03,29.03,0.0,241.5,1200.0
54002.307,0.0,140.0,91.5,22.75,15.98,173.0,33.6,151.70000000000002,29.01,33.21,33.800000000000004,90.0,15.75,58.1,100.0,244.0,2902.0,1.48,36.800000000000004,14.99,6.96,36.0,28.97,0.0,242.5,1200.0
54062.307,0.0,140.0,93.7,22.73,15.98,173.0,33.300000000000004,152.8,29.02,33.31,34.050000000000004,92.5,15.8,58.0,99.9,240.0,2903.0,1.47,37.0,15.05,7.09,35.97,28.92,0.0,245.0,1200.0
54122.307,0.0,140.0,90.2,22.69,15.94,172.0,33.45,151.20000000000002,29.02,33.4,33.9,93.0,15.700000000000001,57.7,100.0,240.5,2902.0,1.36,36.65,14.91,7.01,35.87,28.98,1.0,245.0,1200.0
54182.307,0.0,140.0,91.4,22.63,16.07,171.5,33.5,152.20000000000002,29.02,33.33,33.800000000000004,93.5,15.850000000000001,57.900000000000006,99.9,241.5,2898.0,1.4000000000000001,36.800000000000004,15.030000000000001,7.07,35.99,28.97,0.0,244.0,1200.0
54242.307,0.0,140.0,91.2,22.75,15.96,172.0,33.65,150.1,28.91,33.3,33.75,95.0,15.850000000000001,58.0,99.9,243.0,2896.0,1.34,36.9,15.01,6.97,36.03,28.94,0.0,241.0,1200.0
54302.307,0.0,140.0,90.0,22.71,15.98,170.5,33.45,151.4,28.97,33.39,33.800000000000004,93.0,15.850000000000001,57.6,99.9,238.0,2901.0,1.28,36.9,15.02,7.1000000000000005,36.050000000000004,29.02,0.0,240.5,1200.0
54362.307,0.0,140.0,92.30000000000001,22.67,15.950000000000001,173.0,33.45,152.1,29.0,33.410000000000004,33.800000000000004,93.0,15.8,57.2,99.9,240.5,2897.0,1.41,36.85,14.96,6.98,36.03,28.990000000000002,0.0,239.5,1200.0
54422.307,0.0,140.0,90.60000000000001,22.650000000000002,16.05,174.5,33.5,151.20000000000002,28.990000000000002,33.31,33.800000000000004,94.0,15.75,57.6,99.60000000000001,238.0,2896.0,1.29,36.85,15.08,7.0,35.980000000000004,28.990000000000002,2.0,241.0,1200.0
54482.307,0.0,140.0,92.0,22.68,16.05,172.5,33.4,151.4,29.02,33.29,33.85,95.0,15.700000000000001,57.6,99.60000000000001,240.0,2894.0,1.3,36.85,14.97,6.97,36.0,29.04,1.0,242.5,1200.0
54542.307,0.0,140.0,90.30000000000001,22.7,15.98,171.5,33.4,152.5,29.03,33.27,33.800000000000004,92.5,15.700000000000001,57.1,100.0,239.5,2899.0,1.24,36.800000000000004,15.030000000000001,6.95,36.12,29.0,0.0,238.5,1200.0
54602.306,0.0,140.0,92.80000000000001,22.64,15.950000000000001,169.5,33.35,150.6,28.94,33.29,33.85,93.5,15.65,57.400000000000006,100.0,237.0,2899.0,1.44,36.800000000000004,14.97,7.07,36.050000000000004,29.02,0.0,244.5,1200.0
54662.306,0.0,140.0,90.4,22.650000000000002,15.99,175.0,33.4,151.3,28.95,33.34,33.85,92.5,15.65,57.6,99.80000000000001,239.5,2900.0,1.43,36.7,15.030000000000001,7.01,35.99,28.94,0.0,239.5,1200.0
54722.306,0.0,140.0,91.0,22.67,16.04,173.5,33.550000000000004,152.0,28.98,33.28,33.75,94.5,15.850000000000001,57.400000000000006,99.7,239.5,2895.0,1.23,36.6,14.98,6.93,35.96,29.03,0.0,241.0,1200.0
54782.306,0.0,140.0,89.7,22.69,15.99,170.5,33.5,152.1,28.86,33.27,33.85,93.5,15.700000000000001,57.2,100.0,242.0,2894.0,1.33,36.85,15.01,7.08,35.94,28.92,0.0,240.5,1200.0
54842.306,0.0,140.0,91.2,22.64,16.0,169.0,33.35,152.20000000000002,29.02,33.38,33.85,91.5,15.700000000000001,57.7,99.80000000000001,239.0,2894.0,1.41,36.7,15.01,7.05,35.9,28.93,0.0,237.5,1200.0
54902.306,0.0,140.0,89.60000000000001,22.63,16.0,172.0,33.25,151.0,28.94,33.19,33.800000000000004,91.5,15.65,57.1,99.9,245.0,2886.0,1.36,36.800000000000004,14.97,6.99,35.95,29.0,0.0,243.0,1200.0
54962.306,0.0,140.0,92.0,22.67,15.94,171.0,33.45,153.0,28.97,33.27,33.800000000000004,93.0,15.65,57.800000000000004,100.0,240.0,2894.0,1.45,36.75,14.99,6.92,35.99,29.03,0.0,238.0,1200.0
55022.306,0.0,140.0,91.2,22.650000000000002,16.0,172.0,33.35,149.8,28.96,33.31,33.65,95.0,15.65,58.1,100.0,239.5,2894.0,1.34,36.65,14.98,7.09,35.97,29.080000000000002,0.0,239.0,1200.0
55082.306,0.0,140.0,90.30000000000001,22.71,16.04,169.5,33.550000000000004,153.70000000000002,28.89,33.160000000000004,33.65,92.5,15.850000000000001,57.6,100.0,238.5,2892.0,1.36,36.7,14.98,7.0200000000000005,36.01,29.060000000000002,0.0,236.0,1200.0
55142.306,0.0,140.0,89.9,22.69,15.89,170.5,33.35,151.0,28.93,33.26,33.7,92.5,15.75,57.2,100.0,237.5,2891.0,1.35,36.7,14.96,7.05,35.96,28.990000000000002,0.0,240.0,1200.0
55202.306,0.0,140.0,91.5,22.67,16.05,171.0,33.300000000000004,151.20000000000002,28.97,33.27,33.800000000000004,94.5,15.700000000000001,57.2,100.0,236.0,2889.0,1.55,36.65,14.97,6.95,35.99,29.0,0.0,238.5,1200.0
55262.305,0.0,140.0,90.9,22.75,15.93,171.5,33.45,151.6,28.92,33.230000000000004,33.85,95.0,15.700000000000001,57.1,99.7,241.5,2890.0,1.3900000000000001,36.800000000000004,14.98,6.93,35.980000000000004,28.85,0.0,235.0,1200.0
55322.305,0.0,140.0,91.4,22.650000000000002,16.06,169.0,33.35,152.5,28.89,33.230000000000004,33.800000000000004,93.5,15.850000000000001,57.1,99.9,237.0,2888.0,1.36,36.7,15.02,7.0,36.08,29.05,0.0,239.0,1200.0
55382.305,0.0,140.0,90.80000000000001,22.650000000000002,16.09,172.0,33.4,151.3,28.94,33.24,33.800000000000004,93.5,15.75,57.400000000000006,99.80000000000001,244.0,2884.0,1.41,36.550000000000004,14.98,6.97,36.04,28.96,0.0,240.0,1200.0
55442.305,0.0,140.0,89.4,22.64,15.98,172.0,33.4,154.20000000000002,29.04,33.24,33.65,91.5,15.75,57.6,100.0,239.0,2888.0,1.29,36.6,15.01,7.03,35.980000000000004,29.07,1.0,238.5,1200.0
55502.305,0.0,140.0,91.7,22.67,16.0,172.0,33.35,150.9,28.91,33.3,33.800000000000004,93.5,15.700000000000001,57.2,99.9,235.5,2889.0,1.58,36.6,14.99,7.01,36.04,28.96,1.0,235.5,1200.0
55562.305,0.0,140.0,91.2,22.7,15.91,171.0,33.300000000000004,150.3,29.03,33.33,34.0,92.5,15.65,57.5,99.9,241.0,2889.0,1.47,36.5,14.950000000000001,6.97,35.980000000000004,28.98,0.0,240.5,1200.0
55622.305,0.0,140.0,90.30000000000001,22.71,16.04,173.0,33.35,152.8,28.94,33.29,33.9,92.5,15.700000000000001,57.7,99.9,241.5,2894.0,1.47,36.6,14.99,7.01,35.980000000000004,28.92,0.0,239.5,1200.0
55682.305,0.0,140.0,89.9,22.73,16.02,170.0,33.4,150.8,28.92,33.34,33.9,91.5,15.850000000000001,57.7,100.0,241.0,2892.0,1.23,36.550000000000004,15.01,7.0,35.910000000000004,28.93,0.0,238.5,1200.0
55742.305,0.0,140.0,89.80000000000001,22.740000000000002,15.93,172.5,33.550000000000004,152.6,29.04,33.31,33.85,92.5,15.8,57.300000000000004,100.0,237.5,2897.0,1.42,36.65,14.99,7.03,35.95,28.96,1.0,241.0,1200.0
55802.305,0.0,140.0,91.60000000000001,22.64,15.97,171.0,33.300000000000004,152.8,28.97,33.27,33.800000000000004,93.5,15.9,57.0,100.0,241.0,2897.0,1.48,36.75,15.0,6.99,35.92,29.05,1.0,241.0,1200.0
55862.305,0.0,140.0,91.4,22.72,15.99,171.0,33.45,150.1,29.12,33.31,33.75,92.0,15.75,57.300000000000004,99.5,245.5,2897.0,1.43,36.7,14.99,7.07,35.980000000000004,28.94,0.0,238.5,1200.0
55922.305,0.0,140.0,92.30000000000001,22.67,16.080000000000002,171.0,33.550000000000004,151.5,28.990000000000002,33.27,33.75,92.0,15.700000000000001,57.900000000000006,99.80000000000001,244.0,2897.0,1.37,36.75,15.01,7.0600000000000005,35.96,29.07,0.0,244.5,1200.0
55982.304,0.0,140.0,90.5,22.69,15.96,170.0,33.45,149.6,29.060000000000002,33.27,34.0,93.5,15.8,58.1,99.60000000000001,239.5,2900.0,1.37,36.7,15.01,7.01,36.0,29.02,0.0,239.0,1200.0
56042.304,0.0,140.0,91.9,22.650000000000002,16.04,172.5,33.300000000000004,152.0,29.0,33.35,34.0,94.0,15.75,57.6,100.0,241.5,2899.0,1.3800000000000001,36.75,14.94,6.96,35.96,29.02,1.0,242.0,1200.0
56102.304,0.0,140.0,90.5,22.76,15.96,172.0,33.6,150.8,28.98,33.29,33.800000000000004,93.0,15.8,58.1,100.0,240.5,2895.0,1.44,36.85,14.97,7.08,35.95,28.96,0.0,240.5,1200.0
56162.304,0.0,140.0,90.4,22.69,16.02,171.5,33.5,151.3,28.91,33.37,33.85,94.0,15.65,57.0,99.80000000000001,239.5,2898.0,1.41,36.95,14.98,7.0200000000000005,35.97,28.98,1.0,243.0,1200.0
56222.304,0.0,140.0,89.10000000000001,22.71,15.98,173.0,33.4,152.4,28.900000000000002,33.33,33.95,93.5,15.700000000000001,57.6,100.0,239.5,2903.0,1.51,36.85,14.99,7.03,36.09,29.0,1.0,239.5,1200.0
56282.304,0.0,140.0,91.60000000000001,22.68,15.950000000000001,171.0,33.5,150.70000000000002,28.97,33.22,33.95,92.5,15.75,57.1,99.80000000000001,245.5,2896.0,1.51,36.7,14.950000000000001,6.94,36.04,29.02,0.0,240.0,1200.0
56342.304,0.0,140.0,91.60000000000001,22.66,16.03,171.0,33.4,151.5,29.080000000000002,33.38,33.95,92.5,15.65,57.400000000000006,99.9,244.5,2891.0,1.3800000000000001,36.65,15.040000000000001,7.0200000000000005,35.99,29.02,0.0,240.5,1200.0
56402.304,0.0,140.0,90.2,22.7,16.01,172.5,33.5,151.3,29.09,33.37,33.9,91.5,15.700000000000001,57.2,100.0,236.5,2894.0,1.44,36.75,15.02,6.99,36.08,29.060000000000002,1.0,241.5,1200.0
56462.304,0.0,140.0,91.80000000000001,22.64,15.91,172.0,33.4,152.4,29.080000000000002,33.28,33.95,94.0,15.700000000000001,57.5,99.60000000000001,241.5,2898.0,1.37,36.75,14.950000000000001,6.96,36.01,29.04,0.0,240.5,1200.0
56522.304,0.0,140.0,91.4,22.56,15.950000000000001,172.0,33.5,152.4,28.93,33.26,33.95,93.5,15.55,56.900000000000006,100.0,241.0,2892.0,1.25,36.800000000000004,15.030000000000001,7.01,35.9,28.96,3.0,239.0,1200.0
56582.304,0.0,140.0,90.60000000000001,22.67,15.93,172.0,33.4,150.0,29.02,33.22,33.85,93.0,15.8,57.300000000000004,99.60000000000001,243.5,2890.0,1.41,36.65,15.05,7.0200000000000005,35.93,28.97,0.0,237.5,1200.0
56642.303,0.0,140.0,92.10000000000001,22.67,15.93,172.0,33.45,150.20000000000002,28.93,33.33,33.800000000000004,93.0,15.75,57.400000000000006,100.0,235.5,2890.0,1.3,36.65,14.96,7.05,36.01,29.0,0.0,240.5,1200.0
56702.303,0.0,140.0,91.5,22.64,15.97,170.5,33.4,151.4,29.02,33.35,33.9,93.5,15.700000000000001,57.2,99.9,240.0,2888.0,1.5,36.7,14.99,6.98,35.99,29.03,0.0,236.0,1200.0
56762.303,0.0,140.0,91.10000000000001,22.64,16.02,169.5,33.25,150.20000000000002,28.98,33.230000000000004,33.9,92.0,15.700000000000001,57.6,100.0,240.0,2895.0,1.3800000000000001,36.65,15.05,7.03,36.07,29.04,0.0,241.5,1200.0
56822.303,0.0,140.0,90.30000000000001,22.7,15.96,171.0,33.35,150.6,28.95,33.25,33.7,92.0,15.65,57.300000000000004,99.80000000000001,242.5,2888.0,1.4000000000000001,36.7,15.0,6.93,36.02,29.04,0.0,244.0,1200.0
56882.303,0.0,140.0,90.4,22.68,15.97,173.5,33.300000000000004,151.4,29.04,33.32,33.800000000000004,93.5,15.700000000000001,57.6,100.0,238.5,2892.0,1.44,36.6,15.06,6.92,36.06,28.990000000000002,0.0,240.5,1200.0
56942.303,0.0,140.0,90.9,22.72,15.96,170.0,33.5,151.6,28.91,33.26,33.9,93.5,15.950000000000001,57.2,100.0,239.5,2886.0,1.44,36.75,14.98,7.0,35.93,28.96,1.0,240.0,1200.0
57002.303,0.0,140.0,90.4,22.71,15.96,170.0,33.5,151.1,28.89,33.22,33.800000000000004,93.0,15.600000000000001,57.400000000000006,99.60000000000001,238.5,2883.0,1.36,36.65,15.06,6.95,35.99,28.97,0.0,241.5,1200.0
57062.303,0.0,140.0,91.0,22.650000000000002,15.97,172.0,33.5,152.20000000000002,28.92,33.28,33.800000000000004,93.0,15.75,57.300000000000004,99.7,239.5,2891.0,1.45,36.65,14.93,6.99,35.95,28.96,2.0,237.0,1200.0
57122.303,0.0,140.0,93.0,22.650000000000002,16.01,172.0,33.5,152.6,29.05,33.21,33.7,93.0,15.8,57.400000000000006,99.9,239.0,2891.0,1.34,36.6,15.01,7.01,36.03,28.990000000000002,0.0,243.0,1200.0
57182.303,0.0,140.0,90.4,22.62,15.91,170.5,33.4,150.9,28.88,33.21,33.800000000000004,92.0,15.65,57.300000000000004,100.0,237.5,2892.0,1.28,36.7,15.05,7.0,36.03,29.03,0.0,237.5,1200.0
57242.303,0.0,140.0,90.7,22.66,16.01,171.5,33.35,151.3,28.91,33.3,33.75,93.0,15.700000000000001,57.2,100.0,237.0,2888.0,1.33,36.7,15.02,7.04,36.03,28.98,1.0,242.5,1200.0
57302.303,0.0,140.0,89.9,22.67,15.97,173.5,33.5,151.1,28.97,33.22,33.7,92.0,15.65,57.300000000000004,100.0,239.5,2888.0,1.35,36.75,15.030000000000001,7.0,35.95,29.04,0.0,236.5,1200.0
57362.302,0.0,140.0,90.60000000000001,22.68,16.09,170.0,33.45,151.0,28.96,33.230000000000004,33.85,92.0,15.75,57.300000000000004,99.5,241.5,2889.0,1.49,36.65,14.96,6.97,35.88,28.97,3.0,239.5,1200.0
57422.302,0.0,140.0,91.60000000000001,22.6,16.05,171.5,33.2,151.70000000000002,29.05,33.24,33.7,93.5,15.65,56.900000000000006,100.0,239.5,2892.0,1.35,36.550000000000004,15.01,7.03,35.94,28.91,2.0,236.0,1200.0
57482.302,0.0,140.0,90.60000000000001,22.54,15.99,171.5,33.4,150.1,29.02,33.29,33.85,94.0,15.65,57.1,99.80000000000001,243.0,2892.0,1.45,36.5,14.99,6.97,36.07,29.1,0.0,238.0,1200.0
57542.302,0.0,140.0,89.4,22.69,16.09,174.0,33.5,152.6,28.97,33.24,33.75,90.5,15.600000000000001,58.2,100.0,238.0,2887.0,1.46,36.75,15.040000000000001,7.01,35.95,28.95,1.0,240.5,1200.0
57602.302,0.0,140.0,91.2,22.650000000000002,15.950000000000001,172.5,33.35,151.9,29.0,33.42,33.85,91.0,15.700000000000001,57.300000000000004,100.0,239.5,2894.0,1.58,36.75,15.02,7.08,36.1,29.03,0.0,244.5,1200.0
57662.302,0.0,140.0,92.10000000000001,22.66,15.99,173.0,33.25,153.20000000000002,29.05,33.32,33.75,94.0,15.65,57.800000000000004,99.9,241.5,2891.0,1.28,36.800000000000004,15.02,7.01,36.01,28.97,0.0,240.5,1200.0
57722.302,0.0,140.0,91.0,22.6,16.01,172.5,33.5,150.6,28.96,33.26,33.800000000000004,92.0,15.8,57.1,100.0,240.5,2887.0,1.23,36.6,14.93,7.09,36.0,29.060000000000002,0.0,234.5,1200.0
57782.302,0.0,140.0,91.80000000000001,22.62,15.97,169.5,33.550000000000004,153.20000000000002,29.0,33.3,33.85,92.0,15.65,57.2,99.9,234.0,2890.0,1.47,36.85,14.950000000000001,6.98,35.97,28.990000000000002,0.0,238.0,1200.0
57842.302,0.0,140.0,92.2,22.68,16.01,171.5,33.45,152.1,29.060000000000002,33.3,33.75,93.0,15.65,57.400000000000006,100.0,241.5,2893.0,1.48,36.65,14.97,7.01,36.06,29.03,0.0,240.5,1200.0
57902.302,0.0,140.0,90.60000000000001,22.59,16.04,172.0,33.300000000000004,150.5,28.92,33.3,33.85,93.0,15.75,56.800000000000004,100.0,238.0,2892.0,1.34,36.6,15.0,6.99,36.1,29.04,0.0,236.0,1200.0
57962.302,0.0,140.0,90.9,22.66,16.0,171.5,33.4,150.70000000000002,28.990000000000002,33.29,33.85,91.5,15.75,57.7,99.80000000000001,238.0,2886.0,1.19,36.75,14.99,7.0200000000000005,35.97,29.03,0.0,238.0,1200.0
58022.302,0.0,140.0,91.4,22.62,15.950000000000001,172.5,33.300000000000004,153.20000000000002,28.87,33.230000000000004,33.85,91.5,15.850000000000001,57.1,99.80000000000001,238.5,2892.0,1.34,36.65,15.05,6.97,35.88,29.060000000000002,0.0,237.5,1200.0
58082.301,0.0,140.0,91.4,22.55,15.96,174.0,33.25,151.70000000000002,28.96,33.31,33.75,94.5,15.75,57.300000000000004,99.80000000000001,237.5,2893.0,1.3900000000000001,36.6,14.96,7.0600000000000005,35.99,29.09,1.0,243.0,1200.0
58142.301,0.0,140.0,90.5,22.68,16.11,173.0,33.4,152.3,28.98,33.26,33.9,94.0,15.700000000000001,57.7,99.4,242.5,2892.0,1.29,36.7,14.92,6.98,35.99,28.89,0.0,243.0,1200.0
58202.301,0.0,140.0,90.2,22.68,16.05,171.0,33.45,149.5,28.990000000000002,33.19,33.800000000000004,92.5,15.75,57.400000000000006,100.0,235.0,2893.0,1.25,36.6,14.96,6.94,35.96,28.98,0.0,238.5,1200.0
58262.301,0.0,140.0,89.2,22.63,16.06,173.0,33.35,150.9,28.87,33.25,33.75,93.5,15.75,57.400000000000006,100.0,234.5,2891.0,1.4000000000000001,36.65,15.07,7.01,36.1,29.03,0.0,237.5,1200.0
58322.301,0.0,140.0,92.30000000000001,22.62,16.07,172.0,33.4,151.6,29.02,33.21,33.9,93.0,15.65,57.5,100.0,240.0,2890.0,1.29,36.550000000000004,15.0,6.97,35.94,29.1,1.0,236.0,1200.0
58382.301,0.0,140.0,91.2,22.68,16.02,172.0,33.45,151.4,28.91,33.230000000000004,33.85,93.5,15.65,57.6,100.0,239.5,2895.0,1.29,36.6,15.0,6.97,35.92,28.990000000000002,0.0,236.5,1200.0
58442.301,0.0,140.0,91.7,22.56,16.0,173.0,33.4,150.1,28.93,33.26,33.800000000000004,91.0,15.65,57.300000000000004,99.60000000000001,238.0,2894.0,1.46,36.65,15.02,7.0200000000000005,35.980000000000004,28.94,2.0,239.5,1200.0
58502.301,0.0,140.0,92.30000000000001,22.64,15.99,170.0,33.45,151.4,28.91,33.27,33.75,91.5,15.75,57.6,99.9,243.5,2891.0,1.4000000000000001,36.65,15.030000000000001,6.99,35.980000000000004,29.01,2.0,240.0,1200.0
58562.301,0.0,140.0,89.10000000000001,22.67,15.98,171.5,33.45,150.9,28.990000000000002,33.27,33.75,91.5,15.700000000000001,57.300000000000004,99.80000000000001,239.5,2890.0,1.43,36.6,15.07,7.0,36.07,28.92,2.0,241.0,1200.0
58622.301,0.0,140.0,91.4,22.67,15.98,170.5,33.45,150.3,29.01,33.29,33.800000000000004,92.5,15.850000000000001,56.7,100.0,241.5,2887.0,1.44,36.75,14.97,7.01,35.94,28.88,2.0,240.5,1200.0
58682.301,0.0,140.0,92.80000000000001,22.57,15.93,173.5,33.4,152.6,28.93,33.28,33.95,94.5,15.700000000000001,56.900000000000006,100.0,238.5,2902.0,1.31,36.7,15.09,6.92,35.99,29.0,0.0,242.5,1200.0
58742.301,0.0,140.0,91.30000000000001,22.61,16.03,170.5,33.6,151.0,28.97,33.230000000000004,33.9,93.0,15.950000000000001,56.900000000000006,100.0,239.5,2888.0,1.47,36.85,14.97,6.99,36.07,28.94,2.0,236.5,1200.0
58802.301,0.0,140.0,92.0,22.57,16.0,173.0,33.35,150.4,28.990000000000002,33.28,33.9,93.5,15.8,57.400000000000006,99.5,240.0,2893.0,1.44,36.6,15.05,7.07,36.1,29.07,0.0,238.5,1200.0
58862.3,0.0,140.0,90.7,22.69,15.97,173.0,33.45,152.4,29.060000000000002,33.26,33.85,93.0,15.65,57.6,99.9,242.5,2889.0,1.41,36.75,15.05,6.99,36.03,28.98,2.0,236.0,1200.0
58922.3,0.0,140.0,90.7,22.64,16.03,172.5,33.6,151.20000000000002,29.04,33.32,33.800000000000004,91.5,15.8,57.2,99.7,244.0,2893.0,1.3900000000000001,36.75,15.0,7.0200000000000005,35.94,28.92,0.0,244.0,1200.0
58982.3,0.0,140.0,91.9,22.64,16.04,170.5,33.550000000000004,152.1,29.060000000000002,33.28,33.7,92.5,15.600000000000001,56.800000000000004,99.7,241.0,2892.0,1.36,36.550000000000004,14.97,6.97,36.04,29.05,4.0,238.0,1200.0
59042.3,0.0,140.0,91.30000000000001,22.6,16.01,172.0,33.4,150.9,29.03,33.32,33.75,93.5,15.8,57.6,99.9,235.5,2894.0,1.19,36.6,15.02,7.03,36.0,28.93,0.0,241.5,1200.0
59102.3,0.0,140.0,90.10000000000001,22.6,16.07,172.0,33.45,152.3,29.03,33.22,33.85,91.5,15.700000000000001,57.2,100.0,243.0,2890.0,1.31,36.6,14.97,6.96,36.02,29.05,2.0,237.5,1200.0
59162.3,0.0,140.0,88.4,22.68,15.92,172.5,33.5,150.3,28.97,33.26,33.75,90.0,15.700000000000001,57.5,99.7,237.5,2890.0,1.45,36.65,15.0,7.05,35.96,28.97,2.0,243.0,1200.0
59222.3,0.0,140.0,91.30000000000001,22.63,16.07,172.0,33.35,150.70000000000002,28.990000000000002,33.160000000000004,33.85,92.0,15.65,57.400000000000006,100.0,236.0,2891.0,1.28,36.6,15.01,7.0,35.99,29.02,0.0,236.5,1200.0
59282.3,0.0,140.0,90.80000000000001,22.67,15.99,170.5,33.5,151.9,29.01,33.28,33.85,92.5,15.65,56.900000000000006,100.0,241.0,2887.0,1.3800000000000001,36.65,15.02,7.07,36.06,28.990000000000002,1.0,240.0,1200.0
59342.3,0.0,140.0,92.60000000000001,22.63,16.0,172.5,33.5,150.8,28.990000000000002,33.37,33.800000000000004,91.0,15.8,57.5,100.0,239.5,2897.0,1.4000000000000001,36.7,14.97,7.11,35.99,28.990000000000002,0.0,246.0,1200.0
59402.3,0.0,140.0,91.7,22.6,15.96,173.5,33.5,151.1,29.03,33.34,34.0,91.5,15.700000000000001,57.2,99.9,240.5,2896.0,1.53,36.65,15.01,7.09,36.06,29.03,1.0,237.5,1200.0
59462.3,0.0,140.0,91.30000000000001,22.650000000000002,16.03,173.0,33.45,151.3,29.04,33.410000000000004,33.9,93.0,15.75,57.2,100.0,242.0,2893.0,1.47,36.7,15.06,7.05,36.050000000000004,29.060000000000002,4.0,237.5,1200.0
59522.3,0.0,140.0,90.30000000000001,22.72,15.950000000000001,174.0,33.45,151.6,29.04,33.34,33.800000000000004,92.5,15.65,57.300000000000004,100.0,241.0,2897.0,1.4000000000000001,36.7,14.96,7.0200000000000005,36.02,28.990000000000002,2.0,236.5,1200.0
59582.299,0.0,140.0,91.2,22.61,16.04,171.0,33.5,151.9,28.98,33.32,33.7,91.0,15.75,57.5,100.0,236.0,2895.0,1.45,36.6,15.0,6.97,35.980000000000004,29.0,2.0,241.5,1200.0
59642.299,0.0,140.0,90.9,22.68,16.1,171.5,33.45,151.8,29.07,33.36,33.95,92.5,15.700000000000001,56.900000000000006,100.0,241.0,2887.0,1.22,36.9,14.98,7.0200000000000005,35.980000000000004,29.0,1.0,240.5,1200.0
59702.299,0.0,140.0,91.0,22.67,16.03,170.5,33.550000000000004,150.6,29.080000000000002,33.36,34.0,92.5,15.75,57.400000000000006,100.0,238.5,2898.0,1.34,36.75,15.02,7.0200000000000005,36.04,29.11,0.0,237.5,1200.0
59762.299,0.0,140.0,92.10000000000001,22.67,16.04,170.5,33.5,151.0,29.03,33.29,33.800000000000004,91.5,15.700000000000001,57.2,99.5,239.5,2896.0,1.33,36.7,15.08,7.03,36.03,29.07,1.0,244.5,1200.0
59822.299,0.0,140.0,90.7,22.62,16.01,171.0,33.45,151.5,29.07,33.29,33.9,92.0,15.75,57.6,100.0,237.5,2890.0,1.3800000000000001,36.7,15.02,6.99,35.980000000000004,28.990000000000002,0.0,243.5,1200.0
59882.299,0.0,140.0,90.7,22.72,16.07,173.5,33.5,152.70000000000002,29.080000000000002,33.37,33.75,93.0,15.700000000000001,57.2,100.0,242.5,2897.0,1.48,36.7,14.98,7.0,36.0,28.94,0.0,241.0,1200.0
59942.299,0.0,140.0,92.9,22.650000000000002,16.0,173.5,33.45,152.0,29.1,33.4,33.800000000000004,91.5,15.700000000000001,57.5,100.0,242.0,2897.0,1.29,36.85,14.93,7.0200000000000005,35.97,29.05,1.0,242.5,1200.0
60002.299,0.0,140.0,90.10000000000001,22.66,16.02,173.5,33.5,151.70000000000002,29.0,33.39,33.95,92.5,15.75,57.5,99.9,242.5,2898.0,1.28,36.9,15.02,6.98,36.04,29.02,0.0,239.5,1200.0
60062.299,0.0,140.0,91.10000000000001,22.75,15.94,173.5,33.550000000000004,152.5,29.05,33.39,33.85,92.5,15.65,57.900000000000006,100.0,240.0,2895.0,1.29,36.75,15.06,7.04,36.06,28.990000000000002,0.0,238.5,1200.0
60122.299,0.0,140.0,89.7,22.78,16.05,170.0,33.45,151.4,28.990000000000002,33.42,33.75,92.5,15.75,58.2,99.80000000000001,244.5,2892.0,1.32,36.800000000000004,15.01,6.99,36.0,28.990000000000002,0.0,240.0,1200.0
60182.299,0.0,140.0,90.80000000000001,22.71,16.03,171.5,33.4,151.20000000000002,28.990000000000002,33.38,33.9,93.0,15.8,57.7,100.0,245.5,2897.0,1.28,36.800000000000004,14.97,7.01,36.08,29.01,2.0,239.0,1200.0
60242.299,0.0,140.0,91.7,22.67,16.02,171.5,33.35,152.5,29.03,33.31,33.800000000000004,90.5,15.700000000000001,57.6,99.7,240.0,2894.0,1.47,36.9,14.96,6.94,36.01,29.01,0.0,242.0,1200.0
60302.299,0.0,140.0,91.4,22.7,15.96,171.0,33.5,153.4,29.02,33.37,33.85,91.5,15.55,57.400000000000006,100.0,240.5,2894.0,1.31,36.9,14.99,6.98,35.980000000000004,29.01,1.0,240.5,1200.0
60362.298,0.0,140.0,90.60000000000001,22.63,15.96,172.0,33.35,151.4,28.990000000000002,33.33,33.85,91.5,15.850000000000001,57.400000000000006,99.7,243.0,2900.0,1.34,36.85,15.0,7.01,35.99,29.02,1.0,239.5,1200.0
60422.298,0.0,140.0,89.7,22.61,16.03,173.0,33.6,151.20000000000002,28.98,33.27,33.800000000000004,94.0,15.8,58.0,99.7,238.5,2895.0,1.36,36.7,14.91,6.97,35.980000000000004,28.97,0.0,244.0,1200.0
60482.298,0.0,140.0,91.30000000000001,22.61,16.080000000000002,172.0,33.5,150.3,28.98,33.38,33.85,94.5,15.850000000000001,57.2,99.5,239.5,2897.0,1.44,36.7,15.0,6.98,36.03,28.95,0.0,242.0,1200.0
60542.298,0.0,140.0,91.7,22.67,16.0,171.5,33.5,153.20000000000002,29.03,33.29,33.75,92.0,15.65,57.5,100.0,245.5,2895.0,1.35,36.75,15.02,7.03,36.050000000000004,28.98,0.0,240.5,1200.0
60602.298,0.0,140.0,89.7,22.66,15.97,172.0,33.45,149.4,28.91,33.31,33.7,94.5,15.700000000000001,57.0,100.0,242.0,2892.0,1.21,36.800000000000004,14.99,7.0600000000000005,35.94,28.89,0.0,236.5,1200.0
60662.298,0.0,140.0,89.10000000000001,22.650000000000002,15.92,172.5,33.4,150.0,29.03,33.43,33.9,93.5,15.8,58.0,99.4,243.5,2899.0,1.32,36.7,15.040000000000001,6.97,35.95,28.990000000000002,0.0,239.5,1200.0
60722.298,0.0,140.0,92.30000000000001,22.64,16.04,172.0,33.5,151.70000000000002,29.02,33.27,33.85,94.0,15.65,57.300000000000004,100.0,243.0,2893.0,1.47,36.800000000000004,15.06,7.01,35.980000000000004,28.93,0.0,241.0,1200.0
60782.298,0.0,140.0,92.60000000000001,22.69,15.99,172.0,33.45,150.8,29.01,33.410000000000004,33.7,92.5,15.75,57.300000000000004,99.9,242.0,2897.0,1.49,36.85,14.97,6.97,35.99,29.09,1.0,235.0,1200.0
60842.298,0.0,140.0,91.10000000000001,22.6,16.04,173.0,33.4,150.5,29.05,33.29,33.85,91.5,15.8,57.900000000000006,99.9,243.5,2896.0,1.49,36.75,14.99,6.98,36.07,29.09,0.0,243.0,1200.0
60902.298,0.0,140.0,91.80000000000001,22.580000000000002,16.03,171.5,33.550000000000004,151.70000000000002,28.95,33.410000000000004,33.95,92.0,15.65,57.5,100.0,236.5,2895.0,1.47,36.7,15.0,6.98,35.99,28.990000000000002,2.0,241.0,1200.0
60962.298,0.0,140.0,92.5,22.67,15.93,171.0,33.35,151.4,29.05,33.29,33.85,93.0,15.600000000000001,57.400000000000006,100.0,240.0,2895.0,1.48,36.85,14.96,7.01,35.910000000000004,28.85,1.0,240.5,1200.0
61022.298,0.0,140.0,90.5,22.67,15.98,173.5,33.550000000000004,150.9,29.060000000000002,33.29,33.75,94.5,15.65,57.7,100.0,239.5,2897.0,1.58,36.75,14.94,6.99,36.02,28.98,2.0,240.0,1200.0
61082.298,0.0,140.0,90.9,22.71,15.99,173.0,33.550000000000004,152.0,29.01,33.4,33.9,93.5,15.600000000000001,57.7,100.0,241.0,2896.0,1.3900000000000001,36.75,14.98,6.99,35.96,29.060000000000002,1.0,238.5,1200.0
61142.297,0.0,140.0,89.9,22.66,15.98,171.0,33.4,151.5,29.0,33.32,33.85,92.0,15.700000000000001,57.300000000000004,100.0,242.5,2894.0,1.47,36.7,14.99,6.97,35.92,28.98,0.0,239.5,1200.0
61202.297,0.0,140.0,91.2,22.650000000000002,15.92,171.0,33.300000000000004,153.3,28.97,33.28,33.9,93.5,15.65,57.0,100.0,242.5,2899.0,1.3900000000000001,36.800000000000004,14.99,6.97,35.96,29.03,0.0,243.5,1200.0
61262.297,0.0,140.0,90.0,22.66,15.98,171.5,33.550000000000004,152.0,29.05,33.34,33.95,93.0,15.65,57.5,99.9,242.0,2891.0,1.42,36.800000000000004,15.0,6.99,35.910000000000004,28.95,0.0,242.5,1200.0
61322.297,0.0,140.0,88.80000000000001,22.71,15.99,171.0,33.5,150.6,28.93,33.31,33.95,93.5,15.75,57.1,99.9,243.0,2896.0,1.58,36.800000000000004,15.01,7.0600000000000005,36.04,29.04,2.0,245.0,1200.0
61382.297,0.0,140.0,91.80000000000001,22.66,16.02,172.5,33.4,151.9,28.95,33.31,33.9,92.5,15.700000000000001,57.800000000000004,100.0,241.5,2895.0,1.32,36.800000000000004,14.99,7.01,36.02,29.04,1.0,239.0,1200.0
61442.297,0.0,140.0,92.10000000000001,22.68,16.02,171.0,33.45,150.8,28.900000000000002,33.44,33.85,91.5,15.700000000000001,57.7,100.0,243.5,2897.0,1.4000000000000001,36.75,14.96,7.0200000000000005,35.97,28.990000000000002,1.0,240.0,1200.0
61502.297,0.0,140.0,91.60000000000001,22.61,15.93,173.5,33.45,152.1,28.89,33.25,33.800000000000004,92.0,15.5,57.6,99.5,238.5,2895.0,1.32,36.7,14.99,6.97,36.03,28.97,0.0,237.0,1200.0
61562.297,0.0,140.0,90.9,22.69,15.93,172.0,33.4,151.8,28.900000000000002,33.25,33.75,93.5,15.700000000000001,58.2,99.80000000000001,235.5,2897.0,1.3800000000000001,36.75,14.97,7.03,36.06,28.98,1.0,239.0,1200.0
61622.297,0.0,140.0,91.4,22.67,15.97,169.5,33.300000000000004,151.4,28.89,33.21,33.75,93.0,15.850000000000001,57.6,100.0,240.0,2893.0,1.3,36.7,14.96,7.01,36.0,28.97,0.0,238.0,1200.0
61682.297,0.0,140.0,90.2,22.67,15.98,169.5,33.45,151.4,29.060000000000002,33.12,33.75,92.5,15.75,57.800000000000004,100.0,241.0,2895.0,1.36,36.75,15.030000000000001,7.0,36.0,29.060000000000002,0.0,241.0,1200.0
61742.297,0.0,140.0,91.30000000000001,22.650000000000002,15.97,170.5,33.550000000000004,151.6,28.96,33.27,33.800000000000004,94.0,15.75,57.900000000000006,99.80000000000001,245.0,2883.0,1.37,36.65,14.99,6.99,35.980000000000004,28.990000000000002,0.0,236.5,1200.0
61802.297,0.0,140.0,92.2,22.69,15.99,171.5,33.25,151.3,28.93,33.19,33.65,91.5,15.8,57.2,99.80000000000001,239.5,2884.0,1.45,36.800000000000004,14.92,6.97,35.910000000000004,28.97,0.0,240.0,1200.0
61862.297,0.0,140.0,90.9,22.64,16.01,170.5,33.25,153.1,28.82,33.2,33.75,92.0,15.9,57.5,100.0,239.0,2887.0,1.37,36.7,14.97,6.96,36.02,28.94,2.0,239.0,1200.0
61922.296,0.0,140.0,91.0,22.68,15.96,171.0,33.300000000000004,152.70000000000002,28.88,33.21,33.75,89.5,15.700000000000001,57.6,100.0,238.5,2885.0,1.49,36.800000000000004,14.97,7.0,36.03,28.98,0.0,242.5,1200.0
61982.296,0.0,140.0,90.60000000000001,22.64,16.03,172.0,33.2,151.9,28.93,33.26,33.7,91.0,15.700000000000001,58.1,100.0,239.5,2892.0,1.3900000000000001,36.7,15.02,7.01,36.03,28.94,1.0,240.0,1200.0
62042.296,0.0,140.0,91.60000000000001,22.64,15.99,171.0,33.35,149.9,28.92,33.21,33.75,94.0,15.850000000000001,57.2,99.9,244.0,2893.0,1.5,36.65,14.98,7.03,36.04,29.060000000000002,1.0,240.5,1200.0
62102.296,0.0,140.0,92.4,22.67,15.96,172.5,33.300000000000004,150.5,28.85,33.29,33.85,91.0,15.9,57.6,100.0,243.0,2890.0,1.41,36.6,15.06,6.95,35.94,29.05,0.0,240.0,1200.0
62162.296,0.0,140.0,92.2,22.69,15.98,170.5,33.45,152.5,29.060000000000002,33.27,33.9,93.5,15.8,57.300000000000004,99.7,237.5,2890.0,1.23,36.800000000000004,14.96,7.07,35.980000000000004,28.96,0.0,239.5,1200.0
62222.296,0.0,140.0,91.10000000000001,22.6,16.01,172.0,33.45,152.4,28.95,33.19,33.85,91.5,15.9,57.1,100.0,241.5,2893.0,1.33,36.65,15.0,7.0,35.96,28.89,0.0,238.0,1200.0
62282.296,0.0,140.0,90.9,22.68,15.950000000000001,174.5,33.45,151.4,28.94,33.28,33.95,92.0,15.75,58.2,99.9,238.0,2895.0,1.41,36.550000000000004,14.97,6.99,35.99,29.02,1.0,235.5,1200.0
62342.296,0.0,140.0,92.2,22.66,16.05,172.0,33.4,150.9,28.97,33.19,33.800000000000004,92.5,15.700000000000001,57.2,99.80000000000001,237.5,2887.0,1.37,36.65,15.06,7.04,36.08,29.02,1.0,233.5,1200.0
62402.296,0.0,140.0,91.5,22.61,16.02,171.5,33.45,150.9,29.05,33.25,33.85,92.5,15.65,57.2,100.0,236.5,2888.0,1.33,36.800000000000004,15.0,7.05,36.06,28.98,0.0,244.0,1200.0
62462.296,0.0,140.0,91.0,22.61,16.05,170.5,33.5,151.4,28.98,33.26,33.85,94.5,15.65,57.800000000000004,100.0,240.5,2894.0,1.4000000000000001,36.75,15.02,7.01,36.04,28.96,2.0,239.0,1200.0
62522.296,0.0,140.0,91.7,22.61,16.03,173.0,33.300000000000004,150.9,29.05,33.3,33.800000000000004,93.5,15.700000000000001,57.5,99.9,240.5,2892.0,1.53,36.75,15.040000000000001,7.0200000000000005,35.97,28.990000000000002,4.0,240.5,1200.0
62582.296,0.0,140.0,90.7,22.68,16.01,173.0,33.25,150.6,28.91,33.27,33.800000000000004,92.5,15.950000000000001,57.1,100.0,239.5,2896.0,1.37,36.75,15.02,7.08,35.97,28.94,0.0,240.0,1200.0
62642.296,0.0,140.0,90.7,22.67,16.04,170.0,33.45,150.5,29.01,33.33,33.85,91.5,15.8,57.0,99.80000000000001,242.5,2895.0,1.22,36.75,14.950000000000001,7.0200000000000005,36.0,28.990000000000002,1.0,238.5,1200.0
62702.295,0.0,140.0,90.30000000000001,22.69,16.06,170.5,33.4,149.5,29.0,33.31,33.95,90.5,15.75,57.5,99.60000000000001,237.5,2892.0,1.46,36.800000000000004,15.01,7.01,35.92,28.94,1.0,239.5,1200.0
62762.295,0.0,140.0,91.7,22.7,16.05,171.5,33.550000000000004,154.0,28.94,33.34,33.85,92.5,15.8,57.900000000000006,100.0,240.0,2894.0,1.47,36.7,15.01,7.05,36.04,28.96,0.0,237.5,1200.0
62822.295,0.0,140.0,89.30000000000001,22.61,16.0,174.0,33.65,151.5,28.92,33.33,33.75,93.0,15.850000000000001,57.2,99.5,241.0,2898.0,1.3900000000000001,36.75,14.99,7.0,36.01,29.0,0.0,239.5,1200.0
62882.295,0.0,140.0,91.10000000000001,22.66,16.03,170.5,33.45,152.20000000000002,29.04,33.37,33.800000000000004,92.0,15.700000000000001,57.2,100.0,239.5,2897.0,1.36,36.7,14.98,7.0200000000000005,36.0,28.990000000000002,2.0,243.5,1200.0
62942.295,0.0,140.0,90.9,22.63,16.02,170.5,33.5,151.5,29.01,33.45,33.95,92.5,15.600000000000001,57.400000000000006,99.80000000000001,242.0,2898.0,1.28,36.65,14.99,6.99,36.01,28.97,1.0,239.0,1200.0
63002.295,0.0,140.0,89.5,22.7,15.97,171.5,33.6,151.3,29.060000000000002,33.38,33.9,93.5,15.700000000000001,57.800000000000004,100.0,243.5,2897.0,1.31,36.65,15.02,7.08,35.95,28.96,2.0,240.0,1200.0
63062.295,0.0,140.0,90.10000000000001,22.61,16.02,173.0,33.35,152.5,29.14,33.34,33.85,91.5,15.75,57.7,100.0,245.5,2898.0,1.43,36.85,15.07,6.99,36.02,29.080000000000002,1.0,239.5,1200.0
63122.295,0.0,140.0,91.4,22.72,15.99,173.0,33.550000000000004,152.70000000000002,29.05,33.39,33.95,93.0,15.700000000000001,57.7,100.0,237.5,2897.0,1.33,36.75,15.02,7.04,36.0,29.0,0.0,240.0,1200.0
63182.295,0.0,140.0,88.4,22.67,16.0,172.0,33.45,150.1,29.02,33.32,33.85,93.0,15.65,57.5,99.5,238.5,2895.0,1.36,36.75,15.05,7.0200000000000005,36.03,29.01,3.0,238.0,1200.0
63242.295,0.0,140.0,90.7,22.69,16.0,170.0,33.550000000000004,150.3,29.03,33.25,34.050000000000004,91.5,15.65,57.2,100.0,240.0,2899.0,1.42,36.75,15.040000000000001,7.01,35.95,28.96,0.0,237.0,1200.0
63302.295,0.0,140.0,91.9,22.72,15.98,171.5,33.5,149.3,28.990000000000002,33.33,34.0,94.5,15.600000000000001,56.800000000000004,100.0,240.5,2894.0,1.48,36.6,15.040000000000001,7.03,35.94,29.060000000000002,0.0,243.0,1200.0
63362.295,0.0,140.0,89.2,22.69,15.93,172.0,33.45,151.70000000000002,29.07,33.34,33.9,93.0,15.8,56.900000000000006,100.0,241.5,2894.0,1.46,36.85,15.02,7.0,35.97,29.05,2.0,239.5,1200.0
63422.295,0.0,140.0,92.60000000000001,22.67,15.98,173.5,33.45,152.8,28.97,33.34,33.7,88.0,15.65,57.6,100.0,241.5,2896.0,1.26,36.7,14.98,7.0,36.02,29.04,0.0,238.5,1200.0
63482.295,0.0,140.0,91.4,22.6,15.98,170.0,33.5,151.8,29.0,33.3,33.85,93.0,15.850000000000001,57.6,99.9,243.0,2897.0,1.61,36.85,14.98,6.98,36.0,28.95,0.0,239.5,1200.0
63542.294,0.0,140.0,92.9,22.72,16.03,171.0,33.45,151.3,28.97,33.33,33.85,91.0,15.9,57.400000000000006,100.0,238.5,2889.0,1.42,36.65,15.05,7.03,35.980000000000004,29.05,0.0,245.5,1200.0
63602.294,0.0,140.0,90.7,22.7,16.0,169.5,33.25,149.8,28.97,33.230000000000004,33.9,93.0,15.75,57.400000000000006,100.0,238.5,2894.0,1.26,36.75,15.030000000000001,6.97,36.0,29.02,1.0,243.0,1200.0
63662.294,0.0,140.0,90.7,22.59,16.0,171.0,33.4,151.3,28.98,33.29,33.85,89.5,15.850000000000001,57.0,100.0,238.5,2887.0,1.42,36.7,14.97,7.01,35.94,28.96,0.0,241.5,1200.0
63722.294,0.0,140.0,92.7,22.66,15.98,171.0,33.4,151.20000000000002,28.990000000000002,33.31,33.75,94.5,15.65,57.2,100.0,237.5,2888.0,1.32,36.7,15.030000000000001,6.99,36.07,28.98,0.0,246.0,1200.0
63782.294,0.0,140.0,90.10000000000001,22.7,15.97,170.5,33.45,149.1,28.97,33.25,33.800000000000004,91.0,15.65,57.0,100.0,244.5,2892.0,1.44,36.800000000000004,15.030000000000001,6.96,35.97,28.95,0.0,242.5,1200.0
63842.294,0.0,140.0,91.4,22.63,16.02,168.5,33.5,150.9,28.990000000000002,33.14,33.75,91.5,15.75,57.400000000000006,100.0,244.0,2887.0,1.21,36.800000000000004,15.0,7.01,36.0,29.0,0.0,242.0,1200.0
63902.294,0.0,140.0,90.60000000000001,22.64,16.06,172.0,33.35,152.5,29.03,33.3,33.7,93.5,15.700000000000001,56.800000000000004,100.0,239.5,2889.0,1.33,36.65,15.030000000000001,6.96,35.99,28.95,1.0,238.5,1200.0
63962.294,0.0,140.0,91.4,22.66,15.98,171.0,33.35,150.1,28.94,33.28,33.7,91.0,15.700000000000001,57.5,100.0,235.0,2889.0,1.27,36.75,15.040000000000001,6.97,36.06,29.12,0.0,240.0,1200.0
64022.294,0.0,140.0,90.60000000000001,22.7,15.96,172.0,33.4,150.3,28.990000000000002,33.39,33.75,94.0,15.8,57.400000000000006,100.0,239.0,2893.0,1.47,36.7,15.05,7.04,35.980000000000004,29.03,0.0,240.0,1200.0
64082.294,0.0,140.0,90.2,22.63,16.01,171.5,33.45,152.1,28.94,33.27,33.9,94.5,15.75,57.300000000000004,99.7,242.5,2892.0,1.28,36.800000000000004,14.99,7.03,35.980000000000004,29.02,0.0,237.5,1200.0
64142.294,0.0,140.0,90.7,22.72,16.02,173.0,33.550000000000004,151.0,28.990000000000002,33.25,33.800000000000004,92.5,15.700000000000001,57.300000000000004,99.7,242.5,2893.0,1.37,36.6,15.02,7.05,35.97,28.98,0.0,238.0,1200.0
64202.294,0.0,140.0,89.4,22.59,16.06,172.5,33.25,151.4,28.990000000000002,33.26,33.800000000000004,93.5,15.8,57.0,99.60000000000001,236.0,2893.0,1.3800000000000001,36.85,14.96,7.08,36.02,28.990000000000002,0.0,239.5,1200.0
64262.294,0.0,140.0,91.10000000000001,22.68,15.97,170.5,33.4,152.3,29.04,33.230000000000004,33.9,92.5,15.75,57.6,99.9,242.0,2889.0,1.3800000000000001,36.550000000000004,15.030000000000001,7.03,36.0,29.0,2.0,242.0,1200.0
64322.294,0.0,140.0,91.0,22.67,16.02,174.5,33.35,150.5,29.04,33.29,33.9,93.0,15.75,57.6,99.9,235.0,2891.0,1.32,36.75,15.030000000000001,7.01,35.94,29.02,1.0,237.5,1200.0
64382.293,0.0,140.0,91.2,22.76,16.0,174.0,33.35,151.0,28.98,33.27,33.85,91.5,15.65,57.1,99.9,241.0,2891.0,1.58,36.800000000000004,14.99,6.99,35.980000000000004,28.88,0.0,239.0,1200.0
64442.293,0.0,140.0,90.9,22.69,15.96,170.5,33.550000000000004,150.9,28.990000000000002,33.32,33.65,93.0,15.75,57.5,100.0,243.5,2892.0,1.35,36.6,14.950000000000001,7.04,36.07,29.04,2.0,242.5,1200.0
64502.293,0.0,140.0,91.2,22.73,16.06,170.5,33.35,150.3,28.92,33.25,33.75,90.5,15.75,57.6,99.30000000000001,240.5,2896.0,1.48,36.65,14.98,7.0,36.07,28.97,1.0,241.0,1200.0
64562.293,0.0,140.0,91.80000000000001,22.73,16.12,171.0,33.4,151.4,28.87,33.19,33.75,94.0,15.8,57.6,99.9,239.0,2896.0,1.35,36.75,14.99,7.01,35.99,29.03,1.0,238.5,1200.0
64622.293,0.0,140.0,90.80000000000001,22.75,15.950000000000001,173.0,33.25,151.1,28.98,33.29,33.7,92.5,15.55,57.800000000000004,100.0,239.5,2897.0,1.51,36.75,15.01,6.92,35.95,29.03,0.0,242.0,1200.0
64682.293,0.0,140.0,91.30000000000001,22.71,16.04,171.0,33.35,152.3,28.87,33.25,33.75,92.0,15.700000000000001,58.0,100.0,240.0,2892.0,1.44,36.6,15.01,7.0,36.03,28.94,2.0,243.5,1200.0
64742.293,0.0,140.0,91.10000000000001,22.740000000000002,16.04,170.0,33.25,150.70000000000002,28.92,33.21,33.7,93.5,15.55,58.2,100.0,237.5,2894.0,1.25,36.5,15.030000000000001,6.99,35.9,28.94,0.0,243.5,1200.0
64802.293,0.0,140.0,91.30000000000001,22.72,16.11,172.0,33.35,151.9,28.85,33.14,33.85,93.0,15.700000000000001,57.800000000000004,100.0,246.0,2894.0,1.43,36.7,15.01,7.0600000000000005,36.03,28.91,1.0,243.0,1200.0
64862.293,0.0,140.0,91.0,22.62,15.96,173.0,33.4,151.3,28.88,33.27,33.65,93.5,15.600000000000001,57.6,100.0,235.5,2892.0,1.3800000000000001,36.65,15.01,6.98,36.07,28.990000000000002,0.0,239.0,1200.0
64922.293,0.0,140.0,91.5,22.43,15.89,169.5,33.300000000000004,151.1,28.93,33.11,33.7,92.0,15.600000000000001,57.2,100.0,242.0,2888.0,1.44,36.75,15.040000000000001,6.91,36.01,28.98,0.0,238.5,1200.0
64982.293,0.0,140.0,89.80000000000001,22.36,15.870000000000001,169.5,33.25,151.3,28.86,33.11,33.75,89.5,15.600000000000001,56.5,99.80000000000001,234.5,2882.0,1.42,36.800000000000004,15.030000000000001,6.91,35.96,28.96,1.0,234.5,1200.0
65042.293,0.0,140.0,90.30000000000001,22.21,15.82,170.5,33.25,151.4,28.93,33.1,33.65,91.0,15.600000000000001,55.5,99.7,229.0,2870.0,1.41,36.5,14.99,7.0200000000000005,35.95,28.93,1.0,231.5,1200.0
65102.293,0.0,140.0,92.2,22.11,15.790000000000001,173.0,33.1,153.20000000000002,28.900000000000002,33.03,33.7,92.5,15.55,54.900000000000006,100.0,232.5,2860.0,1.47,36.5,15.02,7.0,35.97,28.990000000000002,1.0,226.5,1200.0
65162.293,0.0,140.0,93.10000000000001,21.96,15.870000000000001,172.0,32.85,151.5,28.89,32.93,33.800000000000004,93.5,15.55,54.2,100.0,224.0,2852.0,1.42,36.4,14.97,6.91,35.980000000000004,28.98,1.0,224.0,1200.0
65222.292,0.0,140.0,91.2,21.79,15.76,168.0,33.0,152.6,28.95,32.96,33.7,91.0,15.600000000000001,53.900000000000006,99.7,223.5,2849.0,1.3900000000000001,36.25,14.99,6.98,35.980000000000004,29.01,1.0,222.0,1200.0
65282.292,0.0,140.0,92.0,21.68,15.71,170.0,33.050000000000004,150.20000000000002,28.95,32.83,33.550000000000004,91.5,15.55,53.300000000000004,99.9,227.0,2860.0,1.42,36.050000000000004,14.98,7.03,36.0,29.080000000000002,0.0,224.0,1200.0
65342.292,0.0,140.0,92.4,21.69,15.6,171.5,33.0,151.5,28.830000000000002,32.79,33.75,91.0,15.450000000000001,53.300000000000004,98.60000000000001,222.0,2867.0,1.3900000000000001,36.0,15.05,7.03,36.0,28.98,0.0,221.0,1200.0
65402.292,0.0,140.0,90.10000000000001,21.42,15.59,168.5,32.7,152.20000000000002,28.88,32.730000000000004,33.65,92.0,15.350000000000001,52.7,91.2,215.5,2879.0,1.35,36.050000000000004,14.96,7.03,36.02,29.01,0.0,217.0,1200.0
65462.292,0.0,140.0,92.4,21.57,15.700000000000001,167.5,32.75,152.4,28.85,32.69,33.7,92.0,15.4,51.7,87.80000000000001,216.0,2883.0,1.54,36.0,14.94,7.0200000000000005,35.92,28.95,0.0,217.0,1200.0
65522.292,0.0,140.0,88.7,21.740000000000002,15.860000000000001,168.0,33.0,151.8,28.84,32.730000000000004,33.6,91.0,15.5,51.400000000000006,89.10000000000001,215.0,2869.0,1.56,35.85,15.030000000000001,6.95,35.97,28.900000000000002,0.0,216.0,1200.0
65582.292,0.0,140.0,91.2,21.93,15.94,166.5,32.75,150.9,28.91,32.78,33.75,90.5,15.65,51.400000000000006,91.10000000000001,219.5,2858.0,1.3800000000000001,35.9,14.96,7.03,35.95,28.990000000000002,0.0,215.0,1200.0
65642.292,0.0,140.0,92.4,22.05,15.98,168.0,32.85,152.1,28.85,32.74,33.550000000000004,94.0,15.850000000000001,52.800000000000004,94.0,214.0,2844.0,1.6300000000000001,35.800000000000004,15.0,7.0,36.01,28.900000000000002,2.0,218.5,1200.0
65702.292,0.0,140.0,90.9,22.17,16.080000000000002,167.5,32.95,151.6,28.85,32.87,33.550000000000004,92.0,15.75,54.2,97.4,219.5,2829.0,1.6,35.75,15.0,6.98,35.980000000000004,28.97,0.0,215.5,1200.0
65762.292,0.0,140.0,91.5,22.3,16.18,168.5,32.95,150.0,28.89,32.86,33.6,93.0,15.950000000000001,54.5,100.0,218.0,2826.0,1.4000000000000001,35.75,14.98,6.97,35.99,29.0,1.0,216.5,1200.0
65822.292,0.0,140.0,91.60000000000001,22.39,16.32,167.5,32.85,152.0,28.84,32.83,33.6,93.0,16.05,55.5,99.7,215.5,2805.0,1.3900000000000001,35.65,15.0,6.99,35.980000000000004,29.12,3.0,218.0,1200.0
65882.292,0.0,140.0,89.80000000000001,22.47,16.31,170.5,32.85,151.3,28.77,32.88,33.4,93.0,16.25,55.6,99.80000000000001,219.5,2805.0,1.44,35.75,14.94,6.95,36.03,28.93,2.0,221.5,1200.0
65942.292,0.0,140.0,91.4,22.61,16.28,169.5,33.0,152.8,28.810000000000002,32.87,33.6,93.5,16.05,55.400000000000006,99.9,219.0,2818.0,1.3900000000000001,35.6,15.02,7.01,36.07,29.060000000000002,2.0,225.0,1200.0
66002.292,0.0,140.0,90.30000000000001,22.82,16.330000000000002,167.5,33.1,151.3,28.69,32.87,33.45,94.0,16.05,56.0,100.0,223.0,2830.0,1.34,35.75,15.030000000000001,6.96,35.96,28.96,2.0,225.5,1200.0
66062.291,0.0,140.0,88.5,22.64,16.15,171.0,33.050000000000004,150.4,28.77,32.89,33.65,95.5,16.0,56.800000000000004,100.0,229.5,2841.0,1.3900000000000001,35.85,15.06,6.95,35.94,28.98,0.0,230.5,1200.0
66122.291,0.0,140.0,93.60000000000001,22.53,16.04,169.5,33.050000000000004,152.8,28.82,32.980000000000004,33.550000000000004,92.5,16.0,56.6,100.0,222.5,2845.0,1.34,35.7,14.93,7.0200000000000005,35.99,28.990000000000002,0.0,226.0,1200.0
66182.291,0.0,140.0,90.4,22.3,16.02,170.5,33.15,151.4,28.810000000000002,32.89,33.65,94.0,15.700000000000001,56.0,100.0,224.5,2850.0,1.36,35.95,14.99,7.0,36.01,29.0,0.0,224.5,1200.0
66242.291,0.0,140.0,90.80000000000001,22.29,15.93,168.5,33.0,151.8,28.79,32.89,33.75,90.5,15.65,55.5,99.9,226.5,2851.0,1.3800000000000001,35.85,14.98,7.01,36.02,29.0,2.0,224.5,1200.0
66302.291,0.0,140.0,90.80000000000001,22.11,15.92,167.5,33.0,152.1,28.84,32.88,33.7,91.0,15.55,54.7,100.0,222.0,2840.0,1.37,35.85,15.0,7.05,36.03,28.95,0.0,222.5,1200.0
66362.291,0.0,140.0,91.0,21.98,15.91,167.0,32.9,151.0,28.88,32.84,33.65,91.5,15.55,53.800000000000004,99.4,224.0,2846.0,1.5,35.85,14.98,6.99,36.0,28.990000000000002,1.0,223.5,1200.0
66422.291,0.0,140.0,92.0,21.89,15.85,167.0,33.050000000000004,150.5,28.85,32.77,33.7,93.5,15.5,53.7,99.9,225.5,2846.0,1.57,35.75,15.0,7.0600000000000005,36.03,28.95,1.0,229.5,1200.0
66482.291,0.0,140.0,91.60000000000001,21.75,15.64,168.0,33.0,151.4,28.82,32.81,33.7,91.0,15.4,53.7,99.9,219.5,2862.0,1.34,35.7,14.97,7.07,35.93,29.04,0.0,219.0,1200.0
66542.291,0.0,140.0,91.4,21.54,15.620000000000001,169.0,33.050000000000004,152.1,28.91,32.75,33.7,90.0,15.25,53.400000000000006,96.30000000000001,223.5,2867.0,1.41,35.85,14.96,7.03,36.01,29.01,0.0,226.0,1200.0
66602.291,0.0,140.0,91.0,21.490000000000002,15.610000000000001,167.5,32.9,151.4,28.88,32.67,33.75,92.0,15.3,52.300000000000004,88.7,217.5,2884.0,1.52,35.800000000000004,14.96,6.95,36.03,28.94,0.0,216.5,1200.0
66662.291,0.0,140.0,91.30000000000001,21.48,15.610000000000001,167.5,32.7,150.70000000000002,28.86,32.59,33.7,91.0,15.55,50.7,83.0,212.5,2886.0,1.4000000000000001,35.75,15.030000000000001,7.04,35.97,29.03,2.0,215.0,1200.0
66722.291,0.0,140.0,92.30000000000001,21.43,15.66,167.0,32.65,151.6,28.88,32.59,33.85,92.5,15.5,49.5,80.80000000000001,210.5,2887.0,1.3900000000000001,35.65,15.02,6.97,36.1,29.02,0.0,210.5,1200.0
66782.291,0.0,140.0,90.0,21.490000000000002,15.700000000000001,168.5,32.65,151.70000000000002,28.810000000000002,32.57,33.85,93.0,15.4,49.400000000000006,79.10000000000001,207.5,2890.0,1.57,35.550000000000004,14.9,7.04,36.15,29.05,1.0,207.5,1200.0
66842.291,0.0,140.0,91.2,21.41,15.790000000000001,167.0,32.550000000000004,152.4,28.88,32.59,33.85,93.5,15.600000000000001,49.900000000000006,77.60000000000001,210.0,2898.0,1.52,35.7,15.01,7.0,35.96,29.04,0.0,208.0,1200.0
66902.29,0.0,140.0,90.4,21.400000000000002,15.8,167.0,32.6,151.6,28.830000000000002,32.4,33.800000000000004,92.5,15.65,49.300000000000004,76.3,203.5,2892.0,1.51,35.7,15.01,7.1000000000000005,36.01,28.95,0.0,208.0,1200.0
66962.29,0.0,140.0,91.9,21.400000000000002,15.73,167.0,32.7,151.5,28.900000000000002,32.49,33.800000000000004,91.0,15.65,49.7,75.10000000000001,206.5,2896.0,1.47,35.65,14.98,7.03,36.02,28.92,0.0,205.0,1200.0
67022.29,0.0,140.0,90.0,21.37,15.81,166.0,32.550000000000004,151.6,28.990000000000002,32.5,33.75,91.0,15.600000000000001,49.1,73.5,200.5,2897.0,1.57,35.550000000000004,15.040000000000001,6.93,36.0,29.09,0.0,201.0,1200.0
67082.29,0.0,140.0,91.4,21.26,15.860000000000001,166.5,32.550000000000004,151.4,28.84,32.46,33.75,92.0,15.5,49.1,72.4,198.5,2901.0,1.33,35.65,15.030000000000001,6.99,36.04,29.02,0.0,202.5,1200.0
67142.29,0.0,140.0,90.4,21.36,15.85,165.5,32.45,152.0,28.92,32.37,33.75,91.5,15.600000000000001,48.800000000000004,71.0,199.5,2893.0,1.33,35.7,15.040000000000001,7.1000000000000005,35.94,28.95,0.0,198.0,1200.0
67202.29,0.0,140.0,90.80000000000001,21.39,15.860000000000001,166.0,32.550000000000004,151.4,28.82,32.410000000000004,33.95,91.5,15.700000000000001,48.6,70.3,197.0,2898.0,1.49,35.5,15.040000000000001,6.98,35.97,28.96,2.0,203.0,1200.0
67262.29,0.0,140.0,90.30000000000001,21.32,15.84,168.5,32.550000000000004,151.6,28.87,32.38,33.85,89.0,15.75,47.800000000000004,69.2,199.5,2899.0,1.24,35.6,14.98,7.0,35.980000000000004,29.05,2.0,199.5,1200.0
67322.29,0.0,140.0,92.2,21.36,15.91,167.5,32.5,150.8,28.82,32.410000000000004,33.75,93.5,15.700000000000001,47.900000000000006,69.0,195.0,2899.0,1.44,35.6,15.01,6.98,36.0,28.93,0.0,204.5,1200.0
67382.29,0.0,140.0,91.4,21.32,15.860000000000001,167.5,32.4,150.9,28.87,32.3,33.85,90.0,15.700000000000001,48.5,68.2,199.0,2894.0,1.51,35.550000000000004,15.02,6.95,36.0,29.05,3.0,198.0,1200.0
67442.29,0.0,140.0,91.4,21.3,15.97,167.0,32.5,149.5,28.84,32.36,33.75,90.5,15.8,47.900000000000006,67.60000000000001,198.0,2898.0,1.37,35.65,14.950000000000001,7.09,36.0,28.97,0.0,199.5,1200.0
67502.29,0.0,140.0,90.2,21.34,15.92,167.5,32.4,149.4,28.78,32.26,33.75,94.0,15.75,48.0,67.60000000000001,194.5,2894.0,1.45,35.45,15.05,6.99,36.050000000000004,29.01,0.0,197.0,1200.0
67562.29,0.0,140.0,89.4,21.31,15.93,167.0,32.45,150.9,28.85,32.29,33.85,93.5,15.8,48.1,66.9,200.5,2895.0,1.35,35.5,14.950000000000001,7.0200000000000005,35.94,29.0,0.0,195.0,1200.0
67622.29,0.0,140.0,91.30000000000001,21.27,15.93,166.5,32.4,152.0,28.740000000000002,32.33,33.85,91.0,15.8,48.1,66.8,198.5,2898.0,1.25,35.5,15.01,6.99,36.09,28.95,2.0,194.5,1200.0
67682.29,0.0,140.0,91.0,21.36,15.950000000000001,167.5,32.4,150.6,28.810000000000002,32.2,33.75,94.0,15.700000000000001,47.5,66.4,197.5,2894.0,1.16,35.4,14.97,6.99,35.97,29.05,1.0,194.5,1200.0
67742.29,0.0,140.0,90.7,21.42,16.0,165.0,32.300000000000004,150.4,28.79,32.2,33.800000000000004,92.5,15.75,47.800000000000004,65.4,197.0,2893.0,1.3900000000000001,35.45,14.99,7.08,36.01,28.95,0.0,194.0,1200.0
67802.289,0.0,140.0,90.30000000000001,21.44,15.94,167.0,32.300000000000004,152.1,28.8,32.2,33.800000000000004,92.0,15.65,48.1,66.8,192.5,2893.0,1.51,35.550000000000004,15.040000000000001,6.99,36.04,29.02,0.0,195.5,1200.0
67862.289,0.0,140.0,92.0,21.37,16.080000000000002,168.0,32.300000000000004,151.3,28.73,32.29,33.800000000000004,93.5,15.700000000000001,48.1,67.10000000000001,194.5,2892.0,1.43,35.5,15.08,7.0,35.980000000000004,29.01,0.0,193.5,1200.0
67922.289,0.0,140.0,91.0,21.5,16.01,165.0,32.300000000000004,152.20000000000002,28.740000000000002,32.34,33.800000000000004,92.5,15.850000000000001,48.0,67.3,198.0,2889.0,1.47,35.550000000000004,14.98,6.94,36.08,28.91,2.0,196.5,1200.0
67982.289,0.0,140.0,89.7,21.61,16.1,167.0,32.45,151.0,28.79,32.42,33.7,94.0,15.850000000000001,48.300000000000004,69.0,199.0,2878.0,1.5,35.45,15.07,6.94,35.97,28.990000000000002,0.0,193.5,1200.0
68042.289,0.0,140.0,91.7,21.57,16.14,166.0,32.300000000000004,152.20000000000002,28.73,32.410000000000004,33.65,93.0,15.9,48.900000000000006,70.4,195.0,2874.0,1.41,35.35,14.98,7.01,36.02,29.05,0.0,195.5,1200.0
68102.289,0.0,140.0,91.7,21.66,16.15,165.0,32.35,151.20000000000002,28.86,32.3,33.7,94.5,15.850000000000001,49.2,71.4,198.5,2868.0,1.12,35.45,15.030000000000001,7.0,36.03,29.01,1.0,200.5,1200.0
68162.289,0.0,140.0,89.60000000000001,21.71,16.15,165.5,32.45,150.9,28.7,32.37,33.75,92.0,15.9,49.5,73.60000000000001,194.5,2864.0,1.43,35.6,14.98,7.01,36.06,28.98,0.0,200.0,1200.0
68222.289,0.0,140.0,91.10000000000001,21.79,16.1,167.5,32.6,152.20000000000002,28.75,32.49,33.65,93.0,16.05,49.900000000000006,76.10000000000001,205.5,2853.0,1.4000000000000001,35.550000000000004,15.040000000000001,7.04,36.02,29.0,0.0,202.5,1200.0
68282.289,0.0,140.0,90.2,21.91,16.19,166.0,32.7,151.70000000000002,28.93,32.51,33.6,93.5,15.950000000000001,50.400000000000006,77.60000000000001,203.5,2852.0,1.3800000000000001,35.6,15.0,6.97,35.910000000000004,29.03,0.0,203.0,1200.0
68342.289,0.0,140.0,90.7,21.990000000000002,16.2,168.0,32.75,151.6,28.88,32.46,33.75,94.0,15.850000000000001,50.7,80.2,200.5,2842.0,1.35,35.65,14.97,7.01,36.050000000000004,29.060000000000002,0.0,201.5,1200.0
68402.289,0.0,140.0,91.60000000000001,22.05,16.25,167.5,32.75,152.70000000000002,28.900000000000002,32.58,33.7,92.5,16.05,50.800000000000004,83.30000000000001,208.0,2837.0,1.44,35.5,15.01,7.04,36.04,29.0,0.0,205.5,1200.0
68462.289,0.0,140.0,90.9,21.990000000000002,16.17,168.5,32.65,152.9,28.92,32.55,33.65,94.0,15.9,51.6,85.60000000000001,205.0,2837.0,1.44,35.45,14.97,7.0,36.0,29.04,0.0,205.5,1200.0
68522.289,0.0,140.0,92.4,21.98,16.11,165.5,32.7,152.6,28.8,32.72,33.65,91.0,15.75,51.800000000000004,86.2,209.0,2835.0,1.44,35.6,15.0,7.0,35.93,28.93,0.0,206.5,1200.0
68582.289,0.0,140.0,92.60000000000001,21.91,16.02,167.0,32.7,150.6,28.77,32.55,33.550000000000004,95.5,15.950000000000001,52.1,85.2,206.0,2842.0,1.44,35.45,15.0,7.0,36.03,29.05,0.0,204.0,1200.0
68642.289,0.0,140.0,91.4,21.8,16.14,169.0,32.65,151.8,28.810000000000002,32.64,33.6,91.5,15.9,52.0,85.2,210.0,2845.0,1.45,35.4,14.96,7.0,36.050000000000004,28.91,0.0,208.5,1200.0
68702.288,0.0,140.0,91.0,21.86,16.02,168.5,32.6,151.4,28.85,32.69,33.6,93.0,15.65,51.900000000000006,84.0,214.0,2850.0,1.32,35.5,15.040000000000001,6.99,36.02,29.02,0.0,209.5,1200.0
68762.288,0.0,140.0,89.7,21.82,16.03,167.0,32.65,151.9,28.84,32.6,33.65,93.0,15.850000000000001,50.900000000000006,83.0,204.0,2854.0,1.47,35.35,15.06,6.96,36.06,28.94,2.0,205.0,1200.0
68822.288,0.0,140.0,89.80000000000001,21.67,15.98,165.5,32.65,150.9,28.75,32.5,33.7,91.0,15.8,50.800000000000004,82.80000000000001,205.0,2855.0,1.29,35.6,14.950000000000001,7.03,36.0,29.060000000000002,0.0,204.5,1200.0
68882.288,0.0,140.0,92.30000000000001,21.71,15.98,166.5,32.6,151.6,28.82,32.51,33.6,93.5,15.700000000000001,51.300000000000004,81.4,205.0,2856.0,1.37,35.5,14.98,7.01,35.99,29.04,2.0,204.5,1200.0
68942.288,0.0,140.0,91.2,21.71,15.92,168.0,32.550000000000004,150.9,28.82,32.43,33.550000000000004,93.0,15.65,50.400000000000006,81.30000000000001,205.0,2859.0,1.53,35.5,14.97,6.99,36.02,29.05,3.0,208.0,1200.0
69002.288,0.0,140.0,92.30000000000001,21.650000000000002,15.950000000000001,170.0,32.550000000000004,152.9,28.78,32.51,33.6,93.0,15.8,50.6,79.2,205.0,2867.0,1.34,35.5,15.01,6.99,36.0,29.04,0.0,202.5,1200.0
69062.288,0.0,140.0,90.0,21.55,15.93,169.0,32.5,151.8,28.84,32.480000000000004,33.6,93.5,15.75,50.2,78.10000000000001,206.5,2867.0,1.47,35.4,14.96,6.99,36.04,29.0,0.0,201.5,1200.0
69122.288,0.0,140.0,92.10000000000001,21.52,15.92,167.5,32.65,152.1,28.79,32.34,33.65,90.5,15.65,50.0,77.60000000000001,202.0,2867.0,1.3900000000000001,35.5,15.06,6.96,35.980000000000004,28.91,0.0,201.0,1200.0
69182.288,0.0,140.0,89.9,21.54,15.950000000000001,166.5,32.6,151.6,28.82,32.43,33.6,92.0,15.600000000000001,50.300000000000004,76.80000000000001,205.5,2874.0,1.5,35.550000000000004,14.98,7.0,35.95,28.98,0.0,204.5,1200.0
69242.288,0.0,140.0,91.7,21.5,15.88,166.5,32.550000000000004,152.0,28.73,32.480000000000004,33.6,96.0,15.600000000000001,49.5,75.5,203.0,2874.0,1.46,35.4,15.01,7.08,36.02,29.09,0.0,201.0,1200.0
69302.288,0.0,140.0,90.30000000000001,21.54,15.93,165.5,32.550000000000004,149.5,28.87,32.51,33.550000000000004,93.5,15.55,49.5,74.2,205.5,2876.0,1.43,35.4,14.99,7.01,36.0,29.02,0.0,202.0,1200.0
69362.288,0.0,140.0,92.10000000000001,21.52,15.91,165.0,32.550000000000004,151.6,28.740000000000002,32.27,33.7,91.0,15.600000000000001,49.7,73.60000000000001,207.0,2879.0,1.51,35.550000000000004,14.93,6.95,36.01,28.990000000000002,2.0,199.5,1200.0
69422.288,0.0,140.0,92.5,21.39,15.84,165.5,32.45,151.1,28.78,32.47,33.550000000000004,93.5,15.65,49.2,72.9,199.5,2887.0,1.48,35.5,15.02,6.99,36.01,29.080000000000002,0.0,199.0,1200.0
69482.288,0.0,140.0,91.5,21.400000000000002,15.9,164.5,32.5,151.3,28.76,32.24,33.75,93.5,15.5,49.1,71.7,199.5,2886.0,1.48,35.4,14.99,6.97,36.02,28.990000000000002,0.0,203.0,1200.0
69542.288,0.0,140.0,91.10000000000001,21.35,15.85,166.0,32.45,150.8,28.73,32.35,33.6,91.5,15.600000000000001,48.900000000000006,70.3,200.0,2887.0,1.36,35.4,14.93,6.91,36.02,29.01,1.0,198.5,1200.0
69602.287,0.0,140.0,93.2,21.35,15.84,166.5,32.4,152.6,28.71,32.17,33.65,91.5,15.65,48.1,69.2,194.5,2889.0,1.18,35.550000000000004,14.950000000000001,7.0200000000000005,36.0,29.11,0.0,198.0,1200.0
69662.287,0.0,140.0,90.80000000000001,21.29,15.96,166.5,32.35,151.4,28.73,32.160000000000004,33.6,94.0,15.600000000000001,48.400000000000006,68.4,196.0,2894.0,1.35,35.4,15.0,6.98,35.980000000000004,28.98,3.0,194.5,1200.0
69722.287,0.0,140.0,90.80000000000001,21.35,15.870000000000001,163.0,32.25,152.8,28.72,32.27,33.9,93.0,15.65,47.5,68.2,199.0,2894.0,1.3800000000000001,35.4,15.030000000000001,6.94,35.99,29.05,0.0,196.5,1200.0
69782.287,0.0,140.0,90.0,21.3,15.9,167.5,32.300000000000004,151.70000000000002,28.72,32.2,33.800000000000004,93.5,15.75,48.0,67.3,199.5,2893.0,1.6300000000000001,35.45,15.040000000000001,6.95,36.03,28.93,0.0,196.0,1200.0
69842.287,0.0,140.0,91.10000000000001,21.31,15.950000000000001,166.0,32.25,152.4,28.73,32.26,33.75,90.5,15.75,48.5,67.7,193.5,2890.0,1.47,35.5,15.030000000000001,7.0,36.02,28.98,3.0,197.0,1200.0
69902.287,0.0,140.0,91.5,21.34,15.950000000000001,165.5,32.300000000000004,149.3,28.64,32.17,33.7,91.0,15.700000000000001,47.7,67.4,195.0,2887.0,1.33,35.45,14.93,6.97,36.050000000000004,29.080000000000002,0.0,196.5,1200.0
69962.287,0.0,140.0,90.80000000000001,21.35,15.96,165.0,32.35,151.1,28.8,32.2,33.75,92.0,15.850000000000001,47.900000000000006,67.0,194.5,2891.0,1.3800000000000001,35.45,14.96,6.97,36.050000000000004,28.92,0.0,199.0,1200.0
70022.287,0.0,140.0,91.5,21.38,15.950000000000001,165.5,32.35,152.5,28.8,32.33,33.800000000000004,91.5,15.700000000000001,48.5,67.4,197.5,2884.0,1.36,35.5,14.93,7.05,35.95,28.990000000000002,0.0,192.0,1200.0
70082.287,0.0,140.0,90.7,21.38,15.98,166.0,32.35,151.20000000000002,28.810000000000002,32.22,33.7,93.5,15.700000000000001,48.300000000000004,67.8,189.5,2886.0,1.47,35.5,15.07,6.97,36.02,29.05,0.0,191.5,1200.0
70142.287,0.0,140.0,88.9,21.35,15.99,165.0,32.4,151.6,28.73,32.2,33.550000000000004,93.0,15.850000000000001,48.5,67.10000000000001,195.0,2878.0,1.3800000000000001,35.550000000000004,15.01,6.95,36.02,29.0,0.0,195.0,1200.0
70202.287,0.0,140.0,92.2,21.35,15.99,165.5,32.35,152.6,28.69,32.26,33.65,94.0,15.700000000000001,48.1,67.3,197.0,2884.0,1.48,35.4,15.01,7.01,36.01,28.94,0.0,195.5,1200.0
70262.287,0.0,140.0,91.10000000000001,21.48,16.02,166.5,32.35,149.8,28.8,32.21,33.7,93.0,15.9,47.800000000000004,67.9,193.0,2880.0,1.37,35.45,14.91,7.03,36.03,29.07,1.0,201.0,1200.0
70322.287,0.0,140.0,90.7,21.46,16.01,164.5,32.4,152.4,28.77,32.17,33.75,93.5,15.700000000000001,47.800000000000004,67.3,193.0,2879.0,1.4000000000000001,35.6,15.0,6.96,36.07,29.060000000000002,1.0,195.0,1200.0
70382.287,0.0,140.0,92.2,21.29,15.98,164.5,32.35,149.8,28.79,32.18,33.800000000000004,91.5,15.700000000000001,47.6,66.9,192.5,2884.0,1.33,35.35,14.97,6.88,36.050000000000004,28.89,0.0,192.0,1200.0
70442.287,0.0,140.0,92.2,21.34,16.01,166.0,32.300000000000004,151.4,28.78,32.230000000000004,33.75,91.0,15.8,48.0,66.10000000000001,196.0,2893.0,1.27,35.45,15.05,7.04,36.02,28.97,2.0,195.0,1200.0
70502.287,0.0,140.0,89.60000000000001,21.240000000000002,15.950000000000001,163.5,32.5,151.5,28.8,32.3,33.7,93.5,15.700000000000001,47.7,65.8,198.5,2892.0,1.28,35.45,14.93,7.0,36.07,28.990000000000002,0.0,199.0,1200.0
70562.286,0.0,140.0,92.0,21.25,15.94,166.0,32.45,151.20000000000002,28.75,32.26,33.7,92.0,15.850000000000001,47.1,65.2,195.5,2896.0,1.36,35.4,14.99,7.03,36.08,28.97,3.0,189.5,1200.0
70622.286,0.0,140.0,90.4,21.29,16.0,165.0,32.35,151.0,28.85,32.230000000000004,33.85,93.5,15.65,47.0,64.7,190.0,2901.0,1.44,35.550000000000004,14.97,7.0200000000000005,35.980000000000004,28.93,0.0,192.0,1200.0
70682.286,0.0,140.0,92.0,21.240000000000002,15.92,165.0,32.25,152.5,28.84,32.28,33.95,93.0,15.700000000000001,47.0,64.0,193.5,2901.0,1.41,35.550000000000004,15.01,6.97,35.97,28.93,0.0,191.5,1200.0
70742.286,0.0,140.0,90.7,21.21,15.93,167.5,32.35,152.3,28.84,32.25,33.85,94.0,15.8,47.1,62.6,196.0,2907.0,1.28,35.5,14.98,6.99,35.95,29.0,0.0,195.5,1200.0
70802.286,0.0,140.0,90.4,21.150000000000002,15.860000000000001,165.5,32.45,151.70000000000002,28.87,32.21,33.85,91.0,15.65,46.400000000000006,62.6,191.0,2906.0,1.43,35.550000000000004,15.0,6.96,35.910000000000004,29.07,0.0,192.0,1200.0
70862.286,0.0,140.0,89.0,21.13,15.93,166.5,32.25,153.0,28.77,32.230000000000004,33.85,93.0,15.700000000000001,46.7,62.400000000000006,194.5,2908.0,1.53,35.4,14.93,6.97,35.99,29.07,0.0,192.5,1200.0
70922.286,0.0,140.0,91.10000000000001,21.16,16.03,166.5,32.300000000000004,151.70000000000002,28.82,32.2,33.85,90.5,15.8,46.5,61.6,193.5,2905.0,1.3900000000000001,35.4,14.96,7.03,35.94,28.96,3.0,189.0,1200.0
70982.286,0.0,140.0,91.9,21.14,15.98,165.5,32.4,151.8,28.85,32.11,33.95,92.0,15.850000000000001,46.2,60.7,188.5,2914.0,1.35,35.4,15.0,7.0200000000000005,35.910000000000004,29.05,1.0,190.0,1200.0
71042.286,0.0,140.0,91.7,21.18,16.01,164.0,32.35,149.9,28.91,32.24,33.75,93.5,15.8,46.900000000000006,60.5,191.0,2920.0,1.42,35.5,15.0,7.09,36.01,29.02,0.0,188.0,1200.0
71102.286,0.0,140.0,90.9,21.19,15.93,165.5,32.35,151.6,28.79,32.28,33.95,91.5,15.850000000000001,46.400000000000006,59.900000000000006,187.5,2909.0,1.46,35.5,14.99,7.05,36.01,28.92,0.0,191.5,1200.0
71162.286,0.0,140.0,89.9,21.16,15.93,166.0,32.2,150.5,28.810000000000002,32.160000000000004,33.95,92.0,15.700000000000001,45.800000000000004,59.6,190.0,2915.0,1.51,35.45,15.030000000000001,7.0,36.07,28.97,0.0,192.5,1200.0
71222.286,0.0,140.0,91.4,21.11,15.99,164.0,32.300000000000004,151.1,28.810000000000002,32.22,34.0,93.5,15.75,46.1,59.800000000000004,193.5,2919.0,1.47,35.5,14.99,7.08,35.95,28.92,1.0,191.5,1200.0
71282.286,0.0,140.0,91.10000000000001,21.13,15.9,164.0,32.300000000000004,152.20000000000002,28.88,32.33,33.95,93.5,15.75,46.300000000000004,59.400000000000006,192.0,2911.0,1.3900000000000001,35.550000000000004,14.950000000000001,6.98,36.07,29.05,0.0,190.0,1200.0
71342.286,0.0,140.0,90.4,21.12,15.96,165.5,32.35,150.8,28.79,32.18,33.85,93.0,15.700000000000001,46.400000000000006,59.2,184.5,2919.0,1.45,35.6,14.99,7.0200000000000005,35.9,29.01,0.0,191.0,1200.0
71402.286,0.0,140.0,91.2,21.16,15.99,166.0,32.35,151.20000000000002,28.78,32.11,33.800000000000004,92.5,15.75,46.7,58.6,191.5,2917.0,1.32,35.65,14.93,6.97,35.95,29.03,2.0,187.5,1200.0
71462.285,0.0,140.0,89.7,21.2,15.98,164.5,32.4,150.3,28.900000000000002,32.17,33.95,93.0,15.850000000000001,46.1,58.7,193.0,2911.0,1.37,35.550000000000004,14.950000000000001,7.01,36.04,28.91,0.0,190.5,1200.0
71522.285,0.0,140.0,91.60000000000001,21.25,16.04,165.0,32.4,150.5,28.88,32.18,34.0,90.0,15.75,46.300000000000004,59.300000000000004,189.0,2905.0,1.54,35.5,15.01,6.92,35.99,28.96,0.0,181.5,1200.0
71582.285,0.0,140.0,91.7,21.240000000000002,16.09,167.0,32.300000000000004,152.20000000000002,28.8,32.230000000000004,33.65,94.5,15.700000000000001,46.900000000000006,60.900000000000006,191.0,2903.0,1.54,35.5,15.02,6.91,36.0,29.03,0.0,190.0,1200.0
71642.285,0.0,140.0,90.7,21.43,16.05,167.0,32.5,151.8,28.78,32.160000000000004,33.800000000000004,91.5,15.9,47.800000000000004,61.900000000000006,195.0,2893.0,1.26,35.6,15.05,7.04,36.02,29.05,0.0,195.0,1200.0
71702.285,0.0,140.0,91.9,21.400000000000002,16.15,165.0,32.45,150.70000000000002,28.78,32.3,33.7,91.0,15.9,47.400000000000006,63.1,192.0,2888.0,1.36,35.550000000000004,15.0,7.01,36.1,28.98,0.0,192.5,1200.0
71762.285,0.0,140.0,92.5,21.5,16.080000000000002,168.5,32.5,152.5,28.77,32.28,33.75,92.5,15.8,47.5,64.60000000000001,195.0,2883.0,1.5,35.7,15.05,7.0,35.93,28.98,0.0,192.5,1200.0
71822.285,0.0,140.0,89.7,21.52,16.18,168.0,32.25,150.70000000000002,28.79,32.29,33.7,91.5,15.850000000000001,47.900000000000006,67.0,194.5,2880.0,1.49,35.6,14.94,7.0600000000000005,36.02,29.04,1.0,195.5,1200.0
71882.285,0.0,140.0,91.0,21.66,16.21,166.0,32.5,150.8,28.8,32.26,33.65,93.0,15.850000000000001,48.2,68.2,199.0,2871.0,1.26,35.45,15.02,7.03,36.03,29.080000000000002,1.0,196.0,1200.0
71942.285,0.0,140.0,90.10000000000001,21.64,16.18,163.0,32.45,151.70000000000002,28.740000000000002,32.32,33.7,93.0,15.950000000000001,48.6,69.8,195.0,2863.0,1.48,35.550000000000004,15.05,7.0200000000000005,36.07,29.0,0.0,191.0,1200.0
72002.285,0.0,140.0,90.80000000000001,21.75,16.240000000000002,166.5,32.45,152.6,28.91,32.37,33.9,92.5,15.9,49.5,71.4,197.0,2856.0,1.33,35.45,14.96,7.0,36.050000000000004,28.98,0.0,196.5,1200.0
72062.285,0.0,140.0,90.7,21.72,16.18,166.5,32.65,152.5,28.76,32.35,33.7,96.5,15.950000000000001,49.6,72.8,194.5,2858.0,1.51,35.550000000000004,15.040000000000001,7.03,35.96,29.01,0.0,193.0,1200.0
72122.285,0.0,140.0,90.30000000000001,21.68,16.03,164.5,32.45,151.20000000000002,28.77,32.42,33.6,95.5,15.9,49.400000000000006,73.4,200.0,2864.0,1.33,35.550000000000004,15.02,7.0,35.99,28.990000000000002,0.0,196.0,1200.0
72182.285,0.0,140.0,90.30000000000001,21.580000000000002,16.080000000000002,166.0,32.300000000000004,152.4,28.75,32.39,33.7,92.5,15.75,49.300000000000004,73.5,199.0,2867.0,1.27,35.6,15.02,6.95,35.99,28.990000000000002,2.0,200.5,1200.0
72242.285,0.0,140.0,90.7,21.61,16.12,168.0,32.550000000000004,149.4,28.89,32.39,33.7,92.5,15.850000000000001,49.0,72.9,192.5,2868.0,1.3900000000000001,35.550000000000004,15.02,6.98,35.86,29.02,1.0,198.5,1200.0
72302.285,0.0,140.0,91.10000000000001,21.48,16.03,168.0,32.4,153.0,28.78,32.34,33.800000000000004,92.5,15.700000000000001,48.6,72.60000000000001,202.0,2873.0,1.42,35.5,15.0,7.0600000000000005,36.02,29.07,1.0,199.5,1200.0
72362.285,0.0,140.0,91.4,21.53,16.03,166.0,32.35,152.6,28.86,32.32,33.800000000000004,91.0,15.700000000000001,49.0,72.4,199.0,2875.0,1.57,35.6,15.02,7.07,35.97,28.98,0.0,198.0,1200.0
72422.284,0.0,140.0,90.80000000000001,21.46,16.01,165.0,32.5,152.1,28.82,32.43,33.6,91.0,15.75,49.2,71.0,200.0,2884.0,1.44,35.5,14.96,7.03,36.03,29.03,2.0,197.5,1200.0
72482.284,0.0,140.0,92.7,21.43,15.88,166.5,32.6,151.3,28.75,32.38,33.65,93.0,15.75,48.800000000000004,71.4,198.5,2888.0,1.41,35.4,15.040000000000001,6.98,36.02,29.01,0.0,200.0,1200.0
72542.284,0.0,140.0,92.7,21.39,15.92,166.0,32.550000000000004,151.9,28.86,32.46,33.75,95.0,15.9,48.5,69.9,197.0,2895.0,1.45,35.5,15.06,7.01,36.02,28.86,0.0,203.0,1200.0
72602.284,0.0,140.0,92.4,21.39,15.9,167.0,32.5,152.3,28.87,32.4,33.85,93.0,15.65,48.1,68.7,201.0,2896.0,1.37,35.5,14.99,7.09,35.92,29.01,0.0,198.5,1200.0
72662.284,0.0,140.0,92.0,21.54,15.93,166.5,32.45,150.1,28.88,32.46,33.85,91.5,15.75,48.300000000000004,69.60000000000001,196.5,2891.0,1.35,35.550000000000004,15.030000000000001,6.97,36.01,29.01,0.0,194.5,1200.0
72722.284,0.0,140.0,92.0,21.59,16.05,168.0,32.6,150.9,28.96,32.47,33.9,93.5,15.75,48.5,71.7,202.5,2887.0,1.3,35.45,15.02,6.97,36.03,28.98,0.0,200.5,1200.0
72782.284,0.0,140.0,91.9,21.73,16.080000000000002,166.5,32.550000000000004,149.70000000000002,28.900000000000002,32.43,33.85,92.0,15.950000000000001,49.900000000000006,73.7,201.0,2870.0,1.37,35.45,14.98,7.0200000000000005,36.04,29.02,0.0,201.0,1200.0
72842.284,0.0,140.0,91.10000000000001,21.91,16.17,166.5,32.75,151.3,28.88,32.52,33.75,91.5,15.950000000000001,49.900000000000006,77.2,194.5,2860.0,1.3800000000000001,35.45,14.99,7.0,36.050000000000004,28.98,0.0,200.0,1200.0
72902.284,0.0,140.0,90.10000000000001,21.98,16.27,168.5,32.7,151.9,28.84,32.58,33.800000000000004,94.0,15.9,51.1,79.80000000000001,207.5,2853.0,1.32,35.6,15.01,7.0200000000000005,36.0,29.04,1.0,203.0,1200.0
72962.284,0.0,140.0,92.80000000000001,22.1,16.32,168.0,32.800000000000004,151.20000000000002,28.85,32.71,33.6,94.5,15.9,51.400000000000006,83.9,207.0,2837.0,1.36,35.4,15.01,7.07,36.160000000000004,28.98,0.0,203.0,1200.0
73022.284,0.0,140.0,89.7,22.21,16.330000000000002,169.0,32.75,150.20000000000002,28.85,32.76,33.75,93.0,15.850000000000001,52.300000000000004,90.4,209.0,2822.0,1.24,35.45,15.040000000000001,7.01,35.96,29.0,0.0,210.0,1200.0
73082.284,0.0,140.0,89.80000000000001,22.39,16.32,166.0,33.0,151.4,28.95,32.84,33.65,94.5,16.150000000000002,53.800000000000004,97.60000000000001,214.5,2810.0,1.42,35.35,15.08,7.04,35.99,28.92,1.0,215.5,1200.0
73142.284,0.0,140.0,90.2,22.5,16.36,169.0,33.1,151.70000000000002,28.85,32.8,33.6,95.0,16.0,54.900000000000006,99.9,219.5,2797.0,1.43,35.7,14.98,7.0,35.93,28.98,0.0,217.5,1200.0
73202.284,0.0,140.0,91.0,22.59,16.47,170.5,33.15,152.1,28.92,32.910000000000004,33.550000000000004,92.0,16.35,55.7,99.4,209.0,2794.0,1.41,35.5,14.94,7.03,36.0,29.04,0.0,216.0,1200.0
73262.284,0.0,140.0,90.10000000000001,22.5,16.43,170.0,33.050000000000004,151.1,28.78,32.88,33.4,91.0,16.05,55.1,100.0,220.0,2805.0,1.51,35.550000000000004,15.02,6.99,35.980000000000004,29.02,0.0,217.5,1200.0
73322.284,0.0,140.0,91.60000000000001,22.42,16.23,169.5,33.050000000000004,151.3,28.78,32.92,33.550000000000004,95.0,16.05,55.6,100.0,216.5,2815.0,1.37,35.45,14.96,7.01,36.02,29.04,1.0,218.5,1200.0
73382.283,0.0,140.0,91.5,22.39,16.12,167.5,33.15,150.6,28.84,32.910000000000004,33.6,91.5,15.950000000000001,54.800000000000004,100.0,219.0,2824.0,1.43,35.550000000000004,15.08,7.0,35.980000000000004,29.0,0.0,218.0,1200.0
73442.283,0.0,140.0,89.5,22.330000000000002,16.12,166.5,32.95,150.20000000000002,28.8,32.910000000000004,33.65,93.5,15.75,55.1,100.0,227.5,2826.0,1.43,35.75,15.07,7.04,36.02,28.94,0.0,217.0,1200.0
73502.283,0.0,140.0,90.9,22.21,16.06,170.0,33.1,150.70000000000002,28.84,32.89,33.65,93.0,15.8,55.1,99.2,222.5,2831.0,1.51,35.65,15.01,7.03,35.94,28.95,1.0,219.5,1200.0
73562.283,0.0,140.0,90.2,22.19,16.01,168.5,33.0,149.8,28.7,32.85,33.550000000000004,94.5,15.9,54.800000000000004,100.0,221.5,2837.0,1.43,35.6,15.05,6.99,35.980000000000004,28.96,1.0,220.5,1200.0
73622.283,0.0,140.0,91.0,22.09,15.96,168.0,32.95,150.4,28.75,32.85,33.4,89.5,15.75,54.2,99.9,220.5,2829.0,1.41,35.7,15.08,6.95,36.02,29.02,1.0,220.0,1200.0
73682.283,0.0,140.0,91.30000000000001,22.01,15.94,169.5,32.85,151.20000000000002,28.78,32.74,33.6,92.0,15.65,54.1,100.0,221.0,2833.0,1.41,35.5,14.99,7.0,36.03,29.02,0.0,221.0,1200.0
73742.283,0.0,140.0,90.60000000000001,21.96,15.85,169.5,32.95,150.3,28.82,32.79,33.4,90.0,15.450000000000001,54.2,99.80000000000001,220.5,2837.0,1.41,35.800000000000004,15.0,6.98,36.050000000000004,28.96,2.0,219.5,1200.0
73802.283,0.0,140.0,90.60000000000001,21.86,15.8,165.5,32.800000000000004,153.1,28.87,32.72,33.550000000000004,91.5,15.600000000000001,53.900000000000006,100.0,221.0,2843.0,1.27,35.5,15.030000000000001,7.0,36.0,28.95,0.0,222.5,1200.0
73862.283,0.0,140.0,90.9,21.8,15.71,166.5,32.85,150.8,28.76,32.76,33.6,90.5,15.450000000000001,53.800000000000004,100.0,222.5,2852.0,1.34,35.65,14.97,6.92,35.99,28.98,1.0,222.0,1200.0
73922.283,0.0,140.0,92.60000000000001,21.67,15.77,168.5,32.85,150.8,28.67,32.71,33.6,92.0,15.5,53.7,95.2,218.0,2853.0,1.46,35.5,14.96,6.97,35.99,29.05,0.0,220.0,1200.0
73982.283,0.0,140.0,92.7,21.61,15.73,167.0,32.6,152.20000000000002,28.7,32.52,33.45,92.5,15.4,52.7,90.60000000000001,213.5,2860.0,1.41,35.550000000000004,15.040000000000001,7.0200000000000005,36.0,28.96,0.0,213.0,1200.0
74042.283,0.0,140.0,89.9,21.55,15.790000000000001,168.5,32.75,151.20000000000002,28.68,32.6,33.550000000000004,91.0,15.450000000000001,51.900000000000006,85.60000000000001,214.0,2860.0,1.23,35.4,15.02,6.98,36.0,28.97,0.0,217.0,1200.0
74102.283,0.0,140.0,91.0,21.48,15.76,165.5,32.45,153.0,28.76,32.35,33.5,94.5,15.350000000000001,50.5,81.60000000000001,210.0,2873.0,1.45,35.5,14.94,6.96,35.99,29.0,0.0,212.0,1200.0
74162.283,0.0,140.0,90.7,21.37,15.81,167.0,32.550000000000004,151.1,28.72,32.31,33.45,91.5,15.4,49.800000000000004,79.2,204.5,2877.0,1.46,35.45,14.99,7.05,36.0,29.07,0.0,200.0,1200.0
74222.283,0.0,140.0,90.30000000000001,21.34,15.73,167.5,32.6,151.70000000000002,28.78,32.31,33.550000000000004,92.5,15.350000000000001,49.1,77.0,205.5,2887.0,1.43,35.4,15.040000000000001,6.97,35.94,29.09,3.0,202.0,1200.0
74282.283,0.0,140.0,91.30000000000001,21.28,15.68,166.0,32.300000000000004,151.0,28.69,32.22,33.65,91.0,15.4,49.400000000000006,74.3,201.0,2888.0,1.47,35.35,15.030000000000001,7.04,35.980000000000004,28.97,0.0,208.0,1200.0
74342.283,0.0,140.0,93.10000000000001,21.19,15.67,166.5,32.35,153.1,28.71,32.22,33.65,89.5,15.4,48.300000000000004,71.4,199.0,2889.0,1.35,35.5,15.01,7.0200000000000005,35.97,28.97,3.0,197.0,1200.0
74402.282,0.0,140.0,91.60000000000001,21.1,15.700000000000001,164.0,32.300000000000004,151.6,28.6,32.160000000000004,33.75,90.0,15.4,48.5,68.7,193.0,2902.0,1.35,35.45,15.02,7.03,36.04,29.01,2.0,197.5,1200.0
74462.282,0.0,140.0,92.5,21.26,15.77,165.5,32.4,150.1,28.66,32.230000000000004,33.7,88.5,15.700000000000001,47.5,68.3,203.5,2894.0,1.44,35.45,14.97,7.07,35.89,29.07,0.0,196.0,1200.0
74522.282,0.0,140.0,92.10000000000001,21.41,15.93,164.5,32.45,152.1,28.78,32.19,33.65,92.0,15.600000000000001,47.300000000000004,69.5,198.5,2887.0,1.3,35.45,14.99,7.01,35.99,29.080000000000002,0.0,197.0,1200.0
74582.282,0.0,140.0,91.4,21.48,15.98,168.0,32.4,151.6,28.77,32.230000000000004,33.75,91.5,15.9,48.800000000000004,70.9,197.0,2881.0,1.32,35.300000000000004,15.01,6.99,36.09,29.01,0.0,198.5,1200.0
74642.282,0.0,140.0,90.60000000000001,21.68,16.080000000000002,168.5,32.550000000000004,151.20000000000002,28.85,32.39,33.7,93.5,15.9,50.0,73.7,202.0,2866.0,1.42,35.45,14.950000000000001,7.1000000000000005,36.04,28.990000000000002,0.0,199.5,1200.0
74702.282,0.0,140.0,90.0,21.77,16.14,166.0,32.45,151.3,28.7,32.410000000000004,33.6,93.0,15.9,50.1,75.3,198.5,2858.0,1.33,35.45,15.11,6.95,36.03,28.93,0.0,201.0,1200.0
74762.282,0.0,140.0,90.4,21.900000000000002,16.240000000000002,167.5,32.65,150.0,28.84,32.46,33.65,93.0,15.950000000000001,50.7,78.80000000000001,205.5,2841.0,1.45,35.45,14.99,6.99,36.02,29.02,0.0,206.0,1200.0
74822.282,0.0,140.0,92.7,22.14,16.26,167.0,32.550000000000004,152.0,28.73,32.47,33.7,96.0,16.05,51.2,82.30000000000001,205.0,2836.0,1.41,35.550000000000004,14.98,6.93,36.06,29.02,0.0,203.0,1200.0
74882.282,0.0,140.0,92.30000000000001,22.17,16.31,167.5,32.7,151.8,28.810000000000002,32.65,33.6,93.5,16.1,51.900000000000006,88.80000000000001,212.0,2823.0,1.48,35.35,15.040000000000001,7.05,36.03,29.04,0.0,204.0,1200.0
74942.282,0.0,140.0,91.0,22.37,16.34,170.0,32.9,152.0,28.82,32.88,33.75,92.5,16.05,53.1,96.10000000000001,213.0,2810.0,1.42,35.35,14.99,6.95,35.980000000000004,29.04,1.0,215.5,1200.0
75002.282,0.0,140.0,91.2,22.54,16.43,169.5,32.95,151.1,28.88,32.85,33.7,94.5,16.0,55.0,100.0,218.5,2801.0,1.54,35.6,15.0,7.0,36.08,29.11,0.0,217.0,1200.0
75062.282,0.0,140.0,92.7,22.51,16.38,170.0,33.050000000000004,150.70000000000002,28.92,32.980000000000004,33.550000000000004,91.0,16.2,56.2,99.7,208.0,2798.0,1.36,35.6,14.97,7.0200000000000005,35.97,28.96,0.0,214.0,1200.0
75122.282,0.0,140.0,91.7,22.490000000000002,16.45,167.0,33.050000000000004,150.20000000000002,28.94,32.94,33.65,92.5,16.1,55.2,99.7,215.0,2795.0,1.3900000000000001,35.4,14.92,6.95,36.04,29.13,0.0,213.0,1200.0
75182.282,0.0,140.0,90.60000000000001,22.51,16.26,168.5,33.1,150.70000000000002,28.8,32.96,33.65,93.0,16.05,55.300000000000004,99.80000000000001,222.0,2811.0,1.23,35.4,14.97,6.93,36.18,29.02,0.0,217.5,1200.0
75242.282,0.0,140.0,91.60000000000001,22.52,16.25,170.5,33.1,151.6,28.830000000000002,32.87,33.550000000000004,92.5,15.950000000000001,55.400000000000006,99.9,215.5,2819.0,1.42,35.6,14.99,7.07,36.01,28.98,0.0,219.0,1200.0
75302.282,0.0,140.0,90.60000000000001,22.53,16.19,169.5,33.2,150.8,28.87,32.99,33.6,91.5,16.0,55.900000000000006,100.0,224.0,2829.0,1.42,35.6,14.99,7.05,35.97,29.11,0.0,227.0,1200.0
75362.282,0.0,140.0,90.30000000000001,22.48,16.15,169.5,33.1,152.8,28.91,33.03,33.6,94.5,15.8,56.1,99.80000000000001,222.5,2839.0,1.35,35.75,14.97,7.08,36.01,28.95,0.0,229.0,1200.0
75422.281,0.0,140.0,91.5,22.52,16.12,169.5,33.1,152.5,28.87,33.01,33.75,95.0,15.8,56.300000000000004,99.7,222.5,2849.0,1.47,35.9,15.06,7.03,35.95,28.92,0.0,225.0,1200.0
75482.281,0.0,140.0,90.10000000000001,22.63,16.05,172.0,33.1,151.0,28.830000000000002,33.05,33.45,94.0,15.9,56.1,99.9,230.0,2855.0,1.42,35.800000000000004,15.030000000000001,6.94,36.02,29.09,0.0,229.5,1200.0
75542.281,0.0,140.0,92.5,22.56,16.07,171.0,33.1,151.3,28.900000000000002,33.18,33.65,93.0,15.8,55.7,99.9,224.0,2857.0,1.55,35.95,14.99,6.96,36.02,29.05,0.0,230.5,1200.0
75602.281,0.0,140.0,89.80000000000001,22.54,16.06,168.5,33.15,152.0,28.810000000000002,33.04,33.800000000000004,92.5,15.850000000000001,56.1,100.0,228.0,2854.0,1.47,35.95,14.97,6.98,36.02,29.060000000000002,1.0,231.5,1200.0
75662.281,0.0,140.0,91.5,22.44,16.02,169.0,33.2,150.70000000000002,28.900000000000002,32.99,33.7,93.0,15.8,56.2,99.80000000000001,230.5,2858.0,1.5,36.2,14.94,6.99,36.03,28.92,0.0,230.5,1200.0
75722.281,0.0,140.0,90.80000000000001,22.31,16.04,172.5,33.050000000000004,150.9,28.82,33.0,33.6,90.0,15.75,56.1,100.0,231.5,2856.0,1.3800000000000001,35.85,14.96,7.01,36.0,28.990000000000002,2.0,231.0,1200.0
75782.281,0.0,140.0,89.30000000000001,22.22,15.93,169.5,33.15,151.0,28.84,33.02,33.7,93.0,15.700000000000001,54.900000000000006,100.0,228.0,2852.0,1.59,35.95,14.96,6.98,36.02,29.03,3.0,228.0,1200.0
75842.281,0.0,140.0,89.60000000000001,22.14,15.97,170.0,32.95,150.6,28.84,32.92,33.6,90.5,15.600000000000001,54.5,99.9,221.0,2848.0,1.48,36.1,15.0,7.0,35.95,28.93,1.0,223.5,1200.0
75902.281,0.0,140.0,90.60000000000001,21.98,15.860000000000001,169.5,32.95,151.4,28.82,32.89,33.65,93.0,15.65,54.7,100.0,220.0,2844.0,1.44,36.050000000000004,15.030000000000001,7.05,35.96,28.900000000000002,0.0,224.5,1200.0
75962.281,0.0,140.0,92.10000000000001,21.96,15.83,169.0,32.95,152.8,28.900000000000002,32.83,33.5,93.5,15.5,54.2,100.0,224.5,2846.0,1.33,35.85,15.030000000000001,7.03,36.050000000000004,28.91,1.0,224.5,1200.0
76022.281,0.0,140.0,90.30000000000001,21.8,15.8,169.0,33.050000000000004,151.8,28.92,32.85,33.6,91.0,15.55,53.6,100.0,224.5,2848.0,1.35,35.95,15.02,6.96,35.99,28.84,0.0,226.5,1200.0
76082.281,0.0,140.0,91.60000000000001,21.66,15.69,169.0,32.9,152.0,28.79,32.8,33.65,91.5,15.3,53.5,100.0,223.0,2855.0,1.43,35.85,15.1,7.0,35.95,28.98,0.0,223.0,1200.0
76142.281,0.0,140.0,90.60000000000001,21.59,15.63,168.5,32.85,152.0,28.78,32.71,33.65,91.5,15.450000000000001,52.900000000000006,93.5,218.5,2870.0,1.29,35.85,14.99,6.99,36.04,28.91,0.0,220.5,1200.0
76202.281,0.0,140.0,92.2,21.43,15.700000000000001,166.0,32.7,151.70000000000002,28.88,32.63,33.7,90.5,15.5,52.2,87.60000000000001,215.0,2875.0,1.4000000000000001,35.85,14.96,6.96,35.980000000000004,29.0,0.0,219.5,1200.0
76262.281,0.0,140.0,91.5,21.56,15.72,166.0,32.800000000000004,153.9,28.89,32.57,33.75,92.0,15.600000000000001,51.400000000000006,85.0,214.5,2875.0,1.29,35.65,15.05,6.91,36.03,28.96,1.0,213.5,1200.0
76322.281,0.0,140.0,90.7,21.68,15.89,167.5,32.7,151.6,28.79,32.58,33.75,91.0,15.65,50.400000000000006,84.60000000000001,211.5,2871.0,1.37,35.800000000000004,14.96,7.05,35.92,29.09,0.0,213.0,1200.0
76382.281,0.0,140.0,89.9,21.7,15.9,167.0,32.6,150.70000000000002,28.72,32.660000000000004,33.65,91.5,15.65,51.0,85.5,208.5,2860.0,1.3900000000000001,35.75,14.98,7.0200000000000005,35.95,29.080000000000002,0.0,211.0,1200.0
76442.28,0.0,140.0,91.0,21.85,15.860000000000001,166.5,32.800000000000004,150.8,28.69,32.58,33.800000000000004,93.5,15.55,51.400000000000006,87.30000000000001,213.5,2860.0,1.53,35.65,15.05,6.95,35.94,28.93,0.0,211.0,1200.0
76502.28,0.0,140.0,91.0,21.900000000000002,15.98,170.5,32.75,150.5,28.88,32.69,33.550000000000004,92.5,15.850000000000001,52.0,88.60000000000001,216.0,2848.0,1.31,35.550000000000004,14.98,7.05,35.96,29.04,0.0,214.0,1200.0
76562.28,0.0,140.0,92.10000000000001,21.95,16.05,168.0,32.7,151.5,28.79,32.74,33.5,93.5,15.850000000000001,52.7,90.80000000000001,215.0,2838.0,1.37,35.75,15.0,6.97,35.980000000000004,29.02,0.0,215.5,1200.0
76622.28,0.0,140.0,92.60000000000001,22.07,16.13,170.0,32.85,152.70000000000002,28.87,32.7,33.7,92.0,15.75,53.0,93.2,217.0,2825.0,1.55,35.5,15.01,7.03,35.97,29.0,0.0,219.0,1200.0
76682.28,0.0,140.0,90.30000000000001,22.150000000000002,16.07,167.5,32.85,151.20000000000002,28.85,32.730000000000004,33.5,94.0,15.9,53.800000000000004,96.9,216.0,2825.0,1.4000000000000001,35.5,14.98,6.96,36.01,29.04,0.0,220.5,1200.0
76742.28,0.0,140.0,90.7,22.22,16.14,170.0,32.85,149.9,28.810000000000002,32.84,33.6,90.5,15.9,54.1,100.0,218.0,2817.0,1.3800000000000001,35.6,14.99,7.01,36.02,29.03,0.0,218.5,1200.0
76802.28,0.0,140.0,91.5,22.330000000000002,16.18,168.0,32.9,151.0,28.86,32.74,33.550000000000004,94.5,15.950000000000001,55.300000000000004,99.80000000000001,218.0,2810.0,1.37,35.4,15.0,7.03,35.97,29.05,1.0,219.5,1200.0
76862.28,0.0,140.0,92.0,22.36,16.32,169.0,32.9,151.4,28.77,32.83,33.6,93.5,16.05,55.2,99.80000000000001,219.0,2808.0,1.3900000000000001,35.65,15.0,6.99,36.06,29.12,0.0,215.5,1200.0
76922.28,0.0,140.0,90.5,22.37,16.28,168.0,32.800000000000004,153.1,28.82,32.88,33.550000000000004,92.5,16.0,54.5,100.0,214.5,2803.0,1.45,35.550000000000004,14.97,6.99,35.980000000000004,28.95,0.0,217.5,1200.0
76982.28,0.0,140.0,91.10000000000001,22.36,16.240000000000002,169.0,32.85,152.1,28.77,32.9,33.6,94.0,16.05,54.2,99.80000000000001,217.5,2814.0,1.3800000000000001,35.65,14.98,7.0,36.01,29.0,0.0,214.5,1200.0
77042.28,0.0,140.0,91.60000000000001,22.42,16.2,168.5,32.9,152.0,28.79,32.86,33.5,94.0,16.05,54.900000000000006,100.0,223.5,2825.0,1.42,35.7,14.97,7.04,35.94,29.04,0.0,218.5,1200.0
77102.28,0.0,140.0,90.2,22.51,16.17,168.5,33.1,151.9,28.87,32.89,33.550000000000004,93.0,15.850000000000001,55.800000000000004,100.0,222.0,2834.0,1.3900000000000001,35.800000000000004,14.97,6.96,36.06,28.97,0.0,222.5,1200.0
77162.28,0.0,140.0,90.0,22.51,16.09,169.0,33.300000000000004,151.1,28.810000000000002,32.89,33.5,90.5,15.9,55.7,100.0,226.5,2843.0,1.35,35.6,15.030000000000001,7.0,36.050000000000004,28.92,2.0,225.0,1200.0
77222.28,0.0,140.0,91.5,22.57,16.16,169.0,33.1,151.0,28.91,33.02,33.6,94.0,15.950000000000001,56.800000000000004,100.0,230.0,2844.0,1.29,35.75,14.950000000000001,6.98,35.94,28.990000000000002,1.0,229.0,1200.0
77282.28,0.0,140.0,91.5,22.67,16.09,172.0,33.1,150.70000000000002,28.84,33.01,33.65,95.0,15.8,56.400000000000006,99.7,228.5,2851.0,1.44,35.75,15.07,6.94,36.0,29.04,2.0,228.0,1200.0
77342.28,0.0,140.0,91.60000000000001,22.68,16.12,169.0,33.2,152.5,28.85,33.0,33.6,93.0,15.75,56.6,100.0,232.0,2860.0,1.26,35.9,15.0,6.98,35.92,29.060000000000002,2.0,229.0,1200.0
77402.28,0.0,140.0,89.7,22.740000000000002,16.19,169.5,33.2,151.8,28.86,33.14,33.9,93.5,15.600000000000001,57.0,100.0,233.0,2868.0,1.4000000000000001,35.85,14.98,6.96,36.01,28.98,0.0,236.0,1200.0
77462.279,0.0,140.0,91.0,22.67,16.14,172.0,33.15,151.1,28.810000000000002,33.1,33.75,92.0,15.75,57.300000000000004,100.0,237.0,2869.0,1.34,36.0,15.02,7.01,35.980000000000004,29.03,0.0,234.0,1200.0
77522.279,0.0,140.0,91.10000000000001,22.580000000000002,16.04,170.0,33.300000000000004,152.4,28.89,33.04,33.6,90.5,15.75,57.5,100.0,236.0,2867.0,1.42,36.1,14.950000000000001,6.97,35.95,28.97,1.0,233.5,1200.0
77582.279,0.0,140.0,92.80000000000001,22.56,16.02,172.5,33.25,151.5,28.810000000000002,33.04,33.7,93.0,15.75,57.300000000000004,100.0,234.0,2877.0,1.45,36.25,15.030000000000001,7.0600000000000005,35.93,29.04,1.0,236.5,1200.0
77642.279,0.0,140.0,91.5,22.51,15.96,171.5,33.15,150.20000000000002,28.85,33.04,33.65,92.5,15.65,56.900000000000006,100.0,228.0,2872.0,1.54,36.050000000000004,14.96,7.04,35.96,29.03,0.0,236.5,1200.0
77702.279,0.0,140.0,92.2,22.54,16.01,168.5,33.0,151.9,28.87,33.1,33.7,90.0,15.75,56.400000000000006,99.7,231.5,2871.0,1.52,36.2,14.99,6.98,36.03,29.03,0.0,234.0,1200.0
77762.279,0.0,140.0,91.0,22.38,16.0,169.5,33.15,151.5,28.87,33.160000000000004,33.7,92.0,15.700000000000001,56.2,99.60000000000001,235.0,2862.0,1.3,36.15,14.99,7.0,36.0,29.080000000000002,1.0,230.0,1200.0
77822.279,0.0,140.0,90.80000000000001,22.35,15.94,172.0,33.1,151.8,28.85,33.05,33.65,95.0,15.8,56.2,100.0,229.5,2862.0,1.21,36.2,15.0,6.98,35.89,29.01,2.0,229.5,1200.0
77882.279,0.0,140.0,91.30000000000001,22.41,15.93,171.0,33.2,150.70000000000002,28.91,32.99,33.65,92.0,15.65,56.0,99.5,231.5,2859.0,1.41,36.25,14.99,6.98,36.02,29.03,0.0,234.0,1200.0
77942.279,0.0,140.0,93.80000000000001,22.28,16.0,169.5,33.1,153.0,28.84,33.05,33.65,91.0,15.9,55.800000000000004,100.0,228.0,2860.0,1.42,36.15,14.98,6.96,36.03,29.05,0.0,230.0,1200.0
78002.279,0.0,140.0,92.80000000000001,22.23,16.0,167.5,33.1,151.4,28.900000000000002,32.89,33.550000000000004,92.0,15.700000000000001,55.400000000000006,100.0,226.5,2856.0,1.25,36.050000000000004,15.05,7.0600000000000005,36.02,28.97,0.0,228.5,1200.0
78062.279,0.0,140.0,89.10000000000001,22.23,15.97,169.5,33.1,152.9,28.84,32.97,33.550000000000004,93.5,15.8,55.0,100.0,223.0,2847.0,1.34,36.15,14.93,6.97,35.94,29.060000000000002,1.0,221.0,1200.0
78122.279,0.0,140.0,91.80000000000001,22.04,15.92,168.0,33.1,151.4,28.8,32.89,33.7,92.5,15.55,55.300000000000004,99.5,223.5,2843.0,1.44,35.95,15.030000000000001,7.0600000000000005,36.04,28.88,0.0,225.5,1200.0
78182.279,0.0,140.0,91.9,21.94,15.85,169.0,32.9,151.0,28.87,32.82,33.550000000000004,92.0,15.55,54.0,99.80000000000001,224.5,2841.0,1.47,35.9,15.02,7.0600000000000005,36.050000000000004,28.990000000000002,0.0,222.5,1200.0
78242.279,0.0,140.0,91.0,21.84,15.860000000000001,169.0,32.95,152.3,28.69,32.71,33.6,93.0,15.4,54.0,99.4,219.5,2840.0,1.45,35.9,15.05,7.03,36.08,29.11,1.0,225.5,1200.0
78302.279,0.0,140.0,92.4,21.76,15.75,171.0,32.85,150.9,28.73,32.74,33.65,92.0,15.450000000000001,53.6,100.0,224.5,2849.0,1.3900000000000001,35.9,14.98,7.0,36.04,29.09,2.0,221.0,1200.0
78362.279,0.0,140.0,90.30000000000001,21.63,15.67,168.0,32.800000000000004,149.9,28.75,32.69,33.550000000000004,91.0,15.450000000000001,53.5,96.9,217.0,2858.0,1.45,35.75,15.030000000000001,6.95,36.01,28.95,0.0,217.5,1200.0
78422.279,0.0,140.0,91.30000000000001,21.61,15.66,166.5,32.75,150.6,28.72,32.55,33.5,94.0,15.450000000000001,53.2,90.60000000000001,215.5,2869.0,1.45,35.800000000000004,14.96,7.0,35.95,29.03,0.0,211.0,1200.0
78482.279,0.0,140.0,89.0,21.5,15.69,168.0,32.550000000000004,151.9,28.66,32.5,33.6,92.0,15.600000000000001,51.2,84.80000000000001,207.0,2873.0,1.3800000000000001,35.75,15.030000000000001,6.96,35.97,28.98,0.0,212.5,1200.0
78542.278,0.0,140.0,91.2,21.29,15.59,167.0,32.550000000000004,152.3,28.71,32.32,33.65,91.5,15.450000000000001,50.7,80.5,206.0,2878.0,1.45,35.550000000000004,15.02,7.0,36.01,28.94,0.0,209.5,1200.0
78602.278,0.0,140.0,91.9,21.17,15.610000000000001,166.0,32.5,151.1,28.59,32.3,33.45,90.0,15.350000000000001,49.1,76.9,200.5,2892.0,1.18,35.4,14.98,6.98,36.04,28.990000000000002,1.0,203.0,1200.0
78662.278,0.0,140.0,92.2,21.35,15.64,166.0,32.45,151.5,28.71,32.27,33.6,91.0,15.4,49.1,75.8,206.0,2892.0,1.45,35.550000000000004,15.02,7.01,35.95,29.01,0.0,209.0,1200.0
78722.278,0.0,140.0,91.2,21.37,15.790000000000001,165.5,32.35,152.20000000000002,28.740000000000002,32.27,33.65,93.0,15.4,49.0,74.3,198.5,2887.0,1.43,35.45,15.08,6.99,36.03,28.990000000000002,0.0,199.0,1200.0
78782.278,0.0,140.0,90.5,21.39,15.82,165.5,32.35,150.8,28.64,32.32,33.65,94.5,15.75,49.1,73.60000000000001,197.5,2889.0,1.28,35.550000000000004,15.02,7.05,36.04,29.03,0.0,203.5,1200.0
78842.278,0.0,140.0,90.30000000000001,21.5,15.84,168.0,32.45,152.5,28.69,32.3,33.65,95.0,15.75,49.7,73.8,198.5,2875.0,1.3900000000000001,35.45,15.02,6.96,36.0,29.05,0.0,204.0,1200.0
78902.278,0.0,140.0,91.0,21.490000000000002,15.9,169.5,32.45,152.5,28.66,32.36,33.6,94.0,15.65,49.800000000000004,74.7,201.5,2875.0,1.42,35.4,15.0,7.09,36.02,29.01,0.0,194.5,1200.0
78962.278,0.0,140.0,91.30000000000001,21.56,15.93,167.5,32.6,151.3,28.72,32.32,33.800000000000004,93.5,15.75,49.0,74.9,201.0,2866.0,1.36,35.35,15.030000000000001,7.04,35.99,29.080000000000002,0.0,199.0,1200.0
79022.278,0.0,140.0,90.9,21.650000000000002,16.05,166.0,32.45,152.0,28.7,32.25,33.6,93.5,15.65,49.7,75.60000000000001,202.0,2861.0,1.45,35.45,14.99,7.01,36.03,29.02,1.0,198.0,1200.0
79082.278,0.0,140.0,90.9,21.7,16.04,165.5,32.65,151.8,28.69,32.46,33.6,93.5,15.850000000000001,49.6,77.2,200.5,2861.0,1.49,35.5,15.02,7.0,35.9,29.07,2.0,201.0,1200.0
79142.278,0.0,140.0,91.60000000000001,21.75,16.12,167.5,32.5,150.0,28.740000000000002,32.39,33.550000000000004,91.5,15.9,50.800000000000004,78.0,203.5,2855.0,1.25,35.4,14.98,7.0,36.07,28.98,0.0,202.0,1200.0
79202.278,0.0,140.0,92.4,21.87,16.16,166.0,32.4,150.0,28.73,32.38,33.800000000000004,94.0,15.850000000000001,50.0,79.0,201.0,2850.0,1.29,35.300000000000004,14.99,7.03,36.04,28.990000000000002,0.0,203.0,1200.0
79262.278,0.0,140.0,92.0,21.87,16.13,168.0,32.6,151.3,28.71,32.47,33.7,92.5,15.8,51.1,79.9,203.5,2852.0,1.5,35.25,14.99,6.98,36.09,29.02,1.0,205.5,1200.0
79322.278,0.0,140.0,90.2,21.86,16.09,167.0,32.4,151.3,28.7,32.45,33.65,91.0,15.700000000000001,50.900000000000006,81.30000000000001,205.5,2841.0,1.3,35.4,14.98,7.0600000000000005,35.99,28.95,0.0,204.5,1200.0
79382.278,0.0,140.0,92.7,21.900000000000002,16.080000000000002,168.0,32.65,150.8,28.76,32.480000000000004,33.5,94.5,15.9,51.0,81.9,205.0,2842.0,1.31,35.35,15.0,7.0,36.04,29.07,1.0,203.5,1200.0
79442.278,0.0,140.0,93.10000000000001,21.89,16.1,166.5,32.65,152.6,28.84,32.480000000000004,33.65,93.0,15.8,51.7,84.4,206.0,2832.0,1.5,35.550000000000004,14.96,6.99,35.99,29.060000000000002,3.0,204.5,1200.0
79502.278,0.0,140.0,93.2,21.94,16.16,168.5,32.65,151.0,28.64,32.59,33.550000000000004,92.5,15.850000000000001,51.5,86.5,211.5,2831.0,1.67,35.5,14.97,7.0200000000000005,36.06,28.98,0.0,207.5,1200.0
79562.278,0.0,140.0,90.9,22.06,16.09,168.5,32.65,151.20000000000002,28.67,32.58,33.5,94.0,15.950000000000001,52.0,88.5,214.0,2825.0,1.4000000000000001,35.45,14.99,7.05,36.01,29.060000000000002,0.0,208.5,1200.0
79622.277,0.0,140.0,90.7,22.05,16.080000000000002,166.5,32.45,151.20000000000002,28.71,32.65,33.45,93.0,15.8,52.400000000000006,90.10000000000001,212.0,2824.0,1.51,35.45,14.96,6.99,35.980000000000004,29.02,1.0,209.0,1200.0
79682.277,0.0,140.0,90.7,22.06,16.07,168.5,32.65,150.20000000000002,28.71,32.61,33.45,92.5,15.9,53.1,92.10000000000001,217.0,2826.0,1.5,35.5,14.96,6.95,36.1,28.96,0.0,207.5,1200.0
79742.277,0.0,140.0,92.80000000000001,22.07,16.14,166.0,32.7,151.9,28.740000000000002,32.59,33.4,92.0,15.8,53.5,93.60000000000001,215.5,2824.0,1.55,35.300000000000004,15.01,6.94,35.95,29.03,0.0,214.5,1200.0
79802.277,0.0,140.0,91.10000000000001,22.09,16.080000000000002,166.0,32.800000000000004,151.20000000000002,28.7,32.49,33.45,93.0,15.8,53.800000000000004,95.60000000000001,216.5,2813.0,1.6400000000000001,35.35,14.92,7.04,36.04,29.05,3.0,214.0,1200.0
79862.277,0.0,140.0,91.0,22.09,16.05,168.0,32.65,152.4,28.67,32.65,33.5,95.0,15.850000000000001,54.300000000000004,96.80000000000001,212.0,2814.0,1.45,35.35,15.02,6.94,36.12,29.02,0.0,215.0,1200.0
79922.277,0.0,140.0,92.5,22.03,16.11,167.5,32.800000000000004,152.0,28.68,32.730000000000004,33.300000000000004,90.5,15.75,54.1,96.80000000000001,214.5,2817.0,1.52,35.4,15.06,6.97,36.0,28.990000000000002,0.0,212.5,1200.0
79982.277,0.0,140.0,91.60000000000001,22.09,16.02,168.5,32.800000000000004,152.6,28.73,32.7,33.5,92.5,15.850000000000001,53.800000000000004,96.60000000000001,220.5,2821.0,1.27,35.4,15.040000000000001,6.95,36.07,28.87,0.0,212.5,1200.0
80042.277,0.0,140.0,90.4,21.98,15.99,169.5,32.85,150.0,28.7,32.69,33.4,91.0,15.700000000000001,53.5,96.60000000000001,214.0,2824.0,1.3800000000000001,35.4,15.01,6.97,35.93,29.04,0.0,215.5,1200.0
80102.277,0.0,140.0,91.10000000000001,22.04,15.96,166.0,32.800000000000004,152.4,28.75,32.71,33.45,92.5,15.9,53.5,96.30000000000001,218.0,2827.0,1.25,35.35,15.02,7.04,36.11,29.07,0.0,216.0,1200.0
80162.277,0.0,140.0,90.10000000000001,21.990000000000002,16.01,169.0,32.9,150.6,28.71,32.65,33.45,93.0,15.850000000000001,53.6,95.30000000000001,216.0,2821.0,1.26,35.550000000000004,15.030000000000001,7.0,36.03,28.97,0.0,217.0,1200.0
80222.277,0.0,140.0,91.5,22.03,15.99,168.5,32.800000000000004,151.5,28.650000000000002,32.64,33.4,93.5,15.700000000000001,53.900000000000006,94.80000000000001,214.5,2830.0,1.35,35.4,15.02,7.01,36.01,29.01,0.0,210.5,1200.0
80282.277,0.0,140.0,92.0,22.03,16.0,168.5,32.800000000000004,151.20000000000002,28.67,32.63,33.550000000000004,90.5,15.75,53.7,94.4,217.5,2825.0,1.45,35.45,14.99,7.04,36.02,29.0,0.0,215.0,1200.0
80342.277,0.0,140.0,91.10000000000001,21.900000000000002,15.870000000000001,167.0,32.800000000000004,150.9,28.7,32.52,33.4,93.0,15.700000000000001,53.6,93.7,213.0,2829.0,1.46,35.300000000000004,14.950000000000001,7.0200000000000005,35.99,28.96,0.0,217.0,1200.0
80402.277,0.0,140.0,91.7,21.88,15.92,168.5,32.65,153.20000000000002,28.67,32.65,33.5,91.5,15.8,53.1,93.0,211.0,2832.0,1.47,35.5,15.01,6.97,35.94,29.01,3.0,211.0,1200.0
80462.277,0.0,140.0,90.7,21.91,15.97,166.5,32.85,150.6,28.68,32.58,33.65,92.5,15.700000000000001,53.0,92.10000000000001,210.5,2828.0,1.4000000000000001,35.4,14.89,6.99,35.95,29.09,0.0,212.0,1200.0
80522.277,0.0,140.0,89.30000000000001,22.02,15.97,168.5,32.65,151.20000000000002,28.580000000000002,32.5,33.6,90.5,15.75,52.6,90.80000000000001,211.5,2831.0,1.34,35.45,14.91,7.0,36.01,29.0,2.0,212.0,1200.0
80582.277,0.0,140.0,90.9,21.91,15.98,168.0,32.6,152.3,28.650000000000002,32.5,33.45,93.0,15.700000000000001,52.5,90.30000000000001,211.0,2834.0,1.45,35.4,14.98,6.96,36.06,29.03,1.0,211.0,1200.0
80642.277,0.0,140.0,91.7,21.86,15.96,165.0,32.6,150.8,28.68,32.44,33.4,92.0,15.8,52.5,90.30000000000001,207.0,2832.0,1.27,35.25,15.07,7.0,36.02,29.03,2.0,213.5,1200.0
80702.276,0.0,140.0,90.10000000000001,21.830000000000002,15.96,165.5,32.550000000000004,150.4,28.650000000000002,32.410000000000004,33.45,94.0,15.600000000000001,52.6,89.4,214.5,2835.0,1.53,35.45,15.030000000000001,6.97,36.01,29.060000000000002,0.0,207.0,1200.0
80762.276,0.0,140.0,90.9,21.81,15.99,167.5,32.5,153.5,28.63,32.52,33.4,90.5,15.75,52.0,87.80000000000001,208.0,2838.0,1.46,35.45,15.01,7.08,36.0,28.91,0.0,207.5,1200.0
80822.276,0.0,140.0,90.7,21.87,15.93,166.0,32.5,151.6,28.68,32.42,33.35,93.0,15.850000000000001,51.6,87.4,210.5,2840.0,1.4000000000000001,35.25,14.97,7.0200000000000005,36.0,29.0,0.0,208.5,1200.0
80882.276,0.0,140.0,90.7,21.79,15.93,167.5,32.550000000000004,150.9,28.64,32.42,33.45,93.5,15.8,51.5,86.30000000000001,208.0,2838.0,1.51,35.15,15.01,6.97,36.03,29.07,0.0,201.5,1200.0
80942.276,0.0,140.0,92.7,21.77,15.950000000000001,164.5,32.6,151.4,28.560000000000002,32.36,33.5,94.5,15.8,51.7,85.80000000000001,207.0,2838.0,1.3900000000000001,35.300000000000004,15.02,6.96,36.01,29.04,0.0,204.0,1200.0
81002.276,0.0,140.0,90.0,21.8,15.94,166.5,32.45,150.1,28.57,32.29,33.45,92.0,15.65,51.5,84.7,207.5,2841.0,1.37,35.2,15.0,7.04,36.03,28.990000000000002,0.0,202.5,1200.0
81062.276,0.0,140.0,91.2,21.76,15.99,169.5,32.35,152.8,28.66,32.4,33.35,92.5,15.65,51.6,84.5,201.0,2839.0,1.42,35.300000000000004,15.030000000000001,7.0200000000000005,36.06,29.02,1.0,206.5,1200.0
81122.276,0.0,140.0,89.60000000000001,21.63,16.06,168.0,32.65,150.9,28.64,32.39,33.45,92.0,15.8,51.2,82.4,204.5,2845.0,1.34,35.300000000000004,14.98,7.0,35.97,29.03,0.0,208.0,1200.0
81182.276,0.0,140.0,89.7,21.6,15.88,165.5,32.35,150.5,28.64,32.24,33.6,92.0,15.65,50.800000000000004,81.4,201.0,2850.0,1.34,35.300000000000004,14.98,6.93,35.95,28.97,2.0,208.0,1200.0
81242.276,0.0,140.0,91.0,21.55,15.8,167.0,32.5,151.6,28.68,32.29,33.7,93.0,15.65,50.5,80.4,200.5,2855.0,1.6,35.300000000000004,15.040000000000001,7.05,35.980000000000004,29.080000000000002,0.0,210.5,1200.0
81302.276,0.0,140.0,89.4,21.580000000000002,15.91,167.5,32.5,151.6,28.63,32.28,33.6,92.0,15.8,49.6,79.2,204.0,2863.0,1.43,35.35,15.02,6.87,36.04,28.990000000000002,1.0,199.0,1200.0
81362.276,0.0,140.0,91.30000000000001,21.5,15.89,167.5,32.5,150.5,28.61,32.36,33.550000000000004,93.0,15.700000000000001,50.0,77.30000000000001,203.5,2871.0,1.58,35.300000000000004,15.05,6.98,36.08,28.990000000000002,2.0,205.0,1200.0
81422.276,0.0,140.0,92.80000000000001,21.47,15.88,166.5,32.6,151.3,28.67,32.3,33.7,92.5,15.600000000000001,49.5,76.3,203.0,2876.0,1.44,35.5,15.040000000000001,7.0200000000000005,36.0,29.080000000000002,0.0,203.5,1200.0
81482.276,0.0,140.0,91.7,21.44,15.870000000000001,166.5,32.5,150.4,28.69,32.42,33.6,92.0,15.600000000000001,49.300000000000004,74.8,202.5,2874.0,1.37,35.300000000000004,14.96,7.01,35.96,29.1,0.0,199.5,1200.0
81542.276,0.0,140.0,91.0,21.400000000000002,15.84,165.5,32.5,150.9,28.75,32.3,33.6,93.0,15.5,48.6,73.0,195.0,2889.0,1.45,35.4,15.06,6.98,36.050000000000004,28.97,0.0,201.5,1200.0
81602.276,0.0,140.0,92.4,21.36,15.82,166.5,32.4,150.70000000000002,28.76,32.37,33.7,91.5,15.600000000000001,48.300000000000004,71.7,200.5,2891.0,1.5,35.35,15.0,6.97,36.050000000000004,28.990000000000002,0.0,197.5,1200.0
81662.276,0.0,140.0,90.5,21.36,15.91,168.0,32.550000000000004,151.3,28.73,32.39,33.85,93.0,15.65,48.6,70.60000000000001,201.5,2893.0,1.4000000000000001,35.45,15.02,7.05,35.910000000000004,29.05,2.0,198.0,1200.0
81722.276,0.0,140.0,92.0,21.38,15.85,167.5,32.550000000000004,150.3,28.79,32.4,33.65,93.0,15.700000000000001,48.6,70.5,201.5,2890.0,1.41,35.300000000000004,15.0,6.96,35.94,28.990000000000002,1.0,198.5,1200.0
81782.276,0.0,140.0,90.9,21.42,15.96,165.0,32.4,150.70000000000002,28.88,32.34,33.75,92.5,15.600000000000001,48.300000000000004,70.4,199.0,2891.0,1.32,35.4,14.96,7.01,36.1,28.93,4.0,198.5,1200.0
81842.275,0.0,140.0,91.0,21.41,15.950000000000001,167.0,32.5,151.8,28.76,32.3,33.75,90.5,15.75,47.7,70.0,200.5,2891.0,1.3,35.5,14.9,7.0200000000000005,36.06,29.22,0.0,199.0,1200.0
81902.275,0.0,140.0,90.60000000000001,21.47,15.98,167.5,32.35,150.6,28.91,32.4,33.6,93.0,15.65,48.7,70.4,200.5,2889.0,1.34,35.45,15.06,7.05,35.95,29.0,0.0,197.5,1200.0
81962.275,0.0,140.0,89.2,21.490000000000002,16.01,166.5,32.45,151.1,28.92,32.4,33.7,92.5,15.9,48.5,70.2,199.0,2885.0,1.54,35.35,15.030000000000001,7.03,35.99,28.93,0.0,198.0,1200.0
82022.275,0.0,140.0,89.80000000000001,21.52,16.0,168.0,32.6,151.5,28.82,32.46,33.7,92.0,15.9,48.800000000000004,70.4,200.0,2886.0,1.42,35.45,15.07,6.98,35.92,29.05,1.0,198.5,1200.0
82082.275,0.0,140.0,91.4,21.580000000000002,15.99,166.5,32.5,151.4,28.85,32.46,33.9,92.0,16.05,48.7,70.8,203.5,2884.0,1.59,35.5,15.1,7.0200000000000005,35.95,29.09,0.0,201.0,1200.0
82142.275,0.0,140.0,90.4,21.47,16.04,165.0,32.7,151.0,28.82,32.410000000000004,33.9,92.0,15.8,48.7,71.9,201.0,2886.0,1.3,35.45,14.99,7.01,36.02,28.94,1.0,200.5,1200.0
82202.275,0.0,140.0,90.7,21.580000000000002,16.0,168.0,32.4,151.4,28.85,32.47,33.9,93.5,15.850000000000001,48.300000000000004,72.2,198.5,2883.0,1.55,35.4,15.02,7.0200000000000005,36.04,29.04,0.0,202.0,1200.0
82262.275,0.0,140.0,90.4,21.64,16.07,165.0,32.800000000000004,151.0,28.900000000000002,32.47,33.75,91.5,15.700000000000001,49.1,72.7,202.0,2880.0,1.44,35.550000000000004,14.99,6.99,35.99,28.98,3.0,196.5,1200.0
82322.275,0.0,140.0,92.0,21.740000000000002,16.080000000000002,165.5,32.6,151.8,28.900000000000002,32.65,33.800000000000004,92.5,15.850000000000001,49.300000000000004,74.60000000000001,200.0,2869.0,1.33,35.65,14.950000000000001,6.97,35.94,29.01,4.0,202.5,1200.0
82382.275,0.0,140.0,91.0,21.86,16.15,169.0,32.65,151.9,28.89,32.54,33.85,92.5,15.8,49.800000000000004,75.9,201.5,2867.0,1.46,35.65,15.02,7.04,35.99,28.97,1.0,205.0,1200.0
82442.275,0.0,140.0,92.30000000000001,21.87,16.21,169.5,32.800000000000004,152.4,28.85,32.68,33.7,94.0,15.8,50.5,77.7,204.5,2860.0,1.52,35.7,14.93,6.96,35.99,29.0,0.0,204.5,1200.0
82502.275,0.0,140.0,91.5,21.91,16.22,170.5,32.65,150.6,28.93,32.61,33.85,95.0,15.950000000000001,50.900000000000006,79.80000000000001,207.0,2854.0,1.53,35.5,14.98,6.890000000000001,36.050000000000004,28.98,2.0,206.0,1200.0
82562.275,0.0,140.0,90.9,22.06,16.16,166.0,32.9,150.70000000000002,29.01,32.78,33.6,93.0,15.9,51.300000000000004,83.9,207.5,2848.0,1.43,35.550000000000004,15.040000000000001,7.08,35.99,28.89,2.0,209.0,1200.0
82622.275,0.0,140.0,90.7,22.07,16.17,169.5,32.800000000000004,151.20000000000002,29.04,32.72,33.800000000000004,95.0,15.8,51.400000000000006,87.80000000000001,211.5,2847.0,1.42,35.550000000000004,14.98,6.97,36.07,28.97,0.0,216.5,1200.0
82682.275,0.0,140.0,89.9,22.18,16.22,169.0,32.9,151.3,29.03,32.87,33.7,93.5,15.850000000000001,52.2,91.30000000000001,221.5,2839.0,1.48,35.6,14.98,7.03,35.95,29.07,1.0,216.5,1200.0
82742.275,0.0,140.0,90.5,22.25,16.22,168.0,33.2,151.8,29.0,32.97,33.75,93.5,16.05,54.0,95.5,219.0,2836.0,1.28,35.550000000000004,15.05,7.0600000000000005,35.94,29.060000000000002,0.0,214.0,1200.0
82802.275,0.0,140.0,91.10000000000001,22.330000000000002,16.240000000000002,169.0,33.1,151.8,28.990000000000002,33.03,33.800000000000004,94.0,16.0,53.900000000000006,99.4,223.0,2829.0,1.43,35.75,14.96,7.1000000000000005,35.95,29.03,0.0,221.0,1200.0
82862.275,0.0,140.0,89.9,22.22,16.19,172.5,33.35,149.8,29.04,33.02,33.800000000000004,94.5,15.850000000000001,54.7,100.0,214.0,2827.0,1.42,35.65,15.02,7.0600000000000005,36.06,29.0,0.0,219.0,1200.0
82922.275,0.0,140.0,89.7,22.32,16.11,170.0,33.1,151.4,29.060000000000002,33.1,33.65,91.0,15.8,54.800000000000004,99.5,222.0,2833.0,1.3800000000000001,35.7,15.040000000000001,6.99,35.92,29.02,0.0,220.0,1200.0
82982.274,0.0,140.0,91.60000000000001,22.27,16.16,170.0,33.25,151.9,28.990000000000002,33.13,33.7,94.5,16.0,53.7,99.9,222.0,2834.0,1.47,35.800000000000004,15.0,7.04,36.02,28.94,0.0,220.5,1200.0
83042.274,0.0,140.0,92.0,22.19,16.12,172.0,33.2,150.9,29.03,33.0,33.95,92.5,15.9,53.900000000000006,99.7,222.5,2838.0,1.35,35.6,15.040000000000001,7.0600000000000005,36.06,29.03,0.0,223.0,1200.0
83102.274,0.0,140.0,91.5,22.21,16.04,169.5,33.300000000000004,150.9,28.95,33.05,33.9,90.5,15.75,53.400000000000006,99.7,220.5,2842.0,1.35,35.75,14.99,6.96,35.97,29.07,0.0,224.5,1200.0
83162.274,0.0,140.0,90.5,22.12,16.13,171.0,33.300000000000004,151.8,29.060000000000002,33.12,33.85,93.5,15.8,53.900000000000006,99.7,222.5,2842.0,1.3,35.85,14.98,6.96,35.89,29.02,0.0,220.5,1200.0
83222.274,0.0,140.0,91.4,22.14,16.03,172.0,33.25,151.9,29.05,33.1,34.0,93.0,15.9,54.300000000000004,100.0,228.0,2840.0,1.41,35.7,14.98,7.09,36.06,28.94,0.0,227.0,1200.0
83282.274,0.0,140.0,93.30000000000001,22.080000000000002,16.07,173.5,33.15,151.20000000000002,29.0,33.08,33.85,93.0,15.850000000000001,54.2,99.9,219.5,2846.0,1.35,35.75,15.0,6.99,35.99,28.990000000000002,0.0,229.5,1200.0
83342.274,0.0,140.0,89.80000000000001,22.09,16.04,171.0,33.25,151.1,29.09,33.11,33.800000000000004,91.0,15.700000000000001,54.2,100.0,224.5,2851.0,1.42,35.800000000000004,14.97,6.97,36.08,28.98,2.0,224.0,1200.0
83402.274,0.0,140.0,89.30000000000001,22.14,16.06,173.5,33.300000000000004,151.9,29.14,33.09,33.85,92.0,15.8,54.2,99.80000000000001,222.0,2853.0,1.28,35.7,14.98,6.98,35.94,28.98,0.0,230.0,1200.0
83462.274,0.0,140.0,90.0,22.080000000000002,15.94,172.0,33.300000000000004,151.0,29.17,33.14,34.050000000000004,94.0,15.65,54.400000000000006,100.0,222.5,2852.0,1.3900000000000001,35.800000000000004,14.950000000000001,6.96,35.910000000000004,28.95,0.0,222.0,1200.0
83522.274,0.0,140.0,91.2,22.080000000000002,16.04,170.5,33.25,153.0,29.1,33.08,34.0,93.0,15.700000000000001,53.7,99.9,225.0,2850.0,1.42,35.800000000000004,14.99,7.05,36.01,29.02,0.0,222.5,1200.0
83582.274,0.0,140.0,92.10000000000001,22.12,16.0,170.0,33.35,152.4,29.12,33.15,34.0,91.0,15.8,53.900000000000006,100.0,225.0,2855.0,1.33,36.0,14.96,7.0200000000000005,35.97,29.07,1.0,225.5,1200.0
83642.274,0.0,140.0,91.7,22.05,16.04,169.0,33.35,151.3,29.16,33.13,33.9,92.5,15.700000000000001,54.0,100.0,222.0,2852.0,1.42,35.800000000000004,15.01,7.1000000000000005,36.02,28.98,0.0,222.5,1200.0
83702.274,0.0,140.0,90.5,22.03,16.09,173.0,33.45,152.0,29.2,33.19,34.0,94.5,15.8,54.2,100.0,225.5,2852.0,1.31,35.9,15.02,7.04,36.01,28.86,0.0,227.0,1200.0
83762.274,0.0,140.0,92.0,22.2,16.04,172.0,33.300000000000004,151.0,29.2,33.24,33.9,92.5,15.950000000000001,54.1,99.80000000000001,223.5,2856.0,1.61,36.050000000000004,15.040000000000001,6.98,36.03,28.98,3.0,227.5,1200.0
83822.274,0.0,140.0,90.5,22.17,16.06,171.5,33.25,150.5,29.310000000000002,33.15,34.050000000000004,93.5,15.9,54.1,99.9,228.0,2855.0,1.3900000000000001,36.050000000000004,14.97,6.96,35.9,29.0,1.0,226.5,1200.0
83882.274,0.0,140.0,90.60000000000001,22.13,16.06,170.5,33.5,152.1,29.19,33.22,34.1,91.0,15.700000000000001,53.6,99.80000000000001,225.5,2861.0,1.3,36.0,15.01,7.07,35.96,28.98,0.0,225.5,1200.0
83942.274,0.0,140.0,91.7,22.13,16.09,172.0,33.5,151.0,29.240000000000002,33.21,33.95,92.0,15.8,54.300000000000004,99.9,231.0,2851.0,1.24,35.9,15.040000000000001,6.98,35.980000000000004,29.02,0.0,225.0,1200.0
84002.274,0.0,140.0,91.2,22.16,16.12,169.0,33.35,151.1,29.28,33.35,33.95,94.5,15.8,53.6,99.9,225.5,2855.0,1.4000000000000001,36.1,15.0,6.95,35.99,29.07,0.0,225.5,1200.0
84062.274,0.0,140.0,91.30000000000001,22.11,16.07,171.5,33.25,150.0,29.22,33.26,34.0,90.0,15.75,53.900000000000006,100.0,230.5,2861.0,1.52,36.0,15.1,7.01,36.06,28.95,0.0,228.5,1200.0
84122.273,0.0,140.0,90.5,22.02,15.96,172.5,33.550000000000004,151.0,29.240000000000002,33.31,34.1,93.0,15.75,53.7,99.80000000000001,231.5,2860.0,1.41,36.050000000000004,15.0,7.0,35.95,29.09,0.0,229.5,1200.0
84182.273,0.0,140.0,90.80000000000001,21.86,15.780000000000001,173.0,33.550000000000004,151.3,29.310000000000002,33.33,34.050000000000004,91.0,15.600000000000001,54.0,99.9,229.0,2877.0,1.48,36.0,14.94,7.0,36.03,29.03,2.0,225.5,1200.0
84242.273,0.0,140.0,90.0,21.79,15.75,170.0,33.25,149.6,29.12,33.25,34.1,91.0,15.450000000000001,53.5,99.9,226.0,2881.0,1.31,36.050000000000004,15.05,7.05,36.02,28.96,0.0,226.0,1200.0
84302.273,0.0,140.0,91.2,21.63,15.69,170.0,33.15,150.9,29.150000000000002,33.19,33.85,93.0,15.4,52.6,94.2,228.5,2896.0,1.44,36.2,15.05,7.05,36.01,29.02,0.0,224.5,1200.0
84362.273,0.0,140.0,91.4,21.53,15.700000000000001,170.0,33.1,151.6,29.17,33.06,34.15,92.0,15.25,51.900000000000006,88.60000000000001,218.5,2904.0,1.54,36.0,15.05,7.0,36.07,29.04,0.0,222.0,1200.0
84422.273,0.0,140.0,91.10000000000001,21.46,15.620000000000001,168.0,32.9,152.5,29.2,32.93,34.15,91.5,15.5,50.2,82.4,217.0,2915.0,1.3,36.1,14.98,6.99,35.99,29.0,0.0,216.0,1200.0
84482.273,0.0,140.0,90.2,21.31,15.74,170.0,32.85,150.4,29.13,32.85,34.050000000000004,89.5,15.350000000000001,49.1,78.10000000000001,208.5,2917.0,1.5,35.95,14.94,7.01,35.99,28.98,2.0,212.5,1200.0
84542.273,0.0,140.0,91.9,21.31,15.64,167.5,32.85,150.4,29.17,32.8,34.050000000000004,91.0,15.4,47.300000000000004,74.0,208.5,2939.0,1.31,35.9,15.02,7.05,35.86,29.09,0.0,209.0,1200.0
84602.273,0.0,140.0,91.0,21.080000000000002,15.58,168.5,32.6,152.20000000000002,29.09,32.68,34.300000000000004,92.0,15.5,47.6,70.3,207.5,2945.0,1.37,35.75,15.040000000000001,6.97,35.97,28.990000000000002,0.0,206.5,1200.0
84662.273,0.0,140.0,90.2,21.27,15.72,167.0,32.9,152.4,29.16,32.68,34.25,91.0,15.55,47.300000000000004,70.4,202.5,2941.0,1.53,35.9,14.99,6.95,35.93,29.060000000000002,0.0,207.5,1200.0
84722.273,0.0,140.0,91.2,21.400000000000002,15.83,167.5,32.800000000000004,149.6,29.16,32.79,34.050000000000004,92.5,15.600000000000001,47.6,70.60000000000001,206.5,2933.0,1.36,35.95,14.98,7.05,36.13,29.04,0.0,208.0,1200.0
84782.273,0.0,140.0,91.10000000000001,21.48,15.96,170.0,33.0,149.8,29.240000000000002,32.75,34.15,93.5,15.700000000000001,48.5,72.5,204.5,2916.0,1.42,35.9,15.040000000000001,6.96,36.04,29.05,0.0,204.5,1200.0
84842.273,0.0,140.0,91.2,21.72,15.96,169.5,32.95,152.3,29.12,32.87,34.1,92.0,15.8,48.900000000000006,73.9,205.5,2911.0,1.35,35.75,15.02,6.97,36.15,29.14,2.0,209.0,1200.0
84902.273,0.0,140.0,90.9,21.81,16.080000000000002,170.0,33.050000000000004,151.6,29.17,32.95,34.15,95.0,15.950000000000001,49.7,76.4,206.5,2891.0,1.5,35.95,14.97,7.03,36.09,29.02,1.0,207.5,1200.0
84962.273,0.0,140.0,91.7,21.92,16.23,169.0,33.1,151.8,29.27,32.980000000000004,34.050000000000004,93.0,16.1,49.900000000000006,78.80000000000001,210.5,2884.0,1.45,36.0,14.98,6.94,36.03,29.02,0.0,207.0,1200.0
85022.273,0.0,140.0,90.10000000000001,22.09,16.18,172.0,33.050000000000004,152.0,29.240000000000002,33.14,34.1,93.5,16.05,50.7,83.9,214.5,2868.0,1.61,36.050000000000004,15.030000000000001,7.0,35.96,29.060000000000002,1.0,214.5,1200.0
85082.273,0.0,140.0,89.10000000000001,22.12,16.21,171.5,33.15,151.3,29.18,33.17,34.1,94.0,16.0,51.1,90.0,218.5,2855.0,1.41,36.0,14.96,7.0600000000000005,36.01,29.03,0.0,219.0,1200.0
85142.273,0.0,140.0,91.30000000000001,22.41,16.29,171.5,33.300000000000004,149.8,29.2,33.19,33.95,92.0,16.0,53.0,96.2,217.5,2852.0,1.3,35.95,14.97,6.97,35.980000000000004,29.01,3.0,220.0,1200.0
85202.273,0.0,140.0,91.80000000000001,22.41,16.38,172.0,33.6,151.0,29.23,33.28,33.9,95.0,16.05,54.800000000000004,99.80000000000001,225.0,2838.0,1.56,36.050000000000004,14.96,7.0600000000000005,36.04,28.95,2.0,220.0,1200.0
85262.273,0.0,140.0,90.30000000000001,22.52,16.36,172.5,33.35,152.0,29.21,33.25,34.050000000000004,92.0,16.05,55.400000000000006,99.80000000000001,221.5,2831.0,1.44,35.95,15.07,7.03,35.93,29.080000000000002,2.0,221.5,1200.0
85322.272,0.0,140.0,91.60000000000001,22.39,16.45,173.0,33.45,151.3,29.29,33.230000000000004,33.9,94.5,16.05,54.400000000000006,99.5,222.0,2832.0,1.17,36.050000000000004,15.01,7.0,35.96,29.080000000000002,1.0,221.5,1200.0
85382.272,0.0,140.0,90.80000000000001,22.38,16.42,174.5,33.300000000000004,151.6,29.240000000000002,33.31,34.050000000000004,96.5,16.0,54.300000000000004,100.0,224.0,2832.0,1.3800000000000001,36.050000000000004,15.02,6.99,36.0,29.03,0.0,222.5,1200.0
85442.272,0.0,140.0,92.0,22.400000000000002,16.3,173.0,33.35,152.1,29.35,33.4,34.15,95.0,15.950000000000001,54.0,99.7,223.0,2850.0,1.37,36.1,15.040000000000001,7.0600000000000005,36.04,29.01,1.0,229.0,1200.0
85502.272,0.0,140.0,91.5,22.46,16.25,170.0,33.45,151.9,29.3,33.45,34.050000000000004,93.5,16.05,54.6,100.0,228.5,2863.0,1.47,36.1,15.05,6.94,35.94,28.990000000000002,1.0,235.5,1200.0
85562.272,0.0,140.0,91.0,22.400000000000002,16.11,171.5,33.550000000000004,152.5,29.2,33.42,33.9,94.0,15.700000000000001,54.7,99.7,232.5,2868.0,1.45,36.2,14.96,6.96,36.01,29.01,0.0,223.5,1200.0
85622.272,0.0,140.0,90.60000000000001,22.43,16.11,172.5,33.7,151.0,29.310000000000002,33.49,34.050000000000004,94.0,15.950000000000001,54.800000000000004,99.9,226.5,2872.0,1.54,36.1,14.96,7.0,36.03,28.96,0.0,232.5,1200.0
85682.272,0.0,140.0,89.5,22.46,16.03,173.0,33.6,152.0,29.36,33.5,34.2,91.5,15.850000000000001,55.0,99.5,233.0,2876.0,1.3900000000000001,36.25,15.02,6.95,36.02,29.150000000000002,0.0,234.5,1200.0
85742.272,0.0,140.0,91.9,22.330000000000002,16.13,173.0,33.6,150.70000000000002,29.35,33.53,34.0,91.5,15.850000000000001,55.0,99.9,236.5,2882.0,1.22,36.300000000000004,15.02,7.04,35.99,29.0,0.0,236.0,1200.0
85802.272,0.0,140.0,92.60000000000001,22.42,16.04,171.0,33.6,150.5,29.36,33.52,34.15,93.5,15.8,54.800000000000004,99.7,235.5,2884.0,1.3900000000000001,36.4,15.08,6.94,36.01,28.98,0.0,235.5,1200.0
85862.272,0.0,140.0,90.10000000000001,22.36,16.0,171.0,33.6,152.0,29.400000000000002,33.56,34.15,93.5,15.65,55.6,100.0,235.5,2888.0,1.44,36.45,14.96,7.08,35.9,28.96,0.0,233.5,1200.0
85922.272,0.0,140.0,91.5,22.38,16.080000000000002,173.0,33.6,151.4,29.39,33.53,34.1,93.0,15.75,54.900000000000006,99.4,240.5,2892.0,1.34,36.25,15.01,6.98,36.01,28.95,0.0,234.5,1200.0
85982.272,0.0,140.0,91.0,22.41,16.1,170.5,33.65,151.6,29.26,33.37,34.15,91.5,15.600000000000001,54.5,100.0,233.5,2889.0,1.44,36.45,15.05,7.04,35.93,29.03,3.0,240.0,1200.0
86042.272,0.0,140.0,89.7,22.41,15.98,173.0,33.45,151.6,29.35,33.53,34.300000000000004,91.5,15.700000000000001,55.0,100.0,237.0,2890.0,1.3800000000000001,36.4,14.99,7.05,36.01,29.04,1.0,237.5,1200.0
86102.272,0.0,140.0,90.7,22.43,15.97,173.5,33.5,150.9,29.330000000000002,33.51,34.2,93.0,15.700000000000001,54.7,100.0,234.5,2890.0,1.45,36.4,15.030000000000001,6.97,35.95,29.01,0.0,234.5,1200.0
86162.272,0.0,140.0,90.7,22.36,15.99,172.5,33.7,152.20000000000002,29.310000000000002,33.47,34.2,94.5,15.700000000000001,55.2,99.60000000000001,234.5,2889.0,1.59,36.4,15.030000000000001,6.99,35.980000000000004,29.060000000000002,4.0,236.0,1200.0
86222.272,0.0,140.0,91.30000000000001,22.47,15.98,172.0,33.45,150.9,29.330000000000002,33.49,34.1,91.0,15.8,54.5,100.0,235.0,2892.0,1.31,36.550000000000004,14.96,6.98,36.01,28.990000000000002,0.0,238.5,1200.0
86282.272,0.0,140.0,90.5,22.43,16.02,174.0,33.7,149.9,29.37,33.49,34.2,92.5,15.850000000000001,55.2,99.9,239.5,2894.0,1.26,36.5,14.91,6.96,35.97,29.07,0.0,235.5,1200.0
86342.272,0.0,140.0,90.60000000000001,22.44,15.99,172.0,33.85,151.8,29.330000000000002,33.5,34.15,94.0,15.700000000000001,55.800000000000004,100.0,236.0,2891.0,1.52,36.550000000000004,15.08,7.08,36.050000000000004,29.01,0.0,237.5,1200.0
86402.272,2.272,140.0,90.9,22.31,15.67,171.5,33.050000000000004,151.5,28.51,32.86,33.4,91.0,15.5,55.2,99.80000000000001,244.5,2893.0,1.45,36.65,15.0,6.99,36.09,28.990000000000002,2.0,241.0,1200.0
86463.977,63.977,140.0,91.9,22.31,16.02,169.0,32.75,152.3,28.55,32.65,33.25,93.5,15.75,56.0,100.0,219.0,2830.0,1.3,36.550000000000004,14.98,6.97,35.99,29.04,2.0,219.5,1200.0
86523.858,123.858,140.0,91.4,22.22,16.05,168.0,32.800000000000004,152.70000000000002,28.53,32.68,33.35,91.5,15.65,56.1,99.80000000000001,217.5,2828.0,1.32,36.4,14.98,7.04,36.03,28.92,0.0,222.5,1200.0
86583.757,183.757,140.0,91.10000000000001,22.27,16.01,168.5,32.85,151.20000000000002,28.59,32.57,33.300000000000004,91.5,15.950000000000001,55.6,100.0,219.5,2828.0,1.33,36.2,14.98,6.96,36.02,28.95,0.0,220.5,1200.0
86643.671,243.671,140.0,90.10000000000001,22.31,15.96,167.5,32.85,152.1,28.490000000000002,32.64,33.2,92.5,15.700000000000001,55.300000000000004,100.0,218.5,2827.0,1.57,36.050000000000004,15.02,6.95,36.01,29.05,0.0,221.0,1200.0
86703.596,303.596,140.0,90.30000000000001,22.14,16.02,168.0,32.75,152.20000000000002,28.64,32.62,33.25,93.0,15.700000000000001,55.6,100.0,220.0,2830.0,1.48,35.9,15.0,6.99,35.910000000000004,29.03,0.0,223.0,1200.0
86763.53,363.53,140.0,91.0,22.35,16.02,168.5,32.85,152.0,28.54,32.54,33.45,92.5,15.75,55.800000000000004,99.80000000000001,217.0,2823.0,1.28,35.800000000000004,15.02,6.97,35.97,29.03,0.0,221.5,1200.0
86823.47,423.47,140.0,92.80000000000001,22.31,16.04,168.5,32.7,151.20000000000002,28.560000000000002,32.62,33.4,93.0,15.8,55.400000000000006,100.0,222.0,2829.0,1.49,35.75,14.98,6.94,36.03,29.01,1.0,218.5,1200.0
86883.417,483.417,140.0,89.7,22.3,16.02,168.5,32.85,151.4,28.54,32.660000000000004,33.4,92.5,15.75,55.7,100.0,223.5,2826.0,1.43,35.7,15.0,7.05,35.94,28.96,1.0,223.0,1200.0
86943.368,543.368,140.0,92.0,22.330000000000002,15.98,169.0,32.800000000000004,150.70000000000002,28.55,32.65,33.300000000000004,92.0,15.55,55.400000000000006,100.0,222.5,2830.0,1.25,35.7,15.01,6.98,36.02,29.02,0.0,215.5,1200.0
87003.323,603.323,140.0,91.60000000000001,22.35,16.0,168.5,32.85,151.8,28.55,32.59,33.25,92.0,15.65,55.300000000000004,100.0,222.5,2824.0,1.51,35.800000000000004,15.0,7.0200000000000005,35.95,29.0,3.0,221.0,1200.0
87063.283,663.283,140.0,90.5,22.23,16.0,169.0,32.85,151.20000000000002,28.54,32.64,33.35,93.0,15.8,55.800000000000004,100.0,222.0,2825.0,1.3,35.75,15.030000000000001,6.98,35.94,28.97,0.0,221.0,1200.0
87123.245,723.245,140.0,91.7,22.27,15.950000000000001,167.5,32.95,151.1,28.560000000000002,32.67,33.45,90.0,15.600000000000001,55.7,100.0,217.5,2828.0,1.37,35.75,14.97,7.04,36.03,28.95,2.0,219.5,1200.0
87183.21,783.21,140.0,91.2,22.26,16.0,167.0,32.9,150.70000000000002,28.55,32.67,33.4,92.5,15.700000000000001,55.800000000000004,99.5,217.5,2827.0,1.45,35.7,14.98,6.95,35.97,29.1,1.0,221.5,1200.0
87243.177,843.177,140.0,90.80000000000001,22.23,15.99,167.5,32.95,151.6,28.63,32.49,33.45,93.0,15.700000000000001,55.7,100.0,219.0,2831.0,1.23,35.65,15.040000000000001,6.98,35.95,29.02,1.0,219.5,1200.0
87303.146,903.146,140.0,91.0,22.34,15.98,168.5,32.75,151.5,28.57,32.62,33.4,92.0,15.700000000000001,55.2,100.0,218.5,2824.0,1.3900000000000001,35.6,15.040000000000001,7.04,35.95,28.95,1.0,219.5,1200.0
87363.118,963.118,140.0,92.0,22.25,16.0,170.0,32.7,151.70000000000002,28.560000000000002,32.57,33.4,94.0,15.8,55.5,100.0,222.0,2829.0,1.27,35.45,15.05,6.9,35.96,29.02,0.0,216.5,1200.0
87423.091,1023.091,140.0,90.9,22.26,16.02,167.0,32.9,151.20000000000002,28.53,32.65,33.4,91.5,15.75,55.7,100.0,221.0,2824.0,1.43,35.6,14.99,7.0,35.99,28.97,2.0,221.5,1200.0
87483.065,1083.065,140.0,90.7,22.23,16.0,168.0,32.9,149.20000000000002,28.52,32.64,33.5,92.5,15.850000000000001,55.0,100.0,220.5,2829.0,1.43,35.6,14.99,7.03,35.99,29.03,0.0,218.0,1200.0
87543.041,1143.041,140.0,90.4,22.12,16.03,167.5,32.85,151.1,28.52,32.62,33.35,92.5,15.75,55.6,100.0,225.5,2823.0,1.3800000000000001,35.65,15.01,7.03,35.96,28.98,0.0,222.0,1200.0
87603.018,1203.018,140.0,91.0,22.22,15.98,168.5,32.95,154.10000000000002,28.61,32.65,33.4,92.0,15.65,55.0,99.80000000000001,220.5,2823.0,1.47,35.550000000000004,15.05,6.98,36.06,28.91,1.0,222.0,1200.0
87662.997,1262.997,140.0,90.80000000000001,22.25,15.99,168.5,32.800000000000004,151.3,28.6,32.69,33.45,93.5,15.700000000000001,55.1,99.9,223.0,2827.0,1.33,35.65,15.040000000000001,6.99,36.03,28.990000000000002,5.0,217.5,1200.0
87722.976,1322.976,140.0,91.60000000000001,22.2,15.99,166.5,32.95,151.20000000000002,28.560000000000002,32.67,33.45,92.5,15.700000000000001,55.6,99.7,222.0,2825.0,1.2,35.6,14.96,6.97,35.93,28.91,0.0,218.0,1200.0
87782.957,1382.957,140.0,91.10000000000001,22.240000000000002,15.9,169.5,32.85,151.9,28.61,32.62,33.45,91.5,15.75,55.2,100.0,222.5,2835.0,1.3900000000000001,35.5,14.96,6.99,35.96,29.05,2.0,224.0,1200.0
87842.938,1442.938,140.0,92.0,22.21,16.01,170.0,32.75,152.8,28.66,32.730000000000004,33.550000000000004,90.0,15.850000000000001,55.400000000000006,100.0,221.0,2834.0,1.49,35.65,15.040000000000001,7.0200000000000005,36.0,29.080000000000002,1.0,223.5,1200.0
87902.92,1502.92,140.0,91.2,22.240000000000002,15.99,167.5,32.9,151.8,28.63,32.74,33.45,93.5,15.75,55.5,99.4,221.0,2833.0,1.31,35.75,14.99,6.99,36.04,28.97,0.0,224.0,1200.0
87962.903,1562.903,140.0,92.60000000000001,22.150000000000002,15.98,169.0,32.95,152.0,28.62,32.71,33.4,95.0,15.600000000000001,55.2,100.0,222.5,2834.0,1.4000000000000001,35.6,15.0,7.04,36.01,28.95,0.0,220.5,1200.0
88022.887,1622.887,140.0,91.10000000000001,22.28,15.99,167.0,32.95,152.1,28.7,32.77,33.6,90.5,15.9,54.800000000000004,99.9,227.5,2835.0,1.46,35.550000000000004,15.0,7.0200000000000005,36.01,29.03,2.0,218.0,1200.0
88082.871,1682.871,140.0,92.60000000000001,22.27,16.01,168.5,33.050000000000004,152.5,28.72,32.84,33.5,93.0,15.8,55.300000000000004,99.80000000000001,219.5,2833.0,1.29,35.7,14.99,6.99,36.0,29.03,1.0,225.5,1200.0
88142.856,1742.856,140.0,91.4,22.17,16.01,169.5,32.9,152.1,28.69,32.71,33.6,93.5,15.700000000000001,55.2,100.0,220.5,2839.0,1.31,35.75,14.99,7.01,36.03,29.080000000000002,0.0,215.0,1200.0
88202.842,1802.842,140.0,92.0,22.25,15.98,169.0,32.85,152.1,28.68,32.78,33.6,92.5,15.75,55.400000000000006,99.5,223.0,2835.0,1.41,35.9,14.99,7.0,35.97,29.01,0.0,224.5,1200.0
88262.828,1862.828,140.0,89.4,22.240000000000002,16.0,169.0,33.15,151.3,28.740000000000002,32.85,33.5,92.5,15.850000000000001,55.1,100.0,224.0,2839.0,1.3800000000000001,35.7,14.99,7.03,36.02,28.990000000000002,2.0,226.5,1200.0
88322.814,1922.814,140.0,90.60000000000001,22.26,16.07,169.0,33.0,153.1,28.7,32.78,33.6,92.5,15.75,54.900000000000006,100.0,220.5,2834.0,1.49,35.65,15.030000000000001,6.99,36.03,28.97,0.0,222.0,1200.0
88382.801,1982.801,140.0,91.30000000000001,22.27,16.05,168.0,32.95,153.0,28.69,32.78,33.75,92.5,15.75,55.6,100.0,227.5,2842.0,1.51,35.75,15.02,7.0200000000000005,36.06,28.97,1.0,225.5,1200.0
88442.789,2042.789,140.0,90.0,22.29,16.04,169.0,33.1,151.6,28.71,32.79,33.6,92.0,15.600000000000001,55.2,99.9,221.0,2835.0,1.5,35.6,14.98,6.92,36.0,29.080000000000002,0.0,223.0,1200.0
88502.777,2102.777,140.0,92.5,22.23,16.01,169.0,33.0,148.4,28.740000000000002,32.83,33.6,92.0,15.700000000000001,55.800000000000004,100.0,219.0,2844.0,1.3,35.800000000000004,15.0,7.0,36.03,28.92,0.0,224.5,1200.0
88562.765,2162.765,140.0,90.30000000000001,22.28,16.05,168.5,33.0,152.20000000000002,28.73,32.79,33.550000000000004,92.5,15.8,55.2,100.0,225.0,2847.0,1.27,35.9,15.05,6.96,36.07,29.02,0.0,223.0,1200.0
88622.754,2222.754,140.0,90.7,22.27,15.99,170.5,33.15,151.70000000000002,28.77,32.83,33.550000000000004,93.0,15.600000000000001,54.800000000000004,99.60000000000001,224.5,2843.0,1.36,35.85,14.89,6.99,36.01,28.97,0.0,225.0,1200.0
88682.743,2282.743,140.0,91.80000000000001,22.31,16.03,170.0,33.15,152.3,28.73,32.84,33.7,94.0,15.700000000000001,55.2,99.80000000000001,229.0,2844.0,1.27,35.85,15.07,6.98,36.01,28.94,0.0,226.5,1200.0
88742.733,2342.733,140.0,90.2,22.27,15.9,169.5,33.2,151.3,28.78,32.88,33.75,94.5,15.8,54.7,99.7,222.5,2849.0,1.47,35.800000000000004,15.01,7.0600000000000005,36.01,29.02,2.0,228.0,1200.0
88802.722,2402.722,140.0,91.30000000000001,22.25,16.05,170.0,33.15,151.20000000000002,28.69,32.86,33.65,94.0,15.8,55.6,100.0,225.0,2847.0,1.28,35.85,15.02,7.01,36.09,29.060000000000002,1.0,227.5,1200.0
88862.712,2462.712,140.0,91.2,22.32,16.03,169.0,33.15,150.5,28.76,32.84,33.7,94.0,15.850000000000001,54.900000000000006,100.0,229.0,2847.0,1.5,35.800000000000004,14.97,6.98,35.95,28.96,0.0,224.0,1200.0
88922.703,2522.703,140.0,91.80000000000001,22.3,16.03,168.0,33.1,150.3,28.740000000000002,32.87,33.7,92.5,15.700000000000001,55.0,99.80000000000001,222.0,2844.0,1.52,35.800000000000004,15.0,6.98,35.97,28.96,3.0,227.5,1200.0
88982.693,2582.693,140.0,92.5,22.240000000000002,16.04,171.5,33.15,151.8,28.88,32.85,33.6,92.5,15.65,55.5,100.0,224.0,2849.0,1.52,35.800000000000004,14.99,7.07,35.99,29.0,0.0,223.5,1200.0
89042.684,2642.684,140.0,89.4,22.26,16.03,171.0,33.1,151.70000000000002,28.900000000000002,32.87,33.85,90.5,15.850000000000001,55.5,99.9,224.5,2858.0,1.41,36.050000000000004,15.040000000000001,7.04,36.09,28.97,0.0,229.0,1200.0
89102.675,2702.675,140.0,90.10000000000001,22.17,15.99,169.0,33.15,150.70000000000002,28.77,33.01,33.6,92.0,15.700000000000001,54.800000000000004,100.0,226.5,2855.0,1.31,36.0,15.05,6.95,36.0,29.0,0.0,227.5,1200.0
89162.667,2762.667,140.0,90.2,22.27,15.98,171.0,33.1,151.9,28.82,32.92,33.65,92.0,15.65,54.7,100.0,229.0,2852.0,1.41,36.050000000000004,15.05,7.0200000000000005,36.06,28.990000000000002,0.0,225.0,1200.0
89222.659,2822.659,140.0,91.9,22.26,16.03,170.0,33.15,151.8,28.86,32.92,33.75,92.5,15.850000000000001,54.400000000000006,100.0,223.0,2855.0,1.47,36.0,15.05,7.0,35.92,28.96,1.0,227.5,1200.0
89282.65,2882.65,140.0,91.9,22.2,16.03,169.5,33.1,153.4,28.91,32.980000000000004,33.800000000000004,93.5,15.8,55.5,100.0,231.0,2852.0,1.41,35.9,15.01,6.97,36.04,29.060000000000002,0.0,229.0,1200.0
89342.642,2942.642,140.0,90.5,22.26,15.9,169.0,33.050000000000004,151.0,28.82,33.09,33.9,92.5,15.700000000000001,54.900000000000006,100.0,232.5,2858.0,1.58,36.0,14.96,7.0,36.06,29.02,1.0,225.0,1200.0
89402.635,3002.635,140.0,92.2,22.25,15.98,170.5,33.300000000000004,150.5,28.900000000000002,32.94,33.75,91.0,15.65,55.2,100.0,225.0,2862.0,1.35,35.9,15.05,6.9,36.06,29.02,0.0,227.5,1200.0
89462.627,3062.627,140.0,89.7,22.3,15.98,169.5,33.35,151.6,29.02,33.02,33.9,93.5,15.850000000000001,54.6,100.0,229.5,2858.0,1.35,36.15,15.040000000000001,6.97,35.980000000000004,29.080000000000002,0.0,224.5,1200.0
89522.62,3122.62,140.0,90.9,22.28,16.06,167.5,33.2,150.20000000000002,28.810000000000002,33.01,33.85,93.5,15.700000000000001,55.2,100.0,230.0,2851.0,1.5,35.95,14.98,6.99,36.04,28.98,1.0,226.0,1200.0
89582.613,3182.613,140.0,91.5,22.23,16.01,171.0,33.2,153.3,28.95,33.07,33.65,91.0,15.75,54.800000000000004,99.80000000000001,228.5,2856.0,1.3,35.85,15.02,7.0,36.0,29.01,1.0,222.5,1200.0
89642.606,3242.606,140.0,89.5,22.29,16.03,170.5,33.4,151.4,28.990000000000002,32.95,33.800000000000004,91.5,15.700000000000001,54.6,99.5,228.0,2856.0,1.61,35.95,15.040000000000001,7.0,36.06,29.080000000000002,2.0,231.5,1200.0
89702.599,3302.599,140.0,89.0,22.22,15.91,170.5,33.2,151.0,29.01,32.94,33.7,91.0,15.850000000000001,54.6,100.0,227.5,2855.0,1.42,35.95,15.040000000000001,6.84,35.95,29.04,1.0,228.0,1200.0
89762.592,3362.592,140.0,93.4,22.23,16.06,170.5,33.25,150.9,28.89,32.910000000000004,33.800000000000004,93.5,15.8,55.2,100.0,225.5,2858.0,1.43,36.15,15.02,7.0200000000000005,36.0,28.97,0.0,230.5,1200.0
89822.586,3422.586,140.0,90.5,22.23,16.02,170.5,33.2,151.0,28.82,33.03,33.85,94.0,15.700000000000001,55.2,100.0,223.5,2853.0,1.26,35.95,15.05,6.97,36.01,28.95,1.0,227.5,1200.0
89882.579,3482.579,140.0,91.9,22.25,15.96,169.5,33.15,151.5,28.87,32.99,33.800000000000004,91.0,15.8,55.400000000000006,100.0,223.0,2854.0,1.41,35.95,15.07,6.97,35.96,28.990000000000002,3.0,227.5,1200.0
89942.573,3542.573,140.0,91.60000000000001,22.31,15.97,170.0,33.0,151.8,28.94,32.94,33.800000000000004,91.0,15.8,54.6,99.80000000000001,230.0,2853.0,1.42,36.0,14.98,7.01,35.99,29.0,0.0,223.0,1200.0
90002.567,3602.567,140.0,92.4,22.18,15.98,170.5,33.25,153.70000000000002,28.900000000000002,33.02,33.800000000000004,92.0,15.600000000000001,54.7,99.30000000000001,224.0,2858.0,1.48,35.9,15.0,7.05,35.980000000000004,28.97,0.0,226.5,1200.0
90062.561,3662.561,140.0,91.30000000000001,22.3,15.92,171.5,33.2,152.5,28.900000000000002,33.11,33.75,93.0,15.75,54.6,100.0,229.5,2857.0,1.43,36.1,15.06,7.0,35.99,28.990000000000002,2.0,224.5,1200.0
90122.555,3722.555,140.0,90.4,22.28,16.03,172.0,33.2,151.0,28.95,33.02,33.800000000000004,92.5,15.75,54.800000000000004,99.60000000000001,226.0,2857.0,1.48,35.9,14.96,6.99,36.03,28.97,0.0,227.5,1200.0
90182.549,3782.549,140.0,90.2,22.21,16.02,171.0,33.25,152.70000000000002,28.91,33.09,33.800000000000004,93.5,15.600000000000001,54.900000000000006,100.0,228.5,2862.0,1.28,36.1,15.040000000000001,7.01,36.13,29.09,0.0,231.0,1200.0
90242.544,3842.544,140.0,91.0,22.28,16.02,171.5,33.15,150.9,28.85,33.14,33.9,94.0,15.65,55.400000000000006,99.80000000000001,225.5,2858.0,1.46,36.1,15.030000000000001,6.98,36.04,29.0,1.0,230.0,1200.0
90302.538,3902.538,140.0,93.4,22.3,15.950000000000001,171.0,33.45,153.1,29.060000000000002,33.12,33.800000000000004,89.5,15.75,54.6,99.5,226.0,2865.0,1.5,35.95,14.99,6.93,36.050000000000004,29.0,0.0,224.5,1200.0
90362.533,3962.533,140.0,90.9,22.27,15.97,170.5,33.35,152.20000000000002,29.02,33.05,33.95,92.5,15.65,54.900000000000006,99.9,228.0,2866.0,1.41,36.050000000000004,15.02,6.99,36.02,29.060000000000002,0.0,225.5,1200.0
90422.528,4022.528,140.0,88.60000000000001,22.28,16.02,172.0,33.35,151.20000000000002,28.98,33.19,33.800000000000004,90.5,15.700000000000001,54.5,99.9,231.5,2862.0,1.3900000000000001,36.1,15.02,6.96,35.99,29.060000000000002,0.0,229.0,1200.0
90482.522,4082.522,140.0,92.10000000000001,22.35,16.07,173.5,33.2,150.6,29.04,33.18,33.95,92.0,15.700000000000001,54.6,99.9,231.5,2871.0,1.36,36.050000000000004,15.030000000000001,6.99,36.0,28.97,0.0,231.0,1200.0
90542.517,4142.517,140.0,89.9,22.35,15.98,169.5,33.15,150.4,28.97,33.22,33.9,94.0,15.8,55.1,100.0,232.5,2865.0,1.22,36.0,14.950000000000001,7.0,36.04,28.91,0.0,226.0,1200.0
90602.512,4202.512,140.0,91.5,22.28,15.97,171.5,33.35,151.8,29.05,33.13,34.0,92.5,15.75,54.6,99.4,227.0,2870.0,1.3800000000000001,36.2,14.97,7.03,36.0,29.02,0.0,228.5,1200.0
90662.507,4262.507,140.0,90.10000000000001,22.25,15.97,169.5,33.300000000000004,150.4,29.080000000000002,33.2,33.95,95.5,15.75,55.1,100.0,230.0,2867.0,1.48,36.15,14.98,6.99,35.980000000000004,29.060000000000002,1.0,230.0,1200.0
90722.503,4322.503,140.0,89.4,22.28,16.04,170.5,33.4,151.20000000000002,29.13,33.25,34.0,92.0,15.850000000000001,55.1,100.0,232.0,2873.0,1.41,36.300000000000004,15.01,7.05,35.94,28.98,1.0,231.0,1200.0
90782.498,4382.498,140.0,92.2,22.36,15.99,173.0,33.45,152.20000000000002,29.150000000000002,33.29,33.95,94.0,15.65,54.6,99.4,229.5,2877.0,1.2,36.15,14.99,7.04,35.99,29.02,1.0,235.5,1200.0
90842.493,4442.493,140.0,90.0,22.26,15.97,170.0,33.4,150.9,29.150000000000002,33.28,33.85,92.5,15.8,55.300000000000004,99.9,228.5,2868.0,1.58,36.25,15.0,7.0,36.0,29.0,0.0,231.0,1200.0
90902.489,4502.489,140.0,91.2,22.330000000000002,15.98,172.0,33.35,153.5,29.19,33.28,33.800000000000004,93.0,15.65,55.2,100.0,233.0,2875.0,1.49,36.050000000000004,14.950000000000001,7.0200000000000005,36.09,28.96,0.0,235.0,1200.0
90962.484,4562.484,140.0,91.9,22.41,15.97,170.0,33.550000000000004,152.8,29.2,33.2,33.95,94.0,15.9,55.6,100.0,232.0,2877.0,1.2,36.300000000000004,14.99,6.95,36.06,28.96,2.0,234.5,1200.0
91022.48,4622.48,140.0,90.7,22.330000000000002,15.98,171.5,33.35,151.3,29.04,33.29,34.0,96.0,15.9,55.300000000000004,100.0,235.5,2876.0,1.27,36.25,14.97,7.03,36.050000000000004,29.0,0.0,230.5,1200.0
91082.476,4682.476,140.0,91.2,22.36,16.0,174.0,33.550000000000004,152.5,29.11,33.31,34.0,92.5,15.600000000000001,54.800000000000004,99.80000000000001,233.5,2873.0,1.5,36.2,14.99,6.98,36.12,28.97,0.0,231.0,1200.0
91142.471,4742.471,140.0,89.4,22.38,15.99,172.0,33.35,151.5,29.11,33.22,34.1,94.0,15.75,55.0,99.9,240.5,2879.0,1.31,36.35,14.93,7.01,35.97,29.04,0.0,234.0,1200.0
91202.467,4802.467,140.0,90.5,22.34,16.04,172.0,33.35,149.4,29.05,33.31,33.95,92.0,15.8,55.2,99.30000000000001,238.0,2880.0,1.49,36.25,14.94,7.05,35.97,28.94,0.0,228.5,1200.0
91262.463,4862.463,140.0,91.30000000000001,22.41,16.03,172.0,33.45,153.1,29.13,33.17,34.0,93.0,15.8,54.800000000000004,100.0,234.5,2875.0,1.28,36.25,15.01,7.04,35.980000000000004,29.1,0.0,232.5,1200.0
91322.459,4922.459,140.0,91.0,22.25,16.01,170.5,33.5,151.0,29.12,33.29,34.0,93.0,15.700000000000001,55.2,100.0,232.5,2880.0,1.4000000000000001,36.35,14.99,7.01,35.94,29.05,3.0,233.0,1200.0
91382.455,4982.455,140.0,90.7,22.29,15.98,171.5,33.25,150.0,29.12,33.27,34.0,94.0,15.75,55.2,100.0,230.5,2881.0,1.32,36.4,14.97,6.99,36.02,29.02,0.0,226.0,1200.0
91442.451,5042.451,140.0,92.10000000000001,22.36,16.06,171.5,33.45,151.3,29.09,33.26,34.1,93.0,15.850000000000001,54.900000000000006,100.0,231.0,2880.0,1.24,36.35,15.030000000000001,6.99,35.97,28.93,0.0,232.0,1200.0
91502.448,5102.448,140.0,91.4,22.29,16.01,171.5,33.4,150.8,29.11,33.31,34.0,93.0,15.700000000000001,54.5,99.7,233.5,2875.0,1.37,36.300000000000004,14.94,7.0,36.06,29.02,1.0,233.0,1200.0
91562.444,5162.444,140.0,91.30000000000001,22.330000000000002,16.01,171.5,33.300000000000004,149.9,29.17,33.28,34.050000000000004,92.0,15.850000000000001,54.400000000000006,99.80000000000001,233.5,2880.0,1.27,36.25,15.040000000000001,6.97,36.03,28.990000000000002,0.0,231.0,1200.0
91622.44,5222.44,140.0,92.80000000000001,22.31,15.96,173.0,33.6,152.1,29.16,33.4,34.050000000000004,94.0,15.9,55.300000000000004,100.0,240.0,2880.0,1.42,36.4,14.96,6.97,36.01,28.990000000000002,0.0,236.0,1200.0
91682.436,5282.436,140.0,89.9,22.27,15.99,172.0,33.45,151.3,29.2,33.29,34.050000000000004,92.0,15.65,55.2,100.0,232.0,2879.0,1.52,36.4,14.96,7.01,35.99,29.0,0.0,230.5,1200.0
91742.433,5342.433,140.0,91.10000000000001,22.3,16.07,172.0,33.45,151.9,29.11,33.38,34.1,93.5,15.700000000000001,54.800000000000004,99.80000000000001,232.5,2880.0,1.32,36.4,15.05,6.95,36.02,29.09,2.0,237.0,1200.0
91802.429,5402.429,140.0,89.60000000000001,22.27,15.99,171.5,33.65,150.1,29.17,33.31,33.95,91.0,15.65,55.2,99.7,234.5,2880.0,1.16,36.35,14.96,6.97,35.93,29.01,0.0,232.5,1200.0
91862.426,5462.426,140.0,90.80000000000001,22.26,15.97,171.5,33.550000000000004,150.20000000000002,29.28,33.37,34.2,91.5,15.700000000000001,54.7,99.9,232.5,2878.0,1.31,36.25,15.030000000000001,7.03,35.980000000000004,29.1,0.0,233.0,1200.0
91922.422,5522.422,140.0,91.4,22.35,16.0,170.5,33.65,152.3,29.27,33.32,34.050000000000004,93.5,15.75,54.6,99.9,233.0,2881.0,1.46,36.25,14.99,7.07,36.02,28.94,0.0,233.5,1200.0
91982.419,5582.419,140.0,92.0,22.32,16.01,172.0,33.4,150.4,29.25,33.29,34.1,95.5,15.65,54.7,100.0,232.0,2886.0,1.1300000000000001,36.2,14.99,6.95,35.93,29.03,0.0,235.5,1200.0
92042.416,5642.416,140.0,92.2,22.26,16.0,172.5,33.45,151.5,29.23,33.38,34.15,93.5,15.8,55.2,99.9,226.0,2884.0,1.44,36.4,14.93,6.95,36.03,28.96,0.0,230.0,1200.0
92102.413,5702.413,140.0,89.7,22.35,16.04,170.5,33.5,152.8,29.19,33.36,34.1,94.5,15.75,54.400000000000006,100.0,231.0,2881.0,1.17,36.35,14.950000000000001,6.98,35.92,29.04,2.0,235.0,1200.0
92162.409,5762.409,140.0,91.5,22.28,16.05,172.5,33.6,152.1,29.2,33.410000000000004,34.15,90.0,15.65,54.800000000000004,100.0,232.5,2887.0,1.26,36.45,15.030000000000001,6.98,35.92,28.95,2.0,230.0,1200.0
92222.406,5822.406,140.0,90.2,22.27,16.0,170.0,33.5,152.20000000000002,29.25,33.37,34.15,92.0,15.75,54.5,100.0,233.5,2878.0,1.5,36.550000000000004,15.01,7.05,36.06,29.0,0.0,234.0,1200.0
92282.403,5882.403,140.0,90.7,22.37,16.01,173.5,33.6,149.8,29.23,33.37,34.1,93.5,15.700000000000001,54.800000000000004,99.7,236.0,2885.0,1.44,36.4,14.98,7.0600000000000005,36.03,28.96,0.0,231.0,1200.0
92342.4,5942.4,140.0,91.10000000000001,22.34,15.99,173.5,33.6,152.70000000000002,29.310000000000002,33.37,34.050000000000004,91.0,15.700000000000001,54.300000000000004,100.0,232.5,2885.0,1.46,36.45,15.040000000000001,6.99,35.99,28.98,0.0,231.5,1200.0
92402.397,6002.397,140.0,90.7,22.35,16.05,173.0,33.550000000000004,151.5,29.17,33.34,34.2,93.0,15.600000000000001,54.400000000000006,99.7,234.5,2882.0,1.52,36.5,14.99,6.98,36.0,29.0,2.0,231.0,1200.0
92462.394,6062.394,140.0,92.2,22.330000000000002,15.94,173.0,33.550000000000004,150.0,29.3,33.4,34.25,93.0,15.75,54.900000000000006,100.0,236.0,2884.0,1.29,36.45,15.0,6.92,35.97,29.05,0.0,231.5,1200.0
92522.391,6122.391,140.0,90.5,22.37,16.02,173.0,33.65,151.8,29.19,33.39,34.0,92.5,15.65,54.2,99.9,232.5,2887.0,1.45,36.5,14.93,7.01,36.04,28.98,0.0,233.0,1200.0
92582.388,6182.388,140.0,91.10000000000001,22.29,15.94,171.0,33.5,150.70000000000002,29.25,33.34,34.2,91.5,15.8,54.800000000000004,99.7,240.0,2889.0,1.3900000000000001,36.45,14.96,6.99,36.06,28.87,2.0,238.0,1200.0
92642.385,6242.385,140.0,91.2,22.27,15.99,173.5,33.550000000000004,150.20000000000002,29.3,33.37,34.2,94.0,15.65,54.5,99.9,234.0,2889.0,1.44,36.4,15.01,7.04,36.0,29.07,2.0,232.5,1200.0
92702.382,6302.382,140.0,88.60000000000001,22.37,15.96,171.5,33.6,151.70000000000002,29.34,33.39,34.15,93.0,15.65,54.5,100.0,236.0,2893.0,1.58,36.5,15.0,7.0,35.980000000000004,29.0,0.0,233.0,1200.0
92762.379,6362.379,140.0,90.60000000000001,22.32,16.02,172.0,33.75,151.6,29.29,33.51,34.15,92.5,15.700000000000001,54.7,100.0,234.0,2893.0,1.23,36.75,15.0,6.94,36.03,28.900000000000002,0.0,238.0,1200.0
92822.377,6422.377,140.0,90.7,22.28,15.950000000000001,172.5,33.65,151.9,29.32,33.54,34.15,92.5,15.65,55.300000000000004,100.0,239.5,2895.0,1.36,36.45,15.030000000000001,6.97,35.99,29.0,0.0,230.5,1200.0
92882.374,6482.374,140.0,92.30000000000001,22.25,16.03,171.5,33.65,150.0,29.35,33.5,34.300000000000004,95.0,15.65,54.2,99.80000000000001,237.5,2892.0,1.61,36.6,15.0,6.94,35.93,29.060000000000002,0.0,235.0,1200.0
92942.371,6542.371,140.0,90.0,22.31,15.99,174.0,33.75,151.4,29.26,33.46,34.25,94.0,15.700000000000001,54.6,99.9,237.5,2894.0,1.43,36.550000000000004,14.950000000000001,7.05,35.96,28.94,0.0,238.0,1200.0
93002.369,6602.369,140.0,90.9,22.35,15.99,170.5,33.65,150.20000000000002,29.400000000000002,33.51,34.15,90.0,15.8,54.6,100.0,238.0,2892.0,1.4000000000000001,36.550000000000004,14.96,6.98,36.01,28.97,1.0,238.5,1200.0
93062.366,6662.366,140.0,90.60000000000001,22.26,15.96,173.0,33.550000000000004,153.70000000000002,29.37,33.59,34.25,92.5,15.700000000000001,55.0,100.0,234.5,2895.0,1.61,36.5,14.950000000000001,7.01,35.93,29.02,1.0,235.0,1200.0
93122.363,6722.363,140.0,89.9,22.28,16.0,171.5,33.75,150.1,29.45,33.56,34.35,93.0,15.65,55.2,100.0,234.5,2893.0,1.34,36.5,15.07,6.98,35.980000000000004,28.93,0.0,233.5,1200.0
93182.361,6782.361,140.0,91.2,22.31,15.99,174.5,33.550000000000004,152.3,29.36,33.46,34.2,94.0,15.65,55.0,99.9,229.5,2897.0,1.35,36.7,15.0,7.0,36.02,28.93,0.0,239.5,1200.0
93242.358,6842.358,140.0,91.30000000000001,22.23,15.950000000000001,175.0,33.7,150.8,29.32,33.38,34.300000000000004,92.0,15.850000000000001,54.900000000000006,99.9,238.0,2889.0,1.3,36.6,14.99,6.94,36.07,29.02,0.0,233.0,1200.0
93302.356,6902.356,140.0,90.2,22.27,16.05,173.0,33.5,151.20000000000002,29.36,33.480000000000004,34.25,94.0,15.8,54.800000000000004,100.0,235.5,2891.0,1.3900000000000001,36.65,15.01,6.99,36.03,29.01,0.0,233.0,1200.0
93362.353,6962.353,140.0,92.30000000000001,22.25,16.01,171.0,33.65,149.70000000000002,29.38,33.5,34.35,91.5,15.55,54.300000000000004,100.0,233.5,2895.0,1.57,36.65,15.01,6.99,35.93,28.95,0.0,234.5,1200.0
93422.351,7022.351,140.0,90.5,22.29,15.97,171.5,33.7,151.0,29.32,33.42,34.25,93.0,15.600000000000001,55.2,99.5,234.5,2891.0,1.5,36.65,14.99,6.96,35.99,28.94,0.0,235.5,1200.0
93482.348,7082.348,140.0,89.80000000000001,22.36,15.91,171.0,33.7,151.9,29.35,33.45,34.35,93.0,15.8,54.7,100.0,232.5,2896.0,1.31,36.5,15.05,6.97,36.09,28.97,0.0,241.0,1200.0
93542.346,7142.346,140.0,90.5,22.28,16.01,172.5,33.65,151.0,29.37,33.5,34.25,94.5,15.5,54.6,100.0,235.5,2893.0,1.36,36.550000000000004,14.93,6.98,35.97,29.01,1.0,236.5,1200.0
93602.344,7202.344,140.0,90.60000000000001,22.31,16.05,171.0,33.65,151.3,29.25,33.51,34.2,92.5,15.8,54.900000000000006,100.0,235.0,2890.0,1.35,36.7,14.93,7.0600000000000005,36.02,29.07,0.0,236.0,1200.0
93662.341,7262.341,140.0,92.7,22.27,16.02,172.0,33.65,152.70000000000002,29.330000000000002,33.4,34.25,91.0,15.700000000000001,54.300000000000004,100.0,236.0,2896.0,1.32,36.75,14.96,6.96,36.09,28.990000000000002,0.0,234.5,1200.0
93722.339,7322.339,140.0,90.2,22.29,16.09,174.5,33.550000000000004,152.0,29.26,33.4,34.1,94.0,15.75,54.2,99.9,238.5,2895.0,1.58,36.65,15.030000000000001,7.0,35.99,28.98,0.0,241.5,1200.0
93782.337,7382.337,140.0,89.7,22.29,16.03,173.0,33.65,150.4,29.37,33.47,34.1,92.5,15.9,54.900000000000006,99.5,236.5,2892.0,1.52,36.5,15.05,6.99,35.96,29.04,1.0,240.0,1200.0
93842.335,7442.335,140.0,89.9,22.23,16.02,172.0,33.7,150.5,29.35,33.45,34.2,93.0,15.8,54.7,100.0,237.0,2890.0,1.43,36.550000000000004,14.99,7.09,35.97,29.09,1.0,237.5,1200.0
93902.332,7502.332,140.0,89.9,22.31,16.080000000000002,173.5,33.75,151.1,29.44,33.42,34.4,92.0,15.700000000000001,54.6,99.9,235.5,2891.0,1.44,36.6,14.99,7.0,35.94,29.0,0.0,234.0,1200.0
93962.33,7562.33,140.0,91.2,22.32,16.05,171.0,33.5,151.4,29.310000000000002,33.46,34.2,92.5,15.65,54.800000000000004,100.0,237.0,2887.0,1.22,36.85,15.0,7.04,35.99,29.05,0.0,238.0,1200.0
94022.328,7622.328,140.0,91.9,22.22,15.99,173.0,33.65,151.0,29.38,33.49,34.25,92.0,15.600000000000001,54.300000000000004,100.0,234.0,2890.0,1.6300000000000001,36.6,15.01,7.0,36.07,28.94,1.0,234.5,1200.0
94082.326,7682.326,140.0,90.80000000000001,22.28,16.0,174.0,33.7,150.5,29.330000000000002,33.410000000000004,34.1,91.0,15.600000000000001,54.6,99.7,236.0,2890.0,1.29,36.5,15.01,6.98,36.050000000000004,28.97,2.0,233.0,1200.0
94142.324,7742.324,140.0,90.10000000000001,22.36,15.96,174.5,33.550000000000004,153.1,29.26,33.36,34.2,90.0,15.55,54.400000000000006,99.80000000000001,230.5,2892.0,1.41,36.4,15.02,7.04,36.0,29.01,2.0,235.5,1200.0
94202.322,7802.322,140.0,91.0,22.23,15.93,173.0,33.550000000000004,149.70000000000002,29.3,33.31,34.050000000000004,90.5,15.700000000000001,54.400000000000006,100.0,236.0,2896.0,1.5,36.4,15.01,7.0200000000000005,35.97,28.96,0.0,237.5,1200.0
94262.32,7862.32,140.0,90.7,22.28,16.0,170.5,33.6,152.1,29.43,33.410000000000004,34.15,93.5,15.850000000000001,55.0,99.9,233.0,2887.0,1.45,36.550000000000004,15.05,7.07,35.96,28.95,1.0,236.5,1200.0
94322.317,7922.317,140.0,90.7,22.37,16.09,173.0,33.75,152.20000000000002,29.29,33.36,34.15,91.5,15.75,54.900000000000006,100.0,231.0,2891.0,1.4000000000000001,36.7,14.98,7.0600000000000005,35.99,28.900000000000002,0.0,235.5,1200.0
94382.315,7982.315,140.0,92.2,22.37,16.0,172.5,33.550000000000004,150.20000000000002,29.28,33.44,34.300000000000004,93.0,15.8,55.0,100.0,233.5,2886.0,1.3900000000000001,36.45,15.0,7.0,35.94,29.01,1.0,236.5,1200.0
94442.313,8042.313,140.0,90.60000000000001,22.37,16.03,173.0,33.65,152.1,29.29,33.45,34.25,93.0,15.700000000000001,55.6,100.0,232.5,2892.0,1.26,36.5,14.93,7.07,35.980000000000004,29.060000000000002,0.0,239.0,1200.0
94502.311,8102.311,140.0,90.9,22.46,16.04,171.5,33.550000000000004,152.1,29.28,33.49,34.25,91.5,15.850000000000001,55.400000000000006,100.0,237.0,2894.0,1.52,36.6,14.99,7.04,35.97,28.98,0.0,236.0,1200.0
94562.31,8162.31,140.0,90.2,22.46,16.02,171.0,33.65,152.6,29.29,33.51,34.15,92.0,15.65,55.400000000000006,100.0,239.0,2892.0,1.4000000000000001,36.7,14.97,7.01,36.02,28.98,0.0,238.5,1200.0
94622.308,8222.308,140.0,89.80000000000001,22.47,15.97,171.5,33.7,152.0,29.330000000000002,33.47,34.2,94.0,15.700000000000001,55.400000000000006,100.0,234.5,2889.0,1.35,36.550000000000004,15.01,7.0,36.01,28.98,5.0,237.0,1200.0
94682.306,8282.306,140.0,92.10000000000001,22.400000000000002,15.98,173.0,33.75,152.20000000000002,29.28,33.47,34.2,92.0,15.850000000000001,55.300000000000004,100.0,235.0,2899.0,1.36,36.5,14.99,7.03,36.01,28.95,1.0,238.0,1200.0
94742.304,8342.304,140.0,90.80000000000001,22.52,16.0,172.5,33.6,151.1,29.26,33.44,34.15,92.5,15.75,55.300000000000004,100.0,239.0,2897.0,1.37,36.65,14.950000000000001,7.0600000000000005,35.97,28.97,3.0,238.0,1200.0
94802.302,8402.302,140.0,90.10000000000001,22.54,16.03,175.5,33.75,151.5,29.2,33.45,34.1,91.5,15.65,55.7,99.5,239.0,2893.0,1.6,36.65,15.02,7.05,36.02,29.02,0.0,237.0,1200.0
94862.3,8462.3,140.0,91.7,22.52,15.99,172.0,33.7,151.0,29.28,33.52,34.050000000000004,94.0,15.75,55.900000000000006,100.0,240.5,2902.0,1.62,36.7,14.99,7.08,36.03,29.0,0.0,235.5,1200.0
94922.298,8522.298,140.0,91.7,22.650000000000002,16.05,172.5,33.75,152.4,29.2,33.53,34.1,91.5,15.75,55.900000000000006,100.0,239.5,2905.0,1.33,36.75,14.99,7.03,36.04,28.96,0.0,238.5,1200.0
94982.296,8582.296,140.0,91.5,22.56,16.05,174.0,33.7,150.9,29.26,33.44,34.2,93.0,15.600000000000001,56.0,99.60000000000001,239.5,2904.0,1.36,36.65,15.0,6.98,36.050000000000004,29.03,0.0,238.0,1200.0
95042.295,8642.295,140.0,89.60000000000001,22.56,16.05,172.0,33.7,151.1,29.3,33.45,34.050000000000004,95.0,15.850000000000001,56.2,100.0,242.0,2904.0,1.42,36.75,14.950000000000001,6.97,35.99,29.060000000000002,0.0,244.5,1200.0
95102.293,8702.293,140.0,89.5,22.57,16.01,174.0,33.65,151.1,29.17,33.51,34.1,92.0,15.8,56.0,99.9,242.0,2904.0,1.3900000000000001,36.800000000000004,14.93,7.04,35.94,28.98,0.0,240.0,1200.0
95162.291,8762.291,140.0,91.0,22.7,15.98,172.5,33.550000000000004,151.70000000000002,29.330000000000002,33.54,34.1,94.0,15.75,55.900000000000006,99.60000000000001,245.0,2909.0,1.42,36.85,14.99,6.94,36.07,29.05,0.0,241.5,1200.0
95222.289,8822.289,140.0,89.5,22.650000000000002,16.01,175.5,33.85,151.0,29.2,33.51,34.1,94.0,15.9,56.5,99.7,237.5,2907.0,1.3800000000000001,36.75,14.96,7.04,35.94,28.98,0.0,245.5,1200.0
95282.287,8882.287,140.0,90.5,22.64,16.09,174.0,33.800000000000004,151.4,29.330000000000002,33.57,34.15,92.0,15.65,56.900000000000006,100.0,242.5,2909.0,1.44,36.85,14.96,6.97,36.09,28.96,0.0,240.5,1200.0
95342.286,8942.286,140.0,90.80000000000001,22.71,16.07,176.0,33.75,149.20000000000002,29.18,33.57,34.2,90.5,15.600000000000001,56.7,99.9,240.5,2914.0,1.45,36.85,15.05,6.98,36.03,29.080000000000002,1.0,244.0,1200.0
95402.284,9002.284,140.0,91.10000000000001,22.72,15.99,173.5,33.7,150.9,29.25,33.59,34.2,94.0,15.700000000000001,56.900000000000006,99.60000000000001,249.0,2914.0,1.52,37.050000000000004,14.98,6.98,36.08,28.94,0.0,246.5,1200.0
95462.282,9062.282,140.0,90.80000000000001,22.73,16.05,173.0,33.65,152.70000000000002,29.23,33.56,34.300000000000004,92.0,15.700000000000001,57.2,100.0,247.5,2910.0,1.4000000000000001,36.95,14.98,6.96,35.99,29.01,0.0,244.0,1200.0
95522.281,9122.281,140.0,92.10000000000001,22.67,16.06,172.5,33.7,149.6,29.25,33.53,34.25,93.0,15.700000000000001,57.400000000000006,99.7,244.0,2918.0,1.49,37.0,15.0,6.98,36.08,28.990000000000002,3.0,245.5,1200.0
95582.279,9182.279,140.0,92.0,22.67,16.0,174.5,33.800000000000004,151.20000000000002,29.28,33.62,34.4,93.0,15.700000000000001,56.7,100.0,245.5,2918.0,1.47,37.1,14.950000000000001,7.0,35.93,28.96,0.0,248.0,1200.0
95642.277,9242.277,140.0,90.7,22.64,15.98,175.0,33.75,151.1,29.240000000000002,33.53,34.1,92.0,15.700000000000001,57.400000000000006,99.9,245.0,2919.0,1.4000000000000001,36.95,14.93,7.04,36.050000000000004,29.03,0.0,244.0,1200.0
95702.276,9302.276,140.0,90.9,22.76,15.96,173.5,33.65,151.9,29.19,33.56,34.1,93.0,15.700000000000001,57.400000000000006,100.0,245.5,2919.0,1.29,37.15,15.0,6.99,36.11,29.04,1.0,245.5,1200.0
95762.274,9362.274,140.0,90.7,22.75,16.03,172.5,33.65,150.6,29.16,33.51,34.25,92.5,15.600000000000001,57.2,99.60000000000001,243.5,2919.0,1.37,37.1,15.08,6.95,35.910000000000004,28.990000000000002,0.0,248.5,1200.0
95822.273,9422.273,140.0,90.0,22.72,16.04,173.0,33.800000000000004,152.5,29.14,33.51,34.1,89.5,15.700000000000001,57.400000000000006,99.9,247.0,2922.0,1.41,37.0,14.99,6.95,36.03,29.05,0.0,243.5,1200.0
95882.271,9482.271,140.0,90.7,22.79,15.99,173.5,33.75,152.5,29.310000000000002,33.5,34.1,92.0,15.65,56.900000000000006,100.0,242.0,2921.0,1.47,37.0,15.0,7.03,35.980000000000004,28.96,0.0,245.5,1200.0
95942.269,9542.269,140.0,91.60000000000001,22.69,15.94,172.5,33.65,151.5,29.2,33.57,34.15,93.0,15.65,57.2,100.0,244.0,2921.0,1.3,37.0,15.05,6.99,35.95,28.96,0.0,242.5,1200.0
96002.268,9602.268,140.0,91.7,22.68,15.97,175.5,33.75,152.0,29.16,33.480000000000004,34.1,94.5,15.600000000000001,57.2,99.9,251.0,2919.0,1.45,37.15,14.950000000000001,6.99,36.0,28.95,0.0,244.0,1200.0
96062.266,9662.266,140.0,90.5,22.62,15.97,172.5,33.75,150.9,29.26,33.54,34.15,92.0,15.75,57.5,99.9,248.0,2917.0,1.56,37.050000000000004,14.99,6.97,35.92,29.0,1.0,248.0,1200.0
96122.265,9722.265,140.0,91.0,22.66,16.07,173.0,33.800000000000004,151.5,29.240000000000002,33.53,34.15,94.0,15.700000000000001,56.7,100.0,242.5,2920.0,1.4000000000000001,37.25,14.98,7.0,35.97,29.05,0.0,250.0,1200.0
96182.263,9782.263,140.0,91.5,22.69,16.02,174.5,33.7,151.3,29.16,33.57,34.2,92.5,15.700000000000001,56.900000000000006,99.5,243.0,2918.0,1.3900000000000001,37.15,15.030000000000001,6.98,36.02,28.97,1.0,245.5,1200.0
96242.262,9842.262,140.0,92.2,22.62,16.01,173.0,33.65,152.0,29.12,33.49,34.1,92.5,15.65,57.5,100.0,248.0,2910.0,1.42,37.25,14.99,7.03,35.97,28.95,0.0,245.5,1200.0
96302.26,9902.26,140.0,91.80000000000001,22.68,16.03,174.0,33.75,151.1,29.1,33.49,33.85,93.0,15.65,57.1,100.0,243.0,2916.0,1.6,37.2,15.05,6.93,36.09,28.93,1.0,244.0,1200.0
96362.259,9962.259,140.0,91.7,22.68,15.950000000000001,173.0,33.45,150.4,29.1,33.42,34.050000000000004,94.5,15.700000000000001,57.0,99.7,243.5,2912.0,1.09,37.15,14.94,7.03,36.01,29.03,3.0,245.5,1200.0
96422.257,10022.257,140.0,92.5,22.71,15.92,172.0,33.65,151.6,29.07,33.52,34.1,90.5,15.700000000000001,57.2,99.5,242.5,2911.0,1.41,36.9,14.99,7.1000000000000005,36.02,29.1,0.0,245.0,1200.0
96482.256,10082.256,140.0,89.9,22.68,16.02,173.0,33.6,151.8,29.12,33.410000000000004,34.050000000000004,92.0,15.8,57.7,99.9,244.5,2913.0,1.43,37.050000000000004,15.02,6.93,35.97,28.97,1.0,241.5,1200.0
96542.255,10142.255,140.0,90.5,22.650000000000002,16.05,171.5,33.65,149.8,29.1,33.46,34.050000000000004,92.5,15.700000000000001,57.300000000000004,100.0,242.0,2904.0,1.4000000000000001,37.0,15.02,6.98,36.08,28.94,1.0,241.5,1200.0
96602.253,10202.253,140.0,90.80000000000001,22.64,16.03,172.0,33.550000000000004,151.5,29.07,33.39,33.95,92.0,15.600000000000001,57.2,99.60000000000001,243.5,2909.0,1.3800000000000001,36.95,14.96,7.0,35.96,28.97,0.0,243.0,1200.0
96662.252,10262.252,140.0,90.4,22.63,15.98,173.0,33.7,151.70000000000002,29.02,33.36,34.050000000000004,91.5,15.8,56.800000000000004,100.0,237.0,2901.0,1.3800000000000001,37.0,14.99,6.96,35.94,29.0,0.0,243.0,1200.0
96722.25,10322.25,140.0,90.2,22.68,16.01,171.0,33.6,151.4,28.990000000000002,33.410000000000004,33.9,92.0,15.65,57.0,100.0,242.5,2911.0,1.46,37.15,14.99,6.98,36.01,29.060000000000002,0.0,243.0,1200.0
96782.249,10382.249,140.0,89.30000000000001,22.63,15.99,173.0,33.6,152.3,29.04,33.31,34.0,92.0,15.700000000000001,57.7,100.0,242.5,2901.0,1.35,37.0,14.98,6.99,36.0,28.990000000000002,0.0,243.0,1200.0
96842.248,10442.248,140.0,90.9,22.61,15.98,172.5,33.6,151.5,29.080000000000002,33.37,34.0,92.5,15.8,57.6,100.0,237.5,2901.0,1.33,37.050000000000004,14.950000000000001,7.0600000000000005,36.03,29.060000000000002,0.0,240.5,1200.0
96902.246,10502.246,140.0,90.30000000000001,22.64,16.0,174.5,33.5,151.1,29.07,33.44,33.95,91.5,15.75,57.900000000000006,99.9,239.5,2903.0,1.31,37.1,15.07,6.97,35.96,28.97,1.0,243.0,1200.0
96962.245,10562.245,140.0,91.60000000000001,22.66,16.01,174.0,33.5,152.1,29.11,33.36,34.050000000000004,93.5,15.8,57.1,100.0,242.5,2901.0,1.29,37.0,15.030000000000001,6.98,35.980000000000004,28.95,1.0,239.5,1200.0
97022.244,10622.244,140.0,90.80000000000001,22.66,15.98,172.5,33.4,151.3,28.990000000000002,33.33,34.0,92.5,15.75,57.5,100.0,242.0,2904.0,1.42,36.800000000000004,14.950000000000001,7.0200000000000005,36.01,29.04,0.0,239.5,1200.0
97082.242,10682.242,140.0,90.60000000000001,22.67,16.04,172.0,33.45,151.6,29.11,33.37,33.800000000000004,92.0,15.65,57.0,99.7,246.0,2898.0,1.27,37.0,14.99,6.98,35.99,28.98,0.0,238.0,1200.0
97142.241,10742.241,140.0,91.4,22.7,16.03,171.0,33.45,150.6,29.01,33.410000000000004,33.9,91.5,15.700000000000001,57.400000000000006,100.0,243.0,2902.0,1.3800000000000001,37.050000000000004,14.98,6.95,36.07,28.96,0.0,239.0,1200.0
97202.24,10802.24,140.0,90.4,22.650000000000002,15.96,173.5,33.550000000000004,152.70000000000002,29.0,33.44,34.0,94.0,15.700000000000001,57.2,99.9,239.5,2899.0,1.4000000000000001,36.9,14.93,6.97,36.03,29.02,1.0,245.5,1200.0
97262.238,10862.238,140.0,92.7,22.67,16.0,173.5,33.5,150.70000000000002,29.03,33.32,33.95,92.5,15.75,57.2,99.7,245.5,2893.0,1.3900000000000001,36.9,14.98,7.01,36.04,29.09,0.0,238.5,1200.0
97322.237,10922.237,140.0,90.5,22.68,16.06,171.0,33.75,151.20000000000002,29.04,33.21,33.95,93.5,15.65,56.800000000000004,100.0,236.0,2904.0,1.3,36.800000000000004,14.98,6.97,36.050000000000004,29.02,0.0,241.5,1200.0
97382.236,10982.236,140.0,88.9,22.61,16.03,173.0,33.550000000000004,151.3,29.04,33.35,33.85,93.0,15.65,56.800000000000004,100.0,244.0,2907.0,1.4000000000000001,36.85,15.02,6.98,36.02,29.0,0.0,240.5,1200.0
97442.235,11042.235,140.0,90.5,22.68,16.0,173.0,33.6,152.8,29.03,33.410000000000004,34.050000000000004,91.0,15.65,57.300000000000004,99.7,243.0,2904.0,1.48,36.800000000000004,14.93,7.04,35.980000000000004,29.13,0.0,241.0,1200.0
97502.233,11102.233,140.0,89.30000000000001,22.56,16.0,174.0,33.75,150.5,29.04,33.32,34.1,91.5,15.75,56.800000000000004,99.60000000000001,243.0,2906.0,1.36,36.9,15.030000000000001,7.07,36.02,28.91,0.0,239.5,1200.0
97562.232,11162.232,140.0,91.30000000000001,22.650000000000002,16.03,173.5,33.65,151.1,29.14,33.4,34.0,91.0,15.950000000000001,56.5,100.0,246.0,2906.0,1.41,36.85,14.97,6.96,36.04,29.0,2.0,237.5,1200.0
97622.231,11222.231,140.0,89.5,22.68,15.91,171.5,33.9,151.20000000000002,29.25,33.39,34.1,93.0,15.65,56.5,100.0,239.0,2909.0,1.36,36.800000000000004,15.01,6.97,36.0,28.94,0.0,242.5,1200.0
97682.23,11282.23,140.0,92.0,22.67,16.01,174.0,33.6,150.8,29.080000000000002,33.46,34.050000000000004,93.5,15.700000000000001,56.7,100.0,243.0,2907.0,1.46,36.9,14.950000000000001,7.0,35.980000000000004,29.07,3.0,240.0,1200.0
97742.228,11342.228,140.0,91.4,22.64,15.99,171.5,33.7,151.4,29.13,33.45,34.0,93.5,15.65,56.400000000000006,99.60000000000001,242.0,2908.0,1.34,36.75,15.040000000000001,6.98,35.97,29.04,0.0,240.5,1200.0
97802.227,11402.227,140.0,90.10000000000001,22.650000000000002,16.03,173.5,33.75,150.20000000000002,29.19,33.5,34.050000000000004,90.5,15.8,56.800000000000004,100.0,241.5,2907.0,1.58,37.050000000000004,15.040000000000001,7.03,36.01,28.94,0.0,243.0,1200.0
97862.226,11462.226,140.0,89.60000000000001,22.650000000000002,16.02,173.5,33.6,152.20000000000002,29.16,33.52,33.95,93.5,15.55,57.2,99.7,243.0,2908.0,1.44,36.9,14.950000000000001,6.96,36.02,29.09,0.0,243.5,1200.0
97922.225,11522.225,140.0,91.2,22.64,15.94,172.5,33.45,151.8,29.22,33.46,34.050000000000004,93.5,15.8,57.5,100.0,247.0,2909.0,1.31,36.9,14.96,7.04,36.04,29.12,0.0,241.5,1200.0
97982.224,11582.224,140.0,90.9,22.63,15.950000000000001,173.0,33.65,152.20000000000002,29.17,33.5,34.15,91.5,15.75,57.1,99.7,243.5,2907.0,1.42,36.95,15.08,7.09,35.99,29.02,0.0,240.0,1200.0
98042.223,11642.223,140.0,88.7,22.66,16.02,173.0,33.7,152.5,29.12,33.45,34.1,93.0,15.75,56.7,100.0,245.0,2911.0,1.44,36.9,14.98,7.01,36.02,29.0,0.0,240.0,1200.0
98102.221,11702.221,140.0,91.4,22.75,15.94,172.0,33.800000000000004,150.20000000000002,29.13,33.47,33.95,91.5,15.700000000000001,56.300000000000004,100.0,239.5,2914.0,1.4000000000000001,36.95,14.99,7.0200000000000005,36.01,29.02,0.0,245.0,1200.0
98162.22,11762.22,140.0,91.0,22.7,16.03,174.5,33.85,150.1,29.19,33.51,34.0,94.0,15.75,56.800000000000004,100.0,249.5,2908.0,1.43,36.95,14.96,7.01,35.97,28.990000000000002,0.0,243.0,1200.0
98222.219,11822.219,140.0,90.5,22.68,16.06,171.0,33.75,151.0,29.11,33.42,34.1,94.0,15.65,57.1,100.0,245.0,2911.0,1.3900000000000001,36.85,14.96,6.93,36.01,29.01,3.0,243.0,1200.0
98282.218,11882.218,140.0,91.10000000000001,22.72,15.99,172.0,33.85,151.3,29.13,33.46,34.050000000000004,91.5,15.8,57.6,99.30000000000001,243.5,2913.0,1.33,36.95,14.99,6.95,36.06,29.0,2.0,241.5,1200.0
98342.217,11942.217,140.0,90.9,22.71,15.96,174.0,33.65,151.5,29.17,33.39,33.95,94.0,15.8,57.6,100.0,241.0,2908.0,1.68,36.95,15.07,7.01,36.06,29.02,1.0,247.5,1200.0
98402.216,12002.216,140.0,92.9,22.61,16.01,172.5,33.7,152.1,29.17,33.44,34.050000000000004,92.5,15.55,57.400000000000006,99.80000000000001,244.5,2910.0,1.45,37.1,15.0,7.08,35.99,29.01,0.0,244.0,1200.0
98462.215,12062.215,140.0,91.10000000000001,22.67,16.1,172.5,33.7,151.8,29.150000000000002,33.51,34.2,91.5,15.65,57.5,99.80000000000001,247.5,2910.0,1.52,37.0,14.99,6.95,36.050000000000004,29.01,1.0,243.0,1200.0
98522.214,12122.214,140.0,90.10000000000001,22.68,16.03,173.5,33.7,150.3,29.25,33.51,34.2,91.0,15.700000000000001,56.7,100.0,241.5,2910.0,1.4000000000000001,37.1,15.01,7.0,36.050000000000004,28.98,0.0,242.5,1200.0
98582.213,12182.213,140.0,90.9,22.69,15.92,172.0,33.800000000000004,150.20000000000002,29.16,33.46,34.25,93.0,15.700000000000001,56.7,99.9,241.5,2910.0,1.48,37.050000000000004,14.99,6.99,36.050000000000004,29.02,1.0,242.5,1200.0
98642.211,12242.211,140.0,90.60000000000001,22.68,15.9,173.0,33.800000000000004,150.6,29.17,33.52,34.0,93.5,15.75,57.400000000000006,99.9,243.0,2915.0,1.46,37.0,14.92,7.01,35.92,29.02,1.0,244.0,1200.0
98702.21,12302.21,140.0,92.2,22.62,16.0,172.0,33.7,151.4,29.27,33.46,34.2,91.0,15.700000000000001,57.2,99.80000000000001,242.0,2912.0,1.51,36.95,14.99,7.01,36.0,28.97,0.0,248.0,1200.0
98762.209,12362.209,140.0,90.2,22.650000000000002,16.01,175.0,33.85,151.8,29.150000000000002,33.480000000000004,34.1,92.0,15.8,56.800000000000004,100.0,247.5,2914.0,1.4000000000000001,36.95,15.0,7.0,36.03,28.92,0.0,244.0,1200.0
98822.208,12422.208,140.0,92.2,22.67,16.0,172.5,33.85,152.5,29.21,33.57,34.2,91.5,15.8,56.900000000000006,100.0,242.5,2916.0,1.26,36.95,15.0,6.98,35.93,29.07,2.0,244.0,1200.0
98882.207,12482.207,140.0,92.4,22.650000000000002,16.02,172.0,33.85,150.9,29.23,33.61,34.2,91.5,15.700000000000001,57.300000000000004,99.9,243.5,2916.0,1.54,37.0,15.0,7.05,36.050000000000004,29.02,3.0,243.0,1200.0
98942.206,12542.206,140.0,90.9,22.580000000000002,15.96,173.0,33.800000000000004,150.0,29.240000000000002,33.64,34.1,93.5,15.700000000000001,57.5,100.0,245.5,2910.0,1.34,37.0,15.02,6.96,35.97,29.05,0.0,246.5,1200.0
99002.205,12602.205,140.0,90.60000000000001,22.68,15.98,173.0,33.95,152.3,29.27,33.47,34.2,93.0,15.65,56.6,99.9,242.5,2913.0,1.42,37.050000000000004,14.96,7.0200000000000005,36.04,28.97,1.0,246.5,1200.0
99062.204,12662.204,140.0,90.60000000000001,22.72,16.02,172.5,33.7,152.3,29.25,33.59,34.2,91.0,15.700000000000001,56.800000000000004,100.0,244.5,2918.0,1.4000000000000001,37.050000000000004,15.01,7.01,35.95,29.01,0.0,247.0,1200.0
99122.203,12722.203,140.0,90.60000000000001,22.66,16.0,173.0,33.95,152.0,29.23,33.58,34.2,93.0,15.700000000000001,56.7,99.9,247.5,2919.0,1.42,37.050000000000004,15.01,6.99,36.09,28.990000000000002,3.0,250.5,1200.0
99182.202,12782.202,140.0,92.4,22.69,16.09,173.0,33.9,152.5,29.28,33.58,34.25,94.0,15.9,56.900000000000006,100.0,246.5,2916.0,1.52,37.0,15.040000000000001,6.99,36.0,29.02,0.0,249.0,1200.0
99242.201,12842.201,140.0,91.5,22.7,15.97,172.5,33.9,151.3,29.3,33.58,34.2,91.5,15.65,56.900000000000006,100.0,242.0,2918.0,1.41,37.15,15.01,6.98,35.92,29.03,2.0,243.5,1200.0
99302.2,12902.2,140.0,91.30000000000001,22.67,15.93,172.5,33.75,152.8,29.22,33.62,34.300000000000004,93.5,15.850000000000001,56.900000000000006,100.0,247.5,2918.0,1.36,37.0,14.93,6.97,35.94,28.92,1.0,243.5,1200.0
99362.199,12962.199,140.0,91.60000000000001,22.61,15.99,173.0,33.800000000000004,152.20000000000002,29.3,33.58,34.25,90.5,15.700000000000001,57.300000000000004,100.0,241.5,2918.0,1.32,37.0,15.02,7.0,36.01,28.96,0.0,245.0,1200.0
99422.198,13022.198,140.0,89.9,22.64,15.97,173.5,33.800000000000004,151.70000000000002,29.29,33.65,34.1,93.5,15.8,56.400000000000006,100.0,247.5,2918.0,1.42,37.1,14.97,6.97,35.99,28.990000000000002,0.0,247.0,1200.0
99482.197,13082.197,140.0,90.60000000000001,22.63,16.01,173.5,33.85,153.0,29.27,33.58,34.25,91.0,15.65,57.400000000000006,100.0,247.5,2930.0,1.35,37.1,15.030000000000001,6.96,36.050000000000004,29.05,0.0,247.5,1200.0
99542.196,13142.196,140.0,89.4,22.650000000000002,15.98,176.0,33.75,151.20000000000002,29.36,33.63,34.2,91.5,15.65,56.300000000000004,99.9,246.0,2919.0,1.31,37.25,14.98,6.99,35.980000000000004,28.990000000000002,0.0,245.5,1200.0
99602.195,13202.195,140.0,90.30000000000001,22.68,15.96,173.5,33.95,150.6,29.28,33.61,34.25,89.5,15.75,57.300000000000004,99.80000000000001,245.5,2922.0,1.32,37.25,14.97,7.0,36.01,29.03,3.0,250.5,1200.0
99662.194,13262.194,140.0,90.5,22.69,16.06,175.0,33.800000000000004,152.5,29.28,33.55,34.15,94.0,15.75,57.2,99.60000000000001,244.5,2923.0,1.44,37.1,14.99,7.0,36.09,29.02,2.0,250.5,1200.0
99722.193,13322.193,140.0,90.60000000000001,22.72,16.02,176.0,34.0,150.70000000000002,29.38,33.61,34.4,92.0,15.65,57.2,99.7,243.0,2925.0,1.41,37.25,15.01,7.0200000000000005,36.01,29.0,0.0,246.5,1200.0
99782.192,13382.192,140.0,90.5,22.63,16.04,174.5,34.0,151.4,29.240000000000002,33.64,34.25,90.0,15.8,57.2,100.0,250.0,2927.0,1.5,37.1,15.030000000000001,7.05,35.96,28.94,1.0,249.5,1200.0
99842.191,13442.191,140.0,92.30000000000001,22.740000000000002,16.01,173.0,34.0,151.6,29.46,33.63,34.2,90.0,15.700000000000001,56.900000000000006,99.7,248.0,2929.0,1.3900000000000001,37.15,15.09,7.0,36.0,28.97,1.0,245.0,1200.0
99902.191,13502.191,140.0,90.9,22.64,16.06,174.5,33.800000000000004,151.20000000000002,29.3,33.730000000000004,34.25,92.5,15.850000000000001,57.6,100.0,251.0,2923.0,1.43,37.300000000000004,15.07,7.1000000000000005,35.94,29.0,0.0,248.5,1200.0
99962.19,13562.19,140.0,91.10000000000001,22.71,15.98,173.5,34.1,152.0,29.37,33.68,34.35,93.0,15.75,57.0,99.60000000000001,249.5,2928.0,1.31,37.050000000000004,15.030000000000001,7.0,35.92,28.98,0.0,250.0,1200.0
100022.189,13622.189,140.0,91.60000000000001,22.64,15.99,176.5,33.800000000000004,152.4,29.44,33.71,34.4,92.0,15.700000000000001,56.6,100.0,251.0,2925.0,1.3900000000000001,37.1,14.99,7.0,35.980000000000004,28.97,0.0,249.5,1200.0
100082.188,13682.188,140.0,91.5,22.7,16.0,174.0,33.9,153.0,29.36,33.7,34.25,93.0,15.9,56.800000000000004,100.0,250.5,2923.0,1.3800000000000001,37.2,15.0,6.9,36.03,28.92,1.0,251.5,1200.0
100142.187,13742.187,140.0,91.10000000000001,22.64,16.03,174.0,33.9,150.8,29.35,33.660000000000004,34.4,91.5,15.600000000000001,57.5,100.0,248.0,2928.0,1.3800000000000001,37.25,14.96,7.01,36.0,28.97,0.0,245.5,1200.0
100202.186,13802.186,140.0,91.0,22.69,15.97,172.5,34.0,153.0,29.44,33.69,34.4,93.0,15.75,57.0,100.0,250.0,2935.0,1.4000000000000001,37.300000000000004,15.01,7.0,35.980000000000004,28.88,0.0,244.0,1200.0
100262.185,13862.185,140.0,90.30000000000001,22.75,15.89,175.5,33.85,151.70000000000002,29.34,33.72,34.45,90.5,15.65,56.800000000000004,100.0,249.0,2924.0,1.33,37.300000000000004,15.0,6.96,36.0,29.02,1.0,251.5,1200.0
100322.184,13922.184,140.0,88.9,22.71,16.01,174.0,33.9,151.3,29.26,33.62,34.2,92.5,15.8,57.0,99.60000000000001,248.0,2926.0,1.3900000000000001,37.4,14.97,7.0,36.08,28.900000000000002,0.0,249.5,1200.0
100382.183,13982.183,140.0,91.30000000000001,22.71,16.0,175.5,34.0,151.70000000000002,29.32,33.67,34.300000000000004,92.5,15.8,56.6,100.0,248.5,2928.0,1.56,37.2,14.99,7.0200000000000005,36.02,29.03,0.0,250.5,1200.0
100442.182,14042.182,140.0,91.0,22.68,15.99,175.0,33.9,152.3,29.400000000000002,33.83,34.4,92.0,15.65,56.5,100.0,249.0,2931.0,1.34,37.15,15.030000000000001,7.01,35.96,29.03,0.0,244.0,1200.0
100502.182,14102.182,140.0,90.60000000000001,22.650000000000002,16.01,172.5,33.95,150.5,29.37,33.75,34.4,93.0,15.55,56.400000000000006,100.0,248.5,2933.0,1.52,37.25,14.99,7.0,35.96,29.03,2.0,246.5,1200.0
100562.181,14162.181,140.0,91.9,22.66,16.01,174.5,33.85,152.5,29.36,33.76,34.4,90.5,15.8,57.0,99.7,245.5,2930.0,1.3800000000000001,37.35,15.0,6.97,36.0,28.990000000000002,2.0,250.0,1200.0
100622.18,14222.18,140.0,91.10000000000001,22.64,15.99,174.0,33.85,152.9,29.42,33.660000000000004,34.4,92.0,15.700000000000001,56.7,100.0,245.0,2927.0,1.34,37.15,14.950000000000001,6.95,35.980000000000004,29.0,2.0,246.5,1200.0
100682.179,14282.179,140.0,90.2,22.56,16.02,176.0,33.95,149.6,29.39,33.8,34.25,93.5,15.55,56.800000000000004,99.9,249.0,2928.0,1.3800000000000001,37.300000000000004,15.040000000000001,7.0,36.08,29.0,0.0,247.5,1200.0
100742.178,14342.178,140.0,91.10000000000001,22.67,16.0,174.0,33.95,150.9,29.330000000000002,33.75,34.300000000000004,93.0,15.8,56.400000000000006,100.0,249.0,2931.0,1.31,37.35,15.06,6.98,35.95,29.07,1.0,248.0,1200.0
100802.177,14402.177,140.0,91.2,22.6,16.04,175.0,34.0,150.5,29.53,33.730000000000004,34.35,94.0,15.8,56.1,99.9,249.0,2927.0,1.41,37.25,14.950000000000001,7.05,35.980000000000004,28.990000000000002,0.0,249.5,1200.0
100862.177,14462.177,140.0,90.7,22.69,16.05,173.0,34.050000000000004,152.0,29.45,33.77,34.15,91.0,15.75,56.400000000000006,99.30000000000001,250.0,2933.0,1.43,37.35,14.92,7.01,36.03,29.0,0.0,247.5,1200.0
100922.176,14522.176,140.0,90.10000000000001,22.62,16.01,174.5,33.800000000000004,152.0,29.330000000000002,33.730000000000004,34.1,92.0,15.65,56.800000000000004,100.0,247.5,2926.0,1.3800000000000001,37.300000000000004,14.96,6.94,35.94,28.94,0.0,246.5,1200.0
100982.175,14582.175,140.0,90.60000000000001,22.64,16.04,173.5,34.0,151.5,29.51,33.67,34.300000000000004,93.5,15.65,56.400000000000006,99.80000000000001,252.0,2927.0,1.3800000000000001,37.5,14.92,6.99,35.980000000000004,28.93,0.0,248.5,1200.0
101042.174,14642.174,140.0,89.0,22.67,15.99,176.0,34.0,151.9,29.42,33.7,34.300000000000004,92.0,15.65,56.6,99.80000000000001,251.5,2930.0,1.33,37.300000000000004,14.98,6.91,35.99,29.04,1.0,243.0,1200.0
101102.173,14702.173,140.0,91.5,22.6,16.03,173.5,34.0,154.10000000000002,29.47,33.79,34.35,94.0,15.700000000000001,56.300000000000004,100.0,243.5,2930.0,1.44,37.35,15.0,7.01,35.96,29.01,0.0,249.0,1200.0
101162.172,14762.172,140.0,89.80000000000001,22.62,16.0,174.0,33.95,151.1,29.38,33.72,34.25,91.5,15.8,56.6,100.0,248.0,2929.0,1.33,37.300000000000004,15.01,7.01,35.95,29.01,1.0,245.5,1200.0
101222.172,14822.172,140.0,92.0,22.61,16.03,174.0,34.050000000000004,150.5,29.42,33.76,34.35,91.5,15.850000000000001,56.300000000000004,100.0,249.5,2926.0,1.28,37.2,15.08,6.95,35.980000000000004,29.01,0.0,248.5,1200.0
101282.171,14882.171,140.0,91.0,22.650000000000002,15.98,176.0,33.85,151.0,29.44,33.75,34.35,93.0,15.700000000000001,55.900000000000006,100.0,246.5,2927.0,1.36,37.300000000000004,15.01,6.99,35.92,29.0,0.0,248.0,1200.0
101342.17,14942.17,140.0,92.2,22.580000000000002,16.03,173.0,34.15,151.5,29.36,33.65,34.35,93.5,15.8,56.6,99.80000000000001,248.5,2931.0,1.33,37.300000000000004,15.0,7.0,35.93,29.09,1.0,246.0,1200.0
101402.169,15002.169,140.0,90.80000000000001,22.7,16.02,174.5,33.95,152.4,29.39,33.74,34.2,93.0,15.65,56.400000000000006,100.0,248.5,2929.0,1.43,37.2,14.91,6.95,35.96,28.990000000000002,1.0,251.0,1200.0
101462.168,15062.168,140.0,92.80000000000001,22.69,15.99,174.5,34.050000000000004,149.0,29.41,33.81,34.300000000000004,94.5,15.65,56.800000000000004,100.0,249.5,2926.0,1.48,37.35,14.97,7.0200000000000005,36.0,29.060000000000002,0.0,244.0,1200.0
101522.168,15122.168,140.0,90.60000000000001,22.650000000000002,16.0,173.5,34.0,151.1,29.41,33.7,34.4,92.0,15.850000000000001,56.900000000000006,99.60000000000001,247.0,2930.0,1.61,37.4,15.040000000000001,6.95,35.95,29.03,1.0,248.5,1200.0
101582.167,15182.167,140.0,91.0,22.61,15.92,175.0,34.1,152.0,29.52,33.77,34.300000000000004,92.0,15.850000000000001,56.900000000000006,99.9,254.5,2928.0,1.5,37.2,15.01,7.0600000000000005,35.97,28.88,0.0,247.0,1200.0
101642.166,15242.166,140.0,90.7,22.7,16.0,173.0,34.0,152.8,29.490000000000002,33.65,34.5,91.0,15.600000000000001,56.6,99.60000000000001,249.0,2932.0,1.4000000000000001,37.35,14.950000000000001,7.0,36.01,28.91,3.0,248.0,1200.0
101702.165,15302.165,140.0,90.9,22.740000000000002,16.080000000000002,174.0,33.75,152.6,29.35,33.660000000000004,34.300000000000004,91.5,15.700000000000001,56.5,99.7,247.0,2935.0,1.49,37.45,15.0,6.99,35.92,28.990000000000002,1.0,244.0,1200.0
101762.165,15362.165,140.0,89.2,22.68,15.98,175.0,34.1,152.8,29.52,33.71,34.25,92.5,15.700000000000001,56.1,99.80000000000001,248.5,2935.0,1.43,37.300000000000004,14.97,7.03,35.99,28.990000000000002,0.0,247.5,1200.0
101822.164,15422.164,140.0,90.4,22.66,16.04,176.5,34.15,150.8,29.41,33.84,34.4,90.0,15.55,56.7,100.0,251.0,2931.0,1.3900000000000001,37.35,14.99,7.05,35.95,29.01,0.0,248.5,1200.0
101882.163,15482.163,140.0,90.60000000000001,22.69,16.05,174.0,34.0,152.0,29.5,33.81,34.300000000000004,94.0,15.850000000000001,56.7,99.60000000000001,246.0,2927.0,1.35,37.35,15.030000000000001,6.98,36.050000000000004,28.93,0.0,245.5,1200.0
101942.162,15542.162,140.0,91.2,22.650000000000002,15.98,175.0,34.050000000000004,151.0,29.45,33.84,34.300000000000004,94.0,15.65,56.800000000000004,100.0,251.5,2933.0,1.3,37.300000000000004,15.0,6.96,36.08,29.080000000000002,1.0,244.0,1200.0
102002.162,15602.162,140.0,90.30000000000001,22.7,15.97,176.0,34.050000000000004,151.8,29.55,33.77,34.4,93.5,15.950000000000001,56.400000000000006,99.60000000000001,249.5,2940.0,1.3,37.4,14.98,6.96,36.01,28.93,0.0,247.0,1200.0
102062.161,15662.161,140.0,91.10000000000001,22.6,15.99,175.5,34.0,150.6,29.42,33.81,34.300000000000004,91.5,15.700000000000001,56.5,100.0,248.5,2936.0,1.35,37.2,15.06,6.99,35.99,29.0,1.0,248.0,1200.0
102122.16,15722.16,140.0,91.60000000000001,22.7,16.03,175.5,34.050000000000004,151.20000000000002,29.59,33.79,34.5,92.0,15.55,56.6,99.60000000000001,250.5,2931.0,1.42,37.550000000000004,15.0,6.96,35.97,28.96,0.0,251.5,1200.0
102182.159,15782.159,140.0,90.7,22.490000000000002,15.99,176.5,34.0,151.8,29.46,33.83,34.4,89.5,15.65,56.2,99.9,250.5,2933.0,1.3900000000000001,37.2,14.99,6.96,35.96,29.01,0.0,251.5,1200.0
102242.159,15842.159,140.0,89.2,22.56,16.0,177.0,34.15,151.20000000000002,29.52,33.86,34.6,92.0,15.75,56.300000000000004,99.80000000000001,251.5,2940.0,1.4000000000000001,37.35,14.98,7.0600000000000005,35.97,29.04,1.0,248.0,1200.0
102302.158,15902.158,140.0,90.7,22.59,15.98,177.5,34.0,151.3,29.54,33.83,34.550000000000004,91.5,15.65,56.0,99.9,252.5,2937.0,1.33,37.4,14.93,7.04,35.94,28.96,2.0,249.0,1200.0
102362.157,15962.157,140.0,90.2,22.61,15.97,176.0,34.050000000000004,150.3,29.560000000000002,33.9,34.6,90.0,15.700000000000001,56.300000000000004,99.80000000000001,246.5,2936.0,1.45,37.4,14.91,6.94,35.99,28.990000000000002,0.0,247.5,1200.0
102422.157,16022.157,140.0,91.10000000000001,22.68,15.98,174.0,34.2,151.70000000000002,29.59,33.94,34.4,93.0,15.9,55.800000000000004,100.0,247.0,2939.0,1.41,37.35,15.02,6.99,36.07,29.01,3.0,248.0,1200.0
102482.156,16082.156,140.0,91.80000000000001,22.59,16.0,176.0,34.050000000000004,151.6,29.61,33.86,34.550000000000004,92.0,15.700000000000001,55.800000000000004,99.7,252.5,2941.0,1.55,37.4,15.02,6.98,36.07,28.89,0.0,243.5,1200.0
102542.155,16142.155,140.0,90.5,22.67,15.96,174.5,34.35,151.3,29.64,33.910000000000004,34.550000000000004,92.0,15.8,55.800000000000004,100.0,250.5,2941.0,1.59,37.25,14.9,6.97,35.94,29.05,1.0,252.5,1200.0
102602.154,16202.154,140.0,90.4,22.61,15.98,175.5,34.2,149.20000000000002,29.650000000000002,34.02,34.6,92.5,15.700000000000001,55.7,99.9,247.5,2944.0,1.46,37.35,15.0,6.93,36.04,29.04,0.0,248.5,1200.0
102662.154,16262.154,140.0,90.30000000000001,22.7,16.02,173.0,34.15,151.70000000000002,29.580000000000002,33.9,34.550000000000004,93.5,15.700000000000001,56.1,99.9,251.5,2941.0,1.3,37.5,15.030000000000001,7.07,36.0,28.97,0.0,252.5,1200.0
102722.153,16322.153,140.0,91.60000000000001,22.64,15.99,176.0,34.2,153.20000000000002,29.63,34.01,34.65,93.0,15.8,56.5,100.0,255.0,2954.0,1.33,37.300000000000004,15.01,6.99,35.96,29.060000000000002,0.0,251.5,1200.0
102782.152,16382.152,140.0,91.60000000000001,22.650000000000002,15.97,176.0,34.2,151.8,29.71,33.93,34.65,91.5,15.700000000000001,55.800000000000004,99.9,249.5,2944.0,1.6500000000000001,37.5,15.030000000000001,6.96,36.02,28.91,2.0,245.5,1200.0
102842.152,16442.152,140.0,88.9,22.57,16.02,174.0,34.2,152.0,29.63,34.01,34.5,93.0,15.700000000000001,55.7,99.60000000000001,251.0,2946.0,1.32,37.5,15.02,6.96,35.97,29.060000000000002,1.0,250.5,1200.0
102902.151,16502.151,140.0,91.30000000000001,22.57,16.04,174.5,34.15,151.70000000000002,29.72,33.99,34.7,91.5,15.8,56.2,99.60000000000001,252.5,2941.0,1.53,37.550000000000004,15.040000000000001,7.0,36.0,28.88,0.0,246.5,1200.0
102962.15,16562.15,140.0,89.5,22.6,15.99,176.0,34.050000000000004,150.8,29.580000000000002,33.94,34.550000000000004,94.0,15.700000000000001,56.300000000000004,99.80000000000001,251.0,2948.0,1.28,37.550000000000004,15.02,6.95,36.02,29.05,0.0,248.0,1200.0
103022.15,16622.15,140.0,91.10000000000001,22.68,16.03,175.0,34.1,152.20000000000002,29.62,33.88,34.65,95.0,15.65,55.800000000000004,100.0,249.0,2942.0,1.41,37.4,15.040000000000001,7.05,36.08,28.990000000000002,2.0,254.5,1200.0
103082.149,16682.149,140.0,90.30000000000001,22.6,16.01,177.5,34.15,152.1,29.68,33.94,34.4,92.5,15.850000000000001,56.0,100.0,248.0,2946.0,1.43,37.35,14.96,6.92,35.99,28.98,1.0,247.5,1200.0
103142.148,16742.148,140.0,92.0,22.6,15.91,177.0,34.1,150.4,29.63,33.94,34.5,90.5,15.75,56.2,100.0,253.0,2944.0,1.36,37.5,14.98,6.92,36.01,28.97,0.0,253.0,1200.0
103202.148,16802.148,140.0,91.10000000000001,22.6,15.96,175.5,34.25,150.0,29.62,33.980000000000004,34.5,92.0,15.700000000000001,55.5,100.0,245.5,2945.0,1.42,37.550000000000004,14.96,6.94,36.04,29.080000000000002,2.0,246.0,1200.0
103262.147,16862.147,140.0,90.4,22.62,15.950000000000001,175.5,34.15,151.8,29.54,33.82,34.65,93.0,15.8,56.400000000000006,100.0,251.5,2942.0,1.46,37.5,15.01,6.96,36.06,29.13,1.0,250.0,1200.0
103322.146,16922.146,140.0,92.10000000000001,22.54,16.0,177.0,34.050000000000004,150.3,29.650000000000002,33.910000000000004,34.45,93.0,15.75,56.300000000000004,100.0,251.5,2935.0,1.36,37.4,15.02,7.0200000000000005,36.04,29.05,1.0,251.0,1200.0
103382.146,16982.146,140.0,91.10000000000001,22.62,15.96,177.0,34.2,152.3,29.5,33.94,34.550000000000004,93.5,15.75,56.2,100.0,248.0,2933.0,1.42,37.5,14.99,6.98,35.99,28.95,1.0,249.5,1200.0
103442.145,17042.145,140.0,91.4,22.61,15.96,176.5,34.050000000000004,152.5,29.53,33.78,34.45,93.5,15.700000000000001,56.0,99.60000000000001,244.0,2938.0,1.35,37.4,14.91,6.99,35.95,28.990000000000002,0.0,246.5,1200.0
103502.144,17102.144,140.0,91.9,22.57,16.0,173.5,33.95,150.4,29.57,33.93,34.5,93.0,15.75,55.900000000000006,100.0,245.5,2934.0,1.33,37.4,15.0,7.05,36.01,29.0,0.0,247.5,1200.0
103562.144,17162.144,140.0,89.9,22.6,16.04,176.0,33.9,151.6,29.580000000000002,33.88,34.550000000000004,93.5,15.600000000000001,56.2,99.7,248.5,2930.0,1.3800000000000001,37.6,15.030000000000001,7.01,36.050000000000004,29.0,3.0,247.0,1200.0
103622.143,17222.143,140.0,90.9,22.62,16.0,174.0,33.95,151.9,29.46,33.81,34.5,93.0,15.600000000000001,56.6,100.0,249.5,2934.0,1.41,37.45,15.06,7.01,36.12,29.1,0.0,246.0,1200.0
103682.142,17282.142,140.0,91.10000000000001,22.66,15.98,174.5,34.0,151.4,29.42,33.74,34.4,93.0,15.8,56.0,99.7,246.0,2929.0,1.41,37.4,14.96,7.0600000000000005,36.02,28.96,1.0,245.5,1200.0
103742.142,17342.142,140.0,89.4,22.57,16.06,174.0,34.15,150.8,29.43,33.81,34.5,93.0,15.55,56.2,99.80000000000001,247.0,2927.0,1.24,37.35,14.98,6.98,36.08,29.0,0.0,248.5,1200.0
103802.141,17402.141,140.0,93.80000000000001,22.67,16.01,174.0,34.0,150.6,29.42,33.72,34.35,92.0,15.65,56.400000000000006,99.80000000000001,247.0,2927.0,1.32,37.25,14.92,7.0600000000000005,35.94,29.060000000000002,0.0,246.0,1200.0
103862.141,17462.141,140.0,92.60000000000001,22.68,15.99,174.0,33.85,150.3,29.310000000000002,33.74,34.45,93.5,15.75,56.0,100.0,248.5,2924.0,1.32,37.4,14.94,7.01,36.01,28.89,1.0,246.5,1200.0
103922.14,17522.14,140.0,90.60000000000001,22.64,15.99,175.5,33.85,150.8,29.44,33.7,34.4,94.0,15.700000000000001,56.1,99.80000000000001,243.0,2930.0,1.37,37.25,14.98,6.96,35.93,29.01,2.0,247.5,1200.0
103982.139,17582.139,140.0,91.2,22.580000000000002,15.98,174.5,34.0,151.3,29.400000000000002,33.78,34.45,92.5,15.850000000000001,56.2,100.0,246.0,2927.0,1.43,37.25,15.01,6.97,36.01,28.94,1.0,244.0,1200.0
104042.139,17642.139,140.0,91.80000000000001,22.66,15.98,171.0,33.95,152.6,29.41,33.65,34.300000000000004,94.0,15.600000000000001,55.7,100.0,248.0,2922.0,1.43,37.25,14.97,7.01,35.96,28.96,0.0,246.0,1200.0
104102.138,17702.138,140.0,92.5,22.55,16.0,175.5,33.85,150.1,29.39,33.68,34.45,89.5,15.850000000000001,56.0,99.80000000000001,244.0,2919.0,1.28,37.300000000000004,14.950000000000001,7.04,35.97,29.02,0.0,246.5,1200.0
104162.138,17762.138,140.0,90.30000000000001,22.64,15.98,174.0,33.9,153.4,29.400000000000002,33.69,34.15,93.5,15.75,56.400000000000006,100.0,248.5,2922.0,1.46,37.15,15.030000000000001,7.01,35.96,29.01,0.0,250.0,1200.0
104222.137,17822.137,140.0,89.5,22.66,16.04,175.0,33.9,150.20000000000002,29.44,33.76,34.6,94.5,15.75,56.400000000000006,100.0,243.0,2927.0,1.32,37.2,14.99,7.01,36.0,29.01,0.0,244.5,1200.0
104282.136,17882.136,140.0,90.60000000000001,22.66,16.05,175.0,33.95,153.20000000000002,29.44,33.730000000000004,34.25,95.0,15.55,56.0,99.9,242.5,2923.0,1.43,37.300000000000004,15.02,7.0,36.07,28.97,0.0,246.0,1200.0
104342.136,17942.136,140.0,92.30000000000001,22.63,15.98,174.5,33.85,150.6,29.41,33.7,34.5,92.0,15.700000000000001,56.0,100.0,246.5,2925.0,1.26,37.2,15.040000000000001,6.94,36.02,29.02,0.0,244.5,1200.0
104402.135,18002.135,140.0,90.80000000000001,22.61,15.97,173.0,33.85,150.0,29.47,33.77,34.35,92.0,15.65,56.0,100.0,245.5,2921.0,1.46,37.2,15.01,7.01,35.980000000000004,28.990000000000002,1.0,248.0,1200.0
104462.135,18062.135,140.0,92.10000000000001,22.580000000000002,15.96,174.5,34.050000000000004,151.20000000000002,29.37,33.6,34.35,92.5,15.700000000000001,56.1,100.0,247.5,2922.0,1.41,37.25,14.99,7.0,35.910000000000004,29.07,0.0,241.5,1200.0
104522.134,18122.134,140.0,91.30000000000001,22.61,16.01,173.0,33.75,152.1,29.42,33.68,34.300000000000004,90.5,15.850000000000001,56.300000000000004,99.7,248.5,2922.0,1.52,37.050000000000004,15.02,6.99,36.050000000000004,28.96,0.0,247.5,1200.0
104582.133,18182.133,140.0,91.80000000000001,22.51,16.01,173.0,33.9,150.4,29.44,33.69,34.25,93.5,15.8,55.900000000000006,99.60000000000001,246.0,2922.0,1.3900000000000001,37.2,15.07,7.0200000000000005,36.0,28.91,0.0,241.0,1200.0
104642.133,18242.133,140.0,91.4,22.64,16.06,174.0,33.800000000000004,151.70000000000002,29.400000000000002,33.7,34.1,90.5,15.75,56.900000000000006,100.0,240.5,2918.0,1.34,37.15,15.030000000000001,6.95,35.88,28.96,0.0,248.0,1200.0
104702.132,18302.132,140.0,90.7,22.61,15.93,177.0,33.95,150.5,29.400000000000002,33.660000000000004,34.300000000000004,92.5,15.700000000000001,56.800000000000004,100.0,245.5,2920.0,1.46,37.25,15.01,6.99,35.97,29.01,0.0,242.5,1200.0
104762.132,18362.132,140.0,90.9,22.61,15.98,177.0,33.85,150.6,29.35,33.59,34.4,92.5,15.700000000000001,56.7,99.9,243.5,2915.0,1.5,37.1,15.01,7.0,36.09,29.01,1.0,248.5,1200.0
104822.131,18422.131,140.0,90.80000000000001,22.62,16.02,174.5,33.9,152.4,29.330000000000002,33.58,34.300000000000004,92.0,15.65,56.800000000000004,100.0,243.5,2916.0,1.3900000000000001,37.15,15.030000000000001,6.94,36.06,28.97,0.0,251.0,1200.0
104882.13,18482.13,140.0,91.5,22.650000000000002,15.94,174.5,33.800000000000004,150.1,29.32,33.49,34.15,91.0,15.75,56.900000000000006,99.9,247.0,2918.0,1.57,37.15,15.0,6.99,35.980000000000004,29.05,3.0,247.5,1200.0
104942.13,18542.13,140.0,89.60000000000001,22.57,15.97,174.0,33.85,151.9,29.36,33.53,34.15,92.5,15.75,56.400000000000006,100.0,248.0,2915.0,1.3900000000000001,37.050000000000004,15.05,6.95,36.02,29.060000000000002,0.0,244.0,1200.0
105002.129,18602.129,140.0,92.10000000000001,22.51,16.080000000000002,173.5,33.85,151.3,29.29,33.52,34.35,92.0,15.65,57.1,100.0,240.0,2912.0,1.48,37.0,15.0,6.98,36.08,28.96,2.0,241.5,1200.0
105062.129,18662.129,140.0,91.9,22.47,15.93,175.5,33.7,151.5,29.2,33.53,34.2,91.5,15.75,56.5,100.0,239.5,2909.0,1.48,37.15,15.09,7.01,36.050000000000004,28.990000000000002,1.0,242.5,1200.0
105122.128,18722.128,140.0,91.5,22.64,16.02,172.5,33.7,152.1,29.310000000000002,33.61,34.2,93.5,15.75,56.7,100.0,244.0,2912.0,1.37,37.0,14.99,7.04,36.050000000000004,29.080000000000002,1.0,241.5,1200.0
105182.128,18782.128,140.0,92.2,22.580000000000002,15.950000000000001,172.0,33.800000000000004,152.5,29.16,33.57,34.0,93.5,15.600000000000001,57.0,100.0,244.0,2912.0,1.53,37.2,14.96,6.96,36.03,29.02,1.0,244.0,1200.0
105242.127,18842.127,140.0,91.2,22.61,16.02,173.0,33.800000000000004,152.0,29.17,33.55,34.1,91.0,15.75,56.5,99.60000000000001,242.0,2908.0,1.3,37.0,14.93,6.97,35.93,28.98,1.0,242.0,1200.0
105302.127,18902.127,140.0,91.4,22.62,15.92,173.0,33.75,151.3,29.16,33.44,34.050000000000004,91.0,15.65,56.7,99.30000000000001,240.5,2910.0,1.34,37.0,15.02,7.0200000000000005,36.04,28.97,0.0,244.0,1200.0
105362.126,18962.126,140.0,90.7,22.56,16.03,170.5,33.75,150.70000000000002,29.1,33.34,34.0,92.0,15.700000000000001,56.900000000000006,99.9,242.0,2906.0,1.49,37.0,14.97,6.97,36.08,28.97,0.0,242.0,1200.0
105422.125,19022.125,140.0,91.4,22.61,16.03,174.0,33.45,150.70000000000002,29.16,33.37,34.0,90.0,15.65,56.6,99.5,244.5,2901.0,1.33,36.9,15.01,7.0200000000000005,35.99,29.02,2.0,240.5,1200.0
105482.125,19082.125,140.0,90.5,22.6,15.9,174.0,33.5,152.70000000000002,29.080000000000002,33.37,34.0,92.5,15.700000000000001,56.6,100.0,242.0,2901.0,1.34,36.95,14.97,6.9,36.0,28.92,0.0,242.5,1200.0
105542.124,19142.124,140.0,90.30000000000001,22.64,16.05,174.0,33.550000000000004,151.0,28.92,33.38,33.9,92.5,15.8,57.300000000000004,99.9,240.0,2902.0,1.35,36.85,14.97,7.04,36.07,29.0,1.0,239.0,1200.0
105602.124,19202.124,140.0,90.9,22.67,16.04,173.0,33.45,152.4,28.96,33.33,34.0,93.5,15.75,56.7,99.4,235.5,2897.0,1.41,36.800000000000004,15.0,6.94,36.01,28.900000000000002,3.0,240.0,1200.0
105662.123,19262.123,140.0,92.60000000000001,22.66,15.99,172.5,33.45,151.20000000000002,29.02,33.27,34.050000000000004,91.5,15.65,57.0,99.7,238.5,2901.0,1.42,36.9,15.08,7.05,36.03,29.07,1.0,244.0,1200.0
105722.123,19322.123,140.0,89.9,22.73,16.05,171.5,33.550000000000004,150.70000000000002,28.97,33.25,33.95,93.0,15.75,57.2,100.0,239.5,2902.0,1.36,36.9,15.02,7.05,35.980000000000004,28.98,0.0,243.5,1200.0
105782.122,19382.122,140.0,91.5,22.72,16.02,172.0,33.5,151.70000000000002,28.98,33.34,33.95,92.5,15.8,57.400000000000006,100.0,236.0,2900.0,1.49,36.9,14.96,6.99,36.12,28.97,3.0,242.5,1200.0
105842.122,19442.122,140.0,91.9,22.62,16.0,171.5,33.45,152.20000000000002,29.09,33.3,33.95,92.5,15.75,57.6,100.0,241.5,2900.0,1.51,36.9,14.96,6.99,35.97,28.97,0.0,236.0,1200.0
105902.121,19502.121,140.0,90.30000000000001,22.63,16.0,171.0,33.5,151.20000000000002,29.060000000000002,33.32,34.0,92.0,15.700000000000001,56.900000000000006,100.0,242.5,2895.0,1.44,36.85,14.93,7.03,35.99,29.080000000000002,0.0,238.5,1200.0
105962.121,19562.121,140.0,89.80000000000001,22.62,16.01,173.0,33.4,152.20000000000002,29.07,33.32,33.800000000000004,93.5,15.75,56.900000000000006,100.0,236.0,2902.0,1.36,36.800000000000004,15.09,6.97,36.04,29.05,0.0,242.5,1200.0
106022.12,19622.12,140.0,90.30000000000001,22.64,16.03,173.5,33.6,151.20000000000002,28.97,33.4,34.0,91.5,15.700000000000001,57.300000000000004,100.0,240.5,2895.0,1.43,36.75,14.98,7.04,35.96,28.98,0.0,242.0,1200.0
106082.12,19682.12,140.0,89.4,22.61,16.0,171.5,33.45,152.3,29.04,33.22,33.9,91.5,15.65,57.400000000000006,100.0,240.5,2896.0,1.31,36.75,15.01,6.95,36.03,28.98,0.0,235.5,1200.0
106142.119,19742.119,140.0,90.7,22.580000000000002,15.950000000000001,174.0,33.4,151.9,29.05,33.31,33.95,91.0,15.600000000000001,57.2,100.0,242.0,2898.0,1.49,36.85,14.96,6.98,35.980000000000004,29.04,1.0,239.0,1200.0
106202.119,19802.119,140.0,89.60000000000001,22.650000000000002,15.950000000000001,173.0,33.5,151.5,28.98,33.31,33.95,91.5,15.600000000000001,56.900000000000006,100.0,238.5,2893.0,1.3900000000000001,36.85,14.97,7.01,35.96,29.01,1.0,239.0,1200.0
106262.118,19862.118,140.0,91.10000000000001,22.56,15.96,174.0,33.550000000000004,150.6,29.0,33.28,34.0,93.5,15.75,57.1,100.0,242.0,2899.0,1.6300000000000001,36.800000000000004,14.96,6.97,35.97,29.03,1.0,242.0,1200.0
106322.118,19922.118,140.0,90.7,22.63,15.94,171.0,33.6,152.1,29.080000000000002,33.31,34.050000000000004,94.0,15.700000000000001,57.1,100.0,240.0,2888.0,1.4000000000000001,36.85,14.94,7.01,35.980000000000004,28.98,0.0,239.5,1200.0
106382.117,19982.117,140.0,90.10000000000001,22.57,15.97,172.5,33.5,151.0,28.990000000000002,33.28,34.1,93.5,15.55,56.300000000000004,100.0,231.5,2897.0,1.23,36.65,15.06,7.09,36.17,29.07,1.0,241.0,1200.0
106442.117,20042.117,140.0,89.9,22.64,15.99,173.5,33.6,150.8,29.05,33.34,33.9,94.5,15.850000000000001,56.6,99.9,239.5,2896.0,1.32,36.9,14.96,6.98,36.03,29.09,0.0,237.5,1200.0
106502.116,20102.116,140.0,92.0,22.6,15.98,171.0,33.6,150.1,29.060000000000002,33.33,33.95,92.5,15.700000000000001,56.7,100.0,239.0,2895.0,1.4000000000000001,36.85,15.07,7.03,35.97,28.91,0.0,242.0,1200.0
106562.116,20162.116,140.0,91.5,22.64,15.96,170.5,33.5,151.3,29.05,33.35,33.95,92.0,15.8,56.6,99.4,239.5,2895.0,1.3900000000000001,36.65,15.0,7.05,35.99,29.09,0.0,241.0,1200.0
106622.115,20222.115,140.0,90.4,22.580000000000002,16.03,171.0,33.45,152.1,28.990000000000002,33.37,34.1,92.0,15.75,57.0,100.0,240.5,2904.0,1.31,36.800000000000004,14.950000000000001,6.98,35.910000000000004,28.96,0.0,241.5,1200.0
106682.115,20282.115,140.0,90.9,22.66,15.99,174.5,33.45,149.20000000000002,29.060000000000002,33.3,34.0,93.0,15.8,57.0,99.9,237.5,2900.0,1.49,36.75,14.94,6.94,36.07,28.98,0.0,238.5,1200.0
106742.114,20342.114,140.0,90.2,22.61,16.02,174.0,33.5,152.9,29.04,33.37,34.1,93.5,15.75,56.7,99.7,240.5,2897.0,1.47,36.9,15.120000000000001,7.0,36.04,28.990000000000002,1.0,236.5,1200.0
106802.114,20402.114,140.0,90.30000000000001,22.57,16.01,173.0,33.550000000000004,152.4,29.060000000000002,33.37,34.050000000000004,93.5,15.8,57.0,100.0,238.5,2902.0,1.5,36.7,14.99,7.08,36.06,29.12,4.0,239.5,1200.0
106862.113,20462.113,140.0,90.10000000000001,22.59,16.03,172.5,33.7,151.0,29.11,33.34,34.050000000000004,95.0,15.8,57.1,99.9,241.5,2901.0,1.33,36.9,15.02,6.96,35.97,28.94,0.0,238.0,1200.0
106922.113,20522.113,140.0,91.0,22.61,16.01,171.5,33.550000000000004,153.1,29.05,33.33,33.9,89.5,15.65,56.400000000000006,100.0,241.0,2895.0,1.35,36.85,14.98,7.0600000000000005,36.04,28.990000000000002,1.0,240.5,1200.0
106982.112,20582.112,140.0,91.60000000000001,22.62,16.03,171.5,33.550000000000004,149.9,29.07,33.31,33.95,95.0,15.700000000000001,57.0,100.0,242.0,2896.0,1.51,36.75,15.030000000000001,6.99,36.04,29.01,1.0,242.0,1200.0
107042.112,20642.112,140.0,90.60000000000001,22.66,16.02,173.0,33.6,151.0,29.05,33.32,33.95,92.5,15.850000000000001,56.900000000000006,99.9,241.0,2901.0,1.42,36.800000000000004,15.0,7.0200000000000005,36.06,29.01,0.0,238.0,1200.0
107102.111,20702.111,140.0,91.60000000000001,22.61,16.02,173.0,33.35,151.3,28.97,33.4,34.0,93.0,15.75,56.900000000000006,99.80000000000001,239.0,2902.0,1.36,36.800000000000004,14.950000000000001,7.04,36.07,29.11,0.0,238.0,1200.0
107162.111,20762.111,140.0,89.80000000000001,22.56,15.96,171.0,33.4,151.20000000000002,29.05,33.32,33.85,93.0,15.700000000000001,57.0,99.7,242.0,2895.0,1.36,36.9,14.99,7.01,35.97,29.03,0.0,241.5,1200.0
107222.11,20822.11,140.0,90.10000000000001,22.6,15.97,172.5,33.45,149.6,29.07,33.230000000000004,33.95,93.0,15.65,56.300000000000004,99.7,237.5,2896.0,1.5,36.800000000000004,15.040000000000001,7.0600000000000005,35.96,29.14,4.0,239.0,1200.0
107282.11,20882.11,140.0,91.4,22.6,15.99,171.0,33.4,151.70000000000002,29.04,33.29,33.95,93.5,15.65,56.6,99.5,239.5,2899.0,1.23,36.7,14.99,7.01,35.980000000000004,28.95,1.0,243.5,1200.0
107342.109,20942.109,140.0,90.9,22.67,16.0,173.0,33.5,152.5,29.060000000000002,33.38,34.0,90.5,15.8,56.5,100.0,239.5,2893.0,1.51,36.7,15.01,7.0200000000000005,35.96,29.03,1.0,241.5,1200.0
107402.109,21002.109,140.0,92.30000000000001,22.55,16.05,173.0,33.6,151.5,29.03,33.22,33.85,91.5,15.75,56.1,99.80000000000001,235.5,2898.0,1.46,36.800000000000004,14.96,7.0200000000000005,36.01,29.01,1.0,238.5,1200.0
107462.108,21062.108,140.0,90.0,22.6,15.96,172.5,33.550000000000004,151.0,28.990000000000002,33.3,34.15,93.5,15.75,56.6,100.0,239.5,2903.0,1.48,36.75,15.06,6.96,36.0,28.92,0.0,240.0,1200.0
107522.108,21122.108,140.0,92.0,22.580000000000002,15.97,171.0,33.65,149.5,29.080000000000002,33.28,33.95,95.0,15.65,56.6,99.60000000000001,240.0,2895.0,1.47,36.75,15.030000000000001,7.01,36.01,29.02,1.0,241.5,1200.0
107582.108,21182.108,140.0,92.7,22.59,15.99,174.5,33.7,150.8,29.02,33.33,34.0,91.5,15.700000000000001,56.6,99.7,238.0,2901.0,1.23,36.85,14.99,7.0,36.04,28.990000000000002,0.0,242.0,1200.0
107642.107,21242.107,140.0,91.60000000000001,22.580000000000002,15.93,174.5,33.4,151.70000000000002,28.96,33.27,33.9,91.0,15.75,56.7,99.60000000000001,240.0,2898.0,1.31,36.95,15.02,7.03,35.96,28.98,0.0,239.5,1200.0
107702.107,21302.107,140.0,88.80000000000001,22.59,15.950000000000001,172.5,33.6,150.8,29.04,33.33,33.9,92.0,15.600000000000001,56.900000000000006,100.0,239.5,2895.0,1.45,36.800000000000004,15.02,7.04,35.95,28.92,0.0,241.5,1200.0
107762.106,21362.106,140.0,91.4,22.66,16.01,173.0,33.550000000000004,150.0,29.04,33.29,33.95,92.0,15.75,57.0,100.0,242.0,2898.0,1.54,36.7,15.06,6.98,35.95,28.94,0.0,241.5,1200.0
107822.106,21422.106,140.0,89.80000000000001,22.53,16.05,172.5,33.45,150.6,29.04,33.43,33.9,93.0,15.700000000000001,57.1,100.0,239.0,2899.0,1.4000000000000001,36.75,15.07,7.0600000000000005,36.01,29.1,2.0,239.0,1200.0
107882.105,21482.105,140.0,90.10000000000001,22.650000000000002,16.02,173.0,33.5,150.9,29.0,33.29,33.95,92.0,15.700000000000001,57.1,100.0,238.0,2901.0,1.46,36.800000000000004,15.06,6.94,35.99,29.02,0.0,237.5,1200.0
107942.105,21542.105,140.0,89.80000000000001,22.62,15.96,171.5,33.6,151.0,29.09,33.35,34.0,91.5,15.75,56.900000000000006,99.7,237.0,2904.0,1.29,36.6,15.06,7.01,36.01,29.02,3.0,243.5,1200.0
108002.104,21602.104,140.0,90.10000000000001,22.59,16.080000000000002,173.0,33.550000000000004,151.1,29.16,33.3,34.0,91.5,15.700000000000001,57.300000000000004,99.80000000000001,235.5,2900.0,1.48,36.85,14.94,7.0,35.95,28.97,0.0,240.5,1200.0
108062.104,21662.104,140.0,89.80000000000001,22.61,16.02,174.5,33.550000000000004,149.4,29.07,33.28,33.9,92.5,15.75,56.5,100.0,241.5,2904.0,1.1500000000000001,36.9,15.120000000000001,7.0,35.99,29.0,0.0,234.0,1200.0
108122.103,21722.103,140.0,92.10000000000001,22.63,16.05,171.5,33.6,150.6,29.060000000000002,33.37,33.800000000000004,91.5,15.850000000000001,57.400000000000006,99.60000000000001,235.5,2897.0,1.37,36.800000000000004,15.02,6.99,35.94,28.93,1.0,243.5,1200.0
108182.103,21782.103,140.0,90.9,22.67,16.04,171.5,33.5,152.70000000000002,29.0,33.32,33.85,91.0,15.850000000000001,57.1,99.9,239.0,2903.0,1.42,36.75,15.040000000000001,6.97,36.07,29.03,1.0,239.0,1200.0
108242.103,21842.103,140.0,91.4,22.71,15.98,173.5,33.550000000000004,153.70000000000002,29.04,33.33,33.9,92.5,15.75,56.900000000000006,99.7,237.5,2898.0,1.35,36.75,14.92,6.99,36.03,28.96,1.0,239.5,1200.0
108302.102,21902.102,140.0,91.10000000000001,22.68,15.97,171.5,33.5,150.70000000000002,29.0,33.36,33.800000000000004,92.5,15.700000000000001,57.900000000000006,99.7,243.0,2898.0,1.33,36.85,15.05,7.0600000000000005,36.01,28.96,2.0,238.0,1200.0
108362.102,21962.102,140.0,90.60000000000001,22.64,16.02,171.0,33.5,151.5,29.060000000000002,33.21,33.85,93.0,15.700000000000001,57.300000000000004,100.0,243.5,2895.0,1.37,36.800000000000004,15.01,6.96,35.96,29.0,0.0,238.5,1200.0
108422.101,22022.101,140.0,91.4,22.650000000000002,15.91,171.5,33.550000000000004,151.9,28.85,33.3,33.75,94.0,15.8,56.900000000000006,99.80000000000001,242.5,2901.0,1.61,36.85,14.99,7.05,36.0,28.990000000000002,0.0,240.0,1200.0
108482.101,22082.101,140.0,91.60000000000001,22.71,15.98,172.5,33.4,150.3,28.95,33.35,33.95,94.0,15.75,56.800000000000004,99.9,239.5,2902.0,1.45,36.800000000000004,15.02,7.0200000000000005,35.96,29.01,0.0,244.5,1200.0
108542.1,22142.1,140.0,91.5,22.69,15.99,172.0,33.45,152.1,28.95,33.18,33.75,91.5,15.700000000000001,57.900000000000006,100.0,241.0,2895.0,1.3,36.75,14.98,7.03,35.95,28.98,0.0,243.5,1200.0
108602.1,22202.1,140.0,91.10000000000001,22.77,15.98,172.5,33.45,152.0,28.97,33.160000000000004,33.75,93.0,15.75,57.7,99.7,241.0,2900.0,1.51,36.7,14.950000000000001,6.96,35.96,29.0,1.0,246.5,1200.0
108662.1,22262.1,140.0,92.4,22.7,16.02,171.0,33.550000000000004,152.5,28.85,33.2,33.85,93.0,15.9,57.400000000000006,100.0,243.0,2895.0,1.43,36.85,15.040000000000001,7.07,36.03,29.05,0.0,242.0,1200.0
108722.099,22322.099,140.0,91.2,22.72,16.080000000000002,174.5,33.5,152.1,28.79,33.2,33.7,94.5,15.75,58.0,99.80000000000001,239.5,2892.0,1.31,36.75,14.99,6.95,35.96,29.04,2.0,235.5,1200.0
108782.099,22382.099,140.0,90.9,22.62,15.950000000000001,172.0,33.300000000000004,150.1,28.75,33.15,33.800000000000004,91.0,15.850000000000001,57.5,100.0,242.5,2894.0,1.37,36.65,15.01,7.04,35.99,28.990000000000002,1.0,237.0,1200.0
108842.098,22442.098,140.0,90.80000000000001,22.59,16.03,173.5,33.4,151.4,28.86,33.28,33.800000000000004,94.0,15.65,57.6,100.0,236.0,2894.0,1.41,36.9,14.98,7.0600000000000005,35.89,29.07,0.0,240.5,1200.0
108902.098,22502.098,140.0,90.5,22.7,16.02,172.0,33.5,152.1,28.92,33.13,33.800000000000004,93.5,15.8,57.800000000000004,99.60000000000001,240.5,2893.0,1.45,36.7,15.0,6.96,35.99,29.07,0.0,235.0,1200.0
108962.097,22562.097,140.0,91.60000000000001,22.66,15.97,171.5,33.6,150.9,28.88,33.13,33.5,92.0,15.700000000000001,57.400000000000006,100.0,241.5,2893.0,1.3,36.75,14.96,6.99,36.02,28.96,4.0,238.0,1200.0
109022.097,22622.097,140.0,91.10000000000001,22.61,15.94,170.0,33.35,151.8,28.85,33.1,33.7,94.0,15.75,57.2,99.7,242.5,2892.0,1.5,36.65,15.05,6.93,36.04,28.96,0.0,242.5,1200.0
109082.097,22682.097,140.0,91.2,22.62,16.03,170.5,33.4,152.0,28.88,33.15,33.65,91.5,15.700000000000001,57.2,100.0,239.5,2895.0,1.35,36.9,14.950000000000001,6.98,36.01,29.03,0.0,238.5,1200.0
109142.096,22742.096,140.0,90.2,22.68,15.97,169.5,33.25,150.6,28.900000000000002,33.160000000000004,33.65,93.5,15.75,57.900000000000006,100.0,239.0,2887.0,1.43,36.75,15.01,6.94,36.13,28.97,0.0,239.5,1200.0
109202.096,22802.096,140.0,91.0,22.63,15.94,172.0,33.25,150.9,28.79,33.18,33.75,93.0,15.700000000000001,57.1,100.0,240.0,2892.0,1.3800000000000001,36.9,14.96,6.93,35.92,28.98,0.0,241.0,1200.0
109262.095,22862.095,140.0,91.60000000000001,22.63,16.0,172.0,33.300000000000004,152.3,28.76,33.13,33.75,93.5,15.700000000000001,57.400000000000006,100.0,234.5,2884.0,1.29,36.65,14.93,6.93,36.02,29.02,1.0,234.0,1200.0
109322.095,22922.095,140.0,92.10000000000001,22.740000000000002,16.03,170.5,33.35,151.4,28.84,33.17,33.6,95.0,15.75,56.800000000000004,100.0,235.5,2887.0,1.45,36.7,15.05,6.96,36.07,28.95,0.0,238.0,1200.0
109382.095,22982.095,140.0,91.80000000000001,22.68,15.99,169.5,33.2,154.3,28.86,33.06,33.65,93.0,15.75,57.1,100.0,242.5,2886.0,1.3900000000000001,36.75,14.97,7.0,35.99,28.97,0.0,238.0,1200.0
109442.094,23042.094,140.0,91.5,22.72,16.01,171.5,33.4,152.0,28.85,33.08,33.800000000000004,93.5,15.75,57.400000000000006,100.0,234.5,2886.0,1.27,36.7,15.08,7.0,35.97,29.14,2.0,234.0,1200.0
109502.094,23102.094,140.0,91.7,22.69,15.98,168.0,33.4,150.6,28.85,33.12,33.75,92.5,15.65,57.300000000000004,99.7,241.0,2887.0,1.44,36.75,15.05,7.04,35.99,28.89,0.0,236.0,1200.0
109562.093,23162.093,140.0,90.4,22.66,15.99,172.0,33.35,151.1,28.82,33.19,33.800000000000004,93.5,15.850000000000001,57.300000000000004,100.0,236.0,2887.0,1.37,36.65,14.98,6.98,36.07,29.04,1.0,238.5,1200.0
109622.093,23222.093,140.0,90.4,22.650000000000002,16.03,171.0,33.300000000000004,150.4,28.900000000000002,33.15,33.800000000000004,94.5,15.600000000000001,57.0,99.9,241.5,2890.0,1.42,36.75,15.040000000000001,6.98,35.97,29.01,1.0,239.0,1200.0
109682.093,23282.093,140.0,90.7,22.68,15.96,171.5,33.45,149.6,28.84,33.08,33.800000000000004,92.0,15.600000000000001,57.5,100.0,237.5,2884.0,1.47,36.550000000000004,15.0,6.97,35.89,28.98,0.0,236.5,1200.0
109742.092,23342.092,140.0,90.10000000000001,22.67,15.97,171.5,33.4,151.5,28.89,33.25,33.75,92.0,15.600000000000001,57.5,100.0,238.5,2885.0,1.41,36.65,15.02,7.0600000000000005,35.95,29.01,0.0,239.0,1200.0
109802.092,23402.092,140.0,90.80000000000001,22.62,16.05,170.5,33.4,149.6,28.740000000000002,33.15,33.85,94.0,15.700000000000001,57.6,99.60000000000001,241.0,2891.0,1.43,36.45,14.96,6.99,35.99,28.96,1.0,236.5,1200.0
109862.091,23462.091,140.0,92.7,22.6,15.950000000000001,173.5,33.35,151.1,28.91,33.11,33.75,94.0,15.65,57.5,100.0,242.0,2889.0,1.43,36.65,15.05,6.98,35.96,29.01,1.0,243.0,1200.0
109922.091,23522.091,140.0,90.10000000000001,22.64,16.06,170.0,33.35,150.8,28.93,33.19,33.7,92.0,15.65,57.400000000000006,100.0,239.5,2892.0,1.41,36.85,14.93,7.0,36.12,29.01,0.0,241.0,1200.0
109982.091,23582.091,140.0,90.2,22.66,16.02,172.5,33.6,152.9,28.94,33.160000000000004,34.050000000000004,93.5,15.75,57.6,100.0,241.0,2895.0,1.47,36.65,15.01,6.97,36.0,29.01,0.0,242.5,1200.0
110042.09,23642.09,140.0,90.30000000000001,22.7,16.02,170.0,33.45,151.8,28.900000000000002,33.25,33.800000000000004,94.0,15.600000000000001,57.7,99.80000000000001,242.5,2893.0,1.21,36.65,15.030000000000001,6.92,35.87,28.900000000000002,0.0,237.5,1200.0
110102.09,23702.09,140.0,91.60000000000001,22.64,15.96,172.0,33.45,151.6,28.89,33.12,33.800000000000004,93.5,15.8,57.900000000000006,99.9,239.5,2892.0,1.48,36.800000000000004,15.0,7.0200000000000005,35.92,28.94,0.0,240.0,1200.0
110162.09,23762.09,140.0,89.9,22.68,15.98,173.0,33.45,151.3,28.87,33.14,33.85,92.5,15.8,58.0,100.0,243.5,2893.0,1.55,36.7,15.030000000000001,6.98,36.04,29.0,0.0,244.5,1200.0
110222.089,23822.089,140.0,91.9,22.73,16.1,173.0,33.4,150.70000000000002,28.92,33.160000000000004,33.800000000000004,91.5,15.65,58.1,100.0,236.5,2892.0,1.33,36.65,15.07,6.95,35.97,29.04,0.0,244.0,1200.0
110282.089,23882.089,140.0,91.0,22.67,15.94,171.0,33.300000000000004,152.70000000000002,28.97,33.24,33.800000000000004,92.5,15.8,57.5,99.80000000000001,241.5,2893.0,1.3800000000000001,36.800000000000004,14.99,6.96,36.02,28.95,0.0,240.0,1200.0
110342.088,23942.088,140.0,91.10000000000001,22.650000000000002,16.02,170.5,33.5,151.0,28.810000000000002,33.18,33.800000000000004,92.0,15.75,57.1,100.0,237.5,2897.0,1.36,36.7,15.08,7.01,35.97,29.03,0.0,241.0,1200.0
110402.088,24002.088,140.0,90.2,22.71,16.01,172.5,33.35,150.8,28.91,33.09,33.800000000000004,92.0,15.65,57.5,100.0,240.5,2888.0,1.42,36.7,14.98,7.07,35.94,28.97,0.0,241.0,1200.0
110462.088,24062.088,140.0,92.60000000000001,22.67,16.01,171.0,33.25,152.0,28.97,33.22,33.75,92.5,15.65,58.400000000000006,100.0,243.0,2888.0,1.52,36.85,15.030000000000001,7.03,35.97,28.84,1.0,240.0,1200.0
110522.087,24122.087,140.0,91.9,22.72,15.97,170.5,33.550000000000004,152.3,28.89,33.25,33.75,93.5,15.600000000000001,57.400000000000006,100.0,243.5,2896.0,1.45,36.85,14.96,7.01,36.0,28.97,1.0,243.5,1200.0
110582.087,24182.087,140.0,91.10000000000001,22.73,16.01,169.5,33.550000000000004,152.1,28.97,33.3,33.75,89.5,15.8,57.0,100.0,245.0,2893.0,1.35,36.7,14.96,7.0600000000000005,36.02,29.060000000000002,0.0,234.0,1200.0
110642.087,24242.087,140.0,90.4,22.66,16.01,172.5,33.45,151.4,28.900000000000002,33.26,33.85,92.0,15.75,57.1,99.60000000000001,240.5,2891.0,1.35,36.550000000000004,15.05,6.95,35.980000000000004,29.01,0.0,241.0,1200.0
110702.086,24302.086,140.0,90.9,22.71,16.02,171.0,33.550000000000004,150.5,28.92,33.24,33.800000000000004,93.5,15.700000000000001,57.7,100.0,238.0,2896.0,1.22,36.75,14.97,6.97,35.97,29.03,1.0,240.0,1200.0
110762.086,24362.086,140.0,91.10000000000001,22.69,16.0,172.5,33.45,151.3,28.91,33.2,33.85,93.0,15.75,57.0,99.5,238.0,2900.0,1.3,36.75,15.05,6.97,36.0,28.91,0.0,238.0,1200.0
110822.085,24422.085,140.0,89.4,22.71,15.97,170.5,33.35,151.5,28.900000000000002,33.28,33.800000000000004,92.0,15.850000000000001,57.1,100.0,243.5,2898.0,1.21,36.800000000000004,14.93,7.05,35.910000000000004,29.1,1.0,240.5,1200.0
110882.085,24482.085,140.0,91.60000000000001,22.580000000000002,15.99,173.5,33.4,151.1,28.98,33.230000000000004,33.95,91.5,15.8,57.5,99.9,240.5,2899.0,1.49,36.75,15.05,7.07,36.0,28.98,1.0,247.5,1200.0
110942.085,24542.085,140.0,91.9,22.66,15.98,173.0,33.550000000000004,151.70000000000002,28.94,33.230000000000004,34.0,91.5,15.700000000000001,57.2,100.0,242.0,2896.0,1.46,36.7,15.01,7.0,36.02,28.95,0.0,243.0,1200.0
111002.084,24602.084,140.0,91.9,22.57,15.94,172.0,33.550000000000004,150.0,29.01,33.230000000000004,33.9,91.5,15.65,56.900000000000006,99.30000000000001,242.5,2895.0,1.51,36.7,15.02,7.0200000000000005,35.95,28.93,2.0,238.5,1200.0
111062.084,24662.084,140.0,90.4,22.67,15.99,172.0,33.5,152.8,29.01,33.29,33.75,91.0,15.8,57.400000000000006,99.30000000000001,243.0,2900.0,1.3800000000000001,36.75,14.950000000000001,6.98,35.980000000000004,28.94,0.0,241.5,1200.0
111122.084,24722.084,140.0,90.9,22.63,15.94,171.0,33.45,152.0,29.07,33.21,33.9,94.0,15.65,57.6,100.0,240.0,2896.0,1.44,36.800000000000004,15.01,7.01,35.93,29.1,0.0,240.5,1200.0
111182.083,24782.083,140.0,90.7,22.71,16.04,173.0,33.6,150.5,28.97,33.36,33.95,93.0,15.75,56.6,99.60000000000001,240.5,2897.0,1.57,36.800000000000004,14.94,7.04,35.88,28.97,3.0,238.0,1200.0
111242.083,24842.083,140.0,91.9,22.740000000000002,15.99,171.0,33.5,152.0,28.91,33.3,33.75,93.0,15.950000000000001,57.300000000000004,100.0,242.0,2898.0,1.31,36.75,15.06,7.03,36.07,28.97,0.0,243.5,1200.0
111302.083,24902.083,140.0,90.9,22.69,15.950000000000001,171.0,33.35,153.3,28.96,33.3,33.95,92.0,15.75,57.300000000000004,99.9,241.0,2900.0,1.46,36.75,15.01,6.890000000000001,36.02,29.09,0.0,238.5,1200.0
111362.082,24962.082,140.0,89.2,22.63,16.02,171.5,33.45,150.9,29.07,33.24,34.0,90.5,15.8,57.800000000000004,100.0,243.5,2905.0,1.43,36.85,14.950000000000001,7.03,36.14,28.98,2.0,246.0,1200.0
111422.082,25022.082,140.0,93.0,22.77,16.0,173.5,33.6,151.5,28.98,33.13,33.85,93.5,15.700000000000001,57.6,100.0,239.5,2901.0,1.4000000000000001,36.85,15.01,7.01,36.03,29.09,0.0,238.5,1200.0
111482.081,25082.081,140.0,90.2,22.68,15.99,171.0,33.65,149.8,29.01,33.3,33.85,93.5,15.600000000000001,57.300000000000004,99.80000000000001,242.0,2903.0,1.24,36.7,14.98,6.99,35.99,29.03,0.0,240.0,1200.0
111542.081,25142.081,140.0,90.7,22.66,16.0,173.0,33.550000000000004,151.6,28.97,33.38,33.95,92.5,15.700000000000001,57.5,100.0,239.5,2900.0,1.36,36.85,14.99,6.96,35.97,28.94,0.0,239.0,1200.0
111602.081,25202.081,140.0,91.80000000000001,22.7,16.06,173.0,33.5,150.9,29.09,33.31,33.9,92.0,15.700000000000001,57.6,100.0,241.0,2898.0,1.3800000000000001,36.800000000000004,15.08,7.04,36.06,28.94,2.0,240.0,1200.0
111662.08,25262.08,140.0,91.0,22.68,15.98,173.5,33.6,152.9,28.92,33.33,33.800000000000004,91.5,15.75,57.2,99.7,242.0,2900.0,1.46,36.95,15.01,7.0,36.03,28.990000000000002,2.0,242.5,1200.0
111722.08,25322.08,140.0,90.2,22.740000000000002,16.0,173.0,33.65,151.70000000000002,29.0,33.3,33.9,93.0,15.5,56.800000000000004,99.60000000000001,242.0,2904.0,1.31,36.800000000000004,14.94,7.0,36.04,29.03,1.0,245.0,1200.0
111782.08,25382.08,140.0,89.2,22.67,15.950000000000001,170.5,33.75,151.70000000000002,29.0,33.34,33.85,94.5,15.600000000000001,57.7,100.0,243.5,2906.0,1.45,36.75,15.040000000000001,6.95,35.96,28.990000000000002,0.0,245.5,1200.0
111842.079,25442.079,140.0,91.30000000000001,22.75,15.950000000000001,172.0,33.45,151.8,29.0,33.36,33.800000000000004,94.0,15.700000000000001,57.400000000000006,99.7,241.5,2902.0,1.34,36.85,15.01,7.0200000000000005,36.01,29.01,0.0,241.0,1200.0
111902.079,25502.079,140.0,91.10000000000001,22.71,15.950000000000001,173.5,33.65,151.8,28.95,33.34,34.0,94.0,15.75,57.300000000000004,99.7,241.0,2900.0,1.43,36.800000000000004,14.97,7.0,36.03,29.0,0.0,241.0,1200.0
111962.079,25562.079,140.0,91.2,22.740000000000002,15.98,171.0,33.300000000000004,151.1,28.990000000000002,33.31,33.9,93.5,15.850000000000001,57.6,100.0,243.0,2901.0,1.43,36.85,15.01,7.01,36.0,28.98,0.0,241.0,1200.0
112022.078,25622.078,140.0,90.80000000000001,22.71,16.05,174.0,33.5,152.8,28.92,33.33,33.85,94.5,15.75,57.7,99.80000000000001,242.5,2899.0,1.36,36.95,15.01,6.98,36.04,28.900000000000002,2.0,244.5,1200.0
112082.078,25682.078,140.0,91.9,22.71,16.07,171.5,33.5,151.3,28.91,33.28,33.9,92.5,15.75,57.400000000000006,99.5,239.5,2905.0,1.34,36.9,15.01,6.91,36.07,29.04,0.0,240.5,1200.0
112142.078,25742.078,140.0,92.0,22.71,15.99,170.5,33.7,152.6,28.87,33.35,33.85,91.5,15.55,57.5,100.0,241.0,2895.0,1.27,36.7,14.97,7.04,36.03,28.990000000000002,1.0,244.5,1200.0
112202.077,25802.077,140.0,91.10000000000001,22.69,16.05,172.0,33.45,150.9,28.87,33.3,33.95,94.0,15.600000000000001,57.7,100.0,241.5,2900.0,1.17,36.7,15.02,7.01,36.04,29.0,0.0,244.0,1200.0
112262.077,25862.077,140.0,90.4,22.68,16.06,172.5,33.45,151.5,28.85,33.24,33.85,92.0,15.700000000000001,57.6,100.0,242.5,2900.0,1.19,36.800000000000004,14.97,6.97,35.99,29.0,0.0,241.5,1200.0
112322.077,25922.077,140.0,90.7,22.7,16.01,173.0,33.35,151.70000000000002,28.88,33.14,33.9,92.0,15.700000000000001,57.6,99.7,245.5,2896.0,1.33,36.7,15.02,6.91,36.0,28.97,2.0,240.0,1200.0
112382.076,25982.076,140.0,90.4,22.7,16.01,173.5,33.5,150.4,28.900000000000002,33.26,33.85,93.0,15.75,58.1,100.0,244.5,2899.0,1.32,36.75,15.05,7.04,36.0,29.01,2.0,240.5,1200.0
112442.076,26042.076,140.0,92.9,22.72,15.99,173.0,33.5,152.4,28.900000000000002,33.160000000000004,33.800000000000004,91.0,15.75,57.800000000000004,99.9,239.0,2894.0,1.27,36.7,14.950000000000001,6.95,36.01,28.98,1.0,238.0,1200.0
112502.076,26102.076,140.0,91.10000000000001,22.68,15.94,169.5,33.35,151.9,28.87,33.22,33.800000000000004,91.0,15.75,57.300000000000004,100.0,236.5,2891.0,1.41,36.75,14.99,7.0,36.01,29.03,0.0,240.5,1200.0
112562.075,26162.075,140.0,91.30000000000001,22.71,16.01,170.0,33.300000000000004,152.3,28.87,33.22,33.800000000000004,94.5,15.600000000000001,57.400000000000006,99.7,243.0,2895.0,1.28,36.95,15.05,7.03,36.02,29.04,0.0,239.0,1200.0
112622.075,26222.075,140.0,90.4,22.69,16.03,173.0,33.5,150.3,28.900000000000002,33.17,33.65,93.0,15.700000000000001,57.6,100.0,234.0,2895.0,1.42,36.800000000000004,14.92,6.99,35.9,29.0,0.0,239.5,1200.0
112682.075,26282.075,140.0,91.30000000000001,22.73,15.99,170.5,33.45,151.70000000000002,28.77,33.13,33.7,93.0,15.700000000000001,57.6,100.0,241.0,2894.0,1.29,36.9,15.0,7.0200000000000005,36.01,29.04,1.0,246.0,1200.0
112742.074,26342.074,140.0,91.5,22.650000000000002,16.09,169.0,33.5,151.0,28.77,33.14,33.550000000000004,93.0,15.850000000000001,57.6,100.0,240.0,2890.0,1.3900000000000001,36.800000000000004,15.02,7.01,35.99,29.01,0.0,240.5,1200.0
112802.074,26402.074,140.0,90.30000000000001,22.72,16.0,171.5,33.35,152.4,28.810000000000002,33.07,33.800000000000004,94.0,15.75,58.2,99.80000000000001,240.0,2891.0,1.44,36.75,15.06,6.98,35.95,28.97,0.0,237.5,1200.0
112862.074,26462.074,140.0,90.80000000000001,22.72,16.01,170.0,33.4,150.9,28.77,33.19,33.75,92.0,15.950000000000001,58.0,99.7,239.0,2882.0,1.32,36.75,14.98,6.97,35.980000000000004,29.0,0.0,241.0,1200.0
112922.073,26522.073,140.0,90.5,22.72,16.01,172.0,33.2,150.70000000000002,28.86,33.1,33.75,91.5,15.700000000000001,57.400000000000006,99.9,240.5,2895.0,1.34,36.75,15.06,7.03,36.0,29.05,0.0,228.0,1200.0
112982.073,26582.073,140.0,88.9,22.79,16.05,173.0,33.300000000000004,151.8,28.85,33.17,33.65,93.5,15.75,58.0,100.0,234.0,2892.0,1.46,36.6,15.01,6.96,35.99,29.1,0.0,239.0,1200.0
113042.073,26642.073,140.0,91.9,22.62,15.99,171.0,33.4,150.5,28.810000000000002,33.12,33.7,93.0,15.75,57.900000000000006,100.0,238.0,2890.0,1.41,36.75,15.08,7.04,36.050000000000004,28.86,2.0,240.0,1200.0
113102.073,26702.073,140.0,92.0,22.67,15.99,171.5,33.300000000000004,150.8,28.71,33.09,33.6,92.5,15.700000000000001,58.0,100.0,245.5,2883.0,1.41,36.75,15.01,7.0,35.99,28.95,2.0,238.0,1200.0
113162.072,26762.072,140.0,91.5,22.69,15.98,170.5,33.300000000000004,150.8,28.650000000000002,33.02,33.65,92.0,15.9,57.2,100.0,241.5,2884.0,1.36,36.75,14.950000000000001,6.98,35.96,28.94,0.0,242.0,1200.0
113222.072,26822.072,140.0,92.5,22.67,16.01,171.0,33.300000000000004,150.8,28.73,33.01,33.6,88.5,15.700000000000001,57.5,100.0,234.5,2884.0,1.42,36.75,15.05,7.07,35.980000000000004,29.080000000000002,0.0,240.0,1200.0
113282.072,26882.072,140.0,89.0,22.71,15.97,170.0,33.300000000000004,150.3,28.71,33.12,33.5,92.5,15.700000000000001,58.300000000000004,100.0,236.0,2878.0,1.3800000000000001,36.6,15.05,6.94,36.01,29.02,2.0,239.5,1200.0
113342.071,26942.071,140.0,90.9,22.73,15.98,171.5,33.300000000000004,151.9,28.75,33.01,33.75,92.5,15.75,57.300000000000004,99.60000000000001,239.5,2885.0,1.4000000000000001,36.6,14.99,7.1000000000000005,36.06,29.02,3.0,240.5,1200.0
113402.071,27002.071,140.0,89.9,22.72,16.02,170.0,33.2,152.5,28.740000000000002,33.04,33.65,93.0,15.700000000000001,57.5,100.0,239.5,2883.0,1.41,36.550000000000004,15.0,6.96,36.07,28.95,0.0,239.0,1200.0
113462.071,27062.071,140.0,92.80000000000001,22.6,16.05,170.0,33.15,151.8,28.69,33.0,33.7,92.0,15.9,57.800000000000004,99.7,239.5,2882.0,1.29,36.5,15.02,7.05,35.93,28.96,0.0,238.0,1200.0
113522.07,27122.07,140.0,92.2,22.7,15.92,171.0,33.5,151.5,28.68,33.05,33.7,94.0,15.8,57.400000000000006,100.0,237.0,2884.0,1.33,36.6,15.01,7.0200000000000005,36.08,29.01,1.0,235.0,1200.0
113582.07,27182.07,140.0,89.0,22.71,16.03,170.0,33.35,151.6,28.75,33.06,33.65,93.0,15.75,57.400000000000006,99.7,240.0,2882.0,1.44,36.6,14.96,7.0200000000000005,36.06,28.98,0.0,237.0,1200.0
113642.07,27242.07,140.0,89.0,22.66,16.0,172.5,33.4,149.20000000000002,28.77,33.11,33.75,93.5,15.850000000000001,58.0,100.0,236.0,2885.0,1.41,36.7,14.96,7.05,35.94,29.080000000000002,0.0,241.5,1200.0
113702.069,27302.069,140.0,90.0,22.73,16.0,171.0,33.300000000000004,151.1,28.77,33.13,33.65,92.5,15.75,58.1,99.4,237.5,2880.0,1.28,36.5,14.98,7.0,36.050000000000004,29.0,0.0,240.0,1200.0
113762.069,27362.069,140.0,89.4,22.73,16.0,172.5,33.2,151.3,28.75,33.03,33.7,92.5,15.8,57.6,100.0,238.0,2886.0,1.4000000000000001,36.550000000000004,14.97,6.99,36.09,29.02,0.0,239.0,1200.0
113822.069,27422.069,140.0,89.7,22.66,16.0,172.0,33.35,151.8,28.87,33.18,33.7,92.5,15.65,58.1,99.5,242.5,2891.0,1.33,36.6,14.97,7.01,36.08,28.990000000000002,0.0,240.5,1200.0
113882.068,27482.068,140.0,90.80000000000001,22.67,16.0,169.5,33.300000000000004,151.4,28.75,33.13,33.85,93.0,15.700000000000001,57.800000000000004,100.0,240.5,2882.0,1.24,36.550000000000004,14.93,6.97,36.02,28.96,0.0,241.5,1200.0
113942.068,27542.068,140.0,91.5,22.62,16.03,170.5,33.35,151.8,28.85,33.14,33.85,92.0,15.65,57.900000000000006,100.0,239.0,2887.0,1.57,36.6,15.030000000000001,6.97,36.01,28.94,2.0,240.0,1200.0
114002.068,27602.068,140.0,91.7,22.71,15.94,169.0,33.4,151.9,28.86,33.13,33.7,92.0,15.8,58.0,99.9,235.5,2893.0,1.45,36.6,14.97,7.07,36.0,28.96,1.0,236.5,1200.0
114062.068,27662.068,140.0,90.60000000000001,22.72,16.0,171.0,33.300000000000004,150.1,28.900000000000002,33.12,33.75,93.5,15.65,57.900000000000006,100.0,240.0,2889.0,1.36,36.65,15.040000000000001,7.03,36.0,29.05,0.0,241.0,1200.0
114122.067,27722.067,140.0,91.30000000000001,22.69,15.91,173.0,33.5,151.1,28.84,33.1,33.85,91.5,15.700000000000001,57.900000000000006,99.9,236.5,2887.0,1.3800000000000001,36.550000000000004,15.0,7.01,35.99,29.060000000000002,0.0,241.5,1200.0
114182.067,27782.067,140.0,90.9,22.72,15.97,169.5,33.4,150.70000000000002,28.92,33.11,33.75,91.0,15.8,58.1,99.9,238.0,2888.0,1.4000000000000001,36.65,15.01,6.99,35.96,28.97,0.0,238.5,1200.0
114242.067,27842.067,140.0,91.0,22.7,16.0,172.0,33.25,150.4,28.73,33.160000000000004,33.85,93.0,15.700000000000001,57.5,99.9,239.0,2893.0,1.54,36.6,14.98,7.0,36.1,28.990000000000002,0.0,239.0,1200.0
114302.066,27902.066,140.0,90.9,22.650000000000002,16.03,173.5,33.5,151.6,28.89,33.12,33.800000000000004,94.0,15.8,58.2,100.0,238.5,2894.0,1.36,36.65,14.93,6.96,35.97,28.91,0.0,235.5,1200.0
114362.066,27962.066,140.0,90.7,22.650000000000002,16.0,173.5,33.300000000000004,151.0,28.87,33.15,33.800000000000004,93.0,15.65,58.2,100.0,239.0,2891.0,1.25,36.550000000000004,15.05,7.12,36.050000000000004,29.02,0.0,237.5,1200.0
114422.066,28022.066,140.0,93.5,22.72,16.02,170.5,33.300000000000004,151.8,28.89,33.18,33.75,94.0,15.8,57.5,100.0,242.5,2896.0,1.41,36.7,15.01,6.99,35.92,29.02,1.0,244.0,1200.0
114482.066,28082.066,140.0,91.7,22.71,16.01,172.0,33.5,152.8,28.91,33.22,33.9,92.0,15.65,58.0,100.0,241.0,2895.0,1.34,36.800000000000004,14.93,7.08,36.01,29.09,0.0,240.5,1200.0
114542.065,28142.065,140.0,91.7,22.66,15.97,171.5,33.15,150.6,28.84,33.22,33.85,91.0,15.65,57.400000000000006,99.9,236.5,2892.0,1.46,36.7,14.99,6.96,36.03,29.01,3.0,238.5,1200.0
114602.065,28202.065,140.0,92.5,22.67,15.92,171.5,33.4,151.6,28.85,33.28,33.85,93.5,15.700000000000001,58.1,99.80000000000001,240.0,2893.0,1.32,36.7,15.06,6.91,35.89,28.93,1.0,241.5,1200.0
114662.065,28262.065,140.0,91.2,22.67,16.02,171.0,33.5,149.9,28.900000000000002,33.24,33.95,93.0,15.75,57.400000000000006,99.9,238.0,2894.0,1.33,36.65,14.99,6.97,35.99,28.98,0.0,237.5,1200.0
114722.064,28322.064,140.0,91.60000000000001,22.740000000000002,16.02,171.5,33.45,151.20000000000002,28.900000000000002,33.31,33.85,93.0,15.850000000000001,58.1,99.2,239.0,2898.0,1.58,36.65,15.07,7.0,36.0,28.97,0.0,239.5,1200.0
114782.064,28382.064,140.0,91.5,22.7,16.03,172.0,33.45,152.1,28.96,33.26,33.9,93.0,15.75,57.300000000000004,99.9,240.0,2894.0,1.3900000000000001,36.800000000000004,14.99,6.92,36.0,28.900000000000002,2.0,244.5,1200.0
114842.064,28442.064,140.0,89.7,22.71,16.04,170.5,33.45,152.0,28.93,33.34,33.95,92.0,15.65,57.300000000000004,100.0,239.0,2899.0,1.41,36.65,14.99,6.94,35.910000000000004,29.04,0.0,243.0,1200.0
114902.064,28502.064,140.0,89.80000000000001,22.75,15.99,170.5,33.45,151.4,28.900000000000002,33.230000000000004,33.95,93.5,15.850000000000001,57.400000000000006,99.7,239.5,2898.0,1.56,36.65,14.99,6.99,35.9,28.990000000000002,0.0,241.5,1200.0
114962.063,28562.063,140.0,88.30000000000001,22.650000000000002,16.01,172.0,33.45,149.5,28.900000000000002,33.28,33.800000000000004,92.5,15.700000000000001,57.2,100.0,243.5,2897.0,1.46,36.65,14.99,6.96,35.96,28.93,0.0,246.0,1200.0
115022.063,28622.063,140.0,90.9,22.71,15.98,170.5,33.550000000000004,150.6,28.88,33.26,33.95,94.5,15.600000000000001,57.7,99.7,246.5,2902.0,1.28,36.800000000000004,14.93,7.01,36.01,29.01,1.0,239.0,1200.0
115082.063,28682.063,140.0,91.0,22.7,15.98,170.0,33.6,151.4,28.97,33.38,33.800000000000004,93.5,15.700000000000001,57.7,99.4,239.5,2902.0,1.22,36.85,15.01,6.96,36.04,29.080000000000002,0.0,246.5,1200.0
115142.062,28742.062,140.0,91.80000000000001,22.79,15.97,171.0,33.65,151.20000000000002,29.04,33.25,33.800000000000004,93.0,15.8,57.800000000000004,100.0,243.5,2898.0,1.51,36.9,14.94,6.94,35.92,29.02,0.0,241.5,1200.0
115202.062,28802.062,140.0,91.2,22.64,16.02,172.5,33.6,152.70000000000002,29.04,33.3,33.85,92.5,15.8,57.5,100.0,243.0,2902.0,1.53,36.7,14.99,6.99,36.0,28.95,1.0,245.0,1200.0
115262.062,28862.062,140.0,89.5,22.72,15.950000000000001,172.0,33.5,151.6,28.94,33.31,34.0,93.0,15.65,57.6,99.80000000000001,243.5,2905.0,1.49,36.85,14.96,6.97,36.050000000000004,29.01,1.0,244.5,1200.0
115322.062,28922.062,140.0,91.4,22.68,16.01,173.5,33.75,150.9,29.01,33.36,33.95,91.0,15.8,57.300000000000004,100.0,242.5,2900.0,1.42,36.800000000000004,15.01,6.99,35.910000000000004,29.02,1.0,245.5,1200.0
115382.061,28982.061,140.0,90.4,22.73,15.97,172.0,33.5,150.1,29.05,33.32,33.95,94.5,15.700000000000001,57.2,100.0,240.0,2901.0,1.3800000000000001,36.800000000000004,15.030000000000001,6.99,35.96,29.0,1.0,241.5,1200.0
115442.061,29042.061,140.0,92.60000000000001,22.73,16.04,172.5,33.45,151.70000000000002,29.04,33.32,34.050000000000004,94.0,15.8,57.300000000000004,100.0,241.0,2905.0,1.35,36.85,14.94,7.0,35.94,29.07,2.0,240.5,1200.0
115502.061,29102.061,140.0,92.10000000000001,22.63,16.04,173.5,33.6,151.70000000000002,29.04,33.32,34.0,92.5,15.8,57.400000000000006,100.0,242.5,2906.0,1.53,36.800000000000004,15.02,7.0,35.94,28.94,2.0,242.5,1200.0
115562.06,29162.06,140.0,91.10000000000001,22.69,15.99,173.0,33.5,150.70000000000002,29.0,33.33,34.050000000000004,92.0,15.8,57.800000000000004,100.0,243.5,2902.0,1.3800000000000001,36.85,15.0,6.97,35.99,28.900000000000002,0.0,237.5,1200.0
115622.06,29222.06,140.0,91.0,22.71,15.99,171.5,33.5,151.20000000000002,28.98,33.36,34.1,92.5,15.700000000000001,57.5,100.0,241.5,2904.0,1.45,37.0,14.97,7.0,36.02,28.990000000000002,0.0,242.5,1200.0
115682.06,29282.06,140.0,92.2,22.61,15.98,172.5,33.6,151.5,28.96,33.26,34.0,92.0,15.75,57.7,100.0,245.0,2901.0,1.3900000000000001,36.85,15.030000000000001,7.01,36.02,29.04,0.0,244.0,1200.0
115742.06,29342.06,140.0,90.0,22.650000000000002,15.93,175.5,33.7,150.4,29.05,33.4,33.9,91.5,15.700000000000001,57.7,100.0,244.0,2900.0,1.54,36.75,14.97,7.03,35.980000000000004,29.01,0.0,243.0,1200.0
115802.059,29402.059,140.0,91.30000000000001,22.64,15.94,174.5,33.550000000000004,151.5,29.16,33.31,33.85,92.5,15.75,57.6,100.0,245.0,2901.0,1.47,37.050000000000004,14.96,6.95,35.99,29.01,0.0,239.5,1200.0
115862.059,29462.059,140.0,91.60000000000001,22.56,16.05,173.5,33.5,151.6,29.02,33.35,33.95,93.0,15.700000000000001,57.1,99.4,248.0,2903.0,1.41,36.65,15.0,7.0600000000000005,35.97,28.990000000000002,1.0,239.0,1200.0
115922.059,29522.059,140.0,90.4,22.580000000000002,16.01,171.5,33.5,150.9,29.02,33.32,33.95,91.0,15.75,57.6,99.7,236.0,2898.0,1.21,37.050000000000004,15.040000000000001,6.96,35.95,29.080000000000002,3.0,245.5,1200.0
115982.059,29582.059,140.0,89.9,22.64,15.950000000000001,170.5,33.550000000000004,151.20000000000002,29.02,33.3,33.800000000000004,92.5,15.600000000000001,57.5,100.0,244.5,2907.0,1.48,36.9,14.94,6.96,36.04,28.96,0.0,242.0,1200.0
116042.058,29642.058,140.0,89.80000000000001,22.650000000000002,16.0,171.5,33.5,151.20000000000002,28.89,33.33,34.050000000000004,90.0,15.700000000000001,56.900000000000006,99.9,244.5,2899.0,1.3800000000000001,36.7,15.030000000000001,7.01,36.01,29.03,2.0,239.0,1200.0
116102.058,29702.058,140.0,91.60000000000001,22.64,15.96,173.0,33.550000000000004,151.20000000000002,29.01,33.29,33.75,94.0,15.600000000000001,57.400000000000006,100.0,236.5,2897.0,1.44,36.9,15.0,7.0,36.03,28.98,1.0,236.0,1200.0
116162.058,29762.058,140.0,91.5,22.67,15.91,173.5,33.5,151.20000000000002,28.96,33.26,34.0,92.5,15.600000000000001,57.300000000000004,100.0,241.0,2897.0,1.49,36.75,14.98,7.0,36.0,28.91,0.0,241.0,1200.0
116222.057,29822.057,140.0,91.5,22.650000000000002,15.99,171.0,33.45,150.9,28.98,33.18,33.9,92.5,15.65,57.300000000000004,100.0,242.5,2896.0,1.55,37.0,15.030000000000001,7.03,36.0,29.0,0.0,240.5,1200.0
116282.057,29882.057,140.0,92.5,22.66,15.96,171.5,33.550000000000004,152.6,28.93,33.22,33.85,93.0,15.600000000000001,57.0,99.60000000000001,239.5,2900.0,1.3800000000000001,37.1,15.0,7.01,35.93,28.97,0.0,240.5,1200.0
116342.057,29942.057,140.0,91.10000000000001,22.71,15.98,171.0,33.5,150.5,28.84,33.26,33.800000000000004,92.5,15.8,57.900000000000006,100.0,240.0,2897.0,1.59,36.9,15.01,6.95,36.1,28.95,0.0,242.0,1200.0
116402.057,30002.057,140.0,90.0,22.72,15.950000000000001,172.0,33.550000000000004,151.4,28.98,33.32,33.95,93.0,15.700000000000001,56.800000000000004,100.0,241.0,2903.0,1.33,36.85,15.02,7.03,36.08,29.01,1.0,234.5,1200.0
116462.056,30062.056,140.0,91.0,22.580000000000002,15.97,172.0,33.35,151.70000000000002,28.95,33.18,34.0,90.5,15.700000000000001,57.0,100.0,241.5,2900.0,1.52,36.800000000000004,14.94,7.01,36.02,29.04,1.0,240.5,1200.0
116522.056,30122.056,140.0,91.60000000000001,22.69,16.02,171.5,33.35,152.5,28.97,33.29,33.85,93.0,15.700000000000001,57.1,100.0,238.0,2897.0,1.44,36.9,15.030000000000001,7.04,35.980000000000004,29.0,1.0,238.0,1200.0
116582.056,30182.056,140.0,89.60000000000001,22.66,16.0,174.5,33.5,152.3,28.830000000000002,33.26,33.7,94.0,15.65,57.5,99.9,242.0,2903.0,1.34,36.7,15.01,6.97,35.97,28.96,1.0,240.0,1200.0
116642.056,30242.056,140.0,91.0,22.69,16.0,170.5,33.5,150.20000000000002,28.94,33.19,33.9,90.0,15.75,56.400000000000006,99.80000000000001,240.5,2902.0,1.3900000000000001,36.85,14.99,6.94,36.06,28.990000000000002,1.0,242.0,1200.0
116702.055,30302.055,140.0,89.9,22.69,15.99,173.5,33.5,150.20000000000002,28.96,33.24,33.85,95.0,15.600000000000001,57.300000000000004,99.80000000000001,244.5,2902.0,1.31,36.7,14.950000000000001,7.0,36.04,29.0,0.0,238.5,1200.0
116762.055,30362.055,140.0,90.80000000000001,22.69,15.99,170.5,33.45,151.6,29.060000000000002,33.35,33.95,93.0,15.8,56.7,99.7,242.5,2900.0,1.3800000000000001,36.85,15.05,6.99,36.07,29.04,2.0,242.5,1200.0
116822.055,30422.055,140.0,90.2,22.71,15.91,173.5,33.5,151.4,29.01,33.34,33.800000000000004,90.5,15.65,57.7,100.0,240.5,2903.0,1.4000000000000001,36.95,14.98,6.97,35.95,29.02,0.0,238.5,1200.0
116882.055,30482.055,140.0,91.60000000000001,22.7,15.98,170.0,33.6,151.8,28.89,33.27,33.800000000000004,91.0,15.75,57.400000000000006,100.0,244.0,2892.0,1.48,36.800000000000004,15.01,6.99,35.980000000000004,29.05,4.0,244.0,1200.0
116942.054,30542.054,140.0,91.80000000000001,22.650000000000002,15.98,170.5,33.5,149.9,29.07,33.27,33.95,94.0,15.700000000000001,57.6,99.5,245.5,2903.0,1.6,36.95,15.01,6.96,35.980000000000004,28.93,0.0,238.5,1200.0
117002.054,30602.054,140.0,90.7,22.68,15.950000000000001,169.5,33.5,152.1,28.97,33.42,33.9,93.5,15.700000000000001,57.6,99.9,243.0,2900.0,1.35,36.7,15.030000000000001,6.96,36.03,28.98,0.0,242.0,1200.0
117062.054,30662.054,140.0,90.9,22.72,16.02,172.0,33.7,151.0,28.96,33.24,33.7,90.5,15.8,57.1,100.0,241.0,2897.0,1.47,37.0,15.05,6.93,36.0,28.98,2.0,241.0,1200.0
117122.054,30722.054,140.0,91.80000000000001,22.75,16.03,173.0,33.550000000000004,152.1,29.04,33.230000000000004,33.9,93.0,15.700000000000001,57.6,100.0,236.5,2903.0,1.51,36.800000000000004,15.040000000000001,6.99,36.01,28.96,0.0,246.0,1200.0
117182.053,30782.053,140.0,90.30000000000001,22.69,16.02,173.0,33.550000000000004,150.6,28.97,33.31,33.800000000000004,92.5,15.75,57.1,99.80000000000001,246.0,2903.0,1.57,36.800000000000004,15.01,7.0,35.99,29.0,0.0,246.0,1200.0
117242.053,30842.053,140.0,92.0,22.73,15.950000000000001,172.0,33.45,151.8,28.89,33.32,34.0,94.0,15.850000000000001,57.7,100.0,248.0,2908.0,1.34,36.9,14.9,7.0,36.01,29.05,0.0,238.0,1200.0
117302.053,30902.053,140.0,92.10000000000001,22.68,16.02,172.0,33.5,152.20000000000002,28.97,33.33,34.050000000000004,95.0,15.700000000000001,57.5,100.0,242.0,2902.0,1.5,36.9,15.030000000000001,7.03,36.03,28.900000000000002,2.0,242.0,1200.0
117362.053,30962.053,140.0,90.7,22.68,15.94,172.5,33.550000000000004,151.3,29.07,33.28,34.050000000000004,92.0,15.75,57.300000000000004,99.9,247.0,2903.0,1.36,36.9,14.99,6.96,35.910000000000004,28.98,2.0,246.0,1200.0
117422.052,31022.052,140.0,91.0,22.69,15.91,172.5,33.6,152.70000000000002,28.95,33.26,34.0,91.0,15.65,57.6,100.0,241.0,2905.0,1.45,36.75,15.040000000000001,7.01,35.96,28.98,3.0,244.0,1200.0
117482.052,31082.052,140.0,90.7,22.72,15.96,173.0,33.6,151.20000000000002,28.96,33.36,33.9,93.0,15.8,57.5,100.0,238.5,2904.0,1.49,36.85,14.93,7.03,35.99,29.01,0.0,243.5,1200.0
117542.052,31142.052,140.0,91.30000000000001,22.66,15.99,171.0,33.6,150.6,28.990000000000002,33.28,34.0,93.5,15.600000000000001,57.7,100.0,244.5,2907.0,1.57,36.800000000000004,15.05,6.92,36.06,28.98,2.0,239.5,1200.0
117602.052,31202.052,140.0,90.4,22.72,15.96,173.0,33.7,151.3,28.94,33.33,33.800000000000004,93.0,15.850000000000001,57.300000000000004,99.60000000000001,236.5,2903.0,1.31,36.9,14.99,7.0200000000000005,36.0,29.0,0.0,240.0,1200.0
117662.051,31262.051,140.0,90.7,22.66,15.9,173.0,33.85,152.0,28.97,33.29,34.0,93.5,15.75,57.300000000000004,99.7,240.0,2898.0,1.32,36.75,15.040000000000001,7.04,35.96,29.0,0.0,240.5,1200.0
117722.051,31322.051,140.0,90.2,22.68,15.93,170.5,33.65,150.6,29.04,33.36,34.1,94.5,15.700000000000001,57.900000000000006,100.0,243.0,2902.0,1.52,36.9,15.02,6.93,36.01,28.98,1.0,241.5,1200.0
117782.051,31382.051,140.0,90.2,22.68,16.03,172.0,33.550000000000004,152.20000000000002,29.0,33.45,34.050000000000004,94.5,15.75,58.1,100.0,242.5,2908.0,1.46,36.85,14.99,6.97,36.04,28.97,0.0,246.0,1200.0
117842.051,31442.051,140.0,90.80000000000001,22.64,16.02,171.0,33.550000000000004,151.70000000000002,28.96,33.37,33.85,94.0,15.850000000000001,57.2,100.0,245.0,2906.0,1.44,36.7,14.99,6.99,36.050000000000004,29.09,2.0,245.0,1200.0
117902.05,31502.05,140.0,90.9,22.72,16.0,171.5,33.65,151.20000000000002,29.03,33.37,34.0,91.5,15.75,57.300000000000004,100.0,241.5,2903.0,1.42,36.95,15.06,6.98,36.0,28.97,0.0,243.0,1200.0
117962.05,31562.05,140.0,91.30000000000001,22.63,16.02,172.5,33.45,151.20000000000002,29.07,33.34,33.85,93.0,15.65,56.900000000000006,99.9,243.5,2907.0,1.27,36.85,15.030000000000001,7.03,35.96,29.060000000000002,1.0,240.0,1200.0
118022.05,31622.05,140.0,89.9,22.66,16.01,174.0,33.65,151.3,29.05,33.36,33.95,94.0,15.65,57.5,99.80000000000001,241.5,2908.0,1.42,36.9,14.94,6.94,36.050000000000004,29.02,1.0,241.5,1200.0
118082.05,31682.05,140.0,91.7,22.67,15.96,172.5,33.65,152.8,29.04,33.45,34.1,93.5,15.850000000000001,57.0,99.5,240.0,2903.0,1.26,36.800000000000004,15.02,7.05,36.09,28.990000000000002,0.0,239.0,1200.0
118142.049,31742.049,140.0,91.80000000000001,22.66,16.0,171.5,33.7,151.20000000000002,29.060000000000002,33.43,34.1,92.0,15.850000000000001,56.7,100.0,243.5,2913.0,1.49,36.95,14.97,6.98,36.07,28.94,1.0,245.0,1200.0
118202.049,31802.049,140.0,89.9,22.71,16.01,173.0,33.6,151.5,29.03,33.43,34.050000000000004,93.0,15.8,57.300000000000004,100.0,243.0,2913.0,1.5,36.800000000000004,15.01,6.93,36.04,29.02,0.0,241.0,1200.0
118262.049,31862.049,140.0,90.2,22.650000000000002,15.950000000000001,171.5,33.7,150.9,29.11,33.34,34.1,92.5,15.700000000000001,56.900000000000006,99.60000000000001,244.5,2909.0,1.3900000000000001,37.050000000000004,14.94,7.05,35.99,29.03,0.0,242.0,1200.0
118322.049,31922.049,140.0,90.4,22.64,16.01,172.5,33.5,152.0,29.080000000000002,33.49,34.050000000000004,92.5,15.65,56.800000000000004,100.0,244.5,2913.0,1.33,36.95,15.02,7.01,35.93,29.04,0.0,242.0,1200.0
118382.049,31982.049,140.0,88.9,22.68,15.97,173.0,33.7,149.8,29.01,33.410000000000004,33.9,92.0,15.9,57.300000000000004,99.4,240.5,2914.0,1.31,36.85,14.99,6.96,36.01,28.94,1.0,240.0,1200.0
118442.048,32042.048,140.0,90.0,22.64,15.92,172.5,33.7,151.20000000000002,29.12,33.47,34.25,95.5,15.65,57.400000000000006,99.9,243.5,2908.0,1.45,37.050000000000004,15.06,7.0,36.02,29.04,2.0,246.0,1200.0
118502.048,32102.048,140.0,91.30000000000001,22.7,16.0,174.0,33.75,151.5,29.17,33.45,34.050000000000004,92.5,15.65,57.2,100.0,244.0,2910.0,1.44,37.0,14.97,6.97,35.99,28.98,1.0,243.0,1200.0
118562.048,32162.048,140.0,90.0,22.73,15.98,171.5,33.6,152.3,29.17,33.47,34.0,94.0,15.850000000000001,56.7,99.9,245.5,2907.0,1.4000000000000001,36.95,14.950000000000001,6.94,35.94,28.990000000000002,0.0,245.5,1200.0
118622.048,32222.048,140.0,91.9,22.56,15.99,172.0,33.65,150.20000000000002,29.13,33.42,34.0,92.0,15.850000000000001,57.2,99.80000000000001,242.0,2910.0,1.34,37.050000000000004,15.01,7.0200000000000005,36.050000000000004,28.98,1.0,246.0,1200.0
118682.047,32282.047,140.0,90.60000000000001,22.77,15.97,172.0,33.75,150.1,29.060000000000002,33.54,33.95,93.0,15.850000000000001,57.6,99.60000000000001,245.0,2909.0,1.44,36.95,15.02,7.04,36.01,28.97,0.0,245.5,1200.0
118742.047,32342.047,140.0,90.30000000000001,22.69,15.98,172.5,33.7,152.3,29.11,33.480000000000004,34.0,93.0,15.8,57.7,99.9,247.5,2911.0,1.52,37.1,15.02,7.01,36.0,29.05,0.0,245.0,1200.0
118802.047,32402.047,140.0,90.30000000000001,22.67,16.02,171.5,33.75,150.3,29.07,33.49,34.2,90.0,15.700000000000001,57.400000000000006,100.0,245.0,2915.0,1.41,37.050000000000004,14.950000000000001,6.99,35.980000000000004,28.97,0.0,245.0,1200.0
118862.047,32462.047,140.0,90.5,22.76,16.04,173.0,33.65,152.3,29.11,33.36,34.0,94.0,15.700000000000001,56.800000000000004,100.0,243.5,2908.0,1.52,37.1,15.040000000000001,7.04,36.04,28.96,0.0,246.5,1200.0
118922.046,32522.046,140.0,90.5,22.650000000000002,16.03,172.5,33.75,151.8,29.07,33.37,34.1,91.0,15.600000000000001,57.6,99.4,245.0,2914.0,1.3800000000000001,36.95,14.950000000000001,6.99,35.97,28.92,0.0,244.0,1200.0
118982.046,32582.046,140.0,91.9,22.68,16.02,173.0,33.65,150.0,29.080000000000002,33.410000000000004,34.050000000000004,90.5,15.75,57.900000000000006,100.0,245.5,2906.0,1.37,37.1,15.01,7.0600000000000005,36.02,29.05,0.0,246.5,1200.0
119042.046,32642.046,140.0,92.0,22.66,15.93,173.0,33.65,152.70000000000002,29.150000000000002,33.42,33.85,91.5,15.700000000000001,57.300000000000004,100.0,244.0,2910.0,1.44,36.85,14.97,7.0200000000000005,35.96,28.95,0.0,242.5,1200.0
119102.046,32702.046,140.0,91.5,22.6,16.0,173.5,33.65,150.5,29.07,33.29,34.1,93.0,15.8,57.300000000000004,99.9,244.0,2909.0,1.45,36.9,15.01,7.0,35.94,29.0,0.0,245.5,1200.0
119162.046,32762.046,140.0,90.5,22.7,16.01,172.5,33.7,151.4,29.0,33.410000000000004,34.0,91.0,15.850000000000001,57.7,100.0,241.5,2907.0,1.33,37.15,14.91,7.01,35.96,29.03,1.0,245.5,1200.0
119222.045,32822.045,140.0,91.5,22.76,15.950000000000001,174.0,33.550000000000004,151.1,29.04,33.32,33.9,91.5,15.65,57.400000000000006,100.0,248.5,2909.0,1.4000000000000001,36.9,15.0,7.01,36.04,29.080000000000002,1.0,241.5,1200.0
119282.045,32882.045,140.0,90.2,22.67,15.98,172.5,33.6,151.0,29.01,33.36,34.050000000000004,90.0,15.600000000000001,57.0,100.0,243.5,2903.0,1.3900000000000001,37.0,15.01,7.01,35.980000000000004,29.04,0.0,247.5,1200.0
119342.045,32942.045,140.0,91.60000000000001,22.73,16.02,172.5,33.6,150.70000000000002,29.05,33.33,33.95,93.0,15.9,57.7,100.0,239.0,2903.0,1.42,37.050000000000004,15.0,7.0200000000000005,35.95,29.09,2.0,241.5,1200.0
119402.045,33002.045,140.0,90.0,22.69,16.1,172.0,33.45,151.6,29.0,33.36,33.9,93.5,15.8,57.400000000000006,100.0,242.0,2904.0,1.31,37.050000000000004,14.92,6.98,35.95,28.96,0.0,241.5,1200.0
119462.044,33062.044,140.0,90.80000000000001,22.7,16.02,170.5,33.5,152.9,28.95,33.26,33.95,94.0,15.55,58.0,100.0,237.0,2904.0,1.3900000000000001,36.85,14.93,7.05,36.11,28.94,0.0,241.5,1200.0
119522.044,33122.044,140.0,90.2,22.650000000000002,16.03,175.0,33.6,150.1,28.990000000000002,33.29,33.75,95.0,15.700000000000001,57.5,99.9,242.0,2900.0,1.49,37.0,15.02,7.0,36.07,28.96,1.0,239.5,1200.0
119582.044,33182.044,140.0,92.10000000000001,22.75,16.06,173.5,33.5,151.5,28.95,33.33,33.95,92.5,15.75,58.2,100.0,242.0,2899.0,1.51,37.1,15.05,7.0200000000000005,36.06,29.03,3.0,243.0,1200.0
119642.044,33242.044,140.0,90.7,22.73,16.0,173.0,33.550000000000004,152.5,28.87,33.3,33.85,94.0,15.850000000000001,57.7,99.60000000000001,249.0,2904.0,1.49,36.85,15.08,6.97,36.02,29.01,0.0,241.0,1200.0
119702.044,33302.044,140.0,91.2,22.71,16.03,174.0,33.5,150.1,28.98,33.31,33.85,94.5,15.75,57.6,99.4,246.0,2907.0,1.45,37.0,14.99,6.97,35.96,28.990000000000002,1.0,240.5,1200.0
119762.043,33362.043,140.0,93.0,22.72,15.98,173.5,33.4,151.70000000000002,29.03,33.29,33.9,91.0,15.65,57.900000000000006,99.30000000000001,243.5,2905.0,1.3,36.95,14.92,6.99,36.07,28.96,1.0,243.5,1200.0
119822.043,33422.043,140.0,91.0,22.76,15.98,171.5,33.45,151.9,28.94,33.29,33.95,92.5,15.850000000000001,57.5,99.5,243.0,2898.0,1.41,36.9,14.98,7.05,35.92,29.0,0.0,243.0,1200.0
119882.043,33482.043,140.0,89.7,22.7,15.98,172.5,33.45,151.70000000000002,28.89,33.34,34.0,92.0,15.700000000000001,58.300000000000004,100.0,242.0,2903.0,1.48,36.9,14.99,7.01,35.99,28.990000000000002,0.0,241.0,1200.0
119942.043,33542.043,140.0,90.4,22.7,16.07,172.5,33.45,151.3,28.92,33.31,33.85,91.0,15.65,58.300000000000004,99.60000000000001,246.5,2898.0,1.37,36.95,15.0,7.0200000000000005,36.04,29.02,0.0,244.0,1200.0
120002.042,33602.042,140.0,91.7,22.75,16.03,172.0,33.5,151.9,28.97,33.32,33.800000000000004,92.0,15.700000000000001,57.400000000000006,100.0,239.0,2902.0,1.6,36.800000000000004,15.02,6.96,36.01,28.98,1.0,243.0,1200.0
120062.042,33662.042,140.0,92.0,22.73,16.0,171.5,33.35,152.4,28.92,33.26,33.95,92.0,15.700000000000001,57.5,99.60000000000001,243.0,2902.0,1.37,36.9,15.0,6.96,36.01,29.01,0.0,238.0,1200.0
120122.042,33722.042,140.0,90.30000000000001,22.69,15.98,171.0,33.4,151.4,28.900000000000002,33.25,33.800000000000004,90.0,15.700000000000001,58.6,100.0,248.5,2903.0,1.35,37.050000000000004,14.94,7.03,36.03,29.060000000000002,0.0,240.5,1200.0
120182.042,33782.042,140.0,90.9,22.69,15.97,173.5,33.5,150.70000000000002,28.93,33.34,34.0,93.5,15.75,57.300000000000004,99.9,242.0,2900.0,1.3800000000000001,36.75,15.040000000000001,6.95,36.08,29.01,0.0,239.5,1200.0
120242.042,33842.042,140.0,90.10000000000001,22.64,15.950000000000001,175.0,33.4,152.9,28.94,33.31,33.85,93.0,15.8,57.5,100.0,239.0,2900.0,1.55,36.95,14.950000000000001,6.98,35.94,28.990000000000002,1.0,242.5,1200.0
120302.041,33902.041,140.0,92.2,22.67,16.02,172.0,33.550000000000004,151.8,28.92,33.28,33.7,93.0,15.600000000000001,56.900000000000006,100.0,242.5,2897.0,1.4000000000000001,37.0,14.89,6.94,36.02,28.990000000000002,1.0,245.5,1200.0
120362.041,33962.041,140.0,91.30000000000001,22.72,16.0,173.5,33.4,151.6,28.94,33.26,33.9,94.0,15.65,57.800000000000004,100.0,241.0,2893.0,1.35,36.800000000000004,14.99,6.98,35.980000000000004,29.05,0.0,243.5,1200.0
120422.041,34022.041,140.0,91.80000000000001,22.69,16.080000000000002,172.5,33.5,152.5,28.91,33.28,33.9,93.0,15.65,57.900000000000006,99.5,240.0,2900.0,1.55,36.85,14.96,6.99,36.02,28.93,0.0,238.5,1200.0
120482.041,34082.041,140.0,91.9,22.72,16.05,170.5,33.4,151.4,28.85,33.24,33.800000000000004,92.5,15.8,57.400000000000006,100.0,241.0,2898.0,1.33,36.800000000000004,15.02,6.97,36.06,28.96,0.0,243.0,1200.0
120542.04,34142.04,140.0,90.5,22.69,15.96,170.0,33.6,150.70000000000002,28.94,33.19,33.85,93.5,15.700000000000001,57.400000000000006,99.60000000000001,240.5,2899.0,1.41,36.65,15.040000000000001,7.04,35.980000000000004,28.92,1.0,240.0,1200.0
120602.04,34202.04,140.0,91.60000000000001,22.580000000000002,15.99,172.0,33.45,152.4,28.990000000000002,33.19,33.75,94.0,15.850000000000001,57.400000000000006,100.0,245.5,2900.0,1.58,36.9,15.02,7.0200000000000005,36.07,28.990000000000002,0.0,240.5,1200.0
120662.04,34262.04,140.0,90.10000000000001,22.6,15.99,172.0,33.45,151.9,28.91,33.22,33.75,92.5,15.55,57.900000000000006,99.9,242.0,2899.0,1.25,36.75,15.030000000000001,7.03,35.99,29.03,0.0,242.0,1200.0
120722.04,34322.04,140.0,90.60000000000001,22.6,15.99,169.5,33.35,151.3,28.95,33.17,33.9,93.0,15.75,57.7,100.0,240.0,2899.0,1.51,36.75,14.98,6.99,36.03,28.97,0.0,247.0,1200.0
120782.04,34382.04,140.0,90.10000000000001,22.71,15.950000000000001,172.5,33.35,151.4,28.94,33.230000000000004,33.800000000000004,91.5,15.700000000000001,57.6,99.9,245.0,2896.0,1.22,36.800000000000004,14.92,7.03,35.97,28.98,0.0,240.0,1200.0
120842.039,34442.039,140.0,92.0,22.69,16.01,170.5,33.550000000000004,152.0,28.91,33.21,33.85,92.0,15.55,57.800000000000004,100.0,241.0,2896.0,1.34,36.85,15.0,6.95,35.99,28.92,1.0,244.5,1200.0
120902.039,34502.039,140.0,90.0,22.67,16.080000000000002,170.5,33.45,152.9,28.88,33.27,33.75,91.0,15.65,57.1,100.0,241.5,2904.0,1.48,36.85,14.99,6.96,36.02,28.990000000000002,0.0,239.0,1200.0
120962.039,34562.039,140.0,92.60000000000001,22.650000000000002,15.98,170.5,33.6,150.6,28.98,33.34,33.9,92.5,15.75,57.7,100.0,239.5,2900.0,1.26,37.0,14.99,7.07,35.95,29.02,1.0,241.0,1200.0
121022.039,34622.039,140.0,92.0,22.7,16.0,171.0,33.65,151.9,28.98,33.24,33.9,92.5,15.75,57.900000000000006,99.60000000000001,240.0,2895.0,1.27,36.85,14.97,7.0,35.99,28.91,1.0,235.5,1200.0
121082.039,34682.039,140.0,92.4,22.66,16.06,170.0,33.550000000000004,152.0,28.85,33.22,33.9,93.0,15.75,57.400000000000006,100.0,240.5,2895.0,1.29,36.800000000000004,15.02,6.97,36.01,28.98,0.0,242.0,1200.0
121142.038,34742.038,140.0,89.4,22.72,16.02,171.0,33.35,151.5,28.89,33.230000000000004,33.95,92.0,15.700000000000001,57.300000000000004,99.80000000000001,248.5,2894.0,1.5,36.7,15.02,6.96,36.01,29.05,0.0,239.5,1200.0
121202.038,34802.038,140.0,91.7,22.68,15.96,173.0,33.4,151.8,28.91,33.160000000000004,33.85,92.0,15.75,57.6,100.0,243.0,2893.0,1.3800000000000001,36.85,15.040000000000001,6.98,35.96,29.01,0.0,240.0,1200.0
121262.038,34862.038,140.0,91.30000000000001,22.67,16.02,171.0,33.4,151.0,28.93,33.29,33.95,93.0,15.700000000000001,57.300000000000004,99.9,245.5,2902.0,1.45,36.85,14.97,7.03,35.9,29.03,0.0,237.0,1200.0
121322.038,34922.038,140.0,90.9,22.68,15.99,171.5,33.45,152.6,28.86,33.25,33.9,93.5,15.700000000000001,57.7,100.0,239.5,2901.0,1.35,36.9,15.040000000000001,7.0600000000000005,36.02,28.97,0.0,239.0,1200.0
121382.038,34982.038,140.0,90.5,22.72,15.99,171.5,33.35,151.9,28.94,33.25,33.85,91.0,15.700000000000001,57.5,99.80000000000001,237.0,2894.0,1.4000000000000001,36.75,15.0,6.96,36.01,29.05,2.0,243.0,1200.0
121442.037,35042.037,140.0,91.9,22.740000000000002,16.03,171.0,33.5,151.70000000000002,28.94,33.24,33.85,94.0,15.9,57.300000000000004,100.0,239.5,2897.0,1.41,36.9,14.99,6.96,35.93,29.01,0.0,237.0,1200.0
121502.037,35102.037,140.0,90.0,22.67,15.97,171.5,33.5,150.3,29.09,33.3,33.800000000000004,92.5,15.75,57.7,99.9,238.0,2900.0,1.24,36.75,14.92,7.0,35.97,28.990000000000002,0.0,240.5,1200.0
121562.037,35162.037,140.0,92.30000000000001,22.75,16.04,172.5,33.5,151.5,28.86,33.29,33.800000000000004,92.0,15.700000000000001,58.0,99.9,244.5,2902.0,1.46,36.800000000000004,15.030000000000001,7.03,36.01,29.01,0.0,239.0,1200.0
121622.037,35222.037,140.0,90.60000000000001,22.650000000000002,15.99,171.0,33.5,150.5,28.91,33.38,34.0,92.0,15.75,57.800000000000004,100.0,240.5,2900.0,1.3,36.800000000000004,14.950000000000001,6.98,36.07,29.060000000000002,0.0,238.5,1200.0
121682.037,35282.037,140.0,90.9,22.72,16.06,171.0,33.550000000000004,152.5,28.830000000000002,33.28,33.75,93.5,16.0,57.5,100.0,243.5,2907.0,1.44,36.9,14.950000000000001,7.05,36.01,28.95,1.0,246.5,1200.0
121742.036,35342.036,140.0,90.4,22.67,16.02,171.5,33.6,150.6,28.93,33.32,33.9,91.0,15.75,57.7,100.0,240.5,2909.0,1.48,36.800000000000004,14.98,7.01,36.03,28.97,0.0,242.5,1200.0
121802.036,35402.036,140.0,92.2,22.650000000000002,15.99,173.5,33.5,149.9,28.96,33.32,33.9,96.5,15.75,57.800000000000004,100.0,242.0,2904.0,1.43,36.800000000000004,15.0,7.0200000000000005,36.11,28.96,0.0,240.5,1200.0
121862.036,35462.036,140.0,92.10000000000001,22.7,16.01,172.5,33.65,152.0,28.97,33.33,33.85,94.0,15.75,57.5,100.0,240.5,2904.0,1.49,36.85,14.97,7.0,36.01,28.93,0.0,240.5,1200.0
121922.036,35522.036,140.0,92.7,22.7,15.98,172.5,33.65,150.20000000000002,29.04,33.32,34.0,93.5,15.600000000000001,57.6,99.60000000000001,242.5,2906.0,1.37,36.95,15.040000000000001,7.0,35.94,29.0,0.0,246.5,1200.0
121982.036,35582.036,140.0,90.4,22.68,15.97,174.5,33.45,151.20000000000002,29.04,33.27,33.85,92.5,15.850000000000001,57.1,99.80000000000001,242.0,2903.0,1.53,36.85,14.96,6.99,35.99,28.98,0.0,246.0,1200.0
122042.035,35642.035,140.0,89.80000000000001,22.7,15.93,171.0,33.6,152.3,28.84,33.25,33.85,92.5,15.700000000000001,57.400000000000006,100.0,241.0,2906.0,1.35,36.800000000000004,14.96,6.98,36.06,29.01,3.0,244.0,1200.0
122102.035,35702.035,140.0,91.60000000000001,22.66,16.04,173.0,33.5,151.20000000000002,28.96,33.33,33.95,92.5,15.600000000000001,58.0,100.0,241.0,2903.0,1.27,36.9,15.05,7.04,35.96,29.0,4.0,246.0,1200.0
122162.035,35762.035,140.0,91.0,22.67,16.04,170.5,33.6,152.5,29.0,33.29,33.85,92.5,15.8,57.5,100.0,240.0,2898.0,1.36,36.95,15.0,6.99,36.03,28.98,0.0,245.5,1200.0
122222.035,35822.035,140.0,88.9,22.650000000000002,16.05,173.5,33.550000000000004,151.70000000000002,28.94,33.32,34.050000000000004,93.0,15.700000000000001,57.400000000000006,99.80000000000001,245.0,2905.0,1.41,37.0,15.01,7.04,35.93,29.01,0.0,242.5,1200.0
122282.035,35882.035,140.0,90.60000000000001,22.6,15.92,174.5,33.5,150.9,28.96,33.31,33.85,94.0,15.75,56.900000000000006,100.0,240.5,2901.0,1.3800000000000001,36.95,15.02,7.0,35.97,29.0,1.0,246.5,1200.0
122342.034,35942.034,140.0,89.30000000000001,22.650000000000002,16.03,174.0,33.550000000000004,151.9,28.95,33.33,33.85,92.5,15.700000000000001,57.6,100.0,243.5,2903.0,1.43,37.0,15.02,7.0,35.95,28.96,0.0,243.0,1200.0
122402.034,36002.034,140.0,90.5,22.68,15.92,172.5,33.550000000000004,152.20000000000002,28.97,33.29,33.9,93.0,15.65,57.300000000000004,99.5,239.0,2899.0,1.46,36.95,14.94,7.0,35.99,28.94,0.0,239.0,1200.0
122462.034,36062.034,140.0,92.0,22.71,16.06,173.0,33.550000000000004,150.5,28.92,33.17,33.75,94.0,15.65,57.900000000000006,100.0,242.0,2895.0,1.34,36.800000000000004,14.97,7.0200000000000005,35.980000000000004,29.060000000000002,0.0,238.5,1200.0
122522.034,36122.034,140.0,91.10000000000001,22.68,15.97,171.5,33.550000000000004,151.9,29.0,33.32,33.800000000000004,92.5,15.75,57.7,100.0,242.5,2896.0,1.41,36.800000000000004,15.06,6.95,36.06,29.0,0.0,239.5,1200.0
122582.034,36182.034,140.0,91.80000000000001,22.740000000000002,16.0,174.0,33.4,150.3,28.900000000000002,33.22,33.75,92.0,15.950000000000001,57.900000000000006,99.80000000000001,244.0,2898.0,1.44,36.7,14.97,7.0,35.97,29.01,1.0,241.5,1200.0
122642.033,36242.033,140.0,90.30000000000001,22.66,15.950000000000001,172.5,33.6,150.5,29.0,33.27,33.800000000000004,92.0,15.65,56.800000000000004,99.7,240.5,2896.0,1.3800000000000001,36.9,15.02,6.97,36.04,28.96,1.0,235.5,1200.0
122702.033,36302.033,140.0,90.9,22.69,15.96,170.5,33.65,150.8,28.89,33.34,33.800000000000004,92.5,15.55,57.300000000000004,99.60000000000001,239.0,2895.0,1.25,36.85,15.1,7.09,35.95,29.13,0.0,240.5,1200.0
122762.033,36362.033,140.0,91.10000000000001,22.67,15.99,172.5,33.45,153.1,28.89,33.230000000000004,33.65,92.0,15.700000000000001,57.7,100.0,239.5,2899.0,1.43,36.85,15.01,7.01,36.050000000000004,29.01,0.0,238.0,1200.0
122822.033,36422.033,140.0,91.9,22.55,15.93,171.5,33.5,153.0,28.85,33.19,33.9,92.0,15.8,57.300000000000004,99.9,236.0,2893.0,1.3800000000000001,36.7,15.02,6.98,36.03,29.01,0.0,239.0,1200.0
122882.033,36482.033,140.0,91.5,22.73,16.02,172.0,33.300000000000004,152.9,28.91,33.26,33.85,94.0,15.700000000000001,57.300000000000004,100.0,239.5,2897.0,1.35,37.0,14.97,7.01,35.99,29.0,0.0,240.0,1200.0
122942.033,36542.033,140.0,92.30000000000001,22.650000000000002,15.93,172.5,33.35,152.1,28.92,33.27,33.75,93.0,15.700000000000001,57.6,100.0,239.5,2892.0,1.46,36.85,14.94,7.03,36.01,28.96,0.0,238.0,1200.0
123002.032,36602.032,140.0,91.30000000000001,22.66,16.01,172.5,33.6,152.4,28.87,33.15,33.85,94.0,15.700000000000001,57.1,99.7,237.5,2896.0,1.45,36.800000000000004,14.98,6.95,35.910000000000004,28.98,1.0,237.5,1200.0
123062.032,36662.032,140.0,91.2,22.64,16.01,170.5,33.300000000000004,152.6,28.900000000000002,33.1,33.9,91.5,15.75,56.900000000000006,99.9,241.0,2890.0,1.31,36.75,15.030000000000001,6.98,35.97,28.92,2.0,242.0,1200.0
123122.032,36722.032,140.0,90.7,22.63,15.91,169.5,33.300000000000004,151.70000000000002,28.87,33.22,33.9,92.0,15.8,57.800000000000004,99.7,238.0,2891.0,1.52,36.75,14.99,6.99,36.06,28.94,2.0,245.0,1200.0
123182.032,36782.032,140.0,91.10000000000001,22.62,16.0,172.0,33.45,151.3,28.88,33.160000000000004,33.85,91.5,15.850000000000001,57.300000000000004,100.0,236.0,2896.0,1.27,36.75,14.99,6.94,36.04,29.01,0.0,240.0,1200.0
123242.032,36842.032,140.0,90.10000000000001,22.73,16.0,171.0,33.35,152.0,28.87,33.2,33.800000000000004,92.0,15.700000000000001,57.800000000000004,100.0,235.5,2891.0,1.34,36.800000000000004,15.01,7.01,35.94,28.96,0.0,242.5,1200.0
123302.031,36902.031,140.0,90.60000000000001,22.68,15.96,172.0,33.45,150.20000000000002,28.82,33.13,33.800000000000004,91.5,15.700000000000001,57.900000000000006,99.9,239.5,2888.0,1.52,36.800000000000004,14.97,7.0200000000000005,35.92,29.0,2.0,234.5,1200.0
123362.031,36962.031,140.0,91.5,22.740000000000002,16.03,172.5,33.300000000000004,151.0,28.82,33.11,33.75,93.0,15.75,57.6,99.7,236.0,2893.0,1.46,36.800000000000004,14.98,6.99,36.0,29.05,1.0,241.0,1200.0
123422.031,37022.031,140.0,90.30000000000001,22.67,16.07,171.0,33.35,151.6,28.91,33.22,33.800000000000004,93.0,15.700000000000001,58.2,100.0,239.5,2888.0,1.44,36.7,14.950000000000001,7.01,35.980000000000004,29.0,0.0,235.5,1200.0
123482.031,37082.031,140.0,90.9,22.7,15.99,171.5,33.4,152.9,28.79,33.07,33.75,94.5,15.65,57.1,99.2,237.5,2884.0,1.3,36.75,14.91,6.94,36.050000000000004,29.060000000000002,0.0,231.0,1200.0
123542.031,37142.031,140.0,91.2,22.69,16.05,171.5,33.2,153.0,28.78,33.12,33.75,93.5,15.75,57.900000000000006,100.0,241.5,2894.0,1.44,36.6,15.01,7.0200000000000005,36.03,28.98,0.0,238.0,1200.0
123602.03,37202.03,140.0,90.7,22.7,16.080000000000002,171.5,33.25,150.70000000000002,28.88,33.27,33.7,92.0,15.8,57.900000000000006,99.7,239.0,2888.0,1.32,36.7,15.05,7.01,35.95,29.080000000000002,0.0,240.0,1200.0
123662.03,37262.03,140.0,89.9,22.8,16.06,170.5,33.4,150.4,28.810000000000002,33.22,33.75,90.5,15.75,57.900000000000006,100.0,238.0,2890.0,1.31,36.5,15.08,7.0,35.97,28.94,2.0,241.0,1200.0
123722.03,37322.03,140.0,90.9,22.73,16.01,169.5,33.300000000000004,151.70000000000002,28.7,33.21,33.800000000000004,93.0,15.8,57.6,100.0,236.5,2890.0,1.4000000000000001,36.65,14.950000000000001,7.0,35.910000000000004,29.05,0.0,239.5,1200.0
123782.03,37382.03,140.0,90.7,22.68,15.950000000000001,171.0,33.35,151.4,28.830000000000002,33.17,33.85,93.0,15.65,57.7,99.7,242.0,2888.0,1.51,36.6,14.93,7.0200000000000005,35.93,28.97,0.0,241.0,1200.0
123842.03,37442.03,140.0,91.0,22.7,16.02,170.5,33.300000000000004,150.9,28.87,33.05,33.75,93.0,15.700000000000001,58.0,100.0,240.5,2893.0,1.56,36.75,15.02,7.03,36.04,29.060000000000002,0.0,236.0,1200.0
123902.03,37502.03,140.0,90.60000000000001,22.75,16.07,172.5,33.25,151.3,28.75,33.160000000000004,33.7,93.5,15.700000000000001,57.6,99.30000000000001,242.0,2889.0,1.31,36.7,14.97,6.97,36.0,28.92,1.0,235.0,1200.0
123962.029,37562.029,140.0,91.4,22.71,16.04,172.5,33.35,153.3,28.8,33.08,33.75,91.5,15.700000000000001,57.800000000000004,99.60000000000001,244.5,2890.0,1.41,36.65,15.040000000000001,6.98,36.06,28.97,2.0,240.0,1200.0
124022.029,37622.029,140.0,91.2,22.650000000000002,15.98,174.0,33.35,151.5,28.84,33.18,33.550000000000004,91.5,15.8,58.0,100.0,241.0,2894.0,1.37,36.7,15.02,6.98,36.12,28.990000000000002,0.0,240.0,1200.0
124082.029,37682.029,140.0,92.4,22.72,15.96,172.0,33.300000000000004,149.9,28.7,33.1,33.75,90.5,15.75,58.0,100.0,240.0,2893.0,1.29,36.5,15.05,7.05,35.96,28.91,2.0,241.0,1200.0
124142.029,37742.029,140.0,91.2,22.75,16.07,170.0,33.300000000000004,152.1,28.76,33.1,33.65,91.5,15.8,57.7,100.0,238.0,2891.0,1.36,36.75,15.06,7.03,36.07,28.96,0.0,238.0,1200.0
124202.029,37802.029,140.0,91.80000000000001,22.69,16.05,168.0,33.300000000000004,150.20000000000002,28.830000000000002,33.17,33.800000000000004,92.0,15.75,58.1,99.60000000000001,237.0,2890.0,1.42,36.5,14.98,6.97,36.050000000000004,28.93,0.0,236.5,1200.0
124262.028,37862.028,140.0,91.4,22.68,16.02,170.0,33.4,149.1,28.89,33.08,33.75,92.0,15.65,57.400000000000006,100.0,240.5,2889.0,1.47,36.6,15.040000000000001,6.95,35.97,29.12,1.0,239.5,1200.0
124322.028,37922.028,140.0,90.10000000000001,22.650000000000002,16.06,172.0,33.4,150.70000000000002,28.82,33.14,33.75,92.0,15.700000000000001,58.1,100.0,239.5,2893.0,1.37,36.6,15.030000000000001,6.94,35.95,28.94,0.0,239.5,1200.0
124382.028,37982.028,140.0,90.7,22.78,15.92,170.5,33.45,150.20000000000002,28.82,33.15,33.75,92.0,15.8,57.900000000000006,99.9,238.5,2894.0,1.36,36.800000000000004,15.01,6.99,35.980000000000004,29.11,1.0,242.0,1200.0
124442.028,38042.028,140.0,90.4,22.740000000000002,16.09,171.0,33.300000000000004,150.4,28.87,33.25,33.85,92.0,15.850000000000001,57.800000000000004,99.7,242.0,2893.0,1.49,36.6,15.06,6.94,35.980000000000004,29.02,0.0,237.5,1200.0
124502.028,38102.028,140.0,91.2,22.740000000000002,15.97,173.0,33.35,152.1,28.87,33.11,33.800000000000004,91.0,15.700000000000001,57.900000000000006,100.0,243.0,2889.0,1.49,36.65,15.01,7.0,36.0,28.97,1.0,238.5,1200.0
124562.028,38162.028,140.0,90.9,22.68,15.950000000000001,172.0,33.4,152.3,28.84,33.08,33.7,94.0,15.55,57.300000000000004,100.0,240.5,2892.0,1.31,36.65,15.05,6.98,35.94,29.0,1.0,239.0,1200.0
124622.027,38222.027,140.0,91.0,22.67,16.01,173.5,33.45,149.9,28.86,33.21,33.85,93.0,15.8,57.7,100.0,239.0,2891.0,1.3800000000000001,36.800000000000004,14.99,7.01,36.06,29.01,2.0,234.0,1200.0
124682.027,38282.027,140.0,90.2,22.69,16.03,170.5,33.5,152.0,28.86,33.18,33.800000000000004,93.5,15.65,57.400000000000006,100.0,247.0,2888.0,1.3900000000000001,36.800000000000004,15.030000000000001,6.98,36.03,28.98,0.0,243.0,1200.0
124742.027,38342.027,140.0,92.2,22.66,15.99,171.0,33.45,150.1,28.82,33.14,33.75,92.0,15.65,57.6,100.0,242.5,2897.0,1.43,36.550000000000004,14.96,7.01,36.0,29.04,0.0,236.5,1200.0
124802.027,38402.027,140.0,91.80000000000001,22.68,16.04,170.0,33.300000000000004,151.5,28.900000000000002,33.12,33.85,94.0,15.8,57.900000000000006,99.9,238.0,2889.0,1.3900000000000001,36.9,14.98,7.01,35.99,29.01,0.0,239.0,1200.0
124862.027,38462.027,140.0,92.30000000000001,22.69,15.99,170.5,33.45,150.4,28.87,33.160000000000004,33.85,92.5,15.65,57.900000000000006,100.0,245.0,2891.0,1.47,36.75,14.99,7.01,36.03,28.990000000000002,2.0,238.5,1200.0
124922.027,38522.027,140.0,90.30000000000001,22.67,15.98,171.5,33.45,151.1,28.84,33.17,33.800000000000004,92.0,15.700000000000001,57.7,100.0,239.5,2893.0,1.32,36.7,15.0,7.03,36.02,29.04,3.0,242.5,1200.0
124982.026,38582.026,140.0,90.4,22.72,16.05,173.0,33.45,150.3,28.84,33.06,33.75,92.0,15.700000000000001,58.0,99.9,240.5,2895.0,1.45,36.7,15.0,7.01,36.06,29.0,0.0,235.5,1200.0
125042.026,38642.026,140.0,90.9,22.650000000000002,16.03,171.5,33.35,151.20000000000002,28.88,33.22,33.7,92.0,15.8,57.6,100.0,241.0,2892.0,1.45,36.7,15.01,7.03,35.95,29.0,0.0,238.5,1200.0
125102.026,38702.026,140.0,91.5,22.66,16.04,170.5,33.45,151.4,28.88,33.11,33.85,94.0,15.75,57.800000000000004,100.0,239.5,2893.0,1.37,36.7,15.01,7.0200000000000005,36.04,29.11,1.0,241.5,1200.0
125162.026,38762.026,140.0,92.10000000000001,22.62,15.99,170.5,33.35,151.70000000000002,28.830000000000002,33.14,33.7,93.0,15.8,58.0,99.9,238.0,2893.0,1.44,36.75,15.0,6.99,35.97,28.96,0.0,240.0,1200.0
125222.026,38822.026,140.0,91.30000000000001,22.61,15.99,170.5,33.35,151.1,28.86,33.18,33.800000000000004,93.0,15.65,58.0,99.5,237.5,2890.0,1.46,36.7,14.96,7.01,35.93,29.07,4.0,237.0,1200.0
125282.026,38882.026,140.0,91.4,22.62,16.0,172.0,33.45,150.4,28.87,33.14,33.800000000000004,93.0,15.600000000000001,57.800000000000004,99.80000000000001,236.5,2894.0,1.34,36.7,14.950000000000001,6.96,35.94,29.03,0.0,236.0,1200.0
125342.025,38942.025,140.0,91.10000000000001,22.64,15.96,170.0,33.45,151.1,28.79,33.22,33.7,91.5,15.8,57.300000000000004,99.7,242.0,2892.0,1.46,36.800000000000004,14.98,6.96,35.97,28.98,0.0,239.0,1200.0
125402.025,39002.025,140.0,91.7,22.66,15.97,174.0,33.2,152.3,28.79,33.09,33.800000000000004,92.0,15.75,57.5,100.0,244.0,2893.0,1.44,36.75,14.99,6.98,35.99,29.01,2.0,241.0,1200.0
125462.025,39062.025,140.0,91.9,22.73,15.98,172.0,33.35,151.3,28.93,33.14,33.85,93.5,15.8,57.7,99.60000000000001,238.0,2894.0,1.53,36.65,14.94,7.0200000000000005,35.96,29.02,1.0,237.5,1200.0
125522.025,39122.025,140.0,91.2,22.650000000000002,16.01,173.0,33.300000000000004,152.5,28.82,33.15,33.75,92.0,15.65,57.400000000000006,99.4,243.0,2885.0,1.47,36.800000000000004,15.030000000000001,7.0600000000000005,36.04,29.05,0.0,234.5,1200.0
125582.025,39182.025,140.0,91.4,22.62,15.92,171.0,33.300000000000004,151.9,28.8,33.14,33.75,92.5,15.600000000000001,57.5,99.9,240.5,2890.0,1.5,36.6,15.030000000000001,6.98,36.01,29.03,0.0,237.5,1200.0
125642.025,39242.025,140.0,90.60000000000001,22.73,16.04,170.0,33.2,150.5,28.76,33.1,33.75,94.0,15.65,57.6,100.0,234.5,2893.0,1.3,36.65,15.030000000000001,7.0,36.06,29.07,0.0,239.5,1200.0
125702.024,39302.024,140.0,90.9,22.62,16.03,170.5,33.4,151.3,28.810000000000002,33.22,33.7,94.0,15.8,57.300000000000004,100.0,237.5,2888.0,1.32,36.75,15.030000000000001,7.01,36.06,28.95,0.0,237.0,1200.0
125762.024,39362.024,140.0,90.2,22.68,16.080000000000002,170.0,33.300000000000004,152.9,28.79,33.14,33.800000000000004,94.5,15.65,58.2,99.9,237.5,2888.0,1.27,36.6,14.950000000000001,7.03,36.04,29.03,1.0,240.5,1200.0
125822.024,39422.024,140.0,91.4,22.62,16.02,171.5,33.4,152.20000000000002,28.8,33.160000000000004,33.65,93.5,15.75,57.800000000000004,100.0,242.0,2885.0,1.35,36.6,15.08,6.96,36.0,29.01,0.0,243.0,1200.0
125882.024,39482.024,140.0,90.5,22.61,15.97,171.5,33.300000000000004,152.5,28.82,33.1,33.65,90.0,15.700000000000001,57.800000000000004,100.0,239.5,2886.0,1.44,36.75,14.98,7.04,35.97,29.060000000000002,0.0,241.0,1200.0
125942.024,39542.024,140.0,91.30000000000001,22.64,15.97,171.5,33.550000000000004,151.0,28.810000000000002,33.15,33.65,92.0,15.850000000000001,57.5,99.7,240.0,2891.0,1.48,36.550000000000004,15.0,6.96,36.050000000000004,29.02,2.0,240.0,1200.0
126002.024,39602.024,140.0,92.0,22.75,16.03,170.0,33.35,150.3,28.79,33.08,33.65,92.5,15.75,57.800000000000004,100.0,241.0,2890.0,1.42,36.550000000000004,14.96,6.99,36.0,28.98,2.0,238.5,1200.0
126062.023,39662.023,140.0,91.10000000000001,22.69,16.01,172.0,33.25,151.70000000000002,28.810000000000002,33.18,33.6,93.0,15.75,57.400000000000006,100.0,245.0,2890.0,1.42,36.800000000000004,14.97,6.97,35.99,28.95,0.0,240.0,1200.0
126122.023,39722.023,140.0,90.9,22.71,16.02,171.5,33.35,149.9,28.85,33.14,33.75,92.5,15.700000000000001,57.7,99.80000000000001,235.5,2894.0,1.43,36.75,15.02,7.03,36.0,28.990000000000002,0.0,239.0,1200.0
126182.023,39782.023,140.0,89.80000000000001,22.650000000000002,16.0,170.0,33.35,151.20000000000002,28.830000000000002,33.17,33.75,92.0,15.700000000000001,57.7,99.4,240.0,2887.0,1.3,36.75,15.05,6.97,36.0,28.98,0.0,240.0,1200.0
126242.023,39842.023,140.0,90.10000000000001,22.69,16.080000000000002,170.5,33.300000000000004,150.6,28.8,33.11,33.7,91.0,15.8,57.800000000000004,100.0,244.5,2890.0,1.59,36.7,14.99,6.99,35.99,28.97,3.0,242.5,1200.0
126302.023,39902.023,140.0,90.4,22.650000000000002,16.02,172.5,33.300000000000004,152.1,28.89,33.13,33.800000000000004,92.0,15.65,58.0,100.0,240.5,2891.0,1.56,36.65,14.98,6.95,35.86,28.97,0.0,239.5,1200.0
126362.023,39962.023,140.0,90.9,22.64,15.98,172.0,33.2,150.8,28.87,33.18,33.800000000000004,92.0,15.700000000000001,57.800000000000004,100.0,241.5,2889.0,1.41,36.7,15.040000000000001,6.94,36.03,29.04,1.0,240.0,1200.0
126422.022,40022.022,140.0,90.5,22.59,15.96,171.0,33.4,151.1,28.86,33.17,33.75,90.5,15.65,57.6,100.0,239.5,2892.0,1.3900000000000001,36.75,14.98,7.0600000000000005,36.04,29.0,0.0,242.0,1200.0
126482.022,40082.022,140.0,92.10000000000001,22.64,16.02,171.0,33.4,150.6,28.87,33.21,33.85,94.5,15.8,57.2,100.0,239.5,2894.0,1.44,36.65,15.040000000000001,6.96,36.02,28.93,0.0,243.0,1200.0
126542.022,40142.022,140.0,91.30000000000001,22.64,16.01,172.0,33.4,149.0,28.82,33.160000000000004,33.85,94.0,15.700000000000001,57.1,100.0,238.0,2892.0,1.24,36.800000000000004,14.98,7.04,35.95,28.95,0.0,236.5,1200.0
126602.022,40202.022,140.0,91.80000000000001,22.64,15.950000000000001,173.0,33.45,151.0,29.03,33.13,33.75,92.0,15.700000000000001,57.2,99.7,238.0,2893.0,1.53,36.65,15.040000000000001,7.0,35.94,29.03,1.0,240.5,1200.0
126662.022,40262.022,140.0,91.60000000000001,22.63,16.0,172.5,33.45,150.5,28.87,33.2,33.800000000000004,93.5,15.65,57.300000000000004,100.0,238.5,2890.0,1.51,36.6,15.05,6.95,36.06,29.03,0.0,237.0,1200.0
126722.022,40322.022,140.0,90.9,22.63,16.0,171.5,33.4,151.5,28.86,33.21,33.85,91.0,15.65,57.1,99.9,236.0,2889.0,1.32,36.65,14.97,7.05,35.97,29.01,0.0,237.0,1200.0
126782.021,40382.021,140.0,91.4,22.64,15.98,169.5,33.4,150.20000000000002,28.95,33.18,33.7,92.0,15.8,57.7,100.0,237.5,2891.0,1.54,36.65,14.91,6.92,36.0,28.98,0.0,243.0,1200.0
126842.021,40442.021,140.0,91.5,22.63,15.96,172.0,33.45,151.3,28.85,33.17,33.7,91.0,15.5,57.6,99.7,241.5,2886.0,1.31,36.7,15.0,6.95,36.0,29.09,0.0,238.5,1200.0
126902.021,40502.021,140.0,92.60000000000001,22.64,15.97,171.0,33.45,150.8,28.85,33.29,33.65,89.5,15.8,57.2,99.7,240.5,2891.0,1.41,36.65,14.96,6.96,35.94,29.05,2.0,238.0,1200.0
126962.021,40562.021,140.0,91.80000000000001,22.69,15.9,170.0,33.550000000000004,152.20000000000002,28.92,33.19,33.9,91.0,15.850000000000001,57.6,100.0,241.0,2895.0,1.4000000000000001,36.6,15.02,6.98,36.06,29.060000000000002,0.0,238.5,1200.0
127022.021,40622.021,140.0,91.4,22.68,15.98,170.5,33.25,151.6,28.86,33.25,33.75,94.5,15.75,57.2,100.0,237.5,2887.0,1.29,36.800000000000004,15.08,7.0600000000000005,35.96,29.01,1.0,244.0,1200.0
127082.021,40682.021,140.0,89.2,22.7,16.02,172.5,33.4,152.0,28.82,33.11,33.800000000000004,94.0,15.8,57.400000000000006,100.0,241.5,2898.0,1.41,36.75,15.0,6.99,35.97,28.92,0.0,244.0,1200.0
127142.02,40742.02,140.0,90.4,22.67,16.0,171.5,33.4,152.3,28.86,33.27,33.800000000000004,91.5,15.8,57.7,100.0,240.0,2890.0,1.46,36.7,15.02,7.05,36.04,29.060000000000002,0.0,236.5,1200.0
127202.02,40802.02,140.0,91.10000000000001,22.78,16.03,170.0,33.45,153.4,28.88,33.160000000000004,33.85,92.0,15.8,57.400000000000006,99.80000000000001,242.5,2896.0,1.35,36.75,14.97,7.0200000000000005,36.1,29.02,1.0,243.5,1200.0
127262.02,40862.02,140.0,91.2,22.73,16.03,172.0,33.45,151.70000000000002,28.76,33.1,33.800000000000004,92.5,15.75,57.7,100.0,241.5,2893.0,1.41,36.800000000000004,14.99,7.03,35.95,29.03,1.0,244.0,1200.0
127322.02,40922.02,140.0,91.5,22.75,16.01,169.5,33.5,151.5,28.900000000000002,33.24,33.800000000000004,92.0,15.700000000000001,58.0,100.0,241.5,2892.0,1.3900000000000001,36.6,15.01,6.99,36.04,28.900000000000002,3.0,236.5,1200.0
127382.02,40982.02,140.0,90.10000000000001,22.72,16.0,171.0,33.35,153.3,28.94,33.26,33.75,91.0,15.700000000000001,57.7,100.0,237.0,2894.0,1.19,36.75,15.06,6.97,36.1,29.02,0.0,238.5,1200.0
127442.02,41042.02,140.0,89.30000000000001,22.71,16.0,172.5,33.300000000000004,152.20000000000002,28.84,33.12,33.800000000000004,92.5,15.75,57.6,100.0,240.5,2891.0,1.46,36.75,15.02,7.03,36.09,28.95,0.0,236.5,1200.0
127502.02,41102.02,140.0,88.7,22.68,16.02,170.5,33.35,150.5,28.88,33.09,33.75,94.5,15.700000000000001,57.900000000000006,100.0,239.0,2899.0,1.3900000000000001,36.7,15.08,6.98,35.95,28.990000000000002,0.0,245.5,1200.0
127562.019,41162.019,140.0,90.60000000000001,22.73,15.950000000000001,171.5,33.35,150.20000000000002,28.92,33.25,33.65,94.0,15.75,57.900000000000006,100.0,242.5,2887.0,1.3800000000000001,36.65,15.02,7.05,35.96,28.98,1.0,239.0,1200.0
127622.019,41222.019,140.0,90.5,22.67,16.04,172.5,33.300000000000004,151.9,28.79,33.18,33.75,94.0,15.65,57.5,99.5,243.5,2895.0,1.46,36.800000000000004,15.05,7.04,35.910000000000004,29.02,2.0,240.0,1200.0
127682.019,41282.019,140.0,91.2,22.650000000000002,16.01,171.0,33.45,151.1,28.810000000000002,33.17,33.800000000000004,92.5,15.65,58.1,100.0,239.5,2893.0,1.51,36.85,15.07,6.96,35.910000000000004,28.96,1.0,238.5,1200.0
127742.019,41342.019,140.0,91.80000000000001,22.66,15.98,170.5,33.5,152.5,28.830000000000002,33.19,33.800000000000004,94.0,15.700000000000001,57.400000000000006,99.5,243.0,2888.0,1.45,36.550000000000004,15.040000000000001,6.98,35.97,28.94,0.0,240.5,1200.0
127802.019,41402.019,140.0,89.60000000000001,22.67,15.96,171.0,33.35,151.4,28.85,33.230000000000004,33.7,93.0,15.55,57.5,100.0,240.5,2895.0,1.35,36.6,14.98,6.96,36.09,28.94,1.0,237.0,1200.0
127862.019,41462.019,140.0,91.5,22.61,15.99,169.0,33.35,151.8,28.85,33.04,33.75,94.5,15.850000000000001,57.7,99.60000000000001,242.5,2892.0,1.18,36.6,14.97,7.0,36.0,28.96,3.0,236.0,1200.0
127922.018,41522.018,140.0,89.7,22.7,16.02,172.0,33.45,152.8,28.85,33.17,33.800000000000004,91.0,15.75,57.1,99.80000000000001,234.0,2888.0,1.31,36.7,15.030000000000001,6.98,35.96,28.98,1.0,238.0,1200.0
127982.018,41582.018,140.0,92.10000000000001,22.72,16.04,171.5,33.35,150.9,28.79,33.12,33.7,92.5,15.850000000000001,57.900000000000006,100.0,241.5,2887.0,1.49,36.6,15.02,6.96,36.03,28.93,0.0,238.5,1200.0
128042.018,41642.018,140.0,91.0,22.66,16.02,171.0,33.35,152.0,28.77,33.11,33.75,93.5,15.75,56.800000000000004,99.5,243.0,2888.0,1.49,36.7,15.01,7.05,35.97,28.97,1.0,235.5,1200.0
128102.018,41702.018,140.0,91.0,22.64,15.98,171.0,33.5,151.9,28.78,33.17,33.7,94.5,15.600000000000001,57.900000000000006,99.9,241.0,2894.0,1.49,36.65,15.01,6.95,36.04,29.05,1.0,234.5,1200.0
128162.018,41762.018,140.0,90.4,22.73,15.99,170.0,33.300000000000004,152.5,28.830000000000002,33.17,33.65,90.0,15.700000000000001,58.0,99.4,238.5,2890.0,1.41,36.75,14.98,7.0,35.95,29.11,0.0,241.0,1200.0
128222.018,41822.018,140.0,91.2,22.62,15.98,171.5,33.45,152.5,28.88,33.19,33.800000000000004,93.5,15.75,57.2,100.0,236.5,2892.0,1.43,36.85,15.030000000000001,6.99,36.0,29.0,1.0,239.5,1200.0
128282.018,41882.018,140.0,91.10000000000001,22.650000000000002,16.05,170.5,33.35,153.0,28.92,33.09,33.65,93.0,15.75,58.1,99.9,236.5,2888.0,1.45,36.6,15.01,7.0,36.01,29.07,0.0,241.5,1200.0
128342.017,41942.017,140.0,91.0,22.67,16.03,172.0,33.35,151.6,28.82,33.07,33.85,92.0,15.8,57.7,99.60000000000001,243.0,2890.0,1.36,36.7,15.0,7.01,36.02,28.990000000000002,4.0,242.5,1200.0
128402.017,42002.017,140.0,90.9,22.69,15.99,171.0,33.35,151.20000000000002,28.94,33.05,33.75,94.0,15.700000000000001,57.400000000000006,99.9,242.0,2887.0,1.49,36.65,15.06,7.03,36.03,28.95,0.0,241.0,1200.0
128462.017,42062.017,140.0,92.10000000000001,22.650000000000002,15.99,171.5,33.4,150.20000000000002,28.84,33.3,33.85,93.0,15.700000000000001,57.5,99.60000000000001,234.5,2893.0,1.35,36.65,15.06,7.09,36.01,28.990000000000002,0.0,236.0,1200.0
128522.017,42122.017,140.0,91.0,22.59,16.0,169.5,33.25,150.6,28.91,33.1,33.7,91.0,15.700000000000001,57.900000000000006,99.9,236.5,2888.0,1.36,36.75,14.97,6.99,35.93,28.93,0.0,240.0,1200.0
128582.017,42182.017,140.0,92.60000000000001,22.59,16.03,173.5,33.45,152.5,28.78,33.2,33.7,94.0,15.700000000000001,57.900000000000006,99.60000000000001,238.5,2891.0,1.48,36.75,15.02,6.99,35.94,28.94,0.0,242.0,1200.0
128642.017,42242.017,140.0,90.30000000000001,22.650000000000002,15.96,172.0,33.4,151.1,28.82,33.06,33.65,92.0,15.55,58.0,99.9,239.0,2897.0,1.4000000000000001,36.9,14.97,6.95,35.96,29.01,2.0,236.0,1200.0
128702.017,42302.017,140.0,91.5,22.67,16.06,173.5,33.45,150.4,28.84,33.27,33.800000000000004,94.5,15.700000000000001,57.2,100.0,241.0,2886.0,1.35,36.65,14.97,7.03,35.980000000000004,29.0,1.0,238.0,1200.0
128762.016,42362.016,140.0,90.7,22.61,15.99,172.0,33.4,151.3,28.82,33.160000000000004,33.7,92.0,15.75,57.7,100.0,239.0,2887.0,1.46,36.65,14.98,7.0200000000000005,36.02,29.03,2.0,242.0,1200.0
128822.016,42422.016,140.0,89.60000000000001,22.650000000000002,15.99,171.5,33.35,151.1,28.79,33.08,33.75,92.0,15.700000000000001,57.300000000000004,100.0,241.0,2887.0,1.51,36.75,14.91,7.08,36.08,29.0,0.0,241.0,1200.0
128882.016,42482.016,140.0,92.10000000000001,22.72,15.93,170.0,33.4,151.8,28.77,33.15,33.85,92.5,15.700000000000001,57.7,99.60000000000001,233.0,2888.0,1.43,36.65,15.01,7.03,36.0,28.96,0.0,240.0,1200.0
128942.016,42542.016,140.0,91.60000000000001,22.72,15.97,172.5,33.35,152.0,28.810000000000002,33.06,33.65,92.5,15.700000000000001,57.300000000000004,99.5,239.5,2885.0,1.41,36.6,14.94,7.05,36.0,28.900000000000002,0.0,241.5,1200.0
129002.016,42602.016,140.0,92.0,22.64,15.98,171.5,33.35,149.6,28.92,33.09,33.7,91.5,15.600000000000001,57.800000000000004,100.0,238.0,2885.0,1.42,36.6,15.02,6.95,35.99,29.01,0.0,239.0,1200.0
129062.016,42662.016,140.0,90.0,22.69,15.950000000000001,171.0,33.300000000000004,151.1,28.77,33.160000000000004,33.75,92.0,15.65,57.400000000000006,99.80000000000001,235.5,2888.0,1.26,36.7,15.06,7.01,36.03,28.93,0.0,240.0,1200.0
129122.015,42722.015,140.0,91.7,22.6,15.92,168.0,33.35,151.0,28.82,33.1,33.65,93.5,15.8,57.6,100.0,238.5,2881.0,1.46,36.65,14.98,7.0,36.04,29.04,1.0,238.0,1200.0
129182.015,42782.015,140.0,90.7,22.61,15.96,173.5,33.2,151.20000000000002,28.8,33.18,33.7,91.0,15.600000000000001,57.400000000000006,100.0,236.5,2886.0,1.33,36.65,14.99,7.07,35.99,29.01,0.0,242.5,1200.0
129242.015,42842.015,140.0,90.0,22.62,15.97,171.5,33.35,152.5,28.79,33.09,33.7,91.5,15.65,57.7,99.80000000000001,233.5,2885.0,1.6,36.7,14.91,7.0200000000000005,35.99,28.98,0.0,240.0,1200.0
129302.015,42902.015,140.0,92.7,22.650000000000002,15.94,171.0,33.45,150.0,28.78,33.08,33.800000000000004,92.5,15.700000000000001,57.7,100.0,236.5,2892.0,1.31,36.6,15.05,7.04,36.0,29.01,1.0,237.0,1200.0
129362.015,42962.015,140.0,92.0,22.64,16.04,170.0,33.45,152.0,28.76,33.15,33.9,94.0,15.8,57.400000000000006,99.9,238.0,2888.0,1.41,36.6,15.02,6.96,36.09,28.94,3.0,237.5,1200.0
129422.015,43022.015,140.0,90.0,22.62,15.97,171.0,33.35,150.6,28.830000000000002,33.08,33.75,92.5,15.8,57.400000000000006,100.0,235.5,2886.0,1.42,36.75,15.01,7.0,36.0,29.0,1.0,241.5,1200.0
129482.015,43082.015,140.0,91.5,22.69,16.02,169.5,33.4,151.9,28.85,33.1,33.65,90.5,15.75,57.800000000000004,100.0,239.5,2886.0,1.45,36.65,15.01,6.95,35.95,29.03,0.0,239.5,1200.0
129542.014,43142.014,140.0,90.9,22.72,16.0,171.5,33.4,152.4,28.91,33.17,33.7,91.0,15.700000000000001,58.7,100.0,239.0,2897.0,1.36,36.6,15.01,7.0,36.04,29.04,0.0,238.5,1200.0
129602.014,43202.014,140.0,91.2,22.66,16.04,169.5,33.4,151.5,28.85,33.15,33.7,93.0,15.75,57.0,99.5,240.0,2889.0,1.33,36.65,15.02,6.98,35.95,29.03,1.0,237.5,1200.0
129662.014,43262.014,140.0,90.9,22.650000000000002,16.0,170.0,33.4,150.3,28.78,33.11,33.75,92.5,15.850000000000001,57.6,99.9,239.0,2887.0,1.43,36.75,14.99,6.96,36.02,29.03,0.0,243.5,1200.0
129722.014,43322.014,140.0,89.10000000000001,22.63,16.0,170.0,33.25,153.3,28.66,33.14,33.800000000000004,93.0,15.600000000000001,57.400000000000006,99.9,242.0,2890.0,1.41,36.6,15.01,6.96,36.07,28.94,3.0,238.0,1200.0
129782.014,43382.014,140.0,92.2,22.59,16.05,170.0,33.300000000000004,150.5,28.79,33.09,33.65,90.5,15.65,57.5,99.30000000000001,241.0,2884.0,1.47,36.6,15.01,7.04,36.03,28.96,2.0,242.0,1200.0
129842.014,43442.014,140.0,90.0,22.68,16.03,171.0,33.25,151.70000000000002,28.8,33.05,33.800000000000004,91.0,15.700000000000001,57.7,99.60000000000001,236.0,2886.0,1.48,36.7,14.98,6.95,36.03,29.05,1.0,239.0,1200.0
129902.014,43502.014,140.0,90.9,22.67,16.03,172.0,33.2,152.5,28.79,33.07,33.7,90.5,15.8,57.7,99.7,241.0,2882.0,1.41,36.800000000000004,14.94,6.95,35.980000000000004,28.96,0.0,238.5,1200.0
129962.013,43562.013,140.0,90.60000000000001,22.64,16.03,171.5,33.25,151.6,28.78,33.1,33.75,94.5,15.75,57.7,100.0,237.0,2879.0,1.48,36.6,15.030000000000001,7.0,35.97,28.95,1.0,236.5,1200.0
130022.013,43622.013,140.0,90.4,22.69,16.06,173.0,33.25,152.6,28.79,33.07,33.7,92.0,15.75,57.2,100.0,239.5,2889.0,1.52,36.75,15.030000000000001,7.0600000000000005,36.02,29.05,1.0,237.5,1200.0
130082.013,43682.013,140.0,92.60000000000001,22.71,15.950000000000001,171.5,33.2,151.70000000000002,28.77,33.06,33.65,92.5,15.950000000000001,57.6,100.0,233.0,2882.0,1.32,36.65,14.98,6.99,35.96,28.94,1.0,241.5,1200.0
130142.013,43742.013,140.0,91.9,22.6,16.02,170.0,33.25,149.20000000000002,28.72,33.07,33.65,90.5,15.600000000000001,58.1,100.0,242.0,2889.0,1.43,36.550000000000004,15.0,7.0,36.07,28.900000000000002,0.0,232.5,1200.0
130202.013,43802.013,140.0,91.7,22.6,16.0,172.0,33.25,151.1,28.68,33.06,33.7,91.0,15.75,57.2,100.0,230.5,2882.0,1.42,36.6,15.0,7.0,35.9,29.02,0.0,236.0,1200.0
130262.013,43862.013,140.0,90.10000000000001,22.77,15.94,168.0,33.25,152.0,28.77,33.07,33.7,93.0,15.65,58.0,100.0,241.5,2886.0,1.4000000000000001,36.550000000000004,15.05,7.04,35.980000000000004,28.93,2.0,237.0,1200.0
130322.013,43922.013,140.0,91.0,22.68,16.04,172.5,33.2,151.0,28.87,33.12,33.6,91.0,15.600000000000001,57.7,100.0,239.0,2890.0,1.43,36.65,14.98,6.95,36.0,29.09,0.0,237.0,1200.0
130382.013,43982.013,140.0,91.30000000000001,22.7,16.03,169.0,33.15,151.5,28.7,33.06,33.75,90.5,15.65,57.900000000000006,99.60000000000001,233.0,2892.0,1.48,36.65,15.0,6.96,36.12,28.94,0.0,234.0,1200.0
130442.012,44042.012,140.0,89.80000000000001,22.71,15.96,173.5,33.4,150.8,28.67,33.12,33.65,93.5,15.75,58.2,100.0,240.5,2882.0,1.17,36.65,15.030000000000001,6.94,36.11,28.990000000000002,0.0,238.0,1200.0
130502.012,44102.012,140.0,91.60000000000001,22.68,16.01,170.0,33.4,150.20000000000002,28.76,33.1,33.75,93.5,15.700000000000001,57.6,99.80000000000001,236.5,2882.0,1.3900000000000001,36.65,15.02,6.92,36.03,28.98,0.0,244.0,1200.0
130562.012,44162.012,140.0,91.30000000000001,22.72,15.98,172.0,33.300000000000004,149.4,28.7,33.06,33.7,92.0,15.600000000000001,57.900000000000006,100.0,239.0,2890.0,1.41,36.5,15.07,6.97,36.03,28.900000000000002,0.0,236.5,1200.0
130622.012,44222.012,140.0,90.0,22.69,16.01,171.0,33.35,152.0,28.75,33.12,33.6,92.0,15.8,58.1,100.0,240.0,2890.0,1.3800000000000001,36.7,15.030000000000001,6.98,35.94,29.0,1.0,237.5,1200.0
130682.012,44282.012,140.0,91.4,22.69,15.97,170.0,33.35,151.3,28.740000000000002,33.14,33.65,91.0,15.700000000000001,57.6,100.0,241.0,2885.0,1.35,36.550000000000004,15.05,7.0,36.06,29.1,1.0,239.5,1200.0
130742.012,44342.012,140.0,92.0,22.73,16.02,172.0,33.25,151.4,28.84,33.06,33.65,89.5,15.600000000000001,57.7,100.0,235.5,2892.0,1.47,36.75,14.99,7.01,35.93,29.07,0.0,240.0,1200.0
130802.012,44402.012,140.0,89.5,22.71,16.02,170.5,33.35,151.0,28.75,33.15,33.550000000000004,90.5,15.700000000000001,58.0,100.0,242.0,2886.0,1.45,36.6,14.99,6.95,35.89,28.98,0.0,238.5,1200.0
130862.011,44462.011,140.0,93.4,22.71,15.97,171.5,33.25,151.70000000000002,28.77,33.05,33.7,92.0,15.600000000000001,57.7,99.9,241.5,2893.0,1.4000000000000001,36.35,15.030000000000001,6.98,36.050000000000004,29.01,1.0,239.5,1200.0
130922.011,44522.011,140.0,91.2,22.68,15.98,172.5,33.300000000000004,149.70000000000002,28.87,33.05,33.75,95.5,15.75,57.7,100.0,239.0,2888.0,1.6400000000000001,36.65,15.02,7.07,35.99,29.07,2.0,237.0,1200.0
130982.011,44582.011,140.0,92.0,22.7,15.97,172.0,33.300000000000004,153.0,28.85,33.04,33.550000000000004,93.0,15.850000000000001,57.7,100.0,241.0,2891.0,1.42,36.550000000000004,15.05,7.03,35.910000000000004,28.98,1.0,237.5,1200.0
131042.011,44642.011,140.0,91.7,22.69,15.94,171.5,33.35,151.5,28.76,33.160000000000004,33.7,92.0,15.700000000000001,57.900000000000006,100.0,244.0,2886.0,1.41,36.65,15.02,6.96,36.01,28.990000000000002,1.0,241.0,1200.0
131102.011,44702.011,140.0,92.5,22.68,15.97,171.5,33.4,151.3,28.73,33.17,33.85,91.5,15.700000000000001,57.5,99.7,242.0,2893.0,1.22,36.6,15.06,7.04,35.99,29.04,0.0,236.5,1200.0
131162.011,44762.011,140.0,90.80000000000001,22.64,16.02,169.5,33.25,150.0,28.84,33.18,33.9,93.0,15.600000000000001,57.900000000000006,100.0,240.0,2894.0,1.6600000000000001,36.7,14.99,6.97,36.07,29.03,0.0,237.0,1200.0
131222.011,44822.011,140.0,92.2,22.64,16.01,171.0,33.300000000000004,149.5,28.830000000000002,33.15,33.800000000000004,91.5,15.75,58.1,100.0,240.5,2891.0,1.22,36.65,14.99,6.98,36.04,29.03,3.0,243.0,1200.0
131282.01,44882.01,140.0,92.10000000000001,22.79,16.0,173.5,33.5,152.3,28.89,33.230000000000004,33.75,90.0,15.700000000000001,58.400000000000006,100.0,242.0,2892.0,1.41,36.75,14.950000000000001,7.05,35.95,29.05,0.0,239.5,1200.0
131342.01,44942.01,140.0,90.2,22.76,16.05,172.0,33.5,150.6,28.91,33.18,33.85,92.0,15.75,58.0,99.7,244.5,2896.0,1.37,36.6,15.02,6.99,36.02,29.03,0.0,239.5,1200.0
131402.01,45002.01,140.0,90.5,22.69,15.950000000000001,172.5,33.550000000000004,150.6,28.91,33.17,33.75,91.5,15.850000000000001,57.400000000000006,99.9,243.5,2893.0,1.26,36.65,15.07,7.01,35.93,29.03,0.0,239.0,1200.0
131462.01,45062.01,140.0,91.80000000000001,22.67,15.96,171.5,33.35,151.8,28.78,33.25,33.75,91.5,15.8,57.7,99.60000000000001,233.5,2896.0,1.47,36.7,15.0,7.0,36.07,28.94,2.0,239.0,1200.0
131522.01,45122.01,140.0,92.5,22.68,16.07,172.0,33.5,151.4,28.78,33.27,33.65,92.0,15.8,58.1,100.0,240.0,2891.0,1.42,36.6,15.07,6.94,36.04,29.1,2.0,245.0,1200.0
131582.01,45182.01,140.0,90.4,22.71,16.02,172.0,33.5,152.8,28.830000000000002,33.19,33.7,93.0,15.700000000000001,57.800000000000004,100.0,236.5,2896.0,1.25,36.75,15.02,6.99,35.99,29.0,0.0,241.5,1200.0
131642.01,45242.01,140.0,90.5,22.8,16.07,171.0,33.4,151.0,28.79,33.17,33.7,92.5,15.700000000000001,58.0,99.80000000000001,241.0,2890.0,1.48,36.800000000000004,14.98,7.01,35.980000000000004,28.990000000000002,1.0,240.0,1200.0
131702.01,45302.01,140.0,90.4,22.72,15.97,169.5,33.5,151.9,28.900000000000002,33.12,33.800000000000004,92.5,15.75,58.0,100.0,241.0,2894.0,1.6500000000000001,36.85,14.96,6.98,35.980000000000004,28.96,0.0,240.0,1200.0
131762.009,45362.009,140.0,90.4,22.740000000000002,16.04,169.5,33.25,151.0,28.76,33.22,33.65,93.0,15.700000000000001,57.7,100.0,242.0,2891.0,1.47,36.6,15.0,7.0200000000000005,35.95,29.03,0.0,242.5,1200.0
131822.009,45422.009,140.0,90.7,22.73,16.03,171.0,33.300000000000004,154.20000000000002,28.87,33.19,33.75,91.5,15.65,57.5,100.0,243.0,2896.0,1.43,36.7,14.98,7.03,36.01,28.95,2.0,242.5,1200.0
131882.009,45482.009,140.0,91.0,22.71,15.99,171.5,33.35,150.8,28.89,33.12,33.7,94.5,15.950000000000001,57.5,99.7,243.0,2894.0,1.49,36.75,14.99,7.03,36.07,28.990000000000002,0.0,238.5,1200.0
131942.009,45542.009,140.0,90.80000000000001,22.75,16.07,172.0,33.25,151.6,28.740000000000002,33.12,33.7,94.0,15.75,58.800000000000004,100.0,236.5,2893.0,1.33,36.75,14.96,7.08,36.06,29.09,0.0,242.0,1200.0
132002.009,45602.009,140.0,89.7,22.7,16.06,171.0,33.45,152.70000000000002,28.79,33.14,33.65,93.0,15.850000000000001,57.7,99.5,241.5,2890.0,1.5,36.7,14.99,6.97,36.0,28.92,0.0,241.0,1200.0
132062.009,45662.009,140.0,90.4,22.64,15.94,172.0,33.35,151.9,28.810000000000002,33.08,33.800000000000004,94.5,15.8,58.1,100.0,245.5,2894.0,1.51,36.7,15.02,6.99,35.97,29.0,0.0,241.5,1200.0
132122.009,45722.009,140.0,90.4,22.75,15.99,172.0,33.45,151.8,28.87,32.99,33.800000000000004,90.5,15.8,58.0,99.7,246.0,2895.0,1.47,36.7,15.0,7.0200000000000005,36.06,29.02,0.0,246.0,1200.0
132182.009,45782.009,140.0,91.30000000000001,22.68,16.04,170.0,33.35,152.0,28.93,33.14,33.95,93.0,15.700000000000001,57.900000000000006,100.0,240.0,2890.0,1.53,36.65,14.93,7.09,36.01,29.060000000000002,0.0,239.0,1200.0
132242.008,45842.008,140.0,90.80000000000001,22.63,16.03,171.5,33.5,150.8,28.830000000000002,33.13,33.65,93.5,15.950000000000001,57.6,100.0,244.5,2896.0,1.41,36.75,15.030000000000001,7.0,36.04,28.96,0.0,239.5,1200.0
132302.008,45902.008,140.0,91.2,22.59,16.03,172.0,33.25,150.8,28.82,33.13,33.800000000000004,93.0,15.75,57.6,100.0,242.5,2892.0,1.3800000000000001,36.7,14.950000000000001,6.96,36.01,29.0,2.0,244.5,1200.0
132362.008,45962.008,140.0,91.5,22.72,16.03,170.5,33.4,151.4,28.76,33.05,33.65,92.5,15.8,58.0,100.0,239.5,2894.0,1.3900000000000001,36.800000000000004,14.97,7.05,36.050000000000004,29.02,0.0,241.0,1200.0
132422.008,46022.008,140.0,91.7,22.7,15.89,172.0,33.35,151.3,28.87,33.12,33.6,93.5,15.65,57.5,99.9,239.5,2889.0,1.31,36.6,14.950000000000001,6.96,36.03,29.060000000000002,0.0,237.5,1200.0
132482.008,46082.008,140.0,90.0,22.71,15.96,170.0,33.25,151.4,28.84,33.19,33.800000000000004,92.5,15.75,58.0,100.0,238.5,2891.0,1.48,36.550000000000004,15.05,7.08,36.07,29.02,0.0,238.0,1200.0
132542.008,46142.008,140.0,92.30000000000001,22.68,16.04,168.5,33.45,151.6,28.8,33.14,33.85,90.5,15.700000000000001,57.7,99.60000000000001,242.5,2890.0,1.3900000000000001,36.6,14.99,6.93,36.07,28.95,2.0,238.5,1200.0
132602.008,46202.008,140.0,91.10000000000001,22.7,16.0,169.5,33.35,150.1,28.84,33.18,33.7,95.0,15.8,57.2,100.0,240.0,2884.0,1.3800000000000001,36.550000000000004,15.01,7.01,36.0,29.02,0.0,239.5,1200.0
132662.008,46262.008,140.0,90.30000000000001,22.62,15.97,172.5,33.25,150.3,28.77,33.11,33.6,93.5,15.75,57.300000000000004,99.4,234.5,2886.0,1.36,36.7,15.05,7.04,36.02,28.92,3.0,237.0,1200.0
132722.007,46322.007,140.0,90.10000000000001,22.67,15.950000000000001,170.0,33.2,151.6,28.82,33.1,33.65,92.0,15.9,56.900000000000006,100.0,239.5,2892.0,1.46,36.75,15.0,6.98,35.95,28.98,0.0,232.0,1200.0
132782.007,46382.007,140.0,89.9,22.73,15.97,170.0,33.35,150.3,28.76,33.15,33.800000000000004,92.5,15.850000000000001,58.2,99.7,242.5,2886.0,1.3900000000000001,36.6,14.98,7.03,35.97,28.95,3.0,237.0,1200.0
132842.007,46442.007,140.0,91.9,22.71,16.01,170.0,33.25,152.6,28.650000000000002,33.09,33.550000000000004,93.5,15.700000000000001,58.0,100.0,238.0,2892.0,1.44,36.7,15.0,7.04,35.980000000000004,29.05,0.0,239.0,1200.0
132902.007,46502.007,140.0,91.80000000000001,22.69,16.04,171.0,33.35,150.4,28.77,33.07,33.65,93.0,15.55,57.6,100.0,237.5,2886.0,1.6500000000000001,36.550000000000004,15.02,6.92,36.04,28.96,0.0,241.0,1200.0
132962.007,46562.007,140.0,90.2,22.71,15.96,171.5,33.4,151.8,28.740000000000002,33.15,33.65,93.0,15.700000000000001,58.300000000000004,99.9,241.0,2889.0,1.58,36.7,15.01,7.0,36.03,28.95,0.0,238.5,1200.0
133022.007,46622.007,140.0,90.10000000000001,22.75,16.02,172.0,33.2,151.9,28.75,33.08,33.6,93.0,15.850000000000001,58.0,100.0,240.5,2890.0,1.32,36.550000000000004,14.94,7.01,36.09,29.05,0.0,233.5,1200.0
133082.007,46682.007,140.0,91.4,22.68,15.99,172.5,33.15,151.1,28.810000000000002,33.05,33.6,91.5,15.850000000000001,57.900000000000006,100.0,237.5,2881.0,1.43,36.65,15.040000000000001,6.93,35.96,28.94,0.0,244.0,1200.0
133142.007,46742.007,140.0,90.60000000000001,22.740000000000002,16.01,169.0,33.4,151.6,28.66,33.11,33.65,91.5,15.8,58.0,100.0,241.0,2884.0,1.41,36.9,14.99,6.98,35.99,29.03,0.0,238.5,1200.0
133202.006,46802.006,140.0,92.4,22.68,16.05,172.0,33.4,153.5,28.78,33.08,33.65,93.0,15.700000000000001,58.1,100.0,239.5,2886.0,1.37,36.550000000000004,15.02,7.08,36.02,29.0,0.0,241.5,1200.0
133262.006,46862.006,140.0,91.30000000000001,22.81,16.09,171.0,33.300000000000004,150.5,28.69,33.06,33.65,93.0,15.55,58.900000000000006,99.9,241.5,2883.0,1.23,36.800000000000004,14.97,6.99,35.96,29.01,0.0,240.0,1200.0
133322.006,46922.006,140.0,89.4,22.71,16.01,169.5,33.25,152.0,28.76,33.07,33.65,93.5,15.65,58.0,100.0,244.5,2892.0,1.25,36.550000000000004,15.0,7.0,36.0,29.12,0.0,236.0,1200.0
133382.006,46982.006,140.0,90.9,22.81,16.07,169.5,33.15,151.8,28.72,32.99,33.7,92.0,15.75,58.1,99.7,239.5,2888.0,1.43,36.75,15.06,7.03,35.980000000000004,29.05,0.0,245.0,1200.0
133442.006,47042.006,140.0,92.0,22.76,16.01,172.5,33.2,153.20000000000002,28.72,33.0,33.45,93.0,15.65,58.5,100.0,238.5,2888.0,1.35,36.65,14.92,6.99,36.02,29.03,0.0,239.0,1200.0
133502.006,47102.006,140.0,91.60000000000001,22.75,16.03,170.0,33.300000000000004,151.20000000000002,28.740000000000002,33.07,33.65,92.5,15.65,58.5,100.0,239.5,2891.0,1.46,36.550000000000004,14.870000000000001,7.07,36.03,28.94,2.0,242.0,1200.0
133562.006,47162.006,140.0,90.10000000000001,22.68,15.950000000000001,171.5,33.300000000000004,150.0,28.72,33.07,33.550000000000004,90.5,15.65,58.400000000000006,99.80000000000001,235.5,2885.0,1.57,36.6,14.96,6.99,36.02,28.990000000000002,0.0,238.0,1200.0
133622.006,47222.006,140.0,90.2,22.740000000000002,16.06,169.5,33.2,152.1,28.73,32.99,33.550000000000004,93.5,15.5,58.2,99.9,234.5,2885.0,1.32,36.6,15.0,7.0,36.050000000000004,28.91,0.0,243.5,1200.0
133682.005,47282.005,140.0,90.2,22.68,16.03,171.0,33.050000000000004,150.8,28.67,32.980000000000004,33.550000000000004,94.0,15.65,57.800000000000004,100.0,239.0,2879.0,1.52,36.550000000000004,15.0,7.05,35.95,28.97,1.0,237.0,1200.0
133742.005,47342.005,140.0,91.10000000000001,22.740000000000002,15.99,170.0,33.25,150.5,28.64,33.01,33.5,94.0,15.75,58.0,100.0,239.0,2885.0,1.34,36.6,15.07,6.97,36.04,29.0,0.0,233.0,1200.0
133802.005,47402.005,140.0,91.2,22.7,15.99,169.5,33.1,152.3,28.71,33.06,33.65,92.5,15.700000000000001,58.2,99.80000000000001,239.5,2882.0,1.27,36.550000000000004,15.07,6.98,36.04,29.02,0.0,236.0,1200.0
133862.005,47462.005,140.0,90.9,22.72,16.03,170.0,33.1,151.6,28.67,33.02,33.5,92.0,15.700000000000001,58.400000000000006,99.9,242.0,2885.0,1.54,36.7,15.030000000000001,6.99,36.050000000000004,29.0,1.0,239.0,1200.0
133922.005,47522.005,140.0,92.4,22.71,15.97,169.5,33.2,150.9,28.66,33.05,33.45,93.0,15.65,58.5,100.0,236.0,2881.0,1.5,36.6,15.01,6.94,35.94,29.05,2.0,240.5,1200.0
133982.005,47582.005,140.0,90.30000000000001,22.72,15.98,170.5,33.1,151.3,28.7,32.95,33.550000000000004,89.5,15.65,58.1,99.5,234.0,2873.0,1.49,36.65,14.92,6.98,36.0,28.96,0.0,235.5,1200.0
134042.005,47642.005,140.0,90.30000000000001,22.650000000000002,15.98,171.0,33.1,152.5,28.7,33.0,33.550000000000004,93.5,15.850000000000001,58.300000000000004,100.0,233.5,2880.0,1.37,36.65,15.0,7.01,36.01,28.92,0.0,239.5,1200.0
134102.005,47702.005,140.0,90.80000000000001,22.740000000000002,16.01,168.5,33.2,151.5,28.69,32.99,33.65,91.5,15.700000000000001,58.300000000000004,100.0,239.5,2881.0,1.31,36.6,15.040000000000001,7.0,36.02,28.92,0.0,239.5,1200.0
134162.004,47762.004,140.0,90.9,22.7,15.99,170.0,33.2,151.5,28.64,33.01,33.65,94.0,15.8,58.1,100.0,239.5,2879.0,1.52,36.6,15.040000000000001,6.98,35.980000000000004,29.03,0.0,235.5,1200.0
134222.004,47822.004,140.0,91.2,22.66,16.02,172.0,33.1,151.4,28.61,32.93,33.6,92.5,15.700000000000001,57.800000000000004,99.4,237.5,2880.0,1.36,36.6,15.01,7.0200000000000005,36.01,28.97,0.0,236.5,1200.0
134282.004,47882.004,140.0,92.4,22.68,16.0,170.5,33.300000000000004,149.4,28.67,33.05,33.6,93.0,15.65,58.400000000000006,100.0,233.0,2876.0,1.26,36.550000000000004,15.0,6.98,36.07,29.07,0.0,235.0,1200.0
134342.004,47942.004,140.0,89.5,22.67,16.01,170.5,33.2,150.20000000000002,28.63,32.980000000000004,33.7,91.5,15.8,57.800000000000004,100.0,230.5,2882.0,1.3,36.45,14.99,7.01,36.06,29.060000000000002,0.0,240.5,1200.0
134402.004,48002.004,140.0,90.5,22.68,15.97,169.5,33.25,151.9,28.68,32.97,33.6,92.0,15.700000000000001,57.6,99.60000000000001,239.5,2879.0,1.43,36.550000000000004,14.91,6.98,36.07,29.03,3.0,238.5,1200.0
134462.004,48062.004,140.0,91.4,22.63,15.99,172.5,33.25,151.0,28.7,33.05,33.75,94.5,15.65,57.900000000000006,100.0,239.5,2879.0,1.34,36.550000000000004,14.99,7.0,36.02,28.98,0.0,240.0,1200.0
134522.004,48122.004,140.0,91.10000000000001,22.71,16.09,171.5,33.25,151.6,28.66,32.99,33.75,92.5,15.75,57.900000000000006,99.80000000000001,238.0,2882.0,1.29,36.75,14.96,6.98,36.06,29.01,0.0,234.5,1200.0
134582.004,48182.004,140.0,88.80000000000001,22.580000000000002,15.94,170.0,33.050000000000004,151.1,28.69,32.93,33.65,92.0,15.65,58.300000000000004,99.9,240.0,2881.0,1.37,36.45,14.98,7.01,36.03,28.96,1.0,234.5,1200.0
134642.003,48242.003,140.0,90.60000000000001,22.61,16.06,171.0,33.15,151.6,28.7,33.1,33.65,91.5,15.8,58.0,100.0,236.0,2884.0,1.5,36.5,14.94,6.93,36.0,28.96,1.0,236.0,1200.0
134702.003,48302.003,140.0,90.80000000000001,22.62,15.93,170.0,33.25,150.9,28.73,32.86,33.65,92.5,15.75,58.5,100.0,236.5,2878.0,1.34,36.550000000000004,15.01,7.04,36.02,29.04,0.0,235.5,1200.0
134762.003,48362.003,140.0,89.80000000000001,22.66,15.99,168.0,33.15,152.9,28.71,33.01,33.550000000000004,91.5,15.700000000000001,58.2,100.0,239.0,2875.0,1.34,36.550000000000004,15.01,7.07,35.980000000000004,29.03,0.0,238.0,1200.0
134822.003,48422.003,140.0,90.7,22.63,15.92,172.5,33.0,150.1,28.64,33.04,33.550000000000004,92.5,15.8,58.1,100.0,234.0,2874.0,1.27,36.35,15.02,7.12,36.03,29.0,3.0,239.5,1200.0
134882.003,48482.003,140.0,91.60000000000001,22.67,15.96,173.0,33.050000000000004,151.5,28.6,32.95,33.550000000000004,92.0,15.8,58.300000000000004,100.0,233.5,2878.0,1.46,36.5,14.98,7.07,35.96,29.01,0.0,233.5,1200.0
134942.003,48542.003,140.0,91.7,22.64,15.99,170.5,33.1,151.0,28.650000000000002,32.96,33.7,93.0,15.75,57.6,100.0,239.0,2879.0,1.26,36.7,15.030000000000001,7.0200000000000005,36.07,29.03,0.0,240.0,1200.0
135002.003,48602.003,140.0,91.4,22.56,15.93,169.5,33.300000000000004,152.20000000000002,28.61,32.980000000000004,33.75,91.0,15.8,58.1,100.0,235.0,2882.0,1.53,36.4,14.96,6.98,36.09,29.04,0.0,238.5,1200.0
135062.003,48662.003,140.0,91.30000000000001,22.67,15.98,171.5,33.25,151.6,28.78,32.93,33.65,92.5,15.65,57.7,100.0,234.0,2879.0,1.47,36.45,15.02,6.99,35.96,28.95,0.0,232.0,1200.0
135122.003,48722.003,140.0,91.5,22.6,15.98,169.5,33.15,151.9,28.77,33.05,33.7,92.5,15.65,57.5,100.0,237.0,2878.0,1.37,36.45,15.030000000000001,7.0,36.02,28.94,0.0,235.5,1200.0
135182.002,48782.002,140.0,89.9,22.68,15.98,172.0,33.35,151.5,28.77,33.05,33.75,94.0,15.700000000000001,57.7,100.0,232.0,2881.0,1.29,36.45,14.98,6.98,36.0,29.0,1.0,236.5,1200.0
135242.002,48842.002,140.0,92.30000000000001,22.71,16.01,171.5,33.25,151.70000000000002,28.72,33.01,33.7,92.0,15.8,57.900000000000006,99.7,240.0,2877.0,1.45,36.45,15.02,7.0,36.0,28.98,0.0,236.0,1200.0
135302.002,48902.002,140.0,91.7,22.69,16.01,170.0,33.35,152.4,28.73,33.09,33.6,92.0,15.700000000000001,57.5,100.0,235.0,2878.0,1.45,36.5,15.07,7.0200000000000005,35.96,29.01,0.0,237.0,1200.0
135362.002,48962.002,140.0,90.80000000000001,22.7,16.07,173.0,33.2,150.4,28.7,33.12,33.7,93.0,15.75,57.900000000000006,100.0,240.5,2884.0,1.3,36.4,14.98,7.0200000000000005,35.980000000000004,29.0,0.0,236.5,1200.0
135422.002,49022.002,140.0,89.80000000000001,22.6,16.03,172.5,33.25,151.9,28.810000000000002,33.25,33.6,94.5,15.8,57.900000000000006,99.5,238.0,2886.0,1.31,36.65,15.06,6.96,35.99,29.060000000000002,1.0,243.5,1200.0
135482.002,49082.002,140.0,92.4,22.72,16.03,171.5,33.300000000000004,150.8,28.78,33.12,33.65,94.0,15.75,57.6,100.0,240.5,2884.0,1.3900000000000001,36.550000000000004,15.07,6.99,35.96,28.990000000000002,0.0,232.0,1200.0
135542.002,49142.002,140.0,90.5,22.69,15.97,173.0,33.45,151.70000000000002,28.82,33.13,33.75,92.5,15.600000000000001,58.2,100.0,238.5,2886.0,1.4000000000000001,36.7,15.01,7.0200000000000005,36.08,28.93,0.0,237.5,1200.0
135602.002,49202.002,140.0,92.7,22.740000000000002,15.97,171.0,33.25,150.3,28.76,33.18,33.95,92.0,15.75,57.1,99.80000000000001,241.5,2890.0,1.28,36.6,14.94,6.96,36.0,29.060000000000002,2.0,240.0,1200.0
135662.002,49262.002,140.0,90.4,22.68,16.02,171.5,33.300000000000004,151.9,28.75,33.230000000000004,33.85,92.0,15.65,57.7,99.4,238.0,2897.0,1.45,36.65,15.0,7.0,35.94,29.05,0.0,242.0,1200.0
135722.001,49322.001,140.0,90.7,22.650000000000002,16.01,171.0,33.4,152.4,28.84,33.17,33.65,93.0,15.65,58.1,100.0,237.0,2894.0,1.32,36.65,15.040000000000001,7.09,36.01,29.01,0.0,242.5,1200.0
135782.001,49382.001,140.0,91.10000000000001,22.69,16.01,171.0,33.4,150.9,28.89,33.14,33.75,93.0,15.8,58.1,100.0,240.5,2891.0,1.34,36.5,14.96,6.91,35.94,28.98,0.0,244.0,1200.0
135842.001,49442.001,140.0,91.10000000000001,22.72,16.09,171.0,33.300000000000004,150.6,28.76,33.21,33.7,90.0,15.700000000000001,58.1,100.0,242.0,2891.0,1.5,36.65,14.92,6.97,35.96,29.01,1.0,243.0,1200.0
135902.001,49502.001,140.0,91.7,22.73,16.080000000000002,172.5,33.300000000000004,150.4,28.71,33.07,33.800000000000004,91.0,15.700000000000001,57.7,100.0,237.5,2886.0,1.32,36.75,15.030000000000001,7.04,36.03,28.990000000000002,2.0,242.0,1200.0
135962.001,49562.001,140.0,90.30000000000001,22.67,16.02,169.5,33.25,151.4,28.84,33.06,33.85,94.0,15.75,57.300000000000004,100.0,238.0,2894.0,1.5,36.7,14.99,6.97,35.980000000000004,29.01,0.0,240.5,1200.0
136022.001,49622.001,140.0,89.5,22.62,15.97,171.0,33.35,151.6,28.8,33.18,33.85,93.0,15.65,57.900000000000006,100.0,234.5,2886.0,1.54,36.7,15.01,7.05,36.09,29.1,0.0,243.0,1200.0
136082.001,49682.001,140.0,91.5,22.71,15.97,170.5,33.550000000000004,151.5,28.73,33.13,33.6,92.0,15.8,58.1,100.0,238.0,2890.0,1.25,36.7,15.030000000000001,6.96,36.01,28.94,1.0,238.5,1200.0
136142.001,49742.001,140.0,91.5,22.71,16.01,171.5,33.35,151.70000000000002,28.900000000000002,33.08,33.7,92.5,15.65,57.7,99.5,242.0,2888.0,1.43,36.65,14.97,6.95,35.97,29.04,2.0,243.5,1200.0
136202.0,49802.0,140.0,92.10000000000001,22.650000000000002,15.99,172.5,33.35,152.70000000000002,28.810000000000002,33.15,33.9,92.5,15.850000000000001,56.900000000000006,100.0,239.0,2894.0,1.49,36.65,15.120000000000001,6.96,35.96,29.02,3.0,244.0,1200.0
136262.0,49862.0,140.0,90.0,22.63,15.96,173.0,33.5,149.9,28.82,33.1,33.6,91.5,15.700000000000001,57.5,99.60000000000001,241.0,2887.0,1.58,36.75,15.030000000000001,7.0200000000000005,35.99,29.080000000000002,0.0,235.0,1200.0
136322.0,49922.0,140.0,91.7,22.72,16.04,169.5,33.300000000000004,152.3,28.77,33.09,33.65,93.0,15.700000000000001,57.5,99.9,235.5,2886.0,1.47,36.65,15.030000000000001,6.98,36.02,28.98,1.0,244.0,1200.0
136382.0,49982.0,140.0,89.10000000000001,22.66,16.05,170.0,33.25,151.6,28.740000000000002,33.230000000000004,33.75,92.0,15.850000000000001,57.7,99.80000000000001,238.0,2888.0,1.44,36.6,15.01,6.99,35.95,28.86,0.0,238.5,1200.0
136442.0,50042.0,140.0,90.60000000000001,22.61,16.0,171.5,33.2,149.6,28.75,33.09,33.75,91.5,15.700000000000001,57.900000000000006,100.0,238.0,2882.0,1.47,36.65,14.99,6.98,35.980000000000004,29.03,0.0,238.5,1200.0
136502.0,50102.0,140.0,90.7,22.7,15.96,170.5,33.35,152.4,28.830000000000002,33.02,33.800000000000004,91.5,15.850000000000001,57.900000000000006,100.0,239.5,2888.0,1.48,36.7,15.02,7.05,36.0,28.990000000000002,1.0,239.5,1200.0
136562.0,50162.0,140.0,89.5,22.71,15.99,170.5,33.15,150.6,28.76,33.07,33.7,91.0,15.9,57.400000000000006,100.0,240.0,2886.0,1.57,36.65,14.98,6.95,36.01,28.96,0.0,239.0,1200.0
136622.0,50222.0,140.0,91.9,22.650000000000002,16.0,170.0,33.300000000000004,150.5,28.78,33.01,33.7,95.0,15.75,58.0,100.0,237.5,2883.0,1.44,36.7,15.07,6.91,36.08,28.96,2.0,238.5,1200.0
136682.0,50282.0,140.0,91.10000000000001,22.57,15.99,171.5,33.4,152.20000000000002,28.88,33.19,33.800000000000004,92.0,15.75,57.2,99.9,237.0,2881.0,1.3800000000000001,36.550000000000004,15.030000000000001,7.01,35.94,29.03,0.0,235.5,1200.0
136742.0,50342.0,140.0,90.80000000000001,22.75,16.02,170.5,33.300000000000004,151.0,28.87,33.26,33.7,92.5,15.600000000000001,57.900000000000006,100.0,238.0,2884.0,1.36,36.6,15.01,7.03,36.01,29.060000000000002,1.0,234.0,1200.0
136801.999,50401.999,140.0,90.4,22.7,16.03,171.0,33.2,151.4,28.79,33.03,33.6,94.0,15.75,57.5,99.0,241.5,2878.0,1.3,36.75,14.97,7.04,36.12,28.98,1.0,240.5,1200.0
136861.999,50461.999,140.0,91.10000000000001,22.61,15.99,171.0,33.15,150.9,28.72,33.08,33.65,94.0,15.75,57.900000000000006,99.80000000000001,236.0,2881.0,1.4000000000000001,36.5,14.99,6.97,36.0,29.060000000000002,1.0,240.5,1200.0
136921.999,50521.999,140.0,89.80000000000001,22.77,16.0,172.5,33.45,153.0,28.84,33.1,33.6,91.5,15.75,57.6,100.0,235.5,2884.0,1.47,36.65,14.99,7.05,36.0,28.98,0.0,235.5,1200.0
136981.999,50581.999,140.0,91.60000000000001,22.63,15.98,171.0,33.4,152.9,28.8,33.11,33.7,94.0,15.75,57.5,99.5,241.0,2885.0,1.35,36.65,14.96,7.0200000000000005,36.03,28.96,0.0,237.5,1200.0
137041.999,50641.999,140.0,91.9,22.71,16.01,171.5,33.25,151.3,28.810000000000002,33.1,33.85,93.0,15.9,57.1,100.0,239.5,2888.0,1.24,36.550000000000004,15.030000000000001,7.0200000000000005,35.96,28.98,0.0,239.0,1200.0
137101.999,50701.999,140.0,91.80000000000001,22.63,15.98,171.0,33.300000000000004,152.1,28.91,33.26,33.800000000000004,93.5,15.8,57.900000000000006,100.0,243.0,2890.0,1.44,36.550000000000004,15.01,6.98,36.01,28.97,1.0,236.0,1200.0
137161.999,50761.999,140.0,90.30000000000001,22.59,16.04,172.0,33.4,152.5,28.91,33.12,33.85,92.0,15.700000000000001,57.1,99.9,237.0,2893.0,1.57,36.5,14.98,7.04,35.95,28.93,0.0,236.0,1200.0
137221.999,50821.999,140.0,90.7,22.7,16.05,172.5,33.4,152.4,28.900000000000002,33.21,33.7,90.0,15.75,57.1,100.0,237.5,2892.0,1.41,36.6,15.030000000000001,7.0,36.0,28.990000000000002,0.0,246.0,1200.0
137281.999,50881.999,140.0,90.9,22.73,15.97,173.0,33.5,150.6,28.91,33.26,33.95,93.0,15.8,57.400000000000006,100.0,233.5,2895.0,1.51,36.65,15.0,7.0200000000000005,35.95,29.02,1.0,241.0,1200.0
137341.998,50941.998,140.0,89.9,22.63,15.98,174.0,33.4,151.9,28.82,33.29,33.95,94.0,15.700000000000001,57.6,99.80000000000001,245.5,2896.0,1.46,36.75,14.99,6.96,35.97,29.01,3.0,243.5,1200.0
137401.998,51001.998,140.0,90.30000000000001,22.63,16.03,173.0,33.45,152.6,28.92,33.25,33.800000000000004,92.0,15.850000000000001,57.1,99.7,238.0,2898.0,1.31,36.6,15.11,7.0600000000000005,36.1,29.02,2.0,236.5,1200.0
137461.998,51061.998,140.0,91.4,22.69,16.080000000000002,171.5,33.7,153.5,28.85,33.28,33.65,93.5,15.850000000000001,57.7,100.0,243.0,2901.0,1.34,36.7,15.06,6.97,36.02,28.990000000000002,0.0,235.5,1200.0
137521.998,51121.998,140.0,90.2,22.71,16.0,170.5,33.6,150.5,28.94,33.28,33.85,92.0,15.600000000000001,57.300000000000004,100.0,242.0,2899.0,1.44,36.7,14.98,6.97,35.84,29.0,0.0,241.5,1200.0
137581.998,51181.998,140.0,91.4,22.73,15.96,171.0,33.45,152.5,28.93,33.22,33.9,94.0,15.65,57.0,99.80000000000001,241.5,2900.0,1.31,36.75,15.030000000000001,6.98,36.01,29.07,0.0,242.5,1200.0
137641.998,51241.998,140.0,91.9,22.75,16.0,171.5,33.4,151.5,28.97,33.29,33.800000000000004,91.5,15.850000000000001,57.5,99.7,247.5,2900.0,1.31,36.9,14.94,7.0,35.99,28.98,0.0,242.0,1200.0
137701.998,51301.998,140.0,92.9,22.64,15.950000000000001,173.0,33.300000000000004,150.0,29.01,33.230000000000004,33.800000000000004,92.5,15.65,57.5,99.7,247.0,2897.0,1.28,36.800000000000004,15.030000000000001,7.05,35.97,28.94,3.0,242.0,1200.0
137761.998,51361.998,140.0,90.60000000000001,22.67,16.05,171.0,33.45,151.0,28.91,33.25,33.85,93.0,15.700000000000001,57.900000000000006,100.0,242.0,2898.0,1.3,36.800000000000004,14.98,7.0200000000000005,35.96,29.09,0.0,245.0,1200.0
137821.998,51421.998,140.0,90.9,22.77,15.96,172.0,33.5,151.3,29.02,33.34,33.800000000000004,92.5,15.850000000000001,57.5,100.0,242.5,2899.0,1.3,36.85,14.96,7.03,36.0,29.0,0.0,246.5,1200.0
137881.997,51481.997,140.0,92.30000000000001,22.7,15.950000000000001,171.5,33.550000000000004,150.20000000000002,28.94,33.31,33.95,94.0,15.75,57.6,99.9,241.5,2902.0,1.36,36.75,14.93,7.01,35.980000000000004,29.07,0.0,240.0,1200.0
137941.997,51541.997,140.0,90.60000000000001,22.72,15.99,171.0,33.6,149.0,29.03,33.26,33.95,91.0,15.600000000000001,58.300000000000004,100.0,245.5,2903.0,1.47,36.85,14.94,6.96,36.01,28.93,1.0,240.0,1200.0
138001.997,51601.997,140.0,92.10000000000001,22.71,15.96,174.0,33.4,151.0,28.92,33.34,33.85,92.5,15.850000000000001,57.7,100.0,242.5,2904.0,1.36,36.75,15.06,6.98,36.04,28.95,0.0,238.0,1200.0
138061.997,51661.997,140.0,90.4,22.7,15.99,172.5,33.45,152.0,28.97,33.32,34.050000000000004,94.0,15.5,57.0,100.0,240.5,2906.0,1.52,36.95,15.030000000000001,7.11,35.97,29.060000000000002,0.0,246.5,1200.0
138121.997,51721.997,140.0,89.7,22.64,16.05,174.0,33.45,151.9,28.98,33.33,34.0,91.0,15.75,57.7,99.9,240.0,2906.0,1.5,36.85,14.99,7.01,36.06,29.01,0.0,244.0,1200.0
138181.997,51781.997,140.0,91.9,22.64,16.06,172.0,33.5,151.9,29.03,33.28,33.85,94.0,15.600000000000001,57.7,100.0,243.5,2901.0,1.48,36.9,15.040000000000001,7.07,35.9,29.05,0.0,242.0,1200.0
138241.997,51841.997,140.0,92.10000000000001,22.72,16.0,170.5,33.65,152.70000000000002,28.96,33.33,33.9,92.0,15.65,57.5,99.9,244.5,2908.0,1.34,36.85,15.06,7.0600000000000005,36.0,28.97,0.0,244.5,1200.0
138301.997,51901.997,140.0,90.9,22.68,16.0,172.5,33.45,151.4,29.03,33.31,34.1,91.5,15.55,57.6,100.0,243.5,2904.0,1.33,36.85,15.040000000000001,6.94,36.04,29.05,0.0,244.5,1200.0
138361.997,51961.997,140.0,91.80000000000001,22.64,15.99,173.0,33.6,151.8,29.03,33.230000000000004,33.95,93.0,15.75,57.2,100.0,243.0,2903.0,1.12,36.9,14.99,7.0,36.0,28.98,0.0,246.5,1200.0
138421.997,52021.997,140.0,90.10000000000001,22.72,15.98,174.5,33.550000000000004,152.1,29.01,33.31,33.9,94.0,15.65,57.400000000000006,100.0,243.5,2907.0,1.55,36.95,15.02,6.97,35.910000000000004,29.02,0.0,241.5,1200.0
138481.996,52081.996,140.0,90.60000000000001,22.69,15.98,170.5,33.5,153.0,29.12,33.36,34.050000000000004,92.5,15.700000000000001,56.900000000000006,100.0,243.0,2907.0,1.5,36.9,14.96,7.05,36.01,29.07,0.0,247.0,1200.0
138541.996,52141.996,140.0,92.30000000000001,22.61,15.99,173.5,33.6,151.9,28.95,33.29,34.0,91.0,15.75,57.5,100.0,243.5,2908.0,1.42,37.0,14.99,7.0,36.03,28.98,1.0,243.5,1200.0
138601.996,52201.996,140.0,91.0,22.68,16.09,174.0,33.5,151.5,28.97,33.4,33.95,94.0,15.75,57.5,99.60000000000001,245.5,2907.0,1.19,36.9,15.02,6.95,36.07,28.990000000000002,0.0,247.0,1200.0
138661.996,52261.996,140.0,90.0,22.650000000000002,15.96,171.0,33.550000000000004,152.9,29.07,33.32,34.0,92.0,15.55,56.800000000000004,100.0,248.0,2903.0,1.3900000000000001,36.9,14.98,6.98,35.99,28.96,0.0,243.0,1200.0
138721.996,52321.996,140.0,90.0,22.67,16.080000000000002,172.0,33.65,152.5,29.02,33.35,33.95,94.0,15.65,57.400000000000006,99.60000000000001,245.5,2905.0,1.33,36.85,15.06,6.97,36.03,29.080000000000002,0.0,241.5,1200.0
138781.996,52381.996,140.0,91.10000000000001,22.69,16.0,174.5,33.6,151.0,29.080000000000002,33.42,34.050000000000004,91.0,15.8,57.800000000000004,100.0,248.0,2906.0,1.24,37.0,14.96,7.01,36.0,28.87,0.0,239.5,1200.0
138841.996,52441.996,140.0,92.4,22.6,16.0,171.0,33.7,150.5,28.94,33.38,33.9,92.5,15.75,57.300000000000004,99.5,249.0,2909.0,1.32,37.050000000000004,14.96,6.97,36.04,29.03,0.0,246.5,1200.0
138901.996,52501.996,140.0,91.5,22.63,15.950000000000001,173.0,33.45,152.3,28.97,33.34,33.95,94.0,15.850000000000001,57.400000000000006,99.7,243.0,2906.0,1.21,36.800000000000004,15.0,7.04,36.1,28.96,0.0,243.5,1200.0
138961.996,52561.996,140.0,92.30000000000001,22.73,16.03,173.0,33.550000000000004,152.0,29.03,33.4,33.9,92.0,15.700000000000001,57.2,100.0,245.0,2909.0,1.21,36.9,15.02,7.0,36.02,29.060000000000002,0.0,243.0,1200.0
139021.995,52621.995,140.0,91.0,22.740000000000002,16.01,173.0,33.4,151.1,29.0,33.39,33.85,93.5,15.75,57.5,100.0,240.5,2910.0,1.3800000000000001,36.95,14.96,6.95,35.92,29.0,0.0,242.0,1200.0
139081.995,52681.995,140.0,89.7,22.69,16.080000000000002,174.0,33.7,151.0,28.990000000000002,33.39,33.95,91.5,15.600000000000001,57.7,99.80000000000001,244.5,2904.0,1.41,36.95,15.01,6.99,36.03,29.01,0.0,243.0,1200.0
139141.995,52741.995,140.0,92.60000000000001,22.73,16.04,172.0,33.5,152.6,28.990000000000002,33.4,34.050000000000004,92.5,15.75,57.400000000000006,99.7,244.5,2903.0,1.5,36.75,15.06,6.93,36.04,28.93,6.0,244.0,1200.0
139201.995,52801.995,140.0,89.9,22.61,15.950000000000001,172.0,33.75,152.6,28.94,33.36,33.95,93.0,15.700000000000001,57.800000000000004,99.7,240.5,2904.0,1.31,36.75,14.97,7.0,36.06,29.05,2.0,244.0,1200.0
139261.995,52861.995,140.0,90.80000000000001,22.67,16.04,173.5,33.550000000000004,152.4,29.05,33.4,34.15,92.0,15.75,57.300000000000004,100.0,242.5,2905.0,1.44,36.9,14.91,6.99,36.02,29.04,0.0,241.5,1200.0
139321.995,52921.995,140.0,92.2,22.62,16.07,169.5,33.4,153.0,28.97,33.35,33.95,93.5,15.75,57.0,100.0,242.5,2905.0,1.51,36.9,15.02,7.08,35.97,29.02,3.0,241.0,1200.0
139381.995,52981.995,140.0,89.9,22.72,16.02,173.5,33.550000000000004,148.8,29.04,33.42,34.0,91.5,15.700000000000001,57.300000000000004,99.4,241.5,2907.0,1.34,37.0,14.94,7.0200000000000005,36.0,28.93,0.0,241.5,1200.0
139441.995,53041.995,140.0,91.60000000000001,22.69,16.0,173.5,33.45,151.0,29.09,33.39,33.95,93.0,15.55,57.7,100.0,242.0,2901.0,1.34,36.85,15.030000000000001,7.04,35.99,29.04,1.0,244.5,1200.0
139501.995,53101.995,140.0,91.7,22.67,15.99,172.5,33.7,150.4,29.01,33.4,33.95,93.5,15.700000000000001,57.300000000000004,100.0,241.5,2910.0,1.32,36.75,15.0,6.96,36.0,28.93,0.0,243.0,1200.0
139561.995,53161.995,140.0,90.80000000000001,22.71,15.97,171.5,33.6,152.4,29.060000000000002,33.410000000000004,33.85,93.0,15.700000000000001,57.1,99.60000000000001,244.5,2906.0,1.31,36.800000000000004,14.97,7.0,36.01,29.05,1.0,242.0,1200.0
139621.994,53221.994,140.0,92.0,22.72,15.96,172.0,33.550000000000004,150.9,29.02,33.36,33.9,94.5,15.600000000000001,57.0,100.0,241.0,2906.0,1.36,37.1,14.97,7.0,36.03,28.97,4.0,238.5,1200.0
139681.994,53281.994,140.0,91.5,22.650000000000002,15.97,173.0,33.7,150.9,29.02,33.410000000000004,33.9,91.0,15.65,56.900000000000006,100.0,241.0,2912.0,1.58,36.800000000000004,14.97,6.98,36.04,28.94,0.0,238.0,1200.0
139741.994,53341.994,140.0,90.7,22.59,16.02,171.5,33.6,152.4,29.07,33.45,33.9,93.5,15.8,57.300000000000004,100.0,238.0,2906.0,1.5,37.050000000000004,15.0,7.0200000000000005,35.97,29.03,2.0,241.5,1200.0
139801.994,53401.994,140.0,91.9,22.63,15.91,170.5,33.65,150.3,29.1,33.36,34.0,91.5,15.700000000000001,57.1,100.0,241.5,2906.0,1.3900000000000001,36.85,15.02,7.0200000000000005,35.95,29.01,0.0,242.5,1200.0
139861.994,53461.994,140.0,91.80000000000001,22.69,16.05,172.5,33.550000000000004,152.8,29.07,33.34,34.0,95.0,15.700000000000001,57.400000000000006,99.9,245.0,2908.0,1.42,37.050000000000004,15.040000000000001,6.98,36.0,29.01,0.0,247.5,1200.0
139921.994,53521.994,140.0,91.30000000000001,22.650000000000002,16.07,172.5,33.7,151.20000000000002,29.12,33.33,34.050000000000004,93.0,15.75,57.2,99.9,241.5,2907.0,1.41,36.9,14.99,6.98,36.08,29.01,2.0,240.5,1200.0
139981.994,53581.994,140.0,92.5,22.7,15.97,171.0,33.5,151.8,29.03,33.38,33.95,95.0,15.850000000000001,57.300000000000004,99.9,241.5,2904.0,1.41,36.85,15.01,7.0,35.980000000000004,28.900000000000002,0.0,245.5,1200.0
140041.994,53641.994,140.0,89.60000000000001,22.68,15.99,171.0,33.6,151.5,28.94,33.4,33.9,91.5,15.75,57.5,100.0,242.0,2896.0,1.3,36.85,15.0,6.99,35.89,29.03,0.0,241.5,1200.0
140101.994,53701.994,140.0,90.80000000000001,22.71,16.1,172.0,33.5,152.0,29.060000000000002,33.39,33.95,91.0,15.65,57.1,99.80000000000001,243.5,2906.0,1.4000000000000001,36.800000000000004,15.01,7.01,36.08,28.98,1.0,240.0,1200.0
140161.994,53761.994,140.0,91.30000000000001,22.67,16.03,172.0,33.550000000000004,150.6,29.05,33.37,34.0,90.5,15.8,57.400000000000006,99.9,239.0,2903.0,1.29,36.85,14.93,7.0200000000000005,36.03,29.05,0.0,240.0,1200.0
140221.994,53821.994,140.0,90.4,22.71,16.01,172.0,33.6,152.3,29.03,33.44,33.95,92.0,15.700000000000001,57.2,99.80000000000001,247.5,2904.0,1.42,36.85,15.030000000000001,6.99,35.96,28.93,0.0,245.0,1200.0
140281.993,53881.993,140.0,90.80000000000001,22.69,16.02,173.0,33.65,151.1,29.07,33.4,33.85,93.5,15.600000000000001,57.6,100.0,242.5,2905.0,1.44,36.85,14.93,7.03,35.9,28.94,0.0,246.5,1200.0
140341.993,53941.993,140.0,91.80000000000001,22.71,15.98,174.5,33.5,153.9,29.07,33.32,33.95,93.0,15.600000000000001,57.7,100.0,248.0,2906.0,1.43,36.9,15.01,7.0200000000000005,36.0,29.05,4.0,242.5,1200.0
140401.993,54001.993,140.0,92.0,22.68,15.99,173.0,33.45,150.8,28.990000000000002,33.32,34.0,91.5,15.600000000000001,58.1,99.60000000000001,241.0,2903.0,1.41,36.800000000000004,15.08,6.98,36.0,29.03,0.0,240.5,1200.0
140461.993,54061.993,140.0,91.4,22.73,16.01,173.0,33.550000000000004,152.6,29.060000000000002,33.36,33.75,93.0,15.65,58.1,100.0,242.5,2907.0,1.3900000000000001,36.85,14.96,7.0200000000000005,35.95,29.080000000000002,2.0,240.0,1200.0
140521.993,54121.993,140.0,90.0,22.72,15.99,172.0,33.45,151.5,29.07,33.35,34.050000000000004,93.5,15.700000000000001,57.400000000000006,99.9,243.5,2910.0,1.17,36.9,15.02,6.95,35.980000000000004,28.95,2.0,239.5,1200.0
140581.993,54181.993,140.0,91.60000000000001,22.650000000000002,16.02,173.5,33.6,151.4,29.03,33.32,34.050000000000004,93.0,15.75,57.400000000000006,99.9,247.5,2903.0,1.3900000000000001,36.85,14.99,6.96,35.980000000000004,29.060000000000002,0.0,243.5,1200.0
140641.993,54241.993,140.0,93.30000000000001,22.72,16.02,172.5,33.6,152.20000000000002,28.95,33.34,33.75,91.5,15.600000000000001,57.6,100.0,245.0,2900.0,1.4000000000000001,37.0,14.94,6.91,35.99,28.98,2.0,244.5,1200.0
140701.993,54301.993,140.0,91.0,22.7,15.93,171.5,33.45,152.0,29.04,33.45,34.0,91.5,15.700000000000001,58.0,100.0,243.5,2905.0,1.29,36.9,15.01,7.0,36.02,29.01,0.0,242.0,1200.0
140761.993,54361.993,140.0,91.2,22.72,15.98,173.5,33.5,151.0,29.01,33.44,34.0,91.5,15.75,57.7,100.0,240.0,2904.0,1.43,37.1,15.01,6.98,36.03,29.1,0.0,240.0,1200.0
140821.993,54421.993,140.0,90.30000000000001,22.71,16.03,172.0,33.65,151.70000000000002,28.88,33.26,33.95,90.5,15.75,57.1,100.0,236.5,2904.0,1.3900000000000001,37.050000000000004,15.030000000000001,6.99,36.1,29.02,0.0,245.0,1200.0
140881.992,54481.992,140.0,91.7,22.67,16.02,169.5,33.6,152.0,29.02,33.39,33.85,93.0,15.75,57.5,99.7,238.0,2899.0,1.33,37.050000000000004,14.98,7.0200000000000005,36.09,29.01,0.0,243.0,1200.0
140941.992,54541.992,140.0,90.10000000000001,22.68,15.99,170.5,33.35,152.20000000000002,28.98,33.31,33.95,90.5,15.700000000000001,57.800000000000004,99.80000000000001,241.5,2904.0,1.49,36.9,14.99,7.01,36.12,28.97,0.0,240.0,1200.0
141001.992,54601.992,140.0,91.0,22.69,15.97,171.5,33.45,150.0,28.97,33.28,34.0,94.5,15.700000000000001,57.300000000000004,100.0,242.0,2902.0,1.29,36.7,14.99,6.98,36.11,28.98,0.0,238.5,1200.0
141061.992,54661.992,140.0,89.4,22.67,16.05,172.0,33.550000000000004,151.8,29.0,33.35,33.9,91.5,15.8,57.800000000000004,100.0,244.5,2900.0,1.44,36.800000000000004,15.01,6.97,35.980000000000004,28.97,0.0,238.5,1200.0
141121.992,54721.992,140.0,91.5,22.68,15.96,174.5,33.5,153.20000000000002,28.93,33.33,33.9,90.0,15.65,57.400000000000006,99.9,241.5,2898.0,1.27,36.75,14.96,7.0,35.92,29.01,0.0,238.0,1200.0
141181.992,54781.992,140.0,91.0,22.69,16.03,174.0,33.4,151.20000000000002,29.01,33.17,33.85,92.5,15.600000000000001,57.1,99.80000000000001,244.5,2901.0,1.3800000000000001,36.9,15.0,6.97,35.980000000000004,29.060000000000002,0.0,240.0,1200.0
141241.992,54841.992,140.0,90.30000000000001,22.73,15.93,172.5,33.5,151.8,28.96,33.3,33.95,91.5,15.65,57.800000000000004,100.0,241.0,2898.0,1.4000000000000001,36.85,14.98,7.05,36.01,29.060000000000002,1.0,240.5,1200.0
141301.992,54901.992,140.0,91.30000000000001,22.580000000000002,16.04,174.0,33.6,151.8,28.91,33.2,33.85,89.5,15.700000000000001,57.1,100.0,245.5,2899.0,1.3800000000000001,36.95,14.98,6.97,36.09,28.97,1.0,244.0,1200.0
141361.992,54961.992,140.0,92.30000000000001,22.64,15.96,173.5,33.45,151.4,28.95,33.33,33.95,93.0,15.65,57.300000000000004,100.0,242.0,2894.0,1.56,36.800000000000004,15.0,7.08,35.980000000000004,29.03,1.0,243.5,1200.0
141421.992,55021.992,140.0,91.9,22.59,15.98,170.5,33.45,152.9,29.02,33.160000000000004,33.85,93.5,15.9,57.2,100.0,239.0,2899.0,1.3,36.75,15.05,7.01,35.96,29.02,0.0,242.0,1200.0
141481.992,55081.992,140.0,90.2,22.68,15.94,174.5,33.45,149.5,28.93,33.34,34.0,92.5,15.600000000000001,56.900000000000006,100.0,240.0,2898.0,1.23,36.7,15.08,7.01,36.11,29.060000000000002,0.0,241.0,1200.0
141541.991,55141.991,140.0,92.10000000000001,22.64,16.04,173.0,33.35,151.9,28.88,33.2,33.85,90.0,15.700000000000001,56.800000000000004,99.9,238.0,2896.0,1.46,36.7,14.97,6.99,36.01,29.09,1.0,236.5,1200.0
141601.991,55201.991,140.0,90.10000000000001,22.67,16.04,172.5,33.5,152.1,29.0,33.25,33.85,92.5,15.600000000000001,57.800000000000004,99.5,238.5,2898.0,1.3900000000000001,36.75,14.97,7.0,36.050000000000004,29.03,0.0,240.5,1200.0
141661.991,55261.991,140.0,90.9,22.63,15.94,173.0,33.5,150.6,28.87,33.18,33.800000000000004,92.0,15.700000000000001,57.5,100.0,238.0,2894.0,1.37,36.75,14.98,6.98,35.94,28.98,0.0,239.5,1200.0
141721.991,55321.991,140.0,87.5,22.62,15.98,171.5,33.45,151.5,29.01,33.27,33.95,93.5,15.700000000000001,57.7,100.0,233.5,2898.0,1.28,36.75,15.030000000000001,7.07,36.06,29.07,1.0,243.0,1200.0
141781.991,55381.991,140.0,90.0,22.57,16.01,171.0,33.5,150.6,28.95,33.14,33.9,91.0,15.8,57.800000000000004,100.0,242.5,2897.0,1.41,36.85,15.06,7.0,36.0,29.09,4.0,244.0,1200.0
141841.991,55441.991,140.0,90.9,22.69,16.03,171.0,33.5,151.5,28.97,33.230000000000004,33.9,94.5,15.8,57.300000000000004,99.5,242.5,2898.0,1.4000000000000001,36.65,15.0,7.0200000000000005,35.96,28.95,0.0,241.5,1200.0
141901.991,55501.991,140.0,89.2,22.71,16.01,171.5,33.6,152.4,29.02,33.21,34.050000000000004,90.5,15.75,57.900000000000006,99.80000000000001,239.0,2896.0,1.34,36.7,15.01,7.03,36.0,29.0,0.0,243.0,1200.0
141961.991,55561.991,140.0,91.30000000000001,22.71,15.98,172.5,33.5,151.4,29.05,33.28,33.95,94.5,15.75,56.5,99.9,243.5,2895.0,1.46,36.75,15.09,6.98,35.99,29.080000000000002,0.0,243.0,1200.0
142021.991,55621.991,140.0,92.2,22.64,16.04,170.5,33.550000000000004,151.9,29.03,33.22,33.9,93.5,15.8,57.0,100.0,239.5,2897.0,1.41,36.6,14.97,7.01,35.95,28.97,0.0,240.0,1200.0
142081.991,55681.991,140.0,91.0,22.63,16.01,172.0,33.550000000000004,151.8,28.94,33.22,33.95,95.0,15.850000000000001,57.2,100.0,243.5,2897.0,1.41,36.800000000000004,15.05,7.01,35.99,28.93,0.0,240.5,1200.0
142141.99,55741.99,140.0,90.0,22.62,15.98,172.5,33.550000000000004,151.5,28.900000000000002,33.230000000000004,33.9,95.5,15.55,57.400000000000006,99.80000000000001,242.0,2903.0,1.35,36.800000000000004,15.02,7.01,35.95,29.05,0.0,242.0,1200.0
142201.99,55801.99,140.0,90.80000000000001,22.69,15.96,172.5,33.4,150.9,29.07,33.32,34.0,90.5,15.9,57.300000000000004,100.0,246.0,2898.0,1.35,36.85,15.01,7.03,35.910000000000004,28.95,0.0,241.0,1200.0
142261.99,55861.99,140.0,89.5,22.67,15.96,173.0,33.6,152.0,29.04,33.4,34.0,93.5,15.65,57.7,100.0,239.5,2901.0,1.34,36.85,15.040000000000001,6.98,35.95,29.01,1.0,248.0,1200.0
142321.99,55921.99,140.0,90.30000000000001,22.71,16.02,170.5,33.550000000000004,151.0,29.02,33.36,33.95,93.5,15.850000000000001,57.5,100.0,239.0,2902.0,1.43,36.800000000000004,14.97,6.99,35.980000000000004,28.85,1.0,244.0,1200.0
142381.99,55981.99,140.0,91.9,22.650000000000002,15.98,171.0,33.45,152.0,29.02,33.39,34.1,92.5,15.75,57.6,100.0,240.5,2903.0,1.43,36.75,14.96,6.96,36.03,29.02,0.0,243.5,1200.0
142441.99,56041.99,140.0,89.80000000000001,22.64,15.99,172.5,33.45,150.5,28.98,33.28,33.95,93.0,15.65,57.0,100.0,245.0,2901.0,1.57,36.800000000000004,15.0,6.99,35.980000000000004,28.94,2.0,239.0,1200.0
142501.99,56101.99,140.0,93.0,22.67,16.07,171.5,33.550000000000004,152.4,28.990000000000002,33.31,33.9,93.5,15.8,57.2,100.0,245.0,2903.0,1.41,36.85,15.01,7.01,35.96,29.080000000000002,0.0,238.0,1200.0
142561.99,56161.99,140.0,91.5,22.71,15.91,171.5,33.6,151.5,29.060000000000002,33.32,33.95,92.0,15.700000000000001,57.400000000000006,99.9,245.5,2901.0,1.3,37.0,15.08,7.01,36.03,28.95,2.0,243.5,1200.0
142621.99,56221.99,140.0,90.7,22.67,16.02,173.0,33.5,150.3,28.98,33.3,33.800000000000004,92.5,15.75,57.7,99.60000000000001,239.0,2901.0,1.23,36.85,15.05,7.01,36.0,29.02,0.0,239.5,1200.0
142681.99,56281.99,140.0,92.0,22.650000000000002,16.0,170.0,33.75,152.1,28.93,33.3,33.75,91.5,15.8,57.2,100.0,244.0,2902.0,1.37,36.95,15.08,7.05,35.96,28.97,0.0,242.0,1200.0
142741.99,56341.99,140.0,92.10000000000001,22.67,16.0,171.0,33.5,150.5,29.1,33.27,33.85,92.5,15.600000000000001,57.400000000000006,99.4,245.5,2903.0,1.43,36.800000000000004,15.040000000000001,6.91,35.99,28.990000000000002,0.0,244.0,1200.0
142801.989,56401.989,140.0,90.7,22.61,15.950000000000001,173.0,33.6,150.5,29.02,33.28,33.85,94.0,15.75,57.6,99.7,242.0,2898.0,1.3900000000000001,36.800000000000004,14.98,7.0200000000000005,36.1,29.04,2.0,243.0,1200.0
142861.989,56461.989,140.0,92.0,22.64,16.0,172.5,33.6,152.9,28.93,33.3,33.95,92.0,15.700000000000001,57.0,100.0,241.0,2901.0,1.43,36.85,14.88,7.01,36.03,29.0,1.0,241.5,1200.0
142921.989,56521.989,140.0,92.0,22.71,15.96,174.5,33.45,150.1,28.990000000000002,33.3,34.0,92.0,15.700000000000001,56.300000000000004,99.5,237.5,2903.0,1.44,36.75,14.99,6.98,36.06,28.900000000000002,0.0,244.5,1200.0
142981.989,56581.989,140.0,90.5,22.72,16.0,171.0,33.5,151.6,28.96,33.29,33.85,91.5,15.850000000000001,57.5,99.9,240.0,2896.0,1.17,36.95,14.98,7.04,36.08,28.96,0.0,244.0,1200.0
143041.989,56641.989,140.0,90.30000000000001,22.72,16.04,172.0,33.550000000000004,152.20000000000002,28.93,33.29,34.0,91.0,15.65,57.5,99.80000000000001,240.5,2905.0,1.3900000000000001,36.9,14.98,7.03,36.01,28.95,2.0,238.5,1200.0
143101.989,56701.989,140.0,90.60000000000001,22.650000000000002,15.97,171.0,33.45,150.3,28.95,33.26,33.9,93.0,15.700000000000001,57.0,100.0,243.0,2899.0,1.42,36.75,15.040000000000001,6.97,36.08,29.03,1.0,238.5,1200.0
143161.989,56761.989,140.0,91.2,22.580000000000002,16.01,172.5,33.45,152.9,29.04,33.26,34.0,92.5,15.700000000000001,57.400000000000006,99.9,243.5,2893.0,1.3900000000000001,36.95,14.97,7.0200000000000005,36.050000000000004,29.01,1.0,238.0,1200.0
143221.989,56821.989,140.0,92.9,22.650000000000002,15.99,172.0,33.6,153.60000000000002,29.04,33.29,33.9,91.0,15.700000000000001,56.800000000000004,100.0,237.5,2898.0,1.47,36.9,15.06,7.04,35.97,29.03,0.0,244.5,1200.0
143281.989,56881.989,140.0,91.80000000000001,22.73,16.01,174.0,33.45,150.70000000000002,29.0,33.29,33.95,93.5,15.600000000000001,57.300000000000004,100.0,243.5,2892.0,1.46,36.9,15.02,7.0,35.980000000000004,28.94,0.0,241.0,1200.0
143341.989,56941.989,140.0,91.2,22.740000000000002,16.03,174.0,33.4,151.5,29.0,33.3,33.75,93.5,15.65,57.300000000000004,100.0,240.0,2892.0,1.4000000000000001,36.75,15.08,6.96,35.99,28.96,1.0,238.0,1200.0
143401.989,57001.989,140.0,90.60000000000001,22.69,16.04,171.5,33.4,152.0,28.97,33.27,34.050000000000004,90.5,15.65,57.5,99.7,242.5,2894.0,1.33,36.7,14.97,6.96,35.87,28.98,0.0,243.5,1200.0
143461.989,57061.989,140.0,91.9,22.650000000000002,16.09,171.0,33.45,152.20000000000002,28.91,33.35,33.9,91.0,15.65,57.400000000000006,100.0,243.0,2901.0,1.47,36.75,15.030000000000001,6.98,36.03,28.95,3.0,240.5,1200.0
143521.988,57121.988,140.0,90.2,22.66,16.01,171.0,33.5,152.20000000000002,28.95,33.27,33.800000000000004,94.5,15.9,57.5,100.0,242.5,2898.0,1.28,36.85,14.94,7.03,36.02,28.990000000000002,0.0,237.5,1200.0
143581.988,57181.988,140.0,91.4,22.68,15.950000000000001,172.5,33.550000000000004,149.9,28.84,33.18,34.0,92.0,15.65,57.2,100.0,239.0,2894.0,1.35,36.800000000000004,15.02,7.07,35.97,28.93,0.0,244.5,1200.0
143641.988,57241.988,140.0,90.9,22.66,16.0,173.0,33.45,151.70000000000002,28.92,33.29,33.85,93.5,15.65,57.1,100.0,248.0,2895.0,1.31,36.75,14.950000000000001,6.97,35.980000000000004,29.060000000000002,0.0,241.0,1200.0
143701.988,57301.988,140.0,91.5,22.63,15.96,172.0,33.5,152.1,28.98,33.25,33.85,93.5,15.75,57.300000000000004,100.0,238.5,2900.0,1.45,36.800000000000004,14.98,7.03,36.03,29.0,0.0,238.5,1200.0
143761.988,57361.988,140.0,89.4,22.67,15.97,172.0,33.5,152.20000000000002,28.97,33.28,33.95,93.5,15.75,57.0,100.0,239.5,2896.0,1.21,36.75,14.94,6.96,35.9,28.990000000000002,2.0,241.0,1200.0
143821.988,57421.988,140.0,90.7,22.63,16.01,171.0,33.550000000000004,153.4,29.05,33.27,33.95,93.0,15.700000000000001,57.2,99.60000000000001,245.5,2899.0,1.28,36.85,14.99,7.01,36.04,29.04,0.0,243.0,1200.0
143881.988,57481.988,140.0,90.7,22.67,16.02,170.5,33.45,150.70000000000002,29.07,33.24,33.95,92.5,15.65,57.400000000000006,99.80000000000001,245.5,2903.0,1.43,36.800000000000004,15.0,6.99,35.99,29.09,0.0,245.5,1200.0
143941.988,57541.988,140.0,91.30000000000001,22.64,15.99,170.5,33.5,151.9,28.94,33.28,33.9,91.5,15.850000000000001,57.1,100.0,237.5,2893.0,1.34,36.75,15.01,7.04,36.04,28.95,0.0,235.5,1200.0
144001.988,57601.988,140.0,90.9,22.63,15.98,173.5,33.550000000000004,151.6,28.93,33.33,33.800000000000004,93.0,15.700000000000001,57.0,99.60000000000001,239.5,2892.0,1.48,36.7,15.030000000000001,6.94,35.9,28.95,0.0,237.0,1200.0
144061.988,57661.988,140.0,90.60000000000001,22.63,15.97,173.0,33.4,152.5,28.990000000000002,33.34,34.1,91.0,15.65,56.7,99.9,241.0,2898.0,1.16,36.65,15.02,6.98,35.87,29.09,2.0,238.0,1200.0
144121.988,57721.988,140.0,91.30000000000001,22.7,15.96,171.0,33.45,150.5,29.0,33.24,33.85,91.0,15.55,57.1,99.9,240.0,2900.0,1.3900000000000001,36.85,15.0,6.98,36.03,28.97,1.0,241.5,1200.0
144181.987,57781.987,140.0,91.80000000000001,22.55,16.04,171.5,33.45,150.9,28.95,33.31,33.9,93.0,15.65,57.0,100.0,240.5,2890.0,1.42,36.9,15.02,7.0600000000000005,36.03,29.1,0.0,237.5,1200.0
144241.987,57841.987,140.0,89.2,22.72,15.98,170.0,33.550000000000004,150.5,28.97,33.22,33.95,94.5,15.700000000000001,57.0,100.0,239.5,2898.0,1.3,36.7,14.98,7.01,35.95,28.98,0.0,239.0,1200.0
144301.987,57901.987,140.0,90.4,22.7,16.02,172.5,33.45,150.20000000000002,28.98,33.25,34.050000000000004,95.0,15.9,57.1,99.80000000000001,244.5,2903.0,1.3900000000000001,36.75,15.030000000000001,7.0,36.08,29.09,0.0,241.0,1200.0
144361.987,57961.987,140.0,90.10000000000001,22.62,16.06,174.0,33.35,152.0,28.98,33.17,33.800000000000004,91.5,15.700000000000001,57.0,99.60000000000001,240.0,2891.0,1.37,36.800000000000004,14.9,6.99,36.1,28.95,1.0,245.0,1200.0
144421.987,58021.987,140.0,91.4,22.63,16.04,173.0,33.4,152.8,28.900000000000002,33.3,33.85,92.5,15.850000000000001,57.1,100.0,240.0,2897.0,1.44,36.75,15.0,7.0,35.96,29.04,0.0,239.5,1200.0
144481.987,58081.987,140.0,92.10000000000001,22.6,16.05,170.5,33.550000000000004,151.3,29.01,33.26,33.85,91.5,15.600000000000001,57.1,100.0,239.0,2898.0,1.45,36.75,14.99,6.98,35.95,28.93,1.0,241.5,1200.0
144541.987,58141.987,140.0,91.60000000000001,22.6,16.01,170.5,33.5,153.3,28.95,33.21,33.95,92.0,15.75,57.800000000000004,100.0,240.5,2896.0,1.44,36.75,15.040000000000001,6.93,36.050000000000004,28.900000000000002,1.0,237.5,1200.0
144601.987,58201.987,140.0,91.80000000000001,22.650000000000002,15.99,172.0,33.45,151.6,28.94,33.26,33.85,93.0,15.600000000000001,57.1,100.0,240.5,2896.0,1.42,36.800000000000004,15.01,7.0200000000000005,36.01,28.95,1.0,237.0,1200.0
144661.987,58261.987,140.0,92.10000000000001,22.67,16.03,171.0,33.35,151.9,28.87,33.25,33.95,92.0,15.75,57.400000000000006,100.0,238.5,2893.0,1.4000000000000001,36.95,15.09,7.0200000000000005,36.02,28.990000000000002,1.0,242.0,1200.0
144721.987,58321.987,140.0,91.30000000000001,22.62,15.96,171.5,33.5,152.0,28.84,33.24,33.85,92.5,15.700000000000001,56.900000000000006,100.0,240.5,2900.0,1.33,36.75,14.93,6.96,35.980000000000004,28.95,1.0,239.5,1200.0
144781.987,58381.987,140.0,92.0,22.68,16.01,171.0,33.5,151.20000000000002,28.96,33.22,33.85,92.5,15.600000000000001,57.6,99.5,244.0,2900.0,1.36,36.800000000000004,14.97,6.99,36.02,28.96,0.0,237.5,1200.0
144841.987,58441.987,140.0,91.60000000000001,22.64,15.99,172.0,33.45,149.5,28.990000000000002,33.22,33.75,93.0,15.65,56.900000000000006,99.9,238.5,2900.0,1.58,36.95,14.99,6.99,36.1,29.03,2.0,243.5,1200.0
144901.986,58501.986,140.0,90.80000000000001,22.61,15.99,172.5,33.4,151.6,29.02,33.27,33.95,91.5,15.8,56.7,99.80000000000001,240.5,2904.0,1.31,36.65,14.950000000000001,7.07,35.95,28.96,2.0,244.0,1200.0
144961.986,58561.986,140.0,91.10000000000001,22.64,16.01,172.5,33.550000000000004,151.8,28.990000000000002,33.28,33.9,92.0,15.65,57.2,100.0,240.0,2891.0,1.52,36.85,15.01,7.0,36.04,29.0,0.0,242.5,1200.0
145021.986,58621.986,140.0,92.0,22.650000000000002,15.98,171.5,33.550000000000004,150.70000000000002,28.91,33.33,33.85,92.0,15.700000000000001,57.400000000000006,99.4,241.0,2896.0,1.34,36.75,14.97,6.97,35.99,28.96,0.0,239.0,1200.0
145081.986,58681.986,140.0,90.4,22.63,15.950000000000001,170.5,33.6,149.9,29.01,33.2,33.800000000000004,93.5,15.700000000000001,56.900000000000006,99.80000000000001,240.5,2897.0,1.3800000000000001,36.800000000000004,15.02,7.01,35.92,28.94,0.0,240.0,1200.0
145141.986,58741.986,140.0,90.5,22.57,15.89,173.0,33.5,151.20000000000002,28.92,33.28,33.800000000000004,90.5,15.65,57.2,99.9,241.5,2897.0,1.47,36.9,15.01,6.97,35.95,28.900000000000002,5.0,241.5,1200.0
145201.986,58801.986,140.0,90.2,22.55,16.080000000000002,170.0,33.45,151.1,28.990000000000002,33.32,33.85,94.0,15.8,57.5,100.0,239.5,2896.0,1.35,36.65,14.89,7.01,35.99,28.990000000000002,0.0,239.5,1200.0
145261.986,58861.986,140.0,91.0,22.64,15.97,172.0,33.5,151.70000000000002,29.02,33.27,33.800000000000004,91.5,15.8,57.0,100.0,239.5,2895.0,1.23,36.7,14.99,6.97,35.980000000000004,29.1,0.0,242.0,1200.0
145321.986,58921.986,140.0,89.60000000000001,22.61,16.04,172.0,33.550000000000004,149.5,29.0,33.29,34.0,92.0,15.850000000000001,57.0,99.30000000000001,242.0,2905.0,1.29,36.7,14.950000000000001,6.99,35.97,29.060000000000002,0.0,241.5,1200.0
145381.986,58981.986,140.0,90.2,22.63,16.07,170.0,33.550000000000004,152.0,28.98,33.28,33.85,93.5,15.8,56.800000000000004,100.0,236.5,2903.0,1.42,36.800000000000004,15.0,7.0600000000000005,36.04,29.05,2.0,242.5,1200.0
145441.986,59041.986,140.0,91.60000000000001,22.72,15.94,172.0,33.5,151.6,29.04,33.26,34.0,94.5,15.9,56.400000000000006,99.9,241.5,2898.0,1.3800000000000001,36.800000000000004,15.02,7.05,35.97,29.02,0.0,243.0,1200.0
145501.986,59101.986,140.0,88.10000000000001,22.650000000000002,16.080000000000002,173.5,33.550000000000004,149.6,28.96,33.34,33.800000000000004,93.5,15.700000000000001,57.5,100.0,236.0,2899.0,1.43,36.85,15.030000000000001,7.0,36.03,28.900000000000002,0.0,236.0,1200.0
145561.986,59161.986,140.0,91.30000000000001,22.61,15.94,171.0,33.45,153.0,29.0,33.24,34.050000000000004,93.0,15.65,57.0,99.80000000000001,239.5,2901.0,1.56,36.75,15.02,7.01,35.980000000000004,28.98,0.0,246.0,1200.0
145621.985,59221.985,140.0,90.9,22.6,16.0,173.5,33.5,150.4,29.09,33.34,33.85,94.5,15.65,57.1,100.0,239.0,2901.0,1.4000000000000001,36.95,15.01,7.05,35.92,29.03,1.0,238.0,1200.0
145681.985,59281.985,140.0,91.4,22.71,16.05,172.0,33.5,150.3,29.02,33.34,33.95,92.0,15.75,57.0,99.10000000000001,241.0,2900.0,1.52,36.75,14.98,7.03,36.03,28.97,0.0,239.0,1200.0
145741.985,59341.985,140.0,90.4,22.59,16.04,171.5,33.45,152.3,29.0,33.24,33.95,93.0,15.700000000000001,57.400000000000006,100.0,244.0,2901.0,1.49,36.85,14.98,7.05,36.08,28.94,0.0,243.5,1200.0
145801.985,59401.985,140.0,90.9,22.59,16.07,172.0,33.5,151.70000000000002,28.92,33.35,33.800000000000004,92.5,15.65,56.6,100.0,243.5,2897.0,1.35,36.7,14.96,7.0,35.96,28.95,1.0,240.0,1200.0
145861.985,59461.985,140.0,90.10000000000001,22.61,16.0,171.5,33.6,152.1,29.12,33.33,33.95,93.0,15.600000000000001,57.0,99.9,240.5,2897.0,1.37,36.800000000000004,15.040000000000001,6.97,35.980000000000004,29.02,0.0,241.0,1200.0
145921.985,59521.985,140.0,91.80000000000001,22.62,16.04,174.5,33.550000000000004,150.6,28.990000000000002,33.31,33.7,92.0,15.75,57.1,99.9,242.0,2892.0,1.6500000000000001,36.65,15.030000000000001,7.05,36.06,29.02,0.0,241.0,1200.0
145981.985,59581.985,140.0,91.9,22.66,16.04,174.0,33.7,151.6,29.1,33.34,33.95,92.5,15.700000000000001,56.900000000000006,100.0,244.5,2899.0,1.42,36.85,15.0,7.01,36.01,28.990000000000002,0.0,241.0,1200.0
146041.985,59641.985,140.0,91.30000000000001,22.650000000000002,16.02,174.5,33.550000000000004,150.6,28.990000000000002,33.44,33.9,94.5,15.65,57.1,100.0,239.5,2901.0,1.61,36.75,14.950000000000001,7.0,35.97,29.02,0.0,242.5,1200.0
146101.985,59701.985,140.0,90.30000000000001,22.69,15.99,172.5,33.45,151.70000000000002,29.05,33.31,33.800000000000004,94.0,15.65,56.800000000000004,100.0,235.5,2899.0,1.48,36.75,14.94,6.99,36.01,28.93,0.0,243.5,1200.0
146161.985,59761.985,140.0,91.10000000000001,22.59,16.03,173.0,33.5,151.8,28.94,33.38,33.7,91.0,15.75,57.1,100.0,239.0,2901.0,1.3800000000000001,36.800000000000004,15.07,7.01,36.13,28.98,0.0,239.5,1200.0
146221.985,59821.985,140.0,90.60000000000001,22.68,16.04,173.0,33.550000000000004,152.4,29.02,33.37,33.9,95.0,15.700000000000001,57.300000000000004,99.60000000000001,239.5,2905.0,1.53,36.800000000000004,15.05,7.03,35.99,29.01,1.0,238.0,1200.0
146281.985,59881.985,140.0,92.60000000000001,22.68,16.06,171.5,33.550000000000004,150.6,28.92,33.28,33.9,90.0,15.8,57.400000000000006,99.7,243.5,2903.0,1.48,36.7,14.99,7.05,35.99,28.96,3.0,245.5,1200.0
146341.984,59941.984,140.0,91.10000000000001,22.68,16.05,172.0,33.65,152.4,29.0,33.21,34.0,93.0,15.850000000000001,57.2,100.0,239.0,2901.0,1.37,36.95,14.97,7.03,35.910000000000004,28.97,1.0,244.5,1200.0
146401.984,60001.984,140.0,89.9,22.59,15.91,174.0,33.4,151.5,29.03,33.27,33.9,91.5,15.700000000000001,57.400000000000006,99.80000000000001,245.0,2903.0,1.35,36.75,15.0,7.01,35.99,28.96,0.0,244.0,1200.0
146461.984,60061.984,140.0,91.80000000000001,22.72,15.99,173.0,33.6,151.3,28.98,33.38,33.9,92.0,15.75,57.6,99.80000000000001,246.0,2908.0,1.49,36.95,15.01,6.99,35.95,28.990000000000002,0.0,247.5,1200.0
146521.984,60121.984,140.0,90.4,22.75,15.97,172.0,33.5,152.20000000000002,28.98,33.35,34.0,93.0,15.700000000000001,57.900000000000006,100.0,242.0,2900.0,1.5,36.9,14.94,7.0,36.1,28.990000000000002,2.0,243.5,1200.0
146581.984,60181.984,140.0,90.60000000000001,22.77,15.98,171.0,33.65,151.0,28.97,33.3,34.050000000000004,94.0,15.65,57.300000000000004,100.0,246.0,2906.0,1.43,36.95,14.950000000000001,7.07,35.93,28.990000000000002,0.0,243.5,1200.0
146641.984,60241.984,140.0,91.10000000000001,22.650000000000002,16.0,173.0,33.45,150.3,29.01,33.35,33.9,92.0,15.700000000000001,57.300000000000004,99.30000000000001,242.0,2904.0,1.3,36.800000000000004,14.96,7.0200000000000005,35.92,29.01,0.0,240.5,1200.0
146701.984,60301.984,140.0,90.2,22.76,16.0,171.5,33.5,152.1,28.98,33.36,33.95,92.5,15.75,57.900000000000006,99.80000000000001,241.5,2902.0,1.52,36.800000000000004,15.05,6.93,36.04,29.07,0.0,236.5,1200.0
146761.984,60361.984,140.0,91.60000000000001,22.68,16.07,170.5,33.550000000000004,151.9,29.01,33.38,34.0,93.0,15.8,57.7,99.5,239.0,2903.0,1.44,36.9,14.98,7.0,35.93,29.03,0.0,239.5,1200.0
146821.984,60421.984,140.0,89.60000000000001,22.69,15.96,172.5,33.5,149.1,28.95,33.39,33.95,92.5,15.850000000000001,57.400000000000006,100.0,244.5,2905.0,1.42,37.0,15.0,7.04,35.97,28.95,0.0,240.0,1200.0
146881.984,60481.984,140.0,90.30000000000001,22.64,15.96,171.0,33.6,150.6,28.93,33.33,33.9,89.0,15.75,57.400000000000006,99.7,242.5,2904.0,1.3900000000000001,36.95,14.96,7.04,36.01,28.97,1.0,243.0,1200.0
146941.984,60541.984,140.0,91.60000000000001,22.62,15.97,171.0,33.550000000000004,152.0,28.97,33.28,34.0,90.0,15.850000000000001,57.5,100.0,243.5,2899.0,1.3900000000000001,36.85,14.99,7.0,36.03,29.060000000000002,0.0,241.5,1200.0
147001.984,60601.984,140.0,91.60000000000001,22.6,15.99,171.0,33.45,151.4,29.04,33.28,34.050000000000004,91.5,15.75,57.400000000000006,100.0,242.5,2904.0,1.3900000000000001,36.85,15.01,7.0200000000000005,35.910000000000004,28.990000000000002,2.0,239.0,1200.0
147061.983,60661.983,140.0,91.10000000000001,22.67,15.98,172.0,33.550000000000004,152.5,29.01,33.33,33.85,92.0,15.8,57.5,99.80000000000001,244.5,2904.0,1.4000000000000001,36.9,15.07,7.0600000000000005,35.99,29.0,0.0,241.5,1200.0
147121.983,60721.983,140.0,91.0,22.61,15.98,170.5,33.5,150.8,29.09,33.31,33.85,92.5,15.65,56.900000000000006,100.0,238.5,2900.0,1.45,36.85,15.0,7.0600000000000005,35.94,28.990000000000002,1.0,244.5,1200.0
147181.983,60781.983,140.0,89.30000000000001,22.64,15.99,172.5,33.550000000000004,151.0,29.02,33.3,34.0,94.0,15.600000000000001,57.2,100.0,242.0,2905.0,1.46,37.0,15.02,6.94,35.96,29.03,2.0,244.0,1200.0
147241.983,60841.983,140.0,92.0,22.71,15.98,173.0,33.550000000000004,149.0,28.96,33.33,33.9,92.5,15.65,57.0,100.0,242.0,2904.0,1.44,36.75,14.91,6.98,36.1,28.93,0.0,242.0,1200.0
147301.983,60901.983,140.0,89.80000000000001,22.68,16.05,172.0,33.65,150.70000000000002,28.91,33.3,33.95,92.0,15.700000000000001,57.1,99.9,240.0,2899.0,1.35,37.0,14.98,7.07,35.99,28.96,0.0,243.0,1200.0
147361.983,60961.983,140.0,91.0,22.650000000000002,16.04,171.5,33.4,151.6,28.95,33.37,33.95,91.0,15.700000000000001,57.2,99.9,244.0,2902.0,1.3,36.9,14.93,6.99,36.04,28.97,1.0,241.0,1200.0
147421.983,61021.983,140.0,89.60000000000001,22.650000000000002,15.94,171.5,33.6,151.5,28.95,33.28,34.0,92.5,15.8,57.2,99.30000000000001,242.0,2904.0,1.43,36.75,14.98,6.98,36.06,28.990000000000002,0.0,239.5,1200.0
147481.983,61081.983,140.0,92.30000000000001,22.73,16.04,171.5,33.550000000000004,152.3,28.990000000000002,33.29,33.95,91.0,15.600000000000001,57.400000000000006,100.0,247.0,2905.0,1.35,37.0,14.97,6.95,36.03,28.96,1.0,241.0,1200.0
147541.983,61141.983,140.0,90.7,22.71,15.99,171.5,33.550000000000004,152.20000000000002,28.96,33.33,33.95,92.0,15.700000000000001,57.7,100.0,242.0,2897.0,1.44,36.75,15.08,6.97,35.980000000000004,29.0,0.0,240.0,1200.0
147601.983,61201.983,140.0,91.10000000000001,22.66,16.06,172.5,33.6,152.20000000000002,29.04,33.47,33.9,91.0,15.600000000000001,57.400000000000006,99.9,243.0,2904.0,1.32,36.75,15.02,6.97,35.99,29.01,0.0,244.0,1200.0
147661.983,61261.983,140.0,91.9,22.69,16.01,173.0,33.45,152.4,28.91,33.33,33.85,93.5,15.950000000000001,57.0,100.0,240.5,2900.0,1.34,36.95,15.01,6.97,36.01,29.0,0.0,239.5,1200.0
147721.983,61321.983,140.0,91.7,22.73,15.98,170.5,33.5,151.9,28.95,33.28,34.1,93.5,15.9,57.300000000000004,100.0,241.5,2902.0,1.33,36.85,14.950000000000001,7.0600000000000005,36.050000000000004,29.12,0.0,241.5,1200.0
147781.983,61381.983,140.0,91.0,22.72,15.98,169.5,33.550000000000004,153.70000000000002,28.91,33.3,33.95,93.5,15.65,57.5,99.9,241.5,2900.0,1.4000000000000001,36.85,15.09,6.98,36.03,29.03,0.0,243.0,1200.0
147841.982,61441.982,140.0,92.2,22.68,16.03,174.0,33.550000000000004,150.70000000000002,28.98,33.26,33.800000000000004,94.5,15.55,57.1,100.0,241.0,2900.0,1.5,36.65,15.01,7.0,36.02,28.990000000000002,2.0,239.0,1200.0
147901.982,61501.982,140.0,90.9,22.72,15.98,172.5,33.35,150.20000000000002,28.95,33.27,33.800000000000004,91.5,15.65,56.900000000000006,100.0,240.5,2901.0,1.3800000000000001,36.9,15.05,7.0200000000000005,35.99,28.98,0.0,238.5,1200.0
147961.982,61561.982,140.0,92.0,22.67,15.99,171.5,33.6,152.8,28.91,33.26,33.800000000000004,95.0,15.700000000000001,58.0,99.9,245.0,2900.0,1.36,36.800000000000004,14.97,7.11,35.99,29.05,0.0,243.5,1200.0
148021.982,61621.982,140.0,90.0,22.71,16.07,173.5,33.4,151.6,28.87,33.24,33.85,94.5,15.700000000000001,57.5,100.0,242.0,2896.0,1.17,36.7,14.950000000000001,7.01,36.02,29.02,1.0,237.5,1200.0
148081.982,61681.982,140.0,92.4,22.650000000000002,16.01,171.5,33.35,150.5,28.95,33.27,33.800000000000004,93.0,15.8,57.6,100.0,239.0,2893.0,1.52,36.7,14.94,6.98,35.99,29.1,0.0,242.0,1200.0
148141.982,61741.982,140.0,91.4,22.62,16.02,169.0,33.45,150.3,28.85,33.21,33.85,93.0,15.75,57.2,100.0,238.5,2891.0,1.41,36.75,14.99,7.0600000000000005,36.0,29.05,0.0,236.5,1200.0
148201.982,61801.982,140.0,91.0,22.64,15.97,172.0,33.45,151.1,28.95,33.26,33.9,90.5,15.700000000000001,57.5,99.7,241.0,2895.0,1.4000000000000001,36.9,14.98,7.0200000000000005,36.050000000000004,28.94,0.0,238.5,1200.0
148261.982,61861.982,140.0,89.30000000000001,22.7,16.02,170.5,33.4,150.6,28.89,33.14,33.9,92.5,15.600000000000001,57.2,99.80000000000001,242.5,2890.0,1.41,36.800000000000004,14.97,7.07,35.96,28.98,1.0,238.0,1200.0
148321.982,61921.982,140.0,91.10000000000001,22.66,16.06,170.5,33.4,150.5,28.76,33.22,33.7,93.5,15.75,57.400000000000006,100.0,237.5,2892.0,1.4000000000000001,36.75,15.05,6.96,35.96,29.07,0.0,240.5,1200.0
148381.982,61981.982,140.0,89.7,22.64,15.950000000000001,172.5,33.4,151.70000000000002,28.98,33.19,33.800000000000004,94.0,15.55,57.5,100.0,239.0,2900.0,1.5,36.800000000000004,15.02,7.01,35.96,29.02,0.0,237.5,1200.0
148441.982,62041.982,140.0,91.5,22.67,16.03,171.5,33.5,151.0,28.88,33.230000000000004,33.85,92.5,15.75,57.400000000000006,99.9,240.5,2896.0,1.58,36.75,15.01,7.07,36.0,28.990000000000002,0.0,243.0,1200.0
148501.982,62101.982,140.0,90.10000000000001,22.68,16.04,172.5,33.45,151.5,29.02,33.230000000000004,33.9,93.0,15.850000000000001,57.7,100.0,242.0,2898.0,1.48,36.75,14.99,7.01,36.04,29.0,0.0,239.5,1200.0
148561.982,62161.982,140.0,90.4,22.650000000000002,16.04,171.5,33.5,151.20000000000002,29.01,33.31,33.9,94.0,15.65,57.2,100.0,242.5,2892.0,1.34,36.85,14.93,6.99,36.050000000000004,28.900000000000002,3.0,240.5,1200.0
148621.981,62221.981,140.0,91.4,22.64,15.99,174.0,33.550000000000004,151.8,28.95,33.36,33.95,92.5,15.75,57.0,100.0,236.5,2895.0,1.35,36.75,15.06,6.98,35.95,29.04,0.0,245.0,1200.0
148681.981,62281.981,140.0,90.60000000000001,22.61,16.0,172.0,33.65,152.1,28.95,33.2,33.95,92.0,15.700000000000001,57.2,100.0,239.0,2900.0,1.5,36.7,15.01,7.0200000000000005,35.980000000000004,29.0,0.0,242.5,1200.0
148741.981,62341.981,140.0,91.60000000000001,22.68,16.0,172.5,33.5,150.8,29.1,33.3,34.0,91.5,15.65,57.400000000000006,99.9,246.5,2900.0,1.32,36.85,14.96,7.04,36.06,28.94,0.0,241.5,1200.0
148801.981,62401.981,140.0,91.7,22.67,16.01,172.5,33.45,150.1,29.0,33.19,34.0,92.0,15.700000000000001,57.300000000000004,100.0,238.0,2900.0,1.3800000000000001,36.75,14.99,7.0200000000000005,36.04,28.94,1.0,245.5,1200.0
148861.981,62461.981,140.0,91.2,22.68,15.97,170.5,33.5,152.8,29.04,33.31,33.95,90.5,15.700000000000001,56.900000000000006,100.0,241.0,2898.0,1.26,36.75,15.0,6.92,36.03,29.03,0.0,244.0,1200.0
148921.981,62521.981,140.0,92.60000000000001,22.61,16.0,170.0,33.6,152.70000000000002,29.04,33.29,34.0,91.0,15.850000000000001,57.0,99.9,239.0,2905.0,1.42,36.85,14.93,7.05,36.0,28.95,0.0,244.0,1200.0
148981.981,62581.981,140.0,91.80000000000001,22.67,16.01,174.0,33.550000000000004,149.8,29.0,33.28,34.050000000000004,94.0,15.75,57.300000000000004,100.0,235.0,2901.0,1.54,36.75,14.92,7.08,36.04,29.060000000000002,1.0,244.0,1200.0
149041.981,62641.981,140.0,91.7,22.64,15.950000000000001,171.0,33.4,151.5,28.98,33.3,34.0,94.0,15.8,57.900000000000006,100.0,236.5,2903.0,1.43,36.800000000000004,15.040000000000001,7.0,35.94,29.0,1.0,242.5,1200.0
149101.981,62701.981,140.0,90.30000000000001,22.7,15.870000000000001,173.0,33.65,151.70000000000002,29.04,33.25,33.9,92.0,15.700000000000001,57.400000000000006,100.0,239.5,2902.0,1.3800000000000001,36.9,14.98,6.97,35.97,29.04,2.0,245.0,1200.0
149161.981,62761.981,140.0,90.60000000000001,22.650000000000002,15.96,171.5,33.45,151.1,29.03,33.33,33.9,91.0,15.700000000000001,57.5,99.80000000000001,240.5,2903.0,1.33,36.85,15.0,7.0,36.01,28.97,2.0,247.5,1200.0
149221.981,62821.981,140.0,91.9,22.61,16.05,172.0,33.6,152.5,29.09,33.3,34.0,94.0,15.950000000000001,57.5,99.9,243.5,2911.0,1.27,36.85,15.02,7.0,36.03,28.97,0.0,246.0,1200.0
149281.981,62881.981,140.0,90.60000000000001,22.66,15.98,171.0,33.45,152.0,28.990000000000002,33.3,34.0,93.0,15.75,57.1,99.80000000000001,242.5,2907.0,1.49,36.95,15.01,7.04,36.03,29.080000000000002,1.0,241.0,1200.0
149341.981,62941.981,140.0,91.0,22.650000000000002,16.02,172.0,33.5,150.70000000000002,28.990000000000002,33.37,33.95,91.5,15.65,57.400000000000006,99.80000000000001,238.0,2905.0,1.24,37.0,15.030000000000001,6.99,36.01,29.03,3.0,242.5,1200.0
149401.981,63001.981,140.0,91.4,22.67,15.96,172.5,33.7,153.1,28.990000000000002,33.29,34.0,93.0,15.65,57.800000000000004,100.0,246.0,2900.0,1.46,36.800000000000004,14.99,6.96,35.99,28.900000000000002,1.0,241.0,1200.0
149461.98,63061.98,140.0,92.10000000000001,22.7,16.02,173.0,33.550000000000004,151.20000000000002,29.04,33.29,33.9,92.0,15.850000000000001,57.5,99.9,240.5,2905.0,1.3900000000000001,36.85,14.96,7.03,35.980000000000004,28.96,1.0,242.5,1200.0
149521.98,63121.98,140.0,90.30000000000001,22.740000000000002,15.94,172.0,33.45,151.5,29.0,33.37,34.0,91.0,15.65,57.2,99.9,243.5,2899.0,1.35,36.9,14.98,6.94,35.97,28.96,1.0,237.5,1200.0
149581.98,63181.98,140.0,91.0,22.68,16.0,172.5,33.4,151.3,29.18,33.25,34.050000000000004,91.5,15.700000000000001,57.7,100.0,242.0,2904.0,1.51,36.9,15.09,6.92,36.09,28.990000000000002,0.0,242.5,1200.0
149641.98,63241.98,140.0,90.9,22.650000000000002,15.96,173.5,33.550000000000004,150.20000000000002,29.0,33.410000000000004,34.1,94.5,15.700000000000001,57.0,100.0,244.0,2903.0,1.4000000000000001,37.050000000000004,14.96,7.09,35.97,29.03,1.0,242.0,1200.0
149701.98,63301.98,140.0,90.7,22.71,16.01,172.5,33.45,152.5,29.0,33.37,33.9,91.5,15.700000000000001,57.400000000000006,99.9,240.0,2906.0,1.41,36.85,15.030000000000001,7.03,36.03,29.080000000000002,4.0,242.5,1200.0
149761.98,63361.98,140.0,91.10000000000001,22.69,16.0,172.5,33.5,153.20000000000002,29.04,33.34,33.95,91.5,15.75,57.2,100.0,242.0,2903.0,1.3800000000000001,36.85,14.97,6.98,36.08,29.02,1.0,240.0,1200.0
149821.98,63421.98,140.0,90.10000000000001,22.66,16.06,172.5,33.6,151.70000000000002,28.91,33.26,33.75,92.0,15.9,57.1,99.80000000000001,243.0,2899.0,1.42,36.85,14.98,6.98,35.980000000000004,29.0,2.0,240.0,1200.0
149881.98,63481.98,140.0,91.2,22.62,15.950000000000001,172.0,33.4,151.3,28.95,33.35,34.0,94.0,15.65,57.5,99.9,241.0,2898.0,1.41,36.9,15.01,6.99,35.94,28.96,0.0,241.5,1200.0
149941.98,63541.98,140.0,90.5,22.72,15.94,174.0,33.45,150.1,28.96,33.32,34.0,94.5,15.65,57.5,99.9,242.5,2895.0,1.36,36.95,15.0,7.01,35.97,29.04,0.0,243.5,1200.0
150001.98,63601.98,140.0,92.30000000000001,22.6,16.01,172.5,33.6,151.6,29.02,33.26,33.95,94.5,15.600000000000001,57.0,99.60000000000001,238.0,2895.0,1.36,36.800000000000004,14.92,6.98,35.980000000000004,28.92,0.0,240.5,1200.0
150061.98,63661.98,140.0,90.7,22.62,15.99,173.0,33.45,151.8,28.95,33.21,33.95,92.0,15.65,57.400000000000006,99.9,234.5,2898.0,1.09,36.7,14.96,7.04,35.910000000000004,28.900000000000002,0.0,235.5,1200.0
150121.98,63721.98,140.0,91.0,22.68,16.12,173.0,33.45,150.8,28.91,33.27,33.85,93.5,15.65,57.7,100.0,234.0,2897.0,1.35,36.800000000000004,14.950000000000001,6.99,36.0,28.990000000000002,2.0,237.5,1200.0
150181.98,63781.98,140.0,90.0,22.650000000000002,15.97,171.5,33.45,150.9,28.98,33.25,33.95,93.5,15.850000000000001,57.300000000000004,100.0,237.5,2893.0,1.47,36.7,14.97,7.0200000000000005,35.97,29.02,3.0,241.5,1200.0
150241.979,63841.979,140.0,92.0,22.66,16.01,172.0,33.45,152.6,28.95,33.25,33.9,92.5,15.8,57.2,99.9,242.5,2892.0,1.24,36.800000000000004,15.0,7.0,35.99,29.03,0.0,238.0,1200.0
150301.979,63901.979,140.0,91.9,22.650000000000002,16.01,174.5,33.5,151.70000000000002,28.900000000000002,33.27,33.800000000000004,94.0,15.9,56.900000000000006,100.0,239.0,2897.0,1.44,36.75,15.030000000000001,6.99,35.96,28.900000000000002,0.0,242.5,1200.0
150361.979,63961.979,140.0,91.30000000000001,22.7,16.06,173.0,33.45,151.3,28.900000000000002,33.28,34.0,92.0,15.65,57.2,100.0,239.0,2892.0,1.44,36.7,15.01,7.0200000000000005,35.88,29.09,0.0,236.5,1200.0
150421.979,64021.979,140.0,90.7,22.580000000000002,16.01,173.5,33.5,152.0,28.94,33.32,33.7,93.0,15.65,57.7,100.0,239.0,2891.0,1.35,36.800000000000004,14.93,7.01,36.01,29.04,0.0,237.5,1200.0
150481.979,64081.979,140.0,91.2,22.61,15.96,172.0,33.5,151.3,28.94,33.33,33.85,91.5,15.8,57.2,100.0,241.5,2900.0,1.3800000000000001,36.6,15.0,6.98,36.01,28.93,1.0,244.5,1200.0
150541.979,64141.979,140.0,90.2,22.69,16.0,170.0,33.550000000000004,151.5,28.900000000000002,33.17,33.800000000000004,91.5,15.850000000000001,57.2,100.0,242.0,2896.0,1.5,36.6,14.99,7.0200000000000005,35.93,28.96,0.0,244.0,1200.0
150601.979,64201.979,140.0,90.80000000000001,22.6,16.02,171.0,33.5,150.0,29.01,33.26,33.85,91.5,15.75,57.7,100.0,244.0,2894.0,1.24,36.75,15.0,7.05,35.99,29.04,0.0,237.0,1200.0
150661.979,64261.979,140.0,92.30000000000001,22.64,16.02,171.5,33.4,151.6,29.01,33.36,33.85,91.5,15.75,57.7,99.5,246.5,2892.0,1.22,36.6,14.950000000000001,7.0,36.0,28.94,1.0,239.0,1200.0
150721.979,64321.979,140.0,90.30000000000001,22.66,16.01,170.0,33.5,152.70000000000002,28.990000000000002,33.18,33.85,94.0,15.700000000000001,57.400000000000006,100.0,240.5,2900.0,1.5,36.800000000000004,15.02,7.0200000000000005,35.96,29.0,0.0,239.0,1200.0
150781.979,64381.979,140.0,89.60000000000001,22.73,15.97,172.0,33.35,149.5,28.95,33.17,33.9,92.5,15.700000000000001,57.400000000000006,99.80000000000001,234.5,2898.0,1.28,36.9,14.99,7.05,36.03,29.02,0.0,245.0,1200.0
150841.979,64441.979,140.0,89.60000000000001,22.71,16.05,172.0,33.6,151.4,28.93,33.25,33.9,92.0,15.700000000000001,57.2,99.7,239.5,2897.0,1.36,36.65,14.96,7.0200000000000005,35.93,28.990000000000002,1.0,243.0,1200.0
150901.979,64501.979,140.0,90.9,22.68,16.05,173.0,33.4,152.6,28.85,33.21,33.75,92.0,15.700000000000001,57.900000000000006,100.0,238.5,2889.0,1.26,36.800000000000004,15.05,6.96,35.980000000000004,28.95,0.0,243.0,1200.0
150961.979,64561.979,140.0,90.2,22.75,15.98,172.0,33.4,152.8,28.990000000000002,33.24,33.85,92.0,15.75,58.2,100.0,244.0,2899.0,1.52,36.75,14.950000000000001,7.0200000000000005,36.02,29.01,0.0,242.0,1200.0
151021.979,64621.979,140.0,89.60000000000001,22.72,16.03,172.5,33.4,151.20000000000002,28.89,33.24,33.9,91.5,15.700000000000001,57.800000000000004,99.60000000000001,242.5,2897.0,1.32,36.95,14.99,7.03,35.96,29.0,0.0,239.5,1200.0
151081.978,64681.978,140.0,90.7,22.69,16.02,174.0,33.6,150.8,28.900000000000002,33.24,33.800000000000004,93.0,15.75,58.0,99.60000000000001,241.0,2906.0,1.44,36.9,15.11,7.01,35.96,29.0,0.0,243.0,1200.0
151141.978,64741.978,140.0,91.10000000000001,22.67,16.01,169.0,33.550000000000004,153.8,28.85,33.3,33.9,96.0,15.850000000000001,57.6,100.0,243.0,2897.0,1.42,36.800000000000004,15.0,6.99,36.06,29.04,0.0,240.5,1200.0
151201.978,64801.978,140.0,91.60000000000001,22.72,16.01,171.5,33.5,151.6,28.94,33.29,33.95,92.5,15.65,58.0,99.60000000000001,241.5,2897.0,1.57,36.7,14.98,7.05,36.04,29.01,2.0,244.0,1200.0
151261.978,64861.978,140.0,91.9,22.63,15.99,167.5,33.5,151.9,28.89,33.230000000000004,33.95,90.5,15.600000000000001,57.6,100.0,238.5,2901.0,1.57,36.85,15.05,6.98,36.0,29.0,0.0,240.5,1200.0
151321.978,64921.978,140.0,91.0,22.39,15.9,172.0,33.45,150.6,28.91,33.17,33.9,93.0,15.5,57.300000000000004,100.0,238.5,2891.0,1.22,36.800000000000004,14.97,6.96,35.92,28.990000000000002,0.0,239.5,1200.0
151381.978,64981.978,140.0,91.7,22.330000000000002,15.89,173.5,33.35,150.6,28.85,33.07,33.75,93.0,15.65,56.1,99.7,235.0,2885.0,1.47,36.75,15.01,7.0,36.050000000000004,29.03,0.0,237.0,1200.0
151441.978,65041.978,140.0,90.9,22.19,15.9,169.5,33.25,152.8,28.8,33.01,33.7,91.5,15.700000000000001,55.5,99.80000000000001,234.5,2873.0,1.37,36.65,14.99,6.96,35.980000000000004,29.02,0.0,228.5,1200.0
151501.978,65101.978,140.0,90.10000000000001,22.04,15.84,170.5,33.0,149.5,28.91,32.92,33.800000000000004,91.5,15.600000000000001,54.800000000000004,99.80000000000001,233.5,2866.0,1.45,36.6,14.950000000000001,6.99,36.050000000000004,29.09,0.0,230.0,1200.0
151561.978,65161.978,140.0,91.0,21.98,15.82,170.0,33.1,151.5,28.900000000000002,32.9,33.7,93.0,15.600000000000001,53.5,100.0,229.0,2862.0,1.46,36.5,15.030000000000001,6.97,36.07,28.95,0.0,229.5,1200.0
151621.978,65221.978,140.0,92.2,21.900000000000002,15.89,171.5,33.050000000000004,148.9,28.830000000000002,32.85,33.75,94.0,15.600000000000001,53.6,100.0,225.0,2858.0,1.46,36.35,14.950000000000001,7.0200000000000005,35.980000000000004,29.060000000000002,0.0,225.5,1200.0
151681.978,65281.978,140.0,89.9,21.830000000000002,15.74,170.5,33.2,152.5,28.85,32.9,33.85,91.0,15.350000000000001,53.1,100.0,227.0,2865.0,1.49,36.4,15.06,7.0,35.96,28.900000000000002,0.0,225.5,1200.0
151741.978,65341.978,140.0,91.10000000000001,21.63,15.57,170.5,33.15,151.9,28.92,32.96,33.800000000000004,91.5,15.350000000000001,53.2,100.0,230.0,2875.0,1.48,36.050000000000004,15.06,7.07,35.99,28.95,0.0,223.5,1200.0
151801.978,65401.978,140.0,91.30000000000001,21.56,15.52,171.0,33.050000000000004,150.4,28.93,32.85,33.800000000000004,90.0,15.350000000000001,52.800000000000004,94.9,225.5,2880.0,1.33,36.1,15.02,6.88,35.94,28.98,0.0,219.5,1200.0
151861.978,65461.978,140.0,91.9,21.54,15.74,168.0,32.9,151.4,28.88,32.76,33.7,90.5,15.350000000000001,51.800000000000004,91.0,222.0,2884.0,1.32,36.050000000000004,14.94,7.0,36.04,29.05,1.0,221.5,1200.0
151921.978,65521.978,140.0,92.5,21.77,15.870000000000001,170.0,32.95,151.1,28.86,32.77,33.75,92.0,15.65,51.7,91.2,218.0,2865.0,1.46,35.75,14.99,6.99,36.0,29.02,1.0,213.0,1200.0
151981.977,65581.977,140.0,91.10000000000001,21.92,15.89,170.5,33.1,151.1,28.91,32.74,33.85,93.0,15.600000000000001,52.1,93.7,220.5,2854.0,1.27,35.800000000000004,14.96,7.07,35.9,28.990000000000002,2.0,222.0,1200.0
152041.977,65641.977,140.0,90.0,22.06,15.97,168.5,32.85,150.9,28.77,32.75,33.75,93.0,15.8,52.800000000000004,96.9,220.5,2841.0,1.53,35.85,14.94,6.99,36.06,28.98,0.0,218.5,1200.0
152101.977,65701.977,140.0,91.2,22.14,16.05,170.0,33.050000000000004,152.4,28.77,32.85,33.6,93.0,15.75,53.900000000000006,99.80000000000001,221.0,2831.0,1.3800000000000001,35.85,15.030000000000001,6.97,36.050000000000004,29.09,0.0,227.5,1200.0
152161.977,65761.977,140.0,90.80000000000001,22.25,16.240000000000002,169.0,33.050000000000004,151.70000000000002,28.87,32.79,33.7,94.5,15.9,54.7,99.80000000000001,219.5,2826.0,1.54,35.7,15.030000000000001,7.0600000000000005,36.01,29.04,0.0,221.0,1200.0
152221.977,65821.977,140.0,91.2,22.36,16.27,171.0,32.95,152.70000000000002,28.84,32.85,33.6,93.0,16.0,55.1,99.5,216.0,2810.0,1.55,35.7,15.040000000000001,6.97,35.95,28.990000000000002,2.0,218.0,1200.0
152281.977,65881.977,140.0,89.4,22.51,16.3,169.5,33.15,150.1,28.740000000000002,32.84,33.65,94.0,15.950000000000001,54.7,100.0,219.0,2802.0,1.36,35.75,14.97,7.0200000000000005,35.980000000000004,28.96,0.0,216.0,1200.0
152341.977,65941.977,140.0,91.30000000000001,22.6,16.330000000000002,171.0,33.0,149.70000000000002,28.810000000000002,32.89,33.65,93.0,16.150000000000002,55.300000000000004,100.0,222.5,2822.0,1.41,35.75,14.99,6.98,35.92,29.04,2.0,225.0,1200.0
152401.977,66001.977,140.0,91.5,22.77,16.27,168.5,33.15,150.6,28.67,32.9,33.6,94.5,16.1,56.0,100.0,228.0,2833.0,1.45,35.7,14.97,7.04,35.93,29.03,0.0,224.0,1200.0
152461.977,66061.977,140.0,90.7,22.67,16.15,169.5,33.15,152.0,28.810000000000002,32.93,33.550000000000004,93.0,15.850000000000001,57.1,99.9,223.0,2851.0,1.46,36.0,14.93,6.96,35.95,28.97,0.0,228.0,1200.0
152521.977,66121.977,140.0,91.0,22.5,16.09,170.5,33.300000000000004,150.6,28.71,33.06,33.550000000000004,92.5,15.65,57.1,100.0,227.5,2847.0,1.44,36.0,14.96,7.05,35.97,28.990000000000002,0.0,228.0,1200.0
152581.977,66181.977,140.0,91.7,22.37,16.03,168.0,33.15,151.4,28.8,32.87,33.75,95.0,15.65,55.400000000000006,100.0,223.5,2853.0,1.4000000000000001,35.800000000000004,15.040000000000001,6.98,36.050000000000004,29.07,1.0,227.0,1200.0
152641.977,66241.977,140.0,90.30000000000001,22.19,15.99,168.0,33.0,151.4,28.95,33.01,33.7,94.5,15.850000000000001,55.300000000000004,100.0,222.5,2853.0,1.34,35.95,15.05,7.07,35.9,28.990000000000002,0.0,226.0,1200.0
152701.977,66301.977,140.0,93.4,22.16,15.94,169.5,32.95,152.20000000000002,28.84,32.86,33.6,96.0,15.700000000000001,54.2,100.0,223.5,2849.0,1.31,35.9,14.99,7.0,36.02,29.05,0.0,226.0,1200.0
152761.977,66361.977,140.0,91.2,21.98,15.94,168.5,33.050000000000004,152.1,28.82,32.9,33.7,92.0,15.65,53.7,99.9,223.5,2845.0,1.48,35.9,15.01,7.03,35.96,28.97,1.0,222.0,1200.0
152821.976,66421.976,140.0,91.9,21.78,15.860000000000001,172.0,32.9,150.5,28.87,32.84,33.75,93.5,15.5,54.0,100.0,225.0,2848.0,1.31,35.9,14.98,6.95,36.0,29.0,0.0,224.0,1200.0
152881.976,66481.976,140.0,90.9,21.73,15.72,170.0,33.0,151.5,28.82,32.87,33.75,93.0,15.5,53.800000000000004,100.0,223.5,2855.0,1.2,35.85,14.98,7.0200000000000005,35.92,28.98,0.0,224.0,1200.0
152941.976,66541.976,140.0,89.80000000000001,21.64,15.58,168.5,32.95,152.6,28.86,32.85,33.75,91.5,15.350000000000001,52.7,99.30000000000001,227.5,2867.0,1.42,35.65,14.99,6.99,35.97,28.900000000000002,3.0,225.0,1200.0
153001.976,66601.976,140.0,91.5,21.48,15.52,170.0,32.85,151.70000000000002,28.78,32.67,33.800000000000004,91.5,15.4,52.900000000000006,91.7,219.5,2890.0,1.3900000000000001,35.75,14.98,6.99,35.99,29.1,0.0,218.5,1200.0
153061.976,66661.976,140.0,92.30000000000001,21.45,15.66,166.5,32.9,150.8,28.87,32.63,33.800000000000004,92.0,15.4,50.800000000000004,85.80000000000001,212.5,2891.0,1.48,35.800000000000004,14.96,7.05,36.02,28.97,0.0,214.0,1200.0
153121.976,66721.976,140.0,92.0,21.41,15.65,168.5,32.65,151.70000000000002,28.830000000000002,32.55,33.85,91.5,15.450000000000001,50.0,83.60000000000001,216.0,2892.0,1.34,35.75,15.030000000000001,7.03,36.03,28.95,0.0,214.0,1200.0
153181.976,66781.976,140.0,91.0,21.47,15.77,169.5,32.65,151.3,28.82,32.51,33.800000000000004,93.0,15.600000000000001,48.800000000000004,80.0,207.5,2894.0,1.35,35.6,14.97,6.96,36.04,29.03,1.0,210.0,1200.0
153241.976,66841.976,140.0,89.5,21.44,15.77,167.5,32.800000000000004,152.9,28.88,32.44,33.85,92.5,15.600000000000001,49.300000000000004,78.30000000000001,206.5,2892.0,1.4000000000000001,35.75,14.98,6.98,35.99,29.03,1.0,207.0,1200.0
153301.976,66901.976,140.0,92.9,21.47,15.82,169.0,32.550000000000004,153.0,28.89,32.54,33.9,90.0,15.55,49.1,77.30000000000001,206.5,2893.0,1.3800000000000001,35.65,14.96,6.98,36.04,29.05,1.0,203.0,1200.0
153361.976,66961.976,140.0,91.0,21.330000000000002,15.870000000000001,168.5,32.65,151.5,28.8,32.43,33.9,92.0,15.65,49.7,75.60000000000001,202.5,2891.0,1.33,35.65,14.99,7.03,35.99,29.150000000000002,0.0,201.0,1200.0
153421.976,67021.976,140.0,91.30000000000001,21.34,15.85,167.5,32.45,151.1,28.93,32.52,33.9,91.5,15.5,48.7,73.9,201.5,2895.0,1.26,35.65,14.97,7.09,36.01,28.93,1.0,204.5,1200.0
153481.976,67081.976,140.0,91.60000000000001,21.330000000000002,15.81,166.5,32.550000000000004,150.1,28.84,32.42,33.9,93.0,15.600000000000001,49.0,72.8,204.5,2899.0,1.46,35.65,15.02,6.93,35.88,29.07,1.0,205.5,1200.0
153541.976,67141.976,140.0,91.0,21.3,15.89,166.5,32.75,150.70000000000002,28.87,32.28,33.800000000000004,91.5,15.75,48.7,71.9,202.0,2896.0,1.26,35.6,15.01,7.0200000000000005,36.09,28.95,1.0,200.0,1200.0
153601.976,67201.976,140.0,90.7,21.31,15.88,167.5,32.75,150.6,28.900000000000002,32.43,33.7,91.0,15.65,48.6,71.10000000000001,202.5,2899.0,1.44,35.6,15.040000000000001,7.05,35.96,29.02,2.0,204.5,1200.0
153661.976,67261.976,140.0,90.7,21.36,15.790000000000001,168.5,32.4,150.1,28.77,32.27,33.800000000000004,91.5,15.55,48.400000000000006,69.9,193.5,2896.0,1.46,35.550000000000004,14.99,7.04,35.97,29.0,1.0,200.5,1200.0
153721.975,67321.975,140.0,90.7,21.36,15.88,165.0,32.550000000000004,151.1,28.830000000000002,32.36,33.9,92.5,15.75,48.1,69.60000000000001,197.5,2903.0,1.3900000000000001,35.5,14.99,6.98,36.0,28.88,2.0,196.5,1200.0
153781.975,67381.975,140.0,89.60000000000001,21.29,15.860000000000001,166.0,32.45,149.20000000000002,28.78,32.38,33.9,92.0,15.600000000000001,48.400000000000006,69.0,199.0,2899.0,1.53,35.7,15.1,7.04,36.02,28.96,1.0,201.0,1200.0
153841.975,67441.975,140.0,90.60000000000001,21.38,15.93,168.5,32.5,151.20000000000002,28.77,32.29,33.800000000000004,90.5,15.5,47.900000000000006,68.2,199.5,2893.0,1.53,35.800000000000004,15.06,7.01,35.99,29.05,0.0,195.5,1200.0
153901.975,67501.975,140.0,91.4,21.36,15.94,166.5,32.4,152.6,28.8,32.33,33.85,93.5,15.600000000000001,48.0,68.4,199.5,2898.0,1.44,35.65,14.94,7.08,36.01,29.05,2.0,196.0,1200.0
153961.975,67561.975,140.0,91.60000000000001,21.25,15.92,167.0,32.4,151.3,28.89,32.2,33.75,93.5,15.700000000000001,48.2,67.3,202.0,2896.0,1.35,35.550000000000004,14.97,7.0200000000000005,35.980000000000004,28.97,1.0,199.0,1200.0
154021.975,67621.975,140.0,88.9,21.31,15.9,166.0,32.4,150.70000000000002,28.86,32.29,33.75,91.0,15.75,47.800000000000004,68.0,196.5,2894.0,1.41,35.6,14.96,7.0200000000000005,36.01,29.0,0.0,198.0,1200.0
154081.975,67681.975,140.0,89.5,21.3,15.950000000000001,168.0,32.6,150.0,28.77,32.31,33.800000000000004,91.5,15.75,47.1,66.9,192.5,2895.0,1.59,35.45,15.02,7.0200000000000005,36.03,28.990000000000002,0.0,200.0,1200.0
154141.975,67741.975,140.0,90.5,21.37,15.98,168.0,32.45,151.3,28.84,32.27,33.85,93.0,15.600000000000001,47.2,66.8,199.5,2896.0,1.59,35.6,14.96,6.97,35.910000000000004,29.04,0.0,199.0,1200.0
154201.975,67801.975,140.0,91.9,21.3,15.97,165.5,32.300000000000004,152.6,28.73,32.26,33.85,91.5,15.850000000000001,47.2,66.4,196.0,2894.0,1.44,35.550000000000004,14.98,7.07,35.99,29.04,1.0,193.0,1200.0
154261.975,67861.975,140.0,89.2,21.400000000000002,15.97,167.0,32.35,150.4,28.76,32.28,33.95,93.0,15.75,47.6,67.4,192.5,2890.0,1.62,35.5,15.0,6.97,35.910000000000004,28.990000000000002,0.0,192.0,1200.0
154321.975,67921.975,140.0,91.7,21.46,16.03,168.0,32.4,151.8,28.79,32.32,33.75,92.5,16.0,48.400000000000006,68.0,196.0,2885.0,1.47,35.5,15.01,6.91,36.01,28.990000000000002,0.0,198.5,1200.0
154381.975,67981.975,140.0,90.9,21.47,16.13,167.0,32.300000000000004,151.6,28.810000000000002,32.26,33.800000000000004,95.0,15.850000000000001,48.6,69.4,196.5,2882.0,1.34,35.45,15.030000000000001,7.01,36.02,29.080000000000002,0.0,196.5,1200.0
154441.975,68041.975,140.0,92.10000000000001,21.56,16.13,165.0,32.550000000000004,152.9,28.79,32.35,33.800000000000004,93.0,15.75,48.2,71.10000000000001,195.0,2871.0,1.3800000000000001,35.4,15.05,6.99,36.0,29.03,0.0,201.0,1200.0
154501.975,68101.975,140.0,88.30000000000001,21.66,16.14,166.5,32.5,152.5,28.85,32.37,33.9,92.0,15.950000000000001,48.900000000000006,72.60000000000001,195.5,2866.0,1.48,35.5,14.96,7.07,36.03,29.03,0.0,199.0,1200.0
154561.975,68161.975,140.0,90.2,21.76,16.21,168.5,32.6,149.9,28.87,32.4,33.800000000000004,92.5,16.0,49.800000000000004,74.7,198.0,2868.0,1.5,35.45,15.0,7.0200000000000005,35.95,29.05,0.0,196.0,1200.0
154621.975,68221.975,140.0,91.4,21.8,16.18,167.5,32.65,152.20000000000002,28.830000000000002,32.42,33.800000000000004,92.5,16.1,49.800000000000004,77.10000000000001,202.0,2855.0,1.37,35.5,15.02,6.91,36.050000000000004,28.94,0.0,203.0,1200.0
154681.974,68281.974,140.0,91.0,21.830000000000002,16.240000000000002,168.0,32.7,149.4,28.87,32.52,33.95,93.0,15.8,50.300000000000004,78.80000000000001,196.0,2854.0,1.3800000000000001,35.5,15.0,7.01,35.93,29.0,0.0,199.5,1200.0
154741.974,68341.974,140.0,91.0,21.93,16.28,169.0,32.7,151.5,28.82,32.56,33.9,94.0,15.9,50.2,82.60000000000001,206.0,2843.0,1.41,35.45,14.98,7.01,36.03,28.95,3.0,206.5,1200.0
154801.974,68401.974,140.0,89.4,22.0,16.19,169.0,32.85,152.0,28.85,32.63,33.800000000000004,91.0,15.9,51.2,85.80000000000001,212.0,2839.0,1.35,35.5,15.01,7.01,35.980000000000004,29.05,0.0,210.5,1200.0
154861.974,68461.974,140.0,92.0,21.94,16.18,165.0,32.800000000000004,151.0,28.89,32.63,33.7,91.5,16.05,52.1,88.5,204.0,2839.0,1.45,35.35,14.96,6.96,35.95,29.01,2.0,209.0,1200.0
154921.974,68521.974,140.0,91.9,21.89,16.12,168.0,32.800000000000004,152.1,28.82,32.6,33.7,94.5,15.850000000000001,52.7,87.9,212.0,2840.0,1.34,35.65,15.01,7.0,35.92,28.98,1.0,207.0,1200.0
154981.974,68581.974,140.0,90.0,21.91,16.13,168.0,32.800000000000004,150.1,28.86,32.53,33.7,95.0,15.75,52.0,87.5,207.5,2840.0,1.45,35.550000000000004,14.96,6.98,36.04,28.97,0.0,208.5,1200.0
155041.974,68641.974,140.0,91.2,21.88,16.12,170.0,32.800000000000004,151.4,28.77,32.7,33.800000000000004,91.0,15.75,51.7,87.7,212.5,2846.0,1.42,35.65,14.94,7.0,36.0,29.01,1.0,211.5,1200.0
155101.974,68701.974,140.0,91.5,21.8,16.01,165.5,32.85,151.3,28.77,32.58,33.800000000000004,91.5,15.950000000000001,51.300000000000004,86.0,209.5,2843.0,1.46,35.5,15.01,7.01,35.95,29.09,0.0,207.5,1200.0
155161.974,68761.974,140.0,89.80000000000001,21.79,15.93,168.0,32.65,150.9,28.86,32.57,33.65,92.0,15.850000000000001,50.300000000000004,85.4,211.0,2855.0,1.41,35.550000000000004,15.01,6.97,35.980000000000004,28.93,3.0,207.0,1200.0
155221.974,68821.974,140.0,91.7,21.63,15.93,164.5,32.800000000000004,151.4,28.71,32.480000000000004,33.75,92.5,15.8,51.2,83.80000000000001,208.0,2860.0,1.41,35.550000000000004,15.040000000000001,7.03,36.050000000000004,29.060000000000002,0.0,207.0,1200.0
155281.974,68881.974,140.0,90.7,21.75,15.950000000000001,169.0,32.65,151.9,28.75,32.44,33.75,92.0,15.700000000000001,50.800000000000004,83.4,207.0,2860.0,1.44,35.4,14.97,7.05,36.0,28.98,0.0,203.5,1200.0
155341.974,68941.974,140.0,90.5,21.66,15.91,165.5,32.7,152.6,28.810000000000002,32.45,33.65,92.5,15.65,50.800000000000004,81.30000000000001,214.0,2863.0,1.51,35.550000000000004,14.98,6.98,35.99,29.02,0.0,204.0,1200.0
155401.974,69001.974,140.0,91.7,21.57,15.96,167.0,32.7,151.0,28.73,32.49,33.7,90.5,15.8,49.6,80.10000000000001,202.0,2868.0,1.1400000000000001,35.45,14.950000000000001,7.0200000000000005,35.99,29.01,1.0,203.5,1200.0
155461.974,69061.974,140.0,92.5,21.63,15.99,170.0,32.800000000000004,152.1,28.78,32.34,33.6,92.0,15.75,50.1,78.7,204.0,2870.0,1.25,35.45,14.99,6.98,36.08,29.02,0.0,203.5,1200.0
155521.974,69121.974,140.0,91.2,21.62,15.93,168.0,32.65,151.6,28.8,32.44,33.75,92.0,15.75,50.300000000000004,77.80000000000001,201.5,2874.0,1.32,35.5,14.92,7.03,36.0,29.07,0.0,203.5,1200.0
155581.973,69181.973,140.0,92.10000000000001,21.57,15.870000000000001,168.0,32.550000000000004,151.5,28.900000000000002,32.47,33.85,92.5,15.75,49.900000000000006,77.2,209.0,2871.0,1.3,35.5,14.99,6.97,35.97,28.990000000000002,0.0,200.0,1200.0
155641.973,69241.973,140.0,91.10000000000001,21.52,15.94,166.0,32.550000000000004,151.8,28.68,32.32,33.85,93.0,15.8,49.2,75.8,202.5,2876.0,1.3800000000000001,35.5,15.02,6.99,36.02,29.04,0.0,206.0,1200.0
155701.973,69301.973,140.0,91.9,21.46,15.93,167.0,32.6,152.70000000000002,28.73,32.42,33.7,90.5,15.65,49.400000000000006,75.2,204.5,2881.0,1.3900000000000001,35.35,15.02,7.03,35.99,29.0,2.0,202.0,1200.0
155761.973,69361.973,140.0,91.5,21.44,15.9,168.5,32.4,151.9,28.72,32.36,33.75,92.0,15.700000000000001,49.400000000000006,74.2,202.0,2883.0,1.26,35.45,14.950000000000001,7.01,36.02,28.990000000000002,2.0,205.0,1200.0
155821.973,69421.973,140.0,91.5,21.38,15.99,167.0,32.550000000000004,151.9,28.77,32.31,33.75,90.5,15.75,49.0,73.10000000000001,202.5,2886.0,1.3,35.4,15.040000000000001,7.07,36.1,28.990000000000002,1.0,203.5,1200.0
155881.973,69481.973,140.0,92.80000000000001,21.35,15.92,167.0,32.4,150.70000000000002,28.830000000000002,32.29,33.800000000000004,91.5,15.65,48.1,71.8,198.5,2888.0,1.3900000000000001,35.4,14.99,7.04,35.96,28.98,0.0,201.0,1200.0
155941.973,69541.973,140.0,90.5,21.29,15.84,165.5,32.45,152.20000000000002,28.69,32.28,33.9,93.0,15.55,48.6,70.8,204.0,2885.0,1.62,35.550000000000004,15.05,7.01,35.980000000000004,29.03,0.0,197.5,1200.0
156001.973,69601.973,140.0,89.30000000000001,21.32,15.93,165.0,32.45,151.20000000000002,28.67,32.3,33.7,92.0,15.75,48.5,69.60000000000001,201.5,2894.0,1.41,35.4,15.07,6.93,36.04,29.02,0.0,200.0,1200.0
156061.973,69661.973,140.0,90.4,21.36,15.83,165.5,32.4,152.9,28.8,32.24,33.95,92.5,15.55,47.300000000000004,69.4,199.0,2889.0,1.4000000000000001,35.45,15.030000000000001,7.01,35.910000000000004,29.01,1.0,198.5,1200.0
156121.973,69721.973,140.0,92.10000000000001,21.36,15.93,166.5,32.45,151.5,28.77,32.32,33.9,91.5,15.600000000000001,48.2,68.7,195.0,2890.0,1.37,35.45,14.98,6.94,36.03,29.02,0.0,194.5,1200.0
156181.973,69781.973,140.0,90.4,21.34,15.98,165.5,32.300000000000004,152.3,28.72,32.22,33.65,94.0,15.700000000000001,48.400000000000006,68.4,197.0,2892.0,1.25,35.4,14.950000000000001,7.0,36.04,29.02,0.0,199.0,1200.0
156241.973,69841.973,140.0,89.9,21.34,15.96,168.0,32.300000000000004,151.4,28.7,32.22,33.75,93.0,15.75,47.0,68.10000000000001,201.0,2896.0,1.54,35.35,14.96,7.04,36.02,28.96,0.0,195.5,1200.0
156301.973,69901.973,140.0,91.4,21.400000000000002,15.89,165.5,32.45,152.1,28.73,32.32,33.9,93.5,15.700000000000001,48.1,68.2,200.5,2889.0,1.5,35.6,15.05,7.0200000000000005,35.92,28.91,1.0,194.0,1200.0
156361.973,69961.973,140.0,90.5,21.37,15.950000000000001,167.0,32.35,150.4,28.79,32.22,33.75,90.5,15.75,48.1,68.0,196.5,2891.0,1.42,35.45,14.97,6.96,35.96,28.92,0.0,200.0,1200.0
156421.973,70021.973,140.0,91.7,21.37,15.99,166.5,32.35,151.0,28.7,32.18,33.6,92.5,15.8,48.2,68.10000000000001,199.5,2887.0,1.51,35.45,15.0,7.0200000000000005,36.01,29.0,0.0,197.0,1200.0
156481.973,70081.973,140.0,92.7,21.400000000000002,16.02,166.5,32.35,149.0,28.73,32.21,33.85,91.5,15.700000000000001,48.400000000000006,68.2,195.5,2890.0,1.35,35.550000000000004,14.93,7.04,36.01,28.95,0.0,197.5,1200.0
156541.973,70141.973,140.0,92.2,21.43,15.99,165.0,32.4,152.6,28.67,32.29,33.9,92.0,15.850000000000001,48.1,68.60000000000001,193.0,2884.0,1.3,35.550000000000004,14.97,6.96,35.97,28.98,0.0,191.5,1200.0
156601.972,70201.972,140.0,90.5,21.38,16.06,165.5,32.4,150.70000000000002,28.67,32.22,33.95,91.0,15.700000000000001,49.0,68.60000000000001,193.5,2881.0,1.44,35.550000000000004,14.98,7.0200000000000005,36.06,29.0,0.0,197.0,1200.0
156661.972,70261.972,140.0,89.30000000000001,21.37,16.02,165.5,32.45,151.5,28.73,32.28,33.7,92.0,15.75,48.5,67.9,192.5,2882.0,1.21,35.45,15.030000000000001,6.99,35.99,28.96,0.0,192.5,1200.0
156721.972,70321.972,140.0,91.7,21.28,15.92,164.0,32.25,150.70000000000002,28.740000000000002,32.25,33.75,95.5,15.65,47.800000000000004,67.8,193.0,2884.0,1.36,35.35,14.98,6.99,36.03,28.98,0.0,193.0,1200.0
156781.972,70381.972,140.0,89.60000000000001,21.37,16.01,167.5,32.4,152.0,28.740000000000002,32.2,33.800000000000004,93.0,15.700000000000001,47.7,67.0,195.0,2882.0,1.29,35.300000000000004,14.98,6.99,36.04,28.91,0.0,193.5,1200.0
156841.972,70441.972,140.0,91.4,21.43,15.950000000000001,165.5,32.4,152.3,28.76,32.24,33.75,92.0,15.65,47.2,66.60000000000001,191.0,2888.0,1.33,35.35,14.99,7.03,35.97,28.990000000000002,0.0,198.5,1200.0
156901.972,70501.972,140.0,91.60000000000001,21.28,16.0,166.5,32.550000000000004,151.6,28.76,32.29,33.95,94.5,15.8,47.300000000000004,66.3,197.0,2895.0,1.24,35.4,15.01,6.95,35.97,28.97,0.0,196.0,1200.0
156961.972,70561.972,140.0,92.5,21.25,16.02,165.0,32.300000000000004,152.5,28.77,32.24,33.95,93.5,15.75,47.6,65.9,196.5,2895.0,1.2,35.45,14.97,7.03,36.01,29.01,1.0,194.5,1200.0
157021.972,70621.972,140.0,90.60000000000001,21.18,15.9,164.5,32.4,152.0,28.71,32.19,33.95,93.0,15.600000000000001,47.7,65.5,193.0,2895.0,1.48,35.4,15.0,7.0200000000000005,36.06,28.94,0.0,192.5,1200.0
157081.972,70681.972,140.0,91.7,21.28,15.98,165.0,32.4,151.4,28.79,32.24,33.85,92.5,15.600000000000001,47.0,64.4,196.0,2905.0,1.41,35.45,15.06,6.99,36.02,29.03,0.0,193.0,1200.0
157141.972,70741.972,140.0,90.60000000000001,21.2,15.96,164.5,32.300000000000004,149.5,28.86,32.31,33.85,93.0,15.65,46.6,63.7,188.0,2905.0,1.3900000000000001,35.5,14.93,7.0200000000000005,36.04,28.95,1.0,193.5,1200.0
157201.972,70801.972,140.0,91.7,21.25,15.93,167.0,32.4,151.70000000000002,28.82,32.2,33.85,94.5,15.700000000000001,47.0,63.300000000000004,193.5,2903.0,1.3900000000000001,35.45,14.97,6.99,36.02,29.04,0.0,192.5,1200.0
157261.972,70861.972,140.0,90.30000000000001,21.12,15.93,166.5,32.35,150.6,28.810000000000002,32.27,33.95,93.0,15.65,46.800000000000004,62.7,192.0,2908.0,1.37,35.550000000000004,14.97,6.98,36.08,29.0,0.0,194.5,1200.0
157321.972,70921.972,140.0,91.2,21.17,15.93,165.0,32.4,151.20000000000002,28.82,32.25,34.1,92.0,15.8,46.1,61.5,195.5,2909.0,1.42,35.45,14.99,6.99,36.03,28.96,2.0,188.5,1200.0
157381.972,70981.972,140.0,90.9,21.11,15.93,168.0,32.4,149.70000000000002,28.8,32.2,33.9,93.5,15.700000000000001,46.400000000000006,61.800000000000004,195.0,2913.0,1.48,35.5,14.85,7.01,36.050000000000004,29.0,1.0,195.5,1200.0
157441.972,71041.972,140.0,91.60000000000001,21.13,15.97,166.5,32.45,151.3,28.78,32.12,34.25,95.5,15.700000000000001,46.400000000000006,61.300000000000004,194.0,2912.0,1.46,35.5,14.97,7.03,36.01,28.97,2.0,195.5,1200.0
157501.972,71101.972,140.0,89.9,21.150000000000002,15.89,166.5,32.300000000000004,151.3,28.91,32.24,34.0,93.0,15.75,46.6,61.2,191.0,2915.0,1.33,35.5,15.040000000000001,7.0,36.12,29.03,2.0,195.0,1200.0
157561.971,71161.971,140.0,90.9,21.07,15.950000000000001,168.5,32.2,151.5,28.89,32.19,34.0,91.5,15.600000000000001,46.400000000000006,60.400000000000006,189.5,2917.0,1.48,35.7,14.98,7.01,36.0,29.03,3.0,193.0,1200.0
157621.971,71221.971,140.0,90.30000000000001,21.12,15.950000000000001,164.0,32.35,153.3,28.88,32.25,34.050000000000004,92.5,15.65,45.800000000000004,60.300000000000004,191.5,2914.0,1.43,35.550000000000004,15.05,7.04,36.0,28.84,0.0,190.5,1200.0
157681.971,71281.971,140.0,91.80000000000001,21.09,15.94,166.0,32.45,151.3,28.82,32.22,34.0,90.5,15.700000000000001,46.2,60.2,187.5,2920.0,1.45,35.45,15.06,6.97,36.06,29.03,0.0,190.0,1200.0
157741.971,71341.971,140.0,90.5,21.13,15.91,166.0,32.2,151.20000000000002,28.77,32.15,34.0,93.0,15.850000000000001,45.900000000000006,59.2,189.0,2918.0,1.41,35.550000000000004,15.06,7.04,35.980000000000004,29.05,0.0,186.5,1200.0
157801.971,71401.971,140.0,90.4,21.09,15.950000000000001,166.0,32.4,150.4,28.86,32.25,34.1,92.0,15.850000000000001,46.1,59.0,191.5,2917.0,1.41,35.75,15.08,6.96,36.03,28.98,0.0,190.5,1200.0
157861.971,71461.971,140.0,90.5,21.18,16.01,163.5,32.2,150.9,28.89,32.18,34.15,93.0,15.8,45.300000000000004,59.900000000000006,191.0,2910.0,1.37,35.550000000000004,14.96,6.99,35.980000000000004,28.98,0.0,189.5,1200.0
157921.971,71521.971,140.0,90.5,21.27,15.96,166.0,32.4,150.8,28.8,32.14,33.95,91.5,15.8,46.0,60.2,193.0,2910.0,1.29,35.550000000000004,14.99,7.01,36.01,29.02,0.0,186.0,1200.0
157981.971,71581.971,140.0,91.4,21.3,16.07,166.5,32.5,150.6,28.75,32.160000000000004,33.95,92.0,15.8,47.1,61.2,190.0,2902.0,1.29,35.5,15.040000000000001,7.0,36.01,29.04,0.0,187.5,1200.0
158041.971,71641.971,140.0,89.4,21.34,16.09,167.5,32.45,152.70000000000002,28.8,32.28,33.9,93.5,15.850000000000001,47.0,62.0,191.5,2897.0,1.42,35.5,15.01,7.0200000000000005,35.95,29.04,0.0,190.5,1200.0
158101.971,71701.971,140.0,93.4,21.490000000000002,16.14,166.0,32.35,150.9,28.87,32.11,33.95,93.0,15.9,47.400000000000006,64.5,192.5,2894.0,1.33,35.65,15.0,6.96,36.11,28.93,0.0,189.5,1200.0
158161.971,71761.971,140.0,92.30000000000001,21.5,16.1,166.0,32.45,153.0,28.75,32.230000000000004,33.85,92.5,16.0,47.800000000000004,65.4,191.5,2884.0,1.4000000000000001,35.65,15.02,7.1000000000000005,36.09,29.0,0.0,194.0,1200.0
158221.971,71821.971,140.0,92.10000000000001,21.54,16.16,168.0,32.300000000000004,151.70000000000002,28.85,32.26,33.800000000000004,92.5,15.9,48.1,67.5,193.5,2872.0,1.49,35.65,15.040000000000001,7.01,36.02,28.94,0.0,195.5,1200.0
158281.971,71881.971,140.0,91.30000000000001,21.59,16.2,167.0,32.4,148.6,28.79,32.3,33.85,94.5,15.9,48.2,69.5,196.5,2868.0,1.55,35.45,14.96,7.05,35.89,28.97,0.0,195.0,1200.0
158341.971,71941.971,140.0,91.7,21.64,16.09,165.0,32.550000000000004,152.9,28.740000000000002,32.230000000000004,33.9,92.0,15.9,48.900000000000006,71.0,188.0,2865.0,1.49,35.6,14.98,7.01,36.1,29.02,0.0,197.0,1200.0
158401.971,72001.971,140.0,92.4,21.740000000000002,16.21,166.0,32.5,151.20000000000002,28.77,32.29,33.65,95.0,15.9,49.1,73.10000000000001,201.5,2860.0,1.6,35.550000000000004,15.0,6.97,36.1,29.01,0.0,196.5,1200.0
158461.971,72061.971,140.0,89.60000000000001,21.69,16.17,171.0,32.6,150.5,28.73,32.25,33.65,89.5,15.950000000000001,49.400000000000006,73.7,197.5,2860.0,1.33,35.550000000000004,14.96,7.05,36.02,29.0,2.0,199.5,1200.0
158521.971,72121.971,140.0,92.2,21.56,16.15,169.0,32.65,151.0,28.8,32.37,33.65,91.5,15.9,48.900000000000006,73.7,201.5,2859.0,1.4000000000000001,35.5,15.02,7.04,36.01,29.13,1.0,200.0,1200.0
158581.97,72181.97,140.0,90.7,21.580000000000002,16.080000000000002,168.0,32.550000000000004,151.20000000000002,28.75,32.42,33.800000000000004,92.5,15.700000000000001,49.1,74.10000000000001,200.0,2864.0,1.48,35.45,14.98,7.05,36.0,28.990000000000002,1.0,198.0,1200.0
158641.97,72241.97,140.0,91.7,21.61,16.080000000000002,167.0,32.6,152.1,28.78,32.29,33.800000000000004,93.0,15.75,49.0,74.2,198.5,2869.0,1.51,35.45,15.040000000000001,7.0,36.0,29.060000000000002,1.0,201.0,1200.0
158701.97,72301.97,140.0,90.10000000000001,21.52,16.04,165.5,32.550000000000004,150.1,28.78,32.35,33.7,89.5,15.700000000000001,49.2,73.60000000000001,203.5,2876.0,1.35,35.4,14.97,7.07,35.96,29.01,1.0,199.0,1200.0
158761.97,72361.97,140.0,91.9,21.51,15.94,164.5,32.550000000000004,151.8,28.82,32.410000000000004,33.9,92.0,15.65,47.800000000000004,73.0,199.5,2876.0,1.31,35.550000000000004,15.01,6.99,35.980000000000004,29.03,0.0,198.5,1200.0
158821.97,72421.97,140.0,92.2,21.48,15.96,166.5,32.65,150.6,28.830000000000002,32.37,33.85,90.5,15.8,48.400000000000006,72.7,200.0,2878.0,1.51,35.6,15.06,6.96,36.07,28.98,0.0,201.0,1200.0
158881.97,72481.97,140.0,90.10000000000001,21.43,15.98,165.5,32.5,151.1,28.810000000000002,32.35,33.75,93.0,15.8,48.800000000000004,71.4,202.5,2892.0,1.32,35.45,15.07,6.98,36.02,29.080000000000002,0.0,200.0,1200.0
158941.97,72541.97,140.0,90.5,21.39,16.01,166.5,32.5,152.1,28.92,32.25,33.85,95.5,15.700000000000001,47.800000000000004,70.8,201.5,2893.0,1.3800000000000001,35.45,15.02,7.04,36.01,28.990000000000002,0.0,201.0,1200.0
159001.97,72601.97,140.0,92.10000000000001,21.35,15.870000000000001,165.5,32.6,151.6,28.76,32.480000000000004,33.95,90.5,15.600000000000001,48.0,69.7,202.5,2893.0,1.56,35.5,15.07,7.0,35.980000000000004,29.05,0.0,198.0,1200.0
159061.97,72661.97,140.0,91.2,21.48,16.0,166.0,32.6,149.6,28.85,32.410000000000004,33.75,92.0,15.8,47.900000000000006,70.9,196.0,2893.0,1.3900000000000001,35.5,15.08,6.94,36.01,29.02,0.0,198.5,1200.0
159121.97,72721.97,140.0,91.60000000000001,21.650000000000002,16.09,167.5,32.5,150.6,28.91,32.43,33.9,94.0,15.700000000000001,48.400000000000006,72.60000000000001,197.0,2883.0,1.44,35.45,15.040000000000001,7.0200000000000005,36.0,29.01,0.0,205.5,1200.0
159181.97,72781.97,140.0,90.9,21.7,16.15,167.5,32.75,153.0,28.85,32.43,33.85,92.5,15.8,49.6,75.4,202.5,2868.0,1.28,35.45,15.01,6.94,35.93,29.04,1.0,198.0,1200.0
159241.97,72841.97,140.0,92.2,21.78,16.23,167.0,32.7,150.5,28.84,32.55,33.85,94.5,15.75,50.1,77.80000000000001,202.5,2863.0,1.49,35.65,14.99,7.1000000000000005,35.980000000000004,29.07,3.0,200.0,1200.0
159301.97,72901.97,140.0,92.0,22.01,16.22,165.0,32.65,150.8,28.86,32.6,33.800000000000004,94.0,15.950000000000001,51.0,81.5,207.0,2840.0,1.3900000000000001,35.6,15.01,6.96,35.96,29.05,1.0,206.5,1200.0
159361.97,72961.97,140.0,89.4,22.13,16.22,170.0,32.85,149.9,28.87,32.7,33.800000000000004,91.5,16.1,51.800000000000004,87.2,209.0,2829.0,1.43,35.65,14.99,7.0,36.07,29.03,0.0,212.5,1200.0
159421.97,73021.97,140.0,91.0,22.21,16.32,169.5,32.85,153.70000000000002,28.84,32.71,33.65,93.0,16.05,52.300000000000004,93.5,208.5,2827.0,1.53,35.550000000000004,15.040000000000001,6.93,35.97,29.02,0.0,217.5,1200.0
159481.97,73081.97,140.0,90.7,22.35,16.330000000000002,169.0,33.1,150.20000000000002,28.96,32.84,33.75,93.0,15.950000000000001,54.300000000000004,99.60000000000001,218.0,2809.0,1.44,35.65,15.0,7.01,35.96,29.0,0.0,215.5,1200.0
159541.97,73141.97,140.0,91.7,22.55,16.37,168.0,32.85,151.0,28.94,32.79,33.7,91.5,16.05,55.7,100.0,221.5,2800.0,1.5,35.6,15.01,7.04,35.97,29.060000000000002,2.0,216.0,1200.0
159601.97,73201.97,140.0,90.7,22.64,16.52,170.0,33.0,151.8,28.82,32.88,33.6,95.5,16.150000000000002,55.2,99.7,211.5,2786.0,1.3800000000000001,35.6,14.99,6.94,36.06,29.04,3.0,217.0,1200.0
159661.969,73261.969,140.0,91.80000000000001,22.56,16.36,170.5,33.1,151.4,28.900000000000002,32.89,33.6,93.0,16.150000000000002,55.300000000000004,100.0,216.0,2805.0,1.53,35.65,15.040000000000001,6.91,36.01,28.98,0.0,219.5,1200.0
159721.969,73321.969,140.0,91.2,22.48,16.31,169.5,33.15,151.0,28.810000000000002,32.82,33.65,95.5,16.05,55.400000000000006,100.0,217.5,2823.0,1.33,35.5,15.01,6.88,35.96,28.98,0.0,220.5,1200.0
159781.969,73381.969,140.0,90.10000000000001,22.330000000000002,16.25,169.5,33.050000000000004,152.3,28.85,32.88,33.6,94.5,15.8,55.300000000000004,100.0,222.5,2828.0,1.33,35.7,14.94,7.04,36.050000000000004,28.94,0.0,216.0,1200.0
159841.969,73441.969,140.0,92.30000000000001,22.38,16.12,170.0,33.1,150.5,28.830000000000002,32.95,33.65,94.5,15.850000000000001,55.300000000000004,100.0,222.0,2835.0,1.58,35.6,14.92,7.0200000000000005,36.03,29.04,0.0,219.5,1200.0
159901.969,73501.969,140.0,91.5,22.26,15.99,167.5,33.15,150.3,28.8,32.95,33.65,90.0,15.75,55.400000000000006,100.0,225.5,2836.0,1.43,35.65,14.92,6.93,35.99,29.060000000000002,0.0,221.0,1200.0
159961.969,73561.969,140.0,90.4,22.14,15.93,169.0,33.050000000000004,152.9,28.78,32.88,33.65,93.5,15.8,54.7,100.0,224.0,2835.0,1.26,35.800000000000004,15.01,7.01,35.99,29.0,0.0,226.5,1200.0
160021.969,73621.969,140.0,92.4,22.09,16.01,170.5,33.15,152.5,28.82,32.86,33.800000000000004,93.0,15.75,54.400000000000006,100.0,218.5,2833.0,1.3,35.85,15.02,7.0,36.01,28.94,2.0,222.5,1200.0
160081.969,73681.969,140.0,91.9,22.0,16.01,169.5,33.15,151.0,28.7,32.79,33.65,92.5,15.65,54.1,100.0,221.0,2835.0,1.37,35.75,14.97,7.0,36.050000000000004,29.04,0.0,217.5,1200.0
160141.969,73741.969,140.0,90.9,21.96,15.92,171.0,33.050000000000004,151.8,28.73,32.7,33.75,92.5,15.600000000000001,53.7,99.7,219.5,2832.0,1.33,35.65,14.99,7.04,35.97,28.990000000000002,0.0,221.5,1200.0
160201.969,73801.969,140.0,90.0,21.81,15.83,170.0,33.0,150.5,28.84,32.76,33.6,90.5,15.450000000000001,52.900000000000006,99.80000000000001,217.5,2842.0,1.31,35.7,14.89,7.0,35.97,29.03,0.0,220.5,1200.0
160261.969,73861.969,140.0,91.0,21.8,15.75,167.5,33.0,152.0,28.76,32.78,33.6,91.5,15.600000000000001,53.0,100.0,226.0,2850.0,1.22,35.7,15.02,6.9,36.03,28.96,0.0,214.5,1200.0
160321.969,73921.969,140.0,91.2,21.77,15.69,170.5,32.9,152.20000000000002,28.71,32.730000000000004,33.65,92.0,15.4,53.7,99.10000000000001,218.5,2857.0,1.44,35.65,15.08,7.07,36.08,29.02,0.0,220.5,1200.0
160381.969,73981.969,140.0,90.7,21.62,15.68,168.5,32.85,151.6,28.740000000000002,32.68,33.550000000000004,91.0,15.5,53.400000000000006,94.2,217.5,2861.0,1.4000000000000001,35.65,15.0,7.0200000000000005,36.04,28.97,0.0,220.0,1200.0
160441.969,74041.969,140.0,90.5,21.6,15.76,168.0,32.550000000000004,152.70000000000002,28.830000000000002,32.5,33.550000000000004,89.5,15.350000000000001,52.2,88.9,219.0,2861.0,1.42,35.6,15.02,7.01,35.9,29.05,0.0,213.5,1200.0
160501.969,74101.969,140.0,91.2,21.490000000000002,15.67,165.5,32.75,151.4,28.7,32.45,33.7,88.5,15.55,50.900000000000006,84.7,211.0,2872.0,1.31,35.45,15.040000000000001,6.98,36.0,29.060000000000002,0.0,206.0,1200.0
160561.969,74161.969,140.0,92.0,21.35,15.8,166.5,32.6,151.5,28.64,32.4,33.7,92.0,15.4,49.5,80.2,206.0,2884.0,1.42,35.5,15.01,6.98,36.01,28.98,3.0,209.5,1200.0
160621.969,74221.969,140.0,92.2,21.29,15.790000000000001,163.0,32.5,151.1,28.6,32.26,33.65,93.5,15.600000000000001,49.0,77.7,205.5,2885.0,1.4000000000000001,35.5,14.94,7.0,36.02,29.01,0.0,200.5,1200.0
160681.968,74281.968,140.0,90.4,21.240000000000002,15.700000000000001,167.0,32.5,151.20000000000002,28.66,32.3,33.65,90.5,15.55,48.5,74.9,203.0,2889.0,1.33,35.5,14.96,7.01,35.97,28.92,0.0,203.5,1200.0
160741.968,74341.968,140.0,92.0,21.150000000000002,15.620000000000001,165.0,32.45,153.1,28.71,32.19,33.75,91.0,15.450000000000001,47.800000000000004,72.2,203.0,2897.0,1.31,35.45,15.030000000000001,7.03,36.02,28.95,2.0,200.5,1200.0
160801.968,74401.968,140.0,90.80000000000001,21.07,15.68,164.0,32.550000000000004,150.70000000000002,28.7,32.21,33.65,94.5,15.450000000000001,48.300000000000004,69.3,193.0,2906.0,1.3800000000000001,35.550000000000004,15.01,7.0,36.14,28.990000000000002,0.0,200.5,1200.0
160861.968,74461.968,140.0,91.80000000000001,21.19,15.76,165.5,32.300000000000004,150.8,28.66,32.27,33.65,89.5,15.600000000000001,47.5,69.5,198.0,2900.0,1.45,35.4,14.96,7.0,36.01,29.03,0.0,199.5,1200.0
160921.968,74521.968,140.0,89.80000000000001,21.34,15.85,167.0,32.300000000000004,151.0,28.73,32.22,33.800000000000004,93.5,15.65,47.900000000000006,70.2,195.5,2891.0,1.34,35.5,14.97,7.03,36.01,28.98,0.0,197.0,1200.0
160981.968,74581.968,140.0,90.60000000000001,21.490000000000002,16.01,164.5,32.550000000000004,151.6,28.7,32.26,33.75,92.0,15.8,48.2,71.60000000000001,195.5,2875.0,1.54,35.550000000000004,15.01,7.01,36.04,29.02,0.0,201.5,1200.0
161041.968,74641.968,140.0,90.4,21.61,16.02,165.5,32.4,151.20000000000002,28.68,32.39,33.800000000000004,93.5,15.8,49.5,73.9,197.0,2867.0,1.6,35.4,15.030000000000001,7.0200000000000005,36.01,29.02,0.0,195.0,1200.0
161101.968,74701.968,140.0,91.4,21.8,16.1,169.0,32.75,151.1,28.8,32.37,33.800000000000004,95.0,15.950000000000001,49.800000000000004,76.4,203.0,2851.0,1.54,35.5,15.0,7.07,35.99,29.02,0.0,197.5,1200.0
161161.968,74761.968,140.0,91.10000000000001,21.93,16.22,165.5,32.7,152.6,28.77,32.51,33.65,94.5,16.0,50.7,79.10000000000001,205.5,2841.0,1.37,35.550000000000004,15.02,6.92,35.93,29.03,1.0,206.0,1200.0
161221.968,74821.968,140.0,89.60000000000001,22.05,16.26,170.5,32.85,151.8,28.7,32.56,33.800000000000004,93.0,16.1,51.0,85.0,209.0,2832.0,1.32,35.5,15.0,6.98,36.03,29.080000000000002,0.0,207.0,1200.0
161281.968,74881.968,140.0,91.60000000000001,22.240000000000002,16.240000000000002,169.5,32.95,150.9,28.79,32.74,33.550000000000004,91.5,16.0,51.900000000000006,91.9,213.5,2824.0,1.3900000000000001,35.65,14.99,7.07,35.97,29.05,0.0,210.0,1200.0
161341.968,74941.968,140.0,89.7,22.37,16.31,170.5,33.15,152.1,28.84,32.89,33.7,93.5,16.0,53.7,98.7,214.5,2811.0,1.57,35.45,15.05,7.03,36.01,29.03,1.0,217.5,1200.0
161401.968,75001.968,140.0,90.7,22.54,16.41,169.0,33.1,150.70000000000002,28.88,32.77,33.65,97.0,16.1,55.5,99.60000000000001,215.0,2802.0,1.51,35.5,14.96,7.04,35.92,29.03,0.0,218.0,1200.0
161461.968,75061.968,140.0,92.60000000000001,22.51,16.54,169.5,33.25,152.8,28.89,32.92,33.65,93.0,16.2,55.800000000000004,99.9,212.0,2793.0,1.44,35.75,15.0,6.98,36.02,28.97,1.0,218.5,1200.0
161521.968,75121.968,140.0,89.2,22.51,16.45,169.0,33.0,151.4,28.89,32.95,33.800000000000004,94.5,16.1,55.0,100.0,217.5,2802.0,1.36,35.6,14.97,6.98,36.09,28.990000000000002,1.0,219.0,1200.0
161581.968,75181.968,140.0,90.2,22.53,16.31,169.5,33.300000000000004,150.4,28.900000000000002,32.93,33.550000000000004,94.0,16.1,54.800000000000004,99.9,219.0,2824.0,1.31,35.65,14.950000000000001,7.11,35.89,29.03,0.0,217.5,1200.0
161641.968,75241.968,140.0,91.60000000000001,22.51,16.25,171.0,33.2,151.20000000000002,29.0,32.96,33.800000000000004,94.0,15.950000000000001,54.800000000000004,99.9,222.0,2830.0,1.42,35.7,14.94,7.05,35.910000000000004,28.98,1.0,224.5,1200.0
161701.968,75301.968,140.0,90.7,22.54,16.23,170.0,33.15,152.20000000000002,28.8,32.99,33.800000000000004,94.5,16.05,55.2,99.60000000000001,225.0,2842.0,1.43,35.7,14.950000000000001,7.04,36.050000000000004,29.09,0.0,228.0,1200.0
161761.968,75361.968,140.0,90.7,22.54,16.14,171.0,33.2,153.5,28.87,33.02,33.65,93.0,16.0,55.1,99.7,228.5,2844.0,1.26,35.9,15.040000000000001,7.0,36.04,29.080000000000002,0.0,230.0,1200.0
161821.967,75421.967,140.0,90.80000000000001,22.53,16.16,171.0,33.25,152.3,28.91,33.02,33.75,93.5,16.0,55.900000000000006,99.9,230.0,2855.0,1.3800000000000001,35.800000000000004,15.0,6.97,35.96,29.01,0.0,231.5,1200.0
161881.967,75481.967,140.0,90.7,22.55,16.080000000000002,171.0,33.2,151.9,28.84,33.09,33.800000000000004,93.0,15.9,56.2,100.0,231.5,2859.0,1.3,35.95,15.0,7.03,36.02,28.990000000000002,3.0,229.5,1200.0
161941.967,75541.967,140.0,90.0,22.51,16.09,172.0,33.45,150.9,28.830000000000002,33.09,33.85,92.0,15.9,55.900000000000006,100.0,229.5,2860.0,1.41,35.9,14.97,6.98,36.050000000000004,29.03,0.0,233.0,1200.0
162001.967,75601.967,140.0,90.60000000000001,22.52,16.06,170.0,33.2,150.0,28.810000000000002,33.1,33.800000000000004,95.5,15.850000000000001,55.6,99.7,229.5,2865.0,1.36,36.0,14.97,7.0200000000000005,36.0,28.97,0.0,232.0,1200.0
162061.967,75661.967,140.0,91.60000000000001,22.47,16.09,172.5,33.25,151.6,28.900000000000002,32.99,33.75,94.5,15.950000000000001,56.1,99.60000000000001,225.5,2870.0,1.33,36.0,15.02,7.03,36.0,28.94,0.0,231.0,1200.0
162121.967,75721.967,140.0,89.60000000000001,22.31,16.0,170.5,33.2,150.20000000000002,28.94,32.96,33.75,93.5,15.55,56.2,100.0,232.0,2865.0,1.35,36.0,14.98,6.98,36.01,28.990000000000002,1.0,231.5,1200.0
162181.967,75781.967,140.0,92.0,22.17,15.94,172.0,33.2,151.6,28.87,32.96,33.7,91.5,15.65,55.2,100.0,226.0,2863.0,1.54,36.15,14.96,7.0,35.97,28.87,0.0,227.5,1200.0
162241.967,75841.967,140.0,89.7,22.1,15.96,168.0,33.0,149.3,28.94,32.9,33.800000000000004,94.0,15.5,54.900000000000006,99.80000000000001,224.5,2855.0,1.46,36.15,14.94,6.98,35.910000000000004,29.03,0.0,228.0,1200.0
162301.967,75901.967,140.0,90.9,22.04,15.870000000000001,171.0,33.1,151.9,28.77,32.86,33.550000000000004,92.0,15.700000000000001,54.2,100.0,222.5,2851.0,1.55,36.1,14.92,6.97,36.0,28.95,0.0,229.0,1200.0
162361.967,75961.967,140.0,90.7,21.91,15.93,168.0,33.1,150.6,28.82,32.83,33.65,93.0,15.600000000000001,53.900000000000006,99.5,227.5,2847.0,1.46,35.800000000000004,15.0,6.97,36.07,29.07,1.0,220.0,1200.0
162421.967,76021.967,140.0,89.60000000000001,21.81,15.8,167.5,33.0,152.20000000000002,28.76,32.81,33.65,94.5,15.600000000000001,53.2,99.30000000000001,226.0,2849.0,1.52,35.85,15.030000000000001,7.0,36.01,29.03,0.0,227.5,1200.0
162481.967,76081.967,140.0,91.10000000000001,21.67,15.72,169.5,33.050000000000004,150.5,28.88,32.8,33.550000000000004,93.5,15.4,53.400000000000006,100.0,229.0,2857.0,1.49,35.75,15.07,7.0,36.06,29.05,0.0,224.0,1200.0
162541.967,76141.967,140.0,91.10000000000001,21.64,15.620000000000001,169.0,32.9,151.4,28.900000000000002,32.8,33.6,89.5,15.350000000000001,53.0,97.30000000000001,223.0,2871.0,1.55,35.85,15.01,7.0600000000000005,35.97,28.88,0.0,224.0,1200.0
162601.967,76201.967,140.0,90.60000000000001,21.54,15.55,169.0,32.85,151.9,28.91,32.61,33.6,91.0,15.4,52.7,90.7,215.0,2875.0,1.49,35.7,15.01,6.99,35.99,28.900000000000002,0.0,215.5,1200.0
162661.967,76261.967,140.0,90.7,21.57,15.75,169.0,32.85,153.3,28.78,32.63,33.800000000000004,93.0,15.450000000000001,51.5,87.5,215.0,2877.0,1.1300000000000001,35.800000000000004,14.98,6.95,36.02,29.02,1.0,215.5,1200.0
162721.967,76321.967,140.0,90.5,21.68,15.77,167.5,32.75,152.1,28.740000000000002,32.55,33.9,93.5,15.450000000000001,50.6,86.9,211.0,2869.0,1.3900000000000001,35.85,15.0,7.03,36.02,29.1,0.0,214.0,1200.0
162781.967,76381.967,140.0,91.60000000000001,21.71,15.94,167.5,32.75,151.1,28.77,32.62,33.75,92.5,15.600000000000001,50.5,88.10000000000001,213.0,2866.0,1.61,35.550000000000004,15.040000000000001,6.98,35.980000000000004,28.96,0.0,214.5,1200.0
162841.967,76441.967,140.0,92.9,21.900000000000002,16.01,168.0,32.85,150.5,28.77,32.64,33.6,91.5,15.850000000000001,52.2,89.2,215.5,2853.0,1.43,35.5,15.030000000000001,6.96,35.97,29.0,0.0,213.5,1200.0
162901.967,76501.967,140.0,89.7,21.96,16.0,170.0,32.9,149.9,28.810000000000002,32.7,33.7,93.0,15.65,52.5,91.0,216.0,2846.0,1.44,35.7,14.99,7.04,35.94,28.96,1.0,216.0,1200.0
162961.966,76561.966,140.0,91.30000000000001,22.03,16.05,169.0,32.800000000000004,150.5,28.8,32.68,33.7,92.5,15.9,52.5,93.30000000000001,214.0,2845.0,1.49,35.6,14.97,6.97,35.96,29.01,0.0,212.0,1200.0
163021.966,76621.966,140.0,90.2,22.05,16.11,168.5,32.95,150.20000000000002,28.740000000000002,32.77,33.65,93.5,15.700000000000001,53.800000000000004,96.30000000000001,220.0,2836.0,1.42,35.550000000000004,14.98,7.04,36.06,28.95,0.0,218.5,1200.0
163081.966,76681.966,140.0,89.5,22.19,16.1,170.0,32.9,151.3,28.77,32.86,33.7,93.5,15.850000000000001,54.0,99.2,219.5,2826.0,1.33,35.7,14.98,6.99,36.07,29.03,0.0,213.5,1200.0
163141.966,76741.966,140.0,89.60000000000001,22.21,16.23,169.0,33.0,151.70000000000002,28.78,32.75,33.7,92.5,15.9,54.6,100.0,214.5,2818.0,1.28,35.75,15.0,7.01,36.04,28.990000000000002,0.0,221.0,1200.0
163201.966,76801.966,140.0,91.80000000000001,22.29,16.2,168.5,33.0,151.5,28.72,32.77,33.7,93.0,16.0,54.6,99.80000000000001,214.5,2809.0,1.37,35.5,14.97,7.0,36.050000000000004,28.95,5.0,219.0,1200.0
163261.966,76861.966,140.0,90.30000000000001,22.32,16.28,171.5,33.0,151.6,28.830000000000002,32.77,33.550000000000004,95.0,16.150000000000002,54.900000000000006,100.0,218.0,2801.0,1.29,35.6,14.99,6.97,35.9,29.04,0.0,218.5,1200.0
163321.966,76921.966,140.0,91.9,22.38,16.3,170.0,32.800000000000004,151.9,28.85,32.8,33.800000000000004,92.5,16.0,54.400000000000006,100.0,219.0,2810.0,1.25,35.550000000000004,15.05,6.99,35.980000000000004,28.92,0.0,221.5,1200.0
163381.966,76981.966,140.0,91.2,22.37,16.31,171.0,33.1,152.8,28.72,32.92,33.550000000000004,92.5,16.0,54.800000000000004,100.0,221.0,2818.0,1.33,35.5,15.030000000000001,7.03,35.99,29.03,0.0,219.5,1200.0
163441.966,77041.966,140.0,91.0,22.43,16.23,168.0,33.1,151.70000000000002,28.810000000000002,32.93,33.75,92.0,15.850000000000001,55.0,100.0,223.0,2827.0,1.53,35.7,14.98,6.98,35.96,29.02,0.0,222.0,1200.0
163501.966,77101.966,140.0,90.9,22.46,16.21,169.5,33.2,152.5,28.85,32.95,33.7,94.5,15.8,56.0,100.0,224.5,2837.0,1.4000000000000001,35.65,15.01,7.03,35.93,29.01,1.0,224.0,1200.0
163561.966,77161.966,140.0,91.2,22.55,16.1,169.5,33.15,151.70000000000002,28.79,32.94,33.800000000000004,95.0,15.8,56.0,100.0,225.5,2845.0,1.53,35.800000000000004,15.02,6.94,36.14,28.98,0.0,224.5,1200.0
163621.966,77221.966,140.0,90.7,22.53,16.21,172.5,33.15,151.3,28.78,33.01,33.9,92.0,16.0,56.1,100.0,232.0,2853.0,1.3800000000000001,35.9,14.93,6.99,35.99,28.990000000000002,0.0,231.5,1200.0
163681.966,77281.966,140.0,91.2,22.59,16.14,171.5,33.050000000000004,150.5,28.900000000000002,32.95,33.9,93.5,15.75,56.2,99.60000000000001,232.0,2856.0,1.45,35.9,15.030000000000001,7.0,35.96,28.96,1.0,224.5,1200.0
163741.966,77341.966,140.0,91.0,22.64,16.04,170.0,33.35,151.0,28.82,32.980000000000004,33.75,95.0,15.8,56.7,99.9,229.0,2861.0,1.48,35.95,14.98,6.98,35.980000000000004,29.04,1.0,231.0,1200.0
163801.966,77401.966,140.0,92.10000000000001,22.67,16.05,168.5,33.35,151.1,28.88,33.11,33.800000000000004,92.5,15.850000000000001,57.5,100.0,236.5,2872.0,1.53,36.050000000000004,15.05,6.98,35.97,28.95,0.0,228.5,1200.0
163861.966,77461.966,140.0,91.10000000000001,22.6,16.0,170.0,33.2,152.5,28.86,33.13,33.75,92.5,15.8,57.2,99.60000000000001,230.0,2877.0,1.56,36.050000000000004,15.02,6.99,36.01,28.98,0.0,234.0,1200.0
163921.966,77521.966,140.0,90.9,22.61,16.05,170.5,33.300000000000004,149.20000000000002,28.87,33.17,33.800000000000004,90.5,15.75,57.2,99.60000000000001,230.5,2876.0,1.31,36.1,14.97,6.99,35.99,29.11,1.0,231.0,1200.0
163981.966,77581.966,140.0,90.30000000000001,22.61,16.080000000000002,172.0,33.300000000000004,151.4,28.8,33.07,33.75,92.5,15.75,57.2,100.0,237.5,2874.0,1.52,36.300000000000004,14.97,6.94,35.93,29.03,0.0,234.5,1200.0
164041.966,77641.966,140.0,91.30000000000001,22.490000000000002,16.04,172.5,33.25,151.4,28.8,33.06,33.75,93.0,15.850000000000001,56.0,100.0,240.5,2875.0,1.47,36.4,15.0,7.0200000000000005,36.06,29.14,0.0,238.5,1200.0
164101.965,77701.965,140.0,90.5,22.52,15.99,170.0,33.1,150.3,29.03,32.97,33.65,92.0,15.65,56.300000000000004,100.0,235.0,2878.0,1.22,36.300000000000004,14.96,7.05,36.01,28.96,0.0,234.0,1200.0
164161.965,77761.965,140.0,91.60000000000001,22.39,15.99,170.5,33.2,150.9,28.94,33.13,33.7,93.5,15.75,56.1,99.80000000000001,229.0,2868.0,1.45,36.2,14.99,6.95,35.92,29.05,1.0,232.5,1200.0
164221.965,77821.965,140.0,91.2,22.45,15.97,172.0,33.25,151.6,28.93,32.980000000000004,33.65,93.0,15.700000000000001,56.300000000000004,100.0,229.5,2867.0,1.42,36.15,15.05,7.0,35.980000000000004,28.92,0.0,231.0,1200.0
164281.965,77881.965,140.0,89.5,22.330000000000002,15.91,170.5,33.2,152.20000000000002,28.89,33.08,33.9,93.0,15.600000000000001,55.400000000000006,99.7,230.5,2861.0,1.51,36.300000000000004,14.93,7.0600000000000005,36.02,29.080000000000002,0.0,228.5,1200.0
164341.965,77941.965,140.0,90.60000000000001,22.26,15.950000000000001,170.0,33.1,150.6,28.78,33.03,33.7,94.0,15.700000000000001,55.5,99.80000000000001,225.0,2864.0,1.36,36.2,14.99,7.05,36.050000000000004,28.87,2.0,230.5,1200.0
164401.965,78001.965,140.0,91.5,22.25,15.93,171.5,33.300000000000004,151.6,28.82,32.94,33.75,94.5,15.700000000000001,55.0,99.7,234.5,2857.0,1.54,36.2,15.0,6.96,35.86,28.97,0.0,232.5,1200.0
164461.965,78061.965,140.0,90.80000000000001,22.21,15.88,169.0,33.15,149.9,28.830000000000002,32.95,33.7,93.0,15.75,55.800000000000004,100.0,224.5,2858.0,1.53,36.2,14.92,7.0600000000000005,35.97,29.05,0.0,226.0,1200.0
164521.965,78121.965,140.0,92.0,22.03,15.93,169.0,33.1,152.20000000000002,28.75,32.89,33.75,92.5,15.55,54.5,100.0,229.0,2850.0,1.49,36.25,15.01,6.92,36.04,28.990000000000002,1.0,224.0,1200.0
164581.965,78181.965,140.0,93.0,22.01,15.91,167.5,32.85,152.1,28.740000000000002,32.85,33.65,93.0,15.65,53.800000000000004,99.60000000000001,230.5,2846.0,1.46,36.1,14.99,7.03,36.04,28.97,2.0,226.5,1200.0
164641.965,78241.965,140.0,91.60000000000001,21.830000000000002,15.860000000000001,169.0,33.0,153.1,28.75,32.83,33.65,93.0,15.600000000000001,53.5,100.0,223.5,2843.0,1.3900000000000001,35.95,14.92,7.01,35.980000000000004,28.97,0.0,225.0,1200.0
164701.965,78301.965,140.0,91.4,21.77,15.72,168.5,32.9,152.4,28.76,32.75,33.550000000000004,89.0,15.450000000000001,53.6,100.0,221.0,2842.0,1.4000000000000001,35.9,14.98,6.95,35.99,29.0,0.0,217.5,1200.0
164761.965,78361.965,140.0,91.5,21.580000000000002,15.67,167.0,32.95,152.1,28.71,32.64,33.550000000000004,90.5,15.3,53.800000000000004,100.0,227.0,2858.0,1.52,35.800000000000004,14.99,7.01,35.93,29.04,3.0,223.0,1200.0
164821.965,78421.965,140.0,92.0,21.68,15.65,168.0,32.7,152.6,28.75,32.61,33.6,92.0,15.25,53.2,94.10000000000001,217.5,2867.0,1.45,35.800000000000004,14.950000000000001,6.92,35.980000000000004,28.98,1.0,218.0,1200.0
164881.965,78481.965,140.0,92.10000000000001,21.46,15.610000000000001,168.0,32.550000000000004,151.1,28.64,32.45,33.550000000000004,92.5,15.450000000000001,52.400000000000006,87.0,211.0,2870.0,1.53,35.800000000000004,15.02,7.01,35.910000000000004,29.07,0.0,212.5,1200.0
164941.965,78541.965,140.0,92.0,21.41,15.6,165.5,32.5,152.0,28.66,32.37,33.65,92.0,15.600000000000001,50.400000000000006,81.4,204.5,2874.0,1.34,35.75,14.99,7.01,35.980000000000004,28.98,0.0,205.0,1200.0
165001.965,78601.965,140.0,90.80000000000001,21.25,15.620000000000001,167.0,32.45,151.9,28.72,32.29,33.6,91.5,15.3,49.400000000000006,77.30000000000001,207.0,2891.0,1.3900000000000001,35.75,14.97,7.0,36.0,28.93,0.0,205.5,1200.0
165061.965,78661.965,140.0,91.30000000000001,21.29,15.74,167.5,32.4,151.5,28.650000000000002,32.35,33.7,92.5,15.5,47.800000000000004,75.9,208.0,2889.0,1.33,35.5,14.96,6.99,36.06,29.03,0.0,208.5,1200.0
165121.965,78721.965,140.0,90.60000000000001,21.330000000000002,15.74,166.0,32.5,151.0,28.7,32.29,33.65,94.5,15.55,48.5,75.0,203.5,2886.0,1.28,35.6,14.96,6.99,36.04,29.03,0.0,196.0,1200.0
165181.965,78781.965,140.0,92.5,21.330000000000002,15.860000000000001,165.0,32.6,151.0,28.62,32.28,33.6,92.0,15.55,49.0,74.9,205.0,2887.0,1.5,35.5,14.99,7.04,35.99,29.05,1.0,204.0,1200.0
165241.965,78841.965,140.0,91.30000000000001,21.43,15.89,167.5,32.4,151.3,28.67,32.4,33.550000000000004,94.0,15.65,49.0,74.8,201.0,2881.0,1.31,35.35,14.950000000000001,6.99,36.04,29.03,0.0,206.0,1200.0
165301.964,78901.964,140.0,91.2,21.57,15.98,163.5,32.4,152.9,28.63,32.34,33.65,93.0,15.65,49.5,74.60000000000001,197.0,2875.0,1.48,35.5,15.11,6.99,35.99,28.97,0.0,198.0,1200.0
165361.964,78961.964,140.0,90.30000000000001,21.56,15.92,167.5,32.45,151.8,28.69,32.37,33.75,92.5,15.8,49.2,75.60000000000001,209.0,2869.0,1.35,35.6,15.040000000000001,7.05,35.92,28.97,0.0,203.5,1200.0
165421.964,79021.964,140.0,89.4,21.67,16.02,168.0,32.550000000000004,152.6,28.63,32.36,33.65,92.5,15.75,49.900000000000006,76.60000000000001,200.5,2867.0,1.48,35.550000000000004,15.05,6.98,35.92,29.060000000000002,0.0,202.5,1200.0
165481.964,79081.964,140.0,90.9,21.71,16.07,167.0,32.5,151.5,28.67,32.35,33.75,92.0,15.8,50.2,77.4,203.5,2856.0,1.22,35.4,15.01,6.98,35.97,28.990000000000002,0.0,200.0,1200.0
165541.964,79141.964,140.0,90.5,21.73,16.080000000000002,167.0,32.65,151.70000000000002,28.72,32.4,33.65,93.5,15.850000000000001,50.400000000000006,78.80000000000001,204.5,2854.0,1.33,35.35,15.08,7.01,35.99,29.04,1.0,199.5,1200.0
165601.964,79201.964,140.0,90.7,21.79,16.11,168.0,32.45,150.6,28.73,32.35,33.5,93.0,15.9,50.300000000000004,79.30000000000001,205.0,2851.0,1.3800000000000001,35.4,14.98,7.01,36.02,28.91,0.0,202.0,1200.0
165661.964,79261.964,140.0,91.4,21.78,16.1,166.0,32.65,150.5,28.72,32.4,33.65,96.5,15.8,51.1,81.80000000000001,205.5,2847.0,1.3800000000000001,35.35,14.96,7.04,35.94,29.0,0.0,207.5,1200.0
165721.964,79321.964,140.0,90.60000000000001,21.89,16.13,168.5,32.7,150.6,28.8,32.51,33.65,94.5,15.850000000000001,50.7,83.4,206.0,2844.0,1.29,35.45,14.98,6.98,35.96,28.96,0.0,205.0,1200.0
165781.964,79381.964,140.0,91.30000000000001,21.87,16.11,168.5,32.75,152.1,28.67,32.44,33.65,93.5,15.75,51.400000000000006,85.5,211.5,2837.0,1.43,35.4,15.030000000000001,6.95,35.99,29.07,0.0,210.5,1200.0
165841.964,79441.964,140.0,92.5,21.95,16.15,167.5,32.75,151.4,28.78,32.51,33.550000000000004,91.5,15.850000000000001,51.900000000000006,87.4,211.0,2832.0,1.4000000000000001,35.5,15.030000000000001,6.95,35.95,29.05,0.0,205.5,1200.0
165901.964,79501.964,140.0,90.9,21.97,16.14,168.5,32.75,150.70000000000002,28.75,32.55,33.6,94.5,16.1,52.300000000000004,88.7,210.0,2831.0,1.29,35.550000000000004,15.0,7.0600000000000005,35.93,29.01,0.0,208.0,1200.0
165961.964,79561.964,140.0,90.80000000000001,21.990000000000002,16.07,168.0,32.6,149.8,28.740000000000002,32.53,33.4,94.0,15.850000000000001,53.0,90.7,204.0,2831.0,1.34,35.6,14.96,7.04,35.97,28.95,0.0,210.5,1200.0
166021.964,79621.964,140.0,89.7,21.990000000000002,16.14,167.5,32.75,151.0,28.7,32.52,33.45,92.0,15.850000000000001,52.1,92.10000000000001,215.0,2823.0,1.4000000000000001,35.4,15.05,7.01,36.0,29.060000000000002,0.0,209.5,1200.0
166081.964,79681.964,140.0,92.60000000000001,22.05,16.13,169.0,32.95,151.4,28.79,32.6,33.550000000000004,95.0,15.950000000000001,53.2,94.2,211.5,2825.0,1.3900000000000001,35.45,14.97,7.01,36.12,29.0,0.0,210.5,1200.0
166141.964,79741.964,140.0,91.7,22.09,16.1,168.0,32.9,150.8,28.7,32.59,33.7,90.5,15.950000000000001,54.400000000000006,96.2,213.0,2817.0,1.51,35.5,14.98,6.94,36.1,28.98,2.0,212.5,1200.0
166201.964,79801.964,140.0,91.10000000000001,22.150000000000002,16.16,169.5,32.800000000000004,151.8,28.71,32.6,33.45,92.0,15.700000000000001,54.2,98.0,214.0,2823.0,1.22,35.45,14.98,7.05,36.03,29.01,0.0,215.0,1200.0
166261.964,79861.964,140.0,90.4,22.09,16.05,167.5,32.800000000000004,151.5,28.71,32.65,33.45,92.0,15.850000000000001,54.400000000000006,99.0,215.5,2819.0,1.55,35.550000000000004,14.91,6.97,35.980000000000004,28.91,0.0,213.5,1200.0
166321.964,79921.964,140.0,90.5,22.13,16.09,168.5,32.800000000000004,152.3,28.75,32.68,33.5,95.5,15.850000000000001,54.300000000000004,99.4,219.5,2819.0,1.45,35.4,14.96,7.0,35.99,28.94,0.0,217.0,1200.0
166381.964,79981.964,140.0,90.7,22.05,16.13,168.0,32.95,151.1,28.68,32.660000000000004,33.550000000000004,94.0,15.8,54.0,99.2,215.0,2819.0,1.3800000000000001,35.45,14.97,6.99,36.02,28.990000000000002,0.0,213.0,1200.0
166441.964,80041.964,140.0,90.9,22.06,16.04,170.5,32.800000000000004,152.0,28.75,32.68,33.6,92.0,15.8,53.7,98.60000000000001,215.5,2823.0,1.45,35.6,14.92,7.04,36.01,29.03,0.0,217.0,1200.0
166501.963,80101.963,140.0,90.0,22.04,16.0,168.5,32.75,153.0,28.740000000000002,32.61,33.6,91.5,15.700000000000001,53.5,98.30000000000001,214.5,2828.0,1.29,35.45,15.040000000000001,7.0200000000000005,36.01,29.0,1.0,220.0,1200.0
166561.963,80161.963,140.0,91.10000000000001,21.97,16.03,169.5,32.85,151.4,28.650000000000002,32.69,33.5,92.0,15.8,53.800000000000004,97.80000000000001,219.5,2823.0,1.3800000000000001,35.4,14.97,7.01,36.0,29.01,0.0,215.0,1200.0
166621.963,80221.963,140.0,90.60000000000001,21.95,16.04,168.0,32.800000000000004,150.9,28.75,32.59,33.550000000000004,92.5,15.850000000000001,53.5,97.10000000000001,215.5,2820.0,1.29,35.45,14.98,7.0200000000000005,36.04,29.03,0.0,223.5,1200.0
166681.963,80281.963,140.0,91.30000000000001,21.93,15.92,168.0,32.800000000000004,151.3,28.63,32.58,33.550000000000004,92.0,15.8,53.1,96.4,214.0,2828.0,1.47,35.5,14.98,7.01,35.96,29.0,3.0,212.0,1200.0
166741.963,80341.963,140.0,91.2,21.91,15.9,167.5,32.800000000000004,150.9,28.650000000000002,32.61,33.6,92.5,15.75,52.800000000000004,95.2,218.0,2830.0,1.24,35.4,14.97,7.05,36.04,29.02,0.0,214.0,1200.0
166801.963,80401.963,140.0,90.10000000000001,21.95,15.98,167.0,32.800000000000004,151.70000000000002,28.66,32.64,33.45,95.5,15.75,53.300000000000004,94.60000000000001,212.5,2832.0,1.49,35.5,15.040000000000001,7.03,36.04,28.990000000000002,0.0,213.0,1200.0
166861.963,80461.963,140.0,90.7,21.92,15.98,167.5,32.6,150.8,28.61,32.58,33.6,91.0,15.75,53.1,94.0,212.0,2832.0,1.41,35.45,15.030000000000001,7.0200000000000005,36.0,29.03,0.0,216.0,1200.0
166921.963,80521.963,140.0,90.10000000000001,21.87,15.99,166.5,32.550000000000004,150.6,28.61,32.57,33.550000000000004,92.5,15.75,53.1,93.5,217.0,2834.0,1.3900000000000001,35.45,14.96,7.04,35.980000000000004,29.01,3.0,213.5,1200.0
166981.963,80581.963,140.0,90.9,21.91,16.03,167.5,32.7,149.5,28.68,32.52,33.5,93.5,15.65,52.6,92.60000000000001,212.5,2833.0,1.5,35.5,15.02,7.04,35.99,28.93,0.0,206.5,1200.0
167041.963,80641.963,140.0,91.5,21.79,15.93,167.0,32.75,152.1,28.62,32.47,33.5,92.0,15.8,52.6,91.7,211.5,2834.0,1.37,35.5,15.0,7.03,35.980000000000004,28.98,1.0,214.0,1200.0
167101.963,80701.963,140.0,91.9,21.830000000000002,16.06,168.5,32.800000000000004,150.70000000000002,28.6,32.55,33.45,94.5,15.65,52.7,90.80000000000001,211.0,2836.0,1.55,35.4,14.99,7.0,36.050000000000004,28.990000000000002,0.0,211.5,1200.0
167161.963,80761.963,140.0,91.30000000000001,21.82,15.92,165.0,32.5,152.8,28.63,32.37,33.5,93.5,15.850000000000001,52.1,90.0,212.0,2838.0,1.49,35.300000000000004,15.01,7.0200000000000005,36.07,28.990000000000002,1.0,210.0,1200.0
167221.963,80821.963,140.0,93.30000000000001,21.85,15.98,167.5,32.5,152.20000000000002,28.63,32.39,33.550000000000004,95.0,15.75,52.400000000000006,88.9,210.0,2836.0,1.36,35.300000000000004,14.98,6.93,36.0,29.04,2.0,207.0,1200.0
167281.963,80881.963,140.0,92.30000000000001,21.77,15.99,167.0,32.550000000000004,151.8,28.59,32.37,33.5,94.0,15.700000000000001,52.300000000000004,88.10000000000001,209.0,2838.0,1.41,35.25,15.040000000000001,7.0,36.01,28.94,0.0,206.5,1200.0
167341.963,80941.963,140.0,90.4,21.78,15.94,168.0,32.550000000000004,151.8,28.52,32.4,33.45,93.0,15.65,51.6,87.4,208.0,2837.0,1.43,35.35,14.99,7.05,35.95,29.01,0.0,207.0,1200.0
167401.963,81001.963,140.0,91.5,21.78,15.950000000000001,166.0,32.550000000000004,151.5,28.59,32.4,33.5,93.0,15.700000000000001,52.300000000000004,86.5,207.5,2840.0,1.3,35.2,14.96,7.05,36.02,28.990000000000002,1.0,204.5,1200.0
167461.963,81061.963,140.0,92.30000000000001,21.71,15.94,165.5,32.550000000000004,151.5,28.52,32.26,33.4,92.0,15.600000000000001,51.400000000000006,86.0,205.0,2840.0,1.43,35.300000000000004,15.02,7.03,36.01,29.0,0.0,206.0,1200.0
167521.963,81121.963,140.0,90.4,21.63,15.860000000000001,167.5,32.800000000000004,150.5,28.59,32.3,33.4,94.0,15.700000000000001,51.400000000000006,84.30000000000001,207.5,2846.0,1.41,35.35,15.01,6.91,35.980000000000004,29.060000000000002,0.0,208.0,1200.0
167581.963,81181.963,140.0,88.7,21.64,15.88,165.0,32.550000000000004,151.1,28.66,32.33,33.6,93.5,15.8,51.400000000000006,82.7,210.5,2856.0,1.48,35.5,15.06,6.95,36.0,29.07,1.0,208.0,1200.0
167641.963,81241.963,140.0,90.5,21.59,15.83,167.0,32.45,151.9,28.71,32.32,33.6,91.5,15.600000000000001,50.5,80.60000000000001,202.5,2858.0,1.33,35.5,14.98,7.03,35.92,29.07,1.0,202.0,1200.0
167701.963,81301.963,140.0,90.4,21.52,15.950000000000001,166.5,32.550000000000004,152.1,28.64,32.35,33.7,93.0,15.600000000000001,49.900000000000006,79.10000000000001,205.0,2867.0,1.33,35.45,14.96,6.98,35.88,29.060000000000002,0.0,207.0,1200.0
167761.963,81361.963,140.0,91.60000000000001,21.53,15.81,165.0,32.550000000000004,150.1,28.69,32.34,33.7,94.5,15.600000000000001,49.5,78.2,199.5,2865.0,1.41,35.35,15.0,7.04,36.03,28.97,0.0,203.5,1200.0
167821.962,81421.962,140.0,92.4,21.38,15.92,166.5,32.5,151.0,28.76,32.34,33.75,92.5,15.600000000000001,49.1,76.10000000000001,206.0,2875.0,1.3800000000000001,35.5,15.030000000000001,7.01,36.07,29.0,0.0,202.0,1200.0
167881.962,81481.962,140.0,91.4,21.38,15.9,165.0,32.550000000000004,150.1,28.69,32.37,33.7,92.5,15.75,49.1,75.3,200.0,2883.0,1.36,35.25,15.02,6.95,35.94,28.98,2.0,201.0,1200.0
167941.962,81541.962,140.0,88.80000000000001,21.35,15.790000000000001,166.5,32.6,152.0,28.650000000000002,32.32,33.6,92.5,15.65,48.900000000000006,74.0,202.5,2883.0,1.6300000000000001,35.5,15.040000000000001,7.0600000000000005,35.93,28.93,0.0,202.5,1200.0
168001.962,81601.962,140.0,90.2,21.3,15.860000000000001,166.5,32.550000000000004,150.70000000000002,28.82,32.34,33.75,91.5,15.55,48.6,72.2,202.0,2892.0,1.32,35.550000000000004,14.98,6.96,35.97,28.96,0.0,203.5,1200.0
168061.962,81661.962,140.0,89.30000000000001,21.41,15.860000000000001,170.0,32.45,152.1,28.86,32.28,33.800000000000004,91.0,15.600000000000001,47.7,71.10000000000001,199.5,2896.0,1.34,35.550000000000004,14.99,7.0200000000000005,35.9,28.97,1.0,202.5,1200.0
168121.962,81721.962,140.0,90.60000000000001,21.43,15.870000000000001,167.0,32.550000000000004,151.6,28.8,32.230000000000004,33.75,93.0,15.75,48.6,70.8,198.5,2889.0,1.27,35.35,15.05,6.98,35.97,28.97,0.0,195.0,1200.0
168181.962,81781.962,140.0,91.2,21.42,15.94,166.5,32.45,151.0,28.85,32.28,33.85,93.0,15.8,48.5,70.9,202.0,2895.0,1.34,35.6,14.950000000000001,6.98,36.03,29.04,5.0,197.0,1200.0
168241.962,81841.962,140.0,91.0,21.43,16.02,168.0,32.65,152.5,28.85,32.31,33.7,93.0,15.700000000000001,48.5,70.60000000000001,203.0,2894.0,1.52,35.45,14.98,7.0,35.97,29.02,2.0,198.0,1200.0
168301.962,81901.962,140.0,90.30000000000001,21.41,15.99,169.0,32.65,151.20000000000002,28.87,32.39,33.9,94.0,15.8,48.2,71.4,197.5,2892.0,1.43,35.5,14.98,7.0600000000000005,35.99,29.03,0.0,200.5,1200.0
168361.962,81961.962,140.0,90.60000000000001,21.42,16.0,167.0,32.65,150.5,28.75,32.35,33.9,92.5,15.700000000000001,48.6,71.10000000000001,197.0,2887.0,1.4000000000000001,35.550000000000004,15.030000000000001,7.03,35.84,28.98,2.0,207.0,1200.0
168421.962,82021.962,140.0,91.7,21.54,16.0,168.0,32.45,152.70000000000002,28.85,32.37,33.85,93.0,15.700000000000001,48.7,71.2,198.5,2883.0,1.51,35.5,15.030000000000001,6.99,35.97,29.03,1.0,200.0,1200.0
168481.962,82081.962,140.0,91.2,21.490000000000002,16.04,165.5,32.550000000000004,150.70000000000002,28.91,32.480000000000004,34.0,93.5,15.65,48.900000000000006,72.10000000000001,197.0,2882.0,1.33,35.45,15.06,6.95,36.03,29.03,0.0,202.5,1200.0
168541.962,82141.962,140.0,90.0,21.55,15.98,169.0,32.65,153.1,28.86,32.46,33.9,93.0,15.850000000000001,49.0,72.10000000000001,202.0,2876.0,1.44,35.35,14.97,7.0200000000000005,36.07,28.98,0.0,202.0,1200.0
168601.962,82201.962,140.0,91.9,21.54,16.07,166.0,32.65,152.4,28.86,32.52,33.85,93.5,15.75,48.6,72.60000000000001,203.0,2877.0,1.25,35.5,14.950000000000001,6.98,35.97,29.07,0.0,205.0,1200.0
168661.962,82261.962,140.0,91.0,21.62,16.03,167.0,32.75,151.4,28.91,32.45,33.95,92.0,15.950000000000001,48.900000000000006,73.5,202.0,2882.0,1.41,35.6,15.040000000000001,6.99,36.0,28.94,4.0,201.5,1200.0
168721.962,82321.962,140.0,90.7,21.79,16.15,168.5,32.65,151.9,28.89,32.49,33.9,92.0,15.9,49.0,76.10000000000001,207.0,2874.0,1.32,35.5,15.05,7.04,36.04,28.98,0.0,200.5,1200.0
168781.962,82381.962,140.0,90.9,21.85,16.14,166.5,32.800000000000004,152.3,28.86,32.49,33.9,90.5,15.850000000000001,49.5,76.80000000000001,204.0,2870.0,1.44,35.45,15.0,7.03,35.94,29.04,0.0,202.0,1200.0
168841.962,82441.962,140.0,89.80000000000001,21.830000000000002,16.16,167.0,32.800000000000004,151.0,28.95,32.57,33.75,92.0,15.9,50.300000000000004,79.5,205.5,2861.0,1.44,35.75,15.030000000000001,7.01,36.03,29.13,0.0,205.5,1200.0
168901.962,82501.962,140.0,90.30000000000001,21.93,16.14,169.0,32.75,152.5,28.92,32.63,33.75,94.0,15.950000000000001,50.6,82.30000000000001,204.5,2854.0,1.43,35.5,14.94,7.0200000000000005,35.96,28.95,0.0,205.5,1200.0
168961.962,82561.962,140.0,91.10000000000001,21.93,16.21,168.5,32.9,150.5,29.01,32.77,33.800000000000004,92.0,16.05,51.0,86.30000000000001,210.0,2849.0,1.35,35.6,15.02,7.03,36.03,29.07,0.0,208.0,1200.0
169021.962,82621.962,140.0,91.2,22.14,16.21,169.5,33.050000000000004,152.5,28.900000000000002,32.83,33.85,90.5,15.950000000000001,52.300000000000004,90.2,213.0,2842.0,1.4000000000000001,35.7,15.030000000000001,6.99,35.980000000000004,28.990000000000002,0.0,220.5,1200.0
169081.961,82681.961,140.0,91.4,22.13,16.15,169.0,33.1,150.6,28.97,32.9,33.9,94.0,16.0,52.7,93.80000000000001,213.5,2837.0,1.35,35.65,14.97,7.0200000000000005,36.0,29.02,2.0,218.0,1200.0
169141.961,82741.961,140.0,92.10000000000001,22.16,16.22,170.0,33.15,150.70000000000002,28.900000000000002,32.910000000000004,33.85,93.5,15.9,53.400000000000006,97.60000000000001,219.5,2832.0,1.43,35.7,14.98,6.95,36.04,29.0,0.0,220.0,1200.0
169201.961,82801.961,140.0,91.30000000000001,22.29,16.28,170.0,33.300000000000004,152.8,28.96,33.0,33.9,91.5,16.1,54.400000000000006,100.0,217.0,2826.0,1.24,35.75,14.97,6.96,36.050000000000004,28.990000000000002,1.0,219.5,1200.0
169261.961,82861.961,140.0,90.4,22.2,16.26,172.0,33.25,151.1,29.01,33.07,34.050000000000004,92.5,15.850000000000001,54.1,100.0,224.0,2829.0,1.4000000000000001,35.7,15.030000000000001,7.01,36.03,29.1,0.0,219.5,1200.0
169321.961,82921.961,140.0,91.0,22.3,16.18,171.0,33.25,152.1,28.990000000000002,33.12,33.800000000000004,93.0,16.150000000000002,54.6,100.0,221.0,2832.0,1.4000000000000001,35.75,14.97,6.97,36.09,29.01,4.0,217.5,1200.0
169381.961,82981.961,140.0,91.5,22.27,16.240000000000002,172.5,33.15,151.70000000000002,28.95,32.97,33.9,91.0,15.850000000000001,53.800000000000004,99.9,222.5,2833.0,1.41,35.75,15.0,7.01,36.050000000000004,28.93,0.0,221.0,1200.0
169441.961,83041.961,140.0,92.30000000000001,22.150000000000002,16.18,170.0,33.2,151.20000000000002,29.01,33.07,34.0,92.5,15.9,53.7,100.0,224.0,2831.0,1.57,35.7,15.0,6.97,35.99,28.95,0.0,223.0,1200.0
169501.961,83101.961,140.0,92.80000000000001,22.19,16.09,170.0,33.4,151.5,29.01,33.12,33.7,91.5,16.0,53.400000000000006,99.80000000000001,220.0,2844.0,1.37,35.800000000000004,15.07,6.92,35.96,28.94,0.0,222.0,1200.0
169561.961,83161.961,140.0,91.60000000000001,22.1,16.080000000000002,170.5,33.300000000000004,150.70000000000002,29.01,33.1,33.9,95.5,15.850000000000001,53.6,100.0,223.5,2834.0,1.46,35.75,15.030000000000001,7.03,36.02,29.14,0.0,223.5,1200.0
169621.961,83221.961,140.0,92.2,22.19,16.07,174.5,33.300000000000004,151.6,29.150000000000002,33.14,33.9,93.5,15.950000000000001,54.300000000000004,99.5,223.5,2848.0,1.45,36.0,14.950000000000001,6.92,35.9,29.11,1.0,222.0,1200.0
169681.961,83281.961,140.0,90.9,22.13,16.06,169.0,33.35,150.4,29.11,33.1,33.9,92.0,15.850000000000001,53.6,100.0,225.5,2849.0,1.3800000000000001,35.9,15.040000000000001,7.0,35.93,29.02,0.0,226.0,1200.0
169741.961,83341.961,140.0,90.80000000000001,22.12,15.98,170.5,33.35,152.4,29.09,33.07,33.9,94.5,15.700000000000001,54.1,100.0,222.0,2845.0,1.47,35.7,15.040000000000001,7.07,36.08,29.0,1.0,221.0,1200.0
169801.961,83401.961,140.0,90.5,22.1,16.04,170.0,33.2,152.20000000000002,29.17,33.17,33.800000000000004,94.5,15.65,53.900000000000006,99.9,226.0,2846.0,1.19,35.800000000000004,15.06,6.97,36.01,29.01,1.0,225.0,1200.0
169861.961,83461.961,140.0,90.2,22.07,15.96,169.0,33.35,152.5,29.150000000000002,33.11,33.9,93.5,15.8,53.0,99.9,228.0,2852.0,1.41,35.800000000000004,15.0,7.0,35.980000000000004,28.94,1.0,223.5,1200.0
169921.961,83521.961,140.0,90.30000000000001,22.09,16.05,169.5,33.300000000000004,152.1,29.19,33.11,33.9,91.0,15.8,54.0,99.9,219.0,2851.0,1.44,35.9,14.950000000000001,7.0600000000000005,35.94,28.93,2.0,225.0,1200.0
169981.961,83581.961,140.0,90.80000000000001,22.18,15.99,170.0,33.35,149.70000000000002,29.22,33.18,33.95,93.0,15.8,53.5,100.0,223.5,2850.0,1.4000000000000001,35.95,15.05,7.03,36.0,29.03,0.0,227.0,1200.0
170041.961,83641.961,140.0,90.10000000000001,22.11,16.0,173.5,33.35,151.70000000000002,29.26,33.19,34.050000000000004,93.0,15.850000000000001,54.400000000000006,100.0,225.5,2858.0,1.32,35.85,14.94,6.96,36.03,29.01,0.0,223.5,1200.0
170101.961,83701.961,140.0,89.5,22.11,16.03,172.0,33.5,150.3,29.080000000000002,33.18,33.95,97.0,15.75,53.7,100.0,222.5,2852.0,1.56,36.050000000000004,15.05,7.08,36.01,29.07,1.0,230.0,1200.0
170161.961,83761.961,140.0,92.10000000000001,22.16,16.01,172.5,33.45,150.70000000000002,29.080000000000002,33.24,34.0,91.0,15.8,53.5,100.0,228.0,2858.0,1.37,36.050000000000004,15.0,7.05,35.980000000000004,28.95,0.0,225.5,1200.0
170221.961,83821.961,140.0,90.0,22.14,16.07,172.5,33.5,152.4,29.18,33.31,34.050000000000004,91.0,15.75,54.1,99.7,230.0,2859.0,1.47,35.95,15.01,6.95,36.02,29.01,1.0,227.5,1200.0
170281.961,83881.961,140.0,90.7,22.22,16.11,171.0,33.65,151.8,29.330000000000002,33.33,34.1,93.0,15.75,53.2,99.9,231.0,2866.0,1.3800000000000001,35.9,15.06,7.0,35.95,28.97,0.0,225.5,1200.0
170341.961,83941.961,140.0,91.30000000000001,22.28,16.07,171.5,33.5,152.5,29.21,33.26,34.2,90.0,15.950000000000001,53.900000000000006,100.0,226.5,2869.0,1.28,36.15,15.02,7.01,35.910000000000004,29.03,0.0,230.0,1200.0
170401.961,84001.961,140.0,90.7,22.23,16.01,175.0,33.45,152.1,29.27,33.31,34.2,94.0,15.75,54.6,100.0,227.0,2871.0,1.33,36.050000000000004,15.02,6.94,35.980000000000004,29.11,0.0,236.0,1200.0
170461.96,84061.96,140.0,91.2,22.07,15.97,171.5,33.4,152.6,29.23,33.29,34.1,92.0,15.75,54.0,99.9,231.5,2869.0,1.37,36.15,14.96,7.07,35.94,29.05,0.0,231.5,1200.0
170521.96,84121.96,140.0,92.10000000000001,21.990000000000002,15.950000000000001,171.0,33.550000000000004,150.9,29.25,33.29,34.2,91.0,15.600000000000001,53.7,100.0,226.5,2866.0,1.33,36.050000000000004,14.92,6.96,36.02,28.96,0.0,232.5,1200.0
170581.96,84181.96,140.0,90.10000000000001,21.81,15.82,170.0,33.65,150.5,29.29,33.24,34.1,91.0,15.450000000000001,53.1,99.9,230.5,2880.0,1.44,36.050000000000004,15.0,6.97,36.0,28.98,1.0,228.0,1200.0
170641.96,84241.96,140.0,91.0,21.68,15.72,171.0,33.4,150.8,29.25,33.13,34.0,91.5,15.600000000000001,53.1,100.0,228.0,2884.0,1.43,36.15,14.97,6.99,35.93,28.990000000000002,2.0,231.0,1200.0
170701.96,84301.96,140.0,91.0,21.61,15.610000000000001,171.5,33.35,149.9,29.14,33.230000000000004,34.050000000000004,91.0,15.450000000000001,53.400000000000006,99.5,231.5,2898.0,1.45,36.050000000000004,14.98,6.97,36.04,29.03,1.0,233.5,1200.0
170761.96,84361.96,140.0,91.5,21.51,15.65,170.5,33.2,151.8,29.25,33.160000000000004,34.15,93.0,15.450000000000001,52.1,92.7,231.5,2907.0,1.33,36.1,15.05,6.93,35.980000000000004,29.080000000000002,0.0,226.5,1200.0
170821.96,84421.96,140.0,90.60000000000001,21.42,15.65,171.5,33.050000000000004,151.3,29.13,32.980000000000004,34.050000000000004,90.5,15.450000000000001,51.6,87.10000000000001,217.0,2913.0,1.34,36.1,14.96,6.98,35.97,28.95,2.0,216.0,1200.0
170881.96,84481.96,140.0,90.5,21.25,15.73,170.5,33.1,152.20000000000002,29.27,32.93,34.15,91.5,15.4,49.7,81.10000000000001,220.5,2925.0,1.32,36.0,14.99,7.03,35.94,28.990000000000002,0.0,213.5,1200.0
170941.96,84541.96,140.0,91.5,21.19,15.66,168.5,32.9,151.3,29.18,32.79,34.050000000000004,92.0,15.4,48.1,75.5,211.0,2923.0,1.52,36.2,14.99,6.98,35.97,28.990000000000002,0.0,212.5,1200.0
171001.96,84601.96,140.0,92.60000000000001,21.080000000000002,15.620000000000001,168.5,32.9,150.8,29.13,32.68,34.2,91.5,15.4,47.800000000000004,72.0,207.5,2940.0,1.45,36.1,15.05,6.99,35.97,28.98,0.0,208.0,1200.0
171061.96,84661.96,140.0,90.80000000000001,21.25,15.73,169.0,32.9,152.4,29.07,32.77,34.2,92.0,15.3,47.0,71.60000000000001,207.0,2936.0,1.26,36.1,14.950000000000001,7.0600000000000005,36.0,28.98,0.0,210.0,1200.0
171121.96,84721.96,140.0,88.60000000000001,21.39,15.84,168.5,32.95,151.3,29.150000000000002,32.72,34.1,93.0,15.8,47.5,71.7,206.5,2926.0,1.21,36.050000000000004,14.98,7.0,35.99,29.01,0.0,205.5,1200.0
171181.96,84781.96,140.0,91.0,21.48,15.950000000000001,167.5,32.9,151.8,29.18,32.69,34.25,93.0,15.75,48.2,73.0,205.0,2911.0,1.36,36.1,15.02,6.99,36.02,28.97,0.0,206.0,1200.0
171241.96,84841.96,140.0,91.30000000000001,21.7,16.0,169.5,33.0,151.5,29.23,32.79,34.300000000000004,92.5,15.700000000000001,49.0,74.9,209.5,2902.0,1.21,36.1,15.09,7.01,35.99,29.03,0.0,208.0,1200.0
171301.96,84901.96,140.0,92.60000000000001,21.740000000000002,16.21,169.5,33.1,152.6,29.17,32.89,34.1,95.0,15.850000000000001,49.300000000000004,77.7,209.5,2892.0,1.46,35.9,15.05,7.0200000000000005,35.99,29.03,0.0,211.0,1200.0
171361.96,84961.96,140.0,91.0,22.03,16.18,172.0,33.1,151.20000000000002,29.3,32.980000000000004,34.25,94.0,15.75,50.0,81.7,213.5,2881.0,1.18,36.050000000000004,15.01,6.94,35.92,29.080000000000002,0.0,212.0,1200.0
171421.96,85021.96,140.0,90.0,22.080000000000002,16.14,171.0,33.25,151.6,29.19,33.1,34.15,95.0,15.950000000000001,51.300000000000004,86.80000000000001,223.5,2867.0,1.5,36.050000000000004,15.01,6.95,35.92,28.990000000000002,0.0,215.5,1200.0
171481.96,85081.96,140.0,93.0,22.150000000000002,16.23,170.5,33.2,151.5,29.310000000000002,33.22,34.15,93.0,16.0,52.400000000000006,92.4,218.5,2860.0,1.31,35.95,14.92,7.04,35.95,29.0,0.0,222.0,1200.0
171541.96,85141.96,140.0,91.80000000000001,22.3,16.27,172.5,33.6,154.20000000000002,29.16,33.160000000000004,34.15,93.0,16.0,54.0,99.30000000000001,222.0,2842.0,1.33,35.9,14.97,6.91,35.96,29.02,0.0,227.5,1200.0
171601.96,85201.96,140.0,93.7,22.43,16.43,172.5,33.6,151.4,29.22,33.31,34.15,92.0,16.0,54.6,100.0,222.5,2834.0,1.53,36.0,15.0,7.04,35.92,29.09,0.0,227.0,1200.0
171661.96,85261.96,140.0,91.7,22.46,16.39,173.5,33.550000000000004,150.4,29.25,33.27,34.050000000000004,94.5,16.150000000000002,54.7,100.0,221.0,2829.0,1.35,36.15,15.02,7.0,35.99,29.05,0.0,223.0,1200.0
171721.96,85321.96,140.0,92.7,22.36,16.4,173.5,33.4,150.4,29.240000000000002,33.31,34.050000000000004,96.5,16.3,54.1,100.0,223.0,2836.0,1.47,36.0,14.99,7.05,35.96,29.0,0.0,219.0,1200.0
171781.96,85381.96,140.0,90.0,22.43,16.240000000000002,171.0,33.550000000000004,150.1,29.32,33.27,34.25,96.0,16.1,53.400000000000006,99.80000000000001,224.0,2849.0,1.41,36.15,14.96,7.04,35.94,29.04,2.0,228.0,1200.0
171841.959,85441.959,140.0,91.2,22.5,16.2,173.0,33.550000000000004,151.3,29.28,33.32,34.25,94.0,15.9,53.900000000000006,100.0,224.5,2859.0,1.29,36.15,14.99,7.01,35.96,28.96,0.0,228.5,1200.0
171901.959,85501.959,140.0,90.2,22.38,16.16,171.5,33.65,150.20000000000002,29.34,33.46,34.2,94.0,15.9,55.0,100.0,226.0,2865.0,1.34,36.15,15.0,7.04,36.09,29.03,0.0,229.5,1200.0
171961.959,85561.959,140.0,91.0,22.44,16.2,172.5,33.5,152.5,29.29,33.46,34.300000000000004,92.0,15.950000000000001,54.7,99.7,230.0,2867.0,1.42,36.25,15.09,6.97,35.96,28.95,0.0,234.5,1200.0
172021.959,85621.959,140.0,90.5,22.45,16.1,172.5,33.65,149.6,29.3,33.4,34.050000000000004,93.5,15.9,55.400000000000006,100.0,229.5,2885.0,1.54,36.25,14.98,7.0,35.95,29.07,0.0,234.0,1200.0
172081.959,85681.959,140.0,91.0,22.41,16.05,174.5,33.5,151.5,29.34,33.54,34.300000000000004,91.0,15.850000000000001,55.300000000000004,99.7,236.0,2883.0,1.48,36.25,14.94,6.94,36.0,29.060000000000002,0.0,237.0,1200.0
172141.959,85741.959,140.0,91.4,22.45,16.07,172.5,33.75,151.70000000000002,29.26,33.53,34.2,91.5,15.8,55.300000000000004,99.60000000000001,236.0,2889.0,1.4000000000000001,36.25,14.950000000000001,6.98,35.95,28.95,0.0,232.5,1200.0
172201.959,85801.959,140.0,90.80000000000001,22.38,16.14,174.5,33.65,151.6,29.34,33.5,34.25,92.0,15.850000000000001,55.1,100.0,240.0,2891.0,1.37,36.4,15.05,6.97,35.94,29.14,0.0,234.0,1200.0
172261.959,85861.959,140.0,90.0,22.42,16.03,173.5,33.7,151.5,29.34,33.58,34.2,92.0,15.600000000000001,55.400000000000006,100.0,234.5,2891.0,1.3900000000000001,36.4,14.98,7.03,35.95,29.05,1.0,237.0,1200.0
172321.959,85921.959,140.0,92.0,22.43,16.12,174.0,33.7,151.1,29.35,33.53,34.25,93.0,15.8,55.300000000000004,99.9,237.0,2898.0,1.52,36.45,14.99,7.04,35.97,28.91,0.0,239.5,1200.0
172381.959,85981.959,140.0,91.0,22.45,16.04,172.0,33.65,151.70000000000002,29.400000000000002,33.54,34.25,95.0,15.75,55.2,99.60000000000001,237.5,2896.0,1.28,36.7,15.06,6.95,36.050000000000004,28.95,0.0,239.0,1200.0
172441.959,86041.959,140.0,90.30000000000001,22.46,16.04,174.5,33.75,149.9,29.310000000000002,33.51,34.300000000000004,92.0,15.8,55.1,100.0,235.5,2900.0,1.48,36.5,14.98,7.0600000000000005,36.01,29.01,1.0,238.0,1200.0
172501.959,86101.959,140.0,91.4,22.44,16.01,175.5,33.800000000000004,154.10000000000002,29.330000000000002,33.54,34.300000000000004,93.0,15.850000000000001,55.1,99.7,241.0,2901.0,1.59,36.7,15.040000000000001,6.94,35.93,28.990000000000002,0.0,234.0,1200.0
172561.959,86161.959,140.0,90.4,22.34,16.03,174.0,33.6,151.1,29.29,33.45,34.15,92.5,15.75,55.2,99.60000000000001,238.5,2899.0,1.5,36.7,15.02,7.0600000000000005,35.99,28.94,0.0,237.0,1200.0
172621.959,86221.959,140.0,91.0,22.400000000000002,15.92,173.0,33.75,151.0,29.29,33.55,34.1,92.5,15.8,55.0,99.80000000000001,239.0,2905.0,1.5,36.65,14.950000000000001,6.98,36.0,29.05,1.0,239.5,1200.0
172681.959,86281.959,140.0,90.0,22.46,15.97,173.5,33.7,152.5,29.26,33.6,34.300000000000004,92.0,15.75,54.800000000000004,100.0,234.5,2900.0,1.3800000000000001,36.7,15.01,7.01,36.0,28.96,0.0,236.5,1200.0
172741.959,86341.959,140.0,89.2,22.41,15.94,174.0,33.65,150.9,29.240000000000002,33.58,34.15,92.5,15.600000000000001,55.300000000000004,100.0,236.0,2899.0,1.21,36.7,14.97,7.04,35.95,28.95,0.0,235.5,1200.0
