time_s,scenario_time_s,HT-CH-01-AMPS,HT-CH-01-CHWFLOW,HT-CH-01-CHWRT,HT-CH-01-CHWST,HT-CH-01-CONDP,HT-CH-01-CONDT,HT-CH-01-CWFLOW,HT-CH-01-CWRT,HT-CH-01-CWST,HT-CH-01-DISCT,HT-CH-01-EVAPP,HT-CH-01-EVAPT,HT-CH-01-EXV,HT-CH-01-IGV,HT-CH-01-KW,HT-CH-01-RPM,HT-CH-01-VIB,HT-CH-01-WINDT,PLANT-CHWRT,PLANT-CHWST,PLANT-CWRT,PLANT-CWST,PLANT-DP,PLANT-KW,PLANT-LOAD
0.0,0.0,140.0,90.7,22.240000000000002,15.98,166.0,32.85,150.6,28.54,32.67,33.25,91.0,15.75,55.800000000000004,100.0,218.5,2816.0,1.34,35.5,15.06,6.94,36.01,28.97,1.0,219.0,1200.0
61.03,0.0,140.0,92.7,22.28,16.05,168.0,32.9,152.4,28.51,32.58,33.35,93.5,15.55,55.300000000000004,99.80000000000001,222.0,2819.0,1.42,35.550000000000004,15.0,7.04,36.0,29.03,3.0,217.0,1200.0
121.436,0.0,140.0,89.80000000000001,22.28,15.950000000000001,166.0,32.65,151.5,28.57,32.56,33.2,92.5,15.65,55.6,100.0,222.0,2816.0,1.36,35.6,14.96,7.03,36.04,28.85,0.0,220.5,1200.0
181.67,0.0,140.0,91.2,22.22,15.97,168.5,32.75,151.8,28.57,32.660000000000004,33.35,92.5,15.8,55.400000000000006,99.7,218.5,2824.0,1.37,35.5,15.02,7.07,36.0,29.01,0.0,220.0,1200.0
241.826,0.0,140.0,90.30000000000001,22.3,15.99,166.0,32.65,150.4,28.51,32.62,33.15,92.0,15.8,55.400000000000006,99.80000000000001,218.5,2817.0,1.49,35.550000000000004,15.05,7.0,36.08,29.02,0.0,219.5,1200.0
301.938,0.0,140.0,90.2,22.31,15.94,166.0,32.65,150.6,28.52,32.57,33.35,90.5,15.9,56.1,99.7,218.0,2822.0,1.5,35.45,15.02,6.99,36.04,29.1,0.0,223.5,1200.0
362.022,0.0,140.0,91.9,22.26,16.06,167.0,32.65,149.20000000000002,28.53,32.59,33.2,92.0,15.75,55.900000000000006,99.5,218.0,2817.0,1.32,35.5,15.02,6.99,35.93,29.03,0.0,226.5,1200.0
422.089,0.0,140.0,90.30000000000001,22.3,16.02,168.0,32.800000000000004,152.8,28.51,32.63,33.35,92.5,15.700000000000001,55.300000000000004,99.5,214.5,2825.0,1.28,35.300000000000004,15.0,6.99,36.01,28.92,0.0,219.5,1200.0
482.142,0.0,140.0,93.10000000000001,22.29,16.06,167.0,32.75,152.8,28.55,32.5,33.300000000000004,92.5,15.700000000000001,55.7,99.9,219.0,2820.0,1.21,35.5,15.040000000000001,6.94,35.980000000000004,28.94,0.0,217.0,1200.0
542.186,0.0,140.0,90.60000000000001,22.29,16.02,167.0,32.800000000000004,151.5,28.62,32.7,33.35,92.5,15.75,56.0,100.0,220.0,2816.0,1.49,35.5,15.040000000000001,7.0200000000000005,36.07,29.1,4.0,215.5,1200.0
602.222,0.0,140.0,90.4,22.330000000000002,16.05,166.0,32.7,150.4,28.57,32.6,33.25,92.0,15.850000000000001,55.900000000000006,100.0,216.5,2816.0,1.46,35.550000000000004,14.99,6.97,35.99,28.97,0.0,218.0,1200.0
662.253,0.0,140.0,92.0,22.27,15.950000000000001,166.5,32.7,153.8,28.54,32.57,33.35,91.0,15.65,55.7,100.0,224.5,2817.0,1.48,35.5,15.08,6.96,35.980000000000004,28.990000000000002,0.0,220.5,1200.0
722.279,0.0,140.0,92.60000000000001,22.29,16.04,167.5,32.800000000000004,150.6,28.51,32.56,33.300000000000004,94.0,15.600000000000001,55.0,100.0,217.0,2816.0,1.5,35.5,14.950000000000001,7.09,36.050000000000004,29.02,0.0,221.0,1200.0
782.302,0.0,140.0,91.5,22.31,15.98,167.5,32.7,150.5,28.47,32.54,33.4,90.0,15.75,55.900000000000006,99.9,223.0,2821.0,1.45,35.45,15.01,7.01,36.04,28.98,0.0,218.0,1200.0
842.322,0.0,140.0,91.4,22.28,15.96,166.5,32.75,150.9,28.53,32.660000000000004,33.35,93.0,15.65,55.6,100.0,222.0,2823.0,1.31,35.4,15.02,7.04,36.02,29.02,0.0,224.5,1200.0
902.339,0.0,140.0,91.2,22.19,15.96,167.5,32.85,150.8,28.580000000000002,32.58,33.25,94.5,15.75,55.300000000000004,100.0,217.5,2824.0,1.3800000000000001,35.45,14.96,7.0,36.03,29.02,0.0,222.5,1200.0
962.354,0.0,140.0,90.60000000000001,22.32,15.96,168.0,32.800000000000004,150.70000000000002,28.55,32.53,33.35,92.0,15.600000000000001,55.0,99.9,217.5,2818.0,1.52,35.45,15.030000000000001,7.05,35.97,28.96,0.0,220.5,1200.0
1022.368,0.0,140.0,90.60000000000001,22.2,15.98,169.0,32.75,151.6,28.59,32.62,33.4,93.0,15.700000000000001,55.400000000000006,100.0,216.5,2820.0,1.34,35.35,15.030000000000001,7.05,36.07,28.98,1.0,220.0,1200.0
1082.38,0.0,140.0,90.80000000000001,22.2,16.04,167.5,32.800000000000004,149.9,28.51,32.57,33.35,94.0,15.9,55.7,99.9,219.0,2816.0,1.45,35.6,15.02,7.0600000000000005,35.97,28.990000000000002,0.0,223.5,1200.0
1142.39,0.0,140.0,91.4,22.23,16.01,168.5,32.550000000000004,151.5,28.560000000000002,32.57,33.45,93.0,15.75,55.300000000000004,100.0,220.0,2822.0,1.54,35.5,14.96,7.01,35.96,29.0,0.0,217.0,1200.0
1202.4,0.0,140.0,90.5,22.18,15.96,166.0,32.7,151.9,28.6,32.6,33.300000000000004,92.0,15.8,54.900000000000006,99.5,217.5,2823.0,1.36,35.5,14.98,7.0200000000000005,35.99,29.0,1.0,218.0,1200.0
1262.409,0.0,140.0,90.5,22.2,15.93,169.0,32.85,151.8,28.53,32.62,33.300000000000004,92.5,15.8,55.2,100.0,214.0,2817.0,1.26,35.45,15.040000000000001,7.01,36.03,29.0,0.0,215.5,1200.0
1322.416,0.0,140.0,90.30000000000001,22.17,16.01,168.5,32.75,152.9,28.71,32.68,33.4,90.0,15.850000000000001,55.6,99.5,223.0,2827.0,1.6,35.5,14.950000000000001,6.97,35.93,28.95,1.0,220.0,1200.0
1382.423,0.0,140.0,90.5,22.3,16.080000000000002,165.0,32.800000000000004,149.4,28.64,32.7,33.45,91.5,15.8,55.300000000000004,100.0,220.0,2821.0,1.3800000000000001,35.4,15.030000000000001,7.04,36.02,29.02,3.0,215.5,1200.0
1442.43,0.0,140.0,90.2,22.26,15.94,167.5,32.85,152.8,28.72,32.660000000000004,33.550000000000004,92.5,15.700000000000001,54.6,99.5,224.0,2825.0,1.51,35.6,15.040000000000001,7.0,35.97,28.990000000000002,0.0,220.0,1200.0
1502.435,0.0,140.0,90.60000000000001,22.23,15.98,168.0,32.800000000000004,151.6,28.69,32.74,33.35,92.5,15.65,55.0,99.80000000000001,220.5,2825.0,1.27,35.6,14.98,7.0,36.09,29.03,0.0,218.0,1200.0
1562.441,0.0,140.0,89.7,22.26,16.07,170.0,32.7,151.6,28.61,32.7,33.4,91.0,15.600000000000001,54.5,100.0,222.0,2826.0,1.3800000000000001,35.4,15.030000000000001,6.97,35.88,29.05,0.0,222.5,1200.0
1622.445,0.0,140.0,90.5,22.25,15.97,167.5,32.9,152.6,28.72,32.71,33.45,93.5,15.75,55.400000000000006,99.7,221.0,2834.0,1.41,35.6,14.94,7.0,35.99,28.95,0.0,218.5,1200.0
1682.45,0.0,140.0,92.4,22.25,15.98,165.5,32.800000000000004,151.4,28.75,32.74,33.5,93.0,15.850000000000001,55.1,100.0,219.5,2833.0,1.42,35.6,15.01,7.01,36.03,29.05,0.0,223.0,1200.0
1742.454,0.0,140.0,90.2,22.27,15.97,170.0,32.800000000000004,152.1,28.64,32.81,33.45,91.5,15.850000000000001,55.2,99.7,220.5,2833.0,1.25,35.5,14.99,6.98,36.01,28.97,0.0,221.5,1200.0
1802.457,0.0,140.0,91.5,22.25,15.99,169.5,32.85,150.9,28.7,32.75,33.5,92.0,15.700000000000001,55.1,99.80000000000001,219.5,2829.0,1.37,35.5,14.9,7.0,35.93,29.03,2.0,222.0,1200.0
1862.461,0.0,140.0,91.4,22.240000000000002,16.0,169.5,33.1,151.6,28.79,32.74,33.5,94.0,15.75,55.400000000000006,100.0,226.0,2831.0,1.44,35.550000000000004,14.97,7.03,35.980000000000004,29.0,0.0,223.5,1200.0
1922.464,0.0,140.0,92.60000000000001,22.240000000000002,16.0,171.0,33.050000000000004,152.4,28.7,32.83,33.45,91.0,15.9,55.400000000000006,100.0,221.0,2839.0,1.42,35.45,14.96,7.0600000000000005,36.01,28.990000000000002,1.0,221.0,1200.0
1982.466,0.0,140.0,91.4,22.18,16.06,169.0,33.1,151.4,28.76,32.82,33.6,93.5,15.75,55.300000000000004,100.0,220.0,2832.0,1.29,35.6,15.040000000000001,7.01,36.03,28.97,1.0,224.5,1200.0
2042.469,0.0,140.0,91.60000000000001,22.27,15.97,168.5,32.85,151.8,28.830000000000002,32.78,33.45,93.5,15.65,55.0,100.0,221.0,2835.0,1.41,35.7,15.05,6.93,36.13,29.0,0.0,221.0,1200.0
2102.471,0.0,140.0,90.7,22.3,16.01,167.0,32.9,152.0,28.740000000000002,32.86,33.6,92.5,15.700000000000001,55.2,99.9,223.5,2842.0,1.28,35.85,15.040000000000001,7.0200000000000005,35.980000000000004,29.03,0.0,223.5,1200.0
2162.473,0.0,140.0,90.9,22.240000000000002,15.98,167.5,33.050000000000004,152.0,28.82,32.910000000000004,33.5,92.5,15.65,54.900000000000006,100.0,225.0,2839.0,1.59,35.75,15.11,7.0200000000000005,36.03,29.0,0.0,227.5,1200.0
2222.475,0.0,140.0,91.60000000000001,22.22,15.97,170.5,32.95,151.4,28.73,32.910000000000004,33.550000000000004,91.0,15.700000000000001,55.300000000000004,100.0,218.5,2832.0,1.37,35.85,14.93,6.99,35.96,28.990000000000002,0.0,224.0,1200.0
2282.477,0.0,140.0,90.10000000000001,22.23,15.96,171.0,33.1,152.9,28.73,32.71,33.4,92.0,15.600000000000001,55.0,100.0,227.0,2833.0,1.58,35.85,15.05,6.99,35.89,28.93,0.0,225.0,1200.0
2342.479,0.0,140.0,91.4,22.23,16.01,170.5,32.95,151.1,28.82,32.980000000000004,33.550000000000004,93.0,15.8,55.300000000000004,99.9,220.5,2834.0,1.3800000000000001,35.65,14.94,6.99,36.0,28.91,0.0,222.5,1200.0
2402.48,0.0,140.0,91.5,22.25,15.99,169.0,32.95,153.3,28.79,32.83,33.5,93.0,15.75,55.1,100.0,223.5,2837.0,1.33,35.75,14.98,6.97,36.11,29.03,0.0,219.0,1200.0
2462.482,0.0,140.0,92.4,22.32,15.98,169.5,32.95,152.3,28.73,32.85,33.7,94.0,15.75,54.7,100.0,227.0,2840.0,1.43,35.800000000000004,14.98,6.99,36.0,29.080000000000002,0.0,225.0,1200.0
2522.483,0.0,140.0,91.60000000000001,22.27,16.02,170.0,33.050000000000004,152.0,28.82,32.85,33.7,95.5,15.65,55.0,100.0,227.5,2844.0,1.37,35.800000000000004,14.950000000000001,7.03,35.95,29.05,3.0,226.5,1200.0
2582.484,0.0,140.0,91.0,22.28,16.01,169.0,33.050000000000004,152.20000000000002,28.91,32.89,33.65,94.5,15.75,55.0,100.0,230.0,2846.0,1.47,35.85,15.13,6.99,36.03,28.900000000000002,3.0,220.0,1200.0
2642.485,0.0,140.0,91.10000000000001,22.27,15.97,170.0,32.9,150.0,28.75,32.87,33.550000000000004,93.0,15.700000000000001,54.800000000000004,100.0,227.5,2840.0,1.35,35.9,14.99,6.96,36.01,28.97,1.0,225.5,1200.0
2702.486,0.0,140.0,90.60000000000001,22.21,16.0,170.5,33.050000000000004,152.5,28.900000000000002,32.95,33.65,91.5,15.75,55.400000000000006,100.0,228.5,2845.0,1.33,36.0,14.96,6.99,35.88,28.900000000000002,0.0,222.0,1200.0
2762.487,0.0,140.0,91.80000000000001,22.26,16.06,169.5,33.1,151.3,28.91,32.96,33.6,93.0,15.8,54.800000000000004,100.0,227.0,2851.0,1.53,35.7,15.02,7.0200000000000005,36.03,28.96,0.0,224.5,1200.0
2822.488,0.0,140.0,89.5,22.23,16.01,170.5,33.2,150.9,28.88,32.910000000000004,33.65,91.5,15.850000000000001,54.800000000000004,99.5,221.0,2848.0,1.35,36.0,15.040000000000001,6.93,36.050000000000004,28.95,0.0,228.0,1200.0
2882.488,0.0,140.0,87.4,22.26,16.05,170.0,33.0,151.3,28.87,32.95,33.85,93.0,15.75,54.800000000000004,100.0,226.5,2848.0,1.5,35.9,14.94,7.0200000000000005,35.910000000000004,29.0,1.0,225.5,1200.0
2942.489,0.0,140.0,91.2,22.2,15.9,170.0,33.15,151.1,28.92,32.97,33.7,94.5,15.75,55.2,100.0,226.5,2845.0,1.43,35.85,14.950000000000001,7.0,36.07,29.03,1.0,227.0,1200.0
3002.489,0.0,140.0,91.9,22.23,15.97,169.5,33.050000000000004,151.5,28.97,33.07,33.800000000000004,90.0,15.700000000000001,55.1,100.0,227.0,2848.0,1.3900000000000001,35.9,15.02,6.94,35.97,29.04,1.0,228.0,1200.0
3062.49,0.0,140.0,89.30000000000001,22.330000000000002,15.96,170.0,33.25,152.1,28.94,33.15,33.6,95.0,15.700000000000001,55.1,100.0,227.0,2850.0,1.34,35.95,15.01,6.99,35.97,29.0,0.0,228.0,1200.0
3122.49,0.0,140.0,90.9,22.26,16.06,169.0,33.300000000000004,151.8,28.91,33.14,33.75,93.0,15.75,54.7,100.0,226.0,2855.0,1.69,35.95,15.0,7.0200000000000005,36.09,29.0,1.0,226.0,1200.0
3182.491,0.0,140.0,91.2,22.25,16.03,171.5,33.1,150.3,28.84,33.1,33.75,93.0,15.700000000000001,54.6,100.0,228.0,2852.0,1.41,36.1,15.040000000000001,7.01,36.0,29.080000000000002,0.0,227.0,1200.0
3242.491,0.0,140.0,88.5,22.26,16.01,168.5,33.2,151.0,28.88,33.02,33.75,94.0,15.65,55.1,100.0,226.5,2846.0,1.44,35.9,15.040000000000001,7.0200000000000005,36.01,29.02,0.0,224.0,1200.0
3302.491,0.0,140.0,90.5,22.330000000000002,16.06,169.5,33.15,151.9,28.88,33.03,33.7,93.0,15.75,55.1,100.0,228.5,2854.0,1.44,35.95,14.94,6.97,36.08,29.0,3.0,224.0,1200.0
3362.491,0.0,140.0,92.5,22.29,16.01,169.5,33.15,151.8,28.91,33.06,33.7,93.0,15.850000000000001,55.0,100.0,227.5,2851.0,1.45,35.85,15.030000000000001,7.01,36.01,28.98,0.0,227.0,1200.0
3422.492,0.0,140.0,90.60000000000001,22.22,15.98,170.5,33.15,150.5,28.98,32.99,33.6,92.0,15.75,54.800000000000004,99.9,228.5,2849.0,1.3900000000000001,36.0,15.02,6.94,36.01,29.12,1.0,224.5,1200.0
3482.492,0.0,140.0,91.7,22.36,16.05,172.5,33.1,151.70000000000002,28.830000000000002,33.06,33.7,92.5,15.8,54.5,100.0,224.0,2847.0,1.49,35.95,14.97,7.0600000000000005,35.97,29.04,1.0,225.0,1200.0
3542.492,0.0,140.0,89.80000000000001,22.25,16.05,170.0,33.2,153.20000000000002,28.96,32.910000000000004,33.7,92.0,15.8,55.1,100.0,226.5,2854.0,1.41,35.9,15.030000000000001,7.01,35.93,29.01,0.0,224.0,1200.0
3602.492,0.0,140.0,90.80000000000001,22.21,16.02,170.0,33.25,151.8,28.95,33.0,33.7,94.0,15.950000000000001,54.6,100.0,224.5,2845.0,1.51,36.050000000000004,14.99,7.01,35.94,29.02,0.0,225.5,1200.0
3662.492,0.0,140.0,90.9,22.22,15.99,169.0,33.0,149.5,28.92,33.1,33.6,91.5,15.8,54.6,100.0,224.5,2853.0,1.34,36.050000000000004,14.98,6.99,36.04,28.900000000000002,3.0,223.0,1200.0
3722.492,0.0,140.0,92.60000000000001,22.27,16.03,167.5,33.2,150.8,28.91,33.04,33.6,92.0,15.850000000000001,54.7,99.4,225.0,2855.0,1.44,36.0,15.0,6.99,36.0,29.02,1.0,224.5,1200.0
3782.492,0.0,140.0,89.80000000000001,22.19,15.950000000000001,171.0,33.15,152.4,28.95,33.03,33.75,92.0,15.65,54.5,99.4,231.0,2857.0,1.44,35.85,14.98,6.95,36.04,28.990000000000002,2.0,230.0,1200.0
3842.492,0.0,140.0,90.0,22.27,16.05,171.5,33.050000000000004,151.5,28.96,33.12,33.75,91.5,15.850000000000001,55.1,99.9,224.0,2853.0,1.54,36.1,15.0,6.98,36.01,29.03,0.0,224.5,1200.0
3902.492,0.0,140.0,90.5,22.28,15.99,170.0,33.15,151.5,28.990000000000002,33.02,33.75,93.0,15.75,55.400000000000006,99.60000000000001,227.0,2856.0,1.51,36.0,14.950000000000001,7.0,36.01,29.03,2.0,231.0,1200.0
3962.492,0.0,140.0,90.30000000000001,22.2,15.98,169.0,33.25,151.8,28.96,33.11,34.0,93.0,15.700000000000001,55.400000000000006,99.30000000000001,227.0,2857.0,1.3,36.0,14.99,6.95,35.94,28.990000000000002,0.0,226.5,1200.0
4022.492,0.0,140.0,88.10000000000001,22.240000000000002,15.99,170.0,33.300000000000004,152.3,29.03,33.1,33.9,92.5,15.75,54.800000000000004,99.60000000000001,228.0,2859.0,1.49,36.050000000000004,15.05,7.0,35.95,29.0,3.0,225.5,1200.0
4082.491,0.0,140.0,90.80000000000001,22.31,16.03,172.0,33.35,151.6,28.990000000000002,33.12,33.95,94.5,15.700000000000001,54.6,99.4,231.0,2864.0,1.3900000000000001,36.050000000000004,14.99,7.01,35.99,29.04,0.0,229.0,1200.0
4142.491,0.0,140.0,91.30000000000001,22.3,15.96,172.0,33.2,150.4,29.07,33.22,33.9,93.5,15.75,55.5,99.9,226.5,2860.0,1.45,36.0,15.0,6.98,36.06,28.990000000000002,1.0,234.0,1200.0
4202.491,0.0,140.0,91.2,22.26,16.1,172.5,33.25,152.5,29.080000000000002,33.17,33.95,91.5,15.8,55.300000000000004,100.0,228.0,2865.0,1.3,36.050000000000004,14.99,7.04,36.0,29.05,2.0,233.5,1200.0
4262.491,0.0,140.0,91.30000000000001,22.31,16.04,170.0,33.25,149.9,29.14,33.2,33.75,95.0,15.75,55.1,100.0,230.0,2862.0,1.47,36.0,15.030000000000001,7.0,35.94,28.95,0.0,224.5,1200.0
4322.491,0.0,140.0,90.7,22.31,16.03,170.5,33.4,149.9,29.12,33.14,33.95,95.5,15.850000000000001,54.2,99.9,227.0,2871.0,1.42,36.0,15.0,6.97,35.980000000000004,28.91,0.0,227.5,1200.0
4382.49,0.0,140.0,90.0,22.32,16.0,172.0,33.2,151.9,29.150000000000002,33.18,33.800000000000004,92.5,15.65,55.1,100.0,230.0,2865.0,1.37,36.050000000000004,14.97,6.95,35.99,28.98,1.0,230.5,1200.0
4442.49,0.0,140.0,90.10000000000001,22.29,16.02,171.5,33.300000000000004,151.8,29.17,33.12,33.9,92.5,15.65,55.300000000000004,100.0,231.5,2869.0,1.44,36.2,15.06,7.0600000000000005,35.93,29.03,2.0,230.0,1200.0
4502.49,0.0,140.0,90.5,22.34,16.09,169.5,33.35,150.6,29.09,33.18,33.85,91.5,15.700000000000001,54.800000000000004,99.4,224.5,2870.0,1.4000000000000001,36.0,15.02,6.98,35.99,28.92,0.0,230.0,1200.0
4562.49,0.0,140.0,91.0,22.34,16.05,170.5,33.25,153.9,29.080000000000002,33.28,33.9,93.0,15.75,54.7,99.4,226.5,2867.0,1.47,36.050000000000004,15.01,6.99,36.08,29.0,0.0,231.5,1200.0
4622.489,0.0,140.0,89.2,22.34,16.04,170.0,33.35,149.4,29.05,33.24,33.800000000000004,94.0,15.700000000000001,55.0,100.0,234.0,2869.0,1.3800000000000001,36.25,15.0,6.97,36.01,29.03,0.0,228.0,1200.0
4682.489,0.0,140.0,91.30000000000001,22.3,15.94,169.5,33.45,152.20000000000002,29.2,33.17,33.85,95.5,15.700000000000001,55.300000000000004,100.0,233.0,2865.0,1.33,36.2,15.040000000000001,7.01,35.94,28.990000000000002,2.0,231.0,1200.0
4742.489,0.0,140.0,90.0,22.36,15.97,169.5,33.45,150.9,29.12,33.25,33.95,91.0,15.700000000000001,54.900000000000006,99.80000000000001,234.0,2865.0,1.57,36.15,14.99,6.99,35.97,28.990000000000002,0.0,231.5,1200.0
4802.488,0.0,140.0,90.30000000000001,22.330000000000002,16.02,172.0,33.45,151.0,29.07,33.230000000000004,33.7,92.5,15.8,55.2,99.60000000000001,228.0,2869.0,1.36,36.25,14.96,7.03,36.01,29.02,1.0,232.0,1200.0
4862.488,0.0,140.0,90.4,22.330000000000002,15.98,171.0,33.35,153.20000000000002,29.02,33.2,34.0,93.0,15.8,55.5,100.0,228.0,2866.0,1.48,36.2,14.97,7.0200000000000005,36.01,29.04,0.0,232.5,1200.0
4922.488,0.0,140.0,91.80000000000001,22.34,16.080000000000002,173.0,33.4,150.70000000000002,29.11,33.09,33.95,91.0,15.8,55.0,100.0,233.0,2873.0,1.42,36.1,14.97,6.92,35.980000000000004,29.01,3.0,227.0,1200.0
4982.487,0.0,140.0,90.0,22.38,16.0,172.5,33.4,151.3,29.150000000000002,33.3,33.85,94.0,15.700000000000001,55.1,99.80000000000001,232.0,2873.0,1.3900000000000001,36.2,15.05,6.96,36.02,28.97,0.0,232.5,1200.0
5042.487,0.0,140.0,90.30000000000001,22.38,16.02,171.5,33.4,152.5,29.17,33.27,33.800000000000004,92.5,15.700000000000001,54.800000000000004,99.7,229.0,2867.0,1.45,36.300000000000004,15.040000000000001,7.01,36.04,28.98,3.0,232.0,1200.0
5102.487,0.0,140.0,92.80000000000001,22.34,15.97,173.5,33.45,151.5,29.22,33.34,33.95,91.0,15.700000000000001,55.0,99.7,232.5,2869.0,1.61,36.050000000000004,14.97,6.96,35.99,28.94,0.0,230.5,1200.0
5162.486,0.0,140.0,90.80000000000001,22.34,16.03,170.5,33.300000000000004,151.6,29.23,33.31,34.0,93.0,15.700000000000001,55.400000000000006,100.0,232.0,2871.0,1.3900000000000001,36.25,15.06,7.03,36.04,28.97,2.0,231.0,1200.0
5222.486,0.0,140.0,93.0,22.37,16.04,171.0,33.45,151.6,29.14,33.29,34.0,94.0,15.700000000000001,55.0,100.0,230.5,2877.0,1.42,36.4,14.96,7.05,35.96,29.0,3.0,235.5,1200.0
5282.485,0.0,140.0,93.10000000000001,22.32,16.03,171.0,33.45,153.4,29.16,33.35,34.0,92.5,15.75,54.2,99.4,235.5,2871.0,1.35,36.25,14.98,7.01,35.94,29.05,2.0,233.0,1200.0
5342.485,0.0,140.0,91.2,22.26,16.0,171.5,33.550000000000004,152.4,29.23,33.3,34.0,92.5,15.700000000000001,54.7,99.9,226.5,2879.0,1.1500000000000001,36.15,15.07,6.98,36.02,28.96,1.0,231.5,1200.0
5402.485,0.0,140.0,90.5,22.21,15.96,171.0,33.5,150.0,29.39,33.35,34.1,94.5,15.850000000000001,54.900000000000006,100.0,230.5,2874.0,1.46,36.300000000000004,15.06,6.93,36.02,29.05,2.0,229.5,1200.0
5462.484,0.0,140.0,90.2,22.29,16.04,171.5,33.6,152.9,29.150000000000002,33.29,33.95,91.0,15.700000000000001,54.6,100.0,231.5,2876.0,1.57,36.35,15.0,7.0,36.03,29.01,0.0,231.0,1200.0
5522.484,0.0,140.0,90.10000000000001,22.3,16.01,171.5,33.4,151.20000000000002,29.19,33.39,33.95,93.5,15.75,54.7,100.0,230.0,2871.0,1.47,36.35,15.02,7.0200000000000005,36.01,29.04,0.0,229.5,1200.0
5582.483,0.0,140.0,90.9,22.34,15.97,171.5,33.35,152.4,29.13,33.39,33.9,93.0,15.65,54.900000000000006,99.4,238.0,2878.0,1.31,36.4,15.02,6.95,36.04,29.080000000000002,2.0,235.5,1200.0
5642.483,0.0,140.0,89.7,22.28,16.01,173.5,33.45,151.1,29.17,33.36,34.0,92.5,15.65,55.1,99.5,234.0,2877.0,1.23,36.2,15.0,6.96,35.95,29.02,0.0,236.0,1200.0
5702.483,0.0,140.0,90.9,22.27,16.01,171.5,33.4,152.3,29.3,33.35,34.1,91.5,15.8,54.400000000000006,99.5,233.5,2872.0,1.46,36.35,15.06,7.01,35.95,28.990000000000002,0.0,229.0,1200.0
5762.482,0.0,140.0,90.7,22.3,15.99,172.5,33.45,149.8,29.26,33.3,34.0,92.5,15.8,54.800000000000004,99.7,231.5,2876.0,1.3,36.4,14.97,7.08,35.92,28.990000000000002,2.0,231.0,1200.0
5822.482,0.0,140.0,89.9,22.29,15.98,171.0,33.5,152.1,29.27,33.42,33.85,93.0,15.8,55.0,100.0,230.0,2873.0,1.35,36.300000000000004,14.94,6.9,35.980000000000004,29.11,0.0,234.0,1200.0
5882.481,0.0,140.0,91.0,22.25,15.94,172.0,33.35,151.5,29.3,33.46,34.050000000000004,92.0,15.700000000000001,54.800000000000004,100.0,236.5,2891.0,1.32,36.300000000000004,15.05,7.0,36.050000000000004,28.97,1.0,234.0,1200.0
5942.481,0.0,140.0,90.5,22.29,16.02,172.5,33.6,151.3,29.28,33.31,34.0,93.5,15.65,54.6,99.9,228.5,2882.0,1.34,36.25,15.02,7.03,35.97,29.0,0.0,232.0,1200.0
6002.48,0.0,140.0,91.0,22.29,16.01,171.0,33.35,151.6,29.19,33.36,34.0,92.0,15.850000000000001,54.6,99.80000000000001,235.5,2879.0,1.41,36.25,14.94,7.0200000000000005,35.97,29.02,0.0,231.5,1200.0
6062.48,0.0,140.0,91.0,22.34,16.01,175.0,33.6,151.20000000000002,29.19,33.4,34.1,91.0,15.8,55.1,99.9,232.0,2876.0,1.26,36.6,14.98,7.09,35.97,28.95,0.0,234.5,1200.0
6122.479,0.0,140.0,92.60000000000001,22.29,15.98,172.0,33.45,151.70000000000002,29.310000000000002,33.29,34.1,93.5,15.75,54.1,99.9,231.5,2882.0,1.41,36.300000000000004,14.98,7.0,36.06,28.93,0.0,235.0,1200.0
6182.479,0.0,140.0,90.2,22.35,15.99,171.5,33.550000000000004,150.5,29.2,33.43,34.25,93.0,15.75,54.2,99.9,231.5,2882.0,1.42,36.45,15.040000000000001,7.0,35.97,28.97,2.0,229.5,1200.0
6242.479,0.0,140.0,90.9,22.36,16.0,174.0,33.550000000000004,152.0,29.29,33.410000000000004,34.050000000000004,92.0,15.75,54.7,100.0,228.5,2880.0,1.44,36.300000000000004,14.950000000000001,7.0600000000000005,36.02,28.830000000000002,0.0,233.5,1200.0
6302.478,0.0,140.0,91.4,22.31,16.07,171.5,33.550000000000004,151.0,29.25,33.49,34.15,92.0,15.75,54.800000000000004,100.0,239.0,2881.0,1.42,36.300000000000004,15.01,7.03,36.02,28.94,1.0,237.0,1200.0
6362.478,0.0,140.0,91.9,22.31,15.91,172.5,33.7,151.70000000000002,29.330000000000002,33.480000000000004,34.15,94.0,15.8,54.800000000000004,99.9,235.0,2888.0,1.48,36.4,15.07,6.95,36.03,29.11,0.0,229.5,1200.0
6422.477,0.0,140.0,91.10000000000001,22.22,15.98,172.0,33.6,152.3,29.37,33.47,34.2,93.5,15.75,54.7,99.80000000000001,233.5,2888.0,1.44,36.5,14.98,6.96,35.97,28.95,0.0,235.5,1200.0
6482.477,0.0,140.0,90.7,22.31,16.05,174.0,33.6,152.70000000000002,29.35,33.52,34.25,92.0,15.5,54.6,100.0,234.5,2890.0,1.52,36.5,15.05,7.04,35.97,29.03,3.0,234.0,1200.0
6542.476,0.0,140.0,89.4,22.26,16.07,175.5,33.550000000000004,150.4,29.36,33.53,34.25,94.5,15.8,54.800000000000004,100.0,232.0,2885.0,1.46,36.35,14.98,7.08,35.96,28.92,0.0,233.5,1200.0
6602.476,0.0,140.0,92.60000000000001,22.35,15.98,171.5,33.65,150.8,29.5,33.49,34.1,93.5,15.700000000000001,54.5,100.0,234.5,2888.0,1.47,36.6,15.0,6.99,35.89,28.97,2.0,232.0,1200.0
6662.475,0.0,140.0,90.30000000000001,22.240000000000002,15.950000000000001,173.5,33.6,149.8,29.39,33.5,34.2,93.0,15.700000000000001,54.2,99.30000000000001,232.0,2891.0,1.54,36.6,15.0,6.96,36.0,28.96,0.0,233.0,1200.0
6722.475,0.0,140.0,91.30000000000001,22.29,15.98,172.5,33.7,152.5,29.330000000000002,33.55,34.15,94.0,15.700000000000001,55.1,100.0,232.0,2891.0,1.44,36.35,15.08,7.05,36.03,29.01,2.0,235.5,1200.0
6782.474,0.0,140.0,90.10000000000001,22.26,15.94,172.0,33.550000000000004,149.20000000000002,29.38,33.480000000000004,34.2,92.5,15.55,54.1,100.0,235.0,2892.0,1.16,36.550000000000004,15.0,7.01,36.050000000000004,28.98,0.0,228.5,1200.0
6842.474,0.0,140.0,90.2,22.27,16.0,173.0,33.65,151.1,29.32,33.47,34.050000000000004,92.5,15.9,54.7,99.9,236.0,2885.0,1.31,36.5,15.02,7.01,36.0,28.990000000000002,0.0,235.0,1200.0
6902.473,0.0,140.0,90.30000000000001,22.35,15.99,172.0,33.45,152.3,29.3,33.45,34.050000000000004,94.0,15.850000000000001,55.2,99.80000000000001,238.0,2884.0,1.32,36.35,15.01,7.01,35.89,29.04,1.0,232.0,1200.0
6962.473,0.0,140.0,92.0,22.3,15.94,173.0,33.550000000000004,151.6,29.45,33.480000000000004,34.15,92.0,15.8,54.7,100.0,235.5,2883.0,1.53,36.550000000000004,15.0,7.03,35.99,28.95,2.0,237.5,1200.0
7022.472,0.0,140.0,91.60000000000001,22.29,16.0,170.5,33.65,151.6,29.37,33.44,34.050000000000004,91.0,15.9,54.1,100.0,235.0,2888.0,1.37,36.45,15.05,6.95,35.99,28.990000000000002,0.0,234.0,1200.0
7082.472,0.0,140.0,92.5,22.27,15.93,173.5,33.65,152.5,29.36,33.39,34.25,94.5,15.700000000000001,54.1,99.9,235.0,2883.0,1.35,36.65,14.98,7.0600000000000005,36.08,29.04,0.0,234.5,1200.0
7142.472,0.0,140.0,91.5,22.31,16.01,173.0,33.65,151.20000000000002,29.330000000000002,33.53,34.25,93.0,15.700000000000001,55.1,100.0,233.0,2893.0,1.31,36.5,14.98,6.97,36.04,29.02,2.0,234.0,1200.0
7202.471,0.0,140.0,91.0,22.3,16.0,173.0,33.6,151.0,29.27,33.46,34.050000000000004,92.0,15.700000000000001,54.900000000000006,99.80000000000001,233.5,2884.0,1.3900000000000001,36.6,15.030000000000001,7.05,35.95,28.98,2.0,233.0,1200.0
7262.471,0.0,140.0,90.4,22.31,15.99,172.5,33.550000000000004,150.20000000000002,29.330000000000002,33.39,34.1,92.5,15.600000000000001,54.6,99.80000000000001,233.0,2883.0,1.33,36.7,15.0,6.98,35.980000000000004,29.02,2.0,231.0,1200.0
7322.47,0.0,140.0,90.10000000000001,22.29,16.01,170.5,33.7,151.3,29.35,33.45,34.15,92.0,15.75,54.6,100.0,230.5,2890.0,1.37,36.65,15.030000000000001,7.01,36.06,29.07,1.0,231.0,1200.0
7382.47,0.0,140.0,90.5,22.32,16.02,171.5,33.6,151.70000000000002,29.35,33.55,34.2,94.0,15.75,54.400000000000006,100.0,237.5,2888.0,1.35,36.550000000000004,14.96,7.0,36.0,28.95,2.0,230.5,1200.0
7442.469,0.0,140.0,91.5,22.240000000000002,15.94,172.5,33.550000000000004,151.1,29.27,33.46,34.25,93.5,15.75,54.800000000000004,100.0,232.0,2883.0,1.5,36.5,15.040000000000001,6.94,36.0,29.05,0.0,239.0,1200.0
7502.469,0.0,140.0,90.9,22.36,15.99,171.5,33.6,151.9,29.42,33.43,34.15,92.5,15.850000000000001,54.6,100.0,237.0,2887.0,1.32,36.5,15.040000000000001,7.0,35.99,28.990000000000002,0.0,238.0,1200.0
7562.468,0.0,140.0,90.5,22.29,15.94,172.5,33.4,151.70000000000002,29.3,33.47,34.25,92.5,15.65,55.300000000000004,99.80000000000001,234.0,2888.0,1.46,36.45,14.97,6.99,36.02,29.03,0.0,234.5,1200.0
7622.468,0.0,140.0,90.7,22.37,15.98,174.0,33.85,152.20000000000002,29.36,33.45,34.25,92.5,15.700000000000001,55.0,100.0,231.0,2888.0,1.31,36.5,15.0,7.03,36.01,28.96,0.0,236.5,1200.0
7682.467,0.0,140.0,91.0,22.29,16.02,169.5,33.5,151.70000000000002,29.32,33.45,34.0,94.0,15.700000000000001,54.7,100.0,237.0,2879.0,1.33,36.4,15.05,7.0,35.97,29.03,0.0,234.0,1200.0
7742.467,0.0,140.0,89.30000000000001,22.36,16.0,169.5,33.5,150.1,29.36,33.46,34.25,95.5,15.75,54.7,99.5,235.0,2882.0,1.4000000000000001,36.35,14.97,6.97,35.97,28.96,2.0,229.5,1200.0
7802.466,0.0,140.0,91.7,22.25,16.01,171.5,33.7,151.6,29.35,33.410000000000004,34.050000000000004,92.0,15.600000000000001,54.900000000000006,99.30000000000001,231.0,2882.0,1.36,36.5,15.030000000000001,7.01,36.09,28.97,0.0,233.5,1200.0
7862.466,0.0,140.0,91.10000000000001,22.330000000000002,16.04,172.5,33.5,151.4,29.34,33.43,34.050000000000004,94.0,15.9,54.900000000000006,100.0,234.5,2882.0,1.48,36.35,14.950000000000001,7.01,36.08,29.04,0.0,234.5,1200.0
7922.465,0.0,140.0,90.80000000000001,22.28,16.02,172.5,33.45,151.0,29.38,33.43,34.050000000000004,92.0,15.8,55.0,100.0,233.5,2881.0,1.17,36.35,15.0,7.07,36.01,28.98,0.0,234.0,1200.0
7982.465,0.0,140.0,90.7,22.28,16.05,173.0,33.550000000000004,151.20000000000002,29.330000000000002,33.49,34.050000000000004,92.5,15.700000000000001,54.5,100.0,238.5,2881.0,1.3900000000000001,36.5,14.99,7.01,36.0,29.02,0.0,231.5,1200.0
8042.464,0.0,140.0,91.30000000000001,22.41,15.98,170.0,33.45,151.4,29.22,33.39,34.1,91.0,15.700000000000001,55.5,100.0,237.0,2883.0,1.32,36.35,14.98,6.99,36.04,29.02,0.0,234.5,1200.0
8102.464,0.0,140.0,90.60000000000001,22.39,15.98,171.5,33.6,151.70000000000002,29.3,33.46,34.0,94.5,15.9,55.400000000000006,99.9,233.5,2878.0,1.4000000000000001,36.35,15.01,7.05,36.12,29.080000000000002,0.0,234.5,1200.0
8162.463,0.0,140.0,90.10000000000001,22.35,16.09,172.0,33.4,151.70000000000002,29.26,33.38,34.1,93.5,15.75,55.0,100.0,232.5,2883.0,1.3900000000000001,36.4,14.98,6.98,36.06,29.04,1.0,235.5,1200.0
8222.463,0.0,140.0,89.9,22.42,16.03,171.0,33.550000000000004,151.4,29.28,33.410000000000004,34.050000000000004,94.5,15.700000000000001,55.5,99.9,235.5,2888.0,1.41,36.45,15.030000000000001,7.1000000000000005,35.96,29.02,0.0,235.5,1200.0
8282.463,0.0,140.0,92.80000000000001,22.43,15.98,172.5,33.75,151.5,29.32,33.480000000000004,34.1,94.5,15.700000000000001,55.900000000000006,99.9,237.5,2890.0,1.35,36.6,14.96,6.95,36.06,28.94,0.0,232.5,1200.0
8342.462,0.0,140.0,90.10000000000001,22.46,16.1,169.5,33.7,151.70000000000002,29.19,33.46,34.2,94.0,15.700000000000001,55.1,100.0,233.5,2889.0,1.31,36.550000000000004,15.08,6.95,36.04,29.11,0.0,234.5,1200.0
8402.462,0.0,140.0,90.9,22.51,16.04,173.0,33.5,151.1,29.21,33.43,34.0,93.0,15.8,55.400000000000006,100.0,236.5,2889.0,1.53,36.5,14.99,7.01,36.02,28.95,0.0,236.5,1200.0
8462.461,0.0,140.0,90.30000000000001,22.580000000000002,16.06,172.0,33.550000000000004,152.8,29.22,33.480000000000004,34.050000000000004,92.5,15.8,55.900000000000006,99.80000000000001,236.0,2894.0,1.43,36.7,15.030000000000001,7.01,35.95,29.03,0.0,237.5,1200.0
8522.461,0.0,140.0,91.7,22.490000000000002,16.12,171.0,33.75,151.5,29.22,33.49,34.0,91.5,15.65,56.5,99.4,239.0,2891.0,1.27,36.5,14.99,7.04,36.06,28.92,0.0,235.5,1200.0
8582.46,0.0,140.0,91.2,22.63,16.04,173.0,33.5,151.1,29.26,33.53,34.1,93.5,15.75,56.400000000000006,99.7,242.5,2895.0,1.31,36.550000000000004,14.98,6.99,36.03,28.98,0.0,234.0,1200.0
8642.46,0.0,140.0,90.2,22.56,16.05,173.0,33.75,151.70000000000002,29.240000000000002,33.51,34.0,92.5,15.75,55.800000000000004,99.7,237.5,2896.0,1.32,36.75,15.05,7.0,36.04,28.990000000000002,0.0,239.5,1200.0
8702.459,0.0,140.0,91.7,22.650000000000002,16.080000000000002,175.5,33.550000000000004,151.70000000000002,29.310000000000002,33.47,34.1,95.0,15.8,56.0,99.7,237.5,2904.0,1.4000000000000001,36.65,14.97,7.0200000000000005,35.99,28.990000000000002,1.0,242.5,1200.0
8762.459,0.0,140.0,88.80000000000001,22.61,16.11,172.0,33.65,152.9,29.34,33.51,34.15,93.0,15.65,56.400000000000006,100.0,241.5,2903.0,1.4000000000000001,36.800000000000004,15.05,6.99,36.050000000000004,29.01,4.0,241.5,1200.0
8822.458,0.0,140.0,91.9,22.650000000000002,16.07,173.0,33.6,151.5,29.2,33.63,34.0,92.5,15.700000000000001,56.7,100.0,240.5,2899.0,1.52,36.75,15.07,7.0200000000000005,35.97,29.02,1.0,240.0,1200.0
8882.458,0.0,140.0,91.60000000000001,22.63,16.06,172.5,33.6,152.20000000000002,29.23,33.59,34.15,93.5,15.850000000000001,56.7,100.0,240.5,2902.0,1.3800000000000001,36.65,15.0,7.0200000000000005,35.99,28.95,0.0,241.5,1200.0
8942.457,0.0,140.0,88.7,22.68,16.09,174.5,33.75,151.9,29.25,33.62,34.15,93.0,15.8,56.900000000000006,99.60000000000001,245.5,2905.0,1.46,36.75,14.870000000000001,6.96,36.02,29.060000000000002,0.0,244.5,1200.0
9002.457,0.0,140.0,90.2,22.71,16.01,173.0,33.800000000000004,150.8,29.3,33.52,34.15,90.5,15.8,57.1,100.0,242.5,2913.0,1.47,36.9,14.92,6.98,36.07,29.07,0.0,243.0,1200.0
9062.457,0.0,140.0,91.0,22.72,16.02,172.5,33.7,151.70000000000002,29.16,33.59,34.2,91.0,15.65,57.5,99.9,242.5,2912.0,1.43,36.9,15.0,7.05,36.02,29.07,0.0,235.5,1200.0
9122.456,0.0,140.0,91.7,22.650000000000002,15.99,173.5,33.6,149.4,29.19,33.54,34.15,90.5,15.75,57.5,100.0,244.5,2915.0,1.41,36.9,14.97,6.97,36.02,28.88,0.0,244.0,1200.0
9182.456,0.0,140.0,92.30000000000001,22.78,16.03,174.5,33.6,152.4,29.19,33.59,33.95,93.0,15.700000000000001,57.1,99.9,241.5,2911.0,1.56,36.85,15.02,6.98,36.01,28.89,1.0,242.5,1200.0
9242.455,0.0,140.0,91.2,22.72,16.01,173.0,33.7,150.6,29.16,33.56,34.1,93.0,15.600000000000001,57.6,100.0,246.0,2919.0,1.26,37.0,15.05,6.98,36.02,28.97,3.0,243.5,1200.0
9302.455,0.0,140.0,90.0,22.73,16.01,172.5,33.5,150.3,29.18,33.53,34.2,89.5,15.65,57.1,99.7,242.5,2912.0,1.43,37.0,14.96,7.0200000000000005,35.99,29.03,0.0,246.0,1200.0
9362.454,0.0,140.0,90.7,22.75,15.97,173.0,33.7,151.4,29.22,33.54,34.050000000000004,93.0,15.8,57.1,100.0,244.0,2922.0,1.41,37.050000000000004,14.92,7.04,35.96,29.05,0.0,242.0,1200.0
9422.454,0.0,140.0,91.4,22.69,16.01,173.0,33.75,151.4,29.26,33.55,34.050000000000004,92.0,15.65,56.800000000000004,100.0,246.5,2916.0,1.48,37.1,14.97,7.01,36.03,28.990000000000002,0.0,241.0,1200.0
9482.453,0.0,140.0,89.60000000000001,22.71,16.02,173.0,33.65,152.6,29.28,33.61,34.15,94.5,15.75,57.0,99.9,247.5,2911.0,1.22,37.0,15.01,7.03,36.04,28.98,1.0,245.5,1200.0
9542.453,0.0,140.0,89.4,22.68,15.950000000000001,172.5,33.800000000000004,151.70000000000002,29.21,33.52,34.050000000000004,91.5,15.600000000000001,57.300000000000004,99.60000000000001,245.0,2912.0,1.51,37.0,15.0,7.0200000000000005,36.0,28.96,0.0,245.5,1200.0
9602.452,0.0,140.0,89.5,22.7,16.0,174.0,33.65,150.4,29.240000000000002,33.56,34.2,91.5,15.8,57.400000000000006,100.0,243.0,2915.0,1.33,37.050000000000004,14.97,7.0,35.980000000000004,28.98,4.0,238.0,1200.0
9662.452,0.0,140.0,90.5,22.67,16.0,173.0,33.75,151.9,29.18,33.57,34.1,94.5,15.700000000000001,57.1,100.0,246.0,2914.0,1.55,36.95,15.030000000000001,6.97,36.06,28.95,0.0,241.5,1200.0
9722.452,0.0,140.0,90.9,22.69,15.97,171.0,33.65,152.0,29.22,33.55,34.050000000000004,93.0,15.75,56.900000000000006,99.80000000000001,244.0,2916.0,1.49,37.1,14.950000000000001,6.98,36.01,28.96,0.0,242.5,1200.0
9782.451,0.0,140.0,90.4,22.71,15.97,171.5,33.7,151.4,29.12,33.52,34.15,92.5,15.65,57.0,100.0,244.5,2913.0,1.55,37.300000000000004,15.09,6.99,35.95,28.97,0.0,240.0,1200.0
9842.451,0.0,140.0,90.9,22.66,15.99,173.0,33.550000000000004,152.3,29.1,33.49,34.0,91.5,15.700000000000001,56.900000000000006,100.0,241.5,2914.0,1.47,37.2,15.030000000000001,7.05,35.97,29.0,0.0,244.0,1200.0
9902.45,0.0,140.0,89.9,22.67,16.0,172.0,33.45,151.5,29.12,33.49,34.1,92.5,15.850000000000001,57.300000000000004,100.0,245.5,2904.0,1.4000000000000001,36.9,15.030000000000001,7.03,36.07,29.01,2.0,242.5,1200.0
9962.45,0.0,140.0,90.0,22.66,16.0,173.5,33.5,150.3,29.05,33.52,34.050000000000004,94.0,15.65,57.400000000000006,99.80000000000001,246.0,2905.0,1.34,37.1,15.0,7.04,36.0,29.0,0.0,241.5,1200.0
10022.449,0.0,140.0,90.80000000000001,22.650000000000002,15.94,173.0,33.7,152.5,29.09,33.44,33.95,93.0,15.75,57.0,99.9,245.0,2905.0,1.3,37.050000000000004,14.950000000000001,7.04,36.07,28.95,0.0,238.5,1200.0
10082.449,0.0,140.0,90.5,22.67,15.950000000000001,175.0,33.45,152.70000000000002,29.16,33.410000000000004,34.0,91.5,15.75,57.5,100.0,244.0,2905.0,1.34,36.800000000000004,14.97,7.05,35.99,28.900000000000002,0.0,246.0,1200.0
10142.449,0.0,140.0,90.60000000000001,22.61,15.99,175.0,33.550000000000004,152.4,29.14,33.43,34.1,92.0,15.75,57.5,99.7,242.5,2900.0,1.3900000000000001,36.95,14.97,7.01,36.03,29.01,0.0,237.5,1200.0
10202.448,0.0,140.0,90.10000000000001,22.67,16.05,171.5,33.6,151.0,29.07,33.38,33.9,93.5,15.700000000000001,57.0,99.7,241.5,2904.0,1.43,36.95,14.99,6.95,35.94,29.07,1.0,248.0,1200.0
10262.448,0.0,140.0,90.4,22.66,16.04,171.0,33.5,151.1,29.04,33.38,33.85,91.5,15.600000000000001,57.2,99.80000000000001,247.0,2896.0,1.49,37.050000000000004,15.05,6.96,35.94,28.89,0.0,241.5,1200.0
10322.447,0.0,140.0,91.30000000000001,22.62,16.06,172.0,33.6,152.6,29.080000000000002,33.42,33.85,93.5,15.75,57.300000000000004,99.9,240.0,2900.0,1.3800000000000001,36.85,14.97,7.03,36.04,29.14,1.0,243.5,1200.0
10382.447,0.0,140.0,91.2,22.62,16.05,174.5,33.45,151.8,29.03,33.37,33.85,93.5,15.8,57.1,100.0,245.0,2899.0,1.25,36.85,14.98,7.08,36.03,28.990000000000002,1.0,245.0,1200.0
10442.446,0.0,140.0,92.10000000000001,22.580000000000002,15.97,171.0,33.45,153.0,28.97,33.38,34.0,89.5,15.65,57.1,100.0,243.5,2901.0,1.46,36.85,15.05,7.0,35.910000000000004,29.03,1.0,240.0,1200.0
10502.446,0.0,140.0,89.9,22.56,15.99,172.0,33.5,151.6,29.1,33.39,33.85,92.0,15.8,56.6,100.0,241.5,2898.0,1.5,36.7,15.05,7.01,36.050000000000004,28.98,1.0,241.5,1200.0
10562.446,0.0,140.0,91.2,22.650000000000002,15.94,173.0,33.4,151.0,29.07,33.4,33.800000000000004,93.0,15.75,57.300000000000004,99.9,241.5,2894.0,1.44,36.7,14.98,7.03,35.95,28.990000000000002,0.0,242.0,1200.0
10622.445,0.0,140.0,91.9,22.63,16.02,173.0,33.5,151.9,29.080000000000002,33.35,33.7,91.5,15.65,57.7,100.0,241.5,2900.0,1.24,36.65,14.99,6.95,36.03,29.060000000000002,0.0,245.0,1200.0
10682.445,0.0,140.0,91.60000000000001,22.66,15.99,173.0,33.45,151.0,29.0,33.28,33.85,91.0,15.75,57.300000000000004,99.80000000000001,240.5,2900.0,1.53,36.85,14.98,7.0200000000000005,36.0,28.97,1.0,241.5,1200.0
10742.444,0.0,140.0,89.4,22.66,15.99,172.5,33.4,151.5,29.0,33.34,33.9,94.0,15.8,57.400000000000006,99.7,240.5,2899.0,1.52,36.800000000000004,14.96,6.99,36.04,29.11,0.0,240.5,1200.0
10802.444,0.0,140.0,90.7,22.66,16.04,174.5,33.5,149.6,29.05,33.29,33.9,93.0,15.8,57.6,100.0,238.5,2898.0,1.31,36.7,14.97,6.92,35.95,29.04,2.0,239.0,1200.0
10862.443,0.0,140.0,91.5,22.68,15.950000000000001,171.5,33.35,151.9,29.04,33.33,33.800000000000004,92.0,15.700000000000001,57.300000000000004,99.80000000000001,239.5,2898.0,1.29,36.800000000000004,15.08,7.0600000000000005,36.09,29.02,0.0,240.0,1200.0
10922.443,0.0,140.0,90.60000000000001,22.61,15.94,171.0,33.6,151.6,29.05,33.31,33.75,96.5,15.600000000000001,57.300000000000004,100.0,244.0,2894.0,1.32,36.6,15.0,7.0200000000000005,35.93,28.95,0.0,242.0,1200.0
10982.443,0.0,140.0,90.7,22.580000000000002,16.02,174.0,33.65,150.6,29.05,33.4,33.800000000000004,92.5,15.8,56.6,99.30000000000001,242.5,2896.0,1.3800000000000001,36.75,14.950000000000001,7.05,36.01,28.95,0.0,243.5,1200.0
11042.442,0.0,140.0,90.0,22.57,16.07,173.5,33.45,151.8,29.04,33.36,33.9,92.5,15.8,56.800000000000004,99.80000000000001,239.0,2899.0,1.45,36.95,14.950000000000001,6.95,35.99,29.060000000000002,1.0,244.0,1200.0
11102.442,0.0,140.0,92.30000000000001,22.61,15.92,173.5,33.5,150.8,29.03,33.32,33.9,94.0,15.700000000000001,57.400000000000006,100.0,238.5,2899.0,1.43,36.9,15.0,7.04,35.88,29.0,3.0,238.0,1200.0
11162.441,0.0,140.0,91.9,22.67,16.03,170.5,33.5,152.4,29.03,33.410000000000004,33.95,91.5,15.8,57.0,100.0,241.5,2896.0,1.48,36.75,15.01,6.91,35.96,29.060000000000002,0.0,240.0,1200.0
11222.441,0.0,140.0,91.60000000000001,22.72,16.03,173.5,33.550000000000004,150.70000000000002,29.150000000000002,33.36,34.050000000000004,94.5,15.8,56.6,99.60000000000001,246.5,2901.0,1.31,36.75,14.99,6.97,35.99,28.96,0.0,240.5,1200.0
11282.44,0.0,140.0,90.2,22.63,15.97,172.0,33.6,152.4,29.1,33.39,33.85,91.5,15.700000000000001,57.2,99.7,241.5,2909.0,1.54,36.85,15.01,7.0200000000000005,35.96,28.95,0.0,242.0,1200.0
11342.44,0.0,140.0,93.2,22.580000000000002,16.02,171.0,33.6,151.20000000000002,29.11,33.49,33.9,93.0,15.65,57.400000000000006,100.0,242.0,2901.0,1.34,36.85,15.07,7.04,36.02,28.900000000000002,0.0,242.0,1200.0
11402.44,0.0,140.0,92.30000000000001,22.66,16.01,173.5,33.5,152.70000000000002,29.16,33.42,34.0,93.5,15.700000000000001,57.300000000000004,100.0,241.0,2905.0,1.3900000000000001,36.85,14.96,7.0600000000000005,36.01,28.990000000000002,3.0,245.0,1200.0
11462.439,0.0,140.0,92.10000000000001,22.64,15.9,172.0,33.550000000000004,151.9,29.060000000000002,33.39,34.0,90.5,15.65,56.7,100.0,241.5,2912.0,1.33,36.95,15.05,6.99,35.96,29.07,0.0,244.5,1200.0
11522.439,0.0,140.0,90.4,22.64,16.07,173.0,33.550000000000004,151.70000000000002,29.14,33.42,33.95,92.0,15.700000000000001,57.0,99.7,239.5,2904.0,1.33,36.65,14.99,7.01,36.01,28.97,0.0,239.5,1200.0
11582.438,0.0,140.0,91.10000000000001,22.67,16.0,172.0,33.550000000000004,151.4,29.240000000000002,33.39,34.1,92.5,15.75,57.0,100.0,243.0,2906.0,1.32,36.800000000000004,15.05,7.01,36.01,28.96,2.0,240.5,1200.0
11642.438,0.0,140.0,91.30000000000001,22.57,16.03,171.0,33.550000000000004,152.3,29.11,33.47,34.1,92.5,15.8,56.7,100.0,239.5,2907.0,1.3,36.95,14.98,7.0600000000000005,35.95,29.07,0.0,242.0,1200.0
11702.438,0.0,140.0,91.4,22.69,15.97,172.0,33.65,149.4,29.080000000000002,33.47,33.95,92.5,15.65,56.7,99.80000000000001,243.0,2909.0,1.37,36.9,14.99,7.01,35.910000000000004,28.95,1.0,240.5,1200.0
11762.437,0.0,140.0,92.2,22.64,15.950000000000001,173.5,33.7,151.20000000000002,29.21,33.480000000000004,34.050000000000004,92.0,15.65,57.400000000000006,99.9,247.5,2904.0,1.41,36.9,15.01,6.99,35.94,29.0,0.0,242.5,1200.0
11822.437,0.0,140.0,90.30000000000001,22.61,15.98,172.5,33.65,150.70000000000002,29.13,33.410000000000004,34.050000000000004,93.0,15.700000000000001,56.900000000000006,99.9,241.0,2903.0,1.41,36.800000000000004,14.98,7.05,35.95,29.07,0.0,241.0,1200.0
11882.436,0.0,140.0,91.5,22.67,15.99,173.5,33.6,152.0,29.18,33.44,33.9,93.5,15.700000000000001,56.7,99.7,241.0,2902.0,1.54,37.0,15.040000000000001,7.03,35.99,28.96,0.0,243.5,1200.0
11942.436,0.0,140.0,90.7,22.59,16.03,173.5,33.550000000000004,151.5,29.11,33.4,33.85,93.0,15.700000000000001,57.6,99.60000000000001,244.0,2907.0,1.35,36.800000000000004,14.98,7.03,36.02,28.95,0.0,239.5,1200.0
12002.436,0.0,140.0,91.9,22.68,16.03,172.5,33.65,151.3,29.11,33.43,34.0,94.0,15.8,57.400000000000006,100.0,242.0,2906.0,1.6400000000000001,36.85,14.98,6.99,36.06,28.98,0.0,245.5,1200.0
12062.435,0.0,140.0,90.80000000000001,22.69,16.02,171.0,33.6,151.4,29.16,33.49,33.95,93.5,15.850000000000001,57.300000000000004,99.80000000000001,243.0,2906.0,1.27,36.95,15.01,7.0200000000000005,35.95,28.900000000000002,1.0,241.5,1200.0
12122.435,0.0,140.0,92.10000000000001,22.63,16.0,172.5,33.75,152.4,29.16,33.51,34.0,94.0,15.8,57.400000000000006,99.7,241.5,2906.0,1.33,36.9,15.0,7.01,35.980000000000004,29.060000000000002,1.0,245.5,1200.0
12182.434,0.0,140.0,90.10000000000001,22.72,16.06,170.5,33.550000000000004,153.20000000000002,29.11,33.46,33.85,92.0,15.700000000000001,57.0,99.60000000000001,240.5,2904.0,1.53,36.95,14.99,7.0,35.99,29.01,0.0,241.5,1200.0
12242.434,0.0,140.0,90.80000000000001,22.650000000000002,16.02,173.5,33.550000000000004,151.70000000000002,29.23,33.53,34.0,92.0,15.75,57.300000000000004,100.0,241.0,2908.0,1.44,36.7,14.950000000000001,6.93,35.93,28.990000000000002,0.0,240.5,1200.0
12302.434,0.0,140.0,91.2,22.580000000000002,15.94,174.0,33.75,151.9,29.17,33.4,33.95,91.5,15.700000000000001,57.800000000000004,100.0,245.5,2908.0,1.3800000000000001,37.050000000000004,15.030000000000001,6.93,36.04,29.07,1.0,243.0,1200.0
12362.433,0.0,140.0,92.30000000000001,22.66,15.98,173.5,33.6,150.3,29.19,33.53,34.0,92.5,15.75,57.400000000000006,99.80000000000001,238.5,2913.0,1.47,36.9,15.01,6.99,35.980000000000004,28.990000000000002,0.0,244.5,1200.0
12422.433,0.0,140.0,91.30000000000001,22.62,15.99,173.0,33.65,151.3,29.150000000000002,33.49,34.050000000000004,91.0,15.75,57.2,100.0,242.5,2908.0,1.3800000000000001,37.1,15.01,6.96,35.92,29.060000000000002,0.0,246.5,1200.0
12482.433,0.0,140.0,90.4,22.69,16.15,170.0,33.85,152.9,29.2,33.57,34.050000000000004,93.0,15.8,57.300000000000004,100.0,245.0,2908.0,1.42,37.050000000000004,14.98,6.98,36.01,28.96,2.0,246.5,1200.0
12542.432,0.0,140.0,90.0,22.67,16.02,173.5,33.65,151.8,29.2,33.54,34.0,93.0,15.850000000000001,56.5,99.80000000000001,244.0,2917.0,1.4000000000000001,36.95,14.98,6.94,36.09,29.04,1.0,244.0,1200.0
12602.432,0.0,140.0,90.7,22.64,16.04,171.5,33.550000000000004,152.0,29.25,33.43,34.0,93.5,15.75,57.2,99.30000000000001,244.0,2912.0,1.3800000000000001,36.95,15.11,7.01,35.96,28.98,0.0,244.5,1200.0
12662.431,0.0,140.0,91.4,22.6,15.98,171.5,33.7,151.6,29.27,33.57,34.1,93.0,15.8,57.1,100.0,242.5,2913.0,1.48,36.9,15.120000000000001,7.0,36.02,28.98,0.0,244.0,1200.0
12722.431,0.0,140.0,90.10000000000001,22.72,16.05,173.0,33.75,150.1,29.2,33.61,34.050000000000004,91.5,15.65,56.6,100.0,243.5,2913.0,1.44,36.95,14.99,7.0200000000000005,35.97,29.03,3.0,247.0,1200.0
12782.431,0.0,140.0,91.4,22.62,16.03,172.5,33.75,153.3,29.28,33.62,34.050000000000004,94.0,15.75,57.2,100.0,246.5,2916.0,1.3,36.95,15.030000000000001,7.05,35.96,28.990000000000002,0.0,244.5,1200.0
12842.43,0.0,140.0,91.10000000000001,22.67,16.0,173.0,33.7,152.3,29.28,33.61,34.15,90.5,15.700000000000001,56.6,100.0,248.0,2917.0,1.44,37.0,15.02,7.04,35.93,29.060000000000002,0.0,242.0,1200.0
12902.43,0.0,140.0,90.60000000000001,22.62,16.02,174.0,33.9,151.1,29.27,33.52,34.2,93.0,15.75,57.5,99.9,251.0,2915.0,1.46,37.1,15.0,7.01,35.96,28.98,0.0,242.5,1200.0
12962.429,0.0,140.0,90.60000000000001,22.71,15.950000000000001,171.5,33.6,151.0,29.3,33.65,34.0,94.0,15.600000000000001,57.300000000000004,100.0,243.5,2915.0,1.43,37.050000000000004,15.01,7.0,35.92,28.96,0.0,243.0,1200.0
13022.429,0.0,140.0,91.80000000000001,22.67,16.0,173.5,33.65,152.9,29.29,33.57,34.300000000000004,92.5,15.8,57.400000000000006,100.0,246.0,2914.0,1.25,37.0,14.97,7.07,36.09,28.98,1.0,247.5,1200.0
13082.429,0.0,140.0,92.60000000000001,22.66,16.0,171.5,33.7,150.0,29.3,33.64,34.25,90.5,15.850000000000001,57.0,100.0,241.5,2912.0,1.32,37.0,14.99,7.05,36.01,28.89,1.0,244.0,1200.0
13142.428,0.0,140.0,90.9,22.69,15.96,174.5,33.65,150.8,29.310000000000002,33.68,34.2,93.0,15.8,57.0,99.9,244.5,2919.0,1.44,37.050000000000004,15.0,7.1000000000000005,36.01,28.87,2.0,246.0,1200.0
13202.428,0.0,140.0,91.5,22.69,16.03,173.5,33.7,152.70000000000002,29.3,33.7,34.35,92.5,15.75,56.6,100.0,242.5,2922.0,1.52,37.2,15.040000000000001,7.05,36.06,28.96,3.0,248.5,1200.0
13262.428,0.0,140.0,89.4,22.75,16.0,171.0,33.800000000000004,151.9,29.43,33.59,34.15,92.5,15.75,56.900000000000006,100.0,248.5,2921.0,1.4000000000000001,37.0,14.98,7.03,36.04,29.0,1.0,248.5,1200.0
13322.427,0.0,140.0,90.60000000000001,22.7,15.99,174.0,33.75,151.0,29.27,33.71,34.25,94.5,15.75,57.400000000000006,99.9,247.0,2922.0,1.43,37.2,15.01,7.0200000000000005,36.04,28.990000000000002,0.0,247.5,1200.0
13382.427,0.0,140.0,91.80000000000001,22.650000000000002,15.96,173.5,33.85,149.8,29.36,33.64,34.0,94.5,15.850000000000001,56.900000000000006,99.80000000000001,245.0,2918.0,1.36,37.1,15.07,7.0200000000000005,35.95,29.0,0.0,247.5,1200.0
13442.427,0.0,140.0,90.4,22.650000000000002,16.0,175.5,33.85,150.5,29.36,33.64,34.15,93.0,15.700000000000001,57.2,99.60000000000001,250.5,2918.0,1.47,37.2,15.02,7.03,35.96,28.98,0.0,246.0,1200.0
13502.426,0.0,140.0,91.5,22.63,16.04,174.0,33.85,153.20000000000002,29.32,33.730000000000004,34.15,94.5,15.65,57.1,99.9,243.5,2919.0,1.55,37.2,14.99,6.98,36.01,28.97,0.0,249.0,1200.0
13562.426,0.0,140.0,90.80000000000001,22.67,16.02,174.0,33.7,150.8,29.330000000000002,33.65,34.2,92.5,15.75,56.900000000000006,100.0,248.5,2917.0,1.37,37.2,15.02,7.01,36.02,29.01,0.0,249.5,1200.0
13622.425,0.0,140.0,89.9,22.72,15.99,175.5,33.800000000000004,150.4,29.3,33.78,34.300000000000004,91.0,15.65,56.7,100.0,247.0,2919.0,1.34,37.0,15.01,6.98,35.980000000000004,29.01,0.0,246.5,1200.0
13682.425,0.0,140.0,90.2,22.7,15.91,173.5,33.800000000000004,151.8,29.38,33.67,34.300000000000004,94.0,15.75,57.2,100.0,247.0,2927.0,1.51,37.2,15.02,6.98,35.980000000000004,28.87,0.0,250.0,1200.0
13742.425,0.0,140.0,90.9,22.75,16.01,177.5,33.7,150.1,29.45,33.77,34.25,92.5,15.850000000000001,57.5,100.0,247.0,2925.0,1.49,37.1,14.98,6.99,35.97,28.98,3.0,247.5,1200.0
13802.424,0.0,140.0,89.30000000000001,22.66,15.99,176.0,33.85,151.3,29.330000000000002,33.67,34.300000000000004,92.5,15.75,56.900000000000006,100.0,247.5,2931.0,1.31,37.4,15.0,6.99,36.03,28.990000000000002,0.0,246.0,1200.0
13862.424,0.0,140.0,93.0,22.68,16.01,175.0,33.9,150.6,29.39,33.67,34.2,93.0,15.700000000000001,56.900000000000006,99.80000000000001,250.0,2929.0,1.3,37.25,15.05,7.0200000000000005,36.04,28.96,0.0,250.0,1200.0
13922.424,0.0,140.0,90.4,22.7,16.03,175.0,33.85,151.6,29.42,33.730000000000004,34.15,92.5,15.700000000000001,57.0,100.0,247.0,2920.0,1.36,37.2,14.9,6.95,35.980000000000004,28.97,0.0,245.0,1200.0
13982.423,0.0,140.0,90.80000000000001,22.67,15.99,174.5,33.9,151.70000000000002,29.400000000000002,33.730000000000004,34.15,93.5,15.700000000000001,56.400000000000006,100.0,242.5,2926.0,1.33,37.1,15.030000000000001,7.0,36.06,29.060000000000002,0.0,247.5,1200.0
14042.423,0.0,140.0,90.0,22.73,15.950000000000001,176.0,33.75,150.6,29.37,33.71,34.2,93.0,15.65,57.300000000000004,100.0,251.5,2926.0,1.56,37.15,14.97,6.94,36.03,29.07,0.0,247.5,1200.0
14102.423,0.0,140.0,92.0,22.68,16.03,174.5,33.800000000000004,150.5,29.38,33.77,34.25,92.5,15.65,57.400000000000006,99.80000000000001,249.5,2924.0,1.3900000000000001,37.4,14.950000000000001,7.01,36.0,29.05,0.0,246.5,1200.0
14162.422,0.0,140.0,90.30000000000001,22.67,15.97,173.0,33.7,151.8,29.39,33.79,34.25,90.5,15.75,56.900000000000006,100.0,246.5,2925.0,1.37,37.25,15.01,7.0200000000000005,36.02,29.04,2.0,247.0,1200.0
14222.422,0.0,140.0,91.7,22.68,16.0,173.0,33.75,150.4,29.37,33.8,34.1,92.0,15.950000000000001,56.6,100.0,247.5,2928.0,1.49,37.050000000000004,15.1,7.03,36.02,28.93,0.0,254.5,1200.0
14282.422,0.0,140.0,93.4,22.69,16.04,174.0,33.85,149.20000000000002,29.44,33.69,34.15,94.0,15.700000000000001,56.5,99.5,247.0,2927.0,1.31,37.2,15.06,7.01,36.02,29.0,0.0,247.5,1200.0
14342.421,0.0,140.0,91.80000000000001,22.69,15.94,173.5,33.9,150.20000000000002,29.400000000000002,33.78,34.4,90.5,15.5,57.1,100.0,246.0,2925.0,1.35,37.2,15.08,7.0200000000000005,36.02,29.03,0.0,248.0,1200.0
14402.421,0.0,140.0,90.10000000000001,22.57,16.09,174.5,33.95,152.5,29.45,33.78,34.300000000000004,93.0,15.75,57.1,100.0,251.5,2926.0,1.45,37.300000000000004,14.99,6.98,35.94,28.98,0.0,246.0,1200.0
14462.42,0.0,140.0,90.4,22.63,15.97,174.0,33.75,151.20000000000002,29.47,33.79,34.4,93.5,15.65,56.400000000000006,100.0,250.0,2924.0,1.24,37.050000000000004,14.99,6.99,35.93,28.95,0.0,243.0,1200.0
14522.42,0.0,140.0,91.2,22.63,15.99,174.0,34.050000000000004,150.8,29.42,33.78,34.2,91.5,15.700000000000001,57.1,100.0,247.5,2927.0,1.34,37.15,14.97,7.08,35.96,28.96,0.0,244.0,1200.0
14582.42,0.0,140.0,90.4,22.59,15.99,174.5,33.800000000000004,151.5,29.42,33.68,34.300000000000004,91.5,15.75,56.7,100.0,245.0,2923.0,1.3800000000000001,37.050000000000004,15.06,6.95,36.03,29.01,0.0,246.5,1200.0
14642.419,0.0,140.0,90.4,22.68,16.03,174.5,34.0,151.0,29.38,33.72,34.300000000000004,90.5,15.700000000000001,57.0,100.0,246.0,2925.0,1.53,37.300000000000004,14.94,7.04,35.99,28.91,0.0,244.0,1200.0
14702.419,0.0,140.0,90.9,22.66,16.05,176.0,33.9,151.6,29.37,33.69,34.35,94.0,15.8,57.2,100.0,249.0,2927.0,1.41,37.2,15.0,6.95,36.03,28.94,0.0,251.0,1200.0
14762.419,0.0,140.0,93.5,22.59,15.94,173.5,33.95,150.70000000000002,29.29,33.72,34.300000000000004,93.0,15.700000000000001,56.7,100.0,244.5,2923.0,1.52,37.25,14.96,7.03,36.03,29.14,1.0,245.5,1200.0
14822.418,0.0,140.0,88.9,22.71,15.89,174.0,33.85,151.0,29.45,33.7,34.25,94.0,15.600000000000001,56.6,100.0,251.0,2919.0,1.37,37.1,14.950000000000001,7.0,36.04,28.93,0.0,246.5,1200.0
14882.418,0.0,140.0,91.4,22.71,16.02,175.0,33.800000000000004,152.4,29.38,33.6,34.2,93.0,15.700000000000001,56.900000000000006,99.80000000000001,244.0,2921.0,1.26,37.050000000000004,15.0,6.95,36.04,29.080000000000002,1.0,245.5,1200.0
14942.418,0.0,140.0,91.9,22.71,15.93,175.0,33.9,151.70000000000002,29.48,33.69,34.2,93.0,15.8,56.2,100.0,247.0,2923.0,1.42,37.15,14.98,7.09,35.99,28.900000000000002,0.0,247.5,1200.0
15002.417,0.0,140.0,90.5,22.67,16.03,173.0,33.800000000000004,152.20000000000002,29.490000000000002,33.730000000000004,34.4,93.0,15.700000000000001,56.6,100.0,247.0,2929.0,1.52,37.25,15.01,7.07,35.99,28.92,0.0,244.5,1200.0
15062.417,0.0,140.0,90.80000000000001,22.68,15.98,175.0,33.95,152.0,29.38,33.75,34.35,92.0,15.75,56.6,100.0,248.5,2928.0,1.36,37.2,15.01,6.93,35.88,29.04,1.0,249.0,1200.0
15122.417,0.0,140.0,92.10000000000001,22.650000000000002,15.99,174.5,33.800000000000004,152.0,29.35,33.730000000000004,34.35,92.0,15.850000000000001,56.7,99.80000000000001,251.0,2929.0,1.3900000000000001,37.25,14.99,6.92,36.01,29.0,1.0,242.5,1200.0
15182.416,0.0,140.0,91.4,22.56,16.01,174.0,33.85,150.70000000000002,29.5,33.75,34.300000000000004,93.0,15.75,57.1,100.0,248.5,2926.0,1.43,37.050000000000004,15.01,7.01,36.04,28.97,1.0,240.5,1200.0
15242.416,0.0,140.0,89.9,22.650000000000002,16.01,174.5,33.800000000000004,150.70000000000002,29.39,33.75,34.300000000000004,93.0,15.75,56.800000000000004,100.0,247.5,2928.0,1.28,37.300000000000004,14.98,7.03,35.97,29.080000000000002,3.0,248.0,1200.0
15302.416,0.0,140.0,91.4,22.6,16.02,175.5,33.95,150.70000000000002,29.37,33.8,34.25,94.0,15.75,56.6,100.0,249.5,2927.0,1.42,37.2,15.02,6.97,35.97,28.98,1.0,241.5,1200.0
15362.415,0.0,140.0,90.2,22.69,15.97,173.0,34.1,151.20000000000002,29.37,33.77,34.25,91.5,15.65,57.0,100.0,242.5,2924.0,1.44,37.2,15.040000000000001,7.12,36.04,29.03,1.0,250.0,1200.0
15422.415,0.0,140.0,89.60000000000001,22.67,15.98,175.0,33.95,150.6,29.5,33.82,34.35,91.0,15.65,56.7,99.5,250.0,2922.0,1.29,37.35,14.950000000000001,6.890000000000001,35.99,28.93,1.0,241.5,1200.0
15482.415,0.0,140.0,91.5,22.650000000000002,16.02,174.0,33.95,151.3,29.48,33.83,34.45,93.5,15.8,56.5,99.5,245.5,2930.0,1.3800000000000001,37.1,14.98,7.0200000000000005,35.980000000000004,28.990000000000002,2.0,248.5,1200.0
15542.414,0.0,140.0,91.10000000000001,22.62,16.03,174.0,33.95,151.70000000000002,29.52,33.88,34.300000000000004,93.0,15.75,56.900000000000006,100.0,250.5,2927.0,1.41,37.1,15.02,6.94,35.96,29.0,3.0,245.5,1200.0
15602.414,0.0,140.0,89.10000000000001,22.61,15.97,174.5,33.95,152.20000000000002,29.47,33.71,34.35,93.0,15.65,56.800000000000004,100.0,247.0,2931.0,1.29,37.15,14.950000000000001,7.0,36.06,28.95,0.0,245.0,1200.0
15662.414,0.0,140.0,88.80000000000001,22.69,15.99,174.0,34.0,151.70000000000002,29.52,33.8,34.4,93.0,15.65,56.6,100.0,252.5,2928.0,1.25,37.25,15.02,6.97,36.07,28.97,0.0,242.5,1200.0
15722.413,0.0,140.0,90.2,22.66,16.04,174.5,33.95,151.4,29.5,33.84,34.35,94.5,15.700000000000001,56.5,99.9,244.5,2933.0,1.47,37.25,14.94,6.94,36.08,29.0,0.0,244.5,1200.0
15782.413,0.0,140.0,90.5,22.64,15.99,174.5,33.95,149.9,29.580000000000002,33.84,34.4,93.0,15.700000000000001,56.300000000000004,100.0,248.0,2932.0,1.41,37.300000000000004,15.0,7.0200000000000005,35.980000000000004,29.02,0.0,249.0,1200.0
15842.413,0.0,140.0,91.30000000000001,22.63,15.950000000000001,174.0,34.0,151.9,29.6,33.89,34.35,93.5,15.600000000000001,56.300000000000004,100.0,243.5,2937.0,1.37,37.15,15.030000000000001,7.07,35.97,28.94,0.0,250.5,1200.0
15902.412,0.0,140.0,91.60000000000001,22.64,16.06,174.0,34.050000000000004,151.70000000000002,29.64,33.9,34.45,90.5,15.700000000000001,56.300000000000004,100.0,250.5,2936.0,1.4000000000000001,37.25,15.02,7.03,36.04,29.03,1.0,249.0,1200.0
15962.412,0.0,140.0,91.2,22.580000000000002,16.03,176.0,34.0,150.6,29.59,33.86,34.5,91.0,15.8,56.7,100.0,253.0,2937.0,1.31,37.2,14.96,7.0200000000000005,35.93,29.03,1.0,250.0,1200.0
16022.412,0.0,140.0,92.0,22.580000000000002,16.080000000000002,178.0,34.050000000000004,149.9,29.62,33.89,34.550000000000004,91.5,15.65,56.7,100.0,249.0,2935.0,1.48,37.25,15.01,7.01,36.0,29.01,0.0,246.0,1200.0
16082.412,0.0,140.0,91.10000000000001,22.59,15.99,177.0,33.9,152.20000000000002,29.61,33.87,34.4,91.5,15.65,56.5,99.60000000000001,249.0,2930.0,1.25,37.35,14.96,7.04,36.03,29.05,1.0,246.5,1200.0
16142.411,0.0,140.0,91.5,22.66,16.0,174.5,34.1,152.20000000000002,29.63,34.05,34.45,94.5,15.700000000000001,56.2,99.9,249.0,2936.0,1.48,37.2,14.98,6.99,35.97,29.02,0.0,255.5,1200.0
16202.411,0.0,140.0,90.80000000000001,22.63,15.97,175.5,34.050000000000004,150.8,29.580000000000002,34.07,34.4,92.5,15.700000000000001,55.7,100.0,252.5,2942.0,1.42,37.300000000000004,15.0,7.05,36.01,28.98,1.0,252.0,1200.0
16262.411,0.0,140.0,91.7,22.580000000000002,16.04,175.0,34.1,150.20000000000002,29.7,33.97,34.45,93.5,15.65,55.900000000000006,99.7,246.5,2940.0,1.45,37.4,14.99,6.93,35.980000000000004,29.04,0.0,248.0,1200.0
16322.41,0.0,140.0,90.10000000000001,22.54,16.01,174.5,34.0,151.1,29.69,33.85,34.6,93.0,15.8,55.900000000000006,99.4,249.5,2941.0,1.41,37.45,14.950000000000001,7.0,35.9,29.060000000000002,0.0,251.5,1200.0
16382.41,0.0,140.0,91.4,22.6,15.94,176.0,34.050000000000004,152.5,29.61,33.85,34.45,90.5,15.8,56.5,99.5,250.5,2940.0,1.3,37.45,14.99,6.98,35.96,29.01,1.0,251.5,1200.0
16442.41,0.0,140.0,92.2,22.61,15.9,175.0,34.1,152.20000000000002,29.650000000000002,34.0,34.65,92.5,15.55,56.1,99.9,251.5,2937.0,1.22,37.5,14.96,6.87,35.99,29.03,2.0,250.5,1200.0
16502.409,0.0,140.0,92.0,22.6,15.99,174.0,34.0,151.4,29.580000000000002,33.910000000000004,34.550000000000004,95.0,15.8,56.6,100.0,249.0,2941.0,1.3900000000000001,37.35,15.040000000000001,6.95,36.0,29.060000000000002,1.0,249.0,1200.0
16562.409,0.0,140.0,91.10000000000001,22.650000000000002,16.04,175.5,34.0,151.70000000000002,29.72,34.02,34.45,94.5,15.8,56.900000000000006,99.9,246.0,2936.0,1.48,37.4,15.02,7.0200000000000005,36.02,29.03,0.0,250.5,1200.0
16622.409,0.0,140.0,90.9,22.72,16.03,175.5,34.0,151.4,29.64,34.03,34.550000000000004,93.0,15.8,56.2,100.0,250.0,2939.0,1.3,37.35,15.05,7.01,36.050000000000004,28.98,0.0,249.0,1200.0
16682.408,0.0,140.0,92.4,22.580000000000002,15.93,177.0,34.050000000000004,152.70000000000002,29.52,34.01,34.65,92.0,15.850000000000001,56.5,99.9,248.5,2936.0,1.6300000000000001,37.35,14.96,7.01,35.97,29.03,0.0,248.5,1200.0
16742.408,0.0,140.0,91.2,22.68,16.04,177.5,34.0,152.20000000000002,29.61,34.0,34.550000000000004,91.5,15.700000000000001,56.7,99.60000000000001,252.5,2939.0,1.3900000000000001,37.4,15.0,6.99,36.04,28.97,0.0,249.0,1200.0
16802.408,0.0,140.0,91.0,22.66,16.02,175.5,34.15,151.9,29.62,33.84,34.4,93.0,15.75,56.6,99.80000000000001,251.5,2938.0,1.42,37.4,15.01,7.05,35.980000000000004,29.03,0.0,248.5,1200.0
16862.407,0.0,140.0,91.0,22.67,16.02,174.0,34.050000000000004,151.9,29.6,33.980000000000004,34.35,93.0,15.9,56.1,100.0,245.5,2939.0,1.4000000000000001,37.4,15.040000000000001,7.03,35.95,29.01,0.0,248.5,1200.0
16922.407,0.0,140.0,90.4,22.64,15.98,174.0,34.050000000000004,153.4,29.68,33.83,34.4,92.0,15.8,56.2,99.80000000000001,244.0,2940.0,1.33,37.300000000000004,15.040000000000001,7.07,36.02,29.01,0.0,249.5,1200.0
16982.407,0.0,140.0,90.60000000000001,22.57,15.98,174.5,34.0,149.70000000000002,29.6,33.92,34.5,92.0,15.850000000000001,56.2,99.30000000000001,248.0,2935.0,1.3800000000000001,37.45,15.0,7.0600000000000005,36.050000000000004,28.97,1.0,250.5,1200.0
17042.407,0.0,140.0,89.2,22.62,16.02,176.5,33.800000000000004,151.3,29.63,33.89,34.300000000000004,90.0,15.9,56.300000000000004,100.0,244.5,2934.0,1.25,37.45,15.0,6.94,36.03,28.94,0.0,248.0,1200.0
17102.406,0.0,140.0,90.30000000000001,22.63,15.950000000000001,174.5,33.85,151.6,29.51,33.87,34.35,93.5,15.8,56.0,99.60000000000001,244.5,2928.0,1.32,37.35,15.01,6.96,35.980000000000004,29.080000000000002,0.0,250.5,1200.0
17162.406,0.0,140.0,89.5,22.59,16.03,172.5,33.9,150.4,29.54,33.86,34.4,94.5,15.600000000000001,56.400000000000006,100.0,247.0,2929.0,1.3900000000000001,37.35,14.97,7.0200000000000005,35.94,28.97,0.0,248.0,1200.0
17222.406,0.0,140.0,89.80000000000001,22.61,16.02,173.5,33.9,149.5,29.46,33.79,34.300000000000004,92.5,15.700000000000001,56.400000000000006,100.0,244.5,2925.0,1.3800000000000001,37.45,14.96,6.9,35.97,28.990000000000002,2.0,251.0,1200.0
17282.405,0.0,140.0,91.10000000000001,22.580000000000002,16.07,174.5,34.0,150.9,29.490000000000002,33.82,34.45,92.5,15.8,56.2,100.0,242.0,2925.0,1.21,37.35,15.030000000000001,6.96,36.02,29.03,0.0,248.0,1200.0
17342.405,0.0,140.0,92.4,22.62,15.98,173.5,33.85,149.5,29.55,33.730000000000004,34.300000000000004,92.0,15.600000000000001,56.800000000000004,99.7,242.5,2921.0,1.36,37.25,14.97,6.96,36.04,29.07,3.0,246.5,1200.0
17402.405,0.0,140.0,91.10000000000001,22.62,15.99,175.0,34.0,151.70000000000002,29.45,33.7,34.25,93.5,15.600000000000001,56.300000000000004,99.9,244.5,2926.0,1.3800000000000001,37.300000000000004,14.91,6.95,35.980000000000004,29.02,2.0,242.5,1200.0
17462.404,0.0,140.0,90.7,22.68,15.99,174.0,33.7,151.4,29.48,33.77,34.300000000000004,94.0,15.600000000000001,56.2,100.0,244.5,2921.0,1.3800000000000001,37.15,14.92,7.07,35.92,29.03,0.0,246.0,1200.0
17522.404,0.0,140.0,91.9,22.54,16.02,175.0,33.800000000000004,151.4,29.39,33.77,34.300000000000004,91.5,15.75,56.7,100.0,242.5,2919.0,1.4000000000000001,37.1,14.99,7.04,35.95,29.0,0.0,249.0,1200.0
17582.404,0.0,140.0,92.2,22.54,15.99,173.5,33.65,150.70000000000002,29.490000000000002,33.72,34.25,94.0,15.8,56.300000000000004,100.0,247.5,2922.0,1.36,37.35,15.05,6.96,35.96,29.14,1.0,243.0,1200.0
17642.404,0.0,140.0,91.0,22.650000000000002,16.02,176.0,33.800000000000004,152.3,29.42,33.68,34.25,92.5,15.8,56.5,100.0,245.0,2915.0,1.35,37.15,15.040000000000001,7.04,35.99,29.03,0.0,244.5,1200.0
17702.403,0.0,140.0,90.80000000000001,22.64,15.96,171.0,33.85,151.8,29.32,33.81,34.300000000000004,93.5,15.75,56.5,100.0,246.5,2914.0,1.42,37.1,15.05,6.94,36.0,29.03,0.0,244.5,1200.0
17762.403,0.0,140.0,90.7,22.64,15.94,175.5,33.9,152.1,29.42,33.7,34.15,92.0,15.65,56.1,100.0,243.0,2916.0,1.37,37.15,14.93,7.05,36.01,28.990000000000002,0.0,244.0,1200.0
17822.403,0.0,140.0,90.60000000000001,22.64,16.05,174.5,33.85,150.9,29.41,33.69,34.300000000000004,92.5,15.700000000000001,55.800000000000004,100.0,247.0,2918.0,1.24,37.1,15.01,6.96,36.0,28.96,1.0,244.5,1200.0
17882.402,0.0,140.0,91.30000000000001,22.64,15.94,173.5,33.85,152.20000000000002,29.400000000000002,33.660000000000004,34.35,93.0,15.75,56.5,100.0,243.5,2921.0,1.54,37.15,14.98,7.0600000000000005,35.95,28.900000000000002,0.0,247.0,1200.0
17942.402,0.0,140.0,93.0,22.61,16.080000000000002,174.0,33.85,150.9,29.38,33.74,34.2,91.5,15.700000000000001,56.6,100.0,244.0,2926.0,1.37,37.2,14.98,7.01,35.980000000000004,28.97,0.0,243.0,1200.0
18002.402,0.0,140.0,90.80000000000001,22.61,15.93,173.0,33.9,150.5,29.38,33.71,34.1,93.5,15.700000000000001,56.6,100.0,247.5,2915.0,1.4000000000000001,37.0,15.02,7.01,36.1,29.060000000000002,2.0,245.5,1200.0
18062.402,0.0,140.0,93.4,22.580000000000002,15.99,172.0,33.85,152.1,29.52,33.64,34.15,93.0,15.8,56.400000000000006,100.0,242.5,2920.0,1.34,37.2,14.96,6.98,35.9,29.080000000000002,2.0,249.0,1200.0
18122.401,0.0,140.0,92.10000000000001,22.62,15.97,172.5,33.7,150.70000000000002,29.39,33.55,34.25,93.5,15.75,56.300000000000004,100.0,241.0,2916.0,1.3,37.0,14.96,7.0600000000000005,36.04,29.02,1.0,243.0,1200.0
18182.401,0.0,140.0,91.60000000000001,22.57,16.04,174.0,33.7,151.3,29.34,33.52,34.25,92.0,15.75,56.400000000000006,99.80000000000001,245.5,2917.0,1.51,37.1,15.0,7.04,36.02,28.990000000000002,1.0,243.5,1200.0
18242.401,0.0,140.0,92.7,22.59,15.97,174.0,33.85,150.5,29.51,33.660000000000004,34.15,91.0,15.75,56.0,100.0,242.0,2917.0,1.41,37.050000000000004,14.92,6.93,35.97,28.98,0.0,243.5,1200.0
18302.4,0.0,140.0,91.7,22.650000000000002,16.01,170.0,33.9,151.3,29.29,33.58,34.35,92.0,15.8,56.6,100.0,244.5,2915.0,1.3,37.1,15.02,6.95,35.99,29.060000000000002,1.0,242.5,1200.0
18362.4,0.0,140.0,90.7,22.57,15.97,175.0,33.85,151.3,29.26,33.67,34.2,93.0,15.850000000000001,56.6,99.9,244.5,2913.0,1.26,37.15,15.0,7.0200000000000005,36.03,28.95,1.0,245.0,1200.0
18422.4,0.0,140.0,92.4,22.56,16.02,175.0,33.85,152.20000000000002,29.29,33.58,34.300000000000004,93.0,15.75,56.7,99.9,242.0,2913.0,1.41,37.0,14.96,7.03,35.980000000000004,29.01,0.0,244.0,1200.0
18482.4,0.0,140.0,89.80000000000001,22.57,15.950000000000001,175.0,33.75,152.4,29.34,33.730000000000004,34.050000000000004,93.0,15.700000000000001,56.2,99.9,245.5,2913.0,1.35,37.050000000000004,15.01,6.98,36.09,29.05,0.0,243.5,1200.0
18542.399,0.0,140.0,91.60000000000001,22.6,15.94,173.5,33.75,150.9,29.28,33.56,34.2,94.0,15.700000000000001,56.5,100.0,243.0,2913.0,1.52,37.050000000000004,15.01,6.99,36.050000000000004,29.02,1.0,244.0,1200.0
18602.399,0.0,140.0,91.10000000000001,22.59,16.080000000000002,172.0,33.65,150.1,29.28,33.57,34.050000000000004,92.0,15.75,56.2,100.0,246.0,2908.0,1.31,37.1,15.030000000000001,7.07,36.11,28.96,2.0,239.0,1200.0
18662.399,0.0,140.0,90.5,22.62,15.92,172.5,33.550000000000004,151.5,29.29,33.55,34.1,94.0,15.55,56.2,99.30000000000001,245.0,2906.0,1.52,37.050000000000004,15.01,7.0,36.03,28.990000000000002,2.0,245.5,1200.0
18722.398,0.0,140.0,92.0,22.6,16.03,172.5,33.65,149.9,29.23,33.54,34.1,93.0,15.8,56.900000000000006,99.80000000000001,243.0,2900.0,1.35,37.0,15.06,7.01,36.01,29.05,0.0,238.0,1200.0
18782.398,0.0,140.0,89.80000000000001,22.6,16.0,174.5,33.550000000000004,152.70000000000002,29.26,33.5,34.1,91.0,15.75,56.900000000000006,100.0,239.5,2902.0,1.31,37.0,15.01,7.0600000000000005,35.97,28.93,0.0,239.5,1200.0
18842.398,0.0,140.0,90.0,22.66,16.02,172.5,33.65,151.3,29.11,33.42,34.0,94.5,15.850000000000001,57.0,100.0,243.5,2900.0,1.35,36.95,14.99,6.98,36.02,29.060000000000002,1.0,246.5,1200.0
18902.398,0.0,140.0,91.5,22.59,15.96,171.5,33.550000000000004,151.9,29.17,33.410000000000004,34.050000000000004,94.0,15.8,56.6,100.0,240.5,2901.0,1.3900000000000001,37.0,15.02,7.04,36.03,29.03,0.0,241.0,1200.0
18962.397,0.0,140.0,93.0,22.62,16.0,173.0,33.6,150.5,29.11,33.38,34.0,92.5,15.75,56.900000000000006,100.0,241.5,2899.0,1.33,36.9,14.99,7.01,36.01,28.990000000000002,2.0,242.5,1200.0
19022.397,0.0,140.0,91.4,22.61,15.94,171.5,33.5,150.8,29.12,33.44,33.95,93.5,15.850000000000001,57.0,99.9,241.0,2897.0,1.4000000000000001,36.9,15.030000000000001,7.0600000000000005,35.96,29.060000000000002,0.0,235.0,1200.0
19082.397,0.0,140.0,91.2,22.6,15.96,174.0,33.550000000000004,152.3,29.1,33.410000000000004,33.95,95.5,15.65,57.1,100.0,239.5,2897.0,1.46,36.95,15.01,6.93,36.03,29.04,0.0,241.0,1200.0
19142.396,0.0,140.0,89.80000000000001,22.66,15.93,173.0,33.6,150.70000000000002,29.03,33.32,33.95,93.5,15.65,57.300000000000004,100.0,241.0,2898.0,1.45,36.800000000000004,14.99,7.0200000000000005,36.04,28.93,2.0,241.5,1200.0
19202.396,0.0,140.0,89.80000000000001,22.71,16.02,173.0,33.45,151.70000000000002,28.92,33.36,33.85,93.0,15.8,56.900000000000006,99.9,243.0,2894.0,1.34,36.800000000000004,15.030000000000001,6.96,36.03,29.03,0.0,237.0,1200.0
19262.396,0.0,140.0,90.9,22.64,15.98,173.5,33.300000000000004,152.5,28.93,33.34,33.800000000000004,92.5,15.75,57.5,99.80000000000001,240.0,2894.0,1.3900000000000001,36.800000000000004,14.99,7.0,36.12,28.990000000000002,0.0,237.5,1200.0
19322.396,0.0,140.0,91.80000000000001,22.67,16.02,170.5,33.45,151.1,29.12,33.230000000000004,34.1,93.5,15.8,57.300000000000004,100.0,239.5,2895.0,1.33,36.75,15.030000000000001,7.0200000000000005,36.04,28.97,1.0,241.5,1200.0
19382.395,0.0,140.0,90.2,22.62,15.99,170.5,33.4,154.20000000000002,28.990000000000002,33.29,33.800000000000004,94.0,15.700000000000001,57.2,99.60000000000001,241.5,2895.0,1.3,36.85,15.05,7.01,35.89,28.97,0.0,237.5,1200.0
19442.395,0.0,140.0,90.2,22.650000000000002,15.99,172.0,33.35,151.8,28.95,33.34,33.800000000000004,91.5,15.600000000000001,57.5,100.0,240.0,2894.0,1.58,36.9,14.96,7.05,35.96,28.97,2.0,244.0,1200.0
19502.395,0.0,140.0,89.80000000000001,22.61,16.02,173.5,33.45,150.5,29.02,33.31,33.85,93.0,15.700000000000001,57.0,100.0,238.0,2891.0,1.25,36.85,14.97,6.9,35.99,28.95,0.0,235.0,1200.0
19562.395,0.0,140.0,90.30000000000001,22.63,15.98,172.0,33.35,150.4,28.990000000000002,33.25,33.800000000000004,92.5,15.75,56.7,100.0,241.0,2891.0,1.4000000000000001,36.7,15.040000000000001,6.93,36.04,28.990000000000002,0.0,237.5,1200.0
19622.394,0.0,140.0,92.0,22.6,15.99,173.0,33.45,153.3,29.05,33.4,33.9,93.0,15.700000000000001,57.7,100.0,240.0,2893.0,1.44,36.75,15.05,7.0200000000000005,36.04,29.0,2.0,244.5,1200.0
19682.394,0.0,140.0,91.80000000000001,22.6,16.0,172.5,33.35,152.20000000000002,28.990000000000002,33.36,33.95,92.0,15.65,56.800000000000004,100.0,242.0,2893.0,1.3900000000000001,36.800000000000004,14.950000000000001,7.1000000000000005,35.95,28.96,1.0,242.0,1200.0
19742.394,0.0,140.0,90.5,22.69,16.0,171.0,33.45,152.4,28.97,33.45,34.050000000000004,92.0,15.75,57.400000000000006,100.0,237.5,2887.0,1.41,36.75,15.02,7.03,36.050000000000004,29.01,0.0,241.0,1200.0
19802.393,0.0,140.0,91.80000000000001,22.57,15.99,172.5,33.35,152.20000000000002,29.02,33.22,33.800000000000004,91.5,15.75,57.1,100.0,235.0,2895.0,1.28,36.75,14.98,6.93,35.94,29.04,0.0,237.0,1200.0
19862.393,0.0,140.0,90.10000000000001,22.5,15.98,171.5,33.4,151.0,29.01,33.35,33.95,91.5,15.700000000000001,56.900000000000006,100.0,238.0,2894.0,1.42,36.85,15.01,7.01,36.03,28.98,0.0,236.5,1200.0
19922.393,0.0,140.0,91.30000000000001,22.64,15.99,171.5,33.35,152.8,29.01,33.26,33.9,93.5,15.65,57.0,100.0,242.5,2893.0,1.27,36.75,14.97,7.0600000000000005,35.910000000000004,29.04,1.0,241.0,1200.0
19982.393,0.0,140.0,91.4,22.57,16.01,170.5,33.35,151.3,29.05,33.31,33.85,93.5,15.75,57.300000000000004,99.5,236.5,2892.0,1.3,36.65,15.06,6.99,35.95,29.1,1.0,236.5,1200.0
20042.392,0.0,140.0,89.80000000000001,22.64,15.96,173.0,33.6,152.1,29.09,33.4,33.9,92.5,15.700000000000001,56.900000000000006,100.0,239.5,2888.0,1.3900000000000001,36.75,15.0,6.98,36.07,28.86,0.0,242.5,1200.0
20102.392,0.0,140.0,90.30000000000001,22.59,16.0,171.0,33.550000000000004,151.5,29.150000000000002,33.27,33.7,92.5,15.700000000000001,56.5,100.0,241.0,2890.0,1.42,36.65,15.0,7.03,36.02,29.05,0.0,239.5,1200.0
20162.392,0.0,140.0,92.5,22.61,16.0,172.5,33.5,149.70000000000002,29.05,33.29,34.050000000000004,90.5,15.75,57.400000000000006,99.80000000000001,237.0,2892.0,1.42,36.65,15.01,7.0600000000000005,36.03,28.91,1.0,236.0,1200.0
20222.392,0.0,140.0,90.2,22.63,16.02,172.0,33.550000000000004,152.0,29.09,33.32,33.85,91.5,15.700000000000001,56.7,99.80000000000001,243.0,2895.0,1.27,36.7,14.91,7.0,35.95,29.0,0.0,236.0,1200.0
20282.391,0.0,140.0,90.10000000000001,22.59,16.06,171.0,33.550000000000004,150.0,29.09,33.3,34.0,93.0,15.75,57.300000000000004,100.0,241.5,2892.0,1.31,36.7,15.01,7.0,35.93,29.0,0.0,234.0,1200.0
20342.391,0.0,140.0,91.0,22.64,16.0,174.5,33.45,151.8,28.93,33.39,33.95,93.0,15.700000000000001,56.800000000000004,99.5,239.5,2892.0,1.34,36.7,15.09,7.03,35.94,29.01,1.0,237.5,1200.0
20402.391,0.0,140.0,91.30000000000001,22.67,16.04,170.5,33.45,150.70000000000002,29.05,33.31,33.9,91.5,15.65,56.7,100.0,239.0,2897.0,1.41,36.75,14.94,7.01,35.96,28.97,2.0,239.0,1200.0
20462.391,0.0,140.0,90.9,22.62,16.07,172.0,33.35,151.0,29.0,33.35,33.85,90.5,15.700000000000001,56.800000000000004,100.0,245.0,2894.0,1.35,36.75,15.07,7.0,35.95,28.89,0.0,239.5,1200.0
20522.39,0.0,140.0,91.30000000000001,22.69,15.950000000000001,173.5,33.6,150.4,29.02,33.21,33.95,91.5,15.600000000000001,57.0,100.0,240.5,2889.0,1.46,36.6,15.0,6.98,35.92,29.060000000000002,1.0,238.0,1200.0
20582.39,0.0,140.0,91.5,22.57,16.03,170.0,33.5,151.1,29.12,33.39,34.1,92.0,15.8,56.5,100.0,241.5,2890.0,1.47,36.75,15.1,7.0,36.01,29.05,3.0,236.5,1200.0
20642.39,0.0,140.0,92.10000000000001,22.62,15.93,170.0,33.45,151.3,29.060000000000002,33.39,33.9,94.5,15.8,56.7,99.7,239.0,2898.0,1.33,36.800000000000004,14.97,6.99,35.97,28.94,0.0,237.5,1200.0
20702.39,0.0,140.0,90.4,22.57,15.96,171.5,33.4,151.4,29.02,33.29,33.9,92.5,15.600000000000001,57.0,100.0,242.0,2894.0,1.29,36.75,14.98,6.94,35.93,28.95,0.0,244.0,1200.0
20762.389,0.0,140.0,91.5,22.63,15.93,170.5,33.45,150.4,28.93,33.38,33.800000000000004,93.5,15.850000000000001,56.900000000000006,100.0,240.0,2896.0,1.28,36.7,15.030000000000001,6.99,36.03,29.01,0.0,239.0,1200.0
20822.389,0.0,140.0,91.5,22.63,15.950000000000001,172.0,33.45,150.3,28.97,33.29,34.0,93.5,15.700000000000001,57.0,100.0,237.5,2892.0,1.3800000000000001,36.65,15.0,6.92,35.980000000000004,29.02,0.0,242.5,1200.0
20882.389,0.0,140.0,89.7,22.53,16.0,172.5,33.45,151.20000000000002,28.92,33.31,33.95,94.0,15.8,56.5,99.80000000000001,238.0,2891.0,1.35,36.800000000000004,15.06,6.97,36.01,29.01,0.0,238.5,1200.0
20942.389,0.0,140.0,90.9,22.580000000000002,15.97,170.5,33.550000000000004,150.5,28.94,33.32,33.85,92.0,15.700000000000001,56.800000000000004,100.0,241.0,2893.0,1.37,36.75,14.99,6.97,35.94,29.05,1.0,237.0,1200.0
21002.388,0.0,140.0,91.30000000000001,22.66,15.93,171.0,33.45,150.3,29.04,33.32,33.75,90.5,15.75,57.1,99.60000000000001,240.0,2891.0,1.56,36.65,15.02,6.98,36.02,28.95,0.0,241.5,1200.0
21062.388,0.0,140.0,90.5,22.64,16.02,171.5,33.300000000000004,151.20000000000002,28.88,33.31,33.800000000000004,93.5,15.600000000000001,57.0,100.0,238.5,2890.0,1.35,36.800000000000004,15.05,6.98,35.92,29.0,0.0,239.5,1200.0
21122.388,0.0,140.0,90.2,22.53,16.02,172.0,33.5,150.6,29.0,33.38,33.9,93.5,15.8,57.0,100.0,241.0,2888.0,1.45,36.7,15.030000000000001,6.96,36.07,28.93,0.0,238.5,1200.0
21182.388,0.0,140.0,91.4,22.580000000000002,16.0,173.5,33.45,151.8,29.02,33.36,33.85,92.0,15.700000000000001,57.0,100.0,242.0,2893.0,1.41,36.6,15.08,6.97,35.93,29.04,0.0,237.5,1200.0
21242.387,0.0,140.0,90.80000000000001,22.57,16.0,174.5,33.5,151.4,28.98,33.27,33.95,92.5,15.75,57.400000000000006,99.60000000000001,240.0,2898.0,1.41,36.65,14.99,7.07,36.03,28.96,0.0,243.0,1200.0
21302.387,0.0,140.0,91.80000000000001,22.6,16.06,171.5,33.4,151.6,29.1,33.42,33.85,93.0,15.600000000000001,56.5,100.0,234.0,2893.0,1.34,36.65,14.96,7.04,36.02,28.94,1.0,236.0,1200.0
21362.387,0.0,140.0,90.80000000000001,22.63,15.96,171.0,33.45,151.20000000000002,29.07,33.37,33.95,94.5,15.8,56.900000000000006,100.0,243.0,2896.0,1.43,36.65,15.030000000000001,6.95,35.99,28.97,0.0,236.5,1200.0
21422.387,0.0,140.0,90.9,22.650000000000002,16.080000000000002,172.0,33.550000000000004,150.9,29.05,33.38,33.9,91.5,15.700000000000001,56.800000000000004,100.0,242.5,2896.0,1.36,36.550000000000004,15.02,6.97,36.02,29.05,0.0,237.5,1200.0
21482.386,0.0,140.0,90.5,22.63,16.0,171.0,33.45,151.9,29.11,33.410000000000004,34.1,92.5,15.8,56.7,99.60000000000001,239.0,2893.0,1.4000000000000001,36.65,15.07,7.0200000000000005,35.94,29.02,0.0,245.0,1200.0
21542.386,0.0,140.0,92.80000000000001,22.61,15.98,170.5,33.5,151.1,29.03,33.45,33.85,94.0,15.65,57.5,100.0,238.5,2896.0,1.28,36.75,15.05,6.99,35.980000000000004,29.0,1.0,239.0,1200.0
21602.386,0.0,140.0,91.30000000000001,22.64,16.02,172.0,33.4,151.70000000000002,29.12,33.36,34.0,92.0,15.75,56.800000000000004,100.0,243.0,2899.0,1.54,36.7,14.950000000000001,7.04,35.97,28.94,2.0,241.0,1200.0
21662.386,0.0,140.0,89.80000000000001,22.67,15.94,171.5,33.45,152.9,29.03,33.29,33.75,93.0,15.700000000000001,57.1,100.0,238.5,2896.0,1.51,36.85,15.0,6.97,35.93,28.990000000000002,2.0,239.0,1200.0
21722.385,0.0,140.0,90.9,22.7,16.02,173.0,33.45,151.5,29.07,33.3,33.800000000000004,93.0,15.55,57.7,99.9,241.5,2896.0,1.43,36.7,15.05,6.95,36.03,29.01,1.0,242.5,1200.0
21782.385,0.0,140.0,92.9,22.68,16.02,172.0,33.550000000000004,151.70000000000002,29.0,33.37,33.800000000000004,94.0,15.65,57.6,99.80000000000001,243.0,2891.0,1.3800000000000001,36.7,15.0,7.05,36.03,29.060000000000002,1.0,238.5,1200.0
21842.385,0.0,140.0,91.0,22.66,16.04,172.0,33.45,151.20000000000002,29.05,33.39,33.85,90.5,15.600000000000001,57.0,99.7,242.5,2892.0,1.4000000000000001,36.7,14.92,7.0,36.07,29.04,0.0,239.5,1200.0
21902.385,0.0,140.0,89.60000000000001,22.650000000000002,15.99,172.5,33.4,152.5,29.01,33.230000000000004,33.9,93.0,15.700000000000001,57.400000000000006,99.80000000000001,238.5,2894.0,1.51,36.75,15.040000000000001,7.07,35.95,29.0,0.0,239.5,1200.0
21962.384,0.0,140.0,91.80000000000001,22.7,16.01,171.5,33.4,151.4,28.93,33.29,33.85,95.0,15.9,57.1,99.80000000000001,239.5,2893.0,1.37,36.65,14.99,7.03,36.07,29.0,0.0,236.0,1200.0
22022.384,0.0,140.0,90.0,22.79,16.0,172.0,33.45,152.0,28.94,33.33,33.800000000000004,92.0,15.75,57.6,99.80000000000001,239.5,2888.0,1.34,36.95,15.01,7.11,35.99,29.07,0.0,238.5,1200.0
22082.384,0.0,140.0,92.2,22.63,16.03,173.0,33.300000000000004,151.5,28.88,33.34,33.6,93.5,15.700000000000001,57.7,99.9,238.5,2891.0,1.42,36.75,15.05,6.99,36.03,28.98,0.0,240.5,1200.0
22142.384,0.0,140.0,90.7,22.68,16.11,171.0,33.35,151.9,28.93,33.24,33.9,91.5,15.700000000000001,57.300000000000004,100.0,236.5,2889.0,1.3900000000000001,36.800000000000004,14.98,6.98,36.07,28.97,0.0,236.0,1200.0
22202.383,0.0,140.0,91.4,22.69,16.0,171.5,33.300000000000004,152.70000000000002,28.88,33.19,33.75,92.5,15.700000000000001,58.0,99.7,238.5,2896.0,1.3900000000000001,36.85,15.06,7.08,35.96,28.94,4.0,242.0,1200.0
22262.383,0.0,140.0,91.30000000000001,22.8,16.0,171.0,33.35,152.8,28.72,33.19,33.65,94.5,15.75,57.7,100.0,243.0,2894.0,1.37,36.65,14.97,6.98,35.99,29.09,2.0,238.0,1200.0
22322.383,0.0,140.0,91.9,22.71,16.01,172.5,33.300000000000004,152.5,28.93,33.17,33.85,91.0,15.700000000000001,57.900000000000006,99.9,240.0,2885.0,1.52,36.75,14.950000000000001,7.0200000000000005,35.96,28.97,4.0,242.5,1200.0
22382.383,0.0,140.0,91.0,22.78,15.98,171.5,33.5,151.6,28.89,33.21,33.6,93.5,15.700000000000001,58.1,99.80000000000001,236.0,2887.0,1.42,36.9,14.950000000000001,7.0,36.02,28.92,0.0,239.5,1200.0
22442.382,0.0,140.0,87.5,22.67,16.05,171.0,33.300000000000004,151.5,28.95,33.24,33.7,94.5,15.8,57.800000000000004,100.0,240.0,2887.0,1.36,36.7,15.02,7.04,35.9,29.0,3.0,239.5,1200.0
22502.382,0.0,140.0,91.0,22.68,16.03,172.0,33.300000000000004,150.70000000000002,28.85,33.14,33.7,93.5,15.700000000000001,57.800000000000004,100.0,242.0,2888.0,1.41,36.7,14.93,7.0,36.03,29.16,0.0,244.0,1200.0
22562.382,0.0,140.0,90.80000000000001,22.69,15.98,170.5,33.35,151.6,28.8,33.13,33.75,95.0,15.850000000000001,57.5,99.2,235.0,2886.0,1.3,36.7,15.06,7.0,36.03,29.01,1.0,241.5,1200.0
22622.382,0.0,140.0,91.4,22.67,16.06,172.0,33.4,151.70000000000002,28.84,33.18,33.7,92.0,15.75,58.0,100.0,239.5,2886.0,1.26,36.65,15.02,6.99,35.99,29.02,1.0,235.0,1200.0
22682.382,0.0,140.0,90.2,22.62,16.03,171.5,33.35,151.70000000000002,28.85,33.2,33.75,92.0,15.700000000000001,58.0,100.0,241.5,2882.0,1.26,36.6,15.01,6.93,35.97,28.990000000000002,1.0,237.0,1200.0
22742.381,0.0,140.0,92.0,22.7,16.1,170.0,33.25,151.8,28.87,33.08,33.65,91.0,15.75,57.6,100.0,238.0,2880.0,1.46,36.7,14.950000000000001,6.99,35.95,28.97,0.0,234.0,1200.0
22802.381,0.0,140.0,91.0,22.66,16.01,170.0,33.2,151.70000000000002,28.78,33.14,33.800000000000004,92.5,15.65,57.5,99.80000000000001,233.0,2882.0,1.36,36.65,15.040000000000001,6.98,36.01,28.990000000000002,0.0,239.5,1200.0
22862.381,0.0,140.0,92.30000000000001,22.69,15.92,171.0,33.4,151.3,28.830000000000002,33.06,33.65,92.0,15.75,57.6,100.0,235.5,2880.0,1.6,36.550000000000004,14.97,6.99,36.03,28.96,0.0,235.0,1200.0
22922.381,0.0,140.0,90.80000000000001,22.64,15.96,170.5,33.25,152.20000000000002,28.830000000000002,33.160000000000004,33.7,94.5,15.65,58.300000000000004,100.0,240.0,2881.0,1.43,36.800000000000004,14.96,6.97,36.06,29.01,0.0,235.5,1200.0
22982.38,0.0,140.0,90.9,22.650000000000002,16.03,169.5,33.35,151.70000000000002,28.75,33.07,33.65,90.0,15.700000000000001,57.300000000000004,99.7,238.0,2879.0,1.36,36.7,14.99,7.07,36.01,29.01,1.0,236.0,1200.0
23042.38,0.0,140.0,90.30000000000001,22.6,16.01,171.0,33.25,152.1,28.86,33.1,33.5,92.0,15.65,57.2,100.0,234.5,2883.0,1.26,36.5,15.030000000000001,7.0,35.95,29.02,2.0,236.5,1200.0
23102.38,0.0,140.0,91.30000000000001,22.71,15.99,172.0,33.15,151.20000000000002,28.84,33.12,33.65,93.5,15.65,57.6,99.60000000000001,237.5,2879.0,1.35,36.5,15.01,6.96,35.99,28.990000000000002,0.0,238.0,1200.0
23162.38,0.0,140.0,91.4,22.61,15.96,170.5,33.15,151.4,28.8,33.06,33.550000000000004,91.5,15.75,57.300000000000004,100.0,236.0,2889.0,1.52,36.5,15.0,7.01,36.08,29.01,1.0,238.0,1200.0
23222.379,0.0,140.0,91.7,22.62,16.09,169.5,33.300000000000004,151.20000000000002,28.85,33.21,33.75,92.0,15.850000000000001,57.7,100.0,235.0,2883.0,1.42,36.6,15.02,6.94,35.97,29.01,0.0,241.0,1200.0
23282.379,0.0,140.0,91.7,22.67,16.04,172.5,33.15,150.3,28.88,33.2,33.75,91.0,15.850000000000001,57.300000000000004,99.80000000000001,236.5,2884.0,1.46,36.550000000000004,15.01,7.0200000000000005,36.03,29.11,0.0,242.0,1200.0
23342.379,0.0,140.0,91.2,22.66,16.05,171.0,33.4,152.1,28.93,33.18,33.7,93.5,15.65,57.6,100.0,240.0,2885.0,1.34,36.45,14.94,7.0200000000000005,36.09,29.05,1.0,243.0,1200.0
23402.379,0.0,140.0,92.0,22.650000000000002,15.950000000000001,167.5,33.45,152.5,28.84,33.21,33.65,92.5,15.700000000000001,57.400000000000006,100.0,238.5,2880.0,1.36,36.6,15.040000000000001,6.94,36.050000000000004,29.11,1.0,237.5,1200.0
23462.379,0.0,140.0,90.30000000000001,22.62,15.99,172.0,33.25,150.5,28.94,33.19,33.65,91.0,15.65,58.2,100.0,242.0,2883.0,1.45,36.550000000000004,15.040000000000001,6.97,36.04,28.91,0.0,240.0,1200.0
23522.378,0.0,140.0,91.0,22.62,16.01,172.5,33.4,151.1,28.830000000000002,33.15,33.800000000000004,92.5,15.65,57.7,99.9,237.0,2887.0,1.44,36.550000000000004,15.040000000000001,7.05,35.95,28.97,0.0,232.0,1200.0
23582.378,0.0,140.0,91.10000000000001,22.69,16.03,172.0,33.35,152.20000000000002,28.95,33.2,33.6,93.5,15.600000000000001,57.7,99.80000000000001,237.5,2883.0,1.48,36.7,14.98,7.0200000000000005,36.12,29.060000000000002,0.0,241.5,1200.0
23642.378,0.0,140.0,91.2,22.71,15.96,172.5,33.25,150.5,28.84,33.22,33.7,94.5,15.75,57.7,100.0,234.5,2890.0,1.18,36.550000000000004,15.0,6.97,35.980000000000004,29.0,0.0,240.0,1200.0
23702.378,0.0,140.0,91.2,22.71,15.99,170.5,33.45,153.1,28.91,33.2,33.7,92.0,15.65,58.1,100.0,243.5,2881.0,1.35,36.5,15.01,6.99,36.02,29.02,0.0,238.0,1200.0
23762.377,0.0,140.0,91.0,22.650000000000002,15.99,169.5,33.45,151.70000000000002,28.900000000000002,33.3,33.65,90.0,15.700000000000001,57.400000000000006,99.80000000000001,242.0,2890.0,1.44,36.6,14.98,7.05,36.050000000000004,28.96,2.0,235.0,1200.0
23822.377,0.0,140.0,91.80000000000001,22.64,16.01,171.0,33.25,150.70000000000002,28.85,33.2,33.75,93.0,15.700000000000001,57.400000000000006,100.0,239.0,2884.0,1.27,36.65,15.01,6.97,36.050000000000004,29.05,0.0,242.0,1200.0
23882.377,0.0,140.0,91.4,22.740000000000002,15.97,168.5,33.35,150.3,28.93,33.21,33.65,94.0,15.850000000000001,58.0,100.0,239.5,2887.0,1.37,36.6,15.02,6.93,36.01,28.91,0.0,240.0,1200.0
23942.377,0.0,140.0,90.60000000000001,22.73,16.01,173.0,33.5,150.9,28.91,33.17,33.800000000000004,95.0,15.700000000000001,57.1,99.9,237.5,2892.0,1.36,36.550000000000004,15.05,7.05,36.01,28.91,0.0,240.0,1200.0
24002.377,0.0,140.0,90.7,22.61,15.94,170.0,33.35,151.1,28.900000000000002,33.2,33.85,94.0,15.850000000000001,57.300000000000004,100.0,240.0,2879.0,1.37,36.65,15.0,7.0200000000000005,36.03,29.05,0.0,239.0,1200.0
24062.376,0.0,140.0,90.7,22.61,15.98,169.5,33.25,153.0,28.93,33.17,33.85,92.5,15.75,57.7,99.7,242.0,2887.0,1.42,36.65,14.99,7.08,36.03,28.97,0.0,234.0,1200.0
24122.376,0.0,140.0,90.60000000000001,22.67,16.02,172.0,33.4,150.9,28.84,33.3,33.6,93.5,15.75,57.6,100.0,235.5,2895.0,1.31,36.65,14.99,6.95,36.08,29.01,0.0,235.5,1200.0
24182.376,0.0,140.0,90.9,22.69,15.97,172.5,33.2,152.8,28.87,33.3,33.800000000000004,92.0,15.700000000000001,58.1,100.0,238.5,2893.0,1.41,36.65,15.02,6.97,35.980000000000004,29.03,1.0,241.0,1200.0
24242.376,0.0,140.0,91.9,22.67,15.98,171.0,33.300000000000004,151.6,28.810000000000002,33.19,33.75,94.0,15.5,57.5,99.60000000000001,238.5,2887.0,1.43,36.7,15.11,6.96,36.050000000000004,29.0,0.0,244.5,1200.0
24302.375,0.0,140.0,89.5,22.66,16.02,174.0,33.5,151.0,28.91,33.230000000000004,33.75,94.0,15.850000000000001,57.0,99.80000000000001,242.5,2892.0,1.49,36.6,14.98,7.0,35.96,29.02,2.0,244.0,1200.0
24362.375,0.0,140.0,89.9,22.61,16.02,170.5,33.4,151.20000000000002,28.95,33.28,33.9,92.0,15.9,57.2,99.7,239.5,2884.0,1.36,36.75,15.02,7.07,35.97,29.04,0.0,240.5,1200.0
24422.375,0.0,140.0,90.80000000000001,22.7,15.98,171.0,33.45,152.5,29.0,33.27,33.9,92.5,15.8,57.400000000000006,99.9,241.5,2892.0,1.43,36.65,14.97,6.96,36.11,29.02,0.0,239.5,1200.0
24482.375,0.0,140.0,92.2,22.67,15.99,169.0,33.4,150.70000000000002,28.93,33.230000000000004,33.800000000000004,94.0,15.700000000000001,57.800000000000004,99.9,241.5,2891.0,1.47,36.75,15.0,7.05,35.99,29.02,4.0,236.0,1200.0
24542.375,0.0,140.0,92.60000000000001,22.57,16.05,171.5,33.4,150.9,28.97,33.21,33.9,92.5,15.75,57.0,100.0,242.0,2894.0,1.4000000000000001,36.6,15.030000000000001,6.99,36.050000000000004,29.0,2.0,236.0,1200.0
24602.374,0.0,140.0,90.30000000000001,22.61,16.01,171.5,33.35,152.3,28.92,33.25,33.7,92.5,15.700000000000001,57.300000000000004,100.0,241.5,2895.0,1.34,36.7,15.02,7.0,35.99,29.07,2.0,237.5,1200.0
24662.374,0.0,140.0,91.4,22.650000000000002,15.96,169.5,33.550000000000004,151.8,28.95,33.28,33.800000000000004,93.0,15.700000000000001,57.5,99.80000000000001,238.5,2890.0,1.46,36.7,15.09,6.96,36.04,29.080000000000002,0.0,239.0,1200.0
24722.374,0.0,140.0,91.2,22.64,16.03,171.5,33.45,151.20000000000002,29.04,33.19,33.9,92.0,15.8,57.6,100.0,241.0,2894.0,1.48,36.9,14.99,6.97,36.02,29.080000000000002,1.0,237.0,1200.0
24782.374,0.0,140.0,90.5,22.59,15.96,174.0,33.6,151.4,28.93,33.31,33.7,93.0,15.75,57.400000000000006,99.9,240.0,2895.0,1.35,36.800000000000004,14.99,7.03,35.96,29.09,0.0,238.0,1200.0
24842.374,0.0,140.0,89.60000000000001,22.66,15.96,171.5,33.550000000000004,151.70000000000002,29.060000000000002,33.24,33.75,92.5,15.700000000000001,57.5,99.5,241.0,2891.0,1.51,36.95,15.06,6.96,35.96,29.01,0.0,238.5,1200.0
24902.373,0.0,140.0,90.4,22.66,15.96,172.0,33.4,151.70000000000002,29.05,33.21,33.65,92.5,15.75,57.7,99.7,240.5,2897.0,1.43,36.75,15.040000000000001,7.0,36.04,29.02,1.0,240.5,1200.0
24962.373,0.0,140.0,90.30000000000001,22.61,16.01,171.5,33.45,149.4,28.98,33.27,33.9,94.0,15.8,57.5,100.0,238.0,2896.0,1.34,36.7,15.06,6.97,36.01,29.01,0.0,239.0,1200.0
25022.373,0.0,140.0,91.10000000000001,22.68,16.05,171.0,33.6,149.5,28.94,33.3,33.9,93.0,15.75,57.1,100.0,241.5,2892.0,1.35,36.800000000000004,15.01,6.96,36.1,28.990000000000002,1.0,242.5,1200.0
25082.373,0.0,140.0,91.4,22.71,15.97,171.0,33.4,150.3,28.990000000000002,33.25,33.75,91.5,15.75,57.5,100.0,238.0,2892.0,1.48,36.800000000000004,15.01,7.0200000000000005,36.04,29.09,0.0,239.5,1200.0
25142.372,0.0,140.0,89.4,22.76,16.01,171.5,33.35,152.20000000000002,29.0,33.35,33.85,91.5,15.600000000000001,57.6,99.5,239.5,2894.0,1.5,36.7,15.07,7.0,36.01,29.09,1.0,242.0,1200.0
25202.372,0.0,140.0,93.7,22.68,16.0,172.5,33.5,151.0,28.91,33.38,33.95,91.0,15.75,57.2,100.0,236.0,2898.0,1.33,36.6,15.01,6.99,35.97,29.11,3.0,237.5,1200.0
25262.372,0.0,140.0,90.80000000000001,22.61,15.99,171.5,33.45,150.9,29.03,33.21,33.85,94.0,15.75,57.800000000000004,99.80000000000001,240.5,2894.0,1.37,36.75,15.1,7.0,36.09,28.98,2.0,242.0,1200.0
25322.372,0.0,140.0,91.80000000000001,22.72,16.05,172.5,33.35,152.3,28.95,33.28,33.65,93.0,15.700000000000001,57.300000000000004,100.0,241.5,2900.0,1.31,36.95,15.01,7.01,35.95,28.990000000000002,0.0,243.5,1200.0
25382.372,0.0,140.0,90.10000000000001,22.72,16.05,174.0,33.6,151.5,28.93,33.28,33.85,93.5,15.75,57.1,100.0,241.5,2898.0,1.43,36.9,15.0,7.07,35.93,28.990000000000002,0.0,238.0,1200.0
25442.371,0.0,140.0,93.60000000000001,22.7,15.98,171.5,33.550000000000004,149.4,28.92,33.36,33.800000000000004,93.5,15.75,57.7,99.4,240.0,2897.0,1.31,36.800000000000004,14.97,6.97,36.01,29.05,2.0,239.5,1200.0
25502.371,0.0,140.0,90.9,22.75,16.02,171.0,33.300000000000004,152.1,28.95,33.33,33.9,92.5,15.700000000000001,57.6,99.7,239.5,2898.0,1.4000000000000001,36.65,14.98,7.0200000000000005,35.94,28.93,0.0,242.0,1200.0
25562.371,0.0,140.0,91.2,22.72,16.03,170.5,33.25,150.9,28.98,33.32,33.75,92.5,15.700000000000001,57.7,100.0,240.5,2897.0,1.47,36.75,15.01,7.0200000000000005,36.0,28.92,0.0,240.5,1200.0
25622.371,0.0,140.0,90.60000000000001,22.740000000000002,16.01,171.0,33.35,150.20000000000002,29.02,33.31,33.85,91.5,15.850000000000001,57.5,100.0,240.5,2897.0,1.32,36.75,14.99,6.95,35.95,29.04,0.0,242.0,1200.0
25682.371,0.0,140.0,91.80000000000001,22.79,15.91,172.0,33.45,152.6,29.02,33.35,33.65,93.5,15.700000000000001,57.2,99.60000000000001,242.5,2892.0,1.3900000000000001,36.9,14.93,7.01,36.03,29.0,0.0,240.0,1200.0
25742.37,0.0,140.0,91.2,22.67,16.04,172.5,33.5,153.0,29.0,33.230000000000004,33.85,91.5,15.75,57.7,100.0,239.0,2894.0,1.49,36.75,15.0,6.94,35.980000000000004,28.95,0.0,242.5,1200.0
25802.37,0.0,140.0,89.80000000000001,22.650000000000002,16.0,172.5,33.45,151.3,28.82,33.21,33.800000000000004,92.0,15.700000000000001,57.300000000000004,100.0,246.0,2895.0,1.55,36.7,14.98,7.01,36.01,29.02,0.0,239.0,1200.0
25862.37,0.0,140.0,90.9,22.740000000000002,16.03,172.5,33.4,151.5,28.900000000000002,33.22,33.800000000000004,93.0,15.75,57.300000000000004,100.0,242.0,2894.0,1.33,36.9,15.01,6.98,35.96,28.98,1.0,247.0,1200.0
25922.37,0.0,140.0,91.80000000000001,22.71,16.04,171.5,33.35,150.1,28.92,33.24,33.7,92.5,15.75,58.1,100.0,239.0,2887.0,1.35,36.85,15.01,7.03,36.0,28.91,0.0,241.5,1200.0
25982.37,0.0,140.0,90.5,22.66,16.01,170.5,33.35,151.9,28.85,33.18,33.800000000000004,93.0,15.8,57.7,99.80000000000001,240.0,2895.0,1.31,36.75,15.0,6.9,35.93,29.0,0.0,237.0,1200.0
26042.369,0.0,140.0,90.5,22.79,16.02,172.0,33.2,151.3,28.79,33.19,33.75,92.0,15.600000000000001,57.1,100.0,236.5,2889.0,1.33,36.7,15.040000000000001,7.07,35.88,28.990000000000002,0.0,238.0,1200.0
26102.369,0.0,140.0,91.2,22.72,16.1,170.5,33.5,151.4,28.84,33.27,33.75,92.0,15.700000000000001,58.2,100.0,236.5,2885.0,1.54,36.85,15.030000000000001,6.98,36.07,29.05,0.0,243.0,1200.0
26162.369,0.0,140.0,89.0,22.76,15.96,170.5,33.35,152.20000000000002,28.87,33.230000000000004,33.800000000000004,91.0,15.8,58.300000000000004,100.0,240.0,2889.0,1.44,36.6,15.040000000000001,7.0200000000000005,35.93,29.07,1.0,242.5,1200.0
26222.369,0.0,140.0,90.5,22.67,16.03,171.5,33.4,152.0,28.830000000000002,33.13,33.6,92.0,15.65,58.2,99.30000000000001,238.0,2889.0,1.36,36.75,14.98,7.0200000000000005,36.1,28.990000000000002,0.0,239.0,1200.0
26282.369,0.0,140.0,89.5,22.71,15.91,171.0,33.300000000000004,151.9,28.92,33.13,33.800000000000004,92.0,15.850000000000001,57.300000000000004,100.0,237.5,2884.0,1.46,36.7,15.030000000000001,7.03,36.04,29.060000000000002,0.0,240.5,1200.0
26342.368,0.0,140.0,92.0,22.69,15.950000000000001,169.5,33.45,151.4,28.76,33.18,33.7,92.0,15.700000000000001,57.7,100.0,237.0,2890.0,1.52,36.7,15.030000000000001,7.05,35.93,29.04,2.0,238.5,1200.0
26402.368,0.0,140.0,90.2,22.62,16.0,173.0,33.2,152.0,28.8,33.17,33.75,92.0,15.600000000000001,58.7,100.0,236.5,2884.0,1.31,36.6,14.99,7.01,35.95,29.02,0.0,242.0,1200.0
26462.368,0.0,140.0,90.2,22.67,15.950000000000001,171.0,33.25,151.5,28.84,33.12,33.550000000000004,90.0,15.850000000000001,57.900000000000006,100.0,238.5,2886.0,1.24,36.550000000000004,14.97,7.0,36.0,29.12,2.0,240.5,1200.0
26522.368,0.0,140.0,90.9,22.69,16.01,168.5,33.2,150.5,28.77,33.13,33.65,92.0,15.65,58.0,99.80000000000001,236.0,2883.0,1.41,36.65,15.01,6.96,35.86,28.93,0.0,240.0,1200.0
26582.368,0.0,140.0,91.30000000000001,22.6,15.98,170.5,33.25,151.3,28.79,33.14,33.65,93.5,15.65,57.5,100.0,238.0,2880.0,1.24,36.7,14.94,7.04,36.06,29.01,2.0,239.5,1200.0
26642.367,0.0,140.0,91.4,22.73,16.01,170.0,33.25,152.5,28.84,33.06,33.7,91.5,15.75,58.0,99.9,235.0,2883.0,1.37,36.6,14.98,7.01,36.0,28.990000000000002,1.0,235.0,1200.0
26702.367,0.0,140.0,91.0,22.69,16.07,170.5,33.300000000000004,150.0,28.71,33.1,33.550000000000004,93.0,15.700000000000001,58.2,100.0,238.0,2877.0,1.34,36.75,15.0,6.97,35.97,28.98,0.0,236.5,1200.0
26762.367,0.0,140.0,89.60000000000001,22.7,16.0,168.0,33.15,151.20000000000002,28.71,33.03,33.550000000000004,91.5,15.75,57.800000000000004,100.0,235.5,2884.0,1.43,36.75,15.02,6.97,35.97,29.03,0.0,232.0,1200.0
26822.367,0.0,140.0,91.4,22.68,15.93,169.0,33.25,151.3,28.69,33.05,33.65,94.5,15.850000000000001,57.800000000000004,100.0,240.5,2881.0,1.5,36.75,15.01,7.0200000000000005,36.04,29.13,0.0,236.5,1200.0
26882.367,0.0,140.0,91.80000000000001,22.740000000000002,15.99,172.0,33.15,149.9,28.76,33.0,33.5,91.5,15.75,58.6,99.9,234.5,2881.0,1.49,36.45,15.030000000000001,6.96,35.99,28.990000000000002,0.0,238.5,1200.0
26942.366,0.0,140.0,91.4,22.68,16.01,171.0,33.2,149.3,28.77,33.08,33.5,92.5,15.75,57.400000000000006,100.0,240.5,2874.0,1.36,36.550000000000004,14.99,6.95,35.980000000000004,28.900000000000002,1.0,235.0,1200.0
27002.366,0.0,140.0,90.4,22.73,15.99,169.5,33.2,152.1,28.69,33.04,33.6,94.0,15.65,57.7,99.60000000000001,237.5,2879.0,1.37,36.65,15.01,7.07,36.0,29.11,1.0,235.0,1200.0
27062.366,0.0,140.0,90.60000000000001,22.650000000000002,15.97,170.5,33.2,151.1,28.72,33.05,33.65,95.0,15.75,57.7,100.0,238.0,2879.0,1.33,36.5,15.120000000000001,7.0200000000000005,36.01,28.98,0.0,235.0,1200.0
27122.366,0.0,140.0,93.2,22.61,15.97,170.5,33.25,150.4,28.73,33.13,33.7,92.5,15.8,58.2,100.0,239.0,2877.0,1.56,36.5,14.96,6.96,35.93,28.82,0.0,234.0,1200.0
27182.366,0.0,140.0,92.60000000000001,22.72,15.98,172.0,33.25,151.20000000000002,28.77,33.12,33.6,93.0,15.65,57.800000000000004,100.0,237.0,2882.0,1.29,36.5,15.0,6.99,35.9,28.96,0.0,237.0,1200.0
27242.365,0.0,140.0,90.9,22.66,15.98,171.0,33.25,151.70000000000002,28.7,33.03,33.7,93.5,15.8,57.900000000000006,99.9,236.0,2874.0,1.32,36.6,15.06,6.94,35.980000000000004,28.990000000000002,1.0,233.0,1200.0
27302.365,0.0,140.0,92.4,22.68,16.02,170.5,33.15,150.0,28.84,33.02,33.65,92.5,15.75,58.0,100.0,240.0,2882.0,1.46,36.45,14.950000000000001,7.01,36.0,29.03,1.0,237.0,1200.0
27362.365,0.0,140.0,91.80000000000001,22.69,15.98,169.5,33.2,149.3,28.740000000000002,33.05,33.6,91.0,15.55,58.0,100.0,235.0,2880.0,1.34,36.45,15.030000000000001,7.0200000000000005,35.99,28.97,1.0,236.0,1200.0
27422.365,0.0,140.0,92.30000000000001,22.740000000000002,16.05,173.0,33.15,151.8,28.72,33.06,33.65,93.0,15.850000000000001,57.400000000000006,100.0,240.5,2886.0,1.32,36.550000000000004,15.11,7.0200000000000005,35.910000000000004,28.86,0.0,236.5,1200.0
27482.365,0.0,140.0,89.4,22.66,16.0,169.5,33.300000000000004,150.9,28.8,33.0,33.75,91.0,15.700000000000001,57.7,99.9,238.0,2885.0,1.35,36.550000000000004,14.93,6.99,35.980000000000004,29.04,0.0,236.0,1200.0
27542.364,0.0,140.0,91.5,22.66,15.91,171.5,33.300000000000004,150.8,28.86,33.15,33.75,90.5,15.700000000000001,57.5,100.0,236.5,2888.0,1.25,36.45,15.01,6.95,36.0,28.990000000000002,0.0,235.5,1200.0
27602.364,0.0,140.0,91.9,22.66,15.97,171.5,33.25,152.9,28.73,33.14,33.550000000000004,93.0,15.700000000000001,58.1,100.0,240.0,2886.0,1.1300000000000001,36.6,15.02,7.01,35.96,28.89,0.0,238.5,1200.0
27662.364,0.0,140.0,89.60000000000001,22.650000000000002,16.02,173.5,33.25,151.0,28.8,33.13,33.9,92.5,15.700000000000001,58.400000000000006,99.7,238.0,2884.0,1.27,36.550000000000004,14.98,7.01,36.06,28.98,0.0,241.0,1200.0
27722.364,0.0,140.0,89.60000000000001,22.67,16.04,171.5,33.45,149.8,28.77,33.14,33.75,90.5,15.600000000000001,57.400000000000006,100.0,239.0,2887.0,1.3900000000000001,36.5,15.01,6.95,36.03,29.04,0.0,239.5,1200.0
27782.364,0.0,140.0,91.2,22.71,16.01,172.0,33.300000000000004,150.1,28.91,33.18,33.800000000000004,93.0,15.700000000000001,58.1,100.0,240.0,2889.0,1.26,36.65,15.01,7.01,36.07,29.05,0.0,239.0,1200.0
27842.363,0.0,140.0,90.7,22.650000000000002,16.04,169.5,33.25,151.8,28.78,33.12,33.7,92.5,15.850000000000001,57.6,100.0,239.0,2893.0,1.41,36.6,15.030000000000001,6.96,36.050000000000004,28.97,0.0,243.0,1200.0
27902.363,0.0,140.0,91.80000000000001,22.7,15.98,169.0,33.300000000000004,150.9,28.84,33.21,33.550000000000004,90.5,15.700000000000001,58.1,100.0,240.5,2888.0,1.47,36.550000000000004,14.96,7.01,35.910000000000004,28.900000000000002,0.0,238.0,1200.0
27962.363,0.0,140.0,89.2,22.7,15.97,170.0,33.25,151.0,28.85,33.160000000000004,33.65,92.0,15.700000000000001,57.7,100.0,235.0,2890.0,1.33,36.65,15.0,7.0,35.99,29.04,0.0,235.5,1200.0
28022.363,0.0,140.0,90.80000000000001,22.64,15.94,172.5,33.4,150.9,28.84,33.17,33.95,90.5,15.700000000000001,57.400000000000006,100.0,238.0,2888.0,1.47,36.7,15.0,7.08,35.95,29.05,0.0,236.5,1200.0
28082.363,0.0,140.0,91.5,22.66,16.04,169.5,33.300000000000004,150.8,28.87,33.230000000000004,33.85,91.5,15.75,58.2,100.0,236.0,2892.0,1.49,36.6,14.97,6.98,36.18,28.990000000000002,3.0,239.0,1200.0
28142.363,0.0,140.0,90.60000000000001,22.61,16.02,171.5,33.300000000000004,150.5,28.87,33.27,33.6,93.5,15.65,57.900000000000006,99.9,238.5,2892.0,1.37,36.550000000000004,15.01,6.97,36.06,28.96,0.0,236.5,1200.0
28202.362,0.0,140.0,90.7,22.69,15.99,169.5,33.35,150.5,28.88,33.17,33.6,93.0,15.700000000000001,58.300000000000004,100.0,240.0,2891.0,1.52,36.6,15.05,6.96,35.94,28.96,2.0,242.0,1200.0
28262.362,0.0,140.0,90.5,22.7,15.96,171.5,33.4,151.8,28.91,33.15,33.7,94.5,15.700000000000001,57.800000000000004,100.0,240.5,2888.0,1.32,36.6,15.01,7.03,36.03,29.03,0.0,241.5,1200.0
28322.362,0.0,140.0,91.80000000000001,22.61,16.04,171.0,33.25,150.6,28.94,33.25,33.9,93.0,15.65,57.300000000000004,99.5,240.5,2890.0,1.36,36.6,14.97,7.0600000000000005,35.97,28.990000000000002,1.0,242.5,1200.0
28382.362,0.0,140.0,90.60000000000001,22.66,15.97,170.0,33.4,152.0,28.97,33.3,33.75,92.0,15.700000000000001,57.1,100.0,245.5,2891.0,1.48,36.7,14.97,6.98,35.97,29.01,3.0,239.5,1200.0
28442.362,0.0,140.0,90.30000000000001,22.64,15.92,172.0,33.35,150.5,29.03,33.27,33.75,92.5,15.75,57.5,100.0,237.0,2888.0,1.3900000000000001,36.7,14.98,7.01,35.97,28.95,1.0,240.5,1200.0
28502.361,0.0,140.0,90.9,22.78,15.93,172.5,33.4,149.70000000000002,28.92,33.27,33.75,93.0,15.850000000000001,57.900000000000006,99.9,245.0,2893.0,1.46,36.6,14.96,7.0600000000000005,35.99,28.990000000000002,0.0,244.5,1200.0
28562.361,0.0,140.0,91.30000000000001,22.67,15.97,170.5,33.35,150.5,28.92,33.25,33.85,92.5,15.75,57.6,99.9,236.5,2893.0,1.36,36.7,15.05,7.0,35.92,28.98,0.0,244.0,1200.0
28622.361,0.0,140.0,90.7,22.62,16.04,173.0,33.35,152.1,28.900000000000002,33.33,33.85,92.5,15.700000000000001,57.5,100.0,240.0,2894.0,1.32,36.85,14.98,7.01,35.980000000000004,29.04,0.0,241.5,1200.0
28682.361,0.0,140.0,89.9,22.69,16.0,172.5,33.4,150.3,29.01,33.26,33.95,92.0,15.8,58.0,100.0,241.5,2895.0,1.2,36.550000000000004,15.05,6.96,35.88,28.96,2.0,239.0,1200.0
28742.361,0.0,140.0,89.80000000000001,22.76,16.0,174.0,33.45,151.3,28.95,33.34,34.0,92.0,15.65,57.900000000000006,99.7,241.0,2897.0,1.32,36.6,14.89,7.07,36.0,28.95,0.0,241.0,1200.0
28802.361,0.0,140.0,91.2,22.71,16.0,172.0,33.45,149.6,28.990000000000002,33.36,33.85,92.5,15.700000000000001,57.300000000000004,100.0,237.0,2897.0,1.3800000000000001,36.75,15.0,7.0600000000000005,36.02,29.02,0.0,244.0,1200.0
28862.36,0.0,140.0,91.7,22.7,15.93,171.5,33.5,150.3,28.95,33.32,33.9,92.0,15.75,57.7,100.0,240.0,2901.0,1.42,36.85,14.97,6.97,36.1,29.04,0.0,245.5,1200.0
28922.36,0.0,140.0,91.7,22.7,15.98,171.5,33.4,153.4,29.01,33.38,33.85,92.0,15.600000000000001,57.400000000000006,100.0,241.5,2900.0,1.57,36.75,14.98,6.96,36.02,29.02,0.0,242.0,1200.0
28982.36,0.0,140.0,91.9,22.72,16.02,172.5,33.4,153.5,29.060000000000002,33.43,33.75,92.0,15.700000000000001,58.5,99.9,244.0,2897.0,1.37,36.7,15.040000000000001,7.01,35.980000000000004,29.05,0.0,242.5,1200.0
29042.36,0.0,140.0,91.30000000000001,22.73,16.01,169.5,33.550000000000004,151.6,29.01,33.31,33.85,91.5,15.75,57.300000000000004,100.0,239.5,2895.0,1.34,36.65,15.01,6.95,36.02,28.98,0.0,243.0,1200.0
29102.36,0.0,140.0,90.4,22.73,16.02,171.5,33.5,151.3,29.03,33.4,33.85,92.0,15.65,58.0,99.80000000000001,245.0,2900.0,1.59,36.7,15.0,7.01,36.06,28.990000000000002,1.0,243.5,1200.0
29162.359,0.0,140.0,88.9,22.72,16.01,171.5,33.300000000000004,150.70000000000002,29.04,33.3,33.95,94.0,15.8,57.800000000000004,99.80000000000001,241.0,2898.0,1.33,36.800000000000004,15.02,6.99,35.88,28.97,0.0,244.5,1200.0
29222.359,0.0,140.0,90.2,22.71,16.02,174.0,33.45,152.5,28.97,33.4,33.95,92.0,15.65,57.2,100.0,235.5,2899.0,1.29,36.75,14.96,7.0,35.99,29.02,0.0,242.0,1200.0
29282.359,0.0,140.0,90.2,22.66,16.01,170.5,33.4,152.5,29.02,33.34,33.800000000000004,93.0,15.700000000000001,57.7,99.5,241.5,2895.0,1.53,36.7,15.02,6.91,36.050000000000004,29.05,0.0,241.5,1200.0
29342.359,0.0,140.0,90.30000000000001,22.66,15.97,172.5,33.550000000000004,151.9,29.03,33.28,33.9,90.5,15.8,57.800000000000004,100.0,242.5,2896.0,1.18,36.75,15.01,6.94,35.99,29.02,1.0,246.5,1200.0
29402.359,0.0,140.0,89.7,22.72,16.05,169.5,33.5,150.9,28.91,33.3,33.9,94.0,15.850000000000001,57.5,100.0,238.0,2898.0,1.48,36.7,14.96,7.04,35.99,28.990000000000002,0.0,238.5,1200.0
29462.359,0.0,140.0,90.10000000000001,22.7,15.89,171.0,33.45,151.1,28.98,33.29,34.0,94.5,15.850000000000001,58.0,100.0,238.5,2896.0,1.46,36.65,15.0,6.96,35.89,28.95,0.0,245.0,1200.0
29522.358,0.0,140.0,90.30000000000001,22.6,16.01,172.0,33.300000000000004,153.70000000000002,28.94,33.38,33.85,91.0,15.700000000000001,57.900000000000006,99.60000000000001,239.0,2896.0,1.27,36.800000000000004,14.97,7.08,36.06,29.04,0.0,240.0,1200.0
29582.358,0.0,140.0,90.4,22.71,16.1,170.0,33.550000000000004,151.0,28.97,33.36,33.800000000000004,92.5,15.8,57.5,99.9,243.0,2900.0,1.4000000000000001,36.7,14.97,6.94,35.94,28.97,0.0,246.5,1200.0
29642.358,0.0,140.0,89.10000000000001,22.64,16.0,173.0,33.45,153.1,28.97,33.25,33.75,92.5,15.65,57.0,100.0,244.5,2900.0,1.46,36.7,15.0,6.91,35.96,28.96,1.0,242.5,1200.0
29702.358,0.0,140.0,91.9,22.67,16.01,173.5,33.45,151.20000000000002,28.93,33.35,33.85,92.5,15.700000000000001,57.0,99.7,241.5,2893.0,1.26,36.85,15.0,6.98,35.92,28.93,0.0,245.0,1200.0
29762.358,0.0,140.0,91.30000000000001,22.72,16.02,172.5,33.6,153.0,28.900000000000002,33.28,33.75,94.5,15.75,57.300000000000004,100.0,242.0,2899.0,1.42,36.800000000000004,15.0,7.03,36.0,29.02,0.0,244.0,1200.0
29822.357,0.0,140.0,89.10000000000001,22.64,15.96,171.0,33.45,149.9,29.080000000000002,33.3,33.85,94.5,15.8,57.800000000000004,99.2,238.5,2887.0,1.28,36.9,14.950000000000001,7.01,35.9,28.98,0.0,238.5,1200.0
29882.357,0.0,140.0,90.0,22.63,15.98,173.0,33.35,152.4,28.990000000000002,33.19,33.85,92.5,15.75,57.300000000000004,100.0,237.0,2894.0,1.37,36.85,14.99,7.03,36.03,28.97,4.0,243.5,1200.0
29942.357,0.0,140.0,89.10000000000001,22.64,15.950000000000001,171.0,33.45,152.4,29.05,33.24,33.85,93.5,15.600000000000001,57.5,99.30000000000001,245.0,2895.0,1.3800000000000001,36.6,14.94,7.0,35.97,28.85,0.0,240.5,1200.0
30002.357,0.0,140.0,89.80000000000001,22.64,15.96,171.5,33.4,151.5,28.98,33.35,33.85,92.0,15.850000000000001,58.1,100.0,239.0,2890.0,1.46,36.800000000000004,15.05,7.07,36.06,28.96,0.0,236.0,1200.0
30062.357,0.0,140.0,90.9,22.62,16.03,172.5,33.4,151.0,28.95,33.26,33.85,93.5,15.700000000000001,57.1,99.9,232.0,2889.0,1.25,36.75,15.0,6.96,36.04,28.96,0.0,238.5,1200.0
30122.357,0.0,140.0,91.5,22.68,16.01,169.0,33.35,152.5,28.98,33.3,33.7,92.5,15.75,57.6,99.5,239.0,2897.0,1.41,36.6,14.9,7.01,36.050000000000004,28.98,0.0,237.5,1200.0
30182.356,0.0,140.0,92.30000000000001,22.69,15.97,171.5,33.45,151.1,28.95,33.22,33.85,95.0,15.55,57.2,100.0,237.0,2897.0,1.33,36.800000000000004,15.040000000000001,6.99,35.97,29.02,0.0,238.5,1200.0
30242.356,0.0,140.0,91.0,22.59,16.0,171.0,33.45,151.1,28.96,33.230000000000004,33.85,92.0,15.700000000000001,57.400000000000006,99.9,239.5,2892.0,1.42,36.800000000000004,15.05,7.04,35.99,28.97,0.0,239.5,1200.0
30302.356,0.0,140.0,93.10000000000001,22.67,15.97,171.5,33.45,150.9,29.02,33.36,33.800000000000004,94.0,15.850000000000001,57.400000000000006,100.0,241.0,2892.0,1.49,36.75,15.01,7.03,35.92,28.89,0.0,245.5,1200.0
30362.356,0.0,140.0,90.5,22.66,15.99,169.0,33.5,151.3,29.0,33.27,33.85,93.0,15.700000000000001,57.2,100.0,238.5,2895.0,1.45,36.800000000000004,15.040000000000001,7.05,36.03,29.0,2.0,241.0,1200.0
30422.356,0.0,140.0,91.5,22.67,15.98,171.5,33.4,151.4,28.88,33.28,33.800000000000004,93.0,15.700000000000001,57.6,99.80000000000001,239.0,2895.0,1.34,36.75,14.99,7.0,35.94,28.94,0.0,240.0,1200.0
30482.356,0.0,140.0,91.30000000000001,22.69,16.05,170.0,33.4,150.70000000000002,28.97,33.33,33.75,91.5,15.75,57.800000000000004,99.80000000000001,237.5,2895.0,1.48,36.800000000000004,14.97,6.96,36.07,29.11,0.0,236.5,1200.0
30542.355,0.0,140.0,90.0,22.75,15.98,172.5,33.6,150.20000000000002,29.04,33.2,33.9,91.5,15.600000000000001,57.2,100.0,243.5,2893.0,1.36,36.65,15.030000000000001,6.95,36.01,29.0,2.0,234.5,1200.0
30602.355,0.0,140.0,90.30000000000001,22.73,15.96,171.0,33.300000000000004,152.0,28.990000000000002,33.32,33.85,91.0,15.600000000000001,58.2,99.7,240.5,2894.0,1.46,36.75,15.0,7.0200000000000005,35.95,29.05,1.0,239.0,1200.0
30662.355,0.0,140.0,91.2,22.7,16.01,172.5,33.35,152.8,28.990000000000002,33.230000000000004,33.85,93.0,15.75,57.7,100.0,237.5,2896.0,1.34,36.7,14.99,6.92,36.050000000000004,28.95,1.0,239.0,1200.0
30722.355,0.0,140.0,89.2,22.7,16.0,171.0,33.5,151.0,28.95,33.24,33.9,92.5,15.8,57.300000000000004,99.7,239.5,2898.0,1.47,36.800000000000004,14.98,6.93,36.01,29.04,0.0,242.5,1200.0
30782.355,0.0,140.0,92.5,22.67,16.0,172.5,33.5,153.4,28.94,33.32,33.75,91.0,15.700000000000001,57.5,99.9,242.5,2898.0,1.37,36.7,14.94,7.05,35.9,28.88,0.0,240.5,1200.0
30842.355,0.0,140.0,92.10000000000001,22.740000000000002,15.950000000000001,169.0,33.4,150.3,29.1,33.25,33.800000000000004,92.5,15.65,58.1,99.9,238.0,2895.0,1.52,36.800000000000004,15.02,6.99,36.02,28.88,0.0,246.0,1200.0
30902.354,0.0,140.0,92.2,22.7,15.94,173.5,33.6,151.9,29.05,33.4,33.9,93.5,15.55,57.1,99.80000000000001,236.0,2898.0,1.43,36.65,14.96,7.07,36.04,29.02,2.0,240.5,1200.0
30962.354,0.0,140.0,89.60000000000001,22.66,15.93,172.0,33.4,152.3,29.0,33.22,33.85,91.0,15.600000000000001,57.300000000000004,99.7,241.5,2892.0,1.33,36.75,14.98,7.01,35.99,29.04,1.0,241.5,1200.0
31022.354,0.0,140.0,92.10000000000001,22.77,16.02,174.0,33.5,152.1,28.95,33.34,33.800000000000004,91.0,15.700000000000001,57.400000000000006,99.9,242.0,2892.0,1.3900000000000001,36.85,14.97,7.05,35.92,29.04,2.0,244.5,1200.0
31082.354,0.0,140.0,90.60000000000001,22.73,16.07,172.0,33.4,150.70000000000002,28.990000000000002,33.36,33.75,91.5,15.55,57.800000000000004,99.80000000000001,243.5,2895.0,1.36,36.85,15.02,7.01,36.13,29.060000000000002,2.0,238.0,1200.0
31142.354,0.0,140.0,90.5,22.77,15.97,171.0,33.5,150.70000000000002,28.990000000000002,33.27,33.75,90.5,15.75,57.400000000000006,99.9,239.5,2896.0,1.36,36.9,15.07,7.01,36.06,28.95,0.0,243.0,1200.0
31202.354,0.0,140.0,90.7,22.71,15.96,171.0,33.300000000000004,151.3,28.93,33.32,33.800000000000004,91.5,15.8,57.5,100.0,237.5,2899.0,1.45,36.7,15.0,6.97,35.96,28.97,1.0,237.5,1200.0
31262.353,0.0,140.0,91.60000000000001,22.72,15.94,170.5,33.550000000000004,149.6,28.94,33.33,33.9,95.5,15.700000000000001,57.5,100.0,244.5,2899.0,1.36,36.85,15.01,7.0,36.01,28.96,2.0,240.0,1200.0
31322.353,0.0,140.0,90.30000000000001,22.67,15.97,172.5,33.4,151.8,29.0,33.33,33.85,94.0,15.600000000000001,57.5,99.60000000000001,240.5,2896.0,1.27,36.65,15.040000000000001,6.97,36.0,28.98,0.0,241.5,1200.0
31382.353,0.0,140.0,90.4,22.71,15.98,170.5,33.550000000000004,150.20000000000002,28.990000000000002,33.27,33.85,93.0,15.8,57.5,99.7,244.0,2904.0,1.51,36.75,15.05,6.94,36.02,29.07,1.0,240.5,1200.0
31442.353,0.0,140.0,90.10000000000001,22.69,16.01,172.0,33.550000000000004,152.0,29.080000000000002,33.36,34.0,90.0,15.700000000000001,57.6,99.9,245.5,2898.0,1.3900000000000001,36.9,15.030000000000001,6.98,35.95,29.07,1.0,243.5,1200.0
31502.353,0.0,140.0,90.60000000000001,22.66,15.98,172.5,33.6,151.4,29.1,33.39,33.9,89.5,15.75,57.6,99.7,240.5,2903.0,1.21,36.75,14.98,7.0200000000000005,36.07,28.92,3.0,243.0,1200.0
31562.353,0.0,140.0,91.30000000000001,22.69,16.01,171.0,33.45,151.20000000000002,29.05,33.4,34.0,92.0,15.700000000000001,56.900000000000006,100.0,243.0,2896.0,1.33,36.75,15.01,6.99,35.92,28.93,2.0,243.0,1200.0
31622.352,0.0,140.0,90.60000000000001,22.63,16.02,172.0,33.5,151.0,29.080000000000002,33.42,33.800000000000004,92.0,15.600000000000001,58.0,100.0,243.0,2898.0,1.46,36.9,15.05,7.03,35.97,28.990000000000002,1.0,240.0,1200.0
31682.352,0.0,140.0,91.9,22.64,16.02,173.0,33.5,150.3,29.1,33.480000000000004,33.85,92.5,15.850000000000001,57.300000000000004,99.60000000000001,245.0,2906.0,1.45,36.75,15.05,7.03,35.96,28.93,0.0,244.0,1200.0
31742.352,0.0,140.0,90.30000000000001,22.62,15.98,171.5,33.550000000000004,152.70000000000002,29.13,33.4,33.85,92.5,15.75,57.1,99.60000000000001,240.5,2905.0,1.44,36.7,15.06,7.0200000000000005,35.980000000000004,29.01,0.0,242.5,1200.0
31802.352,0.0,140.0,91.80000000000001,22.68,15.96,174.5,33.6,151.6,29.2,33.39,34.0,93.5,15.65,57.400000000000006,100.0,243.0,2904.0,1.3800000000000001,36.85,15.0,7.01,35.980000000000004,29.0,0.0,241.5,1200.0
31862.352,0.0,140.0,90.60000000000001,22.61,16.01,173.5,33.45,150.9,29.13,33.4,33.85,93.0,15.75,57.0,99.5,244.5,2905.0,1.33,36.800000000000004,14.98,7.04,36.050000000000004,29.0,1.0,245.0,1200.0
31922.352,0.0,140.0,90.9,22.64,16.02,171.0,33.6,150.70000000000002,29.05,33.4,34.0,95.5,15.75,56.900000000000006,99.7,245.5,2907.0,1.58,36.85,14.92,6.98,35.95,28.97,0.0,240.0,1200.0
31982.351,0.0,140.0,88.7,22.59,16.0,173.5,33.6,152.20000000000002,29.1,33.52,33.95,90.0,15.75,56.900000000000006,100.0,243.5,2899.0,1.6600000000000001,36.95,15.02,6.95,35.99,29.080000000000002,0.0,243.0,1200.0
32042.351,0.0,140.0,90.4,22.68,16.06,173.5,33.6,150.0,29.23,33.49,33.85,92.0,15.700000000000001,57.5,100.0,242.5,2904.0,1.46,36.75,15.040000000000001,6.94,35.99,29.1,0.0,240.5,1200.0
32102.351,0.0,140.0,92.10000000000001,22.62,16.03,174.0,33.550000000000004,151.6,29.19,33.45,33.9,91.0,15.75,57.6,100.0,239.5,2906.0,1.3800000000000001,36.800000000000004,14.97,7.03,35.95,29.0,1.0,240.5,1200.0
32162.351,0.0,140.0,91.2,22.650000000000002,15.97,170.5,33.7,151.0,29.11,33.45,33.9,92.0,15.8,57.300000000000004,100.0,241.0,2908.0,1.3900000000000001,36.800000000000004,14.96,7.01,36.050000000000004,29.03,0.0,244.0,1200.0
32222.351,0.0,140.0,90.2,22.66,16.04,173.0,33.4,151.6,29.19,33.480000000000004,34.0,93.5,15.850000000000001,57.300000000000004,99.7,243.0,2907.0,1.47,36.85,14.99,7.0,36.03,28.990000000000002,0.0,243.0,1200.0
32282.351,0.0,140.0,90.60000000000001,22.73,15.93,173.0,33.7,151.4,29.2,33.47,34.050000000000004,94.5,15.8,57.6,100.0,248.0,2907.0,1.3800000000000001,36.9,14.950000000000001,6.95,36.01,28.990000000000002,0.0,243.0,1200.0
32342.35,0.0,140.0,88.5,22.73,15.99,171.0,33.6,151.6,29.13,33.43,33.85,90.0,15.75,57.400000000000006,99.80000000000001,243.0,2902.0,1.27,36.800000000000004,14.97,7.05,36.03,29.02,1.0,243.0,1200.0
32402.35,0.0,140.0,90.60000000000001,22.71,16.03,172.5,33.7,151.20000000000002,29.150000000000002,33.45,34.1,91.0,15.700000000000001,57.400000000000006,100.0,245.5,2909.0,1.3900000000000001,36.95,15.030000000000001,7.01,35.9,28.990000000000002,1.0,237.0,1200.0
32462.35,0.0,140.0,91.4,22.650000000000002,15.97,172.5,33.550000000000004,152.70000000000002,29.12,33.44,33.95,89.5,15.75,57.6,100.0,242.5,2908.0,1.48,36.9,15.02,7.04,35.99,29.02,0.0,241.0,1200.0
32522.35,0.0,140.0,91.5,22.68,16.01,172.5,33.65,153.0,29.05,33.52,34.050000000000004,91.0,15.75,57.5,99.9,239.5,2908.0,1.32,36.85,15.06,6.96,35.9,29.01,1.0,242.5,1200.0
32582.35,0.0,140.0,91.30000000000001,22.76,15.96,174.0,33.6,152.20000000000002,29.1,33.5,34.0,94.0,15.75,57.400000000000006,100.0,242.0,2907.0,1.48,36.95,15.02,7.0200000000000005,35.96,29.07,0.0,242.0,1200.0
32642.35,0.0,140.0,89.80000000000001,22.66,16.080000000000002,171.0,33.5,152.20000000000002,29.09,33.33,33.75,93.0,15.75,57.5,100.0,246.5,2899.0,1.4000000000000001,37.0,15.07,7.01,36.050000000000004,28.95,2.0,244.0,1200.0
32702.349,0.0,140.0,89.2,22.740000000000002,15.93,174.5,33.35,151.20000000000002,29.04,33.42,33.800000000000004,92.0,15.850000000000001,57.400000000000006,99.7,241.5,2908.0,1.27,36.9,15.040000000000001,6.97,35.99,29.07,0.0,240.5,1200.0
32762.349,0.0,140.0,90.10000000000001,22.740000000000002,16.01,173.5,33.5,150.70000000000002,29.13,33.34,33.9,94.5,15.850000000000001,58.0,99.60000000000001,241.0,2900.0,1.4000000000000001,36.9,14.96,7.05,36.02,29.0,0.0,245.5,1200.0
32822.349,0.0,140.0,91.4,22.71,16.01,172.0,33.550000000000004,150.20000000000002,28.97,33.43,33.95,94.0,15.75,57.5,100.0,244.5,2902.0,1.35,37.0,15.01,6.98,36.0,28.990000000000002,1.0,240.0,1200.0
32882.349,0.0,140.0,91.10000000000001,22.67,16.02,170.0,33.45,152.9,29.09,33.37,33.85,92.0,15.600000000000001,58.0,99.80000000000001,240.5,2909.0,1.3800000000000001,36.95,15.030000000000001,7.04,36.13,28.98,0.0,237.5,1200.0
32942.349,0.0,140.0,90.5,22.67,16.06,171.0,33.35,152.0,29.01,33.36,33.9,91.0,15.700000000000001,58.300000000000004,99.9,242.0,2899.0,1.23,36.95,14.96,6.97,35.97,28.900000000000002,0.0,241.0,1200.0
33002.349,0.0,140.0,90.80000000000001,22.72,16.0,173.0,33.5,151.70000000000002,29.060000000000002,33.34,33.9,94.0,15.75,57.6,100.0,238.0,2903.0,1.42,37.0,15.05,6.98,36.050000000000004,29.060000000000002,1.0,239.0,1200.0
33062.348,0.0,140.0,89.9,22.650000000000002,16.03,171.5,33.4,152.1,28.96,33.34,33.9,91.5,15.75,57.300000000000004,100.0,239.0,2900.0,1.34,36.800000000000004,15.030000000000001,6.92,36.02,29.05,0.0,241.0,1200.0
33122.348,0.0,140.0,91.0,22.8,15.97,172.5,33.4,152.3,28.98,33.34,33.85,91.5,15.75,57.400000000000006,99.80000000000001,239.0,2900.0,1.3900000000000001,36.9,14.99,7.0200000000000005,35.980000000000004,29.01,0.0,243.5,1200.0
33182.348,0.0,140.0,91.30000000000001,22.71,15.950000000000001,171.5,33.45,149.9,29.02,33.35,33.85,92.5,15.65,57.800000000000004,100.0,247.5,2898.0,1.45,36.75,15.0,6.97,36.09,28.95,0.0,241.0,1200.0
33242.348,0.0,140.0,89.5,22.8,15.99,170.5,33.4,150.6,28.98,33.27,33.75,91.5,15.700000000000001,58.0,99.9,241.0,2896.0,1.54,37.0,14.94,6.97,35.95,29.11,0.0,243.0,1200.0
33302.348,0.0,140.0,92.10000000000001,22.72,16.02,170.5,33.4,151.3,28.96,33.4,33.85,93.5,15.700000000000001,57.6,100.0,241.5,2897.0,1.62,36.95,15.0,7.01,35.93,28.96,0.0,240.5,1200.0
33362.348,0.0,140.0,91.10000000000001,22.68,15.98,169.5,33.300000000000004,152.9,28.97,33.3,33.9,95.0,15.65,57.800000000000004,99.80000000000001,241.5,2895.0,1.54,36.75,15.0,6.97,36.07,28.990000000000002,0.0,241.5,1200.0
33422.348,0.0,140.0,91.2,22.740000000000002,15.99,171.5,33.45,150.9,28.93,33.230000000000004,33.9,92.0,15.850000000000001,58.6,99.60000000000001,243.0,2899.0,1.27,36.85,14.98,7.01,36.01,29.04,0.0,241.0,1200.0
33482.347,0.0,140.0,91.10000000000001,22.76,16.07,171.0,33.45,152.3,28.97,33.160000000000004,33.800000000000004,92.0,15.65,57.400000000000006,100.0,244.0,2900.0,1.4000000000000001,36.95,15.040000000000001,7.01,36.07,29.01,2.0,247.5,1200.0
33542.347,0.0,140.0,92.5,22.67,16.03,170.0,33.4,151.5,29.02,33.230000000000004,33.75,94.5,15.55,58.0,100.0,239.5,2899.0,1.48,36.7,15.030000000000001,7.03,36.09,28.96,0.0,239.5,1200.0
33602.347,0.0,140.0,90.60000000000001,22.77,16.0,172.0,33.35,150.8,28.94,33.18,33.75,93.5,15.9,57.7,100.0,247.0,2901.0,1.48,36.800000000000004,15.01,7.0600000000000005,36.09,29.0,0.0,236.5,1200.0
33662.347,0.0,140.0,90.4,22.76,15.92,172.5,33.25,151.8,28.91,33.2,33.65,93.0,15.700000000000001,57.900000000000006,99.9,239.0,2894.0,1.58,36.9,14.96,6.96,35.96,29.0,2.0,241.5,1200.0
33722.347,0.0,140.0,89.80000000000001,22.73,15.97,169.5,33.35,152.5,28.95,33.29,33.800000000000004,93.5,15.9,57.800000000000004,100.0,239.5,2899.0,1.55,36.65,14.96,7.0200000000000005,35.97,28.93,1.0,244.5,1200.0
33782.347,0.0,140.0,91.2,22.69,15.99,171.5,33.45,151.4,28.95,33.42,33.75,93.0,15.600000000000001,57.5,99.60000000000001,246.5,2895.0,1.57,36.800000000000004,15.0,7.08,35.99,29.05,0.0,236.0,1200.0
33842.346,0.0,140.0,90.7,22.71,16.04,172.5,33.35,152.3,28.900000000000002,33.32,33.75,91.5,15.8,58.0,99.80000000000001,241.0,2898.0,1.51,36.9,15.01,7.0,36.01,28.96,0.0,240.5,1200.0
33902.346,0.0,140.0,90.0,22.650000000000002,16.02,174.0,33.4,150.9,28.93,33.25,33.800000000000004,91.0,15.75,57.6,100.0,245.5,2893.0,1.48,36.85,15.02,6.96,36.03,28.97,1.0,241.0,1200.0
33962.346,0.0,140.0,91.0,22.72,15.92,172.5,33.35,151.20000000000002,28.98,33.3,33.75,92.0,15.65,57.800000000000004,99.7,244.0,2888.0,1.35,36.75,14.97,6.96,36.0,28.96,2.0,233.5,1200.0
34022.346,0.0,140.0,90.30000000000001,22.66,15.97,172.5,33.5,149.5,28.86,33.25,33.800000000000004,92.0,15.700000000000001,58.2,99.7,239.5,2894.0,1.32,36.7,15.01,6.94,35.980000000000004,28.96,0.0,239.5,1200.0
34082.346,0.0,140.0,91.5,22.64,16.0,169.5,33.4,151.70000000000002,28.95,33.24,33.800000000000004,92.5,15.700000000000001,57.800000000000004,100.0,238.0,2896.0,1.44,36.65,14.98,6.94,36.08,28.94,0.0,238.5,1200.0
34142.346,0.0,140.0,89.2,22.64,15.99,173.5,33.4,153.20000000000002,28.94,33.25,33.75,95.0,15.8,57.800000000000004,100.0,238.5,2896.0,1.41,36.7,15.0,6.99,36.07,28.98,2.0,237.0,1200.0
34202.346,0.0,140.0,91.7,22.67,16.02,172.0,33.300000000000004,150.9,28.93,33.19,33.9,91.5,15.700000000000001,57.5,100.0,240.5,2887.0,1.37,36.75,15.0,7.01,35.980000000000004,29.03,0.0,239.0,1200.0
34262.345,0.0,140.0,91.4,22.68,15.97,172.0,33.25,150.6,28.94,33.27,33.800000000000004,93.5,15.75,58.1,100.0,239.0,2893.0,1.46,36.800000000000004,15.030000000000001,6.97,36.01,29.04,0.0,244.0,1200.0
34322.345,0.0,140.0,89.60000000000001,22.7,16.07,171.5,33.35,151.8,28.92,33.25,33.800000000000004,91.0,15.65,58.0,99.80000000000001,242.5,2894.0,1.18,36.75,14.96,7.0,35.980000000000004,29.080000000000002,1.0,239.5,1200.0
34382.345,0.0,140.0,91.4,22.71,16.03,171.0,33.35,151.20000000000002,28.94,33.21,33.9,90.5,15.700000000000001,58.2,100.0,237.5,2891.0,1.35,36.7,15.05,7.0,35.88,28.91,0.0,240.5,1200.0
34442.345,0.0,140.0,90.30000000000001,22.64,15.97,172.5,33.5,151.70000000000002,28.91,33.2,33.800000000000004,92.0,15.75,58.0,100.0,243.0,2892.0,1.5,36.75,14.97,7.07,35.97,29.09,0.0,244.5,1200.0
34502.345,0.0,140.0,88.4,22.69,16.02,171.0,33.4,151.1,28.93,33.22,33.75,92.5,15.850000000000001,58.0,100.0,238.0,2889.0,1.29,36.85,14.99,6.98,35.97,29.01,0.0,239.0,1200.0
34562.345,0.0,140.0,90.7,22.76,16.01,173.0,33.45,154.8,28.900000000000002,33.28,33.75,91.0,15.75,57.5,100.0,237.0,2893.0,1.56,36.65,14.93,6.97,36.06,28.97,3.0,242.0,1200.0
34622.344,0.0,140.0,90.9,22.69,16.05,171.5,33.15,153.4,28.91,33.21,33.85,93.5,15.65,57.300000000000004,100.0,239.0,2887.0,1.49,36.7,14.98,6.99,36.03,28.95,0.0,237.5,1200.0
34682.344,0.0,140.0,91.7,22.57,16.06,171.0,33.300000000000004,152.5,28.88,33.32,33.95,93.0,15.75,57.7,99.80000000000001,237.0,2889.0,1.3800000000000001,36.65,15.030000000000001,7.0200000000000005,35.97,29.01,0.0,237.0,1200.0
34742.344,0.0,140.0,91.0,22.7,16.01,171.0,33.35,152.1,28.92,33.2,33.7,94.0,15.75,57.7,100.0,246.5,2889.0,1.35,36.550000000000004,15.030000000000001,7.05,36.04,29.02,1.0,239.0,1200.0
34802.344,0.0,140.0,90.9,22.71,16.01,170.5,33.5,151.0,28.900000000000002,33.230000000000004,33.7,93.5,15.700000000000001,57.7,100.0,238.0,2892.0,1.26,36.7,14.98,6.95,35.96,29.02,0.0,240.5,1200.0
34862.344,0.0,140.0,89.80000000000001,22.68,15.98,171.0,33.25,153.0,28.92,33.230000000000004,33.95,93.5,15.75,57.800000000000004,100.0,240.5,2890.0,1.4000000000000001,36.7,15.02,6.98,36.0,29.02,2.0,236.5,1200.0
34922.344,0.0,140.0,88.80000000000001,22.7,16.0,171.5,33.4,151.20000000000002,28.78,33.32,33.75,92.0,15.700000000000001,57.7,100.0,243.0,2889.0,1.28,36.65,15.06,6.96,36.06,29.04,0.0,236.0,1200.0
34982.344,0.0,140.0,91.10000000000001,22.69,16.04,173.0,33.35,152.0,28.900000000000002,33.2,34.0,92.5,15.65,58.0,99.7,237.5,2896.0,1.33,36.6,15.02,6.99,35.94,28.98,0.0,238.0,1200.0
35042.343,0.0,140.0,90.10000000000001,22.72,15.96,171.0,33.4,150.70000000000002,28.93,33.26,33.9,93.5,15.8,57.800000000000004,100.0,242.0,2894.0,1.45,36.75,15.0,7.0,35.97,28.93,0.0,240.0,1200.0
35102.343,0.0,140.0,92.30000000000001,22.69,15.97,169.0,33.5,151.4,29.0,33.32,33.800000000000004,93.5,15.65,57.7,99.4,241.0,2893.0,1.5,36.7,15.030000000000001,6.99,35.97,29.07,0.0,242.5,1200.0
35162.343,0.0,140.0,90.5,22.68,15.93,173.5,33.5,152.20000000000002,28.91,33.27,33.75,92.5,15.8,57.800000000000004,100.0,241.0,2893.0,1.3900000000000001,36.75,14.91,6.98,35.980000000000004,28.97,1.0,241.0,1200.0
35222.343,0.0,140.0,90.7,22.75,15.98,171.5,33.5,151.3,28.93,33.32,33.85,91.5,15.65,58.1,100.0,240.0,2888.0,1.52,36.75,15.030000000000001,7.0200000000000005,36.050000000000004,28.95,1.0,240.0,1200.0
35282.343,0.0,140.0,91.2,22.740000000000002,16.03,171.0,33.45,151.6,28.97,33.08,33.95,91.5,15.65,58.0,99.9,239.0,2894.0,1.34,36.800000000000004,15.030000000000001,6.95,35.95,29.03,2.0,245.5,1200.0
35342.343,0.0,140.0,92.60000000000001,22.7,15.950000000000001,173.0,33.5,150.3,28.900000000000002,33.28,33.85,92.0,15.75,57.6,100.0,241.5,2900.0,1.45,36.65,15.02,6.99,36.0,28.96,0.0,239.5,1200.0
35402.343,0.0,140.0,91.80000000000001,22.71,16.06,172.5,33.300000000000004,149.3,29.03,33.31,33.75,93.0,15.8,57.1,100.0,238.0,2904.0,1.29,36.65,15.01,7.0200000000000005,36.01,28.990000000000002,0.0,243.0,1200.0
35462.342,0.0,140.0,89.30000000000001,22.82,16.03,171.5,33.4,151.1,29.080000000000002,33.34,33.65,93.5,15.700000000000001,57.2,99.9,240.0,2903.0,1.26,36.85,15.07,6.96,35.96,29.0,0.0,240.0,1200.0
35522.342,0.0,140.0,90.60000000000001,22.7,15.97,172.0,33.35,149.3,28.86,33.33,33.85,91.0,15.8,58.0,99.80000000000001,242.0,2900.0,1.55,36.75,14.91,6.96,36.03,29.03,0.0,243.0,1200.0
35582.342,0.0,140.0,90.4,22.69,16.05,172.0,33.35,152.20000000000002,28.98,33.39,33.75,92.0,15.600000000000001,57.7,100.0,243.0,2902.0,1.51,36.85,14.94,6.96,36.08,29.05,1.0,242.0,1200.0
35642.342,0.0,140.0,90.60000000000001,22.66,15.98,172.5,33.45,149.3,28.86,33.42,33.800000000000004,92.5,15.700000000000001,57.900000000000006,100.0,245.0,2897.0,1.44,36.95,14.93,7.0,35.910000000000004,29.0,1.0,246.5,1200.0
35702.342,0.0,140.0,90.7,22.72,16.03,171.5,33.45,152.6,28.92,33.3,33.7,91.0,15.75,57.7,99.60000000000001,241.0,2899.0,1.45,36.95,14.99,6.96,36.02,29.060000000000002,0.0,241.5,1200.0
35762.342,0.0,140.0,90.9,22.69,16.01,171.5,33.2,150.3,28.990000000000002,33.32,33.75,92.5,15.700000000000001,57.6,100.0,240.0,2897.0,1.48,36.800000000000004,15.08,7.07,36.08,28.98,0.0,236.5,1200.0
35822.342,0.0,140.0,91.9,22.81,15.97,170.5,33.4,151.8,28.94,33.37,33.9,92.5,15.700000000000001,57.5,99.60000000000001,244.0,2894.0,1.51,36.800000000000004,14.96,7.0,35.96,28.92,1.0,240.0,1200.0
35882.341,0.0,140.0,89.4,22.71,16.01,171.0,33.300000000000004,152.3,28.990000000000002,33.28,33.800000000000004,94.5,15.600000000000001,58.2,99.60000000000001,240.0,2895.0,1.49,36.9,15.0,7.0,35.980000000000004,29.05,1.0,235.0,1200.0
35942.341,0.0,140.0,90.0,22.69,16.1,171.5,33.35,151.9,29.01,33.33,33.800000000000004,93.5,15.65,57.300000000000004,99.80000000000001,244.0,2893.0,1.49,36.65,14.950000000000001,6.97,36.050000000000004,29.03,0.0,237.0,1200.0
36002.341,0.0,140.0,89.60000000000001,22.68,16.0,171.5,33.45,150.0,28.990000000000002,33.27,33.85,92.0,15.700000000000001,57.5,99.80000000000001,243.0,2895.0,1.34,36.75,15.01,7.0,35.980000000000004,28.95,0.0,238.0,1200.0
36062.341,0.0,140.0,91.0,22.61,15.99,172.5,33.45,152.9,28.990000000000002,33.18,33.75,92.0,15.600000000000001,57.2,99.60000000000001,244.5,2890.0,1.24,36.75,14.99,6.96,36.03,29.07,0.0,236.0,1200.0
36122.341,0.0,140.0,89.10000000000001,22.650000000000002,15.9,172.0,33.550000000000004,151.6,28.95,33.19,33.9,94.0,15.65,57.400000000000006,99.7,243.0,2893.0,1.23,36.85,14.99,6.99,36.050000000000004,29.01,1.0,238.5,1200.0
36182.341,0.0,140.0,89.7,22.61,16.03,171.0,33.45,150.9,28.97,33.31,33.9,92.5,15.8,57.5,100.0,239.0,2894.0,1.49,36.800000000000004,15.0,6.95,36.01,28.95,1.0,236.0,1200.0
36242.341,0.0,140.0,91.4,22.67,16.05,171.0,33.25,151.1,28.84,33.230000000000004,33.85,94.0,15.75,57.7,100.0,238.5,2889.0,1.35,36.75,14.97,7.05,35.99,29.05,0.0,241.0,1200.0
36302.34,0.0,140.0,91.9,22.69,15.99,171.5,33.35,152.6,28.97,33.25,33.7,94.0,15.850000000000001,57.7,99.60000000000001,239.0,2894.0,1.48,36.75,15.030000000000001,7.0,35.96,28.97,0.0,238.0,1200.0
36362.34,0.0,140.0,90.7,22.7,15.96,169.5,33.25,150.5,28.93,33.32,33.800000000000004,92.0,15.75,57.800000000000004,99.9,238.5,2890.0,1.3,36.75,15.0,6.98,36.08,28.990000000000002,0.0,235.5,1200.0
36422.34,0.0,140.0,92.4,22.72,15.99,171.0,33.300000000000004,152.3,28.990000000000002,33.21,33.75,92.0,15.8,57.800000000000004,100.0,242.0,2887.0,1.33,36.75,14.96,7.0600000000000005,36.13,29.0,0.0,239.0,1200.0
36482.34,0.0,140.0,91.9,22.68,15.98,171.0,33.25,151.3,28.95,33.21,33.85,92.0,15.700000000000001,57.6,100.0,239.0,2889.0,1.37,36.7,15.040000000000001,7.04,36.06,28.96,0.0,241.5,1200.0
36542.34,0.0,140.0,91.80000000000001,22.6,16.04,172.0,33.300000000000004,151.4,28.88,33.29,33.75,93.5,15.75,57.1,99.7,240.5,2888.0,1.43,36.6,14.96,6.97,35.980000000000004,28.97,0.0,240.0,1200.0
36602.34,0.0,140.0,91.60000000000001,22.650000000000002,16.01,172.0,33.25,150.8,28.89,33.27,33.85,93.0,15.75,57.7,100.0,236.0,2891.0,1.41,36.75,15.01,7.01,35.9,29.07,1.0,235.0,1200.0
36662.34,0.0,140.0,90.9,22.66,16.05,169.5,33.4,151.8,28.900000000000002,33.160000000000004,33.65,93.5,15.55,57.7,100.0,236.0,2884.0,1.51,36.7,15.040000000000001,7.07,36.09,28.990000000000002,2.0,243.5,1200.0
36722.339,0.0,140.0,91.4,22.62,15.93,171.5,33.300000000000004,152.4,28.89,33.230000000000004,33.75,96.0,15.65,57.2,100.0,237.5,2889.0,1.43,36.550000000000004,14.94,6.99,36.02,28.93,0.0,238.5,1200.0
36782.339,0.0,140.0,89.4,22.6,16.01,169.5,33.4,150.6,28.86,33.26,33.75,94.5,15.600000000000001,57.2,99.7,242.5,2879.0,1.21,36.6,14.99,7.04,35.96,29.04,1.0,233.0,1200.0
36842.339,0.0,140.0,92.2,22.63,16.05,169.5,33.25,152.20000000000002,28.87,33.13,33.75,91.5,15.850000000000001,57.1,100.0,238.5,2885.0,1.27,36.7,14.98,6.99,36.0,28.990000000000002,0.0,237.5,1200.0
36902.339,0.0,140.0,90.7,22.64,16.05,168.0,33.35,151.5,28.93,33.24,33.75,92.0,15.65,57.800000000000004,99.7,240.5,2878.0,1.41,36.550000000000004,15.030000000000001,7.03,36.0,28.98,0.0,237.0,1200.0
36962.339,0.0,140.0,90.60000000000001,22.68,16.07,171.0,33.25,151.4,28.79,33.160000000000004,33.65,93.5,15.75,57.5,100.0,239.0,2881.0,1.32,36.6,14.98,7.05,36.07,29.04,0.0,237.5,1200.0
37022.339,0.0,140.0,90.30000000000001,22.7,16.05,170.5,33.45,149.70000000000002,28.830000000000002,33.1,33.65,94.0,15.75,57.800000000000004,100.0,238.0,2884.0,1.62,36.65,14.97,6.92,35.93,28.96,1.0,241.0,1200.0
37082.339,0.0,140.0,90.7,22.67,15.98,168.5,33.35,151.0,28.82,33.12,33.6,92.5,15.700000000000001,58.1,100.0,239.5,2881.0,1.41,36.6,14.950000000000001,6.98,35.95,29.04,0.0,241.0,1200.0
37142.338,0.0,140.0,91.30000000000001,22.72,15.84,168.5,33.35,152.6,28.76,33.11,33.65,91.5,15.8,58.0,100.0,234.5,2883.0,1.37,36.7,14.89,6.99,36.07,29.04,1.0,237.0,1200.0
37202.338,0.0,140.0,90.9,22.63,16.02,172.5,33.4,151.20000000000002,28.740000000000002,33.07,33.800000000000004,95.0,15.600000000000001,58.300000000000004,100.0,237.0,2885.0,1.32,36.7,15.05,6.97,36.03,29.09,0.0,235.5,1200.0
37262.338,0.0,140.0,90.4,22.77,16.03,171.5,33.2,151.4,28.77,33.15,33.6,92.5,15.8,57.7,100.0,235.5,2880.0,1.33,36.6,14.98,7.01,35.95,29.0,1.0,239.0,1200.0
37322.338,0.0,140.0,91.10000000000001,22.7,16.02,170.0,33.35,152.1,28.76,33.12,33.65,94.0,15.55,57.900000000000006,100.0,238.0,2888.0,1.31,36.65,15.05,7.1000000000000005,36.07,28.96,0.0,234.0,1200.0
37382.338,0.0,140.0,90.80000000000001,22.72,15.98,171.0,33.300000000000004,151.20000000000002,28.84,33.17,33.5,91.5,15.700000000000001,58.0,99.7,241.0,2881.0,1.47,36.75,15.01,6.91,35.93,28.96,0.0,239.0,1200.0
37442.338,0.0,140.0,91.80000000000001,22.7,16.01,169.5,33.45,151.8,28.84,33.15,33.7,94.0,15.600000000000001,57.7,100.0,239.0,2886.0,1.5,36.65,15.0,7.0600000000000005,36.0,28.91,1.0,240.0,1200.0
37502.338,0.0,140.0,90.60000000000001,22.66,16.02,169.5,33.15,153.8,28.76,33.17,33.6,91.0,15.75,58.300000000000004,99.7,240.5,2883.0,1.48,36.550000000000004,14.950000000000001,7.03,36.01,28.990000000000002,0.0,240.5,1200.0
37562.337,0.0,140.0,90.5,22.75,15.92,170.5,33.2,150.70000000000002,28.89,33.11,33.550000000000004,91.0,15.75,57.7,99.80000000000001,236.5,2884.0,1.3900000000000001,36.6,15.0,7.03,36.01,28.98,1.0,240.0,1200.0
37622.337,0.0,140.0,88.80000000000001,22.71,15.950000000000001,171.5,33.25,153.0,28.88,33.18,33.75,92.0,15.600000000000001,58.400000000000006,100.0,237.5,2887.0,1.34,36.550000000000004,15.0,6.98,36.03,29.05,1.0,238.0,1200.0
37682.337,0.0,140.0,91.7,22.7,16.05,172.0,33.2,150.1,28.87,33.18,33.75,92.5,15.700000000000001,58.2,100.0,238.5,2883.0,1.45,36.5,15.08,7.01,35.97,29.03,0.0,237.5,1200.0
37742.337,0.0,140.0,91.30000000000001,22.69,15.98,170.0,33.300000000000004,150.20000000000002,28.77,33.19,33.7,91.5,15.65,58.300000000000004,100.0,239.5,2884.0,1.54,36.550000000000004,14.98,7.04,36.02,29.05,0.0,238.0,1200.0
37802.337,0.0,140.0,90.4,22.73,16.04,169.5,33.4,151.1,28.82,33.17,33.7,90.0,15.65,58.2,100.0,241.5,2882.0,1.31,36.7,15.06,6.890000000000001,35.980000000000004,28.990000000000002,2.0,237.0,1200.0
37862.337,0.0,140.0,93.30000000000001,22.71,15.93,170.5,33.45,151.0,28.85,33.17,33.65,94.0,15.600000000000001,58.0,99.60000000000001,242.0,2883.0,1.36,36.75,15.01,7.01,36.01,28.98,2.0,246.0,1200.0
37922.337,0.0,140.0,91.80000000000001,22.72,16.06,171.5,33.300000000000004,152.8,28.85,33.09,33.7,91.5,15.8,57.900000000000006,100.0,243.5,2886.0,1.46,36.65,14.97,7.11,35.95,29.09,2.0,241.5,1200.0
37982.337,0.0,140.0,92.30000000000001,22.66,15.84,171.0,33.45,151.6,28.810000000000002,33.17,33.6,93.5,15.850000000000001,57.800000000000004,99.80000000000001,242.0,2891.0,1.44,36.7,14.97,7.0,36.01,28.94,2.0,233.5,1200.0
38042.336,0.0,140.0,91.60000000000001,22.68,16.04,170.5,33.25,150.9,28.75,33.14,33.550000000000004,91.0,15.75,58.2,99.7,240.0,2887.0,1.43,36.6,14.98,6.95,36.03,28.95,1.0,235.0,1200.0
38102.336,0.0,140.0,91.30000000000001,22.69,15.99,170.5,33.300000000000004,151.6,28.75,33.19,33.7,92.5,15.65,58.0,100.0,238.5,2885.0,1.4000000000000001,36.65,14.94,7.03,36.07,28.990000000000002,0.0,243.0,1200.0
38162.336,0.0,140.0,91.9,22.67,16.04,171.0,33.300000000000004,151.3,28.86,33.11,33.6,94.0,15.5,57.6,100.0,244.5,2887.0,1.3800000000000001,36.65,14.96,6.96,36.04,28.96,1.0,240.0,1200.0
38222.336,0.0,140.0,90.80000000000001,22.72,16.01,171.0,33.4,152.0,28.8,33.1,33.65,93.5,15.75,58.300000000000004,99.7,237.5,2885.0,1.51,36.800000000000004,15.040000000000001,6.98,35.99,28.96,3.0,236.5,1200.0
38282.336,0.0,140.0,90.4,22.68,15.99,170.5,33.300000000000004,151.6,28.830000000000002,33.25,33.75,93.5,15.65,58.0,100.0,240.5,2891.0,1.34,36.6,14.98,6.97,36.02,29.01,0.0,239.5,1200.0
38342.336,0.0,140.0,88.9,22.7,15.950000000000001,170.5,33.4,150.3,28.86,33.22,33.6,92.5,15.600000000000001,58.1,100.0,237.0,2887.0,1.44,36.65,15.02,7.0,35.96,28.98,0.0,238.0,1200.0
38402.336,0.0,140.0,91.80000000000001,22.740000000000002,16.02,171.0,33.25,149.5,28.85,33.18,33.5,92.5,15.65,57.800000000000004,99.9,240.5,2883.0,1.48,36.550000000000004,15.040000000000001,7.05,36.07,29.03,1.0,242.0,1200.0
38462.335,0.0,140.0,90.80000000000001,22.71,16.0,172.0,33.300000000000004,151.3,28.75,33.22,33.75,95.0,15.9,57.7,100.0,240.5,2886.0,1.51,36.65,15.01,6.91,36.08,29.04,0.0,239.5,1200.0
38522.335,0.0,140.0,90.2,22.740000000000002,16.01,169.5,33.35,152.3,28.91,33.25,33.65,91.5,15.65,57.300000000000004,99.60000000000001,236.0,2883.0,1.31,36.7,14.97,6.99,35.980000000000004,29.0,0.0,236.5,1200.0
38582.335,0.0,140.0,90.0,22.66,15.99,173.0,33.300000000000004,150.70000000000002,28.89,33.22,33.65,89.5,15.850000000000001,57.5,99.9,239.0,2889.0,1.4000000000000001,36.5,15.030000000000001,6.99,35.96,28.990000000000002,0.0,234.5,1200.0
38642.335,0.0,140.0,91.4,22.75,16.05,172.5,33.4,150.6,28.810000000000002,33.21,33.65,93.0,15.850000000000001,57.800000000000004,99.9,233.5,2890.0,1.48,36.7,15.08,7.0,35.99,29.04,2.0,245.0,1200.0
38702.335,0.0,140.0,92.30000000000001,22.72,15.99,170.5,33.25,151.3,28.84,33.17,33.75,91.0,15.700000000000001,57.300000000000004,100.0,236.0,2892.0,1.34,36.6,14.99,7.01,36.03,29.02,0.0,240.0,1200.0
38762.335,0.0,140.0,89.9,22.63,15.98,169.5,33.4,153.1,28.810000000000002,33.230000000000004,33.75,93.5,15.75,57.400000000000006,99.80000000000001,237.0,2893.0,1.6,36.6,14.98,6.95,36.02,29.05,0.0,242.0,1200.0
38822.335,0.0,140.0,90.4,22.67,15.97,168.0,33.2,151.0,28.830000000000002,33.11,33.85,92.0,15.700000000000001,57.2,100.0,241.0,2886.0,1.4000000000000001,36.6,14.97,7.05,36.07,29.03,0.0,237.5,1200.0
38882.335,0.0,140.0,91.2,22.580000000000002,16.0,172.5,33.35,151.20000000000002,28.93,33.21,33.75,91.0,15.75,57.6,99.80000000000001,243.0,2887.0,1.56,36.6,14.99,6.99,35.94,28.94,1.0,239.0,1200.0
38942.334,0.0,140.0,91.80000000000001,22.61,15.94,172.0,33.300000000000004,151.70000000000002,28.84,33.11,33.800000000000004,91.5,15.75,57.1,100.0,241.0,2887.0,1.49,36.65,14.99,6.97,35.99,29.09,0.0,239.0,1200.0
39002.334,0.0,140.0,90.4,22.63,15.9,173.0,33.300000000000004,150.6,28.87,33.3,33.75,91.5,15.700000000000001,57.300000000000004,99.80000000000001,239.0,2887.0,1.42,36.65,15.01,7.03,35.96,29.0,0.0,240.5,1200.0
39062.334,0.0,140.0,90.5,22.69,16.03,169.5,33.45,150.4,28.82,33.22,33.75,92.0,15.600000000000001,57.6,100.0,242.5,2888.0,1.49,36.65,14.97,7.0,35.96,28.97,1.0,242.5,1200.0
39122.334,0.0,140.0,91.60000000000001,22.650000000000002,15.92,171.5,33.25,150.8,28.82,33.11,33.7,93.0,15.65,57.6,100.0,232.5,2885.0,1.41,36.800000000000004,15.040000000000001,6.99,35.980000000000004,29.01,0.0,239.5,1200.0
39182.334,0.0,140.0,90.7,22.7,16.03,171.5,33.4,152.20000000000002,28.8,33.14,33.800000000000004,95.0,15.75,58.0,99.9,242.5,2882.0,1.37,36.65,15.07,6.91,36.01,29.01,2.0,236.0,1200.0
39242.334,0.0,140.0,90.60000000000001,22.650000000000002,16.01,171.5,33.300000000000004,151.8,28.740000000000002,33.160000000000004,33.800000000000004,93.5,15.75,57.5,99.9,239.0,2881.0,1.43,36.65,15.05,7.0,36.0,29.03,1.0,236.0,1200.0
39302.334,0.0,140.0,91.60000000000001,22.7,16.04,172.0,33.2,152.8,28.830000000000002,33.160000000000004,33.7,92.0,15.75,57.6,99.4,235.5,2884.0,1.31,36.45,15.0,7.03,35.92,29.02,1.0,238.5,1200.0
39362.333,0.0,140.0,92.80000000000001,22.740000000000002,16.01,172.5,33.2,152.3,28.89,33.18,33.75,92.0,15.75,57.5,99.9,241.0,2883.0,1.23,36.5,14.93,7.03,36.04,29.05,0.0,240.5,1200.0
39422.333,0.0,140.0,91.80000000000001,22.61,16.02,169.0,33.25,150.20000000000002,28.8,33.2,33.800000000000004,94.0,15.8,58.0,99.80000000000001,241.5,2886.0,1.33,36.550000000000004,14.96,6.98,35.93,28.95,0.0,239.5,1200.0
39482.333,0.0,140.0,90.30000000000001,22.69,16.01,170.5,33.25,150.3,28.79,33.19,33.7,92.0,15.8,58.400000000000006,99.80000000000001,234.5,2884.0,1.35,36.5,14.99,6.99,36.04,28.94,2.0,233.5,1200.0
39542.333,0.0,140.0,91.10000000000001,22.67,15.96,170.5,33.25,153.3,28.77,33.13,33.6,90.0,15.850000000000001,58.1,99.7,235.5,2881.0,1.33,36.45,15.01,7.0600000000000005,36.07,29.060000000000002,1.0,237.5,1200.0
39602.333,0.0,140.0,89.5,22.75,16.06,170.5,33.15,151.0,28.8,33.11,33.7,95.0,15.75,57.800000000000004,100.0,240.5,2889.0,1.26,36.6,15.01,7.0,36.02,29.02,1.0,235.0,1200.0
39662.333,0.0,140.0,90.30000000000001,22.69,15.93,172.5,33.25,151.0,28.8,33.160000000000004,33.65,91.0,15.850000000000001,57.400000000000006,99.80000000000001,237.5,2878.0,1.37,36.75,15.0,7.01,36.02,28.89,1.0,237.0,1200.0
39722.333,0.0,140.0,90.80000000000001,22.76,16.03,170.0,33.15,151.8,28.75,33.15,33.7,95.0,15.65,57.7,99.4,239.5,2885.0,1.4000000000000001,36.6,15.01,6.97,35.9,29.060000000000002,0.0,239.5,1200.0
39782.333,0.0,140.0,89.10000000000001,22.79,15.98,172.5,33.4,152.4,28.85,33.12,33.6,90.5,15.65,57.1,100.0,240.5,2887.0,1.51,36.7,15.01,7.04,35.980000000000004,29.03,2.0,239.5,1200.0
39842.332,0.0,140.0,91.5,22.85,16.03,172.0,33.300000000000004,151.8,28.78,33.19,33.800000000000004,91.5,15.75,57.7,99.80000000000001,238.0,2885.0,1.37,36.550000000000004,15.05,7.05,35.99,28.96,1.0,240.5,1200.0
39902.332,0.0,140.0,91.2,22.71,16.03,169.0,33.300000000000004,152.0,28.89,33.18,33.75,96.0,15.8,58.0,99.60000000000001,229.5,2886.0,1.23,36.75,15.01,6.99,36.04,29.11,1.0,239.0,1200.0
39962.332,0.0,140.0,92.0,22.67,15.93,171.5,33.4,150.1,28.86,33.15,33.75,94.0,15.600000000000001,57.7,100.0,237.0,2888.0,1.29,36.7,15.07,7.03,36.07,28.97,0.0,241.0,1200.0
40022.332,0.0,140.0,90.60000000000001,22.72,16.05,171.5,33.4,151.0,28.88,33.19,33.75,91.0,15.75,57.400000000000006,100.0,236.5,2892.0,1.55,36.65,15.06,7.01,35.99,29.03,0.0,239.0,1200.0
40082.332,0.0,140.0,90.5,22.7,16.05,172.0,33.25,152.0,28.85,33.230000000000004,33.6,94.0,15.75,57.6,99.4,241.0,2887.0,1.41,36.6,14.96,7.08,35.99,29.060000000000002,0.0,239.5,1200.0
40142.332,0.0,140.0,91.0,22.59,15.96,172.0,33.35,150.5,28.92,33.160000000000004,33.75,92.5,15.75,57.800000000000004,99.80000000000001,236.0,2889.0,1.28,36.6,15.02,7.0,36.06,29.01,1.0,238.0,1200.0
40202.332,0.0,140.0,91.10000000000001,22.7,15.99,171.0,33.45,151.3,28.96,33.14,33.65,90.0,15.600000000000001,57.300000000000004,100.0,236.0,2895.0,1.36,36.6,15.030000000000001,7.0,36.01,29.0,0.0,241.0,1200.0
40262.332,0.0,140.0,89.30000000000001,22.650000000000002,15.93,172.0,33.25,152.0,28.98,33.29,33.65,93.0,15.75,57.0,100.0,233.5,2888.0,1.37,36.6,15.06,6.96,36.07,29.04,2.0,235.5,1200.0
40322.331,0.0,140.0,91.5,22.69,16.01,172.5,33.25,150.3,28.810000000000002,33.27,33.6,89.5,15.700000000000001,57.400000000000006,100.0,237.0,2884.0,1.45,36.45,15.0,7.03,36.01,28.990000000000002,0.0,241.0,1200.0
40382.331,0.0,140.0,91.7,22.62,15.94,169.5,33.2,151.6,28.92,33.160000000000004,33.75,92.0,15.55,57.6,100.0,242.5,2885.0,1.46,36.7,15.030000000000001,7.0200000000000005,35.97,29.01,0.0,238.5,1200.0
40442.331,0.0,140.0,90.7,22.650000000000002,15.98,172.0,33.45,153.20000000000002,28.79,33.2,33.800000000000004,93.0,15.700000000000001,57.6,100.0,241.5,2886.0,1.22,36.6,15.0,6.98,36.050000000000004,28.990000000000002,3.0,235.5,1200.0
40502.331,0.0,140.0,91.2,22.61,16.02,171.5,33.35,152.6,28.92,33.24,33.65,93.0,15.75,57.800000000000004,100.0,241.5,2888.0,1.5,36.550000000000004,15.0,7.0200000000000005,35.980000000000004,29.080000000000002,0.0,236.0,1200.0
40562.331,0.0,140.0,91.5,22.73,16.04,171.0,33.2,150.8,28.87,33.14,33.7,92.0,15.8,57.7,99.9,241.0,2882.0,1.3,36.550000000000004,15.08,6.98,36.03,29.04,0.0,238.5,1200.0
40622.331,0.0,140.0,91.10000000000001,22.69,15.99,171.5,33.25,151.70000000000002,28.88,33.21,33.6,93.0,15.75,57.0,100.0,240.0,2886.0,1.34,36.7,14.99,7.01,36.06,28.87,3.0,240.5,1200.0
40682.331,0.0,140.0,91.4,22.75,15.99,174.0,33.35,150.3,28.830000000000002,33.2,33.75,92.5,15.700000000000001,57.2,99.9,238.5,2889.0,1.35,36.5,14.97,7.01,36.050000000000004,28.94,0.0,242.0,1200.0
40742.331,0.0,140.0,91.5,22.8,15.92,171.0,33.45,150.9,28.88,33.24,33.7,92.0,15.75,57.800000000000004,100.0,239.5,2885.0,1.34,36.6,15.01,6.96,36.03,29.05,1.0,233.5,1200.0
40802.33,0.0,140.0,92.30000000000001,22.69,16.01,172.5,33.300000000000004,152.20000000000002,28.91,33.15,33.6,93.5,15.700000000000001,58.2,100.0,236.5,2887.0,1.31,36.550000000000004,14.98,6.99,36.01,28.990000000000002,1.0,240.0,1200.0
40862.33,0.0,140.0,91.0,22.71,16.03,172.5,33.300000000000004,151.8,28.84,33.2,33.85,91.5,15.8,57.5,99.2,237.0,2890.0,1.37,36.6,14.98,7.0,36.08,29.01,1.0,240.0,1200.0
40922.33,0.0,140.0,92.4,22.650000000000002,15.96,170.5,33.4,151.8,28.76,33.11,33.7,90.5,15.850000000000001,57.900000000000006,100.0,242.0,2889.0,1.46,36.65,15.08,6.98,36.03,28.97,0.0,237.0,1200.0
40982.33,0.0,140.0,88.60000000000001,22.63,16.04,170.0,33.4,151.5,28.87,33.29,33.7,90.5,15.8,57.7,100.0,240.0,2890.0,1.45,36.65,15.07,6.99,35.96,28.98,2.0,236.5,1200.0
41042.33,0.0,140.0,89.80000000000001,22.72,15.99,169.5,33.300000000000004,150.6,28.86,33.26,33.65,91.0,15.8,58.1,100.0,246.0,2889.0,1.46,36.7,14.97,7.0,36.04,28.97,0.0,243.0,1200.0
41102.33,0.0,140.0,91.4,22.69,15.96,172.0,33.4,151.70000000000002,28.810000000000002,33.2,33.6,90.0,15.75,57.300000000000004,100.0,238.5,2885.0,1.48,36.550000000000004,14.97,7.04,36.01,29.05,3.0,239.5,1200.0
41162.33,0.0,140.0,90.60000000000001,22.64,15.91,171.5,33.2,150.1,28.88,33.2,33.65,93.5,15.75,57.400000000000006,100.0,243.5,2886.0,1.31,36.7,14.98,7.07,36.03,29.03,2.0,241.5,1200.0
41222.33,0.0,140.0,91.7,22.67,15.98,171.5,33.4,151.9,28.830000000000002,33.18,33.800000000000004,93.5,15.700000000000001,57.6,99.9,238.5,2884.0,1.19,36.65,14.97,6.96,35.93,28.94,0.0,237.5,1200.0
41282.329,0.0,140.0,91.30000000000001,22.62,16.01,170.5,33.300000000000004,151.4,28.86,33.160000000000004,33.65,92.5,15.65,57.900000000000006,100.0,237.0,2888.0,1.55,36.7,14.96,6.96,36.050000000000004,29.09,0.0,238.0,1200.0
41342.329,0.0,140.0,91.7,22.66,15.96,169.5,33.35,151.20000000000002,28.78,33.21,33.6,92.0,15.700000000000001,57.6,100.0,240.0,2886.0,1.41,36.550000000000004,14.94,7.01,36.02,29.04,0.0,235.0,1200.0
41402.329,0.0,140.0,89.9,22.6,16.02,171.5,33.300000000000004,149.8,28.94,33.14,33.65,91.5,15.55,57.400000000000006,99.80000000000001,233.5,2883.0,1.34,36.7,15.01,6.99,36.06,28.95,1.0,236.0,1200.0
41462.329,0.0,140.0,90.5,22.64,15.950000000000001,172.0,33.300000000000004,150.3,28.85,33.160000000000004,33.65,94.5,15.700000000000001,57.300000000000004,99.7,237.0,2886.0,1.43,36.550000000000004,14.96,6.890000000000001,36.0,28.96,1.0,236.0,1200.0
41522.329,0.0,140.0,92.2,22.66,15.99,170.0,33.300000000000004,151.3,28.79,33.17,33.65,94.5,15.850000000000001,57.1,100.0,233.5,2885.0,1.46,36.5,15.02,7.0600000000000005,35.96,29.0,2.0,238.5,1200.0
41582.329,0.0,140.0,90.30000000000001,22.68,15.96,172.0,33.25,152.70000000000002,28.78,33.22,33.75,93.0,15.75,57.400000000000006,100.0,237.5,2882.0,1.3,36.7,15.040000000000001,7.07,35.910000000000004,28.95,0.0,243.5,1200.0
41642.329,0.0,140.0,91.2,22.7,16.01,174.0,33.15,151.5,28.82,33.160000000000004,33.7,94.0,15.75,57.300000000000004,100.0,236.5,2884.0,1.32,36.45,14.97,6.98,35.980000000000004,28.94,2.0,238.0,1200.0
41702.329,0.0,140.0,91.4,22.59,15.99,170.0,33.300000000000004,151.9,28.85,33.11,33.7,91.0,15.600000000000001,57.6,100.0,241.0,2879.0,1.44,36.5,15.02,7.01,35.99,29.0,1.0,235.5,1200.0
41762.328,0.0,140.0,89.60000000000001,22.67,16.01,169.0,33.2,150.1,28.88,33.14,33.75,91.5,15.850000000000001,57.6,99.9,240.0,2883.0,1.3,36.65,14.97,6.97,36.01,29.0,1.0,236.0,1200.0
41822.328,0.0,140.0,91.10000000000001,22.69,15.96,170.0,33.35,150.5,28.84,33.07,33.65,90.5,15.700000000000001,57.6,100.0,237.5,2882.0,1.18,36.6,15.05,7.0,35.95,29.0,4.0,238.0,1200.0
41882.328,0.0,140.0,90.60000000000001,22.75,15.97,172.0,33.25,151.8,28.650000000000002,33.19,33.65,92.5,15.65,57.5,100.0,239.0,2886.0,1.46,36.6,15.0,6.97,36.050000000000004,29.060000000000002,2.0,238.5,1200.0
41942.328,0.0,140.0,92.30000000000001,22.62,15.97,170.5,33.35,150.9,28.82,33.230000000000004,33.800000000000004,92.5,15.65,58.0,100.0,236.0,2886.0,1.4000000000000001,36.45,15.0,6.95,36.09,29.01,1.0,237.5,1200.0
42002.328,0.0,140.0,89.60000000000001,22.66,15.97,172.0,33.35,153.20000000000002,28.84,33.13,33.65,93.0,15.75,58.0,100.0,239.0,2878.0,1.46,36.75,14.950000000000001,7.0,36.07,29.04,0.0,240.5,1200.0
42062.328,0.0,140.0,89.0,22.62,16.0,171.0,33.2,150.1,28.87,33.08,33.6,91.5,15.75,57.6,100.0,236.0,2883.0,1.48,36.6,14.97,7.01,35.99,28.98,1.0,235.0,1200.0
42122.328,0.0,140.0,92.9,22.64,16.04,172.0,33.4,150.5,28.77,33.22,33.7,92.5,15.65,57.7,99.5,237.0,2884.0,1.47,36.6,15.05,6.95,36.08,29.04,0.0,233.0,1200.0
42182.328,0.0,140.0,93.0,22.63,15.92,169.5,33.2,151.9,28.88,33.12,33.800000000000004,92.5,15.850000000000001,57.2,100.0,234.0,2889.0,1.3900000000000001,36.6,14.99,7.05,36.02,28.92,0.0,238.0,1200.0
42242.328,0.0,140.0,90.7,22.64,15.870000000000001,168.0,33.25,151.3,28.900000000000002,33.22,33.75,93.0,15.600000000000001,58.1,99.80000000000001,237.5,2886.0,1.49,36.6,15.030000000000001,7.0,36.02,28.97,1.0,240.5,1200.0
42302.327,0.0,140.0,91.60000000000001,22.63,15.98,171.5,33.300000000000004,151.9,28.85,33.14,33.6,94.5,15.600000000000001,58.1,99.60000000000001,236.5,2884.0,1.57,36.6,14.99,7.0600000000000005,35.89,29.03,0.0,239.5,1200.0
42362.327,0.0,140.0,91.2,22.580000000000002,16.03,171.5,33.2,152.20000000000002,28.85,33.19,33.7,92.5,15.850000000000001,57.400000000000006,99.80000000000001,239.0,2883.0,1.33,36.45,15.05,7.0200000000000005,35.99,28.98,1.0,241.0,1200.0
42422.327,0.0,140.0,89.80000000000001,22.68,15.97,170.5,33.25,152.4,28.79,33.22,33.800000000000004,92.0,15.65,57.5,99.80000000000001,236.0,2885.0,1.32,36.65,15.05,6.96,36.03,29.02,0.0,240.5,1200.0
42482.327,0.0,140.0,91.80000000000001,22.62,15.9,170.0,33.25,149.9,28.88,33.09,33.7,93.5,15.600000000000001,57.5,99.9,237.0,2876.0,1.48,36.65,15.06,7.04,35.93,29.0,5.0,239.0,1200.0
42542.327,0.0,140.0,91.5,22.67,15.98,170.0,33.2,151.6,28.89,33.2,33.7,92.0,15.700000000000001,57.900000000000006,99.80000000000001,234.5,2881.0,1.3900000000000001,36.7,15.05,7.01,35.9,28.98,0.0,236.0,1200.0
42602.327,0.0,140.0,91.80000000000001,22.64,16.0,171.0,33.15,151.5,28.79,33.09,33.7,93.5,15.8,57.5,99.7,235.5,2879.0,1.51,36.550000000000004,14.97,7.01,35.92,29.01,0.0,236.0,1200.0
42662.327,0.0,140.0,90.0,22.67,15.96,170.0,33.35,151.4,28.75,33.19,33.6,93.5,15.75,57.300000000000004,99.80000000000001,236.0,2881.0,1.33,36.65,14.98,7.03,35.94,29.060000000000002,0.0,234.5,1200.0
42722.327,0.0,140.0,92.30000000000001,22.62,16.03,170.5,33.35,151.1,28.85,33.11,33.7,89.5,15.65,57.400000000000006,100.0,233.0,2883.0,1.31,36.6,15.05,6.97,36.01,28.95,4.0,237.0,1200.0
42782.326,0.0,140.0,92.0,22.76,16.03,169.0,33.2,153.4,28.97,33.1,33.7,92.5,15.600000000000001,57.400000000000006,99.7,240.5,2875.0,1.47,36.550000000000004,15.0,7.0600000000000005,35.97,29.09,0.0,233.5,1200.0
42842.326,0.0,140.0,91.4,22.73,15.99,170.5,33.25,150.0,28.8,33.1,33.550000000000004,92.0,15.850000000000001,57.7,99.80000000000001,238.5,2879.0,1.34,36.5,15.02,7.0200000000000005,35.94,28.96,0.0,239.5,1200.0
42902.326,0.0,140.0,91.9,22.64,16.05,169.5,33.35,151.5,28.89,33.1,33.45,91.5,15.75,57.7,99.80000000000001,237.0,2879.0,1.44,36.7,14.98,7.0,36.06,29.01,0.0,231.5,1200.0
42962.326,0.0,140.0,92.5,22.67,16.01,171.0,33.2,152.0,28.75,33.12,33.75,92.5,15.65,58.1,100.0,236.5,2879.0,1.32,36.5,15.040000000000001,6.9,36.06,28.98,1.0,236.0,1200.0
43022.326,0.0,140.0,91.5,22.64,16.080000000000002,170.0,33.45,151.8,28.85,33.160000000000004,33.550000000000004,94.0,15.65,57.7,100.0,237.0,2885.0,1.33,36.550000000000004,15.05,7.0200000000000005,35.96,28.97,0.0,240.0,1200.0
43082.326,0.0,140.0,90.60000000000001,22.7,15.97,170.5,33.300000000000004,152.8,28.8,33.19,33.5,93.0,15.8,57.800000000000004,100.0,235.0,2884.0,1.37,36.6,14.950000000000001,7.07,35.93,28.95,0.0,235.5,1200.0
43142.326,0.0,140.0,90.2,22.68,16.05,172.0,33.300000000000004,151.4,28.75,33.05,33.75,92.5,15.8,57.5,100.0,240.0,2880.0,1.42,36.45,14.91,7.0200000000000005,36.01,28.96,2.0,235.0,1200.0
43202.326,0.0,140.0,91.9,22.73,16.03,170.5,33.2,151.20000000000002,28.82,33.2,33.550000000000004,95.0,15.700000000000001,57.300000000000004,99.5,241.5,2878.0,1.5,36.5,15.0,7.05,36.06,29.03,0.0,237.0,1200.0
43262.326,0.0,140.0,90.10000000000001,22.72,15.96,171.0,33.25,151.3,28.830000000000002,33.1,33.7,91.5,15.8,57.800000000000004,99.9,237.5,2885.0,1.46,36.5,14.98,6.99,35.93,29.01,0.0,235.0,1200.0
43322.325,0.0,140.0,92.10000000000001,22.62,15.950000000000001,170.5,33.300000000000004,151.20000000000002,28.830000000000002,33.160000000000004,33.7,92.5,15.700000000000001,57.6,100.0,239.0,2882.0,1.3,36.550000000000004,14.99,6.99,35.95,29.0,0.0,239.0,1200.0
43382.325,0.0,140.0,90.10000000000001,22.63,16.04,172.0,33.15,151.1,28.78,33.12,33.65,94.0,15.75,57.7,100.0,237.5,2879.0,1.48,36.45,15.08,6.99,35.94,29.150000000000002,1.0,235.0,1200.0
43442.325,0.0,140.0,91.2,22.69,15.950000000000001,170.5,33.1,152.1,28.82,33.0,33.5,90.0,15.8,57.400000000000006,99.7,239.0,2883.0,1.43,36.4,15.05,6.96,35.99,28.900000000000002,0.0,236.5,1200.0
43502.325,0.0,140.0,91.10000000000001,22.650000000000002,16.05,171.5,33.15,150.9,28.810000000000002,33.07,33.75,95.0,15.700000000000001,57.900000000000006,100.0,236.0,2878.0,1.46,36.550000000000004,15.05,6.98,36.02,28.94,0.0,238.0,1200.0
43562.325,0.0,140.0,90.80000000000001,22.66,16.04,171.0,33.0,152.4,28.810000000000002,33.19,33.550000000000004,93.5,15.600000000000001,58.0,99.7,241.0,2877.0,1.32,36.6,15.01,6.96,36.050000000000004,28.95,1.0,238.0,1200.0
43622.325,0.0,140.0,91.60000000000001,22.72,15.98,171.0,33.300000000000004,151.20000000000002,28.8,33.11,33.75,90.5,15.850000000000001,58.1,100.0,236.5,2875.0,1.45,36.6,14.98,7.01,36.0,28.96,0.0,232.5,1200.0
43682.325,0.0,140.0,90.9,22.67,15.91,170.5,33.25,152.1,28.85,33.06,33.6,93.0,15.700000000000001,57.800000000000004,100.0,240.0,2880.0,1.3800000000000001,36.65,14.99,7.0200000000000005,36.04,29.04,0.0,235.5,1200.0
43742.325,0.0,140.0,90.4,22.61,15.99,171.5,33.2,151.4,28.810000000000002,33.04,33.5,92.0,15.700000000000001,57.5,100.0,236.0,2872.0,1.25,36.65,15.01,6.94,36.02,28.97,2.0,236.5,1200.0
43802.324,0.0,140.0,91.5,22.71,16.0,171.0,33.2,152.5,28.76,33.08,33.550000000000004,93.5,15.75,57.900000000000006,99.4,236.0,2876.0,1.3800000000000001,36.5,14.97,6.99,35.980000000000004,29.05,3.0,239.5,1200.0
43862.324,0.0,140.0,89.9,22.67,16.0,172.0,33.050000000000004,152.0,28.76,33.07,33.65,90.0,15.700000000000001,57.6,99.80000000000001,236.0,2877.0,1.31,36.550000000000004,15.0,7.04,36.04,28.93,1.0,236.0,1200.0
43922.324,0.0,140.0,90.2,22.650000000000002,16.07,168.5,33.2,150.70000000000002,28.76,33.02,33.6,94.0,15.700000000000001,58.2,100.0,238.0,2880.0,1.34,36.5,15.08,6.94,35.910000000000004,29.02,1.0,238.0,1200.0
43982.324,0.0,140.0,89.2,22.66,15.96,170.0,33.2,151.20000000000002,28.7,33.01,33.550000000000004,90.5,15.850000000000001,58.1,99.7,234.0,2879.0,1.31,36.550000000000004,14.98,6.93,35.9,28.990000000000002,0.0,238.0,1200.0
44042.324,0.0,140.0,90.10000000000001,22.64,15.96,170.5,33.15,152.3,28.77,33.12,33.65,92.5,15.600000000000001,58.2,100.0,234.5,2883.0,1.59,36.550000000000004,14.98,7.01,36.07,28.96,0.0,240.0,1200.0
44102.324,0.0,140.0,92.0,22.66,16.02,170.5,33.15,150.5,28.8,32.99,33.5,93.5,15.8,58.2,99.7,236.0,2871.0,1.33,36.550000000000004,14.93,6.96,35.95,28.97,0.0,236.0,1200.0
44162.324,0.0,140.0,90.80000000000001,22.64,15.950000000000001,171.0,33.45,151.9,28.75,33.08,33.6,95.0,15.600000000000001,58.1,100.0,237.5,2882.0,1.43,36.5,14.99,6.96,35.97,28.98,0.0,239.5,1200.0
44222.324,0.0,140.0,90.9,22.7,16.0,170.0,33.0,151.8,28.75,33.14,33.7,93.0,15.700000000000001,58.0,100.0,239.0,2881.0,1.55,36.4,14.96,6.99,36.0,29.02,0.0,237.0,1200.0
44282.324,0.0,140.0,90.2,22.64,15.94,170.0,33.050000000000004,150.3,28.77,33.1,33.550000000000004,91.0,15.600000000000001,57.800000000000004,100.0,243.5,2879.0,1.25,36.4,14.98,6.98,36.13,28.990000000000002,1.0,240.0,1200.0
44342.323,0.0,140.0,91.0,22.66,15.93,173.0,33.300000000000004,150.9,28.77,33.08,33.6,92.0,15.75,58.0,100.0,241.0,2880.0,1.33,36.550000000000004,14.97,6.93,35.980000000000004,29.080000000000002,0.0,238.0,1200.0
44402.323,0.0,140.0,92.5,22.69,16.0,172.0,33.15,152.3,28.77,33.14,33.65,90.0,15.9,58.300000000000004,100.0,236.5,2888.0,1.3800000000000001,36.45,14.950000000000001,7.0,36.0,29.0,0.0,237.0,1200.0
44462.323,0.0,140.0,90.60000000000001,22.69,15.9,170.0,33.15,151.6,28.79,33.24,33.65,92.5,15.600000000000001,57.900000000000006,99.7,235.5,2880.0,1.3900000000000001,36.65,15.01,7.04,35.9,29.060000000000002,3.0,238.0,1200.0
44522.323,0.0,140.0,90.7,22.69,16.02,170.5,33.300000000000004,152.5,28.75,33.07,33.7,92.0,15.850000000000001,57.800000000000004,99.9,239.0,2885.0,1.33,36.7,14.98,7.09,35.99,28.98,0.0,240.5,1200.0
44582.323,0.0,140.0,91.5,22.72,16.080000000000002,169.5,33.25,150.3,28.79,33.15,33.6,93.5,15.65,58.1,100.0,238.5,2886.0,1.47,36.550000000000004,15.0,6.96,35.96,28.92,0.0,238.0,1200.0
44642.323,0.0,140.0,90.30000000000001,22.71,16.01,170.5,33.45,150.8,28.82,33.14,33.75,93.0,15.65,58.0,99.9,237.5,2890.0,1.44,36.65,14.99,7.04,36.02,29.03,0.0,237.5,1200.0
44702.323,0.0,140.0,90.60000000000001,22.61,15.96,168.5,33.300000000000004,153.20000000000002,28.76,33.17,33.6,95.5,15.8,57.900000000000006,100.0,237.5,2884.0,1.3900000000000001,36.5,14.93,6.95,36.01,28.95,0.0,235.0,1200.0
44762.323,0.0,140.0,89.60000000000001,22.72,16.07,171.5,33.300000000000004,152.9,28.91,33.07,33.800000000000004,92.5,15.8,58.2,100.0,241.0,2888.0,1.3800000000000001,36.5,15.02,7.07,35.9,29.080000000000002,2.0,237.5,1200.0
44822.323,0.0,140.0,91.30000000000001,22.69,15.98,172.0,33.300000000000004,151.5,28.79,33.12,33.800000000000004,90.5,15.850000000000001,57.800000000000004,100.0,244.5,2887.0,1.45,36.550000000000004,15.01,7.0,36.03,28.93,1.0,239.0,1200.0
44882.322,0.0,140.0,91.80000000000001,22.64,15.94,171.0,33.25,150.1,28.8,33.15,33.9,92.5,15.75,58.0,100.0,240.0,2890.0,1.46,36.6,14.97,6.97,35.96,29.03,0.0,237.0,1200.0
44942.322,0.0,140.0,89.5,22.7,16.04,170.5,33.35,149.6,28.82,33.15,33.75,93.5,15.65,58.0,99.9,238.0,2888.0,1.51,36.65,15.01,7.04,35.97,28.97,0.0,238.5,1200.0
45002.322,0.0,140.0,91.30000000000001,22.72,15.97,172.0,33.25,150.0,28.84,33.160000000000004,33.75,92.0,15.75,58.300000000000004,99.80000000000001,239.0,2889.0,1.41,36.550000000000004,15.0,7.0200000000000005,36.01,29.0,0.0,240.0,1200.0
45062.322,0.0,140.0,91.30000000000001,22.64,15.99,172.0,33.4,152.4,28.84,33.18,33.65,92.5,15.75,57.7,100.0,242.0,2894.0,1.35,36.7,14.97,6.98,36.03,29.080000000000002,0.0,238.0,1200.0
45122.322,0.0,140.0,90.80000000000001,22.7,15.94,172.0,33.35,150.8,28.89,33.2,33.65,92.5,15.55,57.900000000000006,100.0,236.0,2886.0,1.3800000000000001,36.65,14.98,6.99,36.0,28.98,0.0,237.5,1200.0
45182.322,0.0,140.0,91.7,22.71,15.96,170.5,33.35,151.20000000000002,28.82,33.21,33.800000000000004,92.5,15.700000000000001,57.800000000000004,100.0,246.5,2893.0,1.3900000000000001,36.6,14.950000000000001,7.04,35.99,28.84,0.0,240.5,1200.0
45242.322,0.0,140.0,89.60000000000001,22.75,15.950000000000001,170.5,33.5,150.3,28.900000000000002,33.160000000000004,33.75,92.5,15.55,58.0,100.0,238.5,2888.0,1.32,36.75,15.040000000000001,6.93,35.99,29.01,0.0,236.5,1200.0
45302.322,0.0,140.0,91.60000000000001,22.72,15.96,171.5,33.2,151.0,28.85,33.14,33.75,95.0,15.55,58.1,100.0,237.5,2882.0,1.35,36.6,14.99,7.0,36.06,28.97,0.0,237.5,1200.0
45362.322,0.0,140.0,90.30000000000001,22.7,15.94,172.0,33.2,150.1,28.79,33.18,33.85,92.5,15.8,58.6,99.60000000000001,239.5,2886.0,1.54,36.65,15.02,6.98,35.980000000000004,29.060000000000002,2.0,239.5,1200.0
45422.321,0.0,140.0,88.9,22.7,16.05,169.5,33.45,151.8,28.79,33.15,33.7,94.0,15.700000000000001,57.5,100.0,239.5,2886.0,1.4000000000000001,36.65,14.98,6.99,36.03,29.04,0.0,236.5,1200.0
45482.321,0.0,140.0,92.10000000000001,22.69,16.04,171.0,33.300000000000004,151.20000000000002,28.78,33.1,33.7,92.5,15.8,57.6,99.9,239.0,2886.0,1.3800000000000001,36.65,15.030000000000001,7.07,36.0,28.92,1.0,243.0,1200.0
45542.321,0.0,140.0,91.9,22.66,16.09,170.0,33.300000000000004,152.1,28.830000000000002,33.09,33.7,93.0,15.700000000000001,57.800000000000004,100.0,238.0,2886.0,1.4000000000000001,36.6,14.99,6.92,36.0,29.02,0.0,238.5,1200.0
45602.321,0.0,140.0,91.5,22.68,16.03,171.5,33.300000000000004,151.6,28.8,33.2,33.6,92.0,15.8,57.7,100.0,236.5,2890.0,1.4000000000000001,36.6,15.0,7.0,35.94,29.03,0.0,239.0,1200.0
45662.321,0.0,140.0,91.80000000000001,22.73,16.01,170.5,33.1,150.70000000000002,28.73,33.05,33.6,93.0,15.700000000000001,57.800000000000004,99.80000000000001,239.0,2890.0,1.44,36.7,14.92,7.03,36.07,29.05,0.0,237.0,1200.0
45722.321,0.0,140.0,92.9,22.72,16.01,171.0,33.25,152.6,28.68,33.160000000000004,33.75,93.5,15.5,57.300000000000004,99.9,240.5,2887.0,1.3,36.550000000000004,15.1,7.0,36.01,29.060000000000002,0.0,238.5,1200.0
45782.321,0.0,140.0,89.7,22.69,15.96,169.5,33.2,151.0,28.82,33.15,33.65,93.0,15.75,58.0,99.9,234.5,2886.0,1.31,36.800000000000004,15.02,7.0,35.96,29.0,2.0,240.5,1200.0
45842.321,0.0,140.0,92.10000000000001,22.72,15.94,170.5,33.300000000000004,151.8,28.82,33.07,33.800000000000004,94.0,15.8,57.800000000000004,100.0,239.0,2885.0,1.29,36.65,14.97,6.98,35.980000000000004,28.98,1.0,239.0,1200.0
45902.321,0.0,140.0,91.2,22.73,16.05,171.5,33.25,151.4,28.82,33.11,33.800000000000004,91.5,15.700000000000001,58.0,100.0,236.5,2886.0,1.47,36.550000000000004,15.0,7.05,36.04,28.98,0.0,240.0,1200.0
45962.32,0.0,140.0,92.2,22.64,15.96,171.0,33.45,150.0,28.8,33.14,33.65,92.0,15.850000000000001,57.5,100.0,242.0,2884.0,1.3,36.6,14.98,6.98,35.92,28.93,0.0,241.0,1200.0
46022.32,0.0,140.0,90.30000000000001,22.650000000000002,16.02,171.0,33.25,151.3,28.810000000000002,33.06,33.6,94.5,15.55,57.900000000000006,100.0,236.0,2887.0,1.57,36.7,15.01,6.98,36.0,28.91,0.0,237.0,1200.0
46082.32,0.0,140.0,90.80000000000001,22.66,15.91,170.5,33.300000000000004,150.1,28.89,33.17,33.6,92.0,15.75,58.400000000000006,100.0,241.0,2887.0,1.32,36.550000000000004,14.98,7.0200000000000005,36.08,28.96,2.0,239.5,1200.0
46142.32,0.0,140.0,91.0,22.62,15.98,171.5,33.35,152.3,28.79,33.21,33.7,93.0,15.700000000000001,57.900000000000006,99.9,236.5,2889.0,1.46,36.6,15.06,7.01,36.03,28.94,2.0,238.0,1200.0
46202.32,0.0,140.0,90.0,22.66,15.97,170.5,33.300000000000004,150.5,28.78,33.160000000000004,33.65,92.0,15.75,57.800000000000004,100.0,237.0,2884.0,1.3,36.6,15.040000000000001,7.01,35.93,28.990000000000002,0.0,239.0,1200.0
46262.32,0.0,140.0,92.10000000000001,22.740000000000002,16.04,171.0,33.300000000000004,152.20000000000002,28.77,33.07,33.65,92.5,15.700000000000001,57.6,100.0,242.5,2883.0,1.44,36.65,15.06,7.03,35.94,29.080000000000002,0.0,235.5,1200.0
46322.32,0.0,140.0,92.4,22.740000000000002,16.01,171.0,33.300000000000004,152.5,28.75,33.14,33.65,95.5,15.850000000000001,57.400000000000006,100.0,238.5,2880.0,1.32,36.5,14.96,7.0200000000000005,35.92,29.03,0.0,235.5,1200.0
46382.32,0.0,140.0,90.7,22.73,16.05,168.5,33.25,152.1,28.85,33.2,33.7,94.0,15.75,58.0,100.0,242.0,2883.0,1.59,36.5,14.98,7.05,36.04,29.04,0.0,233.5,1200.0
46442.32,0.0,140.0,90.4,22.63,16.0,170.0,33.1,151.9,28.69,33.14,33.7,92.5,15.75,58.2,100.0,237.5,2879.0,1.34,36.45,14.98,7.03,36.02,28.95,0.0,240.5,1200.0
46502.32,0.0,140.0,90.7,22.650000000000002,16.03,168.5,33.2,151.0,28.84,33.12,33.6,91.0,15.600000000000001,58.2,100.0,239.5,2884.0,1.36,36.550000000000004,15.0,6.99,35.980000000000004,29.03,0.0,240.5,1200.0
46562.319,0.0,140.0,89.7,22.64,16.0,171.5,33.2,151.3,28.810000000000002,33.160000000000004,33.7,93.5,15.8,58.5,100.0,242.0,2882.0,1.44,36.6,14.94,7.05,36.02,28.96,0.0,240.0,1200.0
46622.319,0.0,140.0,91.10000000000001,22.68,15.97,169.5,33.300000000000004,152.1,28.73,33.09,33.5,92.0,15.700000000000001,58.2,99.9,242.0,2882.0,1.51,36.35,15.030000000000001,6.95,36.06,29.11,0.0,237.0,1200.0
46682.319,0.0,140.0,91.80000000000001,22.7,16.0,171.0,33.2,150.6,28.69,33.03,33.5,92.0,15.8,58.2,100.0,236.0,2879.0,1.4000000000000001,36.5,14.98,7.04,36.03,29.060000000000002,0.0,238.5,1200.0
46742.319,0.0,140.0,91.4,22.79,16.04,170.5,33.15,151.5,28.64,33.15,33.65,93.5,15.700000000000001,58.6,99.60000000000001,237.5,2886.0,1.59,36.5,14.97,7.0200000000000005,36.0,29.02,1.0,237.5,1200.0
46802.319,0.0,140.0,91.5,22.73,16.05,171.0,33.2,151.0,28.76,33.08,33.6,92.0,15.8,58.1,99.80000000000001,237.0,2882.0,1.26,36.5,14.98,6.98,36.160000000000004,28.93,1.0,241.5,1200.0
46862.319,0.0,140.0,91.60000000000001,22.69,15.98,168.5,33.1,151.3,28.63,33.02,33.65,92.5,15.65,58.400000000000006,100.0,244.0,2883.0,1.3,36.550000000000004,15.1,7.0200000000000005,36.1,28.91,2.0,238.0,1200.0
46922.319,0.0,140.0,90.10000000000001,22.75,15.94,169.5,33.300000000000004,150.3,28.7,33.02,33.6,90.0,15.65,58.6,100.0,242.5,2879.0,1.4000000000000001,36.65,14.98,7.0600000000000005,35.99,28.900000000000002,3.0,236.0,1200.0
46982.319,0.0,140.0,92.5,22.71,16.05,170.5,33.15,152.1,28.79,33.08,33.5,91.0,15.8,58.6,100.0,237.0,2880.0,1.56,36.6,14.97,6.97,36.02,29.0,0.0,241.0,1200.0
47042.319,0.0,140.0,91.60000000000001,22.7,16.03,168.5,33.300000000000004,152.6,28.62,33.06,33.550000000000004,92.5,15.600000000000001,58.400000000000006,99.7,235.5,2881.0,1.36,36.5,15.0,7.05,36.03,29.0,0.0,238.0,1200.0
47102.318,0.0,140.0,91.2,22.77,15.9,169.0,32.95,151.5,28.7,33.05,33.65,92.5,15.65,58.400000000000006,100.0,239.5,2877.0,1.4000000000000001,36.550000000000004,15.0,7.07,35.980000000000004,29.02,0.0,233.0,1200.0
47162.318,0.0,140.0,90.60000000000001,22.650000000000002,16.01,171.5,33.050000000000004,151.5,28.7,33.03,33.65,94.0,15.55,58.900000000000006,99.80000000000001,233.5,2881.0,1.46,36.550000000000004,15.02,6.92,35.980000000000004,29.04,0.0,239.0,1200.0
47222.318,0.0,140.0,91.4,22.67,16.03,170.5,33.300000000000004,150.8,28.69,32.99,33.45,91.0,15.700000000000001,58.900000000000006,100.0,240.5,2878.0,1.29,36.45,15.05,6.95,36.03,28.990000000000002,0.0,241.5,1200.0
47282.318,0.0,140.0,90.2,22.77,16.02,171.0,33.25,151.3,28.63,32.99,33.5,93.0,15.75,58.6,100.0,237.0,2873.0,1.41,36.550000000000004,15.030000000000001,7.01,36.01,28.98,0.0,239.5,1200.0
47342.318,0.0,140.0,92.4,22.71,16.0,169.5,33.1,151.5,28.6,32.96,33.550000000000004,92.0,15.700000000000001,58.2,100.0,238.0,2875.0,1.42,36.6,14.99,7.0,35.99,29.0,1.0,238.0,1200.0
47402.318,0.0,140.0,91.60000000000001,22.75,15.93,169.0,33.1,152.5,28.64,32.99,33.550000000000004,93.0,15.850000000000001,58.6,100.0,235.0,2875.0,1.49,36.6,15.05,6.95,35.95,28.97,0.0,237.5,1200.0
47462.318,0.0,140.0,91.30000000000001,22.72,16.01,171.5,33.15,150.1,28.650000000000002,32.980000000000004,33.5,91.5,15.700000000000001,58.400000000000006,100.0,231.5,2880.0,1.36,36.5,14.97,6.95,35.97,28.98,1.0,239.5,1200.0
47522.318,0.0,140.0,91.4,22.6,16.02,169.5,33.050000000000004,151.1,28.66,32.980000000000004,33.65,93.5,15.700000000000001,58.400000000000006,99.7,236.5,2875.0,1.34,36.5,14.99,6.91,36.04,28.93,0.0,239.5,1200.0
47582.318,0.0,140.0,91.2,22.73,16.01,166.5,33.15,152.70000000000002,28.69,33.05,33.550000000000004,94.0,15.65,58.2,100.0,235.5,2875.0,1.54,36.550000000000004,14.96,6.94,36.02,29.04,0.0,233.5,1200.0
47642.318,0.0,140.0,90.5,22.64,16.04,171.0,33.15,152.4,28.7,33.02,33.550000000000004,91.0,15.65,58.1,100.0,237.0,2875.0,1.56,36.35,15.08,7.0,35.86,29.01,0.0,237.5,1200.0
47702.317,0.0,140.0,90.9,22.67,16.01,173.0,33.1,152.1,28.71,33.0,33.6,92.5,15.700000000000001,58.1,99.60000000000001,232.5,2877.0,1.41,36.45,14.92,6.99,35.910000000000004,29.04,1.0,232.0,1200.0
47762.317,0.0,140.0,90.30000000000001,22.62,15.92,170.0,33.050000000000004,150.9,28.62,32.94,33.6,92.0,15.700000000000001,57.800000000000004,100.0,236.5,2879.0,1.32,36.5,15.05,6.96,35.95,29.03,0.0,237.0,1200.0
47822.317,0.0,140.0,91.30000000000001,22.62,16.03,170.5,33.2,152.3,28.57,33.05,33.45,93.5,15.700000000000001,57.900000000000006,99.80000000000001,237.5,2875.0,1.44,36.5,15.06,6.94,36.02,29.07,0.0,234.5,1200.0
47882.317,0.0,140.0,91.5,22.68,16.03,170.0,33.2,149.6,28.71,33.0,33.550000000000004,92.5,15.850000000000001,58.2,99.9,239.5,2877.0,1.31,36.550000000000004,15.08,6.98,35.95,29.04,1.0,240.5,1200.0
47942.317,0.0,140.0,91.60000000000001,22.650000000000002,15.97,169.0,33.2,151.8,28.62,33.05,33.45,91.5,15.700000000000001,58.400000000000006,100.0,237.5,2878.0,1.3800000000000001,36.45,15.07,6.93,35.980000000000004,28.96,0.0,236.0,1200.0
48002.317,0.0,140.0,90.7,22.62,16.02,170.5,33.15,151.9,28.69,32.99,33.65,91.5,15.75,58.6,100.0,232.5,2877.0,1.58,36.5,15.01,6.98,36.02,28.89,1.0,233.5,1200.0
48062.317,0.0,140.0,91.4,22.64,15.9,168.5,33.2,151.5,28.67,33.05,33.45,92.0,15.950000000000001,57.7,99.80000000000001,236.0,2878.0,1.3900000000000001,36.45,14.98,6.99,36.07,28.95,0.0,238.5,1200.0
48122.317,0.0,140.0,90.0,22.7,16.0,169.0,33.15,151.8,28.75,33.01,33.45,92.5,15.65,58.2,99.7,239.0,2875.0,1.44,36.4,15.040000000000001,7.0,36.07,29.05,0.0,244.0,1200.0
48182.317,0.0,140.0,91.9,22.76,16.05,171.0,33.300000000000004,151.6,28.61,33.09,33.4,94.0,15.75,58.1,99.9,236.5,2875.0,1.5,36.550000000000004,14.97,6.99,36.01,28.96,0.0,238.5,1200.0
48242.316,0.0,140.0,91.0,22.64,15.99,169.5,33.050000000000004,151.6,28.68,33.08,33.6,91.5,15.600000000000001,57.6,100.0,240.0,2877.0,1.32,36.5,14.91,7.05,35.94,28.97,0.0,233.0,1200.0
48302.316,0.0,140.0,91.2,22.580000000000002,16.0,170.0,33.0,152.0,28.73,33.06,33.4,92.0,15.75,57.6,99.80000000000001,235.0,2875.0,1.43,36.45,15.030000000000001,7.0200000000000005,36.0,29.01,2.0,232.0,1200.0
48362.316,0.0,140.0,91.30000000000001,22.63,16.03,170.5,33.050000000000004,151.70000000000002,28.69,33.04,33.6,92.5,15.75,58.0,100.0,236.5,2873.0,1.51,36.300000000000004,15.0,7.03,36.04,28.98,0.0,241.0,1200.0
48422.316,0.0,140.0,90.80000000000001,22.71,16.01,170.0,33.2,151.8,28.650000000000002,32.99,33.550000000000004,92.0,15.75,58.2,100.0,237.0,2871.0,1.48,36.45,15.0,6.94,36.07,29.02,0.0,232.5,1200.0
48482.316,0.0,140.0,91.5,22.68,15.96,171.0,33.25,151.9,28.650000000000002,32.910000000000004,33.5,92.5,15.8,57.6,100.0,239.0,2873.0,1.3800000000000001,36.300000000000004,14.92,6.94,35.97,28.98,0.0,232.5,1200.0
48542.316,0.0,140.0,90.80000000000001,22.66,16.04,170.0,33.050000000000004,152.9,28.68,32.95,33.6,92.0,15.65,57.5,100.0,233.0,2875.0,1.31,36.5,15.01,7.01,36.04,28.93,0.0,235.0,1200.0
48602.316,0.0,140.0,91.5,22.63,15.98,169.5,33.050000000000004,151.70000000000002,28.72,32.95,33.6,94.0,15.8,58.0,99.60000000000001,234.0,2875.0,1.55,36.45,15.01,6.99,36.0,29.07,1.0,235.5,1200.0
48662.316,0.0,140.0,91.4,22.71,16.02,169.0,33.050000000000004,150.9,28.77,32.97,33.45,94.5,15.600000000000001,57.2,100.0,235.5,2870.0,1.36,36.35,15.06,6.98,35.96,28.89,0.0,238.5,1200.0
48722.316,0.0,140.0,89.30000000000001,22.68,15.97,169.5,33.1,150.5,28.64,32.96,33.65,91.5,15.65,57.900000000000006,99.60000000000001,237.0,2875.0,1.31,36.25,14.97,6.95,36.01,28.94,0.0,234.5,1200.0
48782.316,0.0,140.0,89.9,22.64,15.99,169.0,33.1,153.0,28.77,33.01,33.6,94.0,15.75,57.7,100.0,236.5,2871.0,1.31,36.45,15.11,6.98,35.89,29.03,0.0,237.0,1200.0
48842.315,0.0,140.0,91.5,22.63,15.99,169.5,33.35,152.4,28.69,33.02,33.6,93.0,15.65,57.5,100.0,234.5,2872.0,1.36,36.35,15.0,6.99,35.89,29.11,0.0,235.5,1200.0
48902.315,0.0,140.0,90.2,22.650000000000002,16.01,169.5,33.2,151.3,28.64,33.05,33.6,95.0,15.75,58.1,99.7,237.0,2879.0,1.35,36.45,15.02,6.98,36.06,29.04,2.0,234.5,1200.0
48962.315,0.0,140.0,90.10000000000001,22.71,15.96,170.5,33.25,151.20000000000002,28.88,33.05,33.7,89.5,15.75,58.0,99.7,235.0,2872.0,1.55,36.45,14.99,7.0600000000000005,36.03,29.01,0.0,235.0,1200.0
49022.315,0.0,140.0,92.10000000000001,22.69,15.950000000000001,172.5,33.2,151.0,28.78,33.1,33.65,92.5,15.65,57.900000000000006,100.0,241.0,2881.0,1.17,36.35,15.02,6.99,36.02,28.84,1.0,237.5,1200.0
49082.315,0.0,140.0,92.2,22.63,15.96,172.5,33.1,151.9,28.77,33.12,33.65,92.0,15.75,57.900000000000006,99.9,241.0,2884.0,1.3900000000000001,36.5,14.99,6.98,35.92,28.95,1.0,237.5,1200.0
49142.315,0.0,140.0,90.60000000000001,22.68,16.02,172.5,33.15,152.6,28.75,33.160000000000004,33.6,92.5,15.700000000000001,57.800000000000004,100.0,237.0,2883.0,1.27,36.4,14.97,7.04,35.95,28.97,2.0,236.5,1200.0
49202.315,0.0,140.0,91.10000000000001,22.68,16.02,172.0,33.300000000000004,153.0,28.91,33.1,33.85,91.5,15.850000000000001,57.800000000000004,99.30000000000001,240.0,2884.0,1.46,36.5,14.98,7.0200000000000005,36.01,29.01,0.0,242.5,1200.0
49262.315,0.0,140.0,91.4,22.67,16.1,170.5,33.35,152.20000000000002,28.77,33.13,33.550000000000004,94.5,15.8,58.5,100.0,236.5,2887.0,1.36,36.45,15.040000000000001,6.97,35.99,29.03,1.0,236.5,1200.0
49322.315,0.0,140.0,92.0,22.69,15.93,170.0,33.300000000000004,153.1,28.87,33.13,33.800000000000004,92.5,15.700000000000001,58.0,100.0,241.5,2887.0,1.53,36.65,14.99,6.96,35.99,29.07,1.0,237.5,1200.0
49382.315,0.0,140.0,90.9,22.7,15.99,170.0,33.4,150.6,28.82,33.1,33.7,92.5,15.8,57.900000000000006,99.9,239.5,2885.0,1.53,36.5,15.01,7.03,36.09,29.03,1.0,241.5,1200.0
49442.314,0.0,140.0,91.7,22.72,16.0,170.5,33.25,150.5,28.87,33.160000000000004,33.7,93.0,15.75,57.1,100.0,236.0,2886.0,1.34,36.65,15.0,7.0,35.99,28.96,2.0,242.0,1200.0
49502.314,0.0,140.0,89.60000000000001,22.62,16.03,170.0,33.15,150.1,28.87,33.08,33.65,93.0,15.65,58.0,100.0,242.0,2882.0,1.37,36.550000000000004,15.05,6.95,35.95,28.93,1.0,234.5,1200.0
49562.314,0.0,140.0,90.5,22.62,15.98,170.5,33.35,152.4,28.82,33.1,33.75,93.0,15.700000000000001,57.900000000000006,99.80000000000001,237.5,2887.0,1.32,36.45,14.98,7.01,35.93,29.060000000000002,0.0,240.0,1200.0
49622.314,0.0,140.0,91.60000000000001,22.650000000000002,15.93,171.0,33.25,152.8,28.830000000000002,33.2,33.65,91.5,15.8,57.5,99.80000000000001,239.0,2886.0,1.4000000000000001,36.550000000000004,15.02,7.0,35.93,29.03,3.0,236.5,1200.0
49682.314,0.0,140.0,91.2,22.71,16.0,170.5,33.2,151.8,28.89,33.160000000000004,33.65,92.5,15.950000000000001,57.7,100.0,235.5,2888.0,1.24,36.6,15.0,7.0,36.050000000000004,29.03,2.0,242.5,1200.0
49742.314,0.0,140.0,90.7,22.69,15.94,170.5,33.2,151.5,28.84,33.230000000000004,33.5,91.0,15.8,57.400000000000006,100.0,233.5,2882.0,1.3,36.5,14.96,6.95,35.88,28.95,0.0,239.0,1200.0
49802.314,0.0,140.0,90.9,22.64,15.97,170.5,33.25,151.9,28.73,33.08,33.800000000000004,92.0,15.700000000000001,57.6,100.0,240.0,2881.0,1.36,36.550000000000004,15.030000000000001,7.0200000000000005,36.0,29.0,0.0,239.0,1200.0
49862.314,0.0,140.0,91.9,22.69,16.03,169.0,33.15,151.5,28.830000000000002,33.06,33.75,93.0,15.8,57.7,100.0,242.5,2880.0,1.41,36.550000000000004,15.0,6.93,35.93,29.04,1.0,238.0,1200.0
49922.314,0.0,140.0,90.9,22.59,16.05,170.5,33.25,153.1,28.73,33.15,33.65,91.5,15.75,56.900000000000006,99.5,238.5,2880.0,1.37,36.6,14.93,7.0,35.99,28.94,1.0,239.0,1200.0
49982.314,0.0,140.0,89.80000000000001,22.67,16.0,169.5,33.25,152.3,28.830000000000002,33.1,33.7,93.5,15.75,57.5,100.0,236.5,2885.0,1.43,36.6,15.06,6.96,36.04,28.98,0.0,237.0,1200.0
50042.313,0.0,140.0,90.5,22.67,16.01,172.0,33.15,151.0,28.810000000000002,33.12,33.6,91.0,15.65,58.0,100.0,240.5,2881.0,1.17,36.6,14.97,6.99,35.96,29.05,0.0,242.5,1200.0
50102.313,0.0,140.0,90.4,22.64,16.03,172.5,33.15,151.6,28.76,33.1,33.7,94.0,15.700000000000001,57.800000000000004,100.0,236.0,2877.0,1.33,36.550000000000004,15.0,7.03,36.07,28.97,3.0,235.5,1200.0
50162.313,0.0,140.0,90.5,22.61,16.03,174.5,33.2,149.5,28.76,33.08,33.65,95.0,15.850000000000001,57.7,99.9,236.0,2879.0,1.35,36.65,14.93,7.05,35.97,28.94,0.0,239.5,1200.0
50222.313,0.0,140.0,90.2,22.67,16.04,170.5,33.15,151.1,28.77,33.14,33.65,91.0,15.700000000000001,57.5,100.0,235.0,2878.0,1.29,36.550000000000004,14.99,7.0200000000000005,35.94,28.93,1.0,234.0,1200.0
50282.313,0.0,140.0,91.2,22.61,15.97,168.5,33.2,150.4,28.71,33.1,33.550000000000004,92.5,15.75,57.800000000000004,99.60000000000001,237.0,2882.0,1.36,36.550000000000004,14.97,7.01,36.01,29.04,2.0,241.5,1200.0
50342.313,0.0,140.0,91.60000000000001,22.63,16.01,170.0,33.15,150.6,28.76,33.13,33.6,92.0,15.700000000000001,57.6,100.0,243.5,2883.0,1.3900000000000001,36.550000000000004,15.05,6.96,36.01,29.0,2.0,236.0,1200.0
50402.313,0.0,140.0,91.5,22.69,16.080000000000002,171.0,33.2,151.70000000000002,28.75,33.03,33.75,92.5,15.65,57.800000000000004,100.0,235.5,2875.0,1.42,36.35,15.02,7.05,36.04,28.89,1.0,237.0,1200.0
50462.313,0.0,140.0,91.2,22.73,15.99,170.5,33.25,151.0,28.86,33.14,33.7,94.5,15.75,58.0,99.7,234.0,2879.0,1.24,36.65,15.0,6.98,35.96,28.990000000000002,0.0,235.0,1200.0
50522.313,0.0,140.0,91.0,22.66,16.05,169.5,33.2,151.6,28.7,33.05,33.6,92.5,15.8,57.6,100.0,237.5,2880.0,1.25,36.4,14.97,7.01,36.03,29.04,1.0,234.0,1200.0
50582.313,0.0,140.0,92.0,22.57,16.03,170.5,33.4,151.1,28.78,33.11,33.800000000000004,94.0,15.75,57.6,100.0,234.0,2878.0,1.51,36.6,15.05,7.01,36.12,28.96,0.0,237.0,1200.0
50642.312,0.0,140.0,92.0,22.650000000000002,15.96,169.5,33.25,149.1,28.93,33.12,33.800000000000004,91.5,15.950000000000001,57.7,100.0,241.5,2880.0,1.42,36.45,15.05,6.95,35.96,28.98,0.0,238.0,1200.0
50702.312,0.0,140.0,91.4,22.73,16.03,170.5,33.300000000000004,150.0,28.85,33.08,33.6,94.5,15.8,57.900000000000006,100.0,239.5,2880.0,1.37,36.550000000000004,15.040000000000001,7.04,36.06,29.0,4.0,236.0,1200.0
50762.312,0.0,140.0,91.60000000000001,22.71,15.950000000000001,171.5,33.45,151.5,28.91,33.2,33.550000000000004,92.0,15.75,57.400000000000006,99.5,234.0,2889.0,1.3800000000000001,36.5,14.98,7.03,36.02,28.98,2.0,240.5,1200.0
50822.312,0.0,140.0,91.4,22.69,15.94,172.5,33.15,152.4,28.830000000000002,33.21,33.85,93.5,15.8,57.6,100.0,236.0,2888.0,1.41,36.65,14.98,6.95,35.980000000000004,28.990000000000002,1.0,238.0,1200.0
50882.312,0.0,140.0,91.60000000000001,22.72,16.04,170.0,33.4,150.4,28.900000000000002,33.18,33.550000000000004,93.5,15.65,57.7,100.0,241.5,2892.0,1.45,36.5,15.05,7.0200000000000005,36.02,28.91,0.0,240.5,1200.0
50942.312,0.0,140.0,90.2,22.64,15.94,173.0,33.4,150.8,28.89,33.28,33.75,92.0,15.75,57.5,100.0,242.0,2891.0,1.34,36.65,14.97,7.0,35.89,29.02,0.0,240.5,1200.0
51002.312,0.0,140.0,90.7,22.71,15.99,169.0,33.35,151.8,28.91,33.18,33.9,92.0,15.700000000000001,57.900000000000006,99.5,240.0,2892.0,1.31,36.6,14.94,6.96,36.08,29.04,1.0,240.5,1200.0
51062.312,0.0,140.0,90.60000000000001,22.650000000000002,16.05,171.0,33.25,153.4,28.95,33.29,33.75,93.0,15.75,57.400000000000006,99.7,243.5,2896.0,1.28,36.7,15.0,6.98,36.0,28.93,3.0,240.5,1200.0
51122.312,0.0,140.0,90.7,22.73,15.99,173.0,33.300000000000004,152.70000000000002,28.990000000000002,33.28,33.85,94.0,15.8,57.400000000000006,99.9,238.5,2898.0,1.48,36.550000000000004,14.96,7.0200000000000005,35.99,29.05,0.0,243.0,1200.0
51182.312,0.0,140.0,92.10000000000001,22.63,15.96,172.0,33.45,150.6,28.94,33.28,34.0,90.5,15.700000000000001,58.1,100.0,241.0,2889.0,1.31,36.6,15.02,7.0,36.02,29.02,3.0,238.5,1200.0
51242.312,0.0,140.0,91.30000000000001,22.64,16.03,171.5,33.4,150.1,28.86,33.21,33.800000000000004,95.0,15.65,57.300000000000004,100.0,238.0,2888.0,1.32,36.550000000000004,14.96,6.96,35.95,29.0,1.0,239.0,1200.0
51302.311,0.0,140.0,91.2,22.8,15.98,171.0,33.45,151.1,29.05,33.18,33.800000000000004,93.5,15.600000000000001,57.7,99.9,241.0,2894.0,1.46,36.7,14.92,6.99,36.03,29.05,0.0,242.5,1200.0
51362.311,0.0,140.0,91.5,22.73,16.06,172.0,33.4,151.6,28.92,33.32,33.75,91.0,15.700000000000001,57.900000000000006,99.30000000000001,240.0,2897.0,1.28,36.7,15.120000000000001,7.0200000000000005,36.07,28.97,0.0,245.0,1200.0
51422.311,0.0,140.0,89.30000000000001,22.67,16.03,171.0,33.4,151.0,29.04,33.28,33.9,93.0,15.65,57.2,100.0,241.5,2892.0,1.53,36.6,15.02,6.99,35.99,29.01,1.0,236.5,1200.0
51482.311,0.0,140.0,90.30000000000001,22.75,16.02,171.0,33.300000000000004,151.20000000000002,28.93,33.25,33.800000000000004,93.5,15.55,57.800000000000004,99.5,241.5,2902.0,1.48,36.85,15.0,7.07,35.94,29.0,0.0,241.0,1200.0
51542.311,0.0,140.0,90.10000000000001,22.62,16.03,172.0,33.35,151.1,28.900000000000002,33.37,33.800000000000004,92.0,15.700000000000001,57.7,99.9,244.0,2893.0,1.36,36.7,14.950000000000001,7.0200000000000005,36.0,28.96,0.0,242.5,1200.0
51602.311,0.0,140.0,90.10000000000001,22.69,15.99,172.0,33.300000000000004,151.0,28.89,33.31,33.85,91.0,15.600000000000001,57.7,99.7,241.5,2897.0,1.35,36.65,15.0,7.04,35.94,28.94,0.0,239.0,1200.0
51662.311,0.0,140.0,90.10000000000001,22.71,16.05,169.5,33.45,152.1,28.97,33.34,33.95,93.5,15.700000000000001,57.400000000000006,100.0,239.5,2896.0,1.28,36.7,15.040000000000001,7.01,35.95,29.0,1.0,238.5,1200.0
51722.311,0.0,140.0,90.2,22.67,15.94,170.0,33.300000000000004,151.0,28.87,33.33,33.95,91.0,15.75,58.2,100.0,237.0,2896.0,1.19,36.9,14.98,7.03,36.01,28.990000000000002,0.0,238.5,1200.0
51782.311,0.0,140.0,91.30000000000001,22.71,15.93,173.5,33.5,150.5,29.03,33.32,33.800000000000004,91.5,15.9,58.1,99.9,245.5,2898.0,1.43,36.550000000000004,15.05,7.0,35.980000000000004,28.98,0.0,237.0,1200.0
51842.311,0.0,140.0,91.10000000000001,22.66,16.0,172.5,33.4,151.8,28.94,33.27,33.9,91.5,15.65,57.6,99.9,241.5,2903.0,1.5,36.800000000000004,14.92,7.05,35.94,29.04,0.0,242.0,1200.0
51902.311,0.0,140.0,90.80000000000001,22.66,16.03,171.5,33.4,151.6,29.04,33.39,33.95,94.5,15.75,57.800000000000004,99.7,240.0,2897.0,1.48,36.95,15.0,6.93,36.1,29.05,4.0,243.5,1200.0
51962.31,0.0,140.0,89.60000000000001,22.71,15.99,171.5,33.5,152.8,28.97,33.35,33.95,92.5,15.65,57.2,99.7,242.0,2896.0,1.44,36.85,15.030000000000001,7.0,36.03,28.95,1.0,238.0,1200.0
52022.31,0.0,140.0,92.30000000000001,22.72,15.99,172.5,33.550000000000004,150.70000000000002,28.96,33.33,33.85,94.0,15.8,57.300000000000004,100.0,239.5,2898.0,1.4000000000000001,36.75,14.99,7.03,35.97,29.18,1.0,239.0,1200.0
52082.31,0.0,140.0,91.10000000000001,22.69,15.94,171.0,33.5,151.6,29.05,33.4,33.9,92.5,15.700000000000001,57.5,99.80000000000001,242.0,2899.0,1.45,36.9,14.96,6.9,35.88,28.97,0.0,241.0,1200.0
52142.31,0.0,140.0,90.80000000000001,22.650000000000002,16.03,173.0,33.6,150.0,28.91,33.33,33.75,92.5,15.75,57.400000000000006,99.9,244.5,2904.0,1.43,36.9,14.92,7.0600000000000005,35.92,29.05,1.0,241.0,1200.0
52202.31,0.0,140.0,90.4,22.62,16.03,171.5,33.45,152.5,29.02,33.39,33.95,91.5,15.75,57.900000000000006,99.9,240.0,2902.0,1.24,36.7,14.93,7.01,35.97,28.97,3.0,245.5,1200.0
52262.31,0.0,140.0,91.0,22.740000000000002,16.0,173.5,33.550000000000004,150.6,29.02,33.37,33.95,94.5,15.600000000000001,57.6,100.0,240.5,2893.0,1.45,36.7,15.08,6.95,35.94,29.05,1.0,244.0,1200.0
52322.31,0.0,140.0,92.9,22.72,16.02,171.0,33.550000000000004,151.5,29.04,33.39,33.75,92.5,15.65,57.800000000000004,100.0,239.5,2901.0,1.4000000000000001,37.0,14.99,7.04,35.980000000000004,29.03,0.0,242.0,1200.0
52382.31,0.0,140.0,90.60000000000001,22.76,16.0,171.5,33.550000000000004,151.3,28.92,33.33,33.800000000000004,91.0,15.600000000000001,57.5,99.9,242.5,2906.0,1.52,36.75,14.92,6.98,36.14,28.97,0.0,245.0,1200.0
52442.31,0.0,140.0,91.5,22.71,15.99,172.0,33.5,151.4,28.93,33.45,33.85,94.0,15.75,58.0,100.0,244.5,2906.0,1.55,36.85,14.98,7.0,35.97,28.92,1.0,243.0,1200.0
52502.31,0.0,140.0,90.4,22.71,15.98,172.5,33.45,151.6,29.04,33.32,33.95,92.5,15.450000000000001,57.800000000000004,99.60000000000001,246.0,2903.0,1.1500000000000001,36.75,15.05,6.97,35.980000000000004,29.01,0.0,240.0,1200.0
52562.309,0.0,140.0,90.30000000000001,22.73,15.99,172.0,33.5,153.20000000000002,29.03,33.29,33.9,92.0,15.700000000000001,57.900000000000006,99.9,242.5,2898.0,1.3800000000000001,36.95,14.99,7.01,36.09,29.09,0.0,243.5,1200.0
52622.309,0.0,140.0,88.9,22.650000000000002,15.950000000000001,171.0,33.550000000000004,151.20000000000002,29.0,33.42,33.85,91.0,15.75,57.900000000000006,99.60000000000001,240.5,2899.0,1.25,36.9,15.05,6.99,35.99,29.04,0.0,241.0,1200.0
52682.309,0.0,140.0,90.4,22.650000000000002,16.03,170.0,33.45,149.0,28.94,33.31,33.9,92.5,15.65,58.300000000000004,100.0,242.5,2893.0,1.35,36.800000000000004,14.94,6.98,36.0,28.95,1.0,240.5,1200.0
52742.309,0.0,140.0,91.4,22.71,16.04,173.5,33.5,150.20000000000002,29.04,33.34,33.75,96.0,15.65,58.1,100.0,242.5,2905.0,1.43,36.75,14.96,7.05,36.03,28.95,1.0,240.5,1200.0
52802.309,0.0,140.0,91.0,22.69,15.98,172.0,33.300000000000004,152.4,29.01,33.34,33.800000000000004,93.0,15.65,58.0,100.0,242.0,2900.0,1.58,36.800000000000004,14.99,7.01,36.06,28.98,1.0,238.5,1200.0
52862.309,0.0,140.0,89.80000000000001,22.72,16.01,171.5,33.35,153.20000000000002,28.900000000000002,33.34,33.9,92.0,15.850000000000001,57.900000000000006,100.0,241.5,2896.0,1.34,36.75,15.05,7.04,36.03,28.96,1.0,236.0,1200.0
52922.309,0.0,140.0,93.10000000000001,22.740000000000002,16.01,172.0,33.45,151.20000000000002,28.93,33.39,33.9,91.0,15.700000000000001,57.400000000000006,99.7,240.0,2895.0,1.35,36.9,15.040000000000001,6.94,36.01,29.02,1.0,246.5,1200.0
52982.309,0.0,140.0,91.2,22.73,16.02,173.0,33.550000000000004,150.8,28.94,33.38,33.800000000000004,93.0,15.600000000000001,57.2,99.5,244.5,2905.0,1.28,36.7,14.99,6.98,35.980000000000004,29.0,0.0,246.5,1200.0
53042.309,0.0,140.0,90.9,22.68,15.99,172.0,33.45,151.6,29.02,33.29,33.9,92.5,15.75,58.2,100.0,243.5,2901.0,1.46,36.800000000000004,15.05,6.96,36.08,29.0,1.0,238.5,1200.0
53102.309,0.0,140.0,91.10000000000001,22.72,15.9,173.5,33.35,152.5,29.01,33.4,33.95,92.5,15.65,57.900000000000006,100.0,240.0,2898.0,1.41,36.9,15.030000000000001,6.99,36.03,29.04,1.0,238.5,1200.0
53162.309,0.0,140.0,92.80000000000001,22.66,16.05,169.0,33.6,149.20000000000002,29.01,33.44,33.800000000000004,91.5,15.700000000000001,57.5,100.0,245.5,2900.0,1.46,36.75,14.98,7.0600000000000005,36.03,29.07,0.0,239.5,1200.0
53222.308,0.0,140.0,90.80000000000001,22.59,15.96,172.5,33.5,152.8,29.03,33.43,33.9,93.5,15.9,57.5,99.80000000000001,239.5,2898.0,1.44,37.050000000000004,14.98,6.97,36.01,29.05,0.0,245.5,1200.0
53282.308,0.0,140.0,89.7,22.63,16.04,171.0,33.5,149.70000000000002,29.11,33.28,33.85,91.0,15.75,57.1,100.0,238.5,2903.0,1.31,36.75,14.96,6.99,35.97,29.01,0.0,241.0,1200.0
53342.308,0.0,140.0,92.2,22.650000000000002,16.03,173.5,33.45,151.3,29.07,33.33,33.95,91.5,15.75,57.6,99.9,243.5,2898.0,1.29,36.7,15.02,6.99,35.96,28.990000000000002,0.0,242.5,1200.0
53402.308,0.0,140.0,90.5,22.580000000000002,16.01,171.5,33.5,152.0,29.05,33.3,34.0,93.0,15.75,57.6,100.0,240.5,2900.0,1.24,36.85,15.040000000000001,7.04,35.92,29.03,0.0,242.0,1200.0
53462.308,0.0,140.0,92.10000000000001,22.64,15.950000000000001,172.5,33.45,151.8,29.080000000000002,33.27,34.050000000000004,93.0,15.75,57.0,99.5,244.5,2903.0,1.45,36.85,14.99,7.07,35.94,29.03,0.0,241.0,1200.0
53522.308,0.0,140.0,91.10000000000001,22.7,16.02,171.0,33.6,151.6,29.14,33.36,33.75,94.5,15.600000000000001,57.6,100.0,241.0,2901.0,1.27,36.85,14.950000000000001,6.98,35.94,29.05,0.0,240.0,1200.0
53582.308,0.0,140.0,91.5,22.68,16.02,171.0,33.6,151.1,29.04,33.35,33.9,92.0,15.700000000000001,57.400000000000006,99.60000000000001,241.5,2894.0,1.47,37.0,15.06,6.98,36.02,29.0,0.0,239.0,1200.0
53642.308,0.0,140.0,90.7,22.7,16.02,170.0,33.4,151.6,28.95,33.38,33.9,92.5,15.700000000000001,57.6,100.0,238.5,2894.0,1.31,36.75,14.99,6.95,35.95,29.04,0.0,244.0,1200.0
53702.308,0.0,140.0,90.60000000000001,22.71,15.98,170.5,33.45,151.70000000000002,29.05,33.3,33.9,93.5,15.600000000000001,57.400000000000006,99.9,242.0,2904.0,1.37,36.85,15.01,7.0200000000000005,35.99,28.95,0.0,242.0,1200.0
53762.308,0.0,140.0,89.9,22.650000000000002,16.02,172.5,33.45,151.5,29.02,33.34,34.0,92.0,15.700000000000001,57.7,99.9,242.0,2907.0,1.44,36.7,14.99,7.0600000000000005,36.1,29.09,0.0,241.0,1200.0
53822.308,0.0,140.0,91.60000000000001,22.73,16.04,171.5,33.45,151.1,28.94,33.33,33.800000000000004,91.0,15.65,57.6,100.0,241.0,2900.0,1.36,36.800000000000004,14.92,7.0200000000000005,36.0,28.96,0.0,242.5,1200.0
53882.307,0.0,140.0,91.60000000000001,22.76,15.99,173.0,33.5,151.0,29.04,33.32,33.85,94.0,15.700000000000001,57.2,99.7,242.5,2899.0,1.45,36.95,14.92,7.01,35.99,29.02,0.0,243.5,1200.0
53942.307,0.0,140.0,91.10000000000001,22.69,16.0,170.5,33.5,152.5,28.89,33.3,33.800000000000004,93.5,15.8,57.6,99.9,246.0,2897.0,1.33,36.800000000000004,15.01,7.04,36.03,29.03,0.0,241.5,1200.0
54002.307,0.0,140.0,91.5,22.75,15.98,173.0,33.6,151.70000000000002,29.01,33.21,33.800000000000004,90.0,15.75,58.1,100.0,244.0,2902.0,1.48,36.800000000000004,14.99,6.96,36.0,28.97,0.0,242.5,1200.0
54062.307,0.0,140.0,93.7,22.73,15.98,173.0,33.300000000000004,152.8,29.02,33.31,34.050000000000004,92.5,15.8,58.0,99.9,240.0,2903.0,1.47,37.0,15.05,7.09,35.97,28.92,0.0,245.0,1200.0
54122.307,0.0,140.0,90.2,22.69,15.94,172.0,33.45,151.20000000000002,29.02,33.4,33.9,93.0,15.700000000000001,57.7,100.0,240.5,2902.0,1.36,36.65,14.91,7.01,35.87,28.98,1.0,245.0,1200.0
54182.307,0.0,140.0,91.4,22.63,16.07,171.5,33.5,152.20000000000002,29.02,33.33,33.800000000000004,93.5,15.850000000000001,57.900000000000006,99.9,241.5,2898.0,1.4000000000000001,36.800000000000004,15.030000000000001,7.07,35.99,28.97,0.0,244.0,1200.0
54242.307,0.0,140.0,91.2,22.75,15.96,172.0,33.65,150.1,28.91,33.3,33.75,95.0,15.850000000000001,58.0,99.9,243.0,2896.0,1.34,36.9,15.01,6.97,36.03,28.94,0.0,241.0,1200.0
54302.307,0.0,140.0,90.0,22.71,15.98,170.5,33.45,151.4,28.97,33.39,33.800000000000004,93.0,15.850000000000001,57.6,99.9,238.0,2901.0,1.28,36.9,15.02,7.1000000000000005,36.050000000000004,29.02,0.0,240.5,1200.0
54362.307,0.0,140.0,92.30000000000001,22.67,15.950000000000001,173.0,33.45,152.1,29.0,33.410000000000004,33.800000000000004,93.0,15.8,57.2,99.9,240.5,2897.0,1.41,36.85,14.96,6.98,36.03,28.990000000000002,0.0,239.5,1200.0
54422.307,0.0,140.0,90.60000000000001,22.650000000000002,16.05,174.5,33.5,151.20000000000002,28.990000000000002,33.31,33.800000000000004,94.0,15.75,57.6,99.60000000000001,238.0,2896.0,1.29,36.85,15.08,7.0,35.980000000000004,28.990000000000002,2.0,241.0,1200.0
54482.307,0.0,140.0,92.0,22.68,16.05,172.5,33.4,151.4,29.02,33.29,33.85,95.0,15.700000000000001,57.6,99.60000000000001,240.0,2894.0,1.3,36.85,14.97,6.97,36.0,29.04,1.0,242.5,1200.0
54542.307,0.0,140.0,90.30000000000001,22.7,15.98,171.5,33.4,152.5,29.03,33.27,33.800000000000004,92.5,15.700000000000001,57.1,100.0,239.5,2899.0,1.24,36.800000000000004,15.030000000000001,6.95,36.12,29.0,0.0,238.5,1200.0
54602.306,0.0,140.0,92.80000000000001,22.64,15.950000000000001,169.5,33.35,150.6,28.94,33.29,33.85,93.5,15.65,57.400000000000006,100.0,237.0,2899.0,1.44,36.800000000000004,14.97,7.07,36.050000000000004,29.02,0.0,244.5,1200.0
54662.306,0.0,140.0,90.4,22.650000000000002,15.99,175.0,33.4,151.3,28.95,33.34,33.85,92.5,15.65,57.6,99.80000000000001,239.5,2900.0,1.43,36.7,15.030000000000001,7.01,35.99,28.94,0.0,239.5,1200.0
54722.306,0.0,140.0,91.0,22.67,16.04,173.5,33.550000000000004,152.0,28.98,33.28,33.75,94.5,15.850000000000001,57.400000000000006,99.7,239.5,2895.0,1.23,36.6,14.98,6.93,35.96,29.03,0.0,241.0,1200.0
54782.306,0.0,140.0,89.7,22.69,15.99,170.5,33.5,152.1,28.86,33.27,33.85,93.5,15.700000000000001,57.2,100.0,242.0,2894.0,1.33,36.85,15.01,7.08,35.94,28.92,0.0,240.5,1200.0
54842.306,0.0,140.0,91.2,22.64,16.0,169.0,33.35,152.20000000000002,29.02,33.38,33.85,91.5,15.700000000000001,57.7,99.80000000000001,239.0,2894.0,1.41,36.7,15.01,7.05,35.9,28.93,0.0,237.5,1200.0
54902.306,0.0,140.0,89.60000000000001,22.63,16.0,172.0,33.25,151.0,28.94,33.19,33.800000000000004,91.5,15.65,57.1,99.9,245.0,2886.0,1.36,36.800000000000004,14.97,6.99,35.95,29.0,0.0,243.0,1200.0
54962.306,0.0,140.0,92.0,22.67,15.94,171.0,33.45,153.0,28.97,33.27,33.800000000000004,93.0,15.65,57.800000000000004,100.0,240.0,2894.0,1.45,36.75,14.99,6.92,35.99,29.03,0.0,238.0,1200.0
55022.306,0.0,140.0,91.2,22.650000000000002,16.0,172.0,33.35,149.8,28.96,33.31,33.65,95.0,15.65,58.1,100.0,239.5,2894.0,1.34,36.65,14.98,7.09,35.97,29.080000000000002,0.0,239.0,1200.0
55082.306,0.0,140.0,90.30000000000001,22.71,16.04,169.5,33.550000000000004,153.70000000000002,28.89,33.160000000000004,33.65,92.5,15.850000000000001,57.6,100.0,238.5,2892.0,1.36,36.7,14.98,7.0200000000000005,36.01,29.060000000000002,0.0,236.0,1200.0
55142.306,0.0,140.0,89.9,22.69,15.89,170.5,33.35,151.0,28.93,33.26,33.7,92.5,15.75,57.2,100.0,237.5,2891.0,1.35,36.7,14.96,7.05,35.96,28.990000000000002,0.0,240.0,1200.0
55202.306,0.0,140.0,91.5,22.67,16.05,171.0,33.300000000000004,151.20000000000002,28.97,33.27,33.800000000000004,94.5,15.700000000000001,57.2,100.0,236.0,2889.0,1.55,36.65,14.97,6.95,35.99,29.0,0.0,238.5,1200.0
55262.305,0.0,140.0,90.9,22.75,15.93,171.5,33.45,151.6,28.92,33.230000000000004,33.85,95.0,15.700000000000001,57.1,99.7,241.5,2890.0,1.3900000000000001,36.800000000000004,14.98,6.93,35.980000000000004,28.85,0.0,235.0,1200.0
55322.305,0.0,140.0,91.4,22.650000000000002,16.06,169.0,33.35,152.5,28.89,33.230000000000004,33.800000000000004,93.5,15.850000000000001,57.1,99.9,237.0,2888.0,1.36,36.7,15.02,7.0,36.08,29.05,0.0,239.0,1200.0
55382.305,0.0,140.0,90.80000000000001,22.650000000000002,16.09,172.0,33.4,151.3,28.94,33.24,33.800000000000004,93.5,15.75,57.400000000000006,99.80000000000001,244.0,2884.0,1.41,36.550000000000004,14.98,6.97,36.04,28.96,0.0,240.0,1200.0
55442.305,0.0,140.0,89.4,22.64,15.98,172.0,33.4,154.20000000000002,29.04,33.24,33.65,91.5,15.75,57.6,100.0,239.0,2888.0,1.29,36.6,15.01,7.03,35.980000000000004,29.07,1.0,238.5,1200.0
55502.305,0.0,140.0,91.7,22.67,16.0,172.0,33.35,150.9,28.91,33.3,33.800000000000004,93.5,15.700000000000001,57.2,99.9,235.5,2889.0,1.58,36.6,14.99,7.01,36.04,28.96,1.0,235.5,1200.0
55562.305,0.0,140.0,91.2,22.7,15.91,171.0,33.300000000000004,150.3,29.03,33.33,34.0,92.5,15.65,57.5,99.9,241.0,2889.0,1.47,36.5,14.950000000000001,6.97,35.980000000000004,28.98,0.0,240.5,1200.0
55622.305,0.0,140.0,90.30000000000001,22.71,16.04,173.0,33.35,152.8,28.94,33.29,33.9,92.5,15.700000000000001,57.7,99.9,241.5,2894.0,1.47,36.6,14.99,7.01,35.980000000000004,28.92,0.0,239.5,1200.0
55682.305,0.0,140.0,89.9,22.73,16.02,170.0,33.4,150.8,28.92,33.34,33.9,91.5,15.850000000000001,57.7,100.0,241.0,2892.0,1.23,36.550000000000004,15.01,7.0,35.910000000000004,28.93,0.0,238.5,1200.0
55742.305,0.0,140.0,89.80000000000001,22.740000000000002,15.93,172.5,33.550000000000004,152.6,29.04,33.31,33.85,92.5,15.8,57.300000000000004,100.0,237.5,2897.0,1.42,36.65,14.99,7.03,35.95,28.96,1.0,241.0,1200.0
55802.305,0.0,140.0,91.60000000000001,22.64,15.97,171.0,33.300000000000004,152.8,28.97,33.27,33.800000000000004,93.5,15.9,57.0,100.0,241.0,2897.0,1.48,36.75,15.0,6.99,35.92,29.05,1.0,241.0,1200.0
55862.305,0.0,140.0,91.4,22.72,15.99,171.0,33.45,150.1,29.12,33.31,33.75,92.0,15.75,57.300000000000004,99.5,245.5,2897.0,1.43,36.7,14.99,7.07,35.980000000000004,28.94,0.0,238.5,1200.0
55922.305,0.0,140.0,92.30000000000001,22.67,16.080000000000002,171.0,33.550000000000004,151.5,28.990000000000002,33.27,33.75,92.0,15.700000000000001,57.900000000000006,99.80000000000001,244.0,2897.0,1.37,36.75,15.01,7.0600000000000005,35.96,29.07,0.0,244.5,1200.0
55982.304,0.0,140.0,90.5,22.69,15.96,170.0,33.45,149.6,29.060000000000002,33.27,34.0,93.5,15.8,58.1,99.60000000000001,239.5,2900.0,1.37,36.7,15.01,7.01,36.0,29.02,0.0,239.0,1200.0
56042.304,0.0,140.0,91.9,22.650000000000002,16.04,172.5,33.300000000000004,152.0,29.0,33.35,34.0,94.0,15.75,57.6,100.0,241.5,2899.0,1.3800000000000001,36.75,14.94,6.96,35.96,29.02,1.0,242.0,1200.0
56102.304,0.0,140.0,90.5,22.76,15.96,172.0,33.6,150.8,28.98,33.29,33.800000000000004,93.0,15.8,58.1,100.0,240.5,2895.0,1.44,36.85,14.97,7.08,35.95,28.96,0.0,240.5,1200.0
56162.304,0.0,140.0,90.4,22.69,16.02,171.5,33.5,151.3,28.91,33.37,33.85,94.0,15.65,57.0,99.80000000000001,239.5,2898.0,1.41,36.95,14.98,7.0200000000000005,35.97,28.98,1.0,243.0,1200.0
56222.304,0.0,140.0,89.10000000000001,22.71,15.98,173.0,33.4,152.4,28.900000000000002,33.33,33.95,93.5,15.700000000000001,57.6,100.0,239.5,2903.0,1.51,36.85,14.99,7.03,36.09,29.0,1.0,239.5,1200.0
56282.304,0.0,140.0,91.60000000000001,22.68,15.950000000000001,171.0,33.5,150.70000000000002,28.97,33.22,33.95,92.5,15.75,57.1,99.80000000000001,245.5,2896.0,1.51,36.7,14.950000000000001,6.94,36.04,29.02,0.0,240.0,1200.0
56342.304,0.0,140.0,91.60000000000001,22.66,16.03,171.0,33.4,151.5,29.080000000000002,33.38,33.95,92.5,15.65,57.400000000000006,99.9,244.5,2891.0,1.3800000000000001,36.65,15.040000000000001,7.0200000000000005,35.99,29.02,0.0,240.5,1200.0
56402.304,0.0,140.0,90.2,22.7,16.01,172.5,33.5,151.3,29.09,33.37,33.9,91.5,15.700000000000001,57.2,100.0,236.5,2894.0,1.44,36.75,15.02,6.99,36.08,29.060000000000002,1.0,241.5,1200.0
56462.304,0.0,140.0,91.80000000000001,22.64,15.91,172.0,33.4,152.4,29.080000000000002,33.28,33.95,94.0,15.700000000000001,57.5,99.60000000000001,241.5,2898.0,1.37,36.75,14.950000000000001,6.96,36.01,29.04,0.0,240.5,1200.0
56522.304,0.0,140.0,91.4,22.56,15.950000000000001,172.0,33.5,152.4,28.93,33.26,33.95,93.5,15.55,56.900000000000006,100.0,241.0,2892.0,1.25,36.800000000000004,15.030000000000001,7.01,35.9,28.96,3.0,239.0,1200.0
56582.304,0.0,140.0,90.60000000000001,22.67,15.93,172.0,33.4,150.0,29.02,33.22,33.85,93.0,15.8,57.300000000000004,99.60000000000001,243.5,2890.0,1.41,36.65,15.05,7.0200000000000005,35.93,28.97,0.0,237.5,1200.0
56642.303,0.0,140.0,92.10000000000001,22.67,15.93,172.0,33.45,150.20000000000002,28.93,33.33,33.800000000000004,93.0,15.75,57.400000000000006,100.0,235.5,2890.0,1.3,36.65,14.96,7.05,36.01,29.0,0.0,240.5,1200.0
56702.303,0.0,140.0,91.5,22.64,15.97,170.5,33.4,151.4,29.02,33.35,33.9,93.5,15.700000000000001,57.2,99.9,240.0,2888.0,1.5,36.7,14.99,6.98,35.99,29.03,0.0,236.0,1200.0
56762.303,0.0,140.0,91.10000000000001,22.64,16.02,169.5,33.25,150.20000000000002,28.98,33.230000000000004,33.9,92.0,15.700000000000001,57.6,100.0,240.0,2895.0,1.3800000000000001,36.65,15.05,7.03,36.07,29.04,0.0,241.5,1200.0
56822.303,0.0,140.0,90.30000000000001,22.7,15.96,171.0,33.35,150.6,28.95,33.25,33.7,92.0,15.65,57.300000000000004,99.80000000000001,242.5,2888.0,1.4000000000000001,36.7,15.0,6.93,36.02,29.04,0.0,244.0,1200.0
56882.303,0.0,140.0,90.4,22.68,15.97,173.5,33.300000000000004,151.4,29.04,33.32,33.800000000000004,93.5,15.700000000000001,57.6,100.0,238.5,2892.0,1.44,36.6,15.06,6.92,36.06,28.990000000000002,0.0,240.5,1200.0
56942.303,0.0,140.0,90.9,22.72,15.96,170.0,33.5,151.6,28.91,33.26,33.9,93.5,15.950000000000001,57.2,100.0,239.5,2886.0,1.44,36.75,14.98,7.0,35.93,28.96,1.0,240.0,1200.0
57002.303,0.0,140.0,90.4,22.71,15.96,170.0,33.5,151.1,28.89,33.22,33.800000000000004,93.0,15.600000000000001,57.400000000000006,99.60000000000001,238.5,2883.0,1.36,36.65,15.06,6.95,35.99,28.97,0.0,241.5,1200.0
57062.303,0.0,140.0,91.0,22.650000000000002,15.97,172.0,33.5,152.20000000000002,28.92,33.28,33.800000000000004,93.0,15.75,57.300000000000004,99.7,239.5,2891.0,1.45,36.65,14.93,6.99,35.95,28.96,2.0,237.0,1200.0
57122.303,0.0,140.0,93.0,22.650000000000002,16.01,172.0,33.5,152.6,29.05,33.21,33.7,93.0,15.8,57.400000000000006,99.9,239.0,2891.0,1.34,36.6,15.01,7.01,36.03,28.990000000000002,0.0,243.0,1200.0
57182.303,0.0,140.0,90.4,22.62,15.91,170.5,33.4,150.9,28.88,33.21,33.800000000000004,92.0,15.65,57.300000000000004,100.0,237.5,2892.0,1.28,36.7,15.05,7.0,36.03,29.03,0.0,237.5,1200.0
57242.303,0.0,140.0,90.7,22.66,16.01,171.5,33.35,151.3,28.91,33.3,33.75,93.0,15.700000000000001,57.2,100.0,237.0,2888.0,1.33,36.7,15.02,7.04,36.03,28.98,1.0,242.5,1200.0
57302.303,0.0,140.0,89.9,22.67,15.97,173.5,33.5,151.1,28.97,33.22,33.7,92.0,15.65,57.300000000000004,100.0,239.5,2888.0,1.35,36.75,15.030000000000001,7.0,35.95,29.04,0.0,236.5,1200.0
57362.302,0.0,140.0,90.60000000000001,22.68,16.09,170.0,33.45,151.0,28.96,33.230000000000004,33.85,92.0,15.75,57.300000000000004,99.5,241.5,2889.0,1.49,36.65,14.96,6.97,35.88,28.97,3.0,239.5,1200.0
57422.302,0.0,140.0,91.60000000000001,22.6,16.05,171.5,33.2,151.70000000000002,29.05,33.24,33.7,93.5,15.65,56.900000000000006,100.0,239.5,2892.0,1.35,36.550000000000004,15.01,7.03,35.94,28.91,2.0,236.0,1200.0
57482.302,0.0,140.0,90.60000000000001,22.54,15.99,171.5,33.4,150.1,29.02,33.29,33.85,94.0,15.65,57.1,99.80000000000001,243.0,2892.0,1.45,36.5,14.99,6.97,36.07,29.1,0.0,238.0,1200.0
57542.302,0.0,140.0,89.4,22.69,16.09,174.0,33.5,152.6,28.97,33.24,33.75,90.5,15.600000000000001,58.2,100.0,238.0,2887.0,1.46,36.75,15.040000000000001,7.01,35.95,28.95,1.0,240.5,1200.0
57602.302,0.0,140.0,91.2,22.650000000000002,15.950000000000001,172.5,33.35,151.9,29.0,33.42,33.85,91.0,15.700000000000001,57.300000000000004,100.0,239.5,2894.0,1.58,36.75,15.02,7.08,36.1,29.03,0.0,244.5,1200.0
57662.302,0.0,140.0,92.10000000000001,22.66,15.99,173.0,33.25,153.20000000000002,29.05,33.32,33.75,94.0,15.65,57.800000000000004,99.9,241.5,2891.0,1.28,36.800000000000004,15.02,7.01,36.01,28.97,0.0,240.5,1200.0
57722.302,0.0,140.0,91.0,22.6,16.01,172.5,33.5,150.6,28.96,33.26,33.800000000000004,92.0,15.8,57.1,100.0,240.5,2887.0,1.23,36.6,14.93,7.09,36.0,29.060000000000002,0.0,234.5,1200.0
57782.302,0.0,140.0,91.80000000000001,22.62,15.97,169.5,33.550000000000004,153.20000000000002,29.0,33.3,33.85,92.0,15.65,57.2,99.9,234.0,2890.0,1.47,36.85,14.950000000000001,6.98,35.97,28.990000000000002,0.0,238.0,1200.0
57842.302,0.0,140.0,92.2,22.68,16.01,171.5,33.45,152.1,29.060000000000002,33.3,33.75,93.0,15.65,57.400000000000006,100.0,241.5,2893.0,1.48,36.65,14.97,7.01,36.06,29.03,0.0,240.5,1200.0
57902.302,0.0,140.0,90.60000000000001,22.59,16.04,172.0,33.300000000000004,150.5,28.92,33.3,33.85,93.0,15.75,56.800000000000004,100.0,238.0,2892.0,1.34,36.6,15.0,6.99,36.1,29.04,0.0,236.0,1200.0
57962.302,0.0,140.0,90.9,22.66,16.0,171.5,33.4,150.70000000000002,28.990000000000002,33.29,33.85,91.5,15.75,57.7,99.80000000000001,238.0,2886.0,1.19,36.75,14.99,7.0200000000000005,35.97,29.03,0.0,238.0,1200.0
58022.302,0.0,140.0,91.4,22.62,15.950000000000001,172.5,33.300000000000004,153.20000000000002,28.87,33.230000000000004,33.85,91.5,15.850000000000001,57.1,99.80000000000001,238.5,2892.0,1.34,36.65,15.05,6.97,35.88,29.060000000000002,0.0,237.5,1200.0
58082.301,0.0,140.0,91.4,22.55,15.96,174.0,33.25,151.70000000000002,28.96,33.31,33.75,94.5,15.75,57.300000000000004,99.80000000000001,237.5,2893.0,1.3900000000000001,36.6,14.96,7.0600000000000005,35.99,29.09,1.0,243.0,1200.0
58142.301,0.0,140.0,90.5,22.68,16.11,173.0,33.4,152.3,28.98,33.26,33.9,94.0,15.700000000000001,57.7,99.4,242.5,2892.0,1.29,36.7,14.92,6.98,35.99,28.89,0.0,243.0,1200.0
58202.301,0.0,140.0,90.2,22.68,16.05,171.0,33.45,149.5,28.990000000000002,33.19,33.800000000000004,92.5,15.75,57.400000000000006,100.0,235.0,2893.0,1.25,36.6,14.96,6.94,35.96,28.98,0.0,238.5,1200.0
58262.301,0.0,140.0,89.2,22.63,16.06,173.0,33.35,150.9,28.87,33.25,33.75,93.5,15.75,57.400000000000006,100.0,234.5,2891.0,1.4000000000000001,36.65,15.07,7.01,36.1,29.03,0.0,237.5,1200.0
58322.301,0.0,140.0,92.30000000000001,22.62,16.07,172.0,33.4,151.6,29.02,33.21,33.9,93.0,15.65,57.5,100.0,240.0,2890.0,1.29,36.550000000000004,15.0,6.97,35.94,29.1,1.0,236.0,1200.0
58382.301,0.0,140.0,91.2,22.68,16.02,172.0,33.45,151.4,28.91,33.230000000000004,33.85,93.5,15.65,57.6,100.0,239.5,2895.0,1.29,36.6,15.0,6.97,35.92,28.990000000000002,0.0,236.5,1200.0
58442.301,0.0,140.0,91.7,22.56,16.0,173.0,33.4,150.1,28.93,33.26,33.800000000000004,91.0,15.65,57.300000000000004,99.60000000000001,238.0,2894.0,1.46,36.65,15.02,7.0200000000000005,35.980000000000004,28.94,2.0,239.5,1200.0
58502.301,0.0,140.0,92.30000000000001,22.64,15.99,170.0,33.45,151.4,28.91,33.27,33.75,91.5,15.75,57.6,99.9,243.5,2891.0,1.4000000000000001,36.65,15.030000000000001,6.99,35.980000000000004,29.01,2.0,240.0,1200.0
58562.301,0.0,140.0,89.10000000000001,22.67,15.98,171.5,33.45,150.9,28.990000000000002,33.27,33.75,91.5,15.700000000000001,57.300000000000004,99.80000000000001,239.5,2890.0,1.43,36.6,15.07,7.0,36.07,28.92,2.0,241.0,1200.0
58622.301,0.0,140.0,91.4,22.67,15.98,170.5,33.45,150.3,29.01,33.29,33.800000000000004,92.5,15.850000000000001,56.7,100.0,241.5,2887.0,1.44,36.75,14.97,7.01,35.94,28.88,2.0,240.5,1200.0
58682.301,0.0,140.0,92.80000000000001,22.57,15.93,173.5,33.4,152.6,28.93,33.28,33.95,94.5,15.700000000000001,56.900000000000006,100.0,238.5,2902.0,1.31,36.7,15.09,6.92,35.99,29.0,0.0,242.5,1200.0
58742.301,0.0,140.0,91.30000000000001,22.61,16.03,170.5,33.6,151.0,28.97,33.230000000000004,33.9,93.0,15.950000000000001,56.900000000000006,100.0,239.5,2888.0,1.47,36.85,14.97,6.99,36.07,28.94,2.0,236.5,1200.0
58802.301,0.0,140.0,92.0,22.57,16.0,173.0,33.35,150.4,28.990000000000002,33.28,33.9,93.5,15.8,57.400000000000006,99.5,240.0,2893.0,1.44,36.6,15.05,7.07,36.1,29.07,0.0,238.5,1200.0
58862.3,0.0,140.0,90.7,22.69,15.97,173.0,33.45,152.4,29.060000000000002,33.26,33.85,93.0,15.65,57.6,99.9,242.5,2889.0,1.41,36.75,15.05,6.99,36.03,28.98,2.0,236.0,1200.0
58922.3,0.0,140.0,90.7,22.64,16.03,172.5,33.6,151.20000000000002,29.04,33.32,33.800000000000004,91.5,15.8,57.2,99.7,244.0,2893.0,1.3900000000000001,36.75,15.0,7.0200000000000005,35.94,28.92,0.0,244.0,1200.0
58982.3,0.0,140.0,91.9,22.64,16.04,170.5,33.550000000000004,152.1,29.060000000000002,33.28,33.7,92.5,15.600000000000001,56.800000000000004,99.7,241.0,2892.0,1.36,36.550000000000004,14.97,6.97,36.04,29.05,4.0,238.0,1200.0
59042.3,0.0,140.0,91.30000000000001,22.6,16.01,172.0,33.4,150.9,29.03,33.32,33.75,93.5,15.8,57.6,99.9,235.5,2894.0,1.19,36.6,15.02,7.03,36.0,28.93,0.0,241.5,1200.0
59102.3,0.0,140.0,90.10000000000001,22.6,16.07,172.0,33.45,152.3,29.03,33.22,33.85,91.5,15.700000000000001,57.2,100.0,243.0,2890.0,1.31,36.6,14.97,6.96,36.02,29.05,2.0,237.5,1200.0
59162.3,0.0,140.0,88.4,22.68,15.92,172.5,33.5,150.3,28.97,33.26,33.75,90.0,15.700000000000001,57.5,99.7,237.5,2890.0,1.45,36.65,15.0,7.05,35.96,28.97,2.0,243.0,1200.0
59222.3,0.0,140.0,91.30000000000001,22.63,16.07,172.0,33.35,150.70000000000002,28.990000000000002,33.160000000000004,33.85,92.0,15.65,57.400000000000006,100.0,236.0,2891.0,1.28,36.6,15.01,7.0,35.99,29.02,0.0,236.5,1200.0
59282.3,0.0,140.0,90.80000000000001,22.67,15.99,170.5,33.5,151.9,29.01,33.28,33.85,92.5,15.65,56.900000000000006,100.0,241.0,2887.0,1.3800000000000001,36.65,15.02,7.07,36.06,28.990000000000002,1.0,240.0,1200.0
59342.3,0.0,140.0,92.60000000000001,22.63,16.0,172.5,33.5,150.8,28.990000000000002,33.37,33.800000000000004,91.0,15.8,57.5,100.0,239.5,2897.0,1.4000000000000001,36.7,14.97,7.11,35.99,28.990000000000002,0.0,246.0,1200.0
59402.3,0.0,140.0,91.7,22.6,15.96,173.5,33.5,151.1,29.03,33.34,34.0,91.5,15.700000000000001,57.2,99.9,240.5,2896.0,1.53,36.65,15.01,7.09,36.06,29.03,1.0,237.5,1200.0
59462.3,0.0,140.0,91.30000000000001,22.650000000000002,16.03,173.0,33.45,151.3,29.04,33.410000000000004,33.9,93.0,15.75,57.2,100.0,242.0,2893.0,1.47,36.7,15.06,7.05,36.050000000000004,29.060000000000002,4.0,237.5,1200.0
59522.3,0.0,140.0,90.30000000000001,22.72,15.950000000000001,174.0,33.45,151.6,29.04,33.34,33.800000000000004,92.5,15.65,57.300000000000004,100.0,241.0,2897.0,1.4000000000000001,36.7,14.96,7.0200000000000005,36.02,28.990000000000002,2.0,236.5,1200.0
59582.299,0.0,140.0,91.2,22.61,16.04,171.0,33.5,151.9,28.98,33.32,33.7,91.0,15.75,57.5,100.0,236.0,2895.0,1.45,36.6,15.0,6.97,35.980000000000004,29.0,2.0,241.5,1200.0
59642.299,0.0,140.0,90.9,22.68,16.1,171.5,33.45,151.8,29.07,33.36,33.95,92.5,15.700000000000001,56.900000000000006,100.0,241.0,2887.0,1.22,36.9,14.98,7.0200000000000005,35.980000000000004,29.0,1.0,240.5,1200.0
59702.299,0.0,140.0,91.0,22.67,16.03,170.5,33.550000000000004,150.6,29.080000000000002,33.36,34.0,92.5,15.75,57.400000000000006,100.0,238.5,2898.0,1.34,36.75,15.02,7.0200000000000005,36.04,29.11,0.0,237.5,1200.0
59762.299,0.0,140.0,92.10000000000001,22.67,16.04,170.5,33.5,151.0,29.03,33.29,33.800000000000004,91.5,15.700000000000001,57.2,99.5,239.5,2896.0,1.33,36.7,15.08,7.03,36.03,29.07,1.0,244.5,1200.0
59822.299,0.0,140.0,90.7,22.62,16.01,171.0,33.45,151.5,29.07,33.29,33.9,92.0,15.75,57.6,100.0,237.5,2890.0,1.3800000000000001,36.7,15.02,6.99,35.980000000000004,28.990000000000002,0.0,243.5,1200.0
59882.299,0.0,140.0,90.7,22.72,16.07,173.5,33.5,152.70000000000002,29.080000000000002,33.37,33.75,93.0,15.700000000000001,57.2,100.0,242.5,2897.0,1.48,36.7,14.98,7.0,36.0,28.94,0.0,241.0,1200.0
59942.299,0.0,140.0,92.9,22.650000000000002,16.0,173.5,33.45,152.0,29.1,33.4,33.800000000000004,91.5,15.700000000000001,57.5,100.0,242.0,2897.0,1.29,36.85,14.93,7.0200000000000005,35.97,29.05,1.0,242.5,1200.0
60002.299,0.0,140.0,90.10000000000001,22.66,16.02,173.5,33.5,151.70000000000002,29.0,33.39,33.95,92.5,15.75,57.5,99.9,242.5,2898.0,1.28,36.9,15.02,6.98,36.04,29.02,0.0,239.5,1200.0
60062.299,0.0,140.0,91.10000000000001,22.75,15.94,173.5,33.550000000000004,152.5,29.05,33.39,33.85,92.5,15.65,57.900000000000006,100.0,240.0,2895.0,1.29,36.75,15.06,7.04,36.06,28.990000000000002,0.0,238.5,1200.0
60122.299,0.0,140.0,89.7,22.78,16.05,170.0,33.45,151.4,28.990000000000002,33.42,33.75,92.5,15.75,58.2,99.80000000000001,244.5,2892.0,1.32,36.800000000000004,15.01,6.99,36.0,28.990000000000002,0.0,240.0,1200.0
60182.299,0.0,140.0,90.80000000000001,22.71,16.03,171.5,33.4,151.20000000000002,28.990000000000002,33.38,33.9,93.0,15.8,57.7,100.0,245.5,2897.0,1.28,36.800000000000004,14.97,7.01,36.08,29.01,2.0,239.0,1200.0
60242.299,0.0,140.0,91.7,22.67,16.02,171.5,33.35,152.5,29.03,33.31,33.800000000000004,90.5,15.700000000000001,57.6,99.7,240.0,2894.0,1.47,36.9,14.96,6.94,36.01,29.01,0.0,242.0,1200.0
60302.299,0.0,140.0,91.4,22.7,15.96,171.0,33.5,153.4,29.02,33.37,33.85,91.5,15.55,57.400000000000006,100.0,240.5,2894.0,1.31,36.9,14.99,6.98,35.980000000000004,29.01,1.0,240.5,1200.0
60362.298,0.0,140.0,90.60000000000001,22.63,15.96,172.0,33.35,151.4,28.990000000000002,33.33,33.85,91.5,15.850000000000001,57.400000000000006,99.7,243.0,2900.0,1.34,36.85,15.0,7.01,35.99,29.02,1.0,239.5,1200.0
60422.298,0.0,140.0,89.7,22.61,16.03,173.0,33.6,151.20000000000002,28.98,33.27,33.800000000000004,94.0,15.8,58.0,99.7,238.5,2895.0,1.36,36.7,14.91,6.97,35.980000000000004,28.97,0.0,244.0,1200.0
60482.298,0.0,140.0,91.30000000000001,22.61,16.080000000000002,172.0,33.5,150.3,28.98,33.38,33.85,94.5,15.850000000000001,57.2,99.5,239.5,2897.0,1.44,36.7,15.0,6.98,36.03,28.95,0.0,242.0,1200.0
60542.298,0.0,140.0,91.7,22.67,16.0,171.5,33.5,153.20000000000002,29.03,33.29,33.75,92.0,15.65,57.5,100.0,245.5,2895.0,1.35,36.75,15.02,7.03,36.050000000000004,28.98,0.0,240.5,1200.0
60602.298,0.0,140.0,89.7,22.66,15.97,172.0,33.45,149.4,28.91,33.31,33.7,94.5,15.700000000000001,57.0,100.0,242.0,2892.0,1.21,36.800000000000004,14.99,7.0600000000000005,35.94,28.89,0.0,236.5,1200.0
60662.298,0.0,140.0,89.10000000000001,22.650000000000002,15.92,172.5,33.4,150.0,29.03,33.43,33.9,93.5,15.8,58.0,99.4,243.5,2899.0,1.32,36.7,15.040000000000001,6.97,35.95,28.990000000000002,0.0,239.5,1200.0
60722.298,0.0,140.0,92.30000000000001,22.64,16.04,172.0,33.5,151.70000000000002,29.02,33.27,33.85,94.0,15.65,57.300000000000004,100.0,243.0,2893.0,1.47,36.800000000000004,15.06,7.01,35.980000000000004,28.93,0.0,241.0,1200.0
60782.298,0.0,140.0,92.60000000000001,22.69,15.99,172.0,33.45,150.8,29.01,33.410000000000004,33.7,92.5,15.75,57.300000000000004,99.9,242.0,2897.0,1.49,36.85,14.97,6.97,35.99,29.09,1.0,235.0,1200.0
60842.298,0.0,140.0,91.10000000000001,22.6,16.04,173.0,33.4,150.5,29.05,33.29,33.85,91.5,15.8,57.900000000000006,99.9,243.5,2896.0,1.49,36.75,14.99,6.98,36.07,29.09,0.0,243.0,1200.0
60902.298,0.0,140.0,91.80000000000001,22.580000000000002,16.03,171.5,33.550000000000004,151.70000000000002,28.95,33.410000000000004,33.95,92.0,15.65,57.5,100.0,236.5,2895.0,1.47,36.7,15.0,6.98,35.99,28.990000000000002,2.0,241.0,1200.0
60962.298,0.0,140.0,92.5,22.67,15.93,171.0,33.35,151.4,29.05,33.29,33.85,93.0,15.600000000000001,57.400000000000006,100.0,240.0,2895.0,1.48,36.85,14.96,7.01,35.910000000000004,28.85,1.0,240.5,1200.0
61022.298,0.0,140.0,90.5,22.67,15.98,173.5,33.550000000000004,150.9,29.060000000000002,33.29,33.75,94.5,15.65,57.7,100.0,239.5,2897.0,1.58,36.75,14.94,6.99,36.02,28.98,2.0,240.0,1200.0
61082.298,0.0,140.0,90.9,22.71,15.99,173.0,33.550000000000004,152.0,29.01,33.4,33.9,93.5,15.600000000000001,57.7,100.0,241.0,2896.0,1.3900000000000001,36.75,14.98,6.99,35.96,29.060000000000002,1.0,238.5,1200.0
61142.297,0.0,140.0,89.9,22.66,15.98,171.0,33.4,151.5,29.0,33.32,33.85,92.0,15.700000000000001,57.300000000000004,100.0,242.5,2894.0,1.47,36.7,14.99,6.97,35.92,28.98,0.0,239.5,1200.0
61202.297,0.0,140.0,91.2,22.650000000000002,15.92,171.0,33.300000000000004,153.3,28.97,33.28,33.9,93.5,15.65,57.0,100.0,242.5,2899.0,1.3900000000000001,36.800000000000004,14.99,6.97,35.96,29.03,0.0,243.5,1200.0
61262.297,0.0,140.0,90.0,22.66,15.98,171.5,33.550000000000004,152.0,29.05,33.34,33.95,93.0,15.65,57.5,99.9,242.0,2891.0,1.42,36.800000000000004,15.0,6.99,35.910000000000004,28.95,0.0,242.5,1200.0
61322.297,0.0,140.0,88.80000000000001,22.71,15.99,171.0,33.5,150.6,28.93,33.31,33.95,93.5,15.75,57.1,99.9,243.0,2896.0,1.58,36.800000000000004,15.01,7.0600000000000005,36.04,29.04,2.0,245.0,1200.0
61382.297,0.0,140.0,91.80000000000001,22.66,16.02,172.5,33.4,151.9,28.95,33.31,33.9,92.5,15.700000000000001,57.800000000000004,100.0,241.5,2895.0,1.32,36.800000000000004,14.99,7.01,36.02,29.04,1.0,239.0,1200.0
61442.297,0.0,140.0,92.10000000000001,22.68,16.02,171.0,33.45,150.8,28.900000000000002,33.44,33.85,91.5,15.700000000000001,57.7,100.0,243.5,2897.0,1.4000000000000001,36.75,14.96,7.0200000000000005,35.97,28.990000000000002,1.0,240.0,1200.0
61502.297,0.0,140.0,91.60000000000001,22.61,15.93,173.5,33.45,152.1,28.89,33.25,33.800000000000004,92.0,15.5,57.6,99.5,238.5,2895.0,1.32,36.7,14.99,6.97,36.03,28.97,0.0,237.0,1200.0
61562.297,0.0,140.0,90.9,22.69,15.93,172.0,33.4,151.8,28.900000000000002,33.25,33.75,93.5,15.700000000000001,58.2,99.80000000000001,235.5,2897.0,1.3800000000000001,36.75,14.97,7.03,36.06,28.98,1.0,239.0,1200.0
61622.297,0.0,140.0,91.4,22.67,15.97,169.5,33.300000000000004,151.4,28.89,33.21,33.75,93.0,15.850000000000001,57.6,100.0,240.0,2893.0,1.3,36.7,14.96,7.01,36.0,28.97,0.0,238.0,1200.0
61682.297,0.0,140.0,90.2,22.67,15.98,169.5,33.45,151.4,29.060000000000002,33.12,33.75,92.5,15.75,57.800000000000004,100.0,241.0,2895.0,1.36,36.75,15.030000000000001,7.0,36.0,29.060000000000002,0.0,241.0,1200.0
61742.297,0.0,140.0,91.30000000000001,22.650000000000002,15.97,170.5,33.550000000000004,151.6,28.96,33.27,33.800000000000004,94.0,15.75,57.900000000000006,99.80000000000001,245.0,2883.0,1.37,36.65,14.99,6.99,35.980000000000004,28.990000000000002,0.0,236.5,1200.0
61802.297,0.0,140.0,92.2,22.69,15.99,171.5,33.25,151.3,28.93,33.19,33.65,91.5,15.8,57.2,99.80000000000001,239.5,2884.0,1.45,36.800000000000004,14.92,6.97,35.910000000000004,28.97,0.0,240.0,1200.0
61862.297,0.0,140.0,90.9,22.64,16.01,170.5,33.25,153.1,28.82,33.2,33.75,92.0,15.9,57.5,100.0,239.0,2887.0,1.37,36.7,14.97,6.96,36.02,28.94,2.0,239.0,1200.0
61922.296,0.0,140.0,91.0,22.68,15.96,171.0,33.300000000000004,152.70000000000002,28.88,33.21,33.75,89.5,15.700000000000001,57.6,100.0,238.5,2885.0,1.49,36.800000000000004,14.97,7.0,36.03,28.98,0.0,242.5,1200.0
61982.296,0.0,140.0,90.60000000000001,22.64,16.03,172.0,33.2,151.9,28.93,33.26,33.7,91.0,15.700000000000001,58.1,100.0,239.5,2892.0,1.3900000000000001,36.7,15.02,7.01,36.03,28.94,1.0,240.0,1200.0
62042.296,0.0,140.0,91.60000000000001,22.64,15.99,171.0,33.35,149.9,28.92,33.21,33.75,94.0,15.850000000000001,57.2,99.9,244.0,2893.0,1.5,36.65,14.98,7.03,36.04,29.060000000000002,1.0,240.5,1200.0
62102.296,0.0,140.0,92.4,22.67,15.96,172.5,33.300000000000004,150.5,28.85,33.29,33.85,91.0,15.9,57.6,100.0,243.0,2890.0,1.41,36.6,15.06,6.95,35.94,29.05,0.0,240.0,1200.0
62162.296,0.0,140.0,92.2,22.69,15.98,170.5,33.45,152.5,29.060000000000002,33.27,33.9,93.5,15.8,57.300000000000004,99.7,237.5,2890.0,1.23,36.800000000000004,14.96,7.07,35.980000000000004,28.96,0.0,239.5,1200.0
62222.296,0.0,140.0,91.10000000000001,22.6,16.01,172.0,33.45,152.4,28.95,33.19,33.85,91.5,15.9,57.1,100.0,241.5,2893.0,1.33,36.65,15.0,7.0,35.96,28.89,0.0,238.0,1200.0
62282.296,0.0,140.0,90.9,22.68,15.950000000000001,174.5,33.45,151.4,28.94,33.28,33.95,92.0,15.75,58.2,99.9,238.0,2895.0,1.41,36.550000000000004,14.97,6.99,35.99,29.02,1.0,235.5,1200.0
62342.296,0.0,140.0,92.2,22.66,16.05,172.0,33.4,150.9,28.97,33.19,33.800000000000004,92.5,15.700000000000001,57.2,99.80000000000001,237.5,2887.0,1.37,36.65,15.06,7.04,36.08,29.02,1.0,233.5,1200.0
62402.296,0.0,140.0,91.5,22.61,16.02,171.5,33.45,150.9,29.05,33.25,33.85,92.5,15.65,57.2,100.0,236.5,2888.0,1.33,36.800000000000004,15.0,7.05,36.06,28.98,0.0,244.0,1200.0
62462.296,0.0,140.0,91.0,22.61,16.05,170.5,33.5,151.4,28.98,33.26,33.85,94.5,15.65,57.800000000000004,100.0,240.5,2894.0,1.4000000000000001,36.75,15.02,7.01,36.04,28.96,2.0,239.0,1200.0
62522.296,0.0,140.0,91.7,22.61,16.03,173.0,33.300000000000004,150.9,29.05,33.3,33.800000000000004,93.5,15.700000000000001,57.5,99.9,240.5,2892.0,1.53,36.75,15.040000000000001,7.0200000000000005,35.97,28.990000000000002,4.0,240.5,1200.0
62582.296,0.0,140.0,90.7,22.68,16.01,173.0,33.25,150.6,28.91,33.27,33.800000000000004,92.5,15.950000000000001,57.1,100.0,239.5,2896.0,1.37,36.75,15.02,7.08,35.97,28.94,0.0,240.0,1200.0
62642.296,0.0,140.0,90.7,22.67,16.04,170.0,33.45,150.5,29.01,33.33,33.85,91.5,15.8,57.0,99.80000000000001,242.5,2895.0,1.22,36.75,14.950000000000001,7.0200000000000005,36.0,28.990000000000002,1.0,238.5,1200.0
62702.295,0.0,140.0,90.30000000000001,22.69,16.06,170.5,33.4,149.5,29.0,33.31,33.95,90.5,15.75,57.5,99.60000000000001,237.5,2892.0,1.46,36.800000000000004,15.01,7.01,35.92,28.94,1.0,239.5,1200.0
62762.295,0.0,140.0,91.7,22.7,16.05,171.5,33.550000000000004,154.0,28.94,33.34,33.85,92.5,15.8,57.900000000000006,100.0,240.0,2894.0,1.47,36.7,15.01,7.05,36.04,28.96,0.0,237.5,1200.0
62822.295,0.0,140.0,89.30000000000001,22.61,16.0,174.0,33.65,151.5,28.92,33.33,33.75,93.0,15.850000000000001,57.2,99.5,241.0,2898.0,1.3900000000000001,36.75,14.99,7.0,36.01,29.0,0.0,239.5,1200.0
62882.295,0.0,140.0,91.10000000000001,22.66,16.03,170.5,33.45,152.20000000000002,29.04,33.37,33.800000000000004,92.0,15.700000000000001,57.2,100.0,239.5,2897.0,1.36,36.7,14.98,7.0200000000000005,36.0,28.990000000000002,2.0,243.5,1200.0
62942.295,0.0,140.0,90.9,22.63,16.02,170.5,33.5,151.5,29.01,33.45,33.95,92.5,15.600000000000001,57.400000000000006,99.80000000000001,242.0,2898.0,1.28,36.65,14.99,6.99,36.01,28.97,1.0,239.0,1200.0
63002.295,0.0,140.0,89.5,22.7,15.97,171.5,33.6,151.3,29.060000000000002,33.38,33.9,93.5,15.700000000000001,57.800000000000004,100.0,243.5,2897.0,1.31,36.65,15.02,7.08,35.95,28.96,2.0,240.0,1200.0
63062.295,0.0,140.0,90.10000000000001,22.61,16.02,173.0,33.35,152.5,29.14,33.34,33.85,91.5,15.75,57.7,100.0,245.5,2898.0,1.43,36.85,15.07,6.99,36.02,29.080000000000002,1.0,239.5,1200.0
63122.295,0.0,140.0,91.4,22.72,15.99,173.0,33.550000000000004,152.70000000000002,29.05,33.39,33.95,93.0,15.700000000000001,57.7,100.0,237.5,2897.0,1.33,36.75,15.02,7.04,36.0,29.0,0.0,240.0,1200.0
63182.295,0.0,140.0,88.4,22.67,16.0,172.0,33.45,150.1,29.02,33.32,33.85,93.0,15.65,57.5,99.5,238.5,2895.0,1.36,36.75,15.05,7.0200000000000005,36.03,29.01,3.0,238.0,1200.0
63242.295,0.0,140.0,90.7,22.69,16.0,170.0,33.550000000000004,150.3,29.03,33.25,34.050000000000004,91.5,15.65,57.2,100.0,240.0,2899.0,1.42,36.75,15.040000000000001,7.01,35.95,28.96,0.0,237.0,1200.0
63302.295,0.0,140.0,91.9,22.72,15.98,171.5,33.5,149.3,28.990000000000002,33.33,34.0,94.5,15.600000000000001,56.800000000000004,100.0,240.5,2894.0,1.48,36.6,15.040000000000001,7.03,35.94,29.060000000000002,0.0,243.0,1200.0
63362.295,0.0,140.0,89.2,22.69,15.93,172.0,33.45,151.70000000000002,29.07,33.34,33.9,93.0,15.8,56.900000000000006,100.0,241.5,2894.0,1.46,36.85,15.02,7.0,35.97,29.05,2.0,239.5,1200.0
63422.295,0.0,140.0,92.60000000000001,22.67,15.98,173.5,33.45,152.8,28.97,33.34,33.7,88.0,15.65,57.6,100.0,241.5,2896.0,1.26,36.7,14.98,7.0,36.02,29.04,0.0,238.5,1200.0
63482.295,0.0,140.0,91.4,22.6,15.98,170.0,33.5,151.8,29.0,33.3,33.85,93.0,15.850000000000001,57.6,99.9,243.0,2897.0,1.61,36.85,14.98,6.98,36.0,28.95,0.0,239.5,1200.0
63542.294,0.0,140.0,92.9,22.72,16.03,171.0,33.45,151.3,28.97,33.33,33.85,91.0,15.9,57.400000000000006,100.0,238.5,2889.0,1.42,36.65,15.05,7.03,35.980000000000004,29.05,0.0,245.5,1200.0
63602.294,0.0,140.0,90.7,22.7,16.0,169.5,33.25,149.8,28.97,33.230000000000004,33.9,93.0,15.75,57.400000000000006,100.0,238.5,2894.0,1.26,36.75,15.030000000000001,6.97,36.0,29.02,1.0,243.0,1200.0
63662.294,0.0,140.0,90.7,22.59,16.0,171.0,33.4,151.3,28.98,33.29,33.85,89.5,15.850000000000001,57.0,100.0,238.5,2887.0,1.42,36.7,14.97,7.01,35.94,28.96,0.0,241.5,1200.0
63722.294,0.0,140.0,92.7,22.66,15.98,171.0,33.4,151.20000000000002,28.990000000000002,33.31,33.75,94.5,15.65,57.2,100.0,237.5,2888.0,1.32,36.7,15.030000000000001,6.99,36.07,28.98,0.0,246.0,1200.0
63782.294,0.0,140.0,90.10000000000001,22.7,15.97,170.5,33.45,149.1,28.97,33.25,33.800000000000004,91.0,15.65,57.0,100.0,244.5,2892.0,1.44,36.800000000000004,15.030000000000001,6.96,35.97,28.95,0.0,242.5,1200.0
63842.294,0.0,140.0,91.4,22.63,16.02,168.5,33.5,150.9,28.990000000000002,33.14,33.75,91.5,15.75,57.400000000000006,100.0,244.0,2887.0,1.21,36.800000000000004,15.0,7.01,36.0,29.0,0.0,242.0,1200.0
63902.294,0.0,140.0,90.60000000000001,22.64,16.06,172.0,33.35,152.5,29.03,33.3,33.7,93.5,15.700000000000001,56.800000000000004,100.0,239.5,2889.0,1.33,36.65,15.030000000000001,6.96,35.99,28.95,1.0,238.5,1200.0
63962.294,0.0,140.0,91.4,22.66,15.98,171.0,33.35,150.1,28.94,33.28,33.7,91.0,15.700000000000001,57.5,100.0,235.0,2889.0,1.27,36.75,15.040000000000001,6.97,36.06,29.12,0.0,240.0,1200.0
64022.294,0.0,140.0,90.60000000000001,22.7,15.96,172.0,33.4,150.3,28.990000000000002,33.39,33.75,94.0,15.8,57.400000000000006,100.0,239.0,2893.0,1.47,36.7,15.05,7.04,35.980000000000004,29.03,0.0,240.0,1200.0
64082.294,0.0,140.0,90.2,22.63,16.01,171.5,33.45,152.1,28.94,33.27,33.9,94.5,15.75,57.300000000000004,99.7,242.5,2892.0,1.28,36.800000000000004,14.99,7.03,35.980000000000004,29.02,0.0,237.5,1200.0
64142.294,0.0,140.0,90.7,22.72,16.02,173.0,33.550000000000004,151.0,28.990000000000002,33.25,33.800000000000004,92.5,15.700000000000001,57.300000000000004,99.7,242.5,2893.0,1.37,36.6,15.02,7.05,35.97,28.98,0.0,238.0,1200.0
64202.294,0.0,140.0,89.4,22.59,16.06,172.5,33.25,151.4,28.990000000000002,33.26,33.800000000000004,93.5,15.8,57.0,99.60000000000001,236.0,2893.0,1.3800000000000001,36.85,14.96,7.08,36.02,28.990000000000002,0.0,239.5,1200.0
64262.294,0.0,140.0,91.10000000000001,22.68,15.97,170.5,33.4,152.3,29.04,33.230000000000004,33.9,92.5,15.75,57.6,99.9,242.0,2889.0,1.3800000000000001,36.550000000000004,15.030000000000001,7.03,36.0,29.0,2.0,242.0,1200.0
64322.294,0.0,140.0,91.0,22.67,16.02,174.5,33.35,150.5,29.04,33.29,33.9,93.0,15.75,57.6,99.9,235.0,2891.0,1.32,36.75,15.030000000000001,7.01,35.94,29.02,1.0,237.5,1200.0
64382.293,0.0,140.0,91.2,22.76,16.0,174.0,33.35,151.0,28.98,33.27,33.85,91.5,15.65,57.1,99.9,241.0,2891.0,1.58,36.800000000000004,14.99,6.99,35.980000000000004,28.88,0.0,239.0,1200.0
64442.293,0.0,140.0,90.9,22.69,15.96,170.5,33.550000000000004,150.9,28.990000000000002,33.32,33.65,93.0,15.75,57.5,100.0,243.5,2892.0,1.35,36.6,14.950000000000001,7.04,36.07,29.04,2.0,242.5,1200.0
64502.293,0.0,140.0,91.2,22.73,16.06,170.5,33.35,150.3,28.92,33.25,33.75,90.5,15.75,57.6,99.30000000000001,240.5,2896.0,1.48,36.65,14.98,7.0,36.07,28.97,1.0,241.0,1200.0
64562.293,0.0,140.0,91.80000000000001,22.73,16.12,171.0,33.4,151.4,28.87,33.19,33.75,94.0,15.8,57.6,99.9,239.0,2896.0,1.35,36.75,14.99,7.01,35.99,29.03,1.0,238.5,1200.0
64622.293,0.0,140.0,90.80000000000001,22.75,15.950000000000001,173.0,33.25,151.1,28.98,33.29,33.7,92.5,15.55,57.800000000000004,100.0,239.5,2897.0,1.51,36.75,15.01,6.92,35.95,29.03,0.0,242.0,1200.0
64682.293,0.0,140.0,91.30000000000001,22.71,16.04,171.0,33.35,152.3,28.87,33.25,33.75,92.0,15.700000000000001,58.0,100.0,240.0,2892.0,1.44,36.6,15.01,7.0,36.03,28.94,2.0,243.5,1200.0
64742.293,0.0,140.0,91.10000000000001,22.740000000000002,16.04,170.0,33.25,150.70000000000002,28.92,33.21,33.7,93.5,15.55,58.2,100.0,237.5,2894.0,1.25,36.5,15.030000000000001,6.99,35.9,28.94,0.0,243.5,1200.0
64802.293,0.0,140.0,91.30000000000001,22.72,16.11,172.0,33.35,151.9,28.85,33.14,33.85,93.0,15.700000000000001,57.800000000000004,100.0,246.0,2894.0,1.43,36.7,15.01,7.0600000000000005,36.03,28.91,1.0,243.0,1200.0
64862.293,0.0,140.0,91.0,22.62,15.96,173.0,33.4,151.3,28.88,33.27,33.65,93.5,15.600000000000001,57.6,100.0,235.5,2892.0,1.3800000000000001,36.65,15.01,6.98,36.07,28.990000000000002,0.0,239.0,1200.0
64922.293,0.0,140.0,91.5,22.43,15.89,169.5,33.300000000000004,151.1,28.93,33.11,33.7,92.0,15.600000000000001,57.2,100.0,242.0,2888.0,1.44,36.75,15.040000000000001,6.91,36.01,28.98,0.0,238.5,1200.0
64982.293,0.0,140.0,89.80000000000001,22.36,15.870000000000001,169.5,33.25,151.3,28.86,33.11,33.75,89.5,15.600000000000001,56.5,99.80000000000001,234.5,2882.0,1.42,36.800000000000004,15.030000000000001,6.91,35.96,28.96,1.0,234.5,1200.0
65042.293,0.0,140.0,90.30000000000001,22.21,15.82,170.5,33.25,151.4,28.93,33.1,33.65,91.0,15.600000000000001,55.5,99.7,229.0,2870.0,1.41,36.5,14.99,7.0200000000000005,35.95,28.93,1.0,231.5,1200.0
65102.293,0.0,140.0,92.2,22.11,15.790000000000001,173.0,33.1,153.20000000000002,28.900000000000002,33.03,33.7,92.5,15.55,54.900000000000006,100.0,232.5,2860.0,1.47,36.5,15.02,7.0,35.97,28.990000000000002,1.0,226.5,1200.0
65162.293,0.0,140.0,93.10000000000001,21.96,15.870000000000001,172.0,32.85,151.5,28.89,32.93,33.800000000000004,93.5,15.55,54.2,100.0,224.0,2852.0,1.42,36.4,14.97,6.91,35.980000000000004,28.98,1.0,224.0,1200.0
65222.292,0.0,140.0,91.2,21.79,15.76,168.0,33.0,152.6,28.95,32.96,33.7,91.0,15.600000000000001,53.900000000000006,99.7,223.5,2849.0,1.3900000000000001,36.25,14.99,6.98,35.980000000000004,29.01,1.0,222.0,1200.0
65282.292,0.0,140.0,92.0,21.68,15.71,170.0,33.050000000000004,150.20000000000002,28.95,32.83,33.550000000000004,91.5,15.55,53.300000000000004,99.9,227.0,2860.0,1.42,36.050000000000004,14.98,7.03,36.0,29.080000000000002,0.0,224.0,1200.0
65342.292,0.0,140.0,92.4,21.69,15.6,171.5,33.0,151.5,28.830000000000002,32.79,33.75,91.0,15.450000000000001,53.300000000000004,98.60000000000001,222.0,2867.0,1.3900000000000001,36.0,15.05,7.03,36.0,28.98,0.0,221.0,1200.0
65402.292,0.0,140.0,90.10000000000001,21.42,15.59,168.5,32.7,152.20000000000002,28.88,32.730000000000004,33.65,92.0,15.350000000000001,52.7,91.2,215.5,2879.0,1.35,36.050000000000004,14.96,7.03,36.02,29.01,0.0,217.0,1200.0
65462.292,0.0,140.0,92.4,21.57,15.700000000000001,167.5,32.75,152.4,28.85,32.69,33.7,92.0,15.4,51.7,87.80000000000001,216.0,2883.0,1.54,36.0,14.94,7.0200000000000005,35.92,28.95,0.0,217.0,1200.0
65522.292,0.0,140.0,88.7,21.740000000000002,15.860000000000001,168.0,33.0,151.8,28.84,32.730000000000004,33.6,91.0,15.5,51.400000000000006,89.10000000000001,215.0,2869.0,1.56,35.85,15.030000000000001,6.95,35.97,28.900000000000002,0.0,216.0,1200.0
65582.292,0.0,140.0,91.2,21.93,15.94,166.5,32.75,150.9,28.91,32.78,33.75,90.5,15.65,51.400000000000006,91.10000000000001,219.5,2858.0,1.3800000000000001,35.9,14.96,7.03,35.95,28.990000000000002,0.0,215.0,1200.0
65642.292,0.0,140.0,92.4,22.05,15.98,168.0,32.85,152.1,28.85,32.74,33.550000000000004,94.0,15.850000000000001,52.800000000000004,94.0,214.0,2844.0,1.6300000000000001,35.800000000000004,15.0,7.0,36.01,28.900000000000002,2.0,218.5,1200.0
65702.292,0.0,140.0,90.9,22.17,16.080000000000002,167.5,32.95,151.6,28.85,32.87,33.550000000000004,92.0,15.75,54.2,97.4,219.5,2829.0,1.6,35.75,15.0,6.98,35.980000000000004,28.97,0.0,215.5,1200.0
65762.292,0.0,140.0,91.5,22.3,16.18,168.5,32.95,150.0,28.89,32.86,33.6,93.0,15.950000000000001,54.5,100.0,218.0,2826.0,1.4000000000000001,35.75,14.98,6.97,35.99,29.0,1.0,216.5,1200.0
65822.292,0.0,140.0,91.60000000000001,22.39,16.32,167.5,32.85,152.0,28.84,32.83,33.6,93.0,16.05,55.5,99.7,215.5,2805.0,1.3900000000000001,35.65,15.0,6.99,35.980000000000004,29.12,3.0,218.0,1200.0
65882.292,0.0,140.0,89.80000000000001,22.47,16.31,170.5,32.85,151.3,28.77,32.88,33.4,93.0,16.25,55.6,99.80000000000001,219.5,2805.0,1.44,35.75,14.94,6.95,36.03,28.93,2.0,221.5,1200.0
65942.292,0.0,140.0,91.4,22.61,16.28,169.5,33.0,152.8,28.810000000000002,32.87,33.6,93.5,16.05,55.400000000000006,99.9,219.0,2818.0,1.3900000000000001,35.6,15.02,7.01,36.07,29.060000000000002,2.0,225.0,1200.0
66002.292,0.0,140.0,90.30000000000001,22.82,16.330000000000002,167.5,33.1,151.3,28.69,32.87,33.45,94.0,16.05,56.0,100.0,223.0,2830.0,1.34,35.75,15.030000000000001,6.96,35.96,28.96,2.0,225.5,1200.0
66062.291,0.0,140.0,88.5,22.64,16.15,171.0,33.050000000000004,150.4,28.77,32.89,33.65,95.5,16.0,56.800000000000004,100.0,229.5,2841.0,1.3900000000000001,35.85,15.06,6.95,35.94,28.98,0.0,230.5,1200.0
66122.291,0.0,140.0,93.60000000000001,22.53,16.04,169.5,33.050000000000004,152.8,28.82,32.980000000000004,33.550000000000004,92.5,16.0,56.6,100.0,222.5,2845.0,1.34,35.7,14.93,7.0200000000000005,35.99,28.990000000000002,0.0,226.0,1200.0
66182.291,0.0,140.0,90.4,22.3,16.02,170.5,33.15,151.4,28.810000000000002,32.89,33.65,94.0,15.700000000000001,56.0,100.0,224.5,2850.0,1.36,35.95,14.99,7.0,36.01,29.0,0.0,224.5,1200.0
66242.291,0.0,140.0,90.80000000000001,22.29,15.93,168.5,33.0,151.8,28.79,32.89,33.75,90.5,15.65,55.5,99.9,226.5,2851.0,1.3800000000000001,35.85,14.98,7.01,36.02,29.0,2.0,224.5,1200.0
66302.291,0.0,140.0,90.80000000000001,22.11,15.92,167.5,33.0,152.1,28.84,32.88,33.7,91.0,15.55,54.7,100.0,222.0,2840.0,1.37,35.85,15.0,7.05,36.03,28.95,0.0,222.5,1200.0
66362.291,0.0,140.0,91.0,21.98,15.91,167.0,32.9,151.0,28.88,32.84,33.65,91.5,15.55,53.800000000000004,99.4,224.0,2846.0,1.5,35.85,14.98,6.99,36.0,28.990000000000002,1.0,223.5,1200.0
66422.291,0.0,140.0,92.0,21.89,15.85,167.0,33.050000000000004,150.5,28.85,32.77,33.7,93.5,15.5,53.7,99.9,225.5,2846.0,1.57,35.75,15.0,7.0600000000000005,36.03,28.95,1.0,229.5,1200.0
66482.291,0.0,140.0,91.60000000000001,21.75,15.64,168.0,33.0,151.4,28.82,32.81,33.7,91.0,15.4,53.7,99.9,219.5,2862.0,1.34,35.7,14.97,7.07,35.93,29.04,0.0,219.0,1200.0
66542.291,0.0,140.0,91.4,21.54,15.620000000000001,169.0,33.050000000000004,152.1,28.91,32.75,33.7,90.0,15.25,53.400000000000006,96.30000000000001,223.5,2867.0,1.41,35.85,14.96,7.03,36.01,29.01,0.0,226.0,1200.0
66602.291,0.0,140.0,91.0,21.490000000000002,15.610000000000001,167.5,32.9,151.4,28.88,32.67,33.75,92.0,15.3,52.300000000000004,88.7,217.5,2884.0,1.52,35.800000000000004,14.96,6.95,36.03,28.94,0.0,216.5,1200.0
66662.291,0.0,140.0,91.30000000000001,21.48,15.610000000000001,167.5,32.7,150.70000000000002,28.86,32.59,33.7,91.0,15.55,50.7,83.0,212.5,2886.0,1.4000000000000001,35.75,15.030000000000001,7.04,35.97,29.03,2.0,215.0,1200.0
66722.291,0.0,140.0,92.30000000000001,21.43,15.66,167.0,32.65,151.6,28.88,32.59,33.85,92.5,15.5,49.5,80.80000000000001,210.5,2887.0,1.3900000000000001,35.65,15.02,6.97,36.1,29.02,0.0,210.5,1200.0
66782.291,0.0,140.0,90.0,21.490000000000002,15.700000000000001,168.5,32.65,151.70000000000002,28.810000000000002,32.57,33.85,93.0,15.4,49.400000000000006,79.10000000000001,207.5,2890.0,1.57,35.550000000000004,14.9,7.04,36.15,29.05,1.0,207.5,1200.0
66842.291,0.0,140.0,91.2,21.41,15.790000000000001,167.0,32.550000000000004,152.4,28.88,32.59,33.85,93.5,15.600000000000001,49.900000000000006,77.60000000000001,210.0,2898.0,1.52,35.7,15.01,7.0,35.96,29.04,0.0,208.0,1200.0
66902.29,0.0,140.0,90.4,21.400000000000002,15.8,167.0,32.6,151.6,28.830000000000002,32.4,33.800000000000004,92.5,15.65,49.300000000000004,76.3,203.5,2892.0,1.51,35.7,15.01,7.1000000000000005,36.01,28.95,0.0,208.0,1200.0
66962.29,0.0,140.0,91.9,21.400000000000002,15.73,167.0,32.7,151.5,28.900000000000002,32.49,33.800000000000004,91.0,15.65,49.7,75.10000000000001,206.5,2896.0,1.47,35.65,14.98,7.03,36.02,28.92,0.0,205.0,1200.0
67022.29,0.0,140.0,90.0,21.37,15.81,166.0,32.550000000000004,151.6,28.990000000000002,32.5,33.75,91.0,15.600000000000001,49.1,73.5,200.5,2897.0,1.57,35.550000000000004,15.040000000000001,6.93,36.0,29.09,0.0,201.0,1200.0
67082.29,0.0,140.0,91.4,21.26,15.860000000000001,166.5,32.550000000000004,151.4,28.84,32.46,33.75,92.0,15.5,49.1,72.4,198.5,2901.0,1.33,35.65,15.030000000000001,6.99,36.04,29.02,0.0,202.5,1200.0
67142.29,0.0,140.0,90.4,21.36,15.85,165.5,32.45,152.0,28.92,32.37,33.75,91.5,15.600000000000001,48.800000000000004,71.0,199.5,2893.0,1.33,35.7,15.040000000000001,7.1000000000000005,35.94,28.95,0.0,198.0,1200.0
67202.29,0.0,140.0,90.80000000000001,21.39,15.860000000000001,166.0,32.550000000000004,151.4,28.82,32.410000000000004,33.95,91.5,15.700000000000001,48.6,70.3,197.0,2898.0,1.49,35.5,15.040000000000001,6.98,35.97,28.96,2.0,203.0,1200.0
67262.29,0.0,140.0,90.30000000000001,21.32,15.84,168.5,32.550000000000004,151.6,28.87,32.38,33.85,89.0,15.75,47.800000000000004,69.2,199.5,2899.0,1.24,35.6,14.98,7.0,35.980000000000004,29.05,2.0,199.5,1200.0
67322.29,0.0,140.0,92.2,21.36,15.91,167.5,32.5,150.8,28.82,32.410000000000004,33.75,93.5,15.700000000000001,47.900000000000006,69.0,195.0,2899.0,1.44,35.6,15.01,6.98,36.0,28.93,0.0,204.5,1200.0
67382.29,0.0,140.0,91.4,21.32,15.860000000000001,167.5,32.4,150.9,28.87,32.3,33.85,90.0,15.700000000000001,48.5,68.2,199.0,2894.0,1.51,35.550000000000004,15.02,6.95,36.0,29.05,3.0,198.0,1200.0
67442.29,0.0,140.0,91.4,21.3,15.97,167.0,32.5,149.5,28.84,32.36,33.75,90.5,15.8,47.900000000000006,67.60000000000001,198.0,2898.0,1.37,35.65,14.950000000000001,7.09,36.0,28.97,0.0,199.5,1200.0
67502.29,0.0,140.0,90.2,21.34,15.92,167.5,32.4,149.4,28.78,32.26,33.75,94.0,15.75,48.0,67.60000000000001,194.5,2894.0,1.45,35.45,15.05,6.99,36.050000000000004,29.01,0.0,197.0,1200.0
67562.29,0.0,140.0,89.4,21.31,15.93,167.0,32.45,150.9,28.85,32.29,33.85,93.5,15.8,48.1,66.9,200.5,2895.0,1.35,35.5,14.950000000000001,7.0200000000000005,35.94,29.0,0.0,195.0,1200.0
67622.29,0.0,140.0,91.30000000000001,21.27,15.93,166.5,32.4,152.0,28.740000000000002,32.33,33.85,91.0,15.8,48.1,66.8,198.5,2898.0,1.25,35.5,15.01,6.99,36.09,28.95,2.0,194.5,1200.0
67682.29,0.0,140.0,91.0,21.36,15.950000000000001,167.5,32.4,150.6,28.810000000000002,32.2,33.75,94.0,15.700000000000001,47.5,66.4,197.5,2894.0,1.16,35.4,14.97,6.99,35.97,29.05,1.0,194.5,1200.0
67742.29,0.0,140.0,90.7,21.42,16.0,165.0,32.300000000000004,150.4,28.79,32.2,33.800000000000004,92.5,15.75,47.800000000000004,65.4,197.0,2893.0,1.3900000000000001,35.45,14.99,7.08,36.01,28.95,0.0,194.0,1200.0
67802.289,0.0,140.0,90.30000000000001,21.44,15.94,167.0,32.300000000000004,152.1,28.8,32.2,33.800000000000004,92.0,15.65,48.1,66.8,192.5,2893.0,1.51,35.550000000000004,15.040000000000001,6.99,36.04,29.02,0.0,195.5,1200.0
67862.289,0.0,140.0,92.0,21.37,16.080000000000002,168.0,32.300000000000004,151.3,28.73,32.29,33.800000000000004,93.5,15.700000000000001,48.1,67.10000000000001,194.5,2892.0,1.43,35.5,15.08,7.0,35.980000000000004,29.01,0.0,193.5,1200.0
67922.289,0.0,140.0,91.0,21.5,16.01,165.0,32.300000000000004,152.20000000000002,28.740000000000002,32.34,33.800000000000004,92.5,15.850000000000001,48.0,67.3,198.0,2889.0,1.47,35.550000000000004,14.98,6.94,36.08,28.91,2.0,196.5,1200.0
67982.289,0.0,140.0,89.7,21.61,16.1,167.0,32.45,151.0,28.79,32.42,33.7,94.0,15.850000000000001,48.300000000000004,69.0,199.0,2878.0,1.5,35.45,15.07,6.94,35.97,28.990000000000002,0.0,193.5,1200.0
68042.289,0.0,140.0,91.7,21.57,16.14,166.0,32.300000000000004,152.20000000000002,28.73,32.410000000000004,33.65,93.0,15.9,48.900000000000006,70.4,195.0,2874.0,1.41,35.35,14.98,7.01,36.02,29.05,0.0,195.5,1200.0
68102.289,0.0,140.0,91.7,21.66,16.15,165.0,32.35,151.20000000000002,28.86,32.3,33.7,94.5,15.850000000000001,49.2,71.4,198.5,2868.0,1.12,35.45,15.030000000000001,7.0,36.03,29.01,1.0,200.5,1200.0
68162.289,0.0,140.0,89.60000000000001,21.71,16.15,165.5,32.45,150.9,28.7,32.37,33.75,92.0,15.9,49.5,73.60000000000001,194.5,2864.0,1.43,35.6,14.98,7.01,36.06,28.98,0.0,200.0,1200.0
68222.289,0.0,140.0,91.10000000000001,21.79,16.1,167.5,32.6,152.20000000000002,28.75,32.49,33.65,93.0,16.05,49.900000000000006,76.10000000000001,205.5,2853.0,1.4000000000000001,35.550000000000004,15.040000000000001,7.04,36.02,29.0,0.0,202.5,1200.0
68282.289,0.0,140.0,90.2,21.91,16.19,166.0,32.7,151.70000000000002,28.93,32.51,33.6,93.5,15.950000000000001,50.400000000000006,77.60000000000001,203.5,2852.0,1.3800000000000001,35.6,15.0,6.97,35.910000000000004,29.03,0.0,203.0,1200.0
68342.289,0.0,140.0,90.7,21.990000000000002,16.2,168.0,32.75,151.6,28.88,32.46,33.75,94.0,15.850000000000001,50.7,80.2,200.5,2842.0,1.35,35.65,14.97,7.01,36.050000000000004,29.060000000000002,0.0,201.5,1200.0
68402.289,0.0,140.0,91.60000000000001,22.05,16.25,167.5,32.75,152.70000000000002,28.900000000000002,32.58,33.7,92.5,16.05,50.800000000000004,83.30000000000001,208.0,2837.0,1.44,35.5,15.01,7.04,36.04,29.0,0.0,205.5,1200.0
68462.289,0.0,140.0,90.9,21.990000000000002,16.17,168.5,32.65,152.9,28.92,32.55,33.65,94.0,15.9,51.6,85.60000000000001,205.0,2837.0,1.44,35.45,14.97,7.0,36.0,29.04,0.0,205.5,1200.0
68522.289,0.0,140.0,92.4,21.98,16.11,165.5,32.7,152.6,28.8,32.72,33.65,91.0,15.75,51.800000000000004,86.2,209.0,2835.0,1.44,35.6,15.0,7.0,35.93,28.93,0.0,206.5,1200.0
68582.289,0.0,140.0,92.60000000000001,21.91,16.02,167.0,32.7,150.6,28.77,32.55,33.550000000000004,95.5,15.950000000000001,52.1,85.2,206.0,2842.0,1.44,35.45,15.0,7.0,36.03,29.05,0.0,204.0,1200.0
68642.289,0.0,140.0,91.4,21.8,16.14,169.0,32.65,151.8,28.810000000000002,32.64,33.6,91.5,15.9,52.0,85.2,210.0,2845.0,1.45,35.4,14.96,7.0,36.050000000000004,28.91,0.0,208.5,1200.0
68702.288,0.0,140.0,91.0,21.86,16.02,168.5,32.6,151.4,28.85,32.69,33.6,93.0,15.65,51.900000000000006,84.0,214.0,2850.0,1.32,35.5,15.040000000000001,6.99,36.02,29.02,0.0,209.5,1200.0
68762.288,0.0,140.0,89.7,21.82,16.03,167.0,32.65,151.9,28.84,32.6,33.65,93.0,15.850000000000001,50.900000000000006,83.0,204.0,2854.0,1.47,35.35,15.06,6.96,36.06,28.94,2.0,205.0,1200.0
68822.288,0.0,140.0,89.80000000000001,21.67,15.98,165.5,32.65,150.9,28.75,32.5,33.7,91.0,15.8,50.800000000000004,82.80000000000001,205.0,2855.0,1.29,35.6,14.950000000000001,7.03,36.0,29.060000000000002,0.0,204.5,1200.0
68882.288,0.0,140.0,92.30000000000001,21.71,15.98,166.5,32.6,151.6,28.82,32.51,33.6,93.5,15.700000000000001,51.300000000000004,81.4,205.0,2856.0,1.37,35.5,14.98,7.01,35.99,29.04,2.0,204.5,1200.0
68942.288,0.0,140.0,91.2,21.71,15.92,168.0,32.550000000000004,150.9,28.82,32.43,33.550000000000004,93.0,15.65,50.400000000000006,81.30000000000001,205.0,2859.0,1.53,35.5,14.97,6.99,36.02,29.05,3.0,208.0,1200.0
69002.288,0.0,140.0,92.30000000000001,21.650000000000002,15.950000000000001,170.0,32.550000000000004,152.9,28.78,32.51,33.6,93.0,15.8,50.6,79.2,205.0,2867.0,1.34,35.5,15.01,6.99,36.0,29.04,0.0,202.5,1200.0
69062.288,0.0,140.0,90.0,21.55,15.93,169.0,32.5,151.8,28.84,32.480000000000004,33.6,93.5,15.75,50.2,78.10000000000001,206.5,2867.0,1.47,35.4,14.96,6.99,36.04,29.0,0.0,201.5,1200.0
69122.288,0.0,140.0,92.10000000000001,21.52,15.92,167.5,32.65,152.1,28.79,32.34,33.65,90.5,15.65,50.0,77.60000000000001,202.0,2867.0,1.3900000000000001,35.5,15.06,6.96,35.980000000000004,28.91,0.0,201.0,1200.0
69182.288,0.0,140.0,89.9,21.54,15.950000000000001,166.5,32.6,151.6,28.82,32.43,33.6,92.0,15.600000000000001,50.300000000000004,76.80000000000001,205.5,2874.0,1.5,35.550000000000004,14.98,7.0,35.95,28.98,0.0,204.5,1200.0
69242.288,0.0,140.0,91.7,21.5,15.88,166.5,32.550000000000004,152.0,28.73,32.480000000000004,33.6,96.0,15.600000000000001,49.5,75.5,203.0,2874.0,1.46,35.4,15.01,7.08,36.02,29.09,0.0,201.0,1200.0
69302.288,0.0,140.0,90.30000000000001,21.54,15.93,165.5,32.550000000000004,149.5,28.87,32.51,33.550000000000004,93.5,15.55,49.5,74.2,205.5,2876.0,1.43,35.4,14.99,7.01,36.0,29.02,0.0,202.0,1200.0
69362.288,0.0,140.0,92.10000000000001,21.52,15.91,165.0,32.550000000000004,151.6,28.740000000000002,32.27,33.7,91.0,15.600000000000001,49.7,73.60000000000001,207.0,2879.0,1.51,35.550000000000004,14.93,6.95,36.01,28.990000000000002,2.0,199.5,1200.0
69422.288,0.0,140.0,92.5,21.39,15.84,165.5,32.45,151.1,28.78,32.47,33.550000000000004,93.5,15.65,49.2,72.9,199.5,2887.0,1.48,35.5,15.02,6.99,36.01,29.080000000000002,0.0,199.0,1200.0
69482.288,0.0,140.0,91.5,21.400000000000002,15.9,164.5,32.5,151.3,28.76,32.24,33.75,93.5,15.5,49.1,71.7,199.5,2886.0,1.48,35.4,14.99,6.97,36.02,28.990000000000002,0.0,203.0,1200.0
69542.288,0.0,140.0,91.10000000000001,21.35,15.85,166.0,32.45,150.8,28.73,32.35,33.6,91.5,15.600000000000001,48.900000000000006,70.3,200.0,2887.0,1.36,35.4,14.93,6.91,36.02,29.01,1.0,198.5,1200.0
69602.287,0.0,140.0,93.2,21.35,15.84,166.5,32.4,152.6,28.71,32.17,33.65,91.5,15.65,48.1,69.2,194.5,2889.0,1.18,35.550000000000004,14.950000000000001,7.0200000000000005,36.0,29.11,0.0,198.0,1200.0
69662.287,0.0,140.0,90.80000000000001,21.29,15.96,166.5,32.35,151.4,28.73,32.160000000000004,33.6,94.0,15.600000000000001,48.400000000000006,68.4,196.0,2894.0,1.35,35.4,15.0,6.98,35.980000000000004,28.98,3.0,194.5,1200.0
69722.287,0.0,140.0,90.80000000000001,21.35,15.870000000000001,163.0,32.25,152.8,28.72,32.27,33.9,93.0,15.65,47.5,68.2,199.0,2894.0,1.3800000000000001,35.4,15.030000000000001,6.94,35.99,29.05,0.0,196.5,1200.0
69782.287,0.0,140.0,90.0,21.3,15.9,167.5,32.300000000000004,151.70000000000002,28.72,32.2,33.800000000000004,93.5,15.75,48.0,67.3,199.5,2893.0,1.6300000000000001,35.45,15.040000000000001,6.95,36.03,28.93,0.0,196.0,1200.0
69842.287,0.0,140.0,91.10000000000001,21.31,15.950000000000001,166.0,32.25,152.4,28.73,32.26,33.75,90.5,15.75,48.5,67.7,193.5,2890.0,1.47,35.5,15.030000000000001,7.0,36.02,28.98,3.0,197.0,1200.0
69902.287,0.0,140.0,91.5,21.34,15.950000000000001,165.5,32.300000000000004,149.3,28.64,32.17,33.7,91.0,15.700000000000001,47.7,67.4,195.0,2887.0,1.33,35.45,14.93,6.97,36.050000000000004,29.080000000000002,0.0,196.5,1200.0
69962.287,0.0,140.0,90.80000000000001,21.35,15.96,165.0,32.35,151.1,28.8,32.2,33.75,92.0,15.850000000000001,47.900000000000006,67.0,194.5,2891.0,1.3800000000000001,35.45,14.96,6.97,36.050000000000004,28.92,0.0,199.0,1200.0
70022.287,0.0,140.0,91.5,21.38,15.950000000000001,165.5,32.35,152.5,28.8,32.33,33.800000000000004,91.5,15.700000000000001,48.5,67.4,197.5,2884.0,1.36,35.5,14.93,7.05,35.95,28.990000000000002,0.0,192.0,1200.0
70082.287,0.0,140.0,90.7,21.38,15.98,166.0,32.35,151.20000000000002,28.810000000000002,32.22,33.7,93.5,15.700000000000001,48.300000000000004,67.8,189.5,2886.0,1.47,35.5,15.07,6.97,36.02,29.05,0.0,191.5,1200.0
70142.287,0.0,140.0,88.9,21.35,15.99,165.0,32.4,151.6,28.73,32.2,33.550000000000004,93.0,15.850000000000001,48.5,67.10000000000001,195.0,2878.0,1.3800000000000001,35.550000000000004,15.01,6.95,36.02,29.0,0.0,195.0,1200.0
70202.287,0.0,140.0,92.2,21.35,15.99,165.5,32.35,152.6,28.69,32.26,33.65,94.0,15.700000000000001,48.1,67.3,197.0,2884.0,1.48,35.4,15.01,7.01,36.01,28.94,0.0,195.5,1200.0
70262.287,0.0,140.0,91.10000000000001,21.48,16.02,166.5,32.35,149.8,28.8,32.21,33.7,93.0,15.9,47.800000000000004,67.9,193.0,2880.0,1.37,35.45,14.91,7.03,36.03,29.07,1.0,201.0,1200.0
70322.287,0.0,140.0,90.7,21.46,16.01,164.5,32.4,152.4,28.77,32.17,33.75,93.5,15.700000000000001,47.800000000000004,67.3,193.0,2879.0,1.4000000000000001,35.6,15.0,6.96,36.07,29.060000000000002,1.0,195.0,1200.0
70382.287,0.0,140.0,92.2,21.29,15.98,164.5,32.35,149.8,28.79,32.18,33.800000000000004,91.5,15.700000000000001,47.6,66.9,192.5,2884.0,1.33,35.35,14.97,6.88,36.050000000000004,28.89,0.0,192.0,1200.0
70442.287,0.0,140.0,92.2,21.34,16.01,166.0,32.300000000000004,151.4,28.78,32.230000000000004,33.75,91.0,15.8,48.0,66.10000000000001,196.0,2893.0,1.27,35.45,15.05,7.04,36.02,28.97,2.0,195.0,1200.0
70502.287,0.0,140.0,89.60000000000001,21.240000000000002,15.950000000000001,163.5,32.5,151.5,28.8,32.3,33.7,93.5,15.700000000000001,47.7,65.8,198.5,2892.0,1.28,35.45,14.93,7.0,36.07,28.990000000000002,0.0,199.0,1200.0
70562.286,0.0,140.0,92.0,21.25,15.94,166.0,32.45,151.20000000000002,28.75,32.26,33.7,92.0,15.850000000000001,47.1,65.2,195.5,2896.0,1.36,35.4,14.99,7.03,36.08,28.97,3.0,189.5,1200.0
70622.286,0.0,140.0,90.4,21.29,16.0,165.0,32.35,151.0,28.85,32.230000000000004,33.85,93.5,15.65,47.0,64.7,190.0,2901.0,1.44,35.550000000000004,14.97,7.0200000000000005,35.980000000000004,28.93,0.0,192.0,1200.0
70682.286,0.0,140.0,92.0,21.240000000000002,15.92,165.0,32.25,152.5,28.84,32.28,33.95,93.0,15.700000000000001,47.0,64.0,193.5,2901.0,1.41,35.550000000000004,15.01,6.97,35.97,28.93,0.0,191.5,1200.0
70742.286,0.0,140.0,90.7,21.21,15.93,167.5,32.35,152.3,28.84,32.25,33.85,94.0,15.8,47.1,62.6,196.0,2907.0,1.28,35.5,14.98,6.99,35.95,29.0,0.0,195.5,1200.0
70802.286,0.0,140.0,90.4,21.150000000000002,15.860000000000001,165.5,32.45,151.70000000000002,28.87,32.21,33.85,91.0,15.65,46.400000000000006,62.6,191.0,2906.0,1.43,35.550000000000004,15.0,6.96,35.910000000000004,29.07,0.0,192.0,1200.0
70862.286,0.0,140.0,89.0,21.13,15.93,166.5,32.25,153.0,28.77,32.230000000000004,33.85,93.0,15.700000000000001,46.7,62.400000000000006,194.5,2908.0,1.53,35.4,14.93,6.97,35.99,29.07,0.0,192.5,1200.0
70922.286,0.0,140.0,91.10000000000001,21.16,16.03,166.5,32.300000000000004,151.70000000000002,28.82,32.2,33.85,90.5,15.8,46.5,61.6,193.5,2905.0,1.3900000000000001,35.4,14.96,7.03,35.94,28.96,3.0,189.0,1200.0
70982.286,0.0,140.0,91.9,21.14,15.98,165.5,32.4,151.8,28.85,32.11,33.95,92.0,15.850000000000001,46.2,60.7,188.5,2914.0,1.35,35.4,15.0,7.0200000000000005,35.910000000000004,29.05,1.0,190.0,1200.0
71042.286,0.0,140.0,91.7,21.18,16.01,164.0,32.35,149.9,28.91,32.24,33.75,93.5,15.8,46.900000000000006,60.5,191.0,2920.0,1.42,35.5,15.0,7.09,36.01,29.02,0.0,188.0,1200.0
71102.286,0.0,140.0,90.9,21.19,15.93,165.5,32.35,151.6,28.79,32.28,33.95,91.5,15.850000000000001,46.400000000000006,59.900000000000006,187.5,2909.0,1.46,35.5,14.99,7.05,36.01,28.92,0.0,191.5,1200.0
71162.286,0.0,140.0,89.9,21.16,15.93,166.0,32.2,150.5,28.810000000000002,32.160000000000004,33.95,92.0,15.700000000000001,45.800000000000004,59.6,190.0,2915.0,1.51,35.45,15.030000000000001,7.0,36.07,28.97,0.0,192.5,1200.0
71222.286,0.0,140.0,91.4,21.11,15.99,164.0,32.300000000000004,151.1,28.810000000000002,32.22,34.0,93.5,15.75,46.1,59.800000000000004,193.5,2919.0,1.47,35.5,14.99,7.08,35.95,28.92,1.0,191.5,1200.0
71282.286,0.0,140.0,91.10000000000001,21.13,15.9,164.0,32.300000000000004,152.20000000000002,28.88,32.33,33.95,93.5,15.75,46.300000000000004,59.400000000000006,192.0,2911.0,1.3900000000000001,35.550000000000004,14.950000000000001,6.98,36.07,29.05,0.0,190.0,1200.0
71342.286,0.0,140.0,90.4,21.12,15.96,165.5,32.35,150.8,28.79,32.18,33.85,93.0,15.700000000000001,46.400000000000006,59.2,184.5,2919.0,1.45,35.6,14.99,7.0200000000000005,35.9,29.01,0.0,191.0,1200.0
71402.286,0.0,140.0,91.2,21.16,15.99,166.0,32.35,151.20000000000002,28.78,32.11,33.800000000000004,92.5,15.75,46.7,58.6,191.5,2917.0,1.32,35.65,14.93,6.97,35.95,29.03,2.0,187.5,1200.0
71462.285,0.0,140.0,89.7,21.2,15.98,164.5,32.4,150.3,28.900000000000002,32.17,33.95,93.0,15.850000000000001,46.1,58.7,193.0,2911.0,1.37,35.550000000000004,14.950000000000001,7.01,36.04,28.91,0.0,190.5,1200.0
71522.285,0.0,140.0,91.60000000000001,21.25,16.04,165.0,32.4,150.5,28.88,32.18,34.0,90.0,15.75,46.300000000000004,59.300000000000004,189.0,2905.0,1.54,35.5,15.01,6.92,35.99,28.96,0.0,181.5,1200.0
71582.285,0.0,140.0,91.7,21.240000000000002,16.09,167.0,32.300000000000004,152.20000000000002,28.8,32.230000000000004,33.65,94.5,15.700000000000001,46.900000000000006,60.900000000000006,191.0,2903.0,1.54,35.5,15.02,6.91,36.0,29.03,0.0,190.0,1200.0
71642.285,0.0,140.0,90.7,21.43,16.05,167.0,32.5,151.8,28.78,32.160000000000004,33.800000000000004,91.5,15.9,47.800000000000004,61.900000000000006,195.0,2893.0,1.26,35.6,15.05,7.04,36.02,29.05,0.0,195.0,1200.0
71702.285,0.0,140.0,91.9,21.400000000000002,16.15,165.0,32.45,150.70000000000002,28.78,32.3,33.7,91.0,15.9,47.400000000000006,63.1,192.0,2888.0,1.36,35.550000000000004,15.0,7.01,36.1,28.98,0.0,192.5,1200.0
71762.285,0.0,140.0,92.5,21.5,16.080000000000002,168.5,32.5,152.5,28.77,32.28,33.75,92.5,15.8,47.5,64.60000000000001,195.0,2883.0,1.5,35.7,15.05,7.0,35.93,28.98,0.0,192.5,1200.0
71822.285,0.0,140.0,89.7,21.52,16.18,168.0,32.25,150.70000000000002,28.79,32.29,33.7,91.5,15.850000000000001,47.900000000000006,67.0,194.5,2880.0,1.49,35.6,14.94,7.0600000000000005,36.02,29.04,1.0,195.5,1200.0
71882.285,0.0,140.0,91.0,21.66,16.21,166.0,32.5,150.8,28.8,32.26,33.65,93.0,15.850000000000001,48.2,68.2,199.0,2871.0,1.26,35.45,15.02,7.03,36.03,29.080000000000002,1.0,196.0,1200.0
71942.285,0.0,140.0,90.10000000000001,21.64,16.18,163.0,32.45,151.70000000000002,28.740000000000002,32.32,33.7,93.0,15.950000000000001,48.6,69.8,195.0,2863.0,1.48,35.550000000000004,15.05,7.0200000000000005,36.07,29.0,0.0,191.0,1200.0
72002.285,0.0,140.0,90.80000000000001,21.75,16.240000000000002,166.5,32.45,152.6,28.91,32.37,33.9,92.5,15.9,49.5,71.4,197.0,2856.0,1.33,35.45,14.96,7.0,36.050000000000004,28.98,0.0,196.5,1200.0
72062.285,0.0,140.0,90.7,21.72,16.18,166.5,32.65,152.5,28.76,32.35,33.7,96.5,15.950000000000001,49.6,72.8,194.5,2858.0,1.51,35.550000000000004,15.040000000000001,7.03,35.96,29.01,0.0,193.0,1200.0
72122.285,0.0,140.0,90.30000000000001,21.68,16.03,164.5,32.45,151.20000000000002,28.77,32.42,33.6,95.5,15.9,49.400000000000006,73.4,200.0,2864.0,1.33,35.550000000000004,15.02,7.0,35.99,28.990000000000002,0.0,196.0,1200.0
72182.285,0.0,140.0,90.30000000000001,21.580000000000002,16.080000000000002,166.0,32.300000000000004,152.4,28.75,32.39,33.7,92.5,15.75,49.300000000000004,73.5,199.0,2867.0,1.27,35.6,15.02,6.95,35.99,28.990000000000002,2.0,200.5,1200.0
72242.285,0.0,140.0,90.7,21.61,16.12,168.0,32.550000000000004,149.4,28.89,32.39,33.7,92.5,15.850000000000001,49.0,72.9,192.5,2868.0,1.3900000000000001,35.550000000000004,15.02,6.98,35.86,29.02,1.0,198.5,1200.0
72302.285,0.0,140.0,91.10000000000001,21.48,16.03,168.0,32.4,153.0,28.78,32.34,33.800000000000004,92.5,15.700000000000001,48.6,72.60000000000001,202.0,2873.0,1.42,35.5,15.0,7.0600000000000005,36.02,29.07,1.0,199.5,1200.0
72362.285,0.0,140.0,91.4,21.53,16.03,166.0,32.35,152.6,28.86,32.32,33.800000000000004,91.0,15.700000000000001,49.0,72.4,199.0,2875.0,1.57,35.6,15.02,7.07,35.97,28.98,0.0,198.0,1200.0
72422.284,0.0,140.0,90.80000000000001,21.46,16.01,165.0,32.5,152.1,28.82,32.43,33.6,91.0,15.75,49.2,71.0,200.0,2884.0,1.44,35.5,14.96,7.03,36.03,29.03,2.0,197.5,1200.0
72482.284,0.0,140.0,92.7,21.43,15.88,166.5,32.6,151.3,28.75,32.38,33.65,93.0,15.75,48.800000000000004,71.4,198.5,2888.0,1.41,35.4,15.040000000000001,6.98,36.02,29.01,0.0,200.0,1200.0
72542.284,0.0,140.0,92.7,21.39,15.92,166.0,32.550000000000004,151.9,28.86,32.46,33.75,95.0,15.9,48.5,69.9,197.0,2895.0,1.45,35.5,15.06,7.01,36.02,28.86,0.0,203.0,1200.0
72602.284,0.0,140.0,92.4,21.39,15.9,167.0,32.5,152.3,28.87,32.4,33.85,93.0,15.65,48.1,68.7,201.0,2896.0,1.37,35.5,14.99,7.09,35.92,29.01,0.0,198.5,1200.0
72662.284,0.0,140.0,92.0,21.54,15.93,166.5,32.45,150.1,28.88,32.46,33.85,91.5,15.75,48.300000000000004,69.60000000000001,196.5,2891.0,1.35,35.550000000000004,15.030000000000001,6.97,36.01,29.01,0.0,194.5,1200.0
72722.284,0.0,140.0,92.0,21.59,16.05,168.0,32.6,150.9,28.96,32.47,33.9,93.5,15.75,48.5,71.7,202.5,2887.0,1.3,35.45,15.02,6.97,36.03,28.98,0.0,200.5,1200.0
72782.284,0.0,140.0,91.9,21.73,16.080000000000002,166.5,32.550000000000004,149.70000000000002,28.900000000000002,32.43,33.85,92.0,15.950000000000001,49.900000000000006,73.7,201.0,2870.0,1.37,35.45,14.98,7.0200000000000005,36.04,29.02,0.0,201.0,1200.0
72842.284,0.0,140.0,91.10000000000001,21.91,16.17,166.5,32.75,151.3,28.88,32.52,33.75,91.5,15.950000000000001,49.900000000000006,77.2,194.5,2860.0,1.3800000000000001,35.45,14.99,7.0,36.050000000000004,28.98,0.0,200.0,1200.0
72902.284,0.0,140.0,90.10000000000001,21.98,16.27,168.5,32.7,151.9,28.84,32.58,33.800000000000004,94.0,15.9,51.1,79.80000000000001,207.5,2853.0,1.32,35.6,15.01,7.0200000000000005,36.0,29.04,1.0,203.0,1200.0
72962.284,0.0,140.0,92.80000000000001,22.1,16.32,168.0,32.800000000000004,151.20000000000002,28.85,32.71,33.6,94.5,15.9,51.400000000000006,83.9,207.0,2837.0,1.36,35.4,15.01,7.07,36.160000000000004,28.98,0.0,203.0,1200.0
73022.284,0.0,140.0,89.7,22.21,16.330000000000002,169.0,32.75,150.20000000000002,28.85,32.76,33.75,93.0,15.850000000000001,52.300000000000004,90.4,209.0,2822.0,1.24,35.45,15.040000000000001,7.01,35.96,29.0,0.0,210.0,1200.0
73082.284,0.0,140.0,89.80000000000001,22.39,16.32,166.0,33.0,151.4,28.95,32.84,33.65,94.5,16.150000000000002,53.800000000000004,97.60000000000001,214.5,2810.0,1.42,35.35,15.08,7.04,35.99,28.92,1.0,215.5,1200.0
73142.284,0.0,140.0,90.2,22.5,16.36,169.0,33.1,151.70000000000002,28.85,32.8,33.6,95.0,16.0,54.900000000000006,99.9,219.5,2797.0,1.43,35.7,14.98,7.0,35.93,28.98,0.0,217.5,1200.0
73202.284,0.0,140.0,91.0,22.59,16.47,170.5,33.15,152.1,28.92,32.910000000000004,33.550000000000004,92.0,16.35,55.7,99.4,209.0,2794.0,1.41,35.5,14.94,7.03,36.0,29.04,0.0,216.0,1200.0
73262.284,0.0,140.0,90.10000000000001,22.5,16.43,170.0,33.050000000000004,151.1,28.78,32.88,33.4,91.0,16.05,55.1,100.0,220.0,2805.0,1.51,35.550000000000004,15.02,6.99,35.980000000000004,29.02,0.0,217.5,1200.0
73322.284,0.0,140.0,91.60000000000001,22.42,16.23,169.5,33.050000000000004,151.3,28.78,32.92,33.550000000000004,95.0,16.05,55.6,100.0,216.5,2815.0,1.37,35.45,14.96,7.01,36.02,29.04,1.0,218.5,1200.0
73382.283,0.0,140.0,91.5,22.39,16.12,167.5,33.15,150.6,28.84,32.910000000000004,33.6,91.5,15.950000000000001,54.800000000000004,100.0,219.0,2824.0,1.43,35.550000000000004,15.08,7.0,35.980000000000004,29.0,0.0,218.0,1200.0
73442.283,0.0,140.0,89.5,22.330000000000002,16.12,166.5,32.95,150.20000000000002,28.8,32.910000000000004,33.65,93.5,15.75,55.1,100.0,227.5,2826.0,1.43,35.75,15.07,7.04,36.02,28.94,0.0,217.0,1200.0
73502.283,0.0,140.0,90.9,22.21,16.06,170.0,33.1,150.70000000000002,28.84,32.89,33.65,93.0,15.8,55.1,99.2,222.5,2831.0,1.51,35.65,15.01,7.03,35.94,28.95,1.0,219.5,1200.0
73562.283,0.0,140.0,90.2,22.19,16.01,168.5,33.0,149.8,28.7,32.85,33.550000000000004,94.5,15.9,54.800000000000004,100.0,221.5,2837.0,1.43,35.6,15.05,6.99,35.980000000000004,28.96,1.0,220.5,1200.0
73622.283,0.0,140.0,91.0,22.09,15.96,168.0,32.95,150.4,28.75,32.85,33.4,89.5,15.75,54.2,99.9,220.5,2829.0,1.41,35.7,15.08,6.95,36.02,29.02,1.0,220.0,1200.0
73682.283,0.0,140.0,91.30000000000001,22.01,15.94,169.5,32.85,151.20000000000002,28.78,32.74,33.6,92.0,15.65,54.1,100.0,221.0,2833.0,1.41,35.5,14.99,7.0,36.03,29.02,0.0,221.0,1200.0
73742.283,0.0,140.0,90.60000000000001,21.96,15.85,169.5,32.95,150.3,28.82,32.79,33.4,90.0,15.450000000000001,54.2,99.80000000000001,220.5,2837.0,1.41,35.800000000000004,15.0,6.98,36.050000000000004,28.96,2.0,219.5,1200.0
73802.283,0.0,140.0,90.60000000000001,21.86,15.8,165.5,32.800000000000004,153.1,28.87,32.72,33.550000000000004,91.5,15.600000000000001,53.900000000000006,100.0,221.0,2843.0,1.27,35.5,15.030000000000001,7.0,36.0,28.95,0.0,222.5,1200.0
73862.283,0.0,140.0,90.9,21.8,15.71,166.5,32.85,150.8,28.76,32.76,33.6,90.5,15.450000000000001,53.800000000000004,100.0,222.5,2852.0,1.34,35.65,14.97,6.92,35.99,28.98,1.0,222.0,1200.0
73922.283,0.0,140.0,92.60000000000001,21.67,15.77,168.5,32.85,150.8,28.67,32.71,33.6,92.0,15.5,53.7,95.2,218.0,2853.0,1.46,35.5,14.96,6.97,35.99,29.05,0.0,220.0,1200.0
73982.283,0.0,140.0,92.7,21.61,15.73,167.0,32.6,152.20000000000002,28.7,32.52,33.45,92.5,15.4,52.7,90.60000000000001,213.5,2860.0,1.41,35.550000000000004,15.040000000000001,7.0200000000000005,36.0,28.96,0.0,213.0,1200.0
74042.283,0.0,140.0,89.9,21.55,15.790000000000001,168.5,32.75,151.20000000000002,28.68,32.6,33.550000000000004,91.0,15.450000000000001,51.900000000000006,85.60000000000001,214.0,2860.0,1.23,35.4,15.02,6.98,36.0,28.97,0.0,217.0,1200.0
74102.283,0.0,140.0,91.0,21.48,15.76,165.5,32.45,153.0,28.76,32.35,33.5,94.5,15.350000000000001,50.5,81.60000000000001,210.0,2873.0,1.45,35.5,14.94,6.96,35.99,29.0,0.0,212.0,1200.0
74162.283,0.0,140.0,90.7,21.37,15.81,167.0,32.550000000000004,151.1,28.72,32.31,33.45,91.5,15.4,49.800000000000004,79.2,204.5,2877.0,1.46,35.45,14.99,7.05,36.0,29.07,0.0,200.0,1200.0
74222.283,0.0,140.0,90.30000000000001,21.34,15.73,167.5,32.6,151.70000000000002,28.78,32.31,33.550000000000004,92.5,15.350000000000001,49.1,77.0,205.5,2887.0,1.43,35.4,15.040000000000001,6.97,35.94,29.09,3.0,202.0,1200.0
74282.283,0.0,140.0,91.30000000000001,21.28,15.68,166.0,32.300000000000004,151.0,28.69,32.22,33.65,91.0,15.4,49.400000000000006,74.3,201.0,2888.0,1.47,35.35,15.030000000000001,7.04,35.980000000000004,28.97,0.0,208.0,1200.0
74342.283,0.0,140.0,93.10000000000001,21.19,15.67,166.5,32.35,153.1,28.71,32.22,33.65,89.5,15.4,48.300000000000004,71.4,199.0,2889.0,1.35,35.5,15.01,7.0200000000000005,35.97,28.97,3.0,197.0,1200.0
74402.282,0.0,140.0,91.60000000000001,21.1,15.700000000000001,164.0,32.300000000000004,151.6,28.6,32.160000000000004,33.75,90.0,15.4,48.5,68.7,193.0,2902.0,1.35,35.45,15.02,7.03,36.04,29.01,2.0,197.5,1200.0
74462.282,0.0,140.0,92.5,21.26,15.77,165.5,32.4,150.1,28.66,32.230000000000004,33.7,88.5,15.700000000000001,47.5,68.3,203.5,2894.0,1.44,35.45,14.97,7.07,35.89,29.07,0.0,196.0,1200.0
74522.282,0.0,140.0,92.10000000000001,21.41,15.93,164.5,32.45,152.1,28.78,32.19,33.65,92.0,15.600000000000001,47.300000000000004,69.5,198.5,2887.0,1.3,35.45,14.99,7.01,35.99,29.080000000000002,0.0,197.0,1200.0
74582.282,0.0,140.0,91.4,21.48,15.98,168.0,32.4,151.6,28.77,32.230000000000004,33.75,91.5,15.9,48.800000000000004,70.9,197.0,2881.0,1.32,35.300000000000004,15.01,6.99,36.09,29.01,0.0,198.5,1200.0
74642.282,0.0,140.0,90.60000000000001,21.68,16.080000000000002,168.5,32.550000000000004,151.20000000000002,28.85,32.39,33.7,93.5,15.9,50.0,73.7,202.0,2866.0,1.42,35.45,14.950000000000001,7.1000000000000005,36.04,28.990000000000002,0.0,199.5,1200.0
74702.282,0.0,140.0,90.0,21.77,16.14,166.0,32.45,151.3,28.7,32.410000000000004,33.6,93.0,15.9,50.1,75.3,198.5,2858.0,1.33,35.45,15.11,6.95,36.03,28.93,0.0,201.0,1200.0
74762.282,0.0,140.0,90.4,21.900000000000002,16.240000000000002,167.5,32.65,150.0,28.84,32.46,33.65,93.0,15.950000000000001,50.7,78.80000000000001,205.5,2841.0,1.45,35.45,14.99,6.99,36.02,29.02,0.0,206.0,1200.0
74822.282,0.0,140.0,92.7,22.14,16.26,167.0,32.550000000000004,152.0,28.73,32.47,33.7,96.0,16.05,51.2,82.30000000000001,205.0,2836.0,1.41,35.550000000000004,14.98,6.93,36.06,29.02,0.0,203.0,1200.0
74882.282,0.0,140.0,92.30000000000001,22.17,16.31,167.5,32.7,151.8,28.810000000000002,32.65,33.6,93.5,16.1,51.900000000000006,88.80000000000001,212.0,2823.0,1.48,35.35,15.040000000000001,7.05,36.03,29.04,0.0,204.0,1200.0
74942.282,0.0,140.0,91.0,22.37,16.34,170.0,32.9,152.0,28.82,32.88,33.75,92.5,16.05,53.1,96.10000000000001,213.0,2810.0,1.42,35.35,14.99,6.95,35.980000000000004,29.04,1.0,215.5,1200.0
75002.282,0.0,140.0,91.2,22.54,16.43,169.5,32.95,151.1,28.88,32.85,33.7,94.5,16.0,55.0,100.0,218.5,2801.0,1.54,35.6,15.0,7.0,36.08,29.11,0.0,217.0,1200.0
75062.282,0.0,140.0,92.7,22.51,16.38,170.0,33.050000000000004,150.70000000000002,28.92,32.980000000000004,33.550000000000004,91.0,16.2,56.2,99.7,208.0,2798.0,1.36,35.6,14.97,7.0200000000000005,35.97,28.96,0.0,214.0,1200.0
75122.282,0.0,140.0,91.7,22.490000000000002,16.45,167.0,33.050000000000004,150.20000000000002,28.94,32.94,33.65,92.5,16.1,55.2,99.7,215.0,2795.0,1.3900000000000001,35.4,14.92,6.95,36.04,29.13,0.0,213.0,1200.0
75182.282,0.0,140.0,90.60000000000001,22.51,16.26,168.5,33.1,150.70000000000002,28.8,32.96,33.65,93.0,16.05,55.300000000000004,99.80000000000001,222.0,2811.0,1.23,35.4,14.97,6.93,36.18,29.02,0.0,217.5,1200.0
75242.282,0.0,140.0,91.60000000000001,22.52,16.25,170.5,33.1,151.6,28.830000000000002,32.87,33.550000000000004,92.5,15.950000000000001,55.400000000000006,99.9,215.5,2819.0,1.42,35.6,14.99,7.07,36.01,28.98,0.0,219.0,1200.0
75302.282,0.0,140.0,90.60000000000001,22.53,16.19,169.5,33.2,150.8,28.87,32.99,33.6,91.5,16.0,55.900000000000006,100.0,224.0,2829.0,1.42,35.6,14.99,7.05,35.97,29.11,0.0,227.0,1200.0
75362.282,0.0,140.0,90.30000000000001,22.48,16.15,169.5,33.1,152.8,28.91,33.03,33.6,94.5,15.8,56.1,99.80000000000001,222.5,2839.0,1.35,35.75,14.97,7.08,36.01,28.95,0.0,229.0,1200.0
75422.281,0.0,140.0,91.5,22.52,16.12,169.5,33.1,152.5,28.87,33.01,33.75,95.0,15.8,56.300000000000004,99.7,222.5,2849.0,1.47,35.9,15.06,7.03,35.95,28.92,0.0,225.0,1200.0
75482.281,0.0,140.0,90.10000000000001,22.63,16.05,172.0,33.1,151.0,28.830000000000002,33.05,33.45,94.0,15.9,56.1,99.9,230.0,2855.0,1.42,35.800000000000004,15.030000000000001,6.94,36.02,29.09,0.0,229.5,1200.0
75542.281,0.0,140.0,92.5,22.56,16.07,171.0,33.1,151.3,28.900000000000002,33.18,33.65,93.0,15.8,55.7,99.9,224.0,2857.0,1.55,35.95,14.99,6.96,36.02,29.05,0.0,230.5,1200.0
75602.281,0.0,140.0,89.80000000000001,22.54,16.06,168.5,33.15,152.0,28.810000000000002,33.04,33.800000000000004,92.5,15.850000000000001,56.1,100.0,228.0,2854.0,1.47,35.95,14.97,6.98,36.02,29.060000000000002,1.0,231.5,1200.0
75662.281,0.0,140.0,91.5,22.44,16.02,169.0,33.2,150.70000000000002,28.900000000000002,32.99,33.7,93.0,15.8,56.2,99.80000000000001,230.5,2858.0,1.5,36.2,14.94,6.99,36.03,28.92,0.0,230.5,1200.0
75722.281,0.0,140.0,90.80000000000001,22.31,16.04,172.5,33.050000000000004,150.9,28.82,33.0,33.6,90.0,15.75,56.1,100.0,231.5,2856.0,1.3800000000000001,35.85,14.96,7.01,36.0,28.990000000000002,2.0,231.0,1200.0
75782.281,0.0,140.0,89.30000000000001,22.22,15.93,169.5,33.15,151.0,28.84,33.02,33.7,93.0,15.700000000000001,54.900000000000006,100.0,228.0,2852.0,1.59,35.95,14.96,6.98,36.02,29.03,3.0,228.0,1200.0
75842.281,0.0,140.0,89.60000000000001,22.14,15.97,170.0,32.95,150.6,28.84,32.92,33.6,90.5,15.600000000000001,54.5,99.9,221.0,2848.0,1.48,36.1,15.0,7.0,35.95,28.93,1.0,223.5,1200.0
75902.281,0.0,140.0,90.60000000000001,21.98,15.860000000000001,169.5,32.95,151.4,28.82,32.89,33.65,93.0,15.65,54.7,100.0,220.0,2844.0,1.44,36.050000000000004,15.030000000000001,7.05,35.96,28.900000000000002,0.0,224.5,1200.0
75962.281,0.0,140.0,92.10000000000001,21.96,15.83,169.0,32.95,152.8,28.900000000000002,32.83,33.5,93.5,15.5,54.2,100.0,224.5,2846.0,1.33,35.85,15.030000000000001,7.03,36.050000000000004,28.91,1.0,224.5,1200.0
76022.281,0.0,140.0,90.30000000000001,21.8,15.8,169.0,33.050000000000004,151.8,28.92,32.85,33.6,91.0,15.55,53.6,100.0,224.5,2848.0,1.35,35.95,15.02,6.96,35.99,28.84,0.0,226.5,1200.0
76082.281,0.0,140.0,91.60000000000001,21.66,15.69,169.0,32.9,152.0,28.79,32.8,33.65,91.5,15.3,53.5,100.0,223.0,2855.0,1.43,35.85,15.1,7.0,35.95,28.98,0.0,223.0,1200.0
76142.281,0.0,140.0,90.60000000000001,21.59,15.63,168.5,32.85,152.0,28.78,32.71,33.65,91.5,15.450000000000001,52.900000000000006,93.5,218.5,2870.0,1.29,35.85,14.99,6.99,36.04,28.91,0.0,220.5,1200.0
76202.281,0.0,140.0,92.2,21.43,15.700000000000001,166.0,32.7,151.70000000000002,28.88,32.63,33.7,90.5,15.5,52.2,87.60000000000001,215.0,2875.0,1.4000000000000001,35.85,14.96,6.96,35.980000000000004,29.0,0.0,219.5,1200.0
76262.281,0.0,140.0,91.5,21.56,15.72,166.0,32.800000000000004,153.9,28.89,32.57,33.75,92.0,15.600000000000001,51.400000000000006,85.0,214.5,2875.0,1.29,35.65,15.05,6.91,36.03,28.96,1.0,213.5,1200.0
76322.281,0.0,140.0,90.7,21.68,15.89,167.5,32.7,151.6,28.79,32.58,33.75,91.0,15.65,50.400000000000006,84.60000000000001,211.5,2871.0,1.37,35.800000000000004,14.96,7.05,35.92,29.09,0.0,213.0,1200.0
76382.281,0.0,140.0,89.9,21.7,15.9,167.0,32.6,150.70000000000002,28.72,32.660000000000004,33.65,91.5,15.65,51.0,85.5,208.5,2860.0,1.3900000000000001,35.75,14.98,7.0200000000000005,35.95,29.080000000000002,0.0,211.0,1200.0
76442.28,0.0,140.0,91.0,21.85,15.860000000000001,166.5,32.800000000000004,150.8,28.69,32.58,33.800000000000004,93.5,15.55,51.400000000000006,87.30000000000001,213.5,2860.0,1.53,35.65,15.05,6.95,35.94,28.93,0.0,211.0,1200.0
76502.28,0.0,140.0,91.0,21.900000000000002,15.98,170.5,32.75,150.5,28.88,32.69,33.550000000000004,92.5,15.850000000000001,52.0,88.60000000000001,216.0,2848.0,1.31,35.550000000000004,14.98,7.05,35.96,29.04,0.0,214.0,1200.0
76562.28,0.0,140.0,92.10000000000001,21.95,16.05,168.0,32.7,151.5,28.79,32.74,33.5,93.5,15.850000000000001,52.7,90.80000000000001,215.0,2838.0,1.37,35.75,15.0,6.97,35.980000000000004,29.02,0.0,215.5,1200.0
76622.28,0.0,140.0,92.60000000000001,22.07,16.13,170.0,32.85,152.70000000000002,28.87,32.7,33.7,92.0,15.75,53.0,93.2,217.0,2825.0,1.55,35.5,15.01,7.03,35.97,29.0,0.0,219.0,1200.0
76682.28,0.0,140.0,90.30000000000001,22.150000000000002,16.07,167.5,32.85,151.20000000000002,28.85,32.730000000000004,33.5,94.0,15.9,53.800000000000004,96.9,216.0,2825.0,1.4000000000000001,35.5,14.98,6.96,36.01,29.04,0.0,220.5,1200.0
76742.28,0.0,140.0,90.7,22.22,16.14,170.0,32.85,149.9,28.810000000000002,32.84,33.6,90.5,15.9,54.1,100.0,218.0,2817.0,1.3800000000000001,35.6,14.99,7.01,36.02,29.03,0.0,218.5,1200.0
76802.28,0.0,140.0,91.5,22.330000000000002,16.18,168.0,32.9,151.0,28.86,32.74,33.550000000000004,94.5,15.950000000000001,55.300000000000004,99.80000000000001,218.0,2810.0,1.37,35.4,15.0,7.03,35.97,29.05,1.0,219.5,1200.0
76862.28,0.0,140.0,92.0,22.36,16.32,169.0,32.9,151.4,28.77,32.83,33.6,93.5,16.05,55.2,99.80000000000001,219.0,2808.0,1.3900000000000001,35.65,15.0,6.99,36.06,29.12,0.0,215.5,1200.0
76922.28,0.0,140.0,90.5,22.37,16.28,168.0,32.800000000000004,153.1,28.82,32.88,33.550000000000004,92.5,16.0,54.5,100.0,214.5,2803.0,1.45,35.550000000000004,14.97,6.99,35.980000000000004,28.95,0.0,217.5,1200.0
76982.28,0.0,140.0,91.10000000000001,22.36,16.240000000000002,169.0,32.85,152.1,28.77,32.9,33.6,94.0,16.05,54.2,99.80000000000001,217.5,2814.0,1.3800000000000001,35.65,14.98,7.0,36.01,29.0,0.0,214.5,1200.0
77042.28,0.0,140.0,91.60000000000001,22.42,16.2,168.5,32.9,152.0,28.79,32.86,33.5,94.0,16.05,54.900000000000006,100.0,223.5,2825.0,1.42,35.7,14.97,7.04,35.94,29.04,0.0,218.5,1200.0
77102.28,0.0,140.0,90.2,22.51,16.17,168.5,33.1,151.9,28.87,32.89,33.550000000000004,93.0,15.850000000000001,55.800000000000004,100.0,222.0,2834.0,1.3900000000000001,35.800000000000004,14.97,6.96,36.06,28.97,0.0,222.5,1200.0
77162.28,0.0,140.0,90.0,22.51,16.09,169.0,33.300000000000004,151.1,28.810000000000002,32.89,33.5,90.5,15.9,55.7,100.0,226.5,2843.0,1.35,35.6,15.030000000000001,7.0,36.050000000000004,28.92,2.0,225.0,1200.0
77222.28,0.0,140.0,91.5,22.57,16.16,169.0,33.1,151.0,28.91,33.02,33.6,94.0,15.950000000000001,56.800000000000004,100.0,230.0,2844.0,1.29,35.75,14.950000000000001,6.98,35.94,28.990000000000002,1.0,229.0,1200.0
77282.28,0.0,140.0,91.5,22.67,16.09,172.0,33.1,150.70000000000002,28.84,33.01,33.65,95.0,15.8,56.400000000000006,99.7,228.5,2851.0,1.44,35.75,15.07,6.94,36.0,29.04,2.0,228.0,1200.0
77342.28,0.0,140.0,91.60000000000001,22.68,16.12,169.0,33.2,152.5,28.85,33.0,33.6,93.0,15.75,56.6,100.0,232.0,2860.0,1.26,35.9,15.0,6.98,35.92,29.060000000000002,2.0,229.0,1200.0
77402.28,0.0,140.0,89.7,22.740000000000002,16.19,169.5,33.2,151.8,28.86,33.14,33.9,93.5,15.600000000000001,57.0,100.0,233.0,2868.0,1.4000000000000001,35.85,14.98,6.96,36.01,28.98,0.0,236.0,1200.0
77462.279,0.0,140.0,91.0,22.67,16.14,172.0,33.15,151.1,28.810000000000002,33.1,33.75,92.0,15.75,57.300000000000004,100.0,237.0,2869.0,1.34,36.0,15.02,7.01,35.980000000000004,29.03,0.0,234.0,1200.0
77522.279,0.0,140.0,91.10000000000001,22.580000000000002,16.04,170.0,33.300000000000004,152.4,28.89,33.04,33.6,90.5,15.75,57.5,100.0,236.0,2867.0,1.42,36.1,14.950000000000001,6.97,35.95,28.97,1.0,233.5,1200.0
77582.279,0.0,140.0,92.80000000000001,22.56,16.02,172.5,33.25,151.5,28.810000000000002,33.04,33.7,93.0,15.75,57.300000000000004,100.0,234.0,2877.0,1.45,36.25,15.030000000000001,7.0600000000000005,35.93,29.04,1.0,236.5,1200.0
77642.279,0.0,140.0,91.5,22.51,15.96,171.5,33.15,150.20000000000002,28.85,33.04,33.65,92.5,15.65,56.900000000000006,100.0,228.0,2872.0,1.54,36.050000000000004,14.96,7.04,35.96,29.03,0.0,236.5,1200.0
77702.279,0.0,140.0,92.2,22.54,16.01,168.5,33.0,151.9,28.87,33.1,33.7,90.0,15.75,56.400000000000006,99.7,231.5,2871.0,1.52,36.2,14.99,6.98,36.03,29.03,0.0,234.0,1200.0
77762.279,0.0,140.0,91.0,22.38,16.0,169.5,33.15,151.5,28.87,33.160000000000004,33.7,92.0,15.700000000000001,56.2,99.60000000000001,235.0,2862.0,1.3,36.15,14.99,7.0,36.0,29.080000000000002,1.0,230.0,1200.0
77822.279,0.0,140.0,90.80000000000001,22.35,15.94,172.0,33.1,151.8,28.85,33.05,33.65,95.0,15.8,56.2,100.0,229.5,2862.0,1.21,36.2,15.0,6.98,35.89,29.01,2.0,229.5,1200.0
77882.279,0.0,140.0,91.30000000000001,22.41,15.93,171.0,33.2,150.70000000000002,28.91,32.99,33.65,92.0,15.65,56.0,99.5,231.5,2859.0,1.41,36.25,14.99,6.98,36.02,29.03,0.0,234.0,1200.0
77942.279,0.0,140.0,93.80000000000001,22.28,16.0,169.5,33.1,153.0,28.84,33.05,33.65,91.0,15.9,55.800000000000004,100.0,228.0,2860.0,1.42,36.15,14.98,6.96,36.03,29.05,0.0,230.0,1200.0
78002.279,0.0,140.0,92.80000000000001,22.23,16.0,167.5,33.1,151.4,28.900000000000002,32.89,33.550000000000004,92.0,15.700000000000001,55.400000000000006,100.0,226.5,2856.0,1.25,36.050000000000004,15.05,7.0600000000000005,36.02,28.97,0.0,228.5,1200.0
78062.279,0.0,140.0,89.10000000000001,22.23,15.97,169.5,33.1,152.9,28.84,32.97,33.550000000000004,93.5,15.8,55.0,100.0,223.0,2847.0,1.34,36.15,14.93,6.97,35.94,29.060000000000002,1.0,221.0,1200.0
78122.279,0.0,140.0,91.80000000000001,22.04,15.92,168.0,33.1,151.4,28.8,32.89,33.7,92.5,15.55,55.300000000000004,99.5,223.5,2843.0,1.44,35.95,15.030000000000001,7.0600000000000005,36.04,28.88,0.0,225.5,1200.0
78182.279,0.0,140.0,91.9,21.94,15.85,169.0,32.9,151.0,28.87,32.82,33.550000000000004,92.0,15.55,54.0,99.80000000000001,224.5,2841.0,1.47,35.9,15.02,7.0600000000000005,36.050000000000004,28.990000000000002,0.0,222.5,1200.0
78242.279,0.0,140.0,91.0,21.84,15.860000000000001,169.0,32.95,152.3,28.69,32.71,33.6,93.0,15.4,54.0,99.4,219.5,2840.0,1.45,35.9,15.05,7.03,36.08,29.11,1.0,225.5,1200.0
78302.279,0.0,140.0,92.4,21.76,15.75,171.0,32.85,150.9,28.73,32.74,33.65,92.0,15.450000000000001,53.6,100.0,224.5,2849.0,1.3900000000000001,35.9,14.98,7.0,36.04,29.09,2.0,221.0,1200.0
78362.279,0.0,140.0,90.30000000000001,21.63,15.67,168.0,32.800000000000004,149.9,28.75,32.69,33.550000000000004,91.0,15.450000000000001,53.5,96.9,217.0,2858.0,1.45,35.75,15.030000000000001,6.95,36.01,28.95,0.0,217.5,1200.0
78422.279,0.0,140.0,91.30000000000001,21.61,15.66,166.5,32.75,150.6,28.72,32.55,33.5,94.0,15.450000000000001,53.2,90.60000000000001,215.5,2869.0,1.45,35.800000000000004,14.96,7.0,35.95,29.03,0.0,211.0,1200.0
78482.279,0.0,140.0,89.0,21.5,15.69,168.0,32.550000000000004,151.9,28.66,32.5,33.6,92.0,15.600000000000001,51.2,84.80000000000001,207.0,2873.0,1.3800000000000001,35.75,15.030000000000001,6.96,35.97,28.98,0.0,212.5,1200.0
78542.278,0.0,140.0,91.2,21.29,15.59,167.0,32.550000000000004,152.3,28.71,32.32,33.65,91.5,15.450000000000001,50.7,80.5,206.0,2878.0,1.45,35.550000000000004,15.02,7.0,36.01,28.94,0.0,209.5,1200.0
78602.278,0.0,140.0,91.9,21.17,15.610000000000001,166.0,32.5,151.1,28.59,32.3,33.45,90.0,15.350000000000001,49.1,76.9,200.5,2892.0,1.18,35.4,14.98,6.98,36.04,28.990000000000002,1.0,203.0,1200.0
78662.278,0.0,140.0,92.2,21.35,15.64,166.0,32.45,151.5,28.71,32.27,33.6,91.0,15.4,49.1,75.8,206.0,2892.0,1.45,35.550000000000004,15.02,7.01,35.95,29.01,0.0,209.0,1200.0
78722.278,0.0,140.0,91.2,21.37,15.790000000000001,165.5,32.35,152.20000000000002,28.740000000000002,32.27,33.65,93.0,15.4,49.0,74.3,198.5,2887.0,1.43,35.45,15.08,6.99,36.03,28.990000000000002,0.0,199.0,1200.0
78782.278,0.0,140.0,90.5,21.39,15.82,165.5,32.35,150.8,28.64,32.32,33.65,94.5,15.75,49.1,73.60000000000001,197.5,2889.0,1.28,35.550000000000004,15.02,7.05,36.04,29.03,0.0,203.5,1200.0
78842.278,0.0,140.0,90.30000000000001,21.5,15.84,168.0,32.45,152.5,28.69,32.3,33.65,95.0,15.75,49.7,73.8,198.5,2875.0,1.3900000000000001,35.45,15.02,6.96,36.0,29.05,0.0,204.0,1200.0
78902.278,0.0,140.0,91.0,21.490000000000002,15.9,169.5,32.45,152.5,28.66,32.36,33.6,94.0,15.65,49.800000000000004,74.7,201.5,2875.0,1.42,35.4,15.0,7.09,36.02,29.01,0.0,194.5,1200.0
78962.278,0.0,140.0,91.30000000000001,21.56,15.93,167.5,32.6,151.3,28.72,32.32,33.800000000000004,93.5,15.75,49.0,74.9,201.0,2866.0,1.36,35.35,15.030000000000001,7.04,35.99,29.080000000000002,0.0,199.0,1200.0
79022.278,0.0,140.0,90.9,21.650000000000002,16.05,166.0,32.45,152.0,28.7,32.25,33.6,93.5,15.65,49.7,75.60000000000001,202.0,2861.0,1.45,35.45,14.99,7.01,36.03,29.02,1.0,198.0,1200.0
79082.278,0.0,140.0,90.9,21.7,16.04,165.5,32.65,151.8,28.69,32.46,33.6,93.5,15.850000000000001,49.6,77.2,200.5,2861.0,1.49,35.5,15.02,7.0,35.9,29.07,2.0,201.0,1200.0
79142.278,0.0,140.0,91.60000000000001,21.75,16.12,167.5,32.5,150.0,28.740000000000002,32.39,33.550000000000004,91.5,15.9,50.800000000000004,78.0,203.5,2855.0,1.25,35.4,14.98,7.0,36.07,28.98,0.0,202.0,1200.0
79202.278,0.0,140.0,92.4,21.87,16.16,166.0,32.4,150.0,28.73,32.38,33.800000000000004,94.0,15.850000000000001,50.0,79.0,201.0,2850.0,1.29,35.300000000000004,14.99,7.03,36.04,28.990000000000002,0.0,203.0,1200.0
79262.278,0.0,140.0,92.0,21.87,16.13,168.0,32.6,151.3,28.71,32.47,33.7,92.5,15.8,51.1,79.9,203.5,2852.0,1.5,35.25,14.99,6.98,36.09,29.02,1.0,205.5,1200.0
79322.278,0.0,140.0,90.2,21.86,16.09,167.0,32.4,151.3,28.7,32.45,33.65,91.0,15.700000000000001,50.900000000000006,81.30000000000001,205.5,2841.0,1.3,35.4,14.98,7.0600000000000005,35.99,28.95,0.0,204.5,1200.0
79382.278,0.0,140.0,92.7,21.900000000000002,16.080000000000002,168.0,32.65,150.8,28.76,32.480000000000004,33.5,94.5,15.9,51.0,81.9,205.0,2842.0,1.31,35.35,15.0,7.0,36.04,29.07,1.0,203.5,1200.0
79442.278,0.0,140.0,93.10000000000001,21.89,16.1,166.5,32.65,152.6,28.84,32.480000000000004,33.65,93.0,15.8,51.7,84.4,206.0,2832.0,1.5,35.550000000000004,14.96,6.99,35.99,29.060000000000002,3.0,204.5,1200.0
79502.278,0.0,140.0,93.2,21.94,16.16,168.5,32.65,151.0,28.64,32.59,33.550000000000004,92.5,15.850000000000001,51.5,86.5,211.5,2831.0,1.67,35.5,14.97,7.0200000000000005,36.06,28.98,0.0,207.5,1200.0
79562.278,0.0,140.0,90.9,22.06,16.09,168.5,32.65,151.20000000000002,28.67,32.58,33.5,94.0,15.950000000000001,52.0,88.5,214.0,2825.0,1.4000000000000001,35.45,14.99,7.05,36.01,29.060000000000002,0.0,208.5,1200.0
79622.277,0.0,140.0,90.7,22.05,16.080000000000002,166.5,32.45,151.20000000000002,28.71,32.65,33.45,93.0,15.8,52.400000000000006,90.10000000000001,212.0,2824.0,1.51,35.45,14.96,6.99,35.980000000000004,29.02,1.0,209.0,1200.0
79682.277,0.0,140.0,90.7,22.06,16.07,168.5,32.65,150.20000000000002,28.71,32.61,33.45,92.5,15.9,53.1,92.10000000000001,217.0,2826.0,1.5,35.5,14.96,6.95,36.1,28.96,0.0,207.5,1200.0
79742.277,0.0,140.0,92.80000000000001,22.07,16.14,166.0,32.7,151.9,28.740000000000002,32.59,33.4,92.0,15.8,53.5,93.60000000000001,215.5,2824.0,1.55,35.300000000000004,15.01,6.94,35.95,29.03,0.0,214.5,1200.0
79802.277,0.0,140.0,91.10000000000001,22.09,16.080000000000002,166.0,32.800000000000004,151.20000000000002,28.7,32.49,33.45,93.0,15.8,53.800000000000004,95.60000000000001,216.5,2813.0,1.6400000000000001,35.35,14.92,7.04,36.04,29.05,3.0,214.0,1200.0
79862.277,0.0,140.0,91.0,22.09,16.05,168.0,32.65,152.4,28.67,32.65,33.5,95.0,15.850000000000001,54.300000000000004,96.80000000000001,212.0,2814.0,1.45,35.35,15.02,6.94,36.12,29.02,0.0,215.0,1200.0
79922.277,0.0,140.0,92.5,22.03,16.11,167.5,32.800000000000004,152.0,28.68,32.730000000000004,33.300000000000004,90.5,15.75,54.1,96.80000000000001,214.5,2817.0,1.52,35.4,15.06,6.97,36.0,28.990000000000002,0.0,212.5,1200.0
79982.277,0.0,140.0,91.60000000000001,22.09,16.02,168.5,32.800000000000004,152.6,28.73,32.7,33.5,92.5,15.850000000000001,53.800000000000004,96.60000000000001,220.5,2821.0,1.27,35.4,15.040000000000001,6.95,36.07,28.87,0.0,212.5,1200.0
80042.277,0.0,140.0,90.4,21.98,15.99,169.5,32.85,150.0,28.7,32.69,33.4,91.0,15.700000000000001,53.5,96.60000000000001,214.0,2824.0,1.3800000000000001,35.4,15.01,6.97,35.93,29.04,0.0,215.5,1200.0
80102.277,0.0,140.0,91.10000000000001,22.04,15.96,166.0,32.800000000000004,152.4,28.75,32.71,33.45,92.5,15.9,53.5,96.30000000000001,218.0,2827.0,1.25,35.35,15.02,7.04,36.11,29.07,0.0,216.0,1200.0
80162.277,0.0,140.0,90.10000000000001,21.990000000000002,16.01,169.0,32.9,150.6,28.71,32.65,33.45,93.0,15.850000000000001,53.6,95.30000000000001,216.0,2821.0,1.26,35.550000000000004,15.030000000000001,7.0,36.03,28.97,0.0,217.0,1200.0
80222.277,0.0,140.0,91.5,22.03,15.99,168.5,32.800000000000004,151.5,28.650000000000002,32.64,33.4,93.5,15.700000000000001,53.900000000000006,94.80000000000001,214.5,2830.0,1.35,35.4,15.02,7.01,36.01,29.01,0.0,210.5,1200.0
80282.277,0.0,140.0,92.0,22.03,16.0,168.5,32.800000000000004,151.20000000000002,28.67,32.63,33.550000000000004,90.5,15.75,53.7,94.4,217.5,2825.0,1.45,35.45,14.99,7.04,36.02,29.0,0.0,215.0,1200.0
80342.277,0.0,140.0,91.10000000000001,21.900000000000002,15.870000000000001,167.0,32.800000000000004,150.9,28.7,32.52,33.4,93.0,15.700000000000001,53.6,93.7,213.0,2829.0,1.46,35.300000000000004,14.950000000000001,7.0200000000000005,35.99,28.96,0.0,217.0,1200.0
80402.277,0.0,140.0,91.7,21.88,15.92,168.5,32.65,153.20000000000002,28.67,32.65,33.5,91.5,15.8,53.1,93.0,211.0,2832.0,1.47,35.5,15.01,6.97,35.94,29.01,3.0,211.0,1200.0
80462.277,0.0,140.0,90.7,21.91,15.97,166.5,32.85,150.6,28.68,32.58,33.65,92.5,15.700000000000001,53.0,92.10000000000001,210.5,2828.0,1.4000000000000001,35.4,14.89,6.99,35.95,29.09,0.0,212.0,1200.0
80522.277,0.0,140.0,89.30000000000001,22.02,15.97,168.5,32.65,151.20000000000002,28.580000000000002,32.5,33.6,90.5,15.75,52.6,90.80000000000001,211.5,2831.0,1.34,35.45,14.91,7.0,36.01,29.0,2.0,212.0,1200.0
80582.277,0.0,140.0,90.9,21.91,15.98,168.0,32.6,152.3,28.650000000000002,32.5,33.45,93.0,15.700000000000001,52.5,90.30000000000001,211.0,2834.0,1.45,35.4,14.98,6.96,36.06,29.03,1.0,211.0,1200.0
80642.277,0.0,140.0,91.7,21.86,15.96,165.0,32.6,150.8,28.68,32.44,33.4,92.0,15.8,52.5,90.30000000000001,207.0,2832.0,1.27,35.25,15.07,7.0,36.02,29.03,2.0,213.5,1200.0
80702.276,0.0,140.0,90.10000000000001,21.830000000000002,15.96,165.5,32.550000000000004,150.4,28.650000000000002,32.410000000000004,33.45,94.0,15.600000000000001,52.6,89.4,214.5,2835.0,1.53,35.45,15.030000000000001,6.97,36.01,29.060000000000002,0.0,207.0,1200.0
80762.276,0.0,140.0,90.9,21.81,15.99,167.5,32.5,153.5,28.63,32.52,33.4,90.5,15.75,52.0,87.80000000000001,208.0,2838.0,1.46,35.45,15.01,7.08,36.0,28.91,0.0,207.5,1200.0
80822.276,0.0,140.0,90.7,21.87,15.93,166.0,32.5,151.6,28.68,32.42,33.35,93.0,15.850000000000001,51.6,87.4,210.5,2840.0,1.4000000000000001,35.25,14.97,7.0200000000000005,36.0,29.0,0.0,208.5,1200.0
80882.276,0.0,140.0,90.7,21.79,15.93,167.5,32.550000000000004,150.9,28.64,32.42,33.45,93.5,15.8,51.5,86.30000000000001,208.0,2838.0,1.51,35.15,15.01,6.97,36.03,29.07,0.0,201.5,1200.0
80942.276,0.0,140.0,92.7,21.77,15.950000000000001,164.5,32.6,151.4,28.560000000000002,32.36,33.5,94.5,15.8,51.7,85.80000000000001,207.0,2838.0,1.3900000000000001,35.300000000000004,15.02,6.96,36.01,29.04,0.0,204.0,1200.0
81002.276,0.0,140.0,90.0,21.8,15.94,166.5,32.45,150.1,28.57,32.29,33.45,92.0,15.65,51.5,84.7,207.5,2841.0,1.37,35.2,15.0,7.04,36.03,28.990000000000002,0.0,202.5,1200.0
81062.276,0.0,140.0,91.2,21.76,15.99,169.5,32.35,152.8,28.66,32.4,33.35,92.5,15.65,51.6,84.5,201.0,2839.0,1.42,35.300000000000004,15.030000000000001,7.0200000000000005,36.06,29.02,1.0,206.5,1200.0
81122.276,0.0,140.0,89.60000000000001,21.63,16.06,168.0,32.65,150.9,28.64,32.39,33.45,92.0,15.8,51.2,82.4,204.5,2845.0,1.34,35.300000000000004,14.98,7.0,35.97,29.03,0.0,208.0,1200.0
81182.276,0.0,140.0,89.7,21.6,15.88,165.5,32.35,150.5,28.64,32.24,33.6,92.0,15.65,50.800000000000004,81.4,201.0,2850.0,1.34,35.300000000000004,14.98,6.93,35.95,28.97,2.0,208.0,1200.0
81242.276,0.0,140.0,91.0,21.55,15.8,167.0,32.5,151.6,28.68,32.29,33.7,93.0,15.65,50.5,80.4,200.5,2855.0,1.6,35.300000000000004,15.040000000000001,7.05,35.980000000000004,29.080000000000002,0.0,210.5,1200.0
81302.276,0.0,140.0,89.4,21.580000000000002,15.91,167.5,32.5,151.6,28.63,32.28,33.6,92.0,15.8,49.6,79.2,204.0,2863.0,1.43,35.35,15.02,6.87,36.04,28.990000000000002,1.0,199.0,1200.0
81362.276,0.0,140.0,91.30000000000001,21.5,15.89,167.5,32.5,150.5,28.61,32.36,33.550000000000004,93.0,15.700000000000001,50.0,77.30000000000001,203.5,2871.0,1.58,35.300000000000004,15.05,6.98,36.08,28.990000000000002,2.0,205.0,1200.0
81422.276,0.0,140.0,92.80000000000001,21.47,15.88,166.5,32.6,151.3,28.67,32.3,33.7,92.5,15.600000000000001,49.5,76.3,203.0,2876.0,1.44,35.5,15.040000000000001,7.0200000000000005,36.0,29.080000000000002,0.0,203.5,1200.0
81482.276,0.0,140.0,91.7,21.44,15.870000000000001,166.5,32.5,150.4,28.69,32.42,33.6,92.0,15.600000000000001,49.300000000000004,74.8,202.5,2874.0,1.37,35.300000000000004,14.96,7.01,35.96,29.1,0.0,199.5,1200.0
81542.276,0.0,140.0,91.0,21.400000000000002,15.84,165.5,32.5,150.9,28.75,32.3,33.6,93.0,15.5,48.6,73.0,195.0,2889.0,1.45,35.4,15.06,6.98,36.050000000000004,28.97,0.0,201.5,1200.0
81602.276,0.0,140.0,92.4,21.36,15.82,166.5,32.4,150.70000000000002,28.76,32.37,33.7,91.5,15.600000000000001,48.300000000000004,71.7,200.5,2891.0,1.5,35.35,15.0,6.97,36.050000000000004,28.990000000000002,0.0,197.5,1200.0
81662.276,0.0,140.0,90.5,21.36,15.91,168.0,32.550000000000004,151.3,28.73,32.39,33.85,93.0,15.65,48.6,70.60000000000001,201.5,2893.0,1.4000000000000001,35.45,15.02,7.05,35.910000000000004,29.05,2.0,198.0,1200.0
81722.276,0.0,140.0,92.0,21.38,15.85,167.5,32.550000000000004,150.3,28.79,32.4,33.65,93.0,15.700000000000001,48.6,70.5,201.5,2890.0,1.41,35.300000000000004,15.0,6.96,35.94,28.990000000000002,1.0,198.5,1200.0
81782.276,0.0,140.0,90.9,21.42,15.96,165.0,32.4,150.70000000000002,28.88,32.34,33.75,92.5,15.600000000000001,48.300000000000004,70.4,199.0,2891.0,1.32,35.4,14.96,7.01,36.1,28.93,4.0,198.5,1200.0
81842.275,0.0,140.0,91.0,21.41,15.950000000000001,167.0,32.5,151.8,28.76,32.3,33.75,90.5,15.75,47.7,70.0,200.5,2891.0,1.3,35.5,14.9,7.0200000000000005,36.06,29.22,0.0,199.0,1200.0
81902.275,0.0,140.0,90.60000000000001,21.47,15.98,167.5,32.35,150.6,28.91,32.4,33.6,93.0,15.65,48.7,70.4,200.5,2889.0,1.34,35.45,15.06,7.05,35.95,29.0,0.0,197.5,1200.0
81962.275,0.0,140.0,89.2,21.490000000000002,16.01,166.5,32.45,151.1,28.92,32.4,33.7,92.5,15.9,48.5,70.2,199.0,2885.0,1.54,35.35,15.030000000000001,7.03,35.99,28.93,0.0,198.0,1200.0
82022.275,0.0,140.0,89.80000000000001,21.52,16.0,168.0,32.6,151.5,28.82,32.46,33.7,92.0,15.9,48.800000000000004,70.4,200.0,2886.0,1.42,35.45,15.07,6.98,35.92,29.05,1.0,198.5,1200.0
82082.275,0.0,140.0,91.4,21.580000000000002,15.99,166.5,32.5,151.4,28.85,32.46,33.9,92.0,16.05,48.7,70.8,203.5,2884.0,1.59,35.5,15.1,7.0200000000000005,35.95,29.09,0.0,201.0,1200.0
82142.275,0.0,140.0,90.4,21.47,16.04,165.0,32.7,151.0,28.82,32.410000000000004,33.9,92.0,15.8,48.7,71.9,201.0,2886.0,1.3,35.45,14.99,7.01,36.02,28.94,1.0,200.5,1200.0
82202.275,0.0,140.0,90.7,21.580000000000002,16.0,168.0,32.4,151.4,28.85,32.47,33.9,93.5,15.850000000000001,48.300000000000004,72.2,198.5,2883.0,1.55,35.4,15.02,7.0200000000000005,36.04,29.04,0.0,202.0,1200.0
82262.275,0.0,140.0,90.4,21.64,16.07,165.0,32.800000000000004,151.0,28.900000000000002,32.47,33.75,91.5,15.700000000000001,49.1,72.7,202.0,2880.0,1.44,35.550000000000004,14.99,6.99,35.99,28.98,3.0,196.5,1200.0
82322.275,0.0,140.0,92.0,21.740000000000002,16.080000000000002,165.5,32.6,151.8,28.900000000000002,32.65,33.800000000000004,92.5,15.850000000000001,49.300000000000004,74.60000000000001,200.0,2869.0,1.33,35.65,14.950000000000001,6.97,35.94,29.01,4.0,202.5,1200.0
82382.275,0.0,140.0,91.0,21.86,16.15,169.0,32.65,151.9,28.89,32.54,33.85,92.5,15.8,49.800000000000004,75.9,201.5,2867.0,1.46,35.65,15.02,7.04,35.99,28.97,1.0,205.0,1200.0
82442.275,0.0,140.0,92.30000000000001,21.87,16.21,169.5,32.800000000000004,152.4,28.85,32.68,33.7,94.0,15.8,50.5,77.7,204.5,2860.0,1.52,35.7,14.93,6.96,35.99,29.0,0.0,204.5,1200.0
82502.275,0.0,140.0,91.5,21.91,16.22,170.5,32.65,150.6,28.93,32.61,33.85,95.0,15.950000000000001,50.900000000000006,79.80000000000001,207.0,2854.0,1.53,35.5,14.98,6.890000000000001,36.050000000000004,28.98,2.0,206.0,1200.0
82562.275,0.0,140.0,90.9,22.06,16.16,166.0,32.9,150.70000000000002,29.01,32.78,33.6,93.0,15.9,51.300000000000004,83.9,207.5,2848.0,1.43,35.550000000000004,15.040000000000001,7.08,35.99,28.89,2.0,209.0,1200.0
82622.275,0.0,140.0,90.7,22.07,16.17,169.5,32.800000000000004,151.20000000000002,29.04,32.72,33.800000000000004,95.0,15.8,51.400000000000006,87.80000000000001,211.5,2847.0,1.42,35.550000000000004,14.98,6.97,36.07,28.97,0.0,216.5,1200.0
82682.275,0.0,140.0,89.9,22.18,16.22,169.0,32.9,151.3,29.03,32.87,33.7,93.5,15.850000000000001,52.2,91.30000000000001,221.5,2839.0,1.48,35.6,14.98,7.03,35.95,29.07,1.0,216.5,1200.0
82742.275,0.0,140.0,90.5,22.25,16.22,168.0,33.2,151.8,29.0,32.97,33.75,93.5,16.05,54.0,95.5,219.0,2836.0,1.28,35.550000000000004,15.05,7.0600000000000005,35.94,29.060000000000002,0.0,214.0,1200.0
82802.275,0.0,140.0,91.10000000000001,22.330000000000002,16.240000000000002,169.0,33.1,151.8,28.990000000000002,33.03,33.800000000000004,94.0,16.0,53.900000000000006,99.4,223.0,2829.0,1.43,35.75,14.96,7.1000000000000005,35.95,29.03,0.0,221.0,1200.0
82862.275,0.0,140.0,89.9,22.22,16.19,172.5,33.35,149.8,29.04,33.02,33.800000000000004,94.5,15.850000000000001,54.7,100.0,214.0,2827.0,1.42,35.65,15.02,7.0600000000000005,36.06,29.0,0.0,219.0,1200.0
82922.275,0.0,140.0,89.7,22.32,16.11,170.0,33.1,151.4,29.060000000000002,33.1,33.65,91.0,15.8,54.800000000000004,99.5,222.0,2833.0,1.3800000000000001,35.7,15.040000000000001,6.99,35.92,29.02,0.0,220.0,1200.0
82982.274,0.0,140.0,91.60000000000001,22.27,16.16,170.0,33.25,151.9,28.990000000000002,33.13,33.7,94.5,16.0,53.7,99.9,222.0,2834.0,1.47,35.800000000000004,15.0,7.04,36.02,28.94,0.0,220.5,1200.0
83042.274,0.0,140.0,92.0,22.19,16.12,172.0,33.2,150.9,29.03,33.0,33.95,92.5,15.9,53.900000000000006,99.7,222.5,2838.0,1.35,35.6,15.040000000000001,7.0600000000000005,36.06,29.03,0.0,223.0,1200.0
83102.274,0.0,140.0,91.5,22.21,16.04,169.5,33.300000000000004,150.9,28.95,33.05,33.9,90.5,15.75,53.400000000000006,99.7,220.5,2842.0,1.35,35.75,14.99,6.96,35.97,29.07,0.0,224.5,1200.0
83162.274,0.0,140.0,90.5,22.12,16.13,171.0,33.300000000000004,151.8,29.060000000000002,33.12,33.85,93.5,15.8,53.900000000000006,99.7,222.5,2842.0,1.3,35.85,14.98,6.96,35.89,29.02,0.0,220.5,1200.0
83222.274,0.0,140.0,91.4,22.14,16.03,172.0,33.25,151.9,29.05,33.1,34.0,93.0,15.9,54.300000000000004,100.0,228.0,2840.0,1.41,35.7,14.98,7.09,36.06,28.94,0.0,227.0,1200.0
83282.274,0.0,140.0,93.30000000000001,22.080000000000002,16.07,173.5,33.15,151.20000000000002,29.0,33.08,33.85,93.0,15.850000000000001,54.2,99.9,219.5,2846.0,1.35,35.75,15.0,6.99,35.99,28.990000000000002,0.0,229.5,1200.0
83342.274,0.0,140.0,89.80000000000001,22.09,16.04,171.0,33.25,151.1,29.09,33.11,33.800000000000004,91.0,15.700000000000001,54.2,100.0,224.5,2851.0,1.42,35.800000000000004,14.97,6.97,36.08,28.98,2.0,224.0,1200.0
83402.274,0.0,140.0,89.30000000000001,22.14,16.06,173.5,33.300000000000004,151.9,29.14,33.09,33.85,92.0,15.8,54.2,99.80000000000001,222.0,2853.0,1.28,35.7,14.98,6.98,35.94,28.98,0.0,230.0,1200.0
83462.274,0.0,140.0,90.0,22.080000000000002,15.94,172.0,33.300000000000004,151.0,29.17,33.14,34.050000000000004,94.0,15.65,54.400000000000006,100.0,222.5,2852.0,1.3900000000000001,35.800000000000004,14.950000000000001,6.96,35.910000000000004,28.95,0.0,222.0,1200.0
83522.274,0.0,140.0,91.2,22.080000000000002,16.04,170.5,33.25,153.0,29.1,33.08,34.0,93.0,15.700000000000001,53.7,99.9,225.0,2850.0,1.42,35.800000000000004,14.99,7.05,36.01,29.02,0.0,222.5,1200.0
83582.274,0.0,140.0,92.10000000000001,22.12,16.0,170.0,33.35,152.4,29.12,33.15,34.0,91.0,15.8,53.900000000000006,100.0,225.0,2855.0,1.33,36.0,14.96,7.0200000000000005,35.97,29.07,1.0,225.5,1200.0
83642.274,0.0,140.0,91.7,22.05,16.04,169.0,33.35,151.3,29.16,33.13,33.9,92.5,15.700000000000001,54.0,100.0,222.0,2852.0,1.42,35.800000000000004,15.01,7.1000000000000005,36.02,28.98,0.0,222.5,1200.0
83702.274,0.0,140.0,90.5,22.03,16.09,173.0,33.45,152.0,29.2,33.19,34.0,94.5,15.8,54.2,100.0,225.5,2852.0,1.31,35.9,15.02,7.04,36.01,28.86,0.0,227.0,1200.0
83762.274,0.0,140.0,92.0,22.2,16.04,172.0,33.300000000000004,151.0,29.2,33.24,33.9,92.5,15.950000000000001,54.1,99.80000000000001,223.5,2856.0,1.61,36.050000000000004,15.040000000000001,6.98,36.03,28.98,3.0,227.5,1200.0
83822.274,0.0,140.0,90.5,22.17,16.06,171.5,33.25,150.5,29.310000000000002,33.15,34.050000000000004,93.5,15.9,54.1,99.9,228.0,2855.0,1.3900000000000001,36.050000000000004,14.97,6.96,35.9,29.0,1.0,226.5,1200.0
83882.274,0.0,140.0,90.60000000000001,22.13,16.06,170.5,33.5,152.1,29.19,33.22,34.1,91.0,15.700000000000001,53.6,99.80000000000001,225.5,2861.0,1.3,36.0,15.01,7.07,35.96,28.98,0.0,225.5,1200.0
83942.274,0.0,140.0,91.7,22.13,16.09,172.0,33.5,151.0,29.240000000000002,33.21,33.95,92.0,15.8,54.300000000000004,99.9,231.0,2851.0,1.24,35.9,15.040000000000001,6.98,35.980000000000004,29.02,0.0,225.0,1200.0
84002.274,0.0,140.0,91.2,22.16,16.12,169.0,33.35,151.1,29.28,33.35,33.95,94.5,15.8,53.6,99.9,225.5,2855.0,1.4000000000000001,36.1,15.0,6.95,35.99,29.07,0.0,225.5,1200.0
84062.274,0.0,140.0,91.30000000000001,22.11,16.07,171.5,33.25,150.0,29.22,33.26,34.0,90.0,15.75,53.900000000000006,100.0,230.5,2861.0,1.52,36.0,15.1,7.01,36.06,28.95,0.0,228.5,1200.0
84122.273,0.0,140.0,90.5,22.02,15.96,172.5,33.550000000000004,151.0,29.240000000000002,33.31,34.1,93.0,15.75,53.7,99.80000000000001,231.5,2860.0,1.41,36.050000000000004,15.0,7.0,35.95,29.09,0.0,229.5,1200.0
84182.273,0.0,140.0,90.80000000000001,21.86,15.780000000000001,173.0,33.550000000000004,151.3,29.310000000000002,33.33,34.050000000000004,91.0,15.600000000000001,54.0,99.9,229.0,2877.0,1.48,36.0,14.94,7.0,36.03,29.03,2.0,225.5,1200.0
84242.273,0.0,140.0,90.0,21.79,15.75,170.0,33.25,149.6,29.12,33.25,34.1,91.0,15.450000000000001,53.5,99.9,226.0,2881.0,1.31,36.050000000000004,15.05,7.05,36.02,28.96,0.0,226.0,1200.0
84302.273,0.0,140.0,91.2,21.63,15.69,170.0,33.15,150.9,29.150000000000002,33.19,33.85,93.0,15.4,52.6,94.2,228.5,2896.0,1.44,36.2,15.05,7.05,36.01,29.02,0.0,224.5,1200.0
84362.273,0.0,140.0,91.4,21.53,15.700000000000001,170.0,33.1,151.6,29.17,33.06,34.15,92.0,15.25,51.900000000000006,88.60000000000001,218.5,2904.0,1.54,36.0,15.05,7.0,36.07,29.04,0.0,222.0,1200.0
84422.273,0.0,140.0,91.10000000000001,21.46,15.620000000000001,168.0,32.9,152.5,29.2,32.93,34.15,91.5,15.5,50.2,82.4,217.0,2915.0,1.3,36.1,14.98,6.99,35.99,29.0,0.0,216.0,1200.0
84482.273,0.0,140.0,90.2,21.31,15.74,170.0,32.85,150.4,29.13,32.85,34.050000000000004,89.5,15.350000000000001,49.1,78.10000000000001,208.5,2917.0,1.5,35.95,14.94,7.01,35.99,28.98,2.0,212.5,1200.0
84542.273,0.0,140.0,91.9,21.31,15.64,167.5,32.85,150.4,29.17,32.8,34.050000000000004,91.0,15.4,47.300000000000004,74.0,208.5,2939.0,1.31,35.9,15.02,7.05,35.86,29.09,0.0,209.0,1200.0
84602.273,0.0,140.0,91.0,21.080000000000002,15.58,168.5,32.6,152.20000000000002,29.09,32.68,34.300000000000004,92.0,15.5,47.6,70.3,207.5,2945.0,1.37,35.75,15.040000000000001,6.97,35.97,28.990000000000002,0.0,206.5,1200.0
84662.273,0.0,140.0,90.2,21.27,15.72,167.0,32.9,152.4,29.16,32.68,34.25,91.0,15.55,47.300000000000004,70.4,202.5,2941.0,1.53,35.9,14.99,6.95,35.93,29.060000000000002,0.0,207.5,1200.0
84722.273,0.0,140.0,91.2,21.400000000000002,15.83,167.5,32.800000000000004,149.6,29.16,32.79,34.050000000000004,92.5,15.600000000000001,47.6,70.60000000000001,206.5,2933.0,1.36,35.95,14.98,7.05,36.13,29.04,0.0,208.0,1200.0
84782.273,0.0,140.0,91.10000000000001,21.48,15.96,170.0,33.0,149.8,29.240000000000002,32.75,34.15,93.5,15.700000000000001,48.5,72.5,204.5,2916.0,1.42,35.9,15.040000000000001,6.96,36.04,29.05,0.0,204.5,1200.0
84842.273,0.0,140.0,91.2,21.72,15.96,169.5,32.95,152.3,29.12,32.87,34.1,92.0,15.8,48.900000000000006,73.9,205.5,2911.0,1.35,35.75,15.02,6.97,36.15,29.14,2.0,209.0,1200.0
84902.273,0.0,140.0,90.9,21.81,16.080000000000002,170.0,33.050000000000004,151.6,29.17,32.95,34.15,95.0,15.950000000000001,49.7,76.4,206.5,2891.0,1.5,35.95,14.97,7.03,36.09,29.02,1.0,207.5,1200.0
84962.273,0.0,140.0,91.7,21.92,16.23,169.0,33.1,151.8,29.27,32.980000000000004,34.050000000000004,93.0,16.1,49.900000000000006,78.80000000000001,210.5,2884.0,1.45,36.0,14.98,6.94,36.03,29.02,0.0,207.0,1200.0
85022.273,0.0,140.0,90.10000000000001,22.09,16.18,172.0,33.050000000000004,152.0,29.240000000000002,33.14,34.1,93.5,16.05,50.7,83.9,214.5,2868.0,1.61,36.050000000000004,15.030000000000001,7.0,35.96,29.060000000000002,1.0,214.5,1200.0
85082.273,0.0,140.0,89.10000000000001,22.12,16.21,171.5,33.15,151.3,29.18,33.17,34.1,94.0,16.0,51.1,90.0,218.5,2855.0,1.41,36.0,14.96,7.0600000000000005,36.01,29.03,0.0,219.0,1200.0
85142.273,0.0,140.0,91.30000000000001,22.41,16.29,171.5,33.300000000000004,149.8,29.2,33.19,33.95,92.0,16.0,53.0,96.2,217.5,2852.0,1.3,35.95,14.97,6.97,35.980000000000004,29.01,3.0,220.0,1200.0
85202.273,0.0,140.0,91.80000000000001,22.41,16.38,172.0,33.6,151.0,29.23,33.28,33.9,95.0,16.05,54.800000000000004,99.80000000000001,225.0,2838.0,1.56,36.050000000000004,14.96,7.0600000000000005,36.04,28.95,2.0,220.0,1200.0
85262.273,0.0,140.0,90.30000000000001,22.52,16.36,172.5,33.35,152.0,29.21,33.25,34.050000000000004,92.0,16.05,55.400000000000006,99.80000000000001,221.5,2831.0,1.44,35.95,15.07,7.03,35.93,29.080000000000002,2.0,221.5,1200.0
85322.272,0.0,140.0,91.60000000000001,22.39,16.45,173.0,33.45,151.3,29.29,33.230000000000004,33.9,94.5,16.05,54.400000000000006,99.5,222.0,2832.0,1.17,36.050000000000004,15.01,7.0,35.96,29.080000000000002,1.0,221.5,1200.0
85382.272,0.0,140.0,90.80000000000001,22.38,16.42,174.5,33.300000000000004,151.6,29.240000000000002,33.31,34.050000000000004,96.5,16.0,54.300000000000004,100.0,224.0,2832.0,1.3800000000000001,36.050000000000004,15.02,6.99,36.0,29.03,0.0,222.5,1200.0
85442.272,0.0,140.0,92.0,22.400000000000002,16.3,173.0,33.35,152.1,29.35,33.4,34.15,95.0,15.950000000000001,54.0,99.7,223.0,2850.0,1.37,36.1,15.040000000000001,7.0600000000000005,36.04,29.01,1.0,229.0,1200.0
85502.272,0.0,140.0,91.5,22.46,16.25,170.0,33.45,151.9,29.3,33.45,34.050000000000004,93.5,16.05,54.6,100.0,228.5,2863.0,1.47,36.1,15.05,6.94,35.94,28.990000000000002,1.0,235.5,1200.0
85562.272,0.0,140.0,91.0,22.400000000000002,16.11,171.5,33.550000000000004,152.5,29.2,33.42,33.9,94.0,15.700000000000001,54.7,99.7,232.5,2868.0,1.45,36.2,14.96,6.96,36.01,29.01,0.0,223.5,1200.0
85622.272,0.0,140.0,90.60000000000001,22.43,16.11,172.5,33.7,151.0,29.310000000000002,33.49,34.050000000000004,94.0,15.950000000000001,54.800000000000004,99.9,226.5,2872.0,1.54,36.1,14.96,7.0,36.03,28.96,0.0,232.5,1200.0
85682.272,0.0,140.0,89.5,22.46,16.03,173.0,33.6,152.0,29.36,33.5,34.2,91.5,15.850000000000001,55.0,99.5,233.0,2876.0,1.3900000000000001,36.25,15.02,6.95,36.02,29.150000000000002,0.0,234.5,1200.0
85742.272,0.0,140.0,91.9,22.330000000000002,16.13,173.0,33.6,150.70000000000002,29.35,33.53,34.0,91.5,15.850000000000001,55.0,99.9,236.5,2882.0,1.22,36.300000000000004,15.02,7.04,35.99,29.0,0.0,236.0,1200.0
85802.272,0.0,140.0,92.60000000000001,22.42,16.04,171.0,33.6,150.5,29.36,33.52,34.15,93.5,15.8,54.800000000000004,99.7,235.5,2884.0,1.3900000000000001,36.4,15.08,6.94,36.01,28.98,0.0,235.5,1200.0
85862.272,0.0,140.0,90.10000000000001,22.36,16.0,171.0,33.6,152.0,29.400000000000002,33.56,34.15,93.5,15.65,55.6,100.0,235.5,2888.0,1.44,36.45,14.96,7.08,35.9,28.96,0.0,233.5,1200.0
85922.272,0.0,140.0,91.5,22.38,16.080000000000002,173.0,33.6,151.4,29.39,33.53,34.1,93.0,15.75,54.900000000000006,99.4,240.5,2892.0,1.34,36.25,15.01,6.98,36.01,28.95,0.0,234.5,1200.0
85982.272,0.0,140.0,91.0,22.41,16.1,170.5,33.65,151.6,29.26,33.37,34.15,91.5,15.600000000000001,54.5,100.0,233.5,2889.0,1.44,36.45,15.05,7.04,35.93,29.03,3.0,240.0,1200.0
86042.272,0.0,140.0,89.7,22.41,15.98,173.0,33.45,151.6,29.35,33.53,34.300000000000004,91.5,15.700000000000001,55.0,100.0,237.0,2890.0,1.3800000000000001,36.4,14.99,7.05,36.01,29.04,1.0,237.5,1200.0
86102.272,0.0,140.0,90.7,22.43,15.97,173.5,33.5,150.9,29.330000000000002,33.51,34.2,93.0,15.700000000000001,54.7,100.0,234.5,2890.0,1.45,36.4,15.030000000000001,6.97,35.95,29.01,0.0,234.5,1200.0
86162.272,0.0,140.0,90.7,22.36,15.99,172.5,33.7,152.20000000000002,29.310000000000002,33.47,34.2,94.5,15.700000000000001,55.2,99.60000000000001,234.5,2889.0,1.59,36.4,15.030000000000001,6.99,35.980000000000004,29.060000000000002,4.0,236.0,1200.0
86222.272,0.0,140.0,91.30000000000001,22.47,15.98,172.0,33.45,150.9,29.330000000000002,33.49,34.1,91.0,15.8,54.5,100.0,235.0,2892.0,1.31,36.550000000000004,14.96,6.98,36.01,28.990000000000002,0.0,238.5,1200.0
86282.272,0.0,140.0,90.5,22.43,16.02,174.0,33.7,149.9,29.37,33.49,34.2,92.5,15.850000000000001,55.2,99.9,239.5,2894.0,1.26,36.5,14.91,6.96,35.97,29.07,0.0,235.5,1200.0
86342.272,0.0,140.0,90.60000000000001,22.44,15.99,172.0,33.85,151.8,29.330000000000002,33.5,34.15,94.0,15.700000000000001,55.800000000000004,100.0,236.0,2891.0,1.52,36.550000000000004,15.08,7.08,36.050000000000004,29.01,0.0,237.5,1200.0
86402.272,2.272,140.0,90.9,22.31,15.75,171.0,32.9,151.5,28.51,32.81,33.35,90.5,15.350000000000001,55.2,99.80000000000001,242.5,2893.0,1.45,36.65,15.0,6.99,36.09,28.990000000000002,2.0,239.0,1200.0
86463.34,63.34,140.0,91.9,22.31,16.04,168.5,32.65,152.3,28.55,32.63,33.2,93.0,15.5,55.7,100.0,220.0,2840.0,1.3,36.550000000000004,14.98,6.97,35.99,29.04,2.0,220.5,1200.0
86523.309,123.309,140.0,91.4,22.22,16.07,167.5,32.7,152.70000000000002,28.53,32.67,33.300000000000004,90.5,15.450000000000001,55.7,99.80000000000001,218.5,2840.0,1.32,36.45,14.98,7.04,36.03,28.92,0.0,224.0,1200.0
86583.28,183.28,140.0,91.10000000000001,22.26,16.02,168.0,32.75,151.20000000000002,28.59,32.56,33.2,91.0,15.75,55.2,100.0,221.0,2841.0,1.33,36.25,14.98,6.96,36.02,28.95,0.0,222.0,1200.0
86643.253,243.253,140.0,90.10000000000001,22.31,15.98,167.0,32.800000000000004,152.1,28.490000000000002,32.63,33.15,92.0,15.5,55.0,100.0,220.0,2840.0,1.57,36.15,15.02,6.95,36.01,29.05,0.0,222.5,1200.0
86703.227,303.227,140.0,90.30000000000001,22.14,16.03,167.5,32.65,152.20000000000002,28.64,32.61,33.2,92.5,15.450000000000001,55.400000000000006,100.0,222.0,2843.0,1.48,36.0,15.0,6.99,35.910000000000004,29.03,0.0,224.5,1200.0
86763.204,363.204,140.0,91.0,22.35,16.02,168.0,32.800000000000004,152.0,28.54,32.53,33.4,92.0,15.55,55.6,99.80000000000001,218.5,2837.0,1.28,35.9,15.02,6.97,35.97,29.03,0.0,223.0,1200.0
86823.181,423.181,140.0,92.80000000000001,22.31,16.04,168.0,32.6,151.20000000000002,28.560000000000002,32.61,33.300000000000004,92.0,15.55,55.2,100.0,223.5,2843.0,1.49,35.9,14.98,6.94,36.03,29.01,1.0,220.0,1200.0
86883.16,483.16,140.0,89.7,22.3,16.03,168.0,32.800000000000004,151.4,28.54,32.65,33.35,91.5,15.55,55.5,100.0,225.0,2840.0,1.43,35.85,15.0,7.05,35.94,28.96,1.0,225.0,1200.0
86943.139,543.139,140.0,92.0,22.330000000000002,15.99,168.5,32.75,150.70000000000002,28.55,32.65,33.2,91.0,15.350000000000001,55.2,100.0,224.0,2845.0,1.25,35.85,15.01,6.98,36.02,29.02,0.0,217.5,1200.0
87003.12,603.12,140.0,91.60000000000001,22.35,16.01,168.5,32.75,151.8,28.55,32.58,33.2,91.5,15.4,55.1,100.0,224.5,2839.0,1.51,35.95,15.0,7.0200000000000005,35.95,29.0,3.0,222.5,1200.0
87063.102,663.102,140.0,90.5,22.23,16.0,168.5,32.800000000000004,151.20000000000002,28.54,32.64,33.300000000000004,92.0,15.55,55.6,100.0,224.0,2840.0,1.3,35.9,15.030000000000001,6.98,35.94,28.97,0.0,222.5,1200.0
87123.084,723.084,140.0,91.7,22.27,15.950000000000001,167.0,32.85,151.1,28.560000000000002,32.67,33.35,89.0,15.350000000000001,55.5,100.0,219.5,2843.0,1.37,35.9,14.97,7.04,36.03,28.95,2.0,221.5,1200.0
87183.068,783.068,140.0,91.2,22.26,16.0,166.5,32.800000000000004,150.70000000000002,28.55,32.67,33.300000000000004,91.5,15.450000000000001,55.6,99.5,219.5,2842.0,1.45,35.9,14.98,6.95,35.97,29.1,1.0,223.5,1200.0
87243.052,843.052,140.0,90.80000000000001,22.23,16.0,167.0,32.9,151.6,28.63,32.49,33.4,92.5,15.450000000000001,55.5,100.0,221.0,2846.0,1.23,35.800000000000004,15.040000000000001,6.98,35.95,29.02,1.0,221.5,1200.0
87303.037,903.037,140.0,91.0,22.34,15.98,168.5,32.7,151.5,28.57,32.62,33.35,91.0,15.450000000000001,55.1,100.0,220.5,2839.0,1.3900000000000001,35.75,15.040000000000001,7.04,35.95,28.95,1.0,221.5,1200.0
87363.022,963.022,140.0,92.0,22.25,16.0,169.5,32.65,151.70000000000002,28.560000000000002,32.57,33.35,93.0,15.55,55.300000000000004,100.0,224.0,2844.0,1.27,35.65,15.05,6.9,35.96,29.02,0.0,218.5,1200.0
87423.008,1023.008,140.0,90.9,22.26,16.02,167.0,32.800000000000004,151.20000000000002,28.53,32.64,33.300000000000004,90.5,15.55,55.5,100.0,223.0,2839.0,1.43,35.800000000000004,14.99,7.0,35.99,28.97,2.0,223.5,1200.0
87482.994,1082.994,140.0,90.7,22.23,16.0,167.5,32.85,149.20000000000002,28.52,32.64,33.45,91.5,15.600000000000001,54.800000000000004,100.0,222.5,2844.0,1.43,35.75,14.99,7.03,35.99,29.03,0.0,220.0,1200.0
87542.981,1142.981,140.0,90.4,22.12,16.03,167.0,32.75,151.1,28.52,32.62,33.300000000000004,91.5,15.55,55.400000000000006,100.0,227.5,2838.0,1.3800000000000001,35.800000000000004,15.01,7.03,35.96,28.98,0.0,224.0,1200.0
87602.969,1202.969,140.0,91.0,22.22,15.98,168.0,32.85,154.10000000000002,28.61,32.64,33.35,91.0,15.4,54.800000000000004,99.80000000000001,222.5,2839.0,1.47,35.75,15.05,6.98,36.06,28.91,1.0,224.0,1200.0
87662.957,1262.957,140.0,90.80000000000001,22.25,15.99,168.0,32.75,151.3,28.6,32.68,33.4,92.5,15.450000000000001,54.900000000000006,99.9,225.0,2842.0,1.33,35.800000000000004,15.040000000000001,6.99,36.03,28.990000000000002,5.0,219.5,1200.0
87722.945,1322.945,140.0,91.60000000000001,22.2,15.99,166.0,32.85,151.20000000000002,28.560000000000002,32.67,33.4,91.5,15.450000000000001,55.400000000000006,99.7,224.0,2840.0,1.2,35.800000000000004,14.96,6.97,35.93,28.91,0.0,219.5,1200.0
87782.934,1382.934,140.0,91.10000000000001,22.240000000000002,15.9,169.0,32.75,151.9,28.61,32.62,33.4,91.0,15.5,55.0,100.0,224.0,2850.0,1.3900000000000001,35.7,14.96,6.99,35.96,29.05,2.0,226.0,1200.0
87842.923,1442.923,140.0,92.0,22.21,16.01,169.5,32.7,152.8,28.66,32.730000000000004,33.45,89.5,15.65,55.2,100.0,223.0,2850.0,1.49,35.800000000000004,15.040000000000001,7.0200000000000005,36.0,29.080000000000002,1.0,225.5,1200.0
87902.912,1502.912,140.0,91.2,22.240000000000002,15.99,167.0,32.85,151.8,28.63,32.74,33.4,92.5,15.5,55.300000000000004,99.4,222.5,2848.0,1.31,35.9,14.99,6.99,36.04,28.97,0.0,226.0,1200.0
87962.902,1562.902,140.0,92.60000000000001,22.150000000000002,15.98,168.5,32.9,152.0,28.62,32.71,33.35,94.0,15.350000000000001,55.0,100.0,224.5,2849.0,1.4000000000000001,35.800000000000004,15.0,7.04,36.01,28.95,0.0,222.5,1200.0
88022.892,1622.892,140.0,91.10000000000001,22.28,15.99,166.5,32.85,152.1,28.7,32.77,33.550000000000004,89.5,15.65,54.6,99.9,229.5,2850.0,1.46,35.7,15.0,7.0200000000000005,36.01,29.03,2.0,220.0,1200.0
88082.883,1682.883,140.0,92.60000000000001,22.27,16.01,168.0,32.95,152.5,28.72,32.84,33.45,92.5,15.55,55.1,99.80000000000001,221.5,2848.0,1.29,35.9,14.99,6.99,36.0,29.03,1.0,227.5,1200.0
88142.873,1742.873,140.0,91.4,22.17,16.01,169.0,32.85,152.1,28.69,32.71,33.5,93.0,15.450000000000001,55.0,100.0,222.5,2854.0,1.31,35.95,14.99,7.01,36.03,29.080000000000002,0.0,217.0,1200.0
88202.864,1802.864,140.0,92.0,22.25,15.98,168.5,32.800000000000004,152.1,28.68,32.78,33.550000000000004,92.0,15.5,55.2,99.5,225.0,2851.0,1.41,36.050000000000004,14.99,7.0,35.97,29.01,0.0,226.5,1200.0
88262.856,1862.856,140.0,89.4,22.240000000000002,16.0,168.5,33.050000000000004,151.3,28.740000000000002,32.85,33.45,91.5,15.600000000000001,54.900000000000006,100.0,226.0,2854.0,1.3800000000000001,35.9,14.99,7.03,36.02,28.990000000000002,2.0,228.0,1200.0
88322.847,1922.847,140.0,90.60000000000001,22.26,16.07,168.5,32.95,153.1,28.7,32.78,33.550000000000004,91.5,15.5,54.7,100.0,222.5,2849.0,1.49,35.85,15.030000000000001,6.99,36.03,28.97,0.0,224.0,1200.0
88382.839,1982.839,140.0,91.30000000000001,22.27,16.05,167.5,32.85,153.0,28.69,32.78,33.7,92.0,15.5,55.400000000000006,100.0,229.5,2857.0,1.51,35.95,15.02,7.0200000000000005,36.06,28.97,1.0,227.5,1200.0
88442.831,2042.831,140.0,90.0,22.29,16.04,168.5,33.050000000000004,151.6,28.71,32.79,33.550000000000004,91.0,15.4,55.0,99.9,223.0,2850.0,1.5,35.75,14.98,6.92,36.0,29.080000000000002,0.0,225.0,1200.0
88502.823,2102.823,140.0,92.5,22.23,16.01,169.0,32.95,148.4,28.740000000000002,32.83,33.550000000000004,91.5,15.5,55.6,100.0,221.0,2859.0,1.3,35.95,15.0,7.0,36.03,28.92,0.0,226.5,1200.0
88562.815,2162.815,140.0,90.30000000000001,22.28,16.05,168.0,32.95,152.20000000000002,28.73,32.79,33.5,91.5,15.55,55.0,100.0,227.0,2862.0,1.27,36.1,15.05,6.96,36.07,29.02,0.0,225.0,1200.0
88622.808,2222.808,140.0,90.7,22.27,15.99,170.0,33.050000000000004,151.70000000000002,28.77,32.83,33.5,92.5,15.4,54.6,99.60000000000001,226.5,2858.0,1.36,36.050000000000004,14.89,6.99,36.01,28.97,0.0,227.0,1200.0
88682.8,2282.8,140.0,91.80000000000001,22.31,16.03,169.5,33.050000000000004,152.3,28.73,32.83,33.65,93.0,15.5,55.1,99.80000000000001,231.0,2859.0,1.27,36.0,15.07,6.98,36.01,28.94,0.0,228.5,1200.0
88742.793,2342.793,140.0,90.2,22.27,15.9,169.0,33.1,151.3,28.78,32.88,33.7,94.0,15.600000000000001,54.5,99.7,224.5,2864.0,1.47,36.0,15.01,7.0600000000000005,36.01,29.02,2.0,230.0,1200.0
88802.786,2402.786,140.0,91.30000000000001,22.25,16.05,169.5,33.1,151.20000000000002,28.69,32.85,33.6,93.5,15.55,55.400000000000006,100.0,227.0,2862.0,1.28,36.050000000000004,15.02,7.01,36.09,29.060000000000002,1.0,229.5,1200.0
88862.779,2462.779,140.0,91.2,22.32,16.03,169.0,33.050000000000004,150.5,28.76,32.83,33.65,93.5,15.600000000000001,54.800000000000004,100.0,231.0,2862.0,1.5,36.0,14.97,6.98,35.95,28.96,0.0,225.5,1200.0
88922.773,2522.773,140.0,91.80000000000001,22.3,16.03,167.5,33.0,150.3,28.740000000000002,32.87,33.6,91.5,15.450000000000001,54.800000000000004,99.80000000000001,224.0,2859.0,1.52,35.95,15.0,6.98,35.97,28.96,3.0,229.5,1200.0
88982.766,2582.766,140.0,92.5,22.240000000000002,16.04,171.0,33.1,151.8,28.88,32.85,33.550000000000004,91.5,15.4,55.300000000000004,100.0,226.0,2864.0,1.52,36.0,14.99,7.07,35.99,29.0,0.0,225.5,1200.0
89042.76,2642.76,140.0,89.4,22.26,16.03,170.5,33.0,151.70000000000002,28.900000000000002,32.87,33.800000000000004,90.0,15.65,55.300000000000004,99.9,226.5,2873.0,1.41,36.2,15.040000000000001,7.04,36.09,28.97,0.0,231.0,1200.0
89102.754,2702.754,140.0,90.10000000000001,22.17,15.99,168.5,33.1,150.70000000000002,28.77,33.01,33.5,91.0,15.5,54.7,100.0,228.0,2870.0,1.31,36.2,15.05,6.95,36.0,29.0,0.0,229.5,1200.0
89162.748,2762.748,140.0,90.2,22.27,15.98,170.5,33.0,151.9,28.82,32.92,33.6,91.0,15.450000000000001,54.5,100.0,231.0,2867.0,1.41,36.2,15.05,7.0200000000000005,36.06,28.990000000000002,0.0,227.0,1200.0
89222.742,2822.742,140.0,91.9,22.26,16.03,169.5,33.1,151.8,28.86,32.910000000000004,33.7,91.5,15.65,54.2,100.0,225.0,2870.0,1.47,36.2,15.05,7.0,35.92,28.96,1.0,229.5,1200.0
89282.736,2882.736,140.0,91.9,22.2,16.03,169.0,33.0,153.4,28.91,32.980000000000004,33.7,93.0,15.600000000000001,55.400000000000006,100.0,233.0,2867.0,1.41,36.050000000000004,15.01,6.97,36.04,29.060000000000002,0.0,231.0,1200.0
89342.73,2942.73,140.0,90.5,22.26,15.9,169.0,33.0,151.0,28.82,33.09,33.800000000000004,91.5,15.450000000000001,54.800000000000004,100.0,234.5,2873.0,1.58,36.15,14.96,7.0,36.06,29.02,1.0,227.0,1200.0
89402.725,3002.725,140.0,92.2,22.25,15.98,170.0,33.25,150.5,28.900000000000002,32.93,33.7,90.5,15.450000000000001,55.0,100.0,226.5,2877.0,1.35,36.1,15.05,6.9,36.06,29.02,0.0,229.5,1200.0
89462.719,3062.719,140.0,89.7,22.3,15.98,169.0,33.300000000000004,151.6,29.02,33.01,33.85,92.5,15.65,54.5,100.0,231.5,2874.0,1.35,36.35,15.040000000000001,6.97,35.980000000000004,29.080000000000002,0.0,226.5,1200.0
89522.714,3122.714,140.0,90.9,22.28,16.06,167.0,33.1,150.20000000000002,28.810000000000002,33.01,33.75,92.5,15.450000000000001,55.0,100.0,232.0,2866.0,1.5,36.15,14.98,6.99,36.04,28.98,1.0,228.0,1200.0
89582.709,3182.709,140.0,91.5,22.23,16.01,170.5,33.15,153.3,28.95,33.07,33.6,90.5,15.55,54.6,99.80000000000001,230.5,2871.0,1.3,36.050000000000004,15.02,7.0,36.0,29.01,1.0,224.5,1200.0
89642.704,3242.704,140.0,89.5,22.29,16.03,170.0,33.300000000000004,151.4,28.990000000000002,32.95,33.7,90.5,15.450000000000001,54.400000000000006,99.5,230.0,2871.0,1.61,36.15,15.040000000000001,7.0,36.06,29.080000000000002,2.0,233.5,1200.0
89702.699,3302.699,140.0,89.0,22.22,15.91,170.0,33.15,151.0,29.01,32.94,33.65,90.5,15.600000000000001,54.5,100.0,229.5,2870.0,1.42,36.15,15.040000000000001,6.84,35.95,29.04,1.0,230.0,1200.0
89762.694,3362.694,140.0,93.4,22.23,16.06,170.0,33.2,150.9,28.89,32.910000000000004,33.75,92.5,15.600000000000001,55.0,100.0,227.5,2873.0,1.43,36.300000000000004,15.02,7.0200000000000005,36.0,28.97,0.0,232.5,1200.0
89822.689,3422.689,140.0,90.5,22.23,16.02,170.5,33.1,151.0,28.82,33.03,33.800000000000004,93.5,15.5,55.0,100.0,225.5,2868.0,1.26,36.15,15.05,6.97,36.01,28.95,1.0,229.0,1200.0
89882.684,3482.684,140.0,91.9,22.25,15.96,169.0,33.1,151.5,28.87,32.99,33.75,90.0,15.55,55.2,100.0,225.0,2869.0,1.41,36.15,15.07,6.97,35.96,28.990000000000002,3.0,229.5,1200.0
89942.68,3542.68,140.0,91.60000000000001,22.31,15.97,170.0,32.95,151.8,28.94,32.94,33.7,90.0,15.55,54.400000000000006,99.80000000000001,232.0,2868.0,1.42,36.2,14.98,7.01,35.99,29.0,0.0,225.0,1200.0
90002.675,3602.675,140.0,92.4,22.18,15.98,170.0,33.15,153.70000000000002,28.900000000000002,33.01,33.75,91.5,15.350000000000001,54.5,99.30000000000001,226.0,2873.0,1.48,36.1,15.0,7.05,35.980000000000004,28.97,0.0,228.5,1200.0
90062.671,3662.671,140.0,91.30000000000001,22.3,15.92,171.5,33.15,152.5,28.900000000000002,33.11,33.7,92.5,15.5,54.400000000000006,100.0,231.5,2872.0,1.43,36.25,15.06,7.0,35.99,28.990000000000002,2.0,226.5,1200.0
90122.666,3722.666,140.0,90.4,22.28,16.03,171.5,33.1,151.0,28.95,33.02,33.75,92.0,15.5,54.7,99.60000000000001,228.0,2872.0,1.48,36.1,14.96,6.99,36.03,28.97,0.0,229.5,1200.0
90182.662,3782.662,140.0,90.2,22.21,16.02,171.0,33.15,152.70000000000002,28.91,33.09,33.75,93.0,15.4,54.7,100.0,230.5,2877.0,1.28,36.25,15.040000000000001,7.01,36.13,29.09,0.0,233.0,1200.0
90242.658,3842.658,140.0,91.0,22.28,16.02,171.0,33.050000000000004,150.9,28.85,33.13,33.85,93.5,15.4,55.2,99.80000000000001,227.5,2873.0,1.46,36.300000000000004,15.030000000000001,6.98,36.04,29.0,1.0,231.5,1200.0
90302.653,3902.653,140.0,93.4,22.3,15.950000000000001,170.5,33.4,153.1,29.060000000000002,33.12,33.7,89.0,15.5,54.400000000000006,99.5,228.0,2880.0,1.5,36.15,14.99,6.93,36.050000000000004,29.0,0.0,226.5,1200.0
90362.649,3962.649,140.0,90.9,22.27,15.97,170.0,33.25,152.20000000000002,29.02,33.05,33.85,91.5,15.4,54.7,99.9,230.0,2881.0,1.41,36.25,15.02,6.99,36.02,29.060000000000002,0.0,227.5,1200.0
90422.645,4022.645,140.0,88.60000000000001,22.28,16.02,172.0,33.300000000000004,151.20000000000002,28.98,33.19,33.75,89.5,15.450000000000001,54.300000000000004,99.9,233.5,2878.0,1.3900000000000001,36.25,15.02,6.96,35.99,29.060000000000002,0.0,231.0,1200.0
90482.641,4082.641,140.0,92.10000000000001,22.35,16.07,173.0,33.15,150.6,29.04,33.18,33.85,91.0,15.450000000000001,54.400000000000006,99.9,233.5,2886.0,1.36,36.2,15.030000000000001,6.99,36.0,28.97,0.0,233.0,1200.0
90542.637,4142.637,140.0,89.9,22.35,15.98,169.5,33.1,150.4,28.97,33.22,33.85,93.0,15.55,54.900000000000006,100.0,234.5,2880.0,1.22,36.2,14.950000000000001,7.0,36.04,28.91,0.0,228.0,1200.0
90602.633,4202.633,140.0,91.5,22.28,15.97,171.0,33.300000000000004,151.8,29.05,33.12,33.9,92.0,15.55,54.400000000000006,99.4,229.0,2885.0,1.3800000000000001,36.35,14.97,7.03,36.0,29.02,0.0,230.5,1200.0
90662.63,4262.63,140.0,90.10000000000001,22.25,15.97,169.0,33.25,150.4,29.080000000000002,33.2,33.9,94.5,15.5,54.900000000000006,100.0,232.0,2883.0,1.48,36.35,14.98,6.99,35.980000000000004,29.060000000000002,1.0,232.0,1200.0
90722.626,4322.626,140.0,89.4,22.28,16.04,170.0,33.35,151.20000000000002,29.13,33.25,33.95,91.5,15.600000000000001,54.900000000000006,100.0,234.0,2888.0,1.41,36.45,15.01,7.05,35.94,28.98,1.0,233.0,1200.0
90782.622,4382.622,140.0,92.2,22.36,15.99,172.5,33.4,152.20000000000002,29.150000000000002,33.28,33.85,93.0,15.4,54.400000000000006,99.4,231.5,2892.0,1.2,36.35,14.99,7.04,35.99,29.02,1.0,237.5,1200.0
90842.619,4442.619,140.0,90.0,22.26,15.97,169.5,33.300000000000004,150.9,29.150000000000002,33.28,33.800000000000004,92.0,15.55,55.1,99.9,230.5,2883.0,1.58,36.4,15.0,7.0,36.0,29.0,0.0,233.0,1200.0
90902.615,4502.615,140.0,91.2,22.330000000000002,15.98,172.0,33.25,153.5,29.19,33.27,33.75,92.0,15.450000000000001,55.0,100.0,235.0,2890.0,1.49,36.25,14.950000000000001,7.0200000000000005,36.09,28.96,0.0,237.0,1200.0
90962.612,4562.612,140.0,91.9,22.41,15.97,169.5,33.5,152.8,29.2,33.2,33.9,93.0,15.700000000000001,55.400000000000006,100.0,233.5,2893.0,1.2,36.5,14.99,6.95,36.06,28.96,2.0,236.5,1200.0
91022.608,4622.608,140.0,90.7,22.330000000000002,15.98,171.5,33.25,151.3,29.04,33.29,33.95,95.0,15.700000000000001,55.2,100.0,237.0,2891.0,1.27,36.45,14.97,7.03,36.050000000000004,29.0,0.0,232.5,1200.0
91082.605,4682.605,140.0,91.2,22.36,16.0,173.5,33.5,152.5,29.11,33.31,33.9,92.0,15.350000000000001,54.6,99.80000000000001,235.5,2888.0,1.5,36.4,14.99,6.98,36.12,28.97,0.0,233.0,1200.0
91142.601,4742.601,140.0,89.4,22.38,15.99,171.5,33.25,151.5,29.11,33.22,34.0,93.0,15.55,54.800000000000004,99.9,242.5,2894.0,1.31,36.5,14.93,7.01,35.97,29.04,0.0,236.0,1200.0
91202.598,4802.598,140.0,90.5,22.34,16.04,171.5,33.300000000000004,149.4,29.05,33.3,33.9,91.0,15.55,55.0,99.30000000000001,240.0,2895.0,1.49,36.45,14.94,7.05,35.97,28.94,0.0,230.5,1200.0
91262.595,4862.595,140.0,91.30000000000001,22.41,16.03,171.5,33.35,153.1,29.13,33.17,33.95,92.5,15.55,54.7,100.0,236.5,2890.0,1.28,36.45,15.01,7.04,35.980000000000004,29.1,0.0,234.5,1200.0
91322.592,4922.592,140.0,91.0,22.25,16.01,170.0,33.45,151.0,29.12,33.29,33.9,92.5,15.450000000000001,55.0,100.0,234.5,2895.0,1.4000000000000001,36.550000000000004,14.99,7.01,35.94,29.05,3.0,235.0,1200.0
91382.588,4982.588,140.0,90.7,22.29,15.98,171.0,33.2,150.0,29.12,33.27,33.9,93.5,15.5,55.1,100.0,232.5,2896.0,1.32,36.6,14.97,6.99,36.02,29.02,0.0,228.0,1200.0
91442.585,5042.585,140.0,92.10000000000001,22.36,16.06,171.0,33.4,151.3,29.09,33.26,34.0,92.5,15.600000000000001,54.7,100.0,233.0,2895.0,1.24,36.550000000000004,15.030000000000001,6.99,35.97,28.93,0.0,234.0,1200.0
91502.582,5102.582,140.0,91.4,22.29,16.01,171.0,33.35,150.8,29.11,33.31,33.95,92.5,15.5,54.300000000000004,99.7,235.5,2891.0,1.37,36.45,14.94,7.0,36.06,29.02,1.0,235.0,1200.0
91562.579,5162.579,140.0,91.30000000000001,22.330000000000002,16.01,171.0,33.2,149.9,29.17,33.28,34.0,91.5,15.600000000000001,54.2,99.80000000000001,235.5,2896.0,1.27,36.45,15.040000000000001,6.97,36.03,28.990000000000002,0.0,233.0,1200.0
91622.576,5222.576,140.0,92.80000000000001,22.31,15.96,172.5,33.5,152.1,29.16,33.4,34.0,93.0,15.65,55.2,100.0,242.0,2895.0,1.42,36.6,14.96,6.97,36.01,28.990000000000002,0.0,238.0,1200.0
91682.573,5282.573,140.0,89.9,22.27,15.99,171.5,33.35,151.3,29.2,33.29,34.0,91.0,15.450000000000001,55.0,100.0,234.0,2894.0,1.52,36.6,14.96,7.01,35.99,29.0,0.0,232.5,1200.0
91742.57,5342.57,140.0,91.10000000000001,22.3,16.07,172.0,33.4,151.9,29.11,33.37,34.0,92.5,15.5,54.6,99.80000000000001,234.5,2895.0,1.32,36.6,15.05,6.95,36.02,29.09,2.0,239.0,1200.0
91802.567,5402.567,140.0,89.60000000000001,22.27,15.99,171.5,33.6,150.1,29.17,33.31,33.9,90.5,15.450000000000001,55.0,99.7,236.5,2895.0,1.16,36.550000000000004,14.96,6.97,35.93,29.01,0.0,234.5,1200.0
91862.565,5462.565,140.0,90.80000000000001,22.26,15.97,171.0,33.5,150.20000000000002,29.28,33.36,34.15,90.5,15.450000000000001,54.5,99.9,234.5,2893.0,1.31,36.45,15.030000000000001,7.03,35.980000000000004,29.1,0.0,235.0,1200.0
91922.562,5522.562,140.0,91.4,22.35,16.0,170.0,33.550000000000004,152.3,29.27,33.32,33.95,92.5,15.5,54.400000000000006,99.9,235.0,2896.0,1.46,36.45,14.99,7.07,36.02,28.94,0.0,235.5,1200.0
91982.559,5582.559,140.0,92.0,22.32,16.01,171.5,33.35,150.4,29.25,33.29,34.050000000000004,94.5,15.4,54.5,100.0,234.0,2901.0,1.1300000000000001,36.4,14.99,6.95,35.93,29.03,0.0,237.5,1200.0
92042.556,5642.556,140.0,92.2,22.26,16.0,172.0,33.4,151.5,29.23,33.38,34.1,92.5,15.600000000000001,55.0,99.9,228.0,2899.0,1.44,36.6,14.93,6.95,36.03,28.96,0.0,232.0,1200.0
92102.554,5702.554,140.0,89.7,22.35,16.04,170.0,33.4,152.8,29.19,33.36,34.050000000000004,93.5,15.5,54.300000000000004,100.0,233.0,2896.0,1.17,36.550000000000004,14.950000000000001,6.98,35.92,29.04,2.0,237.0,1200.0
92162.551,5762.551,140.0,91.5,22.28,16.05,172.0,33.5,152.1,29.2,33.410000000000004,34.1,89.0,15.450000000000001,54.6,100.0,234.5,2902.0,1.26,36.65,15.030000000000001,6.98,35.92,28.95,2.0,232.0,1200.0
92222.548,5822.548,140.0,90.2,22.27,16.0,169.5,33.4,152.20000000000002,29.25,33.37,34.1,91.5,15.55,54.300000000000004,100.0,235.5,2893.0,1.5,36.75,15.01,7.05,36.06,29.0,0.0,236.0,1200.0
92282.546,5882.546,140.0,90.7,22.37,16.01,173.0,33.550000000000004,149.8,29.23,33.37,34.0,92.5,15.450000000000001,54.7,99.7,238.0,2900.0,1.44,36.6,14.98,7.0600000000000005,36.03,28.96,0.0,233.0,1200.0
92342.543,5942.543,140.0,91.10000000000001,22.34,15.99,173.0,33.5,152.70000000000002,29.310000000000002,33.36,34.0,90.0,15.450000000000001,54.1,100.0,234.5,2900.0,1.46,36.65,15.040000000000001,6.99,35.99,28.98,0.0,233.5,1200.0
92402.541,6002.541,140.0,90.7,22.35,16.05,172.5,33.5,151.5,29.17,33.33,34.1,92.5,15.4,54.2,99.7,236.5,2897.0,1.52,36.7,14.99,6.98,36.0,29.0,2.0,233.0,1200.0
92462.538,6062.538,140.0,92.2,22.330000000000002,15.94,173.0,33.45,150.0,29.3,33.4,34.2,92.0,15.5,54.7,100.0,238.0,2899.0,1.29,36.6,15.0,6.92,35.97,29.05,0.0,233.5,1200.0
92522.536,6122.536,140.0,90.5,22.37,16.02,172.5,33.550000000000004,151.8,29.19,33.39,33.95,91.5,15.450000000000001,54.0,99.9,234.5,2902.0,1.45,36.7,14.93,7.01,36.04,28.98,0.0,235.0,1200.0
92582.533,6182.533,140.0,91.10000000000001,22.29,15.94,170.5,33.4,150.70000000000002,29.25,33.34,34.15,90.5,15.55,54.7,99.7,242.0,2905.0,1.3900000000000001,36.6,14.96,6.99,36.06,28.87,2.0,240.0,1200.0
92642.531,6242.531,140.0,91.2,22.27,15.99,173.5,33.5,150.20000000000002,29.3,33.37,34.15,93.0,15.4,54.400000000000006,99.9,236.0,2904.0,1.44,36.6,15.01,7.04,36.0,29.07,2.0,234.5,1200.0
92702.528,6302.528,140.0,88.60000000000001,22.37,15.96,171.5,33.550000000000004,151.70000000000002,29.34,33.39,34.1,92.0,15.4,54.300000000000004,100.0,238.0,2908.0,1.58,36.7,15.0,7.0,35.980000000000004,29.0,0.0,235.0,1200.0
92762.526,6362.526,140.0,90.60000000000001,22.32,16.02,171.5,33.7,151.6,29.29,33.51,34.1,92.0,15.450000000000001,54.5,100.0,236.0,2908.0,1.23,36.95,15.0,6.94,36.03,28.900000000000002,0.0,240.0,1200.0
92822.524,6422.524,140.0,90.7,22.28,15.950000000000001,172.0,33.550000000000004,151.9,29.32,33.54,34.050000000000004,91.5,15.4,55.1,100.0,241.5,2910.0,1.36,36.65,15.030000000000001,6.97,35.99,29.0,0.0,232.5,1200.0
92882.521,6482.521,140.0,92.30000000000001,22.25,16.03,171.0,33.550000000000004,150.0,29.35,33.49,34.25,94.5,15.4,54.1,99.80000000000001,239.5,2907.0,1.61,36.800000000000004,15.0,6.94,35.93,29.060000000000002,0.0,237.0,1200.0
92942.519,6542.519,140.0,90.0,22.31,15.99,173.5,33.65,151.4,29.26,33.46,34.2,93.5,15.450000000000001,54.400000000000006,99.9,239.5,2909.0,1.43,36.75,14.950000000000001,7.05,35.96,28.94,0.0,239.5,1200.0
93002.517,6602.517,140.0,90.9,22.35,15.99,170.5,33.6,150.20000000000002,29.400000000000002,33.5,34.1,89.5,15.55,54.5,100.0,240.0,2907.0,1.4000000000000001,36.75,14.96,6.98,36.01,28.97,1.0,240.5,1200.0
93062.515,6662.515,140.0,90.60000000000001,22.26,15.96,172.5,33.5,153.70000000000002,29.37,33.59,34.15,91.5,15.5,54.800000000000004,100.0,236.5,2910.0,1.61,36.7,14.950000000000001,7.01,35.93,29.02,1.0,237.0,1200.0
93122.513,6722.513,140.0,89.9,22.28,16.0,171.0,33.65,150.1,29.45,33.56,34.300000000000004,92.0,15.450000000000001,55.1,100.0,236.5,2908.0,1.34,36.65,15.07,6.98,35.980000000000004,28.93,0.0,235.5,1200.0
93182.51,6782.51,140.0,91.2,22.31,15.99,174.0,33.5,152.3,29.36,33.46,34.15,93.5,15.450000000000001,54.800000000000004,99.9,231.5,2912.0,1.35,36.9,15.0,7.0,36.02,28.93,0.0,241.5,1200.0
93242.508,6842.508,140.0,91.30000000000001,22.23,15.950000000000001,175.0,33.65,150.8,29.32,33.38,34.2,91.0,15.65,54.7,99.9,240.0,2905.0,1.3,36.800000000000004,14.99,6.94,36.07,29.02,0.0,235.0,1200.0
93302.506,6902.506,140.0,90.2,22.27,16.05,172.5,33.45,151.20000000000002,29.36,33.47,34.2,93.0,15.600000000000001,54.6,100.0,237.5,2906.0,1.3900000000000001,36.85,15.01,6.99,36.03,29.01,0.0,235.0,1200.0
93362.504,6962.504,140.0,92.30000000000001,22.25,16.01,170.5,33.6,149.70000000000002,29.38,33.5,34.25,91.0,15.350000000000001,54.1,100.0,235.5,2910.0,1.57,36.85,15.01,6.99,35.93,28.95,0.0,236.5,1200.0
93422.502,7022.502,140.0,90.5,22.29,15.97,171.0,33.65,151.0,29.32,33.42,34.2,92.5,15.350000000000001,55.0,99.5,236.5,2906.0,1.5,36.85,14.99,6.96,35.99,28.94,0.0,237.5,1200.0
93482.5,7082.5,140.0,89.80000000000001,22.36,15.91,170.5,33.65,151.9,29.35,33.44,34.300000000000004,92.5,15.600000000000001,54.6,100.0,234.5,2911.0,1.31,36.7,15.05,6.97,36.09,28.97,0.0,243.0,1200.0
93542.498,7142.498,140.0,90.5,22.28,16.01,172.0,33.550000000000004,151.0,29.37,33.5,34.2,93.5,15.3,54.400000000000006,100.0,237.5,2908.0,1.36,36.75,14.93,6.98,35.97,29.01,1.0,238.5,1200.0
93602.496,7202.496,140.0,90.60000000000001,22.31,16.05,170.5,33.6,151.3,29.25,33.5,34.15,91.5,15.55,54.7,100.0,237.0,2905.0,1.35,36.9,14.93,7.0600000000000005,36.02,29.07,0.0,238.0,1200.0
93662.494,7262.494,140.0,92.7,22.27,16.02,171.5,33.6,152.70000000000002,29.330000000000002,33.4,34.2,90.5,15.5,54.1,100.0,238.0,2911.0,1.32,36.95,14.96,6.96,36.09,28.990000000000002,0.0,236.5,1200.0
93722.492,7322.492,140.0,90.2,22.29,16.09,174.0,33.5,152.0,29.26,33.4,34.050000000000004,93.0,15.5,54.0,99.9,240.5,2910.0,1.58,36.800000000000004,15.030000000000001,7.0,35.99,28.98,0.0,243.5,1200.0
93782.49,7382.49,140.0,89.7,22.29,16.03,172.5,33.550000000000004,150.4,29.37,33.46,34.0,92.0,15.700000000000001,54.800000000000004,99.5,238.5,2907.0,1.52,36.7,15.05,6.99,35.96,29.04,1.0,242.0,1200.0
93842.488,7442.488,140.0,89.9,22.23,16.02,171.5,33.6,150.5,29.35,33.45,34.15,92.0,15.55,54.5,100.0,239.0,2905.0,1.43,36.75,14.99,7.09,35.97,29.09,1.0,239.5,1200.0
93902.486,7502.486,140.0,89.9,22.31,16.080000000000002,173.0,33.65,151.1,29.44,33.410000000000004,34.35,91.0,15.450000000000001,54.400000000000006,99.9,237.5,2906.0,1.44,36.800000000000004,14.99,7.0,35.94,29.0,0.0,236.0,1200.0
93962.484,7562.484,140.0,91.2,22.32,16.05,171.0,33.4,151.4,29.310000000000002,33.46,34.15,91.5,15.450000000000001,54.6,100.0,239.0,2902.0,1.22,37.0,15.0,7.04,35.99,29.05,0.0,240.0,1200.0
94022.482,7622.482,140.0,91.9,22.22,15.99,173.0,33.550000000000004,151.0,29.38,33.480000000000004,34.2,91.0,15.350000000000001,54.1,100.0,236.0,2905.0,1.6300000000000001,36.800000000000004,15.01,7.0,36.07,28.94,1.0,236.5,1200.0
94082.48,7682.48,140.0,90.80000000000001,22.28,16.0,174.0,33.65,150.5,29.330000000000002,33.4,34.050000000000004,90.0,15.350000000000001,54.400000000000006,99.7,237.5,2905.0,1.29,36.7,15.01,6.98,36.050000000000004,28.97,2.0,235.0,1200.0
94142.478,7742.478,140.0,90.10000000000001,22.36,15.96,174.0,33.45,153.1,29.26,33.36,34.15,89.0,15.350000000000001,54.2,99.80000000000001,232.5,2907.0,1.41,36.6,15.02,7.04,36.0,29.01,2.0,237.5,1200.0
94202.477,7802.477,140.0,91.0,22.23,15.93,173.0,33.5,149.70000000000002,29.3,33.3,34.0,89.5,15.450000000000001,54.2,100.0,238.0,2911.0,1.5,36.550000000000004,15.01,7.0200000000000005,35.97,28.96,0.0,239.5,1200.0
94262.475,7862.475,140.0,90.7,22.28,16.0,170.5,33.550000000000004,152.1,29.43,33.410000000000004,34.1,92.5,15.600000000000001,54.800000000000004,99.9,235.0,2902.0,1.45,36.75,15.05,7.07,35.96,28.95,1.0,238.0,1200.0
94322.473,7922.473,140.0,90.7,22.37,16.09,172.5,33.65,152.20000000000002,29.29,33.36,34.1,90.5,15.5,54.800000000000004,100.0,233.0,2906.0,1.4000000000000001,36.9,14.98,7.0600000000000005,35.99,28.900000000000002,0.0,237.5,1200.0
94382.471,7982.471,140.0,92.2,22.37,16.0,172.0,33.5,150.20000000000002,29.28,33.44,34.2,92.0,15.55,54.800000000000004,100.0,235.5,2901.0,1.3900000000000001,36.65,15.0,7.0,35.94,29.01,1.0,238.5,1200.0
94442.47,8042.47,140.0,90.60000000000001,22.37,16.03,172.5,33.550000000000004,152.1,29.29,33.45,34.2,92.0,15.450000000000001,55.5,100.0,234.5,2907.0,1.26,36.7,14.93,7.07,35.980000000000004,29.060000000000002,0.0,241.0,1200.0
94502.468,8102.468,140.0,90.9,22.46,16.04,171.0,33.45,152.1,29.28,33.49,34.2,91.0,15.600000000000001,55.2,100.0,239.0,2909.0,1.52,36.800000000000004,14.99,7.04,35.97,28.98,0.0,238.0,1200.0
94562.466,8162.466,140.0,90.2,22.46,16.02,170.5,33.550000000000004,152.6,29.29,33.51,34.1,91.0,15.4,55.2,100.0,241.0,2907.0,1.4000000000000001,36.85,14.97,7.01,36.02,28.98,0.0,240.5,1200.0
94622.464,8222.464,140.0,89.80000000000001,22.47,15.97,171.0,33.6,152.0,29.330000000000002,33.47,34.15,93.0,15.5,55.300000000000004,100.0,237.0,2904.0,1.35,36.75,15.01,7.0,36.01,28.98,5.0,239.5,1200.0
94682.463,8282.463,140.0,92.10000000000001,22.400000000000002,15.98,172.5,33.7,152.20000000000002,29.28,33.47,34.15,91.0,15.65,55.1,100.0,237.0,2915.0,1.36,36.7,14.99,7.03,36.01,28.95,1.0,240.0,1200.0
94742.461,8342.461,140.0,90.80000000000001,22.52,16.0,172.0,33.550000000000004,151.1,29.26,33.44,34.1,91.5,15.5,55.1,100.0,241.0,2913.0,1.37,36.85,14.950000000000001,7.0600000000000005,35.97,28.97,3.0,240.0,1200.0
94802.459,8402.459,140.0,90.10000000000001,22.54,16.03,175.0,33.65,151.5,29.2,33.44,34.050000000000004,90.5,15.4,55.5,99.5,241.0,2909.0,1.6,36.85,15.02,7.05,36.02,29.02,0.0,239.5,1200.0
94862.458,8462.458,140.0,91.7,22.52,15.99,171.5,33.65,151.0,29.28,33.52,34.0,93.5,15.5,55.7,100.0,242.5,2918.0,1.62,36.9,14.99,7.08,36.03,29.0,0.0,237.5,1200.0
94922.456,8522.456,140.0,91.7,22.650000000000002,16.06,172.0,33.65,152.4,29.2,33.53,34.050000000000004,90.5,15.55,55.7,100.0,242.0,2922.0,1.33,36.95,14.99,7.03,36.04,28.96,0.0,241.0,1200.0
94982.454,8582.454,140.0,91.5,22.56,16.05,173.5,33.6,150.9,29.26,33.44,34.1,92.0,15.350000000000001,55.800000000000004,99.60000000000001,241.5,2921.0,1.36,36.85,15.0,6.98,36.050000000000004,29.03,0.0,240.0,1200.0
95042.453,8642.453,140.0,89.60000000000001,22.56,16.05,171.5,33.6,151.1,29.3,33.45,34.0,94.0,15.600000000000001,56.1,100.0,244.5,2921.0,1.42,36.95,14.950000000000001,6.97,35.99,29.060000000000002,0.0,246.5,1200.0
95102.451,8702.451,140.0,89.5,22.57,16.01,174.0,33.6,151.1,29.17,33.51,34.0,91.5,15.600000000000001,55.800000000000004,99.9,244.5,2921.0,1.3900000000000001,37.0,14.93,7.04,35.94,28.98,0.0,242.5,1200.0
95162.45,8762.45,140.0,91.0,22.7,15.98,172.0,33.5,151.70000000000002,29.330000000000002,33.54,34.050000000000004,93.0,15.5,55.800000000000004,99.60000000000001,247.5,2926.0,1.42,37.050000000000004,14.99,6.94,36.07,29.05,0.0,244.0,1200.0
95222.448,8822.448,140.0,89.5,22.650000000000002,16.01,175.0,33.800000000000004,151.0,29.2,33.51,34.0,93.5,15.65,56.300000000000004,99.7,240.0,2924.0,1.3800000000000001,36.95,14.96,7.04,35.94,28.98,0.0,248.0,1200.0
95282.447,8882.447,140.0,90.5,22.64,16.09,173.5,33.7,151.4,29.330000000000002,33.57,34.1,91.0,15.4,56.7,100.0,245.0,2926.0,1.44,37.050000000000004,14.96,6.97,36.09,28.96,0.0,243.0,1200.0
95342.445,8942.445,140.0,90.80000000000001,22.71,16.07,175.5,33.7,149.20000000000002,29.18,33.57,34.15,90.0,15.350000000000001,56.6,99.9,243.0,2932.0,1.45,37.050000000000004,15.05,6.98,36.03,29.080000000000002,1.0,246.5,1200.0
95402.444,9002.444,140.0,91.10000000000001,22.72,15.99,173.0,33.6,150.9,29.25,33.59,34.15,93.0,15.450000000000001,56.800000000000004,99.60000000000001,251.5,2932.0,1.52,37.300000000000004,14.98,6.98,36.08,28.94,0.0,249.0,1200.0
95462.442,9062.442,140.0,90.80000000000001,22.73,16.05,172.5,33.550000000000004,152.70000000000002,29.23,33.57,34.25,91.0,15.450000000000001,57.1,100.0,250.0,2928.0,1.4000000000000001,37.2,14.98,6.96,35.99,29.01,0.0,247.0,1200.0
95522.441,9122.441,140.0,92.10000000000001,22.67,16.06,172.0,33.65,149.6,29.25,33.53,34.2,92.0,15.450000000000001,57.300000000000004,99.7,246.5,2935.0,1.49,37.25,15.0,6.98,36.08,28.990000000000002,3.0,248.0,1200.0
95582.439,9182.439,140.0,92.0,22.67,16.0,174.5,33.75,151.20000000000002,29.28,33.63,34.300000000000004,92.0,15.450000000000001,56.5,100.0,248.0,2935.0,1.47,37.35,14.950000000000001,7.0,35.93,28.96,0.0,251.0,1200.0
95642.438,9242.438,140.0,90.7,22.64,15.98,174.5,33.7,151.1,29.240000000000002,33.54,34.0,91.5,15.450000000000001,57.300000000000004,99.9,247.5,2937.0,1.4000000000000001,37.2,14.93,7.04,36.050000000000004,29.03,0.0,246.5,1200.0
95702.436,9302.436,140.0,90.9,22.76,15.96,173.5,33.6,151.9,29.19,33.56,34.050000000000004,92.5,15.450000000000001,57.300000000000004,100.0,248.0,2936.0,1.29,37.4,15.0,6.99,36.11,29.04,1.0,248.0,1200.0
95762.435,9362.435,140.0,90.7,22.75,16.03,172.0,33.6,150.6,29.16,33.52,34.15,91.5,15.350000000000001,57.1,99.60000000000001,246.0,2936.0,1.37,37.300000000000004,15.08,6.95,35.910000000000004,28.990000000000002,0.0,251.0,1200.0
95822.433,9422.433,140.0,90.0,22.72,16.04,172.5,33.7,152.5,29.14,33.52,34.0,88.5,15.5,57.2,99.9,250.0,2939.0,1.41,37.25,14.99,6.95,36.03,29.05,0.0,246.0,1200.0
95882.432,9482.432,140.0,90.7,22.79,15.99,173.5,33.65,152.5,29.310000000000002,33.5,34.050000000000004,91.5,15.4,56.800000000000004,100.0,244.5,2938.0,1.47,37.25,15.0,7.03,35.980000000000004,28.96,0.0,248.0,1200.0
95942.43,9542.43,140.0,91.60000000000001,22.69,15.94,172.5,33.6,151.5,29.2,33.57,34.1,92.5,15.4,57.0,100.0,246.5,2939.0,1.3,37.25,15.05,6.99,35.95,28.96,0.0,245.0,1200.0
96002.429,9602.429,140.0,91.7,22.68,15.97,175.0,33.65,152.0,29.16,33.480000000000004,34.050000000000004,94.0,15.350000000000001,57.1,99.9,254.0,2936.0,1.45,37.35,14.950000000000001,6.99,36.0,28.95,0.0,246.5,1200.0
96062.428,9662.428,140.0,90.5,22.62,15.97,172.0,33.65,150.9,29.26,33.55,34.1,91.0,15.5,57.400000000000006,99.9,250.5,2935.0,1.56,37.300000000000004,14.99,6.97,35.92,29.0,1.0,250.5,1200.0
96122.426,9722.426,140.0,91.0,22.66,16.07,172.5,33.75,151.5,29.240000000000002,33.53,34.050000000000004,93.0,15.450000000000001,56.6,100.0,245.5,2938.0,1.4000000000000001,37.45,14.98,7.0,35.97,29.05,0.0,252.5,1200.0
96182.425,9782.425,140.0,91.5,22.69,16.02,174.0,33.6,151.3,29.16,33.58,34.1,92.0,15.450000000000001,56.800000000000004,99.5,246.0,2936.0,1.3900000000000001,37.35,15.030000000000001,6.98,36.02,28.97,1.0,248.0,1200.0
96242.424,9842.424,140.0,92.2,22.62,16.01,172.5,33.550000000000004,152.0,29.12,33.5,34.0,91.5,15.4,57.400000000000006,100.0,250.5,2928.0,1.42,37.5,14.99,7.03,35.97,28.95,0.0,248.0,1200.0
96302.422,9902.422,140.0,91.80000000000001,22.68,16.03,173.5,33.7,151.1,29.1,33.49,33.800000000000004,92.0,15.4,57.0,100.0,245.5,2933.0,1.6,37.45,15.05,6.93,36.09,28.93,1.0,246.5,1200.0
96362.421,9962.421,140.0,91.7,22.68,15.950000000000001,172.5,33.4,150.4,29.1,33.42,34.0,93.5,15.450000000000001,56.800000000000004,99.7,246.0,2930.0,1.09,37.4,14.94,7.03,36.01,29.03,3.0,248.5,1200.0
96422.42,10022.42,140.0,92.5,22.71,15.92,171.5,33.6,151.6,29.07,33.52,34.0,89.5,15.450000000000001,57.1,99.5,245.0,2929.0,1.41,37.1,14.99,7.1000000000000005,36.02,29.1,0.0,247.5,1200.0
96482.418,10082.418,140.0,89.9,22.68,16.02,172.5,33.550000000000004,151.8,29.12,33.410000000000004,34.0,91.5,15.55,57.6,99.9,247.0,2930.0,1.43,37.25,15.02,6.93,35.97,28.97,1.0,244.0,1200.0
96542.417,10142.417,140.0,90.5,22.650000000000002,16.05,171.0,33.550000000000004,149.8,29.1,33.47,34.0,92.0,15.450000000000001,57.2,100.0,245.0,2921.0,1.4000000000000001,37.25,15.02,6.98,36.08,28.94,1.0,244.5,1200.0
96602.416,10202.416,140.0,90.80000000000001,22.64,16.03,172.0,33.45,151.5,29.07,33.4,33.9,91.0,15.350000000000001,57.1,99.60000000000001,246.0,2927.0,1.3800000000000001,37.15,14.96,7.0,35.96,28.97,0.0,245.5,1200.0
96662.414,10262.414,140.0,90.4,22.63,15.98,172.5,33.65,151.70000000000002,29.02,33.36,34.0,90.5,15.55,56.7,100.0,239.5,2919.0,1.3800000000000001,37.25,14.99,6.96,35.94,29.0,0.0,245.5,1200.0
96722.413,10322.413,140.0,90.2,22.68,16.01,170.5,33.5,151.4,28.990000000000002,33.42,33.85,91.0,15.4,56.900000000000006,100.0,245.0,2929.0,1.46,37.35,14.99,6.98,36.01,29.060000000000002,0.0,245.5,1200.0
96782.412,10382.412,140.0,89.30000000000001,22.63,15.99,172.5,33.550000000000004,152.3,29.04,33.31,33.95,91.5,15.450000000000001,57.6,100.0,245.0,2919.0,1.35,37.25,14.98,6.99,36.0,28.990000000000002,0.0,245.5,1200.0
96842.411,10442.411,140.0,90.9,22.61,15.98,172.0,33.550000000000004,151.5,29.080000000000002,33.37,33.9,91.5,15.55,57.5,100.0,240.0,2918.0,1.33,37.25,14.950000000000001,7.0600000000000005,36.03,29.060000000000002,0.0,243.0,1200.0
96902.409,10502.409,140.0,90.30000000000001,22.64,16.0,174.5,33.45,151.1,29.07,33.45,33.85,91.0,15.5,57.800000000000004,99.9,242.0,2921.0,1.31,37.35,15.07,6.97,35.96,28.97,1.0,245.5,1200.0
96962.408,10562.408,140.0,91.60000000000001,22.66,16.01,173.5,33.45,152.1,29.11,33.36,34.0,93.0,15.55,57.0,100.0,245.0,2919.0,1.29,37.25,15.030000000000001,6.98,35.980000000000004,28.95,1.0,242.0,1200.0
97022.407,10622.407,140.0,90.80000000000001,22.66,15.98,172.0,33.300000000000004,151.3,28.990000000000002,33.33,33.9,92.0,15.5,57.400000000000006,100.0,244.5,2921.0,1.42,37.050000000000004,14.950000000000001,7.0200000000000005,36.01,29.04,0.0,242.0,1200.0
97082.406,10682.406,140.0,90.60000000000001,22.67,16.04,172.0,33.4,151.6,29.11,33.37,33.75,91.0,15.4,56.900000000000006,99.7,249.0,2915.0,1.27,37.2,14.99,6.98,35.99,28.98,0.0,240.5,1200.0
97142.405,10742.405,140.0,91.4,22.7,16.03,171.0,33.4,150.6,29.01,33.410000000000004,33.85,90.5,15.5,57.2,100.0,245.5,2920.0,1.3800000000000001,37.300000000000004,14.98,6.95,36.07,28.96,0.0,241.5,1200.0
97202.403,10802.403,140.0,90.4,22.650000000000002,15.96,173.0,33.5,152.70000000000002,29.0,33.45,33.95,93.0,15.450000000000001,57.1,99.9,242.0,2916.0,1.4000000000000001,37.15,14.93,6.97,36.03,29.02,1.0,248.0,1200.0
97262.402,10862.402,140.0,92.7,22.67,16.0,173.0,33.45,150.70000000000002,29.03,33.33,33.9,91.5,15.5,57.1,99.7,248.0,2910.0,1.3900000000000001,37.15,14.98,7.01,36.04,29.09,0.0,241.0,1200.0
97322.401,10922.401,140.0,90.5,22.68,16.06,170.5,33.65,151.20000000000002,29.04,33.21,33.9,93.0,15.4,56.7,100.0,238.5,2921.0,1.3,37.050000000000004,14.98,6.97,36.050000000000004,29.02,0.0,244.5,1200.0
97382.4,10982.4,140.0,88.9,22.61,16.03,172.5,33.45,151.3,29.04,33.35,33.800000000000004,92.0,15.4,56.7,100.0,246.5,2924.0,1.4000000000000001,37.050000000000004,15.02,6.98,36.02,29.0,0.0,243.0,1200.0
97442.399,11042.399,140.0,90.5,22.68,16.0,172.5,33.550000000000004,152.8,29.03,33.410000000000004,34.0,90.5,15.4,57.2,99.7,245.5,2921.0,1.48,37.050000000000004,14.93,7.04,35.980000000000004,29.13,0.0,243.5,1200.0
97502.398,11102.398,140.0,89.30000000000001,22.56,16.0,173.5,33.65,150.5,29.04,33.33,34.0,91.0,15.5,56.7,99.60000000000001,245.5,2924.0,1.36,37.1,15.030000000000001,7.07,36.02,28.91,0.0,242.0,1200.0
97562.396,11162.396,140.0,91.30000000000001,22.650000000000002,16.03,173.5,33.550000000000004,151.1,29.14,33.4,33.9,90.0,15.700000000000001,56.400000000000006,100.0,248.5,2923.0,1.41,37.050000000000004,14.97,6.96,36.04,29.0,2.0,240.0,1200.0
97622.395,11222.395,140.0,89.5,22.68,15.91,171.0,33.800000000000004,151.20000000000002,29.25,33.39,34.050000000000004,92.0,15.4,56.300000000000004,100.0,241.5,2926.0,1.36,37.0,15.01,6.97,36.0,28.94,0.0,245.0,1200.0
97682.394,11282.394,140.0,92.0,22.67,16.01,173.5,33.5,150.8,29.080000000000002,33.46,33.95,92.5,15.450000000000001,56.6,100.0,245.5,2925.0,1.46,37.15,14.950000000000001,7.0,35.980000000000004,29.07,3.0,242.5,1200.0
97742.393,11342.393,140.0,91.4,22.64,15.99,171.0,33.65,151.4,29.13,33.46,33.95,92.5,15.4,56.2,99.60000000000001,244.5,2926.0,1.34,37.0,15.040000000000001,6.98,35.97,29.04,0.0,243.0,1200.0
97802.392,11402.392,140.0,90.10000000000001,22.650000000000002,16.03,173.0,33.7,150.20000000000002,29.19,33.5,34.0,90.0,15.55,56.7,100.0,244.0,2924.0,1.58,37.25,15.040000000000001,7.03,36.01,28.94,0.0,246.0,1200.0
97862.391,11462.391,140.0,89.60000000000001,22.650000000000002,16.02,173.5,33.550000000000004,152.20000000000002,29.16,33.52,33.9,92.5,15.3,57.0,99.7,245.5,2925.0,1.44,37.15,14.950000000000001,6.96,36.02,29.09,0.0,246.0,1200.0
97922.39,11522.39,140.0,91.2,22.64,15.94,172.0,33.4,151.8,29.22,33.46,33.95,93.0,15.55,57.300000000000004,100.0,249.5,2926.0,1.31,37.15,14.96,7.04,36.04,29.12,0.0,244.0,1200.0
97982.389,11582.389,140.0,90.9,22.63,15.950000000000001,173.0,33.550000000000004,152.20000000000002,29.17,33.51,34.1,90.5,15.5,56.900000000000006,99.7,246.0,2925.0,1.42,37.2,15.08,7.09,35.99,29.02,0.0,242.5,1200.0
98042.388,11642.388,140.0,88.7,22.66,16.02,172.5,33.65,152.5,29.12,33.45,34.0,92.0,15.5,56.6,100.0,247.5,2929.0,1.44,37.1,14.98,7.01,36.02,29.0,0.0,242.5,1200.0
98102.387,11702.387,140.0,91.4,22.75,15.94,172.0,33.7,150.20000000000002,29.13,33.47,33.9,91.0,15.450000000000001,56.1,100.0,242.0,2931.0,1.4000000000000001,37.2,14.99,7.0200000000000005,36.01,29.02,0.0,247.5,1200.0
98162.386,11762.386,140.0,91.0,22.7,16.03,174.0,33.75,150.1,29.19,33.52,33.95,93.0,15.5,56.7,100.0,252.5,2925.0,1.43,37.15,14.96,7.01,35.97,28.990000000000002,0.0,246.0,1200.0
98222.384,11822.384,140.0,90.5,22.68,16.06,170.5,33.65,151.0,29.11,33.43,34.050000000000004,93.0,15.4,57.0,100.0,247.5,2929.0,1.3900000000000001,37.1,14.96,6.93,36.01,29.01,3.0,245.5,1200.0
98282.383,11882.383,140.0,91.10000000000001,22.72,15.99,172.0,33.75,151.3,29.13,33.47,34.0,91.0,15.55,57.5,99.30000000000001,246.0,2930.0,1.33,37.2,14.99,6.95,36.06,29.0,2.0,244.0,1200.0
98342.382,11942.382,140.0,90.9,22.71,15.96,173.5,33.6,151.5,29.17,33.39,33.9,93.0,15.55,57.5,100.0,243.5,2926.0,1.68,37.15,15.07,7.01,36.06,29.02,1.0,250.0,1200.0
98402.381,12002.381,140.0,92.9,22.61,16.01,172.0,33.6,152.1,29.17,33.45,34.0,91.5,15.3,57.300000000000004,99.80000000000001,247.0,2927.0,1.45,37.35,15.0,7.08,35.99,29.01,0.0,246.5,1200.0
98462.38,12062.38,140.0,91.10000000000001,22.67,16.1,172.0,33.65,151.8,29.150000000000002,33.51,34.15,90.5,15.4,57.300000000000004,99.80000000000001,250.0,2928.0,1.52,37.25,14.99,6.95,36.050000000000004,29.01,1.0,245.5,1200.0
98522.379,12122.379,140.0,90.10000000000001,22.68,16.03,173.0,33.65,150.3,29.25,33.51,34.1,90.0,15.450000000000001,56.6,100.0,244.5,2927.0,1.4000000000000001,37.300000000000004,15.01,7.0,36.050000000000004,28.98,0.0,245.0,1200.0
98582.378,12182.378,140.0,90.9,22.69,15.92,171.5,33.7,150.20000000000002,29.16,33.47,34.2,92.5,15.5,56.6,99.9,244.0,2927.0,1.48,37.300000000000004,14.99,6.99,36.050000000000004,29.02,1.0,245.0,1200.0
98642.377,12242.377,140.0,90.60000000000001,22.68,15.9,172.5,33.75,150.6,29.17,33.52,33.9,92.5,15.5,57.300000000000004,99.9,245.5,2932.0,1.46,37.2,14.92,7.01,35.92,29.02,1.0,246.5,1200.0
98702.376,12302.376,140.0,92.2,22.62,16.0,171.5,33.65,151.4,29.27,33.46,34.15,90.0,15.450000000000001,57.1,99.80000000000001,244.5,2929.0,1.51,37.2,14.99,7.01,36.0,28.97,0.0,250.5,1200.0
98762.375,12362.375,140.0,90.2,22.650000000000002,16.01,174.5,33.75,151.8,29.150000000000002,33.49,34.050000000000004,91.0,15.55,56.6,100.0,250.5,2931.0,1.4000000000000001,37.2,15.0,7.0,36.03,28.92,0.0,247.0,1200.0
98822.374,12422.374,140.0,92.2,22.67,16.0,172.0,33.800000000000004,152.5,29.21,33.57,34.15,90.5,15.55,56.800000000000004,100.0,245.0,2933.0,1.26,37.2,15.0,6.98,35.93,29.07,2.0,246.5,1200.0
98882.373,12482.373,140.0,92.4,22.650000000000002,16.02,171.5,33.75,150.9,29.23,33.62,34.15,90.5,15.450000000000001,57.2,99.9,246.5,2934.0,1.54,37.25,15.0,7.05,36.050000000000004,29.02,3.0,245.5,1200.0
98942.372,12542.372,140.0,90.9,22.580000000000002,15.96,172.5,33.7,150.0,29.240000000000002,33.65,34.050000000000004,92.5,15.450000000000001,57.400000000000006,100.0,248.0,2927.0,1.34,37.2,15.02,6.96,35.97,29.05,0.0,249.0,1200.0
99002.371,12602.371,140.0,90.60000000000001,22.68,15.98,173.0,33.85,152.3,29.27,33.47,34.15,92.5,15.4,56.400000000000006,99.9,245.0,2930.0,1.42,37.25,14.96,7.0200000000000005,36.04,28.97,1.0,249.0,1200.0
99062.37,12662.37,140.0,90.60000000000001,22.72,16.02,172.0,33.65,152.3,29.25,33.6,34.15,90.0,15.450000000000001,56.7,100.0,247.0,2935.0,1.4000000000000001,37.25,15.01,7.01,35.95,29.01,0.0,249.5,1200.0
99122.37,12722.37,140.0,90.60000000000001,22.66,16.0,172.5,33.9,152.0,29.23,33.59,34.15,92.0,15.450000000000001,56.6,99.9,250.0,2936.0,1.42,37.300000000000004,15.01,6.99,36.09,28.990000000000002,3.0,253.0,1200.0
99182.369,12782.369,140.0,92.4,22.69,16.09,172.5,33.800000000000004,152.5,29.28,33.59,34.2,93.5,15.65,56.800000000000004,100.0,249.0,2933.0,1.52,37.2,15.040000000000001,6.99,36.0,29.02,0.0,252.0,1200.0
99242.368,12842.368,140.0,91.5,22.7,15.97,172.0,33.800000000000004,151.3,29.3,33.58,34.1,91.0,15.4,56.800000000000004,100.0,244.5,2935.0,1.41,37.35,15.01,6.98,35.92,29.03,2.0,246.0,1200.0
99302.367,12902.367,140.0,91.30000000000001,22.67,15.93,172.0,33.7,152.8,29.22,33.62,34.25,92.5,15.600000000000001,56.800000000000004,100.0,250.0,2935.0,1.36,37.2,14.93,6.97,35.94,28.92,1.0,246.0,1200.0
99362.366,12962.366,140.0,91.60000000000001,22.61,15.99,172.5,33.75,152.20000000000002,29.3,33.58,34.2,89.5,15.450000000000001,57.1,100.0,244.0,2935.0,1.32,37.2,15.02,7.0,36.01,28.96,0.0,248.0,1200.0
99422.365,13022.365,140.0,89.9,22.64,15.97,173.5,33.75,151.70000000000002,29.29,33.65,34.050000000000004,92.5,15.55,56.300000000000004,100.0,250.0,2935.0,1.42,37.35,14.97,6.97,35.99,28.990000000000002,0.0,250.0,1200.0
99482.364,13082.364,140.0,90.60000000000001,22.63,16.01,173.0,33.800000000000004,153.0,29.27,33.58,34.2,90.0,15.4,57.300000000000004,100.0,250.0,2948.0,1.35,37.35,15.030000000000001,6.96,36.050000000000004,29.05,0.0,250.0,1200.0
99542.363,13142.363,140.0,89.4,22.650000000000002,15.98,175.5,33.7,151.20000000000002,29.36,33.64,34.15,90.5,15.4,56.2,99.9,248.5,2936.0,1.31,37.5,14.98,6.99,35.980000000000004,28.990000000000002,0.0,248.0,1200.0
99602.362,13202.362,140.0,90.30000000000001,22.68,15.96,173.0,33.85,150.6,29.28,33.61,34.2,89.0,15.5,57.2,99.80000000000001,248.0,2940.0,1.32,37.45,14.97,7.0,36.01,29.03,3.0,253.0,1200.0
99662.361,13262.361,140.0,90.5,22.69,16.06,174.5,33.75,152.5,29.28,33.55,34.1,93.0,15.5,57.1,99.60000000000001,247.0,2941.0,1.44,37.35,14.99,7.0,36.09,29.02,2.0,253.0,1200.0
99722.36,13322.36,140.0,90.60000000000001,22.72,16.02,175.5,33.9,150.70000000000002,29.38,33.61,34.300000000000004,91.5,15.4,57.0,99.7,245.5,2943.0,1.41,37.5,15.01,7.0200000000000005,36.01,29.0,0.0,249.0,1200.0
99782.359,13382.359,140.0,90.5,22.63,16.04,174.0,33.9,151.4,29.240000000000002,33.64,34.15,89.0,15.55,57.0,100.0,253.0,2944.0,1.5,37.35,15.030000000000001,7.05,35.96,28.94,1.0,252.0,1200.0
99842.359,13442.359,140.0,92.30000000000001,22.740000000000002,16.01,172.5,33.95,151.6,29.46,33.63,34.15,89.0,15.450000000000001,56.7,99.7,250.5,2946.0,1.3900000000000001,37.4,15.09,7.0,36.0,28.97,1.0,248.0,1200.0
99902.358,13502.358,140.0,90.9,22.64,16.06,174.5,33.7,151.20000000000002,29.3,33.730000000000004,34.15,91.5,15.600000000000001,57.5,100.0,253.5,2940.0,1.43,37.550000000000004,15.07,7.1000000000000005,35.94,29.0,0.0,251.0,1200.0
99962.357,13562.357,140.0,91.10000000000001,22.71,15.98,173.0,34.050000000000004,152.0,29.37,33.69,34.300000000000004,92.0,15.55,56.900000000000006,99.60000000000001,252.0,2945.0,1.31,37.25,15.030000000000001,7.0,35.92,28.98,0.0,252.5,1200.0
100022.356,13622.356,140.0,91.60000000000001,22.64,15.99,176.0,33.75,152.4,29.44,33.71,34.35,91.0,15.450000000000001,56.5,100.0,253.5,2942.0,1.3900000000000001,37.35,14.99,7.0,35.980000000000004,28.97,0.0,252.0,1200.0
100082.355,13682.355,140.0,91.5,22.7,16.0,173.5,33.800000000000004,153.0,29.36,33.7,34.15,92.0,15.65,56.7,100.0,253.0,2940.0,1.3800000000000001,37.45,15.0,6.9,36.03,28.92,1.0,254.0,1200.0
100142.354,13742.354,140.0,91.10000000000001,22.64,16.03,174.0,33.85,150.8,29.35,33.660000000000004,34.35,90.5,15.350000000000001,57.300000000000004,100.0,250.5,2946.0,1.3800000000000001,37.45,14.96,7.01,36.0,28.97,0.0,248.5,1200.0
100202.353,13802.353,140.0,91.0,22.69,15.97,172.0,33.95,153.0,29.44,33.7,34.300000000000004,92.0,15.5,56.900000000000006,100.0,253.0,2952.0,1.4000000000000001,37.5,15.01,7.0,35.980000000000004,28.88,0.0,246.5,1200.0
100262.353,13862.353,140.0,90.30000000000001,22.75,15.89,175.0,33.800000000000004,151.70000000000002,29.34,33.72,34.4,89.5,15.4,56.6,100.0,251.5,2941.0,1.33,37.550000000000004,15.0,6.96,36.0,29.02,1.0,254.0,1200.0
100322.352,13922.352,140.0,88.9,22.71,16.01,173.5,33.85,151.3,29.26,33.62,34.15,92.0,15.55,56.900000000000006,99.60000000000001,250.5,2944.0,1.3900000000000001,37.65,14.97,7.0,36.08,28.900000000000002,0.0,252.0,1200.0
100382.351,13982.351,140.0,91.30000000000001,22.71,16.0,175.0,33.95,151.70000000000002,29.32,33.68,34.2,91.5,15.55,56.5,100.0,251.5,2945.0,1.56,37.45,14.99,7.0200000000000005,36.02,29.03,0.0,253.0,1200.0
100442.35,14042.35,140.0,91.0,22.68,15.99,174.5,33.800000000000004,152.3,29.400000000000002,33.83,34.35,91.0,15.4,56.300000000000004,100.0,251.5,2948.0,1.34,37.4,15.030000000000001,7.01,35.96,29.03,0.0,247.0,1200.0
100502.349,14102.349,140.0,90.60000000000001,22.650000000000002,16.01,172.0,33.85,150.5,29.37,33.75,34.35,92.0,15.350000000000001,56.300000000000004,100.0,251.0,2950.0,1.52,37.5,14.99,7.0,35.96,29.03,2.0,249.0,1200.0
100562.348,14162.348,140.0,91.9,22.66,16.01,174.0,33.75,152.5,29.36,33.76,34.300000000000004,90.0,15.55,56.900000000000006,99.7,248.0,2947.0,1.3800000000000001,37.550000000000004,15.0,6.97,36.0,28.990000000000002,2.0,252.5,1200.0
100622.348,14222.348,140.0,91.10000000000001,22.64,15.99,173.5,33.75,152.9,29.42,33.660000000000004,34.35,91.0,15.450000000000001,56.5,100.0,248.0,2944.0,1.34,37.35,14.950000000000001,6.95,35.980000000000004,29.0,2.0,249.0,1200.0
100682.347,14282.347,140.0,90.2,22.56,16.02,175.5,33.85,149.6,29.39,33.8,34.15,92.5,15.350000000000001,56.6,99.9,251.5,2945.0,1.3800000000000001,37.5,15.040000000000001,7.0,36.08,29.0,0.0,250.0,1200.0
100742.346,14342.346,140.0,91.10000000000001,22.67,16.0,173.5,33.85,150.9,29.330000000000002,33.75,34.2,92.0,15.55,56.2,100.0,251.5,2948.0,1.31,37.550000000000004,15.06,6.98,35.95,29.07,1.0,251.0,1200.0
100802.345,14402.345,140.0,91.2,22.6,16.04,174.5,33.9,150.5,29.53,33.730000000000004,34.25,93.0,15.55,56.0,99.9,251.5,2945.0,1.41,37.5,14.950000000000001,7.05,35.980000000000004,28.990000000000002,0.0,252.0,1200.0
100862.344,14462.344,140.0,90.7,22.69,16.05,173.0,33.95,152.0,29.45,33.78,34.1,90.0,15.5,56.300000000000004,99.30000000000001,252.5,2951.0,1.43,37.6,14.92,7.01,36.03,29.0,0.0,250.0,1200.0
100922.344,14522.344,140.0,90.10000000000001,22.62,16.01,174.0,33.7,152.0,29.330000000000002,33.730000000000004,34.0,91.0,15.4,56.7,100.0,250.0,2943.0,1.3800000000000001,37.550000000000004,14.96,6.94,35.94,28.94,0.0,249.0,1200.0
100982.343,14582.343,140.0,90.60000000000001,22.64,16.04,173.0,33.95,151.5,29.51,33.68,34.25,92.5,15.4,56.2,99.80000000000001,254.5,2945.0,1.3800000000000001,37.7,14.92,6.99,35.980000000000004,28.93,0.0,251.0,1200.0
101042.342,14642.342,140.0,89.0,22.67,15.99,175.5,33.9,151.9,29.42,33.7,34.25,91.0,15.450000000000001,56.5,99.80000000000001,254.5,2947.0,1.33,37.550000000000004,14.98,6.91,35.99,29.04,1.0,246.0,1200.0
101102.341,14702.341,140.0,91.5,22.6,16.03,173.0,33.95,154.10000000000002,29.47,33.79,34.300000000000004,93.0,15.450000000000001,56.1,100.0,246.5,2947.0,1.44,37.6,15.0,7.01,35.96,29.01,0.0,251.5,1200.0
101162.34,14762.34,140.0,89.80000000000001,22.62,16.0,173.5,33.9,151.1,29.38,33.72,34.15,91.0,15.55,56.5,100.0,250.5,2946.0,1.33,37.550000000000004,15.01,7.01,35.95,29.01,1.0,248.0,1200.0
101222.34,14822.34,140.0,92.0,22.61,16.03,174.0,33.95,150.5,29.42,33.76,34.300000000000004,90.5,15.65,56.2,100.0,252.0,2943.0,1.28,37.45,15.08,6.95,35.980000000000004,29.01,0.0,251.0,1200.0
101282.339,14882.339,140.0,91.0,22.650000000000002,15.98,175.5,33.800000000000004,151.0,29.44,33.75,34.25,92.5,15.450000000000001,55.800000000000004,100.0,249.0,2944.0,1.36,37.550000000000004,15.01,6.99,35.92,29.0,0.0,251.0,1200.0
101342.338,14942.338,140.0,92.2,22.580000000000002,16.03,173.0,34.050000000000004,151.5,29.36,33.65,34.300000000000004,93.0,15.55,56.5,99.80000000000001,251.0,2948.0,1.33,37.550000000000004,15.0,7.0,35.93,29.09,1.0,248.5,1200.0
101402.337,15002.337,140.0,90.80000000000001,22.7,16.02,174.0,33.9,152.4,29.39,33.74,34.15,92.0,15.450000000000001,56.300000000000004,100.0,251.0,2946.0,1.43,37.4,14.91,6.95,35.96,28.990000000000002,1.0,253.5,1200.0
101462.337,15062.337,140.0,92.80000000000001,22.69,15.99,174.0,34.0,149.0,29.41,33.82,34.25,93.5,15.4,56.7,100.0,252.0,2943.0,1.48,37.550000000000004,14.97,7.0200000000000005,36.0,29.060000000000002,0.0,246.5,1200.0
101522.336,15122.336,140.0,90.60000000000001,22.650000000000002,16.0,173.0,33.9,151.1,29.41,33.7,34.35,91.0,15.600000000000001,56.7,99.60000000000001,250.0,2947.0,1.61,37.65,15.040000000000001,6.95,35.95,29.03,1.0,251.5,1200.0
101582.335,15182.335,140.0,91.0,22.61,15.92,174.5,34.0,152.0,29.52,33.77,34.2,91.0,15.600000000000001,56.800000000000004,99.9,257.0,2945.0,1.5,37.45,15.01,7.0600000000000005,35.97,28.88,0.0,249.5,1200.0
101642.334,15242.334,140.0,90.7,22.7,16.0,172.5,33.95,152.8,29.490000000000002,33.65,34.45,90.5,15.350000000000001,56.400000000000006,99.60000000000001,251.5,2949.0,1.4000000000000001,37.6,14.950000000000001,7.0,36.01,28.91,3.0,250.5,1200.0
101702.334,15302.334,140.0,90.9,22.740000000000002,16.080000000000002,173.5,33.7,152.6,29.35,33.660000000000004,34.25,90.5,15.5,56.300000000000004,99.7,249.5,2953.0,1.49,37.7,15.0,6.99,35.92,28.990000000000002,1.0,246.5,1200.0
101762.333,15362.333,140.0,89.2,22.68,15.98,174.5,34.0,152.8,29.52,33.71,34.2,91.5,15.450000000000001,56.0,99.80000000000001,251.0,2953.0,1.43,37.550000000000004,14.97,7.03,35.99,28.990000000000002,0.0,250.0,1200.0
101822.332,15422.332,140.0,90.4,22.66,16.04,176.0,34.050000000000004,150.8,29.41,33.84,34.300000000000004,89.0,15.3,56.6,100.0,253.5,2948.0,1.3900000000000001,37.6,14.99,7.05,35.95,29.01,0.0,251.0,1200.0
101882.331,15482.331,140.0,90.60000000000001,22.69,16.05,173.5,33.95,152.0,29.5,33.81,34.2,93.0,15.600000000000001,56.5,99.60000000000001,248.5,2944.0,1.35,37.550000000000004,15.030000000000001,6.98,36.050000000000004,28.93,0.0,248.0,1200.0
101942.331,15542.331,140.0,91.2,22.650000000000002,15.98,174.5,34.0,151.0,29.45,33.84,34.25,93.0,15.4,56.7,100.0,254.0,2950.0,1.3,37.550000000000004,15.0,6.96,36.08,29.080000000000002,1.0,246.5,1200.0
102002.33,15602.33,140.0,90.30000000000001,22.7,15.97,175.5,34.0,151.8,29.55,33.77,34.35,93.0,15.700000000000001,56.300000000000004,99.60000000000001,252.0,2957.0,1.3,37.6,14.98,6.96,36.01,28.93,0.0,249.5,1200.0
102062.329,15662.329,140.0,91.10000000000001,22.6,15.99,175.0,33.95,150.6,29.42,33.82,34.25,91.0,15.450000000000001,56.400000000000006,100.0,251.0,2953.0,1.35,37.45,15.06,6.99,35.99,29.0,1.0,250.5,1200.0
102122.329,15722.329,140.0,91.60000000000001,22.7,16.03,175.0,33.95,151.20000000000002,29.59,33.79,34.4,91.0,15.3,56.5,99.60000000000001,253.0,2948.0,1.42,37.800000000000004,15.0,6.96,35.97,28.96,0.0,254.0,1200.0
102182.328,15782.328,140.0,90.7,22.490000000000002,15.99,176.0,33.95,151.8,29.46,33.83,34.35,89.0,15.4,56.1,99.9,253.0,2950.0,1.3900000000000001,37.45,14.99,6.96,35.96,29.01,0.0,254.0,1200.0
102242.327,15842.327,140.0,89.2,22.56,16.0,176.5,34.1,151.20000000000002,29.52,33.86,34.550000000000004,91.0,15.5,56.2,99.80000000000001,254.0,2957.0,1.4000000000000001,37.6,14.98,7.0600000000000005,35.97,29.04,1.0,251.0,1200.0
102302.327,15902.327,140.0,90.7,22.59,15.98,177.0,33.9,151.3,29.54,33.83,34.5,91.0,15.4,55.900000000000006,99.9,255.0,2954.0,1.33,37.65,14.93,7.04,35.94,28.96,2.0,251.5,1200.0
102362.326,15962.326,140.0,90.2,22.61,15.97,176.0,34.0,150.3,29.560000000000002,33.9,34.550000000000004,89.0,15.450000000000001,56.2,99.80000000000001,249.5,2953.0,1.45,37.6,14.91,6.94,35.99,28.990000000000002,0.0,250.0,1200.0
102422.325,16022.325,140.0,91.10000000000001,22.68,15.98,173.5,34.15,151.70000000000002,29.59,33.94,34.35,92.0,15.65,55.7,100.0,249.5,2956.0,1.41,37.6,15.02,6.99,36.07,29.01,3.0,250.5,1200.0
102482.324,16082.324,140.0,91.80000000000001,22.59,16.0,176.0,34.0,151.6,29.61,33.87,34.5,91.0,15.450000000000001,55.7,99.7,255.0,2958.0,1.55,37.65,15.02,6.98,36.07,28.89,0.0,246.0,1200.0
102542.324,16142.324,140.0,90.5,22.67,15.96,174.0,34.300000000000004,151.3,29.64,33.910000000000004,34.5,91.0,15.55,55.7,100.0,253.0,2958.0,1.59,37.5,14.9,6.97,35.94,29.05,1.0,255.0,1200.0
102602.323,16202.323,140.0,90.4,22.61,15.98,175.0,34.15,149.20000000000002,29.650000000000002,34.02,34.550000000000004,91.5,15.450000000000001,55.6,99.9,250.0,2961.0,1.46,37.6,15.0,6.93,36.04,29.04,0.0,251.0,1200.0
102662.322,16262.322,140.0,90.30000000000001,22.7,16.02,172.5,34.1,151.70000000000002,29.580000000000002,33.9,34.5,92.5,15.5,56.0,99.9,254.0,2958.0,1.3,37.75,15.030000000000001,7.07,36.0,28.97,0.0,255.0,1200.0
102722.322,16322.322,140.0,91.60000000000001,22.64,15.99,175.5,34.15,153.20000000000002,29.63,34.01,34.6,92.5,15.55,56.400000000000006,100.0,257.5,2971.0,1.33,37.550000000000004,15.01,6.99,35.96,29.060000000000002,0.0,254.0,1200.0
102782.321,16382.321,140.0,91.60000000000001,22.650000000000002,15.97,175.5,34.15,151.8,29.71,33.94,34.550000000000004,90.5,15.450000000000001,55.7,99.9,252.0,2961.0,1.6500000000000001,37.75,15.030000000000001,6.96,36.02,28.91,2.0,248.5,1200.0
102842.32,16442.32,140.0,88.9,22.57,16.02,173.5,34.1,152.0,29.63,34.01,34.45,92.5,15.450000000000001,55.6,99.60000000000001,253.5,2963.0,1.32,37.7,15.02,6.96,35.97,29.060000000000002,1.0,253.0,1200.0
102902.32,16502.32,140.0,91.30000000000001,22.57,16.04,174.5,34.050000000000004,151.70000000000002,29.72,33.99,34.65,91.0,15.55,56.1,99.60000000000001,255.0,2958.0,1.53,37.800000000000004,15.040000000000001,7.0,36.0,28.88,0.0,249.0,1200.0
102962.319,16562.319,140.0,89.5,22.6,15.99,175.5,34.0,150.8,29.580000000000002,33.94,34.5,93.5,15.450000000000001,56.2,99.80000000000001,253.5,2965.0,1.28,37.800000000000004,15.02,6.95,36.02,29.05,0.0,250.5,1200.0
103022.318,16622.318,140.0,91.10000000000001,22.68,16.03,174.5,34.050000000000004,152.20000000000002,29.62,33.88,34.6,94.0,15.450000000000001,55.7,100.0,251.5,2959.0,1.41,37.65,15.040000000000001,7.05,36.08,28.990000000000002,2.0,257.5,1200.0
103082.318,16682.318,140.0,90.30000000000001,22.6,16.01,177.0,34.1,152.1,29.68,33.94,34.35,91.5,15.600000000000001,55.900000000000006,100.0,250.5,2963.0,1.43,37.550000000000004,14.96,6.92,35.99,28.98,1.0,250.0,1200.0
103142.317,16742.317,140.0,92.0,22.6,15.91,176.5,34.0,150.4,29.63,33.94,34.4,89.5,15.5,56.1,100.0,255.5,2961.0,1.36,37.75,14.98,6.92,36.01,28.97,0.0,255.5,1200.0
103202.316,16802.316,140.0,91.10000000000001,22.6,15.96,175.5,34.2,150.0,29.62,33.980000000000004,34.45,91.0,15.450000000000001,55.400000000000006,100.0,248.0,2962.0,1.42,37.800000000000004,14.96,6.94,36.04,29.080000000000002,2.0,248.5,1200.0
103262.316,16862.316,140.0,90.4,22.62,15.950000000000001,175.0,34.1,151.8,29.54,33.82,34.6,92.0,15.55,56.2,100.0,254.0,2959.0,1.46,37.75,15.01,6.96,36.06,29.13,1.0,252.5,1200.0
103322.315,16922.315,140.0,92.10000000000001,22.54,16.0,176.5,34.0,150.3,29.650000000000002,33.92,34.4,92.5,15.5,56.2,100.0,254.0,2952.0,1.36,37.6,15.02,7.0200000000000005,36.04,29.05,1.0,253.5,1200.0
103382.315,16982.315,140.0,91.10000000000001,22.62,15.96,176.5,34.1,152.3,29.5,33.94,34.5,93.0,15.5,56.0,100.0,251.0,2950.0,1.42,37.7,14.99,6.98,35.99,28.95,1.0,252.0,1200.0
103442.314,17042.314,140.0,91.4,22.61,15.96,176.5,33.95,152.5,29.53,33.78,34.4,92.5,15.450000000000001,55.900000000000006,99.60000000000001,246.5,2955.0,1.35,37.6,14.91,6.99,35.95,28.990000000000002,0.0,249.0,1200.0
103502.313,17102.313,140.0,91.9,22.57,16.0,173.0,33.9,150.4,29.57,33.93,34.45,92.0,15.5,55.800000000000004,100.0,248.0,2951.0,1.33,37.65,15.0,7.05,36.01,29.0,0.0,250.0,1200.0
103562.313,17162.313,140.0,89.9,22.6,16.04,176.0,33.85,151.6,29.580000000000002,33.88,34.5,92.5,15.4,56.1,99.7,251.0,2947.0,1.3800000000000001,37.800000000000004,15.030000000000001,7.01,36.050000000000004,29.0,3.0,249.5,1200.0
103622.312,17222.312,140.0,90.9,22.62,16.0,173.5,33.9,151.9,29.46,33.81,34.4,92.0,15.350000000000001,56.5,100.0,252.5,2951.0,1.41,37.7,15.06,7.01,36.12,29.1,0.0,248.5,1200.0
103682.311,17282.311,140.0,91.10000000000001,22.66,15.98,174.0,33.9,151.4,29.42,33.74,34.300000000000004,92.0,15.600000000000001,55.900000000000006,99.7,248.5,2946.0,1.41,37.65,14.96,7.0600000000000005,36.02,28.96,1.0,248.5,1200.0
103742.311,17342.311,140.0,89.4,22.57,16.06,173.5,34.1,150.8,29.43,33.81,34.45,92.0,15.3,56.1,99.80000000000001,249.5,2944.0,1.24,37.6,14.98,6.98,36.08,29.0,0.0,251.0,1200.0
103802.31,17402.31,140.0,93.80000000000001,22.67,16.01,174.0,33.9,150.6,29.42,33.72,34.300000000000004,91.5,15.450000000000001,56.300000000000004,99.80000000000001,249.5,2944.0,1.32,37.5,14.92,7.0600000000000005,35.94,29.060000000000002,0.0,249.0,1200.0
103862.31,17462.31,140.0,92.60000000000001,22.68,15.99,173.5,33.75,150.3,29.310000000000002,33.75,34.35,92.5,15.55,55.900000000000006,100.0,251.0,2942.0,1.32,37.6,14.94,7.01,36.01,28.89,1.0,249.0,1200.0
103922.309,17522.309,140.0,90.60000000000001,22.64,15.99,175.0,33.800000000000004,150.8,29.44,33.7,34.35,93.0,15.450000000000001,55.900000000000006,99.80000000000001,245.5,2947.0,1.37,37.45,14.98,6.96,35.93,29.01,2.0,250.0,1200.0
103982.308,17582.308,140.0,91.2,22.580000000000002,15.98,174.5,33.9,151.3,29.400000000000002,33.78,34.35,92.0,15.600000000000001,56.1,100.0,248.5,2944.0,1.43,37.5,15.01,6.97,36.01,28.94,1.0,246.5,1200.0
104042.308,17642.308,140.0,91.80000000000001,22.66,15.98,171.0,33.9,152.6,29.41,33.65,34.25,93.5,15.350000000000001,55.6,100.0,250.5,2939.0,1.43,37.5,14.97,7.01,35.96,28.96,0.0,248.5,1200.0
104102.307,17702.307,140.0,92.5,22.55,16.0,175.0,33.800000000000004,150.1,29.39,33.68,34.4,88.5,15.65,55.900000000000006,99.80000000000001,246.5,2936.0,1.28,37.5,14.950000000000001,7.04,35.97,29.02,0.0,249.5,1200.0
104162.307,17762.307,140.0,90.30000000000001,22.64,15.98,173.5,33.85,153.4,29.400000000000002,33.7,34.1,92.5,15.5,56.300000000000004,100.0,251.5,2939.0,1.46,37.4,15.030000000000001,7.01,35.96,29.01,0.0,252.5,1200.0
104222.306,17822.306,140.0,89.5,22.66,16.04,174.5,33.800000000000004,150.20000000000002,29.44,33.77,34.5,93.5,15.5,56.300000000000004,100.0,245.5,2944.0,1.32,37.45,14.99,7.01,36.0,29.01,0.0,247.0,1200.0
104282.305,17882.305,140.0,90.60000000000001,22.66,16.05,174.5,33.85,153.20000000000002,29.44,33.730000000000004,34.2,94.0,15.3,55.900000000000006,99.9,245.5,2940.0,1.43,37.550000000000004,15.02,7.0,36.07,28.97,0.0,248.5,1200.0
104342.305,17942.305,140.0,92.30000000000001,22.63,15.98,174.0,33.75,150.6,29.41,33.7,34.4,91.0,15.5,55.900000000000006,100.0,249.0,2942.0,1.26,37.45,15.040000000000001,6.94,36.02,29.02,0.0,247.0,1200.0
104402.304,18002.304,140.0,90.80000000000001,22.61,15.97,172.5,33.800000000000004,150.0,29.47,33.77,34.300000000000004,91.5,15.4,55.900000000000006,100.0,248.5,2938.0,1.46,37.45,15.01,7.01,35.980000000000004,28.990000000000002,1.0,250.5,1200.0
104462.304,18062.304,140.0,92.10000000000001,22.580000000000002,15.96,174.0,33.95,151.20000000000002,29.37,33.6,34.25,91.5,15.5,56.0,100.0,250.0,2939.0,1.41,37.5,14.99,7.0,35.910000000000004,29.07,0.0,244.0,1200.0
104522.303,18122.303,140.0,91.30000000000001,22.61,16.01,172.5,33.65,152.1,29.42,33.69,34.2,90.0,15.600000000000001,56.2,99.7,251.0,2939.0,1.52,37.300000000000004,15.02,6.99,36.050000000000004,28.96,0.0,250.0,1200.0
104582.302,18182.302,140.0,91.80000000000001,22.51,16.01,172.5,33.85,150.4,29.44,33.69,34.2,93.0,15.55,55.800000000000004,99.60000000000001,248.5,2939.0,1.3900000000000001,37.45,15.07,7.0200000000000005,36.0,28.91,0.0,243.5,1200.0
104642.302,18242.302,140.0,91.4,22.64,16.06,174.0,33.7,151.70000000000002,29.400000000000002,33.7,34.050000000000004,90.0,15.5,56.800000000000004,100.0,243.0,2935.0,1.34,37.35,15.030000000000001,6.95,35.88,28.96,0.0,250.5,1200.0
104702.301,18302.301,140.0,90.7,22.61,15.93,177.0,33.85,150.5,29.400000000000002,33.67,34.25,92.0,15.450000000000001,56.7,100.0,248.0,2937.0,1.46,37.45,15.01,6.99,35.97,29.01,0.0,245.0,1200.0
104762.301,18362.301,140.0,90.9,22.61,15.98,176.5,33.75,150.6,29.35,33.59,34.300000000000004,91.5,15.450000000000001,56.6,99.9,246.0,2932.0,1.5,37.300000000000004,15.01,7.0,36.09,29.01,1.0,251.0,1200.0
104822.3,18422.3,140.0,90.80000000000001,22.62,16.02,174.0,33.800000000000004,152.4,29.330000000000002,33.58,34.2,91.0,15.450000000000001,56.6,100.0,246.0,2934.0,1.3900000000000001,37.35,15.030000000000001,6.94,36.06,28.97,0.0,253.5,1200.0
104882.3,18482.3,140.0,91.5,22.650000000000002,15.94,174.0,33.7,150.1,29.32,33.5,34.050000000000004,90.0,15.5,56.800000000000004,99.9,249.5,2935.0,1.57,37.35,15.0,6.99,35.980000000000004,29.05,3.0,250.0,1200.0
104942.299,18542.299,140.0,89.60000000000001,22.57,15.97,173.5,33.75,151.9,29.36,33.53,34.1,91.5,15.5,56.300000000000004,100.0,251.0,2932.0,1.3900000000000001,37.300000000000004,15.05,6.95,36.02,29.060000000000002,0.0,246.5,1200.0
105002.299,18602.299,140.0,92.10000000000001,22.51,16.080000000000002,173.0,33.800000000000004,151.3,29.29,33.52,34.300000000000004,91.0,15.450000000000001,56.900000000000006,100.0,242.5,2929.0,1.48,37.2,15.0,6.98,36.08,28.96,2.0,244.0,1200.0
105062.298,18662.298,140.0,91.9,22.47,15.93,175.0,33.6,151.5,29.2,33.53,34.1,90.5,15.5,56.400000000000006,100.0,242.0,2926.0,1.48,37.35,15.09,7.01,36.050000000000004,28.990000000000002,1.0,245.5,1200.0
105122.297,18722.297,140.0,91.5,22.64,16.02,172.0,33.65,152.1,29.310000000000002,33.61,34.15,92.5,15.5,56.6,100.0,246.5,2929.0,1.37,37.2,14.99,7.04,36.050000000000004,29.080000000000002,1.0,244.0,1200.0
105182.297,18782.297,140.0,92.2,22.580000000000002,15.950000000000001,171.5,33.7,152.5,29.16,33.58,33.9,92.5,15.350000000000001,56.900000000000006,100.0,246.5,2929.0,1.53,37.4,14.96,6.96,36.03,29.02,1.0,246.5,1200.0
105242.296,18842.296,140.0,91.2,22.61,16.02,172.5,33.7,152.0,29.17,33.56,34.050000000000004,90.5,15.5,56.300000000000004,99.60000000000001,244.5,2925.0,1.3,37.2,14.93,6.97,35.93,28.98,1.0,244.5,1200.0
105302.296,18902.296,140.0,91.4,22.62,15.92,172.5,33.7,151.3,29.16,33.45,34.0,90.5,15.4,56.6,99.30000000000001,243.0,2927.0,1.34,37.2,15.02,7.0200000000000005,36.04,28.97,0.0,246.5,1200.0
105362.295,18962.295,140.0,90.7,22.56,16.03,170.5,33.65,150.70000000000002,29.1,33.34,33.95,91.0,15.5,56.800000000000004,99.9,244.5,2923.0,1.49,37.25,14.97,6.97,36.08,28.97,0.0,244.5,1200.0
105422.295,19022.295,140.0,91.4,22.61,16.03,173.5,33.4,150.70000000000002,29.16,33.37,33.95,89.0,15.4,56.400000000000006,99.5,247.0,2918.0,1.33,37.15,15.01,7.0200000000000005,35.99,29.02,2.0,243.0,1200.0
105482.294,19082.294,140.0,90.5,22.6,15.9,174.0,33.45,152.70000000000002,29.080000000000002,33.38,33.95,91.5,15.450000000000001,56.5,100.0,244.5,2919.0,1.34,37.2,14.97,6.9,36.0,28.92,0.0,245.0,1200.0
105542.294,19142.294,140.0,90.30000000000001,22.64,16.05,173.5,33.45,151.0,28.92,33.38,33.85,91.5,15.55,57.2,99.9,242.5,2919.0,1.35,37.1,14.97,7.04,36.07,29.0,1.0,241.5,1200.0
105602.293,19202.293,140.0,90.9,22.67,16.04,172.5,33.4,152.4,28.96,33.33,33.9,92.5,15.5,56.6,99.4,238.5,2914.0,1.41,37.050000000000004,15.0,6.94,36.01,28.900000000000002,3.0,242.5,1200.0
105662.293,19262.293,140.0,92.60000000000001,22.66,15.99,172.5,33.4,151.20000000000002,29.02,33.27,33.95,90.5,15.4,56.800000000000004,99.7,241.5,2919.0,1.42,37.1,15.08,7.05,36.03,29.07,1.0,246.5,1200.0
105722.292,19322.292,140.0,89.9,22.73,16.05,171.0,33.5,150.70000000000002,28.97,33.26,33.85,92.5,15.5,57.0,100.0,242.0,2920.0,1.36,37.1,15.02,7.05,35.980000000000004,28.98,0.0,246.5,1200.0
105782.292,19382.292,140.0,91.5,22.72,16.02,171.5,33.45,151.70000000000002,28.98,33.34,33.9,91.5,15.55,57.300000000000004,100.0,238.5,2917.0,1.49,37.1,14.96,6.99,36.12,28.97,3.0,245.5,1200.0
105842.291,19442.291,140.0,91.9,22.62,16.0,171.0,33.4,152.20000000000002,29.09,33.31,33.9,91.5,15.5,57.5,100.0,244.0,2917.0,1.51,37.15,14.96,6.99,35.97,28.97,0.0,238.5,1200.0
105902.29,19502.29,140.0,90.30000000000001,22.63,16.0,170.5,33.45,151.20000000000002,29.060000000000002,33.33,33.95,91.5,15.450000000000001,56.800000000000004,100.0,245.0,2912.0,1.44,37.1,14.93,7.03,35.99,29.080000000000002,0.0,241.0,1200.0
105962.29,19562.29,140.0,89.80000000000001,22.62,16.01,172.5,33.35,152.20000000000002,29.07,33.33,33.75,92.5,15.5,56.7,100.0,238.5,2920.0,1.36,37.050000000000004,15.09,6.97,36.04,29.05,0.0,245.0,1200.0
106022.289,19622.289,140.0,90.30000000000001,22.64,16.03,173.0,33.550000000000004,151.20000000000002,28.97,33.4,33.95,91.0,15.450000000000001,57.2,100.0,243.0,2912.0,1.43,37.0,14.98,7.04,35.96,28.98,0.0,244.5,1200.0
106082.289,19682.289,140.0,89.4,22.61,16.0,171.0,33.4,152.3,29.04,33.230000000000004,33.85,90.5,15.4,57.2,100.0,243.0,2913.0,1.31,36.95,15.01,6.95,36.03,28.98,0.0,238.0,1200.0
106142.288,19742.288,140.0,90.7,22.580000000000002,15.950000000000001,173.5,33.300000000000004,151.9,29.05,33.32,33.9,90.5,15.4,57.1,100.0,244.5,2915.0,1.49,37.050000000000004,14.96,6.98,35.980000000000004,29.04,1.0,241.5,1200.0
106202.288,19802.288,140.0,89.60000000000001,22.650000000000002,15.950000000000001,173.0,33.45,151.5,28.98,33.31,33.9,90.5,15.350000000000001,56.800000000000004,100.0,241.5,2910.0,1.3900000000000001,37.1,14.97,7.01,35.96,29.01,1.0,241.5,1200.0
106262.287,19862.287,140.0,91.10000000000001,22.56,15.96,174.0,33.5,150.6,29.0,33.28,33.9,93.0,15.5,56.900000000000006,100.0,244.5,2916.0,1.6300000000000001,37.0,14.96,6.97,35.97,29.03,1.0,244.5,1200.0
106322.287,19922.287,140.0,90.7,22.63,15.94,170.5,33.550000000000004,152.1,29.080000000000002,33.31,33.95,93.0,15.450000000000001,57.0,100.0,242.5,2906.0,1.4000000000000001,37.1,14.94,7.01,35.980000000000004,28.98,0.0,242.0,1200.0
106382.286,19982.286,140.0,90.10000000000001,22.57,15.97,172.0,33.4,151.0,28.990000000000002,33.29,34.050000000000004,92.5,15.3,56.2,100.0,234.0,2914.0,1.23,36.85,15.06,7.09,36.17,29.07,1.0,243.5,1200.0
106442.286,20042.286,140.0,89.9,22.64,15.99,173.0,33.550000000000004,150.8,29.05,33.34,33.85,93.5,15.600000000000001,56.400000000000006,99.9,242.0,2913.0,1.32,37.1,14.96,6.98,36.03,29.09,0.0,240.0,1200.0
106502.285,20102.285,140.0,92.0,22.6,15.98,170.5,33.5,150.1,29.060000000000002,33.33,33.9,92.0,15.450000000000001,56.6,100.0,241.5,2912.0,1.4000000000000001,37.1,15.07,7.03,35.97,28.91,0.0,244.5,1200.0
106562.285,20162.285,140.0,91.5,22.64,15.96,170.0,33.45,151.3,29.05,33.35,33.9,91.5,15.55,56.5,99.4,242.0,2913.0,1.3900000000000001,36.85,15.0,7.05,35.99,29.09,0.0,244.0,1200.0
106622.284,20222.284,140.0,90.4,22.580000000000002,16.03,170.5,33.4,152.1,28.990000000000002,33.37,34.0,91.0,15.55,56.800000000000004,100.0,243.0,2921.0,1.31,37.050000000000004,14.950000000000001,6.98,35.910000000000004,28.96,0.0,244.0,1200.0
106682.284,20282.284,140.0,90.9,22.66,15.99,174.0,33.4,149.20000000000002,29.060000000000002,33.31,33.95,92.5,15.55,56.800000000000004,99.9,240.5,2917.0,1.49,36.95,14.94,6.94,36.07,28.98,0.0,241.0,1200.0
106742.283,20342.283,140.0,90.2,22.61,16.02,173.5,33.45,152.9,29.04,33.37,34.050000000000004,92.5,15.5,56.6,99.7,243.0,2914.0,1.47,37.1,15.120000000000001,7.0,36.04,28.990000000000002,1.0,239.0,1200.0
106802.283,20402.283,140.0,90.30000000000001,22.57,16.01,172.5,33.45,152.4,29.060000000000002,33.37,34.0,92.5,15.55,56.900000000000006,100.0,241.0,2919.0,1.5,36.9,14.99,7.08,36.06,29.12,4.0,242.0,1200.0
106862.282,20462.282,140.0,90.10000000000001,22.59,16.03,172.0,33.65,151.0,29.11,33.35,34.0,94.0,15.55,57.0,99.9,244.0,2918.0,1.33,37.15,15.02,6.96,35.97,28.94,0.0,240.5,1200.0
106922.282,20522.282,140.0,91.0,22.61,16.01,171.0,33.5,153.1,29.05,33.33,33.800000000000004,88.5,15.4,56.300000000000004,100.0,244.0,2912.0,1.35,37.050000000000004,14.98,7.0600000000000005,36.04,28.990000000000002,1.0,243.5,1200.0
106982.281,20582.281,140.0,91.60000000000001,22.62,16.03,171.0,33.45,149.9,29.07,33.31,33.9,94.5,15.450000000000001,56.900000000000006,100.0,244.5,2913.0,1.51,36.95,15.030000000000001,6.99,36.04,29.01,1.0,244.5,1200.0
107042.281,20642.281,140.0,90.60000000000001,22.66,16.02,172.5,33.550000000000004,151.0,29.05,33.33,33.9,91.5,15.600000000000001,56.800000000000004,99.9,244.0,2919.0,1.42,37.0,15.0,7.0200000000000005,36.06,29.01,0.0,240.5,1200.0
107102.281,20702.281,140.0,91.60000000000001,22.61,16.02,172.5,33.300000000000004,151.3,28.97,33.4,33.95,92.0,15.5,56.800000000000004,99.80000000000001,242.0,2919.0,1.36,37.0,14.950000000000001,7.04,36.07,29.11,0.0,240.5,1200.0
107162.28,20762.28,140.0,89.80000000000001,22.56,15.96,170.5,33.35,151.20000000000002,29.05,33.32,33.75,92.5,15.450000000000001,56.900000000000006,99.7,244.5,2912.0,1.36,37.1,14.99,7.01,35.97,29.03,0.0,244.0,1200.0
107222.28,20822.28,140.0,90.10000000000001,22.6,15.97,172.0,33.4,149.6,29.07,33.230000000000004,33.9,92.0,15.4,56.1,99.7,240.0,2913.0,1.5,37.050000000000004,15.040000000000001,7.0600000000000005,35.96,29.14,4.0,241.5,1200.0
107282.279,20882.279,140.0,91.4,22.6,15.99,171.0,33.35,151.70000000000002,29.04,33.29,33.9,93.0,15.4,56.5,99.5,242.0,2916.0,1.23,36.9,14.99,7.01,35.980000000000004,28.95,1.0,246.0,1200.0
107342.279,20942.279,140.0,90.9,22.67,16.0,173.0,33.45,152.5,29.060000000000002,33.38,33.95,89.5,15.55,56.400000000000006,100.0,242.0,2910.0,1.51,36.95,15.01,7.0200000000000005,35.96,29.03,1.0,244.0,1200.0
107402.278,21002.278,140.0,92.30000000000001,22.55,16.05,172.5,33.5,151.5,29.03,33.22,33.800000000000004,91.0,15.5,56.0,99.80000000000001,238.0,2915.0,1.46,37.050000000000004,14.96,7.0200000000000005,36.01,29.01,1.0,241.0,1200.0
107462.278,21062.278,140.0,90.0,22.6,15.96,172.5,33.45,151.0,28.990000000000002,33.3,34.050000000000004,92.5,15.55,56.5,100.0,242.0,2920.0,1.48,36.95,15.06,6.96,36.0,28.92,0.0,242.5,1200.0
107522.277,21122.277,140.0,92.0,22.580000000000002,15.97,170.5,33.6,149.5,29.080000000000002,33.29,33.85,94.5,15.4,56.5,99.60000000000001,242.5,2912.0,1.47,36.95,15.030000000000001,7.01,36.01,29.02,1.0,244.0,1200.0
107582.277,21182.277,140.0,92.7,22.59,15.99,174.5,33.65,150.8,29.02,33.33,33.9,90.5,15.450000000000001,56.5,99.7,241.0,2919.0,1.23,37.050000000000004,14.99,7.0,36.04,28.990000000000002,0.0,244.5,1200.0
107642.276,21242.276,140.0,91.60000000000001,22.580000000000002,15.93,174.0,33.35,151.70000000000002,28.96,33.27,33.85,90.0,15.5,56.6,99.60000000000001,242.5,2915.0,1.31,37.2,15.02,7.03,35.96,28.98,0.0,242.0,1200.0
107702.276,21302.276,140.0,88.80000000000001,22.59,15.950000000000001,172.5,33.550000000000004,150.8,29.04,33.33,33.85,91.5,15.350000000000001,56.800000000000004,100.0,242.0,2912.0,1.45,37.050000000000004,15.02,7.04,35.95,28.92,0.0,244.0,1200.0
107762.275,21362.275,140.0,91.4,22.66,16.01,172.5,33.45,150.0,29.04,33.3,33.9,91.0,15.5,56.900000000000006,100.0,244.5,2915.0,1.54,36.9,15.06,6.98,35.95,28.94,0.0,244.0,1200.0
107822.275,21422.275,140.0,89.80000000000001,22.53,16.05,172.0,33.4,150.6,29.04,33.43,33.85,92.5,15.450000000000001,56.900000000000006,100.0,241.5,2916.0,1.4000000000000001,37.0,15.07,7.0600000000000005,36.01,29.1,2.0,241.5,1200.0
107882.274,21482.274,140.0,90.10000000000001,22.650000000000002,16.02,172.5,33.4,150.9,29.0,33.29,33.9,91.0,15.450000000000001,57.0,100.0,240.5,2918.0,1.46,37.050000000000004,15.06,6.94,35.99,29.02,0.0,240.0,1200.0
107942.274,21542.274,140.0,89.80000000000001,22.62,15.96,171.5,33.5,151.0,29.09,33.35,33.95,90.5,15.55,56.800000000000004,99.7,240.0,2921.0,1.29,36.800000000000004,15.06,7.01,36.01,29.02,3.0,246.0,1200.0
108002.274,21602.274,140.0,90.10000000000001,22.59,16.080000000000002,172.5,33.5,151.1,29.16,33.3,33.95,90.5,15.450000000000001,57.1,99.80000000000001,238.0,2917.0,1.48,37.050000000000004,14.94,7.0,35.95,28.97,0.0,243.0,1200.0
108062.273,21662.273,140.0,89.80000000000001,22.61,16.02,174.0,33.45,149.4,29.07,33.29,33.85,92.0,15.5,56.400000000000006,100.0,244.0,2922.0,1.1500000000000001,37.1,15.120000000000001,7.0,35.99,29.0,0.0,236.5,1200.0
108122.273,21722.273,140.0,92.10000000000001,22.63,16.05,171.0,33.550000000000004,150.6,29.060000000000002,33.37,33.75,91.0,15.65,57.2,99.60000000000001,238.0,2914.0,1.37,37.050000000000004,15.02,6.99,35.94,28.93,1.0,246.5,1200.0
108182.272,21782.272,140.0,90.9,22.67,16.04,171.0,33.45,152.70000000000002,29.0,33.32,33.75,90.0,15.600000000000001,57.0,99.9,241.5,2920.0,1.42,36.95,15.040000000000001,6.97,36.07,29.03,1.0,241.5,1200.0
108242.272,21842.272,140.0,91.4,22.71,15.98,173.0,33.45,153.70000000000002,29.04,33.33,33.85,91.5,15.5,56.800000000000004,99.7,240.5,2916.0,1.35,37.0,14.92,6.99,36.03,28.96,1.0,242.0,1200.0
108302.271,21902.271,140.0,91.10000000000001,22.68,15.97,171.0,33.45,150.70000000000002,29.0,33.37,33.75,91.5,15.5,57.800000000000004,99.7,245.5,2915.0,1.33,37.050000000000004,15.05,7.0600000000000005,36.01,28.96,2.0,241.0,1200.0
108362.271,21962.271,140.0,90.60000000000001,22.64,16.02,170.5,33.45,151.5,29.060000000000002,33.21,33.75,92.0,15.5,57.2,100.0,246.0,2912.0,1.37,37.050000000000004,15.01,6.96,35.96,29.0,0.0,241.0,1200.0
108422.27,22022.27,140.0,91.4,22.650000000000002,15.91,171.0,33.5,151.9,28.85,33.3,33.7,93.0,15.55,56.800000000000004,99.80000000000001,245.0,2919.0,1.61,37.050000000000004,14.99,7.05,36.0,28.990000000000002,0.0,242.5,1200.0
108482.27,22082.27,140.0,91.60000000000001,22.71,15.98,172.0,33.35,150.3,28.95,33.35,33.9,93.5,15.5,56.7,99.9,242.0,2919.0,1.45,37.050000000000004,15.02,7.0200000000000005,35.96,29.01,0.0,247.5,1200.0
108542.27,22142.27,140.0,91.5,22.69,15.99,171.5,33.35,152.1,28.95,33.19,33.7,90.5,15.450000000000001,57.7,100.0,243.5,2913.0,1.3,37.0,14.98,7.03,35.95,28.98,0.0,246.0,1200.0
108602.269,22202.269,140.0,91.10000000000001,22.77,15.98,172.0,33.4,152.0,28.97,33.17,33.7,92.0,15.5,57.6,99.7,244.0,2917.0,1.51,36.95,14.950000000000001,6.96,35.96,29.0,1.0,249.0,1200.0
108662.269,22262.269,140.0,92.4,22.7,16.02,170.5,33.5,152.5,28.85,33.21,33.75,92.5,15.65,57.300000000000004,100.0,246.0,2913.0,1.43,37.1,15.040000000000001,7.07,36.03,29.05,0.0,244.5,1200.0
108722.268,22322.268,140.0,91.2,22.72,16.080000000000002,174.0,33.45,152.1,28.79,33.2,33.65,93.5,15.5,57.900000000000006,99.80000000000001,242.5,2909.0,1.31,37.0,14.99,6.95,35.96,29.04,2.0,238.0,1200.0
108782.268,22382.268,140.0,90.9,22.62,15.950000000000001,171.5,33.2,150.1,28.75,33.15,33.75,90.5,15.600000000000001,57.300000000000004,100.0,245.0,2911.0,1.37,36.9,15.01,7.04,35.99,28.990000000000002,1.0,239.5,1200.0
108842.267,22442.267,140.0,90.80000000000001,22.59,16.03,173.5,33.300000000000004,151.4,28.86,33.28,33.7,93.5,15.4,57.5,100.0,238.5,2911.0,1.41,37.15,14.98,7.0600000000000005,35.89,29.07,0.0,243.0,1200.0
108902.267,22502.267,140.0,90.5,22.7,16.02,172.0,33.45,152.1,28.92,33.14,33.75,92.5,15.55,57.7,99.60000000000001,243.0,2911.0,1.45,36.95,15.0,6.96,35.99,29.07,0.0,237.5,1200.0
108962.267,22562.267,140.0,91.60000000000001,22.66,15.97,171.0,33.5,150.9,28.88,33.14,33.45,91.0,15.450000000000001,57.300000000000004,100.0,244.0,2911.0,1.3,37.0,14.96,6.99,36.02,28.96,4.0,240.5,1200.0
109022.266,22622.266,140.0,91.10000000000001,22.61,15.94,169.5,33.300000000000004,151.8,28.85,33.11,33.65,93.0,15.5,57.1,99.7,245.0,2909.0,1.5,36.85,15.05,6.93,36.04,28.96,0.0,245.0,1200.0
109082.266,22682.266,140.0,91.2,22.62,16.03,170.0,33.35,152.0,28.88,33.160000000000004,33.6,90.5,15.450000000000001,57.0,100.0,242.0,2912.0,1.35,37.1,14.950000000000001,6.98,36.01,29.03,0.0,241.5,1200.0
109142.265,22742.265,140.0,90.2,22.68,15.97,169.0,33.2,150.6,28.900000000000002,33.160000000000004,33.550000000000004,92.5,15.55,57.7,100.0,241.5,2904.0,1.43,36.95,15.01,6.94,36.13,28.97,0.0,242.0,1200.0
109202.265,22802.265,140.0,91.0,22.63,15.94,172.0,33.2,150.9,28.79,33.18,33.7,92.0,15.450000000000001,57.0,100.0,243.0,2909.0,1.3800000000000001,37.1,14.96,6.93,35.92,28.98,0.0,243.5,1200.0
109262.265,22862.265,140.0,91.60000000000001,22.63,16.0,171.5,33.2,152.3,28.76,33.14,33.7,92.5,15.5,57.300000000000004,100.0,237.0,2901.0,1.29,36.9,14.93,6.93,36.02,29.02,1.0,236.5,1200.0
109322.264,22922.264,140.0,92.10000000000001,22.740000000000002,16.03,170.0,33.25,151.4,28.84,33.17,33.550000000000004,94.5,15.5,56.7,100.0,238.0,2905.0,1.45,36.9,15.05,6.96,36.07,28.95,0.0,240.5,1200.0
109382.264,22982.264,140.0,91.80000000000001,22.68,15.99,169.0,33.15,154.3,28.86,33.06,33.6,92.0,15.5,57.0,100.0,245.0,2904.0,1.3900000000000001,36.95,14.97,7.0,35.99,28.97,0.0,240.5,1200.0
109442.263,23042.263,140.0,91.5,22.72,16.01,171.0,33.35,152.0,28.85,33.08,33.7,92.5,15.5,57.2,100.0,237.0,2903.0,1.27,36.95,15.08,7.0,35.97,29.14,2.0,236.5,1200.0
109502.263,23102.263,140.0,91.7,22.69,15.98,167.5,33.35,150.6,28.85,33.13,33.7,91.5,15.4,57.2,99.7,243.5,2904.0,1.44,36.95,15.05,7.04,35.99,28.89,0.0,238.5,1200.0
109562.263,23162.263,140.0,90.4,22.66,15.99,171.5,33.300000000000004,151.1,28.82,33.19,33.75,92.5,15.600000000000001,57.2,100.0,238.5,2904.0,1.37,36.9,14.98,6.98,36.07,29.04,1.0,241.0,1200.0
109622.262,23222.262,140.0,90.4,22.650000000000002,16.03,170.5,33.25,150.4,28.900000000000002,33.15,33.75,93.5,15.350000000000001,56.900000000000006,99.9,244.0,2908.0,1.42,36.95,15.040000000000001,6.98,35.97,29.01,1.0,241.5,1200.0
109682.262,23282.262,140.0,90.7,22.68,15.96,171.5,33.4,149.6,28.84,33.09,33.75,91.0,15.350000000000001,57.400000000000006,100.0,240.0,2901.0,1.47,36.75,15.0,6.97,35.89,28.98,0.0,239.0,1200.0
109742.261,23342.261,140.0,90.10000000000001,22.67,15.97,171.0,33.35,151.5,28.89,33.25,33.65,91.5,15.350000000000001,57.400000000000006,100.0,241.0,2902.0,1.41,36.85,15.02,7.0600000000000005,35.95,29.01,0.0,241.5,1200.0
109802.261,23402.261,140.0,90.80000000000001,22.62,16.05,170.0,33.35,149.6,28.740000000000002,33.160000000000004,33.75,93.0,15.450000000000001,57.400000000000006,99.60000000000001,243.5,2908.0,1.43,36.7,14.96,6.99,35.99,28.96,1.0,239.5,1200.0
109862.261,23462.261,140.0,92.7,22.6,15.950000000000001,173.0,33.25,151.1,28.91,33.11,33.7,93.0,15.4,57.400000000000006,100.0,244.5,2907.0,1.43,36.85,15.05,6.98,35.96,29.01,1.0,245.5,1200.0
109922.26,23522.26,140.0,90.10000000000001,22.64,16.06,169.5,33.300000000000004,150.8,28.93,33.19,33.65,91.0,15.4,57.300000000000004,100.0,242.0,2909.0,1.41,37.1,14.93,7.0,36.12,29.01,0.0,243.5,1200.0
109982.26,23582.26,140.0,90.2,22.66,16.02,172.0,33.5,152.9,28.94,33.160000000000004,34.0,92.5,15.5,57.400000000000006,100.0,243.5,2913.0,1.47,36.9,15.01,6.97,36.0,29.01,0.0,245.0,1200.0
110042.259,23642.259,140.0,90.30000000000001,22.7,16.02,169.5,33.35,151.8,28.900000000000002,33.26,33.75,93.0,15.4,57.6,99.80000000000001,245.0,2910.0,1.21,36.9,15.030000000000001,6.92,35.87,28.900000000000002,0.0,240.0,1200.0
110102.259,23702.259,140.0,91.60000000000001,22.64,15.96,171.5,33.4,151.6,28.89,33.12,33.75,92.5,15.55,57.7,99.9,242.0,2909.0,1.48,37.0,15.0,7.0200000000000005,35.92,28.94,0.0,242.5,1200.0
110162.259,23762.259,140.0,89.9,22.68,15.98,172.5,33.4,151.3,28.87,33.14,33.800000000000004,91.5,15.55,57.900000000000006,100.0,246.0,2910.0,1.55,36.9,15.030000000000001,6.98,36.04,29.0,0.0,247.0,1200.0
110222.258,23822.258,140.0,91.9,22.73,16.1,172.5,33.35,150.70000000000002,28.92,33.160000000000004,33.75,90.5,15.4,57.900000000000006,100.0,239.5,2909.0,1.33,36.85,15.07,6.95,35.97,29.04,0.0,246.5,1200.0
110282.258,23882.258,140.0,91.0,22.67,15.94,171.0,33.25,152.70000000000002,28.97,33.25,33.7,91.5,15.55,57.400000000000006,99.80000000000001,244.0,2910.0,1.3800000000000001,37.050000000000004,14.99,6.96,36.02,28.95,0.0,242.5,1200.0
110342.257,23942.257,140.0,91.10000000000001,22.650000000000002,16.02,170.5,33.4,151.0,28.810000000000002,33.18,33.7,91.0,15.5,56.900000000000006,100.0,240.0,2914.0,1.36,36.9,15.08,7.01,35.97,29.03,0.0,243.5,1200.0
110402.257,24002.257,140.0,90.2,22.71,16.01,172.0,33.300000000000004,150.8,28.91,33.09,33.75,91.5,15.4,57.400000000000006,100.0,243.0,2905.0,1.42,36.9,14.98,7.07,35.94,28.97,0.0,243.5,1200.0
110462.257,24062.257,140.0,92.60000000000001,22.67,16.01,171.0,33.2,152.0,28.97,33.230000000000004,33.7,91.5,15.4,58.2,100.0,245.5,2905.0,1.52,37.1,15.030000000000001,7.03,35.97,28.84,1.0,242.5,1200.0
110522.256,24122.256,140.0,91.9,22.72,15.97,170.0,33.45,152.3,28.89,33.26,33.7,92.5,15.350000000000001,57.300000000000004,100.0,246.0,2914.0,1.45,37.050000000000004,14.96,7.01,36.0,28.97,1.0,246.5,1200.0
110582.256,24182.256,140.0,91.10000000000001,22.73,16.01,169.0,33.5,152.1,28.97,33.3,33.7,88.5,15.55,56.900000000000006,100.0,248.0,2911.0,1.35,36.9,14.96,7.0600000000000005,36.02,29.060000000000002,0.0,236.5,1200.0
110642.255,24242.255,140.0,90.4,22.66,16.01,172.0,33.4,151.4,28.900000000000002,33.26,33.75,91.5,15.5,57.0,99.60000000000001,243.0,2908.0,1.35,36.75,15.05,6.95,35.980000000000004,29.01,0.0,243.5,1200.0
110702.255,24302.255,140.0,90.9,22.71,16.02,170.5,33.5,150.5,28.92,33.25,33.75,92.5,15.450000000000001,57.6,100.0,240.5,2913.0,1.22,37.0,14.97,6.97,35.97,29.03,1.0,242.5,1200.0
110762.255,24362.255,140.0,91.10000000000001,22.69,16.0,172.5,33.4,151.3,28.91,33.2,33.800000000000004,92.5,15.5,56.900000000000006,99.5,241.0,2917.0,1.3,37.0,15.05,6.97,36.0,28.91,0.0,241.0,1200.0
110822.254,24422.254,140.0,89.4,22.71,15.97,170.0,33.300000000000004,151.5,28.900000000000002,33.29,33.75,91.0,15.600000000000001,57.0,100.0,246.0,2915.0,1.21,37.050000000000004,14.93,7.05,35.910000000000004,29.1,1.0,243.0,1200.0
110882.254,24482.254,140.0,91.60000000000001,22.580000000000002,15.99,173.0,33.35,151.1,28.98,33.230000000000004,33.85,90.5,15.55,57.300000000000004,99.9,243.0,2917.0,1.49,36.95,15.05,7.07,36.0,28.98,1.0,250.5,1200.0
110942.254,24542.254,140.0,91.9,22.66,15.98,172.5,33.5,151.70000000000002,28.94,33.230000000000004,33.95,91.0,15.450000000000001,57.1,100.0,245.0,2914.0,1.46,36.95,15.01,7.0,36.02,28.95,0.0,245.5,1200.0
111002.253,24602.253,140.0,91.9,22.57,15.94,171.5,33.45,150.0,29.01,33.230000000000004,33.85,90.5,15.4,56.7,99.30000000000001,245.0,2913.0,1.51,36.9,15.02,7.0200000000000005,35.95,28.93,2.0,241.0,1200.0
111062.253,24662.253,140.0,90.4,22.67,15.99,171.5,33.45,152.8,29.01,33.29,33.7,90.5,15.55,57.300000000000004,99.30000000000001,245.5,2917.0,1.3800000000000001,36.95,14.950000000000001,6.98,35.980000000000004,28.94,0.0,244.0,1200.0
111122.253,24722.253,140.0,90.9,22.63,15.94,170.5,33.4,152.0,29.07,33.21,33.85,93.0,15.4,57.5,100.0,242.5,2914.0,1.44,37.050000000000004,15.01,7.01,35.93,29.1,0.0,243.0,1200.0
111182.252,24782.252,140.0,90.7,22.71,16.04,172.5,33.550000000000004,150.5,28.97,33.37,33.9,92.0,15.5,56.5,99.60000000000001,243.0,2915.0,1.57,37.050000000000004,14.94,7.04,35.88,28.97,3.0,240.5,1200.0
111242.252,24842.252,140.0,91.9,22.740000000000002,15.99,170.5,33.4,152.0,28.91,33.31,33.7,92.0,15.700000000000001,57.2,100.0,244.5,2915.0,1.31,37.0,15.06,7.03,36.07,28.97,0.0,246.0,1200.0
111302.251,24902.251,140.0,90.9,22.69,15.950000000000001,170.5,33.300000000000004,153.3,28.96,33.3,33.9,91.0,15.5,57.2,99.9,243.5,2918.0,1.46,37.0,15.01,6.890000000000001,36.02,29.09,0.0,241.0,1200.0
111362.251,24962.251,140.0,89.2,22.63,16.02,171.0,33.35,150.9,29.07,33.25,33.95,89.5,15.55,57.6,100.0,246.0,2922.0,1.43,37.1,14.950000000000001,7.03,36.14,28.98,2.0,248.5,1200.0
111422.251,25022.251,140.0,93.0,22.77,16.0,173.0,33.550000000000004,151.5,28.98,33.14,33.800000000000004,93.0,15.450000000000001,57.5,100.0,242.0,2919.0,1.4000000000000001,37.1,15.01,7.01,36.03,29.09,0.0,241.0,1200.0
111482.25,25082.25,140.0,90.2,22.68,15.99,170.5,33.550000000000004,149.8,29.01,33.3,33.800000000000004,93.0,15.350000000000001,57.2,99.80000000000001,244.5,2920.0,1.24,36.95,14.98,6.99,35.99,29.03,0.0,242.5,1200.0
111542.25,25142.25,140.0,90.7,22.66,16.0,172.5,33.45,151.6,28.97,33.38,33.9,91.5,15.450000000000001,57.400000000000006,100.0,242.0,2918.0,1.36,37.1,14.99,6.96,35.97,28.94,0.0,241.5,1200.0
111602.25,25202.25,140.0,91.80000000000001,22.7,16.06,172.5,33.45,150.9,29.09,33.31,33.85,91.5,15.450000000000001,57.5,100.0,244.0,2916.0,1.3800000000000001,37.050000000000004,15.08,7.04,36.06,28.94,2.0,242.5,1200.0
111662.249,25262.249,140.0,91.0,22.68,15.98,173.0,33.5,152.9,28.92,33.34,33.75,90.5,15.5,57.0,99.7,244.5,2918.0,1.46,37.2,15.01,7.0,36.03,28.990000000000002,2.0,245.0,1200.0
111722.249,25322.249,140.0,90.2,22.740000000000002,16.0,172.5,33.550000000000004,151.70000000000002,29.0,33.3,33.85,92.0,15.25,56.6,99.60000000000001,244.5,2922.0,1.31,37.050000000000004,14.94,7.0,36.04,29.03,1.0,247.5,1200.0
111782.249,25382.249,140.0,89.2,22.67,15.950000000000001,170.0,33.7,151.70000000000002,29.0,33.35,33.800000000000004,93.5,15.4,57.6,100.0,246.5,2924.0,1.45,36.95,15.040000000000001,6.95,35.96,28.990000000000002,0.0,248.5,1200.0
111842.248,25442.248,140.0,91.30000000000001,22.75,15.950000000000001,171.5,33.4,151.8,29.0,33.36,33.75,93.0,15.450000000000001,57.2,99.7,244.0,2919.0,1.34,37.1,15.01,7.0200000000000005,36.01,29.01,0.0,244.0,1200.0
111902.248,25502.248,140.0,91.10000000000001,22.71,15.950000000000001,173.5,33.6,151.8,28.95,33.34,33.95,93.0,15.55,57.2,99.7,243.5,2918.0,1.43,37.050000000000004,14.97,7.0,36.03,29.0,0.0,243.5,1200.0
111962.248,25562.248,140.0,91.2,22.740000000000002,15.98,170.5,33.2,151.1,28.990000000000002,33.31,33.85,93.0,15.600000000000001,57.400000000000006,100.0,245.5,2919.0,1.43,37.1,15.01,7.01,36.0,28.98,0.0,243.5,1200.0
112022.247,25622.247,140.0,90.80000000000001,22.71,16.05,173.5,33.4,152.8,28.92,33.33,33.800000000000004,93.5,15.5,57.5,99.80000000000001,245.5,2917.0,1.36,37.2,15.01,6.98,36.04,28.900000000000002,2.0,247.0,1200.0
112082.247,25682.247,140.0,91.9,22.71,16.07,171.0,33.4,151.3,28.91,33.28,33.800000000000004,91.5,15.5,57.300000000000004,99.5,242.0,2922.0,1.34,37.1,15.01,6.91,36.07,29.04,0.0,243.0,1200.0
112142.246,25742.246,140.0,92.0,22.71,15.99,170.5,33.65,152.6,28.87,33.36,33.800000000000004,90.5,15.350000000000001,57.400000000000006,100.0,243.5,2913.0,1.27,36.95,14.97,7.04,36.03,28.990000000000002,1.0,247.5,1200.0
112202.246,25802.246,140.0,91.10000000000001,22.69,16.05,171.5,33.35,150.9,28.87,33.3,33.9,93.0,15.4,57.6,100.0,244.5,2917.0,1.17,36.95,15.02,7.01,36.04,29.0,0.0,246.5,1200.0
112262.246,25862.246,140.0,90.4,22.68,16.06,172.0,33.35,151.5,28.85,33.24,33.800000000000004,91.0,15.450000000000001,57.5,100.0,245.0,2918.0,1.19,37.0,14.97,6.97,35.99,29.0,0.0,244.0,1200.0
112322.245,25922.245,140.0,90.7,22.7,16.01,172.5,33.300000000000004,151.70000000000002,28.88,33.15,33.800000000000004,91.5,15.450000000000001,57.5,99.7,248.0,2913.0,1.33,36.95,15.02,6.91,36.0,28.97,2.0,243.0,1200.0
112382.245,25982.245,140.0,90.4,22.7,16.01,173.0,33.45,150.4,28.900000000000002,33.27,33.75,92.0,15.5,57.900000000000006,100.0,247.0,2916.0,1.32,36.95,15.05,7.04,36.0,29.01,2.0,243.0,1200.0
112442.245,26042.245,140.0,92.9,22.72,15.99,172.5,33.45,152.4,28.900000000000002,33.17,33.75,90.0,15.5,57.6,99.9,241.5,2911.0,1.27,36.95,14.950000000000001,6.95,36.01,28.98,1.0,241.0,1200.0
112502.244,26102.244,140.0,91.10000000000001,22.68,15.94,169.0,33.300000000000004,151.9,28.87,33.230000000000004,33.75,90.0,15.5,57.2,100.0,239.0,2909.0,1.41,36.95,14.99,7.0,36.01,29.03,0.0,243.5,1200.0
112562.244,26162.244,140.0,91.30000000000001,22.71,16.01,170.0,33.25,152.3,28.87,33.22,33.75,93.5,15.350000000000001,57.300000000000004,99.7,245.5,2913.0,1.28,37.2,15.05,7.03,36.02,29.04,0.0,241.5,1200.0
112622.244,26222.244,140.0,90.4,22.69,16.03,172.5,33.45,150.3,28.900000000000002,33.18,33.6,92.5,15.450000000000001,57.5,100.0,236.5,2913.0,1.42,37.0,14.92,6.99,35.9,29.0,0.0,242.5,1200.0
112682.243,26282.243,140.0,91.30000000000001,22.73,15.99,170.5,33.35,151.70000000000002,28.77,33.13,33.6,92.0,15.450000000000001,57.5,100.0,243.5,2912.0,1.29,37.1,15.0,7.0200000000000005,36.01,29.04,1.0,248.5,1200.0
112742.243,26342.243,140.0,91.5,22.650000000000002,16.09,168.5,33.45,151.0,28.77,33.14,33.5,92.0,15.600000000000001,57.5,100.0,242.5,2907.0,1.3900000000000001,37.050000000000004,15.02,7.01,35.99,29.01,0.0,243.0,1200.0
112802.243,26402.243,140.0,90.30000000000001,22.72,16.0,171.0,33.25,152.4,28.810000000000002,33.08,33.75,93.0,15.5,58.1,99.80000000000001,242.5,2909.0,1.44,37.0,15.06,6.98,35.95,28.97,0.0,240.5,1200.0
112862.242,26462.242,140.0,90.80000000000001,22.72,16.01,169.5,33.300000000000004,150.9,28.77,33.2,33.65,91.0,15.700000000000001,57.800000000000004,99.7,241.5,2900.0,1.32,36.95,14.98,6.97,35.980000000000004,29.0,0.0,244.0,1200.0
112922.242,26522.242,140.0,90.5,22.72,16.01,171.5,33.1,150.70000000000002,28.86,33.11,33.65,91.0,15.450000000000001,57.300000000000004,99.9,243.0,2912.0,1.34,37.0,15.06,7.03,36.0,29.05,0.0,230.5,1200.0
112982.242,26582.242,140.0,88.9,22.79,16.05,172.5,33.25,151.8,28.85,33.17,33.6,92.5,15.5,57.800000000000004,100.0,236.5,2910.0,1.46,36.85,15.01,6.96,35.99,29.1,0.0,241.5,1200.0
113042.241,26642.241,140.0,91.9,22.62,15.99,171.0,33.35,150.5,28.810000000000002,33.13,33.65,92.5,15.5,57.7,100.0,241.0,2908.0,1.41,37.0,15.08,7.04,36.050000000000004,28.86,2.0,243.0,1200.0
113102.241,26702.241,140.0,92.0,22.67,15.99,171.0,33.25,150.8,28.71,33.09,33.550000000000004,91.5,15.450000000000001,57.800000000000004,100.0,248.0,2901.0,1.41,37.0,15.01,7.0,35.99,28.95,2.0,240.5,1200.0
113162.241,26762.241,140.0,91.5,22.69,15.98,170.0,33.2,150.8,28.650000000000002,33.03,33.550000000000004,91.0,15.65,57.1,100.0,244.0,2902.0,1.36,37.0,14.950000000000001,6.98,35.96,28.94,0.0,244.5,1200.0
113222.24,26822.24,140.0,92.5,22.67,16.01,170.5,33.25,150.8,28.73,33.01,33.550000000000004,87.5,15.5,57.300000000000004,100.0,237.5,2902.0,1.42,36.95,15.05,7.07,35.980000000000004,29.080000000000002,0.0,242.5,1200.0
113282.24,26882.24,140.0,89.0,22.71,15.97,170.0,33.25,150.3,28.71,33.12,33.45,91.5,15.450000000000001,58.1,100.0,238.5,2895.0,1.3800000000000001,36.85,15.05,6.94,36.01,29.02,2.0,242.0,1200.0
113342.24,26942.24,140.0,90.9,22.73,15.98,171.0,33.2,151.9,28.75,33.01,33.7,92.0,15.5,57.1,99.60000000000001,242.0,2903.0,1.4000000000000001,36.85,14.99,7.1000000000000005,36.06,29.02,3.0,243.5,1200.0
113402.239,27002.239,140.0,89.9,22.72,16.02,169.5,33.1,152.5,28.740000000000002,33.05,33.6,92.0,15.450000000000001,57.300000000000004,100.0,242.0,2901.0,1.41,36.800000000000004,15.0,6.96,36.07,28.95,0.0,241.5,1200.0
113462.239,27062.239,140.0,92.80000000000001,22.6,16.05,169.5,33.1,151.8,28.69,33.0,33.6,91.0,15.65,57.6,99.7,242.0,2899.0,1.29,36.75,15.02,7.05,35.93,28.96,0.0,241.0,1200.0
113522.239,27122.239,140.0,92.2,22.7,15.92,170.5,33.45,151.5,28.68,33.06,33.65,93.0,15.55,57.300000000000004,100.0,239.5,2901.0,1.33,36.800000000000004,15.01,7.0200000000000005,36.08,29.01,1.0,238.0,1200.0
113582.239,27182.239,140.0,89.0,22.71,16.03,169.5,33.300000000000004,151.6,28.75,33.07,33.6,92.5,15.5,57.300000000000004,99.7,242.5,2900.0,1.44,36.800000000000004,14.96,7.0200000000000005,36.06,28.98,0.0,240.0,1200.0
113642.238,27242.238,140.0,89.0,22.66,16.0,172.0,33.300000000000004,149.20000000000002,28.77,33.11,33.7,92.5,15.600000000000001,57.900000000000006,100.0,238.5,2903.0,1.41,36.95,14.96,7.05,35.94,29.080000000000002,0.0,244.0,1200.0
113702.238,27302.238,140.0,90.0,22.73,16.0,170.5,33.2,151.1,28.77,33.13,33.6,91.5,15.5,58.0,99.4,240.0,2897.0,1.28,36.75,14.98,7.0,36.050000000000004,29.0,0.0,242.5,1200.0
113762.238,27362.238,140.0,89.4,22.73,16.0,172.0,33.15,151.3,28.75,33.04,33.65,92.0,15.55,57.5,100.0,240.5,2904.0,1.4000000000000001,36.800000000000004,14.97,6.99,36.09,29.02,0.0,241.5,1200.0
113822.237,27422.237,140.0,89.7,22.66,16.0,171.5,33.300000000000004,151.8,28.87,33.19,33.6,91.5,15.4,58.0,99.5,245.0,2908.0,1.33,36.85,14.97,7.01,36.08,28.990000000000002,0.0,243.0,1200.0
113882.237,27482.237,140.0,90.80000000000001,22.67,16.0,169.0,33.25,151.4,28.75,33.14,33.800000000000004,92.0,15.450000000000001,57.7,100.0,243.0,2899.0,1.24,36.75,14.93,6.97,36.02,28.96,0.0,244.0,1200.0
113942.237,27542.237,140.0,91.5,22.62,16.03,170.5,33.25,151.8,28.85,33.14,33.800000000000004,91.0,15.4,57.800000000000004,100.0,241.5,2905.0,1.57,36.85,15.030000000000001,6.97,36.01,28.94,2.0,242.5,1200.0
114002.236,27602.236,140.0,91.7,22.71,15.94,168.5,33.35,151.9,28.86,33.14,33.65,91.5,15.55,57.900000000000006,99.9,238.0,2910.0,1.45,36.85,14.97,7.07,36.0,28.96,1.0,239.5,1200.0
114062.236,27662.236,140.0,90.60000000000001,22.72,16.0,170.5,33.25,150.1,28.900000000000002,33.12,33.7,92.5,15.4,57.7,100.0,242.5,2907.0,1.36,36.85,15.040000000000001,7.03,36.0,29.05,0.0,243.5,1200.0
114122.236,27722.236,140.0,91.30000000000001,22.69,15.91,172.5,33.4,151.1,28.84,33.1,33.75,90.5,15.450000000000001,57.800000000000004,99.9,239.0,2905.0,1.3800000000000001,36.800000000000004,15.0,7.01,35.99,29.060000000000002,0.0,244.0,1200.0
114182.235,27782.235,140.0,90.9,22.72,15.97,169.0,33.35,150.70000000000002,28.92,33.11,33.7,90.0,15.55,58.0,99.9,240.5,2906.0,1.4000000000000001,36.9,15.01,6.99,35.96,28.97,0.0,241.5,1200.0
114242.235,27842.235,140.0,91.0,22.7,16.0,171.5,33.2,150.4,28.73,33.17,33.800000000000004,92.0,15.450000000000001,57.300000000000004,99.9,241.5,2910.0,1.54,36.85,14.98,7.0,36.1,28.990000000000002,0.0,242.0,1200.0
114302.235,27902.235,140.0,90.9,22.650000000000002,16.03,173.0,33.45,151.6,28.89,33.13,33.75,93.0,15.55,58.0,100.0,241.0,2912.0,1.36,36.85,14.93,6.96,35.97,28.91,0.0,238.0,1200.0
114362.234,27962.234,140.0,90.7,22.650000000000002,16.0,173.0,33.25,151.0,28.87,33.160000000000004,33.75,92.0,15.4,58.1,100.0,242.0,2908.0,1.25,36.75,15.05,7.12,36.050000000000004,29.02,0.0,240.5,1200.0
114422.234,28022.234,140.0,93.5,22.72,16.02,170.0,33.25,151.8,28.89,33.18,33.7,93.5,15.600000000000001,57.400000000000006,100.0,245.0,2913.0,1.41,36.95,15.01,6.99,35.92,29.02,1.0,246.5,1200.0
114482.234,28082.234,140.0,91.7,22.71,16.01,171.5,33.4,152.8,28.91,33.22,33.85,91.0,15.4,57.800000000000004,100.0,243.5,2913.0,1.34,37.050000000000004,14.93,7.08,36.01,29.09,0.0,243.0,1200.0
114542.234,28142.234,140.0,91.7,22.66,15.97,171.0,33.050000000000004,150.6,28.84,33.230000000000004,33.800000000000004,90.5,15.4,57.300000000000004,99.9,239.0,2909.0,1.46,36.95,14.99,6.96,36.03,29.01,3.0,241.0,1200.0
114602.233,28202.233,140.0,92.5,22.67,15.92,171.0,33.35,151.6,28.85,33.28,33.800000000000004,92.5,15.450000000000001,57.900000000000006,99.80000000000001,242.5,2910.0,1.32,36.9,15.06,6.91,35.89,28.93,1.0,244.0,1200.0
114662.233,28262.233,140.0,91.2,22.67,16.02,170.5,33.45,149.9,28.900000000000002,33.24,33.85,92.0,15.5,57.300000000000004,99.9,240.5,2912.0,1.33,36.9,14.99,6.97,35.99,28.98,0.0,240.5,1200.0
114722.233,28322.233,140.0,91.60000000000001,22.740000000000002,16.02,171.0,33.35,151.20000000000002,28.900000000000002,33.32,33.800000000000004,92.0,15.600000000000001,58.0,99.2,241.5,2916.0,1.58,36.9,15.07,7.0,36.0,28.97,0.0,242.0,1200.0
114782.232,28382.232,140.0,91.5,22.7,16.03,172.0,33.4,152.1,28.96,33.27,33.85,92.5,15.5,57.2,99.9,242.5,2912.0,1.3900000000000001,37.050000000000004,14.99,6.92,36.0,28.900000000000002,2.0,247.0,1200.0
114842.232,28442.232,140.0,89.7,22.71,16.04,170.0,33.35,152.0,28.93,33.34,33.9,91.0,15.4,57.1,100.0,242.0,2916.0,1.41,36.9,14.99,6.94,35.910000000000004,29.04,0.0,245.5,1200.0
114902.232,28502.232,140.0,89.80000000000001,22.75,15.99,170.0,33.4,151.4,28.900000000000002,33.230000000000004,33.85,92.5,15.600000000000001,57.2,99.7,242.0,2915.0,1.56,36.85,14.99,6.99,35.9,28.990000000000002,0.0,244.0,1200.0
114962.231,28562.231,140.0,88.30000000000001,22.650000000000002,16.01,171.5,33.4,149.5,28.900000000000002,33.28,33.75,91.5,15.450000000000001,57.1,100.0,246.5,2914.0,1.46,36.9,14.99,6.96,35.96,28.93,0.0,249.0,1200.0
115022.231,28622.231,140.0,90.9,22.71,15.98,170.0,33.5,150.6,28.88,33.26,33.9,94.0,15.350000000000001,57.6,99.7,249.0,2920.0,1.28,37.050000000000004,14.93,7.01,36.01,29.01,1.0,241.5,1200.0
115082.231,28682.231,140.0,91.0,22.7,15.98,169.5,33.5,151.4,28.97,33.38,33.75,92.5,15.450000000000001,57.6,99.4,242.0,2919.0,1.22,37.050000000000004,15.01,6.96,36.04,29.080000000000002,0.0,249.5,1200.0
115142.231,28742.231,140.0,91.80000000000001,22.79,15.97,170.5,33.550000000000004,151.20000000000002,29.04,33.26,33.75,92.0,15.55,57.7,100.0,246.0,2916.0,1.51,37.1,14.94,6.94,35.92,29.02,0.0,244.0,1200.0
115202.23,28802.23,140.0,91.2,22.64,16.02,172.0,33.550000000000004,152.70000000000002,29.04,33.3,33.75,91.5,15.55,57.400000000000006,100.0,245.5,2920.0,1.53,36.95,14.99,6.99,36.0,28.95,1.0,247.5,1200.0
115262.23,28862.23,140.0,89.5,22.72,15.950000000000001,171.5,33.45,151.6,28.94,33.31,33.95,92.0,15.4,57.5,99.80000000000001,246.0,2923.0,1.49,37.1,14.96,6.97,36.050000000000004,29.01,1.0,247.0,1200.0
115322.23,28922.23,140.0,91.4,22.68,16.01,173.0,33.65,150.9,29.01,33.36,33.85,90.0,15.55,57.1,100.0,245.0,2918.0,1.42,37.0,15.01,6.99,35.910000000000004,29.02,1.0,248.0,1200.0
115382.229,28982.229,140.0,90.4,22.73,15.97,172.0,33.4,150.1,29.05,33.32,33.9,93.5,15.450000000000001,57.0,100.0,242.5,2918.0,1.3800000000000001,37.050000000000004,15.030000000000001,6.99,35.96,29.0,1.0,244.0,1200.0
115442.229,29042.229,140.0,92.60000000000001,22.73,16.04,172.5,33.4,151.70000000000002,29.04,33.32,34.0,93.0,15.55,57.2,100.0,244.0,2922.0,1.35,37.1,14.94,7.0,35.94,29.07,2.0,243.0,1200.0
115502.229,29102.229,140.0,92.10000000000001,22.63,16.04,173.0,33.550000000000004,151.70000000000002,29.04,33.33,33.95,91.5,15.55,57.300000000000004,100.0,245.0,2924.0,1.53,37.0,15.02,7.0,35.94,28.94,2.0,245.0,1200.0
115562.229,29162.229,140.0,91.10000000000001,22.69,15.99,172.5,33.45,150.70000000000002,29.0,33.33,33.95,91.5,15.55,57.6,100.0,246.0,2920.0,1.3800000000000001,37.1,15.0,6.97,35.99,28.900000000000002,0.0,240.5,1200.0
115622.228,29222.228,140.0,91.0,22.71,15.99,171.5,33.45,151.20000000000002,28.98,33.36,34.050000000000004,91.5,15.450000000000001,57.400000000000006,100.0,244.0,2921.0,1.45,37.25,14.97,7.0,36.02,28.990000000000002,0.0,245.0,1200.0
115682.228,29282.228,140.0,92.2,22.61,15.98,172.5,33.550000000000004,151.5,28.96,33.26,33.95,91.0,15.5,57.5,100.0,247.5,2919.0,1.3900000000000001,37.1,15.030000000000001,7.01,36.02,29.04,0.0,246.5,1200.0
115742.228,29342.228,140.0,90.0,22.650000000000002,15.93,175.0,33.65,150.4,29.05,33.410000000000004,33.85,90.5,15.450000000000001,57.6,100.0,246.5,2917.0,1.54,37.0,14.97,7.03,35.980000000000004,29.01,0.0,245.5,1200.0
115802.227,29402.227,140.0,91.30000000000001,22.64,15.94,174.0,33.45,151.5,29.16,33.31,33.75,91.5,15.5,57.5,100.0,248.0,2919.0,1.47,37.300000000000004,14.96,6.95,35.99,29.01,0.0,242.0,1200.0
115862.227,29462.227,140.0,91.60000000000001,22.56,16.05,173.0,33.45,151.6,29.02,33.35,33.9,92.0,15.450000000000001,57.0,99.4,250.5,2921.0,1.41,36.9,15.0,7.0600000000000005,35.97,28.990000000000002,1.0,242.0,1200.0
115922.227,29522.227,140.0,90.4,22.580000000000002,16.01,171.0,33.4,150.9,29.02,33.32,33.9,90.5,15.5,57.400000000000006,99.7,239.0,2915.0,1.21,37.300000000000004,15.040000000000001,6.96,35.95,29.080000000000002,3.0,248.0,1200.0
115982.227,29582.227,140.0,89.9,22.64,15.950000000000001,170.0,33.5,151.20000000000002,29.02,33.3,33.75,91.5,15.350000000000001,57.400000000000006,100.0,247.0,2924.0,1.48,37.1,14.94,6.96,36.04,28.96,0.0,244.5,1200.0
116042.226,29642.226,140.0,89.80000000000001,22.650000000000002,16.0,171.0,33.4,151.20000000000002,28.89,33.33,34.0,89.0,15.450000000000001,56.800000000000004,99.9,247.0,2916.0,1.3800000000000001,36.95,15.030000000000001,7.01,36.01,29.03,2.0,242.0,1200.0
116102.226,29702.226,140.0,91.60000000000001,22.64,15.96,172.5,33.5,151.20000000000002,29.01,33.3,33.65,93.5,15.350000000000001,57.300000000000004,100.0,239.5,2915.0,1.44,37.15,15.0,7.0,36.03,28.98,1.0,238.5,1200.0
116162.226,29762.226,140.0,91.5,22.67,15.91,173.0,33.45,151.20000000000002,28.96,33.26,33.95,91.5,15.350000000000001,57.2,100.0,244.0,2914.0,1.49,37.0,14.98,7.0,36.0,28.91,0.0,243.5,1200.0
116222.225,29822.225,140.0,91.5,22.650000000000002,15.99,170.5,33.4,150.9,28.98,33.18,33.85,92.0,15.4,57.2,100.0,245.0,2913.0,1.55,37.25,15.030000000000001,7.03,36.0,29.0,0.0,243.0,1200.0
116282.225,29882.225,140.0,92.5,22.66,15.950000000000001,171.0,33.45,152.6,28.93,33.230000000000004,33.800000000000004,92.5,15.350000000000001,56.800000000000004,99.60000000000001,242.5,2917.0,1.3800000000000001,37.35,15.0,7.01,35.93,28.97,0.0,243.0,1200.0
116342.225,29942.225,140.0,91.10000000000001,22.71,15.98,170.5,33.4,150.5,28.84,33.26,33.7,91.5,15.55,57.800000000000004,100.0,242.5,2915.0,1.59,37.15,15.01,6.95,36.1,28.95,0.0,244.5,1200.0
116402.225,30002.225,140.0,90.0,22.72,15.950000000000001,172.0,33.5,151.4,28.98,33.32,33.9,92.0,15.450000000000001,56.7,100.0,243.5,2920.0,1.33,37.1,15.02,7.03,36.08,29.01,1.0,237.0,1200.0
116462.224,30062.224,140.0,91.0,22.580000000000002,15.97,171.5,33.25,151.70000000000002,28.95,33.19,33.95,89.5,15.450000000000001,56.900000000000006,100.0,244.0,2917.0,1.52,37.050000000000004,14.94,7.01,36.02,29.04,1.0,243.0,1200.0
116522.224,30122.224,140.0,91.60000000000001,22.69,16.02,171.5,33.300000000000004,152.5,28.97,33.29,33.800000000000004,92.5,15.5,56.900000000000006,100.0,240.5,2914.0,1.44,37.15,15.030000000000001,7.04,35.980000000000004,29.0,1.0,240.5,1200.0
116582.224,30182.224,140.0,89.60000000000001,22.66,16.0,174.0,33.4,152.3,28.830000000000002,33.26,33.65,93.0,15.4,57.400000000000006,99.9,244.5,2920.0,1.34,36.95,15.01,6.97,35.97,28.96,1.0,242.5,1200.0
116642.224,30242.224,140.0,91.0,22.69,16.0,170.5,33.4,150.20000000000002,28.94,33.19,33.800000000000004,89.5,15.5,56.2,99.80000000000001,243.0,2919.0,1.3900000000000001,37.1,14.99,6.94,36.06,28.990000000000002,1.0,244.5,1200.0
116702.223,30302.223,140.0,89.9,22.69,16.0,173.0,33.4,150.20000000000002,28.96,33.24,33.800000000000004,94.0,15.350000000000001,57.2,99.80000000000001,247.0,2919.0,1.31,36.95,14.950000000000001,7.0,36.04,29.0,0.0,241.0,1200.0
116762.223,30362.223,140.0,90.80000000000001,22.69,15.99,170.0,33.4,151.6,29.060000000000002,33.35,33.9,92.0,15.55,56.5,99.7,245.0,2918.0,1.3800000000000001,37.1,15.05,6.99,36.07,29.04,2.0,245.0,1200.0
116822.223,30422.223,140.0,90.2,22.71,15.91,173.0,33.4,151.4,29.01,33.34,33.75,90.0,15.4,57.6,100.0,243.0,2920.0,1.4000000000000001,37.15,14.98,6.97,35.95,29.02,0.0,241.0,1200.0
116882.222,30482.222,140.0,91.60000000000001,22.7,15.98,169.5,33.550000000000004,151.8,28.89,33.28,33.75,90.0,15.55,57.300000000000004,100.0,246.5,2909.0,1.48,37.050000000000004,15.01,6.99,35.980000000000004,29.05,4.0,246.5,1200.0
116942.222,30542.222,140.0,91.80000000000001,22.650000000000002,15.98,170.0,33.45,149.9,29.07,33.28,33.9,93.0,15.5,57.5,99.5,248.0,2920.0,1.6,37.2,15.01,6.96,35.980000000000004,28.93,0.0,241.0,1200.0
117002.222,30602.222,140.0,90.7,22.68,15.950000000000001,169.0,33.45,152.1,28.97,33.42,33.800000000000004,92.5,15.450000000000001,57.400000000000006,99.9,246.0,2917.0,1.35,36.95,15.030000000000001,6.96,36.03,28.98,0.0,244.5,1200.0
117062.222,30662.222,140.0,90.9,22.72,16.02,171.5,33.6,151.0,28.96,33.24,33.65,89.5,15.55,56.900000000000006,100.0,243.5,2914.0,1.47,37.25,15.05,6.93,36.0,28.98,2.0,244.0,1200.0
117122.221,30722.221,140.0,91.80000000000001,22.75,16.03,172.5,33.5,152.1,29.04,33.230000000000004,33.85,92.0,15.450000000000001,57.400000000000006,100.0,239.0,2921.0,1.51,37.050000000000004,15.040000000000001,6.99,36.01,28.96,0.0,248.5,1200.0
117182.221,30782.221,140.0,90.30000000000001,22.69,16.02,172.5,33.45,150.6,28.97,33.32,33.7,91.5,15.5,56.900000000000006,99.80000000000001,248.5,2920.0,1.57,37.050000000000004,15.01,7.0,35.99,29.0,0.0,248.5,1200.0
117242.221,30842.221,140.0,92.0,22.73,15.950000000000001,172.0,33.4,151.8,28.89,33.33,33.9,93.0,15.600000000000001,57.6,100.0,250.5,2926.0,1.34,37.1,14.9,7.0,36.01,29.05,0.0,240.5,1200.0
117302.221,30902.221,140.0,92.10000000000001,22.68,16.02,171.5,33.4,152.20000000000002,28.97,33.33,33.95,94.5,15.450000000000001,57.400000000000006,100.0,244.5,2920.0,1.5,37.15,15.030000000000001,7.03,36.03,28.900000000000002,2.0,245.0,1200.0
117362.22,30962.22,140.0,90.7,22.68,15.94,172.0,33.45,151.3,29.07,33.29,34.0,91.5,15.5,57.2,99.9,249.5,2920.0,1.36,37.1,14.99,6.96,35.910000000000004,28.98,2.0,248.5,1200.0
117422.22,31022.22,140.0,91.0,22.69,15.91,172.0,33.5,152.70000000000002,28.95,33.26,33.95,90.5,15.4,57.5,100.0,243.5,2922.0,1.45,37.0,15.040000000000001,7.01,35.96,28.98,3.0,246.5,1200.0
117482.22,31082.22,140.0,90.7,22.72,15.96,172.5,33.5,151.20000000000002,28.96,33.37,33.85,92.0,15.55,57.400000000000006,100.0,241.5,2921.0,1.49,37.050000000000004,14.93,7.03,35.99,29.01,0.0,246.0,1200.0
117542.22,31142.22,140.0,91.30000000000001,22.66,15.99,170.5,33.5,150.6,28.990000000000002,33.29,33.95,92.5,15.350000000000001,57.5,100.0,247.0,2924.0,1.57,37.0,15.05,6.92,36.06,28.98,2.0,242.5,1200.0
117602.219,31202.219,140.0,90.4,22.72,15.96,173.0,33.6,151.3,28.94,33.33,33.75,92.0,15.600000000000001,57.2,99.60000000000001,239.0,2921.0,1.31,37.15,14.99,7.0200000000000005,36.0,29.0,0.0,242.5,1200.0
117662.219,31262.219,140.0,90.7,22.66,15.9,172.5,33.800000000000004,152.0,28.97,33.29,33.95,92.5,15.5,57.2,99.7,242.5,2916.0,1.32,36.95,15.040000000000001,7.04,35.96,29.0,0.0,243.0,1200.0
117722.219,31322.219,140.0,90.2,22.68,15.93,170.0,33.550000000000004,150.6,29.04,33.36,34.050000000000004,94.0,15.450000000000001,57.7,100.0,245.5,2919.0,1.52,37.15,15.02,6.93,36.01,28.98,1.0,244.0,1200.0
117782.219,31382.219,140.0,90.2,22.68,16.03,171.5,33.5,152.20000000000002,29.0,33.45,34.0,93.5,15.5,58.0,100.0,245.0,2926.0,1.46,37.050000000000004,14.99,6.97,36.04,28.97,0.0,248.5,1200.0
117842.218,31442.218,140.0,90.80000000000001,22.64,16.02,171.0,33.45,151.70000000000002,28.96,33.37,33.800000000000004,93.0,15.600000000000001,57.1,100.0,247.5,2924.0,1.44,36.95,14.99,6.99,36.050000000000004,29.09,2.0,247.5,1200.0
117902.218,31502.218,140.0,90.9,22.72,16.0,171.5,33.550000000000004,151.20000000000002,29.03,33.37,33.95,90.5,15.5,57.1,100.0,244.0,2921.0,1.42,37.2,15.06,6.98,36.0,28.97,0.0,245.5,1200.0
117962.218,31562.218,140.0,91.30000000000001,22.63,16.02,172.0,33.35,151.20000000000002,29.07,33.34,33.800000000000004,92.0,15.4,56.800000000000004,99.9,246.0,2924.0,1.27,37.1,15.030000000000001,7.03,35.96,29.060000000000002,1.0,242.5,1200.0
118022.217,31622.217,140.0,89.9,22.66,16.01,173.5,33.550000000000004,151.3,29.05,33.36,33.9,93.0,15.4,57.400000000000006,99.80000000000001,244.0,2925.0,1.42,37.15,14.94,6.94,36.050000000000004,29.02,1.0,244.0,1200.0
118082.217,31682.217,140.0,91.7,22.67,15.96,172.5,33.6,152.8,29.04,33.45,34.050000000000004,92.5,15.600000000000001,56.900000000000006,99.5,242.5,2920.0,1.26,37.050000000000004,15.02,7.05,36.09,28.990000000000002,0.0,241.5,1200.0
118142.217,31742.217,140.0,91.80000000000001,22.66,16.0,171.0,33.65,151.20000000000002,29.060000000000002,33.43,34.050000000000004,91.0,15.600000000000001,56.6,100.0,246.0,2930.0,1.49,37.2,14.97,6.98,36.07,28.94,1.0,247.5,1200.0
118202.217,31802.217,140.0,89.9,22.71,16.01,173.0,33.550000000000004,151.5,29.03,33.44,34.0,92.0,15.600000000000001,57.2,100.0,245.5,2930.0,1.5,37.0,15.01,6.93,36.04,29.02,0.0,243.5,1200.0
118262.216,31862.216,140.0,90.2,22.650000000000002,15.950000000000001,171.0,33.6,150.9,29.11,33.34,34.050000000000004,92.0,15.450000000000001,56.800000000000004,99.60000000000001,247.0,2926.0,1.3900000000000001,37.25,14.94,7.05,35.99,29.03,0.0,244.5,1200.0
118322.216,31922.216,140.0,90.4,22.64,16.01,172.0,33.4,152.0,29.080000000000002,33.49,34.0,92.0,15.4,56.6,100.0,247.0,2930.0,1.33,37.2,15.02,7.01,35.93,29.04,0.0,244.5,1200.0
118382.216,31982.216,140.0,88.9,22.68,15.97,172.5,33.6,149.8,29.01,33.410000000000004,33.800000000000004,91.0,15.65,57.1,99.4,243.5,2932.0,1.31,37.050000000000004,14.99,6.96,36.01,28.94,1.0,242.5,1200.0
118442.216,32042.216,140.0,90.0,22.64,15.92,172.0,33.6,151.20000000000002,29.12,33.47,34.2,94.5,15.4,57.300000000000004,99.9,246.0,2925.0,1.45,37.25,15.06,7.0,36.02,29.04,2.0,248.5,1200.0
118502.215,32102.215,140.0,91.30000000000001,22.7,16.01,174.0,33.7,151.5,29.17,33.46,34.0,91.5,15.450000000000001,57.1,100.0,247.0,2927.0,1.44,37.2,14.97,6.97,35.99,28.98,1.0,245.5,1200.0
118562.215,32162.215,140.0,90.0,22.740000000000002,15.98,171.0,33.5,152.3,29.17,33.47,33.95,93.0,15.600000000000001,56.6,99.9,248.0,2924.0,1.4000000000000001,37.15,14.950000000000001,6.94,35.94,28.990000000000002,0.0,248.0,1200.0
118622.215,32222.215,140.0,91.9,22.56,15.99,171.5,33.6,150.20000000000002,29.13,33.42,33.95,91.0,15.600000000000001,57.1,99.80000000000001,244.5,2927.0,1.34,37.300000000000004,15.01,7.0200000000000005,36.050000000000004,28.98,1.0,249.0,1200.0
118682.215,32282.215,140.0,90.60000000000001,22.77,15.97,171.5,33.7,150.1,29.060000000000002,33.54,33.9,92.5,15.600000000000001,57.5,99.60000000000001,247.5,2926.0,1.44,37.15,15.02,7.04,36.01,28.97,0.0,248.0,1200.0
118742.215,32342.215,140.0,90.30000000000001,22.69,15.98,172.0,33.65,152.3,29.11,33.480000000000004,33.95,92.0,15.55,57.6,99.9,250.0,2929.0,1.52,37.35,15.02,7.01,36.0,29.05,0.0,247.5,1200.0
118802.214,32402.214,140.0,90.30000000000001,22.67,16.02,171.5,33.65,150.3,29.07,33.49,34.15,89.0,15.450000000000001,57.2,100.0,247.5,2932.0,1.41,37.300000000000004,14.950000000000001,6.99,35.980000000000004,28.97,0.0,247.5,1200.0
118862.214,32462.214,140.0,90.5,22.76,16.04,172.5,33.6,152.3,29.11,33.36,33.95,93.5,15.450000000000001,56.7,100.0,246.0,2926.0,1.52,37.300000000000004,15.040000000000001,7.04,36.04,28.96,0.0,249.0,1200.0
118922.214,32522.214,140.0,90.5,22.650000000000002,16.03,172.0,33.65,151.8,29.07,33.37,34.050000000000004,90.0,15.350000000000001,57.5,99.4,247.5,2931.0,1.3800000000000001,37.2,14.950000000000001,6.99,35.97,28.92,0.0,246.5,1200.0
118982.214,32582.214,140.0,91.9,22.68,16.02,172.5,33.550000000000004,150.0,29.080000000000002,33.410000000000004,34.0,90.0,15.5,57.7,100.0,248.0,2924.0,1.37,37.300000000000004,15.01,7.0600000000000005,36.02,29.05,0.0,249.0,1200.0
119042.213,32642.213,140.0,92.0,22.66,15.93,172.5,33.6,152.70000000000002,29.150000000000002,33.42,33.800000000000004,90.5,15.450000000000001,57.2,100.0,247.0,2928.0,1.44,37.1,14.97,7.0200000000000005,35.96,28.95,0.0,245.0,1200.0
119102.213,32702.213,140.0,91.5,22.6,16.0,173.0,33.550000000000004,150.5,29.07,33.29,34.050000000000004,92.5,15.55,57.2,99.9,246.5,2926.0,1.45,37.15,15.01,7.0,35.94,29.0,0.0,248.0,1200.0
119162.213,32762.213,140.0,90.5,22.7,16.01,172.0,33.65,151.4,29.0,33.42,33.95,90.5,15.600000000000001,57.6,100.0,244.0,2924.0,1.33,37.4,14.91,7.01,35.96,29.03,1.0,248.0,1200.0
119222.213,32822.213,140.0,91.5,22.76,15.950000000000001,173.5,33.45,151.1,29.04,33.33,33.85,90.5,15.4,57.300000000000004,100.0,251.0,2927.0,1.4000000000000001,37.15,15.0,7.01,36.04,29.080000000000002,1.0,244.0,1200.0
119282.212,32882.212,140.0,90.2,22.67,15.97,172.0,33.5,151.0,29.01,33.36,33.95,89.5,15.350000000000001,56.900000000000006,100.0,246.5,2921.0,1.3900000000000001,37.2,15.01,7.01,35.980000000000004,29.04,0.0,250.0,1200.0
119342.212,32942.212,140.0,91.60000000000001,22.73,16.02,172.0,33.550000000000004,150.70000000000002,29.05,33.34,33.9,92.5,15.65,57.5,100.0,241.5,2920.0,1.42,37.300000000000004,15.0,7.0200000000000005,35.95,29.09,2.0,244.0,1200.0
119402.212,33002.212,140.0,90.0,22.69,16.1,171.5,33.4,151.6,29.0,33.36,33.85,92.5,15.55,57.300000000000004,100.0,244.5,2922.0,1.31,37.25,14.92,6.98,35.95,28.96,0.0,244.0,1200.0
119462.212,33062.212,140.0,90.80000000000001,22.7,16.02,170.5,33.4,152.9,28.95,33.27,33.9,93.0,15.3,57.800000000000004,100.0,239.5,2922.0,1.3900000000000001,37.1,14.93,7.05,36.11,28.94,0.0,244.5,1200.0
119522.211,33122.211,140.0,90.2,22.650000000000002,16.03,174.5,33.5,150.1,28.990000000000002,33.3,33.7,94.0,15.450000000000001,57.400000000000006,99.9,244.5,2918.0,1.49,37.2,15.02,7.0,36.07,28.96,1.0,242.0,1200.0
119582.211,33182.211,140.0,92.10000000000001,22.75,16.06,173.0,33.45,151.5,28.95,33.33,33.9,91.5,15.5,58.0,100.0,244.5,2917.0,1.51,37.35,15.05,7.0200000000000005,36.06,29.03,3.0,245.5,1200.0
119642.211,33242.211,140.0,90.7,22.73,16.0,172.5,33.45,152.5,28.87,33.31,33.800000000000004,93.0,15.600000000000001,57.6,99.60000000000001,251.5,2921.0,1.49,37.1,15.08,6.97,36.02,29.01,0.0,244.0,1200.0
119702.211,33302.211,140.0,91.2,22.71,16.03,173.5,33.45,150.1,28.98,33.31,33.800000000000004,93.5,15.5,57.400000000000006,99.4,248.5,2925.0,1.45,37.2,14.99,6.97,35.96,28.990000000000002,1.0,243.0,1200.0
119762.21,33362.21,140.0,93.0,22.72,15.98,173.0,33.35,151.70000000000002,29.03,33.29,33.85,90.0,15.4,57.800000000000004,99.30000000000001,246.5,2923.0,1.3,37.2,14.92,6.99,36.07,28.96,1.0,246.0,1200.0
119822.21,33422.21,140.0,91.0,22.76,15.98,171.0,33.35,151.9,28.94,33.29,33.9,91.5,15.600000000000001,57.400000000000006,99.5,246.0,2915.0,1.41,37.15,14.98,7.05,35.92,29.0,0.0,245.5,1200.0
119882.21,33482.21,140.0,89.7,22.7,15.98,172.5,33.35,151.70000000000002,28.89,33.34,33.9,91.0,15.450000000000001,58.2,100.0,244.5,2920.0,1.48,37.1,14.99,7.01,35.99,28.990000000000002,0.0,243.5,1200.0
119942.21,33542.21,140.0,90.4,22.7,16.07,172.0,33.4,151.3,28.92,33.31,33.800000000000004,90.0,15.4,58.1,99.60000000000001,249.0,2915.0,1.37,37.2,15.0,7.0200000000000005,36.04,29.02,0.0,246.5,1200.0
120002.21,33602.21,140.0,91.7,22.75,16.03,171.5,33.4,151.9,28.97,33.32,33.75,91.0,15.450000000000001,57.300000000000004,100.0,241.5,2920.0,1.6,37.050000000000004,15.02,6.96,36.01,28.98,1.0,245.5,1200.0
120062.209,33662.209,140.0,92.0,22.73,16.0,171.0,33.25,152.4,28.92,33.26,33.9,91.0,15.450000000000001,57.300000000000004,99.60000000000001,245.5,2919.0,1.37,37.1,15.0,6.96,36.01,29.01,0.0,240.5,1200.0
120122.209,33722.209,140.0,90.30000000000001,22.69,15.98,170.5,33.300000000000004,151.4,28.900000000000002,33.26,33.7,89.0,15.450000000000001,58.5,100.0,251.0,2920.0,1.35,37.300000000000004,14.94,7.03,36.03,29.060000000000002,0.0,243.5,1200.0
120182.209,33782.209,140.0,90.9,22.69,15.97,173.0,33.4,150.70000000000002,28.93,33.34,33.95,92.5,15.5,57.2,99.9,244.5,2917.0,1.3800000000000001,36.95,15.040000000000001,6.95,36.08,29.01,0.0,242.0,1200.0
120242.209,33842.209,140.0,90.10000000000001,22.64,15.950000000000001,174.5,33.300000000000004,152.9,28.94,33.32,33.800000000000004,92.0,15.55,57.300000000000004,100.0,242.0,2918.0,1.55,37.15,14.950000000000001,6.98,35.94,28.990000000000002,1.0,245.0,1200.0
120302.208,33902.208,140.0,92.2,22.67,16.02,172.0,33.45,151.8,28.92,33.28,33.65,92.5,15.350000000000001,56.800000000000004,100.0,245.0,2914.0,1.4000000000000001,37.25,14.89,6.94,36.02,28.990000000000002,1.0,248.0,1200.0
120362.208,33962.208,140.0,91.30000000000001,22.72,16.0,173.5,33.35,151.6,28.94,33.27,33.800000000000004,93.0,15.4,57.7,100.0,243.5,2910.0,1.35,37.0,14.99,6.98,35.980000000000004,29.05,0.0,246.5,1200.0
120422.208,34022.208,140.0,91.80000000000001,22.69,16.080000000000002,172.0,33.4,152.5,28.91,33.28,33.800000000000004,92.0,15.4,57.800000000000004,99.5,242.5,2918.0,1.55,37.1,14.96,6.99,36.02,28.93,0.0,241.0,1200.0
120482.208,34082.208,140.0,91.9,22.72,16.05,170.0,33.35,151.4,28.85,33.25,33.75,91.5,15.55,57.300000000000004,100.0,243.5,2915.0,1.33,37.0,15.02,6.97,36.06,28.96,0.0,245.5,1200.0
120542.207,34142.207,140.0,90.5,22.69,15.96,169.5,33.550000000000004,150.70000000000002,28.94,33.2,33.75,92.5,15.450000000000001,57.300000000000004,99.60000000000001,243.5,2916.0,1.41,36.9,15.040000000000001,7.04,35.980000000000004,28.92,1.0,242.5,1200.0
120602.207,34202.207,140.0,91.60000000000001,22.580000000000002,15.99,171.5,33.35,152.4,28.990000000000002,33.19,33.65,93.0,15.600000000000001,57.300000000000004,100.0,248.0,2918.0,1.58,37.15,15.02,7.0200000000000005,36.07,28.990000000000002,0.0,243.0,1200.0
120662.207,34262.207,140.0,90.10000000000001,22.6,15.99,171.5,33.35,151.9,28.91,33.230000000000004,33.7,91.5,15.3,57.800000000000004,99.9,244.5,2916.0,1.25,37.0,15.030000000000001,7.03,35.99,29.03,0.0,244.5,1200.0
120722.207,34322.207,140.0,90.60000000000001,22.6,15.99,169.0,33.25,151.3,28.95,33.17,33.85,92.0,15.5,57.6,100.0,242.5,2916.0,1.51,37.0,14.98,6.99,36.03,28.97,0.0,249.5,1200.0
120782.207,34382.207,140.0,90.10000000000001,22.71,15.950000000000001,172.0,33.300000000000004,151.4,28.94,33.230000000000004,33.7,91.0,15.450000000000001,57.5,99.9,247.5,2914.0,1.22,37.050000000000004,14.92,7.03,35.97,28.98,0.0,242.5,1200.0
120842.206,34442.206,140.0,92.0,22.69,16.01,170.0,33.45,152.0,28.91,33.22,33.800000000000004,91.0,15.3,57.6,100.0,243.5,2913.0,1.34,37.1,15.0,6.95,35.99,28.92,1.0,247.0,1200.0
120902.206,34502.206,140.0,90.0,22.67,16.080000000000002,170.0,33.35,152.9,28.88,33.28,33.7,90.5,15.4,57.0,100.0,244.0,2921.0,1.48,37.1,14.99,6.96,36.02,28.990000000000002,0.0,241.5,1200.0
120962.206,34562.206,140.0,92.60000000000001,22.650000000000002,15.98,170.0,33.550000000000004,150.6,28.98,33.34,33.85,91.5,15.5,57.6,100.0,242.0,2918.0,1.26,37.2,14.99,7.07,35.95,29.02,1.0,244.0,1200.0
121022.206,34622.206,140.0,92.0,22.7,16.0,170.5,33.550000000000004,151.9,28.98,33.24,33.85,91.5,15.5,57.800000000000004,99.60000000000001,242.5,2912.0,1.27,37.1,14.97,7.0,35.99,28.91,1.0,238.0,1200.0
121082.205,34682.205,140.0,92.4,22.66,16.06,169.5,33.5,152.0,28.85,33.22,33.800000000000004,92.0,15.5,57.300000000000004,100.0,243.0,2912.0,1.29,37.050000000000004,15.02,6.97,36.01,28.98,0.0,245.0,1200.0
121142.205,34742.205,140.0,89.4,22.72,16.02,170.5,33.300000000000004,151.5,28.89,33.230000000000004,33.85,91.0,15.450000000000001,57.2,99.80000000000001,251.5,2912.0,1.5,36.95,15.02,6.96,36.01,29.05,0.0,242.0,1200.0
121202.205,34802.205,140.0,91.7,22.68,15.96,172.5,33.300000000000004,151.8,28.91,33.160000000000004,33.800000000000004,91.0,15.5,57.400000000000006,100.0,245.5,2910.0,1.3800000000000001,37.1,15.040000000000001,6.98,35.96,29.01,0.0,242.5,1200.0
121262.205,34862.205,140.0,91.30000000000001,22.67,16.02,170.5,33.35,151.0,28.93,33.29,33.9,92.0,15.5,57.2,99.9,248.0,2920.0,1.45,37.1,14.97,7.03,35.9,29.03,0.0,240.0,1200.0
121322.205,34922.205,140.0,90.9,22.68,15.99,171.5,33.4,152.6,28.86,33.25,33.85,92.5,15.450000000000001,57.6,100.0,242.0,2918.0,1.35,37.15,15.040000000000001,7.0600000000000005,36.02,28.97,0.0,242.0,1200.0
121382.204,34982.204,140.0,90.5,22.72,15.99,171.0,33.300000000000004,151.9,28.94,33.25,33.800000000000004,90.0,15.450000000000001,57.300000000000004,99.80000000000001,240.0,2911.0,1.4000000000000001,37.0,15.0,6.96,36.01,29.05,2.0,245.5,1200.0
121442.204,35042.204,140.0,91.9,22.740000000000002,16.03,170.5,33.45,151.70000000000002,28.94,33.24,33.800000000000004,93.0,15.65,57.2,100.0,242.0,2915.0,1.41,37.15,14.99,6.96,35.93,29.01,0.0,239.5,1200.0
121502.204,35102.204,140.0,90.0,22.67,15.97,171.0,33.4,150.3,29.09,33.3,33.75,91.5,15.5,57.6,99.9,241.0,2917.0,1.24,37.0,14.92,7.0,35.97,28.990000000000002,0.0,243.0,1200.0
121562.204,35162.204,140.0,92.30000000000001,22.75,16.04,172.5,33.4,151.5,28.86,33.29,33.7,91.0,15.450000000000001,57.800000000000004,99.9,247.0,2920.0,1.46,37.050000000000004,15.030000000000001,7.03,36.01,29.01,0.0,242.0,1200.0
121622.203,35222.203,140.0,90.60000000000001,22.650000000000002,15.99,170.5,33.4,150.5,28.91,33.39,33.95,91.0,15.5,57.6,100.0,243.0,2918.0,1.3,37.0,14.950000000000001,6.98,36.07,29.060000000000002,0.0,241.0,1200.0
121682.203,35282.203,140.0,90.9,22.72,16.06,170.5,33.45,152.5,28.830000000000002,33.29,33.7,92.5,15.75,57.400000000000006,100.0,246.0,2925.0,1.44,37.15,14.950000000000001,7.05,36.01,28.95,1.0,249.5,1200.0
121742.203,35342.203,140.0,90.4,22.67,16.02,171.0,33.5,150.6,28.93,33.32,33.85,90.0,15.5,57.6,100.0,243.5,2927.0,1.48,37.050000000000004,14.98,7.01,36.03,28.97,0.0,245.0,1200.0
121802.203,35402.203,140.0,92.2,22.650000000000002,15.99,173.0,33.45,149.9,28.96,33.32,33.800000000000004,95.5,15.5,57.7,100.0,244.5,2921.0,1.43,37.050000000000004,15.0,7.0200000000000005,36.11,28.96,0.0,243.5,1200.0
121862.203,35462.203,140.0,92.10000000000001,22.7,16.01,172.5,33.6,152.0,28.97,33.33,33.800000000000004,93.0,15.5,57.400000000000006,100.0,243.0,2921.0,1.49,37.1,14.97,7.0,36.01,28.93,0.0,243.0,1200.0
121922.202,35522.202,140.0,92.7,22.7,15.98,172.0,33.6,150.20000000000002,29.04,33.32,33.95,92.5,15.4,57.5,99.60000000000001,245.0,2924.0,1.37,37.2,15.040000000000001,7.0,35.94,29.0,0.0,249.5,1200.0
121982.202,35582.202,140.0,90.4,22.68,15.97,174.0,33.35,151.20000000000002,29.04,33.27,33.800000000000004,91.5,15.600000000000001,56.900000000000006,99.80000000000001,245.0,2921.0,1.53,37.1,14.96,6.99,35.99,28.98,0.0,249.0,1200.0
122042.202,35642.202,140.0,89.80000000000001,22.7,15.93,170.5,33.550000000000004,152.3,28.84,33.25,33.800000000000004,92.0,15.450000000000001,57.300000000000004,100.0,243.5,2924.0,1.35,37.050000000000004,14.96,6.98,36.06,29.01,3.0,246.5,1200.0
122102.202,35702.202,140.0,91.60000000000001,22.66,16.04,172.5,33.45,151.20000000000002,28.96,33.33,33.85,92.0,15.350000000000001,57.900000000000006,100.0,243.5,2920.0,1.27,37.15,15.05,7.04,35.96,29.0,4.0,248.5,1200.0
122162.202,35762.202,140.0,91.0,22.67,16.04,170.5,33.550000000000004,152.5,29.0,33.3,33.800000000000004,91.5,15.55,57.300000000000004,100.0,242.5,2916.0,1.36,37.2,15.0,6.99,36.03,28.98,0.0,248.5,1200.0
122222.201,35822.201,140.0,88.9,22.650000000000002,16.05,173.0,33.5,151.70000000000002,28.94,33.32,34.0,92.0,15.450000000000001,57.300000000000004,99.80000000000001,248.0,2923.0,1.41,37.2,15.01,7.04,35.93,29.01,0.0,245.0,1200.0
122282.201,35882.201,140.0,90.60000000000001,22.6,15.92,174.0,33.4,150.9,28.96,33.32,33.800000000000004,93.0,15.55,56.800000000000004,100.0,243.0,2919.0,1.3800000000000001,37.2,15.02,7.0,35.97,29.0,1.0,249.0,1200.0
122342.201,35942.201,140.0,89.30000000000001,22.650000000000002,16.03,173.5,33.5,151.9,28.95,33.33,33.800000000000004,92.0,15.450000000000001,57.400000000000006,100.0,246.0,2920.0,1.43,37.2,15.02,7.0,35.95,28.96,0.0,245.5,1200.0
122402.201,36002.201,140.0,90.5,22.68,15.92,172.5,33.45,152.20000000000002,28.97,33.3,33.85,92.0,15.4,57.2,99.5,241.5,2916.0,1.46,37.15,14.94,7.0,35.99,28.94,0.0,241.5,1200.0
122462.201,36062.201,140.0,92.0,22.71,16.06,172.5,33.45,150.5,28.92,33.17,33.7,93.5,15.450000000000001,57.800000000000004,100.0,244.5,2912.0,1.34,37.0,14.97,7.0200000000000005,35.980000000000004,29.060000000000002,0.0,241.5,1200.0
122522.2,36122.2,140.0,91.10000000000001,22.68,15.97,171.0,33.45,151.9,29.0,33.32,33.7,91.5,15.5,57.5,100.0,245.0,2914.0,1.41,37.0,15.06,6.95,36.06,29.0,0.0,242.0,1200.0
122582.2,36182.2,140.0,91.80000000000001,22.740000000000002,16.0,173.5,33.35,150.3,28.900000000000002,33.230000000000004,33.7,91.5,15.700000000000001,57.7,99.80000000000001,246.5,2916.0,1.44,36.95,14.97,7.0,35.97,29.01,1.0,244.0,1200.0
122642.2,36242.2,140.0,90.30000000000001,22.66,15.950000000000001,172.5,33.550000000000004,150.5,29.0,33.28,33.75,91.5,15.4,56.7,99.7,243.0,2914.0,1.3800000000000001,37.15,15.02,6.97,36.04,28.96,1.0,238.0,1200.0
122702.2,36302.2,140.0,90.9,22.69,15.96,170.0,33.550000000000004,150.8,28.89,33.35,33.75,91.5,15.3,57.1,99.60000000000001,242.0,2912.0,1.25,37.050000000000004,15.1,7.09,35.95,29.13,0.0,243.0,1200.0
122762.2,36362.2,140.0,91.10000000000001,22.67,15.99,172.0,33.4,153.1,28.89,33.230000000000004,33.6,91.0,15.450000000000001,57.6,100.0,242.0,2917.0,1.43,37.1,15.01,7.01,36.050000000000004,29.01,0.0,240.5,1200.0
122822.199,36422.199,140.0,91.9,22.55,15.93,171.5,33.45,153.0,28.85,33.2,33.800000000000004,91.0,15.55,57.1,99.9,238.5,2910.0,1.3800000000000001,36.95,15.02,6.98,36.03,29.01,0.0,241.5,1200.0
122882.199,36482.199,140.0,91.5,22.73,16.02,171.5,33.2,152.9,28.91,33.27,33.800000000000004,93.0,15.450000000000001,57.2,100.0,242.0,2914.0,1.35,37.2,14.97,7.01,35.99,29.0,0.0,242.5,1200.0
122942.199,36542.199,140.0,92.30000000000001,22.650000000000002,15.93,172.0,33.300000000000004,152.1,28.92,33.27,33.7,92.0,15.450000000000001,57.5,100.0,242.0,2909.0,1.46,37.1,14.94,7.03,36.01,28.96,0.0,240.5,1200.0
123002.199,36602.199,140.0,91.30000000000001,22.66,16.01,172.0,33.550000000000004,152.4,28.87,33.160000000000004,33.800000000000004,93.5,15.450000000000001,57.0,99.7,240.0,2913.0,1.45,37.0,14.98,6.95,35.910000000000004,28.98,1.0,240.0,1200.0
123062.198,36662.198,140.0,91.2,22.64,16.01,170.0,33.25,152.6,28.900000000000002,33.1,33.85,90.5,15.5,56.7,99.9,243.5,2907.0,1.31,37.0,15.030000000000001,6.98,35.97,28.92,2.0,244.5,1200.0
123122.198,36722.198,140.0,90.7,22.63,15.91,169.0,33.25,151.70000000000002,28.87,33.22,33.85,91.0,15.55,57.7,99.7,240.5,2908.0,1.52,36.95,14.99,6.99,36.06,28.94,2.0,247.5,1200.0
123182.198,36782.198,140.0,91.10000000000001,22.62,16.0,171.5,33.4,151.3,28.88,33.160000000000004,33.800000000000004,90.5,15.600000000000001,57.2,100.0,238.5,2914.0,1.27,36.95,14.99,6.94,36.04,29.01,0.0,242.5,1200.0
123242.198,36842.198,140.0,90.10000000000001,22.73,16.0,170.5,33.300000000000004,152.0,28.87,33.2,33.75,91.0,15.450000000000001,57.7,100.0,238.0,2908.0,1.34,37.050000000000004,15.01,7.01,35.94,28.96,0.0,245.5,1200.0
123302.198,36902.198,140.0,90.60000000000001,22.68,15.96,171.5,33.4,150.20000000000002,28.82,33.14,33.7,91.0,15.450000000000001,57.7,99.9,242.0,2905.0,1.52,37.0,14.97,7.0200000000000005,35.92,29.0,2.0,237.0,1200.0
123362.197,36962.197,140.0,91.5,22.740000000000002,16.03,172.0,33.2,151.0,28.82,33.11,33.7,92.0,15.5,57.5,99.7,238.5,2911.0,1.46,37.0,14.98,6.99,36.0,29.05,1.0,243.5,1200.0
123422.197,37022.197,140.0,90.30000000000001,22.67,16.07,171.0,33.300000000000004,151.6,28.91,33.22,33.75,92.5,15.450000000000001,58.0,100.0,242.0,2905.0,1.44,36.95,14.950000000000001,7.01,35.980000000000004,29.0,0.0,238.0,1200.0
123482.197,37082.197,140.0,90.9,22.7,15.99,171.5,33.300000000000004,152.9,28.79,33.07,33.7,93.5,15.4,57.0,99.2,240.0,2902.0,1.3,36.95,14.91,6.94,36.050000000000004,29.060000000000002,0.0,234.0,1200.0
123542.197,37142.197,140.0,91.2,22.69,16.05,171.0,33.1,153.0,28.78,33.12,33.7,92.5,15.5,57.800000000000004,100.0,244.0,2912.0,1.44,36.800000000000004,15.01,7.0200000000000005,36.03,28.98,0.0,240.5,1200.0
123602.197,37202.197,140.0,90.7,22.7,16.080000000000002,171.0,33.2,150.70000000000002,28.88,33.27,33.65,91.0,15.55,57.7,99.7,241.5,2905.0,1.32,36.95,15.05,7.01,35.95,29.080000000000002,0.0,242.5,1200.0
123662.197,37262.197,140.0,89.9,22.8,16.06,170.0,33.35,150.4,28.810000000000002,33.230000000000004,33.7,89.5,15.5,57.800000000000004,100.0,241.0,2907.0,1.31,36.75,15.08,7.0,35.97,28.94,2.0,243.5,1200.0
123722.196,37322.196,140.0,90.9,22.73,16.01,169.0,33.2,151.70000000000002,28.7,33.22,33.75,92.5,15.55,57.400000000000006,100.0,239.0,2908.0,1.4000000000000001,36.85,14.950000000000001,7.0,35.910000000000004,29.05,0.0,242.0,1200.0
123782.196,37382.196,140.0,90.7,22.68,15.950000000000001,170.5,33.25,151.4,28.830000000000002,33.17,33.75,92.0,15.450000000000001,57.5,99.7,244.5,2906.0,1.51,36.85,14.93,7.0200000000000005,35.93,28.97,0.0,243.5,1200.0
123842.196,37442.196,140.0,91.0,22.7,16.02,170.5,33.25,150.9,28.87,33.06,33.65,92.0,15.450000000000001,57.800000000000004,100.0,243.0,2911.0,1.56,37.0,15.02,7.03,36.04,29.060000000000002,0.0,238.5,1200.0
123902.196,37502.196,140.0,90.60000000000001,22.75,16.07,172.0,33.2,151.3,28.75,33.160000000000004,33.65,92.5,15.450000000000001,57.400000000000006,99.30000000000001,244.5,2907.0,1.31,36.9,14.97,6.97,36.0,28.92,1.0,237.5,1200.0
123962.196,37562.196,140.0,91.4,22.71,16.04,172.0,33.300000000000004,153.3,28.8,33.08,33.7,90.5,15.450000000000001,57.7,99.60000000000001,247.0,2908.0,1.41,36.85,15.040000000000001,6.98,36.06,28.97,2.0,242.5,1200.0
124022.195,37622.195,140.0,91.2,22.650000000000002,15.98,173.5,33.25,151.5,28.84,33.19,33.45,90.5,15.55,57.800000000000004,100.0,243.5,2912.0,1.37,36.9,15.02,6.98,36.12,28.990000000000002,0.0,242.5,1200.0
124082.195,37682.195,140.0,92.4,22.72,15.96,171.5,33.2,149.9,28.7,33.1,33.7,89.5,15.5,57.900000000000006,100.0,243.0,2911.0,1.29,36.7,15.05,7.05,35.96,28.91,2.0,243.5,1200.0
124142.195,37742.195,140.0,91.2,22.75,16.07,169.5,33.25,152.1,28.76,33.1,33.6,91.0,15.55,57.6,100.0,240.5,2909.0,1.36,37.0,15.06,7.03,36.07,28.96,0.0,240.5,1200.0
124202.195,37802.195,140.0,91.80000000000001,22.69,16.05,167.5,33.2,150.20000000000002,28.830000000000002,33.18,33.75,91.0,15.5,58.0,99.60000000000001,239.5,2908.0,1.42,36.75,14.98,6.97,36.050000000000004,28.93,0.0,239.0,1200.0
124262.195,37862.195,140.0,91.4,22.68,16.02,170.0,33.300000000000004,149.1,28.89,33.09,33.7,91.0,15.4,57.2,100.0,243.0,2907.0,1.47,36.800000000000004,15.040000000000001,6.95,35.97,29.12,1.0,242.0,1200.0
124322.194,37922.194,140.0,90.10000000000001,22.650000000000002,16.06,171.5,33.300000000000004,150.70000000000002,28.82,33.14,33.7,91.0,15.450000000000001,57.900000000000006,100.0,242.0,2910.0,1.37,36.85,15.030000000000001,6.94,35.95,28.94,0.0,242.5,1200.0
124382.194,37982.194,140.0,90.7,22.78,15.92,170.0,33.35,150.20000000000002,28.82,33.15,33.65,91.0,15.55,57.800000000000004,99.9,241.0,2912.0,1.36,37.050000000000004,15.01,6.99,35.980000000000004,29.11,1.0,244.5,1200.0
124442.194,38042.194,140.0,90.4,22.740000000000002,16.09,170.5,33.25,150.4,28.87,33.25,33.800000000000004,91.5,15.600000000000001,57.7,99.7,244.5,2910.0,1.49,36.85,15.06,6.94,35.980000000000004,29.02,0.0,240.5,1200.0
124502.194,38102.194,140.0,91.2,22.740000000000002,15.97,172.5,33.300000000000004,152.1,28.87,33.11,33.75,90.5,15.450000000000001,57.800000000000004,100.0,245.5,2907.0,1.49,36.9,15.01,7.0,36.0,28.97,1.0,241.5,1200.0
124562.194,38162.194,140.0,90.9,22.68,15.950000000000001,171.5,33.300000000000004,152.3,28.84,33.08,33.65,93.0,15.3,57.1,100.0,243.0,2910.0,1.31,36.9,15.05,6.98,35.94,29.0,1.0,241.5,1200.0
124622.193,38222.193,140.0,91.0,22.67,16.01,173.0,33.35,149.9,28.86,33.21,33.800000000000004,92.5,15.55,57.5,100.0,241.5,2909.0,1.3800000000000001,37.0,14.99,7.01,36.06,29.01,2.0,236.5,1200.0
124682.193,38282.193,140.0,90.2,22.69,16.03,170.0,33.45,152.0,28.86,33.18,33.7,92.5,15.4,57.300000000000004,100.0,249.5,2906.0,1.3900000000000001,37.050000000000004,15.030000000000001,6.98,36.03,28.98,0.0,246.0,1200.0
124742.193,38342.193,140.0,92.2,22.66,15.99,170.5,33.4,150.1,28.82,33.14,33.7,91.0,15.4,57.5,100.0,245.0,2915.0,1.43,36.800000000000004,14.96,7.01,36.0,29.04,0.0,239.0,1200.0
124802.193,38402.193,140.0,91.80000000000001,22.68,16.04,169.5,33.25,151.5,28.900000000000002,33.13,33.800000000000004,93.0,15.55,57.800000000000004,99.9,240.5,2907.0,1.3900000000000001,37.15,14.98,7.01,35.99,29.01,0.0,241.5,1200.0
124862.193,38462.193,140.0,92.30000000000001,22.69,15.99,170.0,33.4,150.4,28.87,33.160000000000004,33.800000000000004,92.0,15.4,57.7,100.0,247.5,2908.0,1.47,37.0,14.99,7.01,36.03,28.990000000000002,2.0,241.5,1200.0
124922.192,38522.192,140.0,90.30000000000001,22.67,15.98,171.0,33.35,151.1,28.84,33.18,33.75,91.5,15.450000000000001,57.6,100.0,242.0,2911.0,1.32,36.95,15.0,7.03,36.02,29.04,3.0,245.0,1200.0
124982.192,38582.192,140.0,90.4,22.72,16.05,172.5,33.35,150.3,28.84,33.06,33.7,91.5,15.450000000000001,57.800000000000004,99.9,243.0,2913.0,1.45,36.95,15.0,7.01,36.06,29.0,0.0,238.0,1200.0
125042.192,38642.192,140.0,90.9,22.650000000000002,16.03,171.0,33.300000000000004,151.20000000000002,28.88,33.230000000000004,33.65,91.0,15.55,57.400000000000006,100.0,243.5,2910.0,1.45,36.95,15.01,7.03,35.95,29.0,0.0,241.0,1200.0
125102.192,38702.192,140.0,91.5,22.66,16.04,170.0,33.35,151.4,28.88,33.11,33.800000000000004,93.0,15.5,57.6,100.0,242.0,2910.0,1.37,36.9,15.01,7.0200000000000005,36.04,29.11,1.0,244.0,1200.0
125162.192,38762.192,140.0,92.10000000000001,22.62,15.99,170.0,33.300000000000004,151.70000000000002,28.830000000000002,33.14,33.65,92.5,15.55,57.900000000000006,99.9,240.5,2911.0,1.44,37.0,15.0,6.99,35.97,28.96,0.0,242.5,1200.0
125222.192,38822.192,140.0,91.30000000000001,22.61,15.99,170.0,33.300000000000004,151.1,28.86,33.18,33.7,92.5,15.4,57.900000000000006,99.5,240.0,2908.0,1.46,36.95,14.96,7.01,35.93,29.07,4.0,240.0,1200.0
125282.191,38882.191,140.0,91.4,22.62,16.0,171.5,33.35,150.4,28.87,33.14,33.7,92.5,15.350000000000001,57.7,99.80000000000001,239.0,2912.0,1.34,36.95,14.950000000000001,6.96,35.94,29.03,0.0,239.0,1200.0
125342.191,38942.191,140.0,91.10000000000001,22.64,15.96,169.5,33.4,151.1,28.79,33.230000000000004,33.6,91.0,15.55,57.2,99.7,245.0,2910.0,1.46,37.0,14.98,6.96,35.97,28.98,0.0,241.5,1200.0
125402.191,39002.191,140.0,91.7,22.66,15.97,173.5,33.15,152.3,28.79,33.09,33.7,91.0,15.5,57.400000000000006,100.0,246.5,2910.0,1.44,36.95,14.99,6.98,35.99,29.01,2.0,243.5,1200.0
125462.191,39062.191,140.0,91.9,22.73,15.98,171.5,33.300000000000004,151.3,28.93,33.14,33.800000000000004,92.5,15.55,57.5,99.60000000000001,240.5,2912.0,1.53,36.9,14.94,7.0200000000000005,35.96,29.02,1.0,240.0,1200.0
125522.191,39122.191,140.0,91.2,22.650000000000002,16.01,172.5,33.25,152.5,28.82,33.15,33.7,91.5,15.4,57.2,99.4,245.5,2902.0,1.47,37.0,15.030000000000001,7.0600000000000005,36.04,29.05,0.0,237.0,1200.0
125582.19,39182.19,140.0,91.4,22.62,15.92,171.0,33.2,151.9,28.8,33.15,33.7,91.5,15.350000000000001,57.400000000000006,99.9,243.0,2907.0,1.5,36.85,15.030000000000001,6.98,36.01,29.03,0.0,240.0,1200.0
125642.19,39242.19,140.0,90.60000000000001,22.73,16.04,169.5,33.15,150.5,28.76,33.1,33.7,93.0,15.4,57.5,100.0,237.0,2911.0,1.3,36.9,15.030000000000001,7.0,36.06,29.07,0.0,242.5,1200.0
125702.19,39302.19,140.0,90.9,22.62,16.03,170.5,33.35,151.3,28.810000000000002,33.22,33.6,93.0,15.55,57.1,100.0,240.5,2906.0,1.32,37.0,15.030000000000001,7.01,36.06,28.95,0.0,239.5,1200.0
125762.19,39362.19,140.0,90.2,22.68,16.080000000000002,169.5,33.25,152.9,28.79,33.14,33.75,93.5,15.4,58.0,99.9,240.0,2905.0,1.27,36.85,14.950000000000001,7.03,36.04,29.03,1.0,243.0,1200.0
125822.19,39422.19,140.0,91.4,22.62,16.02,171.0,33.300000000000004,152.20000000000002,28.8,33.160000000000004,33.6,92.5,15.5,57.7,100.0,244.5,2903.0,1.35,36.85,15.08,6.96,36.0,29.01,0.0,245.5,1200.0
125882.19,39482.19,140.0,90.5,22.61,15.97,171.5,33.2,152.5,28.82,33.11,33.6,89.5,15.450000000000001,57.6,100.0,242.0,2903.0,1.44,36.95,14.98,7.04,35.97,29.060000000000002,0.0,243.5,1200.0
125942.189,39542.189,140.0,91.30000000000001,22.64,15.97,171.5,33.45,151.0,28.810000000000002,33.15,33.6,91.0,15.600000000000001,57.400000000000006,99.7,242.5,2909.0,1.48,36.800000000000004,15.0,6.96,36.050000000000004,29.02,2.0,242.5,1200.0
126002.189,39602.189,140.0,92.0,22.75,16.03,169.5,33.25,150.3,28.79,33.08,33.6,92.0,15.5,57.7,100.0,243.5,2907.0,1.42,36.800000000000004,14.96,6.99,36.0,28.98,2.0,241.0,1200.0
126062.189,39662.189,140.0,91.10000000000001,22.69,16.01,171.5,33.2,151.70000000000002,28.810000000000002,33.18,33.550000000000004,92.0,15.5,57.300000000000004,100.0,247.5,2907.0,1.42,37.0,14.97,6.97,35.99,28.95,0.0,242.5,1200.0
126122.189,39722.189,140.0,90.9,22.71,16.02,171.0,33.300000000000004,149.9,28.85,33.14,33.7,91.5,15.450000000000001,57.6,99.80000000000001,238.0,2912.0,1.43,37.0,15.02,7.03,36.0,28.990000000000002,0.0,241.5,1200.0
126182.189,39782.189,140.0,89.80000000000001,22.650000000000002,16.0,169.5,33.300000000000004,151.20000000000002,28.830000000000002,33.18,33.7,91.0,15.450000000000001,57.6,99.4,243.0,2905.0,1.3,37.0,15.05,6.97,36.0,28.98,0.0,242.5,1200.0
126242.188,39842.188,140.0,90.10000000000001,22.69,16.080000000000002,170.0,33.25,150.6,28.8,33.11,33.6,90.5,15.55,57.7,100.0,247.0,2907.0,1.59,36.9,14.99,6.99,35.99,28.97,3.0,245.5,1200.0
126302.188,39902.188,140.0,90.4,22.650000000000002,16.02,172.0,33.25,152.1,28.89,33.13,33.75,91.0,15.4,57.900000000000006,100.0,243.5,2908.0,1.56,36.85,14.98,6.95,35.86,28.97,0.0,242.5,1200.0
126362.188,39962.188,140.0,90.9,22.64,15.98,171.5,33.15,150.8,28.87,33.19,33.75,91.0,15.450000000000001,57.7,100.0,244.0,2907.0,1.41,36.9,15.040000000000001,6.94,36.03,29.04,1.0,242.5,1200.0
126422.188,40022.188,140.0,90.5,22.59,15.96,170.5,33.35,151.1,28.86,33.17,33.65,90.0,15.4,57.5,100.0,242.0,2909.0,1.3900000000000001,37.0,14.98,7.0600000000000005,36.04,29.0,0.0,244.5,1200.0
126482.188,40082.188,140.0,92.10000000000001,22.64,16.02,170.5,33.300000000000004,150.6,28.87,33.21,33.800000000000004,93.5,15.55,57.1,100.0,242.0,2911.0,1.44,36.9,15.040000000000001,6.96,36.02,28.93,0.0,245.5,1200.0
126542.188,40142.188,140.0,91.30000000000001,22.64,16.01,171.5,33.300000000000004,149.0,28.82,33.160000000000004,33.75,93.5,15.450000000000001,56.900000000000006,100.0,240.5,2909.0,1.24,37.0,14.98,7.04,35.95,28.95,0.0,239.0,1200.0
126602.187,40202.187,140.0,91.80000000000001,22.64,15.950000000000001,172.5,33.35,151.0,29.03,33.14,33.7,91.5,15.450000000000001,57.1,99.7,241.0,2910.0,1.53,36.85,15.040000000000001,7.0,35.94,29.03,1.0,243.0,1200.0
126662.187,40262.187,140.0,91.60000000000001,22.63,16.0,172.0,33.35,150.5,28.87,33.21,33.75,92.5,15.4,57.1,100.0,241.0,2907.0,1.51,36.85,15.05,6.95,36.06,29.03,0.0,239.5,1200.0
126722.187,40322.187,140.0,90.9,22.63,16.0,171.0,33.35,151.5,28.86,33.21,33.800000000000004,90.0,15.4,56.900000000000006,99.9,238.5,2906.0,1.32,36.9,14.97,7.05,35.97,29.01,0.0,239.5,1200.0
126782.187,40382.187,140.0,91.4,22.64,15.98,169.0,33.35,150.20000000000002,28.95,33.18,33.65,91.0,15.55,57.6,100.0,240.0,2909.0,1.54,36.9,14.91,6.92,36.0,28.98,0.0,245.5,1200.0
126842.187,40442.187,140.0,91.5,22.63,15.96,171.5,33.4,151.3,28.85,33.17,33.6,90.5,15.25,57.5,99.7,244.0,2904.0,1.31,36.9,15.0,6.95,36.0,29.09,0.0,241.0,1200.0
126902.187,40502.187,140.0,92.60000000000001,22.64,15.97,170.5,33.35,150.8,28.85,33.3,33.6,88.5,15.55,57.1,99.7,243.5,2909.0,1.41,36.9,14.96,6.96,35.94,29.05,2.0,240.5,1200.0
126962.186,40562.186,140.0,91.80000000000001,22.69,15.9,169.5,33.5,152.20000000000002,28.92,33.2,33.85,90.5,15.600000000000001,57.400000000000006,100.0,244.0,2912.0,1.4000000000000001,36.800000000000004,15.02,6.98,36.06,29.060000000000002,0.0,241.0,1200.0
127022.186,40622.186,140.0,91.4,22.68,15.98,170.5,33.15,151.6,28.86,33.26,33.7,93.5,15.5,57.0,100.0,240.0,2905.0,1.29,37.050000000000004,15.08,7.0600000000000005,35.96,29.01,1.0,246.5,1200.0
127082.186,40682.186,140.0,89.2,22.7,16.02,172.0,33.35,152.0,28.82,33.11,33.75,93.0,15.55,57.300000000000004,100.0,244.0,2916.0,1.41,37.0,15.0,6.99,35.97,28.92,0.0,246.5,1200.0
127142.186,40742.186,140.0,90.4,22.67,16.0,171.0,33.35,152.3,28.86,33.27,33.75,90.5,15.55,57.5,100.0,242.5,2907.0,1.46,36.95,15.02,7.05,36.04,29.060000000000002,0.0,239.5,1200.0
127202.186,40802.186,140.0,91.10000000000001,22.78,16.03,169.5,33.35,153.4,28.88,33.160000000000004,33.800000000000004,91.0,15.55,57.2,99.80000000000001,245.0,2913.0,1.35,37.0,14.97,7.0200000000000005,36.1,29.02,1.0,246.0,1200.0
127262.186,40862.186,140.0,91.2,22.73,16.03,171.5,33.4,151.70000000000002,28.76,33.11,33.75,91.5,15.5,57.6,100.0,244.0,2911.0,1.41,37.050000000000004,14.99,7.03,35.95,29.03,1.0,246.5,1200.0
127322.185,40922.185,140.0,91.5,22.75,16.01,169.5,33.45,151.5,28.900000000000002,33.25,33.75,91.0,15.450000000000001,57.900000000000006,100.0,244.0,2909.0,1.3900000000000001,36.85,15.01,6.99,36.04,28.900000000000002,3.0,239.0,1200.0
127382.185,40982.185,140.0,90.10000000000001,22.72,16.0,170.5,33.300000000000004,153.3,28.94,33.27,33.7,90.5,15.450000000000001,57.6,100.0,239.5,2912.0,1.19,37.0,15.06,6.97,36.1,29.02,0.0,241.0,1200.0
127442.185,41042.185,140.0,89.30000000000001,22.71,16.0,172.0,33.25,152.20000000000002,28.84,33.12,33.7,91.5,15.5,57.5,100.0,243.0,2908.0,1.46,36.95,15.02,7.03,36.09,28.95,0.0,239.0,1200.0
127502.185,41102.185,140.0,88.7,22.68,16.02,170.0,33.300000000000004,150.5,28.88,33.09,33.7,94.0,15.450000000000001,57.800000000000004,100.0,241.5,2916.0,1.3900000000000001,36.9,15.08,6.98,35.95,28.990000000000002,0.0,248.5,1200.0
127562.185,41162.185,140.0,90.60000000000001,22.73,15.950000000000001,171.0,33.300000000000004,150.20000000000002,28.92,33.25,33.6,93.0,15.5,57.800000000000004,100.0,245.0,2904.0,1.3800000000000001,36.85,15.02,7.05,35.96,28.98,1.0,241.5,1200.0
127622.184,41222.184,140.0,90.5,22.67,16.04,172.5,33.25,151.9,28.79,33.19,33.65,93.0,15.4,57.400000000000006,99.5,246.0,2912.0,1.46,37.050000000000004,15.05,7.04,35.910000000000004,29.02,2.0,242.5,1200.0
127682.184,41282.184,140.0,91.2,22.650000000000002,16.01,171.0,33.35,151.1,28.810000000000002,33.18,33.75,91.5,15.4,58.0,100.0,242.0,2910.0,1.51,37.050000000000004,15.07,6.96,35.910000000000004,28.96,1.0,241.5,1200.0
127742.184,41342.184,140.0,91.80000000000001,22.66,15.98,170.0,33.4,152.5,28.830000000000002,33.19,33.7,93.0,15.450000000000001,57.300000000000004,99.5,245.5,2906.0,1.45,36.75,15.040000000000001,6.98,35.97,28.94,0.0,243.0,1200.0
127802.184,41402.184,140.0,89.60000000000001,22.67,15.96,170.5,33.300000000000004,151.4,28.85,33.230000000000004,33.65,92.0,15.3,57.400000000000006,100.0,243.0,2912.0,1.35,36.85,14.98,6.96,36.09,28.94,1.0,239.5,1200.0
127862.184,41462.184,140.0,91.5,22.61,15.99,169.0,33.300000000000004,151.8,28.85,33.04,33.7,93.5,15.600000000000001,57.6,99.60000000000001,245.0,2910.0,1.18,36.800000000000004,14.97,7.0,36.0,28.96,3.0,238.5,1200.0
127922.184,41522.184,140.0,89.7,22.7,16.02,172.0,33.4,152.8,28.85,33.17,33.7,90.5,15.5,57.0,99.80000000000001,237.0,2906.0,1.31,36.95,15.030000000000001,6.98,35.96,28.98,1.0,240.5,1200.0
127982.183,41582.183,140.0,92.10000000000001,22.72,16.04,171.0,33.300000000000004,150.9,28.79,33.13,33.6,91.5,15.65,57.800000000000004,100.0,244.0,2904.0,1.49,36.800000000000004,15.02,6.96,36.03,28.93,0.0,241.0,1200.0
128042.183,41642.183,140.0,91.0,22.66,16.02,170.5,33.300000000000004,152.0,28.77,33.11,33.7,92.5,15.5,56.7,99.5,245.5,2906.0,1.49,36.9,15.01,7.05,35.97,28.97,1.0,238.0,1200.0
128102.183,41702.183,140.0,91.0,22.64,15.98,170.5,33.45,151.9,28.78,33.18,33.65,93.5,15.350000000000001,57.800000000000004,99.9,244.0,2911.0,1.49,36.9,15.01,6.95,36.04,29.05,1.0,237.0,1200.0
128162.183,41762.183,140.0,90.4,22.73,15.99,169.5,33.2,152.5,28.830000000000002,33.18,33.6,89.5,15.450000000000001,57.900000000000006,99.4,241.5,2908.0,1.41,37.0,14.98,7.0,35.95,29.11,0.0,244.0,1200.0
128222.183,41822.183,140.0,91.2,22.62,15.98,171.5,33.4,152.5,28.88,33.19,33.75,92.5,15.5,57.0,100.0,239.0,2909.0,1.43,37.1,15.030000000000001,6.99,36.0,29.0,1.0,242.0,1200.0
128282.183,41882.183,140.0,91.10000000000001,22.650000000000002,16.05,170.5,33.300000000000004,153.0,28.92,33.09,33.6,92.0,15.5,58.0,99.9,239.0,2905.0,1.45,36.85,15.01,7.0,36.01,29.07,0.0,244.0,1200.0
128342.182,41942.182,140.0,91.0,22.67,16.03,171.5,33.300000000000004,151.6,28.82,33.07,33.75,91.0,15.55,57.5,99.60000000000001,245.5,2907.0,1.36,36.95,15.0,7.01,36.02,28.990000000000002,4.0,245.0,1200.0
128402.182,42002.182,140.0,90.9,22.69,15.99,170.5,33.300000000000004,151.20000000000002,28.94,33.06,33.7,93.0,15.450000000000001,57.300000000000004,99.9,245.0,2905.0,1.49,36.9,15.06,7.03,36.03,28.95,0.0,244.0,1200.0
128462.182,42062.182,140.0,92.10000000000001,22.650000000000002,15.99,171.0,33.35,150.20000000000002,28.84,33.3,33.75,92.0,15.450000000000001,57.300000000000004,99.60000000000001,237.0,2910.0,1.35,36.9,15.06,7.09,36.01,28.990000000000002,0.0,238.5,1200.0
128522.182,42122.182,140.0,91.0,22.59,16.0,169.5,33.2,150.6,28.91,33.1,33.65,90.5,15.450000000000001,57.800000000000004,99.9,239.0,2906.0,1.36,37.0,14.97,6.99,35.93,28.93,0.0,243.0,1200.0
128582.182,42182.182,140.0,92.60000000000001,22.59,16.03,173.0,33.4,152.5,28.78,33.2,33.6,93.0,15.450000000000001,57.800000000000004,99.60000000000001,241.0,2909.0,1.48,36.95,15.02,6.99,35.94,28.94,0.0,245.0,1200.0
128642.182,42242.182,140.0,90.30000000000001,22.650000000000002,15.96,171.5,33.300000000000004,151.1,28.82,33.06,33.6,91.0,15.3,57.800000000000004,99.9,241.5,2914.0,1.4000000000000001,37.1,14.97,6.95,35.96,29.01,2.0,238.5,1200.0
128702.182,42302.182,140.0,91.5,22.67,16.06,173.0,33.4,150.4,28.84,33.27,33.7,93.5,15.450000000000001,57.1,100.0,243.5,2903.0,1.35,36.9,14.97,7.03,35.980000000000004,29.0,1.0,241.0,1200.0
128762.181,42362.181,140.0,90.7,22.61,15.99,171.5,33.300000000000004,151.3,28.82,33.160000000000004,33.65,91.0,15.5,57.6,100.0,241.5,2904.0,1.46,36.85,14.98,7.0200000000000005,36.02,29.03,2.0,244.5,1200.0
128822.181,42422.181,140.0,89.60000000000001,22.650000000000002,15.99,171.0,33.300000000000004,151.1,28.79,33.08,33.7,91.5,15.450000000000001,57.1,100.0,243.5,2905.0,1.51,37.0,14.91,7.08,36.08,29.0,0.0,243.5,1200.0
128882.181,42482.181,140.0,92.10000000000001,22.72,15.93,169.5,33.300000000000004,151.8,28.77,33.15,33.800000000000004,91.5,15.450000000000001,57.6,99.60000000000001,235.5,2905.0,1.43,36.9,15.01,7.03,36.0,28.96,0.0,242.5,1200.0
128942.181,42542.181,140.0,91.60000000000001,22.72,15.97,172.0,33.300000000000004,152.0,28.810000000000002,33.06,33.6,91.5,15.450000000000001,57.1,99.5,242.0,2903.0,1.41,36.85,14.94,7.05,36.0,28.900000000000002,0.0,244.0,1200.0
129002.181,42602.181,140.0,92.0,22.64,15.98,171.0,33.25,149.6,28.92,33.09,33.6,90.5,15.350000000000001,57.7,100.0,240.5,2903.0,1.42,36.85,15.02,6.95,35.99,29.01,0.0,241.5,1200.0
129062.181,42662.181,140.0,90.0,22.69,15.950000000000001,171.0,33.2,151.1,28.77,33.17,33.7,91.0,15.450000000000001,57.2,99.80000000000001,238.0,2906.0,1.26,36.9,15.06,7.01,36.03,28.93,0.0,242.5,1200.0
129122.18,42722.18,140.0,91.7,22.6,15.92,167.5,33.300000000000004,151.0,28.82,33.11,33.6,92.5,15.55,57.5,100.0,241.0,2898.0,1.46,36.85,14.98,7.0,36.04,29.04,1.0,240.5,1200.0
129182.18,42782.18,140.0,90.7,22.61,15.96,173.5,33.15,151.20000000000002,28.8,33.18,33.65,90.0,15.350000000000001,57.2,100.0,239.5,2904.0,1.33,36.9,14.99,7.07,35.99,29.01,0.0,245.0,1200.0
129242.18,42842.18,140.0,90.0,22.62,15.97,171.5,33.300000000000004,152.5,28.79,33.09,33.6,91.0,15.4,57.6,99.80000000000001,236.0,2902.0,1.6,36.95,14.91,7.0200000000000005,35.99,28.98,0.0,242.5,1200.0
129302.18,42902.18,140.0,92.7,22.650000000000002,15.94,170.5,33.4,150.0,28.78,33.08,33.7,91.5,15.450000000000001,57.6,100.0,239.0,2910.0,1.31,36.85,15.05,7.04,36.0,29.01,1.0,239.5,1200.0
129362.18,42962.18,140.0,92.0,22.64,16.04,169.5,33.35,152.0,28.76,33.160000000000004,33.800000000000004,93.0,15.55,57.300000000000004,99.9,241.0,2906.0,1.41,36.85,15.02,6.96,36.09,28.94,3.0,240.0,1200.0
129422.18,43022.18,140.0,90.0,22.62,15.97,171.0,33.300000000000004,150.6,28.830000000000002,33.08,33.7,91.5,15.55,57.2,100.0,238.5,2904.0,1.42,36.95,15.01,7.0,36.0,29.0,1.0,244.0,1200.0
129482.179,43082.179,140.0,91.5,22.69,16.02,169.0,33.35,151.9,28.85,33.11,33.6,89.5,15.5,57.7,100.0,242.0,2903.0,1.45,36.9,15.01,6.95,35.95,29.03,0.0,242.0,1200.0
129542.179,43142.179,140.0,90.9,22.72,16.0,171.0,33.35,152.4,28.91,33.17,33.65,90.0,15.450000000000001,58.6,100.0,241.5,2914.0,1.36,36.85,15.01,7.0,36.04,29.04,0.0,241.0,1200.0
129602.179,43202.179,140.0,91.2,22.66,16.04,169.0,33.35,151.5,28.85,33.15,33.65,92.0,15.5,56.900000000000006,99.5,243.0,2907.0,1.33,36.9,15.02,6.98,35.95,29.03,1.0,240.0,1200.0
129662.179,43262.179,140.0,90.9,22.650000000000002,16.0,169.5,33.35,150.3,28.78,33.11,33.7,91.5,15.600000000000001,57.5,99.9,241.5,2904.0,1.43,36.95,14.99,6.96,36.02,29.03,0.0,246.0,1200.0
129722.179,43322.179,140.0,89.10000000000001,22.63,16.0,170.0,33.15,153.3,28.66,33.14,33.75,92.5,15.4,57.300000000000004,99.9,244.5,2908.0,1.41,36.85,15.01,6.96,36.07,28.94,3.0,240.5,1200.0
129782.179,43382.179,140.0,92.2,22.59,16.05,169.5,33.25,150.5,28.79,33.09,33.6,89.5,15.4,57.400000000000006,99.30000000000001,243.5,2901.0,1.47,36.800000000000004,15.01,7.04,36.03,28.96,2.0,244.5,1200.0
129842.179,43442.179,140.0,90.0,22.68,16.03,170.5,33.15,151.70000000000002,28.8,33.05,33.75,90.5,15.5,57.5,99.60000000000001,238.5,2904.0,1.48,36.95,14.98,6.95,36.03,29.05,1.0,241.5,1200.0
129902.178,43502.178,140.0,90.9,22.67,16.03,172.0,33.15,152.5,28.79,33.08,33.65,89.5,15.55,57.5,99.7,244.0,2900.0,1.41,37.050000000000004,14.94,6.95,35.980000000000004,28.96,0.0,241.0,1200.0
129962.178,43562.178,140.0,90.60000000000001,22.64,16.03,171.0,33.15,151.6,28.78,33.11,33.7,94.0,15.5,57.6,100.0,239.5,2896.0,1.48,36.800000000000004,15.030000000000001,7.0,35.97,28.95,1.0,239.0,1200.0
130022.178,43622.178,140.0,90.4,22.69,16.06,172.5,33.2,152.6,28.79,33.08,33.65,91.0,15.5,57.1,100.0,242.0,2906.0,1.52,36.95,15.030000000000001,7.0600000000000005,36.02,29.05,1.0,240.0,1200.0
130082.178,43682.178,140.0,92.60000000000001,22.71,15.950000000000001,171.0,33.1,151.70000000000002,28.77,33.07,33.6,91.5,15.700000000000001,57.5,100.0,235.5,2900.0,1.32,36.85,14.98,6.99,35.96,28.94,1.0,244.5,1200.0
130142.178,43742.178,140.0,91.9,22.6,16.02,169.5,33.2,149.20000000000002,28.72,33.08,33.550000000000004,89.5,15.350000000000001,58.0,100.0,244.5,2906.0,1.43,36.800000000000004,15.0,7.0,36.07,28.900000000000002,0.0,235.0,1200.0
130202.178,43802.178,140.0,91.7,22.6,16.0,171.5,33.2,151.1,28.68,33.07,33.65,90.5,15.5,57.0,100.0,233.0,2899.0,1.42,36.85,15.0,7.0,35.9,29.02,0.0,239.0,1200.0
130262.177,43862.177,140.0,90.10000000000001,22.77,15.94,168.0,33.15,152.0,28.77,33.07,33.6,92.0,15.4,57.900000000000006,100.0,244.0,2903.0,1.4000000000000001,36.800000000000004,15.05,7.04,35.980000000000004,28.93,2.0,239.5,1200.0
130322.177,43922.177,140.0,91.0,22.68,16.04,172.0,33.15,151.0,28.87,33.13,33.5,90.0,15.350000000000001,57.6,100.0,241.5,2907.0,1.43,36.9,14.98,6.95,36.0,29.09,0.0,240.0,1200.0
130382.177,43982.177,140.0,91.30000000000001,22.7,16.03,168.5,33.1,151.5,28.7,33.06,33.7,90.0,15.4,57.800000000000004,99.60000000000001,235.5,2909.0,1.48,36.9,15.0,6.96,36.12,28.94,0.0,236.5,1200.0
130442.177,44042.177,140.0,89.80000000000001,22.71,15.96,173.0,33.300000000000004,150.8,28.67,33.12,33.6,92.5,15.5,58.0,100.0,243.0,2900.0,1.17,36.85,15.030000000000001,6.94,36.11,28.990000000000002,0.0,240.5,1200.0
130502.177,44102.177,140.0,91.60000000000001,22.68,16.01,169.5,33.35,150.20000000000002,28.76,33.1,33.7,92.5,15.450000000000001,57.5,99.80000000000001,239.0,2899.0,1.3900000000000001,36.85,15.02,6.92,36.03,28.98,0.0,246.5,1200.0
130562.177,44162.177,140.0,91.30000000000001,22.72,15.98,171.5,33.2,149.4,28.7,33.06,33.65,91.5,15.350000000000001,57.800000000000004,100.0,241.5,2908.0,1.41,36.7,15.07,6.97,36.03,28.900000000000002,0.0,239.0,1200.0
130622.177,44222.177,140.0,90.0,22.69,16.01,170.5,33.25,152.0,28.75,33.12,33.550000000000004,91.0,15.55,58.0,100.0,242.5,2908.0,1.3800000000000001,36.95,15.030000000000001,6.98,35.94,29.0,1.0,240.0,1200.0
130682.176,44282.176,140.0,91.4,22.69,15.97,170.0,33.25,151.3,28.740000000000002,33.14,33.6,90.0,15.450000000000001,57.5,100.0,243.5,2903.0,1.35,36.800000000000004,15.05,7.0,36.06,29.1,1.0,242.0,1200.0
130742.176,44342.176,140.0,92.0,22.73,16.02,171.5,33.2,151.4,28.84,33.06,33.6,88.5,15.4,57.6,100.0,238.0,2909.0,1.47,36.95,14.99,7.01,35.93,29.07,0.0,242.5,1200.0
130802.176,44402.176,140.0,89.5,22.71,16.02,170.0,33.25,151.0,28.75,33.15,33.45,90.0,15.450000000000001,57.800000000000004,100.0,244.5,2903.0,1.45,36.800000000000004,14.99,6.95,35.89,28.98,0.0,241.5,1200.0
130862.176,44462.176,140.0,93.4,22.71,15.97,171.5,33.2,151.70000000000002,28.77,33.06,33.6,91.0,15.350000000000001,57.6,99.9,244.5,2911.0,1.4000000000000001,36.6,15.030000000000001,6.98,36.050000000000004,29.01,1.0,242.0,1200.0
130922.176,44522.176,140.0,91.2,22.68,15.98,172.0,33.2,149.70000000000002,28.87,33.06,33.7,94.5,15.5,57.5,100.0,242.0,2905.0,1.6400000000000001,36.9,15.02,7.07,35.99,29.07,2.0,239.5,1200.0
130982.176,44582.176,140.0,92.0,22.7,15.97,171.5,33.25,153.0,28.85,33.05,33.5,92.5,15.600000000000001,57.5,100.0,243.5,2908.0,1.42,36.75,15.05,7.03,35.910000000000004,28.98,1.0,240.0,1200.0
131042.175,44642.175,140.0,91.7,22.69,15.94,171.5,33.300000000000004,151.5,28.76,33.160000000000004,33.65,91.0,15.450000000000001,57.800000000000004,100.0,246.5,2904.0,1.41,36.9,15.02,6.96,36.01,28.990000000000002,1.0,243.5,1200.0
131102.175,44702.175,140.0,92.5,22.68,15.97,171.5,33.35,151.3,28.73,33.17,33.800000000000004,91.0,15.450000000000001,57.300000000000004,99.7,244.5,2910.0,1.22,36.800000000000004,15.06,7.04,35.99,29.04,0.0,239.0,1200.0
131162.175,44762.175,140.0,90.80000000000001,22.64,16.02,169.0,33.2,150.0,28.84,33.18,33.800000000000004,92.0,15.350000000000001,57.7,100.0,242.5,2912.0,1.6600000000000001,36.95,14.99,6.97,36.07,29.03,0.0,239.5,1200.0
131222.175,44822.175,140.0,92.2,22.64,16.01,170.5,33.25,149.5,28.830000000000002,33.160000000000004,33.7,90.5,15.5,57.900000000000006,100.0,243.0,2909.0,1.22,36.85,14.99,6.98,36.04,29.03,3.0,245.5,1200.0
131282.175,44882.175,140.0,92.10000000000001,22.79,16.0,173.0,33.4,152.3,28.89,33.230000000000004,33.65,89.0,15.450000000000001,58.300000000000004,100.0,245.0,2910.0,1.41,37.0,14.950000000000001,7.05,35.95,29.05,0.0,242.5,1200.0
131342.175,44942.175,140.0,90.2,22.76,16.05,171.5,33.4,150.6,28.91,33.18,33.800000000000004,91.0,15.5,57.800000000000004,99.7,247.0,2914.0,1.37,36.85,15.02,6.99,36.02,29.03,0.0,242.0,1200.0
131402.175,45002.175,140.0,90.5,22.69,15.950000000000001,172.0,33.45,150.6,28.91,33.17,33.7,91.0,15.600000000000001,57.300000000000004,99.9,246.5,2910.0,1.26,36.85,15.07,7.01,35.93,29.03,0.0,241.5,1200.0
131462.174,45062.174,140.0,91.80000000000001,22.67,15.96,171.0,33.300000000000004,151.8,28.78,33.25,33.7,91.0,15.55,57.6,99.60000000000001,236.0,2914.0,1.47,36.95,15.0,7.0,36.07,28.94,2.0,241.5,1200.0
131522.174,45122.174,140.0,92.5,22.68,16.07,171.5,33.4,151.4,28.78,33.28,33.6,91.5,15.55,58.0,100.0,242.5,2908.0,1.42,36.800000000000004,15.07,6.94,36.04,29.1,2.0,247.5,1200.0
131582.174,45182.174,140.0,90.4,22.71,16.02,171.5,33.4,152.8,28.830000000000002,33.19,33.65,92.0,15.450000000000001,57.6,100.0,239.0,2914.0,1.25,37.0,15.02,6.99,35.99,29.0,0.0,244.0,1200.0
131642.174,45242.174,140.0,90.5,22.8,16.07,170.5,33.35,151.0,28.79,33.17,33.65,91.5,15.450000000000001,57.900000000000006,99.80000000000001,243.5,2908.0,1.48,37.050000000000004,14.98,7.01,35.980000000000004,28.990000000000002,1.0,243.0,1200.0
131702.174,45302.174,140.0,90.4,22.72,15.97,169.0,33.45,151.9,28.900000000000002,33.13,33.75,92.0,15.5,57.900000000000006,100.0,243.5,2912.0,1.6500000000000001,37.050000000000004,14.96,6.98,35.980000000000004,28.96,0.0,242.5,1200.0
131762.174,45362.174,140.0,90.4,22.740000000000002,16.04,169.0,33.2,151.0,28.76,33.22,33.6,92.5,15.450000000000001,57.5,100.0,244.5,2908.0,1.47,36.85,15.0,7.0200000000000005,35.95,29.03,0.0,245.5,1200.0
131822.174,45422.174,140.0,90.7,22.73,16.03,171.0,33.2,154.20000000000002,28.87,33.19,33.7,90.5,15.4,57.400000000000006,100.0,245.5,2914.0,1.43,36.9,14.98,7.03,36.01,28.95,2.0,245.0,1200.0
131882.173,45482.173,140.0,91.0,22.71,15.99,171.0,33.300000000000004,150.8,28.89,33.12,33.65,93.5,15.700000000000001,57.300000000000004,99.7,245.5,2912.0,1.49,37.0,14.99,7.03,36.07,28.990000000000002,0.0,241.0,1200.0
131942.173,45542.173,140.0,90.80000000000001,22.75,16.07,171.5,33.15,151.6,28.740000000000002,33.12,33.65,93.0,15.5,58.7,100.0,239.0,2910.0,1.33,37.0,14.96,7.08,36.06,29.09,0.0,244.5,1200.0
132002.173,45602.173,140.0,89.7,22.7,16.06,170.5,33.35,152.70000000000002,28.79,33.14,33.550000000000004,92.0,15.600000000000001,57.6,99.5,244.5,2908.0,1.5,36.9,14.99,6.97,36.0,28.92,0.0,243.5,1200.0
132062.173,45662.173,140.0,90.4,22.64,15.94,172.0,33.300000000000004,151.9,28.810000000000002,33.09,33.75,93.5,15.55,58.0,100.0,248.0,2912.0,1.51,36.95,15.02,6.99,35.97,29.0,0.0,244.0,1200.0
132122.173,45722.173,140.0,90.4,22.75,15.99,171.5,33.4,151.8,28.87,33.0,33.75,89.5,15.55,57.900000000000006,99.7,248.5,2912.0,1.47,36.95,15.0,7.0200000000000005,36.06,29.02,0.0,248.5,1200.0
132182.173,45782.173,140.0,91.30000000000001,22.68,16.04,169.5,33.25,152.0,28.93,33.14,33.9,92.5,15.450000000000001,57.800000000000004,100.0,242.5,2908.0,1.53,36.9,14.93,7.09,36.01,29.060000000000002,0.0,241.5,1200.0
132242.173,45842.173,140.0,90.80000000000001,22.63,16.03,171.0,33.45,150.8,28.830000000000002,33.13,33.550000000000004,92.5,15.700000000000001,57.5,100.0,247.0,2913.0,1.41,37.0,15.030000000000001,7.0,36.04,28.96,0.0,242.0,1200.0
132302.172,45902.172,140.0,91.2,22.59,16.03,171.5,33.2,150.8,28.82,33.13,33.75,92.0,15.55,57.5,100.0,245.0,2910.0,1.3800000000000001,36.95,14.950000000000001,6.96,36.01,29.0,2.0,247.0,1200.0
132362.172,45962.172,140.0,91.5,22.72,16.03,170.0,33.300000000000004,151.4,28.76,33.05,33.6,92.0,15.55,57.900000000000006,100.0,242.0,2911.0,1.3900000000000001,37.0,14.97,7.05,36.050000000000004,29.02,0.0,243.5,1200.0
132422.172,46022.172,140.0,91.7,22.7,15.89,171.5,33.300000000000004,151.3,28.87,33.13,33.550000000000004,92.5,15.4,57.400000000000006,99.9,242.5,2907.0,1.31,36.85,14.950000000000001,6.96,36.03,29.060000000000002,0.0,240.0,1200.0
132482.172,46082.172,140.0,90.0,22.71,15.96,169.5,33.2,151.4,28.84,33.19,33.75,91.5,15.55,57.800000000000004,100.0,241.5,2909.0,1.48,36.800000000000004,15.05,7.08,36.07,29.02,0.0,240.5,1200.0
132542.172,46142.172,140.0,92.30000000000001,22.68,16.04,168.5,33.4,151.6,28.8,33.14,33.800000000000004,90.0,15.450000000000001,57.5,99.60000000000001,245.0,2908.0,1.3900000000000001,36.800000000000004,14.99,6.93,36.07,28.95,2.0,241.5,1200.0
132602.172,46202.172,140.0,91.10000000000001,22.7,16.0,169.0,33.25,150.1,28.84,33.19,33.65,94.0,15.55,57.1,100.0,242.5,2902.0,1.3800000000000001,36.800000000000004,15.01,7.01,36.0,29.02,0.0,242.0,1200.0
132662.172,46262.172,140.0,90.30000000000001,22.62,15.97,172.0,33.15,150.3,28.77,33.11,33.550000000000004,93.0,15.5,57.1,99.4,237.5,2903.0,1.36,36.9,15.05,7.04,36.02,28.92,3.0,240.0,1200.0
132722.171,46322.171,140.0,90.10000000000001,22.67,15.950000000000001,169.5,33.15,151.6,28.82,33.1,33.6,91.0,15.65,56.800000000000004,100.0,242.0,2909.0,1.46,37.0,15.0,6.98,35.95,28.98,0.0,234.5,1200.0
132782.171,46382.171,140.0,89.9,22.73,15.97,169.5,33.300000000000004,150.3,28.76,33.160000000000004,33.7,91.5,15.600000000000001,58.0,99.7,245.0,2904.0,1.3900000000000001,36.85,14.98,7.03,35.97,28.95,3.0,239.5,1200.0
132842.171,46442.171,140.0,91.9,22.71,16.01,169.5,33.2,152.6,28.650000000000002,33.1,33.5,93.0,15.450000000000001,57.900000000000006,100.0,240.5,2910.0,1.44,36.95,15.0,7.04,35.980000000000004,29.05,0.0,241.5,1200.0
132902.171,46502.171,140.0,91.80000000000001,22.69,16.04,170.5,33.300000000000004,150.4,28.77,33.07,33.6,92.0,15.3,57.400000000000006,100.0,240.0,2904.0,1.6500000000000001,36.800000000000004,15.02,6.92,36.04,28.96,0.0,243.5,1200.0
132962.171,46562.171,140.0,90.2,22.71,15.96,171.0,33.300000000000004,151.8,28.740000000000002,33.15,33.550000000000004,92.0,15.450000000000001,58.2,99.9,243.5,2906.0,1.58,36.9,15.01,7.0,36.03,28.95,0.0,241.0,1200.0
133022.171,46622.171,140.0,90.10000000000001,22.75,16.02,171.5,33.1,151.9,28.75,33.08,33.550000000000004,92.0,15.600000000000001,57.800000000000004,100.0,243.0,2908.0,1.32,36.800000000000004,14.94,7.01,36.09,29.05,0.0,236.0,1200.0
133082.171,46682.171,140.0,91.4,22.68,15.99,172.0,33.1,151.1,28.810000000000002,33.06,33.550000000000004,90.5,15.600000000000001,57.800000000000004,100.0,240.0,2899.0,1.43,36.9,15.040000000000001,6.93,35.96,28.94,0.0,246.5,1200.0
133142.17,46742.17,140.0,90.60000000000001,22.740000000000002,16.01,168.5,33.300000000000004,151.6,28.66,33.12,33.6,91.0,15.55,57.900000000000006,100.0,243.5,2902.0,1.41,37.1,14.99,6.98,35.99,29.03,0.0,241.0,1200.0
133202.17,46802.17,140.0,92.4,22.68,16.05,171.5,33.35,153.5,28.78,33.08,33.6,92.5,15.450000000000001,57.900000000000006,100.0,242.0,2904.0,1.37,36.75,15.02,7.08,36.02,29.0,0.0,244.0,1200.0
133262.17,46862.17,140.0,91.30000000000001,22.81,16.09,171.0,33.25,150.5,28.69,33.07,33.6,92.0,15.3,58.800000000000004,99.9,244.5,2901.0,1.23,37.050000000000004,14.97,6.99,35.96,29.01,0.0,242.5,1200.0
133322.17,46922.17,140.0,89.4,22.71,16.01,169.0,33.15,152.0,28.76,33.07,33.6,92.5,15.4,57.800000000000004,100.0,247.0,2910.0,1.25,36.75,15.0,7.0,36.0,29.12,0.0,238.5,1200.0
133382.17,46982.17,140.0,90.9,22.81,16.07,169.0,33.1,151.8,28.72,32.99,33.6,91.0,15.5,57.900000000000006,99.7,242.0,2906.0,1.43,36.95,15.06,7.03,35.980000000000004,29.05,0.0,247.5,1200.0
133442.17,47042.17,140.0,92.0,22.76,16.01,172.0,33.1,153.20000000000002,28.72,33.0,33.4,92.0,15.4,58.300000000000004,100.0,241.0,2906.0,1.35,36.85,14.92,6.99,36.02,29.03,0.0,242.0,1200.0
133502.17,47102.17,140.0,91.60000000000001,22.75,16.03,169.5,33.25,151.20000000000002,28.740000000000002,33.07,33.6,91.5,15.4,58.400000000000006,100.0,242.5,2908.0,1.46,36.800000000000004,14.870000000000001,7.07,36.03,28.94,2.0,244.5,1200.0
133562.169,47162.169,140.0,90.10000000000001,22.68,15.950000000000001,171.0,33.2,150.0,28.72,33.07,33.5,90.0,15.4,58.300000000000004,99.80000000000001,238.0,2903.0,1.57,36.85,14.96,6.99,36.02,28.990000000000002,0.0,241.0,1200.0
133622.169,47222.169,140.0,90.2,22.740000000000002,16.06,169.0,33.15,152.1,28.73,32.99,33.45,92.5,15.25,58.1,99.9,237.0,2903.0,1.32,36.85,15.0,7.0,36.050000000000004,28.91,0.0,246.5,1200.0
133682.169,47282.169,140.0,90.2,22.68,16.03,171.0,32.95,150.8,28.67,32.980000000000004,33.5,93.0,15.4,57.6,100.0,241.5,2897.0,1.52,36.800000000000004,15.0,7.05,35.95,28.97,1.0,239.5,1200.0
133742.169,47342.169,140.0,91.10000000000001,22.740000000000002,15.99,169.5,33.15,150.5,28.64,33.01,33.45,93.0,15.5,57.800000000000004,100.0,241.5,2902.0,1.34,36.85,15.07,6.97,36.04,29.0,0.0,235.5,1200.0
133802.169,47402.169,140.0,91.2,22.7,15.99,169.0,33.050000000000004,152.3,28.71,33.06,33.6,91.5,15.5,58.0,99.80000000000001,242.0,2900.0,1.27,36.800000000000004,15.07,6.98,36.04,29.02,0.0,238.5,1200.0
133862.169,47462.169,140.0,90.9,22.72,16.03,169.5,33.0,151.6,28.67,33.02,33.45,91.0,15.450000000000001,58.300000000000004,99.9,244.5,2902.0,1.54,36.95,15.030000000000001,6.99,36.050000000000004,29.0,1.0,241.5,1200.0
133922.169,47522.169,140.0,92.4,22.71,15.97,169.0,33.15,150.9,28.66,33.05,33.4,92.5,15.4,58.300000000000004,100.0,238.5,2899.0,1.5,36.85,15.01,6.94,35.94,29.05,2.0,243.0,1200.0
133982.169,47582.169,140.0,90.30000000000001,22.72,15.98,170.0,33.050000000000004,151.3,28.7,32.95,33.5,88.5,15.4,58.0,99.5,236.5,2891.0,1.49,36.85,14.92,6.98,36.0,28.96,0.0,238.0,1200.0
134042.168,47642.168,140.0,90.30000000000001,22.650000000000002,15.98,170.5,33.050000000000004,152.5,28.7,33.01,33.5,92.5,15.600000000000001,58.1,100.0,236.0,2897.0,1.37,36.9,15.0,7.01,36.01,28.92,0.0,242.0,1200.0
134102.168,47702.168,140.0,90.80000000000001,22.740000000000002,16.01,168.0,33.15,151.5,28.69,32.99,33.6,90.5,15.450000000000001,58.1,100.0,242.0,2899.0,1.31,36.800000000000004,15.040000000000001,7.0,36.02,28.92,0.0,242.0,1200.0
134162.168,47762.168,140.0,90.9,22.7,15.99,169.5,33.15,151.5,28.64,33.01,33.550000000000004,93.0,15.55,58.0,100.0,242.0,2897.0,1.52,36.800000000000004,15.040000000000001,6.98,35.980000000000004,29.03,0.0,238.0,1200.0
134222.168,47822.168,140.0,91.2,22.66,16.02,171.5,33.0,151.4,28.61,32.93,33.550000000000004,91.5,15.450000000000001,57.7,99.4,240.0,2898.0,1.36,36.85,15.01,7.0200000000000005,36.01,28.97,0.0,239.0,1200.0
134282.168,47882.168,140.0,92.4,22.68,16.0,170.0,33.25,149.4,28.67,33.05,33.550000000000004,92.0,15.4,58.300000000000004,100.0,236.0,2893.0,1.26,36.800000000000004,15.0,6.98,36.07,29.07,0.0,237.5,1200.0
134342.168,47942.168,140.0,89.5,22.67,16.01,170.0,33.1,150.20000000000002,28.63,32.980000000000004,33.65,91.0,15.55,57.6,100.0,233.0,2900.0,1.3,36.7,14.99,7.01,36.06,29.060000000000002,0.0,243.0,1200.0
134402.168,48002.168,140.0,90.5,22.68,15.97,169.0,33.15,151.9,28.68,32.97,33.550000000000004,91.0,15.450000000000001,57.5,99.60000000000001,242.0,2897.0,1.43,36.800000000000004,14.91,6.98,36.07,29.03,3.0,241.0,1200.0
134462.167,48062.167,140.0,91.4,22.63,15.99,172.0,33.2,151.0,28.7,33.05,33.7,93.5,15.4,57.800000000000004,100.0,242.5,2897.0,1.34,36.800000000000004,14.99,7.0,36.02,28.98,0.0,242.5,1200.0
134522.167,48122.167,140.0,91.10000000000001,22.71,16.09,171.0,33.15,151.6,28.66,32.99,33.7,92.0,15.5,57.7,99.80000000000001,240.5,2900.0,1.29,37.0,14.96,6.98,36.06,29.01,0.0,237.0,1200.0
134582.167,48182.167,140.0,88.80000000000001,22.580000000000002,15.94,169.5,33.0,151.1,28.69,32.94,33.550000000000004,91.0,15.4,58.2,99.9,242.5,2898.0,1.37,36.65,14.98,7.01,36.03,28.96,1.0,237.0,1200.0
134642.167,48242.167,140.0,90.60000000000001,22.61,16.06,170.5,33.1,151.6,28.7,33.1,33.6,90.5,15.55,57.900000000000006,100.0,238.5,2902.0,1.5,36.7,14.94,6.93,36.0,28.96,1.0,238.5,1200.0
134702.167,48302.167,140.0,90.80000000000001,22.62,15.93,169.5,33.15,150.9,28.73,32.87,33.550000000000004,91.5,15.5,58.300000000000004,100.0,239.0,2896.0,1.34,36.75,15.01,7.04,36.02,29.04,0.0,238.0,1200.0
134762.167,48362.167,140.0,89.80000000000001,22.66,15.99,168.0,33.1,152.9,28.71,33.01,33.45,90.5,15.450000000000001,58.0,100.0,241.5,2893.0,1.34,36.75,15.01,7.07,35.980000000000004,29.03,0.0,240.5,1200.0
134822.167,48422.167,140.0,90.7,22.63,15.92,172.5,32.95,150.1,28.64,33.05,33.5,91.5,15.55,58.0,100.0,236.5,2891.0,1.27,36.6,15.02,7.12,36.03,29.0,3.0,242.0,1200.0
134882.167,48482.167,140.0,91.60000000000001,22.67,15.96,172.5,33.0,151.5,28.6,32.96,33.5,91.0,15.600000000000001,58.2,100.0,236.0,2895.0,1.46,36.75,14.98,7.07,35.96,29.01,0.0,236.0,1200.0
134942.166,48542.166,140.0,91.7,22.64,15.99,170.0,33.0,151.0,28.650000000000002,32.96,33.65,92.0,15.55,57.5,100.0,241.5,2897.0,1.26,36.95,15.030000000000001,7.0200000000000005,36.07,29.03,0.0,242.5,1200.0
135002.166,48602.166,140.0,91.4,22.56,15.93,169.0,33.25,152.20000000000002,28.61,32.99,33.7,90.0,15.55,57.900000000000006,100.0,237.5,2900.0,1.53,36.65,14.96,6.98,36.09,29.04,0.0,241.0,1200.0
135062.166,48662.166,140.0,91.30000000000001,22.67,15.98,171.0,33.2,151.6,28.78,32.93,33.6,91.5,15.4,57.6,100.0,236.5,2897.0,1.47,36.65,15.02,6.99,35.96,28.95,0.0,234.5,1200.0
135122.166,48722.166,140.0,91.5,22.6,15.98,169.0,33.1,151.9,28.77,33.05,33.6,91.5,15.4,57.400000000000006,100.0,239.5,2896.0,1.37,36.7,15.030000000000001,7.0,36.02,28.94,0.0,238.0,1200.0
135182.166,48782.166,140.0,89.9,22.68,15.98,172.0,33.25,151.5,28.77,33.05,33.65,93.0,15.450000000000001,57.6,100.0,234.5,2898.0,1.29,36.65,14.98,6.98,36.0,29.0,1.0,239.0,1200.0
135242.166,48842.166,140.0,92.30000000000001,22.71,16.01,171.0,33.2,151.70000000000002,28.72,33.01,33.65,91.5,15.55,57.800000000000004,99.7,243.0,2894.0,1.45,36.65,15.02,7.0,36.0,28.98,0.0,239.0,1200.0
135302.166,48902.166,140.0,91.7,22.69,16.01,169.5,33.300000000000004,152.4,28.73,33.09,33.550000000000004,91.5,15.450000000000001,57.300000000000004,100.0,237.5,2896.0,1.45,36.75,15.07,7.0200000000000005,35.96,29.01,0.0,240.0,1200.0
135362.166,48962.166,140.0,90.80000000000001,22.7,16.07,172.5,33.15,150.4,28.7,33.13,33.65,92.5,15.5,57.800000000000004,100.0,243.0,2901.0,1.3,36.65,14.98,7.0200000000000005,35.980000000000004,29.0,0.0,239.0,1200.0
135422.165,49022.165,140.0,89.80000000000001,22.6,16.03,172.0,33.2,151.9,28.810000000000002,33.26,33.5,93.5,15.55,57.800000000000004,99.5,240.5,2903.0,1.31,36.85,15.06,6.96,35.99,29.060000000000002,1.0,246.0,1200.0
135482.165,49082.165,140.0,92.4,22.72,16.03,171.5,33.25,150.8,28.78,33.12,33.6,93.0,15.5,57.400000000000006,100.0,243.0,2901.0,1.3900000000000001,36.800000000000004,15.07,6.99,35.96,28.990000000000002,0.0,234.5,1200.0
135542.165,49142.165,140.0,90.5,22.69,15.97,172.5,33.35,151.70000000000002,28.82,33.13,33.7,91.5,15.350000000000001,58.1,100.0,241.0,2904.0,1.4000000000000001,36.95,15.01,7.0200000000000005,36.08,28.93,0.0,240.0,1200.0
135602.165,49202.165,140.0,92.7,22.740000000000002,15.97,170.5,33.2,150.3,28.76,33.19,33.9,91.5,15.5,56.900000000000006,99.80000000000001,244.0,2908.0,1.28,36.85,14.94,6.96,36.0,29.060000000000002,2.0,242.5,1200.0
135662.165,49262.165,140.0,90.4,22.68,16.02,171.5,33.25,151.9,28.75,33.230000000000004,33.75,91.5,15.4,57.6,99.4,240.5,2915.0,1.45,36.9,15.0,7.0,35.94,29.05,0.0,244.5,1200.0
135722.165,49322.165,140.0,90.7,22.650000000000002,16.01,171.0,33.35,152.4,28.84,33.17,33.6,92.0,15.450000000000001,58.0,100.0,239.5,2912.0,1.32,36.9,15.040000000000001,7.09,36.01,29.01,0.0,245.5,1200.0
135782.165,49382.165,140.0,91.10000000000001,22.69,16.01,170.5,33.35,150.9,28.89,33.15,33.7,92.0,15.55,58.0,100.0,243.0,2909.0,1.34,36.75,14.96,6.91,35.94,28.98,0.0,246.5,1200.0
135842.165,49442.165,140.0,91.10000000000001,22.72,16.09,170.5,33.25,150.6,28.76,33.21,33.65,89.0,15.450000000000001,57.900000000000006,100.0,244.5,2908.0,1.5,36.85,14.92,6.97,35.96,29.01,1.0,245.5,1200.0
135902.164,49502.164,140.0,91.7,22.73,16.080000000000002,172.0,33.2,150.4,28.71,33.08,33.7,90.0,15.450000000000001,57.5,100.0,240.0,2904.0,1.32,37.0,15.030000000000001,7.04,36.03,28.990000000000002,2.0,244.5,1200.0
135962.164,49562.164,140.0,90.30000000000001,22.67,16.02,169.5,33.2,151.4,28.84,33.07,33.800000000000004,93.0,15.55,57.2,100.0,240.5,2911.0,1.5,36.95,14.99,6.97,35.980000000000004,29.01,0.0,243.5,1200.0
136022.164,49622.164,140.0,89.5,22.62,15.97,170.5,33.300000000000004,151.6,28.8,33.18,33.800000000000004,92.5,15.4,57.800000000000004,100.0,237.0,2903.0,1.54,36.95,15.01,7.05,36.09,29.1,0.0,245.5,1200.0
136082.164,49682.164,140.0,91.5,22.71,15.97,170.0,33.45,151.5,28.73,33.13,33.550000000000004,91.0,15.55,58.0,100.0,240.5,2907.0,1.25,36.95,15.030000000000001,6.96,36.01,28.94,1.0,241.0,1200.0
136142.164,49742.164,140.0,91.5,22.71,16.01,171.0,33.25,151.70000000000002,28.900000000000002,33.08,33.6,91.5,15.450000000000001,57.5,99.5,244.5,2905.0,1.43,36.9,14.97,6.95,35.97,29.04,2.0,246.0,1200.0
136202.164,49802.164,140.0,92.10000000000001,22.650000000000002,15.99,172.0,33.25,152.70000000000002,28.810000000000002,33.15,33.85,92.0,15.600000000000001,56.800000000000004,100.0,241.5,2911.0,1.49,36.9,15.120000000000001,6.96,35.96,29.02,3.0,246.5,1200.0
136262.164,49862.164,140.0,90.0,22.63,15.96,172.5,33.45,149.9,28.82,33.1,33.550000000000004,90.5,15.450000000000001,57.400000000000006,99.60000000000001,243.5,2905.0,1.58,37.0,15.030000000000001,7.0200000000000005,35.99,29.080000000000002,0.0,238.0,1200.0
136322.164,49922.164,140.0,91.7,22.72,16.04,169.0,33.25,152.3,28.77,33.1,33.550000000000004,92.5,15.450000000000001,57.400000000000006,99.9,238.0,2903.0,1.47,36.9,15.030000000000001,6.98,36.02,28.98,1.0,246.5,1200.0
136382.163,49982.163,140.0,89.10000000000001,22.66,16.05,170.0,33.2,151.6,28.740000000000002,33.230000000000004,33.7,91.0,15.600000000000001,57.6,99.80000000000001,241.0,2906.0,1.44,36.800000000000004,15.01,6.99,35.95,28.86,0.0,241.0,1200.0
136442.163,50042.163,140.0,90.60000000000001,22.61,16.0,171.0,33.1,149.6,28.75,33.1,33.7,90.5,15.5,57.800000000000004,100.0,240.5,2900.0,1.47,36.9,14.99,6.98,35.980000000000004,29.03,0.0,241.5,1200.0
136502.163,50102.163,140.0,90.7,22.7,15.96,170.0,33.25,152.4,28.830000000000002,33.03,33.75,90.5,15.600000000000001,57.800000000000004,100.0,242.0,2905.0,1.48,36.9,15.02,7.05,36.0,28.990000000000002,1.0,242.5,1200.0
136562.163,50162.163,140.0,89.5,22.71,15.99,170.5,33.1,150.6,28.76,33.08,33.65,90.5,15.65,57.300000000000004,100.0,242.5,2904.0,1.57,36.9,14.98,6.95,36.01,28.96,0.0,241.5,1200.0
136622.163,50222.163,140.0,91.9,22.650000000000002,16.0,169.5,33.2,150.5,28.78,33.01,33.6,94.0,15.5,57.800000000000004,100.0,240.0,2901.0,1.44,36.95,15.07,6.91,36.08,28.96,2.0,241.0,1200.0
136682.163,50282.163,140.0,91.10000000000001,22.57,15.99,171.0,33.300000000000004,152.20000000000002,28.88,33.19,33.75,91.0,15.5,57.0,99.9,239.5,2898.0,1.3800000000000001,36.800000000000004,15.030000000000001,7.01,35.94,29.03,0.0,238.5,1200.0
136742.163,50342.163,140.0,90.80000000000001,22.75,16.02,170.0,33.25,151.0,28.87,33.26,33.65,92.0,15.350000000000001,57.7,100.0,240.5,2901.0,1.36,36.85,15.01,7.03,36.01,29.060000000000002,1.0,236.5,1200.0
136802.163,50402.163,140.0,90.4,22.7,16.03,170.5,33.15,151.4,28.79,33.03,33.550000000000004,93.0,15.5,57.300000000000004,99.0,244.0,2895.0,1.3,37.0,14.97,7.04,36.12,28.98,1.0,243.0,1200.0
136862.162,50462.162,140.0,91.10000000000001,22.61,15.99,171.0,33.1,150.9,28.72,33.08,33.550000000000004,93.0,15.5,57.7,99.80000000000001,238.5,2898.0,1.4000000000000001,36.75,14.99,6.97,36.0,29.060000000000002,1.0,243.0,1200.0
136922.162,50522.162,140.0,89.80000000000001,22.77,16.0,172.0,33.4,153.0,28.84,33.1,33.550000000000004,91.0,15.5,57.400000000000006,100.0,238.0,2901.0,1.47,36.9,14.99,7.05,36.0,28.98,0.0,238.0,1200.0
136982.162,50582.162,140.0,91.60000000000001,22.63,15.98,170.5,33.300000000000004,152.9,28.8,33.11,33.6,93.0,15.5,57.400000000000006,99.5,243.5,2903.0,1.35,36.85,14.96,7.0200000000000005,36.03,28.96,0.0,240.0,1200.0
137042.162,50642.162,140.0,91.9,22.71,16.01,171.5,33.2,151.3,28.810000000000002,33.11,33.800000000000004,92.0,15.65,57.0,100.0,242.0,2905.0,1.24,36.800000000000004,15.030000000000001,7.0200000000000005,35.96,28.98,0.0,241.5,1200.0
137102.162,50702.162,140.0,91.80000000000001,22.63,15.98,170.5,33.25,152.1,28.91,33.26,33.75,92.5,15.55,57.800000000000004,100.0,245.5,2908.0,1.44,36.800000000000004,15.01,6.98,36.01,28.97,1.0,239.0,1200.0
137162.162,50762.162,140.0,90.30000000000001,22.59,16.04,171.5,33.35,152.5,28.91,33.13,33.800000000000004,91.0,15.450000000000001,57.0,99.9,239.5,2910.0,1.57,36.75,14.98,7.04,35.95,28.93,0.0,238.5,1200.0
137222.162,50822.162,140.0,90.7,22.7,16.05,172.0,33.300000000000004,152.4,28.900000000000002,33.21,33.65,89.5,15.5,56.900000000000006,100.0,240.5,2909.0,1.41,36.85,15.030000000000001,7.0,36.0,28.990000000000002,0.0,248.5,1200.0
137282.162,50882.162,140.0,90.9,22.73,15.97,172.5,33.4,150.6,28.91,33.26,33.85,92.0,15.55,57.300000000000004,100.0,236.0,2913.0,1.51,36.85,15.0,7.0200000000000005,35.95,29.02,1.0,243.5,1200.0
137342.161,50942.161,140.0,89.9,22.63,15.98,173.5,33.35,151.9,28.82,33.29,33.9,93.0,15.450000000000001,57.5,99.80000000000001,248.0,2913.0,1.46,37.0,14.99,6.96,35.97,29.01,3.0,246.0,1200.0
137402.161,51002.161,140.0,90.30000000000001,22.63,16.03,172.5,33.4,152.6,28.92,33.25,33.75,91.0,15.600000000000001,56.900000000000006,99.7,240.5,2915.0,1.31,36.800000000000004,15.11,7.0600000000000005,36.1,29.02,2.0,239.0,1200.0
137462.161,51062.161,140.0,91.4,22.69,16.080000000000002,171.0,33.6,153.5,28.85,33.28,33.6,92.5,15.600000000000001,57.6,100.0,245.5,2919.0,1.34,36.95,15.06,6.97,36.02,28.990000000000002,0.0,238.0,1200.0
137522.161,51122.161,140.0,90.2,22.71,16.0,170.5,33.5,150.5,28.94,33.28,33.800000000000004,91.0,15.350000000000001,57.2,100.0,244.5,2916.0,1.44,36.9,14.98,6.97,35.84,29.0,0.0,244.5,1200.0
137582.161,51182.161,140.0,91.4,22.73,15.96,170.5,33.4,152.5,28.93,33.230000000000004,33.85,93.0,15.4,56.800000000000004,99.80000000000001,244.5,2917.0,1.31,36.95,15.030000000000001,6.98,36.01,29.07,0.0,245.0,1200.0
137642.161,51242.161,140.0,91.9,22.75,16.0,171.0,33.35,151.5,28.97,33.29,33.75,90.5,15.600000000000001,57.400000000000006,99.7,250.0,2918.0,1.31,37.1,14.94,7.0,35.99,28.98,0.0,245.0,1200.0
137702.161,51302.161,140.0,92.9,22.64,15.950000000000001,172.5,33.25,150.0,29.01,33.24,33.75,91.5,15.4,57.400000000000006,99.7,249.5,2915.0,1.28,37.050000000000004,15.030000000000001,7.05,35.97,28.94,3.0,244.5,1200.0
137762.161,51362.161,140.0,90.60000000000001,22.67,16.05,170.5,33.35,151.0,28.91,33.25,33.800000000000004,92.0,15.450000000000001,57.800000000000004,100.0,244.5,2915.0,1.3,37.0,14.98,7.0200000000000005,35.96,29.09,0.0,247.5,1200.0
137822.16,51422.16,140.0,90.9,22.77,15.96,171.5,33.45,151.3,29.02,33.34,33.7,91.5,15.600000000000001,57.300000000000004,100.0,245.0,2916.0,1.3,37.1,14.96,7.03,36.0,29.0,0.0,249.0,1200.0
137882.16,51482.16,140.0,92.30000000000001,22.7,15.950000000000001,171.0,33.45,150.20000000000002,28.94,33.31,33.9,93.0,15.5,57.5,99.9,244.0,2919.0,1.36,37.0,14.93,7.01,35.980000000000004,29.07,0.0,242.5,1200.0
137942.16,51542.16,140.0,90.60000000000001,22.72,15.99,170.5,33.5,149.0,29.03,33.26,33.9,90.0,15.350000000000001,58.2,100.0,248.0,2921.0,1.47,37.1,14.94,6.96,36.01,28.93,1.0,242.5,1200.0
138002.16,51602.16,140.0,92.10000000000001,22.71,15.96,173.5,33.35,151.0,28.92,33.34,33.800000000000004,91.5,15.600000000000001,57.6,100.0,245.5,2922.0,1.36,37.0,15.06,6.98,36.04,28.95,0.0,241.0,1200.0
138062.16,51662.16,140.0,90.4,22.7,15.99,172.5,33.35,152.0,28.97,33.32,34.0,93.0,15.25,56.800000000000004,100.0,243.0,2923.0,1.52,37.2,15.030000000000001,7.11,35.97,29.060000000000002,0.0,249.0,1200.0
138122.16,51722.16,140.0,89.7,22.64,16.05,173.5,33.35,151.9,28.98,33.33,33.95,90.0,15.5,57.6,99.9,242.5,2923.0,1.5,37.1,14.99,7.01,36.06,29.01,0.0,246.5,1200.0
138182.16,51782.16,140.0,91.9,22.64,16.06,171.5,33.4,151.9,29.03,33.28,33.800000000000004,93.0,15.350000000000001,57.5,100.0,246.5,2919.0,1.48,37.15,15.040000000000001,7.07,35.9,29.05,0.0,245.0,1200.0
138242.16,51842.16,140.0,92.10000000000001,22.72,16.0,170.0,33.6,152.70000000000002,28.96,33.34,33.85,91.0,15.4,57.400000000000006,99.9,247.5,2925.0,1.34,37.1,15.06,7.0600000000000005,36.0,28.97,0.0,247.0,1200.0
138302.16,51902.16,140.0,90.9,22.68,16.0,172.0,33.4,151.4,29.03,33.31,34.050000000000004,91.0,15.3,57.5,100.0,246.0,2921.0,1.33,37.1,15.040000000000001,6.94,36.04,29.05,0.0,247.0,1200.0
138362.159,51962.159,140.0,91.80000000000001,22.64,15.99,172.5,33.550000000000004,151.8,29.03,33.24,33.9,92.0,15.5,57.1,100.0,245.5,2920.0,1.12,37.1,14.99,7.0,36.0,28.98,0.0,249.0,1200.0
138422.159,52022.159,140.0,90.10000000000001,22.72,15.98,174.0,33.45,152.1,29.01,33.32,33.85,93.0,15.4,57.2,100.0,246.0,2924.0,1.55,37.2,15.02,6.97,35.910000000000004,29.02,0.0,244.0,1200.0
138482.159,52082.159,140.0,90.60000000000001,22.69,15.98,170.5,33.45,153.0,29.12,33.36,33.95,91.5,15.450000000000001,56.7,100.0,245.5,2925.0,1.5,37.1,14.96,7.05,36.01,29.07,0.0,249.5,1200.0
138542.159,52142.159,140.0,92.30000000000001,22.61,15.99,173.0,33.5,151.9,28.95,33.29,33.95,90.0,15.5,57.400000000000006,100.0,246.0,2925.0,1.42,37.2,14.99,7.0,36.03,28.98,1.0,246.0,1200.0
138602.159,52202.159,140.0,91.0,22.68,16.09,173.5,33.45,151.5,28.97,33.4,33.9,93.0,15.5,57.400000000000006,99.60000000000001,248.0,2924.0,1.19,37.15,15.02,6.95,36.07,28.990000000000002,0.0,250.0,1200.0
138662.159,52262.159,140.0,90.0,22.650000000000002,15.96,170.5,33.5,152.9,29.07,33.32,33.95,91.0,15.3,56.7,100.0,250.5,2921.0,1.3900000000000001,37.15,14.98,6.98,35.99,28.96,0.0,245.5,1200.0
138722.159,52322.159,140.0,90.0,22.67,16.080000000000002,171.5,33.6,152.5,29.02,33.35,33.9,93.5,15.4,57.2,99.60000000000001,248.5,2923.0,1.33,37.1,15.06,6.97,36.03,29.080000000000002,0.0,244.0,1200.0
138782.159,52382.159,140.0,91.10000000000001,22.69,16.0,174.0,33.550000000000004,151.0,29.080000000000002,33.43,34.0,90.5,15.55,57.7,100.0,250.5,2924.0,1.24,37.25,14.96,7.01,36.0,28.87,0.0,242.5,1200.0
138842.158,52442.158,140.0,92.4,22.6,16.0,170.5,33.65,150.5,28.94,33.38,33.85,92.0,15.5,57.2,99.5,251.5,2927.0,1.32,37.300000000000004,14.96,6.97,36.04,29.03,0.0,249.5,1200.0
138902.158,52502.158,140.0,91.5,22.63,15.950000000000001,172.5,33.4,152.3,28.97,33.34,33.85,93.0,15.600000000000001,57.2,99.7,245.5,2923.0,1.21,37.050000000000004,15.0,7.04,36.1,28.96,0.0,246.0,1200.0
138962.158,52562.158,140.0,92.30000000000001,22.73,16.03,172.5,33.5,152.0,29.03,33.4,33.85,91.0,15.450000000000001,57.1,100.0,247.5,2926.0,1.21,37.15,15.02,7.0,36.02,29.060000000000002,0.0,245.5,1200.0
139022.158,52622.158,140.0,91.0,22.740000000000002,16.01,173.0,33.300000000000004,151.1,29.0,33.4,33.75,93.0,15.5,57.300000000000004,100.0,243.0,2927.0,1.3800000000000001,37.2,14.96,6.95,35.92,29.0,0.0,244.5,1200.0
139082.158,52682.158,140.0,89.7,22.69,16.080000000000002,173.5,33.65,151.0,28.990000000000002,33.39,33.9,91.0,15.350000000000001,57.5,99.80000000000001,247.0,2921.0,1.41,37.2,15.01,6.99,36.03,29.01,0.0,245.5,1200.0
139142.158,52742.158,140.0,92.60000000000001,22.73,16.04,172.0,33.45,152.6,28.990000000000002,33.4,33.95,92.0,15.5,57.300000000000004,99.7,247.0,2921.0,1.5,37.0,15.06,6.93,36.04,28.93,6.0,246.5,1200.0
139202.158,52802.158,140.0,89.9,22.61,15.950000000000001,171.5,33.65,152.6,28.94,33.36,33.9,92.0,15.450000000000001,57.6,99.7,243.0,2922.0,1.31,37.0,14.97,7.0,36.06,29.05,2.0,246.5,1200.0
139262.158,52862.158,140.0,90.80000000000001,22.67,16.04,173.0,33.45,152.4,29.05,33.4,34.1,91.0,15.5,57.2,100.0,245.0,2923.0,1.44,37.15,14.91,6.99,36.02,29.04,0.0,244.0,1200.0
139322.158,52922.158,140.0,92.2,22.62,16.07,169.0,33.35,153.0,28.97,33.36,33.9,93.0,15.5,56.900000000000006,100.0,245.0,2922.0,1.51,37.1,15.02,7.08,35.97,29.02,3.0,244.0,1200.0
139382.157,52982.157,140.0,89.9,22.72,16.02,173.0,33.5,148.8,29.04,33.42,33.95,91.0,15.450000000000001,57.2,99.4,244.0,2924.0,1.34,37.25,14.94,7.0200000000000005,36.0,28.93,0.0,244.0,1200.0
139442.157,53042.157,140.0,91.60000000000001,22.69,16.0,173.0,33.4,151.0,29.09,33.39,33.85,92.0,15.3,57.6,100.0,244.5,2919.0,1.34,37.1,15.030000000000001,7.04,35.99,29.04,1.0,247.5,1200.0
139502.157,53102.157,140.0,91.7,22.67,15.99,172.5,33.65,150.4,29.01,33.4,33.85,92.5,15.450000000000001,57.1,100.0,244.0,2928.0,1.32,37.0,15.0,6.96,36.0,28.93,0.0,245.5,1200.0
139562.157,53162.157,140.0,90.80000000000001,22.71,15.97,171.0,33.5,152.4,29.060000000000002,33.410000000000004,33.75,92.0,15.450000000000001,57.0,99.60000000000001,247.0,2923.0,1.31,37.050000000000004,14.97,7.0,36.01,29.05,1.0,244.5,1200.0
139622.157,53222.157,140.0,92.0,22.72,15.96,171.5,33.45,150.9,29.02,33.37,33.85,94.0,15.350000000000001,56.800000000000004,100.0,243.5,2924.0,1.36,37.300000000000004,14.97,7.0,36.03,28.97,4.0,241.0,1200.0
139682.157,53282.157,140.0,91.5,22.650000000000002,15.97,172.5,33.6,150.9,29.02,33.410000000000004,33.85,90.0,15.4,56.800000000000004,100.0,243.5,2929.0,1.58,37.0,14.97,6.98,36.04,28.94,0.0,240.5,1200.0
139742.157,53342.157,140.0,90.7,22.59,16.02,171.0,33.550000000000004,152.4,29.07,33.45,33.85,92.5,15.55,57.1,100.0,240.5,2923.0,1.5,37.300000000000004,15.0,7.0200000000000005,35.97,29.03,2.0,244.0,1200.0
139802.157,53402.157,140.0,91.9,22.63,15.91,170.5,33.6,150.3,29.1,33.36,33.9,90.5,15.450000000000001,57.0,100.0,244.0,2923.0,1.3900000000000001,37.1,15.02,7.0200000000000005,35.95,29.01,0.0,245.0,1200.0
139862.157,53462.157,140.0,91.80000000000001,22.69,16.05,172.5,33.5,152.8,29.07,33.34,33.95,94.0,15.450000000000001,57.2,99.9,247.5,2925.0,1.42,37.25,15.040000000000001,6.98,36.0,29.01,0.0,250.0,1200.0
139922.156,53522.156,140.0,91.30000000000001,22.650000000000002,16.07,172.0,33.6,151.20000000000002,29.12,33.33,34.0,92.0,15.5,57.1,99.9,244.0,2925.0,1.41,37.15,14.99,6.98,36.08,29.01,2.0,243.0,1200.0
139982.156,53582.156,140.0,92.5,22.7,15.97,170.5,33.4,151.8,29.03,33.38,33.9,94.0,15.600000000000001,57.1,99.9,244.0,2921.0,1.41,37.050000000000004,15.01,7.0,35.980000000000004,28.900000000000002,0.0,248.0,1200.0
140042.156,53642.156,140.0,89.60000000000001,22.68,15.99,170.5,33.5,151.5,28.94,33.4,33.85,90.5,15.5,57.400000000000006,100.0,244.5,2913.0,1.3,37.1,15.0,6.99,35.89,29.03,0.0,244.5,1200.0
140102.156,53702.156,140.0,90.80000000000001,22.71,16.1,171.5,33.45,152.0,29.060000000000002,33.39,33.9,90.0,15.4,56.900000000000006,99.80000000000001,246.0,2924.0,1.4000000000000001,37.050000000000004,15.01,7.01,36.08,28.98,1.0,242.5,1200.0
140162.156,53762.156,140.0,91.30000000000001,22.67,16.03,172.0,33.45,150.6,29.05,33.37,33.95,89.5,15.55,57.300000000000004,99.9,241.5,2920.0,1.29,37.1,14.93,7.0200000000000005,36.03,29.05,0.0,242.5,1200.0
140222.156,53822.156,140.0,90.4,22.71,16.01,171.5,33.550000000000004,152.3,29.03,33.44,33.9,91.0,15.450000000000001,57.0,99.80000000000001,250.5,2921.0,1.42,37.1,15.030000000000001,6.99,35.96,28.93,0.0,247.5,1200.0
140282.156,53882.156,140.0,90.80000000000001,22.69,16.02,173.0,33.550000000000004,151.1,29.07,33.410000000000004,33.75,92.5,15.350000000000001,57.5,100.0,245.0,2923.0,1.44,37.050000000000004,14.93,7.03,35.9,28.94,0.0,249.0,1200.0
140342.156,53942.156,140.0,91.80000000000001,22.71,15.98,174.0,33.4,153.9,29.07,33.32,33.9,92.0,15.350000000000001,57.6,100.0,250.5,2923.0,1.43,37.1,15.01,7.0200000000000005,36.0,29.05,4.0,245.0,1200.0
140402.156,54002.156,140.0,92.0,22.68,15.99,173.0,33.4,150.8,28.990000000000002,33.32,33.95,91.0,15.350000000000001,58.0,99.60000000000001,243.5,2921.0,1.41,37.050000000000004,15.08,6.98,36.0,29.03,0.0,243.5,1200.0
140462.155,54062.155,140.0,91.4,22.73,16.01,172.5,33.5,152.6,29.060000000000002,33.36,33.7,92.5,15.4,58.0,100.0,245.0,2925.0,1.3900000000000001,37.050000000000004,14.96,7.0200000000000005,35.95,29.080000000000002,2.0,242.5,1200.0
140522.155,54122.155,140.0,90.0,22.72,15.99,171.5,33.4,151.5,29.07,33.35,33.95,92.5,15.450000000000001,57.300000000000004,99.9,246.0,2928.0,1.17,37.1,15.02,6.95,35.980000000000004,28.95,2.0,242.0,1200.0
140582.155,54182.155,140.0,91.60000000000001,22.650000000000002,16.02,173.5,33.550000000000004,151.4,29.03,33.32,34.0,92.5,15.5,57.300000000000004,99.9,250.0,2920.0,1.3900000000000001,37.050000000000004,14.99,6.96,35.980000000000004,29.060000000000002,0.0,246.0,1200.0
140642.155,54242.155,140.0,93.30000000000001,22.72,16.02,172.5,33.5,152.20000000000002,28.95,33.35,33.65,90.5,15.350000000000001,57.5,100.0,247.5,2918.0,1.4000000000000001,37.25,14.94,6.91,35.99,28.98,2.0,247.0,1200.0
140702.155,54302.155,140.0,91.0,22.7,15.93,171.0,33.4,152.0,29.04,33.45,33.9,90.5,15.450000000000001,57.900000000000006,100.0,246.0,2922.0,1.29,37.15,15.01,7.0,36.02,29.01,0.0,244.5,1200.0
140762.155,54362.155,140.0,91.2,22.72,15.98,173.0,33.45,151.0,29.01,33.44,33.95,90.5,15.5,57.6,100.0,242.5,2922.0,1.43,37.300000000000004,15.01,6.98,36.03,29.1,0.0,242.5,1200.0
140822.155,54422.155,140.0,90.30000000000001,22.71,16.03,172.0,33.550000000000004,151.70000000000002,28.88,33.26,33.9,89.5,15.5,57.0,100.0,239.0,2922.0,1.3900000000000001,37.300000000000004,15.030000000000001,6.99,36.1,29.02,0.0,247.5,1200.0
140882.155,54482.155,140.0,91.7,22.67,16.02,169.0,33.550000000000004,152.0,29.02,33.39,33.800000000000004,92.0,15.5,57.400000000000006,99.7,240.5,2916.0,1.33,37.25,14.98,7.0200000000000005,36.09,29.01,0.0,246.0,1200.0
140942.155,54542.155,140.0,90.10000000000001,22.68,15.99,170.5,33.300000000000004,152.20000000000002,28.98,33.31,33.9,90.0,15.450000000000001,57.7,99.80000000000001,244.0,2921.0,1.49,37.1,14.99,7.01,36.12,28.97,0.0,242.5,1200.0
141002.154,54602.154,140.0,91.0,22.69,15.97,171.0,33.4,150.0,28.97,33.29,33.95,94.0,15.5,57.2,100.0,244.5,2920.0,1.29,36.95,14.99,6.98,36.11,28.98,0.0,241.5,1200.0
141062.154,54662.154,140.0,89.4,22.67,16.05,171.5,33.45,151.8,29.0,33.36,33.85,91.0,15.55,57.7,100.0,247.0,2918.0,1.44,37.050000000000004,15.01,6.97,35.980000000000004,28.97,0.0,241.0,1200.0
141122.154,54722.154,140.0,91.5,22.68,15.96,174.0,33.45,153.20000000000002,28.93,33.33,33.85,89.0,15.4,57.300000000000004,99.9,244.0,2915.0,1.27,36.95,14.96,7.0,35.92,29.01,0.0,240.5,1200.0
141182.154,54782.154,140.0,91.0,22.69,16.03,173.5,33.35,151.20000000000002,29.01,33.18,33.800000000000004,91.5,15.350000000000001,56.900000000000006,99.80000000000001,247.0,2919.0,1.3800000000000001,37.15,15.0,6.97,35.980000000000004,29.060000000000002,0.0,242.5,1200.0
141242.154,54842.154,140.0,90.30000000000001,22.73,15.93,172.0,33.45,151.8,28.96,33.3,33.9,90.5,15.4,57.6,100.0,243.5,2915.0,1.4000000000000001,37.1,14.98,7.05,36.01,29.060000000000002,1.0,243.0,1200.0
141302.154,54902.154,140.0,91.30000000000001,22.580000000000002,16.04,174.0,33.550000000000004,151.8,28.91,33.2,33.800000000000004,89.0,15.450000000000001,57.0,100.0,248.0,2917.0,1.3800000000000001,37.2,14.98,6.97,36.09,28.97,1.0,246.5,1200.0
141362.154,54962.154,140.0,92.30000000000001,22.64,15.96,173.0,33.4,151.4,28.95,33.33,33.85,92.5,15.4,57.2,100.0,244.5,2912.0,1.56,37.0,15.0,7.08,35.980000000000004,29.03,1.0,246.0,1200.0
141422.154,55022.154,140.0,91.9,22.59,15.98,170.0,33.4,152.9,29.02,33.160000000000004,33.800000000000004,92.5,15.65,57.1,100.0,241.5,2916.0,1.3,37.0,15.05,7.01,35.96,29.02,0.0,245.0,1200.0
141482.154,55082.154,140.0,90.2,22.68,15.94,174.0,33.35,149.5,28.93,33.34,33.9,92.0,15.350000000000001,56.7,100.0,242.5,2915.0,1.23,36.95,15.08,7.01,36.11,29.060000000000002,0.0,243.5,1200.0
141542.154,55142.154,140.0,92.10000000000001,22.64,16.04,172.5,33.25,151.9,28.88,33.2,33.800000000000004,89.5,15.450000000000001,56.7,99.9,240.5,2913.0,1.46,36.95,14.97,6.99,36.01,29.09,1.0,239.0,1200.0
141602.153,55202.153,140.0,90.10000000000001,22.67,16.04,172.0,33.45,152.1,29.0,33.25,33.800000000000004,92.0,15.350000000000001,57.7,99.5,241.0,2915.0,1.3900000000000001,37.0,14.97,7.0,36.050000000000004,29.03,0.0,243.0,1200.0
141662.153,55262.153,140.0,90.9,22.63,15.94,173.0,33.4,150.6,28.87,33.18,33.75,91.0,15.5,57.300000000000004,100.0,240.5,2911.0,1.37,37.0,14.98,6.98,35.94,28.98,0.0,242.0,1200.0
141722.153,55322.153,140.0,87.5,22.62,15.98,171.5,33.4,151.5,29.01,33.27,33.85,92.5,15.450000000000001,57.6,100.0,236.0,2916.0,1.28,37.0,15.030000000000001,7.07,36.06,29.07,1.0,246.0,1200.0
141782.153,55382.153,140.0,90.0,22.57,16.01,170.5,33.45,150.6,28.95,33.14,33.800000000000004,90.0,15.55,57.7,100.0,245.0,2914.0,1.41,37.1,15.06,7.0,36.0,29.09,4.0,247.0,1200.0
141842.153,55442.153,140.0,90.9,22.69,16.03,171.0,33.45,151.5,28.97,33.230000000000004,33.85,93.5,15.55,57.2,99.5,245.0,2916.0,1.4000000000000001,36.9,15.0,7.0200000000000005,35.96,28.95,0.0,244.0,1200.0
141902.153,55502.153,140.0,89.2,22.71,16.01,171.0,33.5,152.4,29.02,33.21,33.95,89.5,15.5,57.7,99.80000000000001,241.5,2913.0,1.34,36.9,15.01,7.03,36.0,29.0,0.0,245.5,1200.0
141962.153,55562.153,140.0,91.30000000000001,22.71,15.98,172.0,33.45,151.4,29.05,33.29,33.9,94.0,15.5,56.400000000000006,99.9,246.0,2913.0,1.46,37.0,15.09,6.98,35.99,29.080000000000002,0.0,245.5,1200.0
142022.153,55622.153,140.0,92.2,22.64,16.04,170.0,33.45,151.9,29.03,33.22,33.800000000000004,92.5,15.55,56.900000000000006,100.0,242.5,2914.0,1.41,36.85,14.97,7.01,35.95,28.97,0.0,243.0,1200.0
142082.153,55682.153,140.0,91.0,22.63,16.01,171.5,33.45,151.8,28.94,33.22,33.9,94.0,15.600000000000001,57.1,100.0,246.0,2914.0,1.41,37.0,15.05,7.01,35.99,28.93,0.0,243.0,1200.0
142142.152,55742.152,140.0,90.0,22.62,15.98,172.0,33.5,151.5,28.900000000000002,33.230000000000004,33.85,95.0,15.3,57.300000000000004,99.80000000000001,244.5,2920.0,1.35,37.0,15.02,7.01,35.95,29.05,0.0,245.0,1200.0
142202.152,55802.152,140.0,90.80000000000001,22.69,15.96,172.5,33.300000000000004,150.9,29.07,33.33,33.95,90.0,15.65,57.2,100.0,248.5,2915.0,1.35,37.1,15.01,7.03,35.910000000000004,28.95,0.0,243.5,1200.0
142262.152,55862.152,140.0,89.5,22.67,15.96,172.5,33.5,152.0,29.04,33.410000000000004,33.95,93.0,15.4,57.6,100.0,242.0,2918.0,1.34,37.1,15.040000000000001,6.98,35.95,29.01,1.0,250.5,1200.0
142322.152,55922.152,140.0,90.30000000000001,22.71,16.02,170.0,33.5,151.0,29.02,33.36,33.85,92.5,15.600000000000001,57.300000000000004,100.0,241.5,2920.0,1.43,37.0,14.97,6.99,35.980000000000004,28.85,1.0,247.0,1200.0
142382.152,55982.152,140.0,91.9,22.650000000000002,15.98,171.0,33.35,152.0,29.02,33.4,34.0,92.0,15.5,57.400000000000006,100.0,243.0,2920.0,1.43,37.0,14.96,6.96,36.03,29.02,0.0,246.0,1200.0
142442.152,56042.152,140.0,89.80000000000001,22.64,15.99,172.0,33.4,150.5,28.98,33.28,33.9,92.0,15.4,56.900000000000006,100.0,247.5,2918.0,1.57,37.050000000000004,15.0,6.99,35.980000000000004,28.94,2.0,241.5,1200.0
142502.152,56102.152,140.0,93.0,22.67,16.07,171.0,33.45,152.4,28.990000000000002,33.31,33.85,92.5,15.55,57.1,100.0,247.5,2920.0,1.41,37.1,15.01,7.01,35.96,29.080000000000002,0.0,240.5,1200.0
142562.152,56162.152,140.0,91.5,22.71,15.91,171.0,33.5,151.5,29.060000000000002,33.32,33.9,91.5,15.450000000000001,57.300000000000004,99.9,248.0,2918.0,1.3,37.25,15.08,7.01,36.03,28.95,2.0,246.5,1200.0
142622.152,56222.152,140.0,90.7,22.67,16.02,172.5,33.4,150.3,28.98,33.31,33.75,92.0,15.5,57.5,99.60000000000001,241.5,2918.0,1.23,37.1,15.05,7.01,36.0,29.02,0.0,242.5,1200.0
142682.152,56282.152,140.0,92.0,22.650000000000002,16.0,169.5,33.65,152.1,28.93,33.3,33.65,91.0,15.55,57.0,100.0,246.5,2920.0,1.37,37.15,15.08,7.05,35.96,28.97,0.0,244.5,1200.0
142742.151,56342.151,140.0,92.10000000000001,22.67,16.0,170.5,33.45,150.5,29.1,33.27,33.800000000000004,91.5,15.350000000000001,57.300000000000004,99.4,248.0,2920.0,1.43,37.0,15.040000000000001,6.91,35.99,28.990000000000002,0.0,246.5,1200.0
142802.151,56402.151,140.0,90.7,22.61,15.950000000000001,173.0,33.5,150.5,29.02,33.29,33.800000000000004,93.0,15.5,57.5,99.7,244.5,2915.0,1.3900000000000001,37.0,14.98,7.0200000000000005,36.1,29.04,2.0,245.5,1200.0
142862.151,56462.151,140.0,92.0,22.64,16.0,172.0,33.5,152.9,28.93,33.3,33.9,91.0,15.450000000000001,56.900000000000006,100.0,243.5,2918.0,1.43,37.050000000000004,14.88,7.01,36.03,29.0,1.0,244.0,1200.0
142922.151,56522.151,140.0,92.0,22.71,15.96,174.0,33.35,150.1,28.990000000000002,33.3,33.95,91.0,15.450000000000001,56.2,99.5,240.5,2921.0,1.44,37.0,14.99,6.98,36.06,28.900000000000002,0.0,247.0,1200.0
142982.151,56582.151,140.0,90.5,22.72,16.0,170.5,33.4,151.6,28.96,33.3,33.75,91.0,15.600000000000001,57.400000000000006,99.9,242.5,2914.0,1.17,37.15,14.98,7.04,36.08,28.96,0.0,246.5,1200.0
143042.151,56642.151,140.0,90.30000000000001,22.72,16.04,171.5,33.5,152.20000000000002,28.93,33.3,33.9,90.5,15.4,57.400000000000006,99.80000000000001,243.0,2922.0,1.3900000000000001,37.15,14.98,7.03,36.01,28.95,2.0,241.0,1200.0
143102.151,56702.151,140.0,90.60000000000001,22.650000000000002,15.97,170.5,33.35,150.3,28.95,33.27,33.85,92.0,15.450000000000001,56.800000000000004,100.0,245.5,2916.0,1.42,37.0,15.040000000000001,6.97,36.08,29.03,1.0,241.0,1200.0
143162.151,56762.151,140.0,91.2,22.580000000000002,16.01,172.0,33.4,152.9,29.04,33.27,33.95,91.5,15.450000000000001,57.300000000000004,99.9,246.0,2910.0,1.3900000000000001,37.2,14.97,7.0200000000000005,36.050000000000004,29.01,1.0,240.5,1200.0
143222.151,56822.151,140.0,92.9,22.650000000000002,15.99,171.5,33.550000000000004,153.60000000000002,29.04,33.29,33.85,90.5,15.450000000000001,56.6,100.0,240.0,2916.0,1.47,37.1,15.06,7.04,35.97,29.03,0.0,247.0,1200.0
143282.151,56882.151,140.0,91.80000000000001,22.73,16.01,173.5,33.35,150.70000000000002,29.0,33.3,33.9,93.0,15.350000000000001,57.2,100.0,246.0,2909.0,1.46,37.1,15.02,7.0,35.980000000000004,28.94,0.0,243.5,1200.0
143342.15,56942.15,140.0,91.2,22.740000000000002,16.03,173.5,33.35,151.5,29.0,33.31,33.7,93.0,15.4,57.2,100.0,242.5,2909.0,1.4000000000000001,37.0,15.08,6.96,35.99,28.96,1.0,240.5,1200.0
143402.15,57002.15,140.0,90.60000000000001,22.69,16.04,171.0,33.35,152.0,28.97,33.27,33.95,90.0,15.4,57.400000000000006,99.7,245.0,2912.0,1.33,36.95,14.97,6.96,35.87,28.98,0.0,246.0,1200.0
143462.15,57062.15,140.0,91.9,22.650000000000002,16.080000000000002,170.5,33.4,152.20000000000002,28.91,33.35,33.800000000000004,90.5,15.4,57.2,100.0,245.5,2919.0,1.47,37.0,15.030000000000001,6.98,36.03,28.95,3.0,243.0,1200.0
143522.15,57122.15,140.0,90.2,22.66,16.01,171.0,33.4,152.20000000000002,28.95,33.27,33.7,93.5,15.65,57.300000000000004,100.0,245.0,2915.0,1.28,37.1,14.94,7.03,36.02,28.990000000000002,0.0,240.0,1200.0
143582.15,57182.15,140.0,91.4,22.68,15.950000000000001,172.0,33.5,149.9,28.84,33.18,33.95,91.0,15.4,57.1,100.0,242.0,2912.0,1.35,37.050000000000004,15.02,7.07,35.97,28.93,0.0,247.0,1200.0
143642.15,57242.15,140.0,90.9,22.66,16.0,172.5,33.4,151.70000000000002,28.92,33.29,33.800000000000004,93.0,15.4,57.0,100.0,250.5,2912.0,1.31,37.0,14.950000000000001,6.97,35.980000000000004,29.060000000000002,0.0,243.5,1200.0
143702.15,57302.15,140.0,91.5,22.63,15.96,171.5,33.4,152.1,28.98,33.25,33.800000000000004,92.5,15.5,57.2,100.0,241.0,2917.0,1.45,37.0,14.98,7.03,36.03,29.0,0.0,241.0,1200.0
143762.15,57362.15,140.0,89.4,22.67,15.97,171.5,33.45,152.20000000000002,28.97,33.28,33.9,92.5,15.5,56.800000000000004,100.0,242.0,2913.0,1.21,37.0,14.94,6.96,35.9,28.990000000000002,2.0,243.5,1200.0
143822.15,57422.15,140.0,90.7,22.63,16.01,171.0,33.5,153.4,29.05,33.27,33.9,92.5,15.450000000000001,57.1,99.60000000000001,248.0,2917.0,1.28,37.1,14.99,7.01,36.04,29.04,0.0,245.5,1200.0
143882.15,57482.15,140.0,90.7,22.67,16.02,170.0,33.4,150.70000000000002,29.07,33.24,33.9,91.5,15.450000000000001,57.2,99.80000000000001,248.0,2920.0,1.43,37.0,15.0,6.99,35.99,29.09,0.0,248.5,1200.0
143942.149,57542.149,140.0,91.30000000000001,22.64,15.99,170.5,33.45,151.9,28.94,33.28,33.85,90.5,15.600000000000001,57.0,100.0,240.5,2911.0,1.34,36.95,15.01,7.04,36.04,28.95,0.0,238.0,1200.0
144002.149,57602.149,140.0,90.9,22.63,15.98,173.5,33.5,151.6,28.93,33.34,33.75,92.0,15.5,56.900000000000006,99.60000000000001,242.0,2909.0,1.48,36.9,15.030000000000001,6.94,35.9,28.95,0.0,239.5,1200.0
144062.149,57662.149,140.0,90.60000000000001,22.63,15.97,172.5,33.35,152.5,28.990000000000002,33.34,34.050000000000004,90.0,15.4,56.6,99.9,243.5,2916.0,1.16,36.85,15.02,6.98,35.87,29.09,2.0,240.5,1200.0
144122.149,57722.149,140.0,91.30000000000001,22.7,15.96,170.5,33.4,150.5,29.0,33.24,33.800000000000004,90.5,15.3,56.900000000000006,99.9,242.5,2917.0,1.3900000000000001,37.050000000000004,15.0,6.98,36.03,28.97,1.0,244.0,1200.0
144182.149,57782.149,140.0,91.80000000000001,22.55,16.04,171.0,33.35,150.9,28.95,33.32,33.800000000000004,92.0,15.4,56.800000000000004,100.0,243.0,2907.0,1.42,37.1,15.02,7.0600000000000005,36.03,29.1,0.0,240.0,1200.0
144242.149,57842.149,140.0,89.2,22.72,15.98,169.5,33.45,150.5,28.97,33.230000000000004,33.9,94.0,15.450000000000001,56.900000000000006,100.0,242.0,2915.0,1.3,36.95,14.98,7.01,35.95,28.98,0.0,241.5,1200.0
144302.149,57902.149,140.0,90.4,22.7,16.02,172.0,33.4,150.20000000000002,28.98,33.25,33.95,94.0,15.65,56.900000000000006,99.80000000000001,247.0,2921.0,1.3900000000000001,37.0,15.030000000000001,7.0,36.08,29.09,0.0,244.0,1200.0
144362.149,57962.149,140.0,90.10000000000001,22.62,16.06,173.5,33.25,152.0,28.98,33.17,33.75,90.5,15.450000000000001,56.900000000000006,99.60000000000001,242.5,2909.0,1.37,37.050000000000004,14.9,6.99,36.1,28.95,1.0,247.5,1200.0
144422.149,58022.149,140.0,91.4,22.63,16.04,172.5,33.300000000000004,152.8,28.900000000000002,33.31,33.800000000000004,91.5,15.600000000000001,57.0,100.0,242.5,2914.0,1.44,36.95,15.0,7.0,35.96,29.04,0.0,242.5,1200.0
144482.149,58082.149,140.0,92.10000000000001,22.6,16.05,170.0,33.45,151.3,29.01,33.26,33.800000000000004,90.5,15.350000000000001,57.0,100.0,241.5,2916.0,1.45,36.95,14.99,6.98,35.95,28.93,1.0,244.0,1200.0
144542.148,58142.148,140.0,91.60000000000001,22.6,16.01,170.0,33.45,153.3,28.95,33.22,33.9,91.5,15.55,57.7,100.0,243.0,2914.0,1.44,37.0,15.040000000000001,6.93,36.050000000000004,28.900000000000002,1.0,240.0,1200.0
144602.148,58202.148,140.0,91.80000000000001,22.650000000000002,15.99,171.5,33.35,151.6,28.94,33.26,33.75,92.0,15.350000000000001,57.0,100.0,243.0,2914.0,1.42,37.0,15.01,7.0200000000000005,36.01,28.95,1.0,239.5,1200.0
144662.148,58262.148,140.0,92.10000000000001,22.67,16.03,170.5,33.25,151.9,28.87,33.26,33.9,91.0,15.5,57.2,100.0,241.0,2911.0,1.4000000000000001,37.15,15.09,7.0200000000000005,36.02,28.990000000000002,1.0,244.5,1200.0
144722.148,58322.148,140.0,91.30000000000001,22.62,15.96,171.5,33.45,152.0,28.84,33.24,33.800000000000004,91.5,15.450000000000001,56.800000000000004,100.0,243.0,2917.0,1.33,37.0,14.93,6.96,35.980000000000004,28.95,1.0,242.5,1200.0
144782.148,58382.148,140.0,92.0,22.68,16.01,170.5,33.45,151.20000000000002,28.96,33.22,33.800000000000004,91.5,15.350000000000001,57.5,99.5,246.5,2917.0,1.36,37.050000000000004,14.97,6.99,36.02,28.96,0.0,240.0,1200.0
144842.148,58442.148,140.0,91.60000000000001,22.64,15.99,171.5,33.4,149.5,28.990000000000002,33.230000000000004,33.7,92.0,15.4,56.800000000000004,99.9,241.0,2917.0,1.58,37.2,14.99,6.99,36.1,29.03,2.0,246.0,1200.0
144902.148,58502.148,140.0,90.80000000000001,22.61,15.99,172.0,33.300000000000004,151.6,29.02,33.28,33.9,90.5,15.55,56.5,99.80000000000001,243.0,2921.0,1.31,36.9,14.950000000000001,7.07,35.95,28.96,2.0,246.5,1200.0
144962.148,58562.148,140.0,91.10000000000001,22.64,16.01,172.0,33.45,151.8,28.990000000000002,33.29,33.800000000000004,91.0,15.4,57.1,100.0,242.5,2909.0,1.52,37.050000000000004,15.01,7.0,36.04,29.0,0.0,245.0,1200.0
145022.148,58622.148,140.0,92.0,22.650000000000002,15.98,171.0,33.45,150.70000000000002,28.91,33.33,33.800000000000004,91.0,15.450000000000001,57.300000000000004,99.4,243.5,2914.0,1.34,36.95,14.97,6.97,35.99,28.96,0.0,241.5,1200.0
145082.148,58682.148,140.0,90.4,22.63,15.950000000000001,170.0,33.550000000000004,149.9,29.01,33.2,33.75,93.0,15.5,56.7,99.80000000000001,243.0,2915.0,1.3800000000000001,37.050000000000004,15.02,7.01,35.92,28.94,0.0,242.5,1200.0
145142.147,58742.147,140.0,90.5,22.57,15.89,172.5,33.45,151.20000000000002,28.92,33.29,33.75,90.0,15.4,57.1,99.9,244.5,2914.0,1.47,37.1,15.01,6.97,35.95,28.900000000000002,5.0,244.0,1200.0
145202.147,58802.147,140.0,90.2,22.55,16.080000000000002,169.5,33.35,151.1,28.990000000000002,33.32,33.800000000000004,93.0,15.55,57.400000000000006,100.0,242.0,2914.0,1.35,36.9,14.89,7.01,35.99,28.990000000000002,0.0,242.0,1200.0
145262.147,58862.147,140.0,91.0,22.64,15.97,171.5,33.45,151.70000000000002,29.02,33.27,33.7,90.5,15.55,56.800000000000004,100.0,242.0,2912.0,1.23,36.95,14.99,6.97,35.980000000000004,29.1,0.0,244.5,1200.0
145322.147,58922.147,140.0,89.60000000000001,22.61,16.04,171.5,33.5,149.5,29.0,33.29,33.9,91.0,15.600000000000001,56.800000000000004,99.30000000000001,244.5,2922.0,1.29,36.95,14.950000000000001,6.99,35.97,29.060000000000002,0.0,244.0,1200.0
145382.147,58982.147,140.0,90.2,22.63,16.07,169.5,33.5,152.0,28.98,33.29,33.800000000000004,92.5,15.55,56.7,100.0,239.0,2920.0,1.42,37.050000000000004,15.0,7.0600000000000005,36.04,29.05,2.0,245.0,1200.0
145442.147,59042.147,140.0,91.60000000000001,22.72,15.94,172.0,33.45,151.6,29.04,33.27,33.95,93.5,15.65,56.300000000000004,99.9,244.5,2915.0,1.3800000000000001,37.0,15.02,7.05,35.97,29.02,0.0,245.5,1200.0
145502.147,59102.147,140.0,88.10000000000001,22.650000000000002,16.080000000000002,173.0,33.45,149.6,28.96,33.34,33.75,92.5,15.450000000000001,57.300000000000004,100.0,238.5,2916.0,1.43,37.1,15.030000000000001,7.0,36.03,28.900000000000002,0.0,238.5,1200.0
145562.147,59162.147,140.0,91.30000000000001,22.61,15.94,170.5,33.4,153.0,29.0,33.25,34.0,92.0,15.450000000000001,56.900000000000006,99.80000000000001,242.0,2918.0,1.56,37.0,15.02,7.01,35.980000000000004,28.98,0.0,248.5,1200.0
145622.147,59222.147,140.0,90.9,22.6,16.0,173.0,33.45,150.4,29.09,33.34,33.800000000000004,94.0,15.4,56.900000000000006,100.0,241.5,2918.0,1.4000000000000001,37.15,15.01,7.05,35.92,29.03,1.0,240.5,1200.0
145682.147,59282.147,140.0,91.4,22.71,16.05,171.5,33.45,150.3,29.02,33.34,33.9,91.5,15.5,56.800000000000004,99.10000000000001,243.5,2918.0,1.52,36.95,14.98,7.03,36.03,28.97,0.0,242.0,1200.0
145742.147,59342.147,140.0,90.4,22.59,16.04,171.5,33.35,152.3,29.0,33.24,33.85,92.5,15.450000000000001,57.300000000000004,100.0,246.5,2919.0,1.49,37.1,14.98,7.05,36.08,28.94,0.0,246.0,1200.0
145802.146,59402.146,140.0,90.9,22.59,16.07,171.5,33.4,151.70000000000002,28.92,33.36,33.75,91.5,15.4,56.400000000000006,100.0,246.0,2915.0,1.35,36.95,14.96,7.0,35.96,28.95,1.0,242.5,1200.0
145862.146,59462.146,140.0,90.10000000000001,22.61,16.0,171.0,33.550000000000004,152.1,29.12,33.33,33.9,92.0,15.350000000000001,56.800000000000004,99.9,243.5,2914.0,1.37,37.050000000000004,15.040000000000001,6.97,35.980000000000004,29.02,0.0,243.5,1200.0
145922.146,59522.146,140.0,91.80000000000001,22.62,16.04,174.5,33.45,150.6,28.990000000000002,33.32,33.65,91.5,15.5,56.900000000000006,99.9,244.5,2909.0,1.6500000000000001,36.9,15.030000000000001,7.05,36.06,29.02,0.0,243.5,1200.0
145982.146,59582.146,140.0,91.9,22.66,16.04,173.5,33.65,151.6,29.1,33.34,33.85,92.0,15.5,56.800000000000004,100.0,247.0,2917.0,1.42,37.050000000000004,15.0,7.01,36.01,28.990000000000002,0.0,243.5,1200.0
146042.146,59642.146,140.0,91.30000000000001,22.650000000000002,16.02,174.0,33.5,150.6,28.990000000000002,33.44,33.800000000000004,94.0,15.4,57.0,100.0,242.0,2918.0,1.61,37.0,14.950000000000001,7.0,35.97,29.02,0.0,245.0,1200.0
146102.146,59702.146,140.0,90.30000000000001,22.69,15.99,172.0,33.4,151.70000000000002,29.05,33.32,33.75,93.0,15.4,56.7,100.0,238.0,2916.0,1.48,37.0,14.94,6.99,36.01,28.93,0.0,246.0,1200.0
146162.146,59762.146,140.0,91.10000000000001,22.59,16.03,172.5,33.45,151.8,28.94,33.38,33.65,90.5,15.5,57.0,100.0,241.5,2918.0,1.3800000000000001,37.050000000000004,15.07,7.01,36.13,28.98,0.0,242.0,1200.0
146222.146,59822.146,140.0,90.60000000000001,22.68,16.04,172.5,33.5,152.4,29.02,33.38,33.85,94.0,15.450000000000001,57.2,99.60000000000001,242.0,2922.0,1.53,37.050000000000004,15.05,7.03,35.99,29.01,1.0,240.5,1200.0
146282.146,59882.146,140.0,92.60000000000001,22.68,16.07,171.0,33.5,150.6,28.92,33.29,33.85,89.0,15.600000000000001,57.300000000000004,99.7,246.0,2921.0,1.48,36.95,14.99,7.05,35.99,28.96,3.0,248.5,1200.0
146342.146,59942.146,140.0,91.10000000000001,22.68,16.05,171.5,33.6,152.4,29.0,33.21,33.95,92.0,15.600000000000001,57.1,100.0,242.0,2918.0,1.37,37.2,14.97,7.03,35.910000000000004,28.97,1.0,247.0,1200.0
146402.145,60002.145,140.0,89.9,22.59,15.91,173.5,33.35,151.5,29.03,33.27,33.800000000000004,90.5,15.450000000000001,57.300000000000004,99.80000000000001,247.5,2920.0,1.35,37.0,15.0,7.01,35.99,28.96,0.0,246.5,1200.0
146462.145,60062.145,140.0,91.80000000000001,22.72,15.99,172.5,33.550000000000004,151.3,28.98,33.39,33.85,91.0,15.5,57.400000000000006,99.80000000000001,248.5,2925.0,1.49,37.2,15.01,6.99,35.95,28.990000000000002,0.0,250.0,1200.0
146522.145,60122.145,140.0,90.4,22.75,15.97,171.5,33.4,152.20000000000002,28.98,33.36,33.95,92.5,15.450000000000001,57.7,100.0,244.5,2917.0,1.5,37.15,14.94,7.0,36.1,28.990000000000002,2.0,246.0,1200.0
146582.145,60182.145,140.0,90.60000000000001,22.77,15.98,170.5,33.550000000000004,151.0,28.97,33.3,33.95,93.0,15.4,57.1,100.0,248.5,2923.0,1.43,37.2,14.950000000000001,7.07,35.93,28.990000000000002,0.0,246.5,1200.0
146642.145,60242.145,140.0,91.10000000000001,22.650000000000002,16.0,172.5,33.4,150.3,29.01,33.35,33.85,91.0,15.450000000000001,57.1,99.30000000000001,244.5,2922.0,1.3,37.0,14.96,7.0200000000000005,35.92,29.01,0.0,243.0,1200.0
146702.145,60302.145,140.0,90.2,22.76,16.0,171.0,33.45,152.1,28.98,33.37,33.9,92.0,15.5,57.7,99.80000000000001,244.0,2919.0,1.52,37.0,15.05,6.93,36.04,29.07,0.0,239.5,1200.0
146762.145,60362.145,140.0,91.60000000000001,22.68,16.07,170.0,33.5,151.9,29.01,33.39,33.9,92.0,15.55,57.5,99.5,242.0,2921.0,1.44,37.15,14.98,7.0,35.93,29.03,0.0,242.0,1200.0
146822.145,60422.145,140.0,89.60000000000001,22.69,15.96,172.5,33.4,149.1,28.95,33.39,33.9,92.0,15.600000000000001,57.300000000000004,100.0,247.5,2923.0,1.42,37.25,15.0,7.04,35.97,28.95,0.0,242.5,1200.0
146882.145,60482.145,140.0,90.30000000000001,22.64,15.96,170.5,33.5,150.6,28.93,33.33,33.85,88.5,15.5,57.300000000000004,99.7,245.0,2922.0,1.3900000000000001,37.15,14.96,7.04,36.01,28.97,1.0,245.5,1200.0
146942.145,60542.145,140.0,91.60000000000001,22.62,15.97,170.5,33.5,152.0,28.97,33.29,33.9,89.0,15.600000000000001,57.400000000000006,100.0,246.0,2916.0,1.3900000000000001,37.1,14.99,7.0,36.03,29.060000000000002,0.0,244.5,1200.0
147002.145,60602.145,140.0,91.60000000000001,22.6,15.99,170.5,33.4,151.4,29.04,33.29,33.95,90.5,15.5,57.2,100.0,245.0,2921.0,1.3900000000000001,37.1,15.01,7.0200000000000005,35.910000000000004,28.990000000000002,2.0,241.5,1200.0
147062.144,60662.144,140.0,91.10000000000001,22.67,15.98,171.5,33.5,152.5,29.01,33.33,33.75,91.0,15.55,57.400000000000006,99.80000000000001,247.0,2921.0,1.4000000000000001,37.1,15.07,7.0600000000000005,35.99,29.0,0.0,244.0,1200.0
147122.144,60722.144,140.0,91.0,22.61,15.98,170.5,33.45,150.8,29.09,33.32,33.800000000000004,91.5,15.4,56.800000000000004,100.0,241.0,2918.0,1.45,37.050000000000004,15.0,7.0600000000000005,35.94,28.990000000000002,1.0,247.5,1200.0
147182.144,60782.144,140.0,89.30000000000001,22.64,15.99,172.0,33.45,151.0,29.02,33.31,33.95,93.0,15.350000000000001,57.0,100.0,245.0,2922.0,1.46,37.25,15.02,6.94,35.96,29.03,2.0,246.5,1200.0
147242.144,60842.144,140.0,92.0,22.71,15.98,173.0,33.5,149.0,28.96,33.33,33.85,91.5,15.4,56.800000000000004,100.0,244.5,2921.0,1.44,37.0,14.91,6.98,36.1,28.93,0.0,244.5,1200.0
147302.144,60902.144,140.0,89.80000000000001,22.68,16.05,172.0,33.6,150.70000000000002,28.91,33.3,33.9,91.5,15.450000000000001,57.0,99.9,242.5,2916.0,1.35,37.2,14.98,7.07,35.99,28.96,0.0,246.0,1200.0
147362.144,60962.144,140.0,91.0,22.650000000000002,16.04,171.5,33.300000000000004,151.6,28.95,33.38,33.85,90.0,15.450000000000001,57.0,99.9,246.5,2919.0,1.3,37.15,14.93,6.99,36.04,28.97,1.0,243.5,1200.0
147422.144,61022.144,140.0,89.60000000000001,22.650000000000002,15.94,171.0,33.550000000000004,151.5,28.95,33.28,33.95,92.0,15.55,57.1,99.30000000000001,244.5,2921.0,1.43,36.95,14.98,6.98,36.06,28.990000000000002,0.0,242.0,1200.0
147482.144,61082.144,140.0,92.30000000000001,22.73,16.04,171.0,33.45,152.3,28.990000000000002,33.29,33.9,90.0,15.350000000000001,57.300000000000004,100.0,249.5,2922.0,1.35,37.25,14.97,6.95,36.03,28.96,1.0,244.0,1200.0
147542.144,61142.144,140.0,90.7,22.71,15.99,171.0,33.45,152.20000000000002,28.96,33.33,33.9,91.0,15.5,57.5,100.0,244.5,2914.0,1.44,36.95,15.08,6.97,35.980000000000004,29.0,0.0,242.5,1200.0
147602.144,61202.144,140.0,91.10000000000001,22.66,16.06,172.0,33.5,152.20000000000002,29.04,33.47,33.800000000000004,90.0,15.350000000000001,57.300000000000004,99.9,246.0,2921.0,1.32,37.0,15.02,6.97,35.99,29.01,0.0,246.5,1200.0
147662.144,61262.144,140.0,91.9,22.69,16.01,172.5,33.35,152.4,28.91,33.33,33.800000000000004,93.0,15.700000000000001,56.900000000000006,100.0,243.5,2917.0,1.34,37.2,15.01,6.97,36.01,29.0,0.0,242.0,1200.0
147722.143,61322.143,140.0,91.7,22.73,15.98,170.0,33.45,151.9,28.95,33.28,34.050000000000004,93.0,15.65,57.1,100.0,244.0,2919.0,1.33,37.050000000000004,14.950000000000001,7.0600000000000005,36.050000000000004,29.12,0.0,244.0,1200.0
147782.143,61382.143,140.0,91.0,22.72,15.98,169.0,33.45,153.70000000000002,28.91,33.3,33.9,93.0,15.4,57.400000000000006,99.9,244.0,2917.0,1.4000000000000001,37.1,15.09,6.98,36.03,29.03,0.0,245.5,1200.0
147842.143,61442.143,140.0,92.2,22.68,16.03,174.0,33.45,150.70000000000002,28.98,33.26,33.75,94.0,15.3,57.0,100.0,243.5,2918.0,1.5,36.9,15.01,7.0,36.02,28.990000000000002,2.0,241.5,1200.0
147902.143,61502.143,140.0,90.9,22.72,15.98,172.0,33.300000000000004,150.20000000000002,28.95,33.27,33.75,90.5,15.4,56.800000000000004,100.0,243.0,2918.0,1.3800000000000001,37.15,15.05,7.0200000000000005,35.99,28.98,0.0,241.0,1200.0
147962.143,61562.143,140.0,92.0,22.67,15.99,171.0,33.5,152.8,28.91,33.26,33.7,94.0,15.450000000000001,57.900000000000006,99.9,248.0,2918.0,1.36,37.050000000000004,14.97,7.11,35.99,29.05,0.0,246.0,1200.0
148022.143,61622.143,140.0,90.0,22.71,16.06,173.0,33.300000000000004,151.6,28.87,33.25,33.800000000000004,93.5,15.450000000000001,57.400000000000006,100.0,244.5,2914.0,1.17,36.95,14.950000000000001,7.01,36.02,29.02,1.0,240.0,1200.0
148082.143,61682.143,140.0,92.4,22.650000000000002,16.01,171.0,33.300000000000004,150.5,28.95,33.27,33.75,92.0,15.55,57.5,100.0,241.5,2911.0,1.52,36.9,14.94,6.98,35.99,29.1,0.0,244.5,1200.0
148142.143,61742.143,140.0,91.4,22.62,16.02,168.5,33.35,150.3,28.85,33.21,33.800000000000004,92.0,15.5,57.1,100.0,241.0,2909.0,1.41,37.0,14.99,7.0600000000000005,36.0,29.05,0.0,239.0,1200.0
148202.143,61802.143,140.0,91.0,22.64,15.97,171.5,33.35,151.1,28.95,33.26,33.85,90.0,15.450000000000001,57.300000000000004,99.7,243.5,2912.0,1.4000000000000001,37.15,14.98,7.0200000000000005,36.050000000000004,28.94,0.0,241.0,1200.0
148262.143,61862.143,140.0,89.30000000000001,22.7,16.02,170.0,33.300000000000004,150.6,28.89,33.15,33.85,91.5,15.4,57.1,99.80000000000001,245.5,2908.0,1.41,37.050000000000004,14.97,7.07,35.96,28.98,1.0,240.5,1200.0
148322.143,61922.143,140.0,91.10000000000001,22.66,16.06,170.5,33.35,150.5,28.76,33.230000000000004,33.65,92.5,15.5,57.300000000000004,100.0,240.5,2909.0,1.4000000000000001,36.95,15.05,6.96,35.96,29.07,0.0,243.5,1200.0
148382.142,61982.142,140.0,89.7,22.64,15.950000000000001,172.0,33.35,151.70000000000002,28.98,33.2,33.7,93.0,15.3,57.300000000000004,100.0,241.5,2917.0,1.5,37.050000000000004,15.02,7.01,35.96,29.02,0.0,240.5,1200.0
148442.142,62042.142,140.0,91.5,22.67,16.03,171.0,33.4,151.0,28.88,33.230000000000004,33.800000000000004,91.5,15.5,57.300000000000004,99.9,243.0,2913.0,1.58,37.0,15.01,7.07,36.0,28.990000000000002,0.0,245.5,1200.0
148502.142,62102.142,140.0,90.10000000000001,22.68,16.04,172.0,33.35,151.5,29.02,33.230000000000004,33.85,92.0,15.600000000000001,57.6,100.0,244.5,2915.0,1.48,37.0,14.99,7.01,36.04,29.0,0.0,242.0,1200.0
148562.142,62162.142,140.0,90.4,22.650000000000002,16.04,171.0,33.45,151.20000000000002,29.01,33.32,33.85,93.0,15.4,57.1,100.0,245.0,2910.0,1.34,37.050000000000004,14.93,6.99,36.050000000000004,28.900000000000002,3.0,243.5,1200.0
148622.142,62222.142,140.0,91.4,22.64,15.99,174.0,33.5,151.8,28.95,33.36,33.85,92.0,15.5,56.900000000000006,100.0,239.0,2912.0,1.35,36.95,15.06,6.98,35.95,29.04,0.0,247.5,1200.0
148682.142,62282.142,140.0,90.60000000000001,22.61,16.0,171.5,33.550000000000004,152.1,28.95,33.2,33.9,91.0,15.450000000000001,57.1,100.0,241.5,2917.0,1.5,36.9,15.01,7.0200000000000005,35.980000000000004,29.0,0.0,245.0,1200.0
148742.142,62342.142,140.0,91.60000000000001,22.68,16.0,172.0,33.45,150.8,29.1,33.31,33.95,90.5,15.450000000000001,57.300000000000004,99.9,249.0,2918.0,1.32,37.1,14.96,7.04,36.06,28.94,0.0,244.0,1200.0
148802.142,62402.142,140.0,91.7,22.67,16.01,172.0,33.4,150.1,29.0,33.2,33.95,91.5,15.450000000000001,57.2,100.0,240.5,2917.0,1.3800000000000001,37.0,14.99,7.0200000000000005,36.04,28.94,1.0,248.0,1200.0
148862.142,62462.142,140.0,91.2,22.68,15.97,170.5,33.45,152.8,29.04,33.31,33.9,89.5,15.450000000000001,56.800000000000004,100.0,244.0,2915.0,1.26,37.0,15.0,6.92,36.03,29.03,0.0,246.5,1200.0
148922.142,62522.142,140.0,92.60000000000001,22.61,16.0,170.0,33.550000000000004,152.70000000000002,29.04,33.3,33.95,90.0,15.65,56.900000000000006,99.9,241.5,2922.0,1.42,37.1,14.93,7.05,36.0,28.95,0.0,246.5,1200.0
148982.142,62582.142,140.0,91.80000000000001,22.67,16.01,173.5,33.45,149.8,29.0,33.28,34.0,93.0,15.5,57.2,100.0,237.5,2918.0,1.54,37.0,14.92,7.08,36.04,29.060000000000002,1.0,246.5,1200.0
149042.142,62642.142,140.0,91.7,22.64,15.950000000000001,170.5,33.35,151.5,28.98,33.3,33.9,93.5,15.55,57.800000000000004,100.0,239.0,2920.0,1.43,37.050000000000004,15.040000000000001,7.0,35.94,29.0,1.0,245.0,1200.0
149102.141,62702.141,140.0,90.30000000000001,22.7,15.870000000000001,172.5,33.6,151.70000000000002,29.04,33.26,33.85,91.0,15.450000000000001,57.300000000000004,100.0,242.0,2920.0,1.3800000000000001,37.1,14.98,6.97,35.97,29.04,2.0,247.5,1200.0
149162.141,62762.141,140.0,90.60000000000001,22.650000000000002,15.96,171.0,33.4,151.1,29.03,33.33,33.800000000000004,90.5,15.5,57.300000000000004,99.80000000000001,243.0,2920.0,1.33,37.1,15.0,7.0,36.01,28.97,2.0,250.0,1200.0
149222.141,62822.141,140.0,91.9,22.61,16.05,171.5,33.550000000000004,152.5,29.09,33.3,33.9,93.0,15.700000000000001,57.400000000000006,99.9,246.0,2929.0,1.27,37.050000000000004,15.02,7.0,36.03,28.97,0.0,248.5,1200.0
149282.141,62882.141,140.0,90.60000000000001,22.66,15.98,170.5,33.4,152.0,28.990000000000002,33.3,33.9,92.0,15.5,57.0,99.80000000000001,245.0,2924.0,1.49,37.15,15.01,7.04,36.03,29.080000000000002,1.0,243.5,1200.0
149342.141,62942.141,140.0,91.0,22.650000000000002,16.02,171.5,33.4,150.70000000000002,28.990000000000002,33.37,33.9,90.5,15.4,57.300000000000004,99.80000000000001,240.5,2922.0,1.24,37.2,15.030000000000001,6.99,36.01,29.03,3.0,245.0,1200.0
149402.141,63002.141,140.0,91.4,22.67,15.96,172.0,33.6,153.1,28.990000000000002,33.29,33.95,92.0,15.4,57.6,100.0,248.5,2918.0,1.46,37.0,14.99,6.96,35.99,28.900000000000002,1.0,243.5,1200.0
149462.141,63062.141,140.0,92.10000000000001,22.7,16.02,172.5,33.45,151.20000000000002,29.04,33.29,33.85,91.0,15.600000000000001,57.400000000000006,99.9,243.0,2922.0,1.3900000000000001,37.1,14.96,7.03,35.980000000000004,28.96,1.0,245.0,1200.0
149522.141,63122.141,140.0,90.30000000000001,22.740000000000002,15.94,171.5,33.4,151.5,29.0,33.37,33.9,90.5,15.4,57.1,99.9,246.0,2917.0,1.35,37.15,14.98,6.94,35.97,28.96,1.0,240.0,1200.0
149582.141,63182.141,140.0,91.0,22.68,16.0,172.0,33.300000000000004,151.3,29.18,33.25,34.0,91.0,15.450000000000001,57.6,100.0,244.5,2922.0,1.51,37.15,15.09,6.92,36.09,28.990000000000002,0.0,245.0,1200.0
149642.141,63242.141,140.0,90.9,22.650000000000002,15.96,173.0,33.45,150.20000000000002,29.0,33.410000000000004,34.0,94.0,15.5,56.800000000000004,100.0,246.5,2920.0,1.4000000000000001,37.300000000000004,14.96,7.09,35.97,29.03,1.0,244.5,1200.0
149702.141,63302.141,140.0,90.7,22.71,16.01,172.0,33.4,152.5,29.0,33.38,33.85,90.5,15.450000000000001,57.300000000000004,99.9,242.5,2924.0,1.41,37.050000000000004,15.030000000000001,7.03,36.03,29.080000000000002,4.0,245.0,1200.0
149762.141,63362.141,140.0,91.10000000000001,22.69,16.0,172.0,33.4,153.20000000000002,29.04,33.35,33.9,90.5,15.5,57.0,100.0,244.5,2920.0,1.3800000000000001,37.1,14.97,6.98,36.08,29.02,1.0,243.0,1200.0
149822.14,63422.14,140.0,90.10000000000001,22.66,16.06,172.0,33.550000000000004,151.70000000000002,28.91,33.26,33.7,91.5,15.65,56.900000000000006,99.80000000000001,245.5,2916.0,1.42,37.1,14.98,6.98,35.980000000000004,29.0,2.0,242.5,1200.0
149882.14,63482.14,140.0,91.2,22.62,15.950000000000001,171.5,33.300000000000004,151.3,28.95,33.36,33.95,93.5,15.4,57.400000000000006,99.9,243.5,2915.0,1.41,37.1,15.01,6.99,35.94,28.96,0.0,244.5,1200.0
149942.14,63542.14,140.0,90.5,22.72,15.94,173.5,33.35,150.1,28.96,33.32,33.95,94.0,15.4,57.400000000000006,99.9,245.0,2913.0,1.36,37.15,15.0,7.01,35.97,29.04,0.0,246.0,1200.0
150002.14,63602.14,140.0,92.30000000000001,22.6,16.01,172.0,33.5,151.6,29.02,33.26,33.9,93.5,15.350000000000001,56.800000000000004,99.60000000000001,240.5,2912.0,1.36,37.0,14.92,6.98,35.980000000000004,28.92,0.0,243.0,1200.0
150062.14,63662.14,140.0,90.7,22.62,15.99,173.0,33.35,151.8,28.95,33.21,33.9,91.5,15.450000000000001,57.2,99.9,237.5,2915.0,1.09,36.95,14.96,7.04,35.910000000000004,28.900000000000002,0.0,238.5,1200.0
150122.14,63722.14,140.0,91.0,22.68,16.12,172.5,33.4,150.8,28.91,33.27,33.800000000000004,92.5,15.4,57.6,100.0,236.5,2915.0,1.35,37.050000000000004,14.950000000000001,6.99,36.0,28.990000000000002,2.0,240.0,1200.0
150182.14,63782.14,140.0,90.0,22.650000000000002,15.97,171.0,33.4,150.9,28.98,33.25,33.9,92.5,15.600000000000001,57.1,100.0,240.0,2910.0,1.47,36.9,14.97,7.0200000000000005,35.97,29.02,3.0,244.0,1200.0
150242.14,63842.14,140.0,92.0,22.66,16.01,171.5,33.35,152.6,28.95,33.25,33.800000000000004,92.0,15.55,57.1,99.9,245.0,2910.0,1.24,37.050000000000004,15.0,7.0,35.99,29.03,0.0,241.0,1200.0
150302.14,63902.14,140.0,91.9,22.650000000000002,16.01,174.0,33.4,151.70000000000002,28.900000000000002,33.27,33.75,93.5,15.65,56.7,100.0,241.5,2915.0,1.44,37.0,15.030000000000001,6.99,35.96,28.900000000000002,0.0,245.0,1200.0
150362.14,63962.14,140.0,91.30000000000001,22.7,16.06,172.5,33.4,151.3,28.900000000000002,33.28,33.9,91.0,15.4,57.0,100.0,242.0,2909.0,1.44,36.9,15.01,7.0200000000000005,35.88,29.09,0.0,239.5,1200.0
150422.14,64022.14,140.0,90.7,22.580000000000002,16.01,173.0,33.45,152.0,28.94,33.32,33.65,92.5,15.4,57.6,100.0,241.5,2908.0,1.35,37.0,14.93,7.01,36.01,29.04,0.0,240.0,1200.0
150482.139,64082.139,140.0,91.2,22.61,15.96,172.0,33.4,151.3,28.94,33.33,33.75,90.5,15.600000000000001,57.1,100.0,244.0,2917.0,1.3800000000000001,36.85,15.0,6.98,36.01,28.93,1.0,247.0,1200.0
150542.139,64142.139,140.0,90.2,22.69,16.0,169.5,33.5,151.5,28.900000000000002,33.18,33.75,90.5,15.600000000000001,57.1,100.0,244.5,2913.0,1.5,36.85,14.99,7.0200000000000005,35.93,28.96,0.0,246.5,1200.0
150602.139,64202.139,140.0,90.80000000000001,22.6,16.02,170.5,33.45,150.0,29.01,33.27,33.800000000000004,90.5,15.5,57.6,100.0,246.5,2911.0,1.24,37.0,15.0,7.05,35.99,29.04,0.0,239.5,1200.0
150662.139,64262.139,140.0,92.30000000000001,22.64,16.02,171.0,33.35,151.6,29.01,33.36,33.800000000000004,90.5,15.5,57.6,99.5,249.0,2910.0,1.22,36.85,14.950000000000001,7.0,36.0,28.94,1.0,241.5,1200.0
150722.139,64322.139,140.0,90.30000000000001,22.66,16.01,169.5,33.4,152.70000000000002,28.990000000000002,33.18,33.75,93.0,15.450000000000001,57.2,100.0,243.0,2918.0,1.5,37.050000000000004,15.02,7.0200000000000005,35.96,29.0,0.0,241.5,1200.0
150782.139,64382.139,140.0,89.60000000000001,22.73,15.97,171.5,33.300000000000004,149.5,28.95,33.18,33.800000000000004,92.0,15.450000000000001,57.300000000000004,99.80000000000001,237.5,2915.0,1.28,37.15,14.99,7.05,36.03,29.02,0.0,247.5,1200.0
150842.139,64442.139,140.0,89.60000000000001,22.71,16.05,172.0,33.5,151.4,28.93,33.25,33.85,91.0,15.450000000000001,57.1,99.7,242.0,2914.0,1.36,36.9,14.96,7.0200000000000005,35.93,28.990000000000002,1.0,245.5,1200.0
150902.139,64502.139,140.0,90.9,22.68,16.05,172.5,33.300000000000004,152.6,28.85,33.21,33.65,91.5,15.450000000000001,57.800000000000004,100.0,241.0,2907.0,1.26,37.050000000000004,15.05,6.96,35.980000000000004,28.95,0.0,245.5,1200.0
150962.139,64562.139,140.0,90.2,22.75,15.98,171.5,33.35,152.8,28.990000000000002,33.25,33.800000000000004,91.0,15.5,58.1,100.0,246.5,2916.0,1.52,37.0,14.950000000000001,7.0200000000000005,36.02,29.01,0.0,244.5,1200.0
151022.139,64622.139,140.0,89.60000000000001,22.72,16.03,172.5,33.35,151.20000000000002,28.89,33.25,33.85,91.0,15.450000000000001,57.7,99.60000000000001,245.0,2915.0,1.32,37.2,14.99,7.03,35.96,29.0,0.0,242.5,1200.0
151082.139,64682.139,140.0,90.7,22.69,16.02,173.5,33.550000000000004,150.8,28.900000000000002,33.25,33.7,92.0,15.5,57.900000000000006,99.60000000000001,243.5,2923.0,1.44,37.15,15.11,7.01,35.96,29.0,0.0,245.5,1200.0
151142.139,64742.139,140.0,91.10000000000001,22.67,16.01,168.5,33.45,153.8,28.85,33.3,33.85,95.0,15.600000000000001,57.5,100.0,245.5,2914.0,1.42,37.050000000000004,15.0,6.99,36.06,29.04,0.0,243.0,1200.0
151202.139,64802.139,140.0,91.60000000000001,22.72,16.01,171.0,33.45,151.6,28.94,33.29,33.9,91.5,15.4,57.900000000000006,99.60000000000001,244.0,2915.0,1.57,36.95,14.98,7.05,36.04,29.01,2.0,246.5,1200.0
151262.138,64862.138,140.0,91.9,22.63,15.99,167.0,33.4,151.9,28.89,33.230000000000004,33.9,90.0,15.350000000000001,57.5,100.0,241.0,2918.0,1.57,37.1,15.05,6.98,36.0,29.0,0.0,243.0,1200.0
151322.138,64922.138,140.0,91.0,22.39,15.9,171.5,33.4,150.6,28.91,33.17,33.85,92.0,15.3,57.2,100.0,241.0,2908.0,1.22,37.050000000000004,14.97,6.96,35.92,28.990000000000002,0.0,242.0,1200.0
151382.138,64982.138,140.0,91.7,22.330000000000002,15.89,173.0,33.25,150.6,28.85,33.07,33.7,92.0,15.4,56.0,99.7,237.5,2902.0,1.47,37.0,15.01,7.0,36.050000000000004,29.03,0.0,239.5,1200.0
151442.138,65042.138,140.0,90.9,22.18,15.9,169.0,33.2,152.8,28.8,33.01,33.65,90.5,15.450000000000001,55.300000000000004,99.80000000000001,236.5,2889.0,1.37,36.85,14.99,6.96,35.980000000000004,29.02,0.0,230.5,1200.0
151502.138,65102.138,140.0,90.10000000000001,22.04,15.83,170.0,32.95,149.5,28.91,32.92,33.7,90.5,15.350000000000001,54.7,99.80000000000001,235.5,2882.0,1.45,36.85,14.950000000000001,6.99,36.050000000000004,29.09,0.0,232.0,1200.0
151562.138,65162.138,140.0,91.0,21.98,15.82,169.5,33.050000000000004,151.5,28.900000000000002,32.9,33.6,92.0,15.350000000000001,53.300000000000004,100.0,230.5,2877.0,1.46,36.7,15.030000000000001,6.97,36.07,28.95,0.0,231.5,1200.0
151622.138,65222.138,140.0,92.2,21.900000000000002,15.9,171.0,32.95,148.9,28.830000000000002,32.85,33.65,93.0,15.4,53.400000000000006,100.0,227.0,2872.0,1.46,36.550000000000004,14.950000000000001,7.0200000000000005,35.980000000000004,29.060000000000002,0.0,227.5,1200.0
151682.138,65282.138,140.0,89.9,21.830000000000002,15.81,170.0,33.1,152.5,28.85,32.87,33.75,90.5,15.200000000000001,52.800000000000004,100.0,226.0,2868.0,1.49,36.6,15.06,7.0,35.96,28.900000000000002,0.0,225.0,1200.0
151742.138,65342.138,140.0,91.10000000000001,21.63,15.65,170.0,33.050000000000004,151.9,28.92,32.92,33.75,91.0,15.200000000000001,52.7,100.0,228.5,2876.0,1.48,36.25,15.06,7.07,35.99,28.95,0.0,222.0,1200.0
151802.138,65402.138,140.0,91.30000000000001,21.56,15.51,171.0,33.0,150.4,28.93,32.89,33.7,89.0,15.100000000000001,52.300000000000004,100.0,229.0,2880.0,1.33,36.25,15.02,6.88,35.94,28.98,0.0,223.0,1200.0
151862.138,65462.138,140.0,91.9,21.54,15.700000000000001,168.5,32.95,151.4,28.88,32.84,33.6,89.5,15.100000000000001,52.2,98.2,227.5,2884.0,1.32,36.2,14.94,7.0,36.04,29.05,1.0,227.5,1200.0
151922.138,65522.138,140.0,92.5,21.77,15.84,170.0,32.95,151.1,28.86,32.84,33.65,91.0,15.350000000000001,52.900000000000006,98.2,223.0,2865.0,1.46,35.9,14.99,6.99,36.0,29.02,1.0,218.5,1200.0
151982.137,65582.137,140.0,91.10000000000001,21.92,15.870000000000001,170.5,33.1,151.1,28.91,32.8,33.75,92.0,15.350000000000001,53.300000000000004,100.0,225.5,2854.0,1.27,35.95,14.96,7.07,35.9,28.990000000000002,2.0,227.0,1200.0
152042.137,65642.137,140.0,90.0,22.06,16.0,168.0,32.800000000000004,150.9,28.77,32.77,33.7,92.5,15.600000000000001,53.5,100.0,222.5,2841.0,1.53,36.0,14.94,6.99,36.06,28.98,0.0,220.5,1200.0
152102.137,65702.137,140.0,91.2,22.14,16.13,169.5,32.9,152.4,28.77,32.81,33.5,92.5,15.65,53.7,99.80000000000001,219.5,2830.0,1.3800000000000001,35.95,15.030000000000001,6.97,36.050000000000004,29.09,0.0,226.5,1200.0
152162.137,65762.137,140.0,90.80000000000001,22.25,16.32,168.5,32.9,151.70000000000002,28.87,32.75,33.6,94.0,15.8,53.800000000000004,99.80000000000001,218.5,2826.0,1.54,35.800000000000004,15.030000000000001,7.0600000000000005,36.01,29.04,0.0,219.5,1200.0
152222.137,65822.137,140.0,91.2,22.36,16.29,170.5,32.9,152.70000000000002,28.84,32.84,33.550000000000004,92.0,15.8,54.1,99.5,217.0,2821.0,1.55,35.800000000000004,15.040000000000001,6.97,35.95,28.990000000000002,2.0,219.0,1200.0
152282.137,65882.137,140.0,89.4,22.51,16.25,169.5,33.1,150.1,28.740000000000002,32.86,33.6,93.0,15.65,54.300000000000004,100.0,223.0,2827.0,1.36,35.85,14.97,7.0200000000000005,35.980000000000004,28.96,0.0,220.5,1200.0
152342.137,65942.137,140.0,91.30000000000001,22.6,16.28,170.5,32.95,149.70000000000002,28.810000000000002,32.910000000000004,33.6,92.0,15.850000000000001,55.5,100.0,226.5,2846.0,1.41,35.9,14.99,6.98,35.92,29.04,2.0,229.0,1200.0
152402.137,66002.137,140.0,91.5,22.77,16.240000000000002,168.5,33.1,150.6,28.67,32.92,33.550000000000004,93.5,15.8,56.300000000000004,100.0,231.5,2855.0,1.45,35.9,14.97,7.04,35.93,29.03,0.0,227.5,1200.0
152462.137,66062.137,140.0,90.7,22.67,16.12,169.5,33.1,152.0,28.810000000000002,32.95,33.5,92.0,15.600000000000001,57.2,99.9,227.0,2873.0,1.46,36.2,14.93,6.96,35.95,28.97,0.0,231.5,1200.0
152522.137,66122.137,140.0,91.0,22.5,16.06,170.5,33.25,150.6,28.71,33.07,33.5,91.5,15.4,57.1,100.0,231.0,2868.0,1.44,36.2,14.96,7.05,35.97,28.990000000000002,0.0,231.0,1200.0
152582.137,66182.137,140.0,91.7,22.37,16.01,167.5,33.1,151.4,28.8,32.87,33.65,94.0,15.4,55.300000000000004,100.0,226.5,2871.0,1.4000000000000001,36.0,15.040000000000001,6.98,36.050000000000004,29.07,1.0,229.5,1200.0
152642.137,66242.137,140.0,90.30000000000001,22.19,15.97,167.5,32.95,151.4,28.95,33.01,33.6,93.5,15.600000000000001,55.1,100.0,225.0,2870.0,1.34,36.15,15.05,7.07,35.9,28.990000000000002,0.0,228.5,1200.0
152702.137,66302.137,140.0,93.4,22.16,15.93,169.5,32.9,152.20000000000002,28.84,32.87,33.550000000000004,95.5,15.450000000000001,54.0,100.0,226.0,2866.0,1.31,36.15,14.99,7.0,36.02,29.05,0.0,228.5,1200.0
152762.136,66362.136,140.0,91.2,21.98,15.93,168.5,33.0,152.1,28.82,32.9,33.6,91.5,15.4,53.5,99.9,226.0,2861.0,1.48,36.15,15.01,7.03,35.96,28.97,1.0,224.5,1200.0
152822.136,66422.136,140.0,91.9,21.78,15.89,171.5,32.800000000000004,150.5,28.87,32.82,33.7,93.0,15.3,53.900000000000006,100.0,226.0,2858.0,1.31,36.1,14.98,6.95,36.0,29.0,0.0,225.0,1200.0
152882.136,66482.136,140.0,90.9,21.73,15.8,169.5,32.9,151.5,28.82,32.83,33.65,92.5,15.350000000000001,53.400000000000006,100.0,222.0,2856.0,1.2,36.050000000000004,14.98,7.0200000000000005,35.92,28.98,0.0,223.0,1200.0
152942.136,66542.136,140.0,89.80000000000001,21.64,15.65,168.0,32.85,152.6,28.86,32.82,33.7,91.0,15.200000000000001,52.1,99.9,227.0,2868.0,1.42,35.800000000000004,14.99,6.99,35.97,28.900000000000002,3.0,224.5,1200.0
153002.136,66602.136,140.0,91.5,21.48,15.48,170.0,32.85,151.70000000000002,28.78,32.75,33.75,90.5,15.15,52.6,99.30000000000001,225.5,2890.0,1.3900000000000001,35.9,14.98,6.99,35.99,29.1,0.0,224.5,1200.0
153062.136,66662.136,140.0,92.30000000000001,21.45,15.620000000000001,166.5,32.9,150.8,28.87,32.71,33.7,91.0,15.15,51.6,92.9,218.0,2891.0,1.48,35.95,14.96,7.05,36.02,28.97,0.0,220.0,1200.0
153122.136,66722.136,140.0,92.0,21.41,15.620000000000001,168.5,32.65,151.70000000000002,28.830000000000002,32.61,33.75,90.5,15.200000000000001,51.300000000000004,90.10000000000001,221.0,2892.0,1.34,35.9,15.030000000000001,7.03,36.03,28.95,0.0,219.0,1200.0
153182.136,66782.136,140.0,91.0,21.47,15.74,169.5,32.65,151.3,28.82,32.57,33.7,92.0,15.4,49.800000000000004,86.0,212.5,2894.0,1.35,35.75,14.97,6.96,36.04,29.03,1.0,214.5,1200.0
153242.136,66842.136,140.0,89.5,21.44,15.75,167.5,32.800000000000004,152.9,28.88,32.480000000000004,33.75,91.5,15.4,49.900000000000006,83.30000000000001,210.5,2892.0,1.4000000000000001,35.85,14.98,6.98,35.99,29.03,1.0,211.0,1200.0
153302.136,66902.136,140.0,92.9,21.47,15.81,169.0,32.5,153.0,28.89,32.57,33.800000000000004,89.5,15.350000000000001,49.300000000000004,81.4,209.5,2893.0,1.3800000000000001,35.800000000000004,14.96,6.98,36.04,29.05,1.0,206.0,1200.0
153362.136,66962.136,140.0,91.0,21.330000000000002,15.870000000000001,168.0,32.6,151.5,28.8,32.45,33.800000000000004,91.0,15.450000000000001,49.7,78.9,204.5,2891.0,1.33,35.75,14.99,7.03,35.99,29.150000000000002,0.0,203.0,1200.0
153422.136,67022.136,140.0,91.30000000000001,21.34,15.860000000000001,167.0,32.4,151.1,28.93,32.52,33.85,90.5,15.3,48.5,76.5,203.0,2895.0,1.26,35.75,14.97,7.09,36.01,28.93,1.0,206.0,1200.0
153482.135,67082.135,140.0,91.60000000000001,21.330000000000002,15.82,166.0,32.45,150.1,28.84,32.410000000000004,33.85,92.0,15.4,48.7,74.9,205.5,2899.0,1.46,35.75,15.02,6.93,35.88,29.07,1.0,206.5,1200.0
153542.135,67142.135,140.0,91.0,21.3,15.9,166.0,32.7,150.70000000000002,28.87,32.28,33.75,91.0,15.55,48.400000000000006,74.0,203.0,2896.0,1.26,35.7,15.01,7.0200000000000005,36.09,28.95,1.0,200.5,1200.0
153602.135,67202.135,140.0,90.7,21.31,15.89,167.0,32.7,150.6,28.900000000000002,32.42,33.65,90.5,15.5,48.400000000000006,73.2,203.5,2899.0,1.44,35.65,15.040000000000001,7.05,35.96,29.02,2.0,205.0,1200.0
153662.135,67262.135,140.0,90.7,21.36,15.8,168.0,32.35,150.1,28.77,32.27,33.75,91.0,15.350000000000001,48.2,72.2,194.0,2896.0,1.46,35.65,14.99,7.04,35.97,29.0,1.0,201.5,1200.0
153722.135,67322.135,140.0,90.7,21.36,15.89,164.5,32.45,151.1,28.830000000000002,32.36,33.800000000000004,92.0,15.55,48.0,71.8,198.5,2903.0,1.3900000000000001,35.550000000000004,14.99,6.98,36.0,28.88,2.0,197.5,1200.0
153782.135,67382.135,140.0,89.60000000000001,21.29,15.870000000000001,165.5,32.4,149.20000000000002,28.78,32.37,33.800000000000004,91.0,15.4,48.2,71.3,200.0,2899.0,1.53,35.75,15.1,7.04,36.02,28.96,1.0,202.0,1200.0
153842.135,67442.135,140.0,90.60000000000001,21.38,15.93,168.0,32.45,151.20000000000002,28.77,32.28,33.7,90.0,15.3,47.800000000000004,70.60000000000001,201.0,2893.0,1.53,35.85,15.06,7.01,35.99,29.05,0.0,196.5,1200.0
153902.135,67502.135,140.0,91.4,21.36,15.94,166.0,32.35,152.6,28.8,32.33,33.800000000000004,92.5,15.4,47.900000000000006,70.7,200.5,2898.0,1.44,35.7,14.94,7.08,36.01,29.05,2.0,197.0,1200.0
153962.135,67562.135,140.0,91.60000000000001,21.25,15.92,166.5,32.35,151.3,28.89,32.2,33.7,93.0,15.5,48.0,69.7,203.0,2896.0,1.35,35.6,14.97,7.0200000000000005,35.980000000000004,28.97,1.0,200.5,1200.0
154022.135,67622.135,140.0,88.9,21.31,15.9,165.5,32.35,150.70000000000002,28.86,32.29,33.65,90.5,15.55,47.7,70.4,198.0,2894.0,1.41,35.65,14.96,7.0200000000000005,36.01,29.0,0.0,199.0,1200.0
154082.135,67682.135,140.0,89.5,21.3,15.950000000000001,167.5,32.550000000000004,150.0,28.77,32.31,33.75,91.0,15.55,47.0,69.4,194.0,2895.0,1.59,35.5,15.02,7.0200000000000005,36.03,28.990000000000002,0.0,201.0,1200.0
154142.135,67742.135,140.0,90.5,21.37,15.98,167.5,32.4,151.3,28.84,32.27,33.75,92.0,15.450000000000001,47.1,69.2,201.0,2896.0,1.59,35.65,14.96,6.97,35.910000000000004,29.04,0.0,200.5,1200.0
154202.135,67802.135,140.0,91.9,21.3,15.97,165.0,32.25,152.6,28.73,32.26,33.800000000000004,91.0,15.65,47.0,68.9,197.5,2894.0,1.44,35.550000000000004,14.98,7.07,35.99,29.04,1.0,194.0,1200.0
154262.134,67862.134,140.0,89.2,21.400000000000002,15.97,166.5,32.300000000000004,150.4,28.76,32.28,33.85,92.5,15.55,47.5,69.8,194.0,2890.0,1.62,35.550000000000004,15.0,6.97,35.910000000000004,28.990000000000002,0.0,193.0,1200.0
154322.134,67922.134,140.0,91.7,21.46,16.03,167.5,32.35,151.8,28.79,32.32,33.65,92.0,15.8,48.300000000000004,70.5,197.0,2885.0,1.47,35.5,15.01,6.91,36.01,28.990000000000002,0.0,200.0,1200.0
154382.134,67982.134,140.0,90.9,21.47,16.13,166.5,32.25,151.6,28.810000000000002,32.26,33.75,94.0,15.65,48.5,71.9,197.5,2882.0,1.34,35.5,15.030000000000001,7.01,36.02,29.080000000000002,0.0,198.0,1200.0
154442.134,68042.134,140.0,92.10000000000001,21.56,16.14,164.5,32.5,152.9,28.79,32.35,33.7,92.0,15.55,48.1,73.7,196.0,2871.0,1.3800000000000001,35.45,15.05,6.99,36.0,29.03,0.0,202.0,1200.0
154502.134,68102.134,140.0,88.30000000000001,21.67,16.14,166.0,32.45,152.5,28.85,32.37,33.85,91.5,15.75,48.7,75.2,197.0,2866.0,1.48,35.550000000000004,14.96,7.07,36.03,29.03,0.0,200.5,1200.0
154562.134,68162.134,140.0,90.2,21.76,16.2,168.0,32.550000000000004,149.9,28.87,32.42,33.7,92.0,15.75,49.7,78.60000000000001,200.5,2868.0,1.5,35.5,15.0,7.0200000000000005,35.95,29.05,0.0,199.0,1200.0
154622.134,68222.134,140.0,91.4,21.8,16.16,167.5,32.65,152.20000000000002,28.830000000000002,32.46,33.7,91.5,15.850000000000001,50.0,82.4,206.0,2855.0,1.37,35.550000000000004,15.02,6.91,36.050000000000004,28.94,0.0,206.5,1200.0
154682.134,68282.134,140.0,91.0,21.830000000000002,16.2,168.0,32.7,149.4,28.87,32.59,33.85,92.0,15.55,50.800000000000004,85.4,201.0,2854.0,1.3800000000000001,35.550000000000004,15.0,7.01,35.93,29.0,0.0,204.5,1200.0
154742.134,68342.134,140.0,91.0,21.93,16.25,169.0,32.75,151.5,28.82,32.62,33.85,93.0,15.65,51.1,89.10000000000001,211.0,2843.0,1.41,35.5,14.98,7.01,36.03,28.95,3.0,211.5,1200.0
154802.134,68402.134,140.0,89.4,22.0,16.17,169.0,32.85,152.0,28.85,32.69,33.7,90.5,15.65,52.0,92.0,216.5,2839.0,1.35,35.550000000000004,15.01,7.01,35.980000000000004,29.05,0.0,215.5,1200.0
154862.134,68462.134,140.0,92.0,21.94,16.17,165.0,32.800000000000004,151.0,28.89,32.68,33.6,90.5,15.850000000000001,52.7,94.4,208.5,2839.0,1.45,35.45,14.96,6.96,35.95,29.01,2.0,213.5,1200.0
154922.134,68522.134,140.0,91.9,21.89,16.1,168.0,32.75,152.1,28.82,32.65,33.6,93.5,15.65,53.1,93.60000000000001,216.5,2840.0,1.34,35.7,15.01,7.0,35.92,28.98,1.0,211.0,1200.0
154982.134,68582.134,140.0,90.0,21.91,16.12,167.5,32.800000000000004,150.1,28.86,32.58,33.65,94.5,15.55,52.300000000000004,93.10000000000001,211.5,2840.0,1.45,35.65,14.96,6.98,36.04,28.97,0.0,212.5,1200.0
155042.134,68642.134,140.0,91.2,21.88,16.11,170.0,32.800000000000004,151.4,28.77,32.75,33.7,90.5,15.5,52.1,93.2,216.5,2846.0,1.42,35.7,14.94,7.0,36.0,29.01,1.0,215.5,1200.0
155102.133,68702.133,140.0,91.5,21.8,16.0,165.5,32.800000000000004,151.3,28.77,32.63,33.7,90.5,15.700000000000001,51.800000000000004,91.30000000000001,213.5,2843.0,1.46,35.6,15.01,7.01,35.95,29.09,0.0,211.5,1200.0
155162.133,68762.133,140.0,89.80000000000001,21.79,15.92,168.0,32.65,150.9,28.86,32.62,33.550000000000004,91.5,15.65,50.800000000000004,90.60000000000001,214.5,2855.0,1.41,35.65,15.01,6.97,35.980000000000004,28.93,3.0,210.5,1200.0
155222.133,68822.133,140.0,91.7,21.63,15.92,164.5,32.75,151.4,28.71,32.53,33.65,92.0,15.55,51.6,88.9,211.5,2860.0,1.41,35.6,15.040000000000001,7.03,36.050000000000004,29.060000000000002,0.0,210.5,1200.0
155282.133,68882.133,140.0,90.7,21.75,15.94,169.0,32.65,151.9,28.75,32.480000000000004,33.65,91.5,15.5,51.1,88.30000000000001,211.0,2860.0,1.44,35.45,14.97,7.05,36.0,28.98,0.0,207.5,1200.0
155342.133,68942.133,140.0,90.5,21.66,15.9,165.5,32.7,152.6,28.810000000000002,32.49,33.550000000000004,92.0,15.450000000000001,51.1,86.10000000000001,217.5,2863.0,1.51,35.6,14.98,6.98,35.99,29.02,0.0,208.0,1200.0
155402.133,69002.133,140.0,91.7,21.57,15.950000000000001,166.5,32.65,151.0,28.73,32.53,33.6,90.0,15.55,50.0,84.9,205.5,2868.0,1.1400000000000001,35.550000000000004,14.950000000000001,7.0200000000000005,35.99,29.01,1.0,207.0,1200.0
155462.133,69062.133,140.0,92.5,21.63,15.99,170.0,32.75,152.1,28.78,32.38,33.5,91.0,15.55,50.5,83.2,207.5,2870.0,1.25,35.550000000000004,14.99,6.98,36.08,29.02,0.0,207.0,1200.0
155522.133,69122.133,140.0,91.2,21.62,15.93,168.0,32.6,151.6,28.8,32.46,33.65,91.5,15.55,50.6,81.7,204.0,2874.0,1.32,35.550000000000004,14.92,7.03,36.0,29.07,0.0,206.0,1200.0
155582.133,69182.133,140.0,92.10000000000001,21.57,15.88,167.5,32.5,151.5,28.900000000000002,32.49,33.75,92.0,15.600000000000001,50.0,80.5,211.0,2871.0,1.3,35.6,14.99,6.97,35.97,28.990000000000002,0.0,202.0,1200.0
155642.133,69242.133,140.0,91.10000000000001,21.52,15.96,166.0,32.5,151.8,28.68,32.32,33.75,92.5,15.600000000000001,49.2,78.5,204.0,2876.0,1.3800000000000001,35.6,15.02,6.99,36.02,29.04,0.0,207.5,1200.0
155702.133,69302.133,140.0,91.9,21.46,15.950000000000001,167.0,32.550000000000004,152.70000000000002,28.73,32.410000000000004,33.65,89.5,15.450000000000001,49.300000000000004,77.5,205.5,2881.0,1.3900000000000001,35.4,15.02,7.03,35.99,29.0,2.0,203.0,1200.0
155762.133,69362.133,140.0,91.5,21.44,15.93,168.0,32.35,151.9,28.72,32.34,33.7,91.5,15.5,49.1,76.0,202.5,2883.0,1.26,35.5,14.950000000000001,7.01,36.02,28.990000000000002,2.0,205.5,1200.0
155822.133,69422.133,140.0,91.5,21.38,16.01,166.5,32.5,151.9,28.77,32.3,33.65,90.0,15.55,48.7,74.8,203.0,2886.0,1.3,35.45,15.040000000000001,7.07,36.1,28.990000000000002,1.0,204.0,1200.0
155882.132,69482.132,140.0,92.80000000000001,21.35,15.94,166.5,32.35,150.70000000000002,28.830000000000002,32.28,33.75,91.0,15.450000000000001,47.800000000000004,73.7,199.0,2888.0,1.3900000000000001,35.45,14.99,7.04,35.96,28.98,0.0,201.5,1200.0
155942.132,69542.132,140.0,90.5,21.29,15.85,165.0,32.35,152.20000000000002,28.69,32.27,33.800000000000004,92.5,15.350000000000001,48.300000000000004,72.8,204.5,2885.0,1.62,35.6,15.05,7.01,35.980000000000004,29.03,0.0,198.5,1200.0
156002.132,69602.132,140.0,89.30000000000001,21.32,15.950000000000001,164.5,32.4,151.20000000000002,28.67,32.3,33.65,91.5,15.55,48.300000000000004,71.60000000000001,202.5,2894.0,1.41,35.45,15.07,6.93,36.04,29.02,0.0,201.0,1200.0
156062.132,69662.132,140.0,90.4,21.36,15.85,165.5,32.35,152.9,28.8,32.24,33.85,92.0,15.350000000000001,47.1,71.5,199.5,2889.0,1.4000000000000001,35.5,15.030000000000001,7.01,35.910000000000004,29.01,1.0,199.5,1200.0
156122.132,69722.132,140.0,92.10000000000001,21.36,15.94,166.0,32.4,151.5,28.77,32.31,33.85,91.0,15.4,48.1,70.8,195.5,2890.0,1.37,35.5,14.98,6.94,36.03,29.02,0.0,195.0,1200.0
156182.132,69782.132,140.0,90.4,21.34,15.99,165.0,32.2,152.3,28.72,32.22,33.6,93.0,15.5,48.2,70.60000000000001,198.0,2892.0,1.25,35.45,14.950000000000001,7.0,36.04,29.02,0.0,200.0,1200.0
156242.132,69842.132,140.0,89.9,21.34,15.97,167.5,32.25,151.4,28.7,32.21,33.7,92.5,15.55,46.800000000000004,70.4,202.0,2896.0,1.54,35.4,14.96,7.04,36.02,28.96,0.0,196.5,1200.0
156302.132,69902.132,140.0,91.4,21.400000000000002,15.9,165.0,32.4,152.1,28.73,32.32,33.800000000000004,92.5,15.55,48.0,70.5,201.5,2889.0,1.5,35.6,15.05,7.0200000000000005,35.92,28.91,1.0,195.0,1200.0
156362.132,69962.132,140.0,90.5,21.37,15.96,166.5,32.300000000000004,150.4,28.79,32.22,33.7,90.0,15.55,47.900000000000006,70.4,197.5,2891.0,1.42,35.5,14.97,6.96,35.96,28.92,0.0,201.0,1200.0
156422.132,70022.132,140.0,91.7,21.37,15.99,166.5,32.25,151.0,28.7,32.18,33.550000000000004,92.0,15.600000000000001,48.1,70.5,200.5,2887.0,1.51,35.45,15.0,7.0200000000000005,36.01,29.0,0.0,198.0,1200.0
156482.132,70082.132,140.0,92.7,21.400000000000002,16.02,166.0,32.300000000000004,149.0,28.73,32.2,33.75,91.0,15.5,48.300000000000004,70.60000000000001,196.5,2890.0,1.35,35.6,14.93,7.04,36.01,28.95,0.0,199.0,1200.0
156542.132,70142.132,140.0,92.2,21.43,15.99,164.5,32.35,152.6,28.67,32.29,33.800000000000004,91.5,15.65,47.900000000000006,71.0,194.0,2884.0,1.3,35.6,14.97,6.96,35.97,28.98,0.0,192.5,1200.0
156602.132,70202.132,140.0,90.5,21.38,16.07,165.0,32.35,150.70000000000002,28.67,32.22,33.9,90.5,15.55,48.800000000000004,71.10000000000001,194.5,2881.0,1.44,35.550000000000004,14.98,7.0200000000000005,36.06,29.0,0.0,198.0,1200.0
156662.132,70262.132,140.0,89.30000000000001,21.37,16.02,165.5,32.4,151.5,28.73,32.28,33.6,91.5,15.55,48.400000000000006,70.3,194.0,2882.0,1.21,35.5,15.030000000000001,6.99,35.99,28.96,0.0,194.0,1200.0
156722.131,70322.131,140.0,91.7,21.28,15.92,163.5,32.2,150.70000000000002,28.740000000000002,32.25,33.7,95.0,15.450000000000001,47.7,70.2,194.0,2884.0,1.36,35.35,14.98,6.99,36.03,28.98,0.0,194.5,1200.0
156782.131,70382.131,140.0,89.60000000000001,21.37,16.01,167.0,32.35,152.0,28.740000000000002,32.2,33.75,92.5,15.5,47.6,69.5,196.0,2882.0,1.29,35.35,14.98,6.99,36.04,28.91,0.0,194.5,1200.0
156842.131,70442.131,140.0,91.4,21.43,15.950000000000001,165.5,32.35,152.3,28.76,32.24,33.7,91.5,15.450000000000001,47.0,69.10000000000001,192.0,2888.0,1.33,35.35,14.99,7.03,35.97,28.990000000000002,0.0,199.5,1200.0
156902.131,70502.131,140.0,91.60000000000001,21.28,16.0,166.5,32.5,151.6,28.76,32.29,33.85,94.0,15.600000000000001,47.2,68.8,198.0,2895.0,1.24,35.45,15.01,6.95,35.97,28.97,0.0,197.5,1200.0
156962.131,70562.131,140.0,92.5,21.25,16.02,164.5,32.25,152.5,28.77,32.25,33.9,92.5,15.55,47.5,68.3,198.0,2895.0,1.2,35.5,14.97,7.03,36.01,29.01,1.0,195.5,1200.0
157022.131,70622.131,140.0,90.60000000000001,21.18,15.9,164.0,32.35,152.0,28.71,32.19,33.9,92.0,15.4,47.6,68.0,194.5,2895.0,1.48,35.45,15.0,7.0200000000000005,36.06,28.94,0.0,193.5,1200.0
157082.131,70682.131,140.0,91.7,21.28,15.98,165.0,32.35,151.4,28.79,32.24,33.800000000000004,91.5,15.4,46.900000000000006,66.8,197.0,2905.0,1.41,35.5,15.06,6.99,36.02,29.03,0.0,194.0,1200.0
157142.131,70742.131,140.0,90.60000000000001,21.2,15.96,164.5,32.25,149.5,28.86,32.31,33.800000000000004,92.5,15.450000000000001,46.5,66.10000000000001,189.0,2905.0,1.3900000000000001,35.5,14.93,7.0200000000000005,36.04,28.95,1.0,194.5,1200.0
157202.131,70802.131,140.0,91.7,21.25,15.93,166.5,32.35,151.70000000000002,28.82,32.2,33.800000000000004,93.5,15.5,46.900000000000006,65.7,195.0,2903.0,1.3900000000000001,35.45,14.97,6.99,36.02,29.04,0.0,193.5,1200.0
157262.131,70862.131,140.0,90.30000000000001,21.12,15.93,166.0,32.300000000000004,150.6,28.810000000000002,32.27,33.9,92.0,15.450000000000001,46.7,65.10000000000001,193.0,2908.0,1.37,35.550000000000004,14.97,6.98,36.08,29.0,0.0,195.5,1200.0
157322.131,70922.131,140.0,91.2,21.17,15.93,164.5,32.300000000000004,151.20000000000002,28.82,32.26,34.050000000000004,91.0,15.600000000000001,46.0,63.900000000000006,196.5,2909.0,1.42,35.5,14.99,6.99,36.03,28.96,2.0,190.0,1200.0
157382.131,70982.131,140.0,90.9,21.11,15.93,167.5,32.35,149.70000000000002,28.8,32.2,33.85,92.5,15.55,46.300000000000004,64.2,196.0,2913.0,1.48,35.5,14.85,7.01,36.050000000000004,29.0,1.0,196.5,1200.0
157442.131,71042.131,140.0,91.60000000000001,21.13,15.96,166.0,32.4,151.3,28.78,32.12,34.15,94.5,15.5,46.300000000000004,63.7,195.5,2912.0,1.46,35.550000000000004,14.97,7.03,36.01,28.97,2.0,197.0,1200.0
157502.131,71102.131,140.0,89.9,21.150000000000002,15.89,166.0,32.25,151.3,28.91,32.25,33.95,92.5,15.55,46.6,63.6,192.5,2915.0,1.33,35.550000000000004,15.040000000000001,7.0,36.12,29.03,2.0,196.5,1200.0
157562.13,71162.13,140.0,90.9,21.07,15.950000000000001,168.0,32.15,151.5,28.89,32.19,33.95,91.0,15.4,46.300000000000004,62.800000000000004,190.5,2917.0,1.48,35.7,14.98,7.01,36.0,29.03,3.0,194.5,1200.0
157622.13,71222.13,140.0,90.30000000000001,21.12,15.950000000000001,163.5,32.300000000000004,153.3,28.88,32.25,34.0,92.0,15.450000000000001,45.7,62.6,193.0,2914.0,1.43,35.6,15.05,7.04,36.0,28.84,0.0,191.5,1200.0
157682.13,71282.13,140.0,91.80000000000001,21.09,15.94,165.5,32.4,151.3,28.82,32.22,33.9,90.0,15.5,46.1,62.6,188.5,2920.0,1.45,35.5,15.06,6.97,36.06,29.03,0.0,191.0,1200.0
157742.13,71342.13,140.0,90.5,21.13,15.91,166.0,32.15,151.20000000000002,28.77,32.15,33.95,92.0,15.65,45.800000000000004,61.5,190.5,2918.0,1.41,35.550000000000004,15.06,7.04,35.980000000000004,29.05,0.0,187.5,1200.0
157802.13,71402.13,140.0,90.4,21.09,15.94,165.5,32.35,150.4,28.86,32.26,34.050000000000004,91.5,15.65,46.0,61.300000000000004,193.0,2917.0,1.41,35.75,15.08,6.96,36.03,28.98,0.0,191.5,1200.0
157862.13,71462.13,140.0,90.5,21.18,16.01,163.0,32.15,150.9,28.89,32.18,34.050000000000004,92.0,15.600000000000001,45.2,62.2,192.0,2910.0,1.37,35.550000000000004,14.96,6.99,35.980000000000004,28.98,0.0,190.5,1200.0
157922.13,71522.13,140.0,90.5,21.27,15.96,165.5,32.35,150.8,28.8,32.14,33.85,91.0,15.65,46.0,62.5,194.5,2910.0,1.29,35.550000000000004,14.99,7.01,36.01,29.02,0.0,187.0,1200.0
157982.13,71582.13,140.0,91.4,21.31,16.07,166.0,32.45,150.6,28.75,32.160000000000004,33.85,91.5,15.600000000000001,47.1,63.5,191.0,2902.0,1.29,35.550000000000004,15.040000000000001,7.0,36.01,29.04,0.0,189.0,1200.0
158042.13,71642.13,140.0,89.4,21.34,16.09,167.5,32.4,152.70000000000002,28.8,32.28,33.85,93.0,15.65,46.900000000000006,64.3,192.5,2897.0,1.42,35.550000000000004,15.01,7.0200000000000005,35.95,29.04,0.0,191.5,1200.0
158102.13,71702.13,140.0,93.4,21.490000000000002,16.14,165.5,32.300000000000004,150.9,28.87,32.11,33.85,92.5,15.700000000000001,47.300000000000004,66.9,194.0,2894.0,1.33,35.65,15.0,6.96,36.11,28.93,0.0,190.5,1200.0
158162.13,71762.13,140.0,92.30000000000001,21.5,16.11,165.5,32.4,153.0,28.75,32.230000000000004,33.75,91.5,15.8,47.6,67.8,192.5,2884.0,1.4000000000000001,35.7,15.02,7.1000000000000005,36.09,29.0,0.0,195.0,1200.0
158222.13,71822.13,140.0,92.10000000000001,21.54,16.16,168.0,32.25,151.70000000000002,28.85,32.26,33.7,91.5,15.700000000000001,48.0,70.0,195.0,2872.0,1.49,35.7,15.040000000000001,7.01,36.02,28.94,0.0,196.5,1200.0
158282.13,71882.13,140.0,91.30000000000001,21.59,16.2,166.5,32.35,148.6,28.79,32.3,33.75,93.5,15.700000000000001,48.0,72.0,198.0,2868.0,1.55,35.5,14.96,7.05,35.89,28.97,0.0,196.0,1200.0
158342.13,71942.13,140.0,91.7,21.64,16.1,164.5,32.5,152.9,28.740000000000002,32.230000000000004,33.800000000000004,91.5,15.700000000000001,48.800000000000004,73.60000000000001,189.5,2865.0,1.49,35.65,14.98,7.01,36.1,29.02,0.0,198.0,1200.0
158402.13,72002.13,140.0,92.4,21.740000000000002,16.22,165.5,32.45,151.20000000000002,28.77,32.28,33.6,94.5,15.700000000000001,49.0,75.7,202.5,2860.0,1.6,35.6,15.0,6.97,36.1,29.01,0.0,198.0,1200.0
158462.129,72062.129,140.0,89.60000000000001,21.69,16.16,171.0,32.550000000000004,150.5,28.73,32.27,33.550000000000004,89.0,15.700000000000001,49.300000000000004,77.5,200.0,2860.0,1.33,35.550000000000004,14.96,7.05,36.02,29.0,2.0,202.0,1200.0
158522.129,72122.129,140.0,92.2,21.56,16.14,168.5,32.65,151.0,28.8,32.39,33.6,90.5,15.700000000000001,49.0,77.60000000000001,204.0,2859.0,1.4000000000000001,35.5,15.02,7.04,36.01,29.13,1.0,202.5,1200.0
158582.129,72182.129,140.0,90.7,21.580000000000002,16.080000000000002,168.0,32.5,151.20000000000002,28.75,32.44,33.7,92.0,15.5,49.300000000000004,77.80000000000001,202.0,2864.0,1.48,35.5,14.98,7.05,36.0,28.990000000000002,1.0,200.0,1200.0
158642.129,72242.129,140.0,91.7,21.61,16.07,166.5,32.550000000000004,152.1,28.78,32.31,33.7,92.0,15.55,49.2,77.7,201.0,2869.0,1.51,35.45,15.040000000000001,7.0,36.0,29.060000000000002,1.0,203.0,1200.0
158702.129,72302.129,140.0,90.10000000000001,21.52,16.04,165.0,32.5,150.1,28.78,32.36,33.65,88.5,15.5,49.2,76.80000000000001,205.5,2876.0,1.35,35.4,14.97,7.07,35.96,29.01,1.0,201.0,1200.0
158762.129,72362.129,140.0,91.9,21.51,15.94,164.5,32.5,151.8,28.82,32.42,33.800000000000004,91.5,15.450000000000001,47.7,75.9,201.0,2876.0,1.31,35.6,15.01,6.99,35.980000000000004,29.03,0.0,200.0,1200.0
158822.129,72422.129,140.0,92.2,21.48,15.96,166.0,32.6,150.6,28.830000000000002,32.37,33.800000000000004,90.0,15.600000000000001,48.300000000000004,75.3,201.5,2878.0,1.51,35.65,15.06,6.96,36.07,28.98,0.0,202.5,1200.0
158882.129,72482.129,140.0,90.10000000000001,21.43,15.99,165.5,32.45,151.1,28.810000000000002,32.35,33.7,92.0,15.600000000000001,48.6,73.8,203.5,2892.0,1.32,35.5,15.07,6.98,36.02,29.080000000000002,0.0,201.0,1200.0
158942.129,72542.129,140.0,90.5,21.39,16.02,166.0,32.45,152.1,28.92,32.25,33.75,94.5,15.5,47.6,73.2,202.5,2893.0,1.3800000000000001,35.5,15.02,7.04,36.01,28.990000000000002,0.0,202.0,1200.0
159002.129,72602.129,140.0,92.10000000000001,21.35,15.88,165.5,32.550000000000004,151.6,28.76,32.480000000000004,33.85,90.0,15.4,47.800000000000004,72.2,204.0,2893.0,1.56,35.550000000000004,15.07,7.0,35.980000000000004,29.05,0.0,199.5,1200.0
159062.129,72662.129,140.0,91.2,21.48,16.01,166.0,32.5,149.6,28.85,32.410000000000004,33.65,91.5,15.600000000000001,47.7,73.4,197.0,2893.0,1.3900000000000001,35.550000000000004,15.08,6.94,36.01,29.02,0.0,200.0,1200.0
159122.129,72722.129,140.0,91.60000000000001,21.650000000000002,16.09,167.0,32.45,150.6,28.91,32.43,33.85,93.5,15.5,48.300000000000004,75.2,198.5,2883.0,1.44,35.5,15.040000000000001,7.0200000000000005,36.0,29.01,0.0,206.5,1200.0
159182.129,72782.129,140.0,90.9,21.7,16.14,167.0,32.75,153.0,28.85,32.45,33.800000000000004,92.0,15.55,49.400000000000006,79.30000000000001,205.0,2868.0,1.28,35.5,15.01,6.94,35.93,29.04,1.0,200.5,1200.0
159242.129,72842.129,140.0,92.2,21.78,16.2,167.0,32.7,150.5,28.84,32.61,33.75,93.5,15.5,50.300000000000004,83.5,207.0,2863.0,1.49,35.7,14.99,7.1000000000000005,35.980000000000004,29.07,3.0,204.5,1200.0
159302.128,72902.128,140.0,92.0,22.01,16.19,165.5,32.65,150.8,28.86,32.67,33.7,93.0,15.700000000000001,51.6,88.4,212.5,2840.0,1.3900000000000001,35.65,15.01,6.96,35.96,29.05,1.0,212.0,1200.0
159362.128,72962.128,140.0,89.4,22.13,16.19,170.0,32.85,149.9,28.87,32.76,33.7,90.5,15.850000000000001,52.800000000000004,93.9,214.0,2829.0,1.43,35.7,14.99,7.0,36.07,29.03,0.0,217.5,1200.0
159422.128,73022.128,140.0,91.0,22.21,16.3,169.5,32.85,153.70000000000002,28.84,32.77,33.550000000000004,92.5,15.850000000000001,53.2,100.0,213.5,2827.0,1.53,35.6,15.040000000000001,6.93,35.97,29.02,0.0,222.0,1200.0
159482.128,73082.128,140.0,90.7,22.35,16.41,168.5,33.0,150.20000000000002,28.96,32.81,33.65,92.5,15.850000000000001,54.7,99.7,216.5,2809.0,1.44,35.7,15.0,7.01,35.96,29.0,0.0,214.0,1200.0
159542.128,73142.128,140.0,91.7,22.55,16.45,167.5,32.7,151.0,28.94,32.76,33.6,91.0,15.950000000000001,55.1,100.0,220.5,2800.0,1.5,35.7,15.01,7.04,35.97,29.060000000000002,2.0,214.5,1200.0
159602.128,73202.128,140.0,90.7,22.64,16.48,169.5,32.95,151.8,28.82,32.9,33.550000000000004,94.5,15.9,54.2,99.7,215.0,2808.0,1.3800000000000001,35.7,14.99,6.94,36.06,29.04,3.0,220.5,1200.0
159662.128,73262.128,140.0,91.80000000000001,22.56,16.32,170.5,33.050000000000004,151.4,28.900000000000002,32.9,33.550000000000004,92.5,15.850000000000001,55.0,100.0,219.0,2827.0,1.53,35.75,15.040000000000001,6.91,36.01,28.98,0.0,223.0,1200.0
159722.128,73322.128,140.0,91.2,22.48,16.28,169.0,33.1,151.0,28.810000000000002,32.83,33.6,94.5,15.8,55.5,100.0,220.5,2844.0,1.33,35.65,15.01,6.88,35.96,28.98,0.0,223.5,1200.0
159782.128,73382.128,140.0,90.10000000000001,22.330000000000002,16.23,169.0,32.95,152.3,28.85,32.89,33.550000000000004,93.5,15.55,55.400000000000006,100.0,225.5,2847.0,1.33,35.85,14.94,7.04,36.050000000000004,28.94,0.0,219.0,1200.0
159842.128,73442.128,140.0,92.30000000000001,22.38,16.1,170.0,33.050000000000004,150.5,28.830000000000002,32.96,33.6,93.5,15.600000000000001,55.300000000000004,100.0,225.0,2852.0,1.58,35.800000000000004,14.92,7.0200000000000005,36.03,29.04,0.0,222.0,1200.0
159902.128,73502.128,140.0,91.5,22.26,15.97,167.5,33.050000000000004,150.3,28.8,32.95,33.6,89.5,15.5,55.300000000000004,100.0,228.0,2854.0,1.43,35.800000000000004,14.92,6.93,35.99,29.060000000000002,0.0,223.5,1200.0
159962.128,73562.128,140.0,90.4,22.14,15.92,168.5,33.0,152.9,28.78,32.88,33.6,93.0,15.55,54.5,100.0,226.5,2852.0,1.26,36.0,15.01,7.01,35.99,29.0,0.0,229.0,1200.0
160022.128,73622.128,140.0,92.4,22.09,16.0,170.0,33.1,152.5,28.82,32.86,33.75,92.5,15.5,54.2,100.0,220.5,2849.0,1.3,36.0,15.02,7.0,36.01,28.94,2.0,225.0,1200.0
160082.128,73682.128,140.0,91.9,22.0,16.0,169.0,33.050000000000004,151.0,28.7,32.79,33.6,91.5,15.4,54.0,100.0,223.5,2850.0,1.37,35.95,14.97,7.0,36.050000000000004,29.04,0.0,219.5,1200.0
160142.128,73742.128,140.0,90.9,21.96,15.950000000000001,170.5,32.95,151.8,28.73,32.69,33.7,92.0,15.4,53.5,99.7,220.5,2843.0,1.33,35.85,14.99,7.04,35.97,28.990000000000002,0.0,222.5,1200.0
160202.127,73802.127,140.0,90.0,21.81,15.9,169.0,32.9,150.5,28.84,32.72,33.550000000000004,90.0,15.3,52.6,99.80000000000001,216.5,2845.0,1.31,35.9,14.89,7.0,35.97,29.03,0.0,219.5,1200.0
160262.127,73862.127,140.0,91.0,21.8,15.83,167.0,32.85,152.0,28.76,32.74,33.550000000000004,91.0,15.450000000000001,52.400000000000006,100.0,224.5,2851.0,1.22,35.85,15.02,6.9,36.03,28.96,0.0,213.5,1200.0
160322.127,73922.127,140.0,91.2,21.77,15.76,170.0,32.800000000000004,152.20000000000002,28.71,32.7,33.550000000000004,91.5,15.25,53.1,100.0,218.0,2857.0,1.44,35.800000000000004,15.08,7.07,36.08,29.02,0.0,220.0,1200.0
160382.127,73982.127,140.0,90.7,21.62,15.67,168.0,32.85,151.6,28.740000000000002,32.730000000000004,33.45,90.5,15.3,53.1,100.0,221.5,2861.0,1.4000000000000001,35.75,15.0,7.0200000000000005,36.04,28.97,0.0,224.0,1200.0
160442.127,74042.127,140.0,90.5,21.6,15.700000000000001,168.0,32.6,152.70000000000002,28.830000000000002,32.59,33.5,88.5,15.100000000000001,52.900000000000006,97.0,225.5,2861.0,1.42,35.7,15.02,7.01,35.9,29.05,0.0,220.0,1200.0
160502.127,74102.127,140.0,91.2,21.490000000000002,15.620000000000001,166.0,32.800000000000004,151.4,28.7,32.54,33.6,87.5,15.25,52.2,92.10000000000001,217.0,2872.0,1.31,35.550000000000004,15.040000000000001,6.98,36.0,29.060000000000002,0.0,211.5,1200.0
160562.127,74162.127,140.0,92.0,21.35,15.76,166.5,32.6,151.5,28.64,32.47,33.6,91.0,15.15,50.7,86.80000000000001,211.0,2884.0,1.42,35.6,15.01,6.98,36.01,28.98,3.0,215.0,1200.0
160622.127,74222.127,140.0,92.2,21.29,15.780000000000001,163.0,32.5,151.1,28.6,32.29,33.6,92.5,15.350000000000001,49.7,82.2,209.0,2885.0,1.4000000000000001,35.6,14.94,7.0,36.02,29.01,0.0,204.0,1200.0
160682.127,74282.127,140.0,90.4,21.240000000000002,15.71,166.5,32.45,151.20000000000002,28.66,32.3,33.6,89.5,15.350000000000001,48.5,77.60000000000001,204.0,2889.0,1.33,35.6,14.96,7.01,35.97,28.92,0.0,205.0,1200.0
160742.127,74342.127,140.0,92.0,21.150000000000002,15.63,164.5,32.4,153.1,28.71,32.19,33.7,90.0,15.25,47.300000000000004,74.60000000000001,204.0,2897.0,1.31,35.550000000000004,15.030000000000001,7.03,36.02,28.95,2.0,201.5,1200.0
160802.127,74402.127,140.0,90.80000000000001,21.07,15.69,164.0,32.5,150.70000000000002,28.7,32.21,33.6,94.0,15.25,47.7,71.7,194.5,2906.0,1.3800000000000001,35.6,15.01,7.0,36.14,28.990000000000002,0.0,201.5,1200.0
160862.127,74462.127,140.0,91.80000000000001,21.19,15.76,165.0,32.25,150.8,28.66,32.27,33.550000000000004,89.0,15.4,47.2,71.8,199.0,2900.0,1.45,35.45,14.96,7.0,36.01,29.03,0.0,200.5,1200.0
160922.127,74522.127,140.0,89.80000000000001,21.34,15.860000000000001,167.0,32.25,151.0,28.73,32.22,33.75,93.0,15.450000000000001,47.800000000000004,72.7,196.5,2891.0,1.34,35.6,14.97,7.03,36.01,28.98,0.0,198.5,1200.0
160982.127,74582.127,140.0,90.60000000000001,21.490000000000002,16.01,164.0,32.5,151.6,28.7,32.26,33.7,91.0,15.600000000000001,48.1,74.10000000000001,197.0,2875.0,1.54,35.6,15.01,7.01,36.04,29.02,0.0,202.5,1200.0
161042.127,74642.127,140.0,90.4,21.61,16.03,165.0,32.35,151.20000000000002,28.68,32.39,33.75,93.0,15.600000000000001,49.400000000000006,76.5,198.0,2867.0,1.6,35.45,15.030000000000001,7.0200000000000005,36.01,29.02,0.0,196.5,1200.0
161102.127,74702.127,140.0,91.4,21.8,16.09,168.5,32.7,151.1,28.8,32.4,33.7,94.0,15.700000000000001,49.7,80.7,206.0,2851.0,1.54,35.550000000000004,15.0,7.07,35.99,29.02,0.0,200.0,1200.0
161162.126,74762.126,140.0,91.10000000000001,21.93,16.18,165.5,32.7,152.6,28.77,32.58,33.550000000000004,93.5,15.700000000000001,50.900000000000006,85.7,210.5,2841.0,1.37,35.6,15.02,6.92,35.93,29.03,1.0,211.5,1200.0
161222.126,74822.126,140.0,89.60000000000001,22.05,16.23,170.5,32.85,151.8,28.7,32.63,33.7,92.0,15.850000000000001,51.800000000000004,92.0,214.0,2832.0,1.32,35.550000000000004,15.0,6.98,36.03,29.080000000000002,0.0,212.5,1200.0
161282.126,74882.126,140.0,91.60000000000001,22.240000000000002,16.22,169.5,32.95,150.9,28.79,32.8,33.5,90.5,15.75,52.800000000000004,98.60000000000001,218.5,2824.0,1.3900000000000001,35.7,14.99,7.07,35.97,29.05,0.0,215.0,1200.0
161342.126,74942.126,140.0,89.7,22.37,16.37,170.5,33.1,152.1,28.84,32.87,33.6,93.0,15.850000000000001,54.300000000000004,100.0,214.5,2811.0,1.57,35.5,15.05,7.03,36.01,29.03,1.0,217.5,1200.0
161402.126,75002.126,140.0,90.7,22.54,16.490000000000002,168.5,33.0,150.70000000000002,28.88,32.730000000000004,33.550000000000004,96.5,16.0,55.1,99.60000000000001,213.5,2802.0,1.51,35.550000000000004,14.96,7.04,35.92,29.03,0.0,217.0,1200.0
161462.126,75062.126,140.0,92.60000000000001,22.51,16.56,169.0,33.15,152.8,28.89,32.910000000000004,33.550000000000004,92.5,16.0,54.800000000000004,99.9,213.5,2804.0,1.44,35.800000000000004,15.0,6.98,36.02,28.97,1.0,220.0,1200.0
161522.126,75122.126,140.0,89.2,22.51,16.41,168.5,32.95,151.4,28.89,32.97,33.75,93.5,15.850000000000001,54.400000000000006,100.0,221.5,2824.0,1.36,35.7,14.97,6.98,36.09,28.990000000000002,1.0,222.5,1200.0
161582.126,75182.126,140.0,90.2,22.53,16.28,169.5,33.25,150.4,28.900000000000002,32.94,33.5,93.0,15.8,54.900000000000006,99.9,222.0,2845.0,1.31,35.75,14.950000000000001,7.11,35.89,29.03,0.0,221.0,1200.0
161642.126,75242.126,140.0,91.60000000000001,22.51,16.23,170.5,33.1,151.20000000000002,29.0,32.97,33.75,93.0,15.700000000000001,55.0,99.9,225.0,2850.0,1.42,35.85,14.94,7.05,35.910000000000004,28.98,1.0,227.5,1200.0
161702.126,75302.126,140.0,90.7,22.54,16.21,169.5,33.050000000000004,152.20000000000002,28.8,33.0,33.7,93.5,15.8,55.300000000000004,99.60000000000001,227.5,2861.0,1.43,35.85,14.950000000000001,7.04,36.050000000000004,29.09,0.0,231.0,1200.0
161762.126,75362.126,140.0,90.7,22.54,16.12,170.5,33.1,153.5,28.87,33.03,33.6,92.0,15.75,55.0,99.7,231.0,2863.0,1.26,36.1,15.040000000000001,7.0,36.04,29.080000000000002,0.0,232.5,1200.0
161822.126,75422.126,140.0,90.80000000000001,22.53,16.14,170.5,33.2,152.3,28.91,33.02,33.7,92.5,15.75,55.7,99.9,232.5,2872.0,1.3800000000000001,35.95,15.0,6.97,35.96,29.01,0.0,234.0,1200.0
161882.126,75482.126,140.0,90.7,22.55,16.07,170.5,33.1,151.9,28.84,33.09,33.75,92.5,15.65,56.0,100.0,234.0,2876.0,1.3,36.1,15.0,7.03,36.02,28.990000000000002,3.0,232.0,1200.0
161942.126,75542.126,140.0,90.0,22.51,16.09,171.5,33.35,150.9,28.830000000000002,33.09,33.800000000000004,91.0,15.65,55.7,100.0,232.5,2878.0,1.41,36.050000000000004,14.97,6.98,36.050000000000004,29.03,0.0,235.5,1200.0
162002.126,75602.126,140.0,90.60000000000001,22.52,16.05,169.5,33.15,150.0,28.810000000000002,33.11,33.75,94.5,15.65,55.5,99.7,232.0,2883.0,1.36,36.2,14.97,7.0200000000000005,36.0,28.97,0.0,234.5,1200.0
162062.125,75662.125,140.0,91.60000000000001,22.47,16.080000000000002,172.0,33.2,151.6,28.900000000000002,33.0,33.7,94.0,15.700000000000001,56.0,99.60000000000001,228.0,2888.0,1.33,36.2,15.02,7.03,36.0,28.94,0.0,233.5,1200.0
162122.125,75722.125,140.0,89.60000000000001,22.31,15.99,170.0,33.15,150.20000000000002,28.94,32.96,33.7,92.5,15.3,56.1,100.0,234.0,2881.0,1.35,36.2,14.98,6.98,36.01,28.990000000000002,1.0,234.0,1200.0
162182.125,75782.125,140.0,92.0,22.17,15.93,171.5,33.1,151.6,28.87,32.96,33.6,91.0,15.450000000000001,55.0,100.0,228.0,2879.0,1.54,36.35,14.96,7.0,35.97,28.87,0.0,229.5,1200.0
162242.125,75842.125,140.0,89.7,22.1,15.96,167.5,32.95,149.3,28.94,32.9,33.75,93.0,15.3,54.6,99.80000000000001,226.5,2871.0,1.46,36.35,14.94,6.98,35.910000000000004,29.03,0.0,230.0,1200.0
162302.125,75902.125,140.0,90.9,22.04,15.870000000000001,170.5,33.050000000000004,151.9,28.77,32.86,33.5,91.0,15.450000000000001,54.0,100.0,224.5,2866.0,1.55,36.300000000000004,14.92,6.97,36.0,28.95,0.0,231.0,1200.0
162362.125,75962.125,140.0,90.7,21.91,15.93,167.5,33.0,150.6,28.82,32.82,33.6,92.0,15.4,53.800000000000004,99.5,229.0,2861.0,1.46,36.0,15.0,6.97,36.07,29.07,1.0,221.5,1200.0
162422.125,76022.125,140.0,89.60000000000001,21.81,15.860000000000001,167.0,32.9,152.20000000000002,28.76,32.78,33.6,94.0,15.450000000000001,52.900000000000006,99.30000000000001,225.5,2852.0,1.52,36.050000000000004,15.030000000000001,7.0,36.01,29.03,0.0,227.0,1200.0
162482.125,76082.125,140.0,91.10000000000001,21.67,15.8,169.0,32.9,150.5,28.88,32.76,33.5,93.0,15.25,53.0,100.0,227.5,2858.0,1.49,35.9,15.07,7.0,36.06,29.05,0.0,222.5,1200.0
162542.125,76142.125,140.0,91.10000000000001,21.64,15.66,168.5,32.800000000000004,151.4,28.900000000000002,32.8,33.550000000000004,89.0,15.200000000000001,52.400000000000006,99.9,224.0,2871.0,1.55,36.0,15.01,7.0600000000000005,35.97,28.88,0.0,225.0,1200.0
162602.125,76202.125,140.0,90.60000000000001,21.54,15.51,169.0,32.85,151.9,28.91,32.69,33.5,90.0,15.15,52.7,98.30000000000001,221.0,2875.0,1.49,35.800000000000004,15.01,6.99,35.99,28.900000000000002,0.0,221.5,1200.0
162662.125,76262.125,140.0,90.7,21.57,15.71,169.5,32.9,153.3,28.78,32.71,33.7,92.0,15.200000000000001,52.5,94.7,221.0,2877.0,1.1300000000000001,35.95,14.98,6.95,36.02,29.02,1.0,221.5,1200.0
162722.125,76322.125,140.0,90.5,21.68,15.74,167.5,32.75,152.1,28.740000000000002,32.62,33.800000000000004,93.0,15.200000000000001,51.900000000000006,93.60000000000001,216.0,2869.0,1.3900000000000001,35.95,15.0,7.03,36.02,29.1,0.0,219.0,1200.0
162782.125,76382.125,140.0,91.60000000000001,21.71,15.92,167.5,32.75,151.1,28.77,32.68,33.7,91.5,15.350000000000001,51.400000000000006,94.4,218.0,2866.0,1.61,35.65,15.040000000000001,6.98,35.980000000000004,28.96,0.0,219.5,1200.0
162842.125,76442.125,140.0,92.9,21.900000000000002,15.99,168.0,32.85,150.5,28.77,32.7,33.550000000000004,90.5,15.600000000000001,52.7,95.2,220.0,2853.0,1.43,35.65,15.030000000000001,6.96,35.97,29.0,0.0,218.0,1200.0
162902.125,76502.125,140.0,89.7,21.96,15.98,170.0,32.85,149.9,28.810000000000002,32.76,33.6,92.5,15.4,52.800000000000004,97.0,220.5,2846.0,1.44,35.800000000000004,14.99,7.04,35.94,28.96,1.0,220.5,1200.0
162962.125,76562.125,140.0,91.30000000000001,22.03,16.04,169.0,32.800000000000004,150.5,28.8,32.730000000000004,33.6,92.0,15.65,52.800000000000004,99.4,218.5,2845.0,1.49,35.75,14.97,6.97,35.96,29.01,0.0,216.5,1200.0
163022.124,76622.124,140.0,90.2,22.05,16.13,168.0,32.9,150.20000000000002,28.740000000000002,32.79,33.550000000000004,92.5,15.5,54.2,100.0,222.5,2836.0,1.42,35.65,14.98,7.04,36.06,28.95,0.0,221.0,1200.0
163082.124,76682.124,140.0,89.5,22.19,16.17,169.5,32.85,151.3,28.77,32.84,33.65,93.0,15.700000000000001,54.1,100.0,219.0,2826.0,1.33,35.800000000000004,14.98,6.99,36.07,29.03,0.0,213.0,1200.0
163142.124,76742.124,140.0,89.60000000000001,22.21,16.31,168.5,32.9,151.70000000000002,28.78,32.71,33.65,92.0,15.75,54.1,100.0,213.5,2818.0,1.28,35.85,15.0,7.01,36.04,28.990000000000002,0.0,219.5,1200.0
163202.124,76802.124,140.0,91.80000000000001,22.29,16.29,168.0,32.9,151.5,28.72,32.730000000000004,33.6,92.5,15.850000000000001,53.800000000000004,99.80000000000001,213.0,2809.0,1.37,35.550000000000004,14.97,7.0,36.050000000000004,28.95,5.0,217.5,1200.0
163262.124,76862.124,140.0,90.30000000000001,22.32,16.28,171.0,32.95,151.6,28.830000000000002,32.77,33.5,94.0,15.950000000000001,54.2,100.0,220.0,2816.0,1.29,35.7,14.99,6.97,35.9,29.04,0.0,220.5,1200.0
163322.124,76922.124,140.0,91.9,22.38,16.25,169.5,32.75,151.9,28.85,32.82,33.75,91.5,15.700000000000001,54.2,100.0,223.0,2834.0,1.25,35.65,15.05,6.99,35.980000000000004,28.92,0.0,225.5,1200.0
163382.124,76982.124,140.0,91.2,22.37,16.26,171.0,33.050000000000004,152.8,28.72,32.94,33.5,91.5,15.75,55.1,100.0,224.5,2842.0,1.33,35.65,15.030000000000001,7.03,35.99,29.03,0.0,223.0,1200.0
163442.124,77042.124,140.0,91.0,22.43,16.2,168.0,33.050000000000004,151.70000000000002,28.810000000000002,32.94,33.65,91.0,15.600000000000001,55.2,100.0,226.5,2849.0,1.53,35.85,14.98,6.98,35.96,29.02,0.0,225.5,1200.0
163502.124,77102.124,140.0,90.9,22.46,16.18,169.0,33.1,152.5,28.85,32.95,33.6,93.5,15.55,56.0,100.0,228.0,2857.0,1.4000000000000001,35.85,15.01,7.03,35.93,29.01,1.0,227.0,1200.0
163562.124,77162.124,140.0,91.2,22.55,16.080000000000002,169.0,33.1,151.70000000000002,28.79,32.95,33.75,94.0,15.55,55.800000000000004,100.0,228.0,2864.0,1.53,36.0,15.02,6.94,36.14,28.98,0.0,227.5,1200.0
163622.124,77222.124,140.0,90.7,22.53,16.2,172.0,33.1,151.3,28.78,33.01,33.85,91.0,15.75,55.900000000000006,100.0,234.5,2871.0,1.3800000000000001,36.1,14.93,6.99,35.99,28.990000000000002,0.0,234.0,1200.0
163682.124,77282.124,140.0,91.2,22.59,16.14,171.0,33.0,150.5,28.900000000000002,32.96,33.800000000000004,92.5,15.5,56.1,99.60000000000001,235.0,2874.0,1.45,36.1,15.030000000000001,7.0,35.96,28.96,1.0,227.5,1200.0
163742.124,77342.124,140.0,91.0,22.64,16.03,169.5,33.300000000000004,151.0,28.82,32.99,33.7,94.0,15.55,56.6,99.9,232.0,2880.0,1.48,36.15,14.98,6.98,35.980000000000004,29.04,1.0,234.0,1200.0
163802.124,77402.124,140.0,92.10000000000001,22.67,16.05,168.5,33.25,151.1,28.88,33.11,33.75,91.5,15.600000000000001,57.5,100.0,239.5,2891.0,1.53,36.300000000000004,15.05,6.98,35.97,28.95,0.0,231.5,1200.0
163862.124,77462.124,140.0,91.10000000000001,22.6,16.0,169.5,33.15,152.5,28.86,33.14,33.7,91.5,15.55,57.1,99.60000000000001,233.0,2895.0,1.56,36.25,15.02,6.99,36.01,28.98,0.0,236.5,1200.0
163922.124,77522.124,140.0,90.9,22.61,16.05,170.0,33.25,149.20000000000002,28.87,33.18,33.7,89.5,15.5,57.0,99.60000000000001,233.5,2894.0,1.31,36.300000000000004,14.97,6.99,35.99,29.11,1.0,234.0,1200.0
163982.123,77582.123,140.0,90.30000000000001,22.61,16.080000000000002,171.5,33.2,151.4,28.8,33.08,33.7,92.0,15.5,57.1,100.0,240.5,2892.0,1.52,36.550000000000004,14.97,6.94,35.93,29.03,0.0,237.0,1200.0
164042.123,77642.123,140.0,91.30000000000001,22.490000000000002,16.04,172.0,33.2,151.4,28.8,33.07,33.7,92.0,15.65,55.900000000000006,100.0,243.0,2893.0,1.47,36.6,15.0,7.0200000000000005,36.06,29.14,0.0,241.0,1200.0
164102.123,77702.123,140.0,90.5,22.52,15.99,169.5,33.050000000000004,150.3,29.03,32.97,33.6,91.0,15.4,56.2,100.0,238.0,2895.0,1.22,36.550000000000004,14.96,7.05,36.01,28.96,0.0,236.5,1200.0
164162.123,77762.123,140.0,91.60000000000001,22.39,15.98,170.0,33.1,150.9,28.94,33.13,33.65,92.5,15.5,56.0,99.80000000000001,231.5,2885.0,1.45,36.4,14.99,6.95,35.92,29.05,1.0,235.0,1200.0
164222.123,77822.123,140.0,91.2,22.45,15.97,171.5,33.2,151.6,28.93,32.980000000000004,33.6,92.0,15.450000000000001,56.2,100.0,231.5,2884.0,1.42,36.4,15.05,7.0,35.980000000000004,28.92,0.0,233.5,1200.0
164282.123,77882.123,140.0,89.5,22.330000000000002,15.91,170.0,33.1,152.20000000000002,28.89,33.08,33.85,92.0,15.350000000000001,55.2,99.7,232.5,2877.0,1.51,36.550000000000004,14.93,7.0600000000000005,36.02,29.080000000000002,0.0,231.0,1200.0
164342.123,77942.123,140.0,90.60000000000001,22.26,15.94,169.5,33.0,150.6,28.78,33.03,33.6,93.5,15.450000000000001,55.300000000000004,99.80000000000001,227.0,2880.0,1.36,36.45,14.99,7.05,36.050000000000004,28.87,2.0,232.5,1200.0
164402.123,78002.123,140.0,91.5,22.25,15.93,171.0,33.25,151.6,28.82,32.93,33.7,94.0,15.450000000000001,54.800000000000004,99.7,236.5,2873.0,1.54,36.4,15.0,6.96,35.86,28.97,0.0,234.5,1200.0
164462.123,78062.123,140.0,90.80000000000001,22.21,15.870000000000001,169.0,33.050000000000004,149.9,28.830000000000002,32.95,33.65,92.0,15.55,55.6,100.0,226.5,2873.0,1.53,36.4,14.92,7.0600000000000005,35.97,29.05,0.0,228.5,1200.0
164522.123,78122.123,140.0,92.0,22.03,15.92,168.5,33.0,152.20000000000002,28.75,32.89,33.7,92.0,15.350000000000001,54.400000000000006,100.0,231.0,2865.0,1.49,36.45,15.01,6.92,36.04,28.990000000000002,1.0,226.0,1200.0
164582.123,78182.123,140.0,93.0,22.01,15.91,167.0,32.75,152.1,28.740000000000002,32.84,33.6,92.0,15.450000000000001,53.7,99.60000000000001,232.5,2861.0,1.46,36.300000000000004,14.99,7.03,36.04,28.97,2.0,228.5,1200.0
164642.123,78242.123,140.0,91.60000000000001,21.830000000000002,15.89,168.5,32.9,153.1,28.75,32.81,33.6,92.0,15.4,53.300000000000004,100.0,224.0,2852.0,1.3900000000000001,36.15,14.92,7.01,35.980000000000004,28.97,0.0,225.5,1200.0
164702.123,78302.123,140.0,91.4,21.77,15.8,167.5,32.800000000000004,152.4,28.76,32.72,33.5,88.5,15.3,53.2,100.0,220.0,2844.0,1.4000000000000001,36.1,14.98,6.95,35.99,29.0,0.0,216.0,1200.0
164762.123,78362.123,140.0,91.5,21.580000000000002,15.75,166.5,32.85,152.1,28.71,32.6,33.5,90.0,15.200000000000001,53.2,100.0,225.5,2859.0,1.52,35.95,14.99,7.01,35.93,29.04,3.0,221.5,1200.0
164822.123,78422.123,140.0,92.0,21.68,15.63,168.0,32.7,152.6,28.75,32.67,33.5,91.0,15.0,52.800000000000004,100.0,222.0,2867.0,1.45,35.95,14.950000000000001,6.92,35.980000000000004,28.98,1.0,223.0,1200.0
164882.123,78482.123,140.0,92.10000000000001,21.46,15.57,168.0,32.6,151.1,28.64,32.53,33.45,91.5,15.200000000000001,52.900000000000006,94.30000000000001,216.5,2870.0,1.53,35.9,15.02,7.01,35.910000000000004,29.07,0.0,218.5,1200.0
164942.123,78542.123,140.0,92.0,21.41,15.56,165.5,32.5,152.0,28.66,32.45,33.550000000000004,91.0,15.350000000000001,51.6,88.0,209.5,2874.0,1.34,35.85,14.99,7.01,35.980000000000004,28.98,0.0,210.5,1200.0
165002.122,78602.122,140.0,90.80000000000001,21.25,15.610000000000001,167.0,32.4,151.9,28.72,32.32,33.5,90.5,15.05,50.400000000000006,81.4,210.0,2891.0,1.3900000000000001,35.85,14.97,7.0,36.0,28.93,0.0,208.0,1200.0
165062.122,78662.122,140.0,91.30000000000001,21.29,15.76,167.5,32.300000000000004,151.5,28.650000000000002,32.34,33.65,91.5,15.350000000000001,48.1,78.2,209.0,2889.0,1.33,35.6,14.96,6.99,36.06,29.03,0.0,209.5,1200.0
165122.122,78722.122,140.0,90.60000000000001,21.330000000000002,15.75,165.5,32.45,151.0,28.7,32.28,33.6,94.0,15.350000000000001,47.900000000000006,77.30000000000001,204.5,2886.0,1.28,35.7,14.96,6.99,36.04,29.03,0.0,197.0,1200.0
165182.122,78782.122,140.0,92.5,21.330000000000002,15.870000000000001,165.0,32.550000000000004,151.0,28.62,32.28,33.550000000000004,91.5,15.350000000000001,48.400000000000006,77.30000000000001,206.0,2887.0,1.5,35.6,14.99,7.04,35.99,29.05,1.0,205.0,1200.0
165242.122,78842.122,140.0,91.30000000000001,21.43,15.89,167.0,32.35,151.3,28.67,32.4,33.45,93.0,15.450000000000001,48.6,77.60000000000001,202.5,2881.0,1.31,35.4,14.950000000000001,6.99,36.04,29.03,0.0,207.5,1200.0
165302.122,78902.122,140.0,91.2,21.57,15.98,163.5,32.35,152.9,28.63,32.34,33.550000000000004,92.0,15.450000000000001,49.400000000000006,77.7,198.5,2875.0,1.48,35.550000000000004,15.11,6.99,35.99,28.97,0.0,200.0,1200.0
165362.122,78962.122,140.0,90.30000000000001,21.56,15.92,167.0,32.4,151.8,28.69,32.38,33.7,91.5,15.55,49.400000000000006,79.0,211.0,2869.0,1.35,35.65,15.040000000000001,7.05,35.92,28.97,0.0,205.5,1200.0
165422.122,79022.122,140.0,89.4,21.67,16.01,168.0,32.5,152.6,28.63,32.39,33.6,91.5,15.5,50.1,80.5,203.0,2867.0,1.48,35.6,15.05,6.98,35.92,29.060000000000002,0.0,205.0,1200.0
165482.122,79082.122,140.0,90.9,21.71,16.05,167.0,32.5,151.5,28.67,32.39,33.65,91.0,15.55,50.400000000000006,82.0,207.0,2856.0,1.22,35.45,15.01,6.98,35.97,28.990000000000002,0.0,203.0,1200.0
165542.122,79142.122,140.0,90.5,21.73,16.05,167.0,32.6,151.70000000000002,28.72,32.46,33.6,93.0,15.600000000000001,50.7,84.30000000000001,208.5,2854.0,1.33,35.45,15.08,7.01,35.99,29.04,1.0,203.5,1200.0
165602.122,79202.122,140.0,90.7,21.79,16.07,168.0,32.45,150.6,28.73,32.42,33.4,92.0,15.65,50.800000000000004,85.5,210.0,2851.0,1.3800000000000001,35.45,14.98,7.01,36.02,28.91,0.0,206.5,1200.0
165662.122,79262.122,140.0,91.4,21.78,16.080000000000002,166.0,32.65,150.5,28.72,32.46,33.550000000000004,96.0,15.55,51.800000000000004,87.9,210.0,2847.0,1.3800000000000001,35.45,14.96,7.04,35.94,29.0,0.0,212.0,1200.0
165722.122,79322.122,140.0,90.60000000000001,21.89,16.12,168.5,32.65,150.6,28.8,32.56,33.550000000000004,93.5,15.600000000000001,51.400000000000006,89.10000000000001,210.5,2844.0,1.29,35.5,14.98,6.98,35.96,28.96,0.0,209.5,1200.0
165782.122,79382.122,140.0,91.30000000000001,21.87,16.1,168.5,32.75,152.1,28.67,32.49,33.550000000000004,92.5,15.5,51.900000000000006,91.10000000000001,215.5,2837.0,1.43,35.45,15.030000000000001,6.95,35.99,29.07,0.0,214.5,1200.0
165842.122,79442.122,140.0,92.5,21.95,16.14,167.5,32.7,151.4,28.78,32.56,33.45,91.0,15.65,52.300000000000004,92.9,215.0,2832.0,1.4000000000000001,35.550000000000004,15.030000000000001,6.95,35.95,29.05,0.0,209.5,1200.0
165902.122,79502.122,140.0,90.9,21.97,16.13,168.0,32.75,150.70000000000002,28.75,32.59,33.5,93.5,15.9,52.7,94.2,214.0,2831.0,1.29,35.65,15.0,7.0600000000000005,35.93,29.01,0.0,212.0,1200.0
165962.122,79562.122,140.0,90.80000000000001,21.990000000000002,16.07,168.0,32.6,149.8,28.740000000000002,32.58,33.300000000000004,93.5,15.65,53.400000000000006,96.2,208.0,2831.0,1.34,35.7,14.96,7.04,35.97,28.95,0.0,214.5,1200.0
166022.121,79622.121,140.0,89.7,21.990000000000002,16.13,167.5,32.75,151.0,28.7,32.57,33.4,91.0,15.600000000000001,52.5,97.60000000000001,219.0,2823.0,1.4000000000000001,35.5,15.05,7.01,36.0,29.060000000000002,0.0,213.0,1200.0
166082.121,79682.121,140.0,92.60000000000001,22.05,16.13,169.0,32.95,151.4,28.79,32.65,33.45,94.5,15.700000000000001,53.6,99.7,215.5,2825.0,1.3900000000000001,35.550000000000004,14.97,7.01,36.12,29.0,0.0,214.5,1200.0
166142.121,79742.121,140.0,91.7,22.09,16.13,167.5,32.85,150.8,28.7,32.61,33.6,90.0,15.75,54.800000000000004,100.0,215.5,2817.0,1.51,35.6,14.98,6.94,36.1,28.98,2.0,215.0,1200.0
166202.121,79802.121,140.0,91.10000000000001,22.150000000000002,16.21,169.0,32.7,151.8,28.71,32.6,33.35,91.5,15.55,54.300000000000004,100.0,214.5,2823.0,1.22,35.550000000000004,14.98,7.05,36.03,29.01,0.0,215.5,1200.0
166262.121,79862.121,140.0,90.4,22.09,16.12,167.0,32.7,151.5,28.71,32.63,33.4,91.5,15.700000000000001,54.0,99.9,215.0,2819.0,1.55,35.65,14.91,6.97,35.980000000000004,28.91,0.0,213.0,1200.0
166322.121,79922.121,140.0,90.5,22.13,16.16,167.5,32.7,152.3,28.75,32.65,33.45,95.0,15.700000000000001,53.7,100.0,218.5,2819.0,1.45,35.5,14.96,7.0,35.99,28.94,0.0,216.5,1200.0
166382.121,79982.121,140.0,90.7,22.05,16.2,167.5,32.85,151.1,28.68,32.63,33.45,93.5,15.65,53.5,100.0,214.5,2819.0,1.3800000000000001,35.5,14.97,6.99,36.02,28.990000000000002,0.0,212.5,1200.0
166442.121,80042.121,140.0,90.9,22.06,16.11,170.0,32.75,152.0,28.75,32.660000000000004,33.5,91.5,15.65,53.300000000000004,99.80000000000001,215.0,2823.0,1.45,35.65,14.92,7.04,36.01,29.03,0.0,217.0,1200.0
166502.121,80102.121,140.0,90.0,22.04,16.06,168.0,32.7,153.0,28.740000000000002,32.6,33.550000000000004,91.0,15.55,53.300000000000004,99.9,214.5,2828.0,1.29,35.550000000000004,15.040000000000001,7.0200000000000005,36.01,29.0,1.0,220.0,1200.0
166562.121,80162.121,140.0,91.10000000000001,21.97,16.080000000000002,169.0,32.75,151.4,28.650000000000002,32.68,33.4,91.5,15.600000000000001,53.6,99.9,220.0,2823.0,1.3800000000000001,35.45,14.97,7.01,36.0,29.01,0.0,215.5,1200.0
166622.121,80222.121,140.0,90.60000000000001,21.95,16.080000000000002,167.5,32.75,150.9,28.75,32.59,33.45,91.5,15.65,53.5,99.80000000000001,216.5,2820.0,1.29,35.550000000000004,14.98,7.0200000000000005,36.04,29.03,0.0,224.5,1200.0
166682.121,80282.121,140.0,91.30000000000001,21.93,15.950000000000001,167.5,32.75,151.3,28.63,32.59,33.45,91.5,15.600000000000001,53.1,99.80000000000001,215.5,2828.0,1.47,35.550000000000004,14.98,7.01,35.96,29.0,3.0,213.5,1200.0
166742.121,80342.121,140.0,91.2,21.91,15.92,167.5,32.75,150.9,28.650000000000002,32.63,33.5,91.5,15.55,52.900000000000006,99.4,220.5,2830.0,1.24,35.45,14.97,7.05,36.04,29.02,0.0,216.5,1200.0
166802.121,80402.121,140.0,90.10000000000001,21.95,15.98,167.0,32.800000000000004,151.70000000000002,28.66,32.68,33.4,95.0,15.55,53.6,99.7,216.0,2832.0,1.49,35.550000000000004,15.040000000000001,7.03,36.04,28.990000000000002,0.0,216.5,1200.0
166862.121,80462.121,140.0,90.7,21.92,15.97,167.5,32.550000000000004,150.8,28.61,32.63,33.550000000000004,90.0,15.55,53.5,100.0,216.5,2832.0,1.41,35.5,15.030000000000001,7.0200000000000005,36.0,29.03,0.0,220.5,1200.0
166922.121,80522.121,140.0,90.10000000000001,21.87,15.96,166.5,32.550000000000004,150.6,28.61,32.63,33.45,91.5,15.5,53.7,100.0,222.0,2834.0,1.3900000000000001,35.550000000000004,14.96,7.04,35.980000000000004,29.01,3.0,218.5,1200.0
166982.121,80582.121,140.0,90.9,21.91,15.99,167.5,32.7,149.5,28.68,32.6,33.45,92.5,15.4,53.400000000000006,100.0,218.0,2833.0,1.5,35.550000000000004,15.02,7.04,35.99,28.93,0.0,212.5,1200.0
167042.12,80642.12,140.0,91.5,21.79,15.88,167.0,32.800000000000004,152.1,28.62,32.56,33.4,91.0,15.55,53.5,100.0,218.0,2834.0,1.37,35.6,15.0,7.03,35.980000000000004,28.98,1.0,221.0,1200.0
167102.12,80702.12,140.0,91.9,21.830000000000002,15.99,169.0,32.85,150.70000000000002,28.6,32.65,33.35,93.5,15.350000000000001,53.6,100.0,218.5,2836.0,1.55,35.5,14.99,7.0,36.050000000000004,28.990000000000002,0.0,219.0,1200.0
167162.12,80762.12,140.0,91.30000000000001,21.82,15.860000000000001,165.5,32.550000000000004,152.8,28.63,32.47,33.4,92.5,15.55,53.2,98.7,219.0,2838.0,1.49,35.4,15.01,7.0200000000000005,36.07,28.990000000000002,1.0,216.5,1200.0
167222.12,80822.12,140.0,93.30000000000001,21.85,15.93,167.5,32.550000000000004,152.20000000000002,28.63,32.480000000000004,33.45,94.0,15.5,53.400000000000006,97.0,216.5,2836.0,1.36,35.4,14.98,6.93,36.0,29.04,2.0,213.5,1200.0
167282.12,80882.12,140.0,92.30000000000001,21.77,15.94,167.5,32.6,151.8,28.59,32.45,33.4,93.5,15.450000000000001,53.1,95.7,215.0,2838.0,1.41,35.35,15.040000000000001,7.0,36.01,28.94,0.0,212.5,1200.0
167342.12,80942.12,140.0,90.4,21.78,15.9,168.0,32.550000000000004,151.8,28.52,32.480000000000004,33.35,92.5,15.4,52.300000000000004,94.5,213.5,2837.0,1.43,35.45,14.99,7.05,35.95,29.01,0.0,212.5,1200.0
167402.12,81002.12,140.0,91.5,21.78,15.92,166.0,32.550000000000004,151.5,28.59,32.47,33.4,92.0,15.450000000000001,52.800000000000004,93.30000000000001,212.5,2840.0,1.3,35.300000000000004,14.96,7.05,36.02,28.990000000000002,1.0,209.5,1200.0
167462.12,81062.12,140.0,92.30000000000001,21.71,15.91,165.5,32.550000000000004,151.5,28.52,32.32,33.35,91.0,15.4,52.0,92.4,209.5,2840.0,1.43,35.4,15.02,7.03,36.01,29.0,0.0,211.0,1200.0
167522.12,81122.12,140.0,90.4,21.63,15.84,167.5,32.800000000000004,150.5,28.59,32.36,33.35,93.0,15.450000000000001,52.0,90.30000000000001,212.5,2846.0,1.41,35.45,15.01,6.91,35.980000000000004,29.060000000000002,0.0,212.5,1200.0
167582.12,81182.12,140.0,88.7,21.64,15.85,165.0,32.550000000000004,151.1,28.66,32.39,33.5,92.5,15.55,51.900000000000006,88.4,215.0,2856.0,1.48,35.6,15.06,6.95,36.0,29.07,1.0,212.5,1200.0
167642.12,81242.12,140.0,90.5,21.59,15.81,167.0,32.45,151.9,28.71,32.37,33.5,91.0,15.4,51.0,86.0,206.5,2858.0,1.33,35.6,14.98,7.03,35.92,29.07,1.0,206.0,1200.0
167702.12,81302.12,140.0,90.4,21.52,15.94,166.5,32.550000000000004,152.1,28.64,32.4,33.6,92.0,15.4,50.400000000000006,84.0,209.0,2867.0,1.33,35.550000000000004,14.96,6.98,35.88,29.060000000000002,0.0,211.0,1200.0
167762.12,81362.12,140.0,91.60000000000001,21.53,15.81,164.5,32.5,150.1,28.69,32.37,33.6,93.5,15.4,49.900000000000006,82.30000000000001,202.0,2865.0,1.41,35.45,15.0,7.04,36.03,28.97,0.0,206.5,1200.0
167822.12,81422.12,140.0,92.4,21.38,15.93,166.5,32.45,151.0,28.76,32.35,33.65,92.0,15.4,49.2,79.4,208.0,2875.0,1.3800000000000001,35.550000000000004,15.030000000000001,7.01,36.07,29.0,0.0,204.5,1200.0
167882.12,81482.12,140.0,91.4,21.38,15.92,164.5,32.5,150.1,28.69,32.37,33.65,92.0,15.55,49.0,77.9,201.5,2883.0,1.36,35.300000000000004,15.02,6.95,35.94,28.98,2.0,202.0,1200.0
167942.12,81542.12,140.0,88.80000000000001,21.35,15.81,166.5,32.550000000000004,152.0,28.650000000000002,32.31,33.550000000000004,92.0,15.450000000000001,48.6,75.9,203.0,2883.0,1.6300000000000001,35.6,15.040000000000001,7.0600000000000005,35.93,28.93,0.0,203.0,1200.0
168002.12,81602.12,140.0,90.2,21.3,15.88,166.0,32.45,150.70000000000002,28.82,32.33,33.7,90.5,15.350000000000001,48.2,74.10000000000001,202.5,2892.0,1.32,35.6,14.98,6.96,35.97,28.96,0.0,204.5,1200.0
168062.12,81662.12,140.0,89.30000000000001,21.41,15.88,169.5,32.35,152.1,28.86,32.27,33.7,90.5,15.4,47.400000000000006,73.10000000000001,200.0,2896.0,1.34,35.6,14.99,7.0200000000000005,35.9,28.97,1.0,203.5,1200.0
168122.119,81722.119,140.0,90.60000000000001,21.43,15.89,166.5,32.45,151.6,28.8,32.22,33.7,92.5,15.55,48.400000000000006,72.9,199.0,2889.0,1.27,35.4,15.05,6.98,35.97,28.97,0.0,195.5,1200.0
168182.119,81782.119,140.0,91.2,21.42,15.96,166.5,32.4,151.0,28.85,32.27,33.75,92.5,15.600000000000001,48.400000000000006,73.0,203.0,2895.0,1.34,35.65,14.950000000000001,6.98,36.03,29.04,5.0,198.0,1200.0
168242.119,81842.119,140.0,91.0,21.43,16.03,167.5,32.6,152.5,28.85,32.3,33.65,92.5,15.5,48.400000000000006,72.8,203.5,2894.0,1.52,35.5,14.98,7.0,35.97,29.02,2.0,198.5,1200.0
168302.119,81902.119,140.0,90.30000000000001,21.41,16.0,168.5,32.6,151.20000000000002,28.87,32.39,33.800000000000004,93.5,15.65,48.0,73.7,198.0,2892.0,1.43,35.550000000000004,14.98,7.0600000000000005,35.99,29.03,0.0,201.5,1200.0
168362.119,81962.119,140.0,90.60000000000001,21.42,16.01,167.0,32.6,150.5,28.75,32.35,33.85,92.0,15.5,48.400000000000006,73.5,198.0,2887.0,1.4000000000000001,35.6,15.030000000000001,7.03,35.84,28.98,2.0,208.0,1200.0
168422.119,82022.119,140.0,91.7,21.54,16.01,167.5,32.4,152.70000000000002,28.85,32.37,33.800000000000004,92.5,15.5,48.5,73.60000000000001,199.5,2883.0,1.51,35.5,15.030000000000001,6.99,35.97,29.03,1.0,201.0,1200.0
168482.119,82082.119,140.0,91.2,21.490000000000002,16.04,165.0,32.5,150.70000000000002,28.91,32.480000000000004,33.9,93.0,15.450000000000001,48.800000000000004,74.60000000000001,198.0,2882.0,1.33,35.5,15.06,6.95,36.03,29.03,0.0,203.5,1200.0
168542.119,82142.119,140.0,90.0,21.55,15.99,168.5,32.6,153.1,28.86,32.46,33.85,92.5,15.65,48.900000000000006,74.60000000000001,203.0,2876.0,1.44,35.4,14.97,7.0200000000000005,36.07,28.98,0.0,203.0,1200.0
168602.119,82202.119,140.0,91.9,21.54,16.07,165.5,32.6,152.4,28.86,32.52,33.75,93.0,15.55,48.5,75.4,204.0,2877.0,1.25,35.550000000000004,14.950000000000001,6.98,35.97,29.07,0.0,206.5,1200.0
168662.119,82262.119,140.0,91.0,21.62,16.02,166.5,32.7,151.4,28.91,32.46,33.9,91.0,15.700000000000001,48.800000000000004,76.9,204.0,2882.0,1.41,35.6,15.040000000000001,6.99,36.0,28.94,4.0,203.5,1200.0
168722.119,82322.119,140.0,90.7,21.79,16.13,168.0,32.65,151.9,28.89,32.53,33.85,91.0,15.65,49.1,80.60000000000001,210.0,2874.0,1.32,35.5,15.05,7.04,36.04,28.98,0.0,204.0,1200.0
168782.119,82382.119,140.0,90.9,21.85,16.11,166.5,32.800000000000004,152.3,28.86,32.54,33.800000000000004,89.5,15.600000000000001,49.900000000000006,82.5,208.5,2870.0,1.44,35.5,15.0,7.03,35.94,29.04,0.0,206.5,1200.0
168842.119,82442.119,140.0,89.80000000000001,21.830000000000002,16.12,167.0,32.800000000000004,151.0,28.95,32.64,33.65,91.5,15.65,51.0,85.9,210.5,2861.0,1.44,35.800000000000004,15.030000000000001,7.01,36.03,29.13,0.0,210.5,1200.0
168902.119,82502.119,140.0,90.30000000000001,21.93,16.11,169.0,32.75,152.5,28.92,32.69,33.65,93.0,15.700000000000001,51.400000000000006,88.4,209.0,2854.0,1.43,35.550000000000004,14.94,7.0200000000000005,35.96,28.95,0.0,210.5,1200.0
168962.119,82562.119,140.0,91.10000000000001,21.93,16.19,168.5,32.9,150.5,29.01,32.82,33.7,91.5,15.8,51.6,92.10000000000001,214.5,2849.0,1.35,35.65,15.02,7.03,36.03,29.07,0.0,212.5,1200.0
169022.119,82622.119,140.0,91.2,22.14,16.2,169.5,33.050000000000004,152.5,28.900000000000002,32.88,33.800000000000004,89.5,15.75,52.800000000000004,96.0,217.0,2842.0,1.4000000000000001,35.800000000000004,15.030000000000001,6.99,35.980000000000004,28.990000000000002,0.0,224.5,1200.0
169082.119,82682.119,140.0,91.4,22.13,16.14,168.5,33.1,150.6,28.97,32.95,33.85,93.5,15.75,53.1,99.60000000000001,217.5,2837.0,1.35,35.7,14.97,7.0200000000000005,36.0,29.02,2.0,222.0,1200.0
169142.119,82742.119,140.0,92.10000000000001,22.16,16.27,169.5,33.1,150.70000000000002,28.900000000000002,32.910000000000004,33.800000000000004,92.5,15.75,53.7,99.9,220.0,2832.0,1.43,35.800000000000004,14.98,6.95,36.04,29.0,0.0,221.0,1200.0
169202.118,82802.118,140.0,91.30000000000001,22.29,16.36,169.5,33.15,152.8,28.96,32.96,33.800000000000004,91.0,15.950000000000001,54.1,100.0,215.5,2826.0,1.24,35.85,14.97,6.96,36.050000000000004,28.990000000000002,1.0,218.0,1200.0
169262.118,82862.118,140.0,90.4,22.2,16.34,171.5,33.15,151.1,29.01,33.03,34.0,92.0,15.700000000000001,53.400000000000006,100.0,222.5,2829.0,1.4000000000000001,35.75,15.030000000000001,7.01,36.03,29.1,0.0,218.5,1200.0
169322.118,82922.118,140.0,91.0,22.3,16.27,170.5,33.15,152.1,28.990000000000002,33.08,33.7,92.5,16.0,53.7,100.0,219.5,2832.0,1.4000000000000001,35.800000000000004,14.97,6.97,36.09,29.01,4.0,216.0,1200.0
169382.118,82982.118,140.0,91.5,22.27,16.32,171.5,33.050000000000004,151.70000000000002,28.95,32.93,33.85,90.5,15.700000000000001,53.2,99.9,221.0,2834.0,1.41,35.800000000000004,15.0,7.01,36.050000000000004,28.93,0.0,220.0,1200.0
169442.118,83042.118,140.0,92.30000000000001,22.150000000000002,16.23,169.5,33.1,151.20000000000002,29.01,33.05,33.95,92.0,15.75,53.2,100.0,224.0,2838.0,1.57,35.75,15.0,6.97,35.99,28.95,0.0,223.5,1200.0
169502.118,83102.118,140.0,92.80000000000001,22.19,16.1,169.5,33.35,151.5,29.01,33.11,33.65,91.0,15.75,53.2,99.80000000000001,221.5,2856.0,1.37,35.9,15.07,6.92,35.96,28.94,0.0,223.5,1200.0
169562.118,83162.118,140.0,91.60000000000001,22.1,16.080000000000002,170.0,33.2,150.70000000000002,29.01,33.1,33.85,95.0,15.600000000000001,53.5,100.0,225.5,2849.0,1.46,35.85,15.030000000000001,7.03,36.02,29.14,0.0,225.5,1200.0
169622.118,83222.118,140.0,92.2,22.19,16.05,174.0,33.25,151.6,29.150000000000002,33.14,33.85,93.0,15.75,54.300000000000004,99.5,226.0,2865.0,1.45,36.15,14.950000000000001,6.92,35.9,29.11,1.0,224.5,1200.0
169682.118,83282.118,140.0,90.9,22.13,16.04,168.5,33.300000000000004,150.4,29.11,33.1,33.85,91.5,15.600000000000001,53.5,100.0,228.0,2866.0,1.3800000000000001,36.050000000000004,15.040000000000001,7.0,35.93,29.02,0.0,228.5,1200.0
169742.118,83342.118,140.0,90.80000000000001,22.12,15.96,170.5,33.300000000000004,152.4,29.09,33.08,33.85,93.5,15.450000000000001,54.0,100.0,224.5,2862.0,1.47,35.85,15.040000000000001,7.07,36.08,29.0,1.0,223.5,1200.0
169802.118,83402.118,140.0,90.5,22.1,16.04,169.5,33.15,152.20000000000002,29.17,33.17,33.75,94.0,15.4,53.800000000000004,99.9,228.0,2861.0,1.19,35.95,15.06,6.97,36.01,29.01,1.0,227.0,1200.0
169862.118,83462.118,140.0,90.2,22.07,15.96,168.5,33.300000000000004,152.5,29.150000000000002,33.11,33.85,93.0,15.55,52.800000000000004,99.9,230.0,2868.0,1.41,35.95,15.0,7.0,35.980000000000004,28.94,1.0,225.5,1200.0
169922.118,83522.118,140.0,90.30000000000001,22.09,16.04,169.0,33.25,152.1,29.19,33.11,33.85,90.5,15.55,53.800000000000004,99.9,222.0,2869.0,1.44,36.050000000000004,14.950000000000001,7.0600000000000005,35.94,28.93,2.0,227.5,1200.0
169982.118,83582.118,140.0,90.80000000000001,22.18,15.96,170.0,33.300000000000004,149.70000000000002,29.22,33.19,33.9,92.0,15.55,53.400000000000006,100.0,226.5,2870.0,1.4000000000000001,36.1,15.05,7.03,36.0,29.03,0.0,230.0,1200.0
170042.118,83642.118,140.0,90.10000000000001,22.11,15.96,173.5,33.300000000000004,151.70000000000002,29.26,33.21,34.0,92.0,15.55,54.400000000000006,100.0,229.0,2879.0,1.32,36.050000000000004,14.94,6.96,36.03,29.01,0.0,227.5,1200.0
170102.118,83702.118,140.0,89.5,22.11,15.97,172.0,33.45,150.3,29.080000000000002,33.21,33.9,96.0,15.450000000000001,53.7,100.0,226.5,2876.0,1.56,36.25,15.05,7.08,36.01,29.07,1.0,234.0,1200.0
170162.118,83762.118,140.0,92.10000000000001,22.16,15.97,172.0,33.4,150.70000000000002,29.080000000000002,33.26,33.95,90.0,15.5,53.6,100.0,232.0,2880.0,1.37,36.25,15.0,7.05,35.980000000000004,28.95,0.0,229.5,1200.0
170222.118,83822.118,140.0,90.0,22.14,16.03,172.0,33.4,152.4,29.18,33.33,34.0,90.0,15.5,54.1,99.7,233.5,2880.0,1.47,36.15,15.01,6.95,36.02,29.01,1.0,230.5,1200.0
170282.118,83882.118,140.0,90.7,22.22,16.080000000000002,170.5,33.6,151.8,29.330000000000002,33.34,34.0,92.0,15.5,53.1,99.9,234.0,2886.0,1.3800000000000001,36.1,15.06,7.0,35.95,28.97,0.0,228.5,1200.0
170342.117,83942.117,140.0,91.30000000000001,22.28,16.05,171.0,33.45,152.5,29.21,33.27,34.15,89.0,15.700000000000001,53.800000000000004,100.0,229.5,2887.0,1.28,36.35,15.02,7.01,35.910000000000004,29.03,0.0,233.0,1200.0
170402.117,84002.117,140.0,90.7,22.23,15.99,175.0,33.4,152.1,29.27,33.32,34.1,93.0,15.55,54.5,100.0,229.5,2889.0,1.33,36.300000000000004,15.02,6.94,35.980000000000004,29.11,0.0,238.5,1200.0
170462.117,84062.117,140.0,91.2,22.07,15.950000000000001,171.0,33.35,152.6,29.23,33.3,34.050000000000004,91.0,15.5,53.800000000000004,99.9,234.0,2886.0,1.37,36.35,14.96,7.07,35.94,29.05,0.0,233.5,1200.0
170522.117,84122.117,140.0,92.10000000000001,21.990000000000002,15.950000000000001,170.5,33.45,150.9,29.25,33.29,34.15,90.5,15.4,53.6,100.0,228.5,2882.0,1.33,36.300000000000004,14.92,6.96,36.02,28.96,0.0,234.5,1200.0
170582.117,84182.117,140.0,90.10000000000001,21.81,15.88,169.0,33.550000000000004,150.5,29.29,33.21,34.050000000000004,90.5,15.3,52.900000000000006,99.9,230.0,2885.0,1.44,36.25,15.0,6.97,36.0,28.98,1.0,227.5,1200.0
170642.117,84242.117,140.0,91.0,21.68,15.8,170.5,33.300000000000004,150.8,29.25,33.09,33.9,91.0,15.450000000000001,52.7,100.0,226.5,2885.0,1.43,36.300000000000004,14.97,6.99,35.93,28.990000000000002,2.0,229.5,1200.0
170702.117,84302.117,140.0,91.0,21.61,15.69,170.5,33.25,149.9,29.14,33.2,34.0,90.5,15.350000000000001,52.800000000000004,99.80000000000001,230.5,2898.0,1.45,36.2,14.98,6.97,36.04,29.03,1.0,232.5,1200.0
170762.117,84362.117,140.0,91.5,21.51,15.620000000000001,170.5,33.2,151.8,29.25,33.230000000000004,34.050000000000004,92.0,15.200000000000001,51.800000000000004,99.60000000000001,237.0,2907.0,1.33,36.25,15.05,6.93,35.980000000000004,29.080000000000002,0.0,232.0,1200.0
170822.117,84422.117,140.0,90.60000000000001,21.42,15.59,171.5,33.1,151.3,29.13,33.06,33.95,89.5,15.200000000000001,52.300000000000004,94.60000000000001,223.0,2913.0,1.34,36.25,14.96,6.98,35.97,28.95,2.0,222.0,1200.0
170882.117,84482.117,140.0,90.5,21.25,15.68,170.5,33.15,152.20000000000002,29.27,33.01,34.050000000000004,90.5,15.15,51.1,87.80000000000001,226.0,2925.0,1.32,36.1,14.99,7.03,35.94,28.990000000000002,0.0,219.5,1200.0
170942.117,84542.117,140.0,91.5,21.19,15.63,168.5,32.9,151.3,29.18,32.85,33.95,91.5,15.15,49.300000000000004,81.2,216.0,2923.0,1.52,36.300000000000004,14.99,6.98,35.97,28.990000000000002,0.0,217.5,1200.0
171002.117,84602.117,140.0,92.60000000000001,21.080000000000002,15.620000000000001,168.0,32.85,150.8,29.13,32.7,34.1,91.0,15.15,48.400000000000006,75.4,210.0,2941.0,1.45,36.2,15.05,6.99,35.97,28.98,0.0,210.0,1200.0
171062.117,84662.117,140.0,90.80000000000001,21.25,15.74,168.5,32.85,152.4,29.07,32.77,34.15,91.5,15.100000000000001,46.800000000000004,73.9,208.0,2936.0,1.26,36.2,14.950000000000001,7.0600000000000005,36.0,28.98,0.0,211.0,1200.0
171122.117,84722.117,140.0,88.60000000000001,21.39,15.84,168.0,32.9,151.3,29.150000000000002,32.72,34.0,92.5,15.600000000000001,46.900000000000006,74.10000000000001,207.5,2926.0,1.21,36.15,14.98,7.0,35.99,29.01,0.0,206.5,1200.0
171182.117,84782.117,140.0,91.0,21.48,15.94,167.5,32.85,151.8,29.18,32.71,34.2,92.5,15.5,47.800000000000004,76.9,207.5,2911.0,1.36,36.2,15.02,6.99,36.02,28.97,0.0,209.0,1200.0
171242.117,84842.117,140.0,91.30000000000001,21.7,15.98,169.5,33.0,151.5,29.23,32.83,34.25,91.5,15.450000000000001,49.1,80.10000000000001,213.5,2902.0,1.21,36.15,15.09,7.01,35.99,29.03,0.0,212.0,1200.0
171302.117,84902.117,140.0,92.60000000000001,21.740000000000002,16.18,169.5,33.15,152.6,29.17,32.95,34.0,94.0,15.600000000000001,50.0,84.0,215.0,2892.0,1.46,36.0,15.05,7.0200000000000005,35.99,29.03,0.0,216.0,1200.0
171362.117,84962.117,140.0,91.0,22.03,16.16,172.0,33.1,151.20000000000002,29.3,33.04,34.15,93.0,15.5,50.900000000000006,87.7,218.0,2881.0,1.18,36.15,15.01,6.94,35.92,29.080000000000002,0.0,217.0,1200.0
171422.117,85022.117,140.0,90.0,22.080000000000002,16.13,171.0,33.2,151.6,29.19,33.160000000000004,34.1,94.0,15.700000000000001,52.1,92.7,228.0,2867.0,1.5,36.1,15.01,6.95,35.92,28.990000000000002,0.0,220.0,1200.0
171482.116,85082.116,140.0,93.0,22.150000000000002,16.22,170.5,33.2,151.5,29.310000000000002,33.27,34.050000000000004,92.5,15.8,52.900000000000006,98.2,223.0,2860.0,1.31,36.050000000000004,14.92,7.04,35.95,29.0,0.0,226.5,1200.0
171542.116,85142.116,140.0,91.80000000000001,22.3,16.330000000000002,172.0,33.5,154.20000000000002,29.16,33.14,34.050000000000004,92.5,15.850000000000001,54.2,100.0,222.0,2842.0,1.33,36.0,14.97,6.91,35.96,29.02,0.0,227.5,1200.0
171602.116,85202.116,140.0,93.7,22.43,16.51,172.0,33.5,151.4,29.22,33.27,34.050000000000004,91.5,15.9,54.0,100.0,221.0,2834.0,1.53,36.1,15.0,7.04,35.92,29.09,0.0,225.5,1200.0
171662.116,85262.116,140.0,91.7,22.46,16.46,173.0,33.45,150.4,29.25,33.230000000000004,34.0,94.0,16.0,53.800000000000004,100.0,220.0,2831.0,1.35,36.2,15.02,7.0,35.99,29.05,0.0,222.0,1200.0
171722.116,85322.116,140.0,92.7,22.36,16.37,173.0,33.35,150.4,29.240000000000002,33.33,34.0,95.5,16.05,53.400000000000006,100.0,226.0,2856.0,1.47,36.1,14.99,7.05,35.96,29.0,0.0,222.0,1200.0
171782.116,85382.116,140.0,90.0,22.43,16.2,170.5,33.5,150.1,29.32,33.28,34.2,95.0,15.850000000000001,53.300000000000004,99.80000000000001,227.5,2871.0,1.41,36.300000000000004,14.96,7.04,35.94,29.04,2.0,231.0,1200.0
171842.116,85442.116,140.0,91.2,22.5,16.17,172.5,33.5,151.3,29.28,33.33,34.2,93.0,15.600000000000001,54.2,100.0,228.0,2879.0,1.29,36.300000000000004,14.99,7.01,35.96,28.96,0.0,231.5,1200.0
171902.116,85502.116,140.0,90.2,22.38,16.14,171.5,33.6,150.20000000000002,29.34,33.46,34.15,93.0,15.65,55.1,100.0,229.0,2884.0,1.34,36.300000000000004,15.0,7.04,36.09,29.03,0.0,232.0,1200.0
171962.116,85562.116,140.0,91.0,22.44,16.18,172.0,33.45,152.5,29.29,33.46,34.25,91.5,15.700000000000001,54.6,99.7,232.5,2885.0,1.42,36.4,15.09,6.97,35.96,28.95,0.0,237.5,1200.0
172022.116,85622.116,140.0,90.5,22.45,16.09,172.0,33.550000000000004,149.6,29.3,33.4,34.0,92.5,15.65,55.2,100.0,232.0,2902.0,1.54,36.45,14.98,7.0,35.95,29.07,0.0,236.5,1200.0
172082.116,85682.116,140.0,91.0,22.41,16.04,174.0,33.45,151.5,29.34,33.54,34.25,90.0,15.600000000000001,55.1,99.7,238.5,2900.0,1.48,36.45,14.94,6.94,36.0,29.060000000000002,0.0,239.5,1200.0
172142.116,85742.116,140.0,91.4,22.45,16.07,172.5,33.7,151.70000000000002,29.26,33.53,34.1,91.0,15.55,55.1,99.60000000000001,238.5,2906.0,1.4000000000000001,36.45,14.950000000000001,6.98,35.95,28.95,0.0,234.5,1200.0
172202.116,85802.116,140.0,90.80000000000001,22.38,16.13,174.0,33.6,151.6,29.34,33.5,34.2,91.5,15.600000000000001,54.900000000000006,100.0,242.5,2907.0,1.37,36.550000000000004,15.05,6.97,35.94,29.14,0.0,236.0,1200.0
172262.116,85862.116,140.0,90.0,22.42,16.02,173.0,33.65,151.5,29.34,33.58,34.15,91.0,15.350000000000001,55.2,100.0,236.5,2907.0,1.3900000000000001,36.6,14.98,7.03,35.95,29.05,1.0,239.5,1200.0
172322.116,85922.116,140.0,92.0,22.43,16.11,173.5,33.6,151.1,29.35,33.53,34.2,92.0,15.55,55.1,99.9,239.0,2914.0,1.52,36.65,14.99,7.04,35.97,28.91,0.0,241.5,1200.0
172382.116,85982.116,140.0,91.0,22.45,16.03,171.5,33.550000000000004,151.70000000000002,29.400000000000002,33.54,34.2,94.0,15.5,55.0,99.60000000000001,239.5,2912.0,1.28,36.9,15.06,6.95,36.050000000000004,28.95,0.0,241.0,1200.0
172442.116,86042.116,140.0,90.30000000000001,22.46,16.04,174.0,33.65,149.9,29.310000000000002,33.51,34.25,91.0,15.55,54.900000000000006,100.0,237.5,2916.0,1.48,36.7,14.98,7.0600000000000005,36.01,29.01,1.0,240.5,1200.0
172502.116,86102.116,140.0,91.4,22.44,16.01,175.0,33.7,154.10000000000002,29.330000000000002,33.53,34.25,92.0,15.65,54.900000000000006,99.7,243.0,2917.0,1.59,36.9,15.040000000000001,6.94,35.93,28.990000000000002,0.0,236.0,1200.0
172562.116,86162.116,140.0,90.4,22.34,16.03,173.5,33.550000000000004,151.1,29.29,33.44,34.1,91.5,15.5,55.0,99.60000000000001,240.5,2914.0,1.5,36.9,15.02,7.0600000000000005,35.99,28.94,0.0,239.5,1200.0
172622.115,86222.115,140.0,91.0,22.400000000000002,15.92,172.5,33.65,151.0,29.29,33.55,34.050000000000004,92.0,15.55,54.800000000000004,99.80000000000001,241.0,2920.0,1.5,36.85,14.950000000000001,6.98,36.0,29.05,1.0,241.5,1200.0
172682.115,86282.115,140.0,90.0,22.46,15.97,173.0,33.6,152.5,29.26,33.6,34.25,91.0,15.55,54.6,100.0,236.5,2915.0,1.3800000000000001,36.9,15.01,7.01,36.0,28.96,0.0,239.0,1200.0
172742.115,86342.115,140.0,89.2,22.41,15.94,173.5,33.550000000000004,150.9,29.240000000000002,33.58,34.1,91.5,15.350000000000001,55.1,100.0,238.0,2914.0,1.21,36.9,14.97,7.04,35.95,28.95,0.0,237.5,1200.0
