time_s,scenario_time_s,HT-CH-01-AMPS,HT-CH-01-CHWFLOW,HT-CH-01-CHWRT,HT-CH-01-CHWST,HT-CH-01-CONDP,HT-CH-01-CONDT,HT-CH-01-CWFLOW,HT-CH-01-CWRT,HT-CH-01-CWST,HT-CH-01-DISCT,HT-CH-01-EVAPP,HT-CH-01-EVAPT,HT-CH-01-EXV,HT-CH-01-IGV,HT-CH-01-KW,HT-CH-01-RPM,HT-CH-01-VIB,HT-CH-01-WINDT,PLANT-CHWRT,PLANT-CHWST,PLANT-CWRT,PLANT-CWST,PLANT-DP,PLANT-KW,PLANT-LOAD
0.0,0.0,140.0,90.7,22.240000000000002,15.98,166.0,32.85,150.6,28.54,32.67,33.25,91.0,15.75,55.800000000000004,100.0,218.5,2816.0,1.34,35.5,15.06,6.94,36.01,28.97,1.0,219.0,1200.0
61.03,0.0,140.0,92.7,22.28,16.05,168.0,32.9,152.4,28.51,32.58,33.35,93.5,15.55,55.300000000000004,99.80000000000001,222.0,2819.0,1.42,35.550000000000004,15.0,7.04,36.0,29.03,3.0,217.0,1200.0
121.436,0.0,140.0,89.80000000000001,22.28,15.950000000000001,166.0,32.65,151.5,28.57,32.56,33.2,92.5,15.65,55.6,100.0,222.0,2816.0,1.36,35.6,14.96,7.03,36.04,28.85,0.0,220.5,1200.0
181.67,0.0,140.0,91.2,22.22,15.97,168.5,32.75,151.8,28.57,32.660000000000004,33.35,92.5,15.8,55.400000000000006,99.7,218.5,2824.0,1.37,35.5,15.02,7.07,36.0,29.01,0.0,220.0,1200.0
241.826,0.0,140.0,90.30000000000001,22.3,15.99,166.0,32.65,150.4,28.51,32.62,33.15,92.0,15.8,55.400000000000006,99.80000000000001,218.5,2817.0,1.49,35.550000000000004,15.05,7.0,36.08,29.02,0.0,219.5,1200.0
301.938,0.0,140.0,90.2,22.31,15.94,166.0,32.65,150.6,28.52,32.57,33.35,90.5,15.9,56.1,99.7,218.0,2822.0,1.5,35.45,15.02,6.99,36.04,29.1,0.0,223.5,1200.0
362.022,0.0,140.0,91.9,22.26,16.06,167.0,32.65,149.20000000000002,28.53,32.59,33.2,92.0,15.75,55.900000000000006,99.5,218.0,2817.0,1.32,35.5,15.02,6.99,35.93,29.03,0.0,226.5,1200.0
422.089,0.0,140.0,90.30000000000001,22.3,16.02,168.0,32.800000000000004,152.8,28.51,32.63,33.35,92.5,15.700000000000001,55.300000000000004,99.5,214.5,2825.0,1.28,35.300000000000004,15.0,6.99,36.01,28.92,0.0,219.5,1200.0
482.142,0.0,140.0,93.10000000000001,22.29,16.06,167.0,32.75,152.8,28.55,32.5,33.300000000000004,92.5,15.700000000000001,55.7,99.9,219.0,2820.0,1.21,35.5,15.040000000000001,6.94,35.980000000000004,28.94,0.0,217.0,1200.0
542.186,0.0,140.0,90.60000000000001,22.29,16.02,167.0,32.800000000000004,151.5,28.62,32.7,33.35,92.5,15.75,56.0,100.0,220.0,2816.0,1.49,35.5,15.040000000000001,7.0200000000000005,36.07,29.1,4.0,215.5,1200.0
602.222,0.0,140.0,90.4,22.330000000000002,16.05,166.0,32.7,150.4,28.57,32.6,33.25,92.0,15.850000000000001,55.900000000000006,100.0,216.5,2816.0,1.46,35.550000000000004,14.99,6.97,35.99,28.97,0.0,218.0,1200.0
662.253,0.0,140.0,92.0,22.27,15.950000000000001,166.5,32.7,153.8,28.54,32.57,33.35,91.0,15.65,55.7,100.0,224.5,2817.0,1.48,35.5,15.08,6.96,35.980000000000004,28.990000000000002,0.0,220.5,1200.0
722.279,0.0,140.0,92.60000000000001,22.29,16.04,167.5,32.800000000000004,150.6,28.51,32.56,33.300000000000004,94.0,15.600000000000001,55.0,100.0,217.0,2816.0,1.5,35.5,14.950000000000001,7.09,36.050000000000004,29.02,0.0,221.0,1200.0
782.302,0.0,140.0,91.5,22.31,15.98,167.5,32.7,150.5,28.47,32.54,33.4,90.0,15.75,55.900000000000006,99.9,223.0,2821.0,1.45,35.45,15.01,7.01,36.04,28.98,0.0,218.0,1200.0
842.322,0.0,140.0,91.4,22.28,15.96,166.5,32.75,150.9,28.53,32.660000000000004,33.35,93.0,15.65,55.6,100.0,222.0,2823.0,1.31,35.4,15.02,7.04,36.02,29.02,0.0,224.5,1200.0
902.339,0.0,140.0,91.2,22.19,15.96,167.5,32.85,150.8,28.580000000000002,32.58,33.25,94.5,15.75,55.300000000000004,100.0,217.5,2824.0,1.3800000000000001,35.45,14.96,7.0,36.03,29.02,0.0,222.5,1200.0
962.354,0.0,140.0,90.60000000000001,22.32,15.96,168.0,32.800000000000004,150.70000000000002,28.55,32.53,33.35,92.0,15.600000000000001,55.0,99.9,217.5,2818.0,1.52,35.45,15.030000000000001,7.05,35.97,28.96,0.0,220.5,1200.0
1022.368,0.0,140.0,90.60000000000001,22.2,15.98,169.0,32.75,151.6,28.59,32.62,33.4,93.0,15.700000000000001,55.400000000000006,100.0,216.5,2820.0,1.34,35.35,15.030000000000001,7.05,36.07,28.98,1.0,220.0,1200.0
1082.38,0.0,140.0,90.80000000000001,22.2,16.04,167.5,32.800000000000004,149.9,28.51,32.57,33.35,94.0,15.9,55.7,99.9,219.0,2816.0,1.45,35.6,15.02,7.0600000000000005,35.97,28.990000000000002,0.0,223.5,1200.0
1142.39,0.0,140.0,91.4,22.23,16.01,168.5,32.550000000000004,151.5,28.560000000000002,32.57,33.45,93.0,15.75,55.300000000000004,100.0,220.0,2822.0,1.54,35.5,14.96,7.01,35.96,29.0,0.0,217.0,1200.0
1202.4,0.0,140.0,90.5,22.18,15.96,166.0,32.7,151.9,28.6,32.6,33.300000000000004,92.0,15.8,54.900000000000006,99.5,217.5,2823.0,1.36,35.5,14.98,7.0200000000000005,35.99,29.0,1.0,218.0,1200.0
1262.409,0.0,140.0,90.5,22.2,15.93,169.0,32.85,151.8,28.53,32.62,33.300000000000004,92.5,15.8,55.2,100.0,214.0,2817.0,1.26,35.45,15.040000000000001,7.01,36.03,29.0,0.0,215.5,1200.0
1322.416,0.0,140.0,90.30000000000001,22.17,16.01,168.5,32.75,152.9,28.71,32.68,33.4,90.0,15.850000000000001,55.6,99.5,223.0,2827.0,1.6,35.5,14.950000000000001,6.97,35.93,28.95,1.0,220.0,1200.0
1382.423,0.0,140.0,90.5,22.3,16.080000000000002,165.0,32.800000000000004,149.4,28.64,32.7,33.45,91.5,15.8,55.300000000000004,100.0,220.0,2821.0,1.3800000000000001,35.4,15.030000000000001,7.04,36.02,29.02,3.0,215.5,1200.0
1442.43,0.0,140.0,90.2,22.26,15.94,167.5,32.85,152.8,28.72,32.660000000000004,33.550000000000004,92.5,15.700000000000001,54.6,99.5,224.0,2825.0,1.51,35.6,15.040000000000001,7.0,35.97,28.990000000000002,0.0,220.0,1200.0
1502.435,0.0,140.0,90.60000000000001,22.23,15.98,168.0,32.800000000000004,151.6,28.69,32.74,33.35,92.5,15.65,55.0,99.80000000000001,220.5,2825.0,1.27,35.6,14.98,7.0,36.09,29.03,0.0,218.0,1200.0
1562.441,0.0,140.0,89.7,22.26,16.07,170.0,32.7,151.6,28.61,32.7,33.4,91.0,15.600000000000001,54.5,100.0,222.0,2826.0,1.3800000000000001,35.4,15.030000000000001,6.97,35.88,29.05,0.0,222.5,1200.0
1622.445,0.0,140.0,90.5,22.25,15.97,167.5,32.9,152.6,28.72,32.71,33.45,93.5,15.75,55.400000000000006,99.7,221.0,2834.0,1.41,35.6,14.94,7.0,35.99,28.95,0.0,218.5,1200.0
1682.45,0.0,140.0,92.4,22.25,15.98,165.5,32.800000000000004,151.4,28.75,32.74,33.5,93.0,15.850000000000001,55.1,100.0,219.5,2833.0,1.42,35.6,15.01,7.01,36.03,29.05,0.0,223.0,1200.0
1742.454,0.0,140.0,90.2,22.27,15.97,170.0,32.800000000000004,152.1,28.64,32.81,33.45,91.5,15.850000000000001,55.2,99.7,220.5,2833.0,1.25,35.5,14.99,6.98,36.01,28.97,0.0,221.5,1200.0
1802.457,0.0,140.0,91.5,22.25,15.99,169.5,32.85,150.9,28.7,32.75,33.5,92.0,15.700000000000001,55.1,99.80000000000001,219.5,2829.0,1.37,35.5,14.9,7.0,35.93,29.03,2.0,222.0,1200.0
1862.461,0.0,140.0,91.4,22.240000000000002,16.0,169.5,33.1,151.6,28.79,32.74,33.5,94.0,15.75,55.400000000000006,100.0,226.0,2831.0,1.44,35.550000000000004,14.97,7.03,35.980000000000004,29.0,0.0,223.5,1200.0
1922.464,0.0,140.0,92.60000000000001,22.240000000000002,16.0,171.0,33.050000000000004,152.4,28.7,32.83,33.45,91.0,15.9,55.400000000000006,100.0,221.0,2839.0,1.42,35.45,14.96,7.0600000000000005,36.01,28.990000000000002,1.0,221.0,1200.0
1982.466,0.0,140.0,91.4,22.18,16.06,169.0,33.1,151.4,28.76,32.82,33.6,93.5,15.75,55.300000000000004,100.0,220.0,2832.0,1.29,35.6,15.040000000000001,7.01,36.03,28.97,1.0,224.5,1200.0
2042.469,0.0,140.0,91.60000000000001,22.27,15.97,168.5,32.85,151.8,28.830000000000002,32.78,33.45,93.5,15.65,55.0,100.0,221.0,2835.0,1.41,35.7,15.05,6.93,36.13,29.0,0.0,221.0,1200.0
2102.471,0.0,140.0,90.7,22.3,16.01,167.0,32.9,152.0,28.740000000000002,32.86,33.6,92.5,15.700000000000001,55.2,99.9,223.5,2842.0,1.28,35.85,15.040000000000001,7.0200000000000005,35.980000000000004,29.03,0.0,223.5,1200.0
2162.473,0.0,140.0,90.9,22.240000000000002,15.98,167.5,33.050000000000004,152.0,28.82,32.910000000000004,33.5,92.5,15.65,54.900000000000006,100.0,225.0,2839.0,1.59,35.75,15.11,7.0200000000000005,36.03,29.0,0.0,227.5,1200.0
2222.475,0.0,140.0,91.60000000000001,22.22,15.97,170.5,32.95,151.4,28.73,32.910000000000004,33.550000000000004,91.0,15.700000000000001,55.300000000000004,100.0,218.5,2832.0,1.37,35.85,14.93,6.99,35.96,28.990000000000002,0.0,224.0,1200.0
2282.477,0.0,140.0,90.10000000000001,22.23,15.96,171.0,33.1,152.9,28.73,32.71,33.4,92.0,15.600000000000001,55.0,100.0,227.0,2833.0,1.58,35.85,15.05,6.99,35.89,28.93,0.0,225.0,1200.0
2342.479,0.0,140.0,91.4,22.23,16.01,170.5,32.95,151.1,28.82,32.980000000000004,33.550000000000004,93.0,15.8,55.300000000000004,99.9,220.5,2834.0,1.3800000000000001,35.65,14.94,6.99,36.0,28.91,0.0,222.5,1200.0
2402.48,0.0,140.0,91.5,22.25,15.99,169.0,32.95,153.3,28.79,32.83,33.5,93.0,15.75,55.1,100.0,223.5,2837.0,1.33,35.75,14.98,6.97,36.11,29.03,0.0,219.0,1200.0
2462.482,0.0,140.0,92.4,22.32,15.98,169.5,32.95,152.3,28.73,32.85,33.7,94.0,15.75,54.7,100.0,227.0,2840.0,1.43,35.800000000000004,14.98,6.99,36.0,29.080000000000002,0.0,225.0,1200.0
2522.483,0.0,140.0,91.60000000000001,22.27,16.02,170.0,33.050000000000004,152.0,28.82,32.85,33.7,95.5,15.65,55.0,100.0,227.5,2844.0,1.37,35.800000000000004,14.950000000000001,7.03,35.95,29.05,3.0,226.5,1200.0
2582.484,0.0,140.0,91.0,22.28,16.01,169.0,33.050000000000004,152.20000000000002,28.91,32.89,33.65,94.5,15.75,55.0,100.0,230.0,2846.0,1.47,35.85,15.13,6.99,36.03,28.900000000000002,3.0,220.0,1200.0
2642.485,0.0,140.0,91.10000000000001,22.27,15.97,170.0,32.9,150.0,28.75,32.87,33.550000000000004,93.0,15.700000000000001,54.800000000000004,100.0,227.5,2840.0,1.35,35.9,14.99,6.96,36.01,28.97,1.0,225.5,1200.0
2702.486,0.0,140.0,90.60000000000001,22.21,16.0,170.5,33.050000000000004,152.5,28.900000000000002,32.95,33.65,91.5,15.75,55.400000000000006,100.0,228.5,2845.0,1.33,36.0,14.96,6.99,35.88,28.900000000000002,0.0,222.0,1200.0
2762.487,0.0,140.0,91.80000000000001,22.26,16.06,169.5,33.1,151.3,28.91,32.96,33.6,93.0,15.8,54.800000000000004,100.0,227.0,2851.0,1.53,35.7,15.02,7.0200000000000005,36.03,28.96,0.0,224.5,1200.0
2822.488,0.0,140.0,89.5,22.23,16.01,170.5,33.2,150.9,28.88,32.910000000000004,33.65,91.5,15.850000000000001,54.800000000000004,99.5,221.0,2848.0,1.35,36.0,15.040000000000001,6.93,36.050000000000004,28.95,0.0,228.0,1200.0
2882.488,0.0,140.0,87.4,22.26,16.05,170.0,33.0,151.3,28.87,32.95,33.85,93.0,15.75,54.800000000000004,100.0,226.5,2848.0,1.5,35.9,14.94,7.0200000000000005,35.910000000000004,29.0,1.0,225.5,1200.0
2942.489,0.0,140.0,91.2,22.2,15.9,170.0,33.15,151.1,28.92,32.97,33.7,94.5,15.75,55.2,100.0,226.5,2845.0,1.43,35.85,14.950000000000001,7.0,36.07,29.03,1.0,227.0,1200.0
3002.489,0.0,140.0,91.9,22.23,15.97,169.5,33.050000000000004,151.5,28.97,33.07,33.800000000000004,90.0,15.700000000000001,55.1,100.0,227.0,2848.0,1.3900000000000001,35.9,15.02,6.94,35.97,29.04,1.0,228.0,1200.0
3062.49,0.0,140.0,89.30000000000001,22.330000000000002,15.96,170.0,33.25,152.1,28.94,33.15,33.6,95.0,15.700000000000001,55.1,100.0,227.0,2850.0,1.34,35.95,15.01,6.99,35.97,29.0,0.0,228.0,1200.0
3122.49,0.0,140.0,90.9,22.26,16.06,169.0,33.300000000000004,151.8,28.91,33.14,33.75,93.0,15.75,54.7,100.0,226.0,2855.0,1.69,35.95,15.0,7.0200000000000005,36.09,29.0,1.0,226.0,1200.0
3182.491,0.0,140.0,91.2,22.25,16.03,171.5,33.1,150.3,28.84,33.1,33.75,93.0,15.700000000000001,54.6,100.0,228.0,2852.0,1.41,36.1,15.040000000000001,7.01,36.0,29.080000000000002,0.0,227.0,1200.0
3242.491,0.0,140.0,88.5,22.26,16.01,168.5,33.2,151.0,28.88,33.02,33.75,94.0,15.65,55.1,100.0,226.5,2846.0,1.44,35.9,15.040000000000001,7.0200000000000005,36.01,29.02,0.0,224.0,1200.0
3302.491,0.0,140.0,90.5,22.330000000000002,16.06,169.5,33.15,151.9,28.88,33.03,33.7,93.0,15.75,55.1,100.0,228.5,2854.0,1.44,35.95,14.94,6.97,36.08,29.0,3.0,224.0,1200.0
3362.491,0.0,140.0,92.5,22.29,16.01,169.5,33.15,151.8,28.91,33.06,33.7,93.0,15.850000000000001,55.0,100.0,227.5,2851.0,1.45,35.85,15.030000000000001,7.01,36.01,28.98,0.0,227.0,1200.0
3422.492,0.0,140.0,90.60000000000001,22.22,15.98,170.5,33.15,150.5,28.98,32.99,33.6,92.0,15.75,54.800000000000004,99.9,228.5,2849.0,1.3900000000000001,36.0,15.02,6.94,36.01,29.12,1.0,224.5,1200.0
3482.492,0.0,140.0,91.7,22.36,16.05,172.5,33.1,151.70000000000002,28.830000000000002,33.06,33.7,92.5,15.8,54.5,100.0,224.0,2847.0,1.49,35.95,14.97,7.0600000000000005,35.97,29.04,1.0,225.0,1200.0
3542.492,0.0,140.0,89.80000000000001,22.25,16.05,170.0,33.2,153.20000000000002,28.96,32.910000000000004,33.7,92.0,15.8,55.1,100.0,226.5,2854.0,1.41,35.9,15.030000000000001,7.01,35.93,29.01,0.0,224.0,1200.0
3602.492,0.0,140.0,90.80000000000001,22.21,16.02,170.0,33.25,151.8,28.95,33.0,33.7,94.0,15.950000000000001,54.6,100.0,224.5,2845.0,1.51,36.050000000000004,14.99,7.01,35.94,29.02,0.0,225.5,1200.0
3662.492,0.0,140.0,90.9,22.22,15.99,169.0,33.0,149.5,28.92,33.1,33.6,91.5,15.8,54.6,100.0,224.5,2853.0,1.34,36.050000000000004,14.98,6.99,36.04,28.900000000000002,3.0,223.0,1200.0
3722.492,0.0,140.0,92.60000000000001,22.27,16.03,167.5,33.2,150.8,28.91,33.04,33.6,92.0,15.850000000000001,54.7,99.4,225.0,2855.0,1.44,36.0,15.0,6.99,36.0,29.02,1.0,224.5,1200.0
3782.492,0.0,140.0,89.80000000000001,22.19,15.950000000000001,171.0,33.15,152.4,28.95,33.03,33.75,92.0,15.65,54.5,99.4,231.0,2857.0,1.44,35.85,14.98,6.95,36.04,28.990000000000002,2.0,230.0,1200.0
3842.492,0.0,140.0,90.0,22.27,16.05,171.5,33.050000000000004,151.5,28.96,33.12,33.75,91.5,15.850000000000001,55.1,99.9,224.0,2853.0,1.54,36.1,15.0,6.98,36.01,29.03,0.0,224.5,1200.0
3902.492,0.0,140.0,90.5,22.28,15.99,170.0,33.15,151.5,28.990000000000002,33.02,33.75,93.0,15.75,55.400000000000006,99.60000000000001,227.0,2856.0,1.51,36.0,14.950000000000001,7.0,36.01,29.03,2.0,231.0,1200.0
3962.492,0.0,140.0,90.30000000000001,22.2,15.98,169.0,33.25,151.8,28.96,33.11,34.0,93.0,15.700000000000001,55.400000000000006,99.30000000000001,227.0,2857.0,1.3,36.0,14.99,6.95,35.94,28.990000000000002,0.0,226.5,1200.0
4022.492,0.0,140.0,88.10000000000001,22.240000000000002,15.99,170.0,33.300000000000004,152.3,29.03,33.1,33.9,92.5,15.75,54.800000000000004,99.60000000000001,228.0,2859.0,1.49,36.050000000000004,15.05,7.0,35.95,29.0,3.0,225.5,1200.0
4082.491,0.0,140.0,90.80000000000001,22.31,16.03,172.0,33.35,151.6,28.990000000000002,33.12,33.95,94.5,15.700000000000001,54.6,99.4,231.0,2864.0,1.3900000000000001,36.050000000000004,14.99,7.01,35.99,29.04,0.0,229.0,1200.0
4142.491,0.0,140.0,91.30000000000001,22.3,15.96,172.0,33.2,150.4,29.07,33.22,33.9,93.5,15.75,55.5,99.9,226.5,2860.0,1.45,36.0,15.0,6.98,36.06,28.990000000000002,1.0,234.0,1200.0
4202.491,0.0,140.0,91.2,22.26,16.1,172.5,33.25,152.5,29.080000000000002,33.17,33.95,91.5,15.8,55.300000000000004,100.0,228.0,2865.0,1.3,36.050000000000004,14.99,7.04,36.0,29.05,2.0,233.5,1200.0
4262.491,0.0,140.0,91.30000000000001,22.31,16.04,170.0,33.25,149.9,29.14,33.2,33.75,95.0,15.75,55.1,100.0,230.0,2862.0,1.47,36.0,15.030000000000001,7.0,35.94,28.95,0.0,224.5,1200.0
4322.491,0.0,140.0,90.7,22.31,16.03,170.5,33.4,149.9,29.12,33.14,33.95,95.5,15.850000000000001,54.2,99.9,227.0,2871.0,1.42,36.0,15.0,6.97,35.980000000000004,28.91,0.0,227.5,1200.0
4382.49,0.0,140.0,90.0,22.32,16.0,172.0,33.2,151.9,29.150000000000002,33.18,33.800000000000004,92.5,15.65,55.1,100.0,230.0,2865.0,1.37,36.050000000000004,14.97,6.95,35.99,28.98,1.0,230.5,1200.0
4442.49,0.0,140.0,90.10000000000001,22.29,16.02,171.5,33.300000000000004,151.8,29.17,33.12,33.9,92.5,15.65,55.300000000000004,100.0,231.5,2869.0,1.44,36.2,15.06,7.0600000000000005,35.93,29.03,2.0,230.0,1200.0
4502.49,0.0,140.0,90.5,22.34,16.09,169.5,33.35,150.6,29.09,33.18,33.85,91.5,15.700000000000001,54.800000000000004,99.4,224.5,2870.0,1.4000000000000001,36.0,15.02,6.98,35.99,28.92,0.0,230.0,1200.0
4562.49,0.0,140.0,91.0,22.34,16.05,170.5,33.25,153.9,29.080000000000002,33.28,33.9,93.0,15.75,54.7,99.4,226.5,2867.0,1.47,36.050000000000004,15.01,6.99,36.08,29.0,0.0,231.5,1200.0
4622.489,0.0,140.0,89.2,22.34,16.04,170.0,33.35,149.4,29.05,33.24,33.800000000000004,94.0,15.700000000000001,55.0,100.0,234.0,2869.0,1.3800000000000001,36.25,15.0,6.97,36.01,29.03,0.0,228.0,1200.0
4682.489,0.0,140.0,91.30000000000001,22.3,15.94,169.5,33.45,152.20000000000002,29.2,33.17,33.85,95.5,15.700000000000001,55.300000000000004,100.0,233.0,2865.0,1.33,36.2,15.040000000000001,7.01,35.94,28.990000000000002,2.0,231.0,1200.0
4742.489,0.0,140.0,90.0,22.36,15.97,169.5,33.45,150.9,29.12,33.25,33.95,91.0,15.700000000000001,54.900000000000006,99.80000000000001,234.0,2865.0,1.57,36.15,14.99,6.99,35.97,28.990000000000002,0.0,231.5,1200.0
4802.488,0.0,140.0,90.30000000000001,22.330000000000002,16.02,172.0,33.45,151.0,29.07,33.230000000000004,33.7,92.5,15.8,55.2,99.60000000000001,228.0,2869.0,1.36,36.25,14.96,7.03,36.01,29.02,1.0,232.0,1200.0
4862.488,0.0,140.0,90.4,22.330000000000002,15.98,171.0,33.35,153.20000000000002,29.02,33.2,34.0,93.0,15.8,55.5,100.0,228.0,2866.0,1.48,36.2,14.97,7.0200000000000005,36.01,29.04,0.0,232.5,1200.0
4922.488,0.0,140.0,91.80000000000001,22.34,16.080000000000002,173.0,33.4,150.70000000000002,29.11,33.09,33.95,91.0,15.8,55.0,100.0,233.0,2873.0,1.42,36.1,14.97,6.92,35.980000000000004,29.01,3.0,227.0,1200.0
4982.487,0.0,140.0,90.0,22.38,16.0,172.5,33.4,151.3,29.150000000000002,33.3,33.85,94.0,15.700000000000001,55.1,99.80000000000001,232.0,2873.0,1.3900000000000001,36.2,15.05,6.96,36.02,28.97,0.0,232.5,1200.0
5042.487,0.0,140.0,90.30000000000001,22.38,16.02,171.5,33.4,152.5,29.17,33.27,33.800000000000004,92.5,15.700000000000001,54.800000000000004,99.7,229.0,2867.0,1.45,36.300000000000004,15.040000000000001,7.01,36.04,28.98,3.0,232.0,1200.0
5102.487,0.0,140.0,92.80000000000001,22.34,15.97,173.5,33.45,151.5,29.22,33.34,33.95,91.0,15.700000000000001,55.0,99.7,232.5,2869.0,1.61,36.050000000000004,14.97,6.96,35.99,28.94,0.0,230.5,1200.0
5162.486,0.0,140.0,90.80000000000001,22.34,16.03,170.5,33.300000000000004,151.6,29.23,33.31,34.0,93.0,15.700000000000001,55.400000000000006,100.0,232.0,2871.0,1.3900000000000001,36.25,15.06,7.03,36.04,28.97,2.0,231.0,1200.0
5222.486,0.0,140.0,93.0,22.37,16.04,171.0,33.45,151.6,29.14,33.29,34.0,94.0,15.700000000000001,55.0,100.0,230.5,2877.0,1.42,36.4,14.96,7.05,35.96,29.0,3.0,235.5,1200.0
5282.485,0.0,140.0,93.10000000000001,22.32,16.03,171.0,33.45,153.4,29.16,33.35,34.0,92.5,15.75,54.2,99.4,235.5,2871.0,1.35,36.25,14.98,7.01,35.94,29.05,2.0,233.0,1200.0
5342.485,0.0,140.0,91.2,22.26,16.0,171.5,33.550000000000004,152.4,29.23,33.3,34.0,92.5,15.700000000000001,54.7,99.9,226.5,2879.0,1.1500000000000001,36.15,15.07,6.98,36.02,28.96,1.0,231.5,1200.0
5402.485,0.0,140.0,90.5,22.21,15.96,171.0,33.5,150.0,29.39,33.35,34.1,94.5,15.850000000000001,54.900000000000006,100.0,230.5,2874.0,1.46,36.300000000000004,15.06,6.93,36.02,29.05,2.0,229.5,1200.0
5462.484,0.0,140.0,90.2,22.29,16.04,171.5,33.6,152.9,29.150000000000002,33.29,33.95,91.0,15.700000000000001,54.6,100.0,231.5,2876.0,1.57,36.35,15.0,7.0,36.03,29.01,0.0,231.0,1200.0
5522.484,0.0,140.0,90.10000000000001,22.3,16.01,171.5,33.4,151.20000000000002,29.19,33.39,33.95,93.5,15.75,54.7,100.0,230.0,2871.0,1.47,36.35,15.02,7.0200000000000005,36.01,29.04,0.0,229.5,1200.0
5582.483,0.0,140.0,90.9,22.34,15.97,171.5,33.35,152.4,29.13,33.39,33.9,93.0,15.65,54.900000000000006,99.4,238.0,2878.0,1.31,36.4,15.02,6.95,36.04,29.080000000000002,2.0,235.5,1200.0
5642.483,0.0,140.0,89.7,22.28,16.01,173.5,33.45,151.1,29.17,33.36,34.0,92.5,15.65,55.1,99.5,234.0,2877.0,1.23,36.2,15.0,6.96,35.95,29.02,0.0,236.0,1200.0
5702.483,0.0,140.0,90.9,22.27,16.01,171.5,33.4,152.3,29.3,33.35,34.1,91.5,15.8,54.400000000000006,99.5,233.5,2872.0,1.46,36.35,15.06,7.01,35.95,28.990000000000002,0.0,229.0,1200.0
5762.482,0.0,140.0,90.7,22.3,15.99,172.5,33.45,149.8,29.26,33.3,34.0,92.5,15.8,54.800000000000004,99.7,231.5,2876.0,1.3,36.4,14.97,7.08,35.92,28.990000000000002,2.0,231.0,1200.0
5822.482,0.0,140.0,89.9,22.29,15.98,171.0,33.5,152.1,29.27,33.42,33.85,93.0,15.8,55.0,100.0,230.0,2873.0,1.35,36.300000000000004,14.94,6.9,35.980000000000004,29.11,0.0,234.0,1200.0
5882.481,0.0,140.0,91.0,22.25,15.94,172.0,33.35,151.5,29.3,33.46,34.050000000000004,92.0,15.700000000000001,54.800000000000004,100.0,236.5,2891.0,1.32,36.300000000000004,15.05,7.0,36.050000000000004,28.97,1.0,234.0,1200.0
5942.481,0.0,140.0,90.5,22.29,16.02,172.5,33.6,151.3,29.28,33.31,34.0,93.5,15.65,54.6,99.9,228.5,2882.0,1.34,36.25,15.02,7.03,35.97,29.0,0.0,232.0,1200.0
6002.48,0.0,140.0,91.0,22.29,16.01,171.0,33.35,151.6,29.19,33.36,34.0,92.0,15.850000000000001,54.6,99.80000000000001,235.5,2879.0,1.41,36.25,14.94,7.0200000000000005,35.97,29.02,0.0,231.5,1200.0
6062.48,0.0,140.0,91.0,22.34,16.01,175.0,33.6,151.20000000000002,29.19,33.4,34.1,91.0,15.8,55.1,99.9,232.0,2876.0,1.26,36.6,14.98,7.09,35.97,28.95,0.0,234.5,1200.0
6122.479,0.0,140.0,92.60000000000001,22.29,15.98,172.0,33.45,151.70000000000002,29.310000000000002,33.29,34.1,93.5,15.75,54.1,99.9,231.5,2882.0,1.41,36.300000000000004,14.98,7.0,36.06,28.93,0.0,235.0,1200.0
6182.479,0.0,140.0,90.2,22.35,15.99,171.5,33.550000000000004,150.5,29.2,33.43,34.25,93.0,15.75,54.2,99.9,231.5,2882.0,1.42,36.45,15.040000000000001,7.0,35.97,28.97,2.0,229.5,1200.0
6242.479,0.0,140.0,90.9,22.36,16.0,174.0,33.550000000000004,152.0,29.29,33.410000000000004,34.050000000000004,92.0,15.75,54.7,100.0,228.5,2880.0,1.44,36.300000000000004,14.950000000000001,7.0600000000000005,36.02,28.830000000000002,0.0,233.5,1200.0
6302.478,0.0,140.0,91.4,22.31,16.07,171.5,33.550000000000004,151.0,29.25,33.49,34.15,92.0,15.75,54.800000000000004,100.0,239.0,2881.0,1.42,36.300000000000004,15.01,7.03,36.02,28.94,1.0,237.0,1200.0
6362.478,0.0,140.0,91.9,22.31,15.91,172.5,33.7,151.70000000000002,29.330000000000002,33.480000000000004,34.15,94.0,15.8,54.800000000000004,99.9,235.0,2888.0,1.48,36.4,15.07,6.95,36.03,29.11,0.0,229.5,1200.0
6422.477,0.0,140.0,91.10000000000001,22.22,15.98,172.0,33.6,152.3,29.37,33.47,34.2,93.5,15.75,54.7,99.80000000000001,233.5,2888.0,1.44,36.5,14.98,6.96,35.97,28.95,0.0,235.5,1200.0
6482.477,0.0,140.0,90.7,22.31,16.05,174.0,33.6,152.70000000000002,29.35,33.52,34.25,92.0,15.5,54.6,100.0,234.5,2890.0,1.52,36.5,15.05,7.04,35.97,29.03,3.0,234.0,1200.0
6542.476,0.0,140.0,89.4,22.26,16.07,175.5,33.550000000000004,150.4,29.36,33.53,34.25,94.5,15.8,54.800000000000004,100.0,232.0,2885.0,1.46,36.35,14.98,7.08,35.96,28.92,0.0,233.5,1200.0
6602.476,0.0,140.0,92.60000000000001,22.35,15.98,171.5,33.65,150.8,29.5,33.49,34.1,93.5,15.700000000000001,54.5,100.0,234.5,2888.0,1.47,36.6,15.0,6.99,35.89,28.97,2.0,232.0,1200.0
6662.475,0.0,140.0,90.30000000000001,22.240000000000002,15.950000000000001,173.5,33.6,149.8,29.39,33.5,34.2,93.0,15.700000000000001,54.2,99.30000000000001,232.0,2891.0,1.54,36.6,15.0,6.96,36.0,28.96,0.0,233.0,1200.0
6722.475,0.0,140.0,91.30000000000001,22.29,15.98,172.5,33.7,152.5,29.330000000000002,33.55,34.15,94.0,15.700000000000001,55.1,100.0,232.0,2891.0,1.44,36.35,15.08,7.05,36.03,29.01,2.0,235.5,1200.0
6782.474,0.0,140.0,90.10000000000001,22.26,15.94,172.0,33.550000000000004,149.20000000000002,29.38,33.480000000000004,34.2,92.5,15.55,54.1,100.0,235.0,2892.0,1.16,36.550000000000004,15.0,7.01,36.050000000000004,28.98,0.0,228.5,1200.0
6842.474,0.0,140.0,90.2,22.27,16.0,173.0,33.65,151.1,29.32,33.47,34.050000000000004,92.5,15.9,54.7,99.9,236.0,2885.0,1.31,36.5,15.02,7.01,36.0,28.990000000000002,0.0,235.0,1200.0
6902.473,0.0,140.0,90.30000000000001,22.35,15.99,172.0,33.45,152.3,29.3,33.45,34.050000000000004,94.0,15.850000000000001,55.2,99.80000000000001,238.0,2884.0,1.32,36.35,15.01,7.01,35.89,29.04,1.0,232.0,1200.0
6962.473,0.0,140.0,92.0,22.3,15.94,173.0,33.550000000000004,151.6,29.45,33.480000000000004,34.15,92.0,15.8,54.7,100.0,235.5,2883.0,1.53,36.550000000000004,15.0,7.03,35.99,28.95,2.0,237.5,1200.0
7022.472,0.0,140.0,91.60000000000001,22.29,16.0,170.5,33.65,151.6,29.37,33.44,34.050000000000004,91.0,15.9,54.1,100.0,235.0,2888.0,1.37,36.45,15.05,6.95,35.99,28.990000000000002,0.0,234.0,1200.0
7082.472,0.0,140.0,92.5,22.27,15.93,173.5,33.65,152.5,29.36,33.39,34.25,94.5,15.700000000000001,54.1,99.9,235.0,2883.0,1.35,36.65,14.98,7.0600000000000005,36.08,29.04,0.0,234.5,1200.0
7142.472,0.0,140.0,91.5,22.31,16.01,173.0,33.65,151.20000000000002,29.330000000000002,33.53,34.25,93.0,15.700000000000001,55.1,100.0,233.0,2893.0,1.31,36.5,14.98,6.97,36.04,29.02,2.0,234.0,1200.0
7202.471,0.0,140.0,91.0,22.3,16.0,173.0,33.6,151.0,29.27,33.46,34.050000000000004,92.0,15.700000000000001,54.900000000000006,99.80000000000001,233.5,2884.0,1.3900000000000001,36.6,15.030000000000001,7.05,35.95,28.98,2.0,233.0,1200.0
7262.471,0.0,140.0,90.4,22.31,15.99,172.5,33.550000000000004,150.20000000000002,29.330000000000002,33.39,34.1,92.5,15.600000000000001,54.6,99.80000000000001,233.0,2883.0,1.33,36.7,15.0,6.98,35.980000000000004,29.02,2.0,231.0,1200.0
7322.47,0.0,140.0,90.10000000000001,22.29,16.01,170.5,33.7,151.3,29.35,33.45,34.15,92.0,15.75,54.6,100.0,230.5,2890.0,1.37,36.65,15.030000000000001,7.01,36.06,29.07,1.0,231.0,1200.0
7382.47,0.0,140.0,90.5,22.32,16.02,171.5,33.6,151.70000000000002,29.35,33.55,34.2,94.0,15.75,54.400000000000006,100.0,237.5,2888.0,1.35,36.550000000000004,14.96,7.0,36.0,28.95,2.0,230.5,1200.0
7442.469,0.0,140.0,91.5,22.240000000000002,15.94,172.5,33.550000000000004,151.1,29.27,33.46,34.25,93.5,15.75,54.800000000000004,100.0,232.0,2883.0,1.5,36.5,15.040000000000001,6.94,36.0,29.05,0.0,239.0,1200.0
7502.469,0.0,140.0,90.9,22.36,15.99,171.5,33.6,151.9,29.42,33.43,34.15,92.5,15.850000000000001,54.6,100.0,237.0,2887.0,1.32,36.5,15.040000000000001,7.0,35.99,28.990000000000002,0.0,238.0,1200.0
7562.468,0.0,140.0,90.5,22.29,15.94,172.5,33.4,151.70000000000002,29.3,33.47,34.25,92.5,15.65,55.300000000000004,99.80000000000001,234.0,2888.0,1.46,36.45,14.97,6.99,36.02,29.03,0.0,234.5,1200.0
7622.468,0.0,140.0,90.7,22.37,15.98,174.0,33.85,152.20000000000002,29.36,33.45,34.25,92.5,15.700000000000001,55.0,100.0,231.0,2888.0,1.31,36.5,15.0,7.03,36.01,28.96,0.0,236.5,1200.0
7682.467,0.0,140.0,91.0,22.29,16.02,169.5,33.5,151.70000000000002,29.32,33.45,34.0,94.0,15.700000000000001,54.7,100.0,237.0,2879.0,1.33,36.4,15.05,7.0,35.97,29.03,0.0,234.0,1200.0
7742.467,0.0,140.0,89.30000000000001,22.36,16.0,169.5,33.5,150.1,29.36,33.46,34.25,95.5,15.75,54.7,99.5,235.0,2882.0,1.4000000000000001,36.35,14.97,6.97,35.97,28.96,2.0,229.5,1200.0
7802.466,0.0,140.0,91.7,22.25,16.01,171.5,33.7,151.6,29.35,33.410000000000004,34.050000000000004,92.0,15.600000000000001,54.900000000000006,99.30000000000001,231.0,2882.0,1.36,36.5,15.030000000000001,7.01,36.09,28.97,0.0,233.5,1200.0
7862.466,0.0,140.0,91.10000000000001,22.330000000000002,16.04,172.5,33.5,151.4,29.34,33.43,34.050000000000004,94.0,15.9,54.900000000000006,100.0,234.5,2882.0,1.48,36.35,14.950000000000001,7.01,36.08,29.04,0.0,234.5,1200.0
7922.465,0.0,140.0,90.80000000000001,22.28,16.02,172.5,33.45,151.0,29.38,33.43,34.050000000000004,92.0,15.8,55.0,100.0,233.5,2881.0,1.17,36.35,15.0,7.07,36.01,28.98,0.0,234.0,1200.0
7982.465,0.0,140.0,90.7,22.28,16.05,173.0,33.550000000000004,151.20000000000002,29.330000000000002,33.49,34.050000000000004,92.5,15.700000000000001,54.5,100.0,238.5,2881.0,1.3900000000000001,36.5,14.99,7.01,36.0,29.02,0.0,231.5,1200.0
8042.464,0.0,140.0,91.30000000000001,22.41,15.98,170.0,33.45,151.4,29.22,33.39,34.1,91.0,15.700000000000001,55.5,100.0,237.0,2883.0,1.32,36.35,14.98,6.99,36.04,29.02,0.0,234.5,1200.0
8102.464,0.0,140.0,90.60000000000001,22.39,15.98,171.5,33.6,151.70000000000002,29.3,33.46,34.0,94.5,15.9,55.400000000000006,99.9,233.5,2878.0,1.4000000000000001,36.35,15.01,7.05,36.12,29.080000000000002,0.0,234.5,1200.0
8162.463,0.0,140.0,90.10000000000001,22.35,16.09,172.0,33.4,151.70000000000002,29.26,33.38,34.1,93.5,15.75,55.0,100.0,232.5,2883.0,1.3900000000000001,36.4,14.98,6.98,36.06,29.04,1.0,235.5,1200.0
8222.463,0.0,140.0,89.9,22.42,16.03,171.0,33.550000000000004,151.4,29.28,33.410000000000004,34.050000000000004,94.5,15.700000000000001,55.5,99.9,235.5,2888.0,1.41,36.45,15.030000000000001,7.1000000000000005,35.96,29.02,0.0,235.5,1200.0
8282.463,0.0,140.0,92.80000000000001,22.43,15.98,172.5,33.75,151.5,29.32,33.480000000000004,34.1,94.5,15.700000000000001,55.900000000000006,99.9,237.5,2890.0,1.35,36.6,14.96,6.95,36.06,28.94,0.0,232.5,1200.0
8342.462,0.0,140.0,90.10000000000001,22.46,16.1,169.5,33.7,151.70000000000002,29.19,33.46,34.2,94.0,15.700000000000001,55.1,100.0,233.5,2889.0,1.31,36.550000000000004,15.08,6.95,36.04,29.11,0.0,234.5,1200.0
8402.462,0.0,140.0,90.9,22.51,16.04,173.0,33.5,151.1,29.21,33.43,34.0,93.0,15.8,55.400000000000006,100.0,236.5,2889.0,1.53,36.5,14.99,7.01,36.02,28.95,0.0,236.5,1200.0
8462.461,0.0,140.0,90.30000000000001,22.580000000000002,16.06,172.0,33.550000000000004,152.8,29.22,33.480000000000004,34.050000000000004,92.5,15.8,55.900000000000006,99.80000000000001,236.0,2894.0,1.43,36.7,15.030000000000001,7.01,35.95,29.03,0.0,237.5,1200.0
8522.461,0.0,140.0,91.7,22.490000000000002,16.12,171.0,33.75,151.5,29.22,33.49,34.0,91.5,15.65,56.5,99.4,239.0,2891.0,1.27,36.5,14.99,7.04,36.06,28.92,0.0,235.5,1200.0
8582.46,0.0,140.0,91.2,22.63,16.04,173.0,33.5,151.1,29.26,33.53,34.1,93.5,15.75,56.400000000000006,99.7,242.5,2895.0,1.31,36.550000000000004,14.98,6.99,36.03,28.98,0.0,234.0,1200.0
8642.46,0.0,140.0,90.2,22.56,16.05,173.0,33.75,151.70000000000002,29.240000000000002,33.51,34.0,92.5,15.75,55.800000000000004,99.7,237.5,2896.0,1.32,36.75,15.05,7.0,36.04,28.990000000000002,0.0,239.5,1200.0
8702.459,0.0,140.0,91.7,22.650000000000002,16.080000000000002,175.5,33.550000000000004,151.70000000000002,29.310000000000002,33.47,34.1,95.0,15.8,56.0,99.7,237.5,2904.0,1.4000000000000001,36.65,14.97,7.0200000000000005,35.99,28.990000000000002,1.0,242.5,1200.0
8762.459,0.0,140.0,88.80000000000001,22.61,16.11,172.0,33.65,152.9,29.34,33.51,34.15,93.0,15.65,56.400000000000006,100.0,241.5,2903.0,1.4000000000000001,36.800000000000004,15.05,6.99,36.050000000000004,29.01,4.0,241.5,1200.0
8822.458,0.0,140.0,91.9,22.650000000000002,16.07,173.0,33.6,151.5,29.2,33.63,34.0,92.5,15.700000000000001,56.7,100.0,240.5,2899.0,1.52,36.75,15.07,7.0200000000000005,35.97,29.02,1.0,240.0,1200.0
8882.458,0.0,140.0,91.60000000000001,22.63,16.06,172.5,33.6,152.20000000000002,29.23,33.59,34.15,93.5,15.850000000000001,56.7,100.0,240.5,2902.0,1.3800000000000001,36.65,15.0,7.0200000000000005,35.99,28.95,0.0,241.5,1200.0
8942.457,0.0,140.0,88.7,22.68,16.09,174.5,33.75,151.9,29.25,33.62,34.15,93.0,15.8,56.900000000000006,99.60000000000001,245.5,2905.0,1.46,36.75,14.870000000000001,6.96,36.02,29.060000000000002,0.0,244.5,1200.0
9002.457,0.0,140.0,90.2,22.71,16.01,173.0,33.800000000000004,150.8,29.3,33.52,34.15,90.5,15.8,57.1,100.0,242.5,2913.0,1.47,36.9,14.92,6.98,36.07,29.07,0.0,243.0,1200.0
9062.457,0.0,140.0,91.0,22.72,16.02,172.5,33.7,151.70000000000002,29.16,33.59,34.2,91.0,15.65,57.5,99.9,242.5,2912.0,1.43,36.9,15.0,7.05,36.02,29.07,0.0,235.5,1200.0
9122.456,0.0,140.0,91.7,22.650000000000002,15.99,173.5,33.6,149.4,29.19,33.54,34.15,90.5,15.75,57.5,100.0,244.5,2915.0,1.41,36.9,14.97,6.97,36.02,28.88,0.0,244.0,1200.0
9182.456,0.0,140.0,92.30000000000001,22.78,16.03,174.5,33.6,152.4,29.19,33.59,33.95,93.0,15.700000000000001,57.1,99.9,241.5,2911.0,1.56,36.85,15.02,6.98,36.01,28.89,1.0,242.5,1200.0
9242.455,0.0,140.0,91.2,22.72,16.01,173.0,33.7,150.6,29.16,33.56,34.1,93.0,15.600000000000001,57.6,100.0,246.0,2919.0,1.26,37.0,15.05,6.98,36.02,28.97,3.0,243.5,1200.0
9302.455,0.0,140.0,90.0,22.73,16.01,172.5,33.5,150.3,29.18,33.53,34.2,89.5,15.65,57.1,99.7,242.5,2912.0,1.43,37.0,14.96,7.0200000000000005,35.99,29.03,0.0,246.0,1200.0
9362.454,0.0,140.0,90.7,22.75,15.97,173.0,33.7,151.4,29.22,33.54,34.050000000000004,93.0,15.8,57.1,100.0,244.0,2922.0,1.41,37.050000000000004,14.92,7.04,35.96,29.05,0.0,242.0,1200.0
9422.454,0.0,140.0,91.4,22.69,16.01,173.0,33.75,151.4,29.26,33.55,34.050000000000004,92.0,15.65,56.800000000000004,100.0,246.5,2916.0,1.48,37.1,14.97,7.01,36.03,28.990000000000002,0.0,241.0,1200.0
9482.453,0.0,140.0,89.60000000000001,22.71,16.02,173.0,33.65,152.6,29.28,33.61,34.15,94.5,15.75,57.0,99.9,247.5,2911.0,1.22,37.0,15.01,7.03,36.04,28.98,1.0,245.5,1200.0
9542.453,0.0,140.0,89.4,22.68,15.950000000000001,172.5,33.800000000000004,151.70000000000002,29.21,33.52,34.050000000000004,91.5,15.600000000000001,57.300000000000004,99.60000000000001,245.0,2912.0,1.51,37.0,15.0,7.0200000000000005,36.0,28.96,0.0,245.5,1200.0
9602.452,0.0,140.0,89.5,22.7,16.0,174.0,33.65,150.4,29.240000000000002,33.56,34.2,91.5,15.8,57.400000000000006,100.0,243.0,2915.0,1.33,37.050000000000004,14.97,7.0,35.980000000000004,28.98,4.0,238.0,1200.0
9662.452,0.0,140.0,90.5,22.67,16.0,173.0,33.75,151.9,29.18,33.57,34.1,94.5,15.700000000000001,57.1,100.0,246.0,2914.0,1.55,36.95,15.030000000000001,6.97,36.06,28.95,0.0,241.5,1200.0
9722.452,0.0,140.0,90.9,22.69,15.97,171.0,33.65,152.0,29.22,33.55,34.050000000000004,93.0,15.75,56.900000000000006,99.80000000000001,244.0,2916.0,1.49,37.1,14.950000000000001,6.98,36.01,28.96,0.0,242.5,1200.0
9782.451,0.0,140.0,90.4,22.71,15.97,171.5,33.7,151.4,29.12,33.52,34.15,92.5,15.65,57.0,100.0,244.5,2913.0,1.55,37.300000000000004,15.09,6.99,35.95,28.97,0.0,240.0,1200.0
9842.451,0.0,140.0,90.9,22.66,15.99,173.0,33.550000000000004,152.3,29.1,33.49,34.0,91.5,15.700000000000001,56.900000000000006,100.0,241.5,2914.0,1.47,37.2,15.030000000000001,7.05,35.97,29.0,0.0,244.0,1200.0
9902.45,0.0,140.0,89.9,22.67,16.0,172.0,33.45,151.5,29.12,33.49,34.1,92.5,15.850000000000001,57.300000000000004,100.0,245.5,2904.0,1.4000000000000001,36.9,15.030000000000001,7.03,36.07,29.01,2.0,242.5,1200.0
9962.45,0.0,140.0,90.0,22.66,16.0,173.5,33.5,150.3,29.05,33.52,34.050000000000004,94.0,15.65,57.400000000000006,99.80000000000001,246.0,2905.0,1.34,37.1,15.0,7.04,36.0,29.0,0.0,241.5,1200.0
10022.449,0.0,140.0,90.80000000000001,22.650000000000002,15.94,173.0,33.7,152.5,29.09,33.44,33.95,93.0,15.75,57.0,99.9,245.0,2905.0,1.3,37.050000000000004,14.950000000000001,7.04,36.07,28.95,0.0,238.5,1200.0
10082.449,0.0,140.0,90.5,22.67,15.950000000000001,175.0,33.45,152.70000000000002,29.16,33.410000000000004,34.0,91.5,15.75,57.5,100.0,244.0,2905.0,1.34,36.800000000000004,14.97,7.05,35.99,28.900000000000002,0.0,246.0,1200.0
10142.449,0.0,140.0,90.60000000000001,22.61,15.99,175.0,33.550000000000004,152.4,29.14,33.43,34.1,92.0,15.75,57.5,99.7,242.5,2900.0,1.3900000000000001,36.95,14.97,7.01,36.03,29.01,0.0,237.5,1200.0
10202.448,0.0,140.0,90.10000000000001,22.67,16.05,171.5,33.6,151.0,29.07,33.38,33.9,93.5,15.700000000000001,57.0,99.7,241.5,2904.0,1.43,36.95,14.99,6.95,35.94,29.07,1.0,248.0,1200.0
10262.448,0.0,140.0,90.4,22.66,16.04,171.0,33.5,151.1,29.04,33.38,33.85,91.5,15.600000000000001,57.2,99.80000000000001,247.0,2896.0,1.49,37.050000000000004,15.05,6.96,35.94,28.89,0.0,241.5,1200.0
10322.447,0.0,140.0,91.30000000000001,22.62,16.06,172.0,33.6,152.6,29.080000000000002,33.42,33.85,93.5,15.75,57.300000000000004,99.9,240.0,2900.0,1.3800000000000001,36.85,14.97,7.03,36.04,29.14,1.0,243.5,1200.0
10382.447,0.0,140.0,91.2,22.62,16.05,174.5,33.45,151.8,29.03,33.37,33.85,93.5,15.8,57.1,100.0,245.0,2899.0,1.25,36.85,14.98,7.08,36.03,28.990000000000002,1.0,245.0,1200.0
10442.446,0.0,140.0,92.10000000000001,22.580000000000002,15.97,171.0,33.45,153.0,28.97,33.38,34.0,89.5,15.65,57.1,100.0,243.5,2901.0,1.46,36.85,15.05,7.0,35.910000000000004,29.03,1.0,240.0,1200.0
10502.446,0.0,140.0,89.9,22.56,15.99,172.0,33.5,151.6,29.1,33.39,33.85,92.0,15.8,56.6,100.0,241.5,2898.0,1.5,36.7,15.05,7.01,36.050000000000004,28.98,1.0,241.5,1200.0
10562.446,0.0,140.0,91.2,22.650000000000002,15.94,173.0,33.4,151.0,29.07,33.4,33.800000000000004,93.0,15.75,57.300000000000004,99.9,241.5,2894.0,1.44,36.7,14.98,7.03,35.95,28.990000000000002,0.0,242.0,1200.0
10622.445,0.0,140.0,91.9,22.63,16.02,173.0,33.5,151.9,29.080000000000002,33.35,33.7,91.5,15.65,57.7,100.0,241.5,2900.0,1.24,36.65,14.99,6.95,36.03,29.060000000000002,0.0,245.0,1200.0
10682.445,0.0,140.0,91.60000000000001,22.66,15.99,173.0,33.45,151.0,29.0,33.28,33.85,91.0,15.75,57.300000000000004,99.80000000000001,240.5,2900.0,1.53,36.85,14.98,7.0200000000000005,36.0,28.97,1.0,241.5,1200.0
10742.444,0.0,140.0,89.4,22.66,15.99,172.5,33.4,151.5,29.0,33.34,33.9,94.0,15.8,57.400000000000006,99.7,240.5,2899.0,1.52,36.800000000000004,14.96,6.99,36.04,29.11,0.0,240.5,1200.0
10802.444,0.0,140.0,90.7,22.66,16.04,174.5,33.5,149.6,29.05,33.29,33.9,93.0,15.8,57.6,100.0,238.5,2898.0,1.31,36.7,14.97,6.92,35.95,29.04,2.0,239.0,1200.0
10862.443,0.0,140.0,91.5,22.68,15.950000000000001,171.5,33.35,151.9,29.04,33.33,33.800000000000004,92.0,15.700000000000001,57.300000000000004,99.80000000000001,239.5,2898.0,1.29,36.800000000000004,15.08,7.0600000000000005,36.09,29.02,0.0,240.0,1200.0
10922.443,0.0,140.0,90.60000000000001,22.61,15.94,171.0,33.6,151.6,29.05,33.31,33.75,96.5,15.600000000000001,57.300000000000004,100.0,244.0,2894.0,1.32,36.6,15.0,7.0200000000000005,35.93,28.95,0.0,242.0,1200.0
10982.443,0.0,140.0,90.7,22.580000000000002,16.02,174.0,33.65,150.6,29.05,33.4,33.800000000000004,92.5,15.8,56.6,99.30000000000001,242.5,2896.0,1.3800000000000001,36.75,14.950000000000001,7.05,36.01,28.95,0.0,243.5,1200.0
11042.442,0.0,140.0,90.0,22.57,16.07,173.5,33.45,151.8,29.04,33.36,33.9,92.5,15.8,56.800000000000004,99.80000000000001,239.0,2899.0,1.45,36.95,14.950000000000001,6.95,35.99,29.060000000000002,1.0,244.0,1200.0
11102.442,0.0,140.0,92.30000000000001,22.61,15.92,173.5,33.5,150.8,29.03,33.32,33.9,94.0,15.700000000000001,57.400000000000006,100.0,238.5,2899.0,1.43,36.9,15.0,7.04,35.88,29.0,3.0,238.0,1200.0
11162.441,0.0,140.0,91.9,22.67,16.03,170.5,33.5,152.4,29.03,33.410000000000004,33.95,91.5,15.8,57.0,100.0,241.5,2896.0,1.48,36.75,15.01,6.91,35.96,29.060000000000002,0.0,240.0,1200.0
11222.441,0.0,140.0,91.60000000000001,22.72,16.03,173.5,33.550000000000004,150.70000000000002,29.150000000000002,33.36,34.050000000000004,94.5,15.8,56.6,99.60000000000001,246.5,2901.0,1.31,36.75,14.99,6.97,35.99,28.96,0.0,240.5,1200.0
11282.44,0.0,140.0,90.2,22.63,15.97,172.0,33.6,152.4,29.1,33.39,33.85,91.5,15.700000000000001,57.2,99.7,241.5,2909.0,1.54,36.85,15.01,7.0200000000000005,35.96,28.95,0.0,242.0,1200.0
11342.44,0.0,140.0,93.2,22.580000000000002,16.02,171.0,33.6,151.20000000000002,29.11,33.49,33.9,93.0,15.65,57.400000000000006,100.0,242.0,2901.0,1.34,36.85,15.07,7.04,36.02,28.900000000000002,0.0,242.0,1200.0
11402.44,0.0,140.0,92.30000000000001,22.66,16.01,173.5,33.5,152.70000000000002,29.16,33.42,34.0,93.5,15.700000000000001,57.300000000000004,100.0,241.0,2905.0,1.3900000000000001,36.85,14.96,7.0600000000000005,36.01,28.990000000000002,3.0,245.0,1200.0
11462.439,0.0,140.0,92.10000000000001,22.64,15.9,172.0,33.550000000000004,151.9,29.060000000000002,33.39,34.0,90.5,15.65,56.7,100.0,241.5,2912.0,1.33,36.95,15.05,6.99,35.96,29.07,0.0,244.5,1200.0
11522.439,0.0,140.0,90.4,22.64,16.07,173.0,33.550000000000004,151.70000000000002,29.14,33.42,33.95,92.0,15.700000000000001,57.0,99.7,239.5,2904.0,1.33,36.65,14.99,7.01,36.01,28.97,0.0,239.5,1200.0
11582.438,0.0,140.0,91.10000000000001,22.67,16.0,172.0,33.550000000000004,151.4,29.240000000000002,33.39,34.1,92.5,15.75,57.0,100.0,243.0,2906.0,1.32,36.800000000000004,15.05,7.01,36.01,28.96,2.0,240.5,1200.0
11642.438,0.0,140.0,91.30000000000001,22.57,16.03,171.0,33.550000000000004,152.3,29.11,33.47,34.1,92.5,15.8,56.7,100.0,239.5,2907.0,1.3,36.95,14.98,7.0600000000000005,35.95,29.07,0.0,242.0,1200.0
11702.438,0.0,140.0,91.4,22.69,15.97,172.0,33.65,149.4,29.080000000000002,33.47,33.95,92.5,15.65,56.7,99.80000000000001,243.0,2909.0,1.37,36.9,14.99,7.01,35.910000000000004,28.95,1.0,240.5,1200.0
11762.437,0.0,140.0,92.2,22.64,15.950000000000001,173.5,33.7,151.20000000000002,29.21,33.480000000000004,34.050000000000004,92.0,15.65,57.400000000000006,99.9,247.5,2904.0,1.41,36.9,15.01,6.99,35.94,29.0,0.0,242.5,1200.0
11822.437,0.0,140.0,90.30000000000001,22.61,15.98,172.5,33.65,150.70000000000002,29.13,33.410000000000004,34.050000000000004,93.0,15.700000000000001,56.900000000000006,99.9,241.0,2903.0,1.41,36.800000000000004,14.98,7.05,35.95,29.07,0.0,241.0,1200.0
11882.436,0.0,140.0,91.5,22.67,15.99,173.5,33.6,152.0,29.18,33.44,33.9,93.5,15.700000000000001,56.7,99.7,241.0,2902.0,1.54,37.0,15.040000000000001,7.03,35.99,28.96,0.0,243.5,1200.0
11942.436,0.0,140.0,90.7,22.59,16.03,173.5,33.550000000000004,151.5,29.11,33.4,33.85,93.0,15.700000000000001,57.6,99.60000000000001,244.0,2907.0,1.35,36.800000000000004,14.98,7.03,36.02,28.95,0.0,239.5,1200.0
12002.436,0.0,140.0,91.9,22.68,16.03,172.5,33.65,151.3,29.11,33.43,34.0,94.0,15.8,57.400000000000006,100.0,242.0,2906.0,1.6400000000000001,36.85,14.98,6.99,36.06,28.98,0.0,245.5,1200.0
12062.435,0.0,140.0,90.80000000000001,22.69,16.02,171.0,33.6,151.4,29.16,33.49,33.95,93.5,15.850000000000001,57.300000000000004,99.80000000000001,243.0,2906.0,1.27,36.95,15.01,7.0200000000000005,35.95,28.900000000000002,1.0,241.5,1200.0
12122.435,0.0,140.0,92.10000000000001,22.63,16.0,172.5,33.75,152.4,29.16,33.51,34.0,94.0,15.8,57.400000000000006,99.7,241.5,2906.0,1.33,36.9,15.0,7.01,35.980000000000004,29.060000000000002,1.0,245.5,1200.0
12182.434,0.0,140.0,90.10000000000001,22.72,16.06,170.5,33.550000000000004,153.20000000000002,29.11,33.46,33.85,92.0,15.700000000000001,57.0,99.60000000000001,240.5,2904.0,1.53,36.95,14.99,7.0,35.99,29.01,0.0,241.5,1200.0
12242.434,0.0,140.0,90.80000000000001,22.650000000000002,16.02,173.5,33.550000000000004,151.70000000000002,29.23,33.53,34.0,92.0,15.75,57.300000000000004,100.0,241.0,2908.0,1.44,36.7,14.950000000000001,6.93,35.93,28.990000000000002,0.0,240.5,1200.0
12302.434,0.0,140.0,91.2,22.580000000000002,15.94,174.0,33.75,151.9,29.17,33.4,33.95,91.5,15.700000000000001,57.800000000000004,100.0,245.5,2908.0,1.3800000000000001,37.050000000000004,15.030000000000001,6.93,36.04,29.07,1.0,243.0,1200.0
12362.433,0.0,140.0,92.30000000000001,22.66,15.98,173.5,33.6,150.3,29.19,33.53,34.0,92.5,15.75,57.400000000000006,99.80000000000001,238.5,2913.0,1.47,36.9,15.01,6.99,35.980000000000004,28.990000000000002,0.0,244.5,1200.0
12422.433,0.0,140.0,91.30000000000001,22.62,15.99,173.0,33.65,151.3,29.150000000000002,33.49,34.050000000000004,91.0,15.75,57.2,100.0,242.5,2908.0,1.3800000000000001,37.1,15.01,6.96,35.92,29.060000000000002,0.0,246.5,1200.0
12482.433,0.0,140.0,90.4,22.69,16.15,170.0,33.85,152.9,29.2,33.57,34.050000000000004,93.0,15.8,57.300000000000004,100.0,245.0,2908.0,1.42,37.050000000000004,14.98,6.98,36.01,28.96,2.0,246.5,1200.0
12542.432,0.0,140.0,90.0,22.67,16.02,173.5,33.65,151.8,29.2,33.54,34.0,93.0,15.850000000000001,56.5,99.80000000000001,244.0,2917.0,1.4000000000000001,36.95,14.98,6.94,36.09,29.04,1.0,244.0,1200.0
12602.432,0.0,140.0,90.7,22.64,16.04,171.5,33.550000000000004,152.0,29.25,33.43,34.0,93.5,15.75,57.2,99.30000000000001,244.0,2912.0,1.3800000000000001,36.95,15.11,7.01,35.96,28.98,0.0,244.5,1200.0
12662.431,0.0,140.0,91.4,22.6,15.98,171.5,33.7,151.6,29.27,33.57,34.1,93.0,15.8,57.1,100.0,242.5,2913.0,1.48,36.9,15.120000000000001,7.0,36.02,28.98,0.0,244.0,1200.0
12722.431,0.0,140.0,90.10000000000001,22.72,16.05,173.0,33.75,150.1,29.2,33.61,34.050000000000004,91.5,15.65,56.6,100.0,243.5,2913.0,1.44,36.95,14.99,7.0200000000000005,35.97,29.03,3.0,247.0,1200.0
12782.431,0.0,140.0,91.4,22.62,16.03,172.5,33.75,153.3,29.28,33.62,34.050000000000004,94.0,15.75,57.2,100.0,246.5,2916.0,1.3,36.95,15.030000000000001,7.05,35.96,28.990000000000002,0.0,244.5,1200.0
12842.43,0.0,140.0,91.10000000000001,22.67,16.0,173.0,33.7,152.3,29.28,33.61,34.15,90.5,15.700000000000001,56.6,100.0,248.0,2917.0,1.44,37.0,15.02,7.04,35.93,29.060000000000002,0.0,242.0,1200.0
12902.43,0.0,140.0,90.60000000000001,22.62,16.02,174.0,33.9,151.1,29.27,33.52,34.2,93.0,15.75,57.5,99.9,251.0,2915.0,1.46,37.1,15.0,7.01,35.96,28.98,0.0,242.5,1200.0
12962.429,0.0,140.0,90.60000000000001,22.71,15.950000000000001,171.5,33.6,151.0,29.3,33.65,34.0,94.0,15.600000000000001,57.300000000000004,100.0,243.5,2915.0,1.43,37.050000000000004,15.01,7.0,35.92,28.96,0.0,243.0,1200.0
13022.429,0.0,140.0,91.80000000000001,22.67,16.0,173.5,33.65,152.9,29.29,33.57,34.300000000000004,92.5,15.8,57.400000000000006,100.0,246.0,2914.0,1.25,37.0,14.97,7.07,36.09,28.98,1.0,247.5,1200.0
13082.429,0.0,140.0,92.60000000000001,22.66,16.0,171.5,33.7,150.0,29.3,33.64,34.25,90.5,15.850000000000001,57.0,100.0,241.5,2912.0,1.32,37.0,14.99,7.05,36.01,28.89,1.0,244.0,1200.0
13142.428,0.0,140.0,90.9,22.69,15.96,174.5,33.65,150.8,29.310000000000002,33.68,34.2,93.0,15.8,57.0,99.9,244.5,2919.0,1.44,37.050000000000004,15.0,7.1000000000000005,36.01,28.87,2.0,246.0,1200.0
13202.428,0.0,140.0,91.5,22.69,16.03,173.5,33.7,152.70000000000002,29.3,33.7,34.35,92.5,15.75,56.6,100.0,242.5,2922.0,1.52,37.2,15.040000000000001,7.05,36.06,28.96,3.0,248.5,1200.0
13262.428,0.0,140.0,89.4,22.75,16.0,171.0,33.800000000000004,151.9,29.43,33.59,34.15,92.5,15.75,56.900000000000006,100.0,248.5,2921.0,1.4000000000000001,37.0,14.98,7.03,36.04,29.0,1.0,248.5,1200.0
13322.427,0.0,140.0,90.60000000000001,22.7,15.99,174.0,33.75,151.0,29.27,33.71,34.25,94.5,15.75,57.400000000000006,99.9,247.0,2922.0,1.43,37.2,15.01,7.0200000000000005,36.04,28.990000000000002,0.0,247.5,1200.0
13382.427,0.0,140.0,91.80000000000001,22.650000000000002,15.96,173.5,33.85,149.8,29.36,33.64,34.0,94.5,15.850000000000001,56.900000000000006,99.80000000000001,245.0,2918.0,1.36,37.1,15.07,7.0200000000000005,35.95,29.0,0.0,247.5,1200.0
13442.427,0.0,140.0,90.4,22.650000000000002,16.0,175.5,33.85,150.5,29.36,33.64,34.15,93.0,15.700000000000001,57.2,99.60000000000001,250.5,2918.0,1.47,37.2,15.02,7.03,35.96,28.98,0.0,246.0,1200.0
13502.426,0.0,140.0,91.5,22.63,16.04,174.0,33.85,153.20000000000002,29.32,33.730000000000004,34.15,94.5,15.65,57.1,99.9,243.5,2919.0,1.55,37.2,14.99,6.98,36.01,28.97,0.0,249.0,1200.0
13562.426,0.0,140.0,90.80000000000001,22.67,16.02,174.0,33.7,150.8,29.330000000000002,33.65,34.2,92.5,15.75,56.900000000000006,100.0,248.5,2917.0,1.37,37.2,15.02,7.01,36.02,29.01,0.0,249.5,1200.0
13622.425,0.0,140.0,89.9,22.72,15.99,175.5,33.800000000000004,150.4,29.3,33.78,34.300000000000004,91.0,15.65,56.7,100.0,247.0,2919.0,1.34,37.0,15.01,6.98,35.980000000000004,29.01,0.0,246.5,1200.0
13682.425,0.0,140.0,90.2,22.7,15.91,173.5,33.800000000000004,151.8,29.38,33.67,34.300000000000004,94.0,15.75,57.2,100.0,247.0,2927.0,1.51,37.2,15.02,6.98,35.980000000000004,28.87,0.0,250.0,1200.0
13742.425,0.0,140.0,90.9,22.75,16.01,177.5,33.7,150.1,29.45,33.77,34.25,92.5,15.850000000000001,57.5,100.0,247.0,2925.0,1.49,37.1,14.98,6.99,35.97,28.98,3.0,247.5,1200.0
13802.424,0.0,140.0,89.30000000000001,22.66,15.99,176.0,33.85,151.3,29.330000000000002,33.67,34.300000000000004,92.5,15.75,56.900000000000006,100.0,247.5,2931.0,1.31,37.4,15.0,6.99,36.03,28.990000000000002,0.0,246.0,1200.0
13862.424,0.0,140.0,93.0,22.68,16.01,175.0,33.9,150.6,29.39,33.67,34.2,93.0,15.700000000000001,56.900000000000006,99.80000000000001,250.0,2929.0,1.3,37.25,15.05,7.0200000000000005,36.04,28.96,0.0,250.0,1200.0
13922.424,0.0,140.0,90.4,22.7,16.03,175.0,33.85,151.6,29.42,33.730000000000004,34.15,92.5,15.700000000000001,57.0,100.0,247.0,2920.0,1.36,37.2,14.9,6.95,35.980000000000004,28.97,0.0,245.0,1200.0
13982.423,0.0,140.0,90.80000000000001,22.67,15.99,174.5,33.9,151.70000000000002,29.400000000000002,33.730000000000004,34.15,93.5,15.700000000000001,56.400000000000006,100.0,242.5,2926.0,1.33,37.1,15.030000000000001,7.0,36.06,29.060000000000002,0.0,247.5,1200.0
14042.423,0.0,140.0,90.0,22.73,15.950000000000001,176.0,33.75,150.6,29.37,33.71,34.2,93.0,15.65,57.300000000000004,100.0,251.5,2926.0,1.56,37.15,14.97,6.94,36.03,29.07,0.0,247.5,1200.0
14102.423,0.0,140.0,92.0,22.68,16.03,174.5,33.800000000000004,150.5,29.38,33.77,34.25,92.5,15.65,57.400000000000006,99.80000000000001,249.5,2924.0,1.3900000000000001,37.4,14.950000000000001,7.01,36.0,29.05,0.0,246.5,1200.0
14162.422,0.0,140.0,90.30000000000001,22.67,15.97,173.0,33.7,151.8,29.39,33.79,34.25,90.5,15.75,56.900000000000006,100.0,246.5,2925.0,1.37,37.25,15.01,7.0200000000000005,36.02,29.04,2.0,247.0,1200.0
14222.422,0.0,140.0,91.7,22.68,16.0,173.0,33.75,150.4,29.37,33.8,34.1,92.0,15.950000000000001,56.6,100.0,247.5,2928.0,1.49,37.050000000000004,15.1,7.03,36.02,28.93,0.0,254.5,1200.0
14282.422,0.0,140.0,93.4,22.69,16.04,174.0,33.85,149.20000000000002,29.44,33.69,34.15,94.0,15.700000000000001,56.5,99.5,247.0,2927.0,1.31,37.2,15.06,7.01,36.02,29.0,0.0,247.5,1200.0
14342.421,0.0,140.0,91.80000000000001,22.69,15.94,173.5,33.9,150.20000000000002,29.400000000000002,33.78,34.4,90.5,15.5,57.1,100.0,246.0,2925.0,1.35,37.2,15.08,7.0200000000000005,36.02,29.03,0.0,248.0,1200.0
14402.421,0.0,140.0,90.10000000000001,22.57,16.09,174.5,33.95,152.5,29.45,33.78,34.300000000000004,93.0,15.75,57.1,100.0,251.5,2926.0,1.45,37.300000000000004,14.99,6.98,35.94,28.98,0.0,246.0,1200.0
14462.42,0.0,140.0,90.4,22.63,15.97,174.0,33.75,151.20000000000002,29.47,33.79,34.4,93.5,15.65,56.400000000000006,100.0,250.0,2924.0,1.24,37.050000000000004,14.99,6.99,35.93,28.95,0.0,243.0,1200.0
14522.42,0.0,140.0,91.2,22.63,15.99,174.0,34.050000000000004,150.8,29.42,33.78,34.2,91.5,15.700000000000001,57.1,100.0,247.5,2927.0,1.34,37.15,14.97,7.08,35.96,28.96,0.0,244.0,1200.0
14582.42,0.0,140.0,90.4,22.59,15.99,174.5,33.800000000000004,151.5,29.42,33.68,34.300000000000004,91.5,15.75,56.7,100.0,245.0,2923.0,1.3800000000000001,37.050000000000004,15.06,6.95,36.03,29.01,0.0,246.5,1200.0
14642.419,0.0,140.0,90.4,22.68,16.03,174.5,34.0,151.0,29.38,33.72,34.300000000000004,90.5,15.700000000000001,57.0,100.0,246.0,2925.0,1.53,37.300000000000004,14.94,7.04,35.99,28.91,0.0,244.0,1200.0
14702.419,0.0,140.0,90.9,22.66,16.05,176.0,33.9,151.6,29.37,33.69,34.35,94.0,15.8,57.2,100.0,249.0,2927.0,1.41,37.2,15.0,6.95,36.03,28.94,0.0,251.0,1200.0
14762.419,0.0,140.0,93.5,22.59,15.94,173.5,33.95,150.70000000000002,29.29,33.72,34.300000000000004,93.0,15.700000000000001,56.7,100.0,244.5,2923.0,1.52,37.25,14.96,7.03,36.03,29.14,1.0,245.5,1200.0
14822.418,0.0,140.0,88.9,22.71,15.89,174.0,33.85,151.0,29.45,33.7,34.25,94.0,15.600000000000001,56.6,100.0,251.0,2919.0,1.37,37.1,14.950000000000001,7.0,36.04,28.93,0.0,246.5,1200.0
14882.418,0.0,140.0,91.4,22.71,16.02,175.0,33.800000000000004,152.4,29.38,33.6,34.2,93.0,15.700000000000001,56.900000000000006,99.80000000000001,244.0,2921.0,1.26,37.050000000000004,15.0,6.95,36.04,29.080000000000002,1.0,245.5,1200.0
14942.418,0.0,140.0,91.9,22.71,15.93,175.0,33.9,151.70000000000002,29.48,33.69,34.2,93.0,15.8,56.2,100.0,247.0,2923.0,1.42,37.15,14.98,7.09,35.99,28.900000000000002,0.0,247.5,1200.0
15002.417,0.0,140.0,90.5,22.67,16.03,173.0,33.800000000000004,152.20000000000002,29.490000000000002,33.730000000000004,34.4,93.0,15.700000000000001,56.6,100.0,247.0,2929.0,1.52,37.25,15.01,7.07,35.99,28.92,0.0,244.5,1200.0
15062.417,0.0,140.0,90.80000000000001,22.68,15.98,175.0,33.95,152.0,29.38,33.75,34.35,92.0,15.75,56.6,100.0,248.5,2928.0,1.36,37.2,15.01,6.93,35.88,29.04,1.0,249.0,1200.0
15122.417,0.0,140.0,92.10000000000001,22.650000000000002,15.99,174.5,33.800000000000004,152.0,29.35,33.730000000000004,34.35,92.0,15.850000000000001,56.7,99.80000000000001,251.0,2929.0,1.3900000000000001,37.25,14.99,6.92,36.01,29.0,1.0,242.5,1200.0
15182.416,0.0,140.0,91.4,22.56,16.01,174.0,33.85,150.70000000000002,29.5,33.75,34.300000000000004,93.0,15.75,57.1,100.0,248.5,2926.0,1.43,37.050000000000004,15.01,7.01,36.04,28.97,1.0,240.5,1200.0
15242.416,0.0,140.0,89.9,22.650000000000002,16.01,174.5,33.800000000000004,150.70000000000002,29.39,33.75,34.300000000000004,93.0,15.75,56.800000000000004,100.0,247.5,2928.0,1.28,37.300000000000004,14.98,7.03,35.97,29.080000000000002,3.0,248.0,1200.0
15302.416,0.0,140.0,91.4,22.6,16.02,175.5,33.95,150.70000000000002,29.37,33.8,34.25,94.0,15.75,56.6,100.0,249.5,2927.0,1.42,37.2,15.02,6.97,35.97,28.98,1.0,241.5,1200.0
15362.415,0.0,140.0,90.2,22.69,15.97,173.0,34.1,151.20000000000002,29.37,33.77,34.25,91.5,15.65,57.0,100.0,242.5,2924.0,1.44,37.2,15.040000000000001,7.12,36.04,29.03,1.0,250.0,1200.0
15422.415,0.0,140.0,89.60000000000001,22.67,15.98,175.0,33.95,150.6,29.5,33.82,34.35,91.0,15.65,56.7,99.5,250.0,2922.0,1.29,37.35,14.950000000000001,6.890000000000001,35.99,28.93,1.0,241.5,1200.0
15482.415,0.0,140.0,91.5,22.650000000000002,16.02,174.0,33.95,151.3,29.48,33.83,34.45,93.5,15.8,56.5,99.5,245.5,2930.0,1.3800000000000001,37.1,14.98,7.0200000000000005,35.980000000000004,28.990000000000002,2.0,248.5,1200.0
15542.414,0.0,140.0,91.10000000000001,22.62,16.03,174.0,33.95,151.70000000000002,29.52,33.88,34.300000000000004,93.0,15.75,56.900000000000006,100.0,250.5,2927.0,1.41,37.1,15.02,6.94,35.96,29.0,3.0,245.5,1200.0
15602.414,0.0,140.0,89.10000000000001,22.61,15.97,174.5,33.95,152.20000000000002,29.47,33.71,34.35,93.0,15.65,56.800000000000004,100.0,247.0,2931.0,1.29,37.15,14.950000000000001,7.0,36.06,28.95,0.0,245.0,1200.0
15662.414,0.0,140.0,88.80000000000001,22.69,15.99,174.0,34.0,151.70000000000002,29.52,33.8,34.4,93.0,15.65,56.6,100.0,252.5,2928.0,1.25,37.25,15.02,6.97,36.07,28.97,0.0,242.5,1200.0
15722.413,0.0,140.0,90.2,22.66,16.04,174.5,33.95,151.4,29.5,33.84,34.35,94.5,15.700000000000001,56.5,99.9,244.5,2933.0,1.47,37.25,14.94,6.94,36.08,29.0,0.0,244.5,1200.0
15782.413,0.0,140.0,90.5,22.64,15.99,174.5,33.95,149.9,29.580000000000002,33.84,34.4,93.0,15.700000000000001,56.300000000000004,100.0,248.0,2932.0,1.41,37.300000000000004,15.0,7.0200000000000005,35.980000000000004,29.02,0.0,249.0,1200.0
15842.413,0.0,140.0,91.30000000000001,22.63,15.950000000000001,174.0,34.0,151.9,29.6,33.89,34.35,93.5,15.600000000000001,56.300000000000004,100.0,243.5,2937.0,1.37,37.15,15.030000000000001,7.07,35.97,28.94,0.0,250.5,1200.0
15902.412,0.0,140.0,91.60000000000001,22.64,16.06,174.0,34.050000000000004,151.70000000000002,29.64,33.9,34.45,90.5,15.700000000000001,56.300000000000004,100.0,250.5,2936.0,1.4000000000000001,37.25,15.02,7.03,36.04,29.03,1.0,249.0,1200.0
15962.412,0.0,140.0,91.2,22.580000000000002,16.03,176.0,34.0,150.6,29.59,33.86,34.5,91.0,15.8,56.7,100.0,253.0,2937.0,1.31,37.2,14.96,7.0200000000000005,35.93,29.03,1.0,250.0,1200.0
16022.412,0.0,140.0,92.0,22.580000000000002,16.080000000000002,178.0,34.050000000000004,149.9,29.62,33.89,34.550000000000004,91.5,15.65,56.7,100.0,249.0,2935.0,1.48,37.25,15.01,7.01,36.0,29.01,0.0,246.0,1200.0
16082.412,0.0,140.0,91.10000000000001,22.59,15.99,177.0,33.9,152.20000000000002,29.61,33.87,34.4,91.5,15.65,56.5,99.60000000000001,249.0,2930.0,1.25,37.35,14.96,7.04,36.03,29.05,1.0,246.5,1200.0
16142.411,0.0,140.0,91.5,22.66,16.0,174.5,34.1,152.20000000000002,29.63,34.05,34.45,94.5,15.700000000000001,56.2,99.9,249.0,2936.0,1.48,37.2,14.98,6.99,35.97,29.02,0.0,255.5,1200.0
16202.411,0.0,140.0,90.80000000000001,22.63,15.97,175.5,34.050000000000004,150.8,29.580000000000002,34.07,34.4,92.5,15.700000000000001,55.7,100.0,252.5,2942.0,1.42,37.300000000000004,15.0,7.05,36.01,28.98,1.0,252.0,1200.0
16262.411,0.0,140.0,91.7,22.580000000000002,16.04,175.0,34.1,150.20000000000002,29.7,33.97,34.45,93.5,15.65,55.900000000000006,99.7,246.5,2940.0,1.45,37.4,14.99,6.93,35.980000000000004,29.04,0.0,248.0,1200.0
16322.41,0.0,140.0,90.10000000000001,22.54,16.01,174.5,34.0,151.1,29.69,33.85,34.6,93.0,15.8,55.900000000000006,99.4,249.5,2941.0,1.41,37.45,14.950000000000001,7.0,35.9,29.060000000000002,0.0,251.5,1200.0
16382.41,0.0,140.0,91.4,22.6,15.94,176.0,34.050000000000004,152.5,29.61,33.85,34.45,90.5,15.8,56.5,99.5,250.5,2940.0,1.3,37.45,14.99,6.98,35.96,29.01,1.0,251.5,1200.0
16442.41,0.0,140.0,92.2,22.61,15.9,175.0,34.1,152.20000000000002,29.650000000000002,34.0,34.65,92.5,15.55,56.1,99.9,251.5,2937.0,1.22,37.5,14.96,6.87,35.99,29.03,2.0,250.5,1200.0
16502.409,0.0,140.0,92.0,22.6,15.99,174.0,34.0,151.4,29.580000000000002,33.910000000000004,34.550000000000004,95.0,15.8,56.6,100.0,249.0,2941.0,1.3900000000000001,37.35,15.040000000000001,6.95,36.0,29.060000000000002,1.0,249.0,1200.0
16562.409,0.0,140.0,91.10000000000001,22.650000000000002,16.04,175.5,34.0,151.70000000000002,29.72,34.02,34.45,94.5,15.8,56.900000000000006,99.9,246.0,2936.0,1.48,37.4,15.02,7.0200000000000005,36.02,29.03,0.0,250.5,1200.0
16622.409,0.0,140.0,90.9,22.72,16.03,175.5,34.0,151.4,29.64,34.03,34.550000000000004,93.0,15.8,56.2,100.0,250.0,2939.0,1.3,37.35,15.05,7.01,36.050000000000004,28.98,0.0,249.0,1200.0
16682.408,0.0,140.0,92.4,22.580000000000002,15.93,177.0,34.050000000000004,152.70000000000002,29.52,34.01,34.65,92.0,15.850000000000001,56.5,99.9,248.5,2936.0,1.6300000000000001,37.35,14.96,7.01,35.97,29.03,0.0,248.5,1200.0
16742.408,0.0,140.0,91.2,22.68,16.04,177.5,34.0,152.20000000000002,29.61,34.0,34.550000000000004,91.5,15.700000000000001,56.7,99.60000000000001,252.5,2939.0,1.3900000000000001,37.4,15.0,6.99,36.04,28.97,0.0,249.0,1200.0
16802.408,0.0,140.0,91.0,22.66,16.02,175.5,34.15,151.9,29.62,33.84,34.4,93.0,15.75,56.6,99.80000000000001,251.5,2938.0,1.42,37.4,15.01,7.05,35.980000000000004,29.03,0.0,248.5,1200.0
16862.407,0.0,140.0,91.0,22.67,16.02,174.0,34.050000000000004,151.9,29.6,33.980000000000004,34.35,93.0,15.9,56.1,100.0,245.5,2939.0,1.4000000000000001,37.4,15.040000000000001,7.03,35.95,29.01,0.0,248.5,1200.0
16922.407,0.0,140.0,90.4,22.64,15.98,174.0,34.050000000000004,153.4,29.68,33.83,34.4,92.0,15.8,56.2,99.80000000000001,244.0,2940.0,1.33,37.300000000000004,15.040000000000001,7.07,36.02,29.01,0.0,249.5,1200.0
16982.407,0.0,140.0,90.60000000000001,22.57,15.98,174.5,34.0,149.70000000000002,29.6,33.92,34.5,92.0,15.850000000000001,56.2,99.30000000000001,248.0,2935.0,1.3800000000000001,37.45,15.0,7.0600000000000005,36.050000000000004,28.97,1.0,250.5,1200.0
17042.407,0.0,140.0,89.2,22.62,16.02,176.5,33.800000000000004,151.3,29.63,33.89,34.300000000000004,90.0,15.9,56.300000000000004,100.0,244.5,2934.0,1.25,37.45,15.0,6.94,36.03,28.94,0.0,248.0,1200.0
17102.406,0.0,140.0,90.30000000000001,22.63,15.950000000000001,174.5,33.85,151.6,29.51,33.87,34.35,93.5,15.8,56.0,99.60000000000001,244.5,2928.0,1.32,37.35,15.01,6.96,35.980000000000004,29.080000000000002,0.0,250.5,1200.0
17162.406,0.0,140.0,89.5,22.59,16.03,172.5,33.9,150.4,29.54,33.86,34.4,94.5,15.600000000000001,56.400000000000006,100.0,247.0,2929.0,1.3900000000000001,37.35,14.97,7.0200000000000005,35.94,28.97,0.0,248.0,1200.0
17222.406,0.0,140.0,89.80000000000001,22.61,16.02,173.5,33.9,149.5,29.46,33.79,34.300000000000004,92.5,15.700000000000001,56.400000000000006,100.0,244.5,2925.0,1.3800000000000001,37.45,14.96,6.9,35.97,28.990000000000002,2.0,251.0,1200.0
17282.405,0.0,140.0,91.10000000000001,22.580000000000002,16.07,174.5,34.0,150.9,29.490000000000002,33.82,34.45,92.5,15.8,56.2,100.0,242.0,2925.0,1.21,37.35,15.030000000000001,6.96,36.02,29.03,0.0,248.0,1200.0
17342.405,0.0,140.0,92.4,22.62,15.98,173.5,33.85,149.5,29.55,33.730000000000004,34.300000000000004,92.0,15.600000000000001,56.800000000000004,99.7,242.5,2921.0,1.36,37.25,14.97,6.96,36.04,29.07,3.0,246.5,1200.0
17402.405,0.0,140.0,91.10000000000001,22.62,15.99,175.0,34.0,151.70000000000002,29.45,33.7,34.25,93.5,15.600000000000001,56.300000000000004,99.9,244.5,2926.0,1.3800000000000001,37.300000000000004,14.91,6.95,35.980000000000004,29.02,2.0,242.5,1200.0
17462.404,0.0,140.0,90.7,22.68,15.99,174.0,33.7,151.4,29.48,33.77,34.300000000000004,94.0,15.600000000000001,56.2,100.0,244.5,2921.0,1.3800000000000001,37.15,14.92,7.07,35.92,29.03,0.0,246.0,1200.0
17522.404,0.0,140.0,91.9,22.54,16.02,175.0,33.800000000000004,151.4,29.39,33.77,34.300000000000004,91.5,15.75,56.7,100.0,242.5,2919.0,1.4000000000000001,37.1,14.99,7.04,35.95,29.0,0.0,249.0,1200.0
17582.404,0.0,140.0,92.2,22.54,15.99,173.5,33.65,150.70000000000002,29.490000000000002,33.72,34.25,94.0,15.8,56.300000000000004,100.0,247.5,2922.0,1.36,37.35,15.05,6.96,35.96,29.14,1.0,243.0,1200.0
17642.404,0.0,140.0,91.0,22.650000000000002,16.02,176.0,33.800000000000004,152.3,29.42,33.68,34.25,92.5,15.8,56.5,100.0,245.0,2915.0,1.35,37.15,15.040000000000001,7.04,35.99,29.03,0.0,244.5,1200.0
17702.403,0.0,140.0,90.80000000000001,22.64,15.96,171.0,33.85,151.8,29.32,33.81,34.300000000000004,93.5,15.75,56.5,100.0,246.5,2914.0,1.42,37.1,15.05,6.94,36.0,29.03,0.0,244.5,1200.0
17762.403,0.0,140.0,90.7,22.64,15.94,175.5,33.9,152.1,29.42,33.7,34.15,92.0,15.65,56.1,100.0,243.0,2916.0,1.37,37.15,14.93,7.05,36.01,28.990000000000002,0.0,244.0,1200.0
17822.403,0.0,140.0,90.60000000000001,22.64,16.05,174.5,33.85,150.9,29.41,33.69,34.300000000000004,92.5,15.700000000000001,55.800000000000004,100.0,247.0,2918.0,1.24,37.1,15.01,6.96,36.0,28.96,1.0,244.5,1200.0
17882.402,0.0,140.0,91.30000000000001,22.64,15.94,173.5,33.85,152.20000000000002,29.400000000000002,33.660000000000004,34.35,93.0,15.75,56.5,100.0,243.5,2921.0,1.54,37.15,14.98,7.0600000000000005,35.95,28.900000000000002,0.0,247.0,1200.0
17942.402,0.0,140.0,93.0,22.61,16.080000000000002,174.0,33.85,150.9,29.38,33.74,34.2,91.5,15.700000000000001,56.6,100.0,244.0,2926.0,1.37,37.2,14.98,7.01,35.980000000000004,28.97,0.0,243.0,1200.0
18002.402,0.0,140.0,90.80000000000001,22.61,15.93,173.0,33.9,150.5,29.38,33.71,34.1,93.5,15.700000000000001,56.6,100.0,247.5,2915.0,1.4000000000000001,37.0,15.02,7.01,36.1,29.060000000000002,2.0,245.5,1200.0
18062.402,0.0,140.0,93.4,22.580000000000002,15.99,172.0,33.85,152.1,29.52,33.64,34.15,93.0,15.8,56.400000000000006,100.0,242.5,2920.0,1.34,37.2,14.96,6.98,35.9,29.080000000000002,2.0,249.0,1200.0
18122.401,0.0,140.0,92.10000000000001,22.62,15.97,172.5,33.7,150.70000000000002,29.39,33.55,34.25,93.5,15.75,56.300000000000004,100.0,241.0,2916.0,1.3,37.0,14.96,7.0600000000000005,36.04,29.02,1.0,243.0,1200.0
18182.401,0.0,140.0,91.60000000000001,22.57,16.04,174.0,33.7,151.3,29.34,33.52,34.25,92.0,15.75,56.400000000000006,99.80000000000001,245.5,2917.0,1.51,37.1,15.0,7.04,36.02,28.990000000000002,1.0,243.5,1200.0
18242.401,0.0,140.0,92.7,22.59,15.97,174.0,33.85,150.5,29.51,33.660000000000004,34.15,91.0,15.75,56.0,100.0,242.0,2917.0,1.41,37.050000000000004,14.92,6.93,35.97,28.98,0.0,243.5,1200.0
18302.4,0.0,140.0,91.7,22.650000000000002,16.01,170.0,33.9,151.3,29.29,33.58,34.35,92.0,15.8,56.6,100.0,244.5,2915.0,1.3,37.1,15.02,6.95,35.99,29.060000000000002,1.0,242.5,1200.0
18362.4,0.0,140.0,90.7,22.57,15.97,175.0,33.85,151.3,29.26,33.67,34.2,93.0,15.850000000000001,56.6,99.9,244.5,2913.0,1.26,37.15,15.0,7.0200000000000005,36.03,28.95,1.0,245.0,1200.0
18422.4,0.0,140.0,92.4,22.56,16.02,175.0,33.85,152.20000000000002,29.29,33.58,34.300000000000004,93.0,15.75,56.7,99.9,242.0,2913.0,1.41,37.0,14.96,7.03,35.980000000000004,29.01,0.0,244.0,1200.0
18482.4,0.0,140.0,89.80000000000001,22.57,15.950000000000001,175.0,33.75,152.4,29.34,33.730000000000004,34.050000000000004,93.0,15.700000000000001,56.2,99.9,245.5,2913.0,1.35,37.050000000000004,15.01,6.98,36.09,29.05,0.0,243.5,1200.0
18542.399,0.0,140.0,91.60000000000001,22.6,15.94,173.5,33.75,150.9,29.28,33.56,34.2,94.0,15.700000000000001,56.5,100.0,243.0,2913.0,1.52,37.050000000000004,15.01,6.99,36.050000000000004,29.02,1.0,244.0,1200.0
18602.399,0.0,140.0,91.10000000000001,22.59,16.080000000000002,172.0,33.65,150.1,29.28,33.57,34.050000000000004,92.0,15.75,56.2,100.0,246.0,2908.0,1.31,37.1,15.030000000000001,7.07,36.11,28.96,2.0,239.0,1200.0
18662.399,0.0,140.0,90.5,22.62,15.92,172.5,33.550000000000004,151.5,29.29,33.55,34.1,94.0,15.55,56.2,99.30000000000001,245.0,2906.0,1.52,37.050000000000004,15.01,7.0,36.03,28.990000000000002,2.0,245.5,1200.0
18722.398,0.0,140.0,92.0,22.6,16.03,172.5,33.65,149.9,29.23,33.54,34.1,93.0,15.8,56.900000000000006,99.80000000000001,243.0,2900.0,1.35,37.0,15.06,7.01,36.01,29.05,0.0,238.0,1200.0
18782.398,0.0,140.0,89.80000000000001,22.6,16.0,174.5,33.550000000000004,152.70000000000002,29.26,33.5,34.1,91.0,15.75,56.900000000000006,100.0,239.5,2902.0,1.31,37.0,15.01,7.0600000000000005,35.97,28.93,0.0,239.5,1200.0
18842.398,0.0,140.0,90.0,22.66,16.02,172.5,33.65,151.3,29.11,33.42,34.0,94.5,15.850000000000001,57.0,100.0,243.5,2900.0,1.35,36.95,14.99,6.98,36.02,29.060000000000002,1.0,246.5,1200.0
18902.398,0.0,140.0,91.5,22.59,15.96,171.5,33.550000000000004,151.9,29.17,33.410000000000004,34.050000000000004,94.0,15.8,56.6,100.0,240.5,2901.0,1.3900000000000001,37.0,15.02,7.04,36.03,29.03,0.0,241.0,1200.0
18962.397,0.0,140.0,93.0,22.62,16.0,173.0,33.6,150.5,29.11,33.38,34.0,92.5,15.75,56.900000000000006,100.0,241.5,2899.0,1.33,36.9,14.99,7.01,36.01,28.990000000000002,2.0,242.5,1200.0
19022.397,0.0,140.0,91.4,22.61,15.94,171.5,33.5,150.8,29.12,33.44,33.95,93.5,15.850000000000001,57.0,99.9,241.0,2897.0,1.4000000000000001,36.9,15.030000000000001,7.0600000000000005,35.96,29.060000000000002,0.0,235.0,1200.0
19082.397,0.0,140.0,91.2,22.6,15.96,174.0,33.550000000000004,152.3,29.1,33.410000000000004,33.95,95.5,15.65,57.1,100.0,239.5,2897.0,1.46,36.95,15.01,6.93,36.03,29.04,0.0,241.0,1200.0
19142.396,0.0,140.0,89.80000000000001,22.66,15.93,173.0,33.6,150.70000000000002,29.03,33.32,33.95,93.5,15.65,57.300000000000004,100.0,241.0,2898.0,1.45,36.800000000000004,14.99,7.0200000000000005,36.04,28.93,2.0,241.5,1200.0
19202.396,0.0,140.0,89.80000000000001,22.71,16.02,173.0,33.45,151.70000000000002,28.92,33.36,33.85,93.0,15.8,56.900000000000006,99.9,243.0,2894.0,1.34,36.800000000000004,15.030000000000001,6.96,36.03,29.03,0.0,237.0,1200.0
19262.396,0.0,140.0,90.9,22.64,15.98,173.5,33.300000000000004,152.5,28.93,33.34,33.800000000000004,92.5,15.75,57.5,99.80000000000001,240.0,2894.0,1.3900000000000001,36.800000000000004,14.99,7.0,36.12,28.990000000000002,0.0,237.5,1200.0
19322.396,0.0,140.0,91.80000000000001,22.67,16.02,170.5,33.45,151.1,29.12,33.230000000000004,34.1,93.5,15.8,57.300000000000004,100.0,239.5,2895.0,1.33,36.75,15.030000000000001,7.0200000000000005,36.04,28.97,1.0,241.5,1200.0
19382.395,0.0,140.0,90.2,22.62,15.99,170.5,33.4,154.20000000000002,28.990000000000002,33.29,33.800000000000004,94.0,15.700000000000001,57.2,99.60000000000001,241.5,2895.0,1.3,36.85,15.05,7.01,35.89,28.97,0.0,237.5,1200.0
19442.395,0.0,140.0,90.2,22.650000000000002,15.99,172.0,33.35,151.8,28.95,33.34,33.800000000000004,91.5,15.600000000000001,57.5,100.0,240.0,2894.0,1.58,36.9,14.96,7.05,35.96,28.97,2.0,244.0,1200.0
19502.395,0.0,140.0,89.80000000000001,22.61,16.02,173.5,33.45,150.5,29.02,33.31,33.85,93.0,15.700000000000001,57.0,100.0,238.0,2891.0,1.25,36.85,14.97,6.9,35.99,28.95,0.0,235.0,1200.0
19562.395,0.0,140.0,90.30000000000001,22.63,15.98,172.0,33.35,150.4,28.990000000000002,33.25,33.800000000000004,92.5,15.75,56.7,100.0,241.0,2891.0,1.4000000000000001,36.7,15.040000000000001,6.93,36.04,28.990000000000002,0.0,237.5,1200.0
19622.394,0.0,140.0,92.0,22.6,15.99,173.0,33.45,153.3,29.05,33.4,33.9,93.0,15.700000000000001,57.7,100.0,240.0,2893.0,1.44,36.75,15.05,7.0200000000000005,36.04,29.0,2.0,244.5,1200.0
19682.394,0.0,140.0,91.80000000000001,22.6,16.0,172.5,33.35,152.20000000000002,28.990000000000002,33.36,33.95,92.0,15.65,56.800000000000004,100.0,242.0,2893.0,1.3900000000000001,36.800000000000004,14.950000000000001,7.1000000000000005,35.95,28.96,1.0,242.0,1200.0
19742.394,0.0,140.0,90.5,22.69,16.0,171.0,33.45,152.4,28.97,33.45,34.050000000000004,92.0,15.75,57.400000000000006,100.0,237.5,2887.0,1.41,36.75,15.02,7.03,36.050000000000004,29.01,0.0,241.0,1200.0
19802.393,0.0,140.0,91.80000000000001,22.57,15.99,172.5,33.35,152.20000000000002,29.02,33.22,33.800000000000004,91.5,15.75,57.1,100.0,235.0,2895.0,1.28,36.75,14.98,6.93,35.94,29.04,0.0,237.0,1200.0
19862.393,0.0,140.0,90.10000000000001,22.5,15.98,171.5,33.4,151.0,29.01,33.35,33.95,91.5,15.700000000000001,56.900000000000006,100.0,238.0,2894.0,1.42,36.85,15.01,7.01,36.03,28.98,0.0,236.5,1200.0
19922.393,0.0,140.0,91.30000000000001,22.64,15.99,171.5,33.35,152.8,29.01,33.26,33.9,93.5,15.65,57.0,100.0,242.5,2893.0,1.27,36.75,14.97,7.0600000000000005,35.910000000000004,29.04,1.0,241.0,1200.0
19982.393,0.0,140.0,91.4,22.57,16.01,170.5,33.35,151.3,29.05,33.31,33.85,93.5,15.75,57.300000000000004,99.5,236.5,2892.0,1.3,36.65,15.06,6.99,35.95,29.1,1.0,236.5,1200.0
20042.392,0.0,140.0,89.80000000000001,22.64,15.96,173.0,33.6,152.1,29.09,33.4,33.9,92.5,15.700000000000001,56.900000000000006,100.0,239.5,2888.0,1.3900000000000001,36.75,15.0,6.98,36.07,28.86,0.0,242.5,1200.0
20102.392,0.0,140.0,90.30000000000001,22.59,16.0,171.0,33.550000000000004,151.5,29.150000000000002,33.27,33.7,92.5,15.700000000000001,56.5,100.0,241.0,2890.0,1.42,36.65,15.0,7.03,36.02,29.05,0.0,239.5,1200.0
20162.392,0.0,140.0,92.5,22.61,16.0,172.5,33.5,149.70000000000002,29.05,33.29,34.050000000000004,90.5,15.75,57.400000000000006,99.80000000000001,237.0,2892.0,1.42,36.65,15.01,7.0600000000000005,36.03,28.91,1.0,236.0,1200.0
20222.392,0.0,140.0,90.2,22.63,16.02,172.0,33.550000000000004,152.0,29.09,33.32,33.85,91.5,15.700000000000001,56.7,99.80000000000001,243.0,2895.0,1.27,36.7,14.91,7.0,35.95,29.0,0.0,236.0,1200.0
20282.391,0.0,140.0,90.10000000000001,22.59,16.06,171.0,33.550000000000004,150.0,29.09,33.3,34.0,93.0,15.75,57.300000000000004,100.0,241.5,2892.0,1.31,36.7,15.01,7.0,35.93,29.0,0.0,234.0,1200.0
20342.391,0.0,140.0,91.0,22.64,16.0,174.5,33.45,151.8,28.93,33.39,33.95,93.0,15.700000000000001,56.800000000000004,99.5,239.5,2892.0,1.34,36.7,15.09,7.03,35.94,29.01,1.0,237.5,1200.0
20402.391,0.0,140.0,91.30000000000001,22.67,16.04,170.5,33.45,150.70000000000002,29.05,33.31,33.9,91.5,15.65,56.7,100.0,239.0,2897.0,1.41,36.75,14.94,7.01,35.96,28.97,2.0,239.0,1200.0
20462.391,0.0,140.0,90.9,22.62,16.07,172.0,33.35,151.0,29.0,33.35,33.85,90.5,15.700000000000001,56.800000000000004,100.0,245.0,2894.0,1.35,36.75,15.07,7.0,35.95,28.89,0.0,239.5,1200.0
20522.39,0.0,140.0,91.30000000000001,22.69,15.950000000000001,173.5,33.6,150.4,29.02,33.21,33.95,91.5,15.600000000000001,57.0,100.0,240.5,2889.0,1.46,36.6,15.0,6.98,35.92,29.060000000000002,1.0,238.0,1200.0
20582.39,0.0,140.0,91.5,22.57,16.03,170.0,33.5,151.1,29.12,33.39,34.1,92.0,15.8,56.5,100.0,241.5,2890.0,1.47,36.75,15.1,7.0,36.01,29.05,3.0,236.5,1200.0
20642.39,0.0,140.0,92.10000000000001,22.62,15.93,170.0,33.45,151.3,29.060000000000002,33.39,33.9,94.5,15.8,56.7,99.7,239.0,2898.0,1.33,36.800000000000004,14.97,6.99,35.97,28.94,0.0,237.5,1200.0
20702.39,0.0,140.0,90.4,22.57,15.96,171.5,33.4,151.4,29.02,33.29,33.9,92.5,15.600000000000001,57.0,100.0,242.0,2894.0,1.29,36.75,14.98,6.94,35.93,28.95,0.0,244.0,1200.0
20762.389,0.0,140.0,91.5,22.63,15.93,170.5,33.45,150.4,28.93,33.38,33.800000000000004,93.5,15.850000000000001,56.900000000000006,100.0,240.0,2896.0,1.28,36.7,15.030000000000001,6.99,36.03,29.01,0.0,239.0,1200.0
20822.389,0.0,140.0,91.5,22.63,15.950000000000001,172.0,33.45,150.3,28.97,33.29,34.0,93.5,15.700000000000001,57.0,100.0,237.5,2892.0,1.3800000000000001,36.65,15.0,6.92,35.980000000000004,29.02,0.0,242.5,1200.0
20882.389,0.0,140.0,89.7,22.53,16.0,172.5,33.45,151.20000000000002,28.92,33.31,33.95,94.0,15.8,56.5,99.80000000000001,238.0,2891.0,1.35,36.800000000000004,15.06,6.97,36.01,29.01,0.0,238.5,1200.0
20942.389,0.0,140.0,90.9,22.580000000000002,15.97,170.5,33.550000000000004,150.5,28.94,33.32,33.85,92.0,15.700000000000001,56.800000000000004,100.0,241.0,2893.0,1.37,36.75,14.99,6.97,35.94,29.05,1.0,237.0,1200.0
21002.388,0.0,140.0,91.30000000000001,22.66,15.93,171.0,33.45,150.3,29.04,33.32,33.75,90.5,15.75,57.1,99.60000000000001,240.0,2891.0,1.56,36.65,15.02,6.98,36.02,28.95,0.0,241.5,1200.0
21062.388,0.0,140.0,90.5,22.64,16.02,171.5,33.300000000000004,151.20000000000002,28.88,33.31,33.800000000000004,93.5,15.600000000000001,57.0,100.0,238.5,2890.0,1.35,36.800000000000004,15.05,6.98,35.92,29.0,0.0,239.5,1200.0
21122.388,0.0,140.0,90.2,22.53,16.02,172.0,33.5,150.6,29.0,33.38,33.9,93.5,15.8,57.0,100.0,241.0,2888.0,1.45,36.7,15.030000000000001,6.96,36.07,28.93,0.0,238.5,1200.0
21182.388,0.0,140.0,91.4,22.580000000000002,16.0,173.5,33.45,151.8,29.02,33.36,33.85,92.0,15.700000000000001,57.0,100.0,242.0,2893.0,1.41,36.6,15.08,6.97,35.93,29.04,0.0,237.5,1200.0
21242.387,0.0,140.0,90.80000000000001,22.57,16.0,174.5,33.5,151.4,28.98,33.27,33.95,92.5,15.75,57.400000000000006,99.60000000000001,240.0,2898.0,1.41,36.65,14.99,7.07,36.03,28.96,0.0,243.0,1200.0
21302.387,0.0,140.0,91.80000000000001,22.6,16.06,171.5,33.4,151.6,29.1,33.42,33.85,93.0,15.600000000000001,56.5,100.0,234.0,2893.0,1.34,36.65,14.96,7.04,36.02,28.94,1.0,236.0,1200.0
21362.387,0.0,140.0,90.80000000000001,22.63,15.96,171.0,33.45,151.20000000000002,29.07,33.37,33.95,94.5,15.8,56.900000000000006,100.0,243.0,2896.0,1.43,36.65,15.030000000000001,6.95,35.99,28.97,0.0,236.5,1200.0
21422.387,0.0,140.0,90.9,22.650000000000002,16.080000000000002,172.0,33.550000000000004,150.9,29.05,33.38,33.9,91.5,15.700000000000001,56.800000000000004,100.0,242.5,2896.0,1.36,36.550000000000004,15.02,6.97,36.02,29.05,0.0,237.5,1200.0
21482.386,0.0,140.0,90.5,22.63,16.0,171.0,33.45,151.9,29.11,33.410000000000004,34.1,92.5,15.8,56.7,99.60000000000001,239.0,2893.0,1.4000000000000001,36.65,15.07,7.0200000000000005,35.94,29.02,0.0,245.0,1200.0
21542.386,0.0,140.0,92.80000000000001,22.61,15.98,170.5,33.5,151.1,29.03,33.45,33.85,94.0,15.65,57.5,100.0,238.5,2896.0,1.28,36.75,15.05,6.99,35.980000000000004,29.0,1.0,239.0,1200.0
21602.386,0.0,140.0,91.30000000000001,22.64,16.02,172.0,33.4,151.70000000000002,29.12,33.36,34.0,92.0,15.75,56.800000000000004,100.0,243.0,2899.0,1.54,36.7,14.950000000000001,7.04,35.97,28.94,2.0,241.0,1200.0
21662.386,0.0,140.0,89.80000000000001,22.67,15.94,171.5,33.45,152.9,29.03,33.29,33.75,93.0,15.700000000000001,57.1,100.0,238.5,2896.0,1.51,36.85,15.0,6.97,35.93,28.990000000000002,2.0,239.0,1200.0
21722.385,0.0,140.0,90.9,22.7,16.02,173.0,33.45,151.5,29.07,33.3,33.800000000000004,93.0,15.55,57.7,99.9,241.5,2896.0,1.43,36.7,15.05,6.95,36.03,29.01,1.0,242.5,1200.0
21782.385,0.0,140.0,92.9,22.68,16.02,172.0,33.550000000000004,151.70000000000002,29.0,33.37,33.800000000000004,94.0,15.65,57.6,99.80000000000001,243.0,2891.0,1.3800000000000001,36.7,15.0,7.05,36.03,29.060000000000002,1.0,238.5,1200.0
21842.385,0.0,140.0,91.0,22.66,16.04,172.0,33.45,151.20000000000002,29.05,33.39,33.85,90.5,15.600000000000001,57.0,99.7,242.5,2892.0,1.4000000000000001,36.7,14.92,7.0,36.07,29.04,0.0,239.5,1200.0
21902.385,0.0,140.0,89.60000000000001,22.650000000000002,15.99,172.5,33.4,152.5,29.01,33.230000000000004,33.9,93.0,15.700000000000001,57.400000000000006,99.80000000000001,238.5,2894.0,1.51,36.75,15.040000000000001,7.07,35.95,29.0,0.0,239.5,1200.0
21962.384,0.0,140.0,91.80000000000001,22.7,16.01,171.5,33.4,151.4,28.93,33.29,33.85,95.0,15.9,57.1,99.80000000000001,239.5,2893.0,1.37,36.65,14.99,7.03,36.07,29.0,0.0,236.0,1200.0
22022.384,0.0,140.0,90.0,22.79,16.0,172.0,33.45,152.0,28.94,33.33,33.800000000000004,92.0,15.75,57.6,99.80000000000001,239.5,2888.0,1.34,36.95,15.01,7.11,35.99,29.07,0.0,238.5,1200.0
22082.384,0.0,140.0,92.2,22.63,16.03,173.0,33.300000000000004,151.5,28.88,33.34,33.6,93.5,15.700000000000001,57.7,99.9,238.5,2891.0,1.42,36.75,15.05,6.99,36.03,28.98,0.0,240.5,1200.0
22142.384,0.0,140.0,90.7,22.68,16.11,171.0,33.35,151.9,28.93,33.24,33.9,91.5,15.700000000000001,57.300000000000004,100.0,236.5,2889.0,1.3900000000000001,36.800000000000004,14.98,6.98,36.07,28.97,0.0,236.0,1200.0
22202.383,0.0,140.0,91.4,22.69,16.0,171.5,33.300000000000004,152.70000000000002,28.88,33.19,33.75,92.5,15.700000000000001,58.0,99.7,238.5,2896.0,1.3900000000000001,36.85,15.06,7.08,35.96,28.94,4.0,242.0,1200.0
22262.383,0.0,140.0,91.30000000000001,22.8,16.0,171.0,33.35,152.8,28.72,33.19,33.65,94.5,15.75,57.7,100.0,243.0,2894.0,1.37,36.65,14.97,6.98,35.99,29.09,2.0,238.0,1200.0
22322.383,0.0,140.0,91.9,22.71,16.01,172.5,33.300000000000004,152.5,28.93,33.17,33.85,91.0,15.700000000000001,57.900000000000006,99.9,240.0,2885.0,1.52,36.75,14.950000000000001,7.0200000000000005,35.96,28.97,4.0,242.5,1200.0
22382.383,0.0,140.0,91.0,22.78,15.98,171.5,33.5,151.6,28.89,33.21,33.6,93.5,15.700000000000001,58.1,99.80000000000001,236.0,2887.0,1.42,36.9,14.950000000000001,7.0,36.02,28.92,0.0,239.5,1200.0
22442.382,0.0,140.0,87.5,22.67,16.05,171.0,33.300000000000004,151.5,28.95,33.24,33.7,94.5,15.8,57.800000000000004,100.0,240.0,2887.0,1.36,36.7,15.02,7.04,35.9,29.0,3.0,239.5,1200.0
22502.382,0.0,140.0,91.0,22.68,16.03,172.0,33.300000000000004,150.70000000000002,28.85,33.14,33.7,93.5,15.700000000000001,57.800000000000004,100.0,242.0,2888.0,1.41,36.7,14.93,7.0,36.03,29.16,0.0,244.0,1200.0
22562.382,0.0,140.0,90.80000000000001,22.69,15.98,170.5,33.35,151.6,28.8,33.13,33.75,95.0,15.850000000000001,57.5,99.2,235.0,2886.0,1.3,36.7,15.06,7.0,36.03,29.01,1.0,241.5,1200.0
22622.382,0.0,140.0,91.4,22.67,16.06,172.0,33.4,151.70000000000002,28.84,33.18,33.7,92.0,15.75,58.0,100.0,239.5,2886.0,1.26,36.65,15.02,6.99,35.99,29.02,1.0,235.0,1200.0
22682.382,0.0,140.0,90.2,22.62,16.03,171.5,33.35,151.70000000000002,28.85,33.2,33.75,92.0,15.700000000000001,58.0,100.0,241.5,2882.0,1.26,36.6,15.01,6.93,35.97,28.990000000000002,1.0,237.0,1200.0
22742.381,0.0,140.0,92.0,22.7,16.1,170.0,33.25,151.8,28.87,33.08,33.65,91.0,15.75,57.6,100.0,238.0,2880.0,1.46,36.7,14.950000000000001,6.99,35.95,28.97,0.0,234.0,1200.0
22802.381,0.0,140.0,91.0,22.66,16.01,170.0,33.2,151.70000000000002,28.78,33.14,33.800000000000004,92.5,15.65,57.5,99.80000000000001,233.0,2882.0,1.36,36.65,15.040000000000001,6.98,36.01,28.990000000000002,0.0,239.5,1200.0
22862.381,0.0,140.0,92.30000000000001,22.69,15.92,171.0,33.4,151.3,28.830000000000002,33.06,33.65,92.0,15.75,57.6,100.0,235.5,2880.0,1.6,36.550000000000004,14.97,6.99,36.03,28.96,0.0,235.0,1200.0
22922.381,0.0,140.0,90.80000000000001,22.64,15.96,170.5,33.25,152.20000000000002,28.830000000000002,33.160000000000004,33.7,94.5,15.65,58.300000000000004,100.0,240.0,2881.0,1.43,36.800000000000004,14.96,6.97,36.06,29.01,0.0,235.5,1200.0
22982.38,0.0,140.0,90.9,22.650000000000002,16.03,169.5,33.35,151.70000000000002,28.75,33.07,33.65,90.0,15.700000000000001,57.300000000000004,99.7,238.0,2879.0,1.36,36.7,14.99,7.07,36.01,29.01,1.0,236.0,1200.0
23042.38,0.0,140.0,90.30000000000001,22.6,16.01,171.0,33.25,152.1,28.86,33.1,33.5,92.0,15.65,57.2,100.0,234.5,2883.0,1.26,36.5,15.030000000000001,7.0,35.95,29.02,2.0,236.5,1200.0
23102.38,0.0,140.0,91.30000000000001,22.71,15.99,172.0,33.15,151.20000000000002,28.84,33.12,33.65,93.5,15.65,57.6,99.60000000000001,237.5,2879.0,1.35,36.5,15.01,6.96,35.99,28.990000000000002,0.0,238.0,1200.0
23162.38,0.0,140.0,91.4,22.61,15.96,170.5,33.15,151.4,28.8,33.06,33.550000000000004,91.5,15.75,57.300000000000004,100.0,236.0,2889.0,1.52,36.5,15.0,7.01,36.08,29.01,1.0,238.0,1200.0
23222.379,0.0,140.0,91.7,22.62,16.09,169.5,33.300000000000004,151.20000000000002,28.85,33.21,33.75,92.0,15.850000000000001,57.7,100.0,235.0,2883.0,1.42,36.6,15.02,6.94,35.97,29.01,0.0,241.0,1200.0
23282.379,0.0,140.0,91.7,22.67,16.04,172.5,33.15,150.3,28.88,33.2,33.75,91.0,15.850000000000001,57.300000000000004,99.80000000000001,236.5,2884.0,1.46,36.550000000000004,15.01,7.0200000000000005,36.03,29.11,0.0,242.0,1200.0
23342.379,0.0,140.0,91.2,22.66,16.05,171.0,33.4,152.1,28.93,33.18,33.7,93.5,15.65,57.6,100.0,240.0,2885.0,1.34,36.45,14.94,7.0200000000000005,36.09,29.05,1.0,243.0,1200.0
23402.379,0.0,140.0,92.0,22.650000000000002,15.950000000000001,167.5,33.45,152.5,28.84,33.21,33.65,92.5,15.700000000000001,57.400000000000006,100.0,238.5,2880.0,1.36,36.6,15.040000000000001,6.94,36.050000000000004,29.11,1.0,237.5,1200.0
23462.379,0.0,140.0,90.30000000000001,22.62,15.99,172.0,33.25,150.5,28.94,33.19,33.65,91.0,15.65,58.2,100.0,242.0,2883.0,1.45,36.550000000000004,15.040000000000001,6.97,36.04,28.91,0.0,240.0,1200.0
23522.378,0.0,140.0,91.0,22.62,16.01,172.5,33.4,151.1,28.830000000000002,33.15,33.800000000000004,92.5,15.65,57.7,99.9,237.0,2887.0,1.44,36.550000000000004,15.040000000000001,7.05,35.95,28.97,0.0,232.0,1200.0
23582.378,0.0,140.0,91.10000000000001,22.69,16.03,172.0,33.35,152.20000000000002,28.95,33.2,33.6,93.5,15.600000000000001,57.7,99.80000000000001,237.5,2883.0,1.48,36.7,14.98,7.0200000000000005,36.12,29.060000000000002,0.0,241.5,1200.0
23642.378,0.0,140.0,91.2,22.71,15.96,172.5,33.25,150.5,28.84,33.22,33.7,94.5,15.75,57.7,100.0,234.5,2890.0,1.18,36.550000000000004,15.0,6.97,35.980000000000004,29.0,0.0,240.0,1200.0
23702.378,0.0,140.0,91.2,22.71,15.99,170.5,33.45,153.1,28.91,33.2,33.7,92.0,15.65,58.1,100.0,243.5,2881.0,1.35,36.5,15.01,6.99,36.02,29.02,0.0,238.0,1200.0
23762.377,0.0,140.0,91.0,22.650000000000002,15.99,169.5,33.45,151.70000000000002,28.900000000000002,33.3,33.65,90.0,15.700000000000001,57.400000000000006,99.80000000000001,242.0,2890.0,1.44,36.6,14.98,7.05,36.050000000000004,28.96,2.0,235.0,1200.0
23822.377,0.0,140.0,91.80000000000001,22.64,16.01,171.0,33.25,150.70000000000002,28.85,33.2,33.75,93.0,15.700000000000001,57.400000000000006,100.0,239.0,2884.0,1.27,36.65,15.01,6.97,36.050000000000004,29.05,0.0,242.0,1200.0
23882.377,0.0,140.0,91.4,22.740000000000002,15.97,168.5,33.35,150.3,28.93,33.21,33.65,94.0,15.850000000000001,58.0,100.0,239.5,2887.0,1.37,36.6,15.02,6.93,36.01,28.91,0.0,240.0,1200.0
23942.377,0.0,140.0,90.60000000000001,22.73,16.01,173.0,33.5,150.9,28.91,33.17,33.800000000000004,95.0,15.700000000000001,57.1,99.9,237.5,2892.0,1.36,36.550000000000004,15.05,7.05,36.01,28.91,0.0,240.0,1200.0
24002.377,0.0,140.0,90.7,22.61,15.94,170.0,33.35,151.1,28.900000000000002,33.2,33.85,94.0,15.850000000000001,57.300000000000004,100.0,240.0,2879.0,1.37,36.65,15.0,7.0200000000000005,36.03,29.05,0.0,239.0,1200.0
24062.376,0.0,140.0,90.7,22.61,15.98,169.5,33.25,153.0,28.93,33.17,33.85,92.5,15.75,57.7,99.7,242.0,2887.0,1.42,36.65,14.99,7.08,36.03,28.97,0.0,234.0,1200.0
24122.376,0.0,140.0,90.60000000000001,22.67,16.02,172.0,33.4,150.9,28.84,33.3,33.6,93.5,15.75,57.6,100.0,235.5,2895.0,1.31,36.65,14.99,6.95,36.08,29.01,0.0,235.5,1200.0
24182.376,0.0,140.0,90.9,22.69,15.97,172.5,33.2,152.8,28.87,33.3,33.800000000000004,92.0,15.700000000000001,58.1,100.0,238.5,2893.0,1.41,36.65,15.02,6.97,35.980000000000004,29.03,1.0,241.0,1200.0
24242.376,0.0,140.0,91.9,22.67,15.98,171.0,33.300000000000004,151.6,28.810000000000002,33.19,33.75,94.0,15.5,57.5,99.60000000000001,238.5,2887.0,1.43,36.7,15.11,6.96,36.050000000000004,29.0,0.0,244.5,1200.0
24302.375,0.0,140.0,89.5,22.66,16.02,174.0,33.5,151.0,28.91,33.230000000000004,33.75,94.0,15.850000000000001,57.0,99.80000000000001,242.5,2892.0,1.49,36.6,14.98,7.0,35.96,29.02,2.0,244.0,1200.0
24362.375,0.0,140.0,89.9,22.61,16.02,170.5,33.4,151.20000000000002,28.95,33.28,33.9,92.0,15.9,57.2,99.7,239.5,2884.0,1.36,36.75,15.02,7.07,35.97,29.04,0.0,240.5,1200.0
24422.375,0.0,140.0,90.80000000000001,22.7,15.98,171.0,33.45,152.5,29.0,33.27,33.9,92.5,15.8,57.400000000000006,99.9,241.5,2892.0,1.43,36.65,14.97,6.96,36.11,29.02,0.0,239.5,1200.0
24482.375,0.0,140.0,92.2,22.67,15.99,169.0,33.4,150.70000000000002,28.93,33.230000000000004,33.800000000000004,94.0,15.700000000000001,57.800000000000004,99.9,241.5,2891.0,1.47,36.75,15.0,7.05,35.99,29.02,4.0,236.0,1200.0
24542.375,0.0,140.0,92.60000000000001,22.57,16.05,171.5,33.4,150.9,28.97,33.21,33.9,92.5,15.75,57.0,100.0,242.0,2894.0,1.4000000000000001,36.6,15.030000000000001,6.99,36.050000000000004,29.0,2.0,236.0,1200.0
24602.374,0.0,140.0,90.30000000000001,22.61,16.01,171.5,33.35,152.3,28.92,33.25,33.7,92.5,15.700000000000001,57.300000000000004,100.0,241.5,2895.0,1.34,36.7,15.02,7.0,35.99,29.07,2.0,237.5,1200.0
24662.374,0.0,140.0,91.4,22.650000000000002,15.96,169.5,33.550000000000004,151.8,28.95,33.28,33.800000000000004,93.0,15.700000000000001,57.5,99.80000000000001,238.5,2890.0,1.46,36.7,15.09,6.96,36.04,29.080000000000002,0.0,239.0,1200.0
24722.374,0.0,140.0,91.2,22.64,16.03,171.5,33.45,151.20000000000002,29.04,33.19,33.9,92.0,15.8,57.6,100.0,241.0,2894.0,1.48,36.9,14.99,6.97,36.02,29.080000000000002,1.0,237.0,1200.0
24782.374,0.0,140.0,90.5,22.59,15.96,174.0,33.6,151.4,28.93,33.31,33.7,93.0,15.75,57.400000000000006,99.9,240.0,2895.0,1.35,36.800000000000004,14.99,7.03,35.96,29.09,0.0,238.0,1200.0
24842.374,0.0,140.0,89.60000000000001,22.66,15.96,171.5,33.550000000000004,151.70000000000002,29.060000000000002,33.24,33.75,92.5,15.700000000000001,57.5,99.5,241.0,2891.0,1.51,36.95,15.06,6.96,35.96,29.01,0.0,238.5,1200.0
24902.373,0.0,140.0,90.4,22.66,15.96,172.0,33.4,151.70000000000002,29.05,33.21,33.65,92.5,15.75,57.7,99.7,240.5,2897.0,1.43,36.75,15.040000000000001,7.0,36.04,29.02,1.0,240.5,1200.0
24962.373,0.0,140.0,90.30000000000001,22.61,16.01,171.5,33.45,149.4,28.98,33.27,33.9,94.0,15.8,57.5,100.0,238.0,2896.0,1.34,36.7,15.06,6.97,36.01,29.01,0.0,239.0,1200.0
25022.373,0.0,140.0,91.10000000000001,22.68,16.05,171.0,33.6,149.5,28.94,33.3,33.9,93.0,15.75,57.1,100.0,241.5,2892.0,1.35,36.800000000000004,15.01,6.96,36.1,28.990000000000002,1.0,242.5,1200.0
25082.373,0.0,140.0,91.4,22.71,15.97,171.0,33.4,150.3,28.990000000000002,33.25,33.75,91.5,15.75,57.5,100.0,238.0,2892.0,1.48,36.800000000000004,15.01,7.0200000000000005,36.04,29.09,0.0,239.5,1200.0
25142.372,0.0,140.0,89.4,22.76,16.01,171.5,33.35,152.20000000000002,29.0,33.35,33.85,91.5,15.600000000000001,57.6,99.5,239.5,2894.0,1.5,36.7,15.07,7.0,36.01,29.09,1.0,242.0,1200.0
25202.372,0.0,140.0,93.7,22.68,16.0,172.5,33.5,151.0,28.91,33.38,33.95,91.0,15.75,57.2,100.0,236.0,2898.0,1.33,36.6,15.01,6.99,35.97,29.11,3.0,237.5,1200.0
25262.372,0.0,140.0,90.80000000000001,22.61,15.99,171.5,33.45,150.9,29.03,33.21,33.85,94.0,15.75,57.800000000000004,99.80000000000001,240.5,2894.0,1.37,36.75,15.1,7.0,36.09,28.98,2.0,242.0,1200.0
25322.372,0.0,140.0,91.80000000000001,22.72,16.05,172.5,33.35,152.3,28.95,33.28,33.65,93.0,15.700000000000001,57.300000000000004,100.0,241.5,2900.0,1.31,36.95,15.01,7.01,35.95,28.990000000000002,0.0,243.5,1200.0
25382.372,0.0,140.0,90.10000000000001,22.72,16.05,174.0,33.6,151.5,28.93,33.28,33.85,93.5,15.75,57.1,100.0,241.5,2898.0,1.43,36.9,15.0,7.07,35.93,28.990000000000002,0.0,238.0,1200.0
25442.371,0.0,140.0,93.60000000000001,22.7,15.98,171.5,33.550000000000004,149.4,28.92,33.36,33.800000000000004,93.5,15.75,57.7,99.4,240.0,2897.0,1.31,36.800000000000004,14.97,6.97,36.01,29.05,2.0,239.5,1200.0
25502.371,0.0,140.0,90.9,22.75,16.02,171.0,33.300000000000004,152.1,28.95,33.33,33.9,92.5,15.700000000000001,57.6,99.7,239.5,2898.0,1.4000000000000001,36.65,14.98,7.0200000000000005,35.94,28.93,0.0,242.0,1200.0
25562.371,0.0,140.0,91.2,22.72,16.03,170.5,33.25,150.9,28.98,33.32,33.75,92.5,15.700000000000001,57.7,100.0,240.5,2897.0,1.47,36.75,15.01,7.0200000000000005,36.0,28.92,0.0,240.5,1200.0
25622.371,0.0,140.0,90.60000000000001,22.740000000000002,16.01,171.0,33.35,150.20000000000002,29.02,33.31,33.85,91.5,15.850000000000001,57.5,100.0,240.5,2897.0,1.32,36.75,14.99,6.95,35.95,29.04,0.0,242.0,1200.0
25682.371,0.0,140.0,91.80000000000001,22.79,15.91,172.0,33.45,152.6,29.02,33.35,33.65,93.5,15.700000000000001,57.2,99.60000000000001,242.5,2892.0,1.3900000000000001,36.9,14.93,7.01,36.03,29.0,0.0,240.0,1200.0
25742.37,0.0,140.0,91.2,22.67,16.04,172.5,33.5,153.0,29.0,33.230000000000004,33.85,91.5,15.75,57.7,100.0,239.0,2894.0,1.49,36.75,15.0,6.94,35.980000000000004,28.95,0.0,242.5,1200.0
25802.37,0.0,140.0,89.80000000000001,22.650000000000002,16.0,172.5,33.45,151.3,28.82,33.21,33.800000000000004,92.0,15.700000000000001,57.300000000000004,100.0,246.0,2895.0,1.55,36.7,14.98,7.01,36.01,29.02,0.0,239.0,1200.0
25862.37,0.0,140.0,90.9,22.740000000000002,16.03,172.5,33.4,151.5,28.900000000000002,33.22,33.800000000000004,93.0,15.75,57.300000000000004,100.0,242.0,2894.0,1.33,36.9,15.01,6.98,35.96,28.98,1.0,247.0,1200.0
25922.37,0.0,140.0,91.80000000000001,22.71,16.04,171.5,33.35,150.1,28.92,33.24,33.7,92.5,15.75,58.1,100.0,239.0,2887.0,1.35,36.85,15.01,7.03,36.0,28.91,0.0,241.5,1200.0
25982.37,0.0,140.0,90.5,22.66,16.01,170.5,33.35,151.9,28.85,33.18,33.800000000000004,93.0,15.8,57.7,99.80000000000001,240.0,2895.0,1.31,36.75,15.0,6.9,35.93,29.0,0.0,237.0,1200.0
26042.369,0.0,140.0,90.5,22.79,16.02,172.0,33.2,151.3,28.79,33.19,33.75,92.0,15.600000000000001,57.1,100.0,236.5,2889.0,1.33,36.7,15.040000000000001,7.07,35.88,28.990000000000002,0.0,238.0,1200.0
26102.369,0.0,140.0,91.2,22.72,16.1,170.5,33.5,151.4,28.84,33.27,33.75,92.0,15.700000000000001,58.2,100.0,236.5,2885.0,1.54,36.85,15.030000000000001,6.98,36.07,29.05,0.0,243.0,1200.0
26162.369,0.0,140.0,89.0,22.76,15.96,170.5,33.35,152.20000000000002,28.87,33.230000000000004,33.800000000000004,91.0,15.8,58.300000000000004,100.0,240.0,2889.0,1.44,36.6,15.040000000000001,7.0200000000000005,35.93,29.07,1.0,242.5,1200.0
26222.369,0.0,140.0,90.5,22.67,16.03,171.5,33.4,152.0,28.830000000000002,33.13,33.6,92.0,15.65,58.2,99.30000000000001,238.0,2889.0,1.36,36.75,14.98,7.0200000000000005,36.1,28.990000000000002,0.0,239.0,1200.0
26282.369,0.0,140.0,89.5,22.71,15.91,171.0,33.300000000000004,151.9,28.92,33.13,33.800000000000004,92.0,15.850000000000001,57.300000000000004,100.0,237.5,2884.0,1.46,36.7,15.030000000000001,7.03,36.04,29.060000000000002,0.0,240.5,1200.0
26342.368,0.0,140.0,92.0,22.69,15.950000000000001,169.5,33.45,151.4,28.76,33.18,33.7,92.0,15.700000000000001,57.7,100.0,237.0,2890.0,1.52,36.7,15.030000000000001,7.05,35.93,29.04,2.0,238.5,1200.0
26402.368,0.0,140.0,90.2,22.62,16.0,173.0,33.2,152.0,28.8,33.17,33.75,92.0,15.600000000000001,58.7,100.0,236.5,2884.0,1.31,36.6,14.99,7.01,35.95,29.02,0.0,242.0,1200.0
26462.368,0.0,140.0,90.2,22.67,15.950000000000001,171.0,33.25,151.5,28.84,33.12,33.550000000000004,90.0,15.850000000000001,57.900000000000006,100.0,238.5,2886.0,1.24,36.550000000000004,14.97,7.0,36.0,29.12,2.0,240.5,1200.0
26522.368,0.0,140.0,90.9,22.69,16.01,168.5,33.2,150.5,28.77,33.13,33.65,92.0,15.65,58.0,99.80000000000001,236.0,2883.0,1.41,36.65,15.01,6.96,35.86,28.93,0.0,240.0,1200.0
26582.368,0.0,140.0,91.30000000000001,22.6,15.98,170.5,33.25,151.3,28.79,33.14,33.65,93.5,15.65,57.5,100.0,238.0,2880.0,1.24,36.7,14.94,7.04,36.06,29.01,2.0,239.5,1200.0
26642.367,0.0,140.0,91.4,22.73,16.01,170.0,33.25,152.5,28.84,33.06,33.7,91.5,15.75,58.0,99.9,235.0,2883.0,1.37,36.6,14.98,7.01,36.0,28.990000000000002,1.0,235.0,1200.0
26702.367,0.0,140.0,91.0,22.69,16.07,170.5,33.300000000000004,150.0,28.71,33.1,33.550000000000004,93.0,15.700000000000001,58.2,100.0,238.0,2877.0,1.34,36.75,15.0,6.97,35.97,28.98,0.0,236.5,1200.0
26762.367,0.0,140.0,89.60000000000001,22.7,16.0,168.0,33.15,151.20000000000002,28.71,33.03,33.550000000000004,91.5,15.75,57.800000000000004,100.0,235.5,2884.0,1.43,36.75,15.02,6.97,35.97,29.03,0.0,232.0,1200.0
26822.367,0.0,140.0,91.4,22.68,15.93,169.0,33.25,151.3,28.69,33.05,33.65,94.5,15.850000000000001,57.800000000000004,100.0,240.5,2881.0,1.5,36.75,15.01,7.0200000000000005,36.04,29.13,0.0,236.5,1200.0
26882.367,0.0,140.0,91.80000000000001,22.740000000000002,15.99,172.0,33.15,149.9,28.76,33.0,33.5,91.5,15.75,58.6,99.9,234.5,2881.0,1.49,36.45,15.030000000000001,6.96,35.99,28.990000000000002,0.0,238.5,1200.0
26942.366,0.0,140.0,91.4,22.68,16.01,171.0,33.2,149.3,28.77,33.08,33.5,92.5,15.75,57.400000000000006,100.0,240.5,2874.0,1.36,36.550000000000004,14.99,6.95,35.980000000000004,28.900000000000002,1.0,235.0,1200.0
27002.366,0.0,140.0,90.4,22.73,15.99,169.5,33.2,152.1,28.69,33.04,33.6,94.0,15.65,57.7,99.60000000000001,237.5,2879.0,1.37,36.65,15.01,7.07,36.0,29.11,1.0,235.0,1200.0
27062.366,0.0,140.0,90.60000000000001,22.650000000000002,15.97,170.5,33.2,151.1,28.72,33.05,33.65,95.0,15.75,57.7,100.0,238.0,2879.0,1.33,36.5,15.120000000000001,7.0200000000000005,36.01,28.98,0.0,235.0,1200.0
27122.366,0.0,140.0,93.2,22.61,15.97,170.5,33.25,150.4,28.73,33.13,33.7,92.5,15.8,58.2,100.0,239.0,2877.0,1.56,36.5,14.96,6.96,35.93,28.82,0.0,234.0,1200.0
27182.366,0.0,140.0,92.60000000000001,22.72,15.98,172.0,33.25,151.20000000000002,28.77,33.12,33.6,93.0,15.65,57.800000000000004,100.0,237.0,2882.0,1.29,36.5,15.0,6.99,35.9,28.96,0.0,237.0,1200.0
27242.365,0.0,140.0,90.9,22.66,15.98,171.0,33.25,151.70000000000002,28.7,33.03,33.7,93.5,15.8,57.900000000000006,99.9,236.0,2874.0,1.32,36.6,15.06,6.94,35.980000000000004,28.990000000000002,1.0,233.0,1200.0
27302.365,0.0,140.0,92.4,22.68,16.02,170.5,33.15,150.0,28.84,33.02,33.65,92.5,15.75,58.0,100.0,240.0,2882.0,1.46,36.45,14.950000000000001,7.01,36.0,29.03,1.0,237.0,1200.0
27362.365,0.0,140.0,91.80000000000001,22.69,15.98,169.5,33.2,149.3,28.740000000000002,33.05,33.6,91.0,15.55,58.0,100.0,235.0,2880.0,1.34,36.45,15.030000000000001,7.0200000000000005,35.99,28.97,1.0,236.0,1200.0
27422.365,0.0,140.0,92.30000000000001,22.740000000000002,16.05,173.0,33.15,151.8,28.72,33.06,33.65,93.0,15.850000000000001,57.400000000000006,100.0,240.5,2886.0,1.32,36.550000000000004,15.11,7.0200000000000005,35.910000000000004,28.86,0.0,236.5,1200.0
27482.365,0.0,140.0,89.4,22.66,16.0,169.5,33.300000000000004,150.9,28.8,33.0,33.75,91.0,15.700000000000001,57.7,99.9,238.0,2885.0,1.35,36.550000000000004,14.93,6.99,35.980000000000004,29.04,0.0,236.0,1200.0
27542.364,0.0,140.0,91.5,22.66,15.91,171.5,33.300000000000004,150.8,28.86,33.15,33.75,90.5,15.700000000000001,57.5,100.0,236.5,2888.0,1.25,36.45,15.01,6.95,36.0,28.990000000000002,0.0,235.5,1200.0
27602.364,0.0,140.0,91.9,22.66,15.97,171.5,33.25,152.9,28.73,33.14,33.550000000000004,93.0,15.700000000000001,58.1,100.0,240.0,2886.0,1.1300000000000001,36.6,15.02,7.01,35.96,28.89,0.0,238.5,1200.0
27662.364,0.0,140.0,89.60000000000001,22.650000000000002,16.02,173.5,33.25,151.0,28.8,33.13,33.9,92.5,15.700000000000001,58.400000000000006,99.7,238.0,2884.0,1.27,36.550000000000004,14.98,7.01,36.06,28.98,0.0,241.0,1200.0
27722.364,0.0,140.0,89.60000000000001,22.67,16.04,171.5,33.45,149.8,28.77,33.14,33.75,90.5,15.600000000000001,57.400000000000006,100.0,239.0,2887.0,1.3900000000000001,36.5,15.01,6.95,36.03,29.04,0.0,239.5,1200.0
27782.364,0.0,140.0,91.2,22.71,16.01,172.0,33.300000000000004,150.1,28.91,33.18,33.800000000000004,93.0,15.700000000000001,58.1,100.0,240.0,2889.0,1.26,36.65,15.01,7.01,36.07,29.05,0.0,239.0,1200.0
27842.363,0.0,140.0,90.7,22.650000000000002,16.04,169.5,33.25,151.8,28.78,33.12,33.7,92.5,15.850000000000001,57.6,100.0,239.0,2893.0,1.41,36.6,15.030000000000001,6.96,36.050000000000004,28.97,0.0,243.0,1200.0
27902.363,0.0,140.0,91.80000000000001,22.7,15.98,169.0,33.300000000000004,150.9,28.84,33.21,33.550000000000004,90.5,15.700000000000001,58.1,100.0,240.5,2888.0,1.47,36.550000000000004,14.96,7.01,35.910000000000004,28.900000000000002,0.0,238.0,1200.0
27962.363,0.0,140.0,89.2,22.7,15.97,170.0,33.25,151.0,28.85,33.160000000000004,33.65,92.0,15.700000000000001,57.7,100.0,235.0,2890.0,1.33,36.65,15.0,7.0,35.99,29.04,0.0,235.5,1200.0
28022.363,0.0,140.0,90.80000000000001,22.64,15.94,172.5,33.4,150.9,28.84,33.17,33.95,90.5,15.700000000000001,57.400000000000006,100.0,238.0,2888.0,1.47,36.7,15.0,7.08,35.95,29.05,0.0,236.5,1200.0
28082.363,0.0,140.0,91.5,22.66,16.04,169.5,33.300000000000004,150.8,28.87,33.230000000000004,33.85,91.5,15.75,58.2,100.0,236.0,2892.0,1.49,36.6,14.97,6.98,36.18,28.990000000000002,3.0,239.0,1200.0
28142.363,0.0,140.0,90.60000000000001,22.61,16.02,171.5,33.300000000000004,150.5,28.87,33.27,33.6,93.5,15.65,57.900000000000006,99.9,238.5,2892.0,1.37,36.550000000000004,15.01,6.97,36.06,28.96,0.0,236.5,1200.0
28202.362,0.0,140.0,90.7,22.69,15.99,169.5,33.35,150.5,28.88,33.17,33.6,93.0,15.700000000000001,58.300000000000004,100.0,240.0,2891.0,1.52,36.6,15.05,6.96,35.94,28.96,2.0,242.0,1200.0
28262.362,0.0,140.0,90.5,22.7,15.96,171.5,33.4,151.8,28.91,33.15,33.7,94.5,15.700000000000001,57.800000000000004,100.0,240.5,2888.0,1.32,36.6,15.01,7.03,36.03,29.03,0.0,241.5,1200.0
28322.362,0.0,140.0,91.80000000000001,22.61,16.04,171.0,33.25,150.6,28.94,33.25,33.9,93.0,15.65,57.300000000000004,99.5,240.5,2890.0,1.36,36.6,14.97,7.0600000000000005,35.97,28.990000000000002,1.0,242.5,1200.0
28382.362,0.0,140.0,90.60000000000001,22.66,15.97,170.0,33.4,152.0,28.97,33.3,33.75,92.0,15.700000000000001,57.1,100.0,245.5,2891.0,1.48,36.7,14.97,6.98,35.97,29.01,3.0,239.5,1200.0
28442.362,0.0,140.0,90.30000000000001,22.64,15.92,172.0,33.35,150.5,29.03,33.27,33.75,92.5,15.75,57.5,100.0,237.0,2888.0,1.3900000000000001,36.7,14.98,7.01,35.97,28.95,1.0,240.5,1200.0
28502.361,0.0,140.0,90.9,22.78,15.93,172.5,33.4,149.70000000000002,28.92,33.27,33.75,93.0,15.850000000000001,57.900000000000006,99.9,245.0,2893.0,1.46,36.6,14.96,7.0600000000000005,35.99,28.990000000000002,0.0,244.5,1200.0
28562.361,0.0,140.0,91.30000000000001,22.67,15.97,170.5,33.35,150.5,28.92,33.25,33.85,92.5,15.75,57.6,99.9,236.5,2893.0,1.36,36.7,15.05,7.0,35.92,28.98,0.0,244.0,1200.0
28622.361,0.0,140.0,90.7,22.62,16.04,173.0,33.35,152.1,28.900000000000002,33.33,33.85,92.5,15.700000000000001,57.5,100.0,240.0,2894.0,1.32,36.85,14.98,7.01,35.980000000000004,29.04,0.0,241.5,1200.0
28682.361,0.0,140.0,89.9,22.69,16.0,172.5,33.4,150.3,29.01,33.26,33.95,92.0,15.8,58.0,100.0,241.5,2895.0,1.2,36.550000000000004,15.05,6.96,35.88,28.96,2.0,239.0,1200.0
28742.361,0.0,140.0,89.80000000000001,22.76,16.0,174.0,33.45,151.3,28.95,33.34,34.0,92.0,15.65,57.900000000000006,99.7,241.0,2897.0,1.32,36.6,14.89,7.07,36.0,28.95,0.0,241.0,1200.0
28802.361,0.0,140.0,91.2,22.71,16.0,172.0,33.45,149.6,28.990000000000002,33.36,33.85,92.5,15.700000000000001,57.300000000000004,100.0,237.0,2897.0,1.3800000000000001,36.75,15.0,7.0600000000000005,36.02,29.02,0.0,244.0,1200.0
28862.36,0.0,140.0,91.7,22.7,15.93,171.5,33.5,150.3,28.95,33.32,33.9,92.0,15.75,57.7,100.0,240.0,2901.0,1.42,36.85,14.97,6.97,36.1,29.04,0.0,245.5,1200.0
28922.36,0.0,140.0,91.7,22.7,15.98,171.5,33.4,153.4,29.01,33.38,33.85,92.0,15.600000000000001,57.400000000000006,100.0,241.5,2900.0,1.57,36.75,14.98,6.96,36.02,29.02,0.0,242.0,1200.0
28982.36,0.0,140.0,91.9,22.72,16.02,172.5,33.4,153.5,29.060000000000002,33.43,33.75,92.0,15.700000000000001,58.5,99.9,244.0,2897.0,1.37,36.7,15.040000000000001,7.01,35.980000000000004,29.05,0.0,242.5,1200.0
29042.36,0.0,140.0,91.30000000000001,22.73,16.01,169.5,33.550000000000004,151.6,29.01,33.31,33.85,91.5,15.75,57.300000000000004,100.0,239.5,2895.0,1.34,36.65,15.01,6.95,36.02,28.98,0.0,243.0,1200.0
29102.36,0.0,140.0,90.4,22.73,16.02,171.5,33.5,151.3,29.03,33.4,33.85,92.0,15.65,58.0,99.80000000000001,245.0,2900.0,1.59,36.7,15.0,7.01,36.06,28.990000000000002,1.0,243.5,1200.0
29162.359,0.0,140.0,88.9,22.72,16.01,171.5,33.300000000000004,150.70000000000002,29.04,33.3,33.95,94.0,15.8,57.800000000000004,99.80000000000001,241.0,2898.0,1.33,36.800000000000004,15.02,6.99,35.88,28.97,0.0,244.5,1200.0
29222.359,0.0,140.0,90.2,22.71,16.02,174.0,33.45,152.5,28.97,33.4,33.95,92.0,15.65,57.2,100.0,235.5,2899.0,1.29,36.75,14.96,7.0,35.99,29.02,0.0,242.0,1200.0
29282.359,0.0,140.0,90.2,22.66,16.01,170.5,33.4,152.5,29.02,33.34,33.800000000000004,93.0,15.700000000000001,57.7,99.5,241.5,2895.0,1.53,36.7,15.02,6.91,36.050000000000004,29.05,0.0,241.5,1200.0
29342.359,0.0,140.0,90.30000000000001,22.66,15.97,172.5,33.550000000000004,151.9,29.03,33.28,33.9,90.5,15.8,57.800000000000004,100.0,242.5,2896.0,1.18,36.75,15.01,6.94,35.99,29.02,1.0,246.5,1200.0
29402.359,0.0,140.0,89.7,22.72,16.05,169.5,33.5,150.9,28.91,33.3,33.9,94.0,15.850000000000001,57.5,100.0,238.0,2898.0,1.48,36.7,14.96,7.04,35.99,28.990000000000002,0.0,238.5,1200.0
29462.359,0.0,140.0,90.10000000000001,22.7,15.89,171.0,33.45,151.1,28.98,33.29,34.0,94.5,15.850000000000001,58.0,100.0,238.5,2896.0,1.46,36.65,15.0,6.96,35.89,28.95,0.0,245.0,1200.0
29522.358,0.0,140.0,90.30000000000001,22.6,16.01,172.0,33.300000000000004,153.70000000000002,28.94,33.38,33.85,91.0,15.700000000000001,57.900000000000006,99.60000000000001,239.0,2896.0,1.27,36.800000000000004,14.97,7.08,36.06,29.04,0.0,240.0,1200.0
29582.358,0.0,140.0,90.4,22.71,16.1,170.0,33.550000000000004,151.0,28.97,33.36,33.800000000000004,92.5,15.8,57.5,99.9,243.0,2900.0,1.4000000000000001,36.7,14.97,6.94,35.94,28.97,0.0,246.5,1200.0
29642.358,0.0,140.0,89.10000000000001,22.64,16.0,173.0,33.45,153.1,28.97,33.25,33.75,92.5,15.65,57.0,100.0,244.5,2900.0,1.46,36.7,15.0,6.91,35.96,28.96,1.0,242.5,1200.0
29702.358,0.0,140.0,91.9,22.67,16.01,173.5,33.45,151.20000000000002,28.93,33.35,33.85,92.5,15.700000000000001,57.0,99.7,241.5,2893.0,1.26,36.85,15.0,6.98,35.92,28.93,0.0,245.0,1200.0
29762.358,0.0,140.0,91.30000000000001,22.72,16.02,172.5,33.6,153.0,28.900000000000002,33.28,33.75,94.5,15.75,57.300000000000004,100.0,242.0,2899.0,1.42,36.800000000000004,15.0,7.03,36.0,29.02,0.0,244.0,1200.0
29822.357,0.0,140.0,89.10000000000001,22.64,15.96,171.0,33.45,149.9,29.080000000000002,33.3,33.85,94.5,15.8,57.800000000000004,99.2,238.5,2887.0,1.28,36.9,14.950000000000001,7.01,35.9,28.98,0.0,238.5,1200.0
29882.357,0.0,140.0,90.0,22.63,15.98,173.0,33.35,152.4,28.990000000000002,33.19,33.85,92.5,15.75,57.300000000000004,100.0,237.0,2894.0,1.37,36.85,14.99,7.03,36.03,28.97,4.0,243.5,1200.0
29942.357,0.0,140.0,89.10000000000001,22.64,15.950000000000001,171.0,33.45,152.4,29.05,33.24,33.85,93.5,15.600000000000001,57.5,99.30000000000001,245.0,2895.0,1.3800000000000001,36.6,14.94,7.0,35.97,28.85,0.0,240.5,1200.0
30002.357,0.0,140.0,89.80000000000001,22.64,15.96,171.5,33.4,151.5,28.98,33.35,33.85,92.0,15.850000000000001,58.1,100.0,239.0,2890.0,1.46,36.800000000000004,15.05,7.07,36.06,28.96,0.0,236.0,1200.0
30062.357,0.0,140.0,90.9,22.62,16.03,172.5,33.4,151.0,28.95,33.26,33.85,93.5,15.700000000000001,57.1,99.9,232.0,2889.0,1.25,36.75,15.0,6.96,36.04,28.96,0.0,238.5,1200.0
30122.357,0.0,140.0,91.5,22.68,16.01,169.0,33.35,152.5,28.98,33.3,33.7,92.5,15.75,57.6,99.5,239.0,2897.0,1.41,36.6,14.9,7.01,36.050000000000004,28.98,0.0,237.5,1200.0
30182.356,0.0,140.0,92.30000000000001,22.69,15.97,171.5,33.45,151.1,28.95,33.22,33.85,95.0,15.55,57.2,100.0,237.0,2897.0,1.33,36.800000000000004,15.040000000000001,6.99,35.97,29.02,0.0,238.5,1200.0
30242.356,0.0,140.0,91.0,22.59,16.0,171.0,33.45,151.1,28.96,33.230000000000004,33.85,92.0,15.700000000000001,57.400000000000006,99.9,239.5,2892.0,1.42,36.800000000000004,15.05,7.04,35.99,28.97,0.0,239.5,1200.0
30302.356,0.0,140.0,93.10000000000001,22.67,15.97,171.5,33.45,150.9,29.02,33.36,33.800000000000004,94.0,15.850000000000001,57.400000000000006,100.0,241.0,2892.0,1.49,36.75,15.01,7.03,35.92,28.89,0.0,245.5,1200.0
30362.356,0.0,140.0,90.5,22.66,15.99,169.0,33.5,151.3,29.0,33.27,33.85,93.0,15.700000000000001,57.2,100.0,238.5,2895.0,1.45,36.800000000000004,15.040000000000001,7.05,36.03,29.0,2.0,241.0,1200.0
30422.356,0.0,140.0,91.5,22.67,15.98,171.5,33.4,151.4,28.88,33.28,33.800000000000004,93.0,15.700000000000001,57.6,99.80000000000001,239.0,2895.0,1.34,36.75,14.99,7.0,35.94,28.94,0.0,240.0,1200.0
30482.356,0.0,140.0,91.30000000000001,22.69,16.05,170.0,33.4,150.70000000000002,28.97,33.33,33.75,91.5,15.75,57.800000000000004,99.80000000000001,237.5,2895.0,1.48,36.800000000000004,14.97,6.96,36.07,29.11,0.0,236.5,1200.0
30542.355,0.0,140.0,90.0,22.75,15.98,172.5,33.6,150.20000000000002,29.04,33.2,33.9,91.5,15.600000000000001,57.2,100.0,243.5,2893.0,1.36,36.65,15.030000000000001,6.95,36.01,29.0,2.0,234.5,1200.0
30602.355,0.0,140.0,90.30000000000001,22.73,15.96,171.0,33.300000000000004,152.0,28.990000000000002,33.32,33.85,91.0,15.600000000000001,58.2,99.7,240.5,2894.0,1.46,36.75,15.0,7.0200000000000005,35.95,29.05,1.0,239.0,1200.0
30662.355,0.0,140.0,91.2,22.7,16.01,172.5,33.35,152.8,28.990000000000002,33.230000000000004,33.85,93.0,15.75,57.7,100.0,237.5,2896.0,1.34,36.7,14.99,6.92,36.050000000000004,28.95,1.0,239.0,1200.0
30722.355,0.0,140.0,89.2,22.7,16.0,171.0,33.5,151.0,28.95,33.24,33.9,92.5,15.8,57.300000000000004,99.7,239.5,2898.0,1.47,36.800000000000004,14.98,6.93,36.01,29.04,0.0,242.5,1200.0
30782.355,0.0,140.0,92.5,22.67,16.0,172.5,33.5,153.4,28.94,33.32,33.75,91.0,15.700000000000001,57.5,99.9,242.5,2898.0,1.37,36.7,14.94,7.05,35.9,28.88,0.0,240.5,1200.0
30842.355,0.0,140.0,92.10000000000001,22.740000000000002,15.950000000000001,169.0,33.4,150.3,29.1,33.25,33.800000000000004,92.5,15.65,58.1,99.9,238.0,2895.0,1.52,36.800000000000004,15.02,6.99,36.02,28.88,0.0,246.0,1200.0
30902.354,0.0,140.0,92.2,22.7,15.94,173.5,33.6,151.9,29.05,33.4,33.9,93.5,15.55,57.1,99.80000000000001,236.0,2898.0,1.43,36.65,14.96,7.07,36.04,29.02,2.0,240.5,1200.0
30962.354,0.0,140.0,89.60000000000001,22.66,15.93,172.0,33.4,152.3,29.0,33.22,33.85,91.0,15.600000000000001,57.300000000000004,99.7,241.5,2892.0,1.33,36.75,14.98,7.01,35.99,29.04,1.0,241.5,1200.0
31022.354,0.0,140.0,92.10000000000001,22.77,16.02,174.0,33.5,152.1,28.95,33.34,33.800000000000004,91.0,15.700000000000001,57.400000000000006,99.9,242.0,2892.0,1.3900000000000001,36.85,14.97,7.05,35.92,29.04,2.0,244.5,1200.0
31082.354,0.0,140.0,90.60000000000001,22.73,16.07,172.0,33.4,150.70000000000002,28.990000000000002,33.36,33.75,91.5,15.55,57.800000000000004,99.80000000000001,243.5,2895.0,1.36,36.85,15.02,7.01,36.13,29.060000000000002,2.0,238.0,1200.0
31142.354,0.0,140.0,90.5,22.77,15.97,171.0,33.5,150.70000000000002,28.990000000000002,33.27,33.75,90.5,15.75,57.400000000000006,99.9,239.5,2896.0,1.36,36.9,15.07,7.01,36.06,28.95,0.0,243.0,1200.0
31202.354,0.0,140.0,90.7,22.71,15.96,171.0,33.300000000000004,151.3,28.93,33.32,33.800000000000004,91.5,15.8,57.5,100.0,237.5,2899.0,1.45,36.7,15.0,6.97,35.96,28.97,1.0,237.5,1200.0
31262.353,0.0,140.0,91.60000000000001,22.72,15.94,170.5,33.550000000000004,149.6,28.94,33.33,33.9,95.5,15.700000000000001,57.5,100.0,244.5,2899.0,1.36,36.85,15.01,7.0,36.01,28.96,2.0,240.0,1200.0
31322.353,0.0,140.0,90.30000000000001,22.67,15.97,172.5,33.4,151.8,29.0,33.33,33.85,94.0,15.600000000000001,57.5,99.60000000000001,240.5,2896.0,1.27,36.65,15.040000000000001,6.97,36.0,28.98,0.0,241.5,1200.0
31382.353,0.0,140.0,90.4,22.71,15.98,170.5,33.550000000000004,150.20000000000002,28.990000000000002,33.27,33.85,93.0,15.8,57.5,99.7,244.0,2904.0,1.51,36.75,15.05,6.94,36.02,29.07,1.0,240.5,1200.0
31442.353,0.0,140.0,90.10000000000001,22.69,16.01,172.0,33.550000000000004,152.0,29.080000000000002,33.36,34.0,90.0,15.700000000000001,57.6,99.9,245.5,2898.0,1.3900000000000001,36.9,15.030000000000001,6.98,35.95,29.07,1.0,243.5,1200.0
31502.353,0.0,140.0,90.60000000000001,22.66,15.98,172.5,33.6,151.4,29.1,33.39,33.9,89.5,15.75,57.6,99.7,240.5,2903.0,1.21,36.75,14.98,7.0200000000000005,36.07,28.92,3.0,243.0,1200.0
31562.353,0.0,140.0,91.30000000000001,22.69,16.01,171.0,33.45,151.20000000000002,29.05,33.4,34.0,92.0,15.700000000000001,56.900000000000006,100.0,243.0,2896.0,1.33,36.75,15.01,6.99,35.92,28.93,2.0,243.0,1200.0
31622.352,0.0,140.0,90.60000000000001,22.63,16.02,172.0,33.5,151.0,29.080000000000002,33.42,33.800000000000004,92.0,15.600000000000001,58.0,100.0,243.0,2898.0,1.46,36.9,15.05,7.03,35.97,28.990000000000002,1.0,240.0,1200.0
31682.352,0.0,140.0,91.9,22.64,16.02,173.0,33.5,150.3,29.1,33.480000000000004,33.85,92.5,15.850000000000001,57.300000000000004,99.60000000000001,245.0,2906.0,1.45,36.75,15.05,7.03,35.96,28.93,0.0,244.0,1200.0
31742.352,0.0,140.0,90.30000000000001,22.62,15.98,171.5,33.550000000000004,152.70000000000002,29.13,33.4,33.85,92.5,15.75,57.1,99.60000000000001,240.5,2905.0,1.44,36.7,15.06,7.0200000000000005,35.980000000000004,29.01,0.0,242.5,1200.0
31802.352,0.0,140.0,91.80000000000001,22.68,15.96,174.5,33.6,151.6,29.2,33.39,34.0,93.5,15.65,57.400000000000006,100.0,243.0,2904.0,1.3800000000000001,36.85,15.0,7.01,35.980000000000004,29.0,0.0,241.5,1200.0
31862.352,0.0,140.0,90.60000000000001,22.61,16.01,173.5,33.45,150.9,29.13,33.4,33.85,93.0,15.75,57.0,99.5,244.5,2905.0,1.33,36.800000000000004,14.98,7.04,36.050000000000004,29.0,1.0,245.0,1200.0
31922.352,0.0,140.0,90.9,22.64,16.02,171.0,33.6,150.70000000000002,29.05,33.4,34.0,95.5,15.75,56.900000000000006,99.7,245.5,2907.0,1.58,36.85,14.92,6.98,35.95,28.97,0.0,240.0,1200.0
31982.351,0.0,140.0,88.7,22.59,16.0,173.5,33.6,152.20000000000002,29.1,33.52,33.95,90.0,15.75,56.900000000000006,100.0,243.5,2899.0,1.6600000000000001,36.95,15.02,6.95,35.99,29.080000000000002,0.0,243.0,1200.0
32042.351,0.0,140.0,90.4,22.68,16.06,173.5,33.6,150.0,29.23,33.49,33.85,92.0,15.700000000000001,57.5,100.0,242.5,2904.0,1.46,36.75,15.040000000000001,6.94,35.99,29.1,0.0,240.5,1200.0
32102.351,0.0,140.0,92.10000000000001,22.62,16.03,174.0,33.550000000000004,151.6,29.19,33.45,33.9,91.0,15.75,57.6,100.0,239.5,2906.0,1.3800000000000001,36.800000000000004,14.97,7.03,35.95,29.0,1.0,240.5,1200.0
32162.351,0.0,140.0,91.2,22.650000000000002,15.97,170.5,33.7,151.0,29.11,33.45,33.9,92.0,15.8,57.300000000000004,100.0,241.0,2908.0,1.3900000000000001,36.800000000000004,14.96,7.01,36.050000000000004,29.03,0.0,244.0,1200.0
32222.351,0.0,140.0,90.2,22.66,16.04,173.0,33.4,151.6,29.19,33.480000000000004,34.0,93.5,15.850000000000001,57.300000000000004,99.7,243.0,2907.0,1.47,36.85,14.99,7.0,36.03,28.990000000000002,0.0,243.0,1200.0
32282.351,0.0,140.0,90.60000000000001,22.73,15.93,173.0,33.7,151.4,29.2,33.47,34.050000000000004,94.5,15.8,57.6,100.0,248.0,2907.0,1.3800000000000001,36.9,14.950000000000001,6.95,36.01,28.990000000000002,0.0,243.0,1200.0
32342.35,0.0,140.0,88.5,22.73,15.99,171.0,33.6,151.6,29.13,33.43,33.85,90.0,15.75,57.400000000000006,99.80000000000001,243.0,2902.0,1.27,36.800000000000004,14.97,7.05,36.03,29.02,1.0,243.0,1200.0
32402.35,0.0,140.0,90.60000000000001,22.71,16.03,172.5,33.7,151.20000000000002,29.150000000000002,33.45,34.1,91.0,15.700000000000001,57.400000000000006,100.0,245.5,2909.0,1.3900000000000001,36.95,15.030000000000001,7.01,35.9,28.990000000000002,1.0,237.0,1200.0
32462.35,0.0,140.0,91.4,22.650000000000002,15.97,172.5,33.550000000000004,152.70000000000002,29.12,33.44,33.95,89.5,15.75,57.6,100.0,242.5,2908.0,1.48,36.9,15.02,7.04,35.99,29.02,0.0,241.0,1200.0
32522.35,0.0,140.0,91.5,22.68,16.01,172.5,33.65,153.0,29.05,33.52,34.050000000000004,91.0,15.75,57.5,99.9,239.5,2908.0,1.32,36.85,15.06,6.96,35.9,29.01,1.0,242.5,1200.0
32582.35,0.0,140.0,91.30000000000001,22.76,15.96,174.0,33.6,152.20000000000002,29.1,33.5,34.0,94.0,15.75,57.400000000000006,100.0,242.0,2907.0,1.48,36.95,15.02,7.0200000000000005,35.96,29.07,0.0,242.0,1200.0
32642.35,0.0,140.0,89.80000000000001,22.66,16.080000000000002,171.0,33.5,152.20000000000002,29.09,33.33,33.75,93.0,15.75,57.5,100.0,246.5,2899.0,1.4000000000000001,37.0,15.07,7.01,36.050000000000004,28.95,2.0,244.0,1200.0
32702.349,0.0,140.0,89.2,22.740000000000002,15.93,174.5,33.35,151.20000000000002,29.04,33.42,33.800000000000004,92.0,15.850000000000001,57.400000000000006,99.7,241.5,2908.0,1.27,36.9,15.040000000000001,6.97,35.99,29.07,0.0,240.5,1200.0
32762.349,0.0,140.0,90.10000000000001,22.740000000000002,16.01,173.5,33.5,150.70000000000002,29.13,33.34,33.9,94.5,15.850000000000001,58.0,99.60000000000001,241.0,2900.0,1.4000000000000001,36.9,14.96,7.05,36.02,29.0,0.0,245.5,1200.0
32822.349,0.0,140.0,91.4,22.71,16.01,172.0,33.550000000000004,150.20000000000002,28.97,33.43,33.95,94.0,15.75,57.5,100.0,244.5,2902.0,1.35,37.0,15.01,6.98,36.0,28.990000000000002,1.0,240.0,1200.0
32882.349,0.0,140.0,91.10000000000001,22.67,16.02,170.0,33.45,152.9,29.09,33.37,33.85,92.0,15.600000000000001,58.0,99.80000000000001,240.5,2909.0,1.3800000000000001,36.95,15.030000000000001,7.04,36.13,28.98,0.0,237.5,1200.0
32942.349,0.0,140.0,90.5,22.67,16.06,171.0,33.35,152.0,29.01,33.36,33.9,91.0,15.700000000000001,58.300000000000004,99.9,242.0,2899.0,1.23,36.95,14.96,6.97,35.97,28.900000000000002,0.0,241.0,1200.0
33002.349,0.0,140.0,90.80000000000001,22.72,16.0,173.0,33.5,151.70000000000002,29.060000000000002,33.34,33.9,94.0,15.75,57.6,100.0,238.0,2903.0,1.42,37.0,15.05,6.98,36.050000000000004,29.060000000000002,1.0,239.0,1200.0
33062.348,0.0,140.0,89.9,22.650000000000002,16.03,171.5,33.4,152.1,28.96,33.34,33.9,91.5,15.75,57.300000000000004,100.0,239.0,2900.0,1.34,36.800000000000004,15.030000000000001,6.92,36.02,29.05,0.0,241.0,1200.0
33122.348,0.0,140.0,91.0,22.8,15.97,172.5,33.4,152.3,28.98,33.34,33.85,91.5,15.75,57.400000000000006,99.80000000000001,239.0,2900.0,1.3900000000000001,36.9,14.99,7.0200000000000005,35.980000000000004,29.01,0.0,243.5,1200.0
33182.348,0.0,140.0,91.30000000000001,22.71,15.950000000000001,171.5,33.45,149.9,29.02,33.35,33.85,92.5,15.65,57.800000000000004,100.0,247.5,2898.0,1.45,36.75,15.0,6.97,36.09,28.95,0.0,241.0,1200.0
33242.348,0.0,140.0,89.5,22.8,15.99,170.5,33.4,150.6,28.98,33.27,33.75,91.5,15.700000000000001,58.0,99.9,241.0,2896.0,1.54,37.0,14.94,6.97,35.95,29.11,0.0,243.0,1200.0
33302.348,0.0,140.0,92.10000000000001,22.72,16.02,170.5,33.4,151.3,28.96,33.4,33.85,93.5,15.700000000000001,57.6,100.0,241.5,2897.0,1.62,36.95,15.0,7.01,35.93,28.96,0.0,240.5,1200.0
33362.348,0.0,140.0,91.10000000000001,22.68,15.98,169.5,33.300000000000004,152.9,28.97,33.3,33.9,95.0,15.65,57.800000000000004,99.80000000000001,241.5,2895.0,1.54,36.75,15.0,6.97,36.07,28.990000000000002,0.0,241.5,1200.0
33422.348,0.0,140.0,91.2,22.740000000000002,15.99,171.5,33.45,150.9,28.93,33.230000000000004,33.9,92.0,15.850000000000001,58.6,99.60000000000001,243.0,2899.0,1.27,36.85,14.98,7.01,36.01,29.04,0.0,241.0,1200.0
33482.347,0.0,140.0,91.10000000000001,22.76,16.07,171.0,33.45,152.3,28.97,33.160000000000004,33.800000000000004,92.0,15.65,57.400000000000006,100.0,244.0,2900.0,1.4000000000000001,36.95,15.040000000000001,7.01,36.07,29.01,2.0,247.5,1200.0
33542.347,0.0,140.0,92.5,22.67,16.03,170.0,33.4,151.5,29.02,33.230000000000004,33.75,94.5,15.55,58.0,100.0,239.5,2899.0,1.48,36.7,15.030000000000001,7.03,36.09,28.96,0.0,239.5,1200.0
33602.347,0.0,140.0,90.60000000000001,22.77,16.0,172.0,33.35,150.8,28.94,33.18,33.75,93.5,15.9,57.7,100.0,247.0,2901.0,1.48,36.800000000000004,15.01,7.0600000000000005,36.09,29.0,0.0,236.5,1200.0
33662.347,0.0,140.0,90.4,22.76,15.92,172.5,33.25,151.8,28.91,33.2,33.65,93.0,15.700000000000001,57.900000000000006,99.9,239.0,2894.0,1.58,36.9,14.96,6.96,35.96,29.0,2.0,241.5,1200.0
33722.347,0.0,140.0,89.80000000000001,22.73,15.97,169.5,33.35,152.5,28.95,33.29,33.800000000000004,93.5,15.9,57.800000000000004,100.0,239.5,2899.0,1.55,36.65,14.96,7.0200000000000005,35.97,28.93,1.0,244.5,1200.0
33782.347,0.0,140.0,91.2,22.69,15.99,171.5,33.45,151.4,28.95,33.42,33.75,93.0,15.600000000000001,57.5,99.60000000000001,246.5,2895.0,1.57,36.800000000000004,15.0,7.08,35.99,29.05,0.0,236.0,1200.0
33842.346,0.0,140.0,90.7,22.71,16.04,172.5,33.35,152.3,28.900000000000002,33.32,33.75,91.5,15.8,58.0,99.80000000000001,241.0,2898.0,1.51,36.9,15.01,7.0,36.01,28.96,0.0,240.5,1200.0
33902.346,0.0,140.0,90.0,22.650000000000002,16.02,174.0,33.4,150.9,28.93,33.25,33.800000000000004,91.0,15.75,57.6,100.0,245.5,2893.0,1.48,36.85,15.02,6.96,36.03,28.97,1.0,241.0,1200.0
33962.346,0.0,140.0,91.0,22.72,15.92,172.5,33.35,151.20000000000002,28.98,33.3,33.75,92.0,15.65,57.800000000000004,99.7,244.0,2888.0,1.35,36.75,14.97,6.96,36.0,28.96,2.0,233.5,1200.0
34022.346,0.0,140.0,90.30000000000001,22.66,15.97,172.5,33.5,149.5,28.86,33.25,33.800000000000004,92.0,15.700000000000001,58.2,99.7,239.5,2894.0,1.32,36.7,15.01,6.94,35.980000000000004,28.96,0.0,239.5,1200.0
34082.346,0.0,140.0,91.5,22.64,16.0,169.5,33.4,151.70000000000002,28.95,33.24,33.800000000000004,92.5,15.700000000000001,57.800000000000004,100.0,238.0,2896.0,1.44,36.65,14.98,6.94,36.08,28.94,0.0,238.5,1200.0
34142.346,0.0,140.0,89.2,22.64,15.99,173.5,33.4,153.20000000000002,28.94,33.25,33.75,95.0,15.8,57.800000000000004,100.0,238.5,2896.0,1.41,36.7,15.0,6.99,36.07,28.98,2.0,237.0,1200.0
34202.346,0.0,140.0,91.7,22.67,16.02,172.0,33.300000000000004,150.9,28.93,33.19,33.9,91.5,15.700000000000001,57.5,100.0,240.5,2887.0,1.37,36.75,15.0,7.01,35.980000000000004,29.03,0.0,239.0,1200.0
34262.345,0.0,140.0,91.4,22.68,15.97,172.0,33.25,150.6,28.94,33.27,33.800000000000004,93.5,15.75,58.1,100.0,239.0,2893.0,1.46,36.800000000000004,15.030000000000001,6.97,36.01,29.04,0.0,244.0,1200.0
34322.345,0.0,140.0,89.60000000000001,22.7,16.07,171.5,33.35,151.8,28.92,33.25,33.800000000000004,91.0,15.65,58.0,99.80000000000001,242.5,2894.0,1.18,36.75,14.96,7.0,35.980000000000004,29.080000000000002,1.0,239.5,1200.0
34382.345,0.0,140.0,91.4,22.71,16.03,171.0,33.35,151.20000000000002,28.94,33.21,33.9,90.5,15.700000000000001,58.2,100.0,237.5,2891.0,1.35,36.7,15.05,7.0,35.88,28.91,0.0,240.5,1200.0
34442.345,0.0,140.0,90.30000000000001,22.64,15.97,172.5,33.5,151.70000000000002,28.91,33.2,33.800000000000004,92.0,15.75,58.0,100.0,243.0,2892.0,1.5,36.75,14.97,7.07,35.97,29.09,0.0,244.5,1200.0
34502.345,0.0,140.0,88.4,22.69,16.02,171.0,33.4,151.1,28.93,33.22,33.75,92.5,15.850000000000001,58.0,100.0,238.0,2889.0,1.29,36.85,14.99,6.98,35.97,29.01,0.0,239.0,1200.0
34562.345,0.0,140.0,90.7,22.76,16.01,173.0,33.45,154.8,28.900000000000002,33.28,33.75,91.0,15.75,57.5,100.0,237.0,2893.0,1.56,36.65,14.93,6.97,36.06,28.97,3.0,242.0,1200.0
34622.344,0.0,140.0,90.9,22.69,16.05,171.5,33.15,153.4,28.91,33.21,33.85,93.5,15.65,57.300000000000004,100.0,239.0,2887.0,1.49,36.7,14.98,6.99,36.03,28.95,0.0,237.5,1200.0
34682.344,0.0,140.0,91.7,22.57,16.06,171.0,33.300000000000004,152.5,28.88,33.32,33.95,93.0,15.75,57.7,99.80000000000001,237.0,2889.0,1.3800000000000001,36.65,15.030000000000001,7.0200000000000005,35.97,29.01,0.0,237.0,1200.0
34742.344,0.0,140.0,91.0,22.7,16.01,171.0,33.35,152.1,28.92,33.2,33.7,94.0,15.75,57.7,100.0,246.5,2889.0,1.35,36.550000000000004,15.030000000000001,7.05,36.04,29.02,1.0,239.0,1200.0
34802.344,0.0,140.0,90.9,22.71,16.01,170.5,33.5,151.0,28.900000000000002,33.230000000000004,33.7,93.5,15.700000000000001,57.7,100.0,238.0,2892.0,1.26,36.7,14.98,6.95,35.96,29.02,0.0,240.5,1200.0
34862.344,0.0,140.0,89.80000000000001,22.68,15.98,171.0,33.25,153.0,28.92,33.230000000000004,33.95,93.5,15.75,57.800000000000004,100.0,240.5,2890.0,1.4000000000000001,36.7,15.02,6.98,36.0,29.02,2.0,236.5,1200.0
34922.344,0.0,140.0,88.80000000000001,22.7,16.0,171.5,33.4,151.20000000000002,28.78,33.32,33.75,92.0,15.700000000000001,57.7,100.0,243.0,2889.0,1.28,36.65,15.06,6.96,36.06,29.04,0.0,236.0,1200.0
34982.344,0.0,140.0,91.10000000000001,22.69,16.04,173.0,33.35,152.0,28.900000000000002,33.2,34.0,92.5,15.65,58.0,99.7,237.5,2896.0,1.33,36.6,15.02,6.99,35.94,28.98,0.0,238.0,1200.0
35042.343,0.0,140.0,90.10000000000001,22.72,15.96,171.0,33.4,150.70000000000002,28.93,33.26,33.9,93.5,15.8,57.800000000000004,100.0,242.0,2894.0,1.45,36.75,15.0,7.0,35.97,28.93,0.0,240.0,1200.0
35102.343,0.0,140.0,92.30000000000001,22.69,15.97,169.0,33.5,151.4,29.0,33.32,33.800000000000004,93.5,15.65,57.7,99.4,241.0,2893.0,1.5,36.7,15.030000000000001,6.99,35.97,29.07,0.0,242.5,1200.0
35162.343,0.0,140.0,90.5,22.68,15.93,173.5,33.5,152.20000000000002,28.91,33.27,33.75,92.5,15.8,57.800000000000004,100.0,241.0,2893.0,1.3900000000000001,36.75,14.91,6.98,35.980000000000004,28.97,1.0,241.0,1200.0
35222.343,0.0,140.0,90.7,22.75,15.98,171.5,33.5,151.3,28.93,33.32,33.85,91.5,15.65,58.1,100.0,240.0,2888.0,1.52,36.75,15.030000000000001,7.0200000000000005,36.050000000000004,28.95,1.0,240.0,1200.0
35282.343,0.0,140.0,91.2,22.740000000000002,16.03,171.0,33.45,151.6,28.97,33.08,33.95,91.5,15.65,58.0,99.9,239.0,2894.0,1.34,36.800000000000004,15.030000000000001,6.95,35.95,29.03,2.0,245.5,1200.0
35342.343,0.0,140.0,92.60000000000001,22.7,15.950000000000001,173.0,33.5,150.3,28.900000000000002,33.28,33.85,92.0,15.75,57.6,100.0,241.5,2900.0,1.45,36.65,15.02,6.99,36.0,28.96,0.0,239.5,1200.0
35402.343,0.0,140.0,91.80000000000001,22.71,16.06,172.5,33.300000000000004,149.3,29.03,33.31,33.75,93.0,15.8,57.1,100.0,238.0,2904.0,1.29,36.65,15.01,7.0200000000000005,36.01,28.990000000000002,0.0,243.0,1200.0
35462.342,0.0,140.0,89.30000000000001,22.82,16.03,171.5,33.4,151.1,29.080000000000002,33.34,33.65,93.5,15.700000000000001,57.2,99.9,240.0,2903.0,1.26,36.85,15.07,6.96,35.96,29.0,0.0,240.0,1200.0
35522.342,0.0,140.0,90.60000000000001,22.7,15.97,172.0,33.35,149.3,28.86,33.33,33.85,91.0,15.8,58.0,99.80000000000001,242.0,2900.0,1.55,36.75,14.91,6.96,36.03,29.03,0.0,243.0,1200.0
35582.342,0.0,140.0,90.4,22.69,16.05,172.0,33.35,152.20000000000002,28.98,33.39,33.75,92.0,15.600000000000001,57.7,100.0,243.0,2902.0,1.51,36.85,14.94,6.96,36.08,29.05,1.0,242.0,1200.0
35642.342,0.0,140.0,90.60000000000001,22.66,15.98,172.5,33.45,149.3,28.86,33.42,33.800000000000004,92.5,15.700000000000001,57.900000000000006,100.0,245.0,2897.0,1.44,36.95,14.93,7.0,35.910000000000004,29.0,1.0,246.5,1200.0
35702.342,0.0,140.0,90.7,22.72,16.03,171.5,33.45,152.6,28.92,33.3,33.7,91.0,15.75,57.7,99.60000000000001,241.0,2899.0,1.45,36.95,14.99,6.96,36.02,29.060000000000002,0.0,241.5,1200.0
35762.342,0.0,140.0,90.9,22.69,16.01,171.5,33.2,150.3,28.990000000000002,33.32,33.75,92.5,15.700000000000001,57.6,100.0,240.0,2897.0,1.48,36.800000000000004,15.08,7.07,36.08,28.98,0.0,236.5,1200.0
35822.342,0.0,140.0,91.9,22.81,15.97,170.5,33.4,151.8,28.94,33.37,33.9,92.5,15.700000000000001,57.5,99.60000000000001,244.0,2894.0,1.51,36.800000000000004,14.96,7.0,35.96,28.92,1.0,240.0,1200.0
35882.341,0.0,140.0,89.4,22.71,16.01,171.0,33.300000000000004,152.3,28.990000000000002,33.28,33.800000000000004,94.5,15.600000000000001,58.2,99.60000000000001,240.0,2895.0,1.49,36.9,15.0,7.0,35.980000000000004,29.05,1.0,235.0,1200.0
35942.341,0.0,140.0,90.0,22.69,16.1,171.5,33.35,151.9,29.01,33.33,33.800000000000004,93.5,15.65,57.300000000000004,99.80000000000001,244.0,2893.0,1.49,36.65,14.950000000000001,6.97,36.050000000000004,29.03,0.0,237.0,1200.0
36002.341,0.0,140.0,89.60000000000001,22.68,16.0,171.5,33.45,150.0,28.990000000000002,33.27,33.85,92.0,15.700000000000001,57.5,99.80000000000001,243.0,2895.0,1.34,36.75,15.01,7.0,35.980000000000004,28.95,0.0,238.0,1200.0
36062.341,0.0,140.0,91.0,22.61,15.99,172.5,33.45,152.9,28.990000000000002,33.18,33.75,92.0,15.600000000000001,57.2,99.60000000000001,244.5,2890.0,1.24,36.75,14.99,6.96,36.03,29.07,0.0,236.0,1200.0
36122.341,0.0,140.0,89.10000000000001,22.650000000000002,15.9,172.0,33.550000000000004,151.6,28.95,33.19,33.9,94.0,15.65,57.400000000000006,99.7,243.0,2893.0,1.23,36.85,14.99,6.99,36.050000000000004,29.01,1.0,238.5,1200.0
36182.341,0.0,140.0,89.7,22.61,16.03,171.0,33.45,150.9,28.97,33.31,33.9,92.5,15.8,57.5,100.0,239.0,2894.0,1.49,36.800000000000004,15.0,6.95,36.01,28.95,1.0,236.0,1200.0
36242.341,0.0,140.0,91.4,22.67,16.05,171.0,33.25,151.1,28.84,33.230000000000004,33.85,94.0,15.75,57.7,100.0,238.5,2889.0,1.35,36.75,14.97,7.05,35.99,29.05,0.0,241.0,1200.0
36302.34,0.0,140.0,91.9,22.69,15.99,171.5,33.35,152.6,28.97,33.25,33.7,94.0,15.850000000000001,57.7,99.60000000000001,239.0,2894.0,1.48,36.75,15.030000000000001,7.0,35.96,28.97,0.0,238.0,1200.0
36362.34,0.0,140.0,90.7,22.7,15.96,169.5,33.25,150.5,28.93,33.32,33.800000000000004,92.0,15.75,57.800000000000004,99.9,238.5,2890.0,1.3,36.75,15.0,6.98,36.08,28.990000000000002,0.0,235.5,1200.0
36422.34,0.0,140.0,92.4,22.72,15.99,171.0,33.300000000000004,152.3,28.990000000000002,33.21,33.75,92.0,15.8,57.800000000000004,100.0,242.0,2887.0,1.33,36.75,14.96,7.0600000000000005,36.13,29.0,0.0,239.0,1200.0
36482.34,0.0,140.0,91.9,22.68,15.98,171.0,33.25,151.3,28.95,33.21,33.85,92.0,15.700000000000001,57.6,100.0,239.0,2889.0,1.37,36.7,15.040000000000001,7.04,36.06,28.96,0.0,241.5,1200.0
36542.34,0.0,140.0,91.80000000000001,22.6,16.04,172.0,33.300000000000004,151.4,28.88,33.29,33.75,93.5,15.75,57.1,99.7,240.5,2888.0,1.43,36.6,14.96,6.97,35.980000000000004,28.97,0.0,240.0,1200.0
36602.34,0.0,140.0,91.60000000000001,22.650000000000002,16.01,172.0,33.25,150.8,28.89,33.27,33.85,93.0,15.75,57.7,100.0,236.0,2891.0,1.41,36.75,15.01,7.01,35.9,29.07,1.0,235.0,1200.0
36662.34,0.0,140.0,90.9,22.66,16.05,169.5,33.4,151.8,28.900000000000002,33.160000000000004,33.65,93.5,15.55,57.7,100.0,236.0,2884.0,1.51,36.7,15.040000000000001,7.07,36.09,28.990000000000002,2.0,243.5,1200.0
36722.339,0.0,140.0,91.4,22.62,15.93,171.5,33.300000000000004,152.4,28.89,33.230000000000004,33.75,96.0,15.65,57.2,100.0,237.5,2889.0,1.43,36.550000000000004,14.94,6.99,36.02,28.93,0.0,238.5,1200.0
36782.339,0.0,140.0,89.4,22.6,16.01,169.5,33.4,150.6,28.86,33.26,33.75,94.5,15.600000000000001,57.2,99.7,242.5,2879.0,1.21,36.6,14.99,7.04,35.96,29.04,1.0,233.0,1200.0
36842.339,0.0,140.0,92.2,22.63,16.05,169.5,33.25,152.20000000000002,28.87,33.13,33.75,91.5,15.850000000000001,57.1,100.0,238.5,2885.0,1.27,36.7,14.98,6.99,36.0,28.990000000000002,0.0,237.5,1200.0
36902.339,0.0,140.0,90.7,22.64,16.05,168.0,33.35,151.5,28.93,33.24,33.75,92.0,15.65,57.800000000000004,99.7,240.5,2878.0,1.41,36.550000000000004,15.030000000000001,7.03,36.0,28.98,0.0,237.0,1200.0
36962.339,0.0,140.0,90.60000000000001,22.68,16.07,171.0,33.25,151.4,28.79,33.160000000000004,33.65,93.5,15.75,57.5,100.0,239.0,2881.0,1.32,36.6,14.98,7.05,36.07,29.04,0.0,237.5,1200.0
37022.339,0.0,140.0,90.30000000000001,22.7,16.05,170.5,33.45,149.70000000000002,28.830000000000002,33.1,33.65,94.0,15.75,57.800000000000004,100.0,238.0,2884.0,1.62,36.65,14.97,6.92,35.93,28.96,1.0,241.0,1200.0
37082.339,0.0,140.0,90.7,22.67,15.98,168.5,33.35,151.0,28.82,33.12,33.6,92.5,15.700000000000001,58.1,100.0,239.5,2881.0,1.41,36.6,14.950000000000001,6.98,35.95,29.04,0.0,241.0,1200.0
37142.338,0.0,140.0,91.30000000000001,22.72,15.84,168.5,33.35,152.6,28.76,33.11,33.65,91.5,15.8,58.0,100.0,234.5,2883.0,1.37,36.7,14.89,6.99,36.07,29.04,1.0,237.0,1200.0
37202.338,0.0,140.0,90.9,22.63,16.02,172.5,33.4,151.20000000000002,28.740000000000002,33.07,33.800000000000004,95.0,15.600000000000001,58.300000000000004,100.0,237.0,2885.0,1.32,36.7,15.05,6.97,36.03,29.09,0.0,235.5,1200.0
37262.338,0.0,140.0,90.4,22.77,16.03,171.5,33.2,151.4,28.77,33.15,33.6,92.5,15.8,57.7,100.0,235.5,2880.0,1.33,36.6,14.98,7.01,35.95,29.0,1.0,239.0,1200.0
37322.338,0.0,140.0,91.10000000000001,22.7,16.02,170.0,33.35,152.1,28.76,33.12,33.65,94.0,15.55,57.900000000000006,100.0,238.0,2888.0,1.31,36.65,15.05,7.1000000000000005,36.07,28.96,0.0,234.0,1200.0
37382.338,0.0,140.0,90.80000000000001,22.72,15.98,171.0,33.300000000000004,151.20000000000002,28.84,33.17,33.5,91.5,15.700000000000001,58.0,99.7,241.0,2881.0,1.47,36.75,15.01,6.91,35.93,28.96,0.0,239.0,1200.0
37442.338,0.0,140.0,91.80000000000001,22.7,16.01,169.5,33.45,151.8,28.84,33.15,33.7,94.0,15.600000000000001,57.7,100.0,239.0,2886.0,1.5,36.65,15.0,7.0600000000000005,36.0,28.91,1.0,240.0,1200.0
37502.338,0.0,140.0,90.60000000000001,22.66,16.02,169.5,33.15,153.8,28.76,33.17,33.6,91.0,15.75,58.300000000000004,99.7,240.5,2883.0,1.48,36.550000000000004,14.950000000000001,7.03,36.01,28.990000000000002,0.0,240.5,1200.0
37562.337,0.0,140.0,90.5,22.75,15.92,170.5,33.2,150.70000000000002,28.89,33.11,33.550000000000004,91.0,15.75,57.7,99.80000000000001,236.5,2884.0,1.3900000000000001,36.6,15.0,7.03,36.01,28.98,1.0,240.0,1200.0
37622.337,0.0,140.0,88.80000000000001,22.71,15.950000000000001,171.5,33.25,153.0,28.88,33.18,33.75,92.0,15.600000000000001,58.400000000000006,100.0,237.5,2887.0,1.34,36.550000000000004,15.0,6.98,36.03,29.05,1.0,238.0,1200.0
37682.337,0.0,140.0,91.7,22.7,16.05,172.0,33.2,150.1,28.87,33.18,33.75,92.5,15.700000000000001,58.2,100.0,238.5,2883.0,1.45,36.5,15.08,7.01,35.97,29.03,0.0,237.5,1200.0
37742.337,0.0,140.0,91.30000000000001,22.69,15.98,170.0,33.300000000000004,150.20000000000002,28.77,33.19,33.7,91.5,15.65,58.300000000000004,100.0,239.5,2884.0,1.54,36.550000000000004,14.98,7.04,36.02,29.05,0.0,238.0,1200.0
37802.337,0.0,140.0,90.4,22.73,16.04,169.5,33.4,151.1,28.82,33.17,33.7,90.0,15.65,58.2,100.0,241.5,2882.0,1.31,36.7,15.06,6.890000000000001,35.980000000000004,28.990000000000002,2.0,237.0,1200.0
37862.337,0.0,140.0,93.30000000000001,22.71,15.93,170.5,33.45,151.0,28.85,33.17,33.65,94.0,15.600000000000001,58.0,99.60000000000001,242.0,2883.0,1.36,36.75,15.01,7.01,36.01,28.98,2.0,246.0,1200.0
37922.337,0.0,140.0,91.80000000000001,22.72,16.06,171.5,33.300000000000004,152.8,28.85,33.09,33.7,91.5,15.8,57.900000000000006,100.0,243.5,2886.0,1.46,36.65,14.97,7.11,35.95,29.09,2.0,241.5,1200.0
37982.337,0.0,140.0,92.30000000000001,22.66,15.84,171.0,33.45,151.6,28.810000000000002,33.17,33.6,93.5,15.850000000000001,57.800000000000004,99.80000000000001,242.0,2891.0,1.44,36.7,14.97,7.0,36.01,28.94,2.0,233.5,1200.0
38042.336,0.0,140.0,91.60000000000001,22.68,16.04,170.5,33.25,150.9,28.75,33.14,33.550000000000004,91.0,15.75,58.2,99.7,240.0,2887.0,1.43,36.6,14.98,6.95,36.03,28.95,1.0,235.0,1200.0
38102.336,0.0,140.0,91.30000000000001,22.69,15.99,170.5,33.300000000000004,151.6,28.75,33.19,33.7,92.5,15.65,58.0,100.0,238.5,2885.0,1.4000000000000001,36.65,14.94,7.03,36.07,28.990000000000002,0.0,243.0,1200.0
38162.336,0.0,140.0,91.9,22.67,16.04,171.0,33.300000000000004,151.3,28.86,33.11,33.6,94.0,15.5,57.6,100.0,244.5,2887.0,1.3800000000000001,36.65,14.96,6.96,36.04,28.96,1.0,240.0,1200.0
38222.336,0.0,140.0,90.80000000000001,22.72,16.01,171.0,33.4,152.0,28.8,33.1,33.65,93.5,15.75,58.300000000000004,99.7,237.5,2885.0,1.51,36.800000000000004,15.040000000000001,6.98,35.99,28.96,3.0,236.5,1200.0
38282.336,0.0,140.0,90.4,22.68,15.99,170.5,33.300000000000004,151.6,28.830000000000002,33.25,33.75,93.5,15.65,58.0,100.0,240.5,2891.0,1.34,36.6,14.98,6.97,36.02,29.01,0.0,239.5,1200.0
38342.336,0.0,140.0,88.9,22.7,15.950000000000001,170.5,33.4,150.3,28.86,33.22,33.6,92.5,15.600000000000001,58.1,100.0,237.0,2887.0,1.44,36.65,15.02,7.0,35.96,28.98,0.0,238.0,1200.0
38402.336,0.0,140.0,91.80000000000001,22.740000000000002,16.02,171.0,33.25,149.5,28.85,33.18,33.5,92.5,15.65,57.800000000000004,99.9,240.5,2883.0,1.48,36.550000000000004,15.040000000000001,7.05,36.07,29.03,1.0,242.0,1200.0
38462.335,0.0,140.0,90.80000000000001,22.71,16.0,172.0,33.300000000000004,151.3,28.75,33.22,33.75,95.0,15.9,57.7,100.0,240.5,2886.0,1.51,36.65,15.01,6.91,36.08,29.04,0.0,239.5,1200.0
38522.335,0.0,140.0,90.2,22.740000000000002,16.01,169.5,33.35,152.3,28.91,33.25,33.65,91.5,15.65,57.300000000000004,99.60000000000001,236.0,2883.0,1.31,36.7,14.97,6.99,35.980000000000004,29.0,0.0,236.5,1200.0
38582.335,0.0,140.0,90.0,22.66,15.99,173.0,33.300000000000004,150.70000000000002,28.89,33.22,33.65,89.5,15.850000000000001,57.5,99.9,239.0,2889.0,1.4000000000000001,36.5,15.030000000000001,6.99,35.96,28.990000000000002,0.0,234.5,1200.0
38642.335,0.0,140.0,91.4,22.75,16.05,172.5,33.4,150.6,28.810000000000002,33.21,33.65,93.0,15.850000000000001,57.800000000000004,99.9,233.5,2890.0,1.48,36.7,15.08,7.0,35.99,29.04,2.0,245.0,1200.0
38702.335,0.0,140.0,92.30000000000001,22.72,15.99,170.5,33.25,151.3,28.84,33.17,33.75,91.0,15.700000000000001,57.300000000000004,100.0,236.0,2892.0,1.34,36.6,14.99,7.01,36.03,29.02,0.0,240.0,1200.0
38762.335,0.0,140.0,89.9,22.63,15.98,169.5,33.4,153.1,28.810000000000002,33.230000000000004,33.75,93.5,15.75,57.400000000000006,99.80000000000001,237.0,2893.0,1.6,36.6,14.98,6.95,36.02,29.05,0.0,242.0,1200.0
38822.335,0.0,140.0,90.4,22.67,15.97,168.0,33.2,151.0,28.830000000000002,33.11,33.85,92.0,15.700000000000001,57.2,100.0,241.0,2886.0,1.4000000000000001,36.6,14.97,7.05,36.07,29.03,0.0,237.5,1200.0
38882.335,0.0,140.0,91.2,22.580000000000002,16.0,172.5,33.35,151.20000000000002,28.93,33.21,33.75,91.0,15.75,57.6,99.80000000000001,243.0,2887.0,1.56,36.6,14.99,6.99,35.94,28.94,1.0,239.0,1200.0
38942.334,0.0,140.0,91.80000000000001,22.61,15.94,172.0,33.300000000000004,151.70000000000002,28.84,33.11,33.800000000000004,91.5,15.75,57.1,100.0,241.0,2887.0,1.49,36.65,14.99,6.97,35.99,29.09,0.0,239.0,1200.0
39002.334,0.0,140.0,90.4,22.63,15.9,173.0,33.300000000000004,150.6,28.87,33.3,33.75,91.5,15.700000000000001,57.300000000000004,99.80000000000001,239.0,2887.0,1.42,36.65,15.01,7.03,35.96,29.0,0.0,240.5,1200.0
39062.334,0.0,140.0,90.5,22.69,16.03,169.5,33.45,150.4,28.82,33.22,33.75,92.0,15.600000000000001,57.6,100.0,242.5,2888.0,1.49,36.65,14.97,7.0,35.96,28.97,1.0,242.5,1200.0
39122.334,0.0,140.0,91.60000000000001,22.650000000000002,15.92,171.5,33.25,150.8,28.82,33.11,33.7,93.0,15.65,57.6,100.0,232.5,2885.0,1.41,36.800000000000004,15.040000000000001,6.99,35.980000000000004,29.01,0.0,239.5,1200.0
39182.334,0.0,140.0,90.7,22.7,16.03,171.5,33.4,152.20000000000002,28.8,33.14,33.800000000000004,95.0,15.75,58.0,99.9,242.5,2882.0,1.37,36.65,15.07,6.91,36.01,29.01,2.0,236.0,1200.0
39242.334,0.0,140.0,90.60000000000001,22.650000000000002,16.01,171.5,33.300000000000004,151.8,28.740000000000002,33.160000000000004,33.800000000000004,93.5,15.75,57.5,99.9,239.0,2881.0,1.43,36.65,15.05,7.0,36.0,29.03,1.0,236.0,1200.0
39302.334,0.0,140.0,91.60000000000001,22.7,16.04,172.0,33.2,152.8,28.830000000000002,33.160000000000004,33.7,92.0,15.75,57.6,99.4,235.5,2884.0,1.31,36.45,15.0,7.03,35.92,29.02,1.0,238.5,1200.0
39362.333,0.0,140.0,92.80000000000001,22.740000000000002,16.01,172.5,33.2,152.3,28.89,33.18,33.75,92.0,15.75,57.5,99.9,241.0,2883.0,1.23,36.5,14.93,7.03,36.04,29.05,0.0,240.5,1200.0
39422.333,0.0,140.0,91.80000000000001,22.61,16.02,169.0,33.25,150.20000000000002,28.8,33.2,33.800000000000004,94.0,15.8,58.0,99.80000000000001,241.5,2886.0,1.33,36.550000000000004,14.96,6.98,35.93,28.95,0.0,239.5,1200.0
39482.333,0.0,140.0,90.30000000000001,22.69,16.01,170.5,33.25,150.3,28.79,33.19,33.7,92.0,15.8,58.400000000000006,99.80000000000001,234.5,2884.0,1.35,36.5,14.99,6.99,36.04,28.94,2.0,233.5,1200.0
39542.333,0.0,140.0,91.10000000000001,22.67,15.96,170.5,33.25,153.3,28.77,33.13,33.6,90.0,15.850000000000001,58.1,99.7,235.5,2881.0,1.33,36.45,15.01,7.0600000000000005,36.07,29.060000000000002,1.0,237.5,1200.0
39602.333,0.0,140.0,89.5,22.75,16.06,170.5,33.15,151.0,28.8,33.11,33.7,95.0,15.75,57.800000000000004,100.0,240.5,2889.0,1.26,36.6,15.01,7.0,36.02,29.02,1.0,235.0,1200.0
39662.333,0.0,140.0,90.30000000000001,22.69,15.93,172.5,33.25,151.0,28.8,33.160000000000004,33.65,91.0,15.850000000000001,57.400000000000006,99.80000000000001,237.5,2878.0,1.37,36.75,15.0,7.01,36.02,28.89,1.0,237.0,1200.0
39722.333,0.0,140.0,90.80000000000001,22.76,16.03,170.0,33.15,151.8,28.75,33.15,33.7,95.0,15.65,57.7,99.4,239.5,2885.0,1.4000000000000001,36.6,15.01,6.97,35.9,29.060000000000002,0.0,239.5,1200.0
39782.333,0.0,140.0,89.10000000000001,22.79,15.98,172.5,33.4,152.4,28.85,33.12,33.6,90.5,15.65,57.1,100.0,240.5,2887.0,1.51,36.7,15.01,7.04,35.980000000000004,29.03,2.0,239.5,1200.0
39842.332,0.0,140.0,91.5,22.85,16.03,172.0,33.300000000000004,151.8,28.78,33.19,33.800000000000004,91.5,15.75,57.7,99.80000000000001,238.0,2885.0,1.37,36.550000000000004,15.05,7.05,35.99,28.96,1.0,240.5,1200.0
39902.332,0.0,140.0,91.2,22.71,16.03,169.0,33.300000000000004,152.0,28.89,33.18,33.75,96.0,15.8,58.0,99.60000000000001,229.5,2886.0,1.23,36.75,15.01,6.99,36.04,29.11,1.0,239.0,1200.0
39962.332,0.0,140.0,92.0,22.67,15.93,171.5,33.4,150.1,28.86,33.15,33.75,94.0,15.600000000000001,57.7,100.0,237.0,2888.0,1.29,36.7,15.07,7.03,36.07,28.97,0.0,241.0,1200.0
40022.332,0.0,140.0,90.60000000000001,22.72,16.05,171.5,33.4,151.0,28.88,33.19,33.75,91.0,15.75,57.400000000000006,100.0,236.5,2892.0,1.55,36.65,15.06,7.01,35.99,29.03,0.0,239.0,1200.0
40082.332,0.0,140.0,90.5,22.7,16.05,172.0,33.25,152.0,28.85,33.230000000000004,33.6,94.0,15.75,57.6,99.4,241.0,2887.0,1.41,36.6,14.96,7.08,35.99,29.060000000000002,0.0,239.5,1200.0
40142.332,0.0,140.0,91.0,22.59,15.96,172.0,33.35,150.5,28.92,33.160000000000004,33.75,92.5,15.75,57.800000000000004,99.80000000000001,236.0,2889.0,1.28,36.6,15.02,7.0,36.06,29.01,1.0,238.0,1200.0
40202.332,0.0,140.0,91.10000000000001,22.7,15.99,171.0,33.45,151.3,28.96,33.14,33.65,90.0,15.600000000000001,57.300000000000004,100.0,236.0,2895.0,1.36,36.6,15.030000000000001,7.0,36.01,29.0,0.0,241.0,1200.0
40262.332,0.0,140.0,89.30000000000001,22.650000000000002,15.93,172.0,33.25,152.0,28.98,33.29,33.65,93.0,15.75,57.0,100.0,233.5,2888.0,1.37,36.6,15.06,6.96,36.07,29.04,2.0,235.5,1200.0
40322.331,0.0,140.0,91.5,22.69,16.01,172.5,33.25,150.3,28.810000000000002,33.27,33.6,89.5,15.700000000000001,57.400000000000006,100.0,237.0,2884.0,1.45,36.45,15.0,7.03,36.01,28.990000000000002,0.0,241.0,1200.0
40382.331,0.0,140.0,91.7,22.62,15.94,169.5,33.2,151.6,28.92,33.160000000000004,33.75,92.0,15.55,57.6,100.0,242.5,2885.0,1.46,36.7,15.030000000000001,7.0200000000000005,35.97,29.01,0.0,238.5,1200.0
40442.331,0.0,140.0,90.7,22.650000000000002,15.98,172.0,33.45,153.20000000000002,28.79,33.2,33.800000000000004,93.0,15.700000000000001,57.6,100.0,241.5,2886.0,1.22,36.6,15.0,6.98,36.050000000000004,28.990000000000002,3.0,235.5,1200.0
40502.331,0.0,140.0,91.2,22.61,16.02,171.5,33.35,152.6,28.92,33.24,33.65,93.0,15.75,57.800000000000004,100.0,241.5,2888.0,1.5,36.550000000000004,15.0,7.0200000000000005,35.980000000000004,29.080000000000002,0.0,236.0,1200.0
40562.331,0.0,140.0,91.5,22.73,16.04,171.0,33.2,150.8,28.87,33.14,33.7,92.0,15.8,57.7,99.9,241.0,2882.0,1.3,36.550000000000004,15.08,6.98,36.03,29.04,0.0,238.5,1200.0
40622.331,0.0,140.0,91.10000000000001,22.69,15.99,171.5,33.25,151.70000000000002,28.88,33.21,33.6,93.0,15.75,57.0,100.0,240.0,2886.0,1.34,36.7,14.99,7.01,36.06,28.87,3.0,240.5,1200.0
40682.331,0.0,140.0,91.4,22.75,15.99,174.0,33.35,150.3,28.830000000000002,33.2,33.75,92.5,15.700000000000001,57.2,99.9,238.5,2889.0,1.35,36.5,14.97,7.01,36.050000000000004,28.94,0.0,242.0,1200.0
40742.331,0.0,140.0,91.5,22.8,15.92,171.0,33.45,150.9,28.88,33.24,33.7,92.0,15.75,57.800000000000004,100.0,239.5,2885.0,1.34,36.6,15.01,6.96,36.03,29.05,1.0,233.5,1200.0
40802.33,0.0,140.0,92.30000000000001,22.69,16.01,172.5,33.300000000000004,152.20000000000002,28.91,33.15,33.6,93.5,15.700000000000001,58.2,100.0,236.5,2887.0,1.31,36.550000000000004,14.98,6.99,36.01,28.990000000000002,1.0,240.0,1200.0
40862.33,0.0,140.0,91.0,22.71,16.03,172.5,33.300000000000004,151.8,28.84,33.2,33.85,91.5,15.8,57.5,99.2,237.0,2890.0,1.37,36.6,14.98,7.0,36.08,29.01,1.0,240.0,1200.0
40922.33,0.0,140.0,92.4,22.650000000000002,15.96,170.5,33.4,151.8,28.76,33.11,33.7,90.5,15.850000000000001,57.900000000000006,100.0,242.0,2889.0,1.46,36.65,15.08,6.98,36.03,28.97,0.0,237.0,1200.0
40982.33,0.0,140.0,88.60000000000001,22.63,16.04,170.0,33.4,151.5,28.87,33.29,33.7,90.5,15.8,57.7,100.0,240.0,2890.0,1.45,36.65,15.07,6.99,35.96,28.98,2.0,236.5,1200.0
41042.33,0.0,140.0,89.80000000000001,22.72,15.99,169.5,33.300000000000004,150.6,28.86,33.26,33.65,91.0,15.8,58.1,100.0,246.0,2889.0,1.46,36.7,14.97,7.0,36.04,28.97,0.0,243.0,1200.0
41102.33,0.0,140.0,91.4,22.69,15.96,172.0,33.4,151.70000000000002,28.810000000000002,33.2,33.6,90.0,15.75,57.300000000000004,100.0,238.5,2885.0,1.48,36.550000000000004,14.97,7.04,36.01,29.05,3.0,239.5,1200.0
41162.33,0.0,140.0,90.60000000000001,22.64,15.91,171.5,33.2,150.1,28.88,33.2,33.65,93.5,15.75,57.400000000000006,100.0,243.5,2886.0,1.31,36.7,14.98,7.07,36.03,29.03,2.0,241.5,1200.0
41222.33,0.0,140.0,91.7,22.67,15.98,171.5,33.4,151.9,28.830000000000002,33.18,33.800000000000004,93.5,15.700000000000001,57.6,99.9,238.5,2884.0,1.19,36.65,14.97,6.96,35.93,28.94,0.0,237.5,1200.0
41282.329,0.0,140.0,91.30000000000001,22.62,16.01,170.5,33.300000000000004,151.4,28.86,33.160000000000004,33.65,92.5,15.65,57.900000000000006,100.0,237.0,2888.0,1.55,36.7,14.96,6.96,36.050000000000004,29.09,0.0,238.0,1200.0
41342.329,0.0,140.0,91.7,22.66,15.96,169.5,33.35,151.20000000000002,28.78,33.21,33.6,92.0,15.700000000000001,57.6,100.0,240.0,2886.0,1.41,36.550000000000004,14.94,7.01,36.02,29.04,0.0,235.0,1200.0
41402.329,0.0,140.0,89.9,22.6,16.02,171.5,33.300000000000004,149.8,28.94,33.14,33.65,91.5,15.55,57.400000000000006,99.80000000000001,233.5,2883.0,1.34,36.7,15.01,6.99,36.06,28.95,1.0,236.0,1200.0
41462.329,0.0,140.0,90.5,22.64,15.950000000000001,172.0,33.300000000000004,150.3,28.85,33.160000000000004,33.65,94.5,15.700000000000001,57.300000000000004,99.7,237.0,2886.0,1.43,36.550000000000004,14.96,6.890000000000001,36.0,28.96,1.0,236.0,1200.0
41522.329,0.0,140.0,92.2,22.66,15.99,170.0,33.300000000000004,151.3,28.79,33.17,33.65,94.5,15.850000000000001,57.1,100.0,233.5,2885.0,1.46,36.5,15.02,7.0600000000000005,35.96,29.0,2.0,238.5,1200.0
41582.329,0.0,140.0,90.30000000000001,22.68,15.96,172.0,33.25,152.70000000000002,28.78,33.22,33.75,93.0,15.75,57.400000000000006,100.0,237.5,2882.0,1.3,36.7,15.040000000000001,7.07,35.910000000000004,28.95,0.0,243.5,1200.0
41642.329,0.0,140.0,91.2,22.7,16.01,174.0,33.15,151.5,28.82,33.160000000000004,33.7,94.0,15.75,57.300000000000004,100.0,236.5,2884.0,1.32,36.45,14.97,6.98,35.980000000000004,28.94,2.0,238.0,1200.0
41702.329,0.0,140.0,91.4,22.59,15.99,170.0,33.300000000000004,151.9,28.85,33.11,33.7,91.0,15.600000000000001,57.6,100.0,241.0,2879.0,1.44,36.5,15.02,7.01,35.99,29.0,1.0,235.5,1200.0
41762.328,0.0,140.0,89.60000000000001,22.67,16.01,169.0,33.2,150.1,28.88,33.14,33.75,91.5,15.850000000000001,57.6,99.9,240.0,2883.0,1.3,36.65,14.97,6.97,36.01,29.0,1.0,236.0,1200.0
41822.328,0.0,140.0,91.10000000000001,22.69,15.96,170.0,33.35,150.5,28.84,33.07,33.65,90.5,15.700000000000001,57.6,100.0,237.5,2882.0,1.18,36.6,15.05,7.0,35.95,29.0,4.0,238.0,1200.0
41882.328,0.0,140.0,90.60000000000001,22.75,15.97,172.0,33.25,151.8,28.650000000000002,33.19,33.65,92.5,15.65,57.5,100.0,239.0,2886.0,1.46,36.6,15.0,6.97,36.050000000000004,29.060000000000002,2.0,238.5,1200.0
41942.328,0.0,140.0,92.30000000000001,22.62,15.97,170.5,33.35,150.9,28.82,33.230000000000004,33.800000000000004,92.5,15.65,58.0,100.0,236.0,2886.0,1.4000000000000001,36.45,15.0,6.95,36.09,29.01,1.0,237.5,1200.0
42002.328,0.0,140.0,89.60000000000001,22.66,15.97,172.0,33.35,153.20000000000002,28.84,33.13,33.65,93.0,15.75,58.0,100.0,239.0,2878.0,1.46,36.75,14.950000000000001,7.0,36.07,29.04,0.0,240.5,1200.0
42062.328,0.0,140.0,89.0,22.62,16.0,171.0,33.2,150.1,28.87,33.08,33.6,91.5,15.75,57.6,100.0,236.0,2883.0,1.48,36.6,14.97,7.01,35.99,28.98,1.0,235.0,1200.0
42122.328,0.0,140.0,92.9,22.64,16.04,172.0,33.4,150.5,28.77,33.22,33.7,92.5,15.65,57.7,99.5,237.0,2884.0,1.47,36.6,15.05,6.95,36.08,29.04,0.0,233.0,1200.0
42182.328,0.0,140.0,93.0,22.63,15.92,169.5,33.2,151.9,28.88,33.12,33.800000000000004,92.5,15.850000000000001,57.2,100.0,234.0,2889.0,1.3900000000000001,36.6,14.99,7.05,36.02,28.92,0.0,238.0,1200.0
42242.328,0.0,140.0,90.7,22.64,15.870000000000001,168.0,33.25,151.3,28.900000000000002,33.22,33.75,93.0,15.600000000000001,58.1,99.80000000000001,237.5,2886.0,1.49,36.6,15.030000000000001,7.0,36.02,28.97,1.0,240.5,1200.0
42302.327,0.0,140.0,91.60000000000001,22.63,15.98,171.5,33.300000000000004,151.9,28.85,33.14,33.6,94.5,15.600000000000001,58.1,99.60000000000001,236.5,2884.0,1.57,36.6,14.99,7.0600000000000005,35.89,29.03,0.0,239.5,1200.0
42362.327,0.0,140.0,91.2,22.580000000000002,16.03,171.5,33.2,152.20000000000002,28.85,33.19,33.7,92.5,15.850000000000001,57.400000000000006,99.80000000000001,239.0,2883.0,1.33,36.45,15.05,7.0200000000000005,35.99,28.98,1.0,241.0,1200.0
42422.327,0.0,140.0,89.80000000000001,22.68,15.97,170.5,33.25,152.4,28.79,33.22,33.800000000000004,92.0,15.65,57.5,99.80000000000001,236.0,2885.0,1.32,36.65,15.05,6.96,36.03,29.02,0.0,240.5,1200.0
42482.327,0.0,140.0,91.80000000000001,22.62,15.9,170.0,33.25,149.9,28.88,33.09,33.7,93.5,15.600000000000001,57.5,99.9,237.0,2876.0,1.48,36.65,15.06,7.04,35.93,29.0,5.0,239.0,1200.0
42542.327,0.0,140.0,91.5,22.67,15.98,170.0,33.2,151.6,28.89,33.2,33.7,92.0,15.700000000000001,57.900000000000006,99.80000000000001,234.5,2881.0,1.3900000000000001,36.7,15.05,7.01,35.9,28.98,0.0,236.0,1200.0
42602.327,0.0,140.0,91.80000000000001,22.64,16.0,171.0,33.15,151.5,28.79,33.09,33.7,93.5,15.8,57.5,99.7,235.5,2879.0,1.51,36.550000000000004,14.97,7.01,35.92,29.01,0.0,236.0,1200.0
42662.327,0.0,140.0,90.0,22.67,15.96,170.0,33.35,151.4,28.75,33.19,33.6,93.5,15.75,57.300000000000004,99.80000000000001,236.0,2881.0,1.33,36.65,14.98,7.03,35.94,29.060000000000002,0.0,234.5,1200.0
42722.327,0.0,140.0,92.30000000000001,22.62,16.03,170.5,33.35,151.1,28.85,33.11,33.7,89.5,15.65,57.400000000000006,100.0,233.0,2883.0,1.31,36.6,15.05,6.97,36.01,28.95,4.0,237.0,1200.0
42782.326,0.0,140.0,92.0,22.76,16.03,169.0,33.2,153.4,28.97,33.1,33.7,92.5,15.600000000000001,57.400000000000006,99.7,240.5,2875.0,1.47,36.550000000000004,15.0,7.0600000000000005,35.97,29.09,0.0,233.5,1200.0
42842.326,0.0,140.0,91.4,22.73,15.99,170.5,33.25,150.0,28.8,33.1,33.550000000000004,92.0,15.850000000000001,57.7,99.80000000000001,238.5,2879.0,1.34,36.5,15.02,7.0200000000000005,35.94,28.96,0.0,239.5,1200.0
42902.326,0.0,140.0,91.9,22.64,16.05,169.5,33.35,151.5,28.89,33.1,33.45,91.5,15.75,57.7,99.80000000000001,237.0,2879.0,1.44,36.7,14.98,7.0,36.06,29.01,0.0,231.5,1200.0
42962.326,0.0,140.0,92.5,22.67,16.01,171.0,33.2,152.0,28.75,33.12,33.75,92.5,15.65,58.1,100.0,236.5,2879.0,1.32,36.5,15.040000000000001,6.9,36.06,28.98,1.0,236.0,1200.0
43022.326,0.0,140.0,91.5,22.64,16.080000000000002,170.0,33.45,151.8,28.85,33.160000000000004,33.550000000000004,94.0,15.65,57.7,100.0,237.0,2885.0,1.33,36.550000000000004,15.05,7.0200000000000005,35.96,28.97,0.0,240.0,1200.0
43082.326,0.0,140.0,90.60000000000001,22.7,15.97,170.5,33.300000000000004,152.8,28.8,33.19,33.5,93.0,15.8,57.800000000000004,100.0,235.0,2884.0,1.37,36.6,14.950000000000001,7.07,35.93,28.95,0.0,235.5,1200.0
43142.326,0.0,140.0,90.2,22.68,16.05,172.0,33.300000000000004,151.4,28.75,33.05,33.75,92.5,15.8,57.5,100.0,240.0,2880.0,1.42,36.45,14.91,7.0200000000000005,36.01,28.96,2.0,235.0,1200.0
43202.326,0.0,140.0,91.9,22.73,16.03,170.5,33.2,151.20000000000002,28.82,33.2,33.550000000000004,95.0,15.700000000000001,57.300000000000004,99.5,241.5,2878.0,1.5,36.5,15.0,7.05,36.06,29.03,0.0,237.0,1200.0
43262.326,0.0,140.0,90.10000000000001,22.72,15.96,171.0,33.25,151.3,28.830000000000002,33.1,33.7,91.5,15.8,57.800000000000004,99.9,237.5,2885.0,1.46,36.5,14.98,6.99,35.93,29.01,0.0,235.0,1200.0
43322.325,0.0,140.0,92.10000000000001,22.62,15.950000000000001,170.5,33.300000000000004,151.20000000000002,28.830000000000002,33.160000000000004,33.7,92.5,15.700000000000001,57.6,100.0,239.0,2882.0,1.3,36.550000000000004,14.99,6.99,35.95,29.0,0.0,239.0,1200.0
43382.325,0.0,140.0,90.10000000000001,22.63,16.04,172.0,33.15,151.1,28.78,33.12,33.65,94.0,15.75,57.7,100.0,237.5,2879.0,1.48,36.45,15.08,6.99,35.94,29.150000000000002,1.0,235.0,1200.0
43442.325,0.0,140.0,91.2,22.69,15.950000000000001,170.5,33.1,152.1,28.82,33.0,33.5,90.0,15.8,57.400000000000006,99.7,239.0,2883.0,1.43,36.4,15.05,6.96,35.99,28.900000000000002,0.0,236.5,1200.0
43502.325,0.0,140.0,91.10000000000001,22.650000000000002,16.05,171.5,33.15,150.9,28.810000000000002,33.07,33.75,95.0,15.700000000000001,57.900000000000006,100.0,236.0,2878.0,1.46,36.550000000000004,15.05,6.98,36.02,28.94,0.0,238.0,1200.0
43562.325,0.0,140.0,90.80000000000001,22.66,16.04,171.0,33.0,152.4,28.810000000000002,33.19,33.550000000000004,93.5,15.600000000000001,58.0,99.7,241.0,2877.0,1.32,36.6,15.01,6.96,36.050000000000004,28.95,1.0,238.0,1200.0
43622.325,0.0,140.0,91.60000000000001,22.72,15.98,171.0,33.300000000000004,151.20000000000002,28.8,33.11,33.75,90.5,15.850000000000001,58.1,100.0,236.5,2875.0,1.45,36.6,14.98,7.01,36.0,28.96,0.0,232.5,1200.0
43682.325,0.0,140.0,90.9,22.67,15.91,170.5,33.25,152.1,28.85,33.06,33.6,93.0,15.700000000000001,57.800000000000004,100.0,240.0,2880.0,1.3800000000000001,36.65,14.99,7.0200000000000005,36.04,29.04,0.0,235.5,1200.0
43742.325,0.0,140.0,90.4,22.61,15.99,171.5,33.2,151.4,28.810000000000002,33.04,33.5,92.0,15.700000000000001,57.5,100.0,236.0,2872.0,1.25,36.65,15.01,6.94,36.02,28.97,2.0,236.5,1200.0
43802.324,0.0,140.0,91.5,22.71,16.0,171.0,33.2,152.5,28.76,33.08,33.550000000000004,93.5,15.75,57.900000000000006,99.4,236.0,2876.0,1.3800000000000001,36.5,14.97,6.99,35.980000000000004,29.05,3.0,239.5,1200.0
43862.324,0.0,140.0,89.9,22.67,16.0,172.0,33.050000000000004,152.0,28.76,33.07,33.65,90.0,15.700000000000001,57.6,99.80000000000001,236.0,2877.0,1.31,36.550000000000004,15.0,7.04,36.04,28.93,1.0,236.0,1200.0
43922.324,0.0,140.0,90.2,22.650000000000002,16.07,168.5,33.2,150.70000000000002,28.76,33.02,33.6,94.0,15.700000000000001,58.2,100.0,238.0,2880.0,1.34,36.5,15.08,6.94,35.910000000000004,29.02,1.0,238.0,1200.0
43982.324,0.0,140.0,89.2,22.66,15.96,170.0,33.2,151.20000000000002,28.7,33.01,33.550000000000004,90.5,15.850000000000001,58.1,99.7,234.0,2879.0,1.31,36.550000000000004,14.98,6.93,35.9,28.990000000000002,0.0,238.0,1200.0
44042.324,0.0,140.0,90.10000000000001,22.64,15.96,170.5,33.15,152.3,28.77,33.12,33.65,92.5,15.600000000000001,58.2,100.0,234.5,2883.0,1.59,36.550000000000004,14.98,7.01,36.07,28.96,0.0,240.0,1200.0
44102.324,0.0,140.0,92.0,22.66,16.02,170.5,33.15,150.5,28.8,32.99,33.5,93.5,15.8,58.2,99.7,236.0,2871.0,1.33,36.550000000000004,14.93,6.96,35.95,28.97,0.0,236.0,1200.0
44162.324,0.0,140.0,90.80000000000001,22.64,15.950000000000001,171.0,33.45,151.9,28.75,33.08,33.6,95.0,15.600000000000001,58.1,100.0,237.5,2882.0,1.43,36.5,14.99,6.96,35.97,28.98,0.0,239.5,1200.0
44222.324,0.0,140.0,90.9,22.7,16.0,170.0,33.0,151.8,28.75,33.14,33.7,93.0,15.700000000000001,58.0,100.0,239.0,2881.0,1.55,36.4,14.96,6.99,36.0,29.02,0.0,237.0,1200.0
44282.324,0.0,140.0,90.2,22.64,15.94,170.0,33.050000000000004,150.3,28.77,33.1,33.550000000000004,91.0,15.600000000000001,57.800000000000004,100.0,243.5,2879.0,1.25,36.4,14.98,6.98,36.13,28.990000000000002,1.0,240.0,1200.0
44342.323,0.0,140.0,91.0,22.66,15.93,173.0,33.300000000000004,150.9,28.77,33.08,33.6,92.0,15.75,58.0,100.0,241.0,2880.0,1.33,36.550000000000004,14.97,6.93,35.980000000000004,29.080000000000002,0.0,238.0,1200.0
44402.323,0.0,140.0,92.5,22.69,16.0,172.0,33.15,152.3,28.77,33.14,33.65,90.0,15.9,58.300000000000004,100.0,236.5,2888.0,1.3800000000000001,36.45,14.950000000000001,7.0,36.0,29.0,0.0,237.0,1200.0
44462.323,0.0,140.0,90.60000000000001,22.69,15.9,170.0,33.15,151.6,28.79,33.24,33.65,92.5,15.600000000000001,57.900000000000006,99.7,235.5,2880.0,1.3900000000000001,36.65,15.01,7.04,35.9,29.060000000000002,3.0,238.0,1200.0
44522.323,0.0,140.0,90.7,22.69,16.02,170.5,33.300000000000004,152.5,28.75,33.07,33.7,92.0,15.850000000000001,57.800000000000004,99.9,239.0,2885.0,1.33,36.7,14.98,7.09,35.99,28.98,0.0,240.5,1200.0
44582.323,0.0,140.0,91.5,22.72,16.080000000000002,169.5,33.25,150.3,28.79,33.15,33.6,93.5,15.65,58.1,100.0,238.5,2886.0,1.47,36.550000000000004,15.0,6.96,35.96,28.92,0.0,238.0,1200.0
44642.323,0.0,140.0,90.30000000000001,22.71,16.01,170.5,33.45,150.8,28.82,33.14,33.75,93.0,15.65,58.0,99.9,237.5,2890.0,1.44,36.65,14.99,7.04,36.02,29.03,0.0,237.5,1200.0
44702.323,0.0,140.0,90.60000000000001,22.61,15.96,168.5,33.300000000000004,153.20000000000002,28.76,33.17,33.6,95.5,15.8,57.900000000000006,100.0,237.5,2884.0,1.3900000000000001,36.5,14.93,6.95,36.01,28.95,0.0,235.0,1200.0
44762.323,0.0,140.0,89.60000000000001,22.72,16.07,171.5,33.300000000000004,152.9,28.91,33.07,33.800000000000004,92.5,15.8,58.2,100.0,241.0,2888.0,1.3800000000000001,36.5,15.02,7.07,35.9,29.080000000000002,2.0,237.5,1200.0
44822.323,0.0,140.0,91.30000000000001,22.69,15.98,172.0,33.300000000000004,151.5,28.79,33.12,33.800000000000004,90.5,15.850000000000001,57.800000000000004,100.0,244.5,2887.0,1.45,36.550000000000004,15.01,7.0,36.03,28.93,1.0,239.0,1200.0
44882.322,0.0,140.0,91.80000000000001,22.64,15.94,171.0,33.25,150.1,28.8,33.15,33.9,92.5,15.75,58.0,100.0,240.0,2890.0,1.46,36.6,14.97,6.97,35.96,29.03,0.0,237.0,1200.0
44942.322,0.0,140.0,89.5,22.7,16.04,170.5,33.35,149.6,28.82,33.15,33.75,93.5,15.65,58.0,99.9,238.0,2888.0,1.51,36.65,15.01,7.04,35.97,28.97,0.0,238.5,1200.0
45002.322,0.0,140.0,91.30000000000001,22.72,15.97,172.0,33.25,150.0,28.84,33.160000000000004,33.75,92.0,15.75,58.300000000000004,99.80000000000001,239.0,2889.0,1.41,36.550000000000004,15.0,7.0200000000000005,36.01,29.0,0.0,240.0,1200.0
45062.322,0.0,140.0,91.30000000000001,22.64,15.99,172.0,33.4,152.4,28.84,33.18,33.65,92.5,15.75,57.7,100.0,242.0,2894.0,1.35,36.7,14.97,6.98,36.03,29.080000000000002,0.0,238.0,1200.0
45122.322,0.0,140.0,90.80000000000001,22.7,15.94,172.0,33.35,150.8,28.89,33.2,33.65,92.5,15.55,57.900000000000006,100.0,236.0,2886.0,1.3800000000000001,36.65,14.98,6.99,36.0,28.98,0.0,237.5,1200.0
45182.322,0.0,140.0,91.7,22.71,15.96,170.5,33.35,151.20000000000002,28.82,33.21,33.800000000000004,92.5,15.700000000000001,57.800000000000004,100.0,246.5,2893.0,1.3900000000000001,36.6,14.950000000000001,7.04,35.99,28.84,0.0,240.5,1200.0
45242.322,0.0,140.0,89.60000000000001,22.75,15.950000000000001,170.5,33.5,150.3,28.900000000000002,33.160000000000004,33.75,92.5,15.55,58.0,100.0,238.5,2888.0,1.32,36.75,15.040000000000001,6.93,35.99,29.01,0.0,236.5,1200.0
45302.322,0.0,140.0,91.60000000000001,22.72,15.96,171.5,33.2,151.0,28.85,33.14,33.75,95.0,15.55,58.1,100.0,237.5,2882.0,1.35,36.6,14.99,7.0,36.06,28.97,0.0,237.5,1200.0
45362.322,0.0,140.0,90.30000000000001,22.7,15.94,172.0,33.2,150.1,28.79,33.18,33.85,92.5,15.8,58.6,99.60000000000001,239.5,2886.0,1.54,36.65,15.02,6.98,35.980000000000004,29.060000000000002,2.0,239.5,1200.0
45422.321,0.0,140.0,88.9,22.7,16.05,169.5,33.45,151.8,28.79,33.15,33.7,94.0,15.700000000000001,57.5,100.0,239.5,2886.0,1.4000000000000001,36.65,14.98,6.99,36.03,29.04,0.0,236.5,1200.0
45482.321,0.0,140.0,92.10000000000001,22.69,16.04,171.0,33.300000000000004,151.20000000000002,28.78,33.1,33.7,92.5,15.8,57.6,99.9,239.0,2886.0,1.3800000000000001,36.65,15.030000000000001,7.07,36.0,28.92,1.0,243.0,1200.0
45542.321,0.0,140.0,91.9,22.66,16.09,170.0,33.300000000000004,152.1,28.830000000000002,33.09,33.7,93.0,15.700000000000001,57.800000000000004,100.0,238.0,2886.0,1.4000000000000001,36.6,14.99,6.92,36.0,29.02,0.0,238.5,1200.0
45602.321,0.0,140.0,91.5,22.68,16.03,171.5,33.300000000000004,151.6,28.8,33.2,33.6,92.0,15.8,57.7,100.0,236.5,2890.0,1.4000000000000001,36.6,15.0,7.0,35.94,29.03,0.0,239.0,1200.0
45662.321,0.0,140.0,91.80000000000001,22.73,16.01,170.5,33.1,150.70000000000002,28.73,33.05,33.6,93.0,15.700000000000001,57.800000000000004,99.80000000000001,239.0,2890.0,1.44,36.7,14.92,7.03,36.07,29.05,0.0,237.0,1200.0
45722.321,0.0,140.0,92.9,22.72,16.01,171.0,33.25,152.6,28.68,33.160000000000004,33.75,93.5,15.5,57.300000000000004,99.9,240.5,2887.0,1.3,36.550000000000004,15.1,7.0,36.01,29.060000000000002,0.0,238.5,1200.0
45782.321,0.0,140.0,89.7,22.69,15.96,169.5,33.2,151.0,28.82,33.15,33.65,93.0,15.75,58.0,99.9,234.5,2886.0,1.31,36.800000000000004,15.02,7.0,35.96,29.0,2.0,240.5,1200.0
45842.321,0.0,140.0,92.10000000000001,22.72,15.94,170.5,33.300000000000004,151.8,28.82,33.07,33.800000000000004,94.0,15.8,57.800000000000004,100.0,239.0,2885.0,1.29,36.65,14.97,6.98,35.980000000000004,28.98,1.0,239.0,1200.0
45902.321,0.0,140.0,91.2,22.73,16.05,171.5,33.25,151.4,28.82,33.11,33.800000000000004,91.5,15.700000000000001,58.0,100.0,236.5,2886.0,1.47,36.550000000000004,15.0,7.05,36.04,28.98,0.0,240.0,1200.0
45962.32,0.0,140.0,92.2,22.64,15.96,171.0,33.45,150.0,28.8,33.14,33.65,92.0,15.850000000000001,57.5,100.0,242.0,2884.0,1.3,36.6,14.98,6.98,35.92,28.93,0.0,241.0,1200.0
46022.32,0.0,140.0,90.30000000000001,22.650000000000002,16.02,171.0,33.25,151.3,28.810000000000002,33.06,33.6,94.5,15.55,57.900000000000006,100.0,236.0,2887.0,1.57,36.7,15.01,6.98,36.0,28.91,0.0,237.0,1200.0
46082.32,0.0,140.0,90.80000000000001,22.66,15.91,170.5,33.300000000000004,150.1,28.89,33.17,33.6,92.0,15.75,58.400000000000006,100.0,241.0,2887.0,1.32,36.550000000000004,14.98,7.0200000000000005,36.08,28.96,2.0,239.5,1200.0
46142.32,0.0,140.0,91.0,22.62,15.98,171.5,33.35,152.3,28.79,33.21,33.7,93.0,15.700000000000001,57.900000000000006,99.9,236.5,2889.0,1.46,36.6,15.06,7.01,36.03,28.94,2.0,238.0,1200.0
46202.32,0.0,140.0,90.0,22.66,15.97,170.5,33.300000000000004,150.5,28.78,33.160000000000004,33.65,92.0,15.75,57.800000000000004,100.0,237.0,2884.0,1.3,36.6,15.040000000000001,7.01,35.93,28.990000000000002,0.0,239.0,1200.0
46262.32,0.0,140.0,92.10000000000001,22.740000000000002,16.04,171.0,33.300000000000004,152.20000000000002,28.77,33.07,33.65,92.5,15.700000000000001,57.6,100.0,242.5,2883.0,1.44,36.65,15.06,7.03,35.94,29.080000000000002,0.0,235.5,1200.0
46322.32,0.0,140.0,92.4,22.740000000000002,16.01,171.0,33.300000000000004,152.5,28.75,33.14,33.65,95.5,15.850000000000001,57.400000000000006,100.0,238.5,2880.0,1.32,36.5,14.96,7.0200000000000005,35.92,29.03,0.0,235.5,1200.0
46382.32,0.0,140.0,90.7,22.73,16.05,168.5,33.25,152.1,28.85,33.2,33.7,94.0,15.75,58.0,100.0,242.0,2883.0,1.59,36.5,14.98,7.05,36.04,29.04,0.0,233.5,1200.0
46442.32,0.0,140.0,90.4,22.63,16.0,170.0,33.1,151.9,28.69,33.14,33.7,92.5,15.75,58.2,100.0,237.5,2879.0,1.34,36.45,14.98,7.03,36.02,28.95,0.0,240.5,1200.0
46502.32,0.0,140.0,90.7,22.650000000000002,16.03,168.5,33.2,151.0,28.84,33.12,33.6,91.0,15.600000000000001,58.2,100.0,239.5,2884.0,1.36,36.550000000000004,15.0,6.99,35.980000000000004,29.03,0.0,240.5,1200.0
46562.319,0.0,140.0,89.7,22.64,16.0,171.5,33.2,151.3,28.810000000000002,33.160000000000004,33.7,93.5,15.8,58.5,100.0,242.0,2882.0,1.44,36.6,14.94,7.05,36.02,28.96,0.0,240.0,1200.0
46622.319,0.0,140.0,91.10000000000001,22.68,15.97,169.5,33.300000000000004,152.1,28.73,33.09,33.5,92.0,15.700000000000001,58.2,99.9,242.0,2882.0,1.51,36.35,15.030000000000001,6.95,36.06,29.11,0.0,237.0,1200.0
46682.319,0.0,140.0,91.80000000000001,22.7,16.0,171.0,33.2,150.6,28.69,33.03,33.5,92.0,15.8,58.2,100.0,236.0,2879.0,1.4000000000000001,36.5,14.98,7.04,36.03,29.060000000000002,0.0,238.5,1200.0
46742.319,0.0,140.0,91.4,22.79,16.04,170.5,33.15,151.5,28.64,33.15,33.65,93.5,15.700000000000001,58.6,99.60000000000001,237.5,2886.0,1.59,36.5,14.97,7.0200000000000005,36.0,29.02,1.0,237.5,1200.0
46802.319,0.0,140.0,91.5,22.73,16.05,171.0,33.2,151.0,28.76,33.08,33.6,92.0,15.8,58.1,99.80000000000001,237.0,2882.0,1.26,36.5,14.98,6.98,36.160000000000004,28.93,1.0,241.5,1200.0
46862.319,0.0,140.0,91.60000000000001,22.69,15.98,168.5,33.1,151.3,28.63,33.02,33.65,92.5,15.65,58.400000000000006,100.0,244.0,2883.0,1.3,36.550000000000004,15.1,7.0200000000000005,36.1,28.91,2.0,238.0,1200.0
46922.319,0.0,140.0,90.10000000000001,22.75,15.94,169.5,33.300000000000004,150.3,28.7,33.02,33.6,90.0,15.65,58.6,100.0,242.5,2879.0,1.4000000000000001,36.65,14.98,7.0600000000000005,35.99,28.900000000000002,3.0,236.0,1200.0
46982.319,0.0,140.0,92.5,22.71,16.05,170.5,33.15,152.1,28.79,33.08,33.5,91.0,15.8,58.6,100.0,237.0,2880.0,1.56,36.6,14.97,6.97,36.02,29.0,0.0,241.0,1200.0
47042.319,0.0,140.0,91.60000000000001,22.7,16.03,168.5,33.300000000000004,152.6,28.62,33.06,33.550000000000004,92.5,15.600000000000001,58.400000000000006,99.7,235.5,2881.0,1.36,36.5,15.0,7.05,36.03,29.0,0.0,238.0,1200.0
47102.318,0.0,140.0,91.2,22.77,15.9,169.0,32.95,151.5,28.7,33.05,33.65,92.5,15.65,58.400000000000006,100.0,239.5,2877.0,1.4000000000000001,36.550000000000004,15.0,7.07,35.980000000000004,29.02,0.0,233.0,1200.0
47162.318,0.0,140.0,90.60000000000001,22.650000000000002,16.01,171.5,33.050000000000004,151.5,28.7,33.03,33.65,94.0,15.55,58.900000000000006,99.80000000000001,233.5,2881.0,1.46,36.550000000000004,15.02,6.92,35.980000000000004,29.04,0.0,239.0,1200.0
47222.318,0.0,140.0,91.4,22.67,16.03,170.5,33.300000000000004,150.8,28.69,32.99,33.45,91.0,15.700000000000001,58.900000000000006,100.0,240.5,2878.0,1.29,36.45,15.05,6.95,36.03,28.990000000000002,0.0,241.5,1200.0
47282.318,0.0,140.0,90.2,22.77,16.02,171.0,33.25,151.3,28.63,32.99,33.5,93.0,15.75,58.6,100.0,237.0,2873.0,1.41,36.550000000000004,15.030000000000001,7.01,36.01,28.98,0.0,239.5,1200.0
47342.318,0.0,140.0,92.4,22.71,16.0,169.5,33.1,151.5,28.6,32.96,33.550000000000004,92.0,15.700000000000001,58.2,100.0,238.0,2875.0,1.42,36.6,14.99,7.0,35.99,29.0,1.0,238.0,1200.0
47402.318,0.0,140.0,91.60000000000001,22.75,15.93,169.0,33.1,152.5,28.64,32.99,33.550000000000004,93.0,15.850000000000001,58.6,100.0,235.0,2875.0,1.49,36.6,15.05,6.95,35.95,28.97,0.0,237.5,1200.0
47462.318,0.0,140.0,91.30000000000001,22.72,16.01,171.5,33.15,150.1,28.650000000000002,32.980000000000004,33.5,91.5,15.700000000000001,58.400000000000006,100.0,231.5,2880.0,1.36,36.5,14.97,6.95,35.97,28.98,1.0,239.5,1200.0
47522.318,0.0,140.0,91.4,22.6,16.02,169.5,33.050000000000004,151.1,28.66,32.980000000000004,33.65,93.5,15.700000000000001,58.400000000000006,99.7,236.5,2875.0,1.34,36.5,14.99,6.91,36.04,28.93,0.0,239.5,1200.0
47582.318,0.0,140.0,91.2,22.73,16.01,166.5,33.15,152.70000000000002,28.69,33.05,33.550000000000004,94.0,15.65,58.2,100.0,235.5,2875.0,1.54,36.550000000000004,14.96,6.94,36.02,29.04,0.0,233.5,1200.0
47642.318,0.0,140.0,90.5,22.64,16.04,171.0,33.15,152.4,28.7,33.02,33.550000000000004,91.0,15.65,58.1,100.0,237.0,2875.0,1.56,36.35,15.08,7.0,35.86,29.01,0.0,237.5,1200.0
47702.317,0.0,140.0,90.9,22.67,16.01,173.0,33.1,152.1,28.71,33.0,33.6,92.5,15.700000000000001,58.1,99.60000000000001,232.5,2877.0,1.41,36.45,14.92,6.99,35.910000000000004,29.04,1.0,232.0,1200.0
47762.317,0.0,140.0,90.30000000000001,22.62,15.92,170.0,33.050000000000004,150.9,28.62,32.94,33.6,92.0,15.700000000000001,57.800000000000004,100.0,236.5,2879.0,1.32,36.5,15.05,6.96,35.95,29.03,0.0,237.0,1200.0
47822.317,0.0,140.0,91.30000000000001,22.62,16.03,170.5,33.2,152.3,28.57,33.05,33.45,93.5,15.700000000000001,57.900000000000006,99.80000000000001,237.5,2875.0,1.44,36.5,15.06,6.94,36.02,29.07,0.0,234.5,1200.0
47882.317,0.0,140.0,91.5,22.68,16.03,170.0,33.2,149.6,28.71,33.0,33.550000000000004,92.5,15.850000000000001,58.2,99.9,239.5,2877.0,1.31,36.550000000000004,15.08,6.98,35.95,29.04,1.0,240.5,1200.0
47942.317,0.0,140.0,91.60000000000001,22.650000000000002,15.97,169.0,33.2,151.8,28.62,33.05,33.45,91.5,15.700000000000001,58.400000000000006,100.0,237.5,2878.0,1.3800000000000001,36.45,15.07,6.93,35.980000000000004,28.96,0.0,236.0,1200.0
48002.317,0.0,140.0,90.7,22.62,16.02,170.5,33.15,151.9,28.69,32.99,33.65,91.5,15.75,58.6,100.0,232.5,2877.0,1.58,36.5,15.01,6.98,36.02,28.89,1.0,233.5,1200.0
48062.317,0.0,140.0,91.4,22.64,15.9,168.5,33.2,151.5,28.67,33.05,33.45,92.0,15.950000000000001,57.7,99.80000000000001,236.0,2878.0,1.3900000000000001,36.45,14.98,6.99,36.07,28.95,0.0,238.5,1200.0
48122.317,0.0,140.0,90.0,22.7,16.0,169.0,33.15,151.8,28.75,33.01,33.45,92.5,15.65,58.2,99.7,239.0,2875.0,1.44,36.4,15.040000000000001,7.0,36.07,29.05,0.0,244.0,1200.0
48182.317,0.0,140.0,91.9,22.76,16.05,171.0,33.300000000000004,151.6,28.61,33.09,33.4,94.0,15.75,58.1,99.9,236.5,2875.0,1.5,36.550000000000004,14.97,6.99,36.01,28.96,0.0,238.5,1200.0
48242.316,0.0,140.0,91.0,22.64,15.99,169.5,33.050000000000004,151.6,28.68,33.08,33.6,91.5,15.600000000000001,57.6,100.0,240.0,2877.0,1.32,36.5,14.91,7.05,35.94,28.97,0.0,233.0,1200.0
48302.316,0.0,140.0,91.2,22.580000000000002,16.0,170.0,33.0,152.0,28.73,33.06,33.4,92.0,15.75,57.6,99.80000000000001,235.0,2875.0,1.43,36.45,15.030000000000001,7.0200000000000005,36.0,29.01,2.0,232.0,1200.0
48362.316,0.0,140.0,91.30000000000001,22.63,16.03,170.5,33.050000000000004,151.70000000000002,28.69,33.04,33.6,92.5,15.75,58.0,100.0,236.5,2873.0,1.51,36.300000000000004,15.0,7.03,36.04,28.98,0.0,241.0,1200.0
48422.316,0.0,140.0,90.80000000000001,22.71,16.01,170.0,33.2,151.8,28.650000000000002,32.99,33.550000000000004,92.0,15.75,58.2,100.0,237.0,2871.0,1.48,36.45,15.0,6.94,36.07,29.02,0.0,232.5,1200.0
48482.316,0.0,140.0,91.5,22.68,15.96,171.0,33.25,151.9,28.650000000000002,32.910000000000004,33.5,92.5,15.8,57.6,100.0,239.0,2873.0,1.3800000000000001,36.300000000000004,14.92,6.94,35.97,28.98,0.0,232.5,1200.0
48542.316,0.0,140.0,90.80000000000001,22.66,16.04,170.0,33.050000000000004,152.9,28.68,32.95,33.6,92.0,15.65,57.5,100.0,233.0,2875.0,1.31,36.5,15.01,7.01,36.04,28.93,0.0,235.0,1200.0
48602.316,0.0,140.0,91.5,22.63,15.98,169.5,33.050000000000004,151.70000000000002,28.72,32.95,33.6,94.0,15.8,58.0,99.60000000000001,234.0,2875.0,1.55,36.45,15.01,6.99,36.0,29.07,1.0,235.5,1200.0
48662.316,0.0,140.0,91.4,22.71,16.02,169.0,33.050000000000004,150.9,28.77,32.97,33.45,94.5,15.600000000000001,57.2,100.0,235.5,2870.0,1.36,36.35,15.06,6.98,35.96,28.89,0.0,238.5,1200.0
48722.316,0.0,140.0,89.30000000000001,22.68,15.97,169.5,33.1,150.5,28.64,32.96,33.65,91.5,15.65,57.900000000000006,99.60000000000001,237.0,2875.0,1.31,36.25,14.97,6.95,36.01,28.94,0.0,234.5,1200.0
48782.316,0.0,140.0,89.9,22.64,15.99,169.0,33.1,153.0,28.77,33.01,33.6,94.0,15.75,57.7,100.0,236.5,2871.0,1.31,36.45,15.11,6.98,35.89,29.03,0.0,237.0,1200.0
48842.315,0.0,140.0,91.5,22.63,15.99,169.5,33.35,152.4,28.69,33.02,33.6,93.0,15.65,57.5,100.0,234.5,2872.0,1.36,36.35,15.0,6.99,35.89,29.11,0.0,235.5,1200.0
48902.315,0.0,140.0,90.2,22.650000000000002,16.01,169.5,33.2,151.3,28.64,33.05,33.6,95.0,15.75,58.1,99.7,237.0,2879.0,1.35,36.45,15.02,6.98,36.06,29.04,2.0,234.5,1200.0
48962.315,0.0,140.0,90.10000000000001,22.71,15.96,170.5,33.25,151.20000000000002,28.88,33.05,33.7,89.5,15.75,58.0,99.7,235.0,2872.0,1.55,36.45,14.99,7.0600000000000005,36.03,29.01,0.0,235.0,1200.0
49022.315,0.0,140.0,92.10000000000001,22.69,15.950000000000001,172.5,33.2,151.0,28.78,33.1,33.65,92.5,15.65,57.900000000000006,100.0,241.0,2881.0,1.17,36.35,15.02,6.99,36.02,28.84,1.0,237.5,1200.0
49082.315,0.0,140.0,92.2,22.63,15.96,172.5,33.1,151.9,28.77,33.12,33.65,92.0,15.75,57.900000000000006,99.9,241.0,2884.0,1.3900000000000001,36.5,14.99,6.98,35.92,28.95,1.0,237.5,1200.0
49142.315,0.0,140.0,90.60000000000001,22.68,16.02,172.5,33.15,152.6,28.75,33.160000000000004,33.6,92.5,15.700000000000001,57.800000000000004,100.0,237.0,2883.0,1.27,36.4,14.97,7.04,35.95,28.97,2.0,236.5,1200.0
49202.315,0.0,140.0,91.10000000000001,22.68,16.02,172.0,33.300000000000004,153.0,28.91,33.1,33.85,91.5,15.850000000000001,57.800000000000004,99.30000000000001,240.0,2884.0,1.46,36.5,14.98,7.0200000000000005,36.01,29.01,0.0,242.5,1200.0
49262.315,0.0,140.0,91.4,22.67,16.1,170.5,33.35,152.20000000000002,28.77,33.13,33.550000000000004,94.5,15.8,58.5,100.0,236.5,2887.0,1.36,36.45,15.040000000000001,6.97,35.99,29.03,1.0,236.5,1200.0
49322.315,0.0,140.0,92.0,22.69,15.93,170.0,33.300000000000004,153.1,28.87,33.13,33.800000000000004,92.5,15.700000000000001,58.0,100.0,241.5,2887.0,1.53,36.65,14.99,6.96,35.99,29.07,1.0,237.5,1200.0
49382.315,0.0,140.0,90.9,22.7,15.99,170.0,33.4,150.6,28.82,33.1,33.7,92.5,15.8,57.900000000000006,99.9,239.5,2885.0,1.53,36.5,15.01,7.03,36.09,29.03,1.0,241.5,1200.0
49442.314,0.0,140.0,91.7,22.72,16.0,170.5,33.25,150.5,28.87,33.160000000000004,33.7,93.0,15.75,57.1,100.0,236.0,2886.0,1.34,36.65,15.0,7.0,35.99,28.96,2.0,242.0,1200.0
49502.314,0.0,140.0,89.60000000000001,22.62,16.03,170.0,33.15,150.1,28.87,33.08,33.65,93.0,15.65,58.0,100.0,242.0,2882.0,1.37,36.550000000000004,15.05,6.95,35.95,28.93,1.0,234.5,1200.0
49562.314,0.0,140.0,90.5,22.62,15.98,170.5,33.35,152.4,28.82,33.1,33.75,93.0,15.700000000000001,57.900000000000006,99.80000000000001,237.5,2887.0,1.32,36.45,14.98,7.01,35.93,29.060000000000002,0.0,240.0,1200.0
49622.314,0.0,140.0,91.60000000000001,22.650000000000002,15.93,171.0,33.25,152.8,28.830000000000002,33.2,33.65,91.5,15.8,57.5,99.80000000000001,239.0,2886.0,1.4000000000000001,36.550000000000004,15.02,7.0,35.93,29.03,3.0,236.5,1200.0
49682.314,0.0,140.0,91.2,22.71,16.0,170.5,33.2,151.8,28.89,33.160000000000004,33.65,92.5,15.950000000000001,57.7,100.0,235.5,2888.0,1.24,36.6,15.0,7.0,36.050000000000004,29.03,2.0,242.5,1200.0
49742.314,0.0,140.0,90.7,22.69,15.94,170.5,33.2,151.5,28.84,33.230000000000004,33.5,91.0,15.8,57.400000000000006,100.0,233.5,2882.0,1.3,36.5,14.96,6.95,35.88,28.95,0.0,239.0,1200.0
49802.314,0.0,140.0,90.9,22.64,15.97,170.5,33.25,151.9,28.73,33.08,33.800000000000004,92.0,15.700000000000001,57.6,100.0,240.0,2881.0,1.36,36.550000000000004,15.030000000000001,7.0200000000000005,36.0,29.0,0.0,239.0,1200.0
49862.314,0.0,140.0,91.9,22.69,16.03,169.0,33.15,151.5,28.830000000000002,33.06,33.75,93.0,15.8,57.7,100.0,242.5,2880.0,1.41,36.550000000000004,15.0,6.93,35.93,29.04,1.0,238.0,1200.0
49922.314,0.0,140.0,90.9,22.59,16.05,170.5,33.25,153.1,28.73,33.15,33.65,91.5,15.75,56.900000000000006,99.5,238.5,2880.0,1.37,36.6,14.93,7.0,35.99,28.94,1.0,239.0,1200.0
49982.314,0.0,140.0,89.80000000000001,22.67,16.0,169.5,33.25,152.3,28.830000000000002,33.1,33.7,93.5,15.75,57.5,100.0,236.5,2885.0,1.43,36.6,15.06,6.96,36.04,28.98,0.0,237.0,1200.0
50042.313,0.0,140.0,90.5,22.67,16.01,172.0,33.15,151.0,28.810000000000002,33.12,33.6,91.0,15.65,58.0,100.0,240.5,2881.0,1.17,36.6,14.97,6.99,35.96,29.05,0.0,242.5,1200.0
50102.313,0.0,140.0,90.4,22.64,16.03,172.5,33.15,151.6,28.76,33.1,33.7,94.0,15.700000000000001,57.800000000000004,100.0,236.0,2877.0,1.33,36.550000000000004,15.0,7.03,36.07,28.97,3.0,235.5,1200.0
50162.313,0.0,140.0,90.5,22.61,16.03,174.5,33.2,149.5,28.76,33.08,33.65,95.0,15.850000000000001,57.7,99.9,236.0,2879.0,1.35,36.65,14.93,7.05,35.97,28.94,0.0,239.5,1200.0
50222.313,0.0,140.0,90.2,22.67,16.04,170.5,33.15,151.1,28.77,33.14,33.65,91.0,15.700000000000001,57.5,100.0,235.0,2878.0,1.29,36.550000000000004,14.99,7.0200000000000005,35.94,28.93,1.0,234.0,1200.0
50282.313,0.0,140.0,91.2,22.61,15.97,168.5,33.2,150.4,28.71,33.1,33.550000000000004,92.5,15.75,57.800000000000004,99.60000000000001,237.0,2882.0,1.36,36.550000000000004,14.97,7.01,36.01,29.04,2.0,241.5,1200.0
50342.313,0.0,140.0,91.60000000000001,22.63,16.01,170.0,33.15,150.6,28.76,33.13,33.6,92.0,15.700000000000001,57.6,100.0,243.5,2883.0,1.3900000000000001,36.550000000000004,15.05,6.96,36.01,29.0,2.0,236.0,1200.0
50402.313,0.0,140.0,91.5,22.69,16.080000000000002,171.0,33.2,151.70000000000002,28.75,33.03,33.75,92.5,15.65,57.800000000000004,100.0,235.5,2875.0,1.42,36.35,15.02,7.05,36.04,28.89,1.0,237.0,1200.0
50462.313,0.0,140.0,91.2,22.73,15.99,170.5,33.25,151.0,28.86,33.14,33.7,94.5,15.75,58.0,99.7,234.0,2879.0,1.24,36.65,15.0,6.98,35.96,28.990000000000002,0.0,235.0,1200.0
50522.313,0.0,140.0,91.0,22.66,16.05,169.5,33.2,151.6,28.7,33.05,33.6,92.5,15.8,57.6,100.0,237.5,2880.0,1.25,36.4,14.97,7.01,36.03,29.04,1.0,234.0,1200.0
50582.313,0.0,140.0,92.0,22.57,16.03,170.5,33.4,151.1,28.78,33.11,33.800000000000004,94.0,15.75,57.6,100.0,234.0,2878.0,1.51,36.6,15.05,7.01,36.12,28.96,0.0,237.0,1200.0
50642.312,0.0,140.0,92.0,22.650000000000002,15.96,169.5,33.25,149.1,28.93,33.12,33.800000000000004,91.5,15.950000000000001,57.7,100.0,241.5,2880.0,1.42,36.45,15.05,6.95,35.96,28.98,0.0,238.0,1200.0
50702.312,0.0,140.0,91.4,22.73,16.03,170.5,33.300000000000004,150.0,28.85,33.08,33.6,94.5,15.8,57.900000000000006,100.0,239.5,2880.0,1.37,36.550000000000004,15.040000000000001,7.04,36.06,29.0,4.0,236.0,1200.0
50762.312,0.0,140.0,91.60000000000001,22.71,15.950000000000001,171.5,33.45,151.5,28.91,33.2,33.550000000000004,92.0,15.75,57.400000000000006,99.5,234.0,2889.0,1.3800000000000001,36.5,14.98,7.03,36.02,28.98,2.0,240.5,1200.0
50822.312,0.0,140.0,91.4,22.69,15.94,172.5,33.15,152.4,28.830000000000002,33.21,33.85,93.5,15.8,57.6,100.0,236.0,2888.0,1.41,36.65,14.98,6.95,35.980000000000004,28.990000000000002,1.0,238.0,1200.0
50882.312,0.0,140.0,91.60000000000001,22.72,16.04,170.0,33.4,150.4,28.900000000000002,33.18,33.550000000000004,93.5,15.65,57.7,100.0,241.5,2892.0,1.45,36.5,15.05,7.0200000000000005,36.02,28.91,0.0,240.5,1200.0
50942.312,0.0,140.0,90.2,22.64,15.94,173.0,33.4,150.8,28.89,33.28,33.75,92.0,15.75,57.5,100.0,242.0,2891.0,1.34,36.65,14.97,7.0,35.89,29.02,0.0,240.5,1200.0
51002.312,0.0,140.0,90.7,22.71,15.99,169.0,33.35,151.8,28.91,33.18,33.9,92.0,15.700000000000001,57.900000000000006,99.5,240.0,2892.0,1.31,36.6,14.94,6.96,36.08,29.04,1.0,240.5,1200.0
51062.312,0.0,140.0,90.60000000000001,22.650000000000002,16.05,171.0,33.25,153.4,28.95,33.29,33.75,93.0,15.75,57.400000000000006,99.7,243.5,2896.0,1.28,36.7,15.0,6.98,36.0,28.93,3.0,240.5,1200.0
51122.312,0.0,140.0,90.7,22.73,15.99,173.0,33.300000000000004,152.70000000000002,28.990000000000002,33.28,33.85,94.0,15.8,57.400000000000006,99.9,238.5,2898.0,1.48,36.550000000000004,14.96,7.0200000000000005,35.99,29.05,0.0,243.0,1200.0
51182.312,0.0,140.0,92.10000000000001,22.63,15.96,172.0,33.45,150.6,28.94,33.28,34.0,90.5,15.700000000000001,58.1,100.0,241.0,2889.0,1.31,36.6,15.02,7.0,36.02,29.02,3.0,238.5,1200.0
51242.312,0.0,140.0,91.30000000000001,22.64,16.03,171.5,33.4,150.1,28.86,33.21,33.800000000000004,95.0,15.65,57.300000000000004,100.0,238.0,2888.0,1.32,36.550000000000004,14.96,6.96,35.95,29.0,1.0,239.0,1200.0
51302.311,0.0,140.0,91.2,22.8,15.98,171.0,33.45,151.1,29.05,33.18,33.800000000000004,93.5,15.600000000000001,57.7,99.9,241.0,2894.0,1.46,36.7,14.92,6.99,36.03,29.05,0.0,242.5,1200.0
51362.311,0.0,140.0,91.5,22.73,16.06,172.0,33.4,151.6,28.92,33.32,33.75,91.0,15.700000000000001,57.900000000000006,99.30000000000001,240.0,2897.0,1.28,36.7,15.120000000000001,7.0200000000000005,36.07,28.97,0.0,245.0,1200.0
51422.311,0.0,140.0,89.30000000000001,22.67,16.03,171.0,33.4,151.0,29.04,33.28,33.9,93.0,15.65,57.2,100.0,241.5,2892.0,1.53,36.6,15.02,6.99,35.99,29.01,1.0,236.5,1200.0
51482.311,0.0,140.0,90.30000000000001,22.75,16.02,171.0,33.300000000000004,151.20000000000002,28.93,33.25,33.800000000000004,93.5,15.55,57.800000000000004,99.5,241.5,2902.0,1.48,36.85,15.0,7.07,35.94,29.0,0.0,241.0,1200.0
51542.311,0.0,140.0,90.10000000000001,22.62,16.03,172.0,33.35,151.1,28.900000000000002,33.37,33.800000000000004,92.0,15.700000000000001,57.7,99.9,244.0,2893.0,1.36,36.7,14.950000000000001,7.0200000000000005,36.0,28.96,0.0,242.5,1200.0
51602.311,0.0,140.0,90.10000000000001,22.69,15.99,172.0,33.300000000000004,151.0,28.89,33.31,33.85,91.0,15.600000000000001,57.7,99.7,241.5,2897.0,1.35,36.65,15.0,7.04,35.94,28.94,0.0,239.0,1200.0
51662.311,0.0,140.0,90.10000000000001,22.71,16.05,169.5,33.45,152.1,28.97,33.34,33.95,93.5,15.700000000000001,57.400000000000006,100.0,239.5,2896.0,1.28,36.7,15.040000000000001,7.01,35.95,29.0,1.0,238.5,1200.0
51722.311,0.0,140.0,90.2,22.67,15.94,170.0,33.300000000000004,151.0,28.87,33.33,33.95,91.0,15.75,58.2,100.0,237.0,2896.0,1.19,36.9,14.98,7.03,36.01,28.990000000000002,0.0,238.5,1200.0
51782.311,0.0,140.0,91.30000000000001,22.71,15.93,173.5,33.5,150.5,29.03,33.32,33.800000000000004,91.5,15.9,58.1,99.9,245.5,2898.0,1.43,36.550000000000004,15.05,7.0,35.980000000000004,28.98,0.0,237.0,1200.0
51842.311,0.0,140.0,91.10000000000001,22.66,16.0,172.5,33.4,151.8,28.94,33.27,33.9,91.5,15.65,57.6,99.9,241.5,2903.0,1.5,36.800000000000004,14.92,7.05,35.94,29.04,0.0,242.0,1200.0
51902.311,0.0,140.0,90.80000000000001,22.66,16.03,171.5,33.4,151.6,29.04,33.39,33.95,94.5,15.75,57.800000000000004,99.7,240.0,2897.0,1.48,36.95,15.0,6.93,36.1,29.05,4.0,243.5,1200.0
51962.31,0.0,140.0,89.60000000000001,22.71,15.99,171.5,33.5,152.8,28.97,33.35,33.95,92.5,15.65,57.2,99.7,242.0,2896.0,1.44,36.85,15.030000000000001,7.0,36.03,28.95,1.0,238.0,1200.0
52022.31,0.0,140.0,92.30000000000001,22.72,15.99,172.5,33.550000000000004,150.70000000000002,28.96,33.33,33.85,94.0,15.8,57.300000000000004,100.0,239.5,2898.0,1.4000000000000001,36.75,14.99,7.03,35.97,29.18,1.0,239.0,1200.0
52082.31,0.0,140.0,91.10000000000001,22.69,15.94,171.0,33.5,151.6,29.05,33.4,33.9,92.5,15.700000000000001,57.5,99.80000000000001,242.0,2899.0,1.45,36.9,14.96,6.9,35.88,28.97,0.0,241.0,1200.0
52142.31,0.0,140.0,90.80000000000001,22.650000000000002,16.03,173.0,33.6,150.0,28.91,33.33,33.75,92.5,15.75,57.400000000000006,99.9,244.5,2904.0,1.43,36.9,14.92,7.0600000000000005,35.92,29.05,1.0,241.0,1200.0
52202.31,0.0,140.0,90.4,22.62,16.03,171.5,33.45,152.5,29.02,33.39,33.95,91.5,15.75,57.900000000000006,99.9,240.0,2902.0,1.24,36.7,14.93,7.01,35.97,28.97,3.0,245.5,1200.0
52262.31,0.0,140.0,91.0,22.740000000000002,16.0,173.5,33.550000000000004,150.6,29.02,33.37,33.95,94.5,15.600000000000001,57.6,100.0,240.5,2893.0,1.45,36.7,15.08,6.95,35.94,29.05,1.0,244.0,1200.0
52322.31,0.0,140.0,92.9,22.72,16.02,171.0,33.550000000000004,151.5,29.04,33.39,33.75,92.5,15.65,57.800000000000004,100.0,239.5,2901.0,1.4000000000000001,37.0,14.99,7.04,35.980000000000004,29.03,0.0,242.0,1200.0
52382.31,0.0,140.0,90.60000000000001,22.76,16.0,171.5,33.550000000000004,151.3,28.92,33.33,33.800000000000004,91.0,15.600000000000001,57.5,99.9,242.5,2906.0,1.52,36.75,14.92,6.98,36.14,28.97,0.0,245.0,1200.0
52442.31,0.0,140.0,91.5,22.71,15.99,172.0,33.5,151.4,28.93,33.45,33.85,94.0,15.75,58.0,100.0,244.5,2906.0,1.55,36.85,14.98,7.0,35.97,28.92,1.0,243.0,1200.0
52502.31,0.0,140.0,90.4,22.71,15.98,172.5,33.45,151.6,29.04,33.32,33.95,92.5,15.450000000000001,57.800000000000004,99.60000000000001,246.0,2903.0,1.1500000000000001,36.75,15.05,6.97,35.980000000000004,29.01,0.0,240.0,1200.0
52562.309,0.0,140.0,90.30000000000001,22.73,15.99,172.0,33.5,153.20000000000002,29.03,33.29,33.9,92.0,15.700000000000001,57.900000000000006,99.9,242.5,2898.0,1.3800000000000001,36.95,14.99,7.01,36.09,29.09,0.0,243.5,1200.0
52622.309,0.0,140.0,88.9,22.650000000000002,15.950000000000001,171.0,33.550000000000004,151.20000000000002,29.0,33.42,33.85,91.0,15.75,57.900000000000006,99.60000000000001,240.5,2899.0,1.25,36.9,15.05,6.99,35.99,29.04,0.0,241.0,1200.0
52682.309,0.0,140.0,90.4,22.650000000000002,16.03,170.0,33.45,149.0,28.94,33.31,33.9,92.5,15.65,58.300000000000004,100.0,242.5,2893.0,1.35,36.800000000000004,14.94,6.98,36.0,28.95,1.0,240.5,1200.0
52742.309,0.0,140.0,91.4,22.71,16.04,173.5,33.5,150.20000000000002,29.04,33.34,33.75,96.0,15.65,58.1,100.0,242.5,2905.0,1.43,36.75,14.96,7.05,36.03,28.95,1.0,240.5,1200.0
52802.309,0.0,140.0,91.0,22.69,15.98,172.0,33.300000000000004,152.4,29.01,33.34,33.800000000000004,93.0,15.65,58.0,100.0,242.0,2900.0,1.58,36.800000000000004,14.99,7.01,36.06,28.98,1.0,238.5,1200.0
52862.309,0.0,140.0,89.80000000000001,22.72,16.01,171.5,33.35,153.20000000000002,28.900000000000002,33.34,33.9,92.0,15.850000000000001,57.900000000000006,100.0,241.5,2896.0,1.34,36.75,15.05,7.04,36.03,28.96,1.0,236.0,1200.0
52922.309,0.0,140.0,93.10000000000001,22.740000000000002,16.01,172.0,33.45,151.20000000000002,28.93,33.39,33.9,91.0,15.700000000000001,57.400000000000006,99.7,240.0,2895.0,1.35,36.9,15.040000000000001,6.94,36.01,29.02,1.0,246.5,1200.0
52982.309,0.0,140.0,91.2,22.73,16.02,173.0,33.550000000000004,150.8,28.94,33.38,33.800000000000004,93.0,15.600000000000001,57.2,99.5,244.5,2905.0,1.28,36.7,14.99,6.98,35.980000000000004,29.0,0.0,246.5,1200.0
53042.309,0.0,140.0,90.9,22.68,15.99,172.0,33.45,151.6,29.02,33.29,33.9,92.5,15.75,58.2,100.0,243.5,2901.0,1.46,36.800000000000004,15.05,6.96,36.08,29.0,1.0,238.5,1200.0
53102.309,0.0,140.0,91.10000000000001,22.72,15.9,173.5,33.35,152.5,29.01,33.4,33.95,92.5,15.65,57.900000000000006,100.0,240.0,2898.0,1.41,36.9,15.030000000000001,6.99,36.03,29.04,1.0,238.5,1200.0
53162.309,0.0,140.0,92.80000000000001,22.66,16.05,169.0,33.6,149.20000000000002,29.01,33.44,33.800000000000004,91.5,15.700000000000001,57.5,100.0,245.5,2900.0,1.46,36.75,14.98,7.0600000000000005,36.03,29.07,0.0,239.5,1200.0
53222.308,0.0,140.0,90.80000000000001,22.59,15.96,172.5,33.5,152.8,29.03,33.43,33.9,93.5,15.9,57.5,99.80000000000001,239.5,2898.0,1.44,37.050000000000004,14.98,6.97,36.01,29.05,0.0,245.5,1200.0
53282.308,0.0,140.0,89.7,22.63,16.04,171.0,33.5,149.70000000000002,29.11,33.28,33.85,91.0,15.75,57.1,100.0,238.5,2903.0,1.31,36.75,14.96,6.99,35.97,29.01,0.0,241.0,1200.0
53342.308,0.0,140.0,92.2,22.650000000000002,16.03,173.5,33.45,151.3,29.07,33.33,33.95,91.5,15.75,57.6,99.9,243.5,2898.0,1.29,36.7,15.02,6.99,35.96,28.990000000000002,0.0,242.5,1200.0
53402.308,0.0,140.0,90.5,22.580000000000002,16.01,171.5,33.5,152.0,29.05,33.3,34.0,93.0,15.75,57.6,100.0,240.5,2900.0,1.24,36.85,15.040000000000001,7.04,35.92,29.03,0.0,242.0,1200.0
53462.308,0.0,140.0,92.10000000000001,22.64,15.950000000000001,172.5,33.45,151.8,29.080000000000002,33.27,34.050000000000004,93.0,15.75,57.0,99.5,244.5,2903.0,1.45,36.85,14.99,7.07,35.94,29.03,0.0,241.0,1200.0
53522.308,0.0,140.0,91.10000000000001,22.7,16.02,171.0,33.6,151.6,29.14,33.36,33.75,94.5,15.600000000000001,57.6,100.0,241.0,2901.0,1.27,36.85,14.950000000000001,6.98,35.94,29.05,0.0,240.0,1200.0
53582.308,0.0,140.0,91.5,22.68,16.02,171.0,33.6,151.1,29.04,33.35,33.9,92.0,15.700000000000001,57.400000000000006,99.60000000000001,241.5,2894.0,1.47,37.0,15.06,6.98,36.02,29.0,0.0,239.0,1200.0
53642.308,0.0,140.0,90.7,22.7,16.02,170.0,33.4,151.6,28.95,33.38,33.9,92.5,15.700000000000001,57.6,100.0,238.5,2894.0,1.31,36.75,14.99,6.95,35.95,29.04,0.0,244.0,1200.0
53702.308,0.0,140.0,90.60000000000001,22.71,15.98,170.5,33.45,151.70000000000002,29.05,33.3,33.9,93.5,15.600000000000001,57.400000000000006,99.9,242.0,2904.0,1.37,36.85,15.01,7.0200000000000005,35.99,28.95,0.0,242.0,1200.0
53762.308,0.0,140.0,89.9,22.650000000000002,16.02,172.5,33.45,151.5,29.02,33.34,34.0,92.0,15.700000000000001,57.7,99.9,242.0,2907.0,1.44,36.7,14.99,7.0600000000000005,36.1,29.09,0.0,241.0,1200.0
53822.308,0.0,140.0,91.60000000000001,22.73,16.04,171.5,33.45,151.1,28.94,33.33,33.800000000000004,91.0,15.65,57.6,100.0,241.0,2900.0,1.36,36.800000000000004,14.92,7.0200000000000005,36.0,28.96,0.0,242.5,1200.0
53882.307,0.0,140.0,91.60000000000001,22.76,15.99,173.0,33.5,151.0,29.04,33.32,33.85,94.0,15.700000000000001,57.2,99.7,242.5,2899.0,1.45,36.95,14.92,7.01,35.99,29.02,0.0,243.5,1200.0
53942.307,0.0,140.0,91.10000000000001,22.69,16.0,170.5,33.5,152.5,28.89,33.3,33.800000000000004,93.5,15.8,57.6,99.9,246.0,2897.0,1.33,36.800000000000004,15.01,7.04,36.03,29.03,0.0,241.5,1200.0
54002.307,0.0,140.0,91.5,22.75,15.98,173.0,33.6,151.70000000000002,29.01,33.21,33.800000000000004,90.0,15.75,58.1,100.0,244.0,2902.0,1.48,36.800000000000004,14.99,6.96,36.0,28.97,0.0,242.5,1200.0
54062.307,0.0,140.0,93.7,22.73,15.98,173.0,33.300000000000004,152.8,29.02,33.31,34.050000000000004,92.5,15.8,58.0,99.9,240.0,2903.0,1.47,37.0,15.05,7.09,35.97,28.92,0.0,245.0,1200.0
54122.307,0.0,140.0,90.2,22.69,15.94,172.0,33.45,151.20000000000002,29.02,33.4,33.9,93.0,15.700000000000001,57.7,100.0,240.5,2902.0,1.36,36.65,14.91,7.01,35.87,28.98,1.0,245.0,1200.0
54182.307,0.0,140.0,91.4,22.63,16.07,171.5,33.5,152.20000000000002,29.02,33.33,33.800000000000004,93.5,15.850000000000001,57.900000000000006,99.9,241.5,2898.0,1.4000000000000001,36.800000000000004,15.030000000000001,7.07,35.99,28.97,0.0,244.0,1200.0
54242.307,0.0,140.0,91.2,22.75,15.96,172.0,33.65,150.1,28.91,33.3,33.75,95.0,15.850000000000001,58.0,99.9,243.0,2896.0,1.34,36.9,15.01,6.97,36.03,28.94,0.0,241.0,1200.0
54302.307,0.0,140.0,90.0,22.71,15.98,170.5,33.45,151.4,28.97,33.39,33.800000000000004,93.0,15.850000000000001,57.6,99.9,238.0,2901.0,1.28,36.9,15.02,7.1000000000000005,36.050000000000004,29.02,0.0,240.5,1200.0
54362.307,0.0,140.0,92.30000000000001,22.67,15.950000000000001,173.0,33.45,152.1,29.0,33.410000000000004,33.800000000000004,93.0,15.8,57.2,99.9,240.5,2897.0,1.41,36.85,14.96,6.98,36.03,28.990000000000002,0.0,239.5,1200.0
54422.307,0.0,140.0,90.60000000000001,22.650000000000002,16.05,174.5,33.5,151.20000000000002,28.990000000000002,33.31,33.800000000000004,94.0,15.75,57.6,99.60000000000001,238.0,2896.0,1.29,36.85,15.08,7.0,35.980000000000004,28.990000000000002,2.0,241.0,1200.0
54482.307,0.0,140.0,92.0,22.68,16.05,172.5,33.4,151.4,29.02,33.29,33.85,95.0,15.700000000000001,57.6,99.60000000000001,240.0,2894.0,1.3,36.85,14.97,6.97,36.0,29.04,1.0,242.5,1200.0
54542.307,0.0,140.0,90.30000000000001,22.7,15.98,171.5,33.4,152.5,29.03,33.27,33.800000000000004,92.5,15.700000000000001,57.1,100.0,239.5,2899.0,1.24,36.800000000000004,15.030000000000001,6.95,36.12,29.0,0.0,238.5,1200.0
54602.306,0.0,140.0,92.80000000000001,22.64,15.950000000000001,169.5,33.35,150.6,28.94,33.29,33.85,93.5,15.65,57.400000000000006,100.0,237.0,2899.0,1.44,36.800000000000004,14.97,7.07,36.050000000000004,29.02,0.0,244.5,1200.0
54662.306,0.0,140.0,90.4,22.650000000000002,15.99,175.0,33.4,151.3,28.95,33.34,33.85,92.5,15.65,57.6,99.80000000000001,239.5,2900.0,1.43,36.7,15.030000000000001,7.01,35.99,28.94,0.0,239.5,1200.0
54722.306,0.0,140.0,91.0,22.67,16.04,173.5,33.550000000000004,152.0,28.98,33.28,33.75,94.5,15.850000000000001,57.400000000000006,99.7,239.5,2895.0,1.23,36.6,14.98,6.93,35.96,29.03,0.0,241.0,1200.0
54782.306,0.0,140.0,89.7,22.69,15.99,170.5,33.5,152.1,28.86,33.27,33.85,93.5,15.700000000000001,57.2,100.0,242.0,2894.0,1.33,36.85,15.01,7.08,35.94,28.92,0.0,240.5,1200.0
54842.306,0.0,140.0,91.2,22.64,16.0,169.0,33.35,152.20000000000002,29.02,33.38,33.85,91.5,15.700000000000001,57.7,99.80000000000001,239.0,2894.0,1.41,36.7,15.01,7.05,35.9,28.93,0.0,237.5,1200.0
54902.306,0.0,140.0,89.60000000000001,22.63,16.0,172.0,33.25,151.0,28.94,33.19,33.800000000000004,91.5,15.65,57.1,99.9,245.0,2886.0,1.36,36.800000000000004,14.97,6.99,35.95,29.0,0.0,243.0,1200.0
54962.306,0.0,140.0,92.0,22.67,15.94,171.0,33.45,153.0,28.97,33.27,33.800000000000004,93.0,15.65,57.800000000000004,100.0,240.0,2894.0,1.45,36.75,14.99,6.92,35.99,29.03,0.0,238.0,1200.0
55022.306,0.0,140.0,91.2,22.650000000000002,16.0,172.0,33.35,149.8,28.96,33.31,33.65,95.0,15.65,58.1,100.0,239.5,2894.0,1.34,36.65,14.98,7.09,35.97,29.080000000000002,0.0,239.0,1200.0
55082.306,0.0,140.0,90.30000000000001,22.71,16.04,169.5,33.550000000000004,153.70000000000002,28.89,33.160000000000004,33.65,92.5,15.850000000000001,57.6,100.0,238.5,2892.0,1.36,36.7,14.98,7.0200000000000005,36.01,29.060000000000002,0.0,236.0,1200.0
55142.306,0.0,140.0,89.9,22.69,15.89,170.5,33.35,151.0,28.93,33.26,33.7,92.5,15.75,57.2,100.0,237.5,2891.0,1.35,36.7,14.96,7.05,35.96,28.990000000000002,0.0,240.0,1200.0
55202.306,0.0,140.0,91.5,22.67,16.05,171.0,33.300000000000004,151.20000000000002,28.97,33.27,33.800000000000004,94.5,15.700000000000001,57.2,100.0,236.0,2889.0,1.55,36.65,14.97,6.95,35.99,29.0,0.0,238.5,1200.0
55262.305,0.0,140.0,90.9,22.75,15.93,171.5,33.45,151.6,28.92,33.230000000000004,33.85,95.0,15.700000000000001,57.1,99.7,241.5,2890.0,1.3900000000000001,36.800000000000004,14.98,6.93,35.980000000000004,28.85,0.0,235.0,1200.0
55322.305,0.0,140.0,91.4,22.650000000000002,16.06,169.0,33.35,152.5,28.89,33.230000000000004,33.800000000000004,93.5,15.850000000000001,57.1,99.9,237.0,2888.0,1.36,36.7,15.02,7.0,36.08,29.05,0.0,239.0,1200.0
55382.305,0.0,140.0,90.80000000000001,22.650000000000002,16.09,172.0,33.4,151.3,28.94,33.24,33.800000000000004,93.5,15.75,57.400000000000006,99.80000000000001,244.0,2884.0,1.41,36.550000000000004,14.98,6.97,36.04,28.96,0.0,240.0,1200.0
55442.305,0.0,140.0,89.4,22.64,15.98,172.0,33.4,154.20000000000002,29.04,33.24,33.65,91.5,15.75,57.6,100.0,239.0,2888.0,1.29,36.6,15.01,7.03,35.980000000000004,29.07,1.0,238.5,1200.0
55502.305,0.0,140.0,91.7,22.67,16.0,172.0,33.35,150.9,28.91,33.3,33.800000000000004,93.5,15.700000000000001,57.2,99.9,235.5,2889.0,1.58,36.6,14.99,7.01,36.04,28.96,1.0,235.5,1200.0
55562.305,0.0,140.0,91.2,22.7,15.91,171.0,33.300000000000004,150.3,29.03,33.33,34.0,92.5,15.65,57.5,99.9,241.0,2889.0,1.47,36.5,14.950000000000001,6.97,35.980000000000004,28.98,0.0,240.5,1200.0
55622.305,0.0,140.0,90.30000000000001,22.71,16.04,173.0,33.35,152.8,28.94,33.29,33.9,92.5,15.700000000000001,57.7,99.9,241.5,2894.0,1.47,36.6,14.99,7.01,35.980000000000004,28.92,0.0,239.5,1200.0
55682.305,0.0,140.0,89.9,22.73,16.02,170.0,33.4,150.8,28.92,33.34,33.9,91.5,15.850000000000001,57.7,100.0,241.0,2892.0,1.23,36.550000000000004,15.01,7.0,35.910000000000004,28.93,0.0,238.5,1200.0
55742.305,0.0,140.0,89.80000000000001,22.740000000000002,15.93,172.5,33.550000000000004,152.6,29.04,33.31,33.85,92.5,15.8,57.300000000000004,100.0,237.5,2897.0,1.42,36.65,14.99,7.03,35.95,28.96,1.0,241.0,1200.0
55802.305,0.0,140.0,91.60000000000001,22.64,15.97,171.0,33.300000000000004,152.8,28.97,33.27,33.800000000000004,93.5,15.9,57.0,100.0,241.0,2897.0,1.48,36.75,15.0,6.99,35.92,29.05,1.0,241.0,1200.0
55862.305,0.0,140.0,91.4,22.72,15.99,171.0,33.45,150.1,29.12,33.31,33.75,92.0,15.75,57.300000000000004,99.5,245.5,2897.0,1.43,36.7,14.99,7.07,35.980000000000004,28.94,0.0,238.5,1200.0
55922.305,0.0,140.0,92.30000000000001,22.67,16.080000000000002,171.0,33.550000000000004,151.5,28.990000000000002,33.27,33.75,92.0,15.700000000000001,57.900000000000006,99.80000000000001,244.0,2897.0,1.37,36.75,15.01,7.0600000000000005,35.96,29.07,0.0,244.5,1200.0
55982.304,0.0,140.0,90.5,22.69,15.96,170.0,33.45,149.6,29.060000000000002,33.27,34.0,93.5,15.8,58.1,99.60000000000001,239.5,2900.0,1.37,36.7,15.01,7.01,36.0,29.02,0.0,239.0,1200.0
56042.304,0.0,140.0,91.9,22.650000000000002,16.04,172.5,33.300000000000004,152.0,29.0,33.35,34.0,94.0,15.75,57.6,100.0,241.5,2899.0,1.3800000000000001,36.75,14.94,6.96,35.96,29.02,1.0,242.0,1200.0
56102.304,0.0,140.0,90.5,22.76,15.96,172.0,33.6,150.8,28.98,33.29,33.800000000000004,93.0,15.8,58.1,100.0,240.5,2895.0,1.44,36.85,14.97,7.08,35.95,28.96,0.0,240.5,1200.0
56162.304,0.0,140.0,90.4,22.69,16.02,171.5,33.5,151.3,28.91,33.37,33.85,94.0,15.65,57.0,99.80000000000001,239.5,2898.0,1.41,36.95,14.98,7.0200000000000005,35.97,28.98,1.0,243.0,1200.0
56222.304,0.0,140.0,89.10000000000001,22.71,15.98,173.0,33.4,152.4,28.900000000000002,33.33,33.95,93.5,15.700000000000001,57.6,100.0,239.5,2903.0,1.51,36.85,14.99,7.03,36.09,29.0,1.0,239.5,1200.0
56282.304,0.0,140.0,91.60000000000001,22.68,15.950000000000001,171.0,33.5,150.70000000000002,28.97,33.22,33.95,92.5,15.75,57.1,99.80000000000001,245.5,2896.0,1.51,36.7,14.950000000000001,6.94,36.04,29.02,0.0,240.0,1200.0
56342.304,0.0,140.0,91.60000000000001,22.66,16.03,171.0,33.4,151.5,29.080000000000002,33.38,33.95,92.5,15.65,57.400000000000006,99.9,244.5,2891.0,1.3800000000000001,36.65,15.040000000000001,7.0200000000000005,35.99,29.02,0.0,240.5,1200.0
56402.304,0.0,140.0,90.2,22.7,16.01,172.5,33.5,151.3,29.09,33.37,33.9,91.5,15.700000000000001,57.2,100.0,236.5,2894.0,1.44,36.75,15.02,6.99,36.08,29.060000000000002,1.0,241.5,1200.0
56462.304,0.0,140.0,91.80000000000001,22.64,15.91,172.0,33.4,152.4,29.080000000000002,33.28,33.95,94.0,15.700000000000001,57.5,99.60000000000001,241.5,2898.0,1.37,36.75,14.950000000000001,6.96,36.01,29.04,0.0,240.5,1200.0
56522.304,0.0,140.0,91.4,22.56,15.950000000000001,172.0,33.5,152.4,28.93,33.26,33.95,93.5,15.55,56.900000000000006,100.0,241.0,2892.0,1.25,36.800000000000004,15.030000000000001,7.01,35.9,28.96,3.0,239.0,1200.0
56582.304,0.0,140.0,90.60000000000001,22.67,15.93,172.0,33.4,150.0,29.02,33.22,33.85,93.0,15.8,57.300000000000004,99.60000000000001,243.5,2890.0,1.41,36.65,15.05,7.0200000000000005,35.93,28.97,0.0,237.5,1200.0
56642.303,0.0,140.0,92.10000000000001,22.67,15.93,172.0,33.45,150.20000000000002,28.93,33.33,33.800000000000004,93.0,15.75,57.400000000000006,100.0,235.5,2890.0,1.3,36.65,14.96,7.05,36.01,29.0,0.0,240.5,1200.0
56702.303,0.0,140.0,91.5,22.64,15.97,170.5,33.4,151.4,29.02,33.35,33.9,93.5,15.700000000000001,57.2,99.9,240.0,2888.0,1.5,36.7,14.99,6.98,35.99,29.03,0.0,236.0,1200.0
56762.303,0.0,140.0,91.10000000000001,22.64,16.02,169.5,33.25,150.20000000000002,28.98,33.230000000000004,33.9,92.0,15.700000000000001,57.6,100.0,240.0,2895.0,1.3800000000000001,36.65,15.05,7.03,36.07,29.04,0.0,241.5,1200.0
56822.303,0.0,140.0,90.30000000000001,22.7,15.96,171.0,33.35,150.6,28.95,33.25,33.7,92.0,15.65,57.300000000000004,99.80000000000001,242.5,2888.0,1.4000000000000001,36.7,15.0,6.93,36.02,29.04,0.0,244.0,1200.0
56882.303,0.0,140.0,90.4,22.68,15.97,173.5,33.300000000000004,151.4,29.04,33.32,33.800000000000004,93.5,15.700000000000001,57.6,100.0,238.5,2892.0,1.44,36.6,15.06,6.92,36.06,28.990000000000002,0.0,240.5,1200.0
56942.303,0.0,140.0,90.9,22.72,15.96,170.0,33.5,151.6,28.91,33.26,33.9,93.5,15.950000000000001,57.2,100.0,239.5,2886.0,1.44,36.75,14.98,7.0,35.93,28.96,1.0,240.0,1200.0
57002.303,0.0,140.0,90.4,22.71,15.96,170.0,33.5,151.1,28.89,33.22,33.800000000000004,93.0,15.600000000000001,57.400000000000006,99.60000000000001,238.5,2883.0,1.36,36.65,15.06,6.95,35.99,28.97,0.0,241.5,1200.0
57062.303,0.0,140.0,91.0,22.650000000000002,15.97,172.0,33.5,152.20000000000002,28.92,33.28,33.800000000000004,93.0,15.75,57.300000000000004,99.7,239.5,2891.0,1.45,36.65,14.93,6.99,35.95,28.96,2.0,237.0,1200.0
57122.303,0.0,140.0,93.0,22.650000000000002,16.01,172.0,33.5,152.6,29.05,33.21,33.7,93.0,15.8,57.400000000000006,99.9,239.0,2891.0,1.34,36.6,15.01,7.01,36.03,28.990000000000002,0.0,243.0,1200.0
57182.303,0.0,140.0,90.4,22.62,15.91,170.5,33.4,150.9,28.88,33.21,33.800000000000004,92.0,15.65,57.300000000000004,100.0,237.5,2892.0,1.28,36.7,15.05,7.0,36.03,29.03,0.0,237.5,1200.0
57242.303,0.0,140.0,90.7,22.66,16.01,171.5,33.35,151.3,28.91,33.3,33.75,93.0,15.700000000000001,57.2,100.0,237.0,2888.0,1.33,36.7,15.02,7.04,36.03,28.98,1.0,242.5,1200.0
57302.303,0.0,140.0,89.9,22.67,15.97,173.5,33.5,151.1,28.97,33.22,33.7,92.0,15.65,57.300000000000004,100.0,239.5,2888.0,1.35,36.75,15.030000000000001,7.0,35.95,29.04,0.0,236.5,1200.0
57362.302,0.0,140.0,90.60000000000001,22.68,16.09,170.0,33.45,151.0,28.96,33.230000000000004,33.85,92.0,15.75,57.300000000000004,99.5,241.5,2889.0,1.49,36.65,14.96,6.97,35.88,28.97,3.0,239.5,1200.0
57422.302,0.0,140.0,91.60000000000001,22.6,16.05,171.5,33.2,151.70000000000002,29.05,33.24,33.7,93.5,15.65,56.900000000000006,100.0,239.5,2892.0,1.35,36.550000000000004,15.01,7.03,35.94,28.91,2.0,236.0,1200.0
57482.302,0.0,140.0,90.60000000000001,22.54,15.99,171.5,33.4,150.1,29.02,33.29,33.85,94.0,15.65,57.1,99.80000000000001,243.0,2892.0,1.45,36.5,14.99,6.97,36.07,29.1,0.0,238.0,1200.0
57542.302,0.0,140.0,89.4,22.69,16.09,174.0,33.5,152.6,28.97,33.24,33.75,90.5,15.600000000000001,58.2,100.0,238.0,2887.0,1.46,36.75,15.040000000000001,7.01,35.95,28.95,1.0,240.5,1200.0
57602.302,0.0,140.0,91.2,22.650000000000002,15.950000000000001,172.5,33.35,151.9,29.0,33.42,33.85,91.0,15.700000000000001,57.300000000000004,100.0,239.5,2894.0,1.58,36.75,15.02,7.08,36.1,29.03,0.0,244.5,1200.0
57662.302,0.0,140.0,92.10000000000001,22.66,15.99,173.0,33.25,153.20000000000002,29.05,33.32,33.75,94.0,15.65,57.800000000000004,99.9,241.5,2891.0,1.28,36.800000000000004,15.02,7.01,36.01,28.97,0.0,240.5,1200.0
57722.302,0.0,140.0,91.0,22.6,16.01,172.5,33.5,150.6,28.96,33.26,33.800000000000004,92.0,15.8,57.1,100.0,240.5,2887.0,1.23,36.6,14.93,7.09,36.0,29.060000000000002,0.0,234.5,1200.0
57782.302,0.0,140.0,91.80000000000001,22.62,15.97,169.5,33.550000000000004,153.20000000000002,29.0,33.3,33.85,92.0,15.65,57.2,99.9,234.0,2890.0,1.47,36.85,14.950000000000001,6.98,35.97,28.990000000000002,0.0,238.0,1200.0
57842.302,0.0,140.0,92.2,22.68,16.01,171.5,33.45,152.1,29.060000000000002,33.3,33.75,93.0,15.65,57.400000000000006,100.0,241.5,2893.0,1.48,36.65,14.97,7.01,36.06,29.03,0.0,240.5,1200.0
57902.302,0.0,140.0,90.60000000000001,22.59,16.04,172.0,33.300000000000004,150.5,28.92,33.3,33.85,93.0,15.75,56.800000000000004,100.0,238.0,2892.0,1.34,36.6,15.0,6.99,36.1,29.04,0.0,236.0,1200.0
57962.302,0.0,140.0,90.9,22.66,16.0,171.5,33.4,150.70000000000002,28.990000000000002,33.29,33.85,91.5,15.75,57.7,99.80000000000001,238.0,2886.0,1.19,36.75,14.99,7.0200000000000005,35.97,29.03,0.0,238.0,1200.0
58022.302,0.0,140.0,91.4,22.62,15.950000000000001,172.5,33.300000000000004,153.20000000000002,28.87,33.230000000000004,33.85,91.5,15.850000000000001,57.1,99.80000000000001,238.5,2892.0,1.34,36.65,15.05,6.97,35.88,29.060000000000002,0.0,237.5,1200.0
58082.301,0.0,140.0,91.4,22.55,15.96,174.0,33.25,151.70000000000002,28.96,33.31,33.75,94.5,15.75,57.300000000000004,99.80000000000001,237.5,2893.0,1.3900000000000001,36.6,14.96,7.0600000000000005,35.99,29.09,1.0,243.0,1200.0
58142.301,0.0,140.0,90.5,22.68,16.11,173.0,33.4,152.3,28.98,33.26,33.9,94.0,15.700000000000001,57.7,99.4,242.5,2892.0,1.29,36.7,14.92,6.98,35.99,28.89,0.0,243.0,1200.0
58202.301,0.0,140.0,90.2,22.68,16.05,171.0,33.45,149.5,28.990000000000002,33.19,33.800000000000004,92.5,15.75,57.400000000000006,100.0,235.0,2893.0,1.25,36.6,14.96,6.94,35.96,28.98,0.0,238.5,1200.0
58262.301,0.0,140.0,89.2,22.63,16.06,173.0,33.35,150.9,28.87,33.25,33.75,93.5,15.75,57.400000000000006,100.0,234.5,2891.0,1.4000000000000001,36.65,15.07,7.01,36.1,29.03,0.0,237.5,1200.0
58322.301,0.0,140.0,92.30000000000001,22.62,16.07,172.0,33.4,151.6,29.02,33.21,33.9,93.0,15.65,57.5,100.0,240.0,2890.0,1.29,36.550000000000004,15.0,6.97,35.94,29.1,1.0,236.0,1200.0
58382.301,0.0,140.0,91.2,22.68,16.02,172.0,33.45,151.4,28.91,33.230000000000004,33.85,93.5,15.65,57.6,100.0,239.5,2895.0,1.29,36.6,15.0,6.97,35.92,28.990000000000002,0.0,236.5,1200.0
58442.301,0.0,140.0,91.7,22.56,16.0,173.0,33.4,150.1,28.93,33.26,33.800000000000004,91.0,15.65,57.300000000000004,99.60000000000001,238.0,2894.0,1.46,36.65,15.02,7.0200000000000005,35.980000000000004,28.94,2.0,239.5,1200.0
58502.301,0.0,140.0,92.30000000000001,22.64,15.99,170.0,33.45,151.4,28.91,33.27,33.75,91.5,15.75,57.6,99.9,243.5,2891.0,1.4000000000000001,36.65,15.030000000000001,6.99,35.980000000000004,29.01,2.0,240.0,1200.0
58562.301,0.0,140.0,89.10000000000001,22.67,15.98,171.5,33.45,150.9,28.990000000000002,33.27,33.75,91.5,15.700000000000001,57.300000000000004,99.80000000000001,239.5,2890.0,1.43,36.6,15.07,7.0,36.07,28.92,2.0,241.0,1200.0
58622.301,0.0,140.0,91.4,22.67,15.98,170.5,33.45,150.3,29.01,33.29,33.800000000000004,92.5,15.850000000000001,56.7,100.0,241.5,2887.0,1.44,36.75,14.97,7.01,35.94,28.88,2.0,240.5,1200.0
58682.301,0.0,140.0,92.80000000000001,22.57,15.93,173.5,33.4,152.6,28.93,33.28,33.95,94.5,15.700000000000001,56.900000000000006,100.0,238.5,2902.0,1.31,36.7,15.09,6.92,35.99,29.0,0.0,242.5,1200.0
58742.301,0.0,140.0,91.30000000000001,22.61,16.03,170.5,33.6,151.0,28.97,33.230000000000004,33.9,93.0,15.950000000000001,56.900000000000006,100.0,239.5,2888.0,1.47,36.85,14.97,6.99,36.07,28.94,2.0,236.5,1200.0
58802.301,0.0,140.0,92.0,22.57,16.0,173.0,33.35,150.4,28.990000000000002,33.28,33.9,93.5,15.8,57.400000000000006,99.5,240.0,2893.0,1.44,36.6,15.05,7.07,36.1,29.07,0.0,238.5,1200.0
58862.3,0.0,140.0,90.7,22.69,15.97,173.0,33.45,152.4,29.060000000000002,33.26,33.85,93.0,15.65,57.6,99.9,242.5,2889.0,1.41,36.75,15.05,6.99,36.03,28.98,2.0,236.0,1200.0
58922.3,0.0,140.0,90.7,22.64,16.03,172.5,33.6,151.20000000000002,29.04,33.32,33.800000000000004,91.5,15.8,57.2,99.7,244.0,2893.0,1.3900000000000001,36.75,15.0,7.0200000000000005,35.94,28.92,0.0,244.0,1200.0
58982.3,0.0,140.0,91.9,22.64,16.04,170.5,33.550000000000004,152.1,29.060000000000002,33.28,33.7,92.5,15.600000000000001,56.800000000000004,99.7,241.0,2892.0,1.36,36.550000000000004,14.97,6.97,36.04,29.05,4.0,238.0,1200.0
59042.3,0.0,140.0,91.30000000000001,22.6,16.01,172.0,33.4,150.9,29.03,33.32,33.75,93.5,15.8,57.6,99.9,235.5,2894.0,1.19,36.6,15.02,7.03,36.0,28.93,0.0,241.5,1200.0
59102.3,0.0,140.0,90.10000000000001,22.6,16.07,172.0,33.45,152.3,29.03,33.22,33.85,91.5,15.700000000000001,57.2,100.0,243.0,2890.0,1.31,36.6,14.97,6.96,36.02,29.05,2.0,237.5,1200.0
59162.3,0.0,140.0,88.4,22.68,15.92,172.5,33.5,150.3,28.97,33.26,33.75,90.0,15.700000000000001,57.5,99.7,237.5,2890.0,1.45,36.65,15.0,7.05,35.96,28.97,2.0,243.0,1200.0
59222.3,0.0,140.0,91.30000000000001,22.63,16.07,172.0,33.35,150.70000000000002,28.990000000000002,33.160000000000004,33.85,92.0,15.65,57.400000000000006,100.0,236.0,2891.0,1.28,36.6,15.01,7.0,35.99,29.02,0.0,236.5,1200.0
59282.3,0.0,140.0,90.80000000000001,22.67,15.99,170.5,33.5,151.9,29.01,33.28,33.85,92.5,15.65,56.900000000000006,100.0,241.0,2887.0,1.3800000000000001,36.65,15.02,7.07,36.06,28.990000000000002,1.0,240.0,1200.0
59342.3,0.0,140.0,92.60000000000001,22.63,16.0,172.5,33.5,150.8,28.990000000000002,33.37,33.800000000000004,91.0,15.8,57.5,100.0,239.5,2897.0,1.4000000000000001,36.7,14.97,7.11,35.99,28.990000000000002,0.0,246.0,1200.0
59402.3,0.0,140.0,91.7,22.6,15.96,173.5,33.5,151.1,29.03,33.34,34.0,91.5,15.700000000000001,57.2,99.9,240.5,2896.0,1.53,36.65,15.01,7.09,36.06,29.03,1.0,237.5,1200.0
59462.3,0.0,140.0,91.30000000000001,22.650000000000002,16.03,173.0,33.45,151.3,29.04,33.410000000000004,33.9,93.0,15.75,57.2,100.0,242.0,2893.0,1.47,36.7,15.06,7.05,36.050000000000004,29.060000000000002,4.0,237.5,1200.0
59522.3,0.0,140.0,90.30000000000001,22.72,15.950000000000001,174.0,33.45,151.6,29.04,33.34,33.800000000000004,92.5,15.65,57.300000000000004,100.0,241.0,2897.0,1.4000000000000001,36.7,14.96,7.0200000000000005,36.02,28.990000000000002,2.0,236.5,1200.0
59582.299,0.0,140.0,91.2,22.61,16.04,171.0,33.5,151.9,28.98,33.32,33.7,91.0,15.75,57.5,100.0,236.0,2895.0,1.45,36.6,15.0,6.97,35.980000000000004,29.0,2.0,241.5,1200.0
59642.299,0.0,140.0,90.9,22.68,16.1,171.5,33.45,151.8,29.07,33.36,33.95,92.5,15.700000000000001,56.900000000000006,100.0,241.0,2887.0,1.22,36.9,14.98,7.0200000000000005,35.980000000000004,29.0,1.0,240.5,1200.0
59702.299,0.0,140.0,91.0,22.67,16.03,170.5,33.550000000000004,150.6,29.080000000000002,33.36,34.0,92.5,15.75,57.400000000000006,100.0,238.5,2898.0,1.34,36.75,15.02,7.0200000000000005,36.04,29.11,0.0,237.5,1200.0
59762.299,0.0,140.0,92.10000000000001,22.67,16.04,170.5,33.5,151.0,29.03,33.29,33.800000000000004,91.5,15.700000000000001,57.2,99.5,239.5,2896.0,1.33,36.7,15.08,7.03,36.03,29.07,1.0,244.5,1200.0
59822.299,0.0,140.0,90.7,22.62,16.01,171.0,33.45,151.5,29.07,33.29,33.9,92.0,15.75,57.6,100.0,237.5,2890.0,1.3800000000000001,36.7,15.02,6.99,35.980000000000004,28.990000000000002,0.0,243.5,1200.0
59882.299,0.0,140.0,90.7,22.72,16.07,173.5,33.5,152.70000000000002,29.080000000000002,33.37,33.75,93.0,15.700000000000001,57.2,100.0,242.5,2897.0,1.48,36.7,14.98,7.0,36.0,28.94,0.0,241.0,1200.0
59942.299,0.0,140.0,92.9,22.650000000000002,16.0,173.5,33.45,152.0,29.1,33.4,33.800000000000004,91.5,15.700000000000001,57.5,100.0,242.0,2897.0,1.29,36.85,14.93,7.0200000000000005,35.97,29.05,1.0,242.5,1200.0
60002.299,0.0,140.0,90.10000000000001,22.66,16.02,173.5,33.5,151.70000000000002,29.0,33.39,33.95,92.5,15.75,57.5,99.9,242.5,2898.0,1.28,36.9,15.02,6.98,36.04,29.02,0.0,239.5,1200.0
60062.299,0.0,140.0,91.10000000000001,22.75,15.94,173.5,33.550000000000004,152.5,29.05,33.39,33.85,92.5,15.65,57.900000000000006,100.0,240.0,2895.0,1.29,36.75,15.06,7.04,36.06,28.990000000000002,0.0,238.5,1200.0
60122.299,0.0,140.0,89.7,22.78,16.05,170.0,33.45,151.4,28.990000000000002,33.42,33.75,92.5,15.75,58.2,99.80000000000001,244.5,2892.0,1.32,36.800000000000004,15.01,6.99,36.0,28.990000000000002,0.0,240.0,1200.0
60182.299,0.0,140.0,90.80000000000001,22.71,16.03,171.5,33.4,151.20000000000002,28.990000000000002,33.38,33.9,93.0,15.8,57.7,100.0,245.5,2897.0,1.28,36.800000000000004,14.97,7.01,36.08,29.01,2.0,239.0,1200.0
60242.299,0.0,140.0,91.7,22.67,16.02,171.5,33.35,152.5,29.03,33.31,33.800000000000004,90.5,15.700000000000001,57.6,99.7,240.0,2894.0,1.47,36.9,14.96,6.94,36.01,29.01,0.0,242.0,1200.0
60302.299,0.0,140.0,91.4,22.7,15.96,171.0,33.5,153.4,29.02,33.37,33.85,91.5,15.55,57.400000000000006,100.0,240.5,2894.0,1.31,36.9,14.99,6.98,35.980000000000004,29.01,1.0,240.5,1200.0
60362.298,0.0,140.0,90.60000000000001,22.63,15.96,172.0,33.35,151.4,28.990000000000002,33.33,33.85,91.5,15.850000000000001,57.400000000000006,99.7,243.0,2900.0,1.34,36.85,15.0,7.01,35.99,29.02,1.0,239.5,1200.0
60422.298,0.0,140.0,89.7,22.61,16.03,173.0,33.6,151.20000000000002,28.98,33.27,33.800000000000004,94.0,15.8,58.0,99.7,238.5,2895.0,1.36,36.7,14.91,6.97,35.980000000000004,28.97,0.0,244.0,1200.0
60482.298,0.0,140.0,91.30000000000001,22.61,16.080000000000002,172.0,33.5,150.3,28.98,33.38,33.85,94.5,15.850000000000001,57.2,99.5,239.5,2897.0,1.44,36.7,15.0,6.98,36.03,28.95,0.0,242.0,1200.0
60542.298,0.0,140.0,91.7,22.67,16.0,171.5,33.5,153.20000000000002,29.03,33.29,33.75,92.0,15.65,57.5,100.0,245.5,2895.0,1.35,36.75,15.02,7.03,36.050000000000004,28.98,0.0,240.5,1200.0
60602.298,0.0,140.0,89.7,22.66,15.97,172.0,33.45,149.4,28.91,33.31,33.7,94.5,15.700000000000001,57.0,100.0,242.0,2892.0,1.21,36.800000000000004,14.99,7.0600000000000005,35.94,28.89,0.0,236.5,1200.0
60662.298,0.0,140.0,89.10000000000001,22.650000000000002,15.92,172.5,33.4,150.0,29.03,33.43,33.9,93.5,15.8,58.0,99.4,243.5,2899.0,1.32,36.7,15.040000000000001,6.97,35.95,28.990000000000002,0.0,239.5,1200.0
60722.298,0.0,140.0,92.30000000000001,22.64,16.04,172.0,33.5,151.70000000000002,29.02,33.27,33.85,94.0,15.65,57.300000000000004,100.0,243.0,2893.0,1.47,36.800000000000004,15.06,7.01,35.980000000000004,28.93,0.0,241.0,1200.0
60782.298,0.0,140.0,92.60000000000001,22.69,15.99,172.0,33.45,150.8,29.01,33.410000000000004,33.7,92.5,15.75,57.300000000000004,99.9,242.0,2897.0,1.49,36.85,14.97,6.97,35.99,29.09,1.0,235.0,1200.0
60842.298,0.0,140.0,91.10000000000001,22.6,16.04,173.0,33.4,150.5,29.05,33.29,33.85,91.5,15.8,57.900000000000006,99.9,243.5,2896.0,1.49,36.75,14.99,6.98,36.07,29.09,0.0,243.0,1200.0
60902.298,0.0,140.0,91.80000000000001,22.580000000000002,16.03,171.5,33.550000000000004,151.70000000000002,28.95,33.410000000000004,33.95,92.0,15.65,57.5,100.0,236.5,2895.0,1.47,36.7,15.0,6.98,35.99,28.990000000000002,2.0,241.0,1200.0
60962.298,0.0,140.0,92.5,22.67,15.93,171.0,33.35,151.4,29.05,33.29,33.85,93.0,15.600000000000001,57.400000000000006,100.0,240.0,2895.0,1.48,36.85,14.96,7.01,35.910000000000004,28.85,1.0,240.5,1200.0
61022.298,0.0,140.0,90.5,22.67,15.98,173.5,33.550000000000004,150.9,29.060000000000002,33.29,33.75,94.5,15.65,57.7,100.0,239.5,2897.0,1.58,36.75,14.94,6.99,36.02,28.98,2.0,240.0,1200.0
61082.298,0.0,140.0,90.9,22.71,15.99,173.0,33.550000000000004,152.0,29.01,33.4,33.9,93.5,15.600000000000001,57.7,100.0,241.0,2896.0,1.3900000000000001,36.75,14.98,6.99,35.96,29.060000000000002,1.0,238.5,1200.0
61142.297,0.0,140.0,89.9,22.66,15.98,171.0,33.4,151.5,29.0,33.32,33.85,92.0,15.700000000000001,57.300000000000004,100.0,242.5,2894.0,1.47,36.7,14.99,6.97,35.92,28.98,0.0,239.5,1200.0
61202.297,0.0,140.0,91.2,22.650000000000002,15.92,171.0,33.300000000000004,153.3,28.97,33.28,33.9,93.5,15.65,57.0,100.0,242.5,2899.0,1.3900000000000001,36.800000000000004,14.99,6.97,35.96,29.03,0.0,243.5,1200.0
61262.297,0.0,140.0,90.0,22.66,15.98,171.5,33.550000000000004,152.0,29.05,33.34,33.95,93.0,15.65,57.5,99.9,242.0,2891.0,1.42,36.800000000000004,15.0,6.99,35.910000000000004,28.95,0.0,242.5,1200.0
61322.297,0.0,140.0,88.80000000000001,22.71,15.99,171.0,33.5,150.6,28.93,33.31,33.95,93.5,15.75,57.1,99.9,243.0,2896.0,1.58,36.800000000000004,15.01,7.0600000000000005,36.04,29.04,2.0,245.0,1200.0
61382.297,0.0,140.0,91.80000000000001,22.66,16.02,172.5,33.4,151.9,28.95,33.31,33.9,92.5,15.700000000000001,57.800000000000004,100.0,241.5,2895.0,1.32,36.800000000000004,14.99,7.01,36.02,29.04,1.0,239.0,1200.0
61442.297,0.0,140.0,92.10000000000001,22.68,16.02,171.0,33.45,150.8,28.900000000000002,33.44,33.85,91.5,15.700000000000001,57.7,100.0,243.5,2897.0,1.4000000000000001,36.75,14.96,7.0200000000000005,35.97,28.990000000000002,1.0,240.0,1200.0
61502.297,0.0,140.0,91.60000000000001,22.61,15.93,173.5,33.45,152.1,28.89,33.25,33.800000000000004,92.0,15.5,57.6,99.5,238.5,2895.0,1.32,36.7,14.99,6.97,36.03,28.97,0.0,237.0,1200.0
61562.297,0.0,140.0,90.9,22.69,15.93,172.0,33.4,151.8,28.900000000000002,33.25,33.75,93.5,15.700000000000001,58.2,99.80000000000001,235.5,2897.0,1.3800000000000001,36.75,14.97,7.03,36.06,28.98,1.0,239.0,1200.0
61622.297,0.0,140.0,91.4,22.67,15.97,169.5,33.300000000000004,151.4,28.89,33.21,33.75,93.0,15.850000000000001,57.6,100.0,240.0,2893.0,1.3,36.7,14.96,7.01,36.0,28.97,0.0,238.0,1200.0
61682.297,0.0,140.0,90.2,22.67,15.98,169.5,33.45,151.4,29.060000000000002,33.12,33.75,92.5,15.75,57.800000000000004,100.0,241.0,2895.0,1.36,36.75,15.030000000000001,7.0,36.0,29.060000000000002,0.0,241.0,1200.0
61742.297,0.0,140.0,91.30000000000001,22.650000000000002,15.97,170.5,33.550000000000004,151.6,28.96,33.27,33.800000000000004,94.0,15.75,57.900000000000006,99.80000000000001,245.0,2883.0,1.37,36.65,14.99,6.99,35.980000000000004,28.990000000000002,0.0,236.5,1200.0
61802.297,0.0,140.0,92.2,22.69,15.99,171.5,33.25,151.3,28.93,33.19,33.65,91.5,15.8,57.2,99.80000000000001,239.5,2884.0,1.45,36.800000000000004,14.92,6.97,35.910000000000004,28.97,0.0,240.0,1200.0
61862.297,0.0,140.0,90.9,22.64,16.01,170.5,33.25,153.1,28.82,33.2,33.75,92.0,15.9,57.5,100.0,239.0,2887.0,1.37,36.7,14.97,6.96,36.02,28.94,2.0,239.0,1200.0
61922.296,0.0,140.0,91.0,22.68,15.96,171.0,33.300000000000004,152.70000000000002,28.88,33.21,33.75,89.5,15.700000000000001,57.6,100.0,238.5,2885.0,1.49,36.800000000000004,14.97,7.0,36.03,28.98,0.0,242.5,1200.0
61982.296,0.0,140.0,90.60000000000001,22.64,16.03,172.0,33.2,151.9,28.93,33.26,33.7,91.0,15.700000000000001,58.1,100.0,239.5,2892.0,1.3900000000000001,36.7,15.02,7.01,36.03,28.94,1.0,240.0,1200.0
62042.296,0.0,140.0,91.60000000000001,22.64,15.99,171.0,33.35,149.9,28.92,33.21,33.75,94.0,15.850000000000001,57.2,99.9,244.0,2893.0,1.5,36.65,14.98,7.03,36.04,29.060000000000002,1.0,240.5,1200.0
62102.296,0.0,140.0,92.4,22.67,15.96,172.5,33.300000000000004,150.5,28.85,33.29,33.85,91.0,15.9,57.6,100.0,243.0,2890.0,1.41,36.6,15.06,6.95,35.94,29.05,0.0,240.0,1200.0
62162.296,0.0,140.0,92.2,22.69,15.98,170.5,33.45,152.5,29.060000000000002,33.27,33.9,93.5,15.8,57.300000000000004,99.7,237.5,2890.0,1.23,36.800000000000004,14.96,7.07,35.980000000000004,28.96,0.0,239.5,1200.0
62222.296,0.0,140.0,91.10000000000001,22.6,16.01,172.0,33.45,152.4,28.95,33.19,33.85,91.5,15.9,57.1,100.0,241.5,2893.0,1.33,36.65,15.0,7.0,35.96,28.89,0.0,238.0,1200.0
62282.296,0.0,140.0,90.9,22.68,15.950000000000001,174.5,33.45,151.4,28.94,33.28,33.95,92.0,15.75,58.2,99.9,238.0,2895.0,1.41,36.550000000000004,14.97,6.99,35.99,29.02,1.0,235.5,1200.0
62342.296,0.0,140.0,92.2,22.66,16.05,172.0,33.4,150.9,28.97,33.19,33.800000000000004,92.5,15.700000000000001,57.2,99.80000000000001,237.5,2887.0,1.37,36.65,15.06,7.04,36.08,29.02,1.0,233.5,1200.0
62402.296,0.0,140.0,91.5,22.61,16.02,171.5,33.45,150.9,29.05,33.25,33.85,92.5,15.65,57.2,100.0,236.5,2888.0,1.33,36.800000000000004,15.0,7.05,36.06,28.98,0.0,244.0,1200.0
62462.296,0.0,140.0,91.0,22.61,16.05,170.5,33.5,151.4,28.98,33.26,33.85,94.5,15.65,57.800000000000004,100.0,240.5,2894.0,1.4000000000000001,36.75,15.02,7.01,36.04,28.96,2.0,239.0,1200.0
62522.296,0.0,140.0,91.7,22.61,16.03,173.0,33.300000000000004,150.9,29.05,33.3,33.800000000000004,93.5,15.700000000000001,57.5,99.9,240.5,2892.0,1.53,36.75,15.040000000000001,7.0200000000000005,35.97,28.990000000000002,4.0,240.5,1200.0
62582.296,0.0,140.0,90.7,22.68,16.01,173.0,33.25,150.6,28.91,33.27,33.800000000000004,92.5,15.950000000000001,57.1,100.0,239.5,2896.0,1.37,36.75,15.02,7.08,35.97,28.94,0.0,240.0,1200.0
62642.296,0.0,140.0,90.7,22.67,16.04,170.0,33.45,150.5,29.01,33.33,33.85,91.5,15.8,57.0,99.80000000000001,242.5,2895.0,1.22,36.75,14.950000000000001,7.0200000000000005,36.0,28.990000000000002,1.0,238.5,1200.0
62702.295,0.0,140.0,90.30000000000001,22.69,16.06,170.5,33.4,149.5,29.0,33.31,33.95,90.5,15.75,57.5,99.60000000000001,237.5,2892.0,1.46,36.800000000000004,15.01,7.01,35.92,28.94,1.0,239.5,1200.0
62762.295,0.0,140.0,91.7,22.7,16.05,171.5,33.550000000000004,154.0,28.94,33.34,33.85,92.5,15.8,57.900000000000006,100.0,240.0,2894.0,1.47,36.7,15.01,7.05,36.04,28.96,0.0,237.5,1200.0
62822.295,0.0,140.0,89.30000000000001,22.61,16.0,174.0,33.65,151.5,28.92,33.33,33.75,93.0,15.850000000000001,57.2,99.5,241.0,2898.0,1.3900000000000001,36.75,14.99,7.0,36.01,29.0,0.0,239.5,1200.0
62882.295,0.0,140.0,91.10000000000001,22.66,16.03,170.5,33.45,152.20000000000002,29.04,33.37,33.800000000000004,92.0,15.700000000000001,57.2,100.0,239.5,2897.0,1.36,36.7,14.98,7.0200000000000005,36.0,28.990000000000002,2.0,243.5,1200.0
62942.295,0.0,140.0,90.9,22.63,16.02,170.5,33.5,151.5,29.01,33.45,33.95,92.5,15.600000000000001,57.400000000000006,99.80000000000001,242.0,2898.0,1.28,36.65,14.99,6.99,36.01,28.97,1.0,239.0,1200.0
63002.295,0.0,140.0,89.5,22.7,15.97,171.5,33.6,151.3,29.060000000000002,33.38,33.9,93.5,15.700000000000001,57.800000000000004,100.0,243.5,2897.0,1.31,36.65,15.02,7.08,35.95,28.96,2.0,240.0,1200.0
63062.295,0.0,140.0,90.10000000000001,22.61,16.02,173.0,33.35,152.5,29.14,33.34,33.85,91.5,15.75,57.7,100.0,245.5,2898.0,1.43,36.85,15.07,6.99,36.02,29.080000000000002,1.0,239.5,1200.0
63122.295,0.0,140.0,91.4,22.72,15.99,173.0,33.550000000000004,152.70000000000002,29.05,33.39,33.95,93.0,15.700000000000001,57.7,100.0,237.5,2897.0,1.33,36.75,15.02,7.04,36.0,29.0,0.0,240.0,1200.0
63182.295,0.0,140.0,88.4,22.67,16.0,172.0,33.45,150.1,29.02,33.32,33.85,93.0,15.65,57.5,99.5,238.5,2895.0,1.36,36.75,15.05,7.0200000000000005,36.03,29.01,3.0,238.0,1200.0
63242.295,0.0,140.0,90.7,22.69,16.0,170.0,33.550000000000004,150.3,29.03,33.25,34.050000000000004,91.5,15.65,57.2,100.0,240.0,2899.0,1.42,36.75,15.040000000000001,7.01,35.95,28.96,0.0,237.0,1200.0
63302.295,0.0,140.0,91.9,22.72,15.98,171.5,33.5,149.3,28.990000000000002,33.33,34.0,94.5,15.600000000000001,56.800000000000004,100.0,240.5,2894.0,1.48,36.6,15.040000000000001,7.03,35.94,29.060000000000002,0.0,243.0,1200.0
63362.295,0.0,140.0,89.2,22.69,15.93,172.0,33.45,151.70000000000002,29.07,33.34,33.9,93.0,15.8,56.900000000000006,100.0,241.5,2894.0,1.46,36.85,15.02,7.0,35.97,29.05,2.0,239.5,1200.0
63422.295,0.0,140.0,92.60000000000001,22.67,15.98,173.5,33.45,152.8,28.97,33.34,33.7,88.0,15.65,57.6,100.0,241.5,2896.0,1.26,36.7,14.98,7.0,36.02,29.04,0.0,238.5,1200.0
63482.295,0.0,140.0,91.4,22.6,15.98,170.0,33.5,151.8,29.0,33.3,33.85,93.0,15.850000000000001,57.6,99.9,243.0,2897.0,1.61,36.85,14.98,6.98,36.0,28.95,0.0,239.5,1200.0
63542.294,0.0,140.0,92.9,22.72,16.03,171.0,33.45,151.3,28.97,33.33,33.85,91.0,15.9,57.400000000000006,100.0,238.5,2889.0,1.42,36.65,15.05,7.03,35.980000000000004,29.05,0.0,245.5,1200.0
63602.294,0.0,140.0,90.7,22.7,16.0,169.5,33.25,149.8,28.97,33.230000000000004,33.9,93.0,15.75,57.400000000000006,100.0,238.5,2894.0,1.26,36.75,15.030000000000001,6.97,36.0,29.02,1.0,243.0,1200.0
63662.294,0.0,140.0,90.7,22.59,16.0,171.0,33.4,151.3,28.98,33.29,33.85,89.5,15.850000000000001,57.0,100.0,238.5,2887.0,1.42,36.7,14.97,7.01,35.94,28.96,0.0,241.5,1200.0
63722.294,0.0,140.0,92.7,22.66,15.98,171.0,33.4,151.20000000000002,28.990000000000002,33.31,33.75,94.5,15.65,57.2,100.0,237.5,2888.0,1.32,36.7,15.030000000000001,6.99,36.07,28.98,0.0,246.0,1200.0
63782.294,0.0,140.0,90.10000000000001,22.7,15.97,170.5,33.45,149.1,28.97,33.25,33.800000000000004,91.0,15.65,57.0,100.0,244.5,2892.0,1.44,36.800000000000004,15.030000000000001,6.96,35.97,28.95,0.0,242.5,1200.0
63842.294,0.0,140.0,91.4,22.63,16.02,168.5,33.5,150.9,28.990000000000002,33.14,33.75,91.5,15.75,57.400000000000006,100.0,244.0,2887.0,1.21,36.800000000000004,15.0,7.01,36.0,29.0,0.0,242.0,1200.0
63902.294,0.0,140.0,90.60000000000001,22.64,16.06,172.0,33.35,152.5,29.03,33.3,33.7,93.5,15.700000000000001,56.800000000000004,100.0,239.5,2889.0,1.33,36.65,15.030000000000001,6.96,35.99,28.95,1.0,238.5,1200.0
63962.294,0.0,140.0,91.4,22.66,15.98,171.0,33.35,150.1,28.94,33.28,33.7,91.0,15.700000000000001,57.5,100.0,235.0,2889.0,1.27,36.75,15.040000000000001,6.97,36.06,29.12,0.0,240.0,1200.0
64022.294,0.0,140.0,90.60000000000001,22.7,15.96,172.0,33.4,150.3,28.990000000000002,33.39,33.75,94.0,15.8,57.400000000000006,100.0,239.0,2893.0,1.47,36.7,15.05,7.04,35.980000000000004,29.03,0.0,240.0,1200.0
64082.294,0.0,140.0,90.2,22.63,16.01,171.5,33.45,152.1,28.94,33.27,33.9,94.5,15.75,57.300000000000004,99.7,242.5,2892.0,1.28,36.800000000000004,14.99,7.03,35.980000000000004,29.02,0.0,237.5,1200.0
64142.294,0.0,140.0,90.7,22.72,16.02,173.0,33.550000000000004,151.0,28.990000000000002,33.25,33.800000000000004,92.5,15.700000000000001,57.300000000000004,99.7,242.5,2893.0,1.37,36.6,15.02,7.05,35.97,28.98,0.0,238.0,1200.0
64202.294,0.0,140.0,89.4,22.59,16.06,172.5,33.25,151.4,28.990000000000002,33.26,33.800000000000004,93.5,15.8,57.0,99.60000000000001,236.0,2893.0,1.3800000000000001,36.85,14.96,7.08,36.02,28.990000000000002,0.0,239.5,1200.0
64262.294,0.0,140.0,91.10000000000001,22.68,15.97,170.5,33.4,152.3,29.04,33.230000000000004,33.9,92.5,15.75,57.6,99.9,242.0,2889.0,1.3800000000000001,36.550000000000004,15.030000000000001,7.03,36.0,29.0,2.0,242.0,1200.0
64322.294,0.0,140.0,91.0,22.67,16.02,174.5,33.35,150.5,29.04,33.29,33.9,93.0,15.75,57.6,99.9,235.0,2891.0,1.32,36.75,15.030000000000001,7.01,35.94,29.02,1.0,237.5,1200.0
64382.293,0.0,140.0,91.2,22.76,16.0,174.0,33.35,151.0,28.98,33.27,33.85,91.5,15.65,57.1,99.9,241.0,2891.0,1.58,36.800000000000004,14.99,6.99,35.980000000000004,28.88,0.0,239.0,1200.0
64442.293,0.0,140.0,90.9,22.69,15.96,170.5,33.550000000000004,150.9,28.990000000000002,33.32,33.65,93.0,15.75,57.5,100.0,243.5,2892.0,1.35,36.6,14.950000000000001,7.04,36.07,29.04,2.0,242.5,1200.0
64502.293,0.0,140.0,91.2,22.73,16.06,170.5,33.35,150.3,28.92,33.25,33.75,90.5,15.75,57.6,99.30000000000001,240.5,2896.0,1.48,36.65,14.98,7.0,36.07,28.97,1.0,241.0,1200.0
64562.293,0.0,140.0,91.80000000000001,22.73,16.12,171.0,33.4,151.4,28.87,33.19,33.75,94.0,15.8,57.6,99.9,239.0,2896.0,1.35,36.75,14.99,7.01,35.99,29.03,1.0,238.5,1200.0
64622.293,0.0,140.0,90.80000000000001,22.75,15.950000000000001,173.0,33.25,151.1,28.98,33.29,33.7,92.5,15.55,57.800000000000004,100.0,239.5,2897.0,1.51,36.75,15.01,6.92,35.95,29.03,0.0,242.0,1200.0
64682.293,0.0,140.0,91.30000000000001,22.71,16.04,171.0,33.35,152.3,28.87,33.25,33.75,92.0,15.700000000000001,58.0,100.0,240.0,2892.0,1.44,36.6,15.01,7.0,36.03,28.94,2.0,243.5,1200.0
64742.293,0.0,140.0,91.10000000000001,22.740000000000002,16.04,170.0,33.25,150.70000000000002,28.92,33.21,33.7,93.5,15.55,58.2,100.0,237.5,2894.0,1.25,36.5,15.030000000000001,6.99,35.9,28.94,0.0,243.5,1200.0
64802.293,0.0,140.0,91.30000000000001,22.72,16.11,172.0,33.35,151.9,28.85,33.14,33.85,93.0,15.700000000000001,57.800000000000004,100.0,246.0,2894.0,1.43,36.7,15.01,7.0600000000000005,36.03,28.91,1.0,243.0,1200.0
64862.293,0.0,140.0,91.0,22.62,15.96,173.0,33.4,151.3,28.88,33.27,33.65,93.5,15.600000000000001,57.6,100.0,235.5,2892.0,1.3800000000000001,36.65,15.01,6.98,36.07,28.990000000000002,0.0,239.0,1200.0
64922.293,0.0,140.0,91.5,22.43,15.89,169.5,33.300000000000004,151.1,28.93,33.11,33.7,92.0,15.600000000000001,57.2,100.0,242.0,2888.0,1.44,36.75,15.040000000000001,6.91,36.01,28.98,0.0,238.5,1200.0
64982.293,0.0,140.0,89.80000000000001,22.36,15.870000000000001,169.5,33.25,151.3,28.86,33.11,33.75,89.5,15.600000000000001,56.5,99.80000000000001,234.5,2882.0,1.42,36.800000000000004,15.030000000000001,6.91,35.96,28.96,1.0,234.5,1200.0
65042.293,0.0,140.0,90.30000000000001,22.21,15.82,170.5,33.25,151.4,28.93,33.1,33.65,91.0,15.600000000000001,55.5,99.7,229.0,2870.0,1.41,36.5,14.99,7.0200000000000005,35.95,28.93,1.0,231.5,1200.0
65102.293,0.0,140.0,92.2,22.11,15.790000000000001,173.0,33.1,153.20000000000002,28.900000000000002,33.03,33.7,92.5,15.55,54.900000000000006,100.0,232.5,2860.0,1.47,36.5,15.02,7.0,35.97,28.990000000000002,1.0,226.5,1200.0
65162.293,0.0,140.0,93.10000000000001,21.96,15.870000000000001,172.0,32.85,151.5,28.89,32.93,33.800000000000004,93.5,15.55,54.2,100.0,224.0,2852.0,1.42,36.4,14.97,6.91,35.980000000000004,28.98,1.0,224.0,1200.0
65222.292,0.0,140.0,91.2,21.79,15.76,168.0,33.0,152.6,28.95,32.96,33.7,91.0,15.600000000000001,53.900000000000006,99.7,223.5,2849.0,1.3900000000000001,36.25,14.99,6.98,35.980000000000004,29.01,1.0,222.0,1200.0
65282.292,0.0,140.0,92.0,21.68,15.71,170.0,33.050000000000004,150.20000000000002,28.95,32.83,33.550000000000004,91.5,15.55,53.300000000000004,99.9,227.0,2860.0,1.42,36.050000000000004,14.98,7.03,36.0,29.080000000000002,0.0,224.0,1200.0
65342.292,0.0,140.0,92.4,21.69,15.6,171.5,33.0,151.5,28.830000000000002,32.79,33.75,91.0,15.450000000000001,53.300000000000004,98.60000000000001,222.0,2867.0,1.3900000000000001,36.0,15.05,7.03,36.0,28.98,0.0,221.0,1200.0
65402.292,0.0,140.0,90.10000000000001,21.42,15.59,168.5,32.7,152.20000000000002,28.88,32.730000000000004,33.65,92.0,15.350000000000001,52.7,91.2,215.5,2879.0,1.35,36.050000000000004,14.96,7.03,36.02,29.01,0.0,217.0,1200.0
65462.292,0.0,140.0,92.4,21.57,15.700000000000001,167.5,32.75,152.4,28.85,32.69,33.7,92.0,15.4,51.7,87.80000000000001,216.0,2883.0,1.54,36.0,14.94,7.0200000000000005,35.92,28.95,0.0,217.0,1200.0
65522.292,0.0,140.0,88.7,21.740000000000002,15.860000000000001,168.0,33.0,151.8,28.84,32.730000000000004,33.6,91.0,15.5,51.400000000000006,89.10000000000001,215.0,2869.0,1.56,35.85,15.030000000000001,6.95,35.97,28.900000000000002,0.0,216.0,1200.0
65582.292,0.0,140.0,91.2,21.93,15.94,166.5,32.75,150.9,28.91,32.78,33.75,90.5,15.65,51.400000000000006,91.10000000000001,219.5,2858.0,1.3800000000000001,35.9,14.96,7.03,35.95,28.990000000000002,0.0,215.0,1200.0
65642.292,0.0,140.0,92.4,22.05,15.98,168.0,32.85,152.1,28.85,32.74,33.550000000000004,94.0,15.850000000000001,52.800000000000004,94.0,214.0,2844.0,1.6300000000000001,35.800000000000004,15.0,7.0,36.01,28.900000000000002,2.0,218.5,1200.0
65702.292,0.0,140.0,90.9,22.17,16.080000000000002,167.5,32.95,151.6,28.85,32.87,33.550000000000004,92.0,15.75,54.2,97.4,219.5,2829.0,1.6,35.75,15.0,6.98,35.980000000000004,28.97,0.0,215.5,1200.0
65762.292,0.0,140.0,91.5,22.3,16.18,168.5,32.95,150.0,28.89,32.86,33.6,93.0,15.950000000000001,54.5,100.0,218.0,2826.0,1.4000000000000001,35.75,14.98,6.97,35.99,29.0,1.0,216.5,1200.0
65822.292,0.0,140.0,91.60000000000001,22.39,16.32,167.5,32.85,152.0,28.84,32.83,33.6,93.0,16.05,55.5,99.7,215.5,2805.0,1.3900000000000001,35.65,15.0,6.99,35.980000000000004,29.12,3.0,218.0,1200.0
65882.292,0.0,140.0,89.80000000000001,22.47,16.31,170.5,32.85,151.3,28.77,32.88,33.4,93.0,16.25,55.6,99.80000000000001,219.5,2805.0,1.44,35.75,14.94,6.95,36.03,28.93,2.0,221.5,1200.0
65942.292,0.0,140.0,91.4,22.61,16.28,169.5,33.0,152.8,28.810000000000002,32.87,33.6,93.5,16.05,55.400000000000006,99.9,219.0,2818.0,1.3900000000000001,35.6,15.02,7.01,36.07,29.060000000000002,2.0,225.0,1200.0
66002.292,0.0,140.0,90.30000000000001,22.82,16.330000000000002,167.5,33.1,151.3,28.69,32.87,33.45,94.0,16.05,56.0,100.0,223.0,2830.0,1.34,35.75,15.030000000000001,6.96,35.96,28.96,2.0,225.5,1200.0
66062.291,0.0,140.0,88.5,22.64,16.15,171.0,33.050000000000004,150.4,28.77,32.89,33.65,95.5,16.0,56.800000000000004,100.0,229.5,2841.0,1.3900000000000001,35.85,15.06,6.95,35.94,28.98,0.0,230.5,1200.0
66122.291,0.0,140.0,93.60000000000001,22.53,16.04,169.5,33.050000000000004,152.8,28.82,32.980000000000004,33.550000000000004,92.5,16.0,56.6,100.0,222.5,2845.0,1.34,35.7,14.93,7.0200000000000005,35.99,28.990000000000002,0.0,226.0,1200.0
66182.291,0.0,140.0,90.4,22.3,16.02,170.5,33.15,151.4,28.810000000000002,32.89,33.65,94.0,15.700000000000001,56.0,100.0,224.5,2850.0,1.36,35.95,14.99,7.0,36.01,29.0,0.0,224.5,1200.0
66242.291,0.0,140.0,90.80000000000001,22.29,15.93,168.5,33.0,151.8,28.79,32.89,33.75,90.5,15.65,55.5,99.9,226.5,2851.0,1.3800000000000001,35.85,14.98,7.01,36.02,29.0,2.0,224.5,1200.0
66302.291,0.0,140.0,90.80000000000001,22.11,15.92,167.5,33.0,152.1,28.84,32.88,33.7,91.0,15.55,54.7,100.0,222.0,2840.0,1.37,35.85,15.0,7.05,36.03,28.95,0.0,222.5,1200.0
66362.291,0.0,140.0,91.0,21.98,15.91,167.0,32.9,151.0,28.88,32.84,33.65,91.5,15.55,53.800000000000004,99.4,224.0,2846.0,1.5,35.85,14.98,6.99,36.0,28.990000000000002,1.0,223.5,1200.0
66422.291,0.0,140.0,92.0,21.89,15.85,167.0,33.050000000000004,150.5,28.85,32.77,33.7,93.5,15.5,53.7,99.9,225.5,2846.0,1.57,35.75,15.0,7.0600000000000005,36.03,28.95,1.0,229.5,1200.0
66482.291,0.0,140.0,91.60000000000001,21.75,15.64,168.0,33.0,151.4,28.82,32.81,33.7,91.0,15.4,53.7,99.9,219.5,2862.0,1.34,35.7,14.97,7.07,35.93,29.04,0.0,219.0,1200.0
66542.291,0.0,140.0,91.4,21.54,15.620000000000001,169.0,33.050000000000004,152.1,28.91,32.75,33.7,90.0,15.25,53.400000000000006,96.30000000000001,223.5,2867.0,1.41,35.85,14.96,7.03,36.01,29.01,0.0,226.0,1200.0
66602.291,0.0,140.0,91.0,21.490000000000002,15.610000000000001,167.5,32.9,151.4,28.88,32.67,33.75,92.0,15.3,52.300000000000004,88.7,217.5,2884.0,1.52,35.800000000000004,14.96,6.95,36.03,28.94,0.0,216.5,1200.0
66662.291,0.0,140.0,91.30000000000001,21.48,15.610000000000001,167.5,32.7,150.70000000000002,28.86,32.59,33.7,91.0,15.55,50.7,83.0,212.5,2886.0,1.4000000000000001,35.75,15.030000000000001,7.04,35.97,29.03,2.0,215.0,1200.0
66722.291,0.0,140.0,92.30000000000001,21.43,15.66,167.0,32.65,151.6,28.88,32.59,33.85,92.5,15.5,49.5,80.80000000000001,210.5,2887.0,1.3900000000000001,35.65,15.02,6.97,36.1,29.02,0.0,210.5,1200.0
66782.291,0.0,140.0,90.0,21.490000000000002,15.700000000000001,168.5,32.65,151.70000000000002,28.810000000000002,32.57,33.85,93.0,15.4,49.400000000000006,79.10000000000001,207.5,2890.0,1.57,35.550000000000004,14.9,7.04,36.15,29.05,1.0,207.5,1200.0
66842.291,0.0,140.0,91.2,21.41,15.790000000000001,167.0,32.550000000000004,152.4,28.88,32.59,33.85,93.5,15.600000000000001,49.900000000000006,77.60000000000001,210.0,2898.0,1.52,35.7,15.01,7.0,35.96,29.04,0.0,208.0,1200.0
66902.29,0.0,140.0,90.4,21.400000000000002,15.8,167.0,32.6,151.6,28.830000000000002,32.4,33.800000000000004,92.5,15.65,49.300000000000004,76.3,203.5,2892.0,1.51,35.7,15.01,7.1000000000000005,36.01,28.95,0.0,208.0,1200.0
66962.29,0.0,140.0,91.9,21.400000000000002,15.73,167.0,32.7,151.5,28.900000000000002,32.49,33.800000000000004,91.0,15.65,49.7,75.10000000000001,206.5,2896.0,1.47,35.65,14.98,7.03,36.02,28.92,0.0,205.0,1200.0
67022.29,0.0,140.0,90.0,21.37,15.81,166.0,32.550000000000004,151.6,28.990000000000002,32.5,33.75,91.0,15.600000000000001,49.1,73.5,200.5,2897.0,1.57,35.550000000000004,15.040000000000001,6.93,36.0,29.09,0.0,201.0,1200.0
67082.29,0.0,140.0,91.4,21.26,15.860000000000001,166.5,32.550000000000004,151.4,28.84,32.46,33.75,92.0,15.5,49.1,72.4,198.5,2901.0,1.33,35.65,15.030000000000001,6.99,36.04,29.02,0.0,202.5,1200.0
67142.29,0.0,140.0,90.4,21.36,15.85,165.5,32.45,152.0,28.92,32.37,33.75,91.5,15.600000000000001,48.800000000000004,71.0,199.5,2893.0,1.33,35.7,15.040000000000001,7.1000000000000005,35.94,28.95,0.0,198.0,1200.0
67202.29,0.0,140.0,90.80000000000001,21.39,15.860000000000001,166.0,32.550000000000004,151.4,28.82,32.410000000000004,33.95,91.5,15.700000000000001,48.6,70.3,197.0,2898.0,1.49,35.5,15.040000000000001,6.98,35.97,28.96,2.0,203.0,1200.0
67262.29,0.0,140.0,90.30000000000001,21.32,15.84,168.5,32.550000000000004,151.6,28.87,32.38,33.85,89.0,15.75,47.800000000000004,69.2,199.5,2899.0,1.24,35.6,14.98,7.0,35.980000000000004,29.05,2.0,199.5,1200.0
67322.29,0.0,140.0,92.2,21.36,15.91,167.5,32.5,150.8,28.82,32.410000000000004,33.75,93.5,15.700000000000001,47.900000000000006,69.0,195.0,2899.0,1.44,35.6,15.01,6.98,36.0,28.93,0.0,204.5,1200.0
67382.29,0.0,140.0,91.4,21.32,15.860000000000001,167.5,32.4,150.9,28.87,32.3,33.85,90.0,15.700000000000001,48.5,68.2,199.0,2894.0,1.51,35.550000000000004,15.02,6.95,36.0,29.05,3.0,198.0,1200.0
67442.29,0.0,140.0,91.4,21.3,15.97,167.0,32.5,149.5,28.84,32.36,33.75,90.5,15.8,47.900000000000006,67.60000000000001,198.0,2898.0,1.37,35.65,14.950000000000001,7.09,36.0,28.97,0.0,199.5,1200.0
67502.29,0.0,140.0,90.2,21.34,15.92,167.5,32.4,149.4,28.78,32.26,33.75,94.0,15.75,48.0,67.60000000000001,194.5,2894.0,1.45,35.45,15.05,6.99,36.050000000000004,29.01,0.0,197.0,1200.0
67562.29,0.0,140.0,89.4,21.31,15.93,167.0,32.45,150.9,28.85,32.29,33.85,93.5,15.8,48.1,66.9,200.5,2895.0,1.35,35.5,14.950000000000001,7.0200000000000005,35.94,29.0,0.0,195.0,1200.0
67622.29,0.0,140.0,91.30000000000001,21.27,15.93,166.5,32.4,152.0,28.740000000000002,32.33,33.85,91.0,15.8,48.1,66.8,198.5,2898.0,1.25,35.5,15.01,6.99,36.09,28.95,2.0,194.5,1200.0
67682.29,0.0,140.0,91.0,21.36,15.950000000000001,167.5,32.4,150.6,28.810000000000002,32.2,33.75,94.0,15.700000000000001,47.5,66.4,197.5,2894.0,1.16,35.4,14.97,6.99,35.97,29.05,1.0,194.5,1200.0
67742.29,0.0,140.0,90.7,21.42,16.0,165.0,32.300000000000004,150.4,28.79,32.2,33.800000000000004,92.5,15.75,47.800000000000004,65.4,197.0,2893.0,1.3900000000000001,35.45,14.99,7.08,36.01,28.95,0.0,194.0,1200.0
67802.289,0.0,140.0,90.30000000000001,21.44,15.94,167.0,32.300000000000004,152.1,28.8,32.2,33.800000000000004,92.0,15.65,48.1,66.8,192.5,2893.0,1.51,35.550000000000004,15.040000000000001,6.99,36.04,29.02,0.0,195.5,1200.0
67862.289,0.0,140.0,92.0,21.37,16.080000000000002,168.0,32.300000000000004,151.3,28.73,32.29,33.800000000000004,93.5,15.700000000000001,48.1,67.10000000000001,194.5,2892.0,1.43,35.5,15.08,7.0,35.980000000000004,29.01,0.0,193.5,1200.0
67922.289,0.0,140.0,91.0,21.5,16.01,165.0,32.300000000000004,152.20000000000002,28.740000000000002,32.34,33.800000000000004,92.5,15.850000000000001,48.0,67.3,198.0,2889.0,1.47,35.550000000000004,14.98,6.94,36.08,28.91,2.0,196.5,1200.0
67982.289,0.0,140.0,89.7,21.61,16.1,167.0,32.45,151.0,28.79,32.42,33.7,94.0,15.850000000000001,48.300000000000004,69.0,199.0,2878.0,1.5,35.45,15.07,6.94,35.97,28.990000000000002,0.0,193.5,1200.0
68042.289,0.0,140.0,91.7,21.57,16.14,166.0,32.300000000000004,152.20000000000002,28.73,32.410000000000004,33.65,93.0,15.9,48.900000000000006,70.4,195.0,2874.0,1.41,35.35,14.98,7.01,36.02,29.05,0.0,195.5,1200.0
68102.289,0.0,140.0,91.7,21.66,16.15,165.0,32.35,151.20000000000002,28.86,32.3,33.7,94.5,15.850000000000001,49.2,71.4,198.5,2868.0,1.12,35.45,15.030000000000001,7.0,36.03,29.01,1.0,200.5,1200.0
68162.289,0.0,140.0,89.60000000000001,21.71,16.15,165.5,32.45,150.9,28.7,32.37,33.75,92.0,15.9,49.5,73.60000000000001,194.5,2864.0,1.43,35.6,14.98,7.01,36.06,28.98,0.0,200.0,1200.0
68222.289,0.0,140.0,91.10000000000001,21.79,16.1,167.5,32.6,152.20000000000002,28.75,32.49,33.65,93.0,16.05,49.900000000000006,76.10000000000001,205.5,2853.0,1.4000000000000001,35.550000000000004,15.040000000000001,7.04,36.02,29.0,0.0,202.5,1200.0
68282.289,0.0,140.0,90.2,21.91,16.19,166.0,32.7,151.70000000000002,28.93,32.51,33.6,93.5,15.950000000000001,50.400000000000006,77.60000000000001,203.5,2852.0,1.3800000000000001,35.6,15.0,6.97,35.910000000000004,29.03,0.0,203.0,1200.0
68342.289,0.0,140.0,90.7,21.990000000000002,16.2,168.0,32.75,151.6,28.88,32.46,33.75,94.0,15.850000000000001,50.7,80.2,200.5,2842.0,1.35,35.65,14.97,7.01,36.050000000000004,29.060000000000002,0.0,201.5,1200.0
68402.289,0.0,140.0,91.60000000000001,22.05,16.25,167.5,32.75,152.70000000000002,28.900000000000002,32.58,33.7,92.5,16.05,50.800000000000004,83.30000000000001,208.0,2837.0,1.44,35.5,15.01,7.04,36.04,29.0,0.0,205.5,1200.0
68462.289,0.0,140.0,90.9,21.990000000000002,16.17,168.5,32.65,152.9,28.92,32.55,33.65,94.0,15.9,51.6,85.60000000000001,205.0,2837.0,1.44,35.45,14.97,7.0,36.0,29.04,0.0,205.5,1200.0
68522.289,0.0,140.0,92.4,21.98,16.11,165.5,32.7,152.6,28.8,32.72,33.65,91.0,15.75,51.800000000000004,86.2,209.0,2835.0,1.44,35.6,15.0,7.0,35.93,28.93,0.0,206.5,1200.0
68582.289,0.0,140.0,92.60000000000001,21.91,16.02,167.0,32.7,150.6,28.77,32.55,33.550000000000004,95.5,15.950000000000001,52.1,85.2,206.0,2842.0,1.44,35.45,15.0,7.0,36.03,29.05,0.0,204.0,1200.0
68642.289,0.0,140.0,91.4,21.8,16.14,169.0,32.65,151.8,28.810000000000002,32.64,33.6,91.5,15.9,52.0,85.2,210.0,2845.0,1.45,35.4,14.96,7.0,36.050000000000004,28.91,0.0,208.5,1200.0
68702.288,0.0,140.0,91.0,21.86,16.02,168.5,32.6,151.4,28.85,32.69,33.6,93.0,15.65,51.900000000000006,84.0,214.0,2850.0,1.32,35.5,15.040000000000001,6.99,36.02,29.02,0.0,209.5,1200.0
68762.288,0.0,140.0,89.7,21.82,16.03,167.0,32.65,151.9,28.84,32.6,33.65,93.0,15.850000000000001,50.900000000000006,83.0,204.0,2854.0,1.47,35.35,15.06,6.96,36.06,28.94,2.0,205.0,1200.0
68822.288,0.0,140.0,89.80000000000001,21.67,15.98,165.5,32.65,150.9,28.75,32.5,33.7,91.0,15.8,50.800000000000004,82.80000000000001,205.0,2855.0,1.29,35.6,14.950000000000001,7.03,36.0,29.060000000000002,0.0,204.5,1200.0
68882.288,0.0,140.0,92.30000000000001,21.71,15.98,166.5,32.6,151.6,28.82,32.51,33.6,93.5,15.700000000000001,51.300000000000004,81.4,205.0,2856.0,1.37,35.5,14.98,7.01,35.99,29.04,2.0,204.5,1200.0
68942.288,0.0,140.0,91.2,21.71,15.92,168.0,32.550000000000004,150.9,28.82,32.43,33.550000000000004,93.0,15.65,50.400000000000006,81.30000000000001,205.0,2859.0,1.53,35.5,14.97,6.99,36.02,29.05,3.0,208.0,1200.0
69002.288,0.0,140.0,92.30000000000001,21.650000000000002,15.950000000000001,170.0,32.550000000000004,152.9,28.78,32.51,33.6,93.0,15.8,50.6,79.2,205.0,2867.0,1.34,35.5,15.01,6.99,36.0,29.04,0.0,202.5,1200.0
69062.288,0.0,140.0,90.0,21.55,15.93,169.0,32.5,151.8,28.84,32.480000000000004,33.6,93.5,15.75,50.2,78.10000000000001,206.5,2867.0,1.47,35.4,14.96,6.99,36.04,29.0,0.0,201.5,1200.0
69122.288,0.0,140.0,92.10000000000001,21.52,15.92,167.5,32.65,152.1,28.79,32.34,33.65,90.5,15.65,50.0,77.60000000000001,202.0,2867.0,1.3900000000000001,35.5,15.06,6.96,35.980000000000004,28.91,0.0,201.0,1200.0
69182.288,0.0,140.0,89.9,21.54,15.950000000000001,166.5,32.6,151.6,28.82,32.43,33.6,92.0,15.600000000000001,50.300000000000004,76.80000000000001,205.5,2874.0,1.5,35.550000000000004,14.98,7.0,35.95,28.98,0.0,204.5,1200.0
69242.288,0.0,140.0,91.7,21.5,15.88,166.5,32.550000000000004,152.0,28.73,32.480000000000004,33.6,96.0,15.600000000000001,49.5,75.5,203.0,2874.0,1.46,35.4,15.01,7.08,36.02,29.09,0.0,201.0,1200.0
69302.288,0.0,140.0,90.30000000000001,21.54,15.93,165.5,32.550000000000004,149.5,28.87,32.51,33.550000000000004,93.5,15.55,49.5,74.2,205.5,2876.0,1.43,35.4,14.99,7.01,36.0,29.02,0.0,202.0,1200.0
69362.288,0.0,140.0,92.10000000000001,21.52,15.91,165.0,32.550000000000004,151.6,28.740000000000002,32.27,33.7,91.0,15.600000000000001,49.7,73.60000000000001,207.0,2879.0,1.51,35.550000000000004,14.93,6.95,36.01,28.990000000000002,2.0,199.5,1200.0
69422.288,0.0,140.0,92.5,21.39,15.84,165.5,32.45,151.1,28.78,32.47,33.550000000000004,93.5,15.65,49.2,72.9,199.5,2887.0,1.48,35.5,15.02,6.99,36.01,29.080000000000002,0.0,199.0,1200.0
69482.288,0.0,140.0,91.5,21.400000000000002,15.9,164.5,32.5,151.3,28.76,32.24,33.75,93.5,15.5,49.1,71.7,199.5,2886.0,1.48,35.4,14.99,6.97,36.02,28.990000000000002,0.0,203.0,1200.0
69542.288,0.0,140.0,91.10000000000001,21.35,15.85,166.0,32.45,150.8,28.73,32.35,33.6,91.5,15.600000000000001,48.900000000000006,70.3,200.0,2887.0,1.36,35.4,14.93,6.91,36.02,29.01,1.0,198.5,1200.0
69602.287,0.0,140.0,93.2,21.35,15.84,166.5,32.4,152.6,28.71,32.17,33.65,91.5,15.65,48.1,69.2,194.5,2889.0,1.18,35.550000000000004,14.950000000000001,7.0200000000000005,36.0,29.11,0.0,198.0,1200.0
69662.287,0.0,140.0,90.80000000000001,21.29,15.96,166.5,32.35,151.4,28.73,32.160000000000004,33.6,94.0,15.600000000000001,48.400000000000006,68.4,196.0,2894.0,1.35,35.4,15.0,6.98,35.980000000000004,28.98,3.0,194.5,1200.0
69722.287,0.0,140.0,90.80000000000001,21.35,15.870000000000001,163.0,32.25,152.8,28.72,32.27,33.9,93.0,15.65,47.5,68.2,199.0,2894.0,1.3800000000000001,35.4,15.030000000000001,6.94,35.99,29.05,0.0,196.5,1200.0
69782.287,0.0,140.0,90.0,21.3,15.9,167.5,32.300000000000004,151.70000000000002,28.72,32.2,33.800000000000004,93.5,15.75,48.0,67.3,199.5,2893.0,1.6300000000000001,35.45,15.040000000000001,6.95,36.03,28.93,0.0,196.0,1200.0
69842.287,0.0,140.0,91.10000000000001,21.31,15.950000000000001,166.0,32.25,152.4,28.73,32.26,33.75,90.5,15.75,48.5,67.7,193.5,2890.0,1.47,35.5,15.030000000000001,7.0,36.02,28.98,3.0,197.0,1200.0
69902.287,0.0,140.0,91.5,21.34,15.950000000000001,165.5,32.300000000000004,149.3,28.64,32.17,33.7,91.0,15.700000000000001,47.7,67.4,195.0,2887.0,1.33,35.45,14.93,6.97,36.050000000000004,29.080000000000002,0.0,196.5,1200.0
69962.287,0.0,140.0,90.80000000000001,21.35,15.96,165.0,32.35,151.1,28.8,32.2,33.75,92.0,15.850000000000001,47.900000000000006,67.0,194.5,2891.0,1.3800000000000001,35.45,14.96,6.97,36.050000000000004,28.92,0.0,199.0,1200.0
70022.287,0.0,140.0,91.5,21.38,15.950000000000001,165.5,32.35,152.5,28.8,32.33,33.800000000000004,91.5,15.700000000000001,48.5,67.4,197.5,2884.0,1.36,35.5,14.93,7.05,35.95,28.990000000000002,0.0,192.0,1200.0
70082.287,0.0,140.0,90.7,21.38,15.98,166.0,32.35,151.20000000000002,28.810000000000002,32.22,33.7,93.5,15.700000000000001,48.300000000000004,67.8,189.5,2886.0,1.47,35.5,15.07,6.97,36.02,29.05,0.0,191.5,1200.0
70142.287,0.0,140.0,88.9,21.35,15.99,165.0,32.4,151.6,28.73,32.2,33.550000000000004,93.0,15.850000000000001,48.5,67.10000000000001,195.0,2878.0,1.3800000000000001,35.550000000000004,15.01,6.95,36.02,29.0,0.0,195.0,1200.0
70202.287,0.0,140.0,92.2,21.35,15.99,165.5,32.35,152.6,28.69,32.26,33.65,94.0,15.700000000000001,48.1,67.3,197.0,2884.0,1.48,35.4,15.01,7.01,36.01,28.94,0.0,195.5,1200.0
70262.287,0.0,140.0,91.10000000000001,21.48,16.02,166.5,32.35,149.8,28.8,32.21,33.7,93.0,15.9,47.800000000000004,67.9,193.0,2880.0,1.37,35.45,14.91,7.03,36.03,29.07,1.0,201.0,1200.0
70322.287,0.0,140.0,90.7,21.46,16.01,164.5,32.4,152.4,28.77,32.17,33.75,93.5,15.700000000000001,47.800000000000004,67.3,193.0,2879.0,1.4000000000000001,35.6,15.0,6.96,36.07,29.060000000000002,1.0,195.0,1200.0
70382.287,0.0,140.0,92.2,21.29,15.98,164.5,32.35,149.8,28.79,32.18,33.800000000000004,91.5,15.700000000000001,47.6,66.9,192.5,2884.0,1.33,35.35,14.97,6.88,36.050000000000004,28.89,0.0,192.0,1200.0
70442.287,0.0,140.0,92.2,21.34,16.01,166.0,32.300000000000004,151.4,28.78,32.230000000000004,33.75,91.0,15.8,48.0,66.10000000000001,196.0,2893.0,1.27,35.45,15.05,7.04,36.02,28.97,2.0,195.0,1200.0
70502.287,0.0,140.0,89.60000000000001,21.240000000000002,15.950000000000001,163.5,32.5,151.5,28.8,32.3,33.7,93.5,15.700000000000001,47.7,65.8,198.5,2892.0,1.28,35.45,14.93,7.0,36.07,28.990000000000002,0.0,199.0,1200.0
70562.286,0.0,140.0,92.0,21.25,15.94,166.0,32.45,151.20000000000002,28.75,32.26,33.7,92.0,15.850000000000001,47.1,65.2,195.5,2896.0,1.36,35.4,14.99,7.03,36.08,28.97,3.0,189.5,1200.0
70622.286,0.0,140.0,90.4,21.29,16.0,165.0,32.35,151.0,28.85,32.230000000000004,33.85,93.5,15.65,47.0,64.7,190.0,2901.0,1.44,35.550000000000004,14.97,7.0200000000000005,35.980000000000004,28.93,0.0,192.0,1200.0
70682.286,0.0,140.0,92.0,21.240000000000002,15.92,165.0,32.25,152.5,28.84,32.28,33.95,93.0,15.700000000000001,47.0,64.0,193.5,2901.0,1.41,35.550000000000004,15.01,6.97,35.97,28.93,0.0,191.5,1200.0
70742.286,0.0,140.0,90.7,21.21,15.93,167.5,32.35,152.3,28.84,32.25,33.85,94.0,15.8,47.1,62.6,196.0,2907.0,1.28,35.5,14.98,6.99,35.95,29.0,0.0,195.5,1200.0
70802.286,0.0,140.0,90.4,21.150000000000002,15.860000000000001,165.5,32.45,151.70000000000002,28.87,32.21,33.85,91.0,15.65,46.400000000000006,62.6,191.0,2906.0,1.43,35.550000000000004,15.0,6.96,35.910000000000004,29.07,0.0,192.0,1200.0
70862.286,0.0,140.0,89.0,21.13,15.93,166.5,32.25,153.0,28.77,32.230000000000004,33.85,93.0,15.700000000000001,46.7,62.400000000000006,194.5,2908.0,1.53,35.4,14.93,6.97,35.99,29.07,0.0,192.5,1200.0
70922.286,0.0,140.0,91.10000000000001,21.16,16.03,166.5,32.300000000000004,151.70000000000002,28.82,32.2,33.85,90.5,15.8,46.5,61.6,193.5,2905.0,1.3900000000000001,35.4,14.96,7.03,35.94,28.96,3.0,189.0,1200.0
70982.286,0.0,140.0,91.9,21.14,15.98,165.5,32.4,151.8,28.85,32.11,33.95,92.0,15.850000000000001,46.2,60.7,188.5,2914.0,1.35,35.4,15.0,7.0200000000000005,35.910000000000004,29.05,1.0,190.0,1200.0
71042.286,0.0,140.0,91.7,21.18,16.01,164.0,32.35,149.9,28.91,32.24,33.75,93.5,15.8,46.900000000000006,60.5,191.0,2920.0,1.42,35.5,15.0,7.09,36.01,29.02,0.0,188.0,1200.0
71102.286,0.0,140.0,90.9,21.19,15.93,165.5,32.35,151.6,28.79,32.28,33.95,91.5,15.850000000000001,46.400000000000006,59.900000000000006,187.5,2909.0,1.46,35.5,14.99,7.05,36.01,28.92,0.0,191.5,1200.0
71162.286,0.0,140.0,89.9,21.16,15.93,166.0,32.2,150.5,28.810000000000002,32.160000000000004,33.95,92.0,15.700000000000001,45.800000000000004,59.6,190.0,2915.0,1.51,35.45,15.030000000000001,7.0,36.07,28.97,0.0,192.5,1200.0
71222.286,0.0,140.0,91.4,21.11,15.99,164.0,32.300000000000004,151.1,28.810000000000002,32.22,34.0,93.5,15.75,46.1,59.800000000000004,193.5,2919.0,1.47,35.5,14.99,7.08,35.95,28.92,1.0,191.5,1200.0
71282.286,0.0,140.0,91.10000000000001,21.13,15.9,164.0,32.300000000000004,152.20000000000002,28.88,32.33,33.95,93.5,15.75,46.300000000000004,59.400000000000006,192.0,2911.0,1.3900000000000001,35.550000000000004,14.950000000000001,6.98,36.07,29.05,0.0,190.0,1200.0
71342.286,0.0,140.0,90.4,21.12,15.96,165.5,32.35,150.8,28.79,32.18,33.85,93.0,15.700000000000001,46.400000000000006,59.2,184.5,2919.0,1.45,35.6,14.99,7.0200000000000005,35.9,29.01,0.0,191.0,1200.0
71402.286,0.0,140.0,91.2,21.16,15.99,166.0,32.35,151.20000000000002,28.78,32.11,33.800000000000004,92.5,15.75,46.7,58.6,191.5,2917.0,1.32,35.65,14.93,6.97,35.95,29.03,2.0,187.5,1200.0
71462.285,0.0,140.0,89.7,21.2,15.98,164.5,32.4,150.3,28.900000000000002,32.17,33.95,93.0,15.850000000000001,46.1,58.7,193.0,2911.0,1.37,35.550000000000004,14.950000000000001,7.01,36.04,28.91,0.0,190.5,1200.0
71522.285,0.0,140.0,91.60000000000001,21.25,16.04,165.0,32.4,150.5,28.88,32.18,34.0,90.0,15.75,46.300000000000004,59.300000000000004,189.0,2905.0,1.54,35.5,15.01,6.92,35.99,28.96,0.0,181.5,1200.0
71582.285,0.0,140.0,91.7,21.240000000000002,16.09,167.0,32.300000000000004,152.20000000000002,28.8,32.230000000000004,33.65,94.5,15.700000000000001,46.900000000000006,60.900000000000006,191.0,2903.0,1.54,35.5,15.02,6.91,36.0,29.03,0.0,190.0,1200.0
71642.285,0.0,140.0,90.7,21.43,16.05,167.0,32.5,151.8,28.78,32.160000000000004,33.800000000000004,91.5,15.9,47.800000000000004,61.900000000000006,195.0,2893.0,1.26,35.6,15.05,7.04,36.02,29.05,0.0,195.0,1200.0
71702.285,0.0,140.0,91.9,21.400000000000002,16.15,165.0,32.45,150.70000000000002,28.78,32.3,33.7,91.0,15.9,47.400000000000006,63.1,192.0,2888.0,1.36,35.550000000000004,15.0,7.01,36.1,28.98,0.0,192.5,1200.0
71762.285,0.0,140.0,92.5,21.5,16.080000000000002,168.5,32.5,152.5,28.77,32.28,33.75,92.5,15.8,47.5,64.60000000000001,195.0,2883.0,1.5,35.7,15.05,7.0,35.93,28.98,0.0,192.5,1200.0
71822.285,0.0,140.0,89.7,21.52,16.18,168.0,32.25,150.70000000000002,28.79,32.29,33.7,91.5,15.850000000000001,47.900000000000006,67.0,194.5,2880.0,1.49,35.6,14.94,7.0600000000000005,36.02,29.04,1.0,195.5,1200.0
71882.285,0.0,140.0,91.0,21.66,16.21,166.0,32.5,150.8,28.8,32.26,33.65,93.0,15.850000000000001,48.2,68.2,199.0,2871.0,1.26,35.45,15.02,7.03,36.03,29.080000000000002,1.0,196.0,1200.0
71942.285,0.0,140.0,90.10000000000001,21.64,16.18,163.0,32.45,151.70000000000002,28.740000000000002,32.32,33.7,93.0,15.950000000000001,48.6,69.8,195.0,2863.0,1.48,35.550000000000004,15.05,7.0200000000000005,36.07,29.0,0.0,191.0,1200.0
72002.285,0.0,140.0,90.80000000000001,21.75,16.240000000000002,166.5,32.45,152.6,28.91,32.37,33.9,92.5,15.9,49.5,71.4,197.0,2856.0,1.33,35.45,14.96,7.0,36.050000000000004,28.98,0.0,196.5,1200.0
72062.285,0.0,140.0,90.7,21.72,16.18,166.5,32.65,152.5,28.76,32.35,33.7,96.5,15.950000000000001,49.6,72.8,194.5,2858.0,1.51,35.550000000000004,15.040000000000001,7.03,35.96,29.01,0.0,193.0,1200.0
72122.285,0.0,140.0,90.30000000000001,21.68,16.03,164.5,32.45,151.20000000000002,28.77,32.42,33.6,95.5,15.9,49.400000000000006,73.4,200.0,2864.0,1.33,35.550000000000004,15.02,7.0,35.99,28.990000000000002,0.0,196.0,1200.0
72182.285,0.0,140.0,90.30000000000001,21.580000000000002,16.080000000000002,166.0,32.300000000000004,152.4,28.75,32.39,33.7,92.5,15.75,49.300000000000004,73.5,199.0,2867.0,1.27,35.6,15.02,6.95,35.99,28.990000000000002,2.0,200.5,1200.0
72242.285,0.0,140.0,90.7,21.61,16.12,168.0,32.550000000000004,149.4,28.89,32.39,33.7,92.5,15.850000000000001,49.0,72.9,192.5,2868.0,1.3900000000000001,35.550000000000004,15.02,6.98,35.86,29.02,1.0,198.5,1200.0
72302.285,0.0,140.0,91.10000000000001,21.48,16.03,168.0,32.4,153.0,28.78,32.34,33.800000000000004,92.5,15.700000000000001,48.6,72.60000000000001,202.0,2873.0,1.42,35.5,15.0,7.0600000000000005,36.02,29.07,1.0,199.5,1200.0
72362.285,0.0,140.0,91.4,21.53,16.03,166.0,32.35,152.6,28.86,32.32,33.800000000000004,91.0,15.700000000000001,49.0,72.4,199.0,2875.0,1.57,35.6,15.02,7.07,35.97,28.98,0.0,198.0,1200.0
72422.284,0.0,140.0,90.80000000000001,21.46,16.01,165.0,32.5,152.1,28.82,32.43,33.6,91.0,15.75,49.2,71.0,200.0,2884.0,1.44,35.5,14.96,7.03,36.03,29.03,2.0,197.5,1200.0
72482.284,0.0,140.0,92.7,21.43,15.88,166.5,32.6,151.3,28.75,32.38,33.65,93.0,15.75,48.800000000000004,71.4,198.5,2888.0,1.41,35.4,15.040000000000001,6.98,36.02,29.01,0.0,200.0,1200.0
72542.284,0.0,140.0,92.7,21.39,15.92,166.0,32.550000000000004,151.9,28.86,32.46,33.75,95.0,15.9,48.5,69.9,197.0,2895.0,1.45,35.5,15.06,7.01,36.02,28.86,0.0,203.0,1200.0
72602.284,0.0,140.0,92.4,21.39,15.9,167.0,32.5,152.3,28.87,32.4,33.85,93.0,15.65,48.1,68.7,201.0,2896.0,1.37,35.5,14.99,7.09,35.92,29.01,0.0,198.5,1200.0
72662.284,0.0,140.0,92.0,21.54,15.93,166.5,32.45,150.1,28.88,32.46,33.85,91.5,15.75,48.300000000000004,69.60000000000001,196.5,2891.0,1.35,35.550000000000004,15.030000000000001,6.97,36.01,29.01,0.0,194.5,1200.0
72722.284,0.0,140.0,92.0,21.59,16.05,168.0,32.6,150.9,28.96,32.47,33.9,93.5,15.75,48.5,71.7,202.5,2887.0,1.3,35.45,15.02,6.97,36.03,28.98,0.0,200.5,1200.0
72782.284,0.0,140.0,91.9,21.73,16.080000000000002,166.5,32.550000000000004,149.70000000000002,28.900000000000002,32.43,33.85,92.0,15.950000000000001,49.900000000000006,73.7,201.0,2870.0,1.37,35.45,14.98,7.0200000000000005,36.04,29.02,0.0,201.0,1200.0
72842.284,0.0,140.0,91.10000000000001,21.91,16.17,166.5,32.75,151.3,28.88,32.52,33.75,91.5,15.950000000000001,49.900000000000006,77.2,194.5,2860.0,1.3800000000000001,35.45,14.99,7.0,36.050000000000004,28.98,0.0,200.0,1200.0
72902.284,0.0,140.0,90.10000000000001,21.98,16.27,168.5,32.7,151.9,28.84,32.58,33.800000000000004,94.0,15.9,51.1,79.80000000000001,207.5,2853.0,1.32,35.6,15.01,7.0200000000000005,36.0,29.04,1.0,203.0,1200.0
72962.284,0.0,140.0,92.80000000000001,22.1,16.32,168.0,32.800000000000004,151.20000000000002,28.85,32.71,33.6,94.5,15.9,51.400000000000006,83.9,207.0,2837.0,1.36,35.4,15.01,7.07,36.160000000000004,28.98,0.0,203.0,1200.0
73022.284,0.0,140.0,89.7,22.21,16.330000000000002,169.0,32.75,150.20000000000002,28.85,32.76,33.75,93.0,15.850000000000001,52.300000000000004,90.4,209.0,2822.0,1.24,35.45,15.040000000000001,7.01,35.96,29.0,0.0,210.0,1200.0
73082.284,0.0,140.0,89.80000000000001,22.39,16.32,166.0,33.0,151.4,28.95,32.84,33.65,94.5,16.150000000000002,53.800000000000004,97.60000000000001,214.5,2810.0,1.42,35.35,15.08,7.04,35.99,28.92,1.0,215.5,1200.0
73142.284,0.0,140.0,90.2,22.5,16.36,169.0,33.1,151.70000000000002,28.85,32.8,33.6,95.0,16.0,54.900000000000006,99.9,219.5,2797.0,1.43,35.7,14.98,7.0,35.93,28.98,0.0,217.5,1200.0
73202.284,0.0,140.0,91.0,22.59,16.47,170.5,33.15,152.1,28.92,32.910000000000004,33.550000000000004,92.0,16.35,55.7,99.4,209.0,2794.0,1.41,35.5,14.94,7.03,36.0,29.04,0.0,216.0,1200.0
73262.284,0.0,140.0,90.10000000000001,22.5,16.43,170.0,33.050000000000004,151.1,28.78,32.88,33.4,91.0,16.05,55.1,100.0,220.0,2805.0,1.51,35.550000000000004,15.02,6.99,35.980000000000004,29.02,0.0,217.5,1200.0
73322.284,0.0,140.0,91.60000000000001,22.42,16.23,169.5,33.050000000000004,151.3,28.78,32.92,33.550000000000004,95.0,16.05,55.6,100.0,216.5,2815.0,1.37,35.45,14.96,7.01,36.02,29.04,1.0,218.5,1200.0
73382.283,0.0,140.0,91.5,22.39,16.12,167.5,33.15,150.6,28.84,32.910000000000004,33.6,91.5,15.950000000000001,54.800000000000004,100.0,219.0,2824.0,1.43,35.550000000000004,15.08,7.0,35.980000000000004,29.0,0.0,218.0,1200.0
73442.283,0.0,140.0,89.5,22.330000000000002,16.12,166.5,32.95,150.20000000000002,28.8,32.910000000000004,33.65,93.5,15.75,55.1,100.0,227.5,2826.0,1.43,35.75,15.07,7.04,36.02,28.94,0.0,217.0,1200.0
73502.283,0.0,140.0,90.9,22.21,16.06,170.0,33.1,150.70000000000002,28.84,32.89,33.65,93.0,15.8,55.1,99.2,222.5,2831.0,1.51,35.65,15.01,7.03,35.94,28.95,1.0,219.5,1200.0
73562.283,0.0,140.0,90.2,22.19,16.01,168.5,33.0,149.8,28.7,32.85,33.550000000000004,94.5,15.9,54.800000000000004,100.0,221.5,2837.0,1.43,35.6,15.05,6.99,35.980000000000004,28.96,1.0,220.5,1200.0
73622.283,0.0,140.0,91.0,22.09,15.96,168.0,32.95,150.4,28.75,32.85,33.4,89.5,15.75,54.2,99.9,220.5,2829.0,1.41,35.7,15.08,6.95,36.02,29.02,1.0,220.0,1200.0
73682.283,0.0,140.0,91.30000000000001,22.01,15.94,169.5,32.85,151.20000000000002,28.78,32.74,33.6,92.0,15.65,54.1,100.0,221.0,2833.0,1.41,35.5,14.99,7.0,36.03,29.02,0.0,221.0,1200.0
73742.283,0.0,140.0,90.60000000000001,21.96,15.85,169.5,32.95,150.3,28.82,32.79,33.4,90.0,15.450000000000001,54.2,99.80000000000001,220.5,2837.0,1.41,35.800000000000004,15.0,6.98,36.050000000000004,28.96,2.0,219.5,1200.0
73802.283,0.0,140.0,90.60000000000001,21.86,15.8,165.5,32.800000000000004,153.1,28.87,32.72,33.550000000000004,91.5,15.600000000000001,53.900000000000006,100.0,221.0,2843.0,1.27,35.5,15.030000000000001,7.0,36.0,28.95,0.0,222.5,1200.0
73862.283,0.0,140.0,90.9,21.8,15.71,166.5,32.85,150.8,28.76,32.76,33.6,90.5,15.450000000000001,53.800000000000004,100.0,222.5,2852.0,1.34,35.65,14.97,6.92,35.99,28.98,1.0,222.0,1200.0
73922.283,0.0,140.0,92.60000000000001,21.67,15.77,168.5,32.85,150.8,28.67,32.71,33.6,92.0,15.5,53.7,95.2,218.0,2853.0,1.46,35.5,14.96,6.97,35.99,29.05,0.0,220.0,1200.0
73982.283,0.0,140.0,92.7,21.61,15.73,167.0,32.6,152.20000000000002,28.7,32.52,33.45,92.5,15.4,52.7,90.60000000000001,213.5,2860.0,1.41,35.550000000000004,15.040000000000001,7.0200000000000005,36.0,28.96,0.0,213.0,1200.0
74042.283,0.0,140.0,89.9,21.55,15.790000000000001,168.5,32.75,151.20000000000002,28.68,32.6,33.550000000000004,91.0,15.450000000000001,51.900000000000006,85.60000000000001,214.0,2860.0,1.23,35.4,15.02,6.98,36.0,28.97,0.0,217.0,1200.0
74102.283,0.0,140.0,91.0,21.48,15.76,165.5,32.45,153.0,28.76,32.35,33.5,94.5,15.350000000000001,50.5,81.60000000000001,210.0,2873.0,1.45,35.5,14.94,6.96,35.99,29.0,0.0,212.0,1200.0
74162.283,0.0,140.0,90.7,21.37,15.81,167.0,32.550000000000004,151.1,28.72,32.31,33.45,91.5,15.4,49.800000000000004,79.2,204.5,2877.0,1.46,35.45,14.99,7.05,36.0,29.07,0.0,200.0,1200.0
74222.283,0.0,140.0,90.30000000000001,21.34,15.73,167.5,32.6,151.70000000000002,28.78,32.31,33.550000000000004,92.5,15.350000000000001,49.1,77.0,205.5,2887.0,1.43,35.4,15.040000000000001,6.97,35.94,29.09,3.0,202.0,1200.0
74282.283,0.0,140.0,91.30000000000001,21.28,15.68,166.0,32.300000000000004,151.0,28.69,32.22,33.65,91.0,15.4,49.400000000000006,74.3,201.0,2888.0,1.47,35.35,15.030000000000001,7.04,35.980000000000004,28.97,0.0,208.0,1200.0
74342.283,0.0,140.0,93.10000000000001,21.19,15.67,166.5,32.35,153.1,28.71,32.22,33.65,89.5,15.4,48.300000000000004,71.4,199.0,2889.0,1.35,35.5,15.01,7.0200000000000005,35.97,28.97,3.0,197.0,1200.0
74402.282,0.0,140.0,91.60000000000001,21.1,15.700000000000001,164.0,32.300000000000004,151.6,28.6,32.160000000000004,33.75,90.0,15.4,48.5,68.7,193.0,2902.0,1.35,35.45,15.02,7.03,36.04,29.01,2.0,197.5,1200.0
74462.282,0.0,140.0,92.5,21.26,15.77,165.5,32.4,150.1,28.66,32.230000000000004,33.7,88.5,15.700000000000001,47.5,68.3,203.5,2894.0,1.44,35.45,14.97,7.07,35.89,29.07,0.0,196.0,1200.0
74522.282,0.0,140.0,92.10000000000001,21.41,15.93,164.5,32.45,152.1,28.78,32.19,33.65,92.0,15.600000000000001,47.300000000000004,69.5,198.5,2887.0,1.3,35.45,14.99,7.01,35.99,29.080000000000002,0.0,197.0,1200.0
74582.282,0.0,140.0,91.4,21.48,15.98,168.0,32.4,151.6,28.77,32.230000000000004,33.75,91.5,15.9,48.800000000000004,70.9,197.0,2881.0,1.32,35.300000000000004,15.01,6.99,36.09,29.01,0.0,198.5,1200.0
74642.282,0.0,140.0,90.60000000000001,21.68,16.080000000000002,168.5,32.550000000000004,151.20000000000002,28.85,32.39,33.7,93.5,15.9,50.0,73.7,202.0,2866.0,1.42,35.45,14.950000000000001,7.1000000000000005,36.04,28.990000000000002,0.0,199.5,1200.0
74702.282,0.0,140.0,90.0,21.77,16.14,166.0,32.45,151.3,28.7,32.410000000000004,33.6,93.0,15.9,50.1,75.3,198.5,2858.0,1.33,35.45,15.11,6.95,36.03,28.93,0.0,201.0,1200.0
74762.282,0.0,140.0,90.4,21.900000000000002,16.240000000000002,167.5,32.65,150.0,28.84,32.46,33.65,93.0,15.950000000000001,50.7,78.80000000000001,205.5,2841.0,1.45,35.45,14.99,6.99,36.02,29.02,0.0,206.0,1200.0
74822.282,0.0,140.0,92.7,22.14,16.26,167.0,32.550000000000004,152.0,28.73,32.47,33.7,96.0,16.05,51.2,82.30000000000001,205.0,2836.0,1.41,35.550000000000004,14.98,6.93,36.06,29.02,0.0,203.0,1200.0
74882.282,0.0,140.0,92.30000000000001,22.17,16.31,167.5,32.7,151.8,28.810000000000002,32.65,33.6,93.5,16.1,51.900000000000006,88.80000000000001,212.0,2823.0,1.48,35.35,15.040000000000001,7.05,36.03,29.04,0.0,204.0,1200.0
74942.282,0.0,140.0,91.0,22.37,16.34,170.0,32.9,152.0,28.82,32.88,33.75,92.5,16.05,53.1,96.10000000000001,213.0,2810.0,1.42,35.35,14.99,6.95,35.980000000000004,29.04,1.0,215.5,1200.0
75002.282,0.0,140.0,91.2,22.54,16.43,169.5,32.95,151.1,28.88,32.85,33.7,94.5,16.0,55.0,100.0,218.5,2801.0,1.54,35.6,15.0,7.0,36.08,29.11,0.0,217.0,1200.0
75062.282,0.0,140.0,92.7,22.51,16.38,170.0,33.050000000000004,150.70000000000002,28.92,32.980000000000004,33.550000000000004,91.0,16.2,56.2,99.7,208.0,2798.0,1.36,35.6,14.97,7.0200000000000005,35.97,28.96,0.0,214.0,1200.0
75122.282,0.0,140.0,91.7,22.490000000000002,16.45,167.0,33.050000000000004,150.20000000000002,28.94,32.94,33.65,92.5,16.1,55.2,99.7,215.0,2795.0,1.3900000000000001,35.4,14.92,6.95,36.04,29.13,0.0,213.0,1200.0
75182.282,0.0,140.0,90.60000000000001,22.51,16.26,168.5,33.1,150.70000000000002,28.8,32.96,33.65,93.0,16.05,55.300000000000004,99.80000000000001,222.0,2811.0,1.23,35.4,14.97,6.93,36.18,29.02,0.0,217.5,1200.0
75242.282,0.0,140.0,91.60000000000001,22.52,16.25,170.5,33.1,151.6,28.830000000000002,32.87,33.550000000000004,92.5,15.950000000000001,55.400000000000006,99.9,215.5,2819.0,1.42,35.6,14.99,7.07,36.01,28.98,0.0,219.0,1200.0
75302.282,0.0,140.0,90.60000000000001,22.53,16.19,169.5,33.2,150.8,28.87,32.99,33.6,91.5,16.0,55.900000000000006,100.0,224.0,2829.0,1.42,35.6,14.99,7.05,35.97,29.11,0.0,227.0,1200.0
75362.282,0.0,140.0,90.30000000000001,22.48,16.15,169.5,33.1,152.8,28.91,33.03,33.6,94.5,15.8,56.1,99.80000000000001,222.5,2839.0,1.35,35.75,14.97,7.08,36.01,28.95,0.0,229.0,1200.0
75422.281,0.0,140.0,91.5,22.52,16.12,169.5,33.1,152.5,28.87,33.01,33.75,95.0,15.8,56.300000000000004,99.7,222.5,2849.0,1.47,35.9,15.06,7.03,35.95,28.92,0.0,225.0,1200.0
75482.281,0.0,140.0,90.10000000000001,22.63,16.05,172.0,33.1,151.0,28.830000000000002,33.05,33.45,94.0,15.9,56.1,99.9,230.0,2855.0,1.42,35.800000000000004,15.030000000000001,6.94,36.02,29.09,0.0,229.5,1200.0
75542.281,0.0,140.0,92.5,22.56,16.07,171.0,33.1,151.3,28.900000000000002,33.18,33.65,93.0,15.8,55.7,99.9,224.0,2857.0,1.55,35.95,14.99,6.96,36.02,29.05,0.0,230.5,1200.0
75602.281,0.0,140.0,89.80000000000001,22.54,16.06,168.5,33.15,152.0,28.810000000000002,33.04,33.800000000000004,92.5,15.850000000000001,56.1,100.0,228.0,2854.0,1.47,35.95,14.97,6.98,36.02,29.060000000000002,1.0,231.5,1200.0
75662.281,0.0,140.0,91.5,22.44,16.02,169.0,33.2,150.70000000000002,28.900000000000002,32.99,33.7,93.0,15.8,56.2,99.80000000000001,230.5,2858.0,1.5,36.2,14.94,6.99,36.03,28.92,0.0,230.5,1200.0
75722.281,0.0,140.0,90.80000000000001,22.31,16.04,172.5,33.050000000000004,150.9,28.82,33.0,33.6,90.0,15.75,56.1,100.0,231.5,2856.0,1.3800000000000001,35.85,14.96,7.01,36.0,28.990000000000002,2.0,231.0,1200.0
75782.281,0.0,140.0,89.30000000000001,22.22,15.93,169.5,33.15,151.0,28.84,33.02,33.7,93.0,15.700000000000001,54.900000000000006,100.0,228.0,2852.0,1.59,35.95,14.96,6.98,36.02,29.03,3.0,228.0,1200.0
75842.281,0.0,140.0,89.60000000000001,22.14,15.97,170.0,32.95,150.6,28.84,32.92,33.6,90.5,15.600000000000001,54.5,99.9,221.0,2848.0,1.48,36.1,15.0,7.0,35.95,28.93,1.0,223.5,1200.0
75902.281,0.0,140.0,90.60000000000001,21.98,15.860000000000001,169.5,32.95,151.4,28.82,32.89,33.65,93.0,15.65,54.7,100.0,220.0,2844.0,1.44,36.050000000000004,15.030000000000001,7.05,35.96,28.900000000000002,0.0,224.5,1200.0
75962.281,0.0,140.0,92.10000000000001,21.96,15.83,169.0,32.95,152.8,28.900000000000002,32.83,33.5,93.5,15.5,54.2,100.0,224.5,2846.0,1.33,35.85,15.030000000000001,7.03,36.050000000000004,28.91,1.0,224.5,1200.0
76022.281,0.0,140.0,90.30000000000001,21.8,15.8,169.0,33.050000000000004,151.8,28.92,32.85,33.6,91.0,15.55,53.6,100.0,224.5,2848.0,1.35,35.95,15.02,6.96,35.99,28.84,0.0,226.5,1200.0
76082.281,0.0,140.0,91.60000000000001,21.66,15.69,169.0,32.9,152.0,28.79,32.8,33.65,91.5,15.3,53.5,100.0,223.0,2855.0,1.43,35.85,15.1,7.0,35.95,28.98,0.0,223.0,1200.0
76142.281,0.0,140.0,90.60000000000001,21.59,15.63,168.5,32.85,152.0,28.78,32.71,33.65,91.5,15.450000000000001,52.900000000000006,93.5,218.5,2870.0,1.29,35.85,14.99,6.99,36.04,28.91,0.0,220.5,1200.0
76202.281,0.0,140.0,92.2,21.43,15.700000000000001,166.0,32.7,151.70000000000002,28.88,32.63,33.7,90.5,15.5,52.2,87.60000000000001,215.0,2875.0,1.4000000000000001,35.85,14.96,6.96,35.980000000000004,29.0,0.0,219.5,1200.0
76262.281,0.0,140.0,91.5,21.56,15.72,166.0,32.800000000000004,153.9,28.89,32.57,33.75,92.0,15.600000000000001,51.400000000000006,85.0,214.5,2875.0,1.29,35.65,15.05,6.91,36.03,28.96,1.0,213.5,1200.0
76322.281,0.0,140.0,90.7,21.68,15.89,167.5,32.7,151.6,28.79,32.58,33.75,91.0,15.65,50.400000000000006,84.60000000000001,211.5,2871.0,1.37,35.800000000000004,14.96,7.05,35.92,29.09,0.0,213.0,1200.0
76382.281,0.0,140.0,89.9,21.7,15.9,167.0,32.6,150.70000000000002,28.72,32.660000000000004,33.65,91.5,15.65,51.0,85.5,208.5,2860.0,1.3900000000000001,35.75,14.98,7.0200000000000005,35.95,29.080000000000002,0.0,211.0,1200.0
76442.28,0.0,140.0,91.0,21.85,15.860000000000001,166.5,32.800000000000004,150.8,28.69,32.58,33.800000000000004,93.5,15.55,51.400000000000006,87.30000000000001,213.5,2860.0,1.53,35.65,15.05,6.95,35.94,28.93,0.0,211.0,1200.0
76502.28,0.0,140.0,91.0,21.900000000000002,15.98,170.5,32.75,150.5,28.88,32.69,33.550000000000004,92.5,15.850000000000001,52.0,88.60000000000001,216.0,2848.0,1.31,35.550000000000004,14.98,7.05,35.96,29.04,0.0,214.0,1200.0
76562.28,0.0,140.0,92.10000000000001,21.95,16.05,168.0,32.7,151.5,28.79,32.74,33.5,93.5,15.850000000000001,52.7,90.80000000000001,215.0,2838.0,1.37,35.75,15.0,6.97,35.980000000000004,29.02,0.0,215.5,1200.0
76622.28,0.0,140.0,92.60000000000001,22.07,16.13,170.0,32.85,152.70000000000002,28.87,32.7,33.7,92.0,15.75,53.0,93.2,217.0,2825.0,1.55,35.5,15.01,7.03,35.97,29.0,0.0,219.0,1200.0
76682.28,0.0,140.0,90.30000000000001,22.150000000000002,16.07,167.5,32.85,151.20000000000002,28.85,32.730000000000004,33.5,94.0,15.9,53.800000000000004,96.9,216.0,2825.0,1.4000000000000001,35.5,14.98,6.96,36.01,29.04,0.0,220.5,1200.0
76742.28,0.0,140.0,90.7,22.22,16.14,170.0,32.85,149.9,28.810000000000002,32.84,33.6,90.5,15.9,54.1,100.0,218.0,2817.0,1.3800000000000001,35.6,14.99,7.01,36.02,29.03,0.0,218.5,1200.0
76802.28,0.0,140.0,91.5,22.330000000000002,16.18,168.0,32.9,151.0,28.86,32.74,33.550000000000004,94.5,15.950000000000001,55.300000000000004,99.80000000000001,218.0,2810.0,1.37,35.4,15.0,7.03,35.97,29.05,1.0,219.5,1200.0
76862.28,0.0,140.0,92.0,22.36,16.32,169.0,32.9,151.4,28.77,32.83,33.6,93.5,16.05,55.2,99.80000000000001,219.0,2808.0,1.3900000000000001,35.65,15.0,6.99,36.06,29.12,0.0,215.5,1200.0
76922.28,0.0,140.0,90.5,22.37,16.28,168.0,32.800000000000004,153.1,28.82,32.88,33.550000000000004,92.5,16.0,54.5,100.0,214.5,2803.0,1.45,35.550000000000004,14.97,6.99,35.980000000000004,28.95,0.0,217.5,1200.0
76982.28,0.0,140.0,91.10000000000001,22.36,16.240000000000002,169.0,32.85,152.1,28.77,32.9,33.6,94.0,16.05,54.2,99.80000000000001,217.5,2814.0,1.3800000000000001,35.65,14.98,7.0,36.01,29.0,0.0,214.5,1200.0
77042.28,0.0,140.0,91.60000000000001,22.42,16.2,168.5,32.9,152.0,28.79,32.86,33.5,94.0,16.05,54.900000000000006,100.0,223.5,2825.0,1.42,35.7,14.97,7.04,35.94,29.04,0.0,218.5,1200.0
77102.28,0.0,140.0,90.2,22.51,16.17,168.5,33.1,151.9,28.87,32.89,33.550000000000004,93.0,15.850000000000001,55.800000000000004,100.0,222.0,2834.0,1.3900000000000001,35.800000000000004,14.97,6.96,36.06,28.97,0.0,222.5,1200.0
77162.28,0.0,140.0,90.0,22.51,16.09,169.0,33.300000000000004,151.1,28.810000000000002,32.89,33.5,90.5,15.9,55.7,100.0,226.5,2843.0,1.35,35.6,15.030000000000001,7.0,36.050000000000004,28.92,2.0,225.0,1200.0
77222.28,0.0,140.0,91.5,22.57,16.16,169.0,33.1,151.0,28.91,33.02,33.6,94.0,15.950000000000001,56.800000000000004,100.0,230.0,2844.0,1.29,35.75,14.950000000000001,6.98,35.94,28.990000000000002,1.0,229.0,1200.0
77282.28,0.0,140.0,91.5,22.67,16.09,172.0,33.1,150.70000000000002,28.84,33.01,33.65,95.0,15.8,56.400000000000006,99.7,228.5,2851.0,1.44,35.75,15.07,6.94,36.0,29.04,2.0,228.0,1200.0
77342.28,0.0,140.0,91.60000000000001,22.68,16.12,169.0,33.2,152.5,28.85,33.0,33.6,93.0,15.75,56.6,100.0,232.0,2860.0,1.26,35.9,15.0,6.98,35.92,29.060000000000002,2.0,229.0,1200.0
77402.28,0.0,140.0,89.7,22.740000000000002,16.19,169.5,33.2,151.8,28.86,33.14,33.9,93.5,15.600000000000001,57.0,100.0,233.0,2868.0,1.4000000000000001,35.85,14.98,6.96,36.01,28.98,0.0,236.0,1200.0
77462.279,0.0,140.0,91.0,22.67,16.14,172.0,33.15,151.1,28.810000000000002,33.1,33.75,92.0,15.75,57.300000000000004,100.0,237.0,2869.0,1.34,36.0,15.02,7.01,35.980000000000004,29.03,0.0,234.0,1200.0
77522.279,0.0,140.0,91.10000000000001,22.580000000000002,16.04,170.0,33.300000000000004,152.4,28.89,33.04,33.6,90.5,15.75,57.5,100.0,236.0,2867.0,1.42,36.1,14.950000000000001,6.97,35.95,28.97,1.0,233.5,1200.0
77582.279,0.0,140.0,92.80000000000001,22.56,16.02,172.5,33.25,151.5,28.810000000000002,33.04,33.7,93.0,15.75,57.300000000000004,100.0,234.0,2877.0,1.45,36.25,15.030000000000001,7.0600000000000005,35.93,29.04,1.0,236.5,1200.0
77642.279,0.0,140.0,91.5,22.51,15.96,171.5,33.15,150.20000000000002,28.85,33.04,33.65,92.5,15.65,56.900000000000006,100.0,228.0,2872.0,1.54,36.050000000000004,14.96,7.04,35.96,29.03,0.0,236.5,1200.0
77702.279,0.0,140.0,92.2,22.54,16.01,168.5,33.0,151.9,28.87,33.1,33.7,90.0,15.75,56.400000000000006,99.7,231.5,2871.0,1.52,36.2,14.99,6.98,36.03,29.03,0.0,234.0,1200.0
77762.279,0.0,140.0,91.0,22.38,16.0,169.5,33.15,151.5,28.87,33.160000000000004,33.7,92.0,15.700000000000001,56.2,99.60000000000001,235.0,2862.0,1.3,36.15,14.99,7.0,36.0,29.080000000000002,1.0,230.0,1200.0
77822.279,0.0,140.0,90.80000000000001,22.35,15.94,172.0,33.1,151.8,28.85,33.05,33.65,95.0,15.8,56.2,100.0,229.5,2862.0,1.21,36.2,15.0,6.98,35.89,29.01,2.0,229.5,1200.0
77882.279,0.0,140.0,91.30000000000001,22.41,15.93,171.0,33.2,150.70000000000002,28.91,32.99,33.65,92.0,15.65,56.0,99.5,231.5,2859.0,1.41,36.25,14.99,6.98,36.02,29.03,0.0,234.0,1200.0
77942.279,0.0,140.0,93.80000000000001,22.28,16.0,169.5,33.1,153.0,28.84,33.05,33.65,91.0,15.9,55.800000000000004,100.0,228.0,2860.0,1.42,36.15,14.98,6.96,36.03,29.05,0.0,230.0,1200.0
78002.279,0.0,140.0,92.80000000000001,22.23,16.0,167.5,33.1,151.4,28.900000000000002,32.89,33.550000000000004,92.0,15.700000000000001,55.400000000000006,100.0,226.5,2856.0,1.25,36.050000000000004,15.05,7.0600000000000005,36.02,28.97,0.0,228.5,1200.0
78062.279,0.0,140.0,89.10000000000001,22.23,15.97,169.5,33.1,152.9,28.84,32.97,33.550000000000004,93.5,15.8,55.0,100.0,223.0,2847.0,1.34,36.15,14.93,6.97,35.94,29.060000000000002,1.0,221.0,1200.0
78122.279,0.0,140.0,91.80000000000001,22.04,15.92,168.0,33.1,151.4,28.8,32.89,33.7,92.5,15.55,55.300000000000004,99.5,223.5,2843.0,1.44,35.95,15.030000000000001,7.0600000000000005,36.04,28.88,0.0,225.5,1200.0
78182.279,0.0,140.0,91.9,21.94,15.85,169.0,32.9,151.0,28.87,32.82,33.550000000000004,92.0,15.55,54.0,99.80000000000001,224.5,2841.0,1.47,35.9,15.02,7.0600000000000005,36.050000000000004,28.990000000000002,0.0,222.5,1200.0
78242.279,0.0,140.0,91.0,21.84,15.860000000000001,169.0,32.95,152.3,28.69,32.71,33.6,93.0,15.4,54.0,99.4,219.5,2840.0,1.45,35.9,15.05,7.03,36.08,29.11,1.0,225.5,1200.0
78302.279,0.0,140.0,92.4,21.76,15.75,171.0,32.85,150.9,28.73,32.74,33.65,92.0,15.450000000000001,53.6,100.0,224.5,2849.0,1.3900000000000001,35.9,14.98,7.0,36.04,29.09,2.0,221.0,1200.0
78362.279,0.0,140.0,90.30000000000001,21.63,15.67,168.0,32.800000000000004,149.9,28.75,32.69,33.550000000000004,91.0,15.450000000000001,53.5,96.9,217.0,2858.0,1.45,35.75,15.030000000000001,6.95,36.01,28.95,0.0,217.5,1200.0
78422.279,0.0,140.0,91.30000000000001,21.61,15.66,166.5,32.75,150.6,28.72,32.55,33.5,94.0,15.450000000000001,53.2,90.60000000000001,215.5,2869.0,1.45,35.800000000000004,14.96,7.0,35.95,29.03,0.0,211.0,1200.0
78482.279,0.0,140.0,89.0,21.5,15.69,168.0,32.550000000000004,151.9,28.66,32.5,33.6,92.0,15.600000000000001,51.2,84.80000000000001,207.0,2873.0,1.3800000000000001,35.75,15.030000000000001,6.96,35.97,28.98,0.0,212.5,1200.0
78542.278,0.0,140.0,91.2,21.29,15.59,167.0,32.550000000000004,152.3,28.71,32.32,33.65,91.5,15.450000000000001,50.7,80.5,206.0,2878.0,1.45,35.550000000000004,15.02,7.0,36.01,28.94,0.0,209.5,1200.0
78602.278,0.0,140.0,91.9,21.17,15.610000000000001,166.0,32.5,151.1,28.59,32.3,33.45,90.0,15.350000000000001,49.1,76.9,200.5,2892.0,1.18,35.4,14.98,6.98,36.04,28.990000000000002,1.0,203.0,1200.0
78662.278,0.0,140.0,92.2,21.35,15.64,166.0,32.45,151.5,28.71,32.27,33.6,91.0,15.4,49.1,75.8,206.0,2892.0,1.45,35.550000000000004,15.02,7.01,35.95,29.01,0.0,209.0,1200.0
78722.278,0.0,140.0,91.2,21.37,15.790000000000001,165.5,32.35,152.20000000000002,28.740000000000002,32.27,33.65,93.0,15.4,49.0,74.3,198.5,2887.0,1.43,35.45,15.08,6.99,36.03,28.990000000000002,0.0,199.0,1200.0
78782.278,0.0,140.0,90.5,21.39,15.82,165.5,32.35,150.8,28.64,32.32,33.65,94.5,15.75,49.1,73.60000000000001,197.5,2889.0,1.28,35.550000000000004,15.02,7.05,36.04,29.03,0.0,203.5,1200.0
78842.278,0.0,140.0,90.30000000000001,21.5,15.84,168.0,32.45,152.5,28.69,32.3,33.65,95.0,15.75,49.7,73.8,198.5,2875.0,1.3900000000000001,35.45,15.02,6.96,36.0,29.05,0.0,204.0,1200.0
78902.278,0.0,140.0,91.0,21.490000000000002,15.9,169.5,32.45,152.5,28.66,32.36,33.6,94.0,15.65,49.800000000000004,74.7,201.5,2875.0,1.42,35.4,15.0,7.09,36.02,29.01,0.0,194.5,1200.0
78962.278,0.0,140.0,91.30000000000001,21.56,15.93,167.5,32.6,151.3,28.72,32.32,33.800000000000004,93.5,15.75,49.0,74.9,201.0,2866.0,1.36,35.35,15.030000000000001,7.04,35.99,29.080000000000002,0.0,199.0,1200.0
79022.278,0.0,140.0,90.9,21.650000000000002,16.05,166.0,32.45,152.0,28.7,32.25,33.6,93.5,15.65,49.7,75.60000000000001,202.0,2861.0,1.45,35.45,14.99,7.01,36.03,29.02,1.0,198.0,1200.0
79082.278,0.0,140.0,90.9,21.7,16.04,165.5,32.65,151.8,28.69,32.46,33.6,93.5,15.850000000000001,49.6,77.2,200.5,2861.0,1.49,35.5,15.02,7.0,35.9,29.07,2.0,201.0,1200.0
79142.278,0.0,140.0,91.60000000000001,21.75,16.12,167.5,32.5,150.0,28.740000000000002,32.39,33.550000000000004,91.5,15.9,50.800000000000004,78.0,203.5,2855.0,1.25,35.4,14.98,7.0,36.07,28.98,0.0,202.0,1200.0
79202.278,0.0,140.0,92.4,21.87,16.16,166.0,32.4,150.0,28.73,32.38,33.800000000000004,94.0,15.850000000000001,50.0,79.0,201.0,2850.0,1.29,35.300000000000004,14.99,7.03,36.04,28.990000000000002,0.0,203.0,1200.0
79262.278,0.0,140.0,92.0,21.87,16.13,168.0,32.6,151.3,28.71,32.47,33.7,92.5,15.8,51.1,79.9,203.5,2852.0,1.5,35.25,14.99,6.98,36.09,29.02,1.0,205.5,1200.0
79322.278,0.0,140.0,90.2,21.86,16.09,167.0,32.4,151.3,28.7,32.45,33.65,91.0,15.700000000000001,50.900000000000006,81.30000000000001,205.5,2841.0,1.3,35.4,14.98,7.0600000000000005,35.99,28.95,0.0,204.5,1200.0
79382.278,0.0,140.0,92.7,21.900000000000002,16.080000000000002,168.0,32.65,150.8,28.76,32.480000000000004,33.5,94.5,15.9,51.0,81.9,205.0,2842.0,1.31,35.35,15.0,7.0,36.04,29.07,1.0,203.5,1200.0
79442.278,0.0,140.0,93.10000000000001,21.89,16.1,166.5,32.65,152.6,28.84,32.480000000000004,33.65,93.0,15.8,51.7,84.4,206.0,2832.0,1.5,35.550000000000004,14.96,6.99,35.99,29.060000000000002,3.0,204.5,1200.0
79502.278,0.0,140.0,93.2,21.94,16.16,168.5,32.65,151.0,28.64,32.59,33.550000000000004,92.5,15.850000000000001,51.5,86.5,211.5,2831.0,1.67,35.5,14.97,7.0200000000000005,36.06,28.98,0.0,207.5,1200.0
79562.278,0.0,140.0,90.9,22.06,16.09,168.5,32.65,151.20000000000002,28.67,32.58,33.5,94.0,15.950000000000001,52.0,88.5,214.0,2825.0,1.4000000000000001,35.45,14.99,7.05,36.01,29.060000000000002,0.0,208.5,1200.0
79622.277,0.0,140.0,90.7,22.05,16.080000000000002,166.5,32.45,151.20000000000002,28.71,32.65,33.45,93.0,15.8,52.400000000000006,90.10000000000001,212.0,2824.0,1.51,35.45,14.96,6.99,35.980000000000004,29.02,1.0,209.0,1200.0
79682.277,0.0,140.0,90.7,22.06,16.07,168.5,32.65,150.20000000000002,28.71,32.61,33.45,92.5,15.9,53.1,92.10000000000001,217.0,2826.0,1.5,35.5,14.96,6.95,36.1,28.96,0.0,207.5,1200.0
79742.277,0.0,140.0,92.80000000000001,22.07,16.14,166.0,32.7,151.9,28.740000000000002,32.59,33.4,92.0,15.8,53.5,93.60000000000001,215.5,2824.0,1.55,35.300000000000004,15.01,6.94,35.95,29.03,0.0,214.5,1200.0
79802.277,0.0,140.0,91.10000000000001,22.09,16.080000000000002,166.0,32.800000000000004,151.20000000000002,28.7,32.49,33.45,93.0,15.8,53.800000000000004,95.60000000000001,216.5,2813.0,1.6400000000000001,35.35,14.92,7.04,36.04,29.05,3.0,214.0,1200.0
79862.277,0.0,140.0,91.0,22.09,16.05,168.0,32.65,152.4,28.67,32.65,33.5,95.0,15.850000000000001,54.300000000000004,96.80000000000001,212.0,2814.0,1.45,35.35,15.02,6.94,36.12,29.02,0.0,215.0,1200.0
79922.277,0.0,140.0,92.5,22.03,16.11,167.5,32.800000000000004,152.0,28.68,32.730000000000004,33.300000000000004,90.5,15.75,54.1,96.80000000000001,214.5,2817.0,1.52,35.4,15.06,6.97,36.0,28.990000000000002,0.0,212.5,1200.0
79982.277,0.0,140.0,91.60000000000001,22.09,16.02,168.5,32.800000000000004,152.6,28.73,32.7,33.5,92.5,15.850000000000001,53.800000000000004,96.60000000000001,220.5,2821.0,1.27,35.4,15.040000000000001,6.95,36.07,28.87,0.0,212.5,1200.0
80042.277,0.0,140.0,90.4,21.98,15.99,169.5,32.85,150.0,28.7,32.69,33.4,91.0,15.700000000000001,53.5,96.60000000000001,214.0,2824.0,1.3800000000000001,35.4,15.01,6.97,35.93,29.04,0.0,215.5,1200.0
80102.277,0.0,140.0,91.10000000000001,22.04,15.96,166.0,32.800000000000004,152.4,28.75,32.71,33.45,92.5,15.9,53.5,96.30000000000001,218.0,2827.0,1.25,35.35,15.02,7.04,36.11,29.07,0.0,216.0,1200.0
80162.277,0.0,140.0,90.10000000000001,21.990000000000002,16.01,169.0,32.9,150.6,28.71,32.65,33.45,93.0,15.850000000000001,53.6,95.30000000000001,216.0,2821.0,1.26,35.550000000000004,15.030000000000001,7.0,36.03,28.97,0.0,217.0,1200.0
80222.277,0.0,140.0,91.5,22.03,15.99,168.5,32.800000000000004,151.5,28.650000000000002,32.64,33.4,93.5,15.700000000000001,53.900000000000006,94.80000000000001,214.5,2830.0,1.35,35.4,15.02,7.01,36.01,29.01,0.0,210.5,1200.0
80282.277,0.0,140.0,92.0,22.03,16.0,168.5,32.800000000000004,151.20000000000002,28.67,32.63,33.550000000000004,90.5,15.75,53.7,94.4,217.5,2825.0,1.45,35.45,14.99,7.04,36.02,29.0,0.0,215.0,1200.0
80342.277,0.0,140.0,91.10000000000001,21.900000000000002,15.870000000000001,167.0,32.800000000000004,150.9,28.7,32.52,33.4,93.0,15.700000000000001,53.6,93.7,213.0,2829.0,1.46,35.300000000000004,14.950000000000001,7.0200000000000005,35.99,28.96,0.0,217.0,1200.0
80402.277,0.0,140.0,91.7,21.88,15.92,168.5,32.65,153.20000000000002,28.67,32.65,33.5,91.5,15.8,53.1,93.0,211.0,2832.0,1.47,35.5,15.01,6.97,35.94,29.01,3.0,211.0,1200.0
80462.277,0.0,140.0,90.7,21.91,15.97,166.5,32.85,150.6,28.68,32.58,33.65,92.5,15.700000000000001,53.0,92.10000000000001,210.5,2828.0,1.4000000000000001,35.4,14.89,6.99,35.95,29.09,0.0,212.0,1200.0
80522.277,0.0,140.0,89.30000000000001,22.02,15.97,168.5,32.65,151.20000000000002,28.580000000000002,32.5,33.6,90.5,15.75,52.6,90.80000000000001,211.5,2831.0,1.34,35.45,14.91,7.0,36.01,29.0,2.0,212.0,1200.0
80582.277,0.0,140.0,90.9,21.91,15.98,168.0,32.6,152.3,28.650000000000002,32.5,33.45,93.0,15.700000000000001,52.5,90.30000000000001,211.0,2834.0,1.45,35.4,14.98,6.96,36.06,29.03,1.0,211.0,1200.0
80642.277,0.0,140.0,91.7,21.86,15.96,165.0,32.6,150.8,28.68,32.44,33.4,92.0,15.8,52.5,90.30000000000001,207.0,2832.0,1.27,35.25,15.07,7.0,36.02,29.03,2.0,213.5,1200.0
80702.276,0.0,140.0,90.10000000000001,21.830000000000002,15.96,165.5,32.550000000000004,150.4,28.650000000000002,32.410000000000004,33.45,94.0,15.600000000000001,52.6,89.4,214.5,2835.0,1.53,35.45,15.030000000000001,6.97,36.01,29.060000000000002,0.0,207.0,1200.0
80762.276,0.0,140.0,90.9,21.81,15.99,167.5,32.5,153.5,28.63,32.52,33.4,90.5,15.75,52.0,87.80000000000001,208.0,2838.0,1.46,35.45,15.01,7.08,36.0,28.91,0.0,207.5,1200.0
80822.276,0.0,140.0,90.7,21.87,15.93,166.0,32.5,151.6,28.68,32.42,33.35,93.0,15.850000000000001,51.6,87.4,210.5,2840.0,1.4000000000000001,35.25,14.97,7.0200000000000005,36.0,29.0,0.0,208.5,1200.0
80882.276,0.0,140.0,90.7,21.79,15.93,167.5,32.550000000000004,150.9,28.64,32.42,33.45,93.5,15.8,51.5,86.30000000000001,208.0,2838.0,1.51,35.15,15.01,6.97,36.03,29.07,0.0,201.5,1200.0
80942.276,0.0,140.0,92.7,21.77,15.950000000000001,164.5,32.6,151.4,28.560000000000002,32.36,33.5,94.5,15.8,51.7,85.80000000000001,207.0,2838.0,1.3900000000000001,35.300000000000004,15.02,6.96,36.01,29.04,0.0,204.0,1200.0
81002.276,0.0,140.0,90.0,21.8,15.94,166.5,32.45,150.1,28.57,32.29,33.45,92.0,15.65,51.5,84.7,207.5,2841.0,1.37,35.2,15.0,7.04,36.03,28.990000000000002,0.0,202.5,1200.0
81062.276,0.0,140.0,91.2,21.76,15.99,169.5,32.35,152.8,28.66,32.4,33.35,92.5,15.65,51.6,84.5,201.0,2839.0,1.42,35.300000000000004,15.030000000000001,7.0200000000000005,36.06,29.02,1.0,206.5,1200.0
81122.276,0.0,140.0,89.60000000000001,21.63,16.06,168.0,32.65,150.9,28.64,32.39,33.45,92.0,15.8,51.2,82.4,204.5,2845.0,1.34,35.300000000000004,14.98,7.0,35.97,29.03,0.0,208.0,1200.0
81182.276,0.0,140.0,89.7,21.6,15.88,165.5,32.35,150.5,28.64,32.24,33.6,92.0,15.65,50.800000000000004,81.4,201.0,2850.0,1.34,35.300000000000004,14.98,6.93,35.95,28.97,2.0,208.0,1200.0
81242.276,0.0,140.0,91.0,21.55,15.8,167.0,32.5,151.6,28.68,32.29,33.7,93.0,15.65,50.5,80.4,200.5,2855.0,1.6,35.300000000000004,15.040000000000001,7.05,35.980000000000004,29.080000000000002,0.0,210.5,1200.0
81302.276,0.0,140.0,89.4,21.580000000000002,15.91,167.5,32.5,151.6,28.63,32.28,33.6,92.0,15.8,49.6,79.2,204.0,2863.0,1.43,35.35,15.02,6.87,36.04,28.990000000000002,1.0,199.0,1200.0
81362.276,0.0,140.0,91.30000000000001,21.5,15.89,167.5,32.5,150.5,28.61,32.36,33.550000000000004,93.0,15.700000000000001,50.0,77.30000000000001,203.5,2871.0,1.58,35.300000000000004,15.05,6.98,36.08,28.990000000000002,2.0,205.0,1200.0
81422.276,0.0,140.0,92.80000000000001,21.47,15.88,166.5,32.6,151.3,28.67,32.3,33.7,92.5,15.600000000000001,49.5,76.3,203.0,2876.0,1.44,35.5,15.040000000000001,7.0200000000000005,36.0,29.080000000000002,0.0,203.5,1200.0
81482.276,0.0,140.0,91.7,21.44,15.870000000000001,166.5,32.5,150.4,28.69,32.42,33.6,92.0,15.600000000000001,49.300000000000004,74.8,202.5,2874.0,1.37,35.300000000000004,14.96,7.01,35.96,29.1,0.0,199.5,1200.0
81542.276,0.0,140.0,91.0,21.400000000000002,15.84,165.5,32.5,150.9,28.75,32.3,33.6,93.0,15.5,48.6,73.0,195.0,2889.0,1.45,35.4,15.06,6.98,36.050000000000004,28.97,0.0,201.5,1200.0
81602.276,0.0,140.0,92.4,21.36,15.82,166.5,32.4,150.70000000000002,28.76,32.37,33.7,91.5,15.600000000000001,48.300000000000004,71.7,200.5,2891.0,1.5,35.35,15.0,6.97,36.050000000000004,28.990000000000002,0.0,197.5,1200.0
81662.276,0.0,140.0,90.5,21.36,15.91,168.0,32.550000000000004,151.3,28.73,32.39,33.85,93.0,15.65,48.6,70.60000000000001,201.5,2893.0,1.4000000000000001,35.45,15.02,7.05,35.910000000000004,29.05,2.0,198.0,1200.0
81722.276,0.0,140.0,92.0,21.38,15.85,167.5,32.550000000000004,150.3,28.79,32.4,33.65,93.0,15.700000000000001,48.6,70.5,201.5,2890.0,1.41,35.300000000000004,15.0,6.96,35.94,28.990000000000002,1.0,198.5,1200.0
81782.276,0.0,140.0,90.9,21.42,15.96,165.0,32.4,150.70000000000002,28.88,32.34,33.75,92.5,15.600000000000001,48.300000000000004,70.4,199.0,2891.0,1.32,35.4,14.96,7.01,36.1,28.93,4.0,198.5,1200.0
81842.275,0.0,140.0,91.0,21.41,15.950000000000001,167.0,32.5,151.8,28.76,32.3,33.75,90.5,15.75,47.7,70.0,200.5,2891.0,1.3,35.5,14.9,7.0200000000000005,36.06,29.22,0.0,199.0,1200.0
81902.275,0.0,140.0,90.60000000000001,21.47,15.98,167.5,32.35,150.6,28.91,32.4,33.6,93.0,15.65,48.7,70.4,200.5,2889.0,1.34,35.45,15.06,7.05,35.95,29.0,0.0,197.5,1200.0
81962.275,0.0,140.0,89.2,21.490000000000002,16.01,166.5,32.45,151.1,28.92,32.4,33.7,92.5,15.9,48.5,70.2,199.0,2885.0,1.54,35.35,15.030000000000001,7.03,35.99,28.93,0.0,198.0,1200.0
82022.275,0.0,140.0,89.80000000000001,21.52,16.0,168.0,32.6,151.5,28.82,32.46,33.7,92.0,15.9,48.800000000000004,70.4,200.0,2886.0,1.42,35.45,15.07,6.98,35.92,29.05,1.0,198.5,1200.0
82082.275,0.0,140.0,91.4,21.580000000000002,15.99,166.5,32.5,151.4,28.85,32.46,33.9,92.0,16.05,48.7,70.8,203.5,2884.0,1.59,35.5,15.1,7.0200000000000005,35.95,29.09,0.0,201.0,1200.0
82142.275,0.0,140.0,90.4,21.47,16.04,165.0,32.7,151.0,28.82,32.410000000000004,33.9,92.0,15.8,48.7,71.9,201.0,2886.0,1.3,35.45,14.99,7.01,36.02,28.94,1.0,200.5,1200.0
82202.275,0.0,140.0,90.7,21.580000000000002,16.0,168.0,32.4,151.4,28.85,32.47,33.9,93.5,15.850000000000001,48.300000000000004,72.2,198.5,2883.0,1.55,35.4,15.02,7.0200000000000005,36.04,29.04,0.0,202.0,1200.0
82262.275,0.0,140.0,90.4,21.64,16.07,165.0,32.800000000000004,151.0,28.900000000000002,32.47,33.75,91.5,15.700000000000001,49.1,72.7,202.0,2880.0,1.44,35.550000000000004,14.99,6.99,35.99,28.98,3.0,196.5,1200.0
82322.275,0.0,140.0,92.0,21.740000000000002,16.080000000000002,165.5,32.6,151.8,28.900000000000002,32.65,33.800000000000004,92.5,15.850000000000001,49.300000000000004,74.60000000000001,200.0,2869.0,1.33,35.65,14.950000000000001,6.97,35.94,29.01,4.0,202.5,1200.0
82382.275,0.0,140.0,91.0,21.86,16.15,169.0,32.65,151.9,28.89,32.54,33.85,92.5,15.8,49.800000000000004,75.9,201.5,2867.0,1.46,35.65,15.02,7.04,35.99,28.97,1.0,205.0,1200.0
82442.275,0.0,140.0,92.30000000000001,21.87,16.21,169.5,32.800000000000004,152.4,28.85,32.68,33.7,94.0,15.8,50.5,77.7,204.5,2860.0,1.52,35.7,14.93,6.96,35.99,29.0,0.0,204.5,1200.0
82502.275,0.0,140.0,91.5,21.91,16.22,170.5,32.65,150.6,28.93,32.61,33.85,95.0,15.950000000000001,50.900000000000006,79.80000000000001,207.0,2854.0,1.53,35.5,14.98,6.890000000000001,36.050000000000004,28.98,2.0,206.0,1200.0
82562.275,0.0,140.0,90.9,22.06,16.16,166.0,32.9,150.70000000000002,29.01,32.78,33.6,93.0,15.9,51.300000000000004,83.9,207.5,2848.0,1.43,35.550000000000004,15.040000000000001,7.08,35.99,28.89,2.0,209.0,1200.0
82622.275,0.0,140.0,90.7,22.07,16.17,169.5,32.800000000000004,151.20000000000002,29.04,32.72,33.800000000000004,95.0,15.8,51.400000000000006,87.80000000000001,211.5,2847.0,1.42,35.550000000000004,14.98,6.97,36.07,28.97,0.0,216.5,1200.0
82682.275,0.0,140.0,89.9,22.18,16.22,169.0,32.9,151.3,29.03,32.87,33.7,93.5,15.850000000000001,52.2,91.30000000000001,221.5,2839.0,1.48,35.6,14.98,7.03,35.95,29.07,1.0,216.5,1200.0
82742.275,0.0,140.0,90.5,22.25,16.22,168.0,33.2,151.8,29.0,32.97,33.75,93.5,16.05,54.0,95.5,219.0,2836.0,1.28,35.550000000000004,15.05,7.0600000000000005,35.94,29.060000000000002,0.0,214.0,1200.0
82802.275,0.0,140.0,91.10000000000001,22.330000000000002,16.240000000000002,169.0,33.1,151.8,28.990000000000002,33.03,33.800000000000004,94.0,16.0,53.900000000000006,99.4,223.0,2829.0,1.43,35.75,14.96,7.1000000000000005,35.95,29.03,0.0,221.0,1200.0
82862.275,0.0,140.0,89.9,22.22,16.19,172.5,33.35,149.8,29.04,33.02,33.800000000000004,94.5,15.850000000000001,54.7,100.0,214.0,2827.0,1.42,35.65,15.02,7.0600000000000005,36.06,29.0,0.0,219.0,1200.0
82922.275,0.0,140.0,89.7,22.32,16.11,170.0,33.1,151.4,29.060000000000002,33.1,33.65,91.0,15.8,54.800000000000004,99.5,222.0,2833.0,1.3800000000000001,35.7,15.040000000000001,6.99,35.92,29.02,0.0,220.0,1200.0
82982.274,0.0,140.0,91.60000000000001,22.27,16.16,170.0,33.25,151.9,28.990000000000002,33.13,33.7,94.5,16.0,53.7,99.9,222.0,2834.0,1.47,35.800000000000004,15.0,7.04,36.02,28.94,0.0,220.5,1200.0
83042.274,0.0,140.0,92.0,22.19,16.12,172.0,33.2,150.9,29.03,33.0,33.95,92.5,15.9,53.900000000000006,99.7,222.5,2838.0,1.35,35.6,15.040000000000001,7.0600000000000005,36.06,29.03,0.0,223.0,1200.0
83102.274,0.0,140.0,91.5,22.21,16.04,169.5,33.300000000000004,150.9,28.95,33.05,33.9,90.5,15.75,53.400000000000006,99.7,220.5,2842.0,1.35,35.75,14.99,6.96,35.97,29.07,0.0,224.5,1200.0
83162.274,0.0,140.0,90.5,22.12,16.13,171.0,33.300000000000004,151.8,29.060000000000002,33.12,33.85,93.5,15.8,53.900000000000006,99.7,222.5,2842.0,1.3,35.85,14.98,6.96,35.89,29.02,0.0,220.5,1200.0
83222.274,0.0,140.0,91.4,22.14,16.03,172.0,33.25,151.9,29.05,33.1,34.0,93.0,15.9,54.300000000000004,100.0,228.0,2840.0,1.41,35.7,14.98,7.09,36.06,28.94,0.0,227.0,1200.0
83282.274,0.0,140.0,93.30000000000001,22.080000000000002,16.07,173.5,33.15,151.20000000000002,29.0,33.08,33.85,93.0,15.850000000000001,54.2,99.9,219.5,2846.0,1.35,35.75,15.0,6.99,35.99,28.990000000000002,0.0,229.5,1200.0
83342.274,0.0,140.0,89.80000000000001,22.09,16.04,171.0,33.25,151.1,29.09,33.11,33.800000000000004,91.0,15.700000000000001,54.2,100.0,224.5,2851.0,1.42,35.800000000000004,14.97,6.97,36.08,28.98,2.0,224.0,1200.0
83402.274,0.0,140.0,89.30000000000001,22.14,16.06,173.5,33.300000000000004,151.9,29.14,33.09,33.85,92.0,15.8,54.2,99.80000000000001,222.0,2853.0,1.28,35.7,14.98,6.98,35.94,28.98,0.0,230.0,1200.0
83462.274,0.0,140.0,90.0,22.080000000000002,15.94,172.0,33.300000000000004,151.0,29.17,33.14,34.050000000000004,94.0,15.65,54.400000000000006,100.0,222.5,2852.0,1.3900000000000001,35.800000000000004,14.950000000000001,6.96,35.910000000000004,28.95,0.0,222.0,1200.0
83522.274,0.0,140.0,91.2,22.080000000000002,16.04,170.5,33.25,153.0,29.1,33.08,34.0,93.0,15.700000000000001,53.7,99.9,225.0,2850.0,1.42,35.800000000000004,14.99,7.05,36.01,29.02,0.0,222.5,1200.0
83582.274,0.0,140.0,92.10000000000001,22.12,16.0,170.0,33.35,152.4,29.12,33.15,34.0,91.0,15.8,53.900000000000006,100.0,225.0,2855.0,1.33,36.0,14.96,7.0200000000000005,35.97,29.07,1.0,225.5,1200.0
83642.274,0.0,140.0,91.7,22.05,16.04,169.0,33.35,151.3,29.16,33.13,33.9,92.5,15.700000000000001,54.0,100.0,222.0,2852.0,1.42,35.800000000000004,15.01,7.1000000000000005,36.02,28.98,0.0,222.5,1200.0
83702.274,0.0,140.0,90.5,22.03,16.09,173.0,33.45,152.0,29.2,33.19,34.0,94.5,15.8,54.2,100.0,225.5,2852.0,1.31,35.9,15.02,7.04,36.01,28.86,0.0,227.0,1200.0
83762.274,0.0,140.0,92.0,22.2,16.04,172.0,33.300000000000004,151.0,29.2,33.24,33.9,92.5,15.950000000000001,54.1,99.80000000000001,223.5,2856.0,1.61,36.050000000000004,15.040000000000001,6.98,36.03,28.98,3.0,227.5,1200.0
83822.274,0.0,140.0,90.5,22.17,16.06,171.5,33.25,150.5,29.310000000000002,33.15,34.050000000000004,93.5,15.9,54.1,99.9,228.0,2855.0,1.3900000000000001,36.050000000000004,14.97,6.96,35.9,29.0,1.0,226.5,1200.0
83882.274,0.0,140.0,90.60000000000001,22.13,16.06,170.5,33.5,152.1,29.19,33.22,34.1,91.0,15.700000000000001,53.6,99.80000000000001,225.5,2861.0,1.3,36.0,15.01,7.07,35.96,28.98,0.0,225.5,1200.0
83942.274,0.0,140.0,91.7,22.13,16.09,172.0,33.5,151.0,29.240000000000002,33.21,33.95,92.0,15.8,54.300000000000004,99.9,231.0,2851.0,1.24,35.9,15.040000000000001,6.98,35.980000000000004,29.02,0.0,225.0,1200.0
84002.274,0.0,140.0,91.2,22.16,16.12,169.0,33.35,151.1,29.28,33.35,33.95,94.5,15.8,53.6,99.9,225.5,2855.0,1.4000000000000001,36.1,15.0,6.95,35.99,29.07,0.0,225.5,1200.0
84062.274,0.0,140.0,91.30000000000001,22.11,16.07,171.5,33.25,150.0,29.22,33.26,34.0,90.0,15.75,53.900000000000006,100.0,230.5,2861.0,1.52,36.0,15.1,7.01,36.06,28.95,0.0,228.5,1200.0
84122.273,0.0,140.0,90.5,22.02,15.96,172.5,33.550000000000004,151.0,29.240000000000002,33.31,34.1,93.0,15.75,53.7,99.80000000000001,231.5,2860.0,1.41,36.050000000000004,15.0,7.0,35.95,29.09,0.0,229.5,1200.0
84182.273,0.0,140.0,90.80000000000001,21.86,15.780000000000001,173.0,33.550000000000004,151.3,29.310000000000002,33.33,34.050000000000004,91.0,15.600000000000001,54.0,99.9,229.0,2877.0,1.48,36.0,14.94,7.0,36.03,29.03,2.0,225.5,1200.0
84242.273,0.0,140.0,90.0,21.79,15.75,170.0,33.25,149.6,29.12,33.25,34.1,91.0,15.450000000000001,53.5,99.9,226.0,2881.0,1.31,36.050000000000004,15.05,7.05,36.02,28.96,0.0,226.0,1200.0
84302.273,0.0,140.0,91.2,21.63,15.69,170.0,33.15,150.9,29.150000000000002,33.19,33.85,93.0,15.4,52.6,94.2,228.5,2896.0,1.44,36.2,15.05,7.05,36.01,29.02,0.0,224.5,1200.0
84362.273,0.0,140.0,91.4,21.53,15.700000000000001,170.0,33.1,151.6,29.17,33.06,34.15,92.0,15.25,51.900000000000006,88.60000000000001,218.5,2904.0,1.54,36.0,15.05,7.0,36.07,29.04,0.0,222.0,1200.0
84422.273,0.0,140.0,91.10000000000001,21.46,15.620000000000001,168.0,32.9,152.5,29.2,32.93,34.15,91.5,15.5,50.2,82.4,217.0,2915.0,1.3,36.1,14.98,6.99,35.99,29.0,0.0,216.0,1200.0
84482.273,0.0,140.0,90.2,21.31,15.74,170.0,32.85,150.4,29.13,32.85,34.050000000000004,89.5,15.350000000000001,49.1,78.10000000000001,208.5,2917.0,1.5,35.95,14.94,7.01,35.99,28.98,2.0,212.5,1200.0
84542.273,0.0,140.0,91.9,21.31,15.64,167.5,32.85,150.4,29.17,32.8,34.050000000000004,91.0,15.4,47.300000000000004,74.0,208.5,2939.0,1.31,35.9,15.02,7.05,35.86,29.09,0.0,209.0,1200.0
84602.273,0.0,140.0,91.0,21.080000000000002,15.58,168.5,32.6,152.20000000000002,29.09,32.68,34.300000000000004,92.0,15.5,47.6,70.3,207.5,2945.0,1.37,35.75,15.040000000000001,6.97,35.97,28.990000000000002,0.0,206.5,1200.0
84662.273,0.0,140.0,90.2,21.27,15.72,167.0,32.9,152.4,29.16,32.68,34.25,91.0,15.55,47.300000000000004,70.4,202.5,2941.0,1.53,35.9,14.99,6.95,35.93,29.060000000000002,0.0,207.5,1200.0
84722.273,0.0,140.0,91.2,21.400000000000002,15.83,167.5,32.800000000000004,149.6,29.16,32.79,34.050000000000004,92.5,15.600000000000001,47.6,70.60000000000001,206.5,2933.0,1.36,35.95,14.98,7.05,36.13,29.04,0.0,208.0,1200.0
84782.273,0.0,140.0,91.10000000000001,21.48,15.96,170.0,33.0,149.8,29.240000000000002,32.75,34.15,93.5,15.700000000000001,48.5,72.5,204.5,2916.0,1.42,35.9,15.040000000000001,6.96,36.04,29.05,0.0,204.5,1200.0
84842.273,0.0,140.0,91.2,21.72,15.96,169.5,32.95,152.3,29.12,32.87,34.1,92.0,15.8,48.900000000000006,73.9,205.5,2911.0,1.35,35.75,15.02,6.97,36.15,29.14,2.0,209.0,1200.0
84902.273,0.0,140.0,90.9,21.81,16.080000000000002,170.0,33.050000000000004,151.6,29.17,32.95,34.15,95.0,15.950000000000001,49.7,76.4,206.5,2891.0,1.5,35.95,14.97,7.03,36.09,29.02,1.0,207.5,1200.0
84962.273,0.0,140.0,91.7,21.92,16.23,169.0,33.1,151.8,29.27,32.980000000000004,34.050000000000004,93.0,16.1,49.900000000000006,78.80000000000001,210.5,2884.0,1.45,36.0,14.98,6.94,36.03,29.02,0.0,207.0,1200.0
85022.273,0.0,140.0,90.10000000000001,22.09,16.18,172.0,33.050000000000004,152.0,29.240000000000002,33.14,34.1,93.5,16.05,50.7,83.9,214.5,2868.0,1.61,36.050000000000004,15.030000000000001,7.0,35.96,29.060000000000002,1.0,214.5,1200.0
85082.273,0.0,140.0,89.10000000000001,22.12,16.21,171.5,33.15,151.3,29.18,33.17,34.1,94.0,16.0,51.1,90.0,218.5,2855.0,1.41,36.0,14.96,7.0600000000000005,36.01,29.03,0.0,219.0,1200.0
85142.273,0.0,140.0,91.30000000000001,22.41,16.29,171.5,33.300000000000004,149.8,29.2,33.19,33.95,92.0,16.0,53.0,96.2,217.5,2852.0,1.3,35.95,14.97,6.97,35.980000000000004,29.01,3.0,220.0,1200.0
85202.273,0.0,140.0,91.80000000000001,22.41,16.38,172.0,33.6,151.0,29.23,33.28,33.9,95.0,16.05,54.800000000000004,99.80000000000001,225.0,2838.0,1.56,36.050000000000004,14.96,7.0600000000000005,36.04,28.95,2.0,220.0,1200.0
85262.273,0.0,140.0,90.30000000000001,22.52,16.36,172.5,33.35,152.0,29.21,33.25,34.050000000000004,92.0,16.05,55.400000000000006,99.80000000000001,221.5,2831.0,1.44,35.95,15.07,7.03,35.93,29.080000000000002,2.0,221.5,1200.0
85322.272,0.0,140.0,91.60000000000001,22.39,16.45,173.0,33.45,151.3,29.29,33.230000000000004,33.9,94.5,16.05,54.400000000000006,99.5,222.0,2832.0,1.17,36.050000000000004,15.01,7.0,35.96,29.080000000000002,1.0,221.5,1200.0
85382.272,0.0,140.0,90.80000000000001,22.38,16.42,174.5,33.300000000000004,151.6,29.240000000000002,33.31,34.050000000000004,96.5,16.0,54.300000000000004,100.0,224.0,2832.0,1.3800000000000001,36.050000000000004,15.02,6.99,36.0,29.03,0.0,222.5,1200.0
85442.272,0.0,140.0,92.0,22.400000000000002,16.3,173.0,33.35,152.1,29.35,33.4,34.15,95.0,15.950000000000001,54.0,99.7,223.0,2850.0,1.37,36.1,15.040000000000001,7.0600000000000005,36.04,29.01,1.0,229.0,1200.0
85502.272,0.0,140.0,91.5,22.46,16.25,170.0,33.45,151.9,29.3,33.45,34.050000000000004,93.5,16.05,54.6,100.0,228.5,2863.0,1.47,36.1,15.05,6.94,35.94,28.990000000000002,1.0,235.5,1200.0
85562.272,0.0,140.0,91.0,22.400000000000002,16.11,171.5,33.550000000000004,152.5,29.2,33.42,33.9,94.0,15.700000000000001,54.7,99.7,232.5,2868.0,1.45,36.2,14.96,6.96,36.01,29.01,0.0,223.5,1200.0
85622.272,0.0,140.0,90.60000000000001,22.43,16.11,172.5,33.7,151.0,29.310000000000002,33.49,34.050000000000004,94.0,15.950000000000001,54.800000000000004,99.9,226.5,2872.0,1.54,36.1,14.96,7.0,36.03,28.96,0.0,232.5,1200.0
85682.272,0.0,140.0,89.5,22.46,16.03,173.0,33.6,152.0,29.36,33.5,34.2,91.5,15.850000000000001,55.0,99.5,233.0,2876.0,1.3900000000000001,36.25,15.02,6.95,36.02,29.150000000000002,0.0,234.5,1200.0
85742.272,0.0,140.0,91.9,22.330000000000002,16.13,173.0,33.6,150.70000000000002,29.35,33.53,34.0,91.5,15.850000000000001,55.0,99.9,236.5,2882.0,1.22,36.300000000000004,15.02,7.04,35.99,29.0,0.0,236.0,1200.0
85802.272,0.0,140.0,92.60000000000001,22.42,16.04,171.0,33.6,150.5,29.36,33.52,34.15,93.5,15.8,54.800000000000004,99.7,235.5,2884.0,1.3900000000000001,36.4,15.08,6.94,36.01,28.98,0.0,235.5,1200.0
85862.272,0.0,140.0,90.10000000000001,22.36,16.0,171.0,33.6,152.0,29.400000000000002,33.56,34.15,93.5,15.65,55.6,100.0,235.5,2888.0,1.44,36.45,14.96,7.08,35.9,28.96,0.0,233.5,1200.0
85922.272,0.0,140.0,91.5,22.38,16.080000000000002,173.0,33.6,151.4,29.39,33.53,34.1,93.0,15.75,54.900000000000006,99.4,240.5,2892.0,1.34,36.25,15.01,6.98,36.01,28.95,0.0,234.5,1200.0
85982.272,0.0,140.0,91.0,22.41,16.1,170.5,33.65,151.6,29.26,33.37,34.15,91.5,15.600000000000001,54.5,100.0,233.5,2889.0,1.44,36.45,15.05,7.04,35.93,29.03,3.0,240.0,1200.0
86042.272,0.0,140.0,89.7,22.41,15.98,173.0,33.45,151.6,29.35,33.53,34.300000000000004,91.5,15.700000000000001,55.0,100.0,237.0,2890.0,1.3800000000000001,36.4,14.99,7.05,36.01,29.04,1.0,237.5,1200.0
86102.272,0.0,140.0,90.7,22.43,15.97,173.5,33.5,150.9,29.330000000000002,33.51,34.2,93.0,15.700000000000001,54.7,100.0,234.5,2890.0,1.45,36.4,15.030000000000001,6.97,35.95,29.01,0.0,234.5,1200.0
86162.272,0.0,140.0,90.7,22.36,15.99,172.5,33.7,152.20000000000002,29.310000000000002,33.47,34.2,94.5,15.700000000000001,55.2,99.60000000000001,234.5,2889.0,1.59,36.4,15.030000000000001,6.99,35.980000000000004,29.060000000000002,4.0,236.0,1200.0
86222.272,0.0,140.0,91.30000000000001,22.47,15.98,172.0,33.45,150.9,29.330000000000002,33.49,34.1,91.0,15.8,54.5,100.0,235.0,2892.0,1.31,36.550000000000004,14.96,6.98,36.01,28.990000000000002,0.0,238.5,1200.0
86282.272,0.0,140.0,90.5,22.43,16.02,174.0,33.7,149.9,29.37,33.49,34.2,92.5,15.850000000000001,55.2,99.9,239.5,2894.0,1.26,36.5,14.91,6.96,35.97,29.07,0.0,235.5,1200.0
86342.272,0.0,140.0,90.60000000000001,22.44,15.99,172.0,33.85,151.8,29.330000000000002,33.5,34.15,94.0,15.700000000000001,55.800000000000004,100.0,236.0,2891.0,1.52,36.550000000000004,15.08,7.08,36.050000000000004,29.01,0.0,237.5,1200.0
86402.272,2.272,140.0,90.9,22.31,15.84,170.5,32.85,151.5,28.51,32.75,33.300000000000004,90.0,15.25,55.2,99.80000000000001,241.0,2893.0,1.45,36.65,15.0,6.99,36.09,28.990000000000002,2.0,237.0,1200.0
86462.272,62.272,140.0,91.9,22.31,16.07,168.5,32.65,152.3,28.55,32.62,33.2,92.5,15.350000000000001,55.300000000000004,100.0,221.5,2853.0,1.3,36.6,14.98,6.97,35.99,29.04,2.0,222.0,1200.0
86522.271,122.271,140.0,91.4,22.22,16.1,167.5,32.7,152.70000000000002,28.53,32.660000000000004,33.300000000000004,90.0,15.3,55.2,99.80000000000001,220.5,2854.0,1.32,36.5,14.98,7.04,36.03,28.92,0.0,225.5,1200.0
86582.271,182.271,140.0,91.10000000000001,22.26,16.04,168.0,32.75,151.20000000000002,28.59,32.55,33.25,90.5,15.55,54.800000000000004,100.0,223.0,2856.0,1.33,36.35,14.98,6.96,36.02,28.95,0.0,224.0,1200.0
86642.271,242.271,140.0,90.10000000000001,22.31,15.99,167.0,32.800000000000004,152.1,28.490000000000002,32.63,33.15,91.0,15.3,54.7,100.0,222.0,2855.0,1.57,36.25,15.02,6.95,36.01,29.05,0.0,224.5,1200.0
86702.271,302.271,140.0,90.30000000000001,22.14,16.04,167.5,32.65,152.20000000000002,28.64,32.61,33.2,91.5,15.3,55.2,100.0,224.0,2860.0,1.48,36.15,15.0,6.99,35.910000000000004,29.03,0.0,227.0,1200.0
86762.271,362.271,140.0,91.0,22.35,16.03,168.0,32.75,152.0,28.54,32.53,33.4,91.5,15.350000000000001,55.400000000000006,99.80000000000001,221.0,2854.0,1.28,36.050000000000004,15.02,6.97,35.97,29.03,0.0,225.5,1200.0
86822.271,422.271,140.0,92.80000000000001,22.31,16.05,168.0,32.6,151.20000000000002,28.560000000000002,32.61,33.35,91.5,15.4,55.0,100.0,226.0,2860.0,1.49,36.050000000000004,14.98,6.94,36.03,29.01,1.0,222.5,1200.0
86882.271,482.271,140.0,89.7,22.3,16.03,168.0,32.800000000000004,151.4,28.54,32.65,33.35,91.0,15.350000000000001,55.300000000000004,100.0,227.5,2857.0,1.43,36.0,15.0,7.05,35.94,28.96,1.0,227.5,1200.0
86942.271,542.271,140.0,92.0,22.330000000000002,15.99,168.5,32.75,150.70000000000002,28.55,32.65,33.25,90.5,15.15,54.900000000000006,100.0,226.5,2862.0,1.25,36.050000000000004,15.01,6.98,36.02,29.02,0.0,220.0,1200.0
87002.271,602.271,140.0,91.60000000000001,22.35,16.01,168.5,32.75,151.8,28.55,32.58,33.2,90.5,15.25,54.900000000000006,100.0,227.0,2856.0,1.51,36.15,15.0,7.0200000000000005,35.95,29.0,3.0,225.5,1200.0
87062.271,662.271,140.0,90.5,22.23,16.0,168.5,32.800000000000004,151.20000000000002,28.54,32.64,33.300000000000004,91.5,15.4,55.300000000000004,100.0,226.5,2857.0,1.3,36.1,15.030000000000001,6.98,35.94,28.97,0.0,225.5,1200.0
87122.271,722.271,140.0,91.7,22.27,15.950000000000001,167.0,32.85,151.1,28.560000000000002,32.67,33.4,88.5,15.15,55.300000000000004,100.0,222.0,2861.0,1.37,36.1,14.97,7.04,36.03,28.95,2.0,224.0,1200.0
87182.271,782.271,140.0,91.2,22.26,16.0,166.5,32.800000000000004,150.70000000000002,28.55,32.67,33.35,91.0,15.3,55.400000000000006,99.5,222.0,2860.0,1.45,36.1,14.98,6.95,35.97,29.1,1.0,226.5,1200.0
87242.271,842.271,140.0,90.80000000000001,22.23,16.0,167.0,32.9,151.6,28.63,32.49,33.4,91.5,15.25,55.2,100.0,223.5,2864.0,1.23,36.0,15.040000000000001,6.98,35.95,29.02,1.0,224.0,1200.0
87302.271,902.271,140.0,91.0,22.34,15.98,168.5,32.7,151.5,28.57,32.62,33.35,90.5,15.25,54.800000000000004,100.0,223.5,2857.0,1.3900000000000001,36.0,15.040000000000001,7.04,35.95,28.95,1.0,224.5,1200.0
87362.271,962.271,140.0,92.0,22.25,16.0,169.5,32.65,151.70000000000002,28.560000000000002,32.57,33.35,92.5,15.4,55.1,100.0,227.0,2862.0,1.27,35.85,15.05,6.9,35.96,29.02,0.0,221.0,1200.0
87422.271,1022.271,140.0,90.9,22.26,16.02,167.0,32.800000000000004,151.20000000000002,28.53,32.64,33.35,90.0,15.350000000000001,55.300000000000004,100.0,225.5,2856.0,1.43,36.0,14.99,7.0,35.99,28.97,2.0,226.5,1200.0
87482.271,1082.271,140.0,90.7,22.23,16.0,167.5,32.85,149.20000000000002,28.52,32.64,33.45,91.0,15.4,54.6,100.0,225.0,2862.0,1.43,36.0,14.99,7.03,35.99,29.03,0.0,222.5,1200.0
87542.271,1142.271,140.0,90.4,22.12,16.03,167.0,32.75,151.1,28.52,32.62,33.300000000000004,91.0,15.350000000000001,55.2,100.0,230.0,2855.0,1.3800000000000001,36.050000000000004,15.01,7.03,35.96,28.98,0.0,226.5,1200.0
87602.271,1202.271,140.0,91.0,22.22,15.98,168.0,32.85,154.10000000000002,28.61,32.64,33.35,90.5,15.200000000000001,54.6,99.80000000000001,225.0,2856.0,1.47,36.0,15.05,6.98,36.06,28.91,1.0,227.0,1200.0
87662.271,1262.271,140.0,90.80000000000001,22.25,15.99,168.0,32.75,151.3,28.6,32.68,33.4,92.0,15.25,54.6,99.9,228.0,2859.0,1.33,36.050000000000004,15.040000000000001,6.99,36.03,28.990000000000002,5.0,222.5,1200.0
87722.27,1322.27,140.0,91.60000000000001,22.2,15.99,166.0,32.9,151.20000000000002,28.560000000000002,32.67,33.4,91.0,15.25,55.1,99.7,226.5,2858.0,1.2,36.0,14.96,6.97,35.93,28.91,0.0,222.5,1200.0
87782.27,1382.27,140.0,91.10000000000001,22.240000000000002,15.9,169.0,32.75,151.9,28.61,32.62,33.45,90.5,15.3,54.800000000000004,100.0,227.0,2867.0,1.3900000000000001,35.9,14.96,6.99,35.96,29.05,2.0,228.5,1200.0
87842.27,1442.27,140.0,92.0,22.21,16.01,169.5,32.7,152.8,28.66,32.730000000000004,33.5,88.5,15.450000000000001,55.0,100.0,225.5,2867.0,1.49,36.050000000000004,15.040000000000001,7.0200000000000005,36.0,29.080000000000002,1.0,228.5,1200.0
87902.27,1502.27,140.0,91.2,22.240000000000002,15.99,167.0,32.85,151.8,28.63,32.74,33.4,92.0,15.3,55.1,99.4,225.5,2866.0,1.31,36.15,14.99,6.99,36.04,28.97,0.0,228.5,1200.0
87962.27,1562.27,140.0,92.60000000000001,22.150000000000002,15.98,168.5,32.9,152.0,28.62,32.71,33.35,93.5,15.15,54.7,100.0,227.0,2867.0,1.4000000000000001,36.0,15.0,7.04,36.01,28.95,0.0,225.5,1200.0
88022.27,1622.27,140.0,91.10000000000001,22.28,15.99,166.5,32.85,152.1,28.7,32.77,33.550000000000004,89.0,15.450000000000001,54.400000000000006,99.9,232.0,2867.0,1.46,35.95,15.0,7.0200000000000005,36.01,29.03,2.0,222.5,1200.0
88082.27,1682.27,140.0,92.60000000000001,22.27,16.01,168.0,32.95,152.5,28.72,32.84,33.45,91.5,15.350000000000001,54.900000000000006,99.80000000000001,224.5,2866.0,1.29,36.15,14.99,6.99,36.0,29.03,1.0,230.5,1200.0
88142.27,1742.27,140.0,91.4,22.17,16.01,169.0,32.85,152.1,28.69,32.71,33.550000000000004,92.0,15.25,54.800000000000004,100.0,225.0,2871.0,1.31,36.2,14.99,7.01,36.03,29.080000000000002,0.0,219.5,1200.0
88202.27,1802.27,140.0,92.0,22.25,15.98,168.5,32.800000000000004,152.1,28.68,32.78,33.6,91.0,15.3,54.900000000000006,99.5,227.5,2868.0,1.41,36.300000000000004,14.99,7.0,35.97,29.01,0.0,229.5,1200.0
88262.27,1862.27,140.0,89.4,22.240000000000002,16.0,168.5,33.1,151.3,28.740000000000002,32.85,33.45,91.0,15.4,54.6,100.0,228.5,2872.0,1.3800000000000001,36.1,14.99,7.03,36.02,28.990000000000002,2.0,231.0,1200.0
88322.27,1922.27,140.0,90.60000000000001,22.26,16.080000000000002,168.5,32.95,153.1,28.7,32.78,33.550000000000004,91.0,15.3,54.5,100.0,225.0,2867.0,1.49,36.1,15.030000000000001,6.99,36.03,28.97,0.0,226.5,1200.0
88382.27,1982.27,140.0,91.30000000000001,22.27,16.05,167.5,32.85,153.0,28.69,32.78,33.7,91.0,15.3,55.1,100.0,232.5,2875.0,1.51,36.2,15.02,7.0200000000000005,36.06,28.97,1.0,230.5,1200.0
88442.27,2042.27,140.0,90.0,22.29,16.04,168.5,33.050000000000004,151.6,28.71,32.79,33.550000000000004,90.5,15.200000000000001,54.800000000000004,99.9,225.5,2867.0,1.5,36.0,14.98,6.92,36.0,29.080000000000002,0.0,228.0,1200.0
88502.27,2102.27,140.0,92.5,22.23,16.01,169.0,32.95,148.4,28.740000000000002,32.83,33.550000000000004,90.5,15.3,55.400000000000006,100.0,223.5,2877.0,1.3,36.2,15.0,7.0,36.03,28.92,0.0,229.0,1200.0
88562.27,2162.27,140.0,90.30000000000001,22.28,16.05,168.0,32.95,152.20000000000002,28.73,32.79,33.550000000000004,91.0,15.350000000000001,54.800000000000004,100.0,230.0,2880.0,1.27,36.300000000000004,15.05,6.96,36.07,29.02,0.0,227.5,1200.0
88622.27,2222.27,140.0,90.7,22.27,15.99,170.0,33.050000000000004,151.70000000000002,28.77,32.83,33.5,91.5,15.200000000000001,54.400000000000006,99.60000000000001,229.5,2876.0,1.36,36.25,14.89,6.99,36.01,28.97,0.0,230.0,1200.0
88682.27,2282.27,140.0,91.80000000000001,22.31,16.03,169.5,33.050000000000004,152.3,28.73,32.83,33.7,92.5,15.3,54.800000000000004,99.80000000000001,233.5,2877.0,1.27,36.25,15.07,6.98,36.01,28.94,0.0,231.0,1200.0
88742.27,2342.27,140.0,90.2,22.27,15.9,169.0,33.1,151.3,28.78,32.88,33.7,93.0,15.4,54.2,99.7,227.0,2882.0,1.47,36.25,15.01,7.0600000000000005,36.01,29.02,2.0,233.0,1200.0
88802.27,2402.27,140.0,91.30000000000001,22.25,16.05,169.5,33.1,151.20000000000002,28.69,32.85,33.6,92.5,15.350000000000001,55.1,100.0,229.5,2880.0,1.28,36.300000000000004,15.02,7.01,36.09,29.060000000000002,1.0,232.5,1200.0
88862.27,2462.27,140.0,91.2,22.32,16.03,169.0,33.1,150.5,28.76,32.83,33.65,92.5,15.4,54.5,100.0,233.5,2880.0,1.5,36.2,14.97,6.98,35.95,28.96,0.0,228.5,1200.0
88922.27,2522.27,140.0,91.80000000000001,22.3,16.03,167.5,33.0,150.3,28.740000000000002,32.87,33.65,91.0,15.25,54.6,99.80000000000001,226.5,2877.0,1.52,36.2,15.0,6.98,35.97,28.96,3.0,232.0,1200.0
88982.269,2582.269,140.0,92.5,22.240000000000002,16.04,171.0,33.1,151.8,28.88,32.85,33.6,91.0,15.200000000000001,55.1,100.0,229.0,2882.0,1.52,36.25,14.99,7.07,35.99,29.0,0.0,228.5,1200.0
89042.269,2642.269,140.0,89.4,22.26,16.03,170.5,33.0,151.70000000000002,28.900000000000002,32.87,33.800000000000004,89.0,15.450000000000001,55.1,99.9,229.5,2891.0,1.41,36.45,15.040000000000001,7.04,36.09,28.97,0.0,233.5,1200.0
89102.269,2702.269,140.0,90.10000000000001,22.17,15.99,168.5,33.1,150.70000000000002,28.77,33.01,33.550000000000004,90.5,15.3,54.400000000000006,100.0,231.0,2888.0,1.31,36.45,15.05,6.95,36.0,29.0,0.0,232.0,1200.0
89162.269,2762.269,140.0,90.2,22.27,15.98,170.5,33.0,151.9,28.82,32.92,33.6,90.5,15.25,54.300000000000004,100.0,233.5,2884.0,1.41,36.45,15.05,7.0200000000000005,36.06,28.990000000000002,0.0,229.5,1200.0
89222.269,2822.269,140.0,91.9,22.26,16.03,169.5,33.1,151.8,28.86,32.910000000000004,33.7,91.0,15.450000000000001,53.900000000000006,100.0,227.5,2887.0,1.47,36.4,15.05,7.0,35.92,28.96,1.0,232.0,1200.0
89282.269,2882.269,140.0,91.9,22.2,16.03,169.0,33.0,153.4,28.91,32.980000000000004,33.75,92.5,15.4,55.1,100.0,235.5,2884.0,1.41,36.300000000000004,15.01,6.97,36.04,29.060000000000002,0.0,233.5,1200.0
89342.269,2942.269,140.0,90.5,22.26,15.9,169.0,33.0,151.0,28.82,33.09,33.85,91.0,15.25,54.5,100.0,237.5,2890.0,1.58,36.4,14.96,7.0,36.06,29.02,1.0,230.0,1200.0
89402.269,3002.269,140.0,92.2,22.25,15.98,170.0,33.25,150.5,28.900000000000002,32.94,33.7,89.5,15.25,54.800000000000004,100.0,229.5,2894.0,1.35,36.35,15.05,6.9,36.06,29.02,0.0,232.5,1200.0
89462.269,3062.269,140.0,89.7,22.3,15.98,169.0,33.300000000000004,151.6,29.02,33.01,33.85,92.0,15.450000000000001,54.2,100.0,234.5,2891.0,1.35,36.550000000000004,15.040000000000001,6.97,35.980000000000004,29.080000000000002,0.0,229.0,1200.0
89522.269,3122.269,140.0,90.9,22.28,16.06,167.0,33.1,150.20000000000002,28.810000000000002,33.01,33.800000000000004,92.0,15.3,54.800000000000004,100.0,235.0,2883.0,1.5,36.4,14.98,6.99,36.04,28.98,1.0,230.5,1200.0
89582.269,3182.269,140.0,91.5,22.23,16.01,170.5,33.15,153.3,28.95,33.07,33.6,89.5,15.350000000000001,54.400000000000006,99.80000000000001,233.0,2889.0,1.3,36.25,15.02,7.0,36.0,29.01,1.0,227.0,1200.0
89642.269,3242.269,140.0,89.5,22.29,16.03,170.0,33.300000000000004,151.4,28.990000000000002,32.95,33.75,90.0,15.3,54.2,99.5,232.5,2889.0,1.61,36.35,15.040000000000001,7.0,36.06,29.080000000000002,2.0,236.0,1200.0
89702.269,3302.269,140.0,89.0,22.22,15.91,170.0,33.15,151.0,29.01,32.94,33.65,89.5,15.4,54.2,100.0,232.5,2888.0,1.42,36.35,15.040000000000001,6.84,35.95,29.04,1.0,232.5,1200.0
89762.269,3362.269,140.0,93.4,22.23,16.06,170.0,33.2,150.9,28.89,32.910000000000004,33.75,92.0,15.4,54.800000000000004,100.0,230.5,2890.0,1.43,36.550000000000004,15.02,7.0200000000000005,36.0,28.97,0.0,235.5,1200.0
89822.269,3422.269,140.0,90.5,22.23,16.02,170.5,33.1,151.0,28.82,33.03,33.800000000000004,92.5,15.3,54.800000000000004,100.0,228.0,2885.0,1.26,36.35,15.05,6.97,36.01,28.95,1.0,232.0,1200.0
89882.269,3482.269,140.0,91.9,22.25,15.96,169.0,33.1,151.5,28.87,32.99,33.75,89.5,15.350000000000001,54.900000000000006,100.0,228.0,2886.0,1.41,36.4,15.07,6.97,35.96,28.990000000000002,3.0,232.5,1200.0
89942.269,3542.269,140.0,91.60000000000001,22.31,15.97,170.0,32.95,151.8,28.94,32.94,33.75,89.5,15.350000000000001,54.2,99.80000000000001,235.0,2886.0,1.42,36.45,14.98,7.01,35.99,29.0,0.0,228.0,1200.0
90002.269,3602.269,140.0,92.4,22.18,15.98,170.0,33.15,153.70000000000002,28.900000000000002,33.02,33.75,90.5,15.200000000000001,54.2,99.30000000000001,228.5,2890.0,1.48,36.35,15.0,7.05,35.980000000000004,28.97,0.0,231.5,1200.0
90062.269,3662.269,140.0,91.30000000000001,22.3,15.92,171.5,33.15,152.5,28.900000000000002,33.11,33.75,91.5,15.350000000000001,54.2,100.0,234.5,2890.0,1.43,36.5,15.06,7.0,35.99,28.990000000000002,2.0,229.0,1200.0
90122.269,3722.269,140.0,90.4,22.28,16.03,171.5,33.1,151.0,28.95,33.02,33.75,91.0,15.3,54.400000000000006,99.60000000000001,231.0,2889.0,1.48,36.35,14.96,6.99,36.03,28.97,0.0,232.0,1200.0
90182.269,3782.269,140.0,90.2,22.21,16.02,171.0,33.15,152.70000000000002,28.91,33.09,33.800000000000004,92.0,15.200000000000001,54.400000000000006,100.0,233.0,2895.0,1.28,36.5,15.040000000000001,7.01,36.13,29.09,0.0,236.0,1200.0
90242.268,3842.268,140.0,91.0,22.28,16.02,171.0,33.050000000000004,150.9,28.85,33.13,33.85,93.0,15.200000000000001,55.0,99.80000000000001,230.5,2890.0,1.46,36.5,15.030000000000001,6.98,36.04,29.0,1.0,234.5,1200.0
90302.268,3902.268,140.0,93.4,22.3,15.950000000000001,170.5,33.4,153.1,29.060000000000002,33.12,33.75,88.0,15.3,54.1,99.5,230.5,2897.0,1.5,36.35,14.99,6.93,36.050000000000004,29.0,0.0,229.0,1200.0
90362.268,3962.268,140.0,90.9,22.27,15.98,170.0,33.25,152.20000000000002,29.02,33.05,33.9,91.0,15.200000000000001,54.5,99.9,233.0,2898.0,1.41,36.45,15.02,6.99,36.02,29.060000000000002,0.0,230.0,1200.0
90422.268,4022.268,140.0,88.60000000000001,22.28,16.02,172.0,33.300000000000004,151.20000000000002,28.98,33.19,33.75,89.0,15.25,54.1,99.9,236.5,2895.0,1.3900000000000001,36.5,15.02,6.96,35.99,29.060000000000002,0.0,234.0,1200.0
90482.268,4082.268,140.0,92.10000000000001,22.35,16.07,173.0,33.15,150.6,29.04,33.18,33.9,90.5,15.25,54.2,99.9,236.0,2903.0,1.36,36.45,15.030000000000001,6.99,36.0,28.97,0.0,235.5,1200.0
90542.268,4142.268,140.0,89.9,22.35,15.98,169.5,33.1,150.4,28.97,33.22,33.85,92.5,15.350000000000001,54.7,100.0,237.5,2897.0,1.22,36.4,14.950000000000001,7.0,36.04,28.91,0.0,230.5,1200.0
90602.268,4202.268,140.0,91.5,22.28,15.97,171.0,33.300000000000004,151.8,29.05,33.12,33.95,91.0,15.350000000000001,54.2,99.4,231.5,2902.0,1.3800000000000001,36.6,14.97,7.03,36.0,29.02,0.0,233.5,1200.0
90662.268,4262.268,140.0,90.10000000000001,22.25,15.97,169.0,33.25,150.4,29.080000000000002,33.2,33.9,94.0,15.3,54.6,100.0,234.5,2900.0,1.48,36.550000000000004,14.98,6.99,35.980000000000004,29.060000000000002,1.0,235.0,1200.0
90722.268,4322.268,140.0,89.4,22.28,16.04,170.0,33.35,151.20000000000002,29.13,33.25,33.95,90.5,15.4,54.7,100.0,236.5,2905.0,1.41,36.7,15.01,7.05,35.94,28.98,1.0,235.5,1200.0
90782.268,4382.268,140.0,92.2,22.36,15.99,172.5,33.4,152.20000000000002,29.150000000000002,33.28,33.9,92.5,15.200000000000001,54.2,99.4,234.0,2910.0,1.2,36.6,14.99,7.04,35.99,29.02,1.0,240.5,1200.0
90842.268,4442.268,140.0,90.0,22.26,15.97,169.5,33.300000000000004,150.9,29.150000000000002,33.28,33.800000000000004,91.0,15.350000000000001,54.800000000000004,99.9,233.0,2901.0,1.58,36.65,15.0,7.0,36.0,29.0,0.0,236.0,1200.0
90902.268,4502.268,140.0,91.2,22.330000000000002,15.98,172.0,33.25,153.5,29.19,33.27,33.75,91.5,15.25,54.800000000000004,100.0,238.0,2908.0,1.49,36.45,14.950000000000001,7.0200000000000005,36.09,28.96,0.0,239.5,1200.0
90962.268,4562.268,140.0,91.9,22.41,15.97,169.5,33.5,152.8,29.2,33.2,33.9,92.5,15.5,55.2,100.0,236.5,2910.0,1.2,36.7,14.99,6.95,36.06,28.96,2.0,239.0,1200.0
91022.268,4622.268,140.0,90.7,22.330000000000002,15.98,171.5,33.25,151.3,29.04,33.29,33.95,94.5,15.5,54.900000000000006,100.0,240.0,2909.0,1.27,36.7,14.97,7.03,36.050000000000004,29.0,0.0,235.5,1200.0
91082.268,4682.268,140.0,91.2,22.36,16.0,173.5,33.5,152.5,29.11,33.31,33.95,91.0,15.15,54.400000000000006,99.80000000000001,238.0,2906.0,1.5,36.65,14.99,6.98,36.12,28.97,0.0,236.0,1200.0
91142.268,4742.268,140.0,89.4,22.38,15.99,171.5,33.25,151.5,29.11,33.22,34.050000000000004,92.5,15.350000000000001,54.5,99.9,245.0,2912.0,1.31,36.75,14.93,7.01,35.97,29.04,0.0,239.0,1200.0
91202.268,4802.268,140.0,90.5,22.34,16.04,171.5,33.300000000000004,149.4,29.05,33.31,33.9,90.5,15.350000000000001,54.7,99.30000000000001,242.5,2913.0,1.49,36.7,14.94,7.05,35.97,28.94,0.0,233.5,1200.0
91262.268,4862.268,140.0,91.30000000000001,22.41,16.03,171.5,33.35,153.1,29.13,33.17,33.95,91.5,15.350000000000001,54.400000000000006,100.0,239.5,2908.0,1.28,36.7,15.01,7.04,35.980000000000004,29.1,0.0,237.0,1200.0
91322.268,4922.268,140.0,91.0,22.25,16.01,170.0,33.45,151.0,29.12,33.29,33.95,91.5,15.25,54.800000000000004,100.0,237.5,2913.0,1.4000000000000001,36.75,14.99,7.01,35.94,29.05,3.0,238.0,1200.0
91382.268,4982.268,140.0,90.7,22.29,15.98,171.0,33.2,150.0,29.12,33.27,33.95,92.5,15.3,54.800000000000004,100.0,235.5,2914.0,1.32,36.800000000000004,14.97,6.99,36.02,29.02,0.0,230.5,1200.0
91442.268,5042.268,140.0,92.10000000000001,22.36,16.06,171.0,33.4,151.3,29.09,33.26,34.050000000000004,91.5,15.4,54.5,100.0,236.0,2913.0,1.24,36.800000000000004,15.030000000000001,6.99,35.97,28.93,0.0,237.0,1200.0
91502.268,5102.268,140.0,91.4,22.29,16.02,171.0,33.35,150.8,29.11,33.31,33.95,91.5,15.3,54.1,99.7,238.0,2908.0,1.37,36.7,14.94,7.0,36.06,29.02,1.0,238.0,1200.0
91562.267,5162.267,140.0,91.30000000000001,22.330000000000002,16.01,171.0,33.2,149.9,29.17,33.28,34.0,90.5,15.4,54.0,99.80000000000001,238.5,2913.0,1.27,36.65,15.040000000000001,6.97,36.03,28.990000000000002,0.0,235.5,1200.0
91622.267,5222.267,140.0,92.80000000000001,22.31,15.96,172.5,33.5,152.1,29.16,33.4,34.0,92.5,15.450000000000001,54.900000000000006,100.0,244.5,2913.0,1.42,36.85,14.96,6.97,36.01,28.990000000000002,0.0,241.0,1200.0
91682.267,5282.267,140.0,89.9,22.27,15.99,171.5,33.35,151.3,29.2,33.29,34.0,90.5,15.25,54.7,100.0,236.5,2912.0,1.52,36.85,14.96,7.01,35.99,29.0,0.0,235.0,1200.0
91742.267,5342.267,140.0,91.10000000000001,22.3,16.07,172.0,33.4,151.9,29.11,33.37,34.050000000000004,92.0,15.3,54.400000000000006,99.80000000000001,237.5,2912.0,1.32,36.85,15.05,6.95,36.02,29.09,2.0,241.5,1200.0
91802.267,5402.267,140.0,89.60000000000001,22.27,15.99,171.5,33.6,150.1,29.17,33.31,33.9,89.5,15.25,54.800000000000004,99.7,239.0,2912.0,1.16,36.800000000000004,14.96,6.97,35.93,29.01,0.0,237.5,1200.0
91862.267,5462.267,140.0,90.80000000000001,22.26,15.97,171.0,33.5,150.20000000000002,29.28,33.36,34.15,90.0,15.25,54.300000000000004,99.9,237.5,2911.0,1.31,36.7,15.030000000000001,7.03,35.980000000000004,29.1,0.0,237.5,1200.0
91922.267,5522.267,140.0,91.4,22.35,16.0,170.0,33.550000000000004,152.3,29.27,33.32,34.0,92.0,15.3,54.1,99.9,238.0,2913.0,1.46,36.7,14.99,7.07,36.02,28.94,0.0,238.5,1200.0
91982.267,5582.267,140.0,92.0,22.32,16.01,171.5,33.35,150.4,29.25,33.29,34.050000000000004,94.0,15.25,54.300000000000004,100.0,236.5,2919.0,1.1300000000000001,36.65,14.99,6.95,35.93,29.03,0.0,240.0,1200.0
92042.267,5642.267,140.0,92.2,22.26,16.0,172.0,33.4,151.5,29.23,33.38,34.1,92.0,15.4,54.7,99.9,231.0,2917.0,1.44,36.85,14.93,6.95,36.03,28.96,0.0,234.5,1200.0
92102.267,5702.267,140.0,89.7,22.35,16.04,170.0,33.4,152.8,29.19,33.36,34.050000000000004,93.0,15.3,54.0,100.0,235.5,2913.0,1.17,36.800000000000004,14.950000000000001,6.98,35.92,29.04,2.0,240.0,1200.0
92162.267,5762.267,140.0,91.5,22.28,16.05,172.0,33.5,152.1,29.2,33.410000000000004,34.1,88.5,15.25,54.400000000000006,100.0,237.5,2920.0,1.26,36.9,15.030000000000001,6.98,35.92,28.95,2.0,234.5,1200.0
92222.267,5822.267,140.0,90.2,22.27,16.0,169.5,33.4,152.20000000000002,29.25,33.37,34.1,90.5,15.350000000000001,54.1,100.0,238.5,2911.0,1.5,37.0,15.01,7.05,36.06,29.0,0.0,238.5,1200.0
92282.267,5882.267,140.0,90.7,22.37,16.01,173.0,33.550000000000004,149.8,29.23,33.37,34.050000000000004,92.0,15.25,54.400000000000006,99.7,240.5,2917.0,1.44,36.85,14.98,7.0600000000000005,36.03,28.96,0.0,236.0,1200.0
92342.267,5942.267,140.0,91.10000000000001,22.34,15.99,173.0,33.5,152.70000000000002,29.310000000000002,33.36,34.0,89.5,15.25,53.900000000000006,100.0,237.0,2918.0,1.46,36.9,15.040000000000001,6.99,35.99,28.98,0.0,236.5,1200.0
92402.267,6002.267,140.0,90.7,22.35,16.05,172.5,33.5,151.5,29.17,33.33,34.15,91.5,15.200000000000001,54.0,99.7,239.5,2914.0,1.52,36.9,14.99,6.98,36.0,29.0,2.0,235.5,1200.0
92462.267,6062.267,140.0,92.2,22.330000000000002,15.94,173.0,33.45,150.0,29.3,33.4,34.2,91.5,15.3,54.5,100.0,241.0,2917.0,1.29,36.85,15.0,6.92,35.97,29.05,0.0,236.5,1200.0
92522.267,6122.267,140.0,90.5,22.37,16.02,172.5,33.550000000000004,151.8,29.19,33.39,33.95,91.0,15.25,53.7,99.9,237.0,2920.0,1.45,36.9,14.93,7.01,36.04,28.98,0.0,237.5,1200.0
92582.267,6182.267,140.0,91.10000000000001,22.29,15.94,170.5,33.4,150.70000000000002,29.25,33.34,34.15,90.0,15.350000000000001,54.400000000000006,99.7,244.5,2922.0,1.3900000000000001,36.85,14.96,6.99,36.06,28.87,2.0,242.5,1200.0
92642.267,6242.267,140.0,91.2,22.27,15.99,173.5,33.5,150.20000000000002,29.3,33.37,34.15,92.5,15.200000000000001,54.1,99.9,239.0,2922.0,1.44,36.85,15.01,7.04,36.0,29.07,2.0,237.5,1200.0
92702.267,6302.267,140.0,88.60000000000001,22.37,15.96,171.5,33.550000000000004,151.70000000000002,29.34,33.39,34.1,91.5,15.200000000000001,54.1,100.0,240.5,2925.0,1.58,36.95,15.0,7.0,35.980000000000004,29.0,0.0,237.5,1200.0
92762.267,6362.267,140.0,90.60000000000001,22.32,16.02,171.5,33.7,151.6,29.29,33.51,34.1,91.0,15.25,54.2,100.0,239.0,2926.0,1.23,37.15,15.0,6.94,36.03,28.900000000000002,0.0,242.5,1200.0
92822.267,6422.267,140.0,90.7,22.28,15.950000000000001,172.0,33.550000000000004,151.9,29.32,33.54,34.1,91.0,15.200000000000001,54.900000000000006,100.0,244.5,2928.0,1.36,36.9,15.030000000000001,6.97,35.99,29.0,0.0,235.5,1200.0
92882.266,6482.266,140.0,92.30000000000001,22.25,16.03,171.0,33.550000000000004,150.0,29.35,33.5,34.25,93.5,15.25,53.800000000000004,99.80000000000001,242.0,2924.0,1.61,37.050000000000004,15.0,6.94,35.93,29.060000000000002,0.0,239.5,1200.0
92942.266,6542.266,140.0,90.0,22.31,15.99,173.5,33.65,151.4,29.26,33.46,34.2,92.5,15.25,54.2,99.9,242.0,2926.0,1.43,36.95,14.950000000000001,7.05,35.96,28.94,0.0,242.5,1200.0
93002.266,6602.266,140.0,90.9,22.35,15.99,170.5,33.6,150.20000000000002,29.400000000000002,33.5,34.1,89.0,15.350000000000001,54.2,100.0,242.5,2924.0,1.4000000000000001,37.0,14.96,6.98,36.01,28.97,1.0,243.0,1200.0
93062.266,6662.266,140.0,90.60000000000001,22.26,15.96,172.5,33.5,153.70000000000002,29.37,33.59,34.2,91.0,15.3,54.6,100.0,239.0,2927.0,1.61,36.95,14.950000000000001,7.01,35.93,29.02,1.0,239.5,1200.0
93122.266,6722.266,140.0,89.9,22.28,16.0,171.0,33.65,150.1,29.45,33.56,34.300000000000004,91.5,15.25,54.800000000000004,100.0,239.0,2925.0,1.34,36.9,15.07,6.98,35.980000000000004,28.93,0.0,238.5,1200.0
93182.266,6782.266,140.0,91.2,22.31,15.99,174.0,33.5,152.3,29.36,33.46,34.15,92.5,15.25,54.6,99.9,234.0,2929.0,1.35,37.15,15.0,7.0,36.02,28.93,0.0,244.5,1200.0
93242.266,6842.266,140.0,91.30000000000001,22.23,15.950000000000001,175.0,33.65,150.8,29.32,33.38,34.25,90.5,15.450000000000001,54.5,99.9,242.5,2922.0,1.3,37.050000000000004,14.99,6.94,36.07,29.02,0.0,237.5,1200.0
93302.266,6902.266,140.0,90.2,22.27,16.05,172.5,33.45,151.20000000000002,29.36,33.47,34.2,92.5,15.4,54.400000000000006,100.0,240.5,2923.0,1.3900000000000001,37.1,15.01,6.99,36.03,29.01,0.0,238.0,1200.0
93362.266,6962.266,140.0,92.30000000000001,22.25,16.01,170.5,33.6,149.70000000000002,29.38,33.5,34.300000000000004,90.0,15.15,53.900000000000006,100.0,238.5,2928.0,1.57,37.1,15.01,6.99,35.93,28.95,0.0,239.0,1200.0
93422.266,7022.266,140.0,90.5,22.29,15.97,171.0,33.65,151.0,29.32,33.42,34.2,91.5,15.15,54.800000000000004,99.5,239.0,2923.0,1.5,37.1,14.99,6.96,35.99,28.94,0.0,240.0,1200.0
93482.266,7082.266,140.0,89.80000000000001,22.36,15.91,170.5,33.65,151.9,29.35,33.45,34.300000000000004,91.5,15.4,54.300000000000004,100.0,237.0,2928.0,1.31,36.95,15.05,6.97,36.09,28.97,0.0,245.5,1200.0
93542.266,7142.266,140.0,90.5,22.28,16.01,172.0,33.550000000000004,151.0,29.37,33.5,34.2,93.0,15.100000000000001,54.2,100.0,240.0,2926.0,1.36,37.0,14.93,6.98,35.97,29.01,1.0,241.5,1200.0
93602.266,7202.266,140.0,90.60000000000001,22.31,16.05,170.5,33.6,151.3,29.25,33.5,34.15,91.0,15.4,54.5,100.0,240.0,2922.0,1.35,37.15,14.93,7.0600000000000005,36.02,29.07,0.0,241.0,1200.0
93662.266,7262.266,140.0,92.7,22.27,16.02,171.5,33.6,152.70000000000002,29.330000000000002,33.4,34.2,89.5,15.3,53.900000000000006,100.0,241.0,2928.0,1.32,37.15,14.96,6.96,36.09,28.990000000000002,0.0,239.0,1200.0
93722.266,7322.266,140.0,90.2,22.29,16.09,174.0,33.5,152.0,29.26,33.4,34.050000000000004,92.5,15.3,53.800000000000004,99.9,243.0,2927.0,1.58,37.050000000000004,15.030000000000001,7.0,35.99,28.98,0.0,246.0,1200.0
93782.266,7382.266,140.0,89.7,22.29,16.03,172.5,33.550000000000004,150.4,29.37,33.46,34.050000000000004,91.0,15.5,54.5,99.5,241.5,2925.0,1.52,36.95,15.05,6.99,35.96,29.04,1.0,245.0,1200.0
93842.266,7442.266,140.0,89.9,22.23,16.02,171.5,33.6,150.5,29.35,33.45,34.15,91.5,15.350000000000001,54.300000000000004,100.0,242.0,2922.0,1.43,37.0,14.99,7.09,35.97,29.09,1.0,242.0,1200.0
93902.266,7502.266,140.0,89.9,22.31,16.080000000000002,173.0,33.65,151.1,29.44,33.42,34.4,90.5,15.25,54.2,99.9,240.5,2924.0,1.44,37.050000000000004,14.99,7.0,35.94,29.0,0.0,239.0,1200.0
93962.266,7562.266,140.0,91.2,22.32,16.05,171.0,33.4,151.4,29.310000000000002,33.46,34.15,91.0,15.25,54.400000000000006,100.0,241.5,2919.0,1.22,37.25,15.0,7.04,35.99,29.05,0.0,243.0,1200.0
94022.266,7622.266,140.0,91.9,22.22,15.99,173.0,33.550000000000004,151.0,29.38,33.49,34.2,90.5,15.200000000000001,53.900000000000006,100.0,238.5,2923.0,1.6300000000000001,37.050000000000004,15.01,7.0,36.07,28.94,1.0,239.0,1200.0
94082.266,7682.266,140.0,90.80000000000001,22.28,16.0,174.0,33.65,150.5,29.330000000000002,33.4,34.050000000000004,89.5,15.15,54.2,99.7,240.5,2923.0,1.29,36.95,15.01,6.98,36.050000000000004,28.97,2.0,237.5,1200.0
94142.266,7742.266,140.0,90.10000000000001,22.36,15.96,174.0,33.45,153.1,29.26,33.36,34.15,88.5,15.15,54.0,99.80000000000001,235.0,2925.0,1.41,36.85,15.02,7.04,36.0,29.01,2.0,240.5,1200.0
94202.265,7802.265,140.0,91.0,22.23,15.93,173.0,33.5,149.70000000000002,29.3,33.31,34.0,89.0,15.25,54.0,100.0,240.5,2929.0,1.5,36.800000000000004,15.01,7.0200000000000005,35.97,28.96,0.0,242.5,1200.0
94262.265,7862.265,140.0,90.7,22.28,16.0,170.5,33.550000000000004,152.1,29.43,33.410000000000004,34.1,92.0,15.4,54.6,99.9,238.0,2920.0,1.45,36.95,15.05,7.07,35.96,28.95,1.0,241.0,1200.0
94322.265,7922.265,140.0,90.7,22.37,16.09,172.5,33.65,152.20000000000002,29.29,33.36,34.1,90.0,15.3,54.5,100.0,236.0,2923.0,1.4000000000000001,37.1,14.98,7.0600000000000005,35.99,28.900000000000002,0.0,240.5,1200.0
94382.265,7982.265,140.0,92.2,22.37,16.0,172.0,33.5,150.20000000000002,29.28,33.44,34.25,91.5,15.350000000000001,54.6,100.0,238.0,2919.0,1.3900000000000001,36.85,15.0,7.0,35.94,29.01,1.0,241.5,1200.0
94442.265,8042.265,140.0,90.60000000000001,22.37,16.03,172.5,33.550000000000004,152.1,29.29,33.45,34.2,91.5,15.25,55.2,100.0,237.0,2925.0,1.26,36.95,14.93,7.07,35.980000000000004,29.060000000000002,0.0,243.5,1200.0
94502.265,8102.265,140.0,90.9,22.46,16.04,171.0,33.45,152.1,29.28,33.49,34.2,90.5,15.4,54.900000000000006,100.0,241.5,2927.0,1.52,37.0,14.99,7.04,35.97,28.98,0.0,240.5,1200.0
94562.265,8162.265,140.0,90.2,22.46,16.02,170.5,33.550000000000004,152.6,29.29,33.51,34.1,90.5,15.200000000000001,55.0,100.0,244.0,2925.0,1.4000000000000001,37.1,14.97,7.01,36.02,28.98,0.0,243.0,1200.0
94622.265,8222.265,140.0,89.80000000000001,22.47,15.97,171.0,33.6,152.0,29.330000000000002,33.47,34.15,92.5,15.3,55.0,100.0,239.5,2922.0,1.35,36.95,15.01,7.0,36.01,28.98,5.0,242.0,1200.0
94682.265,8282.265,140.0,92.10000000000001,22.400000000000002,15.98,172.5,33.7,152.20000000000002,29.28,33.47,34.2,90.5,15.450000000000001,54.800000000000004,100.0,240.0,2933.0,1.36,36.95,14.99,7.03,36.01,28.95,1.0,243.0,1200.0
94742.265,8342.265,140.0,90.80000000000001,22.52,16.0,172.0,33.550000000000004,151.1,29.26,33.44,34.1,91.0,15.3,54.800000000000004,100.0,244.0,2931.0,1.37,37.1,14.950000000000001,7.0600000000000005,35.97,28.97,3.0,243.0,1200.0
94802.265,8402.265,140.0,90.10000000000001,22.54,16.03,175.0,33.65,151.5,29.2,33.44,34.050000000000004,90.0,15.200000000000001,55.300000000000004,99.5,244.0,2927.0,1.6,37.1,15.02,7.05,36.02,29.02,0.0,242.0,1200.0
94862.265,8462.265,140.0,91.7,22.52,15.99,171.5,33.65,151.0,29.28,33.52,34.0,92.5,15.3,55.5,100.0,245.5,2937.0,1.62,37.15,14.99,7.08,36.03,29.0,0.0,240.5,1200.0
94922.265,8522.265,140.0,91.7,22.650000000000002,16.06,172.0,33.65,152.4,29.2,33.54,34.050000000000004,90.0,15.3,55.5,100.0,245.0,2940.0,1.33,37.2,14.99,7.03,36.04,28.96,0.0,244.0,1200.0
94982.265,8582.265,140.0,91.5,22.56,16.05,173.5,33.6,150.9,29.26,33.45,34.15,91.5,15.15,55.6,99.60000000000001,244.5,2940.0,1.36,37.1,15.0,6.98,36.050000000000004,29.03,0.0,243.0,1200.0
95042.265,8642.265,140.0,89.60000000000001,22.56,16.06,171.5,33.6,151.1,29.3,33.46,34.0,93.5,15.4,55.900000000000006,100.0,248.0,2940.0,1.42,37.2,14.950000000000001,6.97,35.99,29.060000000000002,0.0,250.0,1200.0
95102.265,8702.265,140.0,89.5,22.57,16.01,174.0,33.6,151.1,29.17,33.51,34.050000000000004,90.5,15.350000000000001,55.6,99.9,248.0,2940.0,1.3900000000000001,37.25,14.93,7.04,35.94,28.98,0.0,245.5,1200.0
95162.265,8762.265,140.0,91.0,22.7,15.98,172.0,33.5,151.70000000000002,29.330000000000002,33.54,34.050000000000004,92.5,15.25,55.6,99.60000000000001,250.5,2945.0,1.42,37.300000000000004,14.99,6.94,36.07,29.05,0.0,247.0,1200.0
95222.265,8822.265,140.0,89.5,22.650000000000002,16.01,175.0,33.800000000000004,151.0,29.2,33.51,34.050000000000004,92.5,15.450000000000001,56.1,99.7,243.5,2943.0,1.3800000000000001,37.2,14.96,7.04,35.94,28.98,0.0,251.0,1200.0
95282.265,8882.265,140.0,90.5,22.64,16.09,173.5,33.7,151.4,29.330000000000002,33.58,34.1,90.5,15.200000000000001,56.5,100.0,248.5,2946.0,1.44,37.300000000000004,14.96,6.97,36.09,28.96,0.0,246.0,1200.0
95342.265,8942.265,140.0,90.80000000000001,22.71,16.07,175.5,33.7,149.20000000000002,29.18,33.58,34.15,89.0,15.15,56.300000000000004,99.9,246.0,2951.0,1.45,37.300000000000004,15.05,6.98,36.03,29.080000000000002,1.0,249.5,1200.0
95402.265,9002.265,140.0,91.10000000000001,22.72,15.99,173.0,33.6,150.9,29.25,33.6,34.15,92.5,15.25,56.6,99.60000000000001,254.5,2951.0,1.52,37.550000000000004,14.98,6.98,36.08,28.94,0.0,252.0,1200.0
95462.265,9062.265,140.0,90.80000000000001,22.73,16.05,172.5,33.6,152.70000000000002,29.23,33.57,34.25,90.5,15.25,56.900000000000006,100.0,253.0,2947.0,1.4000000000000001,37.45,14.98,6.96,35.99,29.01,0.0,250.0,1200.0
95522.265,9122.265,140.0,92.10000000000001,22.67,16.06,172.0,33.65,149.6,29.25,33.53,34.2,91.5,15.25,57.1,99.7,249.5,2955.0,1.49,37.5,15.0,6.98,36.08,28.990000000000002,3.0,251.0,1200.0
95582.264,9182.264,140.0,92.0,22.67,16.0,174.5,33.75,151.20000000000002,29.28,33.63,34.35,91.5,15.25,56.300000000000004,100.0,251.0,2955.0,1.47,37.6,14.950000000000001,7.0,35.93,28.96,0.0,254.0,1200.0
95642.264,9242.264,140.0,90.7,22.64,15.98,174.5,33.7,151.1,29.240000000000002,33.54,34.050000000000004,90.5,15.25,57.1,99.9,251.0,2956.0,1.4000000000000001,37.45,14.93,7.04,36.050000000000004,29.03,0.0,250.0,1200.0
95702.264,9302.264,140.0,90.9,22.76,15.96,173.5,33.6,151.9,29.19,33.57,34.050000000000004,91.5,15.25,57.1,100.0,251.5,2955.0,1.29,37.65,15.0,6.99,36.11,29.04,1.0,251.0,1200.0
95762.264,9362.264,140.0,90.7,22.75,16.03,172.0,33.6,150.6,29.16,33.52,34.2,91.0,15.15,56.900000000000006,99.60000000000001,249.0,2955.0,1.37,37.6,15.08,6.95,35.910000000000004,28.990000000000002,0.0,254.5,1200.0
95822.264,9422.264,140.0,90.0,22.72,16.04,172.5,33.7,152.5,29.14,33.52,34.050000000000004,88.0,15.25,57.0,99.9,253.0,2959.0,1.41,37.5,14.99,6.95,36.03,29.05,0.0,249.5,1200.0
95882.264,9482.264,140.0,90.7,22.79,15.99,173.5,33.65,152.5,29.310000000000002,33.5,34.050000000000004,90.5,15.200000000000001,56.6,100.0,247.5,2958.0,1.47,37.5,15.0,7.03,35.980000000000004,28.96,0.0,251.5,1200.0
95942.264,9542.264,140.0,91.60000000000001,22.69,15.94,172.5,33.6,151.5,29.2,33.58,34.1,91.5,15.200000000000001,56.800000000000004,100.0,249.5,2958.0,1.3,37.550000000000004,15.05,6.99,35.95,28.96,0.0,248.0,1200.0
96002.264,9602.264,140.0,91.7,22.68,15.97,175.0,33.65,152.0,29.16,33.49,34.050000000000004,93.0,15.15,56.800000000000004,99.9,257.0,2956.0,1.45,37.65,14.950000000000001,6.99,36.0,28.95,0.0,249.5,1200.0
96062.264,9662.264,140.0,90.5,22.62,15.97,172.0,33.65,150.9,29.26,33.55,34.1,90.5,15.3,57.1,99.9,253.5,2954.0,1.56,37.550000000000004,14.99,6.97,35.92,29.0,1.0,254.0,1200.0
96122.264,9722.264,140.0,91.0,22.66,16.07,172.5,33.75,151.5,29.240000000000002,33.54,34.1,92.5,15.25,56.400000000000006,100.0,248.5,2957.0,1.4000000000000001,37.75,14.98,7.0,35.97,29.05,0.0,255.5,1200.0
96182.264,9782.264,140.0,91.5,22.69,16.02,174.0,33.6,151.3,29.16,33.58,34.15,91.0,15.25,56.5,99.5,249.0,2955.0,1.3900000000000001,37.65,15.030000000000001,6.98,36.02,28.97,1.0,251.5,1200.0
96242.264,9842.264,140.0,92.2,22.62,16.01,172.5,33.550000000000004,152.0,29.12,33.5,34.050000000000004,91.0,15.200000000000001,57.2,100.0,253.5,2947.0,1.42,37.75,14.99,7.03,35.97,28.95,0.0,251.0,1200.0
96302.264,9902.264,140.0,91.80000000000001,22.68,16.03,173.5,33.7,151.1,29.1,33.5,33.800000000000004,91.5,15.200000000000001,56.7,100.0,249.0,2953.0,1.6,37.7,15.05,6.93,36.09,28.93,1.0,250.0,1200.0
96362.264,9962.264,140.0,91.7,22.68,15.950000000000001,172.5,33.4,150.4,29.1,33.43,34.0,93.0,15.25,56.6,99.7,249.0,2949.0,1.09,37.65,14.94,7.03,36.01,29.03,3.0,251.5,1200.0
96422.264,10022.264,140.0,92.5,22.71,15.92,171.5,33.6,151.6,29.07,33.52,34.050000000000004,88.5,15.25,56.900000000000006,99.5,248.5,2948.0,1.41,37.4,14.99,7.1000000000000005,36.02,29.1,0.0,251.0,1200.0
96482.264,10082.264,140.0,89.9,22.68,16.02,172.5,33.550000000000004,151.8,29.12,33.42,34.0,90.5,15.3,57.400000000000006,99.9,250.5,2950.0,1.43,37.550000000000004,15.02,6.93,35.97,28.97,1.0,247.0,1200.0
96542.264,10142.264,140.0,90.5,22.650000000000002,16.05,171.0,33.550000000000004,149.8,29.1,33.47,34.0,91.0,15.25,57.0,100.0,248.0,2941.0,1.4000000000000001,37.5,15.02,6.98,36.08,28.94,1.0,247.5,1200.0
96602.264,10202.264,140.0,90.80000000000001,22.64,16.03,172.0,33.5,151.5,29.07,33.4,33.9,90.5,15.15,56.900000000000006,99.60000000000001,249.5,2946.0,1.3800000000000001,37.45,14.96,7.0,35.96,28.97,0.0,249.0,1200.0
96662.264,10262.264,140.0,90.4,22.63,15.98,172.5,33.65,151.70000000000002,29.02,33.37,34.0,89.5,15.350000000000001,56.5,100.0,242.5,2938.0,1.3800000000000001,37.550000000000004,14.99,6.96,35.94,29.0,0.0,249.0,1200.0
96722.264,10322.264,140.0,90.2,22.68,16.01,170.5,33.5,151.4,28.990000000000002,33.42,33.85,90.5,15.15,56.6,100.0,248.5,2948.0,1.46,37.65,14.99,6.98,36.01,29.060000000000002,0.0,248.5,1200.0
96782.264,10382.264,140.0,89.30000000000001,22.63,15.99,172.5,33.550000000000004,152.3,29.04,33.32,33.95,90.5,15.25,57.400000000000006,100.0,248.5,2938.0,1.35,37.5,14.98,6.99,36.0,28.990000000000002,0.0,249.0,1200.0
96842.264,10442.264,140.0,90.9,22.61,15.98,172.0,33.550000000000004,151.5,29.080000000000002,33.37,33.95,91.0,15.350000000000001,57.300000000000004,100.0,243.0,2937.0,1.33,37.550000000000004,14.950000000000001,7.0600000000000005,36.03,29.060000000000002,0.0,246.0,1200.0
96902.264,10502.264,140.0,90.30000000000001,22.64,16.0,174.5,33.45,151.1,29.07,33.45,33.9,90.0,15.3,57.6,99.9,245.5,2940.0,1.31,37.6,15.07,6.97,35.96,28.97,1.0,248.5,1200.0
96962.263,10562.263,140.0,91.60000000000001,22.66,16.01,173.5,33.45,152.1,29.11,33.37,34.0,92.0,15.350000000000001,56.800000000000004,100.0,248.0,2938.0,1.29,37.5,15.030000000000001,6.98,35.980000000000004,28.95,1.0,245.0,1200.0
97022.263,10622.263,140.0,90.80000000000001,22.66,15.98,172.0,33.35,151.3,28.990000000000002,33.34,33.95,91.0,15.3,57.2,100.0,247.5,2941.0,1.42,37.300000000000004,14.950000000000001,7.0200000000000005,36.01,29.04,0.0,245.0,1200.0
97082.263,10682.263,140.0,90.60000000000001,22.67,16.04,172.0,33.4,151.6,29.11,33.37,33.75,90.0,15.200000000000001,56.7,99.7,252.0,2935.0,1.27,37.5,14.99,6.98,35.99,28.98,0.0,243.5,1200.0
97142.263,10742.263,140.0,91.4,22.7,16.03,171.0,33.4,150.6,29.01,33.42,33.85,90.0,15.25,57.0,100.0,248.5,2939.0,1.3800000000000001,37.550000000000004,14.98,6.95,36.07,28.96,0.0,244.5,1200.0
97202.263,10802.263,140.0,90.4,22.650000000000002,15.96,173.0,33.5,152.70000000000002,29.0,33.45,33.95,92.5,15.25,56.900000000000006,99.9,245.5,2936.0,1.4000000000000001,37.4,14.93,6.97,36.03,29.02,1.0,251.0,1200.0
97262.263,10862.263,140.0,92.7,22.67,16.0,173.0,33.45,150.70000000000002,29.03,33.33,33.9,91.0,15.25,56.900000000000006,99.7,251.0,2929.0,1.3900000000000001,37.4,14.98,7.01,36.04,29.09,0.0,244.5,1200.0
97322.263,10922.263,140.0,90.5,22.68,16.06,170.5,33.65,151.20000000000002,29.04,33.21,33.9,92.0,15.200000000000001,56.5,100.0,241.5,2940.0,1.3,37.300000000000004,14.98,6.97,36.050000000000004,29.02,0.0,247.5,1200.0
97382.263,10982.263,140.0,88.9,22.61,16.03,172.5,33.5,151.3,29.04,33.36,33.800000000000004,91.5,15.200000000000001,56.5,100.0,250.0,2943.0,1.4000000000000001,37.35,15.02,6.98,36.02,29.0,0.0,246.5,1200.0
97442.263,11042.263,140.0,90.5,22.68,16.0,172.5,33.550000000000004,152.8,29.03,33.410000000000004,34.0,89.5,15.200000000000001,57.0,99.7,248.5,2940.0,1.48,37.300000000000004,14.93,7.04,35.980000000000004,29.13,0.0,247.0,1200.0
97502.263,11102.263,140.0,89.30000000000001,22.56,16.01,173.5,33.65,150.5,29.04,33.33,34.050000000000004,90.0,15.3,56.5,99.60000000000001,248.5,2943.0,1.36,37.4,15.030000000000001,7.07,36.02,28.91,0.0,245.5,1200.0
97562.263,11162.263,140.0,91.30000000000001,22.650000000000002,16.03,173.5,33.550000000000004,151.1,29.14,33.410000000000004,33.95,89.5,15.5,56.2,100.0,252.0,2942.0,1.41,37.35,14.97,6.96,36.04,29.0,2.0,243.0,1200.0
97622.263,11222.263,140.0,89.5,22.68,15.91,171.0,33.800000000000004,151.20000000000002,29.25,33.39,34.050000000000004,91.5,15.200000000000001,56.1,100.0,244.5,2945.0,1.36,37.300000000000004,15.01,6.97,36.0,28.94,0.0,248.5,1200.0
97682.263,11282.263,140.0,92.0,22.67,16.01,173.5,33.5,150.8,29.080000000000002,33.47,34.0,92.0,15.25,56.400000000000006,100.0,248.5,2944.0,1.46,37.4,14.950000000000001,7.0,35.980000000000004,29.07,3.0,245.5,1200.0
97742.263,11342.263,140.0,91.4,22.64,15.99,171.0,33.65,151.4,29.13,33.46,33.95,92.0,15.200000000000001,56.0,99.60000000000001,248.0,2945.0,1.34,37.25,15.040000000000001,6.98,35.97,29.04,0.0,246.0,1200.0
97802.263,11402.263,140.0,90.10000000000001,22.650000000000002,16.03,173.0,33.7,150.20000000000002,29.19,33.51,34.0,89.0,15.3,56.400000000000006,100.0,247.0,2943.0,1.58,37.550000000000004,15.040000000000001,7.03,36.01,28.94,0.0,249.0,1200.0
97862.263,11462.263,140.0,89.60000000000001,22.650000000000002,16.02,173.5,33.550000000000004,152.20000000000002,29.16,33.52,33.95,92.0,15.100000000000001,56.800000000000004,99.7,249.0,2944.0,1.44,37.4,14.950000000000001,6.96,36.02,29.09,0.0,249.0,1200.0
97922.263,11522.263,140.0,91.2,22.64,15.94,172.0,33.4,151.8,29.22,33.46,34.0,92.0,15.350000000000001,57.1,100.0,252.5,2945.0,1.31,37.4,14.96,7.04,36.04,29.12,0.0,247.0,1200.0
97982.263,11582.263,140.0,90.9,22.63,15.950000000000001,173.0,33.550000000000004,152.20000000000002,29.17,33.51,34.1,89.5,15.3,56.7,99.7,249.0,2944.0,1.42,37.45,15.08,7.09,35.99,29.02,0.0,246.0,1200.0
98042.263,11642.263,140.0,88.7,22.66,16.02,172.5,33.65,152.5,29.12,33.45,34.050000000000004,91.5,15.3,56.400000000000006,100.0,251.0,2948.0,1.44,37.4,14.98,7.01,36.02,29.0,0.0,245.5,1200.0
98102.263,11702.263,140.0,91.4,22.75,15.94,172.0,33.7,150.20000000000002,29.13,33.480000000000004,33.9,90.0,15.25,55.900000000000006,100.0,245.5,2950.0,1.4000000000000001,37.45,14.99,7.0200000000000005,36.01,29.02,0.0,251.0,1200.0
98162.263,11762.263,140.0,91.0,22.7,16.03,174.0,33.75,150.1,29.19,33.52,33.95,92.5,15.3,56.5,100.0,255.5,2945.0,1.43,37.45,14.96,7.01,35.97,28.990000000000002,0.0,249.0,1200.0
98222.263,11822.263,140.0,90.5,22.68,16.06,170.5,33.7,151.0,29.11,33.43,34.050000000000004,92.5,15.200000000000001,56.800000000000004,100.0,251.0,2948.0,1.3900000000000001,37.35,14.96,6.93,36.01,29.01,3.0,249.0,1200.0
98282.263,11882.263,140.0,91.10000000000001,22.72,15.99,172.0,33.75,151.3,29.13,33.47,34.0,90.0,15.3,57.300000000000004,99.30000000000001,249.5,2949.0,1.33,37.45,14.99,6.95,36.06,29.0,2.0,247.0,1200.0
98342.263,11942.263,140.0,90.9,22.71,15.96,173.5,33.6,151.5,29.17,33.4,33.9,92.0,15.350000000000001,57.300000000000004,100.0,247.0,2945.0,1.68,37.45,15.07,7.01,36.06,29.02,1.0,253.5,1200.0
98402.262,12002.262,140.0,92.9,22.61,16.01,172.0,33.65,152.1,29.17,33.45,34.0,90.5,15.100000000000001,57.1,99.80000000000001,250.5,2947.0,1.45,37.6,15.0,7.08,35.99,29.01,0.0,249.5,1200.0
98462.262,12062.262,140.0,91.10000000000001,22.67,16.1,172.5,33.65,151.8,29.150000000000002,33.51,34.15,90.0,15.200000000000001,57.1,99.80000000000001,253.5,2947.0,1.52,37.5,14.99,6.95,36.050000000000004,29.01,1.0,249.0,1200.0
98522.262,12122.262,140.0,90.10000000000001,22.68,16.03,173.0,33.65,150.3,29.25,33.52,34.15,89.5,15.25,56.400000000000006,100.0,247.5,2946.0,1.4000000000000001,37.6,15.01,7.0,36.050000000000004,28.98,0.0,248.5,1200.0
98582.262,12182.262,140.0,90.9,22.69,15.92,171.5,33.7,150.20000000000002,29.16,33.47,34.2,91.5,15.25,56.300000000000004,99.9,247.5,2947.0,1.48,37.550000000000004,14.99,6.99,36.050000000000004,29.02,1.0,248.0,1200.0
98642.262,12242.262,140.0,90.60000000000001,22.68,15.9,172.5,33.75,150.6,29.17,33.52,33.95,92.0,15.25,57.1,99.9,248.5,2951.0,1.46,37.5,14.92,7.01,35.92,29.02,1.0,250.0,1200.0
98702.262,12302.262,140.0,92.2,22.62,16.0,171.5,33.65,151.4,29.27,33.47,34.15,89.5,15.25,56.900000000000006,99.80000000000001,248.0,2948.0,1.51,37.45,14.99,7.01,36.0,28.97,0.0,254.0,1200.0
98762.262,12362.262,140.0,90.2,22.650000000000002,16.01,174.5,33.75,151.8,29.150000000000002,33.49,34.050000000000004,90.5,15.3,56.400000000000006,100.0,253.5,2951.0,1.4000000000000001,37.45,15.0,7.0,36.03,28.92,0.0,250.0,1200.0
98822.262,12422.262,140.0,92.2,22.67,16.0,172.0,33.800000000000004,152.5,29.21,33.58,34.15,90.0,15.3,56.6,100.0,248.0,2952.0,1.26,37.45,15.0,6.98,35.93,29.07,2.0,250.0,1200.0
98882.262,12482.262,140.0,92.4,22.650000000000002,16.02,171.5,33.75,150.9,29.23,33.62,34.15,89.5,15.25,57.0,99.9,249.5,2953.0,1.54,37.5,15.0,7.05,36.050000000000004,29.02,3.0,249.0,1200.0
98942.262,12542.262,140.0,90.9,22.580000000000002,15.96,172.5,33.7,150.0,29.240000000000002,33.65,34.050000000000004,92.0,15.25,57.2,100.0,251.0,2946.0,1.34,37.5,15.02,6.96,35.97,29.05,0.0,252.5,1200.0
99002.262,12602.262,140.0,90.60000000000001,22.68,15.98,173.0,33.85,152.3,29.27,33.480000000000004,34.15,91.5,15.200000000000001,56.2,99.9,248.5,2949.0,1.42,37.550000000000004,14.96,7.0200000000000005,36.04,28.97,1.0,252.0,1200.0
99062.262,12662.262,140.0,90.60000000000001,22.72,16.02,172.0,33.65,152.3,29.25,33.6,34.15,89.5,15.25,56.5,100.0,250.5,2954.0,1.4000000000000001,37.550000000000004,15.01,7.01,35.95,29.01,0.0,253.0,1200.0
99122.262,12722.262,140.0,90.60000000000001,22.66,16.0,172.5,33.9,152.0,29.23,33.59,34.15,91.5,15.25,56.400000000000006,99.9,253.5,2955.0,1.42,37.550000000000004,15.01,6.99,36.09,28.990000000000002,3.0,256.5,1200.0
99182.262,12782.262,140.0,92.4,22.69,16.09,172.5,33.800000000000004,152.5,29.28,33.59,34.2,92.5,15.450000000000001,56.6,100.0,252.5,2953.0,1.52,37.5,15.040000000000001,6.99,36.0,29.02,0.0,255.0,1200.0
99242.262,12842.262,140.0,91.5,22.7,15.97,172.0,33.800000000000004,151.3,29.3,33.58,34.15,90.0,15.200000000000001,56.6,100.0,248.0,2954.0,1.41,37.65,15.01,6.98,35.92,29.03,2.0,249.5,1200.0
99302.262,12902.262,140.0,91.30000000000001,22.67,15.93,172.0,33.7,152.8,29.22,33.63,34.25,92.0,15.350000000000001,56.6,100.0,253.0,2954.0,1.36,37.5,14.93,6.97,35.94,28.92,1.0,249.5,1200.0
99362.262,12962.262,140.0,91.60000000000001,22.61,15.99,172.5,33.75,152.20000000000002,29.3,33.59,34.2,89.0,15.25,56.900000000000006,100.0,247.5,2954.0,1.32,37.5,15.02,7.0,36.01,28.96,0.0,251.0,1200.0
99422.262,13022.262,140.0,89.9,22.64,15.97,173.5,33.75,151.70000000000002,29.29,33.65,34.050000000000004,91.5,15.350000000000001,56.0,100.0,253.0,2954.0,1.42,37.6,14.97,6.97,35.99,28.990000000000002,0.0,253.0,1200.0
99482.262,13082.262,140.0,90.60000000000001,22.63,16.01,173.0,33.800000000000004,153.0,29.27,33.59,34.2,89.5,15.200000000000001,57.1,100.0,253.5,2967.0,1.35,37.6,15.030000000000001,6.96,36.050000000000004,29.05,0.0,253.5,1200.0
99542.262,13142.262,140.0,89.4,22.650000000000002,15.98,175.5,33.7,151.20000000000002,29.36,33.64,34.15,90.0,15.200000000000001,56.0,99.9,252.0,2955.0,1.31,37.75,14.98,6.99,35.980000000000004,28.990000000000002,0.0,251.5,1200.0
99602.262,13202.262,140.0,90.30000000000001,22.68,15.96,173.0,33.85,150.6,29.28,33.61,34.2,88.0,15.3,57.0,99.80000000000001,251.0,2959.0,1.32,37.75,14.97,7.0,36.01,29.03,3.0,256.5,1200.0
99662.262,13262.262,140.0,90.5,22.69,16.06,174.5,33.75,152.5,29.28,33.55,34.1,92.5,15.3,56.900000000000006,99.60000000000001,250.5,2960.0,1.44,37.6,14.99,7.0,36.09,29.02,2.0,256.0,1200.0
99722.262,13322.262,140.0,90.60000000000001,22.72,16.02,175.5,33.9,150.70000000000002,29.38,33.61,34.35,90.5,15.200000000000001,56.800000000000004,99.7,249.0,2962.0,1.41,37.75,15.01,7.0200000000000005,36.01,29.0,0.0,252.0,1200.0
99782.262,13382.262,140.0,90.5,22.63,16.04,174.0,33.9,151.4,29.240000000000002,33.65,34.2,88.5,15.350000000000001,56.800000000000004,100.0,256.0,2963.0,1.5,37.6,15.030000000000001,7.05,35.96,28.94,1.0,255.5,1200.0
99842.261,13442.261,140.0,92.30000000000001,22.740000000000002,16.01,172.5,33.95,151.6,29.46,33.64,34.15,88.0,15.25,56.5,99.7,254.0,2965.0,1.3900000000000001,37.65,15.09,7.0,36.0,28.97,1.0,251.0,1200.0
99902.261,13502.261,140.0,90.9,22.64,16.06,174.5,33.75,151.20000000000002,29.3,33.730000000000004,34.2,91.0,15.4,57.300000000000004,100.0,257.0,2959.0,1.43,37.800000000000004,15.07,7.1000000000000005,35.94,29.0,0.0,254.5,1200.0
99962.261,13562.261,140.0,91.10000000000001,22.71,15.98,173.0,34.050000000000004,152.0,29.37,33.69,34.300000000000004,91.5,15.3,56.7,99.60000000000001,255.5,2965.0,1.31,37.550000000000004,15.030000000000001,7.0,35.92,28.98,0.0,255.5,1200.0
100022.261,13622.261,140.0,91.60000000000001,22.64,15.99,176.5,33.75,152.4,29.44,33.72,34.35,90.5,15.25,56.300000000000004,100.0,256.5,2961.0,1.3900000000000001,37.65,14.99,7.0,35.980000000000004,28.97,0.0,255.0,1200.0
100082.261,13682.261,140.0,91.5,22.7,16.0,173.5,33.800000000000004,153.0,29.36,33.71,34.2,91.5,15.450000000000001,56.5,100.0,256.0,2959.0,1.3800000000000001,37.75,15.0,6.9,36.03,28.92,1.0,257.0,1200.0
100142.261,13742.261,140.0,91.10000000000001,22.64,16.03,174.0,33.85,150.8,29.35,33.67,34.35,90.0,15.15,57.1,100.0,254.0,2965.0,1.3800000000000001,37.75,14.96,7.01,36.0,28.97,0.0,251.5,1200.0
100202.261,13802.261,140.0,91.0,22.69,15.97,172.0,33.95,153.0,29.44,33.7,34.35,91.5,15.3,56.7,100.0,256.0,2971.0,1.4000000000000001,37.800000000000004,15.01,7.0,35.980000000000004,28.88,0.0,250.0,1200.0
100262.261,13862.261,140.0,90.30000000000001,22.75,15.89,175.0,33.800000000000004,151.70000000000002,29.34,33.730000000000004,34.4,89.0,15.200000000000001,56.400000000000006,100.0,255.0,2961.0,1.33,37.800000000000004,15.0,6.96,36.0,29.02,1.0,257.5,1200.0
100322.261,13922.261,140.0,88.9,22.71,16.01,173.5,33.85,151.3,29.26,33.63,34.15,91.0,15.350000000000001,56.7,99.60000000000001,253.5,2963.0,1.3900000000000001,37.95,14.97,7.0,36.08,28.900000000000002,0.0,255.5,1200.0
100382.261,13982.261,140.0,91.30000000000001,22.71,16.0,175.5,33.95,151.70000000000002,29.32,33.68,34.25,91.0,15.350000000000001,56.300000000000004,100.0,254.5,2964.0,1.56,37.7,14.99,7.0200000000000005,36.02,29.03,0.0,256.5,1200.0
100442.261,14042.261,140.0,91.0,22.68,15.99,174.5,33.800000000000004,152.3,29.400000000000002,33.84,34.35,90.5,15.200000000000001,56.1,100.0,254.5,2967.0,1.34,37.65,15.030000000000001,7.01,35.96,29.03,0.0,250.0,1200.0
100502.261,14102.261,140.0,90.60000000000001,22.650000000000002,16.01,172.0,33.85,150.5,29.37,33.75,34.35,91.5,15.100000000000001,56.1,100.0,254.0,2969.0,1.52,37.75,14.99,7.0,35.96,29.03,2.0,252.0,1200.0
100562.261,14162.261,140.0,91.9,22.66,16.01,174.0,33.75,152.5,29.36,33.77,34.35,89.0,15.350000000000001,56.7,99.7,251.0,2966.0,1.3800000000000001,37.85,15.0,6.97,36.0,28.990000000000002,2.0,256.0,1200.0
100622.261,14222.261,140.0,91.10000000000001,22.64,15.99,173.5,33.75,152.9,29.42,33.67,34.35,90.5,15.25,56.300000000000004,100.0,251.0,2963.0,1.34,37.65,14.950000000000001,6.95,35.980000000000004,29.0,2.0,252.5,1200.0
100682.261,14282.261,140.0,90.2,22.56,16.02,175.5,33.85,149.6,29.39,33.8,34.2,92.0,15.100000000000001,56.400000000000006,99.9,254.5,2964.0,1.3800000000000001,37.800000000000004,15.040000000000001,7.0,36.08,29.0,0.0,253.0,1200.0
100742.261,14342.261,140.0,91.10000000000001,22.67,16.0,173.5,33.85,150.9,29.330000000000002,33.75,34.25,91.0,15.350000000000001,56.0,100.0,254.5,2968.0,1.31,37.85,15.06,6.98,35.95,29.07,1.0,254.0,1200.0
100802.261,14402.261,140.0,91.2,22.6,16.04,174.5,33.9,150.5,29.53,33.74,34.300000000000004,92.5,15.350000000000001,55.800000000000004,99.9,254.5,2964.0,1.41,37.75,14.950000000000001,7.05,35.980000000000004,28.990000000000002,0.0,255.5,1200.0
100862.261,14462.261,140.0,90.7,22.69,16.05,173.0,33.95,152.0,29.45,33.78,34.15,89.5,15.3,56.1,99.30000000000001,256.0,2970.0,1.43,37.85,14.92,7.01,36.03,29.0,0.0,253.5,1200.0
100922.261,14522.261,140.0,90.10000000000001,22.62,16.01,174.0,33.7,152.0,29.330000000000002,33.730000000000004,34.050000000000004,90.5,15.200000000000001,56.5,100.0,253.5,2962.0,1.3800000000000001,37.800000000000004,14.96,6.94,35.94,28.94,0.0,252.0,1200.0
100982.261,14582.261,140.0,90.60000000000001,22.64,16.04,173.0,33.95,151.5,29.51,33.68,34.300000000000004,92.0,15.200000000000001,56.0,99.80000000000001,257.5,2964.0,1.3800000000000001,38.0,14.92,6.99,35.980000000000004,28.93,0.0,254.5,1200.0
101042.261,14642.261,140.0,89.0,22.67,15.99,175.5,33.9,151.9,29.42,33.7,34.25,90.5,15.200000000000001,56.300000000000004,99.80000000000001,257.5,2966.0,1.33,37.800000000000004,14.98,6.91,35.99,29.04,1.0,249.0,1200.0
101102.261,14702.261,140.0,91.5,22.6,16.03,173.0,33.95,154.10000000000002,29.47,33.8,34.300000000000004,92.5,15.25,55.900000000000006,100.0,249.5,2966.0,1.44,37.85,15.0,7.01,35.96,29.01,0.0,255.0,1200.0
101162.261,14762.261,140.0,89.80000000000001,22.62,16.0,173.5,33.9,151.1,29.38,33.730000000000004,34.2,90.0,15.350000000000001,56.2,100.0,253.5,2965.0,1.33,37.800000000000004,15.01,7.01,35.95,29.01,1.0,251.5,1200.0
101222.261,14822.261,140.0,92.0,22.61,16.03,174.0,33.95,150.5,29.42,33.76,34.300000000000004,90.0,15.4,56.0,100.0,255.0,2962.0,1.28,37.7,15.08,6.95,35.980000000000004,29.01,0.0,254.5,1200.0
101282.26,14882.26,140.0,91.0,22.650000000000002,15.98,175.5,33.800000000000004,151.0,29.44,33.76,34.300000000000004,91.5,15.200000000000001,55.6,100.0,252.0,2963.0,1.36,37.800000000000004,15.01,6.99,35.92,29.0,0.0,254.0,1200.0
101342.26,14942.26,140.0,92.2,22.580000000000002,16.03,173.0,34.050000000000004,151.5,29.36,33.660000000000004,34.300000000000004,92.0,15.3,56.300000000000004,99.80000000000001,254.0,2967.0,1.33,37.85,15.0,7.0,35.93,29.09,1.0,251.5,1200.0
101402.26,15002.26,140.0,90.80000000000001,22.7,16.02,174.0,33.9,152.4,29.39,33.74,34.15,91.5,15.200000000000001,56.1,100.0,254.0,2965.0,1.43,37.7,14.91,6.95,35.96,28.990000000000002,1.0,257.0,1200.0
101462.26,15062.26,140.0,92.80000000000001,22.69,15.99,174.0,34.0,149.0,29.41,33.82,34.25,93.0,15.200000000000001,56.5,100.0,255.0,2962.0,1.48,37.85,14.97,7.0200000000000005,36.0,29.060000000000002,0.0,249.5,1200.0
101522.26,15122.26,140.0,90.60000000000001,22.650000000000002,16.0,173.0,33.9,151.1,29.41,33.71,34.35,90.5,15.4,56.5,99.60000000000001,253.0,2967.0,1.61,37.9,15.040000000000001,6.95,35.95,29.03,1.0,254.5,1200.0
101582.26,15182.26,140.0,91.0,22.61,15.92,174.5,34.0,152.0,29.52,33.77,34.25,90.5,15.4,56.6,99.9,260.5,2965.0,1.5,37.7,15.01,7.0600000000000005,35.97,28.88,0.0,252.5,1200.0
101642.26,15242.26,140.0,90.7,22.7,16.0,172.5,33.95,152.8,29.490000000000002,33.65,34.45,89.5,15.15,56.2,99.60000000000001,255.0,2968.0,1.4000000000000001,37.85,14.950000000000001,7.0,36.01,28.91,3.0,254.0,1200.0
101702.26,15302.26,140.0,90.9,22.740000000000002,16.080000000000002,173.5,33.7,152.6,29.35,33.660000000000004,34.25,90.0,15.25,56.1,99.7,253.0,2972.0,1.49,37.95,15.0,6.99,35.92,28.990000000000002,1.0,249.5,1200.0
101762.26,15362.26,140.0,89.2,22.68,15.98,174.5,34.0,152.8,29.52,33.72,34.2,90.5,15.25,55.800000000000004,99.80000000000001,254.5,2972.0,1.43,37.800000000000004,14.97,7.03,35.99,28.990000000000002,0.0,253.5,1200.0
101822.26,15422.26,140.0,90.4,22.66,16.04,176.0,34.050000000000004,150.8,29.41,33.85,34.35,88.5,15.100000000000001,56.400000000000006,100.0,256.5,2967.0,1.3900000000000001,37.85,14.99,7.05,35.95,29.01,0.0,254.0,1200.0
101882.26,15482.26,140.0,90.60000000000001,22.69,16.05,173.5,33.95,152.0,29.5,33.82,34.25,92.0,15.4,56.300000000000004,99.60000000000001,251.5,2964.0,1.35,37.85,15.030000000000001,6.98,36.050000000000004,28.93,0.0,251.5,1200.0
101942.26,15542.26,140.0,91.2,22.650000000000002,15.98,174.5,34.0,151.0,29.45,33.85,34.25,92.0,15.200000000000001,56.5,100.0,257.0,2970.0,1.3,37.800000000000004,15.0,6.96,36.08,29.080000000000002,1.0,250.0,1200.0
102002.26,15602.26,140.0,90.30000000000001,22.7,15.97,175.5,34.0,151.8,29.55,33.77,34.4,92.0,15.5,56.1,99.60000000000001,255.5,2976.0,1.3,37.9,14.98,6.96,36.01,28.93,0.0,253.0,1200.0
102062.26,15662.26,140.0,91.10000000000001,22.6,15.99,175.0,33.95,150.6,29.42,33.82,34.25,90.0,15.25,56.2,100.0,254.5,2972.0,1.35,37.7,15.06,6.99,35.99,29.0,1.0,253.5,1200.0
102122.26,15722.26,140.0,91.60000000000001,22.7,16.03,175.0,33.95,151.20000000000002,29.59,33.8,34.45,90.0,15.100000000000001,56.300000000000004,99.60000000000001,256.5,2967.0,1.42,38.050000000000004,15.0,6.96,35.97,28.96,0.0,257.5,1200.0
102182.26,15782.26,140.0,90.7,22.490000000000002,15.99,176.0,33.95,151.8,29.46,33.84,34.35,88.0,15.200000000000001,55.900000000000006,99.9,256.5,2969.0,1.3900000000000001,37.7,14.99,6.96,35.96,29.01,0.0,257.5,1200.0
102242.26,15842.26,140.0,89.2,22.56,16.0,177.0,34.1,151.20000000000002,29.52,33.87,34.550000000000004,90.5,15.3,56.0,99.80000000000001,257.0,2976.0,1.4000000000000001,37.85,14.98,7.0600000000000005,35.97,29.04,1.0,254.0,1200.0
102302.26,15902.26,140.0,90.7,22.59,15.98,177.0,33.9,151.3,29.54,33.83,34.5,90.0,15.200000000000001,55.7,99.9,258.0,2973.0,1.33,37.9,14.93,7.04,35.94,28.96,2.0,255.0,1200.0
102362.26,15962.26,140.0,90.2,22.61,15.97,176.0,34.0,150.3,29.560000000000002,33.910000000000004,34.550000000000004,88.0,15.25,56.0,99.80000000000001,252.5,2972.0,1.45,37.9,14.91,6.94,35.99,28.990000000000002,0.0,253.0,1200.0
102422.26,16022.26,140.0,91.10000000000001,22.68,15.98,174.0,34.15,151.70000000000002,29.59,33.94,34.35,91.0,15.450000000000001,55.5,100.0,253.0,2975.0,1.41,37.85,15.02,6.99,36.07,29.01,3.0,253.5,1200.0
102482.26,16082.26,140.0,91.80000000000001,22.59,16.0,176.0,34.0,151.6,29.61,33.87,34.5,90.5,15.25,55.5,99.7,258.0,2977.0,1.55,37.9,15.02,6.98,36.07,28.89,0.0,249.5,1200.0
102542.26,16142.26,140.0,90.5,22.67,15.96,174.0,34.300000000000004,151.3,29.64,33.92,34.5,90.0,15.3,55.5,100.0,256.0,2977.0,1.59,37.75,14.9,6.97,35.94,29.05,1.0,258.5,1200.0
102602.26,16202.26,140.0,90.4,22.61,15.98,175.0,34.15,149.20000000000002,29.650000000000002,34.03,34.550000000000004,91.0,15.200000000000001,55.400000000000006,99.9,253.5,2980.0,1.46,37.85,15.0,6.93,36.04,29.04,0.0,254.0,1200.0
102662.26,16262.26,140.0,90.30000000000001,22.7,16.02,172.5,34.1,151.70000000000002,29.580000000000002,33.9,34.5,92.0,15.25,55.800000000000004,99.9,257.0,2977.0,1.3,38.0,15.030000000000001,7.07,36.0,28.97,0.0,258.0,1200.0
102722.26,16322.26,140.0,91.60000000000001,22.64,15.99,175.5,34.15,153.20000000000002,29.63,34.01,34.6,91.5,15.350000000000001,56.2,100.0,261.0,2990.0,1.33,37.800000000000004,15.01,6.99,35.96,29.060000000000002,0.0,257.0,1200.0
102782.259,16382.259,140.0,91.60000000000001,22.650000000000002,15.97,175.5,34.15,151.8,29.71,33.94,34.6,90.0,15.25,55.5,99.9,255.5,2980.0,1.6500000000000001,38.050000000000004,15.030000000000001,6.96,36.02,28.91,2.0,251.5,1200.0
102842.259,16442.259,140.0,88.9,22.57,16.02,173.5,34.1,152.0,29.63,34.02,34.45,91.5,15.25,55.400000000000006,99.60000000000001,256.5,2982.0,1.32,38.0,15.02,6.96,35.97,29.060000000000002,1.0,256.5,1200.0
102902.259,16502.259,140.0,91.30000000000001,22.57,16.04,174.5,34.050000000000004,151.70000000000002,29.72,34.0,34.65,90.0,15.350000000000001,55.900000000000006,99.60000000000001,258.5,2977.0,1.53,38.050000000000004,15.040000000000001,7.0,36.0,28.88,0.0,252.0,1200.0
102962.259,16562.259,140.0,89.5,22.6,15.99,175.5,34.0,150.8,29.580000000000002,33.95,34.5,92.5,15.25,56.0,99.80000000000001,257.0,2984.0,1.28,38.1,15.02,6.95,36.02,29.05,0.0,254.0,1200.0
103022.259,16622.259,140.0,91.10000000000001,22.68,16.03,174.5,34.050000000000004,152.20000000000002,29.62,33.89,34.6,93.0,15.200000000000001,55.5,100.0,254.5,2978.0,1.41,37.9,15.040000000000001,7.05,36.08,28.990000000000002,2.0,260.5,1200.0
103082.259,16682.259,140.0,90.30000000000001,22.6,16.01,177.0,34.1,152.1,29.68,33.95,34.35,91.0,15.4,55.7,100.0,253.5,2982.0,1.43,37.85,14.96,6.92,35.99,28.98,1.0,253.5,1200.0
103142.259,16742.259,140.0,92.0,22.6,15.91,176.5,34.050000000000004,150.4,29.63,33.94,34.45,89.0,15.3,55.900000000000006,100.0,258.5,2980.0,1.36,38.0,14.98,6.92,36.01,28.97,0.0,259.0,1200.0
103202.259,16802.259,140.0,91.10000000000001,22.6,15.96,175.5,34.2,150.0,29.62,33.980000000000004,34.45,90.5,15.25,55.2,100.0,251.5,2981.0,1.42,38.050000000000004,14.96,6.94,36.04,29.080000000000002,2.0,252.0,1200.0
103262.259,16862.259,140.0,90.4,22.62,15.950000000000001,175.0,34.1,151.8,29.54,33.82,34.6,91.5,15.350000000000001,56.1,100.0,257.5,2978.0,1.46,38.0,15.01,6.96,36.06,29.13,1.0,256.0,1200.0
103322.259,16922.259,140.0,92.10000000000001,22.54,16.0,176.5,34.0,150.3,29.650000000000002,33.92,34.4,91.5,15.3,56.0,100.0,257.5,2971.0,1.36,37.9,15.02,7.0200000000000005,36.04,29.05,1.0,256.5,1200.0
103382.259,16982.259,140.0,91.10000000000001,22.62,15.96,176.5,34.15,152.3,29.5,33.94,34.5,92.0,15.25,55.800000000000004,100.0,254.0,2969.0,1.42,38.0,14.99,6.98,35.99,28.95,1.0,255.5,1200.0
103442.259,17042.259,140.0,91.4,22.61,15.96,176.5,33.95,152.5,29.53,33.79,34.4,92.0,15.25,55.7,99.60000000000001,250.0,2974.0,1.35,37.9,14.91,6.99,35.95,28.990000000000002,0.0,252.5,1200.0
103502.259,17102.259,140.0,91.9,22.57,16.0,173.0,33.9,150.4,29.57,33.93,34.45,91.5,15.3,55.6,100.0,251.5,2970.0,1.33,37.9,15.0,7.05,36.01,29.0,0.0,253.5,1200.0
103562.259,17162.259,140.0,89.9,22.6,16.04,176.0,33.85,151.6,29.580000000000002,33.89,34.5,92.0,15.15,55.900000000000006,99.7,254.0,2966.0,1.3800000000000001,38.1,15.030000000000001,7.01,36.050000000000004,29.0,3.0,252.5,1200.0
103622.259,17222.259,140.0,90.9,22.62,16.0,173.5,33.9,151.9,29.46,33.82,34.45,91.5,15.15,56.300000000000004,100.0,255.5,2970.0,1.41,37.95,15.06,7.01,36.12,29.1,0.0,251.5,1200.0
103682.259,17282.259,140.0,91.10000000000001,22.66,15.98,174.0,33.9,151.4,29.42,33.75,34.35,91.5,15.350000000000001,55.7,99.7,252.0,2965.0,1.41,37.9,14.96,7.0600000000000005,36.02,28.96,1.0,251.5,1200.0
103742.259,17342.259,140.0,89.4,22.57,16.05,173.5,34.1,150.8,29.43,33.82,34.45,91.5,15.100000000000001,55.900000000000006,99.80000000000001,252.5,2963.0,1.24,37.85,14.98,6.98,36.08,29.0,0.0,254.5,1200.0
103802.259,17402.259,140.0,93.80000000000001,22.67,16.01,174.0,33.9,150.6,29.42,33.72,34.300000000000004,90.5,15.200000000000001,56.1,99.80000000000001,252.5,2963.0,1.32,37.75,14.92,7.0600000000000005,35.94,29.060000000000002,0.0,252.0,1200.0
103862.259,17462.259,140.0,92.60000000000001,22.68,15.99,173.5,33.75,150.3,29.310000000000002,33.75,34.4,92.0,15.3,55.7,100.0,254.0,2961.0,1.32,37.9,14.94,7.01,36.01,28.89,1.0,252.0,1200.0
103922.259,17522.259,140.0,90.60000000000001,22.64,15.99,175.0,33.800000000000004,150.8,29.44,33.7,34.35,92.5,15.25,55.7,99.80000000000001,248.5,2966.0,1.37,37.75,14.98,6.96,35.93,29.01,2.0,253.0,1200.0
103982.259,17582.259,140.0,91.2,22.580000000000002,15.98,174.5,33.9,151.3,29.400000000000002,33.78,34.4,91.0,15.4,55.900000000000006,100.0,251.5,2963.0,1.43,37.75,15.01,6.97,36.01,28.94,1.0,250.0,1200.0
104042.259,17642.259,140.0,91.80000000000001,22.66,15.98,171.0,33.9,152.6,29.41,33.660000000000004,34.25,92.5,15.15,55.400000000000006,100.0,253.5,2958.0,1.43,37.75,14.97,7.01,35.96,28.96,0.0,251.5,1200.0
104102.259,17702.259,140.0,92.5,22.55,16.0,175.5,33.800000000000004,150.1,29.39,33.68,34.4,88.0,15.4,55.7,99.80000000000001,249.5,2955.0,1.28,37.800000000000004,14.950000000000001,7.04,35.97,29.02,0.0,252.5,1200.0
104162.259,17762.259,140.0,90.30000000000001,22.64,15.98,173.5,33.85,153.4,29.400000000000002,33.7,34.1,92.0,15.3,56.1,100.0,254.5,2959.0,1.46,37.65,15.030000000000001,7.01,35.96,29.01,0.0,256.0,1200.0
104222.259,17822.259,140.0,89.5,22.66,16.04,174.5,33.800000000000004,150.20000000000002,29.44,33.77,34.550000000000004,93.0,15.3,56.1,100.0,249.0,2963.0,1.32,37.7,14.99,7.01,36.0,29.01,0.0,250.0,1200.0
104282.259,17882.259,140.0,90.60000000000001,22.66,16.05,175.0,33.9,153.20000000000002,29.44,33.730000000000004,34.2,93.5,15.100000000000001,55.7,99.9,248.5,2959.0,1.43,37.800000000000004,15.02,7.0,36.07,28.97,0.0,252.0,1200.0
104342.258,17942.258,140.0,92.30000000000001,22.63,15.98,174.0,33.800000000000004,150.6,29.41,33.71,34.45,90.5,15.25,55.7,100.0,252.5,2961.0,1.26,37.7,15.040000000000001,6.94,36.02,29.02,0.0,250.5,1200.0
104402.258,18002.258,140.0,90.80000000000001,22.61,15.97,173.0,33.800000000000004,150.0,29.47,33.77,34.300000000000004,90.5,15.200000000000001,55.7,100.0,251.5,2957.0,1.46,37.7,15.01,7.01,35.980000000000004,28.990000000000002,1.0,254.0,1200.0
104462.258,18062.258,140.0,92.10000000000001,22.580000000000002,15.96,174.0,33.95,151.20000000000002,29.37,33.6,34.300000000000004,91.0,15.25,55.800000000000004,100.0,253.0,2958.0,1.41,37.75,14.99,7.0,35.910000000000004,29.07,0.0,247.5,1200.0
104522.258,18122.258,140.0,91.30000000000001,22.61,16.01,172.5,33.65,152.1,29.42,33.69,34.25,89.0,15.4,56.0,99.7,254.5,2958.0,1.52,37.550000000000004,15.02,6.99,36.050000000000004,28.96,0.0,253.0,1200.0
104582.258,18182.258,140.0,91.80000000000001,22.51,16.01,172.5,33.85,150.4,29.44,33.7,34.2,92.0,15.350000000000001,55.6,99.60000000000001,252.0,2958.0,1.3900000000000001,37.7,15.07,7.0200000000000005,36.0,28.91,0.0,247.0,1200.0
104642.258,18242.258,140.0,91.4,22.64,16.06,174.0,33.7,151.70000000000002,29.400000000000002,33.71,34.050000000000004,89.0,15.3,56.6,100.0,246.0,2954.0,1.34,37.65,15.030000000000001,6.95,35.88,28.96,0.0,253.5,1200.0
104702.258,18302.258,140.0,90.7,22.61,15.93,177.0,33.85,150.5,29.400000000000002,33.67,34.25,91.0,15.25,56.5,100.0,251.0,2956.0,1.46,37.75,15.01,6.99,35.97,29.01,0.0,248.5,1200.0
104762.258,18362.258,140.0,90.9,22.61,15.98,176.5,33.75,150.6,29.35,33.59,34.35,91.0,15.25,56.400000000000006,99.9,249.0,2951.0,1.5,37.550000000000004,15.01,7.0,36.09,29.01,1.0,254.0,1200.0
104822.258,18422.258,140.0,90.80000000000001,22.62,16.02,174.0,33.85,152.4,29.330000000000002,33.58,34.25,90.5,15.200000000000001,56.5,100.0,249.5,2953.0,1.3900000000000001,37.65,15.030000000000001,6.94,36.06,28.97,0.0,256.5,1200.0
104882.258,18482.258,140.0,91.5,22.650000000000002,15.94,174.0,33.75,150.1,29.32,33.5,34.1,89.0,15.3,56.6,99.9,253.0,2954.0,1.57,37.65,15.0,6.99,35.980000000000004,29.05,3.0,253.0,1200.0
104942.258,18542.258,140.0,89.60000000000001,22.57,15.97,173.5,33.75,151.9,29.36,33.53,34.1,91.0,15.3,56.1,100.0,254.0,2951.0,1.3900000000000001,37.550000000000004,15.05,6.95,36.02,29.060000000000002,0.0,250.0,1200.0
105002.258,18602.258,140.0,92.10000000000001,22.51,16.080000000000002,173.0,33.800000000000004,151.3,29.29,33.53,34.300000000000004,90.5,15.200000000000001,56.7,100.0,246.0,2948.0,1.48,37.5,15.0,6.98,36.08,28.96,2.0,247.0,1200.0
105062.258,18662.258,140.0,91.9,22.47,15.93,175.0,33.6,151.5,29.2,33.54,34.15,90.0,15.3,56.2,100.0,245.0,2945.0,1.48,37.65,15.09,7.01,36.050000000000004,28.990000000000002,1.0,248.5,1200.0
105122.258,18722.258,140.0,91.5,22.64,16.02,172.0,33.65,152.1,29.310000000000002,33.61,34.15,92.0,15.3,56.400000000000006,100.0,249.5,2948.0,1.37,37.5,14.99,7.04,36.050000000000004,29.080000000000002,1.0,247.0,1200.0
105182.258,18782.258,140.0,92.2,22.580000000000002,15.950000000000001,171.5,33.7,152.5,29.16,33.58,33.95,92.0,15.15,56.7,100.0,250.0,2948.0,1.53,37.7,14.96,6.96,36.03,29.02,1.0,249.5,1200.0
105242.258,18842.258,140.0,91.2,22.61,16.02,172.5,33.7,152.0,29.17,33.56,34.050000000000004,89.5,15.3,56.1,99.60000000000001,247.5,2944.0,1.3,37.5,14.93,6.97,35.93,28.98,1.0,247.5,1200.0
105302.258,18902.258,140.0,91.4,22.62,15.92,172.5,33.7,151.3,29.16,33.45,34.050000000000004,89.5,15.200000000000001,56.400000000000006,99.30000000000001,246.5,2947.0,1.34,37.5,15.02,7.0200000000000005,36.04,28.97,0.0,250.0,1200.0
105362.258,18962.258,140.0,90.7,22.56,16.03,170.5,33.7,150.70000000000002,29.1,33.35,33.95,90.5,15.25,56.6,99.9,247.5,2942.0,1.49,37.5,14.97,6.97,36.08,28.97,0.0,247.5,1200.0
105422.258,19022.258,140.0,91.4,22.61,16.03,173.5,33.4,150.70000000000002,29.16,33.37,33.95,88.5,15.200000000000001,56.2,99.5,250.5,2937.0,1.33,37.4,15.01,7.0200000000000005,35.99,29.02,2.0,246.0,1200.0
105482.258,19082.258,140.0,90.5,22.6,15.9,174.0,33.45,152.70000000000002,29.080000000000002,33.38,33.95,91.0,15.25,56.300000000000004,100.0,247.5,2938.0,1.34,37.45,14.97,6.9,36.0,28.92,0.0,248.0,1200.0
105542.258,19142.258,140.0,90.30000000000001,22.64,16.05,173.5,33.5,151.0,28.92,33.39,33.85,91.0,15.350000000000001,57.0,99.9,245.5,2939.0,1.35,37.35,14.97,7.04,36.07,29.0,1.0,244.5,1200.0
105602.258,19202.258,140.0,90.9,22.67,16.04,172.5,33.4,152.4,28.96,33.34,33.95,92.0,15.3,56.400000000000006,99.4,241.5,2933.0,1.41,37.300000000000004,15.0,6.94,36.01,28.900000000000002,3.0,246.0,1200.0
105662.258,19262.258,140.0,92.60000000000001,22.66,15.99,172.5,33.4,151.20000000000002,29.02,33.27,34.0,89.5,15.200000000000001,56.6,99.7,244.5,2938.0,1.42,37.4,15.08,7.05,36.03,29.07,1.0,249.5,1200.0
105722.258,19322.258,140.0,89.9,22.73,16.05,171.0,33.5,150.70000000000002,28.97,33.26,33.9,91.5,15.3,56.800000000000004,100.0,245.0,2939.0,1.36,37.4,15.02,7.05,35.980000000000004,28.98,0.0,249.5,1200.0
105782.258,19382.258,140.0,91.5,22.72,16.02,171.5,33.45,151.70000000000002,28.98,33.34,33.9,91.0,15.350000000000001,57.0,100.0,242.0,2936.0,1.49,37.4,14.96,6.99,36.12,28.97,3.0,248.5,1200.0
105842.258,19442.258,140.0,91.9,22.62,16.0,171.0,33.4,152.20000000000002,29.09,33.31,33.9,91.0,15.3,57.300000000000004,100.0,247.5,2936.0,1.51,37.4,14.96,6.99,35.97,28.97,0.0,242.0,1200.0
105902.257,19502.257,140.0,90.30000000000001,22.63,16.0,170.5,33.45,151.20000000000002,29.060000000000002,33.33,33.95,90.5,15.25,56.6,100.0,248.5,2931.0,1.44,37.35,14.93,7.03,35.99,29.080000000000002,0.0,244.5,1200.0
105962.257,19562.257,140.0,89.80000000000001,22.62,16.01,172.5,33.35,152.20000000000002,29.07,33.33,33.75,92.0,15.3,56.5,100.0,242.0,2939.0,1.36,37.300000000000004,15.09,6.97,36.04,29.05,0.0,248.0,1200.0
106022.257,19622.257,140.0,90.30000000000001,22.64,16.03,173.0,33.550000000000004,151.20000000000002,28.97,33.410000000000004,33.95,90.0,15.200000000000001,57.0,100.0,246.0,2931.0,1.43,37.25,14.98,7.04,35.96,28.98,0.0,248.0,1200.0
106082.257,19682.257,140.0,89.4,22.61,16.0,171.0,33.4,152.3,29.04,33.230000000000004,33.85,90.0,15.200000000000001,57.0,100.0,246.0,2932.0,1.31,37.25,15.01,6.95,36.03,28.98,0.0,241.0,1200.0
106142.257,19742.257,140.0,90.7,22.580000000000002,15.950000000000001,173.5,33.300000000000004,151.9,29.05,33.32,33.9,89.5,15.15,56.900000000000006,100.0,247.5,2934.0,1.49,37.35,14.96,6.98,35.980000000000004,29.04,1.0,245.0,1200.0
106202.257,19802.257,140.0,89.60000000000001,22.650000000000002,15.950000000000001,173.0,33.45,151.5,28.98,33.32,33.9,90.0,15.15,56.6,100.0,244.5,2930.0,1.3900000000000001,37.35,14.97,7.01,35.96,29.01,1.0,244.5,1200.0
106262.257,19862.257,140.0,91.10000000000001,22.56,15.96,174.0,33.5,150.6,29.0,33.28,33.95,92.0,15.3,56.7,100.0,247.5,2935.0,1.6300000000000001,37.300000000000004,14.96,6.97,35.97,29.03,1.0,248.0,1200.0
106322.257,19922.257,140.0,90.7,22.63,15.94,170.5,33.550000000000004,152.1,29.080000000000002,33.31,34.0,92.5,15.25,56.800000000000004,100.0,246.0,2925.0,1.4000000000000001,37.35,14.94,7.01,35.980000000000004,28.98,0.0,245.5,1200.0
106382.257,19982.257,140.0,90.10000000000001,22.57,15.97,172.0,33.4,151.0,28.990000000000002,33.29,34.050000000000004,92.0,15.100000000000001,56.0,100.0,237.5,2933.0,1.23,37.15,15.06,7.09,36.17,29.07,1.0,246.5,1200.0
106442.257,20042.257,140.0,89.9,22.64,15.99,173.0,33.550000000000004,150.8,29.05,33.34,33.85,93.0,15.4,56.2,99.9,245.0,2932.0,1.32,37.4,14.96,6.98,36.03,29.09,0.0,243.0,1200.0
106502.257,20102.257,140.0,92.0,22.6,15.98,170.5,33.5,150.1,29.060000000000002,33.34,33.9,91.0,15.25,56.400000000000006,100.0,244.5,2931.0,1.4000000000000001,37.35,15.07,7.03,35.97,28.91,0.0,248.0,1200.0
106562.257,20162.257,140.0,91.5,22.64,15.96,170.0,33.45,151.3,29.05,33.36,33.9,90.5,15.350000000000001,56.300000000000004,99.4,245.0,2932.0,1.3900000000000001,37.1,15.0,7.05,35.99,29.09,0.0,247.0,1200.0
106622.257,20222.257,140.0,90.4,22.580000000000002,16.03,171.0,33.4,152.1,28.990000000000002,33.37,34.050000000000004,90.5,15.3,56.6,100.0,246.0,2940.0,1.31,37.300000000000004,14.950000000000001,6.98,35.910000000000004,28.96,0.0,247.5,1200.0
106682.257,20282.257,140.0,90.9,22.66,15.99,174.0,33.4,149.20000000000002,29.060000000000002,33.31,33.95,91.5,15.350000000000001,56.6,99.9,243.5,2937.0,1.49,37.2,14.94,6.94,36.07,28.98,0.0,244.0,1200.0
106742.257,20342.257,140.0,90.2,22.61,16.02,173.5,33.45,152.9,29.04,33.37,34.050000000000004,91.5,15.3,56.400000000000006,99.7,246.0,2933.0,1.47,37.35,15.120000000000001,7.0,36.04,28.990000000000002,1.0,242.5,1200.0
106802.257,20402.257,140.0,90.30000000000001,22.57,16.01,172.5,33.45,152.4,29.060000000000002,33.38,34.0,92.0,15.350000000000001,56.7,100.0,244.0,2939.0,1.5,37.2,14.99,7.08,36.06,29.12,4.0,245.0,1200.0
106862.257,20462.257,140.0,90.10000000000001,22.59,16.03,172.0,33.65,151.0,29.11,33.35,34.0,93.5,15.350000000000001,56.800000000000004,99.9,247.5,2937.0,1.33,37.4,15.02,6.96,35.97,28.94,0.0,243.5,1200.0
106922.257,20522.257,140.0,91.0,22.61,16.01,171.0,33.5,153.1,29.05,33.33,33.85,88.0,15.200000000000001,56.1,100.0,247.0,2931.0,1.35,37.35,14.98,7.0600000000000005,36.04,28.990000000000002,1.0,246.5,1200.0
106982.257,20582.257,140.0,91.60000000000001,22.62,16.03,171.0,33.5,149.9,29.07,33.31,33.9,93.5,15.25,56.7,100.0,247.5,2932.0,1.51,37.25,15.030000000000001,6.99,36.04,29.01,1.0,247.5,1200.0
107042.257,20642.257,140.0,90.60000000000001,22.66,16.02,172.5,33.550000000000004,151.0,29.05,33.33,33.9,91.0,15.4,56.6,99.9,247.0,2938.0,1.42,37.300000000000004,15.0,7.0200000000000005,36.06,29.01,0.0,243.5,1200.0
107102.257,20702.257,140.0,91.60000000000001,22.61,16.02,172.5,33.300000000000004,151.3,28.97,33.4,33.95,91.0,15.3,56.6,99.80000000000001,245.0,2938.0,1.36,37.300000000000004,14.950000000000001,7.04,36.07,29.11,0.0,243.5,1200.0
107162.257,20762.257,140.0,89.80000000000001,22.56,15.96,170.5,33.35,151.20000000000002,29.05,33.33,33.800000000000004,91.5,15.25,56.6,99.7,247.5,2932.0,1.36,37.35,14.99,7.01,35.97,29.03,0.0,247.5,1200.0
107222.257,20822.257,140.0,90.10000000000001,22.6,15.97,172.0,33.4,149.6,29.07,33.24,33.9,91.5,15.200000000000001,55.900000000000006,99.7,243.0,2933.0,1.5,37.300000000000004,15.040000000000001,7.0600000000000005,35.96,29.14,4.0,245.0,1200.0
107282.257,20882.257,140.0,91.4,22.6,15.99,171.0,33.35,151.70000000000002,29.04,33.29,33.9,92.0,15.200000000000001,56.300000000000004,99.5,245.5,2935.0,1.23,37.15,14.99,7.01,35.980000000000004,28.95,1.0,249.0,1200.0
107342.257,20942.257,140.0,90.9,22.67,16.0,173.0,33.45,152.5,29.060000000000002,33.38,33.95,89.0,15.350000000000001,56.2,100.0,245.0,2929.0,1.51,37.2,15.01,7.0200000000000005,35.96,29.03,1.0,247.0,1200.0
107402.257,21002.257,140.0,92.30000000000001,22.55,16.05,172.5,33.5,151.5,29.03,33.22,33.800000000000004,90.0,15.3,55.800000000000004,99.80000000000001,241.5,2934.0,1.46,37.300000000000004,14.96,7.0200000000000005,36.01,29.01,1.0,244.5,1200.0
107462.256,21062.256,140.0,90.0,22.6,15.96,172.5,33.45,151.0,28.990000000000002,33.31,34.1,92.0,15.3,56.300000000000004,100.0,245.0,2939.0,1.48,37.25,15.06,6.96,36.0,28.92,0.0,245.5,1200.0
107522.256,21122.256,140.0,92.0,22.580000000000002,15.97,170.5,33.6,149.5,29.080000000000002,33.29,33.9,93.5,15.200000000000001,56.300000000000004,99.60000000000001,245.5,2931.0,1.47,37.2,15.030000000000001,7.01,36.01,29.02,1.0,247.0,1200.0
107582.256,21182.256,140.0,92.7,22.59,15.99,174.5,33.65,150.8,29.02,33.34,33.95,90.0,15.25,56.2,99.7,244.0,2938.0,1.23,37.35,14.99,7.0,36.04,28.990000000000002,0.0,247.5,1200.0
107642.256,21242.256,140.0,91.60000000000001,22.580000000000002,15.93,174.0,33.35,151.70000000000002,28.96,33.27,33.85,89.5,15.3,56.400000000000006,99.60000000000001,246.0,2934.0,1.31,37.45,15.02,7.03,35.96,28.98,0.0,245.5,1200.0
107702.256,21302.256,140.0,88.80000000000001,22.59,15.950000000000001,172.5,33.550000000000004,150.8,29.04,33.33,33.85,90.5,15.15,56.6,100.0,245.5,2931.0,1.45,37.300000000000004,15.02,7.04,35.95,28.92,0.0,247.0,1200.0
107762.256,21362.256,140.0,91.4,22.66,16.01,172.5,33.45,150.0,29.04,33.3,33.9,90.5,15.3,56.7,100.0,247.5,2934.0,1.54,37.2,15.06,6.98,35.95,28.94,0.0,247.0,1200.0
107822.256,21422.256,140.0,89.80000000000001,22.53,16.05,172.0,33.4,150.6,29.04,33.43,33.85,91.5,15.25,56.7,100.0,244.5,2936.0,1.4000000000000001,37.25,15.07,7.0600000000000005,36.01,29.1,2.0,244.5,1200.0
107882.256,21482.256,140.0,90.10000000000001,22.650000000000002,16.02,172.5,33.4,150.9,29.0,33.3,33.9,90.5,15.25,56.7,100.0,243.5,2937.0,1.46,37.300000000000004,15.06,6.94,35.99,29.02,0.0,243.5,1200.0
107942.256,21542.256,140.0,89.80000000000001,22.62,15.96,171.5,33.5,151.0,29.09,33.35,33.95,90.0,15.3,56.6,99.7,243.0,2940.0,1.29,37.1,15.06,7.01,36.01,29.02,3.0,249.0,1200.0
108002.256,21602.256,140.0,90.10000000000001,22.59,16.080000000000002,172.5,33.5,151.1,29.16,33.31,33.95,90.0,15.25,56.900000000000006,99.80000000000001,241.0,2936.0,1.48,37.300000000000004,14.94,7.0,35.95,28.97,0.0,246.5,1200.0
108062.256,21662.256,140.0,89.80000000000001,22.61,16.02,174.0,33.45,149.4,29.07,33.29,33.85,91.0,15.3,56.2,100.0,247.0,2941.0,1.1500000000000001,37.35,15.120000000000001,7.0,35.99,29.0,0.0,240.0,1200.0
108122.256,21722.256,140.0,92.10000000000001,22.63,16.05,171.0,33.550000000000004,150.6,29.060000000000002,33.37,33.75,90.0,15.4,57.0,99.60000000000001,241.0,2933.0,1.37,37.300000000000004,15.02,6.99,35.94,28.93,1.0,249.5,1200.0
108182.256,21782.256,140.0,90.9,22.67,16.04,171.0,33.45,152.70000000000002,29.0,33.33,33.800000000000004,89.5,15.4,56.800000000000004,99.9,245.0,2940.0,1.42,37.25,15.040000000000001,6.97,36.07,29.03,1.0,245.0,1200.0
108242.256,21842.256,140.0,91.4,22.71,15.98,173.0,33.45,153.70000000000002,29.04,33.33,33.85,91.0,15.25,56.6,99.7,243.5,2935.0,1.35,37.25,14.92,6.99,36.03,28.96,1.0,245.0,1200.0
108302.256,21902.256,140.0,91.10000000000001,22.68,15.97,171.0,33.45,150.70000000000002,29.0,33.37,33.75,91.0,15.25,57.6,99.7,249.0,2935.0,1.33,37.35,15.05,7.0600000000000005,36.01,28.96,2.0,244.0,1200.0
108362.256,21962.256,140.0,90.60000000000001,22.64,16.02,170.5,33.45,151.5,29.060000000000002,33.22,33.800000000000004,91.5,15.25,56.900000000000006,100.0,249.5,2932.0,1.37,37.300000000000004,15.01,6.96,35.96,29.0,0.0,244.5,1200.0
108422.256,22022.256,140.0,91.4,22.650000000000002,15.91,171.0,33.5,151.9,28.85,33.31,33.7,92.5,15.3,56.6,99.80000000000001,248.5,2938.0,1.61,37.35,14.99,7.05,36.0,28.990000000000002,0.0,246.0,1200.0
108482.256,22082.256,140.0,91.60000000000001,22.71,15.98,172.0,33.35,150.3,28.95,33.36,33.9,92.5,15.25,56.5,99.9,245.0,2939.0,1.45,37.300000000000004,15.02,7.0200000000000005,35.96,29.01,0.0,250.5,1200.0
108542.256,22142.256,140.0,91.5,22.69,15.99,171.5,33.4,152.1,28.95,33.19,33.7,90.0,15.25,57.5,100.0,246.5,2932.0,1.3,37.25,14.98,7.03,35.95,28.98,0.0,249.0,1200.0
108602.256,22202.256,140.0,91.10000000000001,22.77,15.98,172.0,33.4,152.0,28.97,33.17,33.7,91.0,15.25,57.400000000000006,99.7,247.0,2937.0,1.51,37.2,14.950000000000001,6.96,35.96,29.0,1.0,252.5,1200.0
108662.256,22262.256,140.0,92.4,22.7,16.02,170.5,33.5,152.5,28.85,33.21,33.800000000000004,91.5,15.450000000000001,57.0,100.0,249.0,2932.0,1.43,37.35,15.040000000000001,7.07,36.03,29.05,0.0,247.5,1200.0
108722.256,22322.256,140.0,91.2,22.72,16.080000000000002,174.0,33.45,152.1,28.79,33.21,33.65,93.0,15.25,57.7,99.80000000000001,245.5,2929.0,1.31,37.25,14.99,6.95,35.96,29.04,2.0,241.5,1200.0
108782.256,22382.256,140.0,90.9,22.62,15.950000000000001,171.5,33.2,150.1,28.75,33.160000000000004,33.75,89.5,15.350000000000001,57.1,100.0,248.5,2931.0,1.37,37.2,15.01,7.04,35.99,28.990000000000002,1.0,243.0,1200.0
108842.256,22442.256,140.0,90.80000000000001,22.59,16.03,173.5,33.300000000000004,151.4,28.86,33.28,33.75,92.5,15.200000000000001,57.300000000000004,100.0,241.5,2931.0,1.41,37.4,14.98,7.0600000000000005,35.89,29.07,0.0,246.0,1200.0
108902.256,22502.256,140.0,90.5,22.7,16.02,172.0,33.45,152.1,28.92,33.14,33.75,91.5,15.350000000000001,57.5,99.60000000000001,246.5,2930.0,1.45,37.2,15.0,6.96,35.99,29.07,0.0,240.5,1200.0
108962.256,22562.256,140.0,91.60000000000001,22.66,15.97,171.0,33.550000000000004,150.9,28.88,33.14,33.45,90.5,15.25,57.1,100.0,247.0,2930.0,1.3,37.25,14.96,6.99,36.02,28.96,4.0,243.5,1200.0
109022.256,22622.256,140.0,91.10000000000001,22.61,15.94,169.5,33.300000000000004,151.8,28.85,33.11,33.65,92.5,15.3,56.900000000000006,99.7,248.5,2929.0,1.5,37.15,15.05,6.93,36.04,28.96,0.0,248.0,1200.0
109082.256,22682.256,140.0,91.2,22.62,16.03,170.0,33.35,152.0,28.88,33.160000000000004,33.6,90.0,15.200000000000001,56.800000000000004,100.0,245.0,2932.0,1.35,37.4,14.950000000000001,6.98,36.01,29.03,0.0,244.5,1200.0
109142.255,22742.255,140.0,90.2,22.68,15.97,169.5,33.2,150.6,28.900000000000002,33.17,33.6,92.0,15.3,57.5,100.0,245.0,2923.0,1.43,37.25,15.01,6.94,36.13,28.97,0.0,245.5,1200.0
109202.255,22802.255,140.0,91.0,22.63,15.94,172.0,33.2,150.9,28.79,33.18,33.7,91.5,15.25,56.800000000000004,100.0,246.0,2929.0,1.3800000000000001,37.4,14.96,6.93,35.92,28.98,0.0,246.5,1200.0
109262.255,22862.255,140.0,91.60000000000001,22.63,16.0,171.5,33.2,152.3,28.76,33.14,33.7,92.0,15.25,57.1,100.0,240.0,2920.0,1.29,37.15,14.93,6.93,36.02,29.02,1.0,239.5,1200.0
109322.255,22922.255,140.0,92.10000000000001,22.740000000000002,16.03,170.0,33.25,151.4,28.84,33.18,33.550000000000004,93.5,15.3,56.5,100.0,241.5,2924.0,1.45,37.2,15.05,6.96,36.07,28.95,0.0,244.0,1200.0
109382.255,22982.255,140.0,91.80000000000001,22.68,15.99,169.0,33.15,154.3,28.86,33.07,33.6,91.5,15.3,56.800000000000004,100.0,248.5,2923.0,1.3900000000000001,37.25,14.97,7.0,35.99,28.97,0.0,243.5,1200.0
109442.255,23042.255,140.0,91.5,22.72,16.01,171.0,33.35,152.0,28.85,33.08,33.75,92.0,15.3,57.0,100.0,240.5,2922.0,1.27,37.2,15.08,7.0,35.97,29.14,2.0,240.0,1200.0
109502.255,23102.255,140.0,91.7,22.69,15.98,167.5,33.35,150.6,28.85,33.13,33.7,91.0,15.200000000000001,57.0,99.7,247.0,2923.0,1.44,37.25,15.05,7.04,35.99,28.89,0.0,242.0,1200.0
109562.255,23162.255,140.0,90.4,22.66,15.99,171.5,33.300000000000004,151.1,28.82,33.19,33.75,92.0,15.4,56.900000000000006,100.0,242.0,2924.0,1.37,37.15,14.98,6.98,36.07,29.04,1.0,244.5,1200.0
109622.255,23222.255,140.0,90.4,22.650000000000002,16.03,170.5,33.25,150.4,28.900000000000002,33.15,33.75,93.0,15.100000000000001,56.7,99.9,247.5,2927.0,1.42,37.25,15.040000000000001,6.98,35.97,29.01,1.0,245.0,1200.0
109682.255,23282.255,140.0,90.7,22.68,15.96,171.5,33.4,149.6,28.84,33.09,33.75,90.5,15.15,57.2,100.0,243.0,2921.0,1.47,37.050000000000004,15.0,6.97,35.89,28.98,0.0,242.0,1200.0
109742.255,23342.255,140.0,90.10000000000001,22.67,15.97,171.0,33.35,151.5,28.89,33.25,33.7,90.5,15.15,57.2,100.0,244.0,2922.0,1.41,37.15,15.02,7.0600000000000005,35.95,29.01,0.0,244.5,1200.0
109802.255,23402.255,140.0,90.80000000000001,22.62,16.05,170.0,33.35,149.6,28.740000000000002,33.160000000000004,33.800000000000004,92.5,15.25,57.2,99.60000000000001,246.5,2927.0,1.43,36.95,14.96,6.99,35.99,28.96,1.0,242.5,1200.0
109862.255,23462.255,140.0,92.7,22.6,15.950000000000001,173.0,33.25,151.1,28.91,33.12,33.7,92.5,15.200000000000001,57.1,100.0,248.0,2926.0,1.43,37.15,15.05,6.98,35.96,29.01,1.0,248.5,1200.0
109922.255,23522.255,140.0,90.10000000000001,22.64,16.06,169.5,33.300000000000004,150.8,28.93,33.19,33.65,90.5,15.200000000000001,57.1,100.0,245.0,2928.0,1.41,37.35,14.93,7.0,36.12,29.01,0.0,246.5,1200.0
109982.255,23582.255,140.0,90.2,22.66,16.02,172.0,33.5,152.9,28.94,33.17,34.0,91.5,15.3,57.2,100.0,246.5,2932.0,1.47,37.15,15.01,6.97,36.0,29.01,0.0,248.0,1200.0
110042.255,23642.255,140.0,90.30000000000001,22.7,16.02,169.5,33.35,151.8,28.900000000000002,33.26,33.75,92.5,15.15,57.400000000000006,99.80000000000001,248.0,2929.0,1.21,37.15,15.030000000000001,6.92,35.87,28.900000000000002,0.0,243.5,1200.0
110102.255,23702.255,140.0,91.60000000000001,22.64,15.96,171.5,33.4,151.6,28.89,33.13,33.75,92.0,15.350000000000001,57.5,99.9,245.0,2929.0,1.48,37.300000000000004,15.0,7.0200000000000005,35.92,28.94,0.0,246.0,1200.0
110162.255,23762.255,140.0,89.9,22.68,15.98,172.5,33.4,151.3,28.87,33.14,33.800000000000004,90.5,15.350000000000001,57.7,100.0,249.0,2930.0,1.55,37.2,15.030000000000001,6.98,36.04,29.0,0.0,250.0,1200.0
110222.255,23822.255,140.0,91.9,22.73,16.1,172.5,33.35,150.70000000000002,28.92,33.17,33.75,90.0,15.200000000000001,57.7,100.0,242.5,2929.0,1.33,37.15,15.07,6.95,35.97,29.04,0.0,250.0,1200.0
110282.255,23882.255,140.0,91.0,22.67,15.94,171.0,33.25,152.70000000000002,28.97,33.25,33.75,91.0,15.350000000000001,57.2,99.80000000000001,247.5,2929.0,1.3800000000000001,37.300000000000004,14.99,6.96,36.02,28.95,0.0,246.0,1200.0
110342.255,23942.255,140.0,91.10000000000001,22.650000000000002,16.02,170.5,33.4,151.0,28.810000000000002,33.19,33.75,90.5,15.3,56.7,100.0,243.0,2934.0,1.36,37.2,15.08,7.01,35.97,29.03,0.0,246.5,1200.0
110402.255,24002.255,140.0,90.2,22.71,16.01,172.0,33.300000000000004,150.8,28.91,33.1,33.75,90.5,15.200000000000001,57.2,100.0,246.5,2925.0,1.42,37.2,14.98,7.07,35.94,28.97,0.0,246.5,1200.0
110462.255,24062.255,140.0,92.60000000000001,22.67,16.01,171.0,33.2,152.0,28.97,33.230000000000004,33.7,91.0,15.200000000000001,58.0,100.0,248.5,2924.0,1.52,37.35,15.030000000000001,7.03,35.97,28.84,1.0,246.0,1200.0
110522.255,24122.255,140.0,91.9,22.72,15.97,170.0,33.45,152.3,28.89,33.26,33.7,92.0,15.100000000000001,57.1,100.0,249.0,2933.0,1.45,37.35,14.96,7.01,36.0,28.97,1.0,249.5,1200.0
110582.255,24182.255,140.0,91.10000000000001,22.73,16.01,169.0,33.5,152.1,28.97,33.3,33.7,88.0,15.350000000000001,56.7,100.0,251.0,2930.0,1.35,37.2,14.96,7.0600000000000005,36.02,29.060000000000002,0.0,240.0,1200.0
110642.255,24242.255,140.0,90.4,22.66,16.01,172.0,33.4,151.4,28.900000000000002,33.27,33.800000000000004,90.5,15.3,56.800000000000004,99.60000000000001,246.5,2927.0,1.35,37.050000000000004,15.05,6.95,35.980000000000004,29.01,0.0,247.0,1200.0
110702.255,24302.255,140.0,90.9,22.71,16.02,170.5,33.5,150.5,28.92,33.25,33.75,92.0,15.25,57.400000000000006,100.0,244.0,2933.0,1.22,37.25,14.97,6.97,35.97,29.03,1.0,245.5,1200.0
110762.254,24362.254,140.0,91.10000000000001,22.69,16.0,172.5,33.4,151.3,28.91,33.21,33.800000000000004,91.5,15.3,56.7,99.5,244.0,2937.0,1.3,37.25,15.05,6.97,36.0,28.91,0.0,244.0,1200.0
110822.254,24422.254,140.0,89.4,22.71,15.97,170.0,33.300000000000004,151.5,28.900000000000002,33.29,33.75,90.5,15.4,56.800000000000004,100.0,249.5,2935.0,1.21,37.300000000000004,14.93,7.05,35.910000000000004,29.1,1.0,246.0,1200.0
110882.254,24482.254,140.0,91.60000000000001,22.580000000000002,15.99,173.0,33.35,151.1,28.98,33.230000000000004,33.9,90.0,15.350000000000001,57.1,99.9,246.0,2936.0,1.49,37.25,15.05,7.07,36.0,28.98,1.0,253.5,1200.0
110942.254,24542.254,140.0,91.9,22.66,15.98,173.0,33.5,151.70000000000002,28.94,33.24,33.95,90.0,15.25,56.900000000000006,100.0,248.0,2933.0,1.46,37.2,15.01,7.0,36.02,28.95,0.0,248.5,1200.0
111002.254,24602.254,140.0,91.9,22.57,15.94,171.5,33.45,150.0,29.01,33.24,33.85,90.0,15.200000000000001,56.5,99.30000000000001,248.0,2932.0,1.51,37.2,15.02,7.0200000000000005,35.95,28.93,2.0,244.0,1200.0
111062.254,24662.254,140.0,90.4,22.67,15.99,171.5,33.45,152.8,29.01,33.3,33.7,89.5,15.350000000000001,57.1,99.30000000000001,249.0,2936.0,1.3800000000000001,37.25,14.950000000000001,6.98,35.980000000000004,28.94,0.0,247.0,1200.0
111122.254,24722.254,140.0,90.9,22.63,15.94,170.5,33.4,152.0,29.07,33.22,33.85,92.5,15.200000000000001,57.300000000000004,100.0,245.5,2933.0,1.44,37.300000000000004,15.01,7.01,35.93,29.1,0.0,246.0,1200.0
111182.254,24782.254,140.0,90.7,22.71,16.04,172.5,33.550000000000004,150.5,28.97,33.37,33.95,91.0,15.3,56.2,99.60000000000001,246.5,2934.0,1.57,37.300000000000004,14.94,7.04,35.88,28.97,3.0,243.5,1200.0
111242.254,24842.254,140.0,91.9,22.740000000000002,15.99,170.5,33.4,152.0,28.91,33.31,33.7,91.5,15.5,57.0,100.0,247.5,2935.0,1.31,37.25,15.06,7.03,36.07,28.97,0.0,249.5,1200.0
111302.254,24902.254,140.0,90.9,22.69,15.950000000000001,170.5,33.300000000000004,153.3,28.96,33.31,33.9,90.5,15.3,57.0,99.9,246.5,2937.0,1.46,37.25,15.01,6.890000000000001,36.02,29.09,0.0,244.5,1200.0
111362.254,24962.254,140.0,89.2,22.63,16.02,171.0,33.35,150.9,29.07,33.25,33.95,89.0,15.350000000000001,57.400000000000006,100.0,249.0,2942.0,1.43,37.35,14.950000000000001,7.03,36.14,28.98,2.0,251.5,1200.0
111422.254,25022.254,140.0,93.0,22.77,16.0,173.0,33.550000000000004,151.5,28.98,33.14,33.800000000000004,92.0,15.25,57.300000000000004,100.0,245.0,2938.0,1.4000000000000001,37.35,15.01,7.01,36.03,29.09,0.0,244.5,1200.0
111482.254,25082.254,140.0,90.2,22.68,15.99,170.5,33.550000000000004,149.8,29.01,33.31,33.800000000000004,92.0,15.15,56.900000000000006,99.80000000000001,247.5,2940.0,1.24,37.2,14.98,6.99,35.99,29.03,0.0,245.5,1200.0
111542.254,25142.254,140.0,90.7,22.66,16.0,172.5,33.45,151.6,28.97,33.38,33.9,91.0,15.25,57.2,100.0,245.0,2937.0,1.36,37.35,14.99,6.96,35.97,28.94,0.0,244.5,1200.0
111602.254,25202.254,140.0,91.80000000000001,22.7,16.06,172.5,33.45,150.9,29.09,33.31,33.85,90.5,15.25,57.2,100.0,247.0,2935.0,1.3800000000000001,37.300000000000004,15.08,7.04,36.06,28.94,2.0,245.5,1200.0
111662.254,25262.254,140.0,91.0,22.68,15.98,173.0,33.5,152.9,28.92,33.34,33.75,90.0,15.3,56.800000000000004,99.7,247.5,2937.0,1.46,37.45,15.01,7.0,36.03,28.990000000000002,2.0,248.5,1200.0
111722.254,25322.254,140.0,90.2,22.740000000000002,16.0,172.5,33.550000000000004,151.70000000000002,29.0,33.31,33.85,91.5,15.05,56.400000000000006,99.60000000000001,247.5,2941.0,1.31,37.35,14.94,7.0,36.04,29.03,1.0,250.5,1200.0
111782.254,25382.254,140.0,89.2,22.67,15.950000000000001,170.0,33.7,151.70000000000002,29.0,33.35,33.800000000000004,92.5,15.15,57.400000000000006,100.0,249.5,2943.0,1.45,37.25,15.040000000000001,6.95,35.96,28.990000000000002,0.0,251.5,1200.0
111842.254,25442.254,140.0,91.30000000000001,22.75,15.950000000000001,171.5,33.4,151.8,29.0,33.37,33.75,92.5,15.25,57.0,99.7,247.5,2939.0,1.34,37.35,15.01,7.0200000000000005,36.01,29.01,0.0,247.0,1200.0
111902.254,25502.254,140.0,91.10000000000001,22.71,15.950000000000001,173.5,33.6,151.8,28.95,33.35,33.95,92.5,15.3,57.0,99.7,246.5,2937.0,1.43,37.300000000000004,14.97,7.0,36.03,29.0,0.0,246.5,1200.0
111962.254,25562.254,140.0,91.2,22.740000000000002,15.98,170.5,33.2,151.1,28.990000000000002,33.32,33.85,92.0,15.4,57.2,100.0,249.0,2938.0,1.43,37.35,15.01,7.01,36.0,28.98,0.0,246.5,1200.0
112022.254,25622.254,140.0,90.80000000000001,22.71,16.05,173.5,33.4,152.8,28.92,33.33,33.800000000000004,93.0,15.3,57.300000000000004,99.80000000000001,248.5,2936.0,1.36,37.45,15.01,6.98,36.04,28.900000000000002,2.0,250.0,1200.0
112082.254,25682.254,140.0,91.9,22.71,16.07,171.0,33.4,151.3,28.91,33.28,33.85,91.0,15.3,57.1,99.5,245.5,2942.0,1.34,37.4,15.01,6.91,36.07,29.04,0.0,246.0,1200.0
112142.254,25742.254,140.0,92.0,22.71,15.99,170.5,33.65,152.6,28.87,33.36,33.800000000000004,90.0,15.100000000000001,57.2,100.0,247.0,2932.0,1.27,37.2,14.97,7.04,36.03,28.990000000000002,1.0,250.5,1200.0
112202.254,25802.254,140.0,91.10000000000001,22.69,16.05,171.5,33.35,150.9,28.87,33.31,33.9,92.0,15.15,57.300000000000004,100.0,247.5,2937.0,1.17,37.2,15.02,7.01,36.04,29.0,0.0,250.0,1200.0
112262.254,25862.254,140.0,90.4,22.68,16.06,172.0,33.35,151.5,28.85,33.25,33.800000000000004,90.5,15.200000000000001,57.300000000000004,100.0,248.5,2937.0,1.19,37.300000000000004,14.97,6.97,35.99,29.0,0.0,247.5,1200.0
112322.254,25922.254,140.0,90.7,22.7,16.01,172.5,33.300000000000004,151.70000000000002,28.88,33.15,33.85,90.5,15.25,57.300000000000004,99.7,251.5,2933.0,1.33,37.25,15.02,6.91,36.0,28.97,2.0,246.0,1200.0
112382.254,25982.254,140.0,90.4,22.7,16.01,173.5,33.45,150.4,28.900000000000002,33.27,33.800000000000004,91.5,15.3,57.7,100.0,250.5,2936.0,1.32,37.25,15.05,7.04,36.0,29.01,2.0,246.5,1200.0
112442.253,26042.253,140.0,92.9,22.72,15.99,172.5,33.45,152.4,28.900000000000002,33.17,33.75,89.5,15.3,57.400000000000006,99.9,245.0,2931.0,1.27,37.25,14.950000000000001,6.95,36.01,28.98,1.0,244.0,1200.0
112502.253,26102.253,140.0,91.10000000000001,22.68,15.94,169.0,33.300000000000004,151.9,28.87,33.230000000000004,33.75,89.5,15.3,57.0,100.0,242.5,2928.0,1.41,37.25,14.99,7.0,36.01,29.03,0.0,246.5,1200.0
112562.253,26162.253,140.0,91.30000000000001,22.71,16.01,170.0,33.25,152.3,28.87,33.230000000000004,33.75,93.0,15.15,57.0,99.7,249.0,2933.0,1.28,37.45,15.05,7.03,36.02,29.04,0.0,245.0,1200.0
112622.253,26222.253,140.0,90.4,22.69,16.03,172.5,33.45,150.3,28.900000000000002,33.18,33.6,91.5,15.25,57.300000000000004,100.0,240.0,2932.0,1.42,37.300000000000004,14.92,6.99,35.9,29.0,0.0,245.5,1200.0
112682.253,26282.253,140.0,91.30000000000001,22.73,15.99,170.5,33.35,151.70000000000002,28.77,33.13,33.65,91.5,15.25,57.300000000000004,100.0,246.5,2932.0,1.29,37.4,15.0,7.0200000000000005,36.01,29.04,1.0,252.0,1200.0
112742.253,26342.253,140.0,91.5,22.650000000000002,16.09,168.5,33.45,151.0,28.77,33.15,33.5,91.0,15.4,57.300000000000004,100.0,246.0,2927.0,1.3900000000000001,37.300000000000004,15.02,7.01,35.99,29.01,0.0,246.5,1200.0
112802.253,26402.253,140.0,90.30000000000001,22.72,16.0,171.0,33.300000000000004,152.4,28.810000000000002,33.08,33.75,92.5,15.3,57.900000000000006,99.80000000000001,245.5,2928.0,1.44,37.25,15.06,6.98,35.95,28.97,0.0,243.5,1200.0
112862.253,26462.253,140.0,90.80000000000001,22.72,16.01,169.5,33.300000000000004,150.9,28.77,33.2,33.7,90.5,15.5,57.6,99.7,244.5,2919.0,1.32,37.25,14.98,6.97,35.980000000000004,29.0,0.0,247.0,1200.0
112922.253,26522.253,140.0,90.5,22.72,16.01,171.5,33.1,150.70000000000002,28.86,33.11,33.7,90.0,15.25,57.1,99.9,246.0,2932.0,1.34,37.25,15.06,7.03,36.0,29.05,0.0,234.0,1200.0
112982.253,26582.253,140.0,88.9,22.79,16.05,172.5,33.25,151.8,28.85,33.18,33.6,92.0,15.3,57.6,100.0,239.5,2929.0,1.46,37.1,15.01,6.96,35.99,29.1,0.0,245.0,1200.0
113042.253,26642.253,140.0,91.9,22.62,15.99,171.0,33.35,150.5,28.810000000000002,33.13,33.65,91.5,15.3,57.5,100.0,244.0,2927.0,1.41,37.25,15.08,7.04,36.050000000000004,28.86,2.0,246.0,1200.0
113102.253,26702.253,140.0,92.0,22.67,15.99,171.0,33.25,150.8,28.71,33.09,33.550000000000004,91.0,15.25,57.6,100.0,251.5,2920.0,1.41,37.25,15.01,7.0,35.99,28.95,2.0,243.5,1200.0
113162.253,26762.253,140.0,91.5,22.69,15.98,170.0,33.2,150.8,28.650000000000002,33.03,33.6,90.5,15.450000000000001,56.900000000000006,100.0,247.0,2922.0,1.36,37.25,14.950000000000001,6.98,35.96,28.94,0.0,247.5,1200.0
113222.253,26822.253,140.0,92.5,22.67,16.01,170.5,33.25,150.8,28.73,33.02,33.550000000000004,87.0,15.25,57.1,100.0,240.5,2921.0,1.42,37.25,15.05,7.07,35.980000000000004,29.080000000000002,0.0,246.0,1200.0
113282.253,26882.253,140.0,89.0,22.71,15.97,170.0,33.25,150.3,28.71,33.12,33.45,91.0,15.25,57.900000000000006,100.0,242.0,2915.0,1.3800000000000001,37.1,15.05,6.94,36.01,29.02,2.0,245.5,1200.0
113342.253,26942.253,140.0,90.9,22.73,15.98,171.0,33.2,151.9,28.75,33.01,33.7,91.0,15.3,56.900000000000006,99.60000000000001,245.5,2922.0,1.4000000000000001,37.1,14.99,7.1000000000000005,36.06,29.02,3.0,246.5,1200.0
113402.253,27002.253,140.0,89.9,22.72,16.02,169.5,33.1,152.5,28.740000000000002,33.05,33.6,91.5,15.25,57.1,100.0,245.0,2920.0,1.41,37.050000000000004,15.0,6.96,36.07,28.95,0.0,245.0,1200.0
113462.253,27062.253,140.0,92.80000000000001,22.6,16.05,169.5,33.1,151.8,28.69,33.0,33.65,90.5,15.450000000000001,57.400000000000006,99.7,245.0,2919.0,1.29,37.0,15.02,7.05,35.93,28.96,0.0,244.0,1200.0
113522.253,27122.253,140.0,92.2,22.7,15.92,170.5,33.45,151.5,28.68,33.06,33.65,92.5,15.350000000000001,57.1,100.0,242.5,2921.0,1.33,37.1,15.01,7.0200000000000005,36.08,29.01,1.0,241.0,1200.0
113582.253,27182.253,140.0,89.0,22.71,16.03,169.5,33.300000000000004,151.6,28.75,33.07,33.6,91.5,15.25,57.0,99.7,245.5,2919.0,1.44,37.1,14.96,7.0200000000000005,36.06,28.98,0.0,243.0,1200.0
113642.253,27242.253,140.0,89.0,22.66,16.0,172.0,33.300000000000004,149.20000000000002,28.77,33.11,33.7,92.0,15.4,57.7,100.0,241.5,2922.0,1.41,37.2,14.96,7.05,35.94,29.080000000000002,0.0,247.0,1200.0
113702.253,27302.253,140.0,90.0,22.73,16.0,170.5,33.2,151.1,28.77,33.14,33.6,91.0,15.3,57.800000000000004,99.4,243.5,2917.0,1.28,37.050000000000004,14.98,7.0,36.050000000000004,29.0,0.0,246.0,1200.0
113762.253,27362.253,140.0,89.4,22.73,16.0,172.0,33.15,151.3,28.75,33.04,33.65,91.0,15.350000000000001,57.300000000000004,100.0,244.0,2923.0,1.4000000000000001,37.050000000000004,14.97,6.99,36.09,29.02,0.0,245.0,1200.0
113822.253,27422.253,140.0,89.7,22.66,16.0,171.5,33.300000000000004,151.8,28.87,33.19,33.65,91.0,15.200000000000001,57.7,99.5,248.5,2928.0,1.33,37.1,14.97,7.01,36.08,28.990000000000002,0.0,246.0,1200.0
113882.253,27482.253,140.0,90.80000000000001,22.67,16.0,169.0,33.25,151.4,28.75,33.14,33.800000000000004,91.5,15.25,57.5,100.0,246.0,2919.0,1.24,37.050000000000004,14.93,6.97,36.02,28.96,0.0,247.0,1200.0
113942.253,27542.253,140.0,91.5,22.62,16.03,170.5,33.25,151.8,28.85,33.14,33.800000000000004,90.5,15.200000000000001,57.6,100.0,244.5,2924.0,1.57,37.1,15.030000000000001,6.97,36.01,28.94,2.0,246.0,1200.0
114002.253,27602.253,140.0,91.7,22.71,15.94,168.5,33.35,151.9,28.86,33.14,33.65,90.5,15.3,57.7,99.9,241.0,2930.0,1.45,37.1,14.97,7.07,36.0,28.96,1.0,242.5,1200.0
114062.253,27662.253,140.0,90.60000000000001,22.72,16.0,170.5,33.25,150.1,28.900000000000002,33.12,33.7,92.0,15.200000000000001,57.5,100.0,246.0,2926.0,1.36,37.15,15.040000000000001,7.03,36.0,29.05,0.0,246.5,1200.0
114122.253,27722.253,140.0,91.30000000000001,22.69,15.91,172.5,33.4,151.1,28.84,33.11,33.800000000000004,90.0,15.25,57.6,99.9,242.5,2924.0,1.3800000000000001,37.050000000000004,15.0,7.01,35.99,29.060000000000002,0.0,247.5,1200.0
114182.252,27782.252,140.0,90.9,22.72,15.97,169.0,33.35,150.70000000000002,28.92,33.11,33.7,89.5,15.350000000000001,57.800000000000004,99.9,243.5,2925.0,1.4000000000000001,37.15,15.01,6.99,35.96,28.97,0.0,244.5,1200.0
114242.252,27842.252,140.0,91.0,22.7,16.0,171.5,33.2,150.4,28.73,33.17,33.800000000000004,91.5,15.25,57.1,99.9,245.0,2930.0,1.54,37.1,14.98,7.0,36.1,28.990000000000002,0.0,245.0,1200.0
114302.252,27902.252,140.0,90.9,22.650000000000002,16.03,173.0,33.45,151.6,28.89,33.13,33.75,92.5,15.3,57.800000000000004,100.0,244.5,2931.0,1.36,37.15,14.93,6.96,35.97,28.91,0.0,241.0,1200.0
114362.252,27962.252,140.0,90.7,22.650000000000002,16.0,173.0,33.25,151.0,28.87,33.160000000000004,33.75,91.5,15.200000000000001,57.800000000000004,100.0,245.0,2928.0,1.25,37.050000000000004,15.05,7.12,36.050000000000004,29.02,0.0,243.5,1200.0
114422.252,28022.252,140.0,93.5,22.72,16.02,170.0,33.25,151.8,28.89,33.19,33.7,92.5,15.350000000000001,57.2,100.0,248.0,2933.0,1.41,37.2,15.01,6.99,35.92,29.02,1.0,249.5,1200.0
114482.252,28082.252,140.0,91.7,22.71,16.01,171.5,33.4,152.8,28.91,33.22,33.85,90.5,15.200000000000001,57.6,100.0,247.0,2932.0,1.34,37.300000000000004,14.93,7.08,36.01,29.09,0.0,246.5,1200.0
114542.252,28142.252,140.0,91.7,22.66,15.97,171.0,33.050000000000004,150.6,28.84,33.230000000000004,33.85,89.5,15.200000000000001,57.0,99.9,242.5,2929.0,1.46,37.2,14.99,6.96,36.03,29.01,3.0,244.5,1200.0
114602.252,28202.252,140.0,92.5,22.67,15.92,171.0,33.35,151.6,28.85,33.28,33.800000000000004,92.0,15.25,57.7,99.80000000000001,245.5,2930.0,1.32,37.2,15.06,6.91,35.89,28.93,1.0,247.0,1200.0
114662.252,28262.252,140.0,91.2,22.67,16.02,170.5,33.45,149.9,28.900000000000002,33.25,33.9,91.5,15.3,57.1,99.9,244.0,2931.0,1.33,37.15,14.99,6.97,35.99,28.98,0.0,243.5,1200.0
114722.252,28322.252,140.0,91.60000000000001,22.740000000000002,16.02,171.0,33.35,151.20000000000002,28.900000000000002,33.32,33.800000000000004,91.5,15.4,57.800000000000004,99.2,244.5,2935.0,1.58,37.15,15.07,7.0,36.0,28.97,0.0,245.5,1200.0
114782.252,28382.252,140.0,91.5,22.7,16.03,172.0,33.4,152.1,28.96,33.27,33.85,91.5,15.3,57.0,99.9,246.0,2931.0,1.3900000000000001,37.300000000000004,14.99,6.92,36.0,28.900000000000002,2.0,250.5,1200.0
114842.252,28442.252,140.0,89.7,22.71,16.04,170.5,33.35,152.0,28.93,33.35,33.9,90.5,15.200000000000001,56.900000000000006,100.0,245.0,2936.0,1.41,37.15,14.99,6.94,35.910000000000004,29.04,0.0,248.5,1200.0
114902.252,28502.252,140.0,89.80000000000001,22.75,15.99,170.0,33.4,151.4,28.900000000000002,33.24,33.9,91.5,15.4,57.0,99.7,245.5,2935.0,1.56,37.15,14.99,6.99,35.9,28.990000000000002,0.0,247.0,1200.0
114962.252,28562.252,140.0,88.30000000000001,22.650000000000002,16.01,171.5,33.4,149.5,28.900000000000002,33.28,33.75,91.0,15.25,56.900000000000006,100.0,249.5,2934.0,1.46,37.2,14.99,6.96,35.96,28.93,0.0,252.0,1200.0
115022.252,28622.252,140.0,90.9,22.71,15.98,170.0,33.5,150.6,28.88,33.27,33.9,93.0,15.15,57.400000000000006,99.7,252.5,2939.0,1.28,37.300000000000004,14.93,7.01,36.01,29.01,1.0,244.5,1200.0
115082.252,28682.252,140.0,91.0,22.7,15.98,169.5,33.5,151.4,28.97,33.39,33.75,92.0,15.25,57.400000000000006,99.4,245.5,2939.0,1.22,37.35,15.01,6.96,36.04,29.080000000000002,0.0,252.5,1200.0
115142.252,28742.252,140.0,91.80000000000001,22.79,15.97,170.5,33.550000000000004,151.20000000000002,29.04,33.26,33.75,91.0,15.350000000000001,57.5,100.0,249.0,2935.0,1.51,37.4,14.94,6.94,35.92,29.02,0.0,247.0,1200.0
115202.252,28802.252,140.0,91.2,22.64,16.02,172.0,33.550000000000004,152.70000000000002,29.04,33.3,33.800000000000004,91.0,15.350000000000001,57.2,100.0,249.0,2939.0,1.53,37.25,14.99,6.99,36.0,28.95,1.0,251.0,1200.0
115262.252,28862.252,140.0,89.5,22.72,15.950000000000001,171.5,33.45,151.6,28.94,33.32,33.95,91.5,15.15,57.300000000000004,99.80000000000001,249.5,2942.0,1.49,37.35,14.96,6.97,36.050000000000004,29.01,1.0,250.5,1200.0
115322.252,28922.252,140.0,91.4,22.68,16.01,173.0,33.65,150.9,29.01,33.36,33.9,89.5,15.3,56.900000000000006,100.0,248.5,2937.0,1.42,37.300000000000004,15.01,6.99,35.910000000000004,29.02,1.0,251.5,1200.0
115382.252,28982.252,140.0,90.4,22.73,15.97,172.0,33.4,150.1,29.05,33.33,33.9,93.0,15.25,56.800000000000004,100.0,246.0,2938.0,1.3800000000000001,37.35,15.030000000000001,6.99,35.96,29.0,1.0,247.0,1200.0
115442.252,29042.252,140.0,92.60000000000001,22.73,16.04,172.5,33.4,151.70000000000002,29.04,33.32,34.0,92.5,15.350000000000001,57.0,100.0,247.0,2941.0,1.35,37.35,14.94,7.0,35.94,29.07,2.0,246.0,1200.0
115502.252,29102.252,140.0,92.10000000000001,22.63,16.04,173.0,33.550000000000004,151.70000000000002,29.04,33.33,33.95,91.0,15.350000000000001,57.1,100.0,248.5,2943.0,1.53,37.300000000000004,15.02,7.0,35.94,28.94,2.0,248.5,1200.0
115562.252,29162.252,140.0,91.10000000000001,22.69,15.99,172.5,33.45,150.70000000000002,29.0,33.34,34.0,90.5,15.350000000000001,57.400000000000006,100.0,249.0,2939.0,1.3800000000000001,37.35,15.0,6.97,35.99,28.900000000000002,0.0,243.5,1200.0
115622.252,29222.252,140.0,91.0,22.71,15.99,171.5,33.45,151.20000000000002,28.98,33.37,34.050000000000004,91.0,15.25,57.2,100.0,247.5,2941.0,1.45,37.5,14.97,7.0,36.02,28.990000000000002,0.0,248.5,1200.0
115682.252,29282.252,140.0,92.2,22.61,15.98,172.5,33.550000000000004,151.5,28.96,33.27,33.95,90.5,15.3,57.300000000000004,100.0,251.0,2938.0,1.3900000000000001,37.35,15.030000000000001,7.01,36.02,29.04,0.0,249.5,1200.0
115742.252,29342.252,140.0,90.0,22.650000000000002,15.93,175.0,33.65,150.4,29.05,33.410000000000004,33.85,90.0,15.25,57.300000000000004,100.0,249.5,2937.0,1.54,37.25,14.97,7.03,35.980000000000004,29.01,0.0,248.5,1200.0
115802.252,29402.252,140.0,91.30000000000001,22.64,15.94,174.0,33.5,151.5,29.16,33.31,33.800000000000004,91.0,15.3,57.300000000000004,100.0,251.0,2938.0,1.47,37.550000000000004,14.96,6.95,35.99,29.01,0.0,245.0,1200.0
115862.252,29462.252,140.0,91.60000000000001,22.56,16.05,173.0,33.45,151.6,29.02,33.36,33.9,91.5,15.25,56.800000000000004,99.4,253.5,2940.0,1.41,37.15,15.0,7.0600000000000005,35.97,28.990000000000002,1.0,245.0,1200.0
115922.252,29522.252,140.0,90.4,22.580000000000002,16.01,171.0,33.45,150.9,29.02,33.32,33.9,89.5,15.3,57.2,99.7,242.0,2934.0,1.21,37.550000000000004,15.040000000000001,6.96,35.95,29.080000000000002,3.0,251.5,1200.0
115982.251,29582.251,140.0,89.9,22.64,15.950000000000001,170.0,33.5,151.20000000000002,29.02,33.31,33.75,91.0,15.15,57.2,100.0,250.0,2944.0,1.48,37.4,14.94,6.96,36.04,28.96,0.0,247.5,1200.0
116042.251,29642.251,140.0,89.80000000000001,22.650000000000002,16.0,171.0,33.4,151.20000000000002,28.89,33.34,34.0,88.5,15.25,56.5,99.9,250.5,2936.0,1.3800000000000001,37.2,15.030000000000001,7.01,36.01,29.03,2.0,245.0,1200.0
116102.251,29702.251,140.0,91.60000000000001,22.64,15.96,172.5,33.5,151.20000000000002,29.01,33.3,33.7,92.5,15.15,57.1,100.0,242.5,2934.0,1.44,37.4,15.0,7.0,36.03,28.98,1.0,242.0,1200.0
116162.251,29762.251,140.0,91.5,22.67,15.91,173.0,33.45,151.20000000000002,28.96,33.27,33.95,91.0,15.15,57.0,100.0,247.0,2934.0,1.49,37.25,14.98,7.0,36.0,28.91,0.0,246.5,1200.0
116222.251,29822.251,140.0,91.5,22.650000000000002,15.99,170.5,33.4,150.9,28.98,33.18,33.85,91.0,15.200000000000001,57.0,100.0,248.0,2933.0,1.55,37.5,15.030000000000001,7.03,36.0,29.0,0.0,246.0,1200.0
116282.251,29882.251,140.0,92.5,22.66,15.950000000000001,171.0,33.45,152.6,28.93,33.230000000000004,33.800000000000004,91.5,15.15,56.6,99.60000000000001,245.5,2937.0,1.3800000000000001,37.6,15.0,7.01,35.93,28.97,0.0,246.5,1200.0
116342.251,29942.251,140.0,91.10000000000001,22.71,15.98,171.0,33.45,150.5,28.84,33.26,33.75,91.0,15.350000000000001,57.6,100.0,245.5,2934.0,1.59,37.4,15.01,6.95,36.1,28.95,0.0,247.5,1200.0
116402.251,30002.251,140.0,90.0,22.72,15.950000000000001,172.0,33.5,151.4,28.98,33.32,33.9,91.5,15.25,56.5,100.0,247.0,2939.0,1.33,37.35,15.02,7.03,36.08,29.01,1.0,240.5,1200.0
116462.251,30062.251,140.0,91.0,22.580000000000002,15.97,171.5,33.25,151.70000000000002,28.95,33.19,33.95,89.0,15.25,56.6,100.0,247.5,2936.0,1.52,37.300000000000004,14.94,7.01,36.02,29.04,1.0,246.5,1200.0
116522.251,30122.251,140.0,91.60000000000001,22.69,16.02,171.5,33.300000000000004,152.5,28.97,33.3,33.800000000000004,91.5,15.25,56.7,100.0,243.5,2934.0,1.44,37.4,15.030000000000001,7.04,35.980000000000004,29.0,1.0,243.5,1200.0
116582.251,30182.251,140.0,89.60000000000001,22.66,16.0,174.0,33.4,152.3,28.830000000000002,33.26,33.65,92.5,15.200000000000001,57.2,99.9,248.0,2940.0,1.34,37.2,15.01,6.97,35.97,28.96,1.0,246.0,1200.0
116642.251,30242.251,140.0,91.0,22.69,16.0,170.5,33.4,150.20000000000002,28.94,33.2,33.85,88.5,15.3,56.0,99.80000000000001,246.0,2938.0,1.3900000000000001,37.35,14.99,6.94,36.06,28.990000000000002,1.0,247.5,1200.0
116702.251,30302.251,140.0,89.9,22.69,15.99,173.0,33.4,150.20000000000002,28.96,33.25,33.800000000000004,93.5,15.15,56.900000000000006,99.80000000000001,250.0,2939.0,1.31,37.2,14.950000000000001,7.0,36.04,29.0,0.0,244.5,1200.0
116762.251,30362.251,140.0,90.80000000000001,22.69,15.99,170.0,33.4,151.6,29.060000000000002,33.36,33.9,91.5,15.350000000000001,56.300000000000004,99.7,248.0,2937.0,1.3800000000000001,37.35,15.05,6.99,36.07,29.04,2.0,248.0,1200.0
116822.251,30422.251,140.0,90.2,22.71,15.91,173.0,33.4,151.4,29.01,33.34,33.75,89.0,15.200000000000001,57.400000000000006,100.0,246.0,2940.0,1.4000000000000001,37.45,14.98,6.97,35.95,29.02,0.0,244.0,1200.0
116882.251,30482.251,140.0,91.60000000000001,22.7,15.98,169.5,33.550000000000004,151.8,28.89,33.28,33.75,89.5,15.3,57.1,100.0,250.0,2929.0,1.48,37.300000000000004,15.01,6.99,35.980000000000004,29.05,4.0,250.0,1200.0
116942.251,30542.251,140.0,91.80000000000001,22.650000000000002,15.98,170.0,33.45,149.9,29.07,33.28,33.9,92.0,15.25,57.2,99.5,251.5,2940.0,1.6,37.45,15.01,6.96,35.980000000000004,28.93,0.0,244.5,1200.0
117002.251,30602.251,140.0,90.7,22.68,15.950000000000001,169.0,33.45,152.1,28.97,33.43,33.85,92.0,15.25,57.2,99.9,249.0,2937.0,1.35,37.2,15.030000000000001,6.96,36.03,28.98,0.0,248.0,1200.0
117062.251,30662.251,140.0,90.9,22.72,16.02,171.5,33.6,151.0,28.96,33.24,33.65,89.0,15.350000000000001,56.7,100.0,247.0,2934.0,1.47,37.5,15.05,6.93,36.0,28.98,2.0,247.0,1200.0
117122.251,30722.251,140.0,91.80000000000001,22.75,16.03,173.0,33.5,152.1,29.04,33.24,33.85,91.5,15.25,57.2,100.0,242.5,2940.0,1.51,37.300000000000004,15.040000000000001,6.99,36.01,28.96,0.0,251.5,1200.0
117182.251,30782.251,140.0,90.30000000000001,22.69,16.02,172.5,33.45,150.6,28.97,33.32,33.75,91.0,15.3,56.7,99.80000000000001,251.5,2940.0,1.57,37.300000000000004,15.01,7.0,35.99,29.0,0.0,252.0,1200.0
117242.251,30842.251,140.0,92.0,22.73,15.950000000000001,172.0,33.4,151.8,28.89,33.33,33.95,92.5,15.350000000000001,57.400000000000006,100.0,253.5,2945.0,1.34,37.4,14.9,7.0,36.01,29.05,0.0,243.5,1200.0
117302.251,30902.251,140.0,92.10000000000001,22.68,16.02,171.5,33.4,152.20000000000002,28.97,33.34,34.0,93.5,15.25,57.2,100.0,248.0,2939.0,1.5,37.4,15.030000000000001,7.03,36.03,28.900000000000002,2.0,248.0,1200.0
117362.251,30962.251,140.0,90.7,22.68,15.94,172.0,33.45,151.3,29.07,33.29,34.0,90.5,15.3,57.0,99.9,253.0,2940.0,1.36,37.4,14.99,6.96,35.910000000000004,28.98,2.0,251.5,1200.0
117422.251,31022.251,140.0,91.0,22.69,15.91,172.0,33.550000000000004,152.70000000000002,28.95,33.27,33.95,89.5,15.200000000000001,57.300000000000004,100.0,246.5,2942.0,1.45,37.300000000000004,15.040000000000001,7.01,35.96,28.98,3.0,250.0,1200.0
117482.251,31082.251,140.0,90.7,22.72,15.96,172.5,33.5,151.20000000000002,28.96,33.37,33.85,91.0,15.350000000000001,57.1,100.0,244.5,2940.0,1.49,37.35,14.93,7.03,35.99,29.01,0.0,249.5,1200.0
117542.251,31142.251,140.0,91.30000000000001,22.66,15.99,170.5,33.5,150.6,28.990000000000002,33.29,33.95,92.0,15.15,57.300000000000004,100.0,250.0,2943.0,1.57,37.300000000000004,15.05,6.92,36.06,28.98,2.0,245.5,1200.0
117602.251,31202.251,140.0,90.4,22.72,15.96,173.0,33.6,151.3,28.94,33.34,33.75,91.5,15.4,57.0,99.60000000000001,242.5,2940.0,1.31,37.45,14.99,7.0200000000000005,36.0,29.0,0.0,245.5,1200.0
117662.251,31262.251,140.0,90.7,22.66,15.9,172.5,33.800000000000004,152.0,28.97,33.29,33.95,92.0,15.25,57.0,99.7,246.0,2935.0,1.32,37.25,15.040000000000001,7.04,35.96,29.0,0.0,246.5,1200.0
117722.251,31322.251,140.0,90.2,22.68,15.93,170.0,33.550000000000004,150.6,29.04,33.37,34.050000000000004,93.0,15.25,57.5,100.0,248.5,2939.0,1.52,37.4,15.02,6.93,36.01,28.98,1.0,247.0,1200.0
117782.25,31382.25,140.0,90.2,22.68,16.03,171.5,33.5,152.20000000000002,29.0,33.45,34.0,92.5,15.3,57.800000000000004,100.0,248.0,2945.0,1.46,37.35,14.99,6.97,36.04,28.97,0.0,252.0,1200.0
117842.25,31442.25,140.0,90.80000000000001,22.64,16.02,171.0,33.45,151.70000000000002,28.96,33.38,33.800000000000004,92.5,15.4,56.900000000000006,100.0,250.5,2943.0,1.44,37.2,14.99,6.99,36.050000000000004,29.09,2.0,250.5,1200.0
117902.25,31502.25,140.0,90.9,22.72,16.0,171.5,33.550000000000004,151.20000000000002,29.03,33.38,33.95,90.0,15.3,56.900000000000006,100.0,247.0,2940.0,1.42,37.45,15.06,6.98,36.0,28.97,0.0,249.0,1200.0
117962.25,31562.25,140.0,91.30000000000001,22.63,16.02,172.0,33.35,151.20000000000002,29.07,33.35,33.800000000000004,91.5,15.200000000000001,56.6,99.9,249.5,2943.0,1.27,37.35,15.030000000000001,7.03,35.96,29.060000000000002,1.0,245.5,1200.0
118022.25,31622.25,140.0,89.9,22.66,16.01,173.5,33.550000000000004,151.3,29.05,33.37,33.9,92.5,15.200000000000001,57.2,99.80000000000001,247.0,2945.0,1.42,37.4,14.94,6.94,36.050000000000004,29.02,1.0,247.5,1200.0
118082.25,31682.25,140.0,91.7,22.67,15.96,172.5,33.6,152.8,29.04,33.46,34.050000000000004,92.0,15.4,56.6,99.5,246.0,2940.0,1.26,37.300000000000004,15.02,7.05,36.09,28.990000000000002,0.0,245.0,1200.0
118142.25,31742.25,140.0,91.80000000000001,22.66,16.0,171.0,33.65,151.20000000000002,29.060000000000002,33.44,34.050000000000004,90.5,15.4,56.300000000000004,100.0,249.0,2950.0,1.49,37.45,14.97,6.98,36.07,28.94,1.0,251.0,1200.0
118202.25,31802.25,140.0,89.9,22.71,16.01,173.0,33.550000000000004,151.5,29.03,33.44,34.050000000000004,91.5,15.350000000000001,57.0,100.0,248.5,2949.0,1.5,37.300000000000004,15.01,6.93,36.04,29.02,0.0,246.5,1200.0
118262.25,31862.25,140.0,90.2,22.650000000000002,15.950000000000001,171.0,33.6,150.9,29.11,33.35,34.050000000000004,91.0,15.25,56.6,99.60000000000001,250.0,2946.0,1.3900000000000001,37.550000000000004,14.94,7.05,35.99,29.03,0.0,247.5,1200.0
118322.25,31922.25,140.0,90.4,22.64,16.01,172.0,33.45,152.0,29.080000000000002,33.5,34.0,91.0,15.200000000000001,56.400000000000006,100.0,250.0,2950.0,1.33,37.45,15.02,7.01,35.93,29.04,0.0,247.5,1200.0
118382.25,31982.25,140.0,88.9,22.68,15.97,172.5,33.6,149.8,29.01,33.42,33.85,90.5,15.4,56.900000000000006,99.4,246.5,2951.0,1.31,37.35,14.99,6.96,36.01,28.94,1.0,246.0,1200.0
118442.25,32042.25,140.0,90.0,22.64,15.92,172.0,33.6,151.20000000000002,29.12,33.480000000000004,34.2,94.0,15.200000000000001,57.1,99.9,249.0,2945.0,1.45,37.550000000000004,15.06,7.0,36.02,29.04,2.0,252.0,1200.0
118502.25,32102.25,140.0,91.30000000000001,22.7,16.01,174.0,33.7,151.5,29.17,33.46,34.0,91.0,15.200000000000001,56.800000000000004,100.0,250.0,2947.0,1.44,37.5,14.97,6.97,35.99,28.98,1.0,248.5,1200.0
118562.25,32162.25,140.0,90.0,22.740000000000002,15.98,171.0,33.550000000000004,152.3,29.17,33.480000000000004,33.95,92.5,15.350000000000001,56.400000000000006,99.9,251.0,2944.0,1.4000000000000001,37.45,14.950000000000001,6.94,35.94,28.990000000000002,0.0,251.5,1200.0
118622.25,32222.25,140.0,91.9,22.56,15.99,171.5,33.6,150.20000000000002,29.13,33.43,33.95,90.5,15.4,56.800000000000004,99.80000000000001,247.5,2947.0,1.34,37.550000000000004,15.01,7.0200000000000005,36.050000000000004,28.98,1.0,252.0,1200.0
118682.25,32282.25,140.0,90.60000000000001,22.77,15.97,171.5,33.7,150.1,29.060000000000002,33.55,33.95,91.5,15.350000000000001,57.2,99.60000000000001,250.5,2945.0,1.44,37.45,15.02,7.04,36.01,28.97,0.0,251.0,1200.0
118742.25,32342.25,140.0,90.30000000000001,22.69,15.98,172.0,33.65,152.3,29.11,33.49,33.95,91.0,15.3,57.300000000000004,99.9,253.0,2948.0,1.52,37.6,15.02,7.01,36.0,29.05,0.0,251.0,1200.0
118802.25,32402.25,140.0,90.30000000000001,22.67,16.02,171.5,33.65,150.3,29.07,33.49,34.15,88.0,15.25,57.0,100.0,250.5,2952.0,1.41,37.550000000000004,14.950000000000001,6.99,35.980000000000004,28.97,0.0,251.0,1200.0
118862.25,32462.25,140.0,90.5,22.76,16.04,172.5,33.6,152.3,29.11,33.37,33.95,92.5,15.25,56.5,100.0,249.5,2945.0,1.52,37.6,15.040000000000001,7.04,36.04,28.96,0.0,252.5,1200.0
118922.25,32522.25,140.0,90.5,22.650000000000002,16.03,172.0,33.65,151.8,29.07,33.38,34.050000000000004,89.5,15.15,57.300000000000004,99.4,250.5,2951.0,1.3800000000000001,37.45,14.950000000000001,6.99,35.97,28.92,0.0,250.0,1200.0
118982.25,32582.25,140.0,91.9,22.68,16.02,172.5,33.550000000000004,150.0,29.080000000000002,33.410000000000004,34.0,89.0,15.3,57.5,100.0,251.5,2943.0,1.37,37.6,15.01,7.0600000000000005,36.02,29.05,0.0,252.5,1200.0
119042.25,32642.25,140.0,92.0,22.66,15.93,172.5,33.6,152.70000000000002,29.150000000000002,33.42,33.800000000000004,90.0,15.25,57.0,100.0,250.0,2947.0,1.44,37.4,14.97,7.0200000000000005,35.96,28.95,0.0,248.0,1200.0
119102.25,32702.25,140.0,91.5,22.6,16.0,173.0,33.6,150.5,29.07,33.3,34.050000000000004,91.5,15.350000000000001,57.0,99.9,250.0,2946.0,1.45,37.4,15.01,7.0,35.94,29.0,0.0,251.0,1200.0
119162.25,32762.25,140.0,90.5,22.7,16.01,172.5,33.65,151.4,29.0,33.42,33.95,89.5,15.4,57.400000000000006,100.0,247.0,2944.0,1.33,37.65,14.91,7.01,35.96,29.03,1.0,251.0,1200.0
119222.25,32822.25,140.0,91.5,22.76,15.950000000000001,173.5,33.5,151.1,29.04,33.33,33.85,90.0,15.200000000000001,57.0,100.0,254.0,2946.0,1.4000000000000001,37.4,15.0,7.01,36.04,29.080000000000002,1.0,247.0,1200.0
119282.25,32882.25,140.0,90.2,22.67,15.97,172.0,33.5,151.0,29.01,33.37,34.0,88.5,15.15,56.6,100.0,249.5,2940.0,1.3900000000000001,37.5,15.01,7.01,35.980000000000004,29.04,0.0,253.0,1200.0
119342.25,32942.25,140.0,91.60000000000001,22.73,16.02,172.0,33.550000000000004,150.70000000000002,29.05,33.34,33.9,91.5,15.450000000000001,57.300000000000004,100.0,245.0,2940.0,1.42,37.550000000000004,15.0,7.0200000000000005,35.95,29.09,2.0,247.0,1200.0
119402.25,33002.25,140.0,90.0,22.69,16.1,171.5,33.4,151.6,29.0,33.36,33.85,92.0,15.350000000000001,57.0,100.0,248.0,2941.0,1.31,37.550000000000004,14.92,6.98,35.95,28.96,0.0,247.5,1200.0
119462.25,33062.25,140.0,90.80000000000001,22.7,16.02,170.5,33.4,152.9,28.95,33.27,33.9,92.5,15.100000000000001,57.6,100.0,243.0,2941.0,1.3900000000000001,37.35,14.93,7.05,36.11,28.94,0.0,247.5,1200.0
119522.25,33122.25,140.0,90.2,22.650000000000002,16.03,174.5,33.5,150.1,28.990000000000002,33.3,33.7,93.5,15.25,57.2,99.9,248.0,2938.0,1.49,37.5,15.02,7.0,36.07,28.96,1.0,245.5,1200.0
119582.249,33182.249,140.0,92.10000000000001,22.75,16.06,173.0,33.45,151.5,28.95,33.34,33.9,91.0,15.3,57.800000000000004,100.0,248.0,2937.0,1.51,37.6,15.05,7.0200000000000005,36.06,29.03,3.0,249.0,1200.0
119642.249,33242.249,140.0,90.7,22.73,16.0,172.5,33.45,152.5,28.87,33.31,33.800000000000004,92.5,15.4,57.400000000000006,99.60000000000001,254.5,2941.0,1.49,37.35,15.08,6.97,36.02,29.01,0.0,247.0,1200.0
119702.249,33302.249,140.0,91.2,22.71,16.03,173.5,33.45,150.1,28.98,33.32,33.800000000000004,93.0,15.3,57.2,99.4,251.5,2944.0,1.45,37.5,14.99,6.97,35.96,28.990000000000002,1.0,246.0,1200.0
119762.249,33362.249,140.0,93.0,22.72,15.98,173.0,33.35,151.70000000000002,29.03,33.3,33.85,89.5,15.200000000000001,57.6,99.30000000000001,249.5,2942.0,1.3,37.45,14.92,6.99,36.07,28.96,1.0,249.5,1200.0
119822.249,33422.249,140.0,91.0,22.76,15.98,171.0,33.35,151.9,28.94,33.3,33.9,91.0,15.4,57.2,99.5,249.0,2935.0,1.41,37.4,14.98,7.05,35.92,29.0,0.0,249.0,1200.0
119882.249,33482.249,140.0,89.7,22.7,15.98,172.5,33.4,151.70000000000002,28.89,33.35,33.95,90.5,15.25,58.0,100.0,247.5,2940.0,1.48,37.4,14.99,7.01,35.99,28.990000000000002,0.0,247.0,1200.0
119942.249,33542.249,140.0,90.4,22.7,16.07,172.0,33.4,151.3,28.92,33.32,33.800000000000004,89.5,15.200000000000001,57.900000000000006,99.60000000000001,252.5,2935.0,1.37,37.45,15.0,7.0200000000000005,36.04,29.02,0.0,249.5,1200.0
120002.249,33602.249,140.0,91.7,22.75,16.03,171.5,33.4,151.9,28.97,33.33,33.75,90.5,15.25,57.1,100.0,245.0,2939.0,1.6,37.300000000000004,15.02,6.96,36.01,28.98,1.0,248.5,1200.0
120062.249,33662.249,140.0,92.0,22.73,16.0,171.0,33.25,152.4,28.92,33.27,33.9,90.5,15.25,57.1,99.60000000000001,248.5,2939.0,1.37,37.4,15.0,6.96,36.01,29.01,0.0,244.0,1200.0
120122.249,33722.249,140.0,90.30000000000001,22.69,15.98,170.5,33.300000000000004,151.4,28.900000000000002,33.26,33.75,88.5,15.25,58.2,100.0,254.0,2940.0,1.35,37.550000000000004,14.94,7.03,36.03,29.060000000000002,0.0,246.5,1200.0
120182.249,33782.249,140.0,90.9,22.69,15.97,173.0,33.4,150.70000000000002,28.93,33.34,33.95,92.0,15.3,57.0,99.9,248.0,2937.0,1.3800000000000001,37.25,15.040000000000001,6.95,36.08,29.01,0.0,245.5,1200.0
120242.249,33842.249,140.0,90.10000000000001,22.64,15.950000000000001,174.5,33.300000000000004,152.9,28.94,33.32,33.800000000000004,91.5,15.350000000000001,57.1,100.0,245.0,2937.0,1.55,37.45,14.950000000000001,6.98,35.94,28.990000000000002,1.0,248.5,1200.0
120302.249,33902.249,140.0,92.2,22.67,16.02,172.0,33.45,151.8,28.92,33.29,33.65,91.5,15.15,56.5,100.0,248.0,2934.0,1.4000000000000001,37.5,14.89,6.94,36.02,28.990000000000002,1.0,251.5,1200.0
120362.249,33962.249,140.0,91.30000000000001,22.72,16.0,173.5,33.35,151.6,28.94,33.27,33.85,92.0,15.200000000000001,57.5,100.0,247.0,2930.0,1.35,37.300000000000004,14.99,6.98,35.980000000000004,29.05,0.0,249.5,1200.0
120422.249,34022.249,140.0,91.80000000000001,22.69,16.080000000000002,172.0,33.4,152.5,28.91,33.28,33.85,91.5,15.200000000000001,57.6,99.5,246.0,2937.0,1.55,37.35,14.96,6.99,36.02,28.93,0.0,244.0,1200.0
120482.249,34082.249,140.0,91.9,22.72,16.05,170.0,33.35,151.4,28.85,33.25,33.75,90.5,15.350000000000001,57.1,100.0,246.5,2935.0,1.33,37.300000000000004,15.02,6.97,36.06,28.96,0.0,249.0,1200.0
120542.249,34142.249,140.0,90.5,22.69,15.96,169.5,33.550000000000004,150.70000000000002,28.94,33.2,33.800000000000004,91.5,15.25,57.1,99.60000000000001,246.5,2936.0,1.41,37.2,15.040000000000001,7.04,35.980000000000004,28.92,1.0,245.5,1200.0
120602.249,34202.249,140.0,91.60000000000001,22.580000000000002,15.99,171.5,33.35,152.4,28.990000000000002,33.19,33.7,92.5,15.4,57.1,100.0,251.5,2937.0,1.58,37.4,15.02,7.0200000000000005,36.07,28.990000000000002,0.0,246.5,1200.0
120662.249,34262.249,140.0,90.10000000000001,22.6,15.99,171.5,33.35,151.9,28.91,33.230000000000004,33.7,91.0,15.100000000000001,57.5,99.9,247.5,2935.0,1.25,37.25,15.030000000000001,7.03,35.99,29.03,0.0,248.0,1200.0
120722.249,34322.249,140.0,90.60000000000001,22.6,15.99,169.0,33.25,151.3,28.95,33.18,33.85,91.5,15.3,57.400000000000006,100.0,245.5,2936.0,1.51,37.25,14.98,6.99,36.03,28.97,0.0,252.5,1200.0
120782.249,34382.249,140.0,90.10000000000001,22.71,15.950000000000001,172.0,33.300000000000004,151.4,28.94,33.24,33.75,90.0,15.200000000000001,57.300000000000004,99.9,251.0,2933.0,1.22,37.300000000000004,14.92,7.03,35.97,28.98,0.0,245.5,1200.0
120842.249,34442.249,140.0,92.0,22.69,16.01,170.5,33.45,152.0,28.91,33.22,33.800000000000004,90.5,15.100000000000001,57.400000000000006,100.0,246.5,2933.0,1.34,37.35,15.0,6.95,35.99,28.92,1.0,250.0,1200.0
120902.249,34502.249,140.0,90.0,22.67,16.080000000000002,170.0,33.4,152.9,28.88,33.28,33.7,89.5,15.200000000000001,56.7,100.0,247.0,2940.0,1.48,37.35,14.99,6.96,36.02,28.990000000000002,0.0,244.5,1200.0
120962.249,34562.249,140.0,92.60000000000001,22.650000000000002,15.98,170.0,33.550000000000004,150.6,28.98,33.34,33.85,91.0,15.3,57.400000000000006,100.0,245.0,2937.0,1.26,37.5,14.99,7.07,35.95,29.02,1.0,247.0,1200.0
121022.249,34622.249,140.0,92.0,22.7,16.0,170.5,33.550000000000004,151.9,28.98,33.25,33.85,91.0,15.25,57.6,99.60000000000001,245.5,2932.0,1.27,37.35,14.97,7.0,35.99,28.91,1.0,241.0,1200.0
121082.249,34682.249,140.0,92.4,22.66,16.06,169.5,33.5,152.0,28.85,33.230000000000004,33.85,91.5,15.25,57.1,100.0,246.5,2931.0,1.29,37.300000000000004,15.02,6.97,36.01,28.98,0.0,248.0,1200.0
121142.249,34742.249,140.0,89.4,22.72,16.02,170.5,33.300000000000004,151.5,28.89,33.24,33.9,90.0,15.25,57.0,99.80000000000001,254.5,2931.0,1.5,37.2,15.02,6.96,36.01,29.05,0.0,245.5,1200.0
121202.249,34802.249,140.0,91.7,22.68,15.96,172.5,33.300000000000004,151.8,28.91,33.17,33.800000000000004,90.5,15.25,57.2,100.0,249.0,2929.0,1.3800000000000001,37.35,15.040000000000001,6.98,35.96,29.01,0.0,246.0,1200.0
121262.249,34862.249,140.0,91.30000000000001,22.67,16.02,170.5,33.35,151.0,28.93,33.3,33.9,91.5,15.25,57.0,99.9,251.5,2939.0,1.45,37.35,14.97,7.03,35.9,29.03,0.0,243.0,1200.0
121322.249,34922.249,140.0,90.9,22.68,15.99,171.5,33.4,152.6,28.86,33.26,33.85,92.0,15.25,57.300000000000004,100.0,245.5,2937.0,1.35,37.4,15.040000000000001,7.0600000000000005,36.02,28.97,0.0,245.0,1200.0
121382.249,34982.249,140.0,90.5,22.72,15.99,171.0,33.300000000000004,151.9,28.94,33.26,33.800000000000004,89.5,15.25,57.1,99.80000000000001,243.0,2931.0,1.4000000000000001,37.25,15.0,6.96,36.01,29.05,2.0,248.5,1200.0
121442.249,35042.249,140.0,91.9,22.740000000000002,16.03,170.5,33.45,151.70000000000002,28.94,33.25,33.800000000000004,92.0,15.4,57.0,100.0,245.0,2934.0,1.41,37.4,14.99,6.96,35.93,29.01,0.0,242.5,1200.0
121502.248,35102.248,140.0,90.0,22.67,15.97,171.0,33.4,150.3,29.09,33.31,33.75,91.0,15.3,57.400000000000006,99.9,244.0,2937.0,1.24,37.300000000000004,14.92,7.0,35.97,28.990000000000002,0.0,246.0,1200.0
121562.248,35162.248,140.0,92.30000000000001,22.75,16.04,172.5,33.4,151.5,28.86,33.3,33.75,90.5,15.25,57.6,99.9,250.5,2939.0,1.46,37.35,15.030000000000001,7.03,36.01,29.01,0.0,245.0,1200.0
121622.248,35222.248,140.0,90.60000000000001,22.650000000000002,15.99,170.5,33.45,150.5,28.91,33.39,33.95,90.5,15.3,57.400000000000006,100.0,246.5,2937.0,1.3,37.300000000000004,14.950000000000001,6.98,36.07,29.060000000000002,0.0,244.0,1200.0
121682.248,35282.248,140.0,90.9,22.72,16.06,170.5,33.45,152.5,28.830000000000002,33.29,33.7,91.5,15.55,57.2,100.0,249.5,2944.0,1.44,37.4,14.950000000000001,7.05,36.01,28.95,1.0,252.5,1200.0
121742.248,35342.248,140.0,90.4,22.67,16.02,171.0,33.5,150.6,28.93,33.32,33.85,89.5,15.3,57.300000000000004,100.0,246.5,2946.0,1.48,37.300000000000004,14.98,7.01,36.03,28.97,0.0,248.0,1200.0
121802.248,35402.248,140.0,92.2,22.650000000000002,15.99,173.0,33.45,149.9,28.96,33.32,33.85,95.0,15.3,57.5,100.0,248.0,2941.0,1.43,37.300000000000004,15.0,7.0200000000000005,36.11,28.96,0.0,246.5,1200.0
121862.248,35462.248,140.0,92.10000000000001,22.7,16.01,172.5,33.6,152.0,28.97,33.34,33.800000000000004,92.5,15.3,57.2,100.0,246.0,2941.0,1.49,37.35,14.97,7.0,36.01,28.93,0.0,246.5,1200.0
121922.248,35522.248,140.0,92.7,22.7,15.98,172.0,33.6,150.20000000000002,29.04,33.33,33.95,92.0,15.15,57.300000000000004,99.60000000000001,248.5,2943.0,1.37,37.45,15.040000000000001,7.0,35.94,29.0,0.0,252.5,1200.0
121982.248,35582.248,140.0,90.4,22.68,15.97,174.0,33.4,151.20000000000002,29.04,33.27,33.800000000000004,91.0,15.4,56.7,99.80000000000001,248.0,2940.0,1.53,37.35,14.96,6.99,35.99,28.98,0.0,252.0,1200.0
122042.248,35642.248,140.0,89.80000000000001,22.7,15.93,170.5,33.550000000000004,152.3,28.84,33.25,33.800000000000004,91.0,15.25,57.1,100.0,247.0,2943.0,1.35,37.300000000000004,14.96,6.98,36.06,29.01,3.0,250.0,1200.0
122102.248,35702.248,140.0,91.60000000000001,22.66,16.04,172.5,33.45,151.20000000000002,28.96,33.33,33.9,91.0,15.15,57.7,100.0,247.0,2940.0,1.27,37.4,15.05,7.04,35.96,29.0,4.0,252.0,1200.0
122162.248,35762.248,140.0,91.0,22.67,16.04,170.5,33.550000000000004,152.5,29.0,33.3,33.800000000000004,91.0,15.350000000000001,57.1,100.0,246.0,2935.0,1.36,37.45,15.0,6.99,36.03,28.98,0.0,251.5,1200.0
122222.248,35822.248,140.0,88.9,22.650000000000002,16.05,173.0,33.5,151.70000000000002,28.94,33.33,34.0,91.0,15.25,57.1,99.80000000000001,251.0,2942.0,1.41,37.5,15.01,7.04,35.93,29.01,0.0,248.5,1200.0
122282.248,35882.248,140.0,90.60000000000001,22.6,15.92,174.0,33.4,150.9,28.96,33.32,33.800000000000004,92.5,15.3,56.6,100.0,246.5,2938.0,1.3800000000000001,37.45,15.02,7.0,35.97,29.0,1.0,252.5,1200.0
122342.248,35942.248,140.0,89.30000000000001,22.650000000000002,16.03,173.5,33.5,151.9,28.95,33.34,33.800000000000004,91.0,15.25,57.2,100.0,249.5,2940.0,1.43,37.5,15.02,7.0,35.95,28.96,0.0,248.5,1200.0
122402.248,36002.248,140.0,90.5,22.68,15.92,172.5,33.45,152.20000000000002,28.97,33.3,33.85,91.0,15.200000000000001,57.0,99.5,244.5,2935.0,1.46,37.45,14.94,7.0,35.99,28.94,0.0,244.5,1200.0
122462.248,36062.248,140.0,92.0,22.71,16.06,172.5,33.45,150.5,28.92,33.18,33.7,92.5,15.200000000000001,57.5,100.0,248.0,2932.0,1.34,37.300000000000004,14.97,7.0200000000000005,35.980000000000004,29.060000000000002,0.0,244.5,1200.0
122522.248,36122.248,140.0,91.10000000000001,22.68,15.97,171.0,33.45,151.9,29.0,33.32,33.75,91.0,15.3,57.300000000000004,100.0,248.5,2933.0,1.41,37.300000000000004,15.06,6.95,36.06,29.0,0.0,245.0,1200.0
122582.248,36182.248,140.0,91.80000000000001,22.740000000000002,16.0,173.5,33.35,150.3,28.900000000000002,33.230000000000004,33.75,90.5,15.450000000000001,57.5,99.80000000000001,250.0,2935.0,1.44,37.2,14.97,7.0,35.97,29.01,1.0,247.0,1200.0
122642.248,36242.248,140.0,90.30000000000001,22.66,15.950000000000001,172.5,33.550000000000004,150.5,29.0,33.28,33.75,90.5,15.200000000000001,56.5,99.7,246.5,2933.0,1.3800000000000001,37.4,15.02,6.97,36.04,28.96,1.0,241.5,1200.0
122702.248,36302.248,140.0,90.9,22.69,15.96,170.0,33.550000000000004,150.8,28.89,33.35,33.75,91.0,15.100000000000001,56.900000000000006,99.60000000000001,245.0,2932.0,1.25,37.35,15.1,7.09,35.95,29.13,0.0,246.0,1200.0
122762.248,36362.248,140.0,91.10000000000001,22.67,15.99,172.0,33.4,153.1,28.89,33.24,33.6,90.5,15.25,57.400000000000006,100.0,245.0,2936.0,1.43,37.35,15.01,7.01,36.050000000000004,29.01,0.0,244.0,1200.0
122822.248,36422.248,140.0,91.9,22.55,15.93,171.5,33.45,153.0,28.85,33.2,33.85,90.0,15.350000000000001,56.900000000000006,99.9,242.0,2930.0,1.3800000000000001,37.2,15.02,6.98,36.03,29.01,0.0,244.5,1200.0
122882.248,36482.248,140.0,91.5,22.73,16.02,171.5,33.25,152.9,28.91,33.27,33.800000000000004,92.0,15.25,57.0,100.0,245.5,2933.0,1.35,37.5,14.97,7.01,35.99,29.0,0.0,246.0,1200.0
122942.248,36542.248,140.0,92.30000000000001,22.650000000000002,15.93,172.0,33.300000000000004,152.1,28.92,33.28,33.7,91.0,15.25,57.300000000000004,100.0,245.0,2928.0,1.46,37.35,14.94,7.03,36.01,28.96,0.0,244.0,1200.0
123002.248,36602.248,140.0,91.30000000000001,22.66,16.01,172.0,33.550000000000004,152.4,28.87,33.160000000000004,33.800000000000004,92.5,15.25,56.7,99.7,243.5,2933.0,1.45,37.300000000000004,14.98,6.95,35.910000000000004,28.98,1.0,243.0,1200.0
123062.248,36662.248,140.0,91.2,22.64,16.01,170.0,33.25,152.6,28.900000000000002,33.11,33.85,90.0,15.3,56.5,99.9,247.0,2927.0,1.31,37.25,15.030000000000001,6.98,35.97,28.92,2.0,248.0,1200.0
123122.248,36722.248,140.0,90.7,22.63,15.91,169.0,33.25,151.70000000000002,28.87,33.22,33.85,90.5,15.350000000000001,57.5,99.7,243.5,2927.0,1.52,37.25,14.99,6.99,36.06,28.94,2.0,250.5,1200.0
123182.248,36782.248,140.0,91.10000000000001,22.62,16.0,171.5,33.4,151.3,28.88,33.17,33.800000000000004,90.0,15.4,57.0,100.0,242.0,2933.0,1.27,37.25,14.99,6.94,36.04,29.01,0.0,246.0,1200.0
123242.248,36842.248,140.0,90.10000000000001,22.73,16.0,170.5,33.300000000000004,152.0,28.87,33.2,33.75,90.5,15.25,57.5,100.0,241.0,2928.0,1.34,37.300000000000004,15.01,7.01,35.94,28.96,0.0,248.5,1200.0
123302.248,36902.248,140.0,90.60000000000001,22.68,15.96,171.5,33.4,150.20000000000002,28.82,33.14,33.75,90.0,15.25,57.5,99.9,245.0,2925.0,1.52,37.300000000000004,14.97,7.0200000000000005,35.92,29.0,2.0,240.0,1200.0
123362.247,36962.247,140.0,91.5,22.740000000000002,16.03,172.0,33.2,151.0,28.82,33.12,33.7,91.5,15.3,57.2,99.7,242.0,2930.0,1.46,37.300000000000004,14.98,6.99,36.0,29.05,1.0,246.5,1200.0
123422.247,37022.247,140.0,90.30000000000001,22.67,16.06,171.0,33.300000000000004,151.6,28.91,33.230000000000004,33.75,91.5,15.25,57.800000000000004,100.0,245.0,2925.0,1.44,37.2,14.950000000000001,7.01,35.980000000000004,29.0,0.0,241.0,1200.0
123482.247,37082.247,140.0,90.9,22.7,15.99,171.5,33.300000000000004,152.9,28.79,33.08,33.7,92.5,15.200000000000001,56.800000000000004,99.2,243.5,2921.0,1.3,37.25,14.91,6.94,36.050000000000004,29.060000000000002,0.0,237.0,1200.0
123542.247,37142.247,140.0,91.2,22.69,16.05,171.0,33.1,153.0,28.78,33.13,33.7,92.0,15.3,57.5,100.0,247.5,2931.0,1.44,37.1,15.01,7.0200000000000005,36.03,28.98,0.0,244.0,1200.0
123602.247,37202.247,140.0,90.7,22.7,16.080000000000002,171.0,33.2,150.70000000000002,28.88,33.27,33.65,90.5,15.350000000000001,57.5,99.7,244.5,2925.0,1.32,37.2,15.05,7.01,35.95,29.080000000000002,0.0,245.5,1200.0
123662.247,37262.247,140.0,89.9,22.8,16.06,170.0,33.35,150.4,28.810000000000002,33.230000000000004,33.7,88.5,15.3,57.6,100.0,244.0,2927.0,1.31,37.0,15.08,7.0,35.97,28.94,2.0,246.5,1200.0
123722.247,37322.247,140.0,90.9,22.73,16.01,169.0,33.2,151.70000000000002,28.7,33.22,33.75,91.5,15.350000000000001,57.2,100.0,242.5,2927.0,1.4000000000000001,37.15,14.950000000000001,7.0,35.910000000000004,29.05,0.0,245.5,1200.0
123782.247,37382.247,140.0,90.7,22.68,15.950000000000001,170.5,33.300000000000004,151.4,28.830000000000002,33.18,33.800000000000004,91.5,15.200000000000001,57.300000000000004,99.7,247.5,2925.0,1.51,37.1,14.93,7.0200000000000005,35.93,28.97,0.0,247.0,1200.0
123842.247,37442.247,140.0,91.0,22.7,16.02,170.5,33.25,150.9,28.87,33.06,33.7,91.5,15.25,57.6,100.0,246.5,2930.0,1.56,37.25,15.02,7.03,36.04,29.060000000000002,0.0,242.0,1200.0
123902.247,37502.247,140.0,90.60000000000001,22.75,16.07,172.0,33.2,151.3,28.75,33.17,33.65,92.0,15.25,57.2,99.30000000000001,248.0,2926.0,1.31,37.2,14.97,6.97,36.0,28.92,1.0,240.5,1200.0
123962.247,37562.247,140.0,91.4,22.71,16.04,172.0,33.300000000000004,153.3,28.8,33.09,33.7,89.5,15.25,57.5,99.60000000000001,250.0,2928.0,1.41,37.15,15.040000000000001,6.98,36.06,28.97,2.0,245.5,1200.0
124022.247,37622.247,140.0,91.2,22.650000000000002,15.98,173.5,33.25,151.5,28.84,33.19,33.5,90.0,15.3,57.6,100.0,246.5,2931.0,1.37,37.2,15.02,6.98,36.12,28.990000000000002,0.0,246.0,1200.0
124082.247,37682.247,140.0,92.4,22.72,15.96,171.5,33.2,149.9,28.7,33.11,33.7,89.0,15.3,57.7,100.0,246.0,2930.0,1.29,37.0,15.05,7.05,35.96,28.91,2.0,247.0,1200.0
124142.247,37742.247,140.0,91.2,22.75,16.07,169.5,33.25,152.1,28.76,33.11,33.6,90.0,15.350000000000001,57.300000000000004,100.0,244.0,2928.0,1.36,37.25,15.06,7.03,36.07,28.96,0.0,244.0,1200.0
124202.247,37802.247,140.0,91.80000000000001,22.69,16.05,167.5,33.2,150.20000000000002,28.830000000000002,33.18,33.75,90.5,15.3,57.800000000000004,99.60000000000001,243.0,2927.0,1.42,37.0,14.98,6.97,36.050000000000004,28.93,0.0,242.5,1200.0
124262.247,37862.247,140.0,91.4,22.68,16.02,170.0,33.300000000000004,149.1,28.89,33.09,33.7,90.5,15.200000000000001,57.0,100.0,246.5,2926.0,1.47,37.1,15.040000000000001,6.95,35.97,29.12,1.0,245.5,1200.0
124322.247,37922.247,140.0,90.10000000000001,22.650000000000002,16.06,171.5,33.300000000000004,150.70000000000002,28.82,33.14,33.7,90.5,15.200000000000001,57.7,100.0,245.5,2930.0,1.37,37.1,15.030000000000001,6.94,35.95,28.94,0.0,245.5,1200.0
124382.247,37982.247,140.0,90.7,22.78,15.92,170.0,33.35,150.20000000000002,28.82,33.160000000000004,33.7,90.5,15.350000000000001,57.6,99.9,244.5,2932.0,1.36,37.300000000000004,15.01,6.99,35.980000000000004,29.11,1.0,248.0,1200.0
124442.247,38042.247,140.0,90.4,22.740000000000002,16.09,170.5,33.25,150.4,28.87,33.26,33.800000000000004,90.5,15.350000000000001,57.400000000000006,99.7,248.0,2930.0,1.49,37.1,15.06,6.94,35.980000000000004,29.02,0.0,243.5,1200.0
124502.247,38102.247,140.0,91.2,22.740000000000002,15.97,172.5,33.300000000000004,152.1,28.87,33.12,33.75,89.5,15.25,57.6,100.0,248.5,2926.0,1.49,37.2,15.01,7.0,36.0,28.97,1.0,244.5,1200.0
124562.247,38162.247,140.0,90.9,22.68,15.950000000000001,171.5,33.35,152.3,28.84,33.08,33.65,92.5,15.05,56.900000000000006,100.0,246.0,2929.0,1.31,37.15,15.05,6.98,35.94,29.0,1.0,244.5,1200.0
124622.247,38222.247,140.0,91.0,22.67,16.01,173.0,33.35,149.9,28.86,33.22,33.800000000000004,91.5,15.350000000000001,57.300000000000004,100.0,245.0,2928.0,1.3800000000000001,37.300000000000004,14.99,7.01,36.06,29.01,2.0,240.0,1200.0
124682.247,38282.247,140.0,90.2,22.69,16.03,170.0,33.45,152.0,28.86,33.19,33.75,92.0,15.200000000000001,57.0,100.0,253.0,2925.0,1.3900000000000001,37.35,15.030000000000001,6.98,36.03,28.98,0.0,249.0,1200.0
124742.247,38342.247,140.0,92.2,22.66,15.99,170.5,33.4,150.1,28.82,33.15,33.7,90.5,15.200000000000001,57.300000000000004,100.0,248.5,2934.0,1.43,37.050000000000004,14.96,7.01,36.0,29.04,0.0,242.0,1200.0
124802.247,38402.247,140.0,91.80000000000001,22.68,16.04,170.0,33.25,151.5,28.900000000000002,33.13,33.800000000000004,92.5,15.350000000000001,57.5,99.9,243.5,2926.0,1.3900000000000001,37.4,14.98,7.01,35.99,29.01,0.0,244.5,1200.0
124862.247,38462.247,140.0,92.30000000000001,22.69,15.99,170.0,33.4,150.4,28.87,33.17,33.800000000000004,91.0,15.200000000000001,57.5,100.0,250.5,2928.0,1.47,37.25,14.99,7.01,36.03,28.990000000000002,2.0,244.5,1200.0
124922.247,38522.247,140.0,90.30000000000001,22.67,15.98,171.0,33.4,151.1,28.84,33.18,33.75,90.5,15.25,57.300000000000004,100.0,245.0,2930.0,1.32,37.2,15.0,7.03,36.02,29.04,3.0,248.0,1200.0
124982.247,38582.247,140.0,90.4,22.72,16.05,172.5,33.35,150.3,28.84,33.07,33.75,90.5,15.25,57.6,99.9,246.5,2932.0,1.45,37.2,15.0,7.01,36.06,29.0,0.0,241.0,1200.0
125042.247,38642.247,140.0,90.9,22.650000000000002,16.03,171.0,33.300000000000004,151.20000000000002,28.88,33.230000000000004,33.65,90.5,15.350000000000001,57.2,100.0,247.0,2929.0,1.45,37.2,15.01,7.03,35.95,29.0,0.0,244.5,1200.0
125102.247,38702.247,140.0,91.5,22.66,16.04,170.0,33.35,151.4,28.88,33.11,33.800000000000004,92.5,15.3,57.400000000000006,100.0,245.5,2930.0,1.37,37.2,15.01,7.0200000000000005,36.04,29.11,1.0,247.0,1200.0
125162.247,38762.247,140.0,92.10000000000001,22.62,15.99,170.0,33.300000000000004,151.70000000000002,28.830000000000002,33.14,33.65,91.5,15.350000000000001,57.7,99.9,244.0,2930.0,1.44,37.25,15.0,6.99,35.97,28.96,0.0,245.5,1200.0
125222.247,38822.247,140.0,91.30000000000001,22.61,15.99,170.0,33.300000000000004,151.1,28.86,33.18,33.75,91.5,15.200000000000001,57.7,99.5,243.5,2927.0,1.46,37.2,14.96,7.01,35.93,29.07,4.0,243.0,1200.0
125282.247,38882.247,140.0,91.4,22.62,16.0,171.5,33.35,150.4,28.87,33.15,33.75,91.5,15.15,57.5,99.80000000000001,242.5,2931.0,1.34,37.2,14.950000000000001,6.96,35.94,29.03,0.0,242.0,1200.0
125342.246,38942.246,140.0,91.10000000000001,22.64,15.96,169.5,33.4,151.1,28.79,33.230000000000004,33.65,90.0,15.350000000000001,57.0,99.7,248.0,2929.0,1.46,37.300000000000004,14.98,6.96,35.97,28.98,0.0,244.5,1200.0
125402.246,39002.246,140.0,91.7,22.66,15.97,173.5,33.15,152.3,28.79,33.09,33.75,90.5,15.25,57.1,100.0,249.5,2930.0,1.44,37.25,14.99,6.98,35.99,29.01,2.0,246.5,1200.0
125462.246,39062.246,140.0,91.9,22.73,15.98,171.5,33.300000000000004,151.3,28.93,33.15,33.800000000000004,92.0,15.350000000000001,57.300000000000004,99.60000000000001,243.5,2931.0,1.53,37.15,14.94,7.0200000000000005,35.96,29.02,1.0,243.5,1200.0
125522.246,39122.246,140.0,91.2,22.650000000000002,16.01,172.5,33.25,152.5,28.82,33.160000000000004,33.7,90.5,15.200000000000001,57.0,99.4,249.0,2921.0,1.47,37.300000000000004,15.030000000000001,7.0600000000000005,36.04,29.05,0.0,240.5,1200.0
125582.246,39182.246,140.0,91.4,22.62,15.92,171.0,33.2,151.9,28.8,33.15,33.7,91.0,15.15,57.2,99.9,246.0,2927.0,1.5,37.1,15.030000000000001,6.98,36.01,29.03,0.0,243.5,1200.0
125642.246,39242.246,140.0,90.60000000000001,22.73,16.04,169.5,33.15,150.5,28.76,33.1,33.7,92.5,15.200000000000001,57.2,100.0,240.0,2930.0,1.3,37.15,15.030000000000001,7.0,36.06,29.07,0.0,245.5,1200.0
125702.246,39302.246,140.0,90.9,22.62,16.03,170.5,33.35,151.3,28.810000000000002,33.22,33.65,92.5,15.350000000000001,56.900000000000006,100.0,243.5,2925.0,1.32,37.25,15.030000000000001,7.01,36.06,28.95,0.0,242.5,1200.0
125762.246,39362.246,140.0,90.2,22.68,16.080000000000002,169.5,33.25,152.9,28.79,33.15,33.75,93.0,15.200000000000001,57.800000000000004,99.9,243.5,2925.0,1.27,37.1,14.950000000000001,7.03,36.04,29.03,1.0,246.0,1200.0
125822.246,39422.246,140.0,91.4,22.62,16.02,171.0,33.300000000000004,152.20000000000002,28.8,33.17,33.6,92.0,15.3,57.5,100.0,247.5,2922.0,1.35,37.1,15.08,6.96,36.0,29.01,0.0,249.0,1200.0
125882.246,39482.246,140.0,90.5,22.61,15.97,171.5,33.2,152.5,28.82,33.11,33.6,88.5,15.200000000000001,57.400000000000006,100.0,245.5,2923.0,1.44,37.25,14.98,7.04,35.97,29.060000000000002,0.0,247.0,1200.0
125942.246,39542.246,140.0,91.30000000000001,22.64,15.97,171.5,33.45,151.0,28.810000000000002,33.160000000000004,33.6,90.0,15.4,57.2,99.7,246.0,2928.0,1.48,37.050000000000004,15.0,6.96,36.050000000000004,29.02,2.0,245.5,1200.0
126002.246,39602.246,140.0,92.0,22.75,16.03,169.5,33.25,150.3,28.79,33.08,33.6,91.0,15.25,57.5,100.0,247.0,2927.0,1.42,37.050000000000004,14.96,6.99,36.0,28.98,2.0,244.0,1200.0
126062.246,39662.246,140.0,91.10000000000001,22.69,16.01,171.5,33.2,151.70000000000002,28.810000000000002,33.19,33.550000000000004,91.5,15.25,57.1,100.0,250.5,2927.0,1.42,37.300000000000004,14.97,6.97,35.99,28.95,0.0,245.5,1200.0
126122.246,39722.246,140.0,90.9,22.71,16.02,171.0,33.300000000000004,149.9,28.85,33.14,33.7,91.0,15.25,57.300000000000004,99.80000000000001,241.5,2931.0,1.43,37.25,15.02,7.03,36.0,28.990000000000002,0.0,245.0,1200.0
126182.246,39782.246,140.0,89.80000000000001,22.650000000000002,16.0,169.5,33.300000000000004,151.20000000000002,28.830000000000002,33.18,33.7,90.5,15.25,57.400000000000006,99.4,246.0,2924.0,1.3,37.25,15.05,6.97,36.0,28.98,0.0,246.0,1200.0
126242.246,39842.246,140.0,90.10000000000001,22.69,16.080000000000002,170.0,33.25,150.6,28.8,33.12,33.65,89.5,15.350000000000001,57.5,100.0,250.5,2927.0,1.59,37.2,14.99,6.99,35.99,28.97,3.0,248.5,1200.0
126302.246,39902.246,140.0,90.4,22.650000000000002,16.02,172.0,33.25,152.1,28.89,33.13,33.75,90.5,15.200000000000001,57.6,100.0,246.5,2928.0,1.56,37.15,14.98,6.95,35.86,28.97,0.0,245.5,1200.0
126362.246,39962.246,140.0,90.9,22.64,15.98,171.5,33.15,150.8,28.87,33.19,33.75,90.5,15.25,57.5,100.0,247.5,2926.0,1.41,37.2,15.040000000000001,6.94,36.03,29.04,1.0,246.0,1200.0
126422.246,40022.246,140.0,90.5,22.59,15.96,170.5,33.35,151.1,28.86,33.18,33.7,89.0,15.15,57.300000000000004,100.0,245.5,2929.0,1.3900000000000001,37.25,14.98,7.0600000000000005,36.04,29.0,0.0,248.0,1200.0
126482.246,40082.246,140.0,92.10000000000001,22.64,16.02,170.5,33.300000000000004,150.6,28.87,33.22,33.800000000000004,92.5,15.350000000000001,56.900000000000006,100.0,245.0,2931.0,1.44,37.15,15.040000000000001,6.96,36.02,28.93,0.0,248.5,1200.0
126542.246,40142.246,140.0,91.30000000000001,22.64,16.01,171.5,33.35,149.0,28.82,33.17,33.800000000000004,92.5,15.25,56.7,100.0,244.0,2929.0,1.24,37.300000000000004,14.98,7.04,35.95,28.95,0.0,242.0,1200.0
126602.246,40202.246,140.0,91.80000000000001,22.64,15.950000000000001,172.5,33.35,151.0,29.03,33.14,33.7,90.5,15.25,56.900000000000006,99.7,244.0,2929.0,1.53,37.15,15.040000000000001,7.0,35.94,29.03,1.0,246.0,1200.0
126662.246,40262.246,140.0,91.60000000000001,22.63,16.0,172.0,33.35,150.5,28.87,33.21,33.75,92.0,15.200000000000001,56.900000000000006,100.0,244.0,2927.0,1.51,37.1,15.05,6.95,36.06,29.03,0.0,243.0,1200.0
126722.246,40322.246,140.0,90.9,22.63,16.0,171.0,33.35,151.5,28.86,33.21,33.800000000000004,89.5,15.15,56.7,99.9,242.0,2926.0,1.32,37.15,14.97,7.05,35.97,29.01,0.0,242.5,1200.0
126782.246,40382.246,140.0,91.4,22.64,15.98,169.0,33.35,150.20000000000002,28.95,33.19,33.65,90.5,15.350000000000001,57.400000000000006,100.0,243.5,2928.0,1.54,37.15,14.91,6.92,36.0,28.98,0.0,248.5,1200.0
126842.246,40442.246,140.0,91.5,22.63,15.96,171.5,33.4,151.3,28.85,33.17,33.65,89.5,15.05,57.300000000000004,99.7,247.0,2923.0,1.31,37.2,15.0,6.95,36.0,29.09,0.0,244.0,1200.0
126902.246,40502.246,140.0,92.60000000000001,22.64,15.97,170.5,33.35,150.8,28.85,33.3,33.6,88.0,15.350000000000001,56.800000000000004,99.7,246.5,2928.0,1.41,37.15,14.96,6.96,35.94,29.05,2.0,244.0,1200.0
126962.246,40562.246,140.0,91.80000000000001,22.69,15.9,169.5,33.5,152.20000000000002,28.92,33.2,33.85,89.5,15.4,57.2,100.0,247.0,2931.0,1.4000000000000001,37.1,15.02,6.98,36.06,29.060000000000002,0.0,244.5,1200.0
127022.246,40622.246,140.0,91.4,22.68,15.98,170.5,33.15,151.6,28.86,33.26,33.7,93.0,15.3,56.800000000000004,100.0,243.5,2924.0,1.29,37.300000000000004,15.08,7.0600000000000005,35.96,29.01,1.0,249.5,1200.0
127082.246,40682.246,140.0,89.2,22.7,16.02,172.0,33.35,152.0,28.82,33.12,33.75,92.5,15.350000000000001,57.1,100.0,247.5,2935.0,1.41,37.25,15.0,6.99,35.97,28.92,0.0,250.0,1200.0
127142.246,40742.246,140.0,90.4,22.67,16.0,171.0,33.35,152.3,28.86,33.28,33.75,90.0,15.3,57.300000000000004,100.0,246.0,2927.0,1.46,37.2,15.02,7.05,36.04,29.060000000000002,0.0,242.5,1200.0
127202.246,40802.246,140.0,91.10000000000001,22.78,16.03,169.5,33.4,153.4,28.88,33.160000000000004,33.800000000000004,90.5,15.350000000000001,57.0,99.80000000000001,248.0,2933.0,1.35,37.25,14.97,7.0200000000000005,36.1,29.02,1.0,249.0,1200.0
127262.246,40862.246,140.0,91.2,22.73,16.03,171.5,33.4,151.70000000000002,28.76,33.11,33.75,91.0,15.3,57.400000000000006,100.0,247.5,2930.0,1.41,37.300000000000004,14.99,7.03,35.95,29.03,1.0,249.5,1200.0
127322.245,40922.245,140.0,91.5,22.75,16.01,169.5,33.45,151.5,28.900000000000002,33.25,33.75,90.0,15.25,57.7,100.0,247.0,2929.0,1.3900000000000001,37.1,15.01,6.99,36.04,28.900000000000002,3.0,242.5,1200.0
127382.245,40982.245,140.0,90.10000000000001,22.72,16.0,170.5,33.300000000000004,153.3,28.94,33.27,33.7,89.5,15.25,57.400000000000006,100.0,243.0,2931.0,1.19,37.25,15.06,6.97,36.1,29.02,0.0,244.5,1200.0
127442.245,41042.245,140.0,89.30000000000001,22.71,16.0,172.0,33.25,152.20000000000002,28.84,33.12,33.75,91.0,15.3,57.300000000000004,100.0,246.5,2928.0,1.46,37.25,15.02,7.03,36.09,28.95,0.0,242.0,1200.0
127502.245,41102.245,140.0,88.7,22.68,16.02,170.0,33.300000000000004,150.5,28.88,33.09,33.7,93.0,15.25,57.6,100.0,245.0,2936.0,1.3900000000000001,37.2,15.08,6.98,35.95,28.990000000000002,0.0,251.5,1200.0
127562.245,41162.245,140.0,90.60000000000001,22.73,15.950000000000001,171.0,33.300000000000004,150.20000000000002,28.92,33.26,33.6,92.5,15.25,57.6,100.0,248.5,2924.0,1.3800000000000001,37.15,15.02,7.05,35.96,28.98,1.0,245.0,1200.0
127622.245,41222.245,140.0,90.5,22.67,16.04,172.5,33.25,151.9,28.79,33.19,33.7,92.5,15.200000000000001,57.1,99.5,249.0,2932.0,1.46,37.300000000000004,15.05,7.04,35.910000000000004,29.02,2.0,245.5,1200.0
127682.245,41282.245,140.0,91.2,22.650000000000002,16.01,171.0,33.35,151.1,28.810000000000002,33.18,33.75,91.0,15.200000000000001,57.800000000000004,100.0,245.5,2929.0,1.51,37.35,15.07,6.96,35.910000000000004,28.96,1.0,244.5,1200.0
127742.245,41342.245,140.0,91.80000000000001,22.66,15.98,170.0,33.45,152.5,28.830000000000002,33.19,33.75,92.5,15.25,57.1,99.5,249.0,2925.0,1.45,37.050000000000004,15.040000000000001,6.98,35.97,28.94,0.0,246.5,1200.0
127802.245,41402.245,140.0,89.60000000000001,22.67,15.96,170.5,33.300000000000004,151.4,28.85,33.24,33.65,91.5,15.100000000000001,57.2,100.0,246.5,2932.0,1.35,37.1,14.98,6.96,36.09,28.94,1.0,243.0,1200.0
127862.245,41462.245,140.0,91.5,22.61,15.99,169.0,33.300000000000004,151.8,28.85,33.04,33.7,93.0,15.4,57.400000000000006,99.60000000000001,248.0,2929.0,1.18,37.1,14.97,7.0,36.0,28.96,3.0,241.5,1200.0
127922.245,41522.245,140.0,89.7,22.7,16.02,172.0,33.4,152.8,28.85,33.17,33.75,89.5,15.3,56.7,99.80000000000001,240.0,2925.0,1.31,37.2,15.030000000000001,6.98,35.96,28.98,1.0,244.0,1200.0
127982.245,41582.245,140.0,92.10000000000001,22.72,16.04,171.0,33.300000000000004,150.9,28.79,33.13,33.65,91.0,15.4,57.6,100.0,247.5,2924.0,1.49,37.1,15.02,6.96,36.03,28.93,0.0,244.0,1200.0
128042.245,41642.245,140.0,91.0,22.66,16.02,170.5,33.300000000000004,152.0,28.77,33.12,33.7,92.0,15.3,56.5,99.5,248.5,2925.0,1.49,37.2,15.01,7.05,35.97,28.97,1.0,241.5,1200.0
128102.245,41702.245,140.0,91.0,22.64,15.98,170.5,33.45,151.9,28.78,33.18,33.7,92.5,15.15,57.6,99.9,247.0,2931.0,1.49,37.15,15.01,6.95,36.04,29.05,1.0,240.0,1200.0
128162.245,41762.245,140.0,90.4,22.73,15.99,169.5,33.2,152.5,28.830000000000002,33.18,33.6,88.5,15.25,57.6,99.4,244.5,2927.0,1.41,37.25,14.98,7.0,35.95,29.11,0.0,247.0,1200.0
128222.245,41822.245,140.0,91.2,22.62,15.98,171.5,33.4,152.5,28.88,33.19,33.75,92.0,15.25,56.800000000000004,100.0,242.5,2929.0,1.43,37.35,15.030000000000001,6.99,36.0,29.0,1.0,245.5,1200.0
128282.245,41882.245,140.0,91.10000000000001,22.650000000000002,16.05,170.5,33.300000000000004,153.0,28.92,33.09,33.6,91.5,15.3,57.800000000000004,99.9,242.5,2925.0,1.45,37.1,15.01,7.0,36.01,29.07,0.0,247.0,1200.0
128342.245,41942.245,140.0,91.0,22.67,16.03,171.5,33.300000000000004,151.6,28.82,33.07,33.800000000000004,90.5,15.350000000000001,57.300000000000004,99.60000000000001,249.0,2927.0,1.36,37.2,15.0,7.01,36.02,28.990000000000002,4.0,248.5,1200.0
128402.245,42002.245,140.0,90.9,22.69,15.99,170.5,33.300000000000004,151.20000000000002,28.94,33.06,33.7,92.5,15.25,57.1,99.9,248.0,2924.0,1.49,37.15,15.06,7.03,36.03,28.95,0.0,247.0,1200.0
128462.245,42062.245,140.0,92.10000000000001,22.650000000000002,15.99,171.0,33.35,150.20000000000002,28.84,33.3,33.800000000000004,91.5,15.200000000000001,57.1,99.60000000000001,240.5,2930.0,1.35,37.15,15.06,7.09,36.01,28.990000000000002,0.0,241.5,1200.0
128522.245,42122.245,140.0,91.0,22.59,16.0,169.5,33.2,150.6,28.91,33.11,33.65,89.5,15.25,57.5,99.9,242.0,2925.0,1.36,37.25,14.97,6.99,35.93,28.93,0.0,246.0,1200.0
128582.245,42182.245,140.0,92.60000000000001,22.59,16.03,173.0,33.4,152.5,28.78,33.21,33.65,92.0,15.200000000000001,57.6,99.60000000000001,244.0,2928.0,1.48,37.25,15.02,6.99,35.94,28.94,0.0,248.0,1200.0
128642.245,42242.245,140.0,90.30000000000001,22.650000000000002,15.96,171.5,33.300000000000004,151.1,28.82,33.07,33.65,90.5,15.100000000000001,57.6,99.9,245.0,2934.0,1.4000000000000001,37.4,14.97,6.95,35.96,29.01,2.0,241.5,1200.0
128702.245,42302.245,140.0,91.5,22.67,16.06,173.0,33.4,150.4,28.84,33.27,33.75,93.0,15.25,56.900000000000006,100.0,247.0,2922.0,1.35,37.15,14.97,7.03,35.980000000000004,29.0,1.0,244.0,1200.0
128762.245,42362.245,140.0,90.7,22.61,15.99,172.0,33.300000000000004,151.3,28.82,33.17,33.65,90.5,15.3,57.300000000000004,100.0,244.5,2924.0,1.46,37.15,14.98,7.0200000000000005,36.02,29.03,2.0,248.0,1200.0
128822.245,42422.245,140.0,89.60000000000001,22.650000000000002,15.99,171.0,33.300000000000004,151.1,28.79,33.08,33.7,90.5,15.25,56.900000000000006,100.0,247.0,2924.0,1.51,37.25,14.91,7.08,36.08,29.0,0.0,246.5,1200.0
128882.245,42482.245,140.0,92.10000000000001,22.72,15.93,169.5,33.300000000000004,151.8,28.77,33.160000000000004,33.800000000000004,91.0,15.25,57.400000000000006,99.60000000000001,239.0,2925.0,1.43,37.15,15.01,7.03,36.0,28.96,0.0,245.5,1200.0
128942.245,42542.245,140.0,91.60000000000001,22.72,15.97,172.0,33.300000000000004,152.0,28.810000000000002,33.07,33.6,91.0,15.25,56.900000000000006,99.5,245.0,2922.0,1.41,37.1,14.94,7.05,36.0,28.900000000000002,0.0,247.0,1200.0
129002.245,42602.245,140.0,92.0,22.64,15.98,171.0,33.25,149.6,28.92,33.1,33.65,90.0,15.15,57.5,100.0,243.5,2922.0,1.42,37.1,15.02,6.95,35.99,29.01,0.0,245.0,1200.0
129062.245,42662.245,140.0,90.0,22.69,15.950000000000001,171.0,33.2,151.1,28.77,33.17,33.75,90.5,15.200000000000001,57.0,99.80000000000001,241.5,2925.0,1.26,37.2,15.06,7.01,36.03,28.93,0.0,245.5,1200.0
129122.245,42722.245,140.0,91.7,22.6,15.92,167.5,33.300000000000004,151.0,28.82,33.11,33.6,92.0,15.3,57.2,100.0,244.0,2917.0,1.46,37.15,14.98,7.0,36.04,29.04,1.0,243.5,1200.0
129182.245,42782.245,140.0,90.7,22.61,15.96,173.5,33.15,151.20000000000002,28.8,33.19,33.65,89.5,15.15,57.0,100.0,242.5,2923.0,1.33,37.15,14.99,7.07,35.99,29.01,0.0,248.0,1200.0
129242.245,42842.245,140.0,90.0,22.62,15.97,171.5,33.300000000000004,152.5,28.79,33.1,33.65,90.0,15.200000000000001,57.400000000000006,99.80000000000001,239.5,2922.0,1.6,37.2,14.91,7.0200000000000005,35.99,28.98,0.0,246.0,1200.0
129302.245,42902.245,140.0,92.7,22.650000000000002,15.94,170.5,33.4,150.0,28.78,33.08,33.75,91.0,15.25,57.400000000000006,100.0,242.5,2929.0,1.31,37.1,15.05,7.04,36.0,29.01,1.0,242.5,1200.0
129362.244,42962.244,140.0,92.0,22.64,16.04,169.5,33.35,152.0,28.76,33.160000000000004,33.85,92.5,15.3,57.0,99.9,244.0,2925.0,1.41,37.1,15.02,6.96,36.09,28.94,3.0,243.0,1200.0
129422.244,43022.244,140.0,90.0,22.62,15.97,171.0,33.300000000000004,150.6,28.830000000000002,33.09,33.7,91.0,15.350000000000001,57.0,100.0,241.5,2923.0,1.42,37.25,15.01,7.0,36.0,29.0,1.0,247.0,1200.0
129482.244,43082.244,140.0,91.5,22.69,16.02,169.0,33.35,151.9,28.85,33.11,33.6,89.0,15.3,57.5,100.0,245.5,2923.0,1.45,37.15,15.01,6.95,35.95,29.03,0.0,245.5,1200.0
129542.244,43142.244,140.0,90.9,22.72,16.0,171.0,33.35,152.4,28.91,33.18,33.65,89.5,15.25,58.400000000000006,100.0,244.5,2934.0,1.36,37.1,15.01,7.0,36.04,29.04,0.0,244.0,1200.0
129602.244,43202.244,140.0,91.2,22.66,16.04,169.0,33.35,151.5,28.85,33.160000000000004,33.65,91.5,15.3,56.7,99.5,246.0,2926.0,1.33,37.15,15.02,6.98,35.95,29.03,1.0,243.5,1200.0
129662.244,43262.244,140.0,90.9,22.650000000000002,16.0,169.5,33.35,150.3,28.78,33.12,33.7,91.0,15.4,57.300000000000004,99.9,244.5,2924.0,1.43,37.25,14.99,6.96,36.02,29.03,0.0,249.5,1200.0
129722.244,43322.244,140.0,89.10000000000001,22.63,16.0,170.0,33.15,153.3,28.66,33.14,33.75,91.5,15.15,57.1,99.9,248.0,2927.0,1.41,37.1,15.01,6.96,36.07,28.94,3.0,243.5,1200.0
129782.244,43382.244,140.0,92.2,22.59,16.05,169.5,33.25,150.5,28.79,33.09,33.6,89.0,15.200000000000001,57.2,99.30000000000001,247.0,2921.0,1.47,37.1,15.01,7.04,36.03,28.96,2.0,247.5,1200.0
129842.244,43442.244,140.0,90.0,22.68,16.03,170.5,33.15,151.70000000000002,28.8,33.05,33.75,89.5,15.25,57.300000000000004,99.60000000000001,242.0,2923.0,1.48,37.2,14.98,6.95,36.03,29.05,1.0,244.5,1200.0
129902.244,43502.244,140.0,90.9,22.67,16.03,172.0,33.15,152.5,28.79,33.08,33.65,89.0,15.3,57.300000000000004,99.7,247.0,2919.0,1.41,37.300000000000004,14.94,6.95,35.980000000000004,28.96,0.0,244.0,1200.0
129962.244,43562.244,140.0,90.60000000000001,22.64,16.03,171.0,33.15,151.6,28.78,33.11,33.7,93.0,15.3,57.400000000000006,100.0,242.5,2915.0,1.48,37.1,15.030000000000001,7.0,35.97,28.95,1.0,242.5,1200.0
130022.244,43622.244,140.0,90.4,22.69,16.06,172.5,33.2,152.6,28.79,33.08,33.65,90.5,15.25,56.900000000000006,100.0,245.0,2926.0,1.52,37.25,15.030000000000001,7.0600000000000005,36.02,29.05,1.0,243.5,1200.0
130082.244,43682.244,140.0,92.60000000000001,22.71,15.950000000000001,171.0,33.1,151.70000000000002,28.77,33.07,33.6,91.0,15.5,57.300000000000004,100.0,238.5,2919.0,1.32,37.15,14.98,6.99,35.96,28.94,1.0,247.5,1200.0
130142.244,43742.244,140.0,91.9,22.6,16.02,169.5,33.2,149.20000000000002,28.72,33.08,33.6,89.0,15.15,57.7,100.0,247.5,2926.0,1.43,37.050000000000004,15.0,7.0,36.07,28.900000000000002,0.0,238.0,1200.0
130202.244,43802.244,140.0,91.7,22.6,16.0,171.5,33.2,151.1,28.68,33.07,33.65,89.5,15.3,56.800000000000004,100.0,236.0,2919.0,1.42,37.1,15.0,7.0,35.9,29.02,0.0,242.0,1200.0
130262.244,43862.244,140.0,90.10000000000001,22.77,15.94,168.0,33.15,152.0,28.77,33.08,33.65,91.5,15.200000000000001,57.7,100.0,247.5,2923.0,1.4000000000000001,37.050000000000004,15.05,7.04,35.980000000000004,28.93,2.0,243.0,1200.0
130322.244,43922.244,140.0,91.0,22.68,16.04,172.0,33.15,151.0,28.87,33.13,33.550000000000004,89.5,15.15,57.400000000000006,100.0,244.5,2927.0,1.43,37.15,14.98,6.95,36.0,29.09,0.0,243.0,1200.0
130382.244,43982.244,140.0,91.30000000000001,22.7,16.03,168.5,33.1,151.5,28.7,33.06,33.7,89.0,15.200000000000001,57.6,99.60000000000001,239.0,2929.0,1.48,37.15,15.0,6.96,36.12,28.94,0.0,240.0,1200.0
130442.244,44042.244,140.0,89.80000000000001,22.71,15.96,173.0,33.35,150.8,28.67,33.13,33.6,92.0,15.3,57.800000000000004,100.0,246.5,2919.0,1.17,37.15,15.030000000000001,6.94,36.11,28.990000000000002,0.0,243.5,1200.0
130502.244,44102.244,140.0,91.60000000000001,22.68,16.01,169.5,33.35,150.20000000000002,28.76,33.1,33.7,92.0,15.25,57.300000000000004,99.80000000000001,242.5,2919.0,1.3900000000000001,37.15,15.02,6.92,36.03,28.98,0.0,250.0,1200.0
130562.244,44162.244,140.0,91.30000000000001,22.72,15.98,171.5,33.2,149.4,28.7,33.06,33.65,90.5,15.15,57.6,100.0,244.5,2927.0,1.41,37.0,15.07,6.97,36.03,28.900000000000002,0.0,242.5,1200.0
130622.244,44222.244,140.0,90.0,22.69,16.01,170.5,33.25,152.0,28.75,33.13,33.550000000000004,90.5,15.350000000000001,57.800000000000004,100.0,246.0,2928.0,1.3800000000000001,37.2,15.030000000000001,6.98,35.94,29.0,1.0,243.5,1200.0
130682.244,44282.244,140.0,91.4,22.69,15.97,170.0,33.25,151.3,28.740000000000002,33.14,33.6,89.0,15.25,57.300000000000004,100.0,246.5,2922.0,1.35,37.050000000000004,15.05,7.0,36.06,29.1,1.0,245.5,1200.0
130742.244,44342.244,140.0,92.0,22.73,16.02,171.5,33.2,151.4,28.84,33.06,33.6,88.0,15.15,57.300000000000004,100.0,241.5,2929.0,1.47,37.25,14.99,7.01,35.93,29.07,0.0,246.0,1200.0
130802.244,44402.244,140.0,89.5,22.71,16.02,170.0,33.25,151.0,28.75,33.160000000000004,33.5,89.0,15.200000000000001,57.6,100.0,248.0,2923.0,1.45,37.1,14.99,6.95,35.89,28.98,0.0,244.5,1200.0
130862.244,44462.244,140.0,93.4,22.71,15.97,171.5,33.2,151.70000000000002,28.77,33.06,33.65,90.5,15.100000000000001,57.400000000000006,99.9,247.5,2930.0,1.4000000000000001,36.85,15.030000000000001,6.98,36.050000000000004,29.01,1.0,245.5,1200.0
130922.244,44522.244,140.0,91.2,22.68,15.98,172.0,33.2,149.70000000000002,28.87,33.06,33.7,93.5,15.25,57.300000000000004,100.0,245.0,2925.0,1.6400000000000001,37.15,15.02,7.07,35.99,29.07,2.0,243.0,1200.0
130982.244,44582.244,140.0,92.0,22.7,15.97,171.5,33.25,153.0,28.85,33.05,33.5,91.5,15.350000000000001,57.300000000000004,100.0,246.5,2928.0,1.42,37.050000000000004,15.05,7.03,35.910000000000004,28.98,1.0,243.0,1200.0
131042.244,44642.244,140.0,91.7,22.69,15.950000000000001,171.5,33.300000000000004,151.5,28.76,33.17,33.65,90.5,15.25,57.6,100.0,249.5,2923.0,1.41,37.15,15.02,6.96,36.01,28.990000000000002,1.0,246.5,1200.0
131102.244,44702.244,140.0,92.5,22.68,15.97,171.5,33.35,151.3,28.73,33.18,33.800000000000004,90.0,15.25,57.1,99.7,247.5,2930.0,1.22,37.1,15.06,7.04,35.99,29.04,0.0,242.5,1200.0
131162.244,44762.244,140.0,90.80000000000001,22.64,16.02,169.0,33.2,150.0,28.84,33.18,33.85,91.0,15.15,57.5,100.0,245.5,2931.0,1.6600000000000001,37.2,14.99,6.97,36.07,29.03,0.0,243.0,1200.0
131222.244,44822.244,140.0,92.2,22.64,16.01,170.5,33.25,149.5,28.830000000000002,33.160000000000004,33.75,90.0,15.3,57.7,100.0,246.0,2929.0,1.22,37.15,14.99,6.98,36.04,29.03,3.0,249.0,1200.0
131282.244,44882.244,140.0,92.10000000000001,22.79,16.0,173.0,33.4,152.3,28.89,33.24,33.7,88.0,15.25,58.1,100.0,248.0,2929.0,1.41,37.300000000000004,14.950000000000001,7.05,35.95,29.05,0.0,245.5,1200.0
131342.244,44942.244,140.0,90.2,22.76,16.05,171.5,33.4,150.6,28.91,33.18,33.800000000000004,90.0,15.3,57.6,99.7,250.5,2933.0,1.37,37.1,15.02,6.99,36.02,29.03,0.0,245.5,1200.0
131402.244,45002.244,140.0,90.5,22.69,15.950000000000001,172.0,33.45,150.6,28.91,33.17,33.7,90.0,15.350000000000001,57.1,99.9,249.5,2930.0,1.26,37.15,15.07,7.01,35.93,29.03,0.0,245.0,1200.0
131462.243,45062.243,140.0,91.80000000000001,22.67,15.96,171.0,33.300000000000004,151.8,28.78,33.25,33.7,90.0,15.350000000000001,57.400000000000006,99.60000000000001,239.5,2933.0,1.47,37.2,15.0,7.0,36.07,28.94,2.0,244.5,1200.0
131522.243,45122.243,140.0,92.5,22.68,16.07,171.5,33.4,151.4,28.78,33.28,33.6,90.5,15.350000000000001,57.800000000000004,100.0,246.0,2928.0,1.42,37.1,15.07,6.94,36.04,29.1,2.0,250.5,1200.0
131582.243,45182.243,140.0,90.4,22.71,16.02,171.5,33.4,152.8,28.830000000000002,33.2,33.65,91.5,15.25,57.400000000000006,100.0,242.5,2933.0,1.25,37.25,15.02,6.99,35.99,29.0,0.0,247.5,1200.0
131642.243,45242.243,140.0,90.5,22.8,16.07,170.5,33.35,151.0,28.79,33.18,33.65,91.0,15.200000000000001,57.7,99.80000000000001,246.5,2927.0,1.48,37.300000000000004,14.98,7.01,35.980000000000004,28.990000000000002,1.0,246.0,1200.0
131702.243,45302.243,140.0,90.4,22.72,15.97,169.0,33.45,151.9,28.900000000000002,33.13,33.75,91.0,15.3,57.6,100.0,247.0,2931.0,1.6500000000000001,37.35,14.96,6.98,35.980000000000004,28.96,0.0,246.0,1200.0
131762.243,45362.243,140.0,90.4,22.740000000000002,16.04,169.0,33.2,151.0,28.76,33.22,33.6,91.5,15.25,57.300000000000004,100.0,248.0,2928.0,1.47,37.1,15.0,7.0200000000000005,35.95,29.03,0.0,248.5,1200.0
131822.243,45422.243,140.0,90.7,22.73,16.03,171.0,33.2,154.20000000000002,28.87,33.2,33.7,89.5,15.200000000000001,57.2,100.0,249.0,2933.0,1.43,37.2,14.98,7.03,36.01,28.95,2.0,248.5,1200.0
131882.243,45482.243,140.0,91.0,22.71,15.99,171.0,33.300000000000004,150.8,28.89,33.12,33.65,93.0,15.5,57.1,99.7,249.0,2931.0,1.49,37.25,14.99,7.03,36.07,28.990000000000002,0.0,244.5,1200.0
131942.243,45542.243,140.0,90.80000000000001,22.75,16.07,171.5,33.15,151.6,28.740000000000002,33.13,33.65,92.5,15.3,58.400000000000006,100.0,242.0,2930.0,1.33,37.25,14.96,7.08,36.06,29.09,0.0,247.5,1200.0
132002.243,45602.243,140.0,89.7,22.7,16.06,170.5,33.35,152.70000000000002,28.79,33.15,33.6,91.5,15.4,57.400000000000006,99.5,247.5,2927.0,1.5,37.2,14.99,6.97,36.0,28.92,0.0,247.0,1200.0
132062.243,45662.243,140.0,90.4,22.64,15.94,172.0,33.300000000000004,151.9,28.810000000000002,33.09,33.75,93.0,15.350000000000001,57.800000000000004,100.0,251.5,2931.0,1.51,37.2,15.02,6.99,35.97,29.0,0.0,247.5,1200.0
132122.243,45722.243,140.0,90.4,22.75,15.99,171.5,33.4,151.8,28.87,33.0,33.75,88.5,15.3,57.7,99.7,251.5,2932.0,1.47,37.2,15.0,7.0200000000000005,36.06,29.02,0.0,251.5,1200.0
132182.243,45782.243,140.0,91.30000000000001,22.68,16.04,169.5,33.25,152.0,28.93,33.15,33.9,91.5,15.25,57.5,100.0,246.0,2927.0,1.53,37.15,14.93,7.09,36.01,29.060000000000002,0.0,245.0,1200.0
132242.243,45842.243,140.0,90.80000000000001,22.63,16.03,171.0,33.45,150.8,28.830000000000002,33.14,33.6,92.0,15.450000000000001,57.300000000000004,100.0,250.0,2933.0,1.41,37.300000000000004,15.030000000000001,7.0,36.04,28.96,0.0,245.0,1200.0
132302.243,45902.243,140.0,91.2,22.59,16.03,171.5,33.2,150.8,28.82,33.14,33.75,91.5,15.3,57.300000000000004,100.0,248.0,2929.0,1.3800000000000001,37.2,14.950000000000001,6.96,36.01,29.0,2.0,250.5,1200.0
132362.243,45962.243,140.0,91.5,22.72,16.03,170.0,33.300000000000004,151.4,28.76,33.05,33.6,91.0,15.350000000000001,57.7,100.0,245.0,2931.0,1.3900000000000001,37.300000000000004,14.97,7.05,36.050000000000004,29.02,0.0,247.0,1200.0
132422.243,46022.243,140.0,91.7,22.7,15.89,171.5,33.300000000000004,151.3,28.87,33.13,33.550000000000004,92.0,15.200000000000001,57.2,99.9,245.5,2926.0,1.31,37.1,14.950000000000001,6.96,36.03,29.060000000000002,0.0,243.5,1200.0
132482.243,46082.243,140.0,90.0,22.71,15.96,169.5,33.2,151.4,28.84,33.19,33.75,90.5,15.3,57.6,100.0,244.5,2928.0,1.48,37.050000000000004,15.05,7.08,36.07,29.02,0.0,244.0,1200.0
132542.243,46142.243,140.0,92.30000000000001,22.68,16.04,168.5,33.4,151.6,28.8,33.15,33.800000000000004,89.0,15.200000000000001,57.300000000000004,99.60000000000001,248.0,2927.0,1.3900000000000001,37.1,14.99,6.93,36.07,28.95,2.0,244.5,1200.0
132602.243,46202.243,140.0,91.10000000000001,22.7,16.0,169.0,33.25,150.1,28.84,33.19,33.65,93.5,15.350000000000001,56.900000000000006,100.0,246.0,2921.0,1.3800000000000001,37.050000000000004,15.01,7.01,36.0,29.02,0.0,245.5,1200.0
132662.243,46262.243,140.0,90.30000000000001,22.62,15.97,172.0,33.15,150.3,28.77,33.12,33.550000000000004,92.0,15.3,56.900000000000006,99.4,240.5,2923.0,1.36,37.2,15.05,7.04,36.02,28.92,3.0,243.0,1200.0
132722.243,46322.243,140.0,90.10000000000001,22.67,15.950000000000001,169.5,33.15,151.6,28.82,33.11,33.65,90.5,15.450000000000001,56.5,100.0,245.0,2929.0,1.46,37.300000000000004,15.0,6.98,35.95,28.98,0.0,237.5,1200.0
132782.243,46382.243,140.0,89.9,22.73,15.97,169.5,33.300000000000004,150.3,28.76,33.160000000000004,33.75,91.0,15.4,57.800000000000004,99.7,248.5,2923.0,1.3900000000000001,37.1,14.98,7.03,35.97,28.95,3.0,243.0,1200.0
132842.243,46442.243,140.0,91.9,22.71,16.01,169.5,33.2,152.6,28.650000000000002,33.1,33.5,92.0,15.25,57.6,100.0,244.0,2929.0,1.44,37.2,15.0,7.04,35.980000000000004,29.05,0.0,245.0,1200.0
132902.243,46502.243,140.0,91.80000000000001,22.69,16.04,170.5,33.300000000000004,150.4,28.77,33.08,33.6,91.5,15.100000000000001,57.2,100.0,243.0,2924.0,1.6500000000000001,37.1,15.02,6.92,36.04,28.96,0.0,247.0,1200.0
132962.243,46562.243,140.0,90.2,22.71,15.96,171.0,33.300000000000004,151.8,28.740000000000002,33.160000000000004,33.6,91.5,15.25,57.900000000000006,99.9,246.5,2926.0,1.58,37.2,15.01,7.0,36.03,28.95,0.0,244.0,1200.0
133022.243,46622.243,140.0,90.10000000000001,22.75,16.02,171.5,33.1,151.9,28.75,33.09,33.550000000000004,91.5,15.4,57.6,100.0,246.0,2928.0,1.32,37.050000000000004,14.94,7.01,36.09,29.05,0.0,239.5,1200.0
133082.243,46682.243,140.0,91.4,22.69,15.99,172.0,33.1,151.1,28.810000000000002,33.06,33.550000000000004,90.0,15.350000000000001,57.6,100.0,243.5,2918.0,1.43,37.15,15.040000000000001,6.93,35.96,28.94,0.0,249.5,1200.0
133142.243,46742.243,140.0,90.60000000000001,22.740000000000002,16.01,168.5,33.300000000000004,151.6,28.66,33.12,33.6,90.0,15.350000000000001,57.6,100.0,247.0,2921.0,1.41,37.4,14.99,6.98,35.99,29.03,0.0,244.0,1200.0
133202.243,46802.243,140.0,92.4,22.68,16.05,171.5,33.35,153.5,28.78,33.09,33.6,91.5,15.25,57.7,100.0,245.5,2924.0,1.37,37.050000000000004,15.02,7.08,36.02,29.0,0.0,247.5,1200.0
133262.243,46862.243,140.0,91.30000000000001,22.81,16.09,171.0,33.25,150.5,28.69,33.07,33.6,91.5,15.100000000000001,58.6,99.9,247.5,2920.0,1.23,37.35,14.97,6.99,35.96,29.01,0.0,246.0,1200.0
133322.243,46922.243,140.0,89.4,22.71,16.01,169.0,33.15,152.0,28.76,33.07,33.6,92.0,15.200000000000001,57.6,100.0,250.0,2930.0,1.25,37.050000000000004,15.0,7.0,36.0,29.12,0.0,242.0,1200.0
133382.243,46982.243,140.0,90.9,22.81,16.07,169.0,33.1,151.8,28.72,33.0,33.65,90.5,15.25,57.7,99.7,245.5,2926.0,1.43,37.25,15.06,7.03,35.980000000000004,29.05,0.0,251.0,1200.0
133442.243,47042.243,140.0,92.0,22.76,16.01,172.0,33.1,153.20000000000002,28.72,33.0,33.4,91.5,15.200000000000001,58.1,100.0,244.5,2925.0,1.35,37.15,14.92,6.99,36.02,29.03,0.0,245.0,1200.0
133502.243,47102.243,140.0,91.60000000000001,22.75,16.03,170.0,33.25,151.20000000000002,28.740000000000002,33.07,33.6,91.0,15.15,58.1,100.0,245.5,2928.0,1.46,37.050000000000004,14.870000000000001,7.07,36.03,28.94,2.0,248.0,1200.0
133562.243,47162.243,140.0,90.10000000000001,22.68,15.950000000000001,171.0,33.2,150.0,28.72,33.08,33.5,89.0,15.200000000000001,58.1,99.80000000000001,241.5,2923.0,1.57,37.15,14.96,6.99,36.02,28.990000000000002,0.0,244.0,1200.0
133622.242,47222.242,140.0,90.2,22.740000000000002,16.06,169.0,33.15,152.1,28.73,33.0,33.5,92.0,15.05,57.800000000000004,99.9,240.5,2922.0,1.32,37.1,15.0,7.0,36.050000000000004,28.91,0.0,249.5,1200.0
133682.242,47282.242,140.0,90.2,22.68,16.03,171.0,32.95,150.8,28.67,32.99,33.5,92.5,15.200000000000001,57.400000000000006,100.0,245.0,2916.0,1.52,37.050000000000004,15.0,7.05,35.95,28.97,1.0,243.0,1200.0
133742.242,47342.242,140.0,91.10000000000001,22.740000000000002,15.99,169.5,33.2,150.5,28.64,33.02,33.45,92.5,15.3,57.6,100.0,244.5,2922.0,1.34,37.1,15.07,6.97,36.04,29.0,0.0,239.0,1200.0
133802.242,47402.242,140.0,91.2,22.7,15.99,169.0,33.050000000000004,152.3,28.71,33.07,33.6,91.0,15.25,57.800000000000004,99.80000000000001,245.5,2920.0,1.27,37.050000000000004,15.07,6.98,36.04,29.02,0.0,241.5,1200.0
133862.242,47462.242,140.0,90.9,22.72,16.03,169.5,33.0,151.6,28.67,33.03,33.45,90.5,15.25,58.1,99.9,247.5,2922.0,1.54,37.2,15.030000000000001,6.99,36.050000000000004,29.0,1.0,244.5,1200.0
133922.242,47522.242,140.0,92.4,22.71,15.97,169.0,33.15,150.9,28.66,33.06,33.45,91.5,15.15,58.1,100.0,242.0,2918.0,1.5,37.1,15.01,6.94,35.94,29.05,2.0,246.0,1200.0
133982.242,47582.242,140.0,90.30000000000001,22.72,15.98,170.0,33.050000000000004,151.3,28.7,32.96,33.5,88.0,15.200000000000001,57.800000000000004,99.5,240.0,2911.0,1.49,37.15,14.92,6.98,36.0,28.96,0.0,241.0,1200.0
134042.242,47642.242,140.0,90.30000000000001,22.650000000000002,15.98,170.5,33.050000000000004,152.5,28.7,33.01,33.550000000000004,92.0,15.4,57.900000000000006,100.0,239.5,2917.0,1.37,37.15,15.0,7.01,36.01,28.92,0.0,245.0,1200.0
134102.242,47702.242,140.0,90.80000000000001,22.740000000000002,16.01,168.0,33.15,151.5,28.69,32.99,33.6,89.5,15.25,57.900000000000006,100.0,245.0,2918.0,1.31,37.1,15.040000000000001,7.0,36.02,28.92,0.0,245.5,1200.0
134162.242,47762.242,140.0,90.9,22.7,15.99,169.5,33.15,151.5,28.64,33.01,33.6,92.5,15.350000000000001,57.7,100.0,245.0,2916.0,1.52,37.1,15.040000000000001,6.98,35.980000000000004,29.03,0.0,241.5,1200.0
134222.242,47822.242,140.0,91.2,22.66,16.02,171.5,33.0,151.4,28.61,32.94,33.550000000000004,91.0,15.25,57.5,99.4,243.5,2917.0,1.36,37.1,15.01,7.0200000000000005,36.01,28.97,0.0,242.5,1200.0
134282.242,47882.242,140.0,92.4,22.68,16.01,170.0,33.25,149.4,28.67,33.06,33.550000000000004,91.5,15.200000000000001,58.0,100.0,239.0,2913.0,1.26,37.050000000000004,15.0,6.98,36.07,29.07,0.0,240.5,1200.0
134342.242,47942.242,140.0,89.5,22.67,16.01,170.0,33.15,150.20000000000002,28.63,32.980000000000004,33.65,90.0,15.350000000000001,57.400000000000006,100.0,236.0,2920.0,1.3,36.95,14.99,7.01,36.06,29.060000000000002,0.0,246.0,1200.0
134402.242,48002.242,140.0,90.5,22.68,15.97,169.0,33.15,151.9,28.68,32.980000000000004,33.550000000000004,90.5,15.25,57.2,99.60000000000001,245.0,2916.0,1.43,37.050000000000004,14.91,6.98,36.07,29.03,3.0,244.5,1200.0
134462.242,48062.242,140.0,91.4,22.63,15.99,172.0,33.2,151.0,28.7,33.05,33.7,93.0,15.200000000000001,57.6,100.0,245.5,2916.0,1.34,37.050000000000004,14.99,7.0,36.02,28.98,0.0,245.5,1200.0
134522.242,48122.242,140.0,91.10000000000001,22.71,16.09,171.0,33.2,151.6,28.66,33.0,33.7,91.0,15.3,57.5,99.80000000000001,244.0,2919.0,1.29,37.300000000000004,14.96,6.98,36.06,29.01,0.0,240.5,1200.0
134582.242,48182.242,140.0,88.80000000000001,22.580000000000002,15.94,169.5,33.0,151.1,28.69,32.94,33.6,90.5,15.15,57.900000000000006,99.9,246.0,2918.0,1.37,36.95,14.98,7.01,36.03,28.96,1.0,240.0,1200.0
134642.242,48242.242,140.0,90.60000000000001,22.61,16.06,170.5,33.1,151.6,28.7,33.11,33.6,90.0,15.350000000000001,57.6,100.0,241.5,2921.0,1.5,37.0,14.94,6.93,36.0,28.96,1.0,242.0,1200.0
134702.242,48302.242,140.0,90.80000000000001,22.62,15.93,169.5,33.15,150.9,28.73,32.87,33.6,91.0,15.3,58.1,100.0,242.5,2915.0,1.34,37.050000000000004,15.01,7.04,36.02,29.04,0.0,241.5,1200.0
134762.242,48362.242,140.0,89.80000000000001,22.66,15.99,168.0,33.1,152.9,28.71,33.02,33.5,90.0,15.25,57.800000000000004,100.0,245.0,2912.0,1.34,37.050000000000004,15.01,7.07,35.980000000000004,29.03,0.0,244.0,1200.0
134822.242,48422.242,140.0,90.7,22.63,15.92,172.5,32.95,150.1,28.64,33.05,33.5,91.0,15.350000000000001,57.800000000000004,100.0,240.0,2911.0,1.27,36.85,15.02,7.12,36.03,29.0,3.0,245.5,1200.0
134882.242,48482.242,140.0,91.60000000000001,22.67,15.96,172.5,33.0,151.5,28.6,32.96,33.5,90.5,15.350000000000001,57.900000000000006,100.0,239.5,2915.0,1.46,37.0,14.98,7.07,35.96,29.01,0.0,239.5,1200.0
134942.242,48542.242,140.0,91.7,22.64,15.99,170.0,33.050000000000004,151.0,28.650000000000002,32.96,33.65,91.5,15.3,57.300000000000004,100.0,244.5,2916.0,1.26,37.2,15.030000000000001,7.0200000000000005,36.07,29.03,0.0,246.0,1200.0
135002.242,48602.242,140.0,91.4,22.56,15.93,169.0,33.25,152.20000000000002,28.61,32.99,33.7,89.5,15.350000000000001,57.7,100.0,241.0,2919.0,1.53,36.9,14.96,6.98,36.09,29.04,0.0,244.0,1200.0
135062.242,48662.242,140.0,91.30000000000001,22.67,15.98,171.0,33.2,151.6,28.78,32.94,33.6,91.0,15.200000000000001,57.400000000000006,100.0,239.5,2916.0,1.47,36.95,15.02,6.99,35.96,28.95,0.0,237.5,1200.0
135122.242,48722.242,140.0,91.5,22.6,15.98,169.0,33.1,151.9,28.77,33.05,33.65,91.0,15.200000000000001,57.1,100.0,243.0,2915.0,1.37,36.95,15.030000000000001,7.0,36.02,28.94,0.0,241.0,1200.0
135182.242,48782.242,140.0,89.9,22.68,15.98,172.0,33.25,151.5,28.77,33.05,33.7,92.5,15.25,57.400000000000006,100.0,238.0,2918.0,1.29,36.95,14.98,6.98,36.0,29.0,1.0,242.0,1200.0
135242.242,48842.242,140.0,92.30000000000001,22.71,16.01,171.0,33.2,151.70000000000002,28.72,33.02,33.65,90.5,15.350000000000001,57.6,99.7,246.0,2914.0,1.45,36.95,15.02,7.0,36.0,28.98,0.0,242.0,1200.0
135302.242,48902.242,140.0,91.7,22.69,16.01,169.5,33.300000000000004,152.4,28.740000000000002,33.1,33.550000000000004,90.5,15.25,57.1,100.0,241.0,2915.0,1.45,37.0,15.07,7.0200000000000005,35.96,29.01,0.0,243.0,1200.0
135362.242,48962.242,140.0,90.80000000000001,22.7,16.07,172.5,33.15,150.4,28.7,33.13,33.65,91.5,15.3,57.6,100.0,246.0,2920.0,1.3,36.9,14.98,7.0200000000000005,35.980000000000004,29.0,0.0,242.5,1200.0
135422.242,49022.242,140.0,89.80000000000001,22.6,16.03,172.0,33.2,151.9,28.810000000000002,33.26,33.550000000000004,93.0,15.3,57.5,99.5,244.0,2923.0,1.31,37.1,15.06,6.96,35.99,29.060000000000002,1.0,249.5,1200.0
135482.242,49082.242,140.0,92.4,22.72,16.03,171.5,33.25,150.8,28.78,33.12,33.6,92.5,15.25,57.2,100.0,246.0,2920.0,1.3900000000000001,37.050000000000004,15.07,6.99,35.96,28.990000000000002,0.0,238.0,1200.0
135542.242,49142.242,140.0,90.5,22.69,15.97,172.5,33.35,151.70000000000002,28.82,33.14,33.7,91.0,15.15,57.800000000000004,100.0,244.5,2923.0,1.4000000000000001,37.2,15.01,7.0200000000000005,36.08,28.93,0.0,243.5,1200.0
135602.242,49202.242,140.0,92.7,22.740000000000002,15.97,170.5,33.2,150.3,28.76,33.19,33.9,90.5,15.3,56.7,99.80000000000001,247.0,2927.0,1.28,37.1,14.94,6.96,36.0,29.060000000000002,2.0,246.0,1200.0
135662.242,49262.242,140.0,90.4,22.68,16.02,171.5,33.25,151.9,28.75,33.24,33.800000000000004,90.5,15.15,57.300000000000004,99.4,243.5,2934.0,1.45,37.15,15.0,7.0,35.94,29.05,0.0,247.5,1200.0
135722.242,49322.242,140.0,90.7,22.650000000000002,16.01,171.0,33.35,152.4,28.84,33.18,33.6,91.5,15.200000000000001,57.800000000000004,100.0,243.0,2931.0,1.32,37.15,15.040000000000001,7.09,36.01,29.01,0.0,248.5,1200.0
135782.241,49382.241,140.0,91.10000000000001,22.69,16.01,170.5,33.35,150.9,28.89,33.15,33.7,91.5,15.350000000000001,57.7,100.0,246.5,2928.0,1.34,37.0,14.96,6.91,35.94,28.98,0.0,249.5,1200.0
135842.241,49442.241,140.0,91.10000000000001,22.72,16.09,170.5,33.25,150.6,28.76,33.21,33.65,88.5,15.25,57.7,100.0,247.5,2928.0,1.5,37.15,14.92,6.97,35.96,29.01,1.0,248.5,1200.0
135902.241,49502.241,140.0,91.7,22.73,16.080000000000002,172.0,33.25,150.4,28.71,33.08,33.75,89.5,15.25,57.300000000000004,100.0,243.5,2923.0,1.32,37.25,15.030000000000001,7.04,36.03,28.990000000000002,2.0,248.0,1200.0
135962.241,49562.241,140.0,90.30000000000001,22.67,16.02,169.5,33.2,151.4,28.84,33.07,33.800000000000004,92.0,15.3,57.0,100.0,244.0,2931.0,1.5,37.2,14.99,6.97,35.980000000000004,29.01,0.0,246.5,1200.0
136022.241,49622.241,140.0,89.5,22.62,15.97,170.5,33.300000000000004,151.6,28.8,33.18,33.800000000000004,91.5,15.200000000000001,57.5,100.0,240.5,2923.0,1.54,37.2,15.01,7.05,36.09,29.1,0.0,249.0,1200.0
136082.241,49682.241,140.0,91.5,22.71,15.97,170.0,33.45,151.5,28.73,33.14,33.550000000000004,90.5,15.350000000000001,57.800000000000004,100.0,243.5,2927.0,1.25,37.2,15.030000000000001,6.96,36.01,28.94,1.0,244.5,1200.0
136142.241,49742.241,140.0,91.5,22.71,16.01,171.0,33.25,151.70000000000002,28.900000000000002,33.08,33.65,91.0,15.200000000000001,57.300000000000004,99.5,248.0,2925.0,1.43,37.15,14.97,6.95,35.97,29.04,2.0,249.5,1200.0
136202.241,49802.241,140.0,92.10000000000001,22.650000000000002,15.99,172.0,33.25,152.70000000000002,28.810000000000002,33.160000000000004,33.9,91.0,15.4,56.5,100.0,244.5,2931.0,1.49,37.15,15.120000000000001,6.96,35.96,29.02,3.0,249.5,1200.0
136262.241,49862.241,140.0,90.0,22.63,15.96,172.5,33.45,149.9,28.82,33.11,33.550000000000004,90.0,15.25,57.1,99.60000000000001,246.5,2924.0,1.58,37.25,15.030000000000001,7.0200000000000005,35.99,29.080000000000002,0.0,241.0,1200.0
136322.241,49922.241,140.0,91.7,22.72,16.04,169.0,33.25,152.3,28.77,33.1,33.6,91.5,15.25,57.2,99.9,241.5,2922.0,1.47,37.15,15.030000000000001,6.98,36.02,28.98,1.0,250.0,1200.0
136382.241,49982.241,140.0,89.10000000000001,22.66,16.05,170.0,33.2,151.6,28.740000000000002,33.230000000000004,33.7,90.5,15.350000000000001,57.400000000000006,99.80000000000001,244.0,2925.0,1.44,37.1,15.01,6.99,35.95,28.86,0.0,244.0,1200.0
136442.241,50042.241,140.0,90.60000000000001,22.61,16.0,171.0,33.15,149.6,28.75,33.1,33.7,89.5,15.25,57.6,100.0,244.0,2919.0,1.47,37.15,14.99,6.98,35.980000000000004,29.03,0.0,244.5,1200.0
136502.241,50102.241,140.0,90.7,22.7,15.96,170.0,33.25,152.4,28.830000000000002,33.03,33.75,90.0,15.4,57.6,100.0,245.5,2924.0,1.48,37.2,15.02,7.05,36.0,28.990000000000002,1.0,245.5,1200.0
136562.241,50162.241,140.0,89.5,22.71,15.99,170.5,33.1,150.6,28.76,33.08,33.65,89.5,15.4,57.0,100.0,245.5,2923.0,1.57,37.15,14.98,6.95,36.01,28.96,0.0,244.5,1200.0
136622.241,50222.241,140.0,91.9,22.650000000000002,16.0,169.5,33.2,150.5,28.78,33.02,33.65,93.5,15.3,57.6,100.0,243.0,2920.0,1.44,37.2,15.07,6.91,36.08,28.96,2.0,244.0,1200.0
136682.241,50282.241,140.0,91.10000000000001,22.57,15.99,171.0,33.300000000000004,152.20000000000002,28.88,33.2,33.75,90.5,15.3,56.800000000000004,99.9,243.0,2918.0,1.3800000000000001,37.050000000000004,15.030000000000001,7.01,35.94,29.03,0.0,241.5,1200.0
136742.241,50342.241,140.0,90.80000000000001,22.75,16.02,170.0,33.25,151.0,28.87,33.26,33.65,91.0,15.15,57.5,100.0,244.0,2921.0,1.36,37.1,15.01,7.03,36.01,29.060000000000002,1.0,240.0,1200.0
136802.241,50402.241,140.0,90.4,22.7,16.03,170.5,33.15,151.4,28.79,33.03,33.550000000000004,92.5,15.3,57.1,99.0,247.0,2915.0,1.3,37.25,14.97,7.04,36.12,28.98,1.0,246.5,1200.0
136862.241,50462.241,140.0,91.10000000000001,22.61,15.99,171.0,33.1,150.9,28.72,33.09,33.6,92.5,15.3,57.5,99.80000000000001,241.5,2918.0,1.4000000000000001,37.0,14.99,6.97,36.0,29.060000000000002,1.0,246.0,1200.0
136922.241,50522.241,140.0,89.80000000000001,22.77,16.0,172.0,33.4,153.0,28.84,33.1,33.550000000000004,90.0,15.3,57.2,100.0,241.5,2921.0,1.47,37.15,14.99,7.05,36.0,28.98,0.0,241.5,1200.0
136982.241,50582.241,140.0,91.60000000000001,22.63,15.98,170.5,33.300000000000004,152.9,28.8,33.12,33.65,92.5,15.3,57.1,99.5,247.0,2922.0,1.35,37.15,14.96,7.0200000000000005,36.03,28.96,0.0,243.5,1200.0
137042.241,50642.241,140.0,91.9,22.71,16.01,171.5,33.2,151.3,28.810000000000002,33.11,33.800000000000004,91.5,15.450000000000001,56.800000000000004,100.0,245.0,2924.0,1.24,37.050000000000004,15.030000000000001,7.0200000000000005,35.96,28.98,0.0,245.0,1200.0
137102.241,50702.241,140.0,91.80000000000001,22.63,15.98,170.5,33.25,152.1,28.91,33.26,33.75,92.0,15.350000000000001,57.5,100.0,248.5,2927.0,1.44,37.050000000000004,15.01,6.98,36.01,28.97,1.0,242.0,1200.0
137162.241,50762.241,140.0,90.30000000000001,22.59,16.04,171.5,33.35,152.5,28.91,33.13,33.800000000000004,90.5,15.25,56.800000000000004,99.9,243.0,2930.0,1.57,37.0,14.98,7.04,35.95,28.93,0.0,242.0,1200.0
137222.241,50822.241,140.0,90.7,22.7,16.05,172.5,33.300000000000004,152.4,28.900000000000002,33.22,33.65,88.5,15.25,56.7,100.0,243.5,2929.0,1.41,37.1,15.030000000000001,7.0,36.0,28.990000000000002,0.0,252.0,1200.0
137282.241,50882.241,140.0,90.9,22.73,15.97,172.5,33.4,150.6,28.91,33.27,33.9,91.0,15.350000000000001,57.1,100.0,239.0,2932.0,1.51,37.15,15.0,7.0200000000000005,35.95,29.02,1.0,246.5,1200.0
137342.241,50942.241,140.0,89.9,22.63,15.98,173.5,33.35,151.9,28.82,33.3,33.9,92.5,15.25,57.300000000000004,99.80000000000001,251.5,2932.0,1.46,37.25,14.99,6.96,35.97,29.01,3.0,249.5,1200.0
137402.241,51002.241,140.0,90.30000000000001,22.63,16.03,172.5,33.4,152.6,28.92,33.25,33.75,90.5,15.4,56.7,99.7,244.0,2935.0,1.31,37.1,15.11,7.0600000000000005,36.1,29.02,2.0,242.5,1200.0
137462.241,51062.241,140.0,91.4,22.69,16.080000000000002,171.0,33.6,153.5,28.85,33.29,33.6,92.0,15.4,57.400000000000006,100.0,248.5,2938.0,1.34,37.2,15.06,6.97,36.02,28.990000000000002,0.0,241.5,1200.0
137522.241,51122.241,140.0,90.2,22.71,16.0,170.5,33.5,150.5,28.94,33.29,33.800000000000004,90.5,15.15,57.0,100.0,248.0,2936.0,1.44,37.2,14.98,6.97,35.84,29.0,0.0,247.5,1200.0
137582.241,51182.241,140.0,91.4,22.73,15.96,170.5,33.4,152.5,28.93,33.230000000000004,33.85,92.5,15.200000000000001,56.6,99.80000000000001,247.5,2936.0,1.31,37.25,15.030000000000001,6.98,36.01,29.07,0.0,248.0,1200.0
137642.241,51242.241,140.0,91.9,22.75,16.0,171.0,33.35,151.5,28.97,33.29,33.75,90.0,15.4,57.2,99.7,253.5,2937.0,1.31,37.4,14.94,7.0,35.99,28.98,0.0,248.0,1200.0
137702.241,51302.241,140.0,92.9,22.64,15.950000000000001,172.5,33.25,150.0,29.01,33.24,33.75,91.0,15.200000000000001,57.2,99.7,253.0,2934.0,1.28,37.300000000000004,15.030000000000001,7.05,35.97,28.94,3.0,248.0,1200.0
137762.241,51362.241,140.0,90.60000000000001,22.67,16.05,170.5,33.35,151.0,28.91,33.25,33.800000000000004,91.5,15.200000000000001,57.6,100.0,248.0,2935.0,1.3,37.300000000000004,14.98,7.0200000000000005,35.96,29.09,0.0,250.5,1200.0
137822.241,51422.241,140.0,90.9,22.77,15.96,171.5,33.45,151.3,29.02,33.34,33.75,91.0,15.4,57.1,100.0,248.5,2936.0,1.3,37.35,14.96,7.03,36.0,29.0,0.0,252.5,1200.0
137882.241,51482.241,140.0,92.30000000000001,22.7,15.950000000000001,171.0,33.45,150.20000000000002,28.94,33.31,33.9,92.5,15.3,57.300000000000004,99.9,247.0,2939.0,1.36,37.25,14.93,7.01,35.980000000000004,29.07,0.0,246.0,1200.0
137942.241,51542.241,140.0,90.60000000000001,22.72,15.99,170.5,33.5,149.0,29.03,33.26,33.9,89.5,15.15,58.0,100.0,251.5,2940.0,1.47,37.4,14.94,6.96,36.01,28.93,1.0,245.5,1200.0
138002.24,51602.24,140.0,92.10000000000001,22.71,15.96,173.5,33.35,151.0,28.92,33.35,33.800000000000004,91.0,15.4,57.300000000000004,100.0,248.5,2941.0,1.36,37.25,15.06,6.98,36.04,28.95,0.0,244.0,1200.0
138062.24,51662.24,140.0,90.4,22.7,15.99,172.5,33.35,152.0,28.97,33.33,34.050000000000004,92.5,15.05,56.6,100.0,246.0,2943.0,1.52,37.45,15.030000000000001,7.11,35.97,29.060000000000002,0.0,252.5,1200.0
138122.24,51722.24,140.0,89.7,22.64,16.05,174.0,33.35,151.9,28.98,33.34,33.95,89.5,15.3,57.300000000000004,99.9,246.0,2943.0,1.5,37.35,14.99,7.01,36.06,29.01,0.0,249.5,1200.0
138182.24,51782.24,140.0,91.9,22.64,16.06,171.5,33.45,151.9,29.03,33.29,33.800000000000004,92.0,15.15,57.300000000000004,100.0,249.5,2938.0,1.48,37.4,15.040000000000001,7.07,35.9,29.05,0.0,248.0,1200.0
138242.24,51842.24,140.0,92.10000000000001,22.72,16.0,170.0,33.6,152.70000000000002,28.96,33.34,33.85,90.5,15.200000000000001,57.2,99.9,250.5,2945.0,1.34,37.35,15.06,7.0600000000000005,36.0,28.97,0.0,250.5,1200.0
138302.24,51902.24,140.0,90.9,22.68,16.0,172.0,33.4,151.4,29.03,33.32,34.050000000000004,90.0,15.100000000000001,57.2,100.0,249.5,2941.0,1.33,37.35,15.040000000000001,6.94,36.04,29.05,0.0,250.0,1200.0
138362.24,51962.24,140.0,91.80000000000001,22.64,15.99,172.5,33.550000000000004,151.8,29.03,33.24,33.9,91.5,15.3,56.900000000000006,100.0,249.0,2939.0,1.12,37.4,14.99,7.0,36.0,28.98,0.0,252.5,1200.0
138422.24,52022.24,140.0,90.10000000000001,22.72,15.98,174.0,33.45,152.1,29.01,33.32,33.85,92.0,15.200000000000001,57.0,100.0,249.5,2944.0,1.55,37.45,15.02,6.97,35.910000000000004,29.02,0.0,247.5,1200.0
138482.24,52082.24,140.0,90.60000000000001,22.69,15.98,170.5,33.45,153.0,29.12,33.36,34.0,91.0,15.25,56.5,100.0,249.0,2944.0,1.5,37.4,14.96,7.05,36.01,29.07,0.0,253.0,1200.0
138542.24,52142.24,140.0,92.30000000000001,22.61,15.99,173.0,33.550000000000004,151.9,28.95,33.3,33.95,89.5,15.3,57.2,100.0,249.0,2945.0,1.42,37.5,14.99,7.0,36.03,28.98,1.0,249.5,1200.0
138602.24,52202.24,140.0,91.0,22.68,16.09,173.5,33.45,151.5,28.97,33.4,33.9,92.5,15.3,57.2,99.60000000000001,251.5,2944.0,1.19,37.4,15.02,6.95,36.07,28.990000000000002,0.0,253.0,1200.0
138662.24,52262.24,140.0,90.0,22.650000000000002,15.96,170.5,33.5,152.9,29.07,33.33,33.95,90.5,15.05,56.5,100.0,254.0,2940.0,1.3900000000000001,37.4,14.98,6.98,35.99,28.96,0.0,248.5,1200.0
138722.24,52322.24,140.0,90.0,22.67,16.080000000000002,171.5,33.6,152.5,29.02,33.35,33.9,92.5,15.200000000000001,57.0,99.60000000000001,251.5,2942.0,1.33,37.35,15.06,6.97,36.03,29.080000000000002,0.0,247.5,1200.0
138782.24,52382.24,140.0,91.10000000000001,22.69,16.0,174.0,33.550000000000004,151.0,29.080000000000002,33.43,34.0,89.5,15.350000000000001,57.5,100.0,254.0,2943.0,1.24,37.5,14.96,7.01,36.0,28.87,0.0,245.5,1200.0
138842.24,52442.24,140.0,92.4,22.6,16.0,170.5,33.65,150.5,28.94,33.38,33.85,91.0,15.3,56.900000000000006,99.5,254.5,2946.0,1.32,37.550000000000004,14.96,6.97,36.04,29.03,0.0,252.5,1200.0
138902.24,52502.24,140.0,91.5,22.63,15.950000000000001,172.5,33.4,152.3,28.97,33.35,33.9,92.5,15.4,57.0,99.7,248.5,2943.0,1.21,37.300000000000004,15.0,7.04,36.1,28.96,0.0,249.0,1200.0
138962.24,52562.24,140.0,92.30000000000001,22.73,16.03,172.5,33.5,152.0,29.03,33.410000000000004,33.85,90.0,15.25,56.900000000000006,100.0,251.0,2946.0,1.21,37.4,15.02,7.0,36.02,29.060000000000002,0.0,248.5,1200.0
139022.24,52622.24,140.0,91.0,22.740000000000002,16.01,173.0,33.300000000000004,151.1,29.0,33.4,33.800000000000004,92.0,15.25,57.1,100.0,246.5,2947.0,1.3800000000000001,37.45,14.96,6.95,35.92,29.0,0.0,248.0,1200.0
139082.24,52682.24,140.0,89.7,22.69,16.080000000000002,173.5,33.65,151.0,28.990000000000002,33.4,33.9,90.0,15.15,57.300000000000004,99.80000000000001,250.5,2941.0,1.41,37.5,15.01,6.99,36.03,29.01,0.0,249.0,1200.0
139142.24,52742.24,140.0,92.60000000000001,22.73,16.04,172.0,33.45,152.6,28.990000000000002,33.410000000000004,34.0,91.0,15.3,57.1,99.7,250.5,2940.0,1.5,37.25,15.06,6.93,36.04,28.93,6.0,250.0,1200.0
139202.24,52802.24,140.0,89.9,22.61,15.950000000000001,171.5,33.65,152.6,28.94,33.36,33.9,91.5,15.25,57.400000000000006,99.7,246.5,2941.0,1.31,37.25,14.97,7.0,36.06,29.05,2.0,250.0,1200.0
139262.24,52862.24,140.0,90.80000000000001,22.67,16.04,173.0,33.45,152.4,29.05,33.410000000000004,34.1,90.5,15.25,56.900000000000006,100.0,248.0,2942.0,1.44,37.4,14.91,6.99,36.02,29.04,0.0,247.0,1200.0
139322.24,52922.24,140.0,92.2,22.62,16.07,169.0,33.35,153.0,28.97,33.36,33.9,92.0,15.3,56.6,100.0,248.0,2942.0,1.51,37.4,15.02,7.08,35.97,29.02,3.0,247.0,1200.0
139382.24,52982.24,140.0,89.9,22.72,16.02,173.0,33.5,148.8,29.04,33.43,33.95,90.0,15.25,56.900000000000006,99.4,247.5,2944.0,1.34,37.5,14.94,7.0200000000000005,36.0,28.93,0.0,247.5,1200.0
139442.24,53042.24,140.0,91.60000000000001,22.69,16.0,173.0,33.4,151.0,29.09,33.39,33.9,91.5,15.100000000000001,57.400000000000006,100.0,248.0,2938.0,1.34,37.35,15.030000000000001,7.04,35.99,29.04,1.0,250.5,1200.0
139502.24,53102.24,140.0,91.7,22.67,15.99,172.5,33.65,150.4,29.01,33.410000000000004,33.9,92.0,15.25,56.900000000000006,100.0,247.5,2947.0,1.32,37.300000000000004,15.0,6.96,36.0,28.93,0.0,249.0,1200.0
139562.24,53162.24,140.0,90.80000000000001,22.71,15.97,171.0,33.5,152.4,29.060000000000002,33.42,33.800000000000004,91.0,15.25,56.800000000000004,99.60000000000001,250.0,2942.0,1.31,37.300000000000004,14.97,7.0,36.01,29.05,1.0,247.5,1200.0
139622.24,53222.24,140.0,92.0,22.72,15.96,171.5,33.45,150.9,29.02,33.37,33.85,93.0,15.15,56.6,100.0,246.5,2943.0,1.36,37.6,14.97,7.0,36.03,28.97,4.0,244.5,1200.0
139682.24,53282.24,140.0,91.5,22.650000000000002,15.97,172.5,33.6,150.9,29.02,33.410000000000004,33.85,89.5,15.200000000000001,56.6,100.0,247.0,2948.0,1.58,37.300000000000004,14.97,6.98,36.04,28.94,0.0,243.5,1200.0
139742.24,53342.24,140.0,90.7,22.59,16.02,171.0,33.550000000000004,152.4,29.07,33.45,33.85,91.5,15.350000000000001,56.900000000000006,100.0,244.0,2943.0,1.5,37.550000000000004,15.0,7.0200000000000005,35.97,29.03,2.0,247.0,1200.0
139802.24,53402.24,140.0,91.9,22.63,15.91,170.5,33.6,150.3,29.1,33.37,33.95,90.0,15.25,56.800000000000004,100.0,247.5,2942.0,1.3900000000000001,37.35,15.02,7.0200000000000005,35.95,29.01,0.0,248.5,1200.0
139862.24,53462.24,140.0,91.80000000000001,22.69,16.05,172.5,33.5,152.8,29.07,33.35,33.95,93.0,15.25,57.0,99.9,250.5,2944.0,1.42,37.550000000000004,15.040000000000001,6.98,36.0,29.01,0.0,253.5,1200.0
139922.24,53522.24,140.0,91.30000000000001,22.650000000000002,16.07,172.0,33.6,151.20000000000002,29.12,33.34,34.0,91.5,15.3,56.900000000000006,99.9,247.0,2944.0,1.41,37.4,14.99,6.98,36.08,29.01,2.0,246.0,1200.0
139982.24,53582.24,140.0,92.5,22.7,15.97,170.5,33.4,151.8,29.03,33.39,33.9,93.5,15.4,56.900000000000006,99.9,247.0,2941.0,1.41,37.35,15.01,7.0,35.980000000000004,28.900000000000002,0.0,251.0,1200.0
140042.24,53642.24,140.0,89.60000000000001,22.68,15.99,170.5,33.550000000000004,151.5,28.94,33.410000000000004,33.85,90.0,15.25,57.1,100.0,248.0,2933.0,1.3,37.35,15.0,6.99,35.89,29.03,0.0,247.5,1200.0
140102.24,53702.24,140.0,90.80000000000001,22.71,16.1,171.5,33.45,152.0,29.060000000000002,33.39,33.9,89.5,15.200000000000001,56.7,99.80000000000001,249.5,2943.0,1.4000000000000001,37.300000000000004,15.01,7.01,36.08,28.98,1.0,246.0,1200.0
140162.24,53762.24,140.0,91.30000000000001,22.67,16.03,172.0,33.45,150.6,29.05,33.37,33.95,89.0,15.350000000000001,57.1,99.9,244.5,2940.0,1.29,37.35,14.93,7.0200000000000005,36.03,29.05,0.0,246.0,1200.0
140222.24,53822.24,140.0,90.4,22.71,16.01,171.5,33.550000000000004,152.3,29.03,33.45,33.9,90.5,15.25,56.800000000000004,99.80000000000001,253.5,2941.0,1.42,37.35,15.030000000000001,6.99,35.96,28.93,0.0,250.5,1200.0
140282.239,53882.239,140.0,90.80000000000001,22.69,16.02,173.0,33.550000000000004,151.1,29.07,33.410000000000004,33.800000000000004,92.0,15.15,57.300000000000004,100.0,248.5,2942.0,1.44,37.35,14.93,7.03,35.9,28.94,0.0,252.0,1200.0
140342.239,53942.239,140.0,91.80000000000001,22.71,15.98,174.0,33.4,153.9,29.07,33.33,33.9,91.5,15.15,57.400000000000006,100.0,253.5,2943.0,1.43,37.4,15.01,7.0200000000000005,36.0,29.05,4.0,248.0,1200.0
140402.239,54002.239,140.0,92.0,22.68,15.99,173.0,33.4,150.8,28.990000000000002,33.32,33.95,90.0,15.100000000000001,57.800000000000004,99.60000000000001,246.5,2940.0,1.41,37.300000000000004,15.08,6.98,36.0,29.03,0.0,246.5,1200.0
140462.239,54062.239,140.0,91.4,22.73,16.01,172.5,33.5,152.6,29.060000000000002,33.37,33.7,91.5,15.200000000000001,57.800000000000004,100.0,248.5,2944.0,1.3900000000000001,37.35,14.96,7.0200000000000005,35.95,29.080000000000002,2.0,245.5,1200.0
140522.239,54122.239,140.0,90.0,22.72,15.99,171.5,33.4,151.5,29.07,33.36,34.0,92.0,15.200000000000001,57.0,99.9,249.0,2947.0,1.17,37.4,15.02,6.95,35.980000000000004,28.95,2.0,245.0,1200.0
140582.239,54182.239,140.0,91.60000000000001,22.650000000000002,16.02,173.5,33.550000000000004,151.4,29.03,33.32,34.0,91.5,15.3,57.1,99.9,253.5,2940.0,1.3900000000000001,37.35,14.99,6.96,35.980000000000004,29.060000000000002,0.0,249.5,1200.0
140642.239,54242.239,140.0,93.30000000000001,22.72,16.02,172.5,33.5,152.20000000000002,28.95,33.35,33.7,90.0,15.100000000000001,57.300000000000004,100.0,251.0,2937.0,1.4000000000000001,37.5,14.94,6.91,35.99,28.98,2.0,250.5,1200.0
140702.239,54302.239,140.0,91.0,22.7,15.93,171.0,33.4,152.0,29.04,33.46,33.95,90.0,15.25,57.6,100.0,249.5,2941.0,1.29,37.4,15.01,7.0,36.02,29.01,0.0,247.5,1200.0
140762.239,54362.239,140.0,91.2,22.72,15.98,173.0,33.45,151.0,29.01,33.45,33.95,90.0,15.3,57.300000000000004,100.0,246.0,2941.0,1.43,37.6,15.01,6.98,36.03,29.1,0.0,246.0,1200.0
140822.239,54422.239,140.0,90.30000000000001,22.71,16.03,172.0,33.550000000000004,151.70000000000002,28.88,33.27,33.9,88.5,15.25,56.800000000000004,100.0,242.5,2941.0,1.3900000000000001,37.550000000000004,15.030000000000001,6.99,36.1,29.02,0.0,251.0,1200.0
140882.239,54482.239,140.0,91.7,22.67,16.02,169.0,33.550000000000004,152.0,29.02,33.39,33.800000000000004,91.5,15.3,57.2,99.7,244.0,2936.0,1.33,37.550000000000004,14.98,7.0200000000000005,36.09,29.01,0.0,249.0,1200.0
140942.239,54542.239,140.0,90.10000000000001,22.68,15.99,170.5,33.300000000000004,152.20000000000002,28.98,33.32,33.9,89.0,15.25,57.5,99.80000000000001,247.5,2941.0,1.49,37.4,14.99,7.01,36.12,28.97,0.0,246.0,1200.0
141002.239,54602.239,140.0,91.0,22.69,15.97,171.0,33.4,150.0,28.97,33.29,33.95,93.0,15.25,57.0,100.0,248.0,2939.0,1.29,37.2,14.99,6.98,36.11,28.98,0.0,244.5,1200.0
141062.239,54662.239,140.0,89.4,22.67,16.05,171.5,33.45,151.8,29.0,33.36,33.85,90.0,15.350000000000001,57.5,100.0,250.0,2937.0,1.44,37.35,15.01,6.97,35.980000000000004,28.97,0.0,244.5,1200.0
141122.239,54722.239,140.0,91.5,22.68,15.96,174.0,33.45,153.20000000000002,28.93,33.34,33.85,88.5,15.200000000000001,57.1,99.9,247.5,2934.0,1.27,37.25,14.96,7.0,35.92,29.01,0.0,244.0,1200.0
141182.239,54782.239,140.0,91.0,22.69,16.03,173.5,33.35,151.20000000000002,29.01,33.18,33.800000000000004,91.0,15.15,56.7,99.80000000000001,250.0,2938.0,1.3800000000000001,37.4,15.0,6.97,35.980000000000004,29.060000000000002,0.0,245.5,1200.0
141242.239,54842.239,140.0,90.30000000000001,22.73,15.93,172.0,33.45,151.8,28.96,33.3,33.9,90.0,15.200000000000001,57.400000000000006,100.0,246.5,2934.0,1.4000000000000001,37.35,14.98,7.05,36.01,29.060000000000002,1.0,246.0,1200.0
141302.239,54902.239,140.0,91.30000000000001,22.580000000000002,16.04,174.0,33.550000000000004,151.8,28.91,33.2,33.800000000000004,88.0,15.25,56.800000000000004,100.0,251.0,2936.0,1.3800000000000001,37.5,14.98,6.97,36.09,28.97,1.0,250.0,1200.0
141362.239,54962.239,140.0,92.30000000000001,22.64,15.96,173.0,33.4,151.4,28.95,33.33,33.9,91.5,15.200000000000001,56.900000000000006,100.0,247.5,2931.0,1.56,37.300000000000004,15.0,7.08,35.980000000000004,29.03,1.0,249.0,1200.0
141422.239,55022.239,140.0,91.9,22.59,15.98,170.0,33.4,152.9,29.02,33.17,33.800000000000004,92.0,15.450000000000001,56.900000000000006,100.0,244.5,2936.0,1.3,37.25,15.05,7.01,35.96,29.02,0.0,248.0,1200.0
141482.239,55082.239,140.0,90.2,22.68,15.94,174.0,33.35,149.5,28.93,33.35,33.95,91.0,15.15,56.5,100.0,245.5,2935.0,1.23,37.2,15.08,7.01,36.11,29.060000000000002,0.0,246.5,1200.0
141542.239,55142.239,140.0,92.10000000000001,22.64,16.04,172.5,33.25,151.9,28.88,33.21,33.800000000000004,88.5,15.25,56.5,99.9,243.5,2932.0,1.46,37.2,14.97,6.99,36.01,29.09,1.0,242.5,1200.0
141602.239,55202.239,140.0,90.10000000000001,22.67,16.04,172.0,33.45,152.1,29.0,33.26,33.800000000000004,91.0,15.15,57.5,99.5,244.0,2935.0,1.3900000000000001,37.25,14.97,7.0,36.050000000000004,29.03,0.0,246.0,1200.0
141662.239,55262.239,140.0,90.9,22.63,15.94,173.0,33.4,150.6,28.87,33.18,33.75,90.5,15.25,57.1,100.0,244.0,2930.0,1.37,37.25,14.98,6.98,35.94,28.98,0.0,245.5,1200.0
141722.239,55322.239,140.0,87.5,22.62,15.98,171.5,33.4,151.5,29.01,33.28,33.9,91.5,15.25,57.300000000000004,100.0,239.5,2935.0,1.28,37.25,15.030000000000001,7.07,36.06,29.07,1.0,249.0,1200.0
141782.239,55382.239,140.0,90.0,22.57,16.01,170.5,33.45,150.6,28.95,33.15,33.85,89.5,15.350000000000001,57.5,100.0,248.0,2934.0,1.41,37.35,15.06,7.0,36.0,29.09,4.0,250.0,1200.0
141842.239,55442.239,140.0,90.9,22.69,16.03,171.0,33.45,151.5,28.97,33.230000000000004,33.85,92.5,15.350000000000001,57.0,99.5,248.5,2935.0,1.4000000000000001,37.15,15.0,7.0200000000000005,35.96,28.95,0.0,247.5,1200.0
141902.239,55502.239,140.0,89.2,22.71,16.01,171.0,33.5,152.4,29.02,33.21,34.0,88.5,15.3,57.5,99.80000000000001,244.5,2932.0,1.34,37.2,15.01,7.03,36.0,29.0,0.0,248.5,1200.0
141962.239,55562.239,140.0,91.30000000000001,22.71,15.98,172.5,33.45,151.4,29.05,33.29,33.9,93.0,15.3,56.2,99.9,249.0,2932.0,1.46,37.25,15.09,6.98,35.99,29.080000000000002,0.0,248.5,1200.0
142022.239,55622.239,140.0,92.2,22.64,16.04,170.0,33.45,151.9,29.03,33.22,33.85,92.0,15.350000000000001,56.7,100.0,245.5,2934.0,1.41,37.1,14.97,7.01,35.95,28.97,0.0,246.0,1200.0
142082.239,55682.239,140.0,91.0,22.63,16.01,171.5,33.45,151.8,28.94,33.22,33.9,93.5,15.4,56.900000000000006,100.0,249.5,2934.0,1.41,37.300000000000004,15.05,7.01,35.99,28.93,0.0,246.5,1200.0
142142.239,55742.239,140.0,90.0,22.62,15.98,172.0,33.5,151.5,28.900000000000002,33.24,33.85,94.0,15.100000000000001,57.1,99.80000000000001,247.5,2939.0,1.35,37.300000000000004,15.02,7.01,35.95,29.05,0.0,248.0,1200.0
142202.239,55802.239,140.0,90.80000000000001,22.69,15.96,172.5,33.300000000000004,150.9,29.07,33.33,33.95,89.0,15.450000000000001,57.0,100.0,252.0,2935.0,1.35,37.35,15.01,7.03,35.910000000000004,28.95,0.0,246.5,1200.0
142262.239,55862.239,140.0,89.5,22.67,15.96,172.5,33.5,152.0,29.04,33.410000000000004,33.95,92.0,15.200000000000001,57.400000000000006,100.0,245.5,2938.0,1.34,37.35,15.040000000000001,6.98,35.95,29.01,1.0,253.5,1200.0
142322.239,55922.239,140.0,90.30000000000001,22.71,16.02,170.0,33.5,151.0,29.02,33.36,33.9,92.0,15.350000000000001,57.1,100.0,245.0,2939.0,1.43,37.300000000000004,14.97,6.99,35.980000000000004,28.85,1.0,250.0,1200.0
142382.239,55982.239,140.0,91.9,22.650000000000002,15.98,171.0,33.4,152.0,29.02,33.4,34.050000000000004,91.0,15.3,57.2,100.0,246.5,2940.0,1.43,37.25,14.96,6.96,36.03,29.02,0.0,249.5,1200.0
142442.239,56042.239,140.0,89.80000000000001,22.64,15.99,172.0,33.4,150.5,28.98,33.29,33.9,91.5,15.15,56.7,100.0,251.0,2938.0,1.57,37.300000000000004,15.0,6.99,35.980000000000004,28.94,2.0,245.0,1200.0
142502.239,56102.239,140.0,93.0,22.67,16.07,171.0,33.45,152.4,28.990000000000002,33.31,33.85,92.0,15.350000000000001,56.900000000000006,100.0,250.5,2939.0,1.41,37.35,15.01,7.01,35.96,29.080000000000002,0.0,244.0,1200.0
142562.239,56162.239,140.0,91.5,22.71,15.91,171.0,33.5,151.5,29.060000000000002,33.32,33.9,90.5,15.25,57.1,99.9,251.0,2938.0,1.3,37.5,15.08,7.01,36.03,28.95,2.0,249.5,1200.0
142622.238,56222.238,140.0,90.7,22.67,16.02,172.5,33.4,150.3,28.98,33.31,33.75,91.0,15.25,57.300000000000004,99.60000000000001,244.5,2938.0,1.23,37.35,15.05,7.01,36.0,29.02,0.0,245.5,1200.0
142682.238,56282.238,140.0,92.0,22.650000000000002,16.0,169.5,33.65,152.1,28.93,33.3,33.7,90.0,15.350000000000001,56.800000000000004,100.0,249.5,2939.0,1.37,37.45,15.08,7.05,35.96,28.97,0.0,247.5,1200.0
142742.238,56342.238,140.0,92.10000000000001,22.67,16.0,170.5,33.45,150.5,29.1,33.28,33.800000000000004,91.0,15.15,57.1,99.4,251.0,2939.0,1.43,37.300000000000004,15.040000000000001,6.91,35.99,28.990000000000002,0.0,249.5,1200.0
142802.238,56402.238,140.0,90.7,22.61,15.950000000000001,173.0,33.5,150.5,29.02,33.29,33.800000000000004,92.5,15.3,57.2,99.7,248.0,2935.0,1.3900000000000001,37.300000000000004,14.98,7.0200000000000005,36.1,29.04,2.0,249.0,1200.0
142862.238,56462.238,140.0,92.0,22.64,16.0,172.0,33.5,152.9,28.93,33.3,33.9,90.5,15.25,56.6,100.0,246.5,2937.0,1.43,37.35,14.88,7.01,36.03,29.0,1.0,247.5,1200.0
142922.238,56522.238,140.0,92.0,22.71,15.96,174.0,33.4,150.1,28.990000000000002,33.31,33.95,90.5,15.200000000000001,56.0,99.5,243.5,2940.0,1.44,37.25,14.99,6.98,36.06,28.900000000000002,0.0,250.5,1200.0
142982.238,56582.238,140.0,90.5,22.72,16.0,170.5,33.45,151.6,28.96,33.3,33.800000000000004,90.0,15.4,57.2,99.9,245.5,2933.0,1.17,37.45,14.98,7.04,36.08,28.96,0.0,250.0,1200.0
143042.238,56642.238,140.0,90.30000000000001,22.72,16.04,171.5,33.5,152.20000000000002,28.93,33.3,33.95,89.5,15.200000000000001,57.2,99.80000000000001,246.5,2941.0,1.3900000000000001,37.4,14.98,7.03,36.01,28.95,2.0,244.5,1200.0
143102.238,56702.238,140.0,90.60000000000001,22.650000000000002,15.97,170.5,33.35,150.3,28.95,33.27,33.85,91.5,15.25,56.6,100.0,248.5,2935.0,1.42,37.25,15.040000000000001,6.97,36.08,29.03,1.0,244.5,1200.0
143162.238,56762.238,140.0,91.2,22.580000000000002,16.01,172.0,33.4,152.9,29.04,33.27,33.95,91.0,15.25,57.1,99.9,249.5,2929.0,1.3900000000000001,37.45,14.97,7.0200000000000005,36.050000000000004,29.01,1.0,244.0,1200.0
143222.238,56822.238,140.0,92.9,22.650000000000002,15.99,171.5,33.550000000000004,153.60000000000002,29.04,33.29,33.9,89.5,15.200000000000001,56.400000000000006,100.0,243.0,2935.0,1.47,37.4,15.06,7.04,35.97,29.03,0.0,250.0,1200.0
143282.238,56882.238,140.0,91.80000000000001,22.73,16.01,173.5,33.35,150.70000000000002,29.0,33.3,33.9,92.0,15.15,57.0,100.0,249.0,2929.0,1.46,37.4,15.02,7.0,35.980000000000004,28.94,0.0,247.0,1200.0
143342.238,56942.238,140.0,91.2,22.740000000000002,16.03,173.5,33.35,151.5,29.0,33.31,33.7,92.0,15.200000000000001,57.0,100.0,246.0,2929.0,1.4000000000000001,37.25,15.08,6.96,35.99,28.96,1.0,243.5,1200.0
143402.238,57002.238,140.0,90.60000000000001,22.69,16.04,171.0,33.35,152.0,28.97,33.28,34.0,89.0,15.200000000000001,57.2,99.7,248.5,2931.0,1.33,37.2,14.97,6.96,35.87,28.98,0.0,249.5,1200.0
143462.238,57062.238,140.0,91.9,22.650000000000002,16.080000000000002,170.5,33.4,152.20000000000002,28.91,33.35,33.85,89.5,15.200000000000001,57.0,100.0,249.0,2938.0,1.47,37.25,15.030000000000001,6.98,36.03,28.95,3.0,246.0,1200.0
143522.238,57122.238,140.0,90.2,22.66,16.01,171.0,33.4,152.20000000000002,28.95,33.28,33.75,93.0,15.450000000000001,57.1,100.0,248.5,2935.0,1.28,37.4,14.94,7.03,36.02,28.990000000000002,0.0,243.0,1200.0
143582.238,57182.238,140.0,91.4,22.68,15.950000000000001,172.0,33.5,149.9,28.84,33.19,33.95,90.5,15.200000000000001,56.900000000000006,100.0,245.0,2931.0,1.35,37.300000000000004,15.02,7.07,35.97,28.93,0.0,250.5,1200.0
143642.238,57242.238,140.0,90.9,22.66,16.0,172.5,33.4,151.70000000000002,28.92,33.3,33.85,92.0,15.200000000000001,56.800000000000004,100.0,253.5,2931.0,1.31,37.25,14.950000000000001,6.97,35.980000000000004,29.060000000000002,0.0,246.5,1200.0
143702.238,57302.238,140.0,91.5,22.63,15.96,171.5,33.4,152.1,28.98,33.26,33.800000000000004,92.0,15.3,57.0,100.0,244.0,2936.0,1.45,37.300000000000004,14.98,7.03,36.03,29.0,0.0,244.5,1200.0
143762.238,57362.238,140.0,89.4,22.67,15.97,171.5,33.45,152.20000000000002,28.97,33.29,33.9,92.0,15.3,56.6,100.0,245.5,2932.0,1.21,37.25,14.94,6.96,35.9,28.990000000000002,2.0,247.0,1200.0
143822.238,57422.238,140.0,90.7,22.63,16.01,171.0,33.5,153.4,29.05,33.28,33.9,91.5,15.25,56.900000000000006,99.60000000000001,251.0,2936.0,1.28,37.35,14.99,7.01,36.04,29.04,0.0,248.5,1200.0
143882.238,57482.238,140.0,90.7,22.67,16.02,170.0,33.4,150.70000000000002,29.07,33.25,33.95,91.0,15.200000000000001,57.0,99.80000000000001,251.0,2939.0,1.43,37.300000000000004,15.0,6.99,35.99,29.09,0.0,251.5,1200.0
143942.238,57542.238,140.0,91.30000000000001,22.64,15.99,170.5,33.45,151.9,28.94,33.28,33.85,90.0,15.4,56.800000000000004,100.0,243.5,2930.0,1.34,37.25,15.01,7.04,36.04,28.95,0.0,241.5,1200.0
144002.238,57602.238,140.0,90.9,22.63,15.98,173.5,33.5,151.6,28.93,33.34,33.75,91.5,15.25,56.7,99.60000000000001,245.5,2929.0,1.48,37.15,15.030000000000001,6.94,35.9,28.95,0.0,243.0,1200.0
144062.238,57662.238,140.0,90.60000000000001,22.63,15.97,172.5,33.35,152.5,28.990000000000002,33.34,34.050000000000004,89.5,15.200000000000001,56.400000000000006,99.9,246.5,2935.0,1.16,37.15,15.02,6.98,35.87,29.09,2.0,244.0,1200.0
144122.238,57722.238,140.0,91.30000000000001,22.7,15.96,170.5,33.4,150.5,29.0,33.25,33.800000000000004,89.5,15.100000000000001,56.7,99.9,245.5,2937.0,1.3900000000000001,37.35,15.0,6.98,36.03,28.97,1.0,247.5,1200.0
144182.238,57782.238,140.0,91.80000000000001,22.55,16.04,171.0,33.35,150.9,28.95,33.32,33.85,91.5,15.200000000000001,56.6,100.0,246.0,2926.0,1.42,37.4,15.02,7.0600000000000005,36.03,29.1,0.0,243.5,1200.0
144242.238,57842.238,140.0,89.2,22.72,15.98,169.5,33.45,150.5,28.97,33.230000000000004,33.9,93.0,15.25,56.7,100.0,245.0,2935.0,1.3,37.2,14.98,7.01,35.95,28.98,0.0,245.0,1200.0
144302.238,57902.238,140.0,90.4,22.7,16.02,172.0,33.4,150.20000000000002,28.98,33.26,34.0,93.0,15.4,56.7,99.80000000000001,250.5,2940.0,1.3900000000000001,37.25,15.030000000000001,7.0,36.08,29.09,0.0,247.0,1200.0
144362.238,57962.238,140.0,90.10000000000001,22.62,16.06,173.5,33.300000000000004,152.0,28.98,33.18,33.75,90.0,15.25,56.7,99.60000000000001,245.5,2928.0,1.37,37.300000000000004,14.9,6.99,36.1,28.95,1.0,251.0,1200.0
144422.238,58022.238,140.0,91.4,22.63,16.04,172.5,33.300000000000004,152.8,28.900000000000002,33.31,33.800000000000004,90.5,15.4,56.800000000000004,100.0,245.5,2934.0,1.44,37.25,15.0,7.0,35.96,29.04,0.0,245.5,1200.0
144482.238,58082.238,140.0,92.10000000000001,22.6,16.05,170.0,33.45,151.3,29.01,33.27,33.800000000000004,90.0,15.15,56.7,100.0,245.0,2935.0,1.45,37.25,14.99,6.98,35.95,28.93,1.0,247.0,1200.0
144542.238,58142.238,140.0,91.60000000000001,22.6,16.01,170.0,33.45,153.3,28.95,33.22,33.9,90.5,15.3,57.5,100.0,246.5,2933.0,1.44,37.25,15.040000000000001,6.93,36.050000000000004,28.900000000000002,1.0,243.0,1200.0
144602.238,58202.238,140.0,91.80000000000001,22.650000000000002,15.99,171.5,33.35,151.6,28.94,33.26,33.800000000000004,91.5,15.15,56.800000000000004,100.0,246.0,2933.0,1.42,37.25,15.01,7.0200000000000005,36.01,28.95,1.0,243.0,1200.0
144662.238,58262.238,140.0,92.10000000000001,22.67,16.03,170.5,33.300000000000004,151.9,28.87,33.26,33.9,90.5,15.3,57.0,100.0,244.5,2930.0,1.4000000000000001,37.45,15.09,7.0200000000000005,36.02,28.990000000000002,1.0,247.5,1200.0
144722.238,58322.238,140.0,91.30000000000001,22.62,15.96,171.5,33.45,152.0,28.84,33.25,33.800000000000004,91.0,15.25,56.5,100.0,246.0,2936.0,1.33,37.25,14.93,6.96,35.980000000000004,28.95,1.0,245.5,1200.0
144782.238,58382.238,140.0,92.0,22.68,16.01,170.5,33.45,151.20000000000002,28.96,33.230000000000004,33.800000000000004,91.0,15.15,57.300000000000004,99.5,249.5,2936.0,1.36,37.300000000000004,14.97,6.99,36.02,28.96,0.0,243.5,1200.0
144842.238,58442.238,140.0,91.60000000000001,22.64,15.99,171.5,33.4,149.5,28.990000000000002,33.230000000000004,33.7,91.5,15.200000000000001,56.6,99.9,244.0,2936.0,1.58,37.45,14.99,6.99,36.1,29.03,2.0,249.5,1200.0
144902.238,58502.238,140.0,90.80000000000001,22.61,15.99,172.0,33.35,151.6,29.02,33.28,33.9,90.0,15.350000000000001,56.300000000000004,99.80000000000001,246.0,2941.0,1.31,37.15,14.950000000000001,7.07,35.95,28.96,2.0,250.0,1200.0
144962.238,58562.238,140.0,91.10000000000001,22.64,16.01,172.0,33.45,151.8,28.990000000000002,33.29,33.85,90.5,15.200000000000001,56.900000000000006,100.0,246.0,2928.0,1.52,37.35,15.01,7.0,36.04,29.0,0.0,248.5,1200.0
145022.237,58622.237,140.0,92.0,22.650000000000002,15.98,171.0,33.5,150.70000000000002,28.91,33.33,33.800000000000004,90.5,15.25,57.1,99.4,246.5,2933.0,1.34,37.25,14.97,6.97,35.99,28.96,0.0,244.5,1200.0
145082.237,58682.237,140.0,90.4,22.63,15.950000000000001,170.0,33.550000000000004,149.9,29.01,33.21,33.75,92.0,15.25,56.5,99.80000000000001,246.5,2934.0,1.3800000000000001,37.300000000000004,15.02,7.01,35.92,28.94,0.0,246.0,1200.0
145142.237,58742.237,140.0,90.5,22.57,15.89,172.5,33.45,151.20000000000002,28.92,33.29,33.75,89.0,15.200000000000001,56.900000000000006,99.9,247.5,2933.0,1.47,37.4,15.01,6.97,35.95,28.900000000000002,5.0,247.5,1200.0
145202.237,58802.237,140.0,90.2,22.55,16.080000000000002,169.5,33.35,151.1,28.990000000000002,33.32,33.800000000000004,92.5,15.350000000000001,57.2,100.0,245.0,2933.0,1.35,37.15,14.89,7.01,35.99,28.990000000000002,0.0,245.0,1200.0
145262.237,58862.237,140.0,91.0,22.64,15.97,172.0,33.45,151.70000000000002,29.02,33.28,33.75,90.0,15.350000000000001,56.6,100.0,245.5,2932.0,1.23,37.2,14.99,6.97,35.980000000000004,29.1,0.0,247.5,1200.0
145322.237,58922.237,140.0,89.60000000000001,22.61,16.04,171.5,33.5,149.5,29.0,33.3,33.95,90.0,15.350000000000001,56.6,99.30000000000001,247.5,2942.0,1.29,37.2,14.950000000000001,6.99,35.97,29.060000000000002,0.0,247.0,1200.0
145382.237,58982.237,140.0,90.2,22.63,16.07,169.5,33.5,152.0,28.98,33.29,33.800000000000004,92.0,15.350000000000001,56.5,100.0,242.5,2939.0,1.42,37.300000000000004,15.0,7.0600000000000005,36.04,29.05,2.0,248.5,1200.0
145442.237,59042.237,140.0,91.60000000000001,22.72,15.94,172.0,33.45,151.6,29.04,33.27,33.95,93.0,15.450000000000001,56.1,99.9,247.5,2934.0,1.3800000000000001,37.25,15.02,7.05,35.97,29.02,0.0,248.5,1200.0
145502.237,59102.237,140.0,88.10000000000001,22.650000000000002,16.080000000000002,173.0,33.45,149.6,28.96,33.34,33.75,91.5,15.25,57.1,100.0,241.5,2936.0,1.43,37.35,15.030000000000001,7.0,36.03,28.900000000000002,0.0,242.0,1200.0
145562.237,59162.237,140.0,91.30000000000001,22.61,15.94,170.5,33.4,153.0,29.0,33.25,34.0,91.5,15.200000000000001,56.7,99.80000000000001,245.5,2938.0,1.56,37.25,15.02,7.01,35.980000000000004,28.98,0.0,252.0,1200.0
145622.237,59222.237,140.0,90.9,22.6,16.0,173.0,33.45,150.4,29.09,33.34,33.800000000000004,93.0,15.200000000000001,56.7,100.0,244.5,2937.0,1.4000000000000001,37.45,15.01,7.05,35.92,29.03,1.0,243.5,1200.0
145682.237,59282.237,140.0,91.4,22.71,16.05,171.5,33.45,150.3,29.02,33.34,33.9,90.5,15.25,56.6,99.10000000000001,247.0,2937.0,1.52,37.25,14.98,7.03,36.03,28.97,0.0,245.0,1200.0
145742.237,59342.237,140.0,90.4,22.59,16.04,171.5,33.4,152.3,29.0,33.24,33.9,91.5,15.25,57.1,100.0,249.5,2938.0,1.49,37.35,14.98,7.05,36.08,28.94,0.0,249.0,1200.0
145802.237,59402.237,140.0,90.9,22.59,16.080000000000002,171.5,33.4,151.70000000000002,28.92,33.36,33.75,91.0,15.200000000000001,56.2,100.0,249.5,2934.0,1.35,37.2,14.96,7.0,35.96,28.95,1.0,245.5,1200.0
145862.237,59462.237,140.0,90.10000000000001,22.61,16.0,171.0,33.550000000000004,152.1,29.12,33.34,33.9,91.5,15.15,56.6,99.9,246.5,2933.0,1.37,37.300000000000004,15.040000000000001,6.97,35.980000000000004,29.02,0.0,246.5,1200.0
145922.237,59522.237,140.0,91.80000000000001,22.62,16.04,174.5,33.45,150.6,28.990000000000002,33.32,33.65,90.5,15.3,56.7,99.9,247.5,2928.0,1.6500000000000001,37.15,15.030000000000001,7.05,36.06,29.02,0.0,247.0,1200.0
145982.237,59582.237,140.0,91.9,22.66,16.04,173.5,33.65,151.6,29.1,33.34,33.9,91.0,15.25,56.6,100.0,250.0,2936.0,1.42,37.35,15.0,7.01,36.01,28.990000000000002,0.0,246.5,1200.0
146042.237,59642.237,140.0,91.30000000000001,22.650000000000002,16.02,174.0,33.5,150.6,28.990000000000002,33.45,33.85,93.0,15.200000000000001,56.800000000000004,100.0,245.0,2938.0,1.61,37.25,14.950000000000001,7.0,35.97,29.02,0.0,248.5,1200.0
146102.237,59702.237,140.0,90.30000000000001,22.69,15.99,172.0,33.4,151.70000000000002,29.05,33.32,33.75,92.0,15.200000000000001,56.5,100.0,241.0,2935.0,1.48,37.25,14.94,6.99,36.01,28.93,0.0,249.0,1200.0
146162.237,59762.237,140.0,91.10000000000001,22.59,16.03,172.5,33.45,151.8,28.94,33.38,33.65,89.5,15.3,56.800000000000004,100.0,244.5,2938.0,1.3800000000000001,37.300000000000004,15.07,7.01,36.13,28.98,0.0,245.5,1200.0
146222.237,59822.237,140.0,90.60000000000001,22.68,16.04,172.5,33.5,152.4,29.02,33.38,33.85,93.5,15.25,57.0,99.60000000000001,245.5,2942.0,1.53,37.300000000000004,15.05,7.03,35.99,29.01,1.0,243.5,1200.0
146282.237,59882.237,140.0,92.60000000000001,22.68,16.07,171.0,33.5,150.6,28.92,33.29,33.85,88.5,15.350000000000001,57.1,99.7,249.0,2940.0,1.48,37.2,14.99,7.05,35.99,28.96,3.0,251.5,1200.0
146342.237,59942.237,140.0,91.10000000000001,22.68,16.05,171.5,33.6,152.4,29.0,33.21,33.95,91.5,15.4,56.900000000000006,100.0,245.0,2938.0,1.37,37.45,14.97,7.03,35.910000000000004,28.97,1.0,250.0,1200.0
146402.237,60002.237,140.0,89.9,22.59,15.91,173.5,33.35,151.5,29.03,33.27,33.85,89.5,15.25,57.1,99.80000000000001,250.5,2940.0,1.35,37.25,15.0,7.01,35.99,28.96,0.0,249.5,1200.0
146462.237,60062.237,140.0,91.80000000000001,22.72,15.99,172.5,33.550000000000004,151.3,28.98,33.39,33.85,90.5,15.3,57.2,99.80000000000001,251.5,2945.0,1.49,37.45,15.01,6.99,35.95,28.990000000000002,0.0,253.5,1200.0
146522.237,60122.237,140.0,90.4,22.75,15.97,171.5,33.45,152.20000000000002,28.98,33.36,33.95,91.5,15.25,57.5,100.0,247.5,2937.0,1.5,37.4,14.94,7.0,36.1,28.990000000000002,2.0,249.0,1200.0
146582.237,60182.237,140.0,90.60000000000001,22.77,15.98,170.5,33.550000000000004,151.0,28.97,33.31,34.0,92.5,15.200000000000001,56.900000000000006,100.0,252.0,2943.0,1.43,37.45,14.950000000000001,7.07,35.93,28.990000000000002,0.0,249.5,1200.0
146642.237,60242.237,140.0,91.10000000000001,22.650000000000002,16.0,173.0,33.4,150.3,29.01,33.36,33.85,90.5,15.200000000000001,56.900000000000006,99.30000000000001,248.0,2941.0,1.3,37.300000000000004,14.96,7.0200000000000005,35.92,29.01,0.0,246.0,1200.0
146702.237,60302.237,140.0,90.2,22.76,16.0,171.5,33.45,152.1,28.98,33.37,33.9,91.0,15.3,57.5,99.80000000000001,247.5,2939.0,1.52,37.300000000000004,15.05,6.93,36.04,29.07,0.0,242.5,1200.0
146762.237,60362.237,140.0,91.60000000000001,22.68,16.07,170.0,33.5,151.9,29.01,33.39,33.95,91.5,15.3,57.300000000000004,99.5,245.0,2940.0,1.44,37.4,14.98,7.0,35.93,29.03,0.0,245.5,1200.0
146822.237,60422.237,140.0,89.60000000000001,22.69,15.96,172.5,33.4,149.1,28.95,33.39,33.9,91.0,15.4,57.1,100.0,250.5,2942.0,1.42,37.5,15.0,7.04,35.97,28.95,0.0,245.5,1200.0
146882.237,60482.237,140.0,90.30000000000001,22.64,15.96,170.5,33.5,150.6,28.93,33.34,33.85,87.5,15.3,57.1,99.7,248.0,2941.0,1.3900000000000001,37.45,14.96,7.04,36.01,28.97,1.0,248.5,1200.0
146942.237,60542.237,140.0,91.60000000000001,22.62,15.97,170.5,33.5,152.0,28.97,33.29,33.95,88.5,15.4,57.1,100.0,249.5,2936.0,1.3900000000000001,37.35,14.99,7.0,36.03,29.060000000000002,0.0,247.5,1200.0
147002.237,60602.237,140.0,91.60000000000001,22.6,15.99,170.5,33.4,151.4,29.04,33.29,34.0,90.0,15.3,57.0,100.0,248.0,2940.0,1.3900000000000001,37.35,15.01,7.0200000000000005,35.910000000000004,28.990000000000002,2.0,245.0,1200.0
147062.237,60662.237,140.0,91.10000000000001,22.67,15.98,171.5,33.5,152.5,29.01,33.33,33.800000000000004,90.5,15.350000000000001,57.2,99.80000000000001,250.0,2940.0,1.4000000000000001,37.4,15.07,7.0600000000000005,35.99,29.0,0.0,247.0,1200.0
147122.237,60722.237,140.0,91.0,22.61,15.98,170.5,33.45,150.8,29.09,33.32,33.800000000000004,91.0,15.200000000000001,56.6,100.0,244.5,2937.0,1.45,37.35,15.0,7.0600000000000005,35.94,28.990000000000002,1.0,250.5,1200.0
147182.237,60782.237,140.0,89.30000000000001,22.64,15.99,172.0,33.5,151.0,29.02,33.31,33.95,92.5,15.15,56.800000000000004,100.0,248.0,2941.0,1.46,37.5,15.02,6.94,35.96,29.03,2.0,249.5,1200.0
147242.237,60842.237,140.0,92.0,22.71,15.98,173.0,33.5,149.0,28.96,33.33,33.85,91.0,15.200000000000001,56.6,100.0,247.5,2941.0,1.44,37.25,14.91,6.98,36.1,28.93,0.0,248.0,1200.0
147302.237,60902.237,140.0,89.80000000000001,22.68,16.05,172.0,33.6,150.70000000000002,28.91,33.31,33.9,90.5,15.25,56.800000000000004,99.9,245.5,2936.0,1.35,37.5,14.98,7.07,35.99,28.96,0.0,249.0,1200.0
147362.237,60962.237,140.0,91.0,22.650000000000002,16.04,171.5,33.300000000000004,151.6,28.95,33.38,33.9,89.5,15.25,56.800000000000004,99.9,249.5,2939.0,1.3,37.4,14.93,6.99,36.04,28.97,1.0,247.0,1200.0
147422.237,61022.237,140.0,89.60000000000001,22.650000000000002,15.94,171.0,33.550000000000004,151.5,28.95,33.29,33.95,91.0,15.3,56.900000000000006,99.30000000000001,248.0,2941.0,1.43,37.25,14.98,6.98,36.06,28.990000000000002,0.0,245.0,1200.0
147482.236,61082.236,140.0,92.30000000000001,22.73,16.04,171.0,33.45,152.3,28.990000000000002,33.3,33.9,89.5,15.15,57.0,100.0,253.0,2941.0,1.35,37.5,14.97,6.95,36.03,28.96,1.0,247.0,1200.0
147542.236,61142.236,140.0,90.7,22.71,15.99,171.0,33.45,152.20000000000002,28.96,33.33,33.9,90.5,15.25,57.300000000000004,100.0,247.5,2934.0,1.44,37.25,15.08,6.97,35.980000000000004,29.0,0.0,245.5,1200.0
147602.236,61202.236,140.0,91.10000000000001,22.66,16.06,172.0,33.5,152.20000000000002,29.04,33.480000000000004,33.85,89.5,15.15,57.1,99.9,249.0,2941.0,1.32,37.25,15.02,6.97,35.99,29.01,0.0,249.5,1200.0
147662.236,61262.236,140.0,91.9,22.69,16.01,172.5,33.35,152.4,28.91,33.33,33.800000000000004,92.0,15.5,56.7,100.0,246.5,2937.0,1.34,37.45,15.01,6.97,36.01,29.0,0.0,245.5,1200.0
147722.236,61322.236,140.0,91.7,22.73,15.98,170.0,33.45,151.9,28.95,33.29,34.050000000000004,92.0,15.450000000000001,56.900000000000006,100.0,247.5,2938.0,1.33,37.35,14.950000000000001,7.0600000000000005,36.050000000000004,29.12,0.0,247.0,1200.0
147782.236,61382.236,140.0,91.0,22.72,15.98,169.0,33.5,153.70000000000002,28.91,33.3,33.9,92.0,15.200000000000001,57.2,99.9,247.5,2937.0,1.4000000000000001,37.35,15.09,6.98,36.03,29.03,0.0,249.0,1200.0
147842.236,61442.236,140.0,92.2,22.68,16.03,174.0,33.45,150.70000000000002,28.98,33.27,33.75,93.0,15.100000000000001,56.800000000000004,100.0,246.5,2937.0,1.5,37.15,15.01,7.0,36.02,28.990000000000002,2.0,244.5,1200.0
147902.236,61502.236,140.0,90.9,22.72,15.98,172.5,33.300000000000004,150.20000000000002,28.95,33.28,33.75,90.0,15.200000000000001,56.5,100.0,246.0,2938.0,1.3800000000000001,37.4,15.05,7.0200000000000005,35.99,28.98,0.0,244.0,1200.0
147962.236,61562.236,140.0,92.0,22.67,15.99,171.0,33.5,152.8,28.91,33.26,33.75,93.0,15.25,57.7,99.9,251.0,2937.0,1.36,37.300000000000004,14.97,7.11,35.99,29.05,0.0,249.5,1200.0
148022.236,61622.236,140.0,90.0,22.71,16.06,173.0,33.300000000000004,151.6,28.87,33.25,33.800000000000004,93.0,15.200000000000001,57.2,100.0,248.0,2933.0,1.17,37.2,14.950000000000001,7.01,36.02,29.02,1.0,243.0,1200.0
148082.236,61682.236,140.0,92.4,22.650000000000002,16.01,171.5,33.300000000000004,150.5,28.95,33.28,33.75,91.5,15.350000000000001,57.300000000000004,100.0,245.0,2930.0,1.52,37.2,14.94,6.98,35.99,29.1,0.0,248.0,1200.0
148142.236,61742.236,140.0,91.4,22.62,16.02,168.5,33.35,150.3,28.85,33.21,33.800000000000004,91.5,15.3,56.900000000000006,100.0,244.5,2928.0,1.41,37.25,14.99,7.0600000000000005,36.0,29.05,0.0,242.0,1200.0
148202.236,61802.236,140.0,91.0,22.64,15.97,172.0,33.35,151.1,28.95,33.27,33.85,89.0,15.25,57.1,99.7,247.0,2932.0,1.4000000000000001,37.4,14.98,7.0200000000000005,36.050000000000004,28.94,0.0,244.0,1200.0
148262.236,61862.236,140.0,89.30000000000001,22.7,16.02,170.0,33.35,150.6,28.89,33.15,33.85,91.0,15.15,56.900000000000006,99.80000000000001,248.5,2927.0,1.41,37.300000000000004,14.97,7.07,35.96,28.98,1.0,243.5,1200.0
148322.236,61922.236,140.0,91.10000000000001,22.66,16.06,170.5,33.35,150.5,28.76,33.230000000000004,33.65,92.0,15.3,57.1,100.0,243.5,2929.0,1.4000000000000001,37.25,15.05,6.96,35.96,29.07,0.0,246.5,1200.0
148382.236,61982.236,140.0,89.7,22.64,15.950000000000001,172.0,33.35,151.70000000000002,28.98,33.2,33.75,92.5,15.05,57.1,100.0,245.0,2936.0,1.5,37.300000000000004,15.02,7.01,35.96,29.02,0.0,243.5,1200.0
148442.236,62042.236,140.0,91.5,22.67,16.03,171.0,33.45,151.0,28.88,33.24,33.800000000000004,91.0,15.3,57.1,99.9,246.5,2933.0,1.58,37.25,15.01,7.07,36.0,28.990000000000002,0.0,248.5,1200.0
148502.236,62102.236,140.0,90.10000000000001,22.68,16.04,172.0,33.4,151.5,29.02,33.230000000000004,33.85,91.5,15.350000000000001,57.300000000000004,100.0,248.0,2935.0,1.48,37.25,14.99,7.01,36.04,29.0,0.0,245.5,1200.0
148562.236,62162.236,140.0,90.4,22.650000000000002,16.04,171.0,33.45,151.20000000000002,29.01,33.32,33.85,92.5,15.200000000000001,56.900000000000006,100.0,248.5,2929.0,1.34,37.35,14.93,6.99,36.050000000000004,28.900000000000002,3.0,246.5,1200.0
148622.236,62222.236,140.0,91.4,22.64,15.99,174.0,33.5,151.8,28.95,33.36,33.9,91.0,15.3,56.7,100.0,242.5,2931.0,1.35,37.25,15.06,6.98,35.95,29.04,0.0,250.5,1200.0
148682.236,62282.236,140.0,90.60000000000001,22.61,16.0,171.5,33.550000000000004,152.1,28.95,33.21,33.9,90.5,15.25,56.900000000000006,100.0,244.5,2937.0,1.5,37.2,15.01,7.0200000000000005,35.980000000000004,29.0,0.0,248.5,1200.0
148742.236,62342.236,140.0,91.60000000000001,22.68,16.0,172.0,33.45,150.8,29.1,33.31,33.95,90.0,15.200000000000001,57.1,99.9,252.5,2937.0,1.32,37.35,14.96,7.04,36.06,28.94,0.0,247.5,1200.0
148802.236,62402.236,140.0,91.7,22.67,16.01,172.0,33.4,150.1,29.0,33.2,33.95,90.5,15.25,56.900000000000006,100.0,244.0,2936.0,1.3800000000000001,37.25,14.99,7.0200000000000005,36.04,28.94,1.0,251.5,1200.0
148862.236,62462.236,140.0,91.2,22.68,15.97,170.5,33.45,152.8,29.04,33.32,33.9,89.0,15.25,56.6,100.0,247.0,2934.0,1.26,37.25,15.0,6.92,36.03,29.03,0.0,250.0,1200.0
148922.236,62522.236,140.0,92.60000000000001,22.61,16.0,170.0,33.550000000000004,152.70000000000002,29.04,33.3,33.95,89.5,15.4,56.7,99.9,245.0,2942.0,1.42,37.35,14.93,7.05,36.0,28.95,0.0,249.5,1200.0
148982.236,62582.236,140.0,91.80000000000001,22.67,16.01,173.5,33.45,149.8,29.0,33.29,34.0,92.5,15.3,57.0,100.0,241.0,2937.0,1.54,37.25,14.92,7.08,36.04,29.060000000000002,1.0,250.0,1200.0
149042.236,62642.236,140.0,91.7,22.64,15.950000000000001,170.5,33.35,151.5,28.98,33.3,33.95,92.5,15.350000000000001,57.6,100.0,242.5,2940.0,1.43,37.300000000000004,15.040000000000001,7.0,35.94,29.0,1.0,248.5,1200.0
149102.236,62702.236,140.0,90.30000000000001,22.7,15.870000000000001,172.5,33.6,151.70000000000002,29.04,33.26,33.85,90.5,15.25,57.1,100.0,245.0,2939.0,1.3800000000000001,37.4,14.98,6.97,35.97,29.04,2.0,250.5,1200.0
149162.236,62762.236,140.0,90.60000000000001,22.650000000000002,15.96,171.0,33.4,151.1,29.03,33.34,33.85,89.5,15.25,57.1,99.80000000000001,246.0,2940.0,1.33,37.35,15.0,7.0,36.01,28.97,2.0,253.0,1200.0
149222.236,62822.236,140.0,91.9,22.61,16.05,171.5,33.550000000000004,152.5,29.09,33.31,33.95,92.5,15.5,57.2,99.9,249.0,2948.0,1.27,37.35,15.02,7.0,36.03,28.97,0.0,252.0,1200.0
149282.236,62882.236,140.0,90.60000000000001,22.66,15.98,170.5,33.4,152.0,28.990000000000002,33.31,33.95,91.5,15.3,56.800000000000004,99.80000000000001,248.0,2943.0,1.49,37.45,15.01,7.04,36.03,29.080000000000002,1.0,246.5,1200.0
149342.236,62942.236,140.0,91.0,22.650000000000002,16.02,171.5,33.45,150.70000000000002,29.0,33.38,33.9,90.0,15.200000000000001,57.1,99.80000000000001,244.0,2941.0,1.24,37.5,15.030000000000001,6.99,36.01,29.03,3.0,248.0,1200.0
149402.236,63002.236,140.0,91.4,22.67,15.96,172.0,33.6,153.1,28.990000000000002,33.3,33.95,91.5,15.200000000000001,57.400000000000006,100.0,252.0,2937.0,1.46,37.300000000000004,14.99,6.96,35.99,28.900000000000002,1.0,247.0,1200.0
149462.236,63062.236,140.0,92.10000000000001,22.7,16.02,172.5,33.45,151.20000000000002,29.04,33.29,33.85,90.5,15.4,57.1,99.9,246.5,2942.0,1.3900000000000001,37.35,14.96,7.03,35.980000000000004,28.96,1.0,248.0,1200.0
149522.236,63122.236,140.0,90.30000000000001,22.740000000000002,15.94,171.5,33.4,151.5,29.0,33.37,33.95,89.5,15.200000000000001,56.900000000000006,99.9,249.0,2936.0,1.35,37.4,14.98,6.94,35.97,28.96,1.0,243.0,1200.0
149582.236,63182.236,140.0,91.0,22.68,16.0,172.0,33.300000000000004,151.3,29.18,33.26,34.0,90.0,15.25,57.400000000000006,100.0,248.0,2941.0,1.51,37.4,15.09,6.92,36.09,28.990000000000002,0.0,248.5,1200.0
149642.236,63242.236,140.0,90.9,22.650000000000002,15.96,173.0,33.45,150.20000000000002,29.0,33.410000000000004,34.050000000000004,93.0,15.25,56.6,100.0,249.5,2939.0,1.4000000000000001,37.550000000000004,14.96,7.09,35.97,29.03,1.0,247.5,1200.0
149702.236,63302.236,140.0,90.7,22.71,16.01,172.0,33.4,152.5,29.0,33.38,33.85,90.0,15.25,57.0,99.9,245.5,2943.0,1.41,37.35,15.030000000000001,7.03,36.03,29.080000000000002,4.0,248.0,1200.0
149762.236,63362.236,140.0,91.10000000000001,22.69,16.0,172.0,33.4,153.20000000000002,29.04,33.35,33.9,90.0,15.3,56.800000000000004,100.0,247.5,2940.0,1.3800000000000001,37.35,14.97,6.98,36.08,29.02,1.0,246.0,1200.0
149822.236,63422.236,140.0,90.10000000000001,22.66,16.06,172.0,33.550000000000004,151.70000000000002,28.91,33.27,33.7,90.5,15.450000000000001,56.7,99.80000000000001,249.0,2936.0,1.42,37.35,14.98,6.98,35.980000000000004,29.0,2.0,245.5,1200.0
149882.236,63482.236,140.0,91.2,22.62,15.950000000000001,171.5,33.300000000000004,151.3,28.95,33.36,33.95,92.5,15.200000000000001,57.2,99.9,246.5,2934.0,1.41,37.4,15.01,6.99,35.94,28.96,0.0,247.5,1200.0
149942.235,63542.235,140.0,90.5,22.72,15.94,173.5,33.4,150.1,28.96,33.33,33.95,93.0,15.200000000000001,57.2,99.9,248.5,2932.0,1.36,37.45,15.0,7.01,35.97,29.04,0.0,249.0,1200.0
150002.235,63602.235,140.0,92.30000000000001,22.6,16.01,172.0,33.5,151.6,29.02,33.26,33.9,93.0,15.15,56.6,99.60000000000001,243.5,2931.0,1.36,37.300000000000004,14.92,6.98,35.980000000000004,28.92,0.0,246.0,1200.0
150062.235,63662.235,140.0,90.7,22.62,15.99,173.0,33.35,151.8,28.95,33.21,33.9,90.5,15.200000000000001,57.0,99.9,240.5,2935.0,1.09,37.2,14.96,7.04,35.910000000000004,28.900000000000002,0.0,241.5,1200.0
150122.235,63722.235,140.0,91.0,22.68,16.12,172.5,33.4,150.8,28.91,33.28,33.800000000000004,91.5,15.200000000000001,57.400000000000006,100.0,239.5,2934.0,1.35,37.300000000000004,14.950000000000001,6.99,36.0,28.990000000000002,2.0,243.0,1200.0
150182.235,63782.235,140.0,90.0,22.650000000000002,15.97,171.0,33.4,150.9,28.98,33.25,33.9,92.0,15.4,56.900000000000006,100.0,243.0,2930.0,1.47,37.2,14.97,7.0200000000000005,35.97,29.02,3.0,247.0,1200.0
150242.235,63842.235,140.0,92.0,22.66,16.01,171.5,33.35,152.6,28.95,33.25,33.85,91.0,15.3,56.900000000000006,99.9,248.5,2929.0,1.24,37.300000000000004,15.0,7.0,35.99,29.03,0.0,244.0,1200.0
150302.235,63902.235,140.0,91.9,22.650000000000002,16.01,174.0,33.4,151.70000000000002,28.900000000000002,33.28,33.75,92.5,15.450000000000001,56.5,100.0,244.5,2934.0,1.44,37.25,15.030000000000001,6.99,35.96,28.900000000000002,0.0,248.5,1200.0
150362.235,63962.235,140.0,91.30000000000001,22.7,16.06,172.5,33.4,151.3,28.900000000000002,33.28,33.95,90.5,15.200000000000001,56.800000000000004,100.0,245.0,2928.0,1.44,37.2,15.01,7.0200000000000005,35.88,29.09,0.0,242.5,1200.0
150422.235,64022.235,140.0,90.7,22.580000000000002,16.01,173.0,33.45,152.0,28.94,33.33,33.65,91.5,15.200000000000001,57.400000000000006,100.0,244.5,2927.0,1.35,37.300000000000004,14.93,7.01,36.01,29.04,0.0,243.5,1200.0
150482.235,64082.235,140.0,91.2,22.61,15.96,172.0,33.4,151.3,28.94,33.34,33.800000000000004,90.0,15.350000000000001,56.800000000000004,100.0,247.0,2936.0,1.3800000000000001,37.1,15.0,6.98,36.01,28.93,1.0,250.0,1200.0
150542.235,64142.235,140.0,90.2,22.69,16.0,169.5,33.5,151.5,28.900000000000002,33.18,33.75,90.0,15.4,56.900000000000006,100.0,248.0,2933.0,1.5,37.1,14.99,7.0200000000000005,35.93,28.96,0.0,250.0,1200.0
150602.235,64202.235,140.0,90.80000000000001,22.6,16.02,170.5,33.45,150.0,29.01,33.27,33.800000000000004,89.5,15.3,57.400000000000006,100.0,249.5,2931.0,1.24,37.25,15.0,7.05,35.99,29.04,0.0,242.5,1200.0
150662.235,64262.235,140.0,92.30000000000001,22.64,16.02,171.0,33.35,151.6,29.01,33.37,33.800000000000004,90.0,15.3,57.400000000000006,99.5,252.5,2929.0,1.22,37.1,14.950000000000001,7.0,36.0,28.94,1.0,244.5,1200.0
150722.235,64322.235,140.0,90.30000000000001,22.66,16.01,169.5,33.45,152.70000000000002,28.990000000000002,33.18,33.800000000000004,92.0,15.25,57.0,100.0,246.0,2937.0,1.5,37.300000000000004,15.02,7.0200000000000005,35.96,29.0,0.0,244.5,1200.0
150782.235,64382.235,140.0,89.60000000000001,22.73,15.97,171.5,33.300000000000004,149.5,28.95,33.18,33.85,91.0,15.25,57.1,99.80000000000001,240.5,2935.0,1.28,37.4,14.99,7.05,36.03,29.02,0.0,251.0,1200.0
150842.235,64442.235,140.0,89.60000000000001,22.71,16.05,172.0,33.5,151.4,28.93,33.26,33.85,90.5,15.25,56.800000000000004,99.7,245.5,2934.0,1.36,37.15,14.96,7.0200000000000005,35.93,28.990000000000002,1.0,248.5,1200.0
150902.235,64502.235,140.0,90.9,22.68,16.05,172.5,33.300000000000004,152.6,28.85,33.22,33.7,90.5,15.25,57.6,100.0,244.0,2926.0,1.26,37.300000000000004,15.05,6.96,35.980000000000004,28.95,0.0,249.0,1200.0
150962.235,64562.235,140.0,90.2,22.75,15.98,171.5,33.35,152.8,28.990000000000002,33.25,33.800000000000004,90.5,15.3,57.800000000000004,100.0,249.5,2936.0,1.52,37.25,14.950000000000001,7.0200000000000005,36.02,29.01,0.0,248.0,1200.0
151022.235,64622.235,140.0,89.60000000000001,22.72,16.03,172.5,33.35,151.20000000000002,28.89,33.25,33.85,90.0,15.25,57.5,99.60000000000001,248.0,2934.0,1.32,37.45,14.99,7.03,35.96,29.0,0.0,245.5,1200.0
151082.235,64682.235,140.0,90.7,22.69,16.02,173.5,33.550000000000004,150.8,28.900000000000002,33.25,33.75,91.5,15.3,57.7,99.60000000000001,247.0,2943.0,1.44,37.4,15.11,7.01,35.96,29.0,0.0,249.0,1200.0
151142.235,64742.235,140.0,91.10000000000001,22.67,16.01,168.5,33.45,153.8,28.85,33.31,33.85,94.5,15.4,57.2,100.0,249.0,2934.0,1.42,37.300000000000004,15.0,6.99,36.06,29.04,0.0,246.0,1200.0
151202.235,64802.235,140.0,91.60000000000001,22.72,16.01,171.0,33.45,151.6,28.94,33.3,33.9,91.0,15.200000000000001,57.7,99.60000000000001,247.5,2935.0,1.57,37.2,14.98,7.05,36.04,29.01,2.0,250.0,1200.0
151262.235,64862.235,140.0,91.9,22.62,15.99,167.0,33.4,151.9,28.89,33.24,33.9,89.0,15.15,57.300000000000004,100.0,244.5,2938.0,1.57,37.35,15.05,6.98,36.0,29.0,0.0,246.0,1200.0
151322.235,64922.235,140.0,91.0,22.39,15.9,171.5,33.4,150.6,28.91,33.17,33.85,91.0,15.05,57.0,100.0,244.0,2927.0,1.22,37.300000000000004,14.97,6.96,35.92,28.990000000000002,0.0,245.0,1200.0
151382.235,64982.235,140.0,91.7,22.330000000000002,15.89,173.0,33.25,150.6,28.85,33.08,33.7,91.5,15.200000000000001,55.800000000000004,99.7,240.5,2921.0,1.47,37.25,15.01,7.0,36.050000000000004,29.03,0.0,243.0,1200.0
151442.235,65042.235,140.0,90.9,22.18,15.9,169.0,33.2,152.8,28.8,33.01,33.65,90.0,15.25,55.1,99.80000000000001,239.5,2907.0,1.37,37.1,14.99,6.96,35.980000000000004,29.02,0.0,233.5,1200.0
151502.235,65102.235,140.0,90.10000000000001,22.04,15.83,170.0,32.95,149.5,28.91,32.92,33.75,90.0,15.15,54.400000000000006,99.80000000000001,238.5,2900.0,1.45,37.1,14.950000000000001,6.99,36.050000000000004,29.09,0.0,235.0,1200.0
151562.235,65162.235,140.0,91.0,21.98,15.82,169.5,33.050000000000004,151.5,28.900000000000002,32.9,33.65,91.5,15.15,53.1,100.0,233.5,2895.0,1.46,37.0,15.030000000000001,6.97,36.07,28.95,0.0,234.0,1200.0
151622.235,65222.235,140.0,92.2,21.900000000000002,15.89,171.0,32.95,148.9,28.830000000000002,32.85,33.7,92.5,15.200000000000001,53.2,100.0,229.5,2889.0,1.46,36.800000000000004,14.950000000000001,7.0200000000000005,35.980000000000004,29.060000000000002,0.0,230.0,1200.0
151682.235,65282.235,140.0,89.9,21.830000000000002,15.83,170.0,33.050000000000004,152.5,28.85,32.86,33.800000000000004,90.0,15.05,52.6,100.0,228.0,2882.0,1.49,36.85,15.06,7.0,35.96,28.900000000000002,0.0,227.0,1200.0
151742.235,65342.235,140.0,91.10000000000001,21.63,15.73,170.0,33.0,151.9,28.92,32.89,33.75,90.5,15.100000000000001,52.400000000000006,100.0,228.0,2878.0,1.48,36.45,15.06,7.07,35.99,28.95,0.0,221.5,1200.0
151802.235,65402.235,140.0,91.30000000000001,21.56,15.610000000000001,171.0,33.0,150.4,28.93,32.85,33.7,89.0,15.05,51.7,100.0,228.0,2880.0,1.33,36.4,15.02,6.88,35.94,28.98,0.0,222.0,1200.0
151862.235,65462.235,140.0,91.9,21.54,15.77,168.0,32.9,151.4,28.88,32.82,33.6,89.0,15.0,51.6,100.0,228.5,2884.0,1.32,36.35,14.94,7.0,36.04,29.05,1.0,228.0,1200.0
151922.235,65522.235,140.0,92.5,21.77,15.91,170.0,32.95,151.1,28.86,32.83,33.65,90.5,15.25,52.5,99.9,223.5,2865.0,1.46,36.050000000000004,14.99,6.99,36.0,29.02,1.0,218.5,1200.0
151982.235,65582.235,140.0,91.10000000000001,21.92,15.97,170.0,33.050000000000004,151.1,28.91,32.76,33.75,91.5,15.3,53.1,100.0,224.0,2854.0,1.27,36.1,14.96,7.07,35.9,28.990000000000002,2.0,226.0,1200.0
152042.235,65642.235,140.0,90.0,22.06,16.1,168.0,32.75,150.9,28.77,32.730000000000004,33.65,92.0,15.55,53.0,100.0,221.0,2841.0,1.53,36.1,14.94,6.99,36.06,28.98,0.0,219.0,1200.0
152102.235,65702.235,140.0,91.2,22.14,16.2,169.5,32.9,152.4,28.77,32.78,33.5,92.0,15.55,53.0,99.80000000000001,219.5,2836.0,1.3800000000000001,36.050000000000004,15.030000000000001,6.97,36.050000000000004,29.09,0.0,226.5,1200.0
152162.235,65762.235,140.0,90.80000000000001,22.25,16.26,169.0,32.95,151.70000000000002,28.87,32.78,33.65,93.0,15.55,53.300000000000004,99.80000000000001,223.0,2853.0,1.54,35.95,15.030000000000001,7.0600000000000005,36.01,29.04,0.0,224.5,1200.0
152222.235,65822.235,140.0,91.2,22.36,16.18,170.5,32.95,152.70000000000002,28.84,32.89,33.6,91.0,15.450000000000001,54.300000000000004,99.5,224.0,2859.0,1.55,36.0,15.040000000000001,6.97,35.95,28.990000000000002,2.0,226.0,1200.0
152282.235,65882.235,140.0,89.4,22.51,16.16,169.5,33.1,150.1,28.740000000000002,32.910000000000004,33.65,92.0,15.350000000000001,54.800000000000004,100.0,229.5,2861.0,1.36,36.050000000000004,14.97,7.0200000000000005,35.980000000000004,28.96,0.0,226.5,1200.0
152342.235,65942.235,140.0,91.30000000000001,22.6,16.21,170.5,33.0,149.70000000000002,28.810000000000002,32.94,33.65,91.0,15.55,55.900000000000006,100.0,232.5,2876.0,1.41,36.15,14.99,6.98,35.92,29.04,2.0,234.5,1200.0
152402.235,66002.235,140.0,91.5,22.77,16.19,168.5,33.15,150.6,28.67,32.96,33.550000000000004,93.0,15.55,56.300000000000004,100.0,237.5,2885.0,1.45,36.15,14.97,7.04,35.93,29.03,0.0,233.5,1200.0
152462.235,66062.235,140.0,90.7,22.67,16.080000000000002,169.5,33.15,152.0,28.810000000000002,32.980000000000004,33.550000000000004,91.0,15.350000000000001,57.2,99.9,232.0,2901.0,1.46,36.5,14.93,6.96,35.95,28.97,0.0,237.0,1200.0
152522.234,66122.234,140.0,91.0,22.5,16.03,170.5,33.300000000000004,150.6,28.71,33.1,33.5,91.0,15.15,57.1,100.0,236.0,2893.0,1.44,36.5,14.96,7.05,35.97,28.990000000000002,0.0,236.0,1200.0
152582.234,66182.234,140.0,91.7,22.37,15.98,168.0,33.1,151.4,28.8,32.89,33.7,93.0,15.15,55.2,100.0,230.5,2895.0,1.4000000000000001,36.300000000000004,15.040000000000001,6.98,36.050000000000004,29.07,1.0,234.0,1200.0
152642.234,66242.234,140.0,90.30000000000001,22.19,15.950000000000001,167.5,32.95,151.4,28.95,33.02,33.65,93.0,15.350000000000001,55.0,100.0,228.5,2892.0,1.34,36.45,15.05,7.07,35.9,28.990000000000002,0.0,232.0,1200.0
152702.234,66302.234,140.0,93.4,22.16,15.91,169.5,32.9,152.20000000000002,28.84,32.87,33.550000000000004,94.5,15.25,53.800000000000004,100.0,229.5,2887.0,1.31,36.4,14.99,7.0,36.02,29.05,0.0,232.0,1200.0
152762.234,66362.234,140.0,91.2,21.98,15.91,168.5,33.0,152.1,28.82,32.9,33.65,90.5,15.200000000000001,53.300000000000004,99.9,229.0,2881.0,1.48,36.4,15.01,7.03,35.96,28.97,1.0,227.5,1200.0
152822.234,66422.234,140.0,91.9,21.78,15.88,171.5,32.800000000000004,150.5,28.87,32.83,33.7,92.5,15.100000000000001,53.7,100.0,229.0,2876.0,1.31,36.4,14.98,6.95,36.0,29.0,0.0,228.0,1200.0
152882.234,66482.234,140.0,90.9,21.73,15.84,169.5,32.9,151.5,28.82,32.82,33.65,92.0,15.25,53.2,100.0,223.0,2866.0,1.2,36.300000000000004,14.98,7.0200000000000005,35.92,28.98,0.0,224.0,1200.0
152942.234,66542.234,140.0,89.80000000000001,21.64,15.74,167.5,32.800000000000004,152.6,28.86,32.78,33.7,90.5,15.100000000000001,51.7,99.9,226.0,2869.0,1.42,36.050000000000004,14.99,6.99,35.97,28.900000000000002,3.0,223.5,1200.0
153002.234,66602.234,140.0,91.5,21.48,15.56,169.5,32.800000000000004,151.70000000000002,28.78,32.72,33.7,90.5,15.05,52.0,99.7,225.0,2891.0,1.3900000000000001,36.1,14.98,6.99,35.99,29.1,0.0,223.5,1200.0
153062.234,66662.234,140.0,92.30000000000001,21.45,15.610000000000001,167.0,33.0,150.8,28.87,32.77,33.7,90.5,14.950000000000001,51.2,99.4,223.5,2891.0,1.48,36.1,14.96,7.05,36.02,28.97,0.0,225.0,1200.0
153122.234,66722.234,140.0,92.0,21.41,15.56,169.0,32.75,151.70000000000002,28.830000000000002,32.72,33.7,89.5,14.950000000000001,51.900000000000006,99.2,229.0,2892.0,1.34,36.050000000000004,15.030000000000001,7.03,36.03,28.95,0.0,227.0,1200.0
153182.234,66782.234,140.0,91.0,21.47,15.69,170.0,32.75,151.3,28.82,32.660000000000004,33.7,91.0,15.15,51.300000000000004,94.30000000000001,219.5,2894.0,1.35,35.9,14.97,6.96,36.04,29.03,1.0,222.0,1200.0
153242.234,66842.234,140.0,89.5,21.44,15.71,168.0,32.9,152.9,28.88,32.57,33.75,91.0,15.15,51.300000000000004,90.9,217.0,2892.0,1.4000000000000001,36.0,14.98,6.98,35.99,29.03,1.0,217.5,1200.0
153302.234,66902.234,140.0,92.9,21.47,15.77,169.5,32.6,153.0,28.89,32.64,33.800000000000004,88.5,15.100000000000001,50.2,88.4,215.5,2894.0,1.3800000000000001,35.95,14.96,6.98,36.04,29.05,1.0,212.0,1200.0
153362.234,66962.234,140.0,91.0,21.330000000000002,15.84,168.5,32.65,151.5,28.8,32.52,33.75,90.5,15.25,50.2,85.60000000000001,210.0,2891.0,1.33,35.9,14.99,7.03,35.99,29.150000000000002,0.0,208.5,1200.0
153422.234,67022.234,140.0,91.30000000000001,21.34,15.83,167.5,32.45,151.1,28.93,32.59,33.800000000000004,90.0,15.100000000000001,48.900000000000006,82.80000000000001,208.5,2895.0,1.26,35.85,14.97,7.09,36.01,28.93,1.0,211.5,1200.0
153482.234,67082.234,140.0,91.60000000000001,21.330000000000002,15.8,166.5,32.550000000000004,150.1,28.84,32.480000000000004,33.800000000000004,91.5,15.200000000000001,49.2,80.9,210.5,2899.0,1.46,35.85,15.02,6.93,35.88,29.07,1.0,211.5,1200.0
153542.234,67142.234,140.0,91.0,21.3,15.89,166.5,32.75,150.70000000000002,28.87,32.33,33.7,90.0,15.4,48.900000000000006,79.30000000000001,207.0,2896.0,1.26,35.800000000000004,15.01,7.0200000000000005,36.09,28.95,1.0,205.0,1200.0
153602.234,67202.234,140.0,90.7,21.31,15.89,167.5,32.7,150.6,28.900000000000002,32.46,33.6,90.0,15.3,48.800000000000004,77.80000000000001,207.0,2899.0,1.44,35.800000000000004,15.040000000000001,7.05,35.96,29.02,2.0,208.5,1200.0
153662.234,67262.234,140.0,90.7,21.36,15.8,168.5,32.4,150.1,28.77,32.29,33.75,90.5,15.200000000000001,48.400000000000006,76.10000000000001,197.0,2896.0,1.46,35.75,14.99,7.04,35.97,29.0,1.0,204.5,1200.0
153722.234,67322.234,140.0,90.7,21.36,15.89,165.0,32.5,151.1,28.830000000000002,32.38,33.800000000000004,91.5,15.4,48.0,75.4,201.0,2903.0,1.3900000000000001,35.65,14.99,6.98,36.0,28.88,2.0,200.0,1200.0
153782.234,67382.234,140.0,89.60000000000001,21.29,15.88,165.5,32.4,149.20000000000002,28.78,32.39,33.800000000000004,90.5,15.25,48.2,74.60000000000001,202.5,2899.0,1.53,35.85,15.1,7.04,36.02,28.96,1.0,204.5,1200.0
153842.234,67442.234,140.0,90.60000000000001,21.38,15.94,168.0,32.45,151.20000000000002,28.77,32.3,33.7,89.5,15.15,47.7,73.7,203.0,2893.0,1.53,35.95,15.06,7.01,35.99,29.05,0.0,198.5,1200.0
153902.234,67502.234,140.0,91.4,21.36,15.96,166.0,32.35,152.6,28.8,32.34,33.75,92.0,15.25,47.800000000000004,73.7,202.5,2898.0,1.44,35.75,14.94,7.08,36.01,29.05,2.0,199.0,1200.0
153962.234,67562.234,140.0,91.60000000000001,21.25,15.93,166.5,32.35,151.3,28.89,32.21,33.7,92.5,15.350000000000001,47.900000000000006,72.5,204.5,2896.0,1.35,35.65,14.97,7.0200000000000005,35.980000000000004,28.97,1.0,202.0,1200.0
154022.234,67622.234,140.0,88.9,21.31,15.91,165.5,32.35,150.70000000000002,28.86,32.29,33.65,90.0,15.4,47.5,73.10000000000001,199.5,2894.0,1.41,35.7,14.96,7.0200000000000005,36.01,29.0,0.0,201.0,1200.0
154082.234,67682.234,140.0,89.5,21.3,15.97,167.5,32.550000000000004,150.0,28.77,32.31,33.75,90.5,15.4,46.800000000000004,72.0,195.5,2895.0,1.59,35.550000000000004,15.02,7.0200000000000005,36.03,28.990000000000002,0.0,202.5,1200.0
154142.234,67742.234,140.0,90.5,21.37,16.0,167.5,32.4,151.3,28.84,32.27,33.75,91.5,15.25,46.900000000000006,71.9,202.5,2896.0,1.59,35.7,14.96,6.97,35.910000000000004,29.04,0.0,202.0,1200.0
154202.234,67802.234,140.0,91.9,21.3,15.98,165.0,32.25,152.6,28.73,32.26,33.75,90.5,15.5,46.900000000000006,71.5,199.0,2894.0,1.44,35.65,14.98,7.07,35.99,29.04,1.0,195.5,1200.0
154262.234,67862.234,140.0,89.2,21.400000000000002,15.98,166.5,32.300000000000004,150.4,28.76,32.28,33.85,92.0,15.4,47.300000000000004,72.7,195.5,2890.0,1.62,35.6,15.0,6.97,35.910000000000004,28.990000000000002,0.0,195.0,1200.0
154322.234,67922.234,140.0,91.7,21.46,16.03,167.5,32.4,151.8,28.79,32.34,33.65,91.5,15.600000000000001,48.2,74.3,199.5,2885.0,1.47,35.6,15.01,6.91,36.01,28.990000000000002,0.0,202.5,1200.0
154382.234,67982.234,140.0,90.9,21.47,16.12,166.5,32.300000000000004,151.6,28.810000000000002,32.3,33.7,93.5,15.450000000000001,48.5,76.7,201.5,2882.0,1.34,35.550000000000004,15.030000000000001,7.01,36.02,29.080000000000002,0.0,201.5,1200.0
154442.234,68042.234,140.0,92.10000000000001,21.56,16.11,165.0,32.550000000000004,152.9,28.79,32.4,33.7,91.5,15.350000000000001,48.5,79.4,200.5,2871.0,1.3800000000000001,35.5,15.05,6.99,36.0,29.03,0.0,207.0,1200.0
154502.234,68102.234,140.0,88.30000000000001,21.67,16.11,166.5,32.5,152.5,28.85,32.44,33.800000000000004,90.5,15.5,49.400000000000006,81.9,202.5,2866.0,1.48,35.6,14.96,7.07,36.03,29.03,0.0,206.0,1200.0
154562.234,68162.234,140.0,90.2,21.76,16.17,168.5,32.6,149.9,28.87,32.49,33.65,91.5,15.55,50.400000000000006,85.0,205.5,2868.0,1.5,35.550000000000004,15.0,7.0200000000000005,35.95,29.05,0.0,204.0,1200.0
154622.234,68222.234,140.0,91.4,21.8,16.14,168.0,32.7,152.20000000000002,28.830000000000002,32.52,33.7,91.0,15.65,50.7,88.60000000000001,211.0,2855.0,1.37,35.6,15.02,6.91,36.050000000000004,28.94,0.0,211.5,1200.0
154682.234,68282.234,140.0,91.0,21.830000000000002,16.19,168.0,32.75,149.4,28.87,32.65,33.800000000000004,91.5,15.350000000000001,51.300000000000004,91.5,206.0,2854.0,1.3800000000000001,35.6,15.0,7.01,35.93,29.0,0.0,209.5,1200.0
154742.234,68342.234,140.0,91.0,21.93,16.240000000000002,169.5,32.800000000000004,151.5,28.82,32.68,33.800000000000004,92.5,15.450000000000001,51.5,95.30000000000001,216.0,2843.0,1.41,35.6,14.98,7.01,36.03,28.95,3.0,216.5,1200.0
154802.234,68402.234,140.0,89.4,22.0,16.16,169.5,32.9,152.0,28.85,32.74,33.7,89.5,15.450000000000001,52.400000000000006,98.30000000000001,221.5,2839.0,1.35,35.65,15.01,7.01,35.980000000000004,29.05,0.0,220.0,1200.0
154862.234,68462.234,140.0,92.0,21.94,16.17,165.5,32.85,151.0,28.89,32.730000000000004,33.6,90.0,15.65,53.0,100.0,213.0,2839.0,1.45,35.550000000000004,14.96,6.96,35.95,29.01,2.0,218.0,1200.0
154922.234,68522.234,140.0,91.9,21.89,16.1,168.5,32.800000000000004,152.1,28.82,32.7,33.6,93.0,15.450000000000001,53.400000000000006,99.7,221.0,2840.0,1.34,35.800000000000004,15.01,7.0,35.92,28.98,1.0,216.0,1200.0
154982.234,68582.234,140.0,90.0,21.91,16.12,168.0,32.85,150.1,28.86,32.63,33.6,93.5,15.350000000000001,52.7,99.2,216.5,2840.0,1.45,35.75,14.96,6.98,36.04,28.97,0.0,217.0,1200.0
155042.234,68642.234,140.0,91.2,21.88,16.11,170.5,32.85,151.4,28.77,32.8,33.7,90.0,15.350000000000001,52.5,99.30000000000001,221.0,2846.0,1.42,35.800000000000004,14.94,7.0,36.0,29.01,1.0,220.0,1200.0
155102.233,68702.233,140.0,91.5,21.8,15.99,166.0,32.85,151.3,28.77,32.68,33.7,90.0,15.5,52.2,97.4,218.0,2843.0,1.46,35.7,15.01,7.01,35.95,29.09,0.0,216.0,1200.0
155162.233,68762.233,140.0,89.80000000000001,21.79,15.92,168.0,32.7,150.9,28.86,32.67,33.5,90.5,15.450000000000001,51.2,96.60000000000001,219.0,2855.0,1.41,35.75,15.01,6.97,35.980000000000004,28.93,3.0,215.0,1200.0
155222.233,68822.233,140.0,91.7,21.63,15.91,164.5,32.800000000000004,151.4,28.71,32.58,33.65,91.0,15.350000000000001,52.0,94.80000000000001,216.0,2860.0,1.41,35.75,15.040000000000001,7.03,36.050000000000004,29.060000000000002,0.0,215.0,1200.0
155282.233,68882.233,140.0,90.7,21.75,15.94,169.5,32.7,151.9,28.75,32.53,33.65,91.0,15.3,51.5,94.10000000000001,215.5,2860.0,1.44,35.6,14.97,7.05,36.0,28.98,0.0,211.5,1200.0
155342.233,68942.233,140.0,90.5,21.66,15.9,165.5,32.75,152.6,28.810000000000002,32.54,33.550000000000004,91.0,15.25,51.5,91.80000000000001,222.0,2863.0,1.51,35.75,14.98,6.98,35.99,29.02,0.0,212.0,1200.0
155402.233,69002.233,140.0,91.7,21.57,15.950000000000001,167.0,32.7,151.0,28.73,32.58,33.6,89.0,15.4,50.400000000000006,90.5,210.0,2868.0,1.1400000000000001,35.65,14.950000000000001,7.0200000000000005,35.99,29.01,1.0,211.0,1200.0
155462.233,69062.233,140.0,92.5,21.63,15.98,170.0,32.800000000000004,152.1,28.78,32.43,33.5,90.5,15.350000000000001,50.900000000000006,88.7,211.5,2870.0,1.25,35.65,14.99,6.98,36.08,29.02,0.0,211.0,1200.0
155522.233,69122.233,140.0,91.2,21.62,15.92,168.0,32.65,151.6,28.8,32.51,33.65,91.0,15.4,50.900000000000006,87.10000000000001,208.5,2874.0,1.32,35.65,14.92,7.03,36.0,29.07,0.0,210.0,1200.0
155582.233,69182.233,140.0,92.10000000000001,21.57,15.88,168.0,32.550000000000004,151.5,28.900000000000002,32.53,33.75,91.5,15.4,50.400000000000006,85.80000000000001,215.5,2871.0,1.3,35.7,14.99,6.97,35.97,28.990000000000002,0.0,206.0,1200.0
155642.233,69242.233,140.0,91.10000000000001,21.52,15.950000000000001,166.0,32.550000000000004,151.8,28.68,32.37,33.75,91.5,15.450000000000001,49.6,83.7,208.0,2876.0,1.3800000000000001,35.7,15.02,6.99,36.02,29.04,0.0,211.5,1200.0
155702.233,69302.233,140.0,91.9,21.46,15.950000000000001,167.0,32.6,152.70000000000002,28.73,32.46,33.6,89.0,15.3,49.6,82.60000000000001,209.5,2881.0,1.3900000000000001,35.550000000000004,15.02,7.03,35.99,29.0,2.0,207.0,1200.0
155762.233,69362.233,140.0,91.5,21.44,15.92,168.0,32.4,151.9,28.72,32.39,33.65,91.0,15.350000000000001,49.5,81.0,206.5,2883.0,1.26,35.6,14.950000000000001,7.01,36.02,28.990000000000002,2.0,209.5,1200.0
155822.233,69422.233,140.0,91.5,21.38,16.01,167.0,32.5,151.9,28.77,32.33,33.65,89.5,15.4,49.1,79.30000000000001,206.5,2886.0,1.3,35.550000000000004,15.040000000000001,7.07,36.1,28.990000000000002,1.0,207.5,1200.0
155882.233,69482.233,140.0,92.80000000000001,21.35,15.950000000000001,167.0,32.35,150.70000000000002,28.830000000000002,32.3,33.75,90.5,15.3,48.0,77.60000000000001,201.5,2888.0,1.3900000000000001,35.550000000000004,14.99,7.04,35.96,28.98,0.0,204.5,1200.0
155942.233,69542.233,140.0,90.5,21.29,15.870000000000001,165.0,32.4,152.20000000000002,28.69,32.28,33.800000000000004,92.0,15.200000000000001,48.400000000000006,76.10000000000001,207.0,2885.0,1.62,35.65,15.05,7.01,35.980000000000004,29.03,0.0,200.5,1200.0
156002.233,69602.233,140.0,89.30000000000001,21.32,15.97,164.5,32.4,151.20000000000002,28.67,32.3,33.65,91.0,15.4,48.2,74.4,204.0,2894.0,1.41,35.550000000000004,15.07,6.93,36.04,29.02,0.0,202.5,1200.0
156062.233,69662.233,140.0,90.4,21.36,15.870000000000001,165.5,32.35,152.9,28.8,32.230000000000004,33.85,91.5,15.200000000000001,46.900000000000006,73.9,201.0,2889.0,1.4000000000000001,35.6,15.030000000000001,7.01,35.910000000000004,29.01,1.0,201.0,1200.0
156122.233,69722.233,140.0,92.10000000000001,21.36,15.96,166.0,32.4,151.5,28.77,32.31,33.800000000000004,90.5,15.25,47.800000000000004,73.3,197.0,2890.0,1.37,35.6,14.98,6.94,36.03,29.02,0.0,196.5,1200.0
156182.233,69782.233,140.0,90.4,21.34,16.01,165.0,32.2,152.3,28.72,32.22,33.6,92.5,15.350000000000001,48.0,73.10000000000001,199.0,2892.0,1.25,35.5,14.950000000000001,7.0,36.04,29.02,0.0,201.5,1200.0
156242.233,69842.233,140.0,89.9,21.34,15.98,167.5,32.25,151.4,28.7,32.21,33.65,92.0,15.4,46.6,73.0,203.5,2896.0,1.54,35.5,14.96,7.04,36.02,28.96,0.0,198.0,1200.0
156302.233,69902.233,140.0,91.4,21.400000000000002,15.91,165.0,32.4,152.1,28.73,32.32,33.800000000000004,92.0,15.350000000000001,47.900000000000006,73.2,203.0,2889.0,1.5,35.7,15.05,7.0200000000000005,35.92,28.91,1.0,196.5,1200.0
156362.233,69962.233,140.0,90.5,21.37,15.97,166.5,32.300000000000004,150.4,28.79,32.22,33.7,89.5,15.4,47.800000000000004,73.2,199.0,2891.0,1.42,35.550000000000004,14.97,6.96,35.96,28.92,0.0,202.5,1200.0
156422.233,70022.233,140.0,91.7,21.37,16.0,166.5,32.25,151.0,28.7,32.19,33.550000000000004,91.5,15.450000000000001,48.0,73.4,202.5,2887.0,1.51,35.550000000000004,15.0,7.0200000000000005,36.01,29.0,0.0,200.0,1200.0
156482.233,70082.233,140.0,92.7,21.400000000000002,16.03,166.5,32.300000000000004,149.0,28.73,32.21,33.75,90.5,15.350000000000001,48.2,73.60000000000001,198.5,2890.0,1.35,35.65,14.93,7.04,36.01,28.95,0.0,200.5,1200.0
156542.233,70142.233,140.0,92.2,21.43,16.0,164.5,32.35,152.6,28.67,32.3,33.800000000000004,91.0,15.450000000000001,47.900000000000006,74.2,196.5,2884.0,1.3,35.65,14.97,6.96,35.97,28.98,0.0,194.5,1200.0
156602.233,70202.233,140.0,90.5,21.38,16.07,165.0,32.35,150.70000000000002,28.67,32.230000000000004,33.9,90.0,15.350000000000001,48.800000000000004,74.4,197.0,2881.0,1.44,35.65,14.98,7.0200000000000005,36.06,29.0,0.0,200.5,1200.0
156662.233,70262.233,140.0,89.30000000000001,21.37,16.02,165.5,32.45,151.5,28.73,32.29,33.6,91.0,15.350000000000001,48.400000000000006,73.9,196.5,2882.0,1.21,35.550000000000004,15.030000000000001,6.99,35.99,28.96,0.0,196.5,1200.0
156722.233,70322.233,140.0,91.7,21.28,15.92,163.5,32.2,150.70000000000002,28.740000000000002,32.26,33.65,94.5,15.3,47.7,73.60000000000001,196.5,2884.0,1.36,35.45,14.98,6.99,36.03,28.98,0.0,196.5,1200.0
156782.233,70382.233,140.0,89.60000000000001,21.37,16.02,167.0,32.35,152.0,28.740000000000002,32.21,33.7,92.0,15.3,47.6,72.7,198.0,2882.0,1.29,35.4,14.98,6.99,36.04,28.91,0.0,196.5,1200.0
156842.233,70442.233,140.0,91.4,21.43,15.96,165.5,32.35,152.3,28.76,32.24,33.7,91.0,15.3,47.0,72.0,194.0,2888.0,1.33,35.4,14.99,7.03,35.97,28.990000000000002,0.0,201.5,1200.0
156902.233,70502.233,140.0,91.60000000000001,21.28,16.01,166.5,32.5,151.6,28.76,32.29,33.85,93.5,15.450000000000001,47.0,71.60000000000001,200.0,2895.0,1.24,35.5,15.01,6.95,35.97,28.97,0.0,199.0,1200.0
156962.233,70562.233,140.0,92.5,21.25,16.03,164.5,32.25,152.5,28.77,32.25,33.9,92.0,15.4,47.300000000000004,70.9,199.5,2895.0,1.2,35.550000000000004,14.97,7.03,36.01,29.01,1.0,197.0,1200.0
157022.233,70622.233,140.0,90.60000000000001,21.18,15.91,164.0,32.35,152.0,28.71,32.18,33.85,91.5,15.25,47.300000000000004,70.4,195.5,2895.0,1.48,35.5,15.0,7.0200000000000005,36.06,28.94,0.0,195.0,1200.0
157082.233,70682.233,140.0,91.7,21.28,15.99,165.0,32.35,151.4,28.79,32.230000000000004,33.800000000000004,91.0,15.25,46.6,69.2,198.5,2905.0,1.41,35.550000000000004,15.06,6.99,36.02,29.03,0.0,195.0,1200.0
157142.233,70742.233,140.0,90.60000000000001,21.2,15.97,164.5,32.25,149.5,28.86,32.31,33.800000000000004,91.5,15.3,46.2,68.5,190.5,2905.0,1.3900000000000001,35.550000000000004,14.93,7.0200000000000005,36.04,28.95,1.0,196.0,1200.0
157202.233,70802.233,140.0,91.7,21.25,15.94,166.5,32.35,151.70000000000002,28.82,32.2,33.800000000000004,93.0,15.350000000000001,46.6,68.10000000000001,196.5,2903.0,1.3900000000000001,35.5,14.97,6.99,36.02,29.04,0.0,195.0,1200.0
157262.233,70862.233,140.0,90.30000000000001,21.12,15.93,166.0,32.300000000000004,150.6,28.810000000000002,32.27,33.9,91.5,15.3,46.5,67.5,194.5,2908.0,1.37,35.6,14.97,6.98,36.08,29.0,0.0,197.0,1200.0
157322.233,70922.233,140.0,91.2,21.17,15.93,164.5,32.300000000000004,151.20000000000002,28.82,32.26,34.050000000000004,90.5,15.450000000000001,45.900000000000006,66.4,198.0,2909.0,1.42,35.550000000000004,14.99,6.99,36.03,28.96,2.0,191.0,1200.0
157382.233,70982.233,140.0,90.9,21.11,15.94,167.5,32.35,149.70000000000002,28.8,32.2,33.85,92.0,15.350000000000001,46.1,66.7,197.5,2913.0,1.48,35.550000000000004,14.85,7.01,36.050000000000004,29.0,1.0,198.0,1200.0
157442.233,71042.233,140.0,91.60000000000001,21.13,15.97,166.0,32.4,151.3,28.78,32.12,34.15,94.0,15.350000000000001,46.1,66.2,197.0,2912.0,1.46,35.550000000000004,14.97,7.03,36.01,28.97,2.0,198.5,1200.0
157502.233,71102.233,140.0,89.9,21.150000000000002,15.89,166.0,32.25,151.3,28.91,32.25,33.95,91.5,15.4,46.400000000000006,66.10000000000001,194.0,2915.0,1.33,35.6,15.040000000000001,7.0,36.12,29.03,2.0,198.0,1200.0
157562.233,71162.233,140.0,90.9,21.07,15.96,168.0,32.15,151.5,28.89,32.19,33.9,90.5,15.25,46.1,65.3,192.0,2917.0,1.48,35.75,14.98,7.01,36.0,29.03,3.0,196.0,1200.0
157622.233,71222.233,140.0,90.30000000000001,21.12,15.950000000000001,163.5,32.300000000000004,153.3,28.88,32.25,34.0,91.5,15.25,45.5,65.2,194.5,2914.0,1.43,35.65,15.05,7.04,36.0,28.84,0.0,193.5,1200.0
157682.233,71282.233,140.0,91.80000000000001,21.09,15.94,165.5,32.4,151.3,28.82,32.230000000000004,33.9,89.5,15.350000000000001,46.0,65.10000000000001,190.0,2920.0,1.45,35.550000000000004,15.06,6.97,36.06,29.03,0.0,192.5,1200.0
157742.233,71342.233,140.0,90.5,21.13,15.91,166.0,32.15,151.20000000000002,28.77,32.15,33.95,91.5,15.5,45.6,64.10000000000001,192.0,2918.0,1.41,35.6,15.06,7.04,35.980000000000004,29.05,0.0,189.0,1200.0
157802.232,71402.232,140.0,90.4,21.09,15.950000000000001,166.0,32.35,150.4,28.86,32.26,34.050000000000004,90.5,15.5,45.900000000000006,63.800000000000004,194.5,2917.0,1.41,35.800000000000004,15.08,6.96,36.03,28.98,0.0,193.0,1200.0
157862.232,71462.232,140.0,90.5,21.18,16.01,163.0,32.15,150.9,28.89,32.18,34.050000000000004,91.5,15.450000000000001,45.1,64.8,194.0,2910.0,1.37,35.6,14.96,6.99,35.980000000000004,28.98,0.0,192.0,1200.0
157922.232,71522.232,140.0,90.5,21.27,15.96,166.0,32.35,150.8,28.8,32.14,33.85,90.5,15.450000000000001,45.800000000000004,65.10000000000001,196.0,2910.0,1.29,35.6,14.99,7.01,36.01,29.02,0.0,188.5,1200.0
157982.232,71582.232,140.0,91.4,21.31,16.07,166.0,32.45,150.6,28.75,32.160000000000004,33.85,90.5,15.450000000000001,46.900000000000006,66.10000000000001,192.5,2902.0,1.29,35.550000000000004,15.040000000000001,7.0,36.01,29.04,0.0,190.5,1200.0
158042.232,71642.232,140.0,89.4,21.34,16.09,167.5,32.4,152.70000000000002,28.8,32.28,33.85,92.5,15.5,46.7,67.0,194.0,2897.0,1.42,35.6,15.01,7.0200000000000005,35.95,29.04,0.0,193.5,1200.0
158102.232,71702.232,140.0,93.4,21.490000000000002,16.14,165.5,32.300000000000004,150.9,28.87,32.11,33.85,92.0,15.55,47.1,69.60000000000001,195.5,2894.0,1.33,35.7,15.0,6.96,36.11,28.93,0.0,192.0,1200.0
158162.232,71762.232,140.0,92.30000000000001,21.5,16.11,165.5,32.4,153.0,28.75,32.24,33.75,91.0,15.600000000000001,47.5,70.8,194.5,2884.0,1.4000000000000001,35.75,15.02,7.1000000000000005,36.09,29.0,0.0,197.0,1200.0
158222.232,71822.232,140.0,92.10000000000001,21.54,16.15,168.0,32.300000000000004,151.70000000000002,28.85,32.28,33.7,91.0,15.5,47.900000000000006,74.0,198.0,2872.0,1.49,35.75,15.040000000000001,7.01,36.02,28.94,0.0,199.5,1200.0
158282.232,71882.232,140.0,91.30000000000001,21.59,16.18,167.0,32.4,148.6,28.79,32.34,33.75,93.0,15.5,48.2,77.10000000000001,202.0,2868.0,1.55,35.550000000000004,14.96,7.05,35.89,28.97,0.0,200.0,1200.0
158342.232,71942.232,140.0,91.7,21.64,16.06,165.0,32.550000000000004,152.9,28.740000000000002,32.29,33.800000000000004,90.5,15.5,49.2,79.7,194.5,2865.0,1.49,35.7,14.98,7.01,36.1,29.02,0.0,203.0,1200.0
158402.232,72002.232,140.0,92.4,21.740000000000002,16.18,166.0,32.550000000000004,151.20000000000002,28.77,32.36,33.550000000000004,93.5,15.5,49.7,82.9,208.5,2860.0,1.6,35.65,15.0,6.97,36.1,29.01,0.0,204.0,1200.0
158462.232,72062.232,140.0,89.60000000000001,21.69,16.12,171.5,32.65,150.5,28.73,32.34,33.5,88.0,15.5,50.2,84.4,205.5,2860.0,1.33,35.65,14.96,7.05,36.02,29.0,2.0,207.5,1200.0
158522.232,72122.232,140.0,92.2,21.56,16.11,169.0,32.7,151.0,28.8,32.46,33.550000000000004,90.0,15.5,49.800000000000004,84.0,209.5,2859.0,1.4000000000000001,35.6,15.02,7.04,36.01,29.13,1.0,207.5,1200.0
158582.232,72182.232,140.0,90.7,21.580000000000002,16.05,168.5,32.6,151.20000000000002,28.75,32.5,33.7,91.5,15.3,49.900000000000006,83.9,207.0,2864.0,1.48,35.6,14.98,7.05,36.0,28.990000000000002,1.0,205.5,1200.0
158642.232,72242.232,140.0,91.7,21.61,16.05,167.0,32.6,152.1,28.78,32.37,33.7,91.5,15.350000000000001,49.6,83.60000000000001,205.5,2869.0,1.51,35.550000000000004,15.040000000000001,7.0,36.0,29.060000000000002,1.0,208.0,1200.0
158702.232,72302.232,140.0,90.10000000000001,21.52,16.02,165.5,32.6,150.1,28.78,32.42,33.6,88.0,15.3,49.6,82.5,210.0,2876.0,1.35,35.5,14.97,7.07,35.96,29.01,1.0,205.5,1200.0
158762.232,72362.232,140.0,91.9,21.51,15.92,164.5,32.550000000000004,151.8,28.82,32.480000000000004,33.800000000000004,90.5,15.3,48.1,81.5,205.5,2876.0,1.31,35.7,15.01,6.99,35.980000000000004,29.03,0.0,204.5,1200.0
158822.232,72422.232,140.0,92.2,21.48,15.950000000000001,166.5,32.65,150.6,28.830000000000002,32.42,33.75,89.5,15.4,48.7,80.7,205.5,2878.0,1.51,35.75,15.06,6.96,36.07,28.98,0.0,207.0,1200.0
158882.232,72482.232,140.0,90.10000000000001,21.43,15.98,165.5,32.5,151.1,28.810000000000002,32.39,33.65,91.5,15.450000000000001,49.0,78.7,207.5,2892.0,1.32,35.6,15.07,6.98,36.02,29.080000000000002,0.0,205.0,1200.0
158942.232,72542.232,140.0,90.5,21.39,16.02,166.0,32.5,152.1,28.92,32.29,33.75,94.0,15.3,47.900000000000006,77.60000000000001,206.0,2893.0,1.3800000000000001,35.6,15.02,7.04,36.01,28.990000000000002,0.0,205.5,1200.0
159002.232,72602.232,140.0,92.10000000000001,21.35,15.88,165.5,32.550000000000004,151.6,28.76,32.5,33.85,89.5,15.25,48.0,76.0,206.5,2893.0,1.56,35.65,15.07,7.0,35.980000000000004,29.05,0.0,202.0,1200.0
159062.232,72662.232,140.0,91.2,21.48,16.02,166.0,32.550000000000004,149.6,28.85,32.42,33.65,91.0,15.450000000000001,47.800000000000004,76.9,199.5,2893.0,1.3900000000000001,35.6,15.08,6.94,36.01,29.02,0.0,202.0,1200.0
159122.232,72722.232,140.0,91.60000000000001,21.650000000000002,16.09,167.5,32.5,150.6,28.91,32.47,33.800000000000004,93.0,15.3,48.2,80.10000000000001,202.0,2883.0,1.44,35.550000000000004,15.040000000000001,7.0200000000000005,36.0,29.01,0.0,210.5,1200.0
159182.232,72782.232,140.0,90.9,21.7,16.13,167.5,32.800000000000004,153.0,28.85,32.51,33.75,91.0,15.350000000000001,49.7,85.0,209.5,2868.0,1.28,35.550000000000004,15.01,6.94,35.93,29.04,1.0,205.0,1200.0
159242.232,72842.232,140.0,92.2,21.78,16.19,167.5,32.75,150.5,28.84,32.660000000000004,33.75,93.0,15.3,50.800000000000004,89.4,211.5,2863.0,1.49,35.800000000000004,14.99,7.1000000000000005,35.980000000000004,29.07,3.0,209.0,1200.0
159302.232,72902.232,140.0,92.0,22.01,16.19,165.5,32.7,150.8,28.86,32.72,33.65,92.5,15.5,52.2,94.30000000000001,217.0,2840.0,1.3900000000000001,35.75,15.01,6.96,35.96,29.05,1.0,216.5,1200.0
159362.232,72962.232,140.0,89.4,22.13,16.2,170.0,32.9,149.9,28.87,32.81,33.65,90.0,15.700000000000001,53.2,99.80000000000001,218.5,2829.0,1.43,35.800000000000004,14.99,7.0,36.07,29.03,0.0,222.0,1200.0
159422.232,73022.232,140.0,91.0,22.21,16.39,169.5,32.800000000000004,153.70000000000002,28.84,32.730000000000004,33.550000000000004,92.0,15.75,53.300000000000004,100.0,212.0,2827.0,1.53,35.7,15.040000000000001,6.93,35.97,29.02,0.0,221.0,1200.0
159482.232,73082.232,140.0,90.7,22.35,16.51,168.0,32.95,150.20000000000002,28.96,32.77,33.65,92.0,15.75,54.0,99.7,215.5,2809.0,1.44,35.800000000000004,15.0,7.01,35.96,29.0,0.0,213.0,1200.0
159542.232,73142.232,140.0,91.7,22.55,16.490000000000002,167.5,32.7,151.0,28.94,32.74,33.6,91.0,15.8,54.1,100.0,221.0,2809.0,1.5,35.75,15.01,7.04,35.97,29.060000000000002,2.0,215.5,1200.0
159602.232,73202.232,140.0,90.7,22.64,16.46,169.5,32.95,151.8,28.82,32.910000000000004,33.550000000000004,93.5,15.65,53.7,99.7,218.0,2829.0,1.3800000000000001,35.800000000000004,14.99,6.94,36.06,29.04,3.0,224.0,1200.0
159662.232,73262.232,140.0,91.80000000000001,22.56,16.31,170.5,33.050000000000004,151.4,28.900000000000002,32.910000000000004,33.6,91.5,15.65,54.900000000000006,100.0,222.5,2848.0,1.53,35.9,15.040000000000001,6.91,36.01,28.98,0.0,226.0,1200.0
159722.232,73322.232,140.0,91.2,22.48,16.27,169.0,33.1,151.0,28.810000000000002,32.84,33.6,93.5,15.55,55.6,100.0,223.5,2864.0,1.33,35.800000000000004,15.01,6.88,35.96,28.98,0.0,226.5,1200.0
159782.232,73382.232,140.0,90.10000000000001,22.330000000000002,16.22,169.0,32.95,152.3,28.85,32.9,33.550000000000004,93.0,15.350000000000001,55.400000000000006,100.0,228.5,2867.0,1.33,36.050000000000004,14.94,7.04,36.050000000000004,28.94,0.0,222.0,1200.0
159842.232,73442.232,140.0,92.30000000000001,22.38,16.09,170.0,33.050000000000004,150.5,28.830000000000002,32.96,33.6,93.0,15.4,55.1,100.0,228.0,2871.0,1.58,36.0,14.92,7.0200000000000005,36.03,29.04,0.0,225.0,1200.0
159902.232,73502.232,140.0,91.5,22.26,15.97,167.5,33.050000000000004,150.3,28.8,32.96,33.6,88.5,15.3,55.0,100.0,231.0,2872.0,1.43,36.0,14.92,6.93,35.99,29.060000000000002,0.0,226.0,1200.0
159962.232,73562.232,140.0,90.4,22.14,15.92,168.5,33.0,152.9,28.78,32.88,33.6,92.0,15.350000000000001,54.2,100.0,229.5,2870.0,1.26,36.2,15.01,7.01,35.99,29.0,0.0,232.0,1200.0
160022.232,73622.232,140.0,92.4,22.09,16.0,170.0,33.1,152.5,28.82,32.86,33.75,92.0,15.3,54.0,100.0,223.0,2867.0,1.3,36.25,15.02,7.0,36.01,28.94,2.0,227.5,1200.0
160082.232,73682.232,140.0,91.9,22.0,16.0,169.0,33.050000000000004,151.0,28.7,32.79,33.6,91.0,15.200000000000001,53.800000000000004,100.0,226.0,2868.0,1.37,36.15,14.97,7.0,36.050000000000004,29.04,0.0,222.5,1200.0
160142.232,73742.232,140.0,90.9,21.96,15.94,170.5,32.95,151.8,28.73,32.69,33.7,91.0,15.200000000000001,53.300000000000004,99.7,223.0,2860.0,1.33,36.050000000000004,14.99,7.04,35.97,28.990000000000002,0.0,225.0,1200.0
160202.232,73802.232,140.0,90.0,21.81,15.91,169.0,32.9,150.5,28.84,32.72,33.550000000000004,89.5,15.15,52.400000000000006,99.80000000000001,219.0,2860.0,1.31,36.1,14.89,7.0,35.97,29.03,0.0,222.0,1200.0
160262.232,73862.232,140.0,91.0,21.8,15.89,167.0,32.85,152.0,28.76,32.72,33.550000000000004,90.5,15.350000000000001,52.2,100.0,225.0,2857.0,1.22,36.050000000000004,15.02,6.9,36.03,28.96,0.0,213.5,1200.0
160322.232,73922.232,140.0,91.2,21.77,15.860000000000001,169.5,32.800000000000004,152.20000000000002,28.71,32.660000000000004,33.550000000000004,91.5,15.200000000000001,52.6,100.0,216.5,2858.0,1.44,36.0,15.08,7.07,36.08,29.02,0.0,219.0,1200.0
160382.232,73982.232,140.0,90.7,21.62,15.76,168.0,32.800000000000004,151.6,28.740000000000002,32.69,33.45,90.0,15.200000000000001,52.400000000000006,100.0,220.5,2861.0,1.4000000000000001,35.9,15.0,7.0200000000000005,36.04,28.97,0.0,223.0,1200.0
160442.232,74042.232,140.0,90.5,21.6,15.75,168.0,32.6,152.70000000000002,28.830000000000002,32.59,33.5,88.5,14.950000000000001,52.2,99.80000000000001,227.0,2861.0,1.42,35.85,15.02,7.01,35.9,29.05,0.0,221.5,1200.0
160502.232,74102.232,140.0,91.2,21.490000000000002,15.58,166.5,32.9,151.4,28.7,32.62,33.550000000000004,86.5,15.05,52.2,100.0,224.0,2872.0,1.31,35.7,15.040000000000001,6.98,36.0,29.060000000000002,0.0,218.5,1200.0
160562.231,74162.231,140.0,92.0,21.35,15.69,167.5,32.7,151.5,28.64,32.58,33.6,90.5,14.9,51.800000000000004,96.30000000000001,219.0,2884.0,1.42,35.75,15.01,6.98,36.01,28.98,3.0,223.0,1200.0
160622.231,74222.231,140.0,92.2,21.29,15.72,163.5,32.6,151.1,28.6,32.39,33.550000000000004,92.0,15.100000000000001,51.300000000000004,90.7,216.0,2885.0,1.4000000000000001,35.75,14.94,7.0,36.02,29.01,0.0,211.0,1200.0
160682.231,74282.231,140.0,90.4,21.240000000000002,15.66,167.0,32.5,151.20000000000002,28.66,32.38,33.550000000000004,89.0,15.100000000000001,49.900000000000006,85.2,211.0,2889.0,1.33,35.75,14.96,7.01,35.97,28.92,0.0,211.5,1200.0
160742.231,74342.231,140.0,92.0,21.150000000000002,15.6,165.0,32.45,153.1,28.71,32.24,33.65,89.5,15.05,48.1,80.30000000000001,208.5,2897.0,1.31,35.7,15.030000000000001,7.03,36.02,28.95,2.0,206.5,1200.0
160802.231,74402.231,140.0,90.80000000000001,21.07,15.69,164.0,32.5,150.70000000000002,28.7,32.230000000000004,33.550000000000004,93.5,15.100000000000001,47.900000000000006,75.5,197.0,2906.0,1.3800000000000001,35.75,15.01,7.0,36.14,28.990000000000002,0.0,204.5,1200.0
160862.231,74462.231,140.0,91.80000000000001,21.19,15.77,165.0,32.25,150.8,28.66,32.27,33.550000000000004,88.5,15.25,46.900000000000006,74.60000000000001,201.0,2900.0,1.45,35.550000000000004,14.96,7.0,36.01,29.03,0.0,202.0,1200.0
160922.231,74522.231,140.0,89.80000000000001,21.34,15.860000000000001,167.0,32.300000000000004,151.0,28.73,32.230000000000004,33.7,92.5,15.25,47.300000000000004,76.4,199.0,2891.0,1.34,35.7,14.97,7.03,36.01,28.98,0.0,201.0,1200.0
160982.231,74582.231,140.0,90.60000000000001,21.490000000000002,15.99,164.5,32.550000000000004,151.6,28.7,32.31,33.7,90.5,15.4,48.0,79.60000000000001,201.0,2875.0,1.54,35.7,15.01,7.01,36.04,29.02,0.0,207.0,1200.0
161042.231,74642.231,140.0,90.4,21.61,15.99,165.5,32.45,151.20000000000002,28.68,32.47,33.7,92.0,15.4,49.900000000000006,83.7,204.0,2867.0,1.6,35.550000000000004,15.030000000000001,7.0200000000000005,36.01,29.02,0.0,202.0,1200.0
161102.231,74702.231,140.0,91.4,21.8,16.06,169.0,32.75,151.1,28.8,32.480000000000004,33.7,93.5,15.5,50.7,87.9,212.0,2851.0,1.54,35.65,15.0,7.07,35.99,29.02,0.0,206.0,1200.0
161162.231,74762.231,140.0,91.10000000000001,21.93,16.16,166.0,32.75,152.6,28.77,32.65,33.550000000000004,93.0,15.5,51.900000000000006,92.5,216.0,2841.0,1.37,35.7,15.02,6.92,35.93,29.03,1.0,217.0,1200.0
161222.231,74822.231,140.0,89.60000000000001,22.05,16.21,170.5,32.9,151.8,28.7,32.7,33.7,91.5,15.65,52.5,98.7,219.5,2832.0,1.32,35.7,15.0,6.98,36.03,29.080000000000002,0.0,217.5,1200.0
161282.231,74882.231,140.0,91.60000000000001,22.240000000000002,16.29,169.0,32.95,150.9,28.79,32.79,33.45,90.5,15.65,53.1,100.0,219.0,2824.0,1.3900000000000001,35.85,14.99,7.07,35.97,29.05,0.0,215.5,1200.0
161342.231,74942.231,140.0,89.7,22.37,16.47,170.0,33.050000000000004,152.1,28.84,32.83,33.6,92.5,15.75,53.800000000000004,100.0,213.5,2811.0,1.57,35.6,15.05,7.03,36.01,29.03,1.0,216.5,1200.0
161402.231,75002.231,140.0,90.7,22.54,16.55,168.5,32.95,150.70000000000002,28.88,32.7,33.550000000000004,96.0,15.9,54.0,99.60000000000001,214.0,2809.0,1.51,35.65,14.96,7.04,35.92,29.03,0.0,217.0,1200.0
161462.231,75062.231,140.0,92.60000000000001,22.51,16.52,169.0,33.15,152.8,28.89,32.92,33.6,91.5,15.8,54.1,99.9,217.5,2828.0,1.44,35.95,15.0,6.98,36.02,28.97,1.0,224.0,1200.0
161522.231,75122.231,140.0,89.2,22.51,16.38,168.5,32.95,151.4,28.89,32.980000000000004,33.75,92.5,15.600000000000001,54.400000000000006,100.0,225.0,2846.0,1.36,35.85,14.97,6.98,36.09,28.990000000000002,1.0,226.5,1200.0
161582.231,75182.231,140.0,90.2,22.53,16.26,169.5,33.25,150.4,28.900000000000002,32.95,33.550000000000004,92.5,15.600000000000001,55.0,99.9,225.5,2867.0,1.31,35.9,14.950000000000001,7.11,35.89,29.03,0.0,224.5,1200.0
161642.231,75242.231,140.0,91.60000000000001,22.51,16.21,170.5,33.1,151.20000000000002,29.0,32.980000000000004,33.75,92.0,15.5,55.0,99.9,228.5,2871.0,1.42,36.050000000000004,14.94,7.05,35.910000000000004,28.98,1.0,231.0,1200.0
161702.231,75302.231,140.0,90.7,22.54,16.2,169.5,33.050000000000004,152.20000000000002,28.8,33.01,33.75,93.0,15.55,55.2,99.60000000000001,231.0,2881.0,1.43,36.050000000000004,14.950000000000001,7.04,36.050000000000004,29.09,0.0,234.5,1200.0
161762.231,75362.231,140.0,90.7,22.54,16.11,170.5,33.1,153.5,28.87,33.03,33.6,91.5,15.55,54.800000000000004,99.7,234.0,2882.0,1.26,36.300000000000004,15.040000000000001,7.0,36.04,29.080000000000002,0.0,235.5,1200.0
161822.231,75422.231,140.0,90.80000000000001,22.53,16.14,170.5,33.2,152.3,28.91,33.02,33.7,91.5,15.5,55.400000000000006,99.9,236.0,2892.0,1.3800000000000001,36.2,15.0,6.97,35.96,29.01,0.0,237.0,1200.0
161882.231,75482.231,140.0,90.7,22.55,16.07,171.0,33.1,151.9,28.84,33.1,33.75,91.5,15.450000000000001,55.7,100.0,237.0,2895.0,1.3,36.35,15.0,7.03,36.02,28.990000000000002,3.0,235.0,1200.0
161942.231,75542.231,140.0,90.0,22.51,16.09,171.5,33.4,150.9,28.830000000000002,33.1,33.800000000000004,90.5,15.450000000000001,55.5,100.0,235.5,2897.0,1.41,36.300000000000004,14.97,6.98,36.050000000000004,29.03,0.0,239.0,1200.0
162002.231,75602.231,140.0,90.60000000000001,22.52,16.05,169.5,33.15,150.0,28.810000000000002,33.11,33.800000000000004,93.5,15.4,55.300000000000004,99.7,235.5,2902.0,1.36,36.4,14.97,7.0200000000000005,36.0,28.97,0.0,237.5,1200.0
162062.231,75662.231,140.0,91.60000000000001,22.47,16.080000000000002,172.0,33.2,151.6,28.900000000000002,33.0,33.7,93.0,15.5,55.800000000000004,99.60000000000001,231.5,2907.0,1.33,36.45,15.02,7.03,36.0,28.94,0.0,236.5,1200.0
162122.231,75722.231,140.0,89.60000000000001,22.31,15.99,170.0,33.15,150.20000000000002,28.94,32.97,33.7,92.0,15.100000000000001,55.900000000000006,100.0,237.0,2899.0,1.35,36.45,14.98,6.98,36.01,28.990000000000002,1.0,237.0,1200.0
162182.231,75782.231,140.0,92.0,22.17,15.93,171.5,33.1,151.6,28.87,32.96,33.65,90.0,15.25,54.800000000000004,100.0,231.0,2897.0,1.54,36.6,14.96,7.0,35.97,28.87,0.0,232.5,1200.0
162242.231,75842.231,140.0,89.7,22.1,15.96,167.5,32.95,149.3,28.94,32.9,33.75,92.5,15.100000000000001,54.400000000000006,99.80000000000001,229.5,2888.0,1.46,36.6,14.94,6.98,35.910000000000004,29.03,0.0,233.0,1200.0
162302.231,75902.231,140.0,90.9,22.04,15.860000000000001,170.5,33.050000000000004,151.9,28.77,32.86,33.5,90.5,15.25,53.800000000000004,100.0,227.0,2883.0,1.55,36.550000000000004,14.92,6.97,36.0,28.95,0.0,234.0,1200.0
162362.231,75962.231,140.0,90.7,21.91,15.93,167.5,33.0,150.6,28.82,32.82,33.6,91.5,15.200000000000001,53.6,99.5,231.5,2878.0,1.46,36.2,15.0,6.97,36.07,29.07,1.0,224.5,1200.0
162422.231,76022.231,140.0,89.60000000000001,21.81,15.870000000000001,167.0,32.9,152.20000000000002,28.76,32.78,33.6,93.0,15.25,52.7,99.30000000000001,227.5,2868.0,1.52,36.300000000000004,15.030000000000001,7.0,36.01,29.03,0.0,229.0,1200.0
162482.231,76082.231,140.0,91.10000000000001,21.67,15.870000000000001,169.0,32.9,150.5,28.88,32.730000000000004,33.5,92.5,15.15,52.7,100.0,227.5,2862.0,1.49,36.15,15.07,7.0,36.06,29.05,0.0,222.5,1200.0
162542.231,76142.231,140.0,91.10000000000001,21.64,15.75,168.5,32.75,151.4,28.900000000000002,32.76,33.550000000000004,88.5,15.100000000000001,51.900000000000006,99.9,222.5,2871.0,1.55,36.2,15.01,7.0600000000000005,35.97,28.88,0.0,224.0,1200.0
162602.231,76202.231,140.0,90.60000000000001,21.54,15.58,169.0,32.85,151.9,28.91,32.67,33.5,90.0,15.05,52.0,99.80000000000001,221.5,2875.0,1.49,36.0,15.01,6.99,35.99,28.900000000000002,0.0,222.0,1200.0
162662.231,76262.231,140.0,90.7,21.57,15.72,169.5,32.95,153.3,28.78,32.75,33.7,91.5,15.0,52.2,100.0,225.0,2877.0,1.1300000000000001,36.1,14.98,6.95,36.02,29.02,1.0,225.5,1200.0
162722.231,76322.231,140.0,90.5,21.68,15.74,167.5,32.800000000000004,152.1,28.740000000000002,32.67,33.800000000000004,92.0,15.0,52.400000000000006,99.80000000000001,221.0,2869.0,1.3900000000000001,36.1,15.0,7.03,36.02,29.1,0.0,224.0,1200.0
162782.231,76382.231,140.0,91.60000000000001,21.71,15.92,168.0,32.800000000000004,151.1,28.77,32.730000000000004,33.65,91.0,15.15,52.300000000000004,100.0,222.0,2866.0,1.61,35.800000000000004,15.040000000000001,6.98,35.980000000000004,28.96,0.0,224.0,1200.0
162842.231,76442.231,140.0,92.9,21.900000000000002,16.01,168.0,32.85,150.5,28.77,32.730000000000004,33.5,90.0,15.450000000000001,53.400000000000006,99.80000000000001,223.0,2853.0,1.43,35.800000000000004,15.030000000000001,6.96,35.97,29.0,0.0,221.0,1200.0
162902.231,76502.231,140.0,89.7,21.96,16.03,170.0,32.85,149.9,28.810000000000002,32.76,33.6,92.0,15.3,53.0,99.80000000000001,222.0,2846.0,1.44,35.95,14.99,7.04,35.94,28.96,1.0,222.0,1200.0
162962.231,76562.231,140.0,91.30000000000001,22.03,16.13,169.0,32.75,150.5,28.8,32.7,33.6,91.5,15.600000000000001,52.5,99.9,218.0,2845.0,1.49,35.85,14.97,6.97,35.96,29.01,0.0,215.5,1200.0
163022.231,76622.231,140.0,90.2,22.05,16.23,168.0,32.85,150.20000000000002,28.740000000000002,32.75,33.550000000000004,92.5,15.4,53.400000000000006,100.0,221.5,2836.0,1.42,35.75,14.98,7.04,36.06,28.95,0.0,219.5,1200.0
163082.231,76682.231,140.0,89.5,22.19,16.27,169.0,32.800000000000004,151.3,28.77,32.79,33.65,92.5,15.65,53.300000000000004,100.0,217.5,2826.0,1.33,35.9,14.98,6.99,36.07,29.03,0.0,212.0,1200.0
163142.231,76742.231,140.0,89.60000000000001,22.21,16.31,168.5,32.9,151.70000000000002,28.78,32.71,33.65,91.5,15.55,53.5,100.0,216.0,2836.0,1.28,35.95,15.0,7.01,36.04,28.990000000000002,0.0,222.0,1200.0
163202.231,76802.231,140.0,91.80000000000001,22.29,16.18,168.5,32.95,151.5,28.72,32.78,33.65,91.5,15.55,53.7,99.80000000000001,220.0,2845.0,1.37,35.7,14.97,7.0,36.050000000000004,28.95,5.0,224.0,1200.0
163262.231,76862.231,140.0,90.30000000000001,22.32,16.18,171.0,33.0,151.6,28.830000000000002,32.82,33.5,93.0,15.65,54.7,100.0,227.0,2852.0,1.29,35.9,14.99,6.97,35.9,29.04,0.0,227.0,1200.0
163322.23,76922.23,140.0,91.9,22.38,16.16,170.0,32.800000000000004,151.9,28.85,32.86,33.800000000000004,90.5,15.4,54.7,100.0,229.0,2866.0,1.25,35.9,15.05,6.99,35.980000000000004,28.92,0.0,231.5,1200.0
163382.23,76982.23,140.0,91.2,22.37,16.2,171.0,33.1,152.8,28.72,32.97,33.550000000000004,90.5,15.5,55.300000000000004,100.0,230.0,2870.0,1.33,35.9,15.030000000000001,7.03,35.99,29.03,0.0,228.5,1200.0
163442.23,77042.23,140.0,91.0,22.43,16.15,168.0,33.1,151.70000000000002,28.810000000000002,32.96,33.7,90.5,15.350000000000001,55.1,100.0,231.0,2875.0,1.53,36.15,14.98,6.98,35.96,29.02,0.0,230.0,1200.0
163502.23,77102.23,140.0,90.9,22.46,16.15,169.5,33.15,152.5,28.85,32.97,33.65,93.0,15.3,55.800000000000004,100.0,232.0,2881.0,1.4000000000000001,36.1,15.01,7.03,35.93,29.01,1.0,231.5,1200.0
163562.23,77162.23,140.0,91.2,22.55,16.05,169.0,33.1,151.70000000000002,28.79,32.97,33.75,93.0,15.3,55.6,100.0,232.0,2887.0,1.53,36.25,15.02,6.94,36.14,28.98,0.0,231.5,1200.0
163622.23,77222.23,140.0,90.7,22.53,16.18,172.0,33.1,151.3,28.78,33.03,33.85,90.5,15.5,55.800000000000004,100.0,239.0,2894.0,1.3800000000000001,36.4,14.93,6.99,35.99,28.990000000000002,0.0,238.0,1200.0
163682.23,77282.23,140.0,91.2,22.59,16.12,171.0,33.0,150.5,28.900000000000002,32.980000000000004,33.85,91.5,15.3,56.0,99.60000000000001,238.5,2897.0,1.45,36.4,15.030000000000001,7.0,35.96,28.96,1.0,231.0,1200.0
163742.23,77342.23,140.0,91.0,22.64,16.02,169.5,33.300000000000004,151.0,28.82,33.0,33.75,93.5,15.350000000000001,56.6,99.9,236.0,2902.0,1.48,36.45,14.98,6.98,35.980000000000004,29.04,1.0,237.5,1200.0
163802.23,77402.23,140.0,92.10000000000001,22.67,16.04,168.5,33.25,151.1,28.88,33.12,33.75,90.5,15.350000000000001,57.400000000000006,100.0,243.0,2912.0,1.53,36.550000000000004,15.05,6.98,35.97,28.95,0.0,235.0,1200.0
163862.23,77462.23,140.0,91.10000000000001,22.6,15.99,169.5,33.15,152.5,28.86,33.15,33.7,91.0,15.350000000000001,56.900000000000006,99.60000000000001,236.5,2916.0,1.56,36.550000000000004,15.02,6.99,36.01,28.98,0.0,240.5,1200.0
163922.23,77522.23,140.0,90.9,22.61,16.04,170.0,33.25,149.20000000000002,28.87,33.19,33.75,89.0,15.3,56.900000000000006,99.60000000000001,237.0,2914.0,1.31,36.6,14.97,6.99,35.99,29.11,1.0,237.5,1200.0
163982.23,77582.23,140.0,90.30000000000001,22.61,16.07,171.5,33.25,151.4,28.8,33.09,33.7,91.0,15.3,56.900000000000006,100.0,244.0,2912.0,1.52,36.800000000000004,14.97,6.94,35.93,29.03,0.0,240.5,1200.0
164042.23,77642.23,140.0,91.30000000000001,22.490000000000002,16.03,172.0,33.2,151.4,28.8,33.07,33.7,91.5,15.4,55.7,100.0,246.5,2912.0,1.47,36.9,15.0,7.0200000000000005,36.06,29.14,0.0,244.5,1200.0
164102.23,77702.23,140.0,90.5,22.52,15.98,169.5,33.050000000000004,150.3,29.03,32.980000000000004,33.6,90.5,15.200000000000001,56.0,100.0,241.0,2915.0,1.22,36.800000000000004,14.96,7.05,36.01,28.96,0.0,240.0,1200.0
164162.23,77762.23,140.0,91.60000000000001,22.39,15.98,170.0,33.1,150.9,28.94,33.14,33.65,92.0,15.3,55.800000000000004,99.80000000000001,235.0,2905.0,1.45,36.7,14.99,6.95,35.92,29.05,1.0,238.0,1200.0
164222.23,77822.23,140.0,91.2,22.45,15.97,171.5,33.2,151.6,28.93,32.99,33.6,91.5,15.25,56.0,100.0,235.0,2903.0,1.42,36.65,15.05,7.0,35.980000000000004,28.92,0.0,236.5,1200.0
164282.23,77882.23,140.0,89.5,22.330000000000002,15.91,170.0,33.1,152.20000000000002,28.89,33.08,33.85,91.5,15.15,55.0,99.7,235.5,2896.0,1.51,36.800000000000004,14.93,7.0600000000000005,36.02,29.080000000000002,0.0,234.0,1200.0
164342.23,77942.23,140.0,90.60000000000001,22.26,15.94,170.0,33.0,150.6,28.78,33.03,33.65,92.5,15.25,55.1,99.80000000000001,230.0,2899.0,1.36,36.7,14.99,7.05,36.050000000000004,28.87,2.0,235.5,1200.0
164402.23,78002.23,140.0,91.5,22.25,15.92,171.0,33.25,151.6,28.82,32.94,33.7,93.0,15.25,54.6,99.7,239.5,2891.0,1.54,36.65,15.0,6.96,35.86,28.97,0.0,237.5,1200.0
164462.23,78062.23,140.0,90.80000000000001,22.21,15.870000000000001,169.0,33.050000000000004,149.9,28.830000000000002,32.95,33.65,91.5,15.350000000000001,55.400000000000006,100.0,229.5,2891.0,1.53,36.7,14.92,7.0600000000000005,35.97,29.05,0.0,231.0,1200.0
164522.23,78122.23,140.0,92.0,22.03,15.92,168.5,33.0,152.20000000000002,28.75,32.89,33.7,91.5,15.15,54.1,100.0,233.5,2883.0,1.49,36.7,15.01,6.92,36.04,28.990000000000002,1.0,228.5,1200.0
164582.23,78182.23,140.0,93.0,22.01,15.91,167.0,32.75,152.1,28.740000000000002,32.85,33.65,91.5,15.25,53.400000000000006,99.60000000000001,235.0,2878.0,1.46,36.550000000000004,14.99,7.03,36.04,28.97,2.0,231.0,1200.0
164642.23,78242.23,140.0,91.60000000000001,21.830000000000002,15.89,168.5,32.9,153.1,28.75,32.81,33.6,91.5,15.200000000000001,53.1,100.0,226.5,2869.0,1.3900000000000001,36.4,14.92,7.01,35.980000000000004,28.97,0.0,228.0,1200.0
164702.23,78302.23,140.0,91.4,21.77,15.83,167.5,32.75,152.4,28.76,32.7,33.5,88.0,15.15,53.0,100.0,221.0,2854.0,1.4000000000000001,36.300000000000004,14.98,6.95,35.99,29.0,0.0,217.5,1200.0
164762.23,78362.23,140.0,91.5,21.580000000000002,15.84,166.5,32.800000000000004,152.1,28.71,32.56,33.5,89.5,15.100000000000001,52.800000000000004,100.0,224.5,2860.0,1.52,36.15,14.99,7.01,35.93,29.04,3.0,220.5,1200.0
164822.23,78422.23,140.0,92.0,21.68,15.72,168.0,32.65,152.6,28.75,32.63,33.5,91.0,14.9,52.1,100.0,221.0,2867.0,1.45,36.15,14.950000000000001,6.92,35.980000000000004,28.98,1.0,221.5,1200.0
164882.23,78482.23,140.0,92.10000000000001,21.46,15.57,168.0,32.65,151.1,28.64,32.57,33.4,91.0,15.0,52.300000000000004,99.7,220.5,2870.0,1.53,36.1,15.02,7.01,35.910000000000004,29.07,0.0,222.5,1200.0
164942.23,78542.23,140.0,92.0,21.41,15.5,166.5,32.6,152.0,28.66,32.55,33.550000000000004,90.0,15.100000000000001,52.0,97.0,217.5,2874.0,1.34,36.050000000000004,14.99,7.01,35.980000000000004,28.98,0.0,218.0,1200.0
165002.23,78602.23,140.0,90.80000000000001,21.25,15.56,167.5,32.5,151.9,28.72,32.410000000000004,33.5,90.0,14.8,51.800000000000004,89.5,217.0,2891.0,1.3900000000000001,36.0,14.97,7.0,36.0,28.93,0.0,215.0,1200.0
165062.23,78662.23,140.0,91.30000000000001,21.29,15.71,167.5,32.4,151.5,28.650000000000002,32.43,33.6,91.0,15.100000000000001,49.5,85.5,215.5,2889.0,1.33,35.75,14.96,6.99,36.06,29.03,0.0,215.5,1200.0
165122.23,78722.23,140.0,90.60000000000001,21.330000000000002,15.72,166.0,32.5,151.0,28.7,32.35,33.550000000000004,93.0,15.15,48.900000000000006,84.0,210.0,2886.0,1.28,35.85,14.96,6.99,36.04,29.03,0.0,202.5,1200.0
165182.23,78782.23,140.0,92.5,21.330000000000002,15.84,165.5,32.6,151.0,28.62,32.35,33.5,91.0,15.15,48.800000000000004,83.80000000000001,211.5,2887.0,1.5,35.75,14.99,7.04,35.99,29.05,1.0,210.5,1200.0
165242.23,78842.23,140.0,91.30000000000001,21.43,15.860000000000001,167.5,32.4,151.3,28.67,32.47,33.45,92.5,15.25,48.900000000000006,83.9,208.0,2881.0,1.31,35.550000000000004,14.950000000000001,6.99,36.04,29.03,0.0,213.0,1200.0
165302.23,78902.23,140.0,91.2,21.57,15.96,163.5,32.4,152.9,28.63,32.410000000000004,33.550000000000004,91.5,15.25,49.800000000000004,84.0,203.5,2875.0,1.48,35.7,15.11,6.99,35.99,28.97,0.0,205.0,1200.0
165362.23,78962.23,140.0,90.30000000000001,21.56,15.9,167.5,32.5,151.8,28.69,32.44,33.65,91.0,15.350000000000001,49.900000000000006,85.2,216.0,2869.0,1.35,35.800000000000004,15.040000000000001,7.05,35.92,28.97,0.0,210.5,1200.0
165422.23,79022.23,140.0,89.4,21.67,16.0,168.0,32.550000000000004,152.6,28.63,32.44,33.550000000000004,91.0,15.3,50.7,86.5,208.0,2867.0,1.48,35.7,15.05,6.98,35.92,29.060000000000002,0.0,209.5,1200.0
165482.23,79082.23,140.0,90.9,21.71,16.04,167.5,32.550000000000004,151.5,28.67,32.44,33.6,90.5,15.350000000000001,50.900000000000006,87.9,211.5,2856.0,1.22,35.6,15.01,6.98,35.97,28.990000000000002,0.0,208.0,1200.0
165542.23,79142.23,140.0,90.5,21.73,16.04,167.0,32.7,151.70000000000002,28.72,32.51,33.550000000000004,92.0,15.450000000000001,51.2,90.10000000000001,213.0,2854.0,1.33,35.550000000000004,15.08,7.01,35.99,29.04,1.0,208.0,1200.0
165602.23,79202.23,140.0,90.7,21.79,16.07,168.0,32.5,150.6,28.73,32.47,33.4,91.5,15.450000000000001,51.2,91.4,214.5,2851.0,1.3800000000000001,35.550000000000004,14.98,7.01,36.02,28.91,0.0,211.5,1200.0
165662.23,79262.23,140.0,91.4,21.78,16.07,166.5,32.7,150.5,28.72,32.51,33.550000000000004,95.0,15.350000000000001,52.2,93.80000000000001,214.5,2847.0,1.3800000000000001,35.550000000000004,14.96,7.04,35.94,29.0,0.0,216.5,1200.0
165722.23,79322.23,140.0,90.60000000000001,21.89,16.11,169.0,32.75,150.6,28.8,32.61,33.5,93.0,15.450000000000001,51.7,95.10000000000001,215.0,2844.0,1.29,35.65,14.98,6.98,35.96,28.96,0.0,214.0,1200.0
165782.23,79382.23,140.0,91.30000000000001,21.87,16.1,168.5,32.800000000000004,152.1,28.67,32.54,33.550000000000004,92.0,15.350000000000001,52.300000000000004,97.0,220.0,2837.0,1.43,35.6,15.030000000000001,6.95,35.99,29.07,0.0,219.0,1200.0
165842.23,79442.23,140.0,92.5,21.95,16.14,167.5,32.75,151.4,28.78,32.61,33.45,90.5,15.450000000000001,52.7,98.9,219.5,2832.0,1.4000000000000001,35.7,15.030000000000001,6.95,35.95,29.05,0.0,214.0,1200.0
165902.23,79502.23,140.0,90.9,21.97,16.14,168.5,32.800000000000004,150.70000000000002,28.75,32.64,33.5,93.0,15.700000000000001,53.1,99.9,218.5,2831.0,1.29,35.75,15.0,7.0600000000000005,35.93,29.01,0.0,216.0,1200.0
165962.23,79562.23,140.0,90.80000000000001,21.990000000000002,16.1,168.0,32.6,149.8,28.740000000000002,32.6,33.300000000000004,93.0,15.5,53.6,100.0,210.5,2831.0,1.34,35.800000000000004,14.96,7.04,35.97,28.95,0.0,217.0,1200.0
166022.23,79622.23,140.0,89.7,21.990000000000002,16.19,167.5,32.7,151.0,28.7,32.56,33.35,90.5,15.5,52.400000000000006,99.7,220.0,2823.0,1.4000000000000001,35.6,15.05,7.01,36.0,29.060000000000002,0.0,214.0,1200.0
166082.23,79682.23,140.0,92.60000000000001,22.05,16.22,169.0,32.9,151.4,28.79,32.61,33.45,94.0,15.65,53.2,100.0,214.5,2825.0,1.3900000000000001,35.65,14.97,7.01,36.12,29.0,0.0,213.5,1200.0
166142.23,79742.23,140.0,91.7,22.09,16.22,167.5,32.85,150.8,28.7,32.57,33.6,90.0,15.65,54.0,100.0,214.0,2817.0,1.51,35.65,14.98,6.94,36.1,28.98,2.0,213.5,1200.0
166202.229,79802.229,140.0,91.10000000000001,22.150000000000002,16.31,168.5,32.65,151.8,28.71,32.55,33.35,91.0,15.450000000000001,53.5,100.0,213.5,2823.0,1.22,35.6,14.98,7.05,36.03,29.01,0.0,214.5,1200.0
166262.229,79862.229,140.0,90.4,22.09,16.21,166.5,32.7,151.5,28.71,32.59,33.4,91.5,15.600000000000001,53.300000000000004,99.9,213.5,2819.0,1.55,35.75,14.91,6.97,35.980000000000004,28.91,0.0,212.0,1200.0
166322.229,79922.229,140.0,90.5,22.13,16.26,167.5,32.65,152.3,28.75,32.61,33.45,94.5,15.600000000000001,53.1,100.0,217.5,2819.0,1.45,35.550000000000004,14.96,7.0,35.99,28.94,0.0,215.0,1200.0
166382.229,79982.229,140.0,90.7,22.05,16.26,167.5,32.800000000000004,151.1,28.68,32.6,33.5,93.0,15.55,53.0,100.0,214.5,2824.0,1.3800000000000001,35.6,14.97,6.99,36.02,28.990000000000002,0.0,212.5,1200.0
166442.229,80042.229,140.0,90.9,22.06,16.15,169.5,32.7,152.0,28.75,32.64,33.5,91.0,15.5,52.900000000000006,99.80000000000001,216.0,2833.0,1.45,35.75,14.92,7.04,36.01,29.03,0.0,218.0,1200.0
166502.229,80102.229,140.0,90.0,22.04,16.09,168.0,32.7,153.0,28.740000000000002,32.59,33.550000000000004,90.5,15.4,53.0,99.9,216.0,2840.0,1.29,35.65,15.040000000000001,7.0200000000000005,36.01,29.0,1.0,221.5,1200.0
166562.229,80162.229,140.0,91.10000000000001,21.97,16.1,169.0,32.75,151.4,28.650000000000002,32.67,33.45,91.0,15.450000000000001,53.400000000000006,99.9,222.0,2836.0,1.3800000000000001,35.6,14.97,7.01,36.0,29.01,0.0,217.5,1200.0
166622.229,80222.229,140.0,90.60000000000001,21.95,16.1,167.5,32.75,150.9,28.75,32.59,33.45,91.0,15.5,53.2,99.80000000000001,218.5,2835.0,1.29,35.65,14.98,7.0200000000000005,36.04,29.03,0.0,226.5,1200.0
166682.229,80282.229,140.0,91.30000000000001,21.93,15.96,167.5,32.7,151.3,28.63,32.58,33.5,91.0,15.450000000000001,52.900000000000006,99.80000000000001,217.5,2842.0,1.47,35.7,14.98,7.01,35.96,29.0,3.0,215.5,1200.0
166742.229,80342.229,140.0,91.2,21.91,15.94,167.5,32.7,150.9,28.650000000000002,32.63,33.5,91.0,15.4,52.6,99.4,222.0,2842.0,1.24,35.6,14.97,7.05,36.04,29.02,0.0,218.0,1200.0
166802.229,80402.229,140.0,90.10000000000001,21.95,16.01,167.0,32.75,151.70000000000002,28.66,32.67,33.4,94.5,15.4,53.300000000000004,99.7,217.0,2843.0,1.49,35.7,15.040000000000001,7.03,36.04,28.990000000000002,0.0,217.5,1200.0
166862.229,80462.229,140.0,90.7,21.92,16.01,167.0,32.550000000000004,150.8,28.61,32.61,33.550000000000004,89.5,15.4,53.2,100.0,217.0,2842.0,1.41,35.65,15.030000000000001,7.0200000000000005,36.0,29.03,0.0,221.0,1200.0
166922.229,80522.229,140.0,90.10000000000001,21.87,16.02,166.5,32.550000000000004,150.6,28.61,32.61,33.45,91.5,15.350000000000001,53.300000000000004,100.0,222.5,2841.0,1.3900000000000001,35.7,14.96,7.04,35.980000000000004,29.01,3.0,219.0,1200.0
166982.229,80582.229,140.0,90.9,21.91,16.05,167.5,32.7,149.5,28.68,32.57,33.45,92.0,15.3,52.900000000000006,100.0,218.0,2839.0,1.5,35.7,15.02,7.04,35.99,28.93,0.0,212.5,1200.0
167042.229,80642.229,140.0,91.5,21.79,15.950000000000001,167.0,32.75,152.1,28.62,32.53,33.4,90.5,15.450000000000001,53.0,100.0,218.0,2837.0,1.37,35.75,15.0,7.03,35.980000000000004,28.98,1.0,220.5,1200.0
167102.229,80702.229,140.0,91.9,21.830000000000002,16.080000000000002,168.5,32.800000000000004,150.70000000000002,28.6,32.61,33.35,93.0,15.25,53.1,100.0,217.5,2837.0,1.55,35.6,14.99,7.0,36.050000000000004,28.990000000000002,0.0,218.0,1200.0
167162.229,80762.229,140.0,91.30000000000001,21.82,15.93,165.0,32.550000000000004,152.8,28.63,32.45,33.4,92.0,15.450000000000001,52.7,100.0,219.0,2838.0,1.49,35.550000000000004,15.01,7.0200000000000005,36.07,28.990000000000002,1.0,217.0,1200.0
167222.229,80822.229,140.0,93.30000000000001,21.85,15.98,167.5,32.550000000000004,152.20000000000002,28.63,32.480000000000004,33.45,93.5,15.350000000000001,53.0,99.80000000000001,218.0,2836.0,1.36,35.5,14.98,6.93,36.0,29.04,2.0,215.0,1200.0
167282.229,80882.229,140.0,92.30000000000001,21.77,15.97,167.5,32.6,151.8,28.59,32.47,33.4,93.0,15.3,53.0,99.80000000000001,217.5,2838.0,1.41,35.45,15.040000000000001,7.0,36.01,28.94,0.0,215.0,1200.0
167342.229,80942.229,140.0,90.4,21.78,15.91,168.5,32.6,151.8,28.52,32.52,33.35,91.5,15.25,52.6,99.9,217.5,2837.0,1.43,35.550000000000004,14.99,7.05,35.95,29.01,0.0,216.5,1200.0
167402.229,81002.229,140.0,91.5,21.78,15.91,166.5,32.6,151.5,28.59,32.52,33.4,91.5,15.25,53.400000000000006,99.9,217.5,2840.0,1.3,35.45,14.96,7.05,36.02,28.990000000000002,1.0,214.5,1200.0
167462.229,81062.229,140.0,92.30000000000001,21.71,15.88,166.0,32.6,151.5,28.52,32.4,33.300000000000004,90.5,15.15,52.6,100.0,216.0,2840.0,1.43,35.5,15.02,7.03,36.01,29.0,0.0,217.0,1200.0
167522.229,81122.229,140.0,90.4,21.63,15.77,168.0,32.9,150.5,28.59,32.46,33.300000000000004,92.0,15.200000000000001,52.800000000000004,100.0,220.5,2846.0,1.41,35.550000000000004,15.01,6.91,35.980000000000004,29.060000000000002,0.0,220.5,1200.0
167582.229,81182.229,140.0,88.7,21.64,15.75,166.0,32.7,151.1,28.66,32.53,33.45,91.5,15.25,53.1,100.0,225.0,2856.0,1.48,35.7,15.06,6.95,36.0,29.07,1.0,222.5,1200.0
167642.229,81242.229,140.0,90.5,21.59,15.67,168.0,32.65,151.9,28.71,32.54,33.45,89.5,15.05,52.5,99.9,218.5,2858.0,1.33,35.75,14.98,7.03,35.92,29.07,1.0,218.5,1200.0
167702.229,81302.229,140.0,90.4,21.52,15.780000000000001,167.5,32.75,152.1,28.64,32.58,33.550000000000004,91.0,15.0,52.400000000000006,98.60000000000001,222.0,2867.0,1.33,35.7,14.96,6.98,35.88,29.060000000000002,0.0,224.0,1200.0
167762.229,81362.229,140.0,91.60000000000001,21.53,15.67,165.5,32.7,150.1,28.69,32.53,33.550000000000004,92.5,15.100000000000001,52.0,95.2,214.0,2865.0,1.41,35.6,15.0,7.04,36.03,28.97,0.0,218.0,1200.0
167822.229,81422.229,140.0,92.4,21.38,15.82,167.0,32.6,151.0,28.76,32.5,33.6,91.0,15.100000000000001,50.900000000000006,90.9,218.5,2875.0,1.3800000000000001,35.7,15.030000000000001,7.01,36.07,29.0,0.0,214.5,1200.0
167882.229,81482.229,140.0,91.4,21.38,15.82,165.0,32.65,150.1,28.69,32.5,33.6,91.0,15.3,50.300000000000004,88.2,210.5,2883.0,1.36,35.45,15.02,6.95,35.94,28.98,2.0,211.5,1200.0
167942.229,81542.229,140.0,88.80000000000001,21.35,15.73,167.0,32.65,152.0,28.650000000000002,32.43,33.5,91.0,15.200000000000001,49.6,85.2,211.5,2883.0,1.6300000000000001,35.75,15.040000000000001,7.0600000000000005,35.93,28.93,0.0,211.5,1200.0
168002.229,81602.229,140.0,90.2,21.3,15.81,166.5,32.550000000000004,150.70000000000002,28.82,32.42,33.65,90.0,15.100000000000001,49.1,82.0,209.5,2892.0,1.32,35.75,14.98,6.96,35.97,28.96,0.0,211.5,1200.0
168062.229,81662.229,140.0,89.30000000000001,21.41,15.84,170.0,32.45,152.1,28.86,32.34,33.65,89.5,15.200000000000001,48.1,79.60000000000001,205.5,2896.0,1.34,35.75,14.99,7.0200000000000005,35.9,28.97,1.0,209.0,1200.0
168122.229,81722.229,140.0,90.60000000000001,21.43,15.85,167.0,32.550000000000004,151.6,28.8,32.28,33.65,92.0,15.350000000000001,48.800000000000004,78.9,204.0,2889.0,1.27,35.5,15.05,6.98,35.97,28.97,0.0,201.0,1200.0
168182.229,81782.229,140.0,91.2,21.42,15.92,166.5,32.45,151.0,28.85,32.33,33.75,91.5,15.4,48.7,78.80000000000001,207.5,2895.0,1.34,35.800000000000004,14.950000000000001,6.98,36.03,29.04,5.0,202.5,1200.0
168242.229,81842.229,140.0,91.0,21.43,16.0,168.0,32.65,152.5,28.85,32.35,33.6,92.0,15.3,48.7,78.4,208.5,2894.0,1.52,35.6,14.98,7.0,35.97,29.02,2.0,203.5,1200.0
168302.229,81902.229,140.0,90.30000000000001,21.41,15.97,168.5,32.65,151.20000000000002,28.87,32.44,33.800000000000004,93.0,15.4,48.400000000000006,79.2,203.0,2892.0,1.43,35.65,14.98,7.0600000000000005,35.99,29.03,0.0,206.0,1200.0
168362.229,81962.229,140.0,90.60000000000001,21.42,15.99,167.0,32.65,150.5,28.75,32.4,33.800000000000004,91.0,15.3,48.800000000000004,79.0,202.5,2887.0,1.4000000000000001,35.7,15.030000000000001,7.03,35.84,28.98,2.0,212.5,1200.0
168422.229,82022.229,140.0,91.7,21.54,15.98,168.0,32.45,152.70000000000002,28.85,32.43,33.75,92.0,15.3,49.0,79.2,204.5,2883.0,1.51,35.6,15.030000000000001,6.99,35.97,29.03,1.0,206.0,1200.0
168482.229,82082.229,140.0,91.2,21.490000000000002,16.02,165.5,32.550000000000004,150.70000000000002,28.91,32.54,33.9,92.0,15.25,49.2,80.30000000000001,203.0,2882.0,1.33,35.6,15.06,6.95,36.03,29.03,0.0,208.0,1200.0
168542.229,82142.229,140.0,90.0,21.55,15.96,169.0,32.65,153.1,28.86,32.52,33.800000000000004,92.0,15.450000000000001,49.400000000000006,80.5,208.0,2876.0,1.44,35.5,14.97,7.0200000000000005,36.07,28.98,0.0,208.0,1200.0
168602.229,82202.229,140.0,91.9,21.54,16.05,166.0,32.65,152.4,28.86,32.58,33.75,92.0,15.350000000000001,49.1,81.30000000000001,209.0,2877.0,1.25,35.65,14.950000000000001,6.98,35.97,29.07,0.0,211.0,1200.0
168662.229,82262.229,140.0,91.0,21.62,16.01,167.0,32.75,151.4,28.91,32.52,33.85,90.5,15.5,49.300000000000004,82.7,208.5,2882.0,1.41,35.7,15.040000000000001,6.99,36.0,28.94,4.0,208.5,1200.0
168722.229,82322.229,140.0,90.7,21.79,16.12,168.5,32.7,151.9,28.89,32.58,33.800000000000004,90.5,15.5,49.6,86.30000000000001,215.0,2874.0,1.32,35.6,15.05,7.04,36.04,28.98,0.0,208.5,1200.0
168782.229,82382.229,140.0,90.9,21.85,16.1,167.0,32.85,152.3,28.86,32.6,33.75,89.0,15.4,50.300000000000004,88.2,213.0,2870.0,1.44,35.6,15.0,7.03,35.94,29.04,0.0,211.0,1200.0
168842.229,82442.229,140.0,89.80000000000001,21.830000000000002,16.12,167.0,32.85,151.0,28.95,32.69,33.65,90.5,15.450000000000001,51.400000000000006,91.7,215.0,2861.0,1.44,35.9,15.030000000000001,7.01,36.03,29.13,0.0,215.0,1200.0
168902.229,82502.229,140.0,90.30000000000001,21.93,16.11,169.0,32.800000000000004,152.5,28.92,32.74,33.65,92.5,15.5,51.800000000000004,94.2,213.5,2854.0,1.43,35.65,14.94,7.0200000000000005,35.96,28.95,0.0,215.0,1200.0
168962.229,82562.229,140.0,91.10000000000001,21.93,16.19,169.0,32.95,150.5,29.01,32.87,33.7,90.5,15.65,52.0,98.10000000000001,219.0,2849.0,1.35,35.75,15.02,7.03,36.03,29.07,0.0,217.0,1200.0
169022.229,82622.229,140.0,91.2,22.14,16.23,169.5,33.050000000000004,152.5,28.900000000000002,32.9,33.75,89.0,15.600000000000001,53.2,100.0,220.0,2842.0,1.4000000000000001,35.9,15.030000000000001,6.99,35.980000000000004,28.990000000000002,0.0,227.0,1200.0
169082.229,82682.229,140.0,91.4,22.13,16.23,168.5,33.050000000000004,150.6,28.97,32.92,33.85,93.0,15.700000000000001,53.1,100.0,216.5,2837.0,1.35,35.85,14.97,7.0200000000000005,36.0,29.02,2.0,221.0,1200.0
169142.228,82742.228,140.0,92.10000000000001,22.16,16.36,169.5,33.050000000000004,150.70000000000002,28.900000000000002,32.87,33.75,92.5,15.65,53.0,99.9,219.0,2831.0,1.43,35.9,14.98,6.95,36.04,29.0,0.0,219.5,1200.0
169202.228,82802.228,140.0,91.30000000000001,22.29,16.46,169.5,33.1,152.8,28.96,32.92,33.800000000000004,90.5,15.9,53.1,100.0,214.5,2826.0,1.24,35.9,14.97,6.96,36.050000000000004,28.990000000000002,1.0,217.0,1200.0
169262.228,82862.228,140.0,90.4,22.2,16.4,171.0,33.15,151.1,29.01,33.0,34.0,92.0,15.600000000000001,52.5,100.0,222.5,2835.0,1.4000000000000001,35.85,15.030000000000001,7.01,36.03,29.1,0.0,218.5,1200.0
169322.228,82922.228,140.0,91.0,22.3,16.26,170.5,33.15,152.1,28.990000000000002,33.08,33.75,91.5,15.8,53.300000000000004,100.0,222.0,2850.0,1.4000000000000001,35.95,14.97,6.97,36.09,29.01,4.0,219.0,1200.0
169382.228,82982.228,140.0,91.5,22.27,16.27,172.0,33.1,151.70000000000002,28.95,32.95,33.85,89.5,15.450000000000001,53.2,99.9,225.5,2860.0,1.41,35.95,15.0,7.01,36.050000000000004,28.93,0.0,224.5,1200.0
169442.228,83042.228,140.0,92.30000000000001,22.150000000000002,16.18,169.5,33.15,151.20000000000002,29.01,33.07,33.95,91.5,15.5,53.5,100.0,228.5,2863.0,1.57,35.9,15.0,6.97,35.99,28.95,0.0,227.5,1200.0
169502.228,83102.228,140.0,92.80000000000001,22.19,16.07,169.5,33.35,151.5,29.01,33.12,33.7,90.0,15.55,53.300000000000004,99.80000000000001,225.5,2879.0,1.37,36.050000000000004,15.07,6.92,35.96,28.94,0.0,227.5,1200.0
169562.228,83162.228,140.0,91.60000000000001,22.1,16.05,170.0,33.2,150.70000000000002,29.01,33.11,33.85,94.0,15.4,53.400000000000006,100.0,229.0,2870.0,1.46,36.050000000000004,15.030000000000001,7.03,36.02,29.14,0.0,229.0,1200.0
169622.228,83222.228,140.0,92.2,22.19,16.03,174.5,33.25,151.6,29.150000000000002,33.15,33.9,92.0,15.5,54.1,99.5,229.0,2885.0,1.45,36.35,14.950000000000001,6.92,35.9,29.11,1.0,228.0,1200.0
169682.228,83282.228,140.0,90.9,22.13,16.02,168.5,33.300000000000004,150.4,29.11,33.11,33.9,90.5,15.4,53.300000000000004,100.0,231.0,2885.0,1.3800000000000001,36.25,15.040000000000001,7.0,35.93,29.02,0.0,232.0,1200.0
169742.228,83342.228,140.0,90.80000000000001,22.12,15.950000000000001,170.5,33.300000000000004,152.4,29.09,33.08,33.85,93.0,15.25,53.800000000000004,100.0,227.5,2881.0,1.47,36.1,15.040000000000001,7.07,36.08,29.0,1.0,226.5,1200.0
169802.228,83402.228,140.0,90.5,22.1,16.03,169.5,33.15,152.20000000000002,29.17,33.18,33.75,93.0,15.200000000000001,53.6,99.9,231.0,2880.0,1.19,36.15,15.06,6.97,36.01,29.01,1.0,229.5,1200.0
169862.228,83462.228,140.0,90.2,22.07,15.950000000000001,168.5,33.300000000000004,152.5,29.150000000000002,33.11,33.85,92.0,15.350000000000001,52.6,99.9,233.0,2886.0,1.41,36.2,15.0,7.0,35.980000000000004,28.94,1.0,228.5,1200.0
169922.228,83522.228,140.0,90.30000000000001,22.09,16.03,169.0,33.25,152.1,29.19,33.12,33.9,89.5,15.350000000000001,53.6,99.9,224.5,2886.0,1.44,36.25,14.950000000000001,7.0600000000000005,35.94,28.93,2.0,230.5,1200.0
169982.228,83582.228,140.0,90.80000000000001,22.18,15.96,170.0,33.300000000000004,149.70000000000002,29.22,33.19,33.9,91.0,15.350000000000001,53.2,100.0,229.0,2887.0,1.4000000000000001,36.35,15.05,7.03,36.0,29.03,0.0,232.5,1200.0
170042.228,83642.228,140.0,90.10000000000001,22.11,15.96,173.5,33.300000000000004,151.70000000000002,29.26,33.21,34.0,91.5,15.350000000000001,54.2,100.0,232.0,2897.0,1.32,36.300000000000004,14.94,6.96,36.03,29.01,0.0,230.0,1200.0
170102.228,83702.228,140.0,89.5,22.12,15.97,172.0,33.45,150.3,29.080000000000002,33.21,33.95,95.5,15.3,53.5,100.0,229.5,2894.0,1.56,36.5,15.05,7.08,36.01,29.07,1.0,237.0,1200.0
170162.228,83762.228,140.0,92.10000000000001,22.16,15.96,172.0,33.4,150.70000000000002,29.080000000000002,33.26,33.95,89.5,15.3,53.400000000000006,100.0,234.5,2898.0,1.37,36.45,15.0,7.05,35.980000000000004,28.95,0.0,232.0,1200.0
170222.228,83822.228,140.0,90.0,22.14,16.03,172.0,33.4,152.4,29.18,33.33,34.050000000000004,89.0,15.3,53.900000000000006,99.7,236.0,2898.0,1.47,36.4,15.01,6.95,36.02,29.01,1.0,233.5,1200.0
170282.228,83882.228,140.0,90.7,22.22,16.080000000000002,170.5,33.6,151.8,29.330000000000002,33.34,34.050000000000004,91.0,15.3,52.900000000000006,99.9,237.0,2903.0,1.3800000000000001,36.35,15.06,7.0,35.95,28.97,0.0,231.5,1200.0
170342.228,83942.228,140.0,91.30000000000001,22.28,16.05,171.0,33.45,152.5,29.21,33.27,34.15,88.5,15.5,53.6,100.0,232.0,2905.0,1.28,36.6,15.02,7.01,35.910000000000004,29.03,0.0,235.5,1200.0
170402.228,84002.228,140.0,90.7,22.23,15.99,175.0,33.4,152.1,29.27,33.32,34.15,92.5,15.350000000000001,54.300000000000004,100.0,232.5,2906.0,1.33,36.5,15.02,6.94,35.980000000000004,29.11,0.0,241.5,1200.0
170462.228,84062.228,140.0,91.2,22.07,15.950000000000001,171.0,33.35,152.6,29.23,33.3,34.050000000000004,90.5,15.3,53.6,99.9,236.5,2903.0,1.37,36.6,14.96,7.07,35.94,29.05,0.0,236.5,1200.0
170522.228,84122.228,140.0,92.10000000000001,21.990000000000002,15.950000000000001,170.5,33.45,150.9,29.25,33.29,34.15,89.5,15.200000000000001,53.400000000000006,100.0,231.5,2899.0,1.33,36.5,14.92,6.96,36.02,28.96,0.0,237.0,1200.0
170582.228,84182.228,140.0,90.10000000000001,21.8,15.88,169.0,33.550000000000004,150.5,29.29,33.21,34.050000000000004,90.0,15.100000000000001,52.7,99.9,232.5,2901.0,1.44,36.5,15.0,6.97,36.0,28.98,1.0,230.0,1200.0
170642.228,84242.228,140.0,91.0,21.68,15.860000000000001,170.0,33.25,150.8,29.25,33.06,33.9,90.5,15.350000000000001,52.400000000000006,100.0,226.5,2891.0,1.43,36.550000000000004,14.97,6.99,35.93,28.990000000000002,2.0,229.5,1200.0
170702.228,84302.228,140.0,91.0,21.61,15.780000000000001,170.5,33.25,149.9,29.14,33.160000000000004,34.0,90.5,15.25,52.300000000000004,99.80000000000001,229.5,2899.0,1.45,36.4,14.98,6.97,36.04,29.03,1.0,231.5,1200.0
170762.228,84362.228,140.0,91.5,21.51,15.72,170.5,33.2,151.8,29.25,33.19,34.050000000000004,92.0,15.100000000000001,51.1,99.60000000000001,235.5,2908.0,1.33,36.4,15.05,6.93,35.980000000000004,29.080000000000002,0.0,230.5,1200.0
170822.228,84422.228,140.0,90.60000000000001,21.42,15.59,172.0,33.15,151.3,29.13,33.11,33.95,89.0,15.0,51.800000000000004,100.0,227.5,2913.0,1.34,36.4,14.96,6.98,35.97,28.95,2.0,226.5,1200.0
170882.228,84482.228,140.0,90.5,21.25,15.620000000000001,171.0,33.25,152.20000000000002,29.27,33.11,34.0,89.5,14.9,51.6,96.7,234.0,2925.0,1.32,36.25,14.99,7.03,35.94,28.990000000000002,0.0,227.0,1200.0
170942.228,84542.228,140.0,91.5,21.19,15.57,169.0,33.0,151.3,29.18,32.94,33.95,90.5,14.950000000000001,50.7,89.2,223.0,2923.0,1.52,36.45,14.99,6.98,35.97,28.990000000000002,0.0,224.5,1200.0
171002.228,84602.228,140.0,92.60000000000001,21.080000000000002,15.57,168.5,32.95,150.8,29.13,32.78,34.1,90.0,14.950000000000001,49.800000000000004,82.4,216.5,2941.0,1.45,36.35,15.05,6.99,35.97,28.98,0.0,216.5,1200.0
171062.228,84662.228,140.0,90.80000000000001,21.25,15.700000000000001,169.0,32.9,152.4,29.07,32.83,34.1,90.5,14.9,47.7,80.0,213.5,2936.0,1.26,36.35,14.950000000000001,7.0600000000000005,36.0,28.98,0.0,216.5,1200.0
171122.228,84722.228,140.0,88.60000000000001,21.39,15.81,168.5,32.95,151.3,29.150000000000002,32.79,34.0,91.5,15.4,47.400000000000006,80.5,213.5,2926.0,1.21,36.25,14.98,7.0,35.99,29.01,0.0,212.5,1200.0
171182.228,84782.228,140.0,91.0,21.48,15.91,168.0,32.95,151.8,29.18,32.78,34.15,91.5,15.3,48.1,83.10000000000001,213.0,2911.0,1.36,36.35,15.02,6.99,36.02,28.97,0.0,214.5,1200.0
171242.228,84842.228,140.0,91.30000000000001,21.7,15.96,170.0,33.050000000000004,151.5,29.23,32.9,34.2,91.0,15.25,49.6,86.4,219.0,2902.0,1.21,36.300000000000004,15.09,7.01,35.99,29.03,0.0,217.0,1200.0
171302.228,84902.228,140.0,92.60000000000001,21.740000000000002,16.16,169.5,33.2,152.6,29.17,33.02,33.95,93.5,15.4,50.5,90.4,220.0,2891.0,1.46,36.1,15.05,7.0200000000000005,35.99,29.03,0.0,221.5,1200.0
171362.228,84962.228,140.0,91.0,22.03,16.15,172.0,33.15,151.20000000000002,29.3,33.1,34.1,92.5,15.3,51.5,94.10000000000001,223.0,2881.0,1.18,36.25,15.01,6.94,35.92,29.080000000000002,0.0,222.0,1200.0
171422.228,85022.228,140.0,90.0,22.080000000000002,16.12,171.0,33.25,151.6,29.19,33.21,34.050000000000004,93.5,15.5,52.5,99.0,233.0,2867.0,1.5,36.25,15.01,6.95,35.92,28.990000000000002,0.0,225.0,1200.0
171482.228,85082.228,140.0,93.0,22.150000000000002,16.29,170.5,33.2,151.5,29.310000000000002,33.25,34.050000000000004,92.0,15.700000000000001,53.2,99.60000000000001,223.0,2860.0,1.31,36.15,14.92,7.04,35.95,29.0,0.0,226.5,1200.0
171542.228,85142.228,140.0,91.80000000000001,22.3,16.43,172.0,33.45,154.20000000000002,29.16,33.1,34.050000000000004,92.5,15.8,53.7,100.0,220.5,2842.0,1.33,36.1,14.97,6.91,35.96,29.02,0.0,226.0,1200.0
171602.228,85202.228,140.0,93.7,22.43,16.61,171.5,33.45,151.4,29.22,33.230000000000004,34.050000000000004,91.5,15.8,53.1,100.0,220.0,2835.0,1.53,36.2,15.0,7.04,35.92,29.09,0.0,224.5,1200.0
171662.228,85262.228,140.0,91.7,22.46,16.42,173.0,33.5,150.4,29.25,33.25,34.0,93.5,15.8,53.0,100.0,224.0,2854.0,1.35,36.35,15.02,7.0,35.99,29.05,0.0,226.0,1200.0
171722.228,85322.228,140.0,92.7,22.36,16.34,173.0,33.35,150.4,29.240000000000002,33.34,34.050000000000004,94.5,15.850000000000001,53.300000000000004,100.0,229.5,2879.0,1.47,36.25,14.99,7.05,35.96,29.0,0.0,226.0,1200.0
171782.228,85382.228,140.0,90.0,22.43,16.18,170.5,33.5,150.1,29.32,33.29,34.2,94.5,15.600000000000001,53.5,99.80000000000001,231.5,2892.0,1.41,36.45,14.96,7.04,35.94,29.04,2.0,235.0,1200.0
171842.228,85442.228,140.0,91.2,22.5,16.15,172.5,33.5,151.3,29.28,33.34,34.2,92.0,15.4,54.2,100.0,231.5,2900.0,1.29,36.5,14.99,7.01,35.96,28.96,0.0,235.0,1200.0
171902.228,85502.228,140.0,90.2,22.38,16.12,171.5,33.6,150.20000000000002,29.34,33.47,34.15,92.5,15.450000000000001,55.0,100.0,232.0,2904.0,1.34,36.5,15.0,7.04,36.09,29.03,0.0,235.5,1200.0
171962.228,85562.228,140.0,91.0,22.44,16.17,172.0,33.45,152.5,29.29,33.47,34.300000000000004,90.5,15.5,54.300000000000004,99.7,236.0,2904.0,1.42,36.6,15.09,6.97,35.96,28.95,0.0,240.5,1200.0
172022.228,85622.228,140.0,90.5,22.45,16.080000000000002,172.0,33.550000000000004,149.6,29.3,33.410000000000004,34.0,92.0,15.450000000000001,55.0,100.0,235.0,2921.0,1.54,36.65,14.98,7.0,35.95,29.07,0.0,239.5,1200.0
172082.228,85682.228,140.0,91.0,22.41,16.03,174.0,33.45,151.5,29.34,33.54,34.25,89.5,15.4,54.800000000000004,99.7,241.5,2919.0,1.48,36.65,14.94,6.94,36.0,29.060000000000002,0.0,242.5,1200.0
172142.228,85742.228,140.0,91.4,22.45,16.06,172.5,33.7,151.70000000000002,29.26,33.54,34.15,90.0,15.350000000000001,54.900000000000006,99.60000000000001,241.5,2925.0,1.4000000000000001,36.65,14.950000000000001,6.98,35.95,28.95,0.0,237.5,1200.0
172202.227,85802.227,140.0,90.80000000000001,22.38,16.13,174.0,33.6,151.6,29.34,33.5,34.2,90.5,15.4,54.7,100.0,245.5,2925.0,1.37,36.800000000000004,15.05,6.97,35.94,29.14,0.0,239.0,1200.0
172262.227,85862.227,140.0,90.0,22.42,16.02,173.0,33.65,151.5,29.34,33.58,34.15,90.5,15.15,55.0,100.0,239.5,2925.0,1.3900000000000001,36.85,14.98,7.03,35.95,29.05,1.0,242.0,1200.0
172322.227,85922.227,140.0,92.0,22.43,16.11,173.5,33.6,151.1,29.35,33.53,34.2,91.5,15.350000000000001,54.900000000000006,99.9,242.0,2932.0,1.52,36.9,14.99,7.04,35.97,28.91,0.0,244.5,1200.0
172382.227,85982.227,140.0,91.0,22.45,16.03,171.5,33.550000000000004,151.70000000000002,29.400000000000002,33.54,34.2,93.5,15.3,54.800000000000004,99.60000000000001,242.5,2930.0,1.28,37.15,15.06,6.95,36.050000000000004,28.95,0.0,244.0,1200.0
172442.227,86042.227,140.0,90.30000000000001,22.46,16.04,174.0,33.65,149.9,29.310000000000002,33.51,34.25,90.5,15.350000000000001,54.7,100.0,240.5,2934.0,1.48,36.95,14.98,7.0600000000000005,36.01,29.01,1.0,243.0,1200.0
172502.227,86102.227,140.0,91.4,22.44,16.01,175.0,33.7,154.10000000000002,29.330000000000002,33.54,34.25,91.5,15.450000000000001,54.7,99.7,246.0,2935.0,1.59,37.15,15.040000000000001,6.94,35.93,28.990000000000002,0.0,239.0,1200.0
172562.227,86162.227,140.0,90.4,22.34,16.03,173.5,33.550000000000004,151.1,29.29,33.44,34.1,91.0,15.3,54.800000000000004,99.60000000000001,243.5,2932.0,1.5,37.15,15.02,7.0600000000000005,35.99,28.94,0.0,242.0,1200.0
172622.227,86222.227,140.0,91.0,22.400000000000002,15.92,172.5,33.65,151.0,29.29,33.55,34.050000000000004,91.0,15.350000000000001,54.6,99.80000000000001,244.0,2938.0,1.5,37.050000000000004,14.950000000000001,6.98,36.0,29.05,1.0,244.0,1200.0
172682.227,86282.227,140.0,90.0,22.46,15.97,173.5,33.6,152.5,29.26,33.6,34.25,90.5,15.350000000000001,54.400000000000006,100.0,239.0,2933.0,1.3800000000000001,37.15,15.01,7.01,36.0,28.96,0.0,241.5,1200.0
172742.227,86342.227,140.0,89.2,22.41,15.94,173.5,33.550000000000004,150.9,29.240000000000002,33.58,34.1,91.0,15.15,54.900000000000006,100.0,240.5,2932.0,1.21,37.15,14.97,7.04,35.95,28.95,0.0,240.5,1200.0
