time_s,scenario_time_s,HT-CH-01-AMPS,HT-CH-01-CHWFLOW,HT-CH-01-CHWRT,HT-CH-01-CHWST,HT-CH-01-CONDP,HT-CH-01-CONDT,HT-CH-01-CWFLOW,HT-CH-01-CWRT,HT-CH-01-CWST,HT-CH-01-DISCT,HT-CH-01-EVAPP,HT-CH-01-EVAPT,HT-CH-01-EXV,HT-CH-01-IGV,HT-CH-01-KW,HT-CH-01-RPM,HT-CH-01-VIB,HT-CH-01-WINDT,PLANT-CHWRT,PLANT-CHWST,PLANT-CWRT,PLANT-CWST,PLANT-DP,PLANT-KW,PLANT-LOAD
0.0,0.0,140.0,90.7,22.240000000000002,15.98,166.0,32.85,150.6,28.54,32.67,33.25,91.0,15.75,55.800000000000004,100.0,218.5,2816.0,1.34,35.5,15.06,6.94,36.01,28.97,1.0,219.0,1200.0
61.03,0.0,140.0,92.7,22.28,16.05,168.0,32.9,152.4,28.51,32.58,33.35,93.5,15.55,55.300000000000004,99.80000000000001,222.0,2819.0,1.42,35.550000000000004,15.0,7.04,36.0,29.03,3.0,217.0,1200.0
121.436,0.0,140.0,89.80000000000001,22.28,15.950000000000001,166.0,32.65,151.5,28.57,32.56,33.2,92.5,15.65,55.6,100.0,222.0,2816.0,1.36,35.6,14.96,7.03,36.04,28.85,0.0,220.5,1200.0
181.67,0.0,140.0,91.2,22.22,15.97,168.5,32.75,151.8,28.57,32.660000000000004,33.35,92.5,15.8,55.400000000000006,99.7,218.5,2824.0,1.37,35.5,15.02,7.07,36.0,29.01,0.0,220.0,1200.0
241.826,0.0,140.0,90.30000000000001,22.3,15.99,166.0,32.65,150.4,28.51,32.62,33.15,92.0,15.8,55.400000000000006,99.80000000000001,218.5,2817.0,1.49,35.550000000000004,15.05,7.0,36.08,29.02,0.0,219.5,1200.0
301.938,0.0,140.0,90.2,22.31,15.94,166.0,32.65,150.6,28.52,32.57,33.35,90.5,15.9,56.1,99.7,218.0,2822.0,1.5,35.45,15.02,6.99,36.04,29.1,0.0,223.5,1200.0
362.022,0.0,140.0,91.9,22.26,16.06,167.0,32.65,149.20000000000002,28.53,32.59,33.2,92.0,15.75,55.900000000000006,99.5,218.0,2817.0,1.32,35.5,15.02,6.99,35.93,29.03,0.0,226.5,1200.0
422.089,0.0,140.0,90.30000000000001,22.3,16.02,168.0,32.800000000000004,152.8,28.51,32.63,33.35,92.5,15.700000000000001,55.300000000000004,99.5,214.5,2825.0,1.28,35.300000000000004,15.0,6.99,36.01,28.92,0.0,219.5,1200.0
482.142,0.0,140.0,93.10000000000001,22.29,16.06,167.0,32.75,152.8,28.55,32.5,33.300000000000004,92.5,15.700000000000001,55.7,99.9,219.0,2820.0,1.21,35.5,15.040000000000001,6.94,35.980000000000004,28.94,0.0,217.0,1200.0
542.186,0.0,140.0,90.60000000000001,22.29,16.02,167.0,32.800000000000004,151.5,28.62,32.7,33.35,92.5,15.75,56.0,100.0,220.0,2816.0,1.49,35.5,15.040000000000001,7.0200000000000005,36.07,29.1,4.0,215.5,1200.0
602.222,0.0,140.0,90.4,22.330000000000002,16.05,166.0,32.7,150.4,28.57,32.6,33.25,92.0,15.850000000000001,55.900000000000006,100.0,216.5,2816.0,1.46,35.550000000000004,14.99,6.97,35.99,28.97,0.0,218.0,1200.0
662.253,0.0,140.0,92.0,22.27,15.950000000000001,166.5,32.7,153.8,28.54,32.57,33.35,91.0,15.65,55.7,100.0,224.5,2817.0,1.48,35.5,15.08,6.96,35.980000000000004,28.990000000000002,0.0,220.5,1200.0
722.279,0.0,140.0,92.60000000000001,22.29,16.04,167.5,32.800000000000004,150.6,28.51,32.56,33.300000000000004,94.0,15.600000000000001,55.0,100.0,217.0,2816.0,1.5,35.5,14.950000000000001,7.09,36.050000000000004,29.02,0.0,221.0,1200.0
782.302,0.0,140.0,91.5,22.31,15.98,167.5,32.7,150.5,28.47,32.54,33.4,90.0,15.75,55.900000000000006,99.9,223.0,2821.0,1.45,35.45,15.01,7.01,36.04,28.98,0.0,218.0,1200.0
842.322,0.0,140.0,91.4,22.28,15.96,166.5,32.75,150.9,28.53,32.660000000000004,33.35,93.0,15.65,55.6,100.0,222.0,2823.0,1.31,35.4,15.02,7.04,36.02,29.02,0.0,224.5,1200.0
902.339,0.0,140.0,91.2,22.19,15.96,167.5,32.85,150.8,28.580000000000002,32.58,33.25,94.5,15.75,55.300000000000004,100.0,217.5,2824.0,1.3800000000000001,35.45,14.96,7.0,36.03,29.02,0.0,222.5,1200.0
962.354,0.0,140.0,90.60000000000001,22.32,15.96,168.0,32.800000000000004,150.70000000000002,28.55,32.53,33.35,92.0,15.600000000000001,55.0,99.9,217.5,2818.0,1.52,35.45,15.030000000000001,7.05,35.97,28.96,0.0,220.5,1200.0
1022.368,0.0,140.0,90.60000000000001,22.2,15.98,169.0,32.75,151.6,28.59,32.62,33.4,93.0,15.700000000000001,55.400000000000006,100.0,216.5,2820.0,1.34,35.35,15.030000000000001,7.05,36.07,28.98,1.0,220.0,1200.0
1082.38,0.0,140.0,90.80000000000001,22.2,16.04,167.5,32.800000000000004,149.9,28.51,32.57,33.35,94.0,15.9,55.7,99.9,219.0,2816.0,1.45,35.6,15.02,7.0600000000000005,35.97,28.990000000000002,0.0,223.5,1200.0
1142.39,0.0,140.0,91.4,22.23,16.01,168.5,32.550000000000004,151.5,28.560000000000002,32.57,33.45,93.0,15.75,55.300000000000004,100.0,220.0,2822.0,1.54,35.5,14.96,7.01,35.96,29.0,0.0,217.0,1200.0
1202.4,0.0,140.0,90.5,22.18,15.96,166.0,32.7,151.9,28.6,32.6,33.300000000000004,92.0,15.8,54.900000000000006,99.5,217.5,2823.0,1.36,35.5,14.98,7.0200000000000005,35.99,29.0,1.0,218.0,1200.0
1262.409,0.0,140.0,90.5,22.2,15.93,169.0,32.85,151.8,28.53,32.62,33.300000000000004,92.5,15.8,55.2,100.0,214.0,2817.0,1.26,35.45,15.040000000000001,7.01,36.03,29.0,0.0,215.5,1200.0
1322.416,0.0,140.0,90.30000000000001,22.17,16.01,168.5,32.75,152.9,28.71,32.68,33.4,90.0,15.850000000000001,55.6,99.5,223.0,2827.0,1.6,35.5,14.950000000000001,6.97,35.93,28.95,1.0,220.0,1200.0
1382.423,0.0,140.0,90.5,22.3,16.080000000000002,165.0,32.800000000000004,149.4,28.64,32.7,33.45,91.5,15.8,55.300000000000004,100.0,220.0,2821.0,1.3800000000000001,35.4,15.030000000000001,7.04,36.02,29.02,3.0,215.5,1200.0
1442.43,0.0,140.0,90.2,22.26,15.94,167.5,32.85,152.8,28.72,32.660000000000004,33.550000000000004,92.5,15.700000000000001,54.6,99.5,224.0,2825.0,1.51,35.6,15.040000000000001,7.0,35.97,28.990000000000002,0.0,220.0,1200.0
1502.435,0.0,140.0,90.60000000000001,22.23,15.98,168.0,32.800000000000004,151.6,28.69,32.74,33.35,92.5,15.65,55.0,99.80000000000001,220.5,2825.0,1.27,35.6,14.98,7.0,36.09,29.03,0.0,218.0,1200.0
1562.441,0.0,140.0,89.7,22.26,16.07,170.0,32.7,151.6,28.61,32.7,33.4,91.0,15.600000000000001,54.5,100.0,222.0,2826.0,1.3800000000000001,35.4,15.030000000000001,6.97,35.88,29.05,0.0,222.5,1200.0
1622.445,0.0,140.0,90.5,22.25,15.97,167.5,32.9,152.6,28.72,32.71,33.45,93.5,15.75,55.400000000000006,99.7,221.0,2834.0,1.41,35.6,14.94,7.0,35.99,28.95,0.0,218.5,1200.0
1682.45,0.0,140.0,92.4,22.25,15.98,165.5,32.800000000000004,151.4,28.75,32.74,33.5,93.0,15.850000000000001,55.1,100.0,219.5,2833.0,1.42,35.6,15.01,7.01,36.03,29.05,0.0,223.0,1200.0
1742.454,0.0,140.0,90.2,22.27,15.97,170.0,32.800000000000004,152.1,28.64,32.81,33.45,91.5,15.850000000000001,55.2,99.7,220.5,2833.0,1.25,35.5,14.99,6.98,36.01,28.97,0.0,221.5,1200.0
1802.457,0.0,140.0,91.5,22.25,15.99,169.5,32.85,150.9,28.7,32.75,33.5,92.0,15.700000000000001,55.1,99.80000000000001,219.5,2829.0,1.37,35.5,14.9,7.0,35.93,29.03,2.0,222.0,1200.0
1862.461,0.0,140.0,91.4,22.240000000000002,16.0,169.5,33.1,151.6,28.79,32.74,33.5,94.0,15.75,55.400000000000006,100.0,226.0,2831.0,1.44,35.550000000000004,14.97,7.03,35.980000000000004,29.0,0.0,223.5,1200.0
1922.464,0.0,140.0,92.60000000000001,22.240000000000002,16.0,171.0,33.050000000000004,152.4,28.7,32.83,33.45,91.0,15.9,55.400000000000006,100.0,221.0,2839.0,1.42,35.45,14.96,7.0600000000000005,36.01,28.990000000000002,1.0,221.0,1200.0
1982.466,0.0,140.0,91.4,22.18,16.06,169.0,33.1,151.4,28.76,32.82,33.6,93.5,15.75,55.300000000000004,100.0,220.0,2832.0,1.29,35.6,15.040000000000001,7.01,36.03,28.97,1.0,224.5,1200.0
2042.469,0.0,140.0,91.60000000000001,22.27,15.97,168.5,32.85,151.8,28.830000000000002,32.78,33.45,93.5,15.65,55.0,100.0,221.0,2835.0,1.41,35.7,15.05,6.93,36.13,29.0,0.0,221.0,1200.0
2102.471,0.0,140.0,90.7,22.3,16.01,167.0,32.9,152.0,28.740000000000002,32.86,33.6,92.5,15.700000000000001,55.2,99.9,223.5,2842.0,1.28,35.85,15.040000000000001,7.0200000000000005,35.980000000000004,29.03,0.0,223.5,1200.0
2162.473,0.0,140.0,90.9,22.240000000000002,15.98,167.5,33.050000000000004,152.0,28.82,32.910000000000004,33.5,92.5,15.65,54.900000000000006,100.0,225.0,2839.0,1.59,35.75,15.11,7.0200000000000005,36.03,29.0,0.0,227.5,1200.0
2222.475,0.0,140.0,91.60000000000001,22.22,15.97,170.5,32.95,151.4,28.73,32.910000000000004,33.550000000000004,91.0,15.700000000000001,55.300000000000004,100.0,218.5,2832.0,1.37,35.85,14.93,6.99,35.96,28.990000000000002,0.0,224.0,1200.0
2282.477,0.0,140.0,90.10000000000001,22.23,15.96,171.0,33.1,152.9,28.73,32.71,33.4,92.0,15.600000000000001,55.0,100.0,227.0,2833.0,1.58,35.85,15.05,6.99,35.89,28.93,0.0,225.0,1200.0
2342.479,0.0,140.0,91.4,22.23,16.01,170.5,32.95,151.1,28.82,32.980000000000004,33.550000000000004,93.0,15.8,55.300000000000004,99.9,220.5,2834.0,1.3800000000000001,35.65,14.94,6.99,36.0,28.91,0.0,222.5,1200.0
2402.48,0.0,140.0,91.5,22.25,15.99,169.0,32.95,153.3,28.79,32.83,33.5,93.0,15.75,55.1,100.0,223.5,2837.0,1.33,35.75,14.98,6.97,36.11,29.03,0.0,219.0,1200.0
2462.482,0.0,140.0,92.4,22.32,15.98,169.5,32.95,152.3,28.73,32.85,33.7,94.0,15.75,54.7,100.0,227.0,2840.0,1.43,35.800000000000004,14.98,6.99,36.0,29.080000000000002,0.0,225.0,1200.0
2522.483,0.0,140.0,91.60000000000001,22.27,16.02,170.0,33.050000000000004,152.0,28.82,32.85,33.7,95.5,15.65,55.0,100.0,227.5,2844.0,1.37,35.800000000000004,14.950000000000001,7.03,35.95,29.05,3.0,226.5,1200.0
2582.484,0.0,140.0,91.0,22.28,16.01,169.0,33.050000000000004,152.20000000000002,28.91,32.89,33.65,94.5,15.75,55.0,100.0,230.0,2846.0,1.47,35.85,15.13,6.99,36.03,28.900000000000002,3.0,220.0,1200.0
2642.485,0.0,140.0,91.10000000000001,22.27,15.97,170.0,32.9,150.0,28.75,32.87,33.550000000000004,93.0,15.700000000000001,54.800000000000004,100.0,227.5,2840.0,1.35,35.9,14.99,6.96,36.01,28.97,1.0,225.5,1200.0
2702.486,0.0,140.0,90.60000000000001,22.21,16.0,170.5,33.050000000000004,152.5,28.900000000000002,32.95,33.65,91.5,15.75,55.400000000000006,100.0,228.5,2845.0,1.33,36.0,14.96,6.99,35.88,28.900000000000002,0.0,222.0,1200.0
2762.487,0.0,140.0,91.80000000000001,22.26,16.06,169.5,33.1,151.3,28.91,32.96,33.6,93.0,15.8,54.800000000000004,100.0,227.0,2851.0,1.53,35.7,15.02,7.0200000000000005,36.03,28.96,0.0,224.5,1200.0
2822.488,0.0,140.0,89.5,22.23,16.01,170.5,33.2,150.9,28.88,32.910000000000004,33.65,91.5,15.850000000000001,54.800000000000004,99.5,221.0,2848.0,1.35,36.0,15.040000000000001,6.93,36.050000000000004,28.95,0.0,228.0,1200.0
2882.488,0.0,140.0,87.4,22.26,16.05,170.0,33.0,151.3,28.87,32.95,33.85,93.0,15.75,54.800000000000004,100.0,226.5,2848.0,1.5,35.9,14.94,7.0200000000000005,35.910000000000004,29.0,1.0,225.5,1200.0
2942.489,0.0,140.0,91.2,22.2,15.9,170.0,33.15,151.1,28.92,32.97,33.7,94.5,15.75,55.2,100.0,226.5,2845.0,1.43,35.85,14.950000000000001,7.0,36.07,29.03,1.0,227.0,1200.0
3002.489,0.0,140.0,91.9,22.23,15.97,169.5,33.050000000000004,151.5,28.97,33.07,33.800000000000004,90.0,15.700000000000001,55.1,100.0,227.0,2848.0,1.3900000000000001,35.9,15.02,6.94,35.97,29.04,1.0,228.0,1200.0
3062.49,0.0,140.0,89.30000000000001,22.330000000000002,15.96,170.0,33.25,152.1,28.94,33.15,33.6,95.0,15.700000000000001,55.1,100.0,227.0,2850.0,1.34,35.95,15.01,6.99,35.97,29.0,0.0,228.0,1200.0
3122.49,0.0,140.0,90.9,22.26,16.06,169.0,33.300000000000004,151.8,28.91,33.14,33.75,93.0,15.75,54.7,100.0,226.0,2855.0,1.69,35.95,15.0,7.0200000000000005,36.09,29.0,1.0,226.0,1200.0
3182.491,0.0,140.0,91.2,22.25,16.03,171.5,33.1,150.3,28.84,33.1,33.75,93.0,15.700000000000001,54.6,100.0,228.0,2852.0,1.41,36.1,15.040000000000001,7.01,36.0,29.080000000000002,0.0,227.0,1200.0
3242.491,0.0,140.0,88.5,22.26,16.01,168.5,33.2,151.0,28.88,33.02,33.75,94.0,15.65,55.1,100.0,226.5,2846.0,1.44,35.9,15.040000000000001,7.0200000000000005,36.01,29.02,0.0,224.0,1200.0
3302.491,0.0,140.0,90.5,22.330000000000002,16.06,169.5,33.15,151.9,28.88,33.03,33.7,93.0,15.75,55.1,100.0,228.5,2854.0,1.44,35.95,14.94,6.97,36.08,29.0,3.0,224.0,1200.0
3362.491,0.0,140.0,92.5,22.29,16.01,169.5,33.15,151.8,28.91,33.06,33.7,93.0,15.850000000000001,55.0,100.0,227.5,2851.0,1.45,35.85,15.030000000000001,7.01,36.01,28.98,0.0,227.0,1200.0
3422.492,0.0,140.0,90.60000000000001,22.22,15.98,170.5,33.15,150.5,28.98,32.99,33.6,92.0,15.75,54.800000000000004,99.9,228.5,2849.0,1.3900000000000001,36.0,15.02,6.94,36.01,29.12,1.0,224.5,1200.0
3482.492,0.0,140.0,91.7,22.36,16.05,172.5,33.1,151.70000000000002,28.830000000000002,33.06,33.7,92.5,15.8,54.5,100.0,224.0,2847.0,1.49,35.95,14.97,7.0600000000000005,35.97,29.04,1.0,225.0,1200.0
3542.492,0.0,140.0,89.80000000000001,22.25,16.05,170.0,33.2,153.20000000000002,28.96,32.910000000000004,33.7,92.0,15.8,55.1,100.0,226.5,2854.0,1.41,35.9,15.030000000000001,7.01,35.93,29.01,0.0,224.0,1200.0
3602.492,0.0,140.0,90.80000000000001,22.21,16.02,170.0,33.25,151.8,28.95,33.0,33.7,94.0,15.950000000000001,54.6,100.0,224.5,2845.0,1.51,36.050000000000004,14.99,7.01,35.94,29.02,0.0,225.5,1200.0
3662.492,0.0,140.0,90.9,22.22,15.99,169.0,33.0,149.5,28.92,33.1,33.6,91.5,15.8,54.6,100.0,224.5,2853.0,1.34,36.050000000000004,14.98,6.99,36.04,28.900000000000002,3.0,223.0,1200.0
3722.492,0.0,140.0,92.60000000000001,22.27,16.03,167.5,33.2,150.8,28.91,33.04,33.6,92.0,15.850000000000001,54.7,99.4,225.0,2855.0,1.44,36.0,15.0,6.99,36.0,29.02,1.0,224.5,1200.0
3782.492,0.0,140.0,89.80000000000001,22.19,15.950000000000001,171.0,33.15,152.4,28.95,33.03,33.75,92.0,15.65,54.5,99.4,231.0,2857.0,1.44,35.85,14.98,6.95,36.04,28.990000000000002,2.0,230.0,1200.0
3842.492,0.0,140.0,90.0,22.27,16.05,171.5,33.050000000000004,151.5,28.96,33.12,33.75,91.5,15.850000000000001,55.1,99.9,224.0,2853.0,1.54,36.1,15.0,6.98,36.01,29.03,0.0,224.5,1200.0
3902.492,0.0,140.0,90.5,22.28,15.99,170.0,33.15,151.5,28.990000000000002,33.02,33.75,93.0,15.75,55.400000000000006,99.60000000000001,227.0,2856.0,1.51,36.0,14.950000000000001,7.0,36.01,29.03,2.0,231.0,1200.0
3962.492,0.0,140.0,90.30000000000001,22.2,15.98,169.0,33.25,151.8,28.96,33.11,34.0,93.0,15.700000000000001,55.400000000000006,99.30000000000001,227.0,2857.0,1.3,36.0,14.99,6.95,35.94,28.990000000000002,0.0,226.5,1200.0
4022.492,0.0,140.0,88.10000000000001,22.240000000000002,15.99,170.0,33.300000000000004,152.3,29.03,33.1,33.9,92.5,15.75,54.800000000000004,99.60000000000001,228.0,2859.0,1.49,36.050000000000004,15.05,7.0,35.95,29.0,3.0,225.5,1200.0
4082.491,0.0,140.0,90.80000000000001,22.31,16.03,172.0,33.35,151.6,28.990000000000002,33.12,33.95,94.5,15.700000000000001,54.6,99.4,231.0,2864.0,1.3900000000000001,36.050000000000004,14.99,7.01,35.99,29.04,0.0,229.0,1200.0
4142.491,0.0,140.0,91.30000000000001,22.3,15.96,172.0,33.2,150.4,29.07,33.22,33.9,93.5,15.75,55.5,99.9,226.5,2860.0,1.45,36.0,15.0,6.98,36.06,28.990000000000002,1.0,234.0,1200.0
4202.491,0.0,140.0,91.2,22.26,16.1,172.5,33.25,152.5,29.080000000000002,33.17,33.95,91.5,15.8,55.300000000000004,100.0,228.0,2865.0,1.3,36.050000000000004,14.99,7.04,36.0,29.05,2.0,233.5,1200.0
4262.491,0.0,140.0,91.30000000000001,22.31,16.04,170.0,33.25,149.9,29.14,33.2,33.75,95.0,15.75,55.1,100.0,230.0,2862.0,1.47,36.0,15.030000000000001,7.0,35.94,28.95,0.0,224.5,1200.0
4322.491,0.0,140.0,90.7,22.31,16.03,170.5,33.4,149.9,29.12,33.14,33.95,95.5,15.850000000000001,54.2,99.9,227.0,2871.0,1.42,36.0,15.0,6.97,35.980000000000004,28.91,0.0,227.5,1200.0
4382.49,0.0,140.0,90.0,22.32,16.0,172.0,33.2,151.9,29.150000000000002,33.18,33.800000000000004,92.5,15.65,55.1,100.0,230.0,2865.0,1.37,36.050000000000004,14.97,6.95,35.99,28.98,1.0,230.5,1200.0
4442.49,0.0,140.0,90.10000000000001,22.29,16.02,171.5,33.300000000000004,151.8,29.17,33.12,33.9,92.5,15.65,55.300000000000004,100.0,231.5,2869.0,1.44,36.2,15.06,7.0600000000000005,35.93,29.03,2.0,230.0,1200.0
4502.49,0.0,140.0,90.5,22.34,16.09,169.5,33.35,150.6,29.09,33.18,33.85,91.5,15.700000000000001,54.800000000000004,99.4,224.5,2870.0,1.4000000000000001,36.0,15.02,6.98,35.99,28.92,0.0,230.0,1200.0
4562.49,0.0,140.0,91.0,22.34,16.05,170.5,33.25,153.9,29.080000000000002,33.28,33.9,93.0,15.75,54.7,99.4,226.5,2867.0,1.47,36.050000000000004,15.01,6.99,36.08,29.0,0.0,231.5,1200.0
4622.489,0.0,140.0,89.2,22.34,16.04,170.0,33.35,149.4,29.05,33.24,33.800000000000004,94.0,15.700000000000001,55.0,100.0,234.0,2869.0,1.3800000000000001,36.25,15.0,6.97,36.01,29.03,0.0,228.0,1200.0
4682.489,0.0,140.0,91.30000000000001,22.3,15.94,169.5,33.45,152.20000000000002,29.2,33.17,33.85,95.5,15.700000000000001,55.300000000000004,100.0,233.0,2865.0,1.33,36.2,15.040000000000001,7.01,35.94,28.990000000000002,2.0,231.0,1200.0
4742.489,0.0,140.0,90.0,22.36,15.97,169.5,33.45,150.9,29.12,33.25,33.95,91.0,15.700000000000001,54.900000000000006,99.80000000000001,234.0,2865.0,1.57,36.15,14.99,6.99,35.97,28.990000000000002,0.0,231.5,1200.0
4802.488,0.0,140.0,90.30000000000001,22.330000000000002,16.02,172.0,33.45,151.0,29.07,33.230000000000004,33.7,92.5,15.8,55.2,99.60000000000001,228.0,2869.0,1.36,36.25,14.96,7.03,36.01,29.02,1.0,232.0,1200.0
4862.488,0.0,140.0,90.4,22.330000000000002,15.98,171.0,33.35,153.20000000000002,29.02,33.2,34.0,93.0,15.8,55.5,100.0,228.0,2866.0,1.48,36.2,14.97,7.0200000000000005,36.01,29.04,0.0,232.5,1200.0
4922.488,0.0,140.0,91.80000000000001,22.34,16.080000000000002,173.0,33.4,150.70000000000002,29.11,33.09,33.95,91.0,15.8,55.0,100.0,233.0,2873.0,1.42,36.1,14.97,6.92,35.980000000000004,29.01,3.0,227.0,1200.0
4982.487,0.0,140.0,90.0,22.38,16.0,172.5,33.4,151.3,29.150000000000002,33.3,33.85,94.0,15.700000000000001,55.1,99.80000000000001,232.0,2873.0,1.3900000000000001,36.2,15.05,6.96,36.02,28.97,0.0,232.5,1200.0
5042.487,0.0,140.0,90.30000000000001,22.38,16.02,171.5,33.4,152.5,29.17,33.27,33.800000000000004,92.5,15.700000000000001,54.800000000000004,99.7,229.0,2867.0,1.45,36.300000000000004,15.040000000000001,7.01,36.04,28.98,3.0,232.0,1200.0
5102.487,0.0,140.0,92.80000000000001,22.34,15.97,173.5,33.45,151.5,29.22,33.34,33.95,91.0,15.700000000000001,55.0,99.7,232.5,2869.0,1.61,36.050000000000004,14.97,6.96,35.99,28.94,0.0,230.5,1200.0
5162.486,0.0,140.0,90.80000000000001,22.34,16.03,170.5,33.300000000000004,151.6,29.23,33.31,34.0,93.0,15.700000000000001,55.400000000000006,100.0,232.0,2871.0,1.3900000000000001,36.25,15.06,7.03,36.04,28.97,2.0,231.0,1200.0
5222.486,0.0,140.0,93.0,22.37,16.04,171.0,33.45,151.6,29.14,33.29,34.0,94.0,15.700000000000001,55.0,100.0,230.5,2877.0,1.42,36.4,14.96,7.05,35.96,29.0,3.0,235.5,1200.0
5282.485,0.0,140.0,93.10000000000001,22.32,16.03,171.0,33.45,153.4,29.16,33.35,34.0,92.5,15.75,54.2,99.4,235.5,2871.0,1.35,36.25,14.98,7.01,35.94,29.05,2.0,233.0,1200.0
5342.485,0.0,140.0,91.2,22.26,16.0,171.5,33.550000000000004,152.4,29.23,33.3,34.0,92.5,15.700000000000001,54.7,99.9,226.5,2879.0,1.1500000000000001,36.15,15.07,6.98,36.02,28.96,1.0,231.5,1200.0
5402.485,0.0,140.0,90.5,22.21,15.96,171.0,33.5,150.0,29.39,33.35,34.1,94.5,15.850000000000001,54.900000000000006,100.0,230.5,2874.0,1.46,36.300000000000004,15.06,6.93,36.02,29.05,2.0,229.5,1200.0
5462.484,0.0,140.0,90.2,22.29,16.04,171.5,33.6,152.9,29.150000000000002,33.29,33.95,91.0,15.700000000000001,54.6,100.0,231.5,2876.0,1.57,36.35,15.0,7.0,36.03,29.01,0.0,231.0,1200.0
5522.484,0.0,140.0,90.10000000000001,22.3,16.01,171.5,33.4,151.20000000000002,29.19,33.39,33.95,93.5,15.75,54.7,100.0,230.0,2871.0,1.47,36.35,15.02,7.0200000000000005,36.01,29.04,0.0,229.5,1200.0
5582.483,0.0,140.0,90.9,22.34,15.97,171.5,33.35,152.4,29.13,33.39,33.9,93.0,15.65,54.900000000000006,99.4,238.0,2878.0,1.31,36.4,15.02,6.95,36.04,29.080000000000002,2.0,235.5,1200.0
5642.483,0.0,140.0,89.7,22.28,16.01,173.5,33.45,151.1,29.17,33.36,34.0,92.5,15.65,55.1,99.5,234.0,2877.0,1.23,36.2,15.0,6.96,35.95,29.02,0.0,236.0,1200.0
5702.483,0.0,140.0,90.9,22.27,16.01,171.5,33.4,152.3,29.3,33.35,34.1,91.5,15.8,54.400000000000006,99.5,233.5,2872.0,1.46,36.35,15.06,7.01,35.95,28.990000000000002,0.0,229.0,1200.0
5762.482,0.0,140.0,90.7,22.3,15.99,172.5,33.45,149.8,29.26,33.3,34.0,92.5,15.8,54.800000000000004,99.7,231.5,2876.0,1.3,36.4,14.97,7.08,35.92,28.990000000000002,2.0,231.0,1200.0
5822.482,0.0,140.0,89.9,22.29,15.98,171.0,33.5,152.1,29.27,33.42,33.85,93.0,15.8,55.0,100.0,230.0,2873.0,1.35,36.300000000000004,14.94,6.9,35.980000000000004,29.11,0.0,234.0,1200.0
5882.481,0.0,140.0,91.0,22.25,15.94,172.0,33.35,151.5,29.3,33.46,34.050000000000004,92.0,15.700000000000001,54.800000000000004,100.0,236.5,2891.0,1.32,36.300000000000004,15.05,7.0,36.050000000000004,28.97,1.0,234.0,1200.0
5942.481,0.0,140.0,90.5,22.29,16.02,172.5,33.6,151.3,29.28,33.31,34.0,93.5,15.65,54.6,99.9,228.5,2882.0,1.34,36.25,15.02,7.03,35.97,29.0,0.0,232.0,1200.0
6002.48,0.0,140.0,91.0,22.29,16.01,171.0,33.35,151.6,29.19,33.36,34.0,92.0,15.850000000000001,54.6,99.80000000000001,235.5,2879.0,1.41,36.25,14.94,7.0200000000000005,35.97,29.02,0.0,231.5,1200.0
6062.48,0.0,140.0,91.0,22.34,16.01,175.0,33.6,151.20000000000002,29.19,33.4,34.1,91.0,15.8,55.1,99.9,232.0,2876.0,1.26,36.6,14.98,7.09,35.97,28.95,0.0,234.5,1200.0
6122.479,0.0,140.0,92.60000000000001,22.29,15.98,172.0,33.45,151.70000000000002,29.310000000000002,33.29,34.1,93.5,15.75,54.1,99.9,231.5,2882.0,1.41,36.300000000000004,14.98,7.0,36.06,28.93,0.0,235.0,1200.0
6182.479,0.0,140.0,90.2,22.35,15.99,171.5,33.550000000000004,150.5,29.2,33.43,34.25,93.0,15.75,54.2,99.9,231.5,2882.0,1.42,36.45,15.040000000000001,7.0,35.97,28.97,2.0,229.5,1200.0
6242.479,0.0,140.0,90.9,22.36,16.0,174.0,33.550000000000004,152.0,29.29,33.410000000000004,34.050000000000004,92.0,15.75,54.7,100.0,228.5,2880.0,1.44,36.300000000000004,14.950000000000001,7.0600000000000005,36.02,28.830000000000002,0.0,233.5,1200.0
6302.478,0.0,140.0,91.4,22.31,16.07,171.5,33.550000000000004,151.0,29.25,33.49,34.15,92.0,15.75,54.800000000000004,100.0,239.0,2881.0,1.42,36.300000000000004,15.01,7.03,36.02,28.94,1.0,237.0,1200.0
6362.478,0.0,140.0,91.9,22.31,15.91,172.5,33.7,151.70000000000002,29.330000000000002,33.480000000000004,34.15,94.0,15.8,54.800000000000004,99.9,235.0,2888.0,1.48,36.4,15.07,6.95,36.03,29.11,0.0,229.5,1200.0
6422.477,0.0,140.0,91.10000000000001,22.22,15.98,172.0,33.6,152.3,29.37,33.47,34.2,93.5,15.75,54.7,99.80000000000001,233.5,2888.0,1.44,36.5,14.98,6.96,35.97,28.95,0.0,235.5,1200.0
6482.477,0.0,140.0,90.7,22.31,16.05,174.0,33.6,152.70000000000002,29.35,33.52,34.25,92.0,15.5,54.6,100.0,234.5,2890.0,1.52,36.5,15.05,7.04,35.97,29.03,3.0,234.0,1200.0
6542.476,0.0,140.0,89.4,22.26,16.07,175.5,33.550000000000004,150.4,29.36,33.53,34.25,94.5,15.8,54.800000000000004,100.0,232.0,2885.0,1.46,36.35,14.98,7.08,35.96,28.92,0.0,233.5,1200.0
6602.476,0.0,140.0,92.60000000000001,22.35,15.98,171.5,33.65,150.8,29.5,33.49,34.1,93.5,15.700000000000001,54.5,100.0,234.5,2888.0,1.47,36.6,15.0,6.99,35.89,28.97,2.0,232.0,1200.0
6662.475,0.0,140.0,90.30000000000001,22.240000000000002,15.950000000000001,173.5,33.6,149.8,29.39,33.5,34.2,93.0,15.700000000000001,54.2,99.30000000000001,232.0,2891.0,1.54,36.6,15.0,6.96,36.0,28.96,0.0,233.0,1200.0
6722.475,0.0,140.0,91.30000000000001,22.29,15.98,172.5,33.7,152.5,29.330000000000002,33.55,34.15,94.0,15.700000000000001,55.1,100.0,232.0,2891.0,1.44,36.35,15.08,7.05,36.03,29.01,2.0,235.5,1200.0
6782.474,0.0,140.0,90.10000000000001,22.26,15.94,172.0,33.550000000000004,149.20000000000002,29.38,33.480000000000004,34.2,92.5,15.55,54.1,100.0,235.0,2892.0,1.16,36.550000000000004,15.0,7.01,36.050000000000004,28.98,0.0,228.5,1200.0
6842.474,0.0,140.0,90.2,22.27,16.0,173.0,33.65,151.1,29.32,33.47,34.050000000000004,92.5,15.9,54.7,99.9,236.0,2885.0,1.31,36.5,15.02,7.01,36.0,28.990000000000002,0.0,235.0,1200.0
6902.473,0.0,140.0,90.30000000000001,22.35,15.99,172.0,33.45,152.3,29.3,33.45,34.050000000000004,94.0,15.850000000000001,55.2,99.80000000000001,238.0,2884.0,1.32,36.35,15.01,7.01,35.89,29.04,1.0,232.0,1200.0
6962.473,0.0,140.0,92.0,22.3,15.94,173.0,33.550000000000004,151.6,29.45,33.480000000000004,34.15,92.0,15.8,54.7,100.0,235.5,2883.0,1.53,36.550000000000004,15.0,7.03,35.99,28.95,2.0,237.5,1200.0
7022.472,0.0,140.0,91.60000000000001,22.29,16.0,170.5,33.65,151.6,29.37,33.44,34.050000000000004,91.0,15.9,54.1,100.0,235.0,2888.0,1.37,36.45,15.05,6.95,35.99,28.990000000000002,0.0,234.0,1200.0
7082.472,0.0,140.0,92.5,22.27,15.93,173.5,33.65,152.5,29.36,33.39,34.25,94.5,15.700000000000001,54.1,99.9,235.0,2883.0,1.35,36.65,14.98,7.0600000000000005,36.08,29.04,0.0,234.5,1200.0
7142.472,0.0,140.0,91.5,22.31,16.01,173.0,33.65,151.20000000000002,29.330000000000002,33.53,34.25,93.0,15.700000000000001,55.1,100.0,233.0,2893.0,1.31,36.5,14.98,6.97,36.04,29.02,2.0,234.0,1200.0
7202.471,0.0,140.0,91.0,22.3,16.0,173.0,33.6,151.0,29.27,33.46,34.050000000000004,92.0,15.700000000000001,54.900000000000006,99.80000000000001,233.5,2884.0,1.3900000000000001,36.6,15.030000000000001,7.05,35.95,28.98,2.0,233.0,1200.0
7262.471,0.0,140.0,90.4,22.31,15.99,172.5,33.550000000000004,150.20000000000002,29.330000000000002,33.39,34.1,92.5,15.600000000000001,54.6,99.80000000000001,233.0,2883.0,1.33,36.7,15.0,6.98,35.980000000000004,29.02,2.0,231.0,1200.0
7322.47,0.0,140.0,90.10000000000001,22.29,16.01,170.5,33.7,151.3,29.35,33.45,34.15,92.0,15.75,54.6,100.0,230.5,2890.0,1.37,36.65,15.030000000000001,7.01,36.06,29.07,1.0,231.0,1200.0
7382.47,0.0,140.0,90.5,22.32,16.02,171.5,33.6,151.70000000000002,29.35,33.55,34.2,94.0,15.75,54.400000000000006,100.0,237.5,2888.0,1.35,36.550000000000004,14.96,7.0,36.0,28.95,2.0,230.5,1200.0
7442.469,0.0,140.0,91.5,22.240000000000002,15.94,172.5,33.550000000000004,151.1,29.27,33.46,34.25,93.5,15.75,54.800000000000004,100.0,232.0,2883.0,1.5,36.5,15.040000000000001,6.94,36.0,29.05,0.0,239.0,1200.0
7502.469,0.0,140.0,90.9,22.36,15.99,171.5,33.6,151.9,29.42,33.43,34.15,92.5,15.850000000000001,54.6,100.0,237.0,2887.0,1.32,36.5,15.040000000000001,7.0,35.99,28.990000000000002,0.0,238.0,1200.0
7562.468,0.0,140.0,90.5,22.29,15.94,172.5,33.4,151.70000000000002,29.3,33.47,34.25,92.5,15.65,55.300000000000004,99.80000000000001,234.0,2888.0,1.46,36.45,14.97,6.99,36.02,29.03,0.0,234.5,1200.0
7622.468,0.0,140.0,90.7,22.37,15.98,174.0,33.85,152.20000000000002,29.36,33.45,34.25,92.5,15.700000000000001,55.0,100.0,231.0,2888.0,1.31,36.5,15.0,7.03,36.01,28.96,0.0,236.5,1200.0
7682.467,0.0,140.0,91.0,22.29,16.02,169.5,33.5,151.70000000000002,29.32,33.45,34.0,94.0,15.700000000000001,54.7,100.0,237.0,2879.0,1.33,36.4,15.05,7.0,35.97,29.03,0.0,234.0,1200.0
7742.467,0.0,140.0,89.30000000000001,22.36,16.0,169.5,33.5,150.1,29.36,33.46,34.25,95.5,15.75,54.7,99.5,235.0,2882.0,1.4000000000000001,36.35,14.97,6.97,35.97,28.96,2.0,229.5,1200.0
7802.466,0.0,140.0,91.7,22.25,16.01,171.5,33.7,151.6,29.35,33.410000000000004,34.050000000000004,92.0,15.600000000000001,54.900000000000006,99.30000000000001,231.0,2882.0,1.36,36.5,15.030000000000001,7.01,36.09,28.97,0.0,233.5,1200.0
7862.466,0.0,140.0,91.10000000000001,22.330000000000002,16.04,172.5,33.5,151.4,29.34,33.43,34.050000000000004,94.0,15.9,54.900000000000006,100.0,234.5,2882.0,1.48,36.35,14.950000000000001,7.01,36.08,29.04,0.0,234.5,1200.0
7922.465,0.0,140.0,90.80000000000001,22.28,16.02,172.5,33.45,151.0,29.38,33.43,34.050000000000004,92.0,15.8,55.0,100.0,233.5,2881.0,1.17,36.35,15.0,7.07,36.01,28.98,0.0,234.0,1200.0
7982.465,0.0,140.0,90.7,22.28,16.05,173.0,33.550000000000004,151.20000000000002,29.330000000000002,33.49,34.050000000000004,92.5,15.700000000000001,54.5,100.0,238.5,2881.0,1.3900000000000001,36.5,14.99,7.01,36.0,29.02,0.0,231.5,1200.0
8042.464,0.0,140.0,91.30000000000001,22.41,15.98,170.0,33.45,151.4,29.22,33.39,34.1,91.0,15.700000000000001,55.5,100.0,237.0,2883.0,1.32,36.35,14.98,6.99,36.04,29.02,0.0,234.5,1200.0
8102.464,0.0,140.0,90.60000000000001,22.39,15.98,171.5,33.6,151.70000000000002,29.3,33.46,34.0,94.5,15.9,55.400000000000006,99.9,233.5,2878.0,1.4000000000000001,36.35,15.01,7.05,36.12,29.080000000000002,0.0,234.5,1200.0
8162.463,0.0,140.0,90.10000000000001,22.35,16.09,172.0,33.4,151.70000000000002,29.26,33.38,34.1,93.5,15.75,55.0,100.0,232.5,2883.0,1.3900000000000001,36.4,14.98,6.98,36.06,29.04,1.0,235.5,1200.0
8222.463,0.0,140.0,89.9,22.42,16.03,171.0,33.550000000000004,151.4,29.28,33.410000000000004,34.050000000000004,94.5,15.700000000000001,55.5,99.9,235.5,2888.0,1.41,36.45,15.030000000000001,7.1000000000000005,35.96,29.02,0.0,235.5,1200.0
8282.463,0.0,140.0,92.80000000000001,22.43,15.98,172.5,33.75,151.5,29.32,33.480000000000004,34.1,94.5,15.700000000000001,55.900000000000006,99.9,237.5,2890.0,1.35,36.6,14.96,6.95,36.06,28.94,0.0,232.5,1200.0
8342.462,0.0,140.0,90.10000000000001,22.46,16.1,169.5,33.7,151.70000000000002,29.19,33.46,34.2,94.0,15.700000000000001,55.1,100.0,233.5,2889.0,1.31,36.550000000000004,15.08,6.95,36.04,29.11,0.0,234.5,1200.0
8402.462,0.0,140.0,90.9,22.51,16.04,173.0,33.5,151.1,29.21,33.43,34.0,93.0,15.8,55.400000000000006,100.0,236.5,2889.0,1.53,36.5,14.99,7.01,36.02,28.95,0.0,236.5,1200.0
8462.461,0.0,140.0,90.30000000000001,22.580000000000002,16.06,172.0,33.550000000000004,152.8,29.22,33.480000000000004,34.050000000000004,92.5,15.8,55.900000000000006,99.80000000000001,236.0,2894.0,1.43,36.7,15.030000000000001,7.01,35.95,29.03,0.0,237.5,1200.0
8522.461,0.0,140.0,91.7,22.490000000000002,16.12,171.0,33.75,151.5,29.22,33.49,34.0,91.5,15.65,56.5,99.4,239.0,2891.0,1.27,36.5,14.99,7.04,36.06,28.92,0.0,235.5,1200.0
8582.46,0.0,140.0,91.2,22.63,16.04,173.0,33.5,151.1,29.26,33.53,34.1,93.5,15.75,56.400000000000006,99.7,242.5,2895.0,1.31,36.550000000000004,14.98,6.99,36.03,28.98,0.0,234.0,1200.0
8642.46,0.0,140.0,90.2,22.56,16.05,173.0,33.75,151.70000000000002,29.240000000000002,33.51,34.0,92.5,15.75,55.800000000000004,99.7,237.5,2896.0,1.32,36.75,15.05,7.0,36.04,28.990000000000002,0.0,239.5,1200.0
8702.459,0.0,140.0,91.7,22.650000000000002,16.080000000000002,175.5,33.550000000000004,151.70000000000002,29.310000000000002,33.47,34.1,95.0,15.8,56.0,99.7,237.5,2904.0,1.4000000000000001,36.65,14.97,7.0200000000000005,35.99,28.990000000000002,1.0,242.5,1200.0
8762.459,0.0,140.0,88.80000000000001,22.61,16.11,172.0,33.65,152.9,29.34,33.51,34.15,93.0,15.65,56.400000000000006,100.0,241.5,2903.0,1.4000000000000001,36.800000000000004,15.05,6.99,36.050000000000004,29.01,4.0,241.5,1200.0
8822.458,0.0,140.0,91.9,22.650000000000002,16.07,173.0,33.6,151.5,29.2,33.63,34.0,92.5,15.700000000000001,56.7,100.0,240.5,2899.0,1.52,36.75,15.07,7.0200000000000005,35.97,29.02,1.0,240.0,1200.0
8882.458,0.0,140.0,91.60000000000001,22.63,16.06,172.5,33.6,152.20000000000002,29.23,33.59,34.15,93.5,15.850000000000001,56.7,100.0,240.5,2902.0,1.3800000000000001,36.65,15.0,7.0200000000000005,35.99,28.95,0.0,241.5,1200.0
8942.457,0.0,140.0,88.7,22.68,16.09,174.5,33.75,151.9,29.25,33.62,34.15,93.0,15.8,56.900000000000006,99.60000000000001,245.5,2905.0,1.46,36.75,14.870000000000001,6.96,36.02,29.060000000000002,0.0,244.5,1200.0
9002.457,0.0,140.0,90.2,22.71,16.01,173.0,33.800000000000004,150.8,29.3,33.52,34.15,90.5,15.8,57.1,100.0,242.5,2913.0,1.47,36.9,14.92,6.98,36.07,29.07,0.0,243.0,1200.0
9062.457,0.0,140.0,91.0,22.72,16.02,172.5,33.7,151.70000000000002,29.16,33.59,34.2,91.0,15.65,57.5,99.9,242.5,2912.0,1.43,36.9,15.0,7.05,36.02,29.07,0.0,235.5,1200.0
9122.456,0.0,140.0,91.7,22.650000000000002,15.99,173.5,33.6,149.4,29.19,33.54,34.15,90.5,15.75,57.5,100.0,244.5,2915.0,1.41,36.9,14.97,6.97,36.02,28.88,0.0,244.0,1200.0
9182.456,0.0,140.0,92.30000000000001,22.78,16.03,174.5,33.6,152.4,29.19,33.59,33.95,93.0,15.700000000000001,57.1,99.9,241.5,2911.0,1.56,36.85,15.02,6.98,36.01,28.89,1.0,242.5,1200.0
9242.455,0.0,140.0,91.2,22.72,16.01,173.0,33.7,150.6,29.16,33.56,34.1,93.0,15.600000000000001,57.6,100.0,246.0,2919.0,1.26,37.0,15.05,6.98,36.02,28.97,3.0,243.5,1200.0
9302.455,0.0,140.0,90.0,22.73,16.01,172.5,33.5,150.3,29.18,33.53,34.2,89.5,15.65,57.1,99.7,242.5,2912.0,1.43,37.0,14.96,7.0200000000000005,35.99,29.03,0.0,246.0,1200.0
9362.454,0.0,140.0,90.7,22.75,15.97,173.0,33.7,151.4,29.22,33.54,34.050000000000004,93.0,15.8,57.1,100.0,244.0,2922.0,1.41,37.050000000000004,14.92,7.04,35.96,29.05,0.0,242.0,1200.0
9422.454,0.0,140.0,91.4,22.69,16.01,173.0,33.75,151.4,29.26,33.55,34.050000000000004,92.0,15.65,56.800000000000004,100.0,246.5,2916.0,1.48,37.1,14.97,7.01,36.03,28.990000000000002,0.0,241.0,1200.0
9482.453,0.0,140.0,89.60000000000001,22.71,16.02,173.0,33.65,152.6,29.28,33.61,34.15,94.5,15.75,57.0,99.9,247.5,2911.0,1.22,37.0,15.01,7.03,36.04,28.98,1.0,245.5,1200.0
9542.453,0.0,140.0,89.4,22.68,15.950000000000001,172.5,33.800000000000004,151.70000000000002,29.21,33.52,34.050000000000004,91.5,15.600000000000001,57.300000000000004,99.60000000000001,245.0,2912.0,1.51,37.0,15.0,7.0200000000000005,36.0,28.96,0.0,245.5,1200.0
9602.452,0.0,140.0,89.5,22.7,16.0,174.0,33.65,150.4,29.240000000000002,33.56,34.2,91.5,15.8,57.400000000000006,100.0,243.0,2915.0,1.33,37.050000000000004,14.97,7.0,35.980000000000004,28.98,4.0,238.0,1200.0
9662.452,0.0,140.0,90.5,22.67,16.0,173.0,33.75,151.9,29.18,33.57,34.1,94.5,15.700000000000001,57.1,100.0,246.0,2914.0,1.55,36.95,15.030000000000001,6.97,36.06,28.95,0.0,241.5,1200.0
9722.452,0.0,140.0,90.9,22.69,15.97,171.0,33.65,152.0,29.22,33.55,34.050000000000004,93.0,15.75,56.900000000000006,99.80000000000001,244.0,2916.0,1.49,37.1,14.950000000000001,6.98,36.01,28.96,0.0,242.5,1200.0
9782.451,0.0,140.0,90.4,22.71,15.97,171.5,33.7,151.4,29.12,33.52,34.15,92.5,15.65,57.0,100.0,244.5,2913.0,1.55,37.300000000000004,15.09,6.99,35.95,28.97,0.0,240.0,1200.0
9842.451,0.0,140.0,90.9,22.66,15.99,173.0,33.550000000000004,152.3,29.1,33.49,34.0,91.5,15.700000000000001,56.900000000000006,100.0,241.5,2914.0,1.47,37.2,15.030000000000001,7.05,35.97,29.0,0.0,244.0,1200.0
9902.45,0.0,140.0,89.9,22.67,16.0,172.0,33.45,151.5,29.12,33.49,34.1,92.5,15.850000000000001,57.300000000000004,100.0,245.5,2904.0,1.4000000000000001,36.9,15.030000000000001,7.03,36.07,29.01,2.0,242.5,1200.0
9962.45,0.0,140.0,90.0,22.66,16.0,173.5,33.5,150.3,29.05,33.52,34.050000000000004,94.0,15.65,57.400000000000006,99.80000000000001,246.0,2905.0,1.34,37.1,15.0,7.04,36.0,29.0,0.0,241.5,1200.0
10022.449,0.0,140.0,90.80000000000001,22.650000000000002,15.94,173.0,33.7,152.5,29.09,33.44,33.95,93.0,15.75,57.0,99.9,245.0,2905.0,1.3,37.050000000000004,14.950000000000001,7.04,36.07,28.95,0.0,238.5,1200.0
10082.449,0.0,140.0,90.5,22.67,15.950000000000001,175.0,33.45,152.70000000000002,29.16,33.410000000000004,34.0,91.5,15.75,57.5,100.0,244.0,2905.0,1.34,36.800000000000004,14.97,7.05,35.99,28.900000000000002,0.0,246.0,1200.0
10142.449,0.0,140.0,90.60000000000001,22.61,15.99,175.0,33.550000000000004,152.4,29.14,33.43,34.1,92.0,15.75,57.5,99.7,242.5,2900.0,1.3900000000000001,36.95,14.97,7.01,36.03,29.01,0.0,237.5,1200.0
10202.448,0.0,140.0,90.10000000000001,22.67,16.05,171.5,33.6,151.0,29.07,33.38,33.9,93.5,15.700000000000001,57.0,99.7,241.5,2904.0,1.43,36.95,14.99,6.95,35.94,29.07,1.0,248.0,1200.0
10262.448,0.0,140.0,90.4,22.66,16.04,171.0,33.5,151.1,29.04,33.38,33.85,91.5,15.600000000000001,57.2,99.80000000000001,247.0,2896.0,1.49,37.050000000000004,15.05,6.96,35.94,28.89,0.0,241.5,1200.0
10322.447,0.0,140.0,91.30000000000001,22.62,16.06,172.0,33.6,152.6,29.080000000000002,33.42,33.85,93.5,15.75,57.300000000000004,99.9,240.0,2900.0,1.3800000000000001,36.85,14.97,7.03,36.04,29.14,1.0,243.5,1200.0
10382.447,0.0,140.0,91.2,22.62,16.05,174.5,33.45,151.8,29.03,33.37,33.85,93.5,15.8,57.1,100.0,245.0,2899.0,1.25,36.85,14.98,7.08,36.03,28.990000000000002,1.0,245.0,1200.0
10442.446,0.0,140.0,92.10000000000001,22.580000000000002,15.97,171.0,33.45,153.0,28.97,33.38,34.0,89.5,15.65,57.1,100.0,243.5,2901.0,1.46,36.85,15.05,7.0,35.910000000000004,29.03,1.0,240.0,1200.0
10502.446,0.0,140.0,89.9,22.56,15.99,172.0,33.5,151.6,29.1,33.39,33.85,92.0,15.8,56.6,100.0,241.5,2898.0,1.5,36.7,15.05,7.01,36.050000000000004,28.98,1.0,241.5,1200.0
10562.446,0.0,140.0,91.2,22.650000000000002,15.94,173.0,33.4,151.0,29.07,33.4,33.800000000000004,93.0,15.75,57.300000000000004,99.9,241.5,2894.0,1.44,36.7,14.98,7.03,35.95,28.990000000000002,0.0,242.0,1200.0
10622.445,0.0,140.0,91.9,22.63,16.02,173.0,33.5,151.9,29.080000000000002,33.35,33.7,91.5,15.65,57.7,100.0,241.5,2900.0,1.24,36.65,14.99,6.95,36.03,29.060000000000002,0.0,245.0,1200.0
10682.445,0.0,140.0,91.60000000000001,22.66,15.99,173.0,33.45,151.0,29.0,33.28,33.85,91.0,15.75,57.300000000000004,99.80000000000001,240.5,2900.0,1.53,36.85,14.98,7.0200000000000005,36.0,28.97,1.0,241.5,1200.0
10742.444,0.0,140.0,89.4,22.66,15.99,172.5,33.4,151.5,29.0,33.34,33.9,94.0,15.8,57.400000000000006,99.7,240.5,2899.0,1.52,36.800000000000004,14.96,6.99,36.04,29.11,0.0,240.5,1200.0
10802.444,0.0,140.0,90.7,22.66,16.04,174.5,33.5,149.6,29.05,33.29,33.9,93.0,15.8,57.6,100.0,238.5,2898.0,1.31,36.7,14.97,6.92,35.95,29.04,2.0,239.0,1200.0
10862.443,0.0,140.0,91.5,22.68,15.950000000000001,171.5,33.35,151.9,29.04,33.33,33.800000000000004,92.0,15.700000000000001,57.300000000000004,99.80000000000001,239.5,2898.0,1.29,36.800000000000004,15.08,7.0600000000000005,36.09,29.02,0.0,240.0,1200.0
10922.443,0.0,140.0,90.60000000000001,22.61,15.94,171.0,33.6,151.6,29.05,33.31,33.75,96.5,15.600000000000001,57.300000000000004,100.0,244.0,2894.0,1.32,36.6,15.0,7.0200000000000005,35.93,28.95,0.0,242.0,1200.0
10982.443,0.0,140.0,90.7,22.580000000000002,16.02,174.0,33.65,150.6,29.05,33.4,33.800000000000004,92.5,15.8,56.6,99.30000000000001,242.5,2896.0,1.3800000000000001,36.75,14.950000000000001,7.05,36.01,28.95,0.0,243.5,1200.0
11042.442,0.0,140.0,90.0,22.57,16.07,173.5,33.45,151.8,29.04,33.36,33.9,92.5,15.8,56.800000000000004,99.80000000000001,239.0,2899.0,1.45,36.95,14.950000000000001,6.95,35.99,29.060000000000002,1.0,244.0,1200.0
11102.442,0.0,140.0,92.30000000000001,22.61,15.92,173.5,33.5,150.8,29.03,33.32,33.9,94.0,15.700000000000001,57.400000000000006,100.0,238.5,2899.0,1.43,36.9,15.0,7.04,35.88,29.0,3.0,238.0,1200.0
11162.441,0.0,140.0,91.9,22.67,16.03,170.5,33.5,152.4,29.03,33.410000000000004,33.95,91.5,15.8,57.0,100.0,241.5,2896.0,1.48,36.75,15.01,6.91,35.96,29.060000000000002,0.0,240.0,1200.0
11222.441,0.0,140.0,91.60000000000001,22.72,16.03,173.5,33.550000000000004,150.70000000000002,29.150000000000002,33.36,34.050000000000004,94.5,15.8,56.6,99.60000000000001,246.5,2901.0,1.31,36.75,14.99,6.97,35.99,28.96,0.0,240.5,1200.0
11282.44,0.0,140.0,90.2,22.63,15.97,172.0,33.6,152.4,29.1,33.39,33.85,91.5,15.700000000000001,57.2,99.7,241.5,2909.0,1.54,36.85,15.01,7.0200000000000005,35.96,28.95,0.0,242.0,1200.0
11342.44,0.0,140.0,93.2,22.580000000000002,16.02,171.0,33.6,151.20000000000002,29.11,33.49,33.9,93.0,15.65,57.400000000000006,100.0,242.0,2901.0,1.34,36.85,15.07,7.04,36.02,28.900000000000002,0.0,242.0,1200.0
11402.44,0.0,140.0,92.30000000000001,22.66,16.01,173.5,33.5,152.70000000000002,29.16,33.42,34.0,93.5,15.700000000000001,57.300000000000004,100.0,241.0,2905.0,1.3900000000000001,36.85,14.96,7.0600000000000005,36.01,28.990000000000002,3.0,245.0,1200.0
11462.439,0.0,140.0,92.10000000000001,22.64,15.9,172.0,33.550000000000004,151.9,29.060000000000002,33.39,34.0,90.5,15.65,56.7,100.0,241.5,2912.0,1.33,36.95,15.05,6.99,35.96,29.07,0.0,244.5,1200.0
11522.439,0.0,140.0,90.4,22.64,16.07,173.0,33.550000000000004,151.70000000000002,29.14,33.42,33.95,92.0,15.700000000000001,57.0,99.7,239.5,2904.0,1.33,36.65,14.99,7.01,36.01,28.97,0.0,239.5,1200.0
11582.438,0.0,140.0,91.10000000000001,22.67,16.0,172.0,33.550000000000004,151.4,29.240000000000002,33.39,34.1,92.5,15.75,57.0,100.0,243.0,2906.0,1.32,36.800000000000004,15.05,7.01,36.01,28.96,2.0,240.5,1200.0
11642.438,0.0,140.0,91.30000000000001,22.57,16.03,171.0,33.550000000000004,152.3,29.11,33.47,34.1,92.5,15.8,56.7,100.0,239.5,2907.0,1.3,36.95,14.98,7.0600000000000005,35.95,29.07,0.0,242.0,1200.0
11702.438,0.0,140.0,91.4,22.69,15.97,172.0,33.65,149.4,29.080000000000002,33.47,33.95,92.5,15.65,56.7,99.80000000000001,243.0,2909.0,1.37,36.9,14.99,7.01,35.910000000000004,28.95,1.0,240.5,1200.0
11762.437,0.0,140.0,92.2,22.64,15.950000000000001,173.5,33.7,151.20000000000002,29.21,33.480000000000004,34.050000000000004,92.0,15.65,57.400000000000006,99.9,247.5,2904.0,1.41,36.9,15.01,6.99,35.94,29.0,0.0,242.5,1200.0
11822.437,0.0,140.0,90.30000000000001,22.61,15.98,172.5,33.65,150.70000000000002,29.13,33.410000000000004,34.050000000000004,93.0,15.700000000000001,56.900000000000006,99.9,241.0,2903.0,1.41,36.800000000000004,14.98,7.05,35.95,29.07,0.0,241.0,1200.0
11882.436,0.0,140.0,91.5,22.67,15.99,173.5,33.6,152.0,29.18,33.44,33.9,93.5,15.700000000000001,56.7,99.7,241.0,2902.0,1.54,37.0,15.040000000000001,7.03,35.99,28.96,0.0,243.5,1200.0
11942.436,0.0,140.0,90.7,22.59,16.03,173.5,33.550000000000004,151.5,29.11,33.4,33.85,93.0,15.700000000000001,57.6,99.60000000000001,244.0,2907.0,1.35,36.800000000000004,14.98,7.03,36.02,28.95,0.0,239.5,1200.0
12002.436,0.0,140.0,91.9,22.68,16.03,172.5,33.65,151.3,29.11,33.43,34.0,94.0,15.8,57.400000000000006,100.0,242.0,2906.0,1.6400000000000001,36.85,14.98,6.99,36.06,28.98,0.0,245.5,1200.0
12062.435,0.0,140.0,90.80000000000001,22.69,16.02,171.0,33.6,151.4,29.16,33.49,33.95,93.5,15.850000000000001,57.300000000000004,99.80000000000001,243.0,2906.0,1.27,36.95,15.01,7.0200000000000005,35.95,28.900000000000002,1.0,241.5,1200.0
12122.435,0.0,140.0,92.10000000000001,22.63,16.0,172.5,33.75,152.4,29.16,33.51,34.0,94.0,15.8,57.400000000000006,99.7,241.5,2906.0,1.33,36.9,15.0,7.01,35.980000000000004,29.060000000000002,1.0,245.5,1200.0
12182.434,0.0,140.0,90.10000000000001,22.72,16.06,170.5,33.550000000000004,153.20000000000002,29.11,33.46,33.85,92.0,15.700000000000001,57.0,99.60000000000001,240.5,2904.0,1.53,36.95,14.99,7.0,35.99,29.01,0.0,241.5,1200.0
12242.434,0.0,140.0,90.80000000000001,22.650000000000002,16.02,173.5,33.550000000000004,151.70000000000002,29.23,33.53,34.0,92.0,15.75,57.300000000000004,100.0,241.0,2908.0,1.44,36.7,14.950000000000001,6.93,35.93,28.990000000000002,0.0,240.5,1200.0
12302.434,0.0,140.0,91.2,22.580000000000002,15.94,174.0,33.75,151.9,29.17,33.4,33.95,91.5,15.700000000000001,57.800000000000004,100.0,245.5,2908.0,1.3800000000000001,37.050000000000004,15.030000000000001,6.93,36.04,29.07,1.0,243.0,1200.0
12362.433,0.0,140.0,92.30000000000001,22.66,15.98,173.5,33.6,150.3,29.19,33.53,34.0,92.5,15.75,57.400000000000006,99.80000000000001,238.5,2913.0,1.47,36.9,15.01,6.99,35.980000000000004,28.990000000000002,0.0,244.5,1200.0
12422.433,0.0,140.0,91.30000000000001,22.62,15.99,173.0,33.65,151.3,29.150000000000002,33.49,34.050000000000004,91.0,15.75,57.2,100.0,242.5,2908.0,1.3800000000000001,37.1,15.01,6.96,35.92,29.060000000000002,0.0,246.5,1200.0
12482.433,0.0,140.0,90.4,22.69,16.15,170.0,33.85,152.9,29.2,33.57,34.050000000000004,93.0,15.8,57.300000000000004,100.0,245.0,2908.0,1.42,37.050000000000004,14.98,6.98,36.01,28.96,2.0,246.5,1200.0
12542.432,0.0,140.0,90.0,22.67,16.02,173.5,33.65,151.8,29.2,33.54,34.0,93.0,15.850000000000001,56.5,99.80000000000001,244.0,2917.0,1.4000000000000001,36.95,14.98,6.94,36.09,29.04,1.0,244.0,1200.0
12602.432,0.0,140.0,90.7,22.64,16.04,171.5,33.550000000000004,152.0,29.25,33.43,34.0,93.5,15.75,57.2,99.30000000000001,244.0,2912.0,1.3800000000000001,36.95,15.11,7.01,35.96,28.98,0.0,244.5,1200.0
12662.431,0.0,140.0,91.4,22.6,15.98,171.5,33.7,151.6,29.27,33.57,34.1,93.0,15.8,57.1,100.0,242.5,2913.0,1.48,36.9,15.120000000000001,7.0,36.02,28.98,0.0,244.0,1200.0
12722.431,0.0,140.0,90.10000000000001,22.72,16.05,173.0,33.75,150.1,29.2,33.61,34.050000000000004,91.5,15.65,56.6,100.0,243.5,2913.0,1.44,36.95,14.99,7.0200000000000005,35.97,29.03,3.0,247.0,1200.0
12782.431,0.0,140.0,91.4,22.62,16.03,172.5,33.75,153.3,29.28,33.62,34.050000000000004,94.0,15.75,57.2,100.0,246.5,2916.0,1.3,36.95,15.030000000000001,7.05,35.96,28.990000000000002,0.0,244.5,1200.0
12842.43,0.0,140.0,91.10000000000001,22.67,16.0,173.0,33.7,152.3,29.28,33.61,34.15,90.5,15.700000000000001,56.6,100.0,248.0,2917.0,1.44,37.0,15.02,7.04,35.93,29.060000000000002,0.0,242.0,1200.0
12902.43,0.0,140.0,90.60000000000001,22.62,16.02,174.0,33.9,151.1,29.27,33.52,34.2,93.0,15.75,57.5,99.9,251.0,2915.0,1.46,37.1,15.0,7.01,35.96,28.98,0.0,242.5,1200.0
12962.429,0.0,140.0,90.60000000000001,22.71,15.950000000000001,171.5,33.6,151.0,29.3,33.65,34.0,94.0,15.600000000000001,57.300000000000004,100.0,243.5,2915.0,1.43,37.050000000000004,15.01,7.0,35.92,28.96,0.0,243.0,1200.0
13022.429,0.0,140.0,91.80000000000001,22.67,16.0,173.5,33.65,152.9,29.29,33.57,34.300000000000004,92.5,15.8,57.400000000000006,100.0,246.0,2914.0,1.25,37.0,14.97,7.07,36.09,28.98,1.0,247.5,1200.0
13082.429,0.0,140.0,92.60000000000001,22.66,16.0,171.5,33.7,150.0,29.3,33.64,34.25,90.5,15.850000000000001,57.0,100.0,241.5,2912.0,1.32,37.0,14.99,7.05,36.01,28.89,1.0,244.0,1200.0
13142.428,0.0,140.0,90.9,22.69,15.96,174.5,33.65,150.8,29.310000000000002,33.68,34.2,93.0,15.8,57.0,99.9,244.5,2919.0,1.44,37.050000000000004,15.0,7.1000000000000005,36.01,28.87,2.0,246.0,1200.0
13202.428,0.0,140.0,91.5,22.69,16.03,173.5,33.7,152.70000000000002,29.3,33.7,34.35,92.5,15.75,56.6,100.0,242.5,2922.0,1.52,37.2,15.040000000000001,7.05,36.06,28.96,3.0,248.5,1200.0
13262.428,0.0,140.0,89.4,22.75,16.0,171.0,33.800000000000004,151.9,29.43,33.59,34.15,92.5,15.75,56.900000000000006,100.0,248.5,2921.0,1.4000000000000001,37.0,14.98,7.03,36.04,29.0,1.0,248.5,1200.0
13322.427,0.0,140.0,90.60000000000001,22.7,15.99,174.0,33.75,151.0,29.27,33.71,34.25,94.5,15.75,57.400000000000006,99.9,247.0,2922.0,1.43,37.2,15.01,7.0200000000000005,36.04,28.990000000000002,0.0,247.5,1200.0
13382.427,0.0,140.0,91.80000000000001,22.650000000000002,15.96,173.5,33.85,149.8,29.36,33.64,34.0,94.5,15.850000000000001,56.900000000000006,99.80000000000001,245.0,2918.0,1.36,37.1,15.07,7.0200000000000005,35.95,29.0,0.0,247.5,1200.0
13442.427,0.0,140.0,90.4,22.650000000000002,16.0,175.5,33.85,150.5,29.36,33.64,34.15,93.0,15.700000000000001,57.2,99.60000000000001,250.5,2918.0,1.47,37.2,15.02,7.03,35.96,28.98,0.0,246.0,1200.0
13502.426,0.0,140.0,91.5,22.63,16.04,174.0,33.85,153.20000000000002,29.32,33.730000000000004,34.15,94.5,15.65,57.1,99.9,243.5,2919.0,1.55,37.2,14.99,6.98,36.01,28.97,0.0,249.0,1200.0
13562.426,0.0,140.0,90.80000000000001,22.67,16.02,174.0,33.7,150.8,29.330000000000002,33.65,34.2,92.5,15.75,56.900000000000006,100.0,248.5,2917.0,1.37,37.2,15.02,7.01,36.02,29.01,0.0,249.5,1200.0
13622.425,0.0,140.0,89.9,22.72,15.99,175.5,33.800000000000004,150.4,29.3,33.78,34.300000000000004,91.0,15.65,56.7,100.0,247.0,2919.0,1.34,37.0,15.01,6.98,35.980000000000004,29.01,0.0,246.5,1200.0
13682.425,0.0,140.0,90.2,22.7,15.91,173.5,33.800000000000004,151.8,29.38,33.67,34.300000000000004,94.0,15.75,57.2,100.0,247.0,2927.0,1.51,37.2,15.02,6.98,35.980000000000004,28.87,0.0,250.0,1200.0
13742.425,0.0,140.0,90.9,22.75,16.01,177.5,33.7,150.1,29.45,33.77,34.25,92.5,15.850000000000001,57.5,100.0,247.0,2925.0,1.49,37.1,14.98,6.99,35.97,28.98,3.0,247.5,1200.0
13802.424,0.0,140.0,89.30000000000001,22.66,15.99,176.0,33.85,151.3,29.330000000000002,33.67,34.300000000000004,92.5,15.75,56.900000000000006,100.0,247.5,2931.0,1.31,37.4,15.0,6.99,36.03,28.990000000000002,0.0,246.0,1200.0
13862.424,0.0,140.0,93.0,22.68,16.01,175.0,33.9,150.6,29.39,33.67,34.2,93.0,15.700000000000001,56.900000000000006,99.80000000000001,250.0,2929.0,1.3,37.25,15.05,7.0200000000000005,36.04,28.96,0.0,250.0,1200.0
13922.424,0.0,140.0,90.4,22.7,16.03,175.0,33.85,151.6,29.42,33.730000000000004,34.15,92.5,15.700000000000001,57.0,100.0,247.0,2920.0,1.36,37.2,14.9,6.95,35.980000000000004,28.97,0.0,245.0,1200.0
13982.423,0.0,140.0,90.80000000000001,22.67,15.99,174.5,33.9,151.70000000000002,29.400000000000002,33.730000000000004,34.15,93.5,15.700000000000001,56.400000000000006,100.0,242.5,2926.0,1.33,37.1,15.030000000000001,7.0,36.06,29.060000000000002,0.0,247.5,1200.0
14042.423,0.0,140.0,90.0,22.73,15.950000000000001,176.0,33.75,150.6,29.37,33.71,34.2,93.0,15.65,57.300000000000004,100.0,251.5,2926.0,1.56,37.15,14.97,6.94,36.03,29.07,0.0,247.5,1200.0
14102.423,0.0,140.0,92.0,22.68,16.03,174.5,33.800000000000004,150.5,29.38,33.77,34.25,92.5,15.65,57.400000000000006,99.80000000000001,249.5,2924.0,1.3900000000000001,37.4,14.950000000000001,7.01,36.0,29.05,0.0,246.5,1200.0
14162.422,0.0,140.0,90.30000000000001,22.67,15.97,173.0,33.7,151.8,29.39,33.79,34.25,90.5,15.75,56.900000000000006,100.0,246.5,2925.0,1.37,37.25,15.01,7.0200000000000005,36.02,29.04,2.0,247.0,1200.0
14222.422,0.0,140.0,91.7,22.68,16.0,173.0,33.75,150.4,29.37,33.8,34.1,92.0,15.950000000000001,56.6,100.0,247.5,2928.0,1.49,37.050000000000004,15.1,7.03,36.02,28.93,0.0,254.5,1200.0
14282.422,0.0,140.0,93.4,22.69,16.04,174.0,33.85,149.20000000000002,29.44,33.69,34.15,94.0,15.700000000000001,56.5,99.5,247.0,2927.0,1.31,37.2,15.06,7.01,36.02,29.0,0.0,247.5,1200.0
14342.421,0.0,140.0,91.80000000000001,22.69,15.94,173.5,33.9,150.20000000000002,29.400000000000002,33.78,34.4,90.5,15.5,57.1,100.0,246.0,2925.0,1.35,37.2,15.08,7.0200000000000005,36.02,29.03,0.0,248.0,1200.0
14402.421,0.0,140.0,90.10000000000001,22.57,16.09,174.5,33.95,152.5,29.45,33.78,34.300000000000004,93.0,15.75,57.1,100.0,251.5,2926.0,1.45,37.300000000000004,14.99,6.98,35.94,28.98,0.0,246.0,1200.0
14462.42,0.0,140.0,90.4,22.63,15.97,174.0,33.75,151.20000000000002,29.47,33.79,34.4,93.5,15.65,56.400000000000006,100.0,250.0,2924.0,1.24,37.050000000000004,14.99,6.99,35.93,28.95,0.0,243.0,1200.0
14522.42,0.0,140.0,91.2,22.63,15.99,174.0,34.050000000000004,150.8,29.42,33.78,34.2,91.5,15.700000000000001,57.1,100.0,247.5,2927.0,1.34,37.15,14.97,7.08,35.96,28.96,0.0,244.0,1200.0
14582.42,0.0,140.0,90.4,22.59,15.99,174.5,33.800000000000004,151.5,29.42,33.68,34.300000000000004,91.5,15.75,56.7,100.0,245.0,2923.0,1.3800000000000001,37.050000000000004,15.06,6.95,36.03,29.01,0.0,246.5,1200.0
14642.419,0.0,140.0,90.4,22.68,16.03,174.5,34.0,151.0,29.38,33.72,34.300000000000004,90.5,15.700000000000001,57.0,100.0,246.0,2925.0,1.53,37.300000000000004,14.94,7.04,35.99,28.91,0.0,244.0,1200.0
14702.419,0.0,140.0,90.9,22.66,16.05,176.0,33.9,151.6,29.37,33.69,34.35,94.0,15.8,57.2,100.0,249.0,2927.0,1.41,37.2,15.0,6.95,36.03,28.94,0.0,251.0,1200.0
14762.419,0.0,140.0,93.5,22.59,15.94,173.5,33.95,150.70000000000002,29.29,33.72,34.300000000000004,93.0,15.700000000000001,56.7,100.0,244.5,2923.0,1.52,37.25,14.96,7.03,36.03,29.14,1.0,245.5,1200.0
14822.418,0.0,140.0,88.9,22.71,15.89,174.0,33.85,151.0,29.45,33.7,34.25,94.0,15.600000000000001,56.6,100.0,251.0,2919.0,1.37,37.1,14.950000000000001,7.0,36.04,28.93,0.0,246.5,1200.0
14882.418,0.0,140.0,91.4,22.71,16.02,175.0,33.800000000000004,152.4,29.38,33.6,34.2,93.0,15.700000000000001,56.900000000000006,99.80000000000001,244.0,2921.0,1.26,37.050000000000004,15.0,6.95,36.04,29.080000000000002,1.0,245.5,1200.0
14942.418,0.0,140.0,91.9,22.71,15.93,175.0,33.9,151.70000000000002,29.48,33.69,34.2,93.0,15.8,56.2,100.0,247.0,2923.0,1.42,37.15,14.98,7.09,35.99,28.900000000000002,0.0,247.5,1200.0
15002.417,0.0,140.0,90.5,22.67,16.03,173.0,33.800000000000004,152.20000000000002,29.490000000000002,33.730000000000004,34.4,93.0,15.700000000000001,56.6,100.0,247.0,2929.0,1.52,37.25,15.01,7.07,35.99,28.92,0.0,244.5,1200.0
15062.417,0.0,140.0,90.80000000000001,22.68,15.98,175.0,33.95,152.0,29.38,33.75,34.35,92.0,15.75,56.6,100.0,248.5,2928.0,1.36,37.2,15.01,6.93,35.88,29.04,1.0,249.0,1200.0
15122.417,0.0,140.0,92.10000000000001,22.650000000000002,15.99,174.5,33.800000000000004,152.0,29.35,33.730000000000004,34.35,92.0,15.850000000000001,56.7,99.80000000000001,251.0,2929.0,1.3900000000000001,37.25,14.99,6.92,36.01,29.0,1.0,242.5,1200.0
15182.416,0.0,140.0,91.4,22.56,16.01,174.0,33.85,150.70000000000002,29.5,33.75,34.300000000000004,93.0,15.75,57.1,100.0,248.5,2926.0,1.43,37.050000000000004,15.01,7.01,36.04,28.97,1.0,240.5,1200.0
15242.416,0.0,140.0,89.9,22.650000000000002,16.01,174.5,33.800000000000004,150.70000000000002,29.39,33.75,34.300000000000004,93.0,15.75,56.800000000000004,100.0,247.5,2928.0,1.28,37.300000000000004,14.98,7.03,35.97,29.080000000000002,3.0,248.0,1200.0
15302.416,0.0,140.0,91.4,22.6,16.02,175.5,33.95,150.70000000000002,29.37,33.8,34.25,94.0,15.75,56.6,100.0,249.5,2927.0,1.42,37.2,15.02,6.97,35.97,28.98,1.0,241.5,1200.0
15362.415,0.0,140.0,90.2,22.69,15.97,173.0,34.1,151.20000000000002,29.37,33.77,34.25,91.5,15.65,57.0,100.0,242.5,2924.0,1.44,37.2,15.040000000000001,7.12,36.04,29.03,1.0,250.0,1200.0
15422.415,0.0,140.0,89.60000000000001,22.67,15.98,175.0,33.95,150.6,29.5,33.82,34.35,91.0,15.65,56.7,99.5,250.0,2922.0,1.29,37.35,14.950000000000001,6.890000000000001,35.99,28.93,1.0,241.5,1200.0
15482.415,0.0,140.0,91.5,22.650000000000002,16.02,174.0,33.95,151.3,29.48,33.83,34.45,93.5,15.8,56.5,99.5,245.5,2930.0,1.3800000000000001,37.1,14.98,7.0200000000000005,35.980000000000004,28.990000000000002,2.0,248.5,1200.0
15542.414,0.0,140.0,91.10000000000001,22.62,16.03,174.0,33.95,151.70000000000002,29.52,33.88,34.300000000000004,93.0,15.75,56.900000000000006,100.0,250.5,2927.0,1.41,37.1,15.02,6.94,35.96,29.0,3.0,245.5,1200.0
15602.414,0.0,140.0,89.10000000000001,22.61,15.97,174.5,33.95,152.20000000000002,29.47,33.71,34.35,93.0,15.65,56.800000000000004,100.0,247.0,2931.0,1.29,37.15,14.950000000000001,7.0,36.06,28.95,0.0,245.0,1200.0
15662.414,0.0,140.0,88.80000000000001,22.69,15.99,174.0,34.0,151.70000000000002,29.52,33.8,34.4,93.0,15.65,56.6,100.0,252.5,2928.0,1.25,37.25,15.02,6.97,36.07,28.97,0.0,242.5,1200.0
15722.413,0.0,140.0,90.2,22.66,16.04,174.5,33.95,151.4,29.5,33.84,34.35,94.5,15.700000000000001,56.5,99.9,244.5,2933.0,1.47,37.25,14.94,6.94,36.08,29.0,0.0,244.5,1200.0
15782.413,0.0,140.0,90.5,22.64,15.99,174.5,33.95,149.9,29.580000000000002,33.84,34.4,93.0,15.700000000000001,56.300000000000004,100.0,248.0,2932.0,1.41,37.300000000000004,15.0,7.0200000000000005,35.980000000000004,29.02,0.0,249.0,1200.0
15842.413,0.0,140.0,91.30000000000001,22.63,15.950000000000001,174.0,34.0,151.9,29.6,33.89,34.35,93.5,15.600000000000001,56.300000000000004,100.0,243.5,2937.0,1.37,37.15,15.030000000000001,7.07,35.97,28.94,0.0,250.5,1200.0
15902.412,0.0,140.0,91.60000000000001,22.64,16.06,174.0,34.050000000000004,151.70000000000002,29.64,33.9,34.45,90.5,15.700000000000001,56.300000000000004,100.0,250.5,2936.0,1.4000000000000001,37.25,15.02,7.03,36.04,29.03,1.0,249.0,1200.0
15962.412,0.0,140.0,91.2,22.580000000000002,16.03,176.0,34.0,150.6,29.59,33.86,34.5,91.0,15.8,56.7,100.0,253.0,2937.0,1.31,37.2,14.96,7.0200000000000005,35.93,29.03,1.0,250.0,1200.0
16022.412,0.0,140.0,92.0,22.580000000000002,16.080000000000002,178.0,34.050000000000004,149.9,29.62,33.89,34.550000000000004,91.5,15.65,56.7,100.0,249.0,2935.0,1.48,37.25,15.01,7.01,36.0,29.01,0.0,246.0,1200.0
16082.412,0.0,140.0,91.10000000000001,22.59,15.99,177.0,33.9,152.20000000000002,29.61,33.87,34.4,91.5,15.65,56.5,99.60000000000001,249.0,2930.0,1.25,37.35,14.96,7.04,36.03,29.05,1.0,246.5,1200.0
16142.411,0.0,140.0,91.5,22.66,16.0,174.5,34.1,152.20000000000002,29.63,34.05,34.45,94.5,15.700000000000001,56.2,99.9,249.0,2936.0,1.48,37.2,14.98,6.99,35.97,29.02,0.0,255.5,1200.0
16202.411,0.0,140.0,90.80000000000001,22.63,15.97,175.5,34.050000000000004,150.8,29.580000000000002,34.07,34.4,92.5,15.700000000000001,55.7,100.0,252.5,2942.0,1.42,37.300000000000004,15.0,7.05,36.01,28.98,1.0,252.0,1200.0
16262.411,0.0,140.0,91.7,22.580000000000002,16.04,175.0,34.1,150.20000000000002,29.7,33.97,34.45,93.5,15.65,55.900000000000006,99.7,246.5,2940.0,1.45,37.4,14.99,6.93,35.980000000000004,29.04,0.0,248.0,1200.0
16322.41,0.0,140.0,90.10000000000001,22.54,16.01,174.5,34.0,151.1,29.69,33.85,34.6,93.0,15.8,55.900000000000006,99.4,249.5,2941.0,1.41,37.45,14.950000000000001,7.0,35.9,29.060000000000002,0.0,251.5,1200.0
16382.41,0.0,140.0,91.4,22.6,15.94,176.0,34.050000000000004,152.5,29.61,33.85,34.45,90.5,15.8,56.5,99.5,250.5,2940.0,1.3,37.45,14.99,6.98,35.96,29.01,1.0,251.5,1200.0
16442.41,0.0,140.0,92.2,22.61,15.9,175.0,34.1,152.20000000000002,29.650000000000002,34.0,34.65,92.5,15.55,56.1,99.9,251.5,2937.0,1.22,37.5,14.96,6.87,35.99,29.03,2.0,250.5,1200.0
16502.409,0.0,140.0,92.0,22.6,15.99,174.0,34.0,151.4,29.580000000000002,33.910000000000004,34.550000000000004,95.0,15.8,56.6,100.0,249.0,2941.0,1.3900000000000001,37.35,15.040000000000001,6.95,36.0,29.060000000000002,1.0,249.0,1200.0
16562.409,0.0,140.0,91.10000000000001,22.650000000000002,16.04,175.5,34.0,151.70000000000002,29.72,34.02,34.45,94.5,15.8,56.900000000000006,99.9,246.0,2936.0,1.48,37.4,15.02,7.0200000000000005,36.02,29.03,0.0,250.5,1200.0
16622.409,0.0,140.0,90.9,22.72,16.03,175.5,34.0,151.4,29.64,34.03,34.550000000000004,93.0,15.8,56.2,100.0,250.0,2939.0,1.3,37.35,15.05,7.01,36.050000000000004,28.98,0.0,249.0,1200.0
16682.408,0.0,140.0,92.4,22.580000000000002,15.93,177.0,34.050000000000004,152.70000000000002,29.52,34.01,34.65,92.0,15.850000000000001,56.5,99.9,248.5,2936.0,1.6300000000000001,37.35,14.96,7.01,35.97,29.03,0.0,248.5,1200.0
16742.408,0.0,140.0,91.2,22.68,16.04,177.5,34.0,152.20000000000002,29.61,34.0,34.550000000000004,91.5,15.700000000000001,56.7,99.60000000000001,252.5,2939.0,1.3900000000000001,37.4,15.0,6.99,36.04,28.97,0.0,249.0,1200.0
16802.408,0.0,140.0,91.0,22.66,16.02,175.5,34.15,151.9,29.62,33.84,34.4,93.0,15.75,56.6,99.80000000000001,251.5,2938.0,1.42,37.4,15.01,7.05,35.980000000000004,29.03,0.0,248.5,1200.0
16862.407,0.0,140.0,91.0,22.67,16.02,174.0,34.050000000000004,151.9,29.6,33.980000000000004,34.35,93.0,15.9,56.1,100.0,245.5,2939.0,1.4000000000000001,37.4,15.040000000000001,7.03,35.95,29.01,0.0,248.5,1200.0
16922.407,0.0,140.0,90.4,22.64,15.98,174.0,34.050000000000004,153.4,29.68,33.83,34.4,92.0,15.8,56.2,99.80000000000001,244.0,2940.0,1.33,37.300000000000004,15.040000000000001,7.07,36.02,29.01,0.0,249.5,1200.0
16982.407,0.0,140.0,90.60000000000001,22.57,15.98,174.5,34.0,149.70000000000002,29.6,33.92,34.5,92.0,15.850000000000001,56.2,99.30000000000001,248.0,2935.0,1.3800000000000001,37.45,15.0,7.0600000000000005,36.050000000000004,28.97,1.0,250.5,1200.0
17042.407,0.0,140.0,89.2,22.62,16.02,176.5,33.800000000000004,151.3,29.63,33.89,34.300000000000004,90.0,15.9,56.300000000000004,100.0,244.5,2934.0,1.25,37.45,15.0,6.94,36.03,28.94,0.0,248.0,1200.0
17102.406,0.0,140.0,90.30000000000001,22.63,15.950000000000001,174.5,33.85,151.6,29.51,33.87,34.35,93.5,15.8,56.0,99.60000000000001,244.5,2928.0,1.32,37.35,15.01,6.96,35.980000000000004,29.080000000000002,0.0,250.5,1200.0
17162.406,0.0,140.0,89.5,22.59,16.03,172.5,33.9,150.4,29.54,33.86,34.4,94.5,15.600000000000001,56.400000000000006,100.0,247.0,2929.0,1.3900000000000001,37.35,14.97,7.0200000000000005,35.94,28.97,0.0,248.0,1200.0
17222.406,0.0,140.0,89.80000000000001,22.61,16.02,173.5,33.9,149.5,29.46,33.79,34.300000000000004,92.5,15.700000000000001,56.400000000000006,100.0,244.5,2925.0,1.3800000000000001,37.45,14.96,6.9,35.97,28.990000000000002,2.0,251.0,1200.0
17282.405,0.0,140.0,91.10000000000001,22.580000000000002,16.07,174.5,34.0,150.9,29.490000000000002,33.82,34.45,92.5,15.8,56.2,100.0,242.0,2925.0,1.21,37.35,15.030000000000001,6.96,36.02,29.03,0.0,248.0,1200.0
17342.405,0.0,140.0,92.4,22.62,15.98,173.5,33.85,149.5,29.55,33.730000000000004,34.300000000000004,92.0,15.600000000000001,56.800000000000004,99.7,242.5,2921.0,1.36,37.25,14.97,6.96,36.04,29.07,3.0,246.5,1200.0
17402.405,0.0,140.0,91.10000000000001,22.62,15.99,175.0,34.0,151.70000000000002,29.45,33.7,34.25,93.5,15.600000000000001,56.300000000000004,99.9,244.5,2926.0,1.3800000000000001,37.300000000000004,14.91,6.95,35.980000000000004,29.02,2.0,242.5,1200.0
17462.404,0.0,140.0,90.7,22.68,15.99,174.0,33.7,151.4,29.48,33.77,34.300000000000004,94.0,15.600000000000001,56.2,100.0,244.5,2921.0,1.3800000000000001,37.15,14.92,7.07,35.92,29.03,0.0,246.0,1200.0
17522.404,0.0,140.0,91.9,22.54,16.02,175.0,33.800000000000004,151.4,29.39,33.77,34.300000000000004,91.5,15.75,56.7,100.0,242.5,2919.0,1.4000000000000001,37.1,14.99,7.04,35.95,29.0,0.0,249.0,1200.0
17582.404,0.0,140.0,92.2,22.54,15.99,173.5,33.65,150.70000000000002,29.490000000000002,33.72,34.25,94.0,15.8,56.300000000000004,100.0,247.5,2922.0,1.36,37.35,15.05,6.96,35.96,29.14,1.0,243.0,1200.0
17642.404,0.0,140.0,91.0,22.650000000000002,16.02,176.0,33.800000000000004,152.3,29.42,33.68,34.25,92.5,15.8,56.5,100.0,245.0,2915.0,1.35,37.15,15.040000000000001,7.04,35.99,29.03,0.0,244.5,1200.0
17702.403,0.0,140.0,90.80000000000001,22.64,15.96,171.0,33.85,151.8,29.32,33.81,34.300000000000004,93.5,15.75,56.5,100.0,246.5,2914.0,1.42,37.1,15.05,6.94,36.0,29.03,0.0,244.5,1200.0
17762.403,0.0,140.0,90.7,22.64,15.94,175.5,33.9,152.1,29.42,33.7,34.15,92.0,15.65,56.1,100.0,243.0,2916.0,1.37,37.15,14.93,7.05,36.01,28.990000000000002,0.0,244.0,1200.0
17822.403,0.0,140.0,90.60000000000001,22.64,16.05,174.5,33.85,150.9,29.41,33.69,34.300000000000004,92.5,15.700000000000001,55.800000000000004,100.0,247.0,2918.0,1.24,37.1,15.01,6.96,36.0,28.96,1.0,244.5,1200.0
17882.402,0.0,140.0,91.30000000000001,22.64,15.94,173.5,33.85,152.20000000000002,29.400000000000002,33.660000000000004,34.35,93.0,15.75,56.5,100.0,243.5,2921.0,1.54,37.15,14.98,7.0600000000000005,35.95,28.900000000000002,0.0,247.0,1200.0
17942.402,0.0,140.0,93.0,22.61,16.080000000000002,174.0,33.85,150.9,29.38,33.74,34.2,91.5,15.700000000000001,56.6,100.0,244.0,2926.0,1.37,37.2,14.98,7.01,35.980000000000004,28.97,0.0,243.0,1200.0
18002.402,0.0,140.0,90.80000000000001,22.61,15.93,173.0,33.9,150.5,29.38,33.71,34.1,93.5,15.700000000000001,56.6,100.0,247.5,2915.0,1.4000000000000001,37.0,15.02,7.01,36.1,29.060000000000002,2.0,245.5,1200.0
18062.402,0.0,140.0,93.4,22.580000000000002,15.99,172.0,33.85,152.1,29.52,33.64,34.15,93.0,15.8,56.400000000000006,100.0,242.5,2920.0,1.34,37.2,14.96,6.98,35.9,29.080000000000002,2.0,249.0,1200.0
18122.401,0.0,140.0,92.10000000000001,22.62,15.97,172.5,33.7,150.70000000000002,29.39,33.55,34.25,93.5,15.75,56.300000000000004,100.0,241.0,2916.0,1.3,37.0,14.96,7.0600000000000005,36.04,29.02,1.0,243.0,1200.0
18182.401,0.0,140.0,91.60000000000001,22.57,16.04,174.0,33.7,151.3,29.34,33.52,34.25,92.0,15.75,56.400000000000006,99.80000000000001,245.5,2917.0,1.51,37.1,15.0,7.04,36.02,28.990000000000002,1.0,243.5,1200.0
18242.401,0.0,140.0,92.7,22.59,15.97,174.0,33.85,150.5,29.51,33.660000000000004,34.15,91.0,15.75,56.0,100.0,242.0,2917.0,1.41,37.050000000000004,14.92,6.93,35.97,28.98,0.0,243.5,1200.0
18302.4,0.0,140.0,91.7,22.650000000000002,16.01,170.0,33.9,151.3,29.29,33.58,34.35,92.0,15.8,56.6,100.0,244.5,2915.0,1.3,37.1,15.02,6.95,35.99,29.060000000000002,1.0,242.5,1200.0
18362.4,0.0,140.0,90.7,22.57,15.97,175.0,33.85,151.3,29.26,33.67,34.2,93.0,15.850000000000001,56.6,99.9,244.5,2913.0,1.26,37.15,15.0,7.0200000000000005,36.03,28.95,1.0,245.0,1200.0
18422.4,0.0,140.0,92.4,22.56,16.02,175.0,33.85,152.20000000000002,29.29,33.58,34.300000000000004,93.0,15.75,56.7,99.9,242.0,2913.0,1.41,37.0,14.96,7.03,35.980000000000004,29.01,0.0,244.0,1200.0
18482.4,0.0,140.0,89.80000000000001,22.57,15.950000000000001,175.0,33.75,152.4,29.34,33.730000000000004,34.050000000000004,93.0,15.700000000000001,56.2,99.9,245.5,2913.0,1.35,37.050000000000004,15.01,6.98,36.09,29.05,0.0,243.5,1200.0
18542.399,0.0,140.0,91.60000000000001,22.6,15.94,173.5,33.75,150.9,29.28,33.56,34.2,94.0,15.700000000000001,56.5,100.0,243.0,2913.0,1.52,37.050000000000004,15.01,6.99,36.050000000000004,29.02,1.0,244.0,1200.0
18602.399,0.0,140.0,91.10000000000001,22.59,16.080000000000002,172.0,33.65,150.1,29.28,33.57,34.050000000000004,92.0,15.75,56.2,100.0,246.0,2908.0,1.31,37.1,15.030000000000001,7.07,36.11,28.96,2.0,239.0,1200.0
18662.399,0.0,140.0,90.5,22.62,15.92,172.5,33.550000000000004,151.5,29.29,33.55,34.1,94.0,15.55,56.2,99.30000000000001,245.0,2906.0,1.52,37.050000000000004,15.01,7.0,36.03,28.990000000000002,2.0,245.5,1200.0
18722.398,0.0,140.0,92.0,22.6,16.03,172.5,33.65,149.9,29.23,33.54,34.1,93.0,15.8,56.900000000000006,99.80000000000001,243.0,2900.0,1.35,37.0,15.06,7.01,36.01,29.05,0.0,238.0,1200.0
18782.398,0.0,140.0,89.80000000000001,22.6,16.0,174.5,33.550000000000004,152.70000000000002,29.26,33.5,34.1,91.0,15.75,56.900000000000006,100.0,239.5,2902.0,1.31,37.0,15.01,7.0600000000000005,35.97,28.93,0.0,239.5,1200.0
18842.398,0.0,140.0,90.0,22.66,16.02,172.5,33.65,151.3,29.11,33.42,34.0,94.5,15.850000000000001,57.0,100.0,243.5,2900.0,1.35,36.95,14.99,6.98,36.02,29.060000000000002,1.0,246.5,1200.0
18902.398,0.0,140.0,91.5,22.59,15.96,171.5,33.550000000000004,151.9,29.17,33.410000000000004,34.050000000000004,94.0,15.8,56.6,100.0,240.5,2901.0,1.3900000000000001,37.0,15.02,7.04,36.03,29.03,0.0,241.0,1200.0
18962.397,0.0,140.0,93.0,22.62,16.0,173.0,33.6,150.5,29.11,33.38,34.0,92.5,15.75,56.900000000000006,100.0,241.5,2899.0,1.33,36.9,14.99,7.01,36.01,28.990000000000002,2.0,242.5,1200.0
19022.397,0.0,140.0,91.4,22.61,15.94,171.5,33.5,150.8,29.12,33.44,33.95,93.5,15.850000000000001,57.0,99.9,241.0,2897.0,1.4000000000000001,36.9,15.030000000000001,7.0600000000000005,35.96,29.060000000000002,0.0,235.0,1200.0
19082.397,0.0,140.0,91.2,22.6,15.96,174.0,33.550000000000004,152.3,29.1,33.410000000000004,33.95,95.5,15.65,57.1,100.0,239.5,2897.0,1.46,36.95,15.01,6.93,36.03,29.04,0.0,241.0,1200.0
19142.396,0.0,140.0,89.80000000000001,22.66,15.93,173.0,33.6,150.70000000000002,29.03,33.32,33.95,93.5,15.65,57.300000000000004,100.0,241.0,2898.0,1.45,36.800000000000004,14.99,7.0200000000000005,36.04,28.93,2.0,241.5,1200.0
19202.396,0.0,140.0,89.80000000000001,22.71,16.02,173.0,33.45,151.70000000000002,28.92,33.36,33.85,93.0,15.8,56.900000000000006,99.9,243.0,2894.0,1.34,36.800000000000004,15.030000000000001,6.96,36.03,29.03,0.0,237.0,1200.0
19262.396,0.0,140.0,90.9,22.64,15.98,173.5,33.300000000000004,152.5,28.93,33.34,33.800000000000004,92.5,15.75,57.5,99.80000000000001,240.0,2894.0,1.3900000000000001,36.800000000000004,14.99,7.0,36.12,28.990000000000002,0.0,237.5,1200.0
19322.396,0.0,140.0,91.80000000000001,22.67,16.02,170.5,33.45,151.1,29.12,33.230000000000004,34.1,93.5,15.8,57.300000000000004,100.0,239.5,2895.0,1.33,36.75,15.030000000000001,7.0200000000000005,36.04,28.97,1.0,241.5,1200.0
19382.395,0.0,140.0,90.2,22.62,15.99,170.5,33.4,154.20000000000002,28.990000000000002,33.29,33.800000000000004,94.0,15.700000000000001,57.2,99.60000000000001,241.5,2895.0,1.3,36.85,15.05,7.01,35.89,28.97,0.0,237.5,1200.0
19442.395,0.0,140.0,90.2,22.650000000000002,15.99,172.0,33.35,151.8,28.95,33.34,33.800000000000004,91.5,15.600000000000001,57.5,100.0,240.0,2894.0,1.58,36.9,14.96,7.05,35.96,28.97,2.0,244.0,1200.0
19502.395,0.0,140.0,89.80000000000001,22.61,16.02,173.5,33.45,150.5,29.02,33.31,33.85,93.0,15.700000000000001,57.0,100.0,238.0,2891.0,1.25,36.85,14.97,6.9,35.99,28.95,0.0,235.0,1200.0
19562.395,0.0,140.0,90.30000000000001,22.63,15.98,172.0,33.35,150.4,28.990000000000002,33.25,33.800000000000004,92.5,15.75,56.7,100.0,241.0,2891.0,1.4000000000000001,36.7,15.040000000000001,6.93,36.04,28.990000000000002,0.0,237.5,1200.0
19622.394,0.0,140.0,92.0,22.6,15.99,173.0,33.45,153.3,29.05,33.4,33.9,93.0,15.700000000000001,57.7,100.0,240.0,2893.0,1.44,36.75,15.05,7.0200000000000005,36.04,29.0,2.0,244.5,1200.0
19682.394,0.0,140.0,91.80000000000001,22.6,16.0,172.5,33.35,152.20000000000002,28.990000000000002,33.36,33.95,92.0,15.65,56.800000000000004,100.0,242.0,2893.0,1.3900000000000001,36.800000000000004,14.950000000000001,7.1000000000000005,35.95,28.96,1.0,242.0,1200.0
19742.394,0.0,140.0,90.5,22.69,16.0,171.0,33.45,152.4,28.97,33.45,34.050000000000004,92.0,15.75,57.400000000000006,100.0,237.5,2887.0,1.41,36.75,15.02,7.03,36.050000000000004,29.01,0.0,241.0,1200.0
19802.393,0.0,140.0,91.80000000000001,22.57,15.99,172.5,33.35,152.20000000000002,29.02,33.22,33.800000000000004,91.5,15.75,57.1,100.0,235.0,2895.0,1.28,36.75,14.98,6.93,35.94,29.04,0.0,237.0,1200.0
19862.393,0.0,140.0,90.10000000000001,22.5,15.98,171.5,33.4,151.0,29.01,33.35,33.95,91.5,15.700000000000001,56.900000000000006,100.0,238.0,2894.0,1.42,36.85,15.01,7.01,36.03,28.98,0.0,236.5,1200.0
19922.393,0.0,140.0,91.30000000000001,22.64,15.99,171.5,33.35,152.8,29.01,33.26,33.9,93.5,15.65,57.0,100.0,242.5,2893.0,1.27,36.75,14.97,7.0600000000000005,35.910000000000004,29.04,1.0,241.0,1200.0
19982.393,0.0,140.0,91.4,22.57,16.01,170.5,33.35,151.3,29.05,33.31,33.85,93.5,15.75,57.300000000000004,99.5,236.5,2892.0,1.3,36.65,15.06,6.99,35.95,29.1,1.0,236.5,1200.0
20042.392,0.0,140.0,89.80000000000001,22.64,15.96,173.0,33.6,152.1,29.09,33.4,33.9,92.5,15.700000000000001,56.900000000000006,100.0,239.5,2888.0,1.3900000000000001,36.75,15.0,6.98,36.07,28.86,0.0,242.5,1200.0
20102.392,0.0,140.0,90.30000000000001,22.59,16.0,171.0,33.550000000000004,151.5,29.150000000000002,33.27,33.7,92.5,15.700000000000001,56.5,100.0,241.0,2890.0,1.42,36.65,15.0,7.03,36.02,29.05,0.0,239.5,1200.0
20162.392,0.0,140.0,92.5,22.61,16.0,172.5,33.5,149.70000000000002,29.05,33.29,34.050000000000004,90.5,15.75,57.400000000000006,99.80000000000001,237.0,2892.0,1.42,36.65,15.01,7.0600000000000005,36.03,28.91,1.0,236.0,1200.0
20222.392,0.0,140.0,90.2,22.63,16.02,172.0,33.550000000000004,152.0,29.09,33.32,33.85,91.5,15.700000000000001,56.7,99.80000000000001,243.0,2895.0,1.27,36.7,14.91,7.0,35.95,29.0,0.0,236.0,1200.0
20282.391,0.0,140.0,90.10000000000001,22.59,16.06,171.0,33.550000000000004,150.0,29.09,33.3,34.0,93.0,15.75,57.300000000000004,100.0,241.5,2892.0,1.31,36.7,15.01,7.0,35.93,29.0,0.0,234.0,1200.0
20342.391,0.0,140.0,91.0,22.64,16.0,174.5,33.45,151.8,28.93,33.39,33.95,93.0,15.700000000000001,56.800000000000004,99.5,239.5,2892.0,1.34,36.7,15.09,7.03,35.94,29.01,1.0,237.5,1200.0
20402.391,0.0,140.0,91.30000000000001,22.67,16.04,170.5,33.45,150.70000000000002,29.05,33.31,33.9,91.5,15.65,56.7,100.0,239.0,2897.0,1.41,36.75,14.94,7.01,35.96,28.97,2.0,239.0,1200.0
20462.391,0.0,140.0,90.9,22.62,16.07,172.0,33.35,151.0,29.0,33.35,33.85,90.5,15.700000000000001,56.800000000000004,100.0,245.0,2894.0,1.35,36.75,15.07,7.0,35.95,28.89,0.0,239.5,1200.0
20522.39,0.0,140.0,91.30000000000001,22.69,15.950000000000001,173.5,33.6,150.4,29.02,33.21,33.95,91.5,15.600000000000001,57.0,100.0,240.5,2889.0,1.46,36.6,15.0,6.98,35.92,29.060000000000002,1.0,238.0,1200.0
20582.39,0.0,140.0,91.5,22.57,16.03,170.0,33.5,151.1,29.12,33.39,34.1,92.0,15.8,56.5,100.0,241.5,2890.0,1.47,36.75,15.1,7.0,36.01,29.05,3.0,236.5,1200.0
20642.39,0.0,140.0,92.10000000000001,22.62,15.93,170.0,33.45,151.3,29.060000000000002,33.39,33.9,94.5,15.8,56.7,99.7,239.0,2898.0,1.33,36.800000000000004,14.97,6.99,35.97,28.94,0.0,237.5,1200.0
20702.39,0.0,140.0,90.4,22.57,15.96,171.5,33.4,151.4,29.02,33.29,33.9,92.5,15.600000000000001,57.0,100.0,242.0,2894.0,1.29,36.75,14.98,6.94,35.93,28.95,0.0,244.0,1200.0
20762.389,0.0,140.0,91.5,22.63,15.93,170.5,33.45,150.4,28.93,33.38,33.800000000000004,93.5,15.850000000000001,56.900000000000006,100.0,240.0,2896.0,1.28,36.7,15.030000000000001,6.99,36.03,29.01,0.0,239.0,1200.0
20822.389,0.0,140.0,91.5,22.63,15.950000000000001,172.0,33.45,150.3,28.97,33.29,34.0,93.5,15.700000000000001,57.0,100.0,237.5,2892.0,1.3800000000000001,36.65,15.0,6.92,35.980000000000004,29.02,0.0,242.5,1200.0
20882.389,0.0,140.0,89.7,22.53,16.0,172.5,33.45,151.20000000000002,28.92,33.31,33.95,94.0,15.8,56.5,99.80000000000001,238.0,2891.0,1.35,36.800000000000004,15.06,6.97,36.01,29.01,0.0,238.5,1200.0
20942.389,0.0,140.0,90.9,22.580000000000002,15.97,170.5,33.550000000000004,150.5,28.94,33.32,33.85,92.0,15.700000000000001,56.800000000000004,100.0,241.0,2893.0,1.37,36.75,14.99,6.97,35.94,29.05,1.0,237.0,1200.0
21002.388,0.0,140.0,91.30000000000001,22.66,15.93,171.0,33.45,150.3,29.04,33.32,33.75,90.5,15.75,57.1,99.60000000000001,240.0,2891.0,1.56,36.65,15.02,6.98,36.02,28.95,0.0,241.5,1200.0
21062.388,0.0,140.0,90.5,22.64,16.02,171.5,33.300000000000004,151.20000000000002,28.88,33.31,33.800000000000004,93.5,15.600000000000001,57.0,100.0,238.5,2890.0,1.35,36.800000000000004,15.05,6.98,35.92,29.0,0.0,239.5,1200.0
21122.388,0.0,140.0,90.2,22.53,16.02,172.0,33.5,150.6,29.0,33.38,33.9,93.5,15.8,57.0,100.0,241.0,2888.0,1.45,36.7,15.030000000000001,6.96,36.07,28.93,0.0,238.5,1200.0
21182.388,0.0,140.0,91.4,22.580000000000002,16.0,173.5,33.45,151.8,29.02,33.36,33.85,92.0,15.700000000000001,57.0,100.0,242.0,2893.0,1.41,36.6,15.08,6.97,35.93,29.04,0.0,237.5,1200.0
21242.387,0.0,140.0,90.80000000000001,22.57,16.0,174.5,33.5,151.4,28.98,33.27,33.95,92.5,15.75,57.400000000000006,99.60000000000001,240.0,2898.0,1.41,36.65,14.99,7.07,36.03,28.96,0.0,243.0,1200.0
21302.387,0.0,140.0,91.80000000000001,22.6,16.06,171.5,33.4,151.6,29.1,33.42,33.85,93.0,15.600000000000001,56.5,100.0,234.0,2893.0,1.34,36.65,14.96,7.04,36.02,28.94,1.0,236.0,1200.0
21362.387,0.0,140.0,90.80000000000001,22.63,15.96,171.0,33.45,151.20000000000002,29.07,33.37,33.95,94.5,15.8,56.900000000000006,100.0,243.0,2896.0,1.43,36.65,15.030000000000001,6.95,35.99,28.97,0.0,236.5,1200.0
21422.387,0.0,140.0,90.9,22.650000000000002,16.080000000000002,172.0,33.550000000000004,150.9,29.05,33.38,33.9,91.5,15.700000000000001,56.800000000000004,100.0,242.5,2896.0,1.36,36.550000000000004,15.02,6.97,36.02,29.05,0.0,237.5,1200.0
21482.386,0.0,140.0,90.5,22.63,16.0,171.0,33.45,151.9,29.11,33.410000000000004,34.1,92.5,15.8,56.7,99.60000000000001,239.0,2893.0,1.4000000000000001,36.65,15.07,7.0200000000000005,35.94,29.02,0.0,245.0,1200.0
21542.386,0.0,140.0,92.80000000000001,22.61,15.98,170.5,33.5,151.1,29.03,33.45,33.85,94.0,15.65,57.5,100.0,238.5,2896.0,1.28,36.75,15.05,6.99,35.980000000000004,29.0,1.0,239.0,1200.0
21602.386,0.0,140.0,91.30000000000001,22.64,16.02,172.0,33.4,151.70000000000002,29.12,33.36,34.0,92.0,15.75,56.800000000000004,100.0,243.0,2899.0,1.54,36.7,14.950000000000001,7.04,35.97,28.94,2.0,241.0,1200.0
21662.386,0.0,140.0,89.80000000000001,22.67,15.94,171.5,33.45,152.9,29.03,33.29,33.75,93.0,15.700000000000001,57.1,100.0,238.5,2896.0,1.51,36.85,15.0,6.97,35.93,28.990000000000002,2.0,239.0,1200.0
21722.385,0.0,140.0,90.9,22.7,16.02,173.0,33.45,151.5,29.07,33.3,33.800000000000004,93.0,15.55,57.7,99.9,241.5,2896.0,1.43,36.7,15.05,6.95,36.03,29.01,1.0,242.5,1200.0
21782.385,0.0,140.0,92.9,22.68,16.02,172.0,33.550000000000004,151.70000000000002,29.0,33.37,33.800000000000004,94.0,15.65,57.6,99.80000000000001,243.0,2891.0,1.3800000000000001,36.7,15.0,7.05,36.03,29.060000000000002,1.0,238.5,1200.0
21842.385,0.0,140.0,91.0,22.66,16.04,172.0,33.45,151.20000000000002,29.05,33.39,33.85,90.5,15.600000000000001,57.0,99.7,242.5,2892.0,1.4000000000000001,36.7,14.92,7.0,36.07,29.04,0.0,239.5,1200.0
21902.385,0.0,140.0,89.60000000000001,22.650000000000002,15.99,172.5,33.4,152.5,29.01,33.230000000000004,33.9,93.0,15.700000000000001,57.400000000000006,99.80000000000001,238.5,2894.0,1.51,36.75,15.040000000000001,7.07,35.95,29.0,0.0,239.5,1200.0
21962.384,0.0,140.0,91.80000000000001,22.7,16.01,171.5,33.4,151.4,28.93,33.29,33.85,95.0,15.9,57.1,99.80000000000001,239.5,2893.0,1.37,36.65,14.99,7.03,36.07,29.0,0.0,236.0,1200.0
22022.384,0.0,140.0,90.0,22.79,16.0,172.0,33.45,152.0,28.94,33.33,33.800000000000004,92.0,15.75,57.6,99.80000000000001,239.5,2888.0,1.34,36.95,15.01,7.11,35.99,29.07,0.0,238.5,1200.0
22082.384,0.0,140.0,92.2,22.63,16.03,173.0,33.300000000000004,151.5,28.88,33.34,33.6,93.5,15.700000000000001,57.7,99.9,238.5,2891.0,1.42,36.75,15.05,6.99,36.03,28.98,0.0,240.5,1200.0
22142.384,0.0,140.0,90.7,22.68,16.11,171.0,33.35,151.9,28.93,33.24,33.9,91.5,15.700000000000001,57.300000000000004,100.0,236.5,2889.0,1.3900000000000001,36.800000000000004,14.98,6.98,36.07,28.97,0.0,236.0,1200.0
22202.383,0.0,140.0,91.4,22.69,16.0,171.5,33.300000000000004,152.70000000000002,28.88,33.19,33.75,92.5,15.700000000000001,58.0,99.7,238.5,2896.0,1.3900000000000001,36.85,15.06,7.08,35.96,28.94,4.0,242.0,1200.0
22262.383,0.0,140.0,91.30000000000001,22.8,16.0,171.0,33.35,152.8,28.72,33.19,33.65,94.5,15.75,57.7,100.0,243.0,2894.0,1.37,36.65,14.97,6.98,35.99,29.09,2.0,238.0,1200.0
22322.383,0.0,140.0,91.9,22.71,16.01,172.5,33.300000000000004,152.5,28.93,33.17,33.85,91.0,15.700000000000001,57.900000000000006,99.9,240.0,2885.0,1.52,36.75,14.950000000000001,7.0200000000000005,35.96,28.97,4.0,242.5,1200.0
22382.383,0.0,140.0,91.0,22.78,15.98,171.5,33.5,151.6,28.89,33.21,33.6,93.5,15.700000000000001,58.1,99.80000000000001,236.0,2887.0,1.42,36.9,14.950000000000001,7.0,36.02,28.92,0.0,239.5,1200.0
22442.382,0.0,140.0,87.5,22.67,16.05,171.0,33.300000000000004,151.5,28.95,33.24,33.7,94.5,15.8,57.800000000000004,100.0,240.0,2887.0,1.36,36.7,15.02,7.04,35.9,29.0,3.0,239.5,1200.0
22502.382,0.0,140.0,91.0,22.68,16.03,172.0,33.300000000000004,150.70000000000002,28.85,33.14,33.7,93.5,15.700000000000001,57.800000000000004,100.0,242.0,2888.0,1.41,36.7,14.93,7.0,36.03,29.16,0.0,244.0,1200.0
22562.382,0.0,140.0,90.80000000000001,22.69,15.98,170.5,33.35,151.6,28.8,33.13,33.75,95.0,15.850000000000001,57.5,99.2,235.0,2886.0,1.3,36.7,15.06,7.0,36.03,29.01,1.0,241.5,1200.0
22622.382,0.0,140.0,91.4,22.67,16.06,172.0,33.4,151.70000000000002,28.84,33.18,33.7,92.0,15.75,58.0,100.0,239.5,2886.0,1.26,36.65,15.02,6.99,35.99,29.02,1.0,235.0,1200.0
22682.382,0.0,140.0,90.2,22.62,16.03,171.5,33.35,151.70000000000002,28.85,33.2,33.75,92.0,15.700000000000001,58.0,100.0,241.5,2882.0,1.26,36.6,15.01,6.93,35.97,28.990000000000002,1.0,237.0,1200.0
22742.381,0.0,140.0,92.0,22.7,16.1,170.0,33.25,151.8,28.87,33.08,33.65,91.0,15.75,57.6,100.0,238.0,2880.0,1.46,36.7,14.950000000000001,6.99,35.95,28.97,0.0,234.0,1200.0
22802.381,0.0,140.0,91.0,22.66,16.01,170.0,33.2,151.70000000000002,28.78,33.14,33.800000000000004,92.5,15.65,57.5,99.80000000000001,233.0,2882.0,1.36,36.65,15.040000000000001,6.98,36.01,28.990000000000002,0.0,239.5,1200.0
22862.381,0.0,140.0,92.30000000000001,22.69,15.92,171.0,33.4,151.3,28.830000000000002,33.06,33.65,92.0,15.75,57.6,100.0,235.5,2880.0,1.6,36.550000000000004,14.97,6.99,36.03,28.96,0.0,235.0,1200.0
22922.381,0.0,140.0,90.80000000000001,22.64,15.96,170.5,33.25,152.20000000000002,28.830000000000002,33.160000000000004,33.7,94.5,15.65,58.300000000000004,100.0,240.0,2881.0,1.43,36.800000000000004,14.96,6.97,36.06,29.01,0.0,235.5,1200.0
22982.38,0.0,140.0,90.9,22.650000000000002,16.03,169.5,33.35,151.70000000000002,28.75,33.07,33.65,90.0,15.700000000000001,57.300000000000004,99.7,238.0,2879.0,1.36,36.7,14.99,7.07,36.01,29.01,1.0,236.0,1200.0
23042.38,0.0,140.0,90.30000000000001,22.6,16.01,171.0,33.25,152.1,28.86,33.1,33.5,92.0,15.65,57.2,100.0,234.5,2883.0,1.26,36.5,15.030000000000001,7.0,35.95,29.02,2.0,236.5,1200.0
23102.38,0.0,140.0,91.30000000000001,22.71,15.99,172.0,33.15,151.20000000000002,28.84,33.12,33.65,93.5,15.65,57.6,99.60000000000001,237.5,2879.0,1.35,36.5,15.01,6.96,35.99,28.990000000000002,0.0,238.0,1200.0
23162.38,0.0,140.0,91.4,22.61,15.96,170.5,33.15,151.4,28.8,33.06,33.550000000000004,91.5,15.75,57.300000000000004,100.0,236.0,2889.0,1.52,36.5,15.0,7.01,36.08,29.01,1.0,238.0,1200.0
23222.379,0.0,140.0,91.7,22.62,16.09,169.5,33.300000000000004,151.20000000000002,28.85,33.21,33.75,92.0,15.850000000000001,57.7,100.0,235.0,2883.0,1.42,36.6,15.02,6.94,35.97,29.01,0.0,241.0,1200.0
23282.379,0.0,140.0,91.7,22.67,16.04,172.5,33.15,150.3,28.88,33.2,33.75,91.0,15.850000000000001,57.300000000000004,99.80000000000001,236.5,2884.0,1.46,36.550000000000004,15.01,7.0200000000000005,36.03,29.11,0.0,242.0,1200.0
23342.379,0.0,140.0,91.2,22.66,16.05,171.0,33.4,152.1,28.93,33.18,33.7,93.5,15.65,57.6,100.0,240.0,2885.0,1.34,36.45,14.94,7.0200000000000005,36.09,29.05,1.0,243.0,1200.0
23402.379,0.0,140.0,92.0,22.650000000000002,15.950000000000001,167.5,33.45,152.5,28.84,33.21,33.65,92.5,15.700000000000001,57.400000000000006,100.0,238.5,2880.0,1.36,36.6,15.040000000000001,6.94,36.050000000000004,29.11,1.0,237.5,1200.0
23462.379,0.0,140.0,90.30000000000001,22.62,15.99,172.0,33.25,150.5,28.94,33.19,33.65,91.0,15.65,58.2,100.0,242.0,2883.0,1.45,36.550000000000004,15.040000000000001,6.97,36.04,28.91,0.0,240.0,1200.0
23522.378,0.0,140.0,91.0,22.62,16.01,172.5,33.4,151.1,28.830000000000002,33.15,33.800000000000004,92.5,15.65,57.7,99.9,237.0,2887.0,1.44,36.550000000000004,15.040000000000001,7.05,35.95,28.97,0.0,232.0,1200.0
23582.378,0.0,140.0,91.10000000000001,22.69,16.03,172.0,33.35,152.20000000000002,28.95,33.2,33.6,93.5,15.600000000000001,57.7,99.80000000000001,237.5,2883.0,1.48,36.7,14.98,7.0200000000000005,36.12,29.060000000000002,0.0,241.5,1200.0
23642.378,0.0,140.0,91.2,22.71,15.96,172.5,33.25,150.5,28.84,33.22,33.7,94.5,15.75,57.7,100.0,234.5,2890.0,1.18,36.550000000000004,15.0,6.97,35.980000000000004,29.0,0.0,240.0,1200.0
23702.378,0.0,140.0,91.2,22.71,15.99,170.5,33.45,153.1,28.91,33.2,33.7,92.0,15.65,58.1,100.0,243.5,2881.0,1.35,36.5,15.01,6.99,36.02,29.02,0.0,238.0,1200.0
23762.377,0.0,140.0,91.0,22.650000000000002,15.99,169.5,33.45,151.70000000000002,28.900000000000002,33.3,33.65,90.0,15.700000000000001,57.400000000000006,99.80000000000001,242.0,2890.0,1.44,36.6,14.98,7.05,36.050000000000004,28.96,2.0,235.0,1200.0
23822.377,0.0,140.0,91.80000000000001,22.64,16.01,171.0,33.25,150.70000000000002,28.85,33.2,33.75,93.0,15.700000000000001,57.400000000000006,100.0,239.0,2884.0,1.27,36.65,15.01,6.97,36.050000000000004,29.05,0.0,242.0,1200.0
23882.377,0.0,140.0,91.4,22.740000000000002,15.97,168.5,33.35,150.3,28.93,33.21,33.65,94.0,15.850000000000001,58.0,100.0,239.5,2887.0,1.37,36.6,15.02,6.93,36.01,28.91,0.0,240.0,1200.0
23942.377,0.0,140.0,90.60000000000001,22.73,16.01,173.0,33.5,150.9,28.91,33.17,33.800000000000004,95.0,15.700000000000001,57.1,99.9,237.5,2892.0,1.36,36.550000000000004,15.05,7.05,36.01,28.91,0.0,240.0,1200.0
24002.377,0.0,140.0,90.7,22.61,15.94,170.0,33.35,151.1,28.900000000000002,33.2,33.85,94.0,15.850000000000001,57.300000000000004,100.0,240.0,2879.0,1.37,36.65,15.0,7.0200000000000005,36.03,29.05,0.0,239.0,1200.0
24062.376,0.0,140.0,90.7,22.61,15.98,169.5,33.25,153.0,28.93,33.17,33.85,92.5,15.75,57.7,99.7,242.0,2887.0,1.42,36.65,14.99,7.08,36.03,28.97,0.0,234.0,1200.0
24122.376,0.0,140.0,90.60000000000001,22.67,16.02,172.0,33.4,150.9,28.84,33.3,33.6,93.5,15.75,57.6,100.0,235.5,2895.0,1.31,36.65,14.99,6.95,36.08,29.01,0.0,235.5,1200.0
24182.376,0.0,140.0,90.9,22.69,15.97,172.5,33.2,152.8,28.87,33.3,33.800000000000004,92.0,15.700000000000001,58.1,100.0,238.5,2893.0,1.41,36.65,15.02,6.97,35.980000000000004,29.03,1.0,241.0,1200.0
24242.376,0.0,140.0,91.9,22.67,15.98,171.0,33.300000000000004,151.6,28.810000000000002,33.19,33.75,94.0,15.5,57.5,99.60000000000001,238.5,2887.0,1.43,36.7,15.11,6.96,36.050000000000004,29.0,0.0,244.5,1200.0
24302.375,0.0,140.0,89.5,22.66,16.02,174.0,33.5,151.0,28.91,33.230000000000004,33.75,94.0,15.850000000000001,57.0,99.80000000000001,242.5,2892.0,1.49,36.6,14.98,7.0,35.96,29.02,2.0,244.0,1200.0
24362.375,0.0,140.0,89.9,22.61,16.02,170.5,33.4,151.20000000000002,28.95,33.28,33.9,92.0,15.9,57.2,99.7,239.5,2884.0,1.36,36.75,15.02,7.07,35.97,29.04,0.0,240.5,1200.0
24422.375,0.0,140.0,90.80000000000001,22.7,15.98,171.0,33.45,152.5,29.0,33.27,33.9,92.5,15.8,57.400000000000006,99.9,241.5,2892.0,1.43,36.65,14.97,6.96,36.11,29.02,0.0,239.5,1200.0
24482.375,0.0,140.0,92.2,22.67,15.99,169.0,33.4,150.70000000000002,28.93,33.230000000000004,33.800000000000004,94.0,15.700000000000001,57.800000000000004,99.9,241.5,2891.0,1.47,36.75,15.0,7.05,35.99,29.02,4.0,236.0,1200.0
24542.375,0.0,140.0,92.60000000000001,22.57,16.05,171.5,33.4,150.9,28.97,33.21,33.9,92.5,15.75,57.0,100.0,242.0,2894.0,1.4000000000000001,36.6,15.030000000000001,6.99,36.050000000000004,29.0,2.0,236.0,1200.0
24602.374,0.0,140.0,90.30000000000001,22.61,16.01,171.5,33.35,152.3,28.92,33.25,33.7,92.5,15.700000000000001,57.300000000000004,100.0,241.5,2895.0,1.34,36.7,15.02,7.0,35.99,29.07,2.0,237.5,1200.0
24662.374,0.0,140.0,91.4,22.650000000000002,15.96,169.5,33.550000000000004,151.8,28.95,33.28,33.800000000000004,93.0,15.700000000000001,57.5,99.80000000000001,238.5,2890.0,1.46,36.7,15.09,6.96,36.04,29.080000000000002,0.0,239.0,1200.0
24722.374,0.0,140.0,91.2,22.64,16.03,171.5,33.45,151.20000000000002,29.04,33.19,33.9,92.0,15.8,57.6,100.0,241.0,2894.0,1.48,36.9,14.99,6.97,36.02,29.080000000000002,1.0,237.0,1200.0
24782.374,0.0,140.0,90.5,22.59,15.96,174.0,33.6,151.4,28.93,33.31,33.7,93.0,15.75,57.400000000000006,99.9,240.0,2895.0,1.35,36.800000000000004,14.99,7.03,35.96,29.09,0.0,238.0,1200.0
24842.374,0.0,140.0,89.60000000000001,22.66,15.96,171.5,33.550000000000004,151.70000000000002,29.060000000000002,33.24,33.75,92.5,15.700000000000001,57.5,99.5,241.0,2891.0,1.51,36.95,15.06,6.96,35.96,29.01,0.0,238.5,1200.0
24902.373,0.0,140.0,90.4,22.66,15.96,172.0,33.4,151.70000000000002,29.05,33.21,33.65,92.5,15.75,57.7,99.7,240.5,2897.0,1.43,36.75,15.040000000000001,7.0,36.04,29.02,1.0,240.5,1200.0
24962.373,0.0,140.0,90.30000000000001,22.61,16.01,171.5,33.45,149.4,28.98,33.27,33.9,94.0,15.8,57.5,100.0,238.0,2896.0,1.34,36.7,15.06,6.97,36.01,29.01,0.0,239.0,1200.0
25022.373,0.0,140.0,91.10000000000001,22.68,16.05,171.0,33.6,149.5,28.94,33.3,33.9,93.0,15.75,57.1,100.0,241.5,2892.0,1.35,36.800000000000004,15.01,6.96,36.1,28.990000000000002,1.0,242.5,1200.0
25082.373,0.0,140.0,91.4,22.71,15.97,171.0,33.4,150.3,28.990000000000002,33.25,33.75,91.5,15.75,57.5,100.0,238.0,2892.0,1.48,36.800000000000004,15.01,7.0200000000000005,36.04,29.09,0.0,239.5,1200.0
25142.372,0.0,140.0,89.4,22.76,16.01,171.5,33.35,152.20000000000002,29.0,33.35,33.85,91.5,15.600000000000001,57.6,99.5,239.5,2894.0,1.5,36.7,15.07,7.0,36.01,29.09,1.0,242.0,1200.0
25202.372,0.0,140.0,93.7,22.68,16.0,172.5,33.5,151.0,28.91,33.38,33.95,91.0,15.75,57.2,100.0,236.0,2898.0,1.33,36.6,15.01,6.99,35.97,29.11,3.0,237.5,1200.0
25262.372,0.0,140.0,90.80000000000001,22.61,15.99,171.5,33.45,150.9,29.03,33.21,33.85,94.0,15.75,57.800000000000004,99.80000000000001,240.5,2894.0,1.37,36.75,15.1,7.0,36.09,28.98,2.0,242.0,1200.0
25322.372,0.0,140.0,91.80000000000001,22.72,16.05,172.5,33.35,152.3,28.95,33.28,33.65,93.0,15.700000000000001,57.300000000000004,100.0,241.5,2900.0,1.31,36.95,15.01,7.01,35.95,28.990000000000002,0.0,243.5,1200.0
25382.372,0.0,140.0,90.10000000000001,22.72,16.05,174.0,33.6,151.5,28.93,33.28,33.85,93.5,15.75,57.1,100.0,241.5,2898.0,1.43,36.9,15.0,7.07,35.93,28.990000000000002,0.0,238.0,1200.0
25442.371,0.0,140.0,93.60000000000001,22.7,15.98,171.5,33.550000000000004,149.4,28.92,33.36,33.800000000000004,93.5,15.75,57.7,99.4,240.0,2897.0,1.31,36.800000000000004,14.97,6.97,36.01,29.05,2.0,239.5,1200.0
25502.371,0.0,140.0,90.9,22.75,16.02,171.0,33.300000000000004,152.1,28.95,33.33,33.9,92.5,15.700000000000001,57.6,99.7,239.5,2898.0,1.4000000000000001,36.65,14.98,7.0200000000000005,35.94,28.93,0.0,242.0,1200.0
25562.371,0.0,140.0,91.2,22.72,16.03,170.5,33.25,150.9,28.98,33.32,33.75,92.5,15.700000000000001,57.7,100.0,240.5,2897.0,1.47,36.75,15.01,7.0200000000000005,36.0,28.92,0.0,240.5,1200.0
25622.371,0.0,140.0,90.60000000000001,22.740000000000002,16.01,171.0,33.35,150.20000000000002,29.02,33.31,33.85,91.5,15.850000000000001,57.5,100.0,240.5,2897.0,1.32,36.75,14.99,6.95,35.95,29.04,0.0,242.0,1200.0
25682.371,0.0,140.0,91.80000000000001,22.79,15.91,172.0,33.45,152.6,29.02,33.35,33.65,93.5,15.700000000000001,57.2,99.60000000000001,242.5,2892.0,1.3900000000000001,36.9,14.93,7.01,36.03,29.0,0.0,240.0,1200.0
25742.37,0.0,140.0,91.2,22.67,16.04,172.5,33.5,153.0,29.0,33.230000000000004,33.85,91.5,15.75,57.7,100.0,239.0,2894.0,1.49,36.75,15.0,6.94,35.980000000000004,28.95,0.0,242.5,1200.0
25802.37,0.0,140.0,89.80000000000001,22.650000000000002,16.0,172.5,33.45,151.3,28.82,33.21,33.800000000000004,92.0,15.700000000000001,57.300000000000004,100.0,246.0,2895.0,1.55,36.7,14.98,7.01,36.01,29.02,0.0,239.0,1200.0
25862.37,0.0,140.0,90.9,22.740000000000002,16.03,172.5,33.4,151.5,28.900000000000002,33.22,33.800000000000004,93.0,15.75,57.300000000000004,100.0,242.0,2894.0,1.33,36.9,15.01,6.98,35.96,28.98,1.0,247.0,1200.0
25922.37,0.0,140.0,91.80000000000001,22.71,16.04,171.5,33.35,150.1,28.92,33.24,33.7,92.5,15.75,58.1,100.0,239.0,2887.0,1.35,36.85,15.01,7.03,36.0,28.91,0.0,241.5,1200.0
25982.37,0.0,140.0,90.5,22.66,16.01,170.5,33.35,151.9,28.85,33.18,33.800000000000004,93.0,15.8,57.7,99.80000000000001,240.0,2895.0,1.31,36.75,15.0,6.9,35.93,29.0,0.0,237.0,1200.0
26042.369,0.0,140.0,90.5,22.79,16.02,172.0,33.2,151.3,28.79,33.19,33.75,92.0,15.600000000000001,57.1,100.0,236.5,2889.0,1.33,36.7,15.040000000000001,7.07,35.88,28.990000000000002,0.0,238.0,1200.0
26102.369,0.0,140.0,91.2,22.72,16.1,170.5,33.5,151.4,28.84,33.27,33.75,92.0,15.700000000000001,58.2,100.0,236.5,2885.0,1.54,36.85,15.030000000000001,6.98,36.07,29.05,0.0,243.0,1200.0
26162.369,0.0,140.0,89.0,22.76,15.96,170.5,33.35,152.20000000000002,28.87,33.230000000000004,33.800000000000004,91.0,15.8,58.300000000000004,100.0,240.0,2889.0,1.44,36.6,15.040000000000001,7.0200000000000005,35.93,29.07,1.0,242.5,1200.0
26222.369,0.0,140.0,90.5,22.67,16.03,171.5,33.4,152.0,28.830000000000002,33.13,33.6,92.0,15.65,58.2,99.30000000000001,238.0,2889.0,1.36,36.75,14.98,7.0200000000000005,36.1,28.990000000000002,0.0,239.0,1200.0
26282.369,0.0,140.0,89.5,22.71,15.91,171.0,33.300000000000004,151.9,28.92,33.13,33.800000000000004,92.0,15.850000000000001,57.300000000000004,100.0,237.5,2884.0,1.46,36.7,15.030000000000001,7.03,36.04,29.060000000000002,0.0,240.5,1200.0
26342.368,0.0,140.0,92.0,22.69,15.950000000000001,169.5,33.45,151.4,28.76,33.18,33.7,92.0,15.700000000000001,57.7,100.0,237.0,2890.0,1.52,36.7,15.030000000000001,7.05,35.93,29.04,2.0,238.5,1200.0
26402.368,0.0,140.0,90.2,22.62,16.0,173.0,33.2,152.0,28.8,33.17,33.75,92.0,15.600000000000001,58.7,100.0,236.5,2884.0,1.31,36.6,14.99,7.01,35.95,29.02,0.0,242.0,1200.0
26462.368,0.0,140.0,90.2,22.67,15.950000000000001,171.0,33.25,151.5,28.84,33.12,33.550000000000004,90.0,15.850000000000001,57.900000000000006,100.0,238.5,2886.0,1.24,36.550000000000004,14.97,7.0,36.0,29.12,2.0,240.5,1200.0
26522.368,0.0,140.0,90.9,22.69,16.01,168.5,33.2,150.5,28.77,33.13,33.65,92.0,15.65,58.0,99.80000000000001,236.0,2883.0,1.41,36.65,15.01,6.96,35.86,28.93,0.0,240.0,1200.0
26582.368,0.0,140.0,91.30000000000001,22.6,15.98,170.5,33.25,151.3,28.79,33.14,33.65,93.5,15.65,57.5,100.0,238.0,2880.0,1.24,36.7,14.94,7.04,36.06,29.01,2.0,239.5,1200.0
26642.367,0.0,140.0,91.4,22.73,16.01,170.0,33.25,152.5,28.84,33.06,33.7,91.5,15.75,58.0,99.9,235.0,2883.0,1.37,36.6,14.98,7.01,36.0,28.990000000000002,1.0,235.0,1200.0
26702.367,0.0,140.0,91.0,22.69,16.07,170.5,33.300000000000004,150.0,28.71,33.1,33.550000000000004,93.0,15.700000000000001,58.2,100.0,238.0,2877.0,1.34,36.75,15.0,6.97,35.97,28.98,0.0,236.5,1200.0
26762.367,0.0,140.0,89.60000000000001,22.7,16.0,168.0,33.15,151.20000000000002,28.71,33.03,33.550000000000004,91.5,15.75,57.800000000000004,100.0,235.5,2884.0,1.43,36.75,15.02,6.97,35.97,29.03,0.0,232.0,1200.0
26822.367,0.0,140.0,91.4,22.68,15.93,169.0,33.25,151.3,28.69,33.05,33.65,94.5,15.850000000000001,57.800000000000004,100.0,240.5,2881.0,1.5,36.75,15.01,7.0200000000000005,36.04,29.13,0.0,236.5,1200.0
26882.367,0.0,140.0,91.80000000000001,22.740000000000002,15.99,172.0,33.15,149.9,28.76,33.0,33.5,91.5,15.75,58.6,99.9,234.5,2881.0,1.49,36.45,15.030000000000001,6.96,35.99,28.990000000000002,0.0,238.5,1200.0
26942.366,0.0,140.0,91.4,22.68,16.01,171.0,33.2,149.3,28.77,33.08,33.5,92.5,15.75,57.400000000000006,100.0,240.5,2874.0,1.36,36.550000000000004,14.99,6.95,35.980000000000004,28.900000000000002,1.0,235.0,1200.0
27002.366,0.0,140.0,90.4,22.73,15.99,169.5,33.2,152.1,28.69,33.04,33.6,94.0,15.65,57.7,99.60000000000001,237.5,2879.0,1.37,36.65,15.01,7.07,36.0,29.11,1.0,235.0,1200.0
27062.366,0.0,140.0,90.60000000000001,22.650000000000002,15.97,170.5,33.2,151.1,28.72,33.05,33.65,95.0,15.75,57.7,100.0,238.0,2879.0,1.33,36.5,15.120000000000001,7.0200000000000005,36.01,28.98,0.0,235.0,1200.0
27122.366,0.0,140.0,93.2,22.61,15.97,170.5,33.25,150.4,28.73,33.13,33.7,92.5,15.8,58.2,100.0,239.0,2877.0,1.56,36.5,14.96,6.96,35.93,28.82,0.0,234.0,1200.0
27182.366,0.0,140.0,92.60000000000001,22.72,15.98,172.0,33.25,151.20000000000002,28.77,33.12,33.6,93.0,15.65,57.800000000000004,100.0,237.0,2882.0,1.29,36.5,15.0,6.99,35.9,28.96,0.0,237.0,1200.0
27242.365,0.0,140.0,90.9,22.66,15.98,171.0,33.25,151.70000000000002,28.7,33.03,33.7,93.5,15.8,57.900000000000006,99.9,236.0,2874.0,1.32,36.6,15.06,6.94,35.980000000000004,28.990000000000002,1.0,233.0,1200.0
27302.365,0.0,140.0,92.4,22.68,16.02,170.5,33.15,150.0,28.84,33.02,33.65,92.5,15.75,58.0,100.0,240.0,2882.0,1.46,36.45,14.950000000000001,7.01,36.0,29.03,1.0,237.0,1200.0
27362.365,0.0,140.0,91.80000000000001,22.69,15.98,169.5,33.2,149.3,28.740000000000002,33.05,33.6,91.0,15.55,58.0,100.0,235.0,2880.0,1.34,36.45,15.030000000000001,7.0200000000000005,35.99,28.97,1.0,236.0,1200.0
27422.365,0.0,140.0,92.30000000000001,22.740000000000002,16.05,173.0,33.15,151.8,28.72,33.06,33.65,93.0,15.850000000000001,57.400000000000006,100.0,240.5,2886.0,1.32,36.550000000000004,15.11,7.0200000000000005,35.910000000000004,28.86,0.0,236.5,1200.0
27482.365,0.0,140.0,89.4,22.66,16.0,169.5,33.300000000000004,150.9,28.8,33.0,33.75,91.0,15.700000000000001,57.7,99.9,238.0,2885.0,1.35,36.550000000000004,14.93,6.99,35.980000000000004,29.04,0.0,236.0,1200.0
27542.364,0.0,140.0,91.5,22.66,15.91,171.5,33.300000000000004,150.8,28.86,33.15,33.75,90.5,15.700000000000001,57.5,100.0,236.5,2888.0,1.25,36.45,15.01,6.95,36.0,28.990000000000002,0.0,235.5,1200.0
27602.364,0.0,140.0,91.9,22.66,15.97,171.5,33.25,152.9,28.73,33.14,33.550000000000004,93.0,15.700000000000001,58.1,100.0,240.0,2886.0,1.1300000000000001,36.6,15.02,7.01,35.96,28.89,0.0,238.5,1200.0
27662.364,0.0,140.0,89.60000000000001,22.650000000000002,16.02,173.5,33.25,151.0,28.8,33.13,33.9,92.5,15.700000000000001,58.400000000000006,99.7,238.0,2884.0,1.27,36.550000000000004,14.98,7.01,36.06,28.98,0.0,241.0,1200.0
27722.364,0.0,140.0,89.60000000000001,22.67,16.04,171.5,33.45,149.8,28.77,33.14,33.75,90.5,15.600000000000001,57.400000000000006,100.0,239.0,2887.0,1.3900000000000001,36.5,15.01,6.95,36.03,29.04,0.0,239.5,1200.0
27782.364,0.0,140.0,91.2,22.71,16.01,172.0,33.300000000000004,150.1,28.91,33.18,33.800000000000004,93.0,15.700000000000001,58.1,100.0,240.0,2889.0,1.26,36.65,15.01,7.01,36.07,29.05,0.0,239.0,1200.0
27842.363,0.0,140.0,90.7,22.650000000000002,16.04,169.5,33.25,151.8,28.78,33.12,33.7,92.5,15.850000000000001,57.6,100.0,239.0,2893.0,1.41,36.6,15.030000000000001,6.96,36.050000000000004,28.97,0.0,243.0,1200.0
27902.363,0.0,140.0,91.80000000000001,22.7,15.98,169.0,33.300000000000004,150.9,28.84,33.21,33.550000000000004,90.5,15.700000000000001,58.1,100.0,240.5,2888.0,1.47,36.550000000000004,14.96,7.01,35.910000000000004,28.900000000000002,0.0,238.0,1200.0
27962.363,0.0,140.0,89.2,22.7,15.97,170.0,33.25,151.0,28.85,33.160000000000004,33.65,92.0,15.700000000000001,57.7,100.0,235.0,2890.0,1.33,36.65,15.0,7.0,35.99,29.04,0.0,235.5,1200.0
28022.363,0.0,140.0,90.80000000000001,22.64,15.94,172.5,33.4,150.9,28.84,33.17,33.95,90.5,15.700000000000001,57.400000000000006,100.0,238.0,2888.0,1.47,36.7,15.0,7.08,35.95,29.05,0.0,236.5,1200.0
28082.363,0.0,140.0,91.5,22.66,16.04,169.5,33.300000000000004,150.8,28.87,33.230000000000004,33.85,91.5,15.75,58.2,100.0,236.0,2892.0,1.49,36.6,14.97,6.98,36.18,28.990000000000002,3.0,239.0,1200.0
28142.363,0.0,140.0,90.60000000000001,22.61,16.02,171.5,33.300000000000004,150.5,28.87,33.27,33.6,93.5,15.65,57.900000000000006,99.9,238.5,2892.0,1.37,36.550000000000004,15.01,6.97,36.06,28.96,0.0,236.5,1200.0
28202.362,0.0,140.0,90.7,22.69,15.99,169.5,33.35,150.5,28.88,33.17,33.6,93.0,15.700000000000001,58.300000000000004,100.0,240.0,2891.0,1.52,36.6,15.05,6.96,35.94,28.96,2.0,242.0,1200.0
28262.362,0.0,140.0,90.5,22.7,15.96,171.5,33.4,151.8,28.91,33.15,33.7,94.5,15.700000000000001,57.800000000000004,100.0,240.5,2888.0,1.32,36.6,15.01,7.03,36.03,29.03,0.0,241.5,1200.0
28322.362,0.0,140.0,91.80000000000001,22.61,16.04,171.0,33.25,150.6,28.94,33.25,33.9,93.0,15.65,57.300000000000004,99.5,240.5,2890.0,1.36,36.6,14.97,7.0600000000000005,35.97,28.990000000000002,1.0,242.5,1200.0
28382.362,0.0,140.0,90.60000000000001,22.66,15.97,170.0,33.4,152.0,28.97,33.3,33.75,92.0,15.700000000000001,57.1,100.0,245.5,2891.0,1.48,36.7,14.97,6.98,35.97,29.01,3.0,239.5,1200.0
28442.362,0.0,140.0,90.30000000000001,22.64,15.92,172.0,33.35,150.5,29.03,33.27,33.75,92.5,15.75,57.5,100.0,237.0,2888.0,1.3900000000000001,36.7,14.98,7.01,35.97,28.95,1.0,240.5,1200.0
28502.361,0.0,140.0,90.9,22.78,15.93,172.5,33.4,149.70000000000002,28.92,33.27,33.75,93.0,15.850000000000001,57.900000000000006,99.9,245.0,2893.0,1.46,36.6,14.96,7.0600000000000005,35.99,28.990000000000002,0.0,244.5,1200.0
28562.361,0.0,140.0,91.30000000000001,22.67,15.97,170.5,33.35,150.5,28.92,33.25,33.85,92.5,15.75,57.6,99.9,236.5,2893.0,1.36,36.7,15.05,7.0,35.92,28.98,0.0,244.0,1200.0
28622.361,0.0,140.0,90.7,22.62,16.04,173.0,33.35,152.1,28.900000000000002,33.33,33.85,92.5,15.700000000000001,57.5,100.0,240.0,2894.0,1.32,36.85,14.98,7.01,35.980000000000004,29.04,0.0,241.5,1200.0
28682.361,0.0,140.0,89.9,22.69,16.0,172.5,33.4,150.3,29.01,33.26,33.95,92.0,15.8,58.0,100.0,241.5,2895.0,1.2,36.550000000000004,15.05,6.96,35.88,28.96,2.0,239.0,1200.0
28742.361,0.0,140.0,89.80000000000001,22.76,16.0,174.0,33.45,151.3,28.95,33.34,34.0,92.0,15.65,57.900000000000006,99.7,241.0,2897.0,1.32,36.6,14.89,7.07,36.0,28.95,0.0,241.0,1200.0
28802.361,0.0,140.0,91.2,22.71,16.0,172.0,33.45,149.6,28.990000000000002,33.36,33.85,92.5,15.700000000000001,57.300000000000004,100.0,237.0,2897.0,1.3800000000000001,36.75,15.0,7.0600000000000005,36.02,29.02,0.0,244.0,1200.0
28862.36,0.0,140.0,91.7,22.7,15.93,171.5,33.5,150.3,28.95,33.32,33.9,92.0,15.75,57.7,100.0,240.0,2901.0,1.42,36.85,14.97,6.97,36.1,29.04,0.0,245.5,1200.0
28922.36,0.0,140.0,91.7,22.7,15.98,171.5,33.4,153.4,29.01,33.38,33.85,92.0,15.600000000000001,57.400000000000006,100.0,241.5,2900.0,1.57,36.75,14.98,6.96,36.02,29.02,0.0,242.0,1200.0
28982.36,0.0,140.0,91.9,22.72,16.02,172.5,33.4,153.5,29.060000000000002,33.43,33.75,92.0,15.700000000000001,58.5,99.9,244.0,2897.0,1.37,36.7,15.040000000000001,7.01,35.980000000000004,29.05,0.0,242.5,1200.0
29042.36,0.0,140.0,91.30000000000001,22.73,16.01,169.5,33.550000000000004,151.6,29.01,33.31,33.85,91.5,15.75,57.300000000000004,100.0,239.5,2895.0,1.34,36.65,15.01,6.95,36.02,28.98,0.0,243.0,1200.0
29102.36,0.0,140.0,90.4,22.73,16.02,171.5,33.5,151.3,29.03,33.4,33.85,92.0,15.65,58.0,99.80000000000001,245.0,2900.0,1.59,36.7,15.0,7.01,36.06,28.990000000000002,1.0,243.5,1200.0
29162.359,0.0,140.0,88.9,22.72,16.01,171.5,33.300000000000004,150.70000000000002,29.04,33.3,33.95,94.0,15.8,57.800000000000004,99.80000000000001,241.0,2898.0,1.33,36.800000000000004,15.02,6.99,35.88,28.97,0.0,244.5,1200.0
29222.359,0.0,140.0,90.2,22.71,16.02,174.0,33.45,152.5,28.97,33.4,33.95,92.0,15.65,57.2,100.0,235.5,2899.0,1.29,36.75,14.96,7.0,35.99,29.02,0.0,242.0,1200.0
29282.359,0.0,140.0,90.2,22.66,16.01,170.5,33.4,152.5,29.02,33.34,33.800000000000004,93.0,15.700000000000001,57.7,99.5,241.5,2895.0,1.53,36.7,15.02,6.91,36.050000000000004,29.05,0.0,241.5,1200.0
29342.359,0.0,140.0,90.30000000000001,22.66,15.97,172.5,33.550000000000004,151.9,29.03,33.28,33.9,90.5,15.8,57.800000000000004,100.0,242.5,2896.0,1.18,36.75,15.01,6.94,35.99,29.02,1.0,246.5,1200.0
29402.359,0.0,140.0,89.7,22.72,16.05,169.5,33.5,150.9,28.91,33.3,33.9,94.0,15.850000000000001,57.5,100.0,238.0,2898.0,1.48,36.7,14.96,7.04,35.99,28.990000000000002,0.0,238.5,1200.0
29462.359,0.0,140.0,90.10000000000001,22.7,15.89,171.0,33.45,151.1,28.98,33.29,34.0,94.5,15.850000000000001,58.0,100.0,238.5,2896.0,1.46,36.65,15.0,6.96,35.89,28.95,0.0,245.0,1200.0
29522.358,0.0,140.0,90.30000000000001,22.6,16.01,172.0,33.300000000000004,153.70000000000002,28.94,33.38,33.85,91.0,15.700000000000001,57.900000000000006,99.60000000000001,239.0,2896.0,1.27,36.800000000000004,14.97,7.08,36.06,29.04,0.0,240.0,1200.0
29582.358,0.0,140.0,90.4,22.71,16.1,170.0,33.550000000000004,151.0,28.97,33.36,33.800000000000004,92.5,15.8,57.5,99.9,243.0,2900.0,1.4000000000000001,36.7,14.97,6.94,35.94,28.97,0.0,246.5,1200.0
29642.358,0.0,140.0,89.10000000000001,22.64,16.0,173.0,33.45,153.1,28.97,33.25,33.75,92.5,15.65,57.0,100.0,244.5,2900.0,1.46,36.7,15.0,6.91,35.96,28.96,1.0,242.5,1200.0
29702.358,0.0,140.0,91.9,22.67,16.01,173.5,33.45,151.20000000000002,28.93,33.35,33.85,92.5,15.700000000000001,57.0,99.7,241.5,2893.0,1.26,36.85,15.0,6.98,35.92,28.93,0.0,245.0,1200.0
29762.358,0.0,140.0,91.30000000000001,22.72,16.02,172.5,33.6,153.0,28.900000000000002,33.28,33.75,94.5,15.75,57.300000000000004,100.0,242.0,2899.0,1.42,36.800000000000004,15.0,7.03,36.0,29.02,0.0,244.0,1200.0
29822.357,0.0,140.0,89.10000000000001,22.64,15.96,171.0,33.45,149.9,29.080000000000002,33.3,33.85,94.5,15.8,57.800000000000004,99.2,238.5,2887.0,1.28,36.9,14.950000000000001,7.01,35.9,28.98,0.0,238.5,1200.0
29882.357,0.0,140.0,90.0,22.63,15.98,173.0,33.35,152.4,28.990000000000002,33.19,33.85,92.5,15.75,57.300000000000004,100.0,237.0,2894.0,1.37,36.85,14.99,7.03,36.03,28.97,4.0,243.5,1200.0
29942.357,0.0,140.0,89.10000000000001,22.64,15.950000000000001,171.0,33.45,152.4,29.05,33.24,33.85,93.5,15.600000000000001,57.5,99.30000000000001,245.0,2895.0,1.3800000000000001,36.6,14.94,7.0,35.97,28.85,0.0,240.5,1200.0
30002.357,0.0,140.0,89.80000000000001,22.64,15.96,171.5,33.4,151.5,28.98,33.35,33.85,92.0,15.850000000000001,58.1,100.0,239.0,2890.0,1.46,36.800000000000004,15.05,7.07,36.06,28.96,0.0,236.0,1200.0
30062.357,0.0,140.0,90.9,22.62,16.03,172.5,33.4,151.0,28.95,33.26,33.85,93.5,15.700000000000001,57.1,99.9,232.0,2889.0,1.25,36.75,15.0,6.96,36.04,28.96,0.0,238.5,1200.0
30122.357,0.0,140.0,91.5,22.68,16.01,169.0,33.35,152.5,28.98,33.3,33.7,92.5,15.75,57.6,99.5,239.0,2897.0,1.41,36.6,14.9,7.01,36.050000000000004,28.98,0.0,237.5,1200.0
30182.356,0.0,140.0,92.30000000000001,22.69,15.97,171.5,33.45,151.1,28.95,33.22,33.85,95.0,15.55,57.2,100.0,237.0,2897.0,1.33,36.800000000000004,15.040000000000001,6.99,35.97,29.02,0.0,238.5,1200.0
30242.356,0.0,140.0,91.0,22.59,16.0,171.0,33.45,151.1,28.96,33.230000000000004,33.85,92.0,15.700000000000001,57.400000000000006,99.9,239.5,2892.0,1.42,36.800000000000004,15.05,7.04,35.99,28.97,0.0,239.5,1200.0
30302.356,0.0,140.0,93.10000000000001,22.67,15.97,171.5,33.45,150.9,29.02,33.36,33.800000000000004,94.0,15.850000000000001,57.400000000000006,100.0,241.0,2892.0,1.49,36.75,15.01,7.03,35.92,28.89,0.0,245.5,1200.0
30362.356,0.0,140.0,90.5,22.66,15.99,169.0,33.5,151.3,29.0,33.27,33.85,93.0,15.700000000000001,57.2,100.0,238.5,2895.0,1.45,36.800000000000004,15.040000000000001,7.05,36.03,29.0,2.0,241.0,1200.0
30422.356,0.0,140.0,91.5,22.67,15.98,171.5,33.4,151.4,28.88,33.28,33.800000000000004,93.0,15.700000000000001,57.6,99.80000000000001,239.0,2895.0,1.34,36.75,14.99,7.0,35.94,28.94,0.0,240.0,1200.0
30482.356,0.0,140.0,91.30000000000001,22.69,16.05,170.0,33.4,150.70000000000002,28.97,33.33,33.75,91.5,15.75,57.800000000000004,99.80000000000001,237.5,2895.0,1.48,36.800000000000004,14.97,6.96,36.07,29.11,0.0,236.5,1200.0
30542.355,0.0,140.0,90.0,22.75,15.98,172.5,33.6,150.20000000000002,29.04,33.2,33.9,91.5,15.600000000000001,57.2,100.0,243.5,2893.0,1.36,36.65,15.030000000000001,6.95,36.01,29.0,2.0,234.5,1200.0
30602.355,0.0,140.0,90.30000000000001,22.73,15.96,171.0,33.300000000000004,152.0,28.990000000000002,33.32,33.85,91.0,15.600000000000001,58.2,99.7,240.5,2894.0,1.46,36.75,15.0,7.0200000000000005,35.95,29.05,1.0,239.0,1200.0
30662.355,0.0,140.0,91.2,22.7,16.01,172.5,33.35,152.8,28.990000000000002,33.230000000000004,33.85,93.0,15.75,57.7,100.0,237.5,2896.0,1.34,36.7,14.99,6.92,36.050000000000004,28.95,1.0,239.0,1200.0
30722.355,0.0,140.0,89.2,22.7,16.0,171.0,33.5,151.0,28.95,33.24,33.9,92.5,15.8,57.300000000000004,99.7,239.5,2898.0,1.47,36.800000000000004,14.98,6.93,36.01,29.04,0.0,242.5,1200.0
30782.355,0.0,140.0,92.5,22.67,16.0,172.5,33.5,153.4,28.94,33.32,33.75,91.0,15.700000000000001,57.5,99.9,242.5,2898.0,1.37,36.7,14.94,7.05,35.9,28.88,0.0,240.5,1200.0
30842.355,0.0,140.0,92.10000000000001,22.740000000000002,15.950000000000001,169.0,33.4,150.3,29.1,33.25,33.800000000000004,92.5,15.65,58.1,99.9,238.0,2895.0,1.52,36.800000000000004,15.02,6.99,36.02,28.88,0.0,246.0,1200.0
30902.354,0.0,140.0,92.2,22.7,15.94,173.5,33.6,151.9,29.05,33.4,33.9,93.5,15.55,57.1,99.80000000000001,236.0,2898.0,1.43,36.65,14.96,7.07,36.04,29.02,2.0,240.5,1200.0
30962.354,0.0,140.0,89.60000000000001,22.66,15.93,172.0,33.4,152.3,29.0,33.22,33.85,91.0,15.600000000000001,57.300000000000004,99.7,241.5,2892.0,1.33,36.75,14.98,7.01,35.99,29.04,1.0,241.5,1200.0
31022.354,0.0,140.0,92.10000000000001,22.77,16.02,174.0,33.5,152.1,28.95,33.34,33.800000000000004,91.0,15.700000000000001,57.400000000000006,99.9,242.0,2892.0,1.3900000000000001,36.85,14.97,7.05,35.92,29.04,2.0,244.5,1200.0
31082.354,0.0,140.0,90.60000000000001,22.73,16.07,172.0,33.4,150.70000000000002,28.990000000000002,33.36,33.75,91.5,15.55,57.800000000000004,99.80000000000001,243.5,2895.0,1.36,36.85,15.02,7.01,36.13,29.060000000000002,2.0,238.0,1200.0
31142.354,0.0,140.0,90.5,22.77,15.97,171.0,33.5,150.70000000000002,28.990000000000002,33.27,33.75,90.5,15.75,57.400000000000006,99.9,239.5,2896.0,1.36,36.9,15.07,7.01,36.06,28.95,0.0,243.0,1200.0
31202.354,0.0,140.0,90.7,22.71,15.96,171.0,33.300000000000004,151.3,28.93,33.32,33.800000000000004,91.5,15.8,57.5,100.0,237.5,2899.0,1.45,36.7,15.0,6.97,35.96,28.97,1.0,237.5,1200.0
31262.353,0.0,140.0,91.60000000000001,22.72,15.94,170.5,33.550000000000004,149.6,28.94,33.33,33.9,95.5,15.700000000000001,57.5,100.0,244.5,2899.0,1.36,36.85,15.01,7.0,36.01,28.96,2.0,240.0,1200.0
31322.353,0.0,140.0,90.30000000000001,22.67,15.97,172.5,33.4,151.8,29.0,33.33,33.85,94.0,15.600000000000001,57.5,99.60000000000001,240.5,2896.0,1.27,36.65,15.040000000000001,6.97,36.0,28.98,0.0,241.5,1200.0
31382.353,0.0,140.0,90.4,22.71,15.98,170.5,33.550000000000004,150.20000000000002,28.990000000000002,33.27,33.85,93.0,15.8,57.5,99.7,244.0,2904.0,1.51,36.75,15.05,6.94,36.02,29.07,1.0,240.5,1200.0
31442.353,0.0,140.0,90.10000000000001,22.69,16.01,172.0,33.550000000000004,152.0,29.080000000000002,33.36,34.0,90.0,15.700000000000001,57.6,99.9,245.5,2898.0,1.3900000000000001,36.9,15.030000000000001,6.98,35.95,29.07,1.0,243.5,1200.0
31502.353,0.0,140.0,90.60000000000001,22.66,15.98,172.5,33.6,151.4,29.1,33.39,33.9,89.5,15.75,57.6,99.7,240.5,2903.0,1.21,36.75,14.98,7.0200000000000005,36.07,28.92,3.0,243.0,1200.0
31562.353,0.0,140.0,91.30000000000001,22.69,16.01,171.0,33.45,151.20000000000002,29.05,33.4,34.0,92.0,15.700000000000001,56.900000000000006,100.0,243.0,2896.0,1.33,36.75,15.01,6.99,35.92,28.93,2.0,243.0,1200.0
31622.352,0.0,140.0,90.60000000000001,22.63,16.02,172.0,33.5,151.0,29.080000000000002,33.42,33.800000000000004,92.0,15.600000000000001,58.0,100.0,243.0,2898.0,1.46,36.9,15.05,7.03,35.97,28.990000000000002,1.0,240.0,1200.0
31682.352,0.0,140.0,91.9,22.64,16.02,173.0,33.5,150.3,29.1,33.480000000000004,33.85,92.5,15.850000000000001,57.300000000000004,99.60000000000001,245.0,2906.0,1.45,36.75,15.05,7.03,35.96,28.93,0.0,244.0,1200.0
31742.352,0.0,140.0,90.30000000000001,22.62,15.98,171.5,33.550000000000004,152.70000000000002,29.13,33.4,33.85,92.5,15.75,57.1,99.60000000000001,240.5,2905.0,1.44,36.7,15.06,7.0200000000000005,35.980000000000004,29.01,0.0,242.5,1200.0
31802.352,0.0,140.0,91.80000000000001,22.68,15.96,174.5,33.6,151.6,29.2,33.39,34.0,93.5,15.65,57.400000000000006,100.0,243.0,2904.0,1.3800000000000001,36.85,15.0,7.01,35.980000000000004,29.0,0.0,241.5,1200.0
31862.352,0.0,140.0,90.60000000000001,22.61,16.01,173.5,33.45,150.9,29.13,33.4,33.85,93.0,15.75,57.0,99.5,244.5,2905.0,1.33,36.800000000000004,14.98,7.04,36.050000000000004,29.0,1.0,245.0,1200.0
31922.352,0.0,140.0,90.9,22.64,16.02,171.0,33.6,150.70000000000002,29.05,33.4,34.0,95.5,15.75,56.900000000000006,99.7,245.5,2907.0,1.58,36.85,14.92,6.98,35.95,28.97,0.0,240.0,1200.0
31982.351,0.0,140.0,88.7,22.59,16.0,173.5,33.6,152.20000000000002,29.1,33.52,33.95,90.0,15.75,56.900000000000006,100.0,243.5,2899.0,1.6600000000000001,36.95,15.02,6.95,35.99,29.080000000000002,0.0,243.0,1200.0
32042.351,0.0,140.0,90.4,22.68,16.06,173.5,33.6,150.0,29.23,33.49,33.85,92.0,15.700000000000001,57.5,100.0,242.5,2904.0,1.46,36.75,15.040000000000001,6.94,35.99,29.1,0.0,240.5,1200.0
32102.351,0.0,140.0,92.10000000000001,22.62,16.03,174.0,33.550000000000004,151.6,29.19,33.45,33.9,91.0,15.75,57.6,100.0,239.5,2906.0,1.3800000000000001,36.800000000000004,14.97,7.03,35.95,29.0,1.0,240.5,1200.0
32162.351,0.0,140.0,91.2,22.650000000000002,15.97,170.5,33.7,151.0,29.11,33.45,33.9,92.0,15.8,57.300000000000004,100.0,241.0,2908.0,1.3900000000000001,36.800000000000004,14.96,7.01,36.050000000000004,29.03,0.0,244.0,1200.0
32222.351,0.0,140.0,90.2,22.66,16.04,173.0,33.4,151.6,29.19,33.480000000000004,34.0,93.5,15.850000000000001,57.300000000000004,99.7,243.0,2907.0,1.47,36.85,14.99,7.0,36.03,28.990000000000002,0.0,243.0,1200.0
32282.351,0.0,140.0,90.60000000000001,22.73,15.93,173.0,33.7,151.4,29.2,33.47,34.050000000000004,94.5,15.8,57.6,100.0,248.0,2907.0,1.3800000000000001,36.9,14.950000000000001,6.95,36.01,28.990000000000002,0.0,243.0,1200.0
32342.35,0.0,140.0,88.5,22.73,15.99,171.0,33.6,151.6,29.13,33.43,33.85,90.0,15.75,57.400000000000006,99.80000000000001,243.0,2902.0,1.27,36.800000000000004,14.97,7.05,36.03,29.02,1.0,243.0,1200.0
32402.35,0.0,140.0,90.60000000000001,22.71,16.03,172.5,33.7,151.20000000000002,29.150000000000002,33.45,34.1,91.0,15.700000000000001,57.400000000000006,100.0,245.5,2909.0,1.3900000000000001,36.95,15.030000000000001,7.01,35.9,28.990000000000002,1.0,237.0,1200.0
32462.35,0.0,140.0,91.4,22.650000000000002,15.97,172.5,33.550000000000004,152.70000000000002,29.12,33.44,33.95,89.5,15.75,57.6,100.0,242.5,2908.0,1.48,36.9,15.02,7.04,35.99,29.02,0.0,241.0,1200.0
32522.35,0.0,140.0,91.5,22.68,16.01,172.5,33.65,153.0,29.05,33.52,34.050000000000004,91.0,15.75,57.5,99.9,239.5,2908.0,1.32,36.85,15.06,6.96,35.9,29.01,1.0,242.5,1200.0
32582.35,0.0,140.0,91.30000000000001,22.76,15.96,174.0,33.6,152.20000000000002,29.1,33.5,34.0,94.0,15.75,57.400000000000006,100.0,242.0,2907.0,1.48,36.95,15.02,7.0200000000000005,35.96,29.07,0.0,242.0,1200.0
32642.35,0.0,140.0,89.80000000000001,22.66,16.080000000000002,171.0,33.5,152.20000000000002,29.09,33.33,33.75,93.0,15.75,57.5,100.0,246.5,2899.0,1.4000000000000001,37.0,15.07,7.01,36.050000000000004,28.95,2.0,244.0,1200.0
32702.349,0.0,140.0,89.2,22.740000000000002,15.93,174.5,33.35,151.20000000000002,29.04,33.42,33.800000000000004,92.0,15.850000000000001,57.400000000000006,99.7,241.5,2908.0,1.27,36.9,15.040000000000001,6.97,35.99,29.07,0.0,240.5,1200.0
32762.349,0.0,140.0,90.10000000000001,22.740000000000002,16.01,173.5,33.5,150.70000000000002,29.13,33.34,33.9,94.5,15.850000000000001,58.0,99.60000000000001,241.0,2900.0,1.4000000000000001,36.9,14.96,7.05,36.02,29.0,0.0,245.5,1200.0
32822.349,0.0,140.0,91.4,22.71,16.01,172.0,33.550000000000004,150.20000000000002,28.97,33.43,33.95,94.0,15.75,57.5,100.0,244.5,2902.0,1.35,37.0,15.01,6.98,36.0,28.990000000000002,1.0,240.0,1200.0
32882.349,0.0,140.0,91.10000000000001,22.67,16.02,170.0,33.45,152.9,29.09,33.37,33.85,92.0,15.600000000000001,58.0,99.80000000000001,240.5,2909.0,1.3800000000000001,36.95,15.030000000000001,7.04,36.13,28.98,0.0,237.5,1200.0
32942.349,0.0,140.0,90.5,22.67,16.06,171.0,33.35,152.0,29.01,33.36,33.9,91.0,15.700000000000001,58.300000000000004,99.9,242.0,2899.0,1.23,36.95,14.96,6.97,35.97,28.900000000000002,0.0,241.0,1200.0
33002.349,0.0,140.0,90.80000000000001,22.72,16.0,173.0,33.5,151.70000000000002,29.060000000000002,33.34,33.9,94.0,15.75,57.6,100.0,238.0,2903.0,1.42,37.0,15.05,6.98,36.050000000000004,29.060000000000002,1.0,239.0,1200.0
33062.348,0.0,140.0,89.9,22.650000000000002,16.03,171.5,33.4,152.1,28.96,33.34,33.9,91.5,15.75,57.300000000000004,100.0,239.0,2900.0,1.34,36.800000000000004,15.030000000000001,6.92,36.02,29.05,0.0,241.0,1200.0
33122.348,0.0,140.0,91.0,22.8,15.97,172.5,33.4,152.3,28.98,33.34,33.85,91.5,15.75,57.400000000000006,99.80000000000001,239.0,2900.0,1.3900000000000001,36.9,14.99,7.0200000000000005,35.980000000000004,29.01,0.0,243.5,1200.0
33182.348,0.0,140.0,91.30000000000001,22.71,15.950000000000001,171.5,33.45,149.9,29.02,33.35,33.85,92.5,15.65,57.800000000000004,100.0,247.5,2898.0,1.45,36.75,15.0,6.97,36.09,28.95,0.0,241.0,1200.0
33242.348,0.0,140.0,89.5,22.8,15.99,170.5,33.4,150.6,28.98,33.27,33.75,91.5,15.700000000000001,58.0,99.9,241.0,2896.0,1.54,37.0,14.94,6.97,35.95,29.11,0.0,243.0,1200.0
33302.348,0.0,140.0,92.10000000000001,22.72,16.02,170.5,33.4,151.3,28.96,33.4,33.85,93.5,15.700000000000001,57.6,100.0,241.5,2897.0,1.62,36.95,15.0,7.01,35.93,28.96,0.0,240.5,1200.0
33362.348,0.0,140.0,91.10000000000001,22.68,15.98,169.5,33.300000000000004,152.9,28.97,33.3,33.9,95.0,15.65,57.800000000000004,99.80000000000001,241.5,2895.0,1.54,36.75,15.0,6.97,36.07,28.990000000000002,0.0,241.5,1200.0
33422.348,0.0,140.0,91.2,22.740000000000002,15.99,171.5,33.45,150.9,28.93,33.230000000000004,33.9,92.0,15.850000000000001,58.6,99.60000000000001,243.0,2899.0,1.27,36.85,14.98,7.01,36.01,29.04,0.0,241.0,1200.0
33482.347,0.0,140.0,91.10000000000001,22.76,16.07,171.0,33.45,152.3,28.97,33.160000000000004,33.800000000000004,92.0,15.65,57.400000000000006,100.0,244.0,2900.0,1.4000000000000001,36.95,15.040000000000001,7.01,36.07,29.01,2.0,247.5,1200.0
33542.347,0.0,140.0,92.5,22.67,16.03,170.0,33.4,151.5,29.02,33.230000000000004,33.75,94.5,15.55,58.0,100.0,239.5,2899.0,1.48,36.7,15.030000000000001,7.03,36.09,28.96,0.0,239.5,1200.0
33602.347,0.0,140.0,90.60000000000001,22.77,16.0,172.0,33.35,150.8,28.94,33.18,33.75,93.5,15.9,57.7,100.0,247.0,2901.0,1.48,36.800000000000004,15.01,7.0600000000000005,36.09,29.0,0.0,236.5,1200.0
33662.347,0.0,140.0,90.4,22.76,15.92,172.5,33.25,151.8,28.91,33.2,33.65,93.0,15.700000000000001,57.900000000000006,99.9,239.0,2894.0,1.58,36.9,14.96,6.96,35.96,29.0,2.0,241.5,1200.0
33722.347,0.0,140.0,89.80000000000001,22.73,15.97,169.5,33.35,152.5,28.95,33.29,33.800000000000004,93.5,15.9,57.800000000000004,100.0,239.5,2899.0,1.55,36.65,14.96,7.0200000000000005,35.97,28.93,1.0,244.5,1200.0
33782.347,0.0,140.0,91.2,22.69,15.99,171.5,33.45,151.4,28.95,33.42,33.75,93.0,15.600000000000001,57.5,99.60000000000001,246.5,2895.0,1.57,36.800000000000004,15.0,7.08,35.99,29.05,0.0,236.0,1200.0
33842.346,0.0,140.0,90.7,22.71,16.04,172.5,33.35,152.3,28.900000000000002,33.32,33.75,91.5,15.8,58.0,99.80000000000001,241.0,2898.0,1.51,36.9,15.01,7.0,36.01,28.96,0.0,240.5,1200.0
33902.346,0.0,140.0,90.0,22.650000000000002,16.02,174.0,33.4,150.9,28.93,33.25,33.800000000000004,91.0,15.75,57.6,100.0,245.5,2893.0,1.48,36.85,15.02,6.96,36.03,28.97,1.0,241.0,1200.0
33962.346,0.0,140.0,91.0,22.72,15.92,172.5,33.35,151.20000000000002,28.98,33.3,33.75,92.0,15.65,57.800000000000004,99.7,244.0,2888.0,1.35,36.75,14.97,6.96,36.0,28.96,2.0,233.5,1200.0
34022.346,0.0,140.0,90.30000000000001,22.66,15.97,172.5,33.5,149.5,28.86,33.25,33.800000000000004,92.0,15.700000000000001,58.2,99.7,239.5,2894.0,1.32,36.7,15.01,6.94,35.980000000000004,28.96,0.0,239.5,1200.0
34082.346,0.0,140.0,91.5,22.64,16.0,169.5,33.4,151.70000000000002,28.95,33.24,33.800000000000004,92.5,15.700000000000001,57.800000000000004,100.0,238.0,2896.0,1.44,36.65,14.98,6.94,36.08,28.94,0.0,238.5,1200.0
34142.346,0.0,140.0,89.2,22.64,15.99,173.5,33.4,153.20000000000002,28.94,33.25,33.75,95.0,15.8,57.800000000000004,100.0,238.5,2896.0,1.41,36.7,15.0,6.99,36.07,28.98,2.0,237.0,1200.0
34202.346,0.0,140.0,91.7,22.67,16.02,172.0,33.300000000000004,150.9,28.93,33.19,33.9,91.5,15.700000000000001,57.5,100.0,240.5,2887.0,1.37,36.75,15.0,7.01,35.980000000000004,29.03,0.0,239.0,1200.0
34262.345,0.0,140.0,91.4,22.68,15.97,172.0,33.25,150.6,28.94,33.27,33.800000000000004,93.5,15.75,58.1,100.0,239.0,2893.0,1.46,36.800000000000004,15.030000000000001,6.97,36.01,29.04,0.0,244.0,1200.0
34322.345,0.0,140.0,89.60000000000001,22.7,16.07,171.5,33.35,151.8,28.92,33.25,33.800000000000004,91.0,15.65,58.0,99.80000000000001,242.5,2894.0,1.18,36.75,14.96,7.0,35.980000000000004,29.080000000000002,1.0,239.5,1200.0
34382.345,0.0,140.0,91.4,22.71,16.03,171.0,33.35,151.20000000000002,28.94,33.21,33.9,90.5,15.700000000000001,58.2,100.0,237.5,2891.0,1.35,36.7,15.05,7.0,35.88,28.91,0.0,240.5,1200.0
34442.345,0.0,140.0,90.30000000000001,22.64,15.97,172.5,33.5,151.70000000000002,28.91,33.2,33.800000000000004,92.0,15.75,58.0,100.0,243.0,2892.0,1.5,36.75,14.97,7.07,35.97,29.09,0.0,244.5,1200.0
34502.345,0.0,140.0,88.4,22.69,16.02,171.0,33.4,151.1,28.93,33.22,33.75,92.5,15.850000000000001,58.0,100.0,238.0,2889.0,1.29,36.85,14.99,6.98,35.97,29.01,0.0,239.0,1200.0
34562.345,0.0,140.0,90.7,22.76,16.01,173.0,33.45,154.8,28.900000000000002,33.28,33.75,91.0,15.75,57.5,100.0,237.0,2893.0,1.56,36.65,14.93,6.97,36.06,28.97,3.0,242.0,1200.0
34622.344,0.0,140.0,90.9,22.69,16.05,171.5,33.15,153.4,28.91,33.21,33.85,93.5,15.65,57.300000000000004,100.0,239.0,2887.0,1.49,36.7,14.98,6.99,36.03,28.95,0.0,237.5,1200.0
34682.344,0.0,140.0,91.7,22.57,16.06,171.0,33.300000000000004,152.5,28.88,33.32,33.95,93.0,15.75,57.7,99.80000000000001,237.0,2889.0,1.3800000000000001,36.65,15.030000000000001,7.0200000000000005,35.97,29.01,0.0,237.0,1200.0
34742.344,0.0,140.0,91.0,22.7,16.01,171.0,33.35,152.1,28.92,33.2,33.7,94.0,15.75,57.7,100.0,246.5,2889.0,1.35,36.550000000000004,15.030000000000001,7.05,36.04,29.02,1.0,239.0,1200.0
34802.344,0.0,140.0,90.9,22.71,16.01,170.5,33.5,151.0,28.900000000000002,33.230000000000004,33.7,93.5,15.700000000000001,57.7,100.0,238.0,2892.0,1.26,36.7,14.98,6.95,35.96,29.02,0.0,240.5,1200.0
34862.344,0.0,140.0,89.80000000000001,22.68,15.98,171.0,33.25,153.0,28.92,33.230000000000004,33.95,93.5,15.75,57.800000000000004,100.0,240.5,2890.0,1.4000000000000001,36.7,15.02,6.98,36.0,29.02,2.0,236.5,1200.0
34922.344,0.0,140.0,88.80000000000001,22.7,16.0,171.5,33.4,151.20000000000002,28.78,33.32,33.75,92.0,15.700000000000001,57.7,100.0,243.0,2889.0,1.28,36.65,15.06,6.96,36.06,29.04,0.0,236.0,1200.0
34982.344,0.0,140.0,91.10000000000001,22.69,16.04,173.0,33.35,152.0,28.900000000000002,33.2,34.0,92.5,15.65,58.0,99.7,237.5,2896.0,1.33,36.6,15.02,6.99,35.94,28.98,0.0,238.0,1200.0
35042.343,0.0,140.0,90.10000000000001,22.72,15.96,171.0,33.4,150.70000000000002,28.93,33.26,33.9,93.5,15.8,57.800000000000004,100.0,242.0,2894.0,1.45,36.75,15.0,7.0,35.97,28.93,0.0,240.0,1200.0
35102.343,0.0,140.0,92.30000000000001,22.69,15.97,169.0,33.5,151.4,29.0,33.32,33.800000000000004,93.5,15.65,57.7,99.4,241.0,2893.0,1.5,36.7,15.030000000000001,6.99,35.97,29.07,0.0,242.5,1200.0
35162.343,0.0,140.0,90.5,22.68,15.93,173.5,33.5,152.20000000000002,28.91,33.27,33.75,92.5,15.8,57.800000000000004,100.0,241.0,2893.0,1.3900000000000001,36.75,14.91,6.98,35.980000000000004,28.97,1.0,241.0,1200.0
35222.343,0.0,140.0,90.7,22.75,15.98,171.5,33.5,151.3,28.93,33.32,33.85,91.5,15.65,58.1,100.0,240.0,2888.0,1.52,36.75,15.030000000000001,7.0200000000000005,36.050000000000004,28.95,1.0,240.0,1200.0
35282.343,0.0,140.0,91.2,22.740000000000002,16.03,171.0,33.45,151.6,28.97,33.08,33.95,91.5,15.65,58.0,99.9,239.0,2894.0,1.34,36.800000000000004,15.030000000000001,6.95,35.95,29.03,2.0,245.5,1200.0
35342.343,0.0,140.0,92.60000000000001,22.7,15.950000000000001,173.0,33.5,150.3,28.900000000000002,33.28,33.85,92.0,15.75,57.6,100.0,241.5,2900.0,1.45,36.65,15.02,6.99,36.0,28.96,0.0,239.5,1200.0
35402.343,0.0,140.0,91.80000000000001,22.71,16.06,172.5,33.300000000000004,149.3,29.03,33.31,33.75,93.0,15.8,57.1,100.0,238.0,2904.0,1.29,36.65,15.01,7.0200000000000005,36.01,28.990000000000002,0.0,243.0,1200.0
35462.342,0.0,140.0,89.30000000000001,22.82,16.03,171.5,33.4,151.1,29.080000000000002,33.34,33.65,93.5,15.700000000000001,57.2,99.9,240.0,2903.0,1.26,36.85,15.07,6.96,35.96,29.0,0.0,240.0,1200.0
35522.342,0.0,140.0,90.60000000000001,22.7,15.97,172.0,33.35,149.3,28.86,33.33,33.85,91.0,15.8,58.0,99.80000000000001,242.0,2900.0,1.55,36.75,14.91,6.96,36.03,29.03,0.0,243.0,1200.0
35582.342,0.0,140.0,90.4,22.69,16.05,172.0,33.35,152.20000000000002,28.98,33.39,33.75,92.0,15.600000000000001,57.7,100.0,243.0,2902.0,1.51,36.85,14.94,6.96,36.08,29.05,1.0,242.0,1200.0
35642.342,0.0,140.0,90.60000000000001,22.66,15.98,172.5,33.45,149.3,28.86,33.42,33.800000000000004,92.5,15.700000000000001,57.900000000000006,100.0,245.0,2897.0,1.44,36.95,14.93,7.0,35.910000000000004,29.0,1.0,246.5,1200.0
35702.342,0.0,140.0,90.7,22.72,16.03,171.5,33.45,152.6,28.92,33.3,33.7,91.0,15.75,57.7,99.60000000000001,241.0,2899.0,1.45,36.95,14.99,6.96,36.02,29.060000000000002,0.0,241.5,1200.0
35762.342,0.0,140.0,90.9,22.69,16.01,171.5,33.2,150.3,28.990000000000002,33.32,33.75,92.5,15.700000000000001,57.6,100.0,240.0,2897.0,1.48,36.800000000000004,15.08,7.07,36.08,28.98,0.0,236.5,1200.0
35822.342,0.0,140.0,91.9,22.81,15.97,170.5,33.4,151.8,28.94,33.37,33.9,92.5,15.700000000000001,57.5,99.60000000000001,244.0,2894.0,1.51,36.800000000000004,14.96,7.0,35.96,28.92,1.0,240.0,1200.0
35882.341,0.0,140.0,89.4,22.71,16.01,171.0,33.300000000000004,152.3,28.990000000000002,33.28,33.800000000000004,94.5,15.600000000000001,58.2,99.60000000000001,240.0,2895.0,1.49,36.9,15.0,7.0,35.980000000000004,29.05,1.0,235.0,1200.0
35942.341,0.0,140.0,90.0,22.69,16.1,171.5,33.35,151.9,29.01,33.33,33.800000000000004,93.5,15.65,57.300000000000004,99.80000000000001,244.0,2893.0,1.49,36.65,14.950000000000001,6.97,36.050000000000004,29.03,0.0,237.0,1200.0
36002.341,0.0,140.0,89.60000000000001,22.68,16.0,171.5,33.45,150.0,28.990000000000002,33.27,33.85,92.0,15.700000000000001,57.5,99.80000000000001,243.0,2895.0,1.34,36.75,15.01,7.0,35.980000000000004,28.95,0.0,238.0,1200.0
36062.341,0.0,140.0,91.0,22.61,15.99,172.5,33.45,152.9,28.990000000000002,33.18,33.75,92.0,15.600000000000001,57.2,99.60000000000001,244.5,2890.0,1.24,36.75,14.99,6.96,36.03,29.07,0.0,236.0,1200.0
36122.341,0.0,140.0,89.10000000000001,22.650000000000002,15.9,172.0,33.550000000000004,151.6,28.95,33.19,33.9,94.0,15.65,57.400000000000006,99.7,243.0,2893.0,1.23,36.85,14.99,6.99,36.050000000000004,29.01,1.0,238.5,1200.0
36182.341,0.0,140.0,89.7,22.61,16.03,171.0,33.45,150.9,28.97,33.31,33.9,92.5,15.8,57.5,100.0,239.0,2894.0,1.49,36.800000000000004,15.0,6.95,36.01,28.95,1.0,236.0,1200.0
36242.341,0.0,140.0,91.4,22.67,16.05,171.0,33.25,151.1,28.84,33.230000000000004,33.85,94.0,15.75,57.7,100.0,238.5,2889.0,1.35,36.75,14.97,7.05,35.99,29.05,0.0,241.0,1200.0
36302.34,0.0,140.0,91.9,22.69,15.99,171.5,33.35,152.6,28.97,33.25,33.7,94.0,15.850000000000001,57.7,99.60000000000001,239.0,2894.0,1.48,36.75,15.030000000000001,7.0,35.96,28.97,0.0,238.0,1200.0
36362.34,0.0,140.0,90.7,22.7,15.96,169.5,33.25,150.5,28.93,33.32,33.800000000000004,92.0,15.75,57.800000000000004,99.9,238.5,2890.0,1.3,36.75,15.0,6.98,36.08,28.990000000000002,0.0,235.5,1200.0
36422.34,0.0,140.0,92.4,22.72,15.99,171.0,33.300000000000004,152.3,28.990000000000002,33.21,33.75,92.0,15.8,57.800000000000004,100.0,242.0,2887.0,1.33,36.75,14.96,7.0600000000000005,36.13,29.0,0.0,239.0,1200.0
36482.34,0.0,140.0,91.9,22.68,15.98,171.0,33.25,151.3,28.95,33.21,33.85,92.0,15.700000000000001,57.6,100.0,239.0,2889.0,1.37,36.7,15.040000000000001,7.04,36.06,28.96,0.0,241.5,1200.0
36542.34,0.0,140.0,91.80000000000001,22.6,16.04,172.0,33.300000000000004,151.4,28.88,33.29,33.75,93.5,15.75,57.1,99.7,240.5,2888.0,1.43,36.6,14.96,6.97,35.980000000000004,28.97,0.0,240.0,1200.0
36602.34,0.0,140.0,91.60000000000001,22.650000000000002,16.01,172.0,33.25,150.8,28.89,33.27,33.85,93.0,15.75,57.7,100.0,236.0,2891.0,1.41,36.75,15.01,7.01,35.9,29.07,1.0,235.0,1200.0
36662.34,0.0,140.0,90.9,22.66,16.05,169.5,33.4,151.8,28.900000000000002,33.160000000000004,33.65,93.5,15.55,57.7,100.0,236.0,2884.0,1.51,36.7,15.040000000000001,7.07,36.09,28.990000000000002,2.0,243.5,1200.0
36722.339,0.0,140.0,91.4,22.62,15.93,171.5,33.300000000000004,152.4,28.89,33.230000000000004,33.75,96.0,15.65,57.2,100.0,237.5,2889.0,1.43,36.550000000000004,14.94,6.99,36.02,28.93,0.0,238.5,1200.0
36782.339,0.0,140.0,89.4,22.6,16.01,169.5,33.4,150.6,28.86,33.26,33.75,94.5,15.600000000000001,57.2,99.7,242.5,2879.0,1.21,36.6,14.99,7.04,35.96,29.04,1.0,233.0,1200.0
36842.339,0.0,140.0,92.2,22.63,16.05,169.5,33.25,152.20000000000002,28.87,33.13,33.75,91.5,15.850000000000001,57.1,100.0,238.5,2885.0,1.27,36.7,14.98,6.99,36.0,28.990000000000002,0.0,237.5,1200.0
36902.339,0.0,140.0,90.7,22.64,16.05,168.0,33.35,151.5,28.93,33.24,33.75,92.0,15.65,57.800000000000004,99.7,240.5,2878.0,1.41,36.550000000000004,15.030000000000001,7.03,36.0,28.98,0.0,237.0,1200.0
36962.339,0.0,140.0,90.60000000000001,22.68,16.07,171.0,33.25,151.4,28.79,33.160000000000004,33.65,93.5,15.75,57.5,100.0,239.0,2881.0,1.32,36.6,14.98,7.05,36.07,29.04,0.0,237.5,1200.0
37022.339,0.0,140.0,90.30000000000001,22.7,16.05,170.5,33.45,149.70000000000002,28.830000000000002,33.1,33.65,94.0,15.75,57.800000000000004,100.0,238.0,2884.0,1.62,36.65,14.97,6.92,35.93,28.96,1.0,241.0,1200.0
37082.339,0.0,140.0,90.7,22.67,15.98,168.5,33.35,151.0,28.82,33.12,33.6,92.5,15.700000000000001,58.1,100.0,239.5,2881.0,1.41,36.6,14.950000000000001,6.98,35.95,29.04,0.0,241.0,1200.0
37142.338,0.0,140.0,91.30000000000001,22.72,15.84,168.5,33.35,152.6,28.76,33.11,33.65,91.5,15.8,58.0,100.0,234.5,2883.0,1.37,36.7,14.89,6.99,36.07,29.04,1.0,237.0,1200.0
37202.338,0.0,140.0,90.9,22.63,16.02,172.5,33.4,151.20000000000002,28.740000000000002,33.07,33.800000000000004,95.0,15.600000000000001,58.300000000000004,100.0,237.0,2885.0,1.32,36.7,15.05,6.97,36.03,29.09,0.0,235.5,1200.0
37262.338,0.0,140.0,90.4,22.77,16.03,171.5,33.2,151.4,28.77,33.15,33.6,92.5,15.8,57.7,100.0,235.5,2880.0,1.33,36.6,14.98,7.01,35.95,29.0,1.0,239.0,1200.0
37322.338,0.0,140.0,91.10000000000001,22.7,16.02,170.0,33.35,152.1,28.76,33.12,33.65,94.0,15.55,57.900000000000006,100.0,238.0,2888.0,1.31,36.65,15.05,7.1000000000000005,36.07,28.96,0.0,234.0,1200.0
37382.338,0.0,140.0,90.80000000000001,22.72,15.98,171.0,33.300000000000004,151.20000000000002,28.84,33.17,33.5,91.5,15.700000000000001,58.0,99.7,241.0,2881.0,1.47,36.75,15.01,6.91,35.93,28.96,0.0,239.0,1200.0
37442.338,0.0,140.0,91.80000000000001,22.7,16.01,169.5,33.45,151.8,28.84,33.15,33.7,94.0,15.600000000000001,57.7,100.0,239.0,2886.0,1.5,36.65,15.0,7.0600000000000005,36.0,28.91,1.0,240.0,1200.0
37502.338,0.0,140.0,90.60000000000001,22.66,16.02,169.5,33.15,153.8,28.76,33.17,33.6,91.0,15.75,58.300000000000004,99.7,240.5,2883.0,1.48,36.550000000000004,14.950000000000001,7.03,36.01,28.990000000000002,0.0,240.5,1200.0
37562.337,0.0,140.0,90.5,22.75,15.92,170.5,33.2,150.70000000000002,28.89,33.11,33.550000000000004,91.0,15.75,57.7,99.80000000000001,236.5,2884.0,1.3900000000000001,36.6,15.0,7.03,36.01,28.98,1.0,240.0,1200.0
37622.337,0.0,140.0,88.80000000000001,22.71,15.950000000000001,171.5,33.25,153.0,28.88,33.18,33.75,92.0,15.600000000000001,58.400000000000006,100.0,237.5,2887.0,1.34,36.550000000000004,15.0,6.98,36.03,29.05,1.0,238.0,1200.0
37682.337,0.0,140.0,91.7,22.7,16.05,172.0,33.2,150.1,28.87,33.18,33.75,92.5,15.700000000000001,58.2,100.0,238.5,2883.0,1.45,36.5,15.08,7.01,35.97,29.03,0.0,237.5,1200.0
37742.337,0.0,140.0,91.30000000000001,22.69,15.98,170.0,33.300000000000004,150.20000000000002,28.77,33.19,33.7,91.5,15.65,58.300000000000004,100.0,239.5,2884.0,1.54,36.550000000000004,14.98,7.04,36.02,29.05,0.0,238.0,1200.0
37802.337,0.0,140.0,90.4,22.73,16.04,169.5,33.4,151.1,28.82,33.17,33.7,90.0,15.65,58.2,100.0,241.5,2882.0,1.31,36.7,15.06,6.890000000000001,35.980000000000004,28.990000000000002,2.0,237.0,1200.0
37862.337,0.0,140.0,93.30000000000001,22.71,15.93,170.5,33.45,151.0,28.85,33.17,33.65,94.0,15.600000000000001,58.0,99.60000000000001,242.0,2883.0,1.36,36.75,15.01,7.01,36.01,28.98,2.0,246.0,1200.0
37922.337,0.0,140.0,91.80000000000001,22.72,16.06,171.5,33.300000000000004,152.8,28.85,33.09,33.7,91.5,15.8,57.900000000000006,100.0,243.5,2886.0,1.46,36.65,14.97,7.11,35.95,29.09,2.0,241.5,1200.0
37982.337,0.0,140.0,92.30000000000001,22.66,15.84,171.0,33.45,151.6,28.810000000000002,33.17,33.6,93.5,15.850000000000001,57.800000000000004,99.80000000000001,242.0,2891.0,1.44,36.7,14.97,7.0,36.01,28.94,2.0,233.5,1200.0
38042.336,0.0,140.0,91.60000000000001,22.68,16.04,170.5,33.25,150.9,28.75,33.14,33.550000000000004,91.0,15.75,58.2,99.7,240.0,2887.0,1.43,36.6,14.98,6.95,36.03,28.95,1.0,235.0,1200.0
38102.336,0.0,140.0,91.30000000000001,22.69,15.99,170.5,33.300000000000004,151.6,28.75,33.19,33.7,92.5,15.65,58.0,100.0,238.5,2885.0,1.4000000000000001,36.65,14.94,7.03,36.07,28.990000000000002,0.0,243.0,1200.0
38162.336,0.0,140.0,91.9,22.67,16.04,171.0,33.300000000000004,151.3,28.86,33.11,33.6,94.0,15.5,57.6,100.0,244.5,2887.0,1.3800000000000001,36.65,14.96,6.96,36.04,28.96,1.0,240.0,1200.0
38222.336,0.0,140.0,90.80000000000001,22.72,16.01,171.0,33.4,152.0,28.8,33.1,33.65,93.5,15.75,58.300000000000004,99.7,237.5,2885.0,1.51,36.800000000000004,15.040000000000001,6.98,35.99,28.96,3.0,236.5,1200.0
38282.336,0.0,140.0,90.4,22.68,15.99,170.5,33.300000000000004,151.6,28.830000000000002,33.25,33.75,93.5,15.65,58.0,100.0,240.5,2891.0,1.34,36.6,14.98,6.97,36.02,29.01,0.0,239.5,1200.0
38342.336,0.0,140.0,88.9,22.7,15.950000000000001,170.5,33.4,150.3,28.86,33.22,33.6,92.5,15.600000000000001,58.1,100.0,237.0,2887.0,1.44,36.65,15.02,7.0,35.96,28.98,0.0,238.0,1200.0
38402.336,0.0,140.0,91.80000000000001,22.740000000000002,16.02,171.0,33.25,149.5,28.85,33.18,33.5,92.5,15.65,57.800000000000004,99.9,240.5,2883.0,1.48,36.550000000000004,15.040000000000001,7.05,36.07,29.03,1.0,242.0,1200.0
38462.335,0.0,140.0,90.80000000000001,22.71,16.0,172.0,33.300000000000004,151.3,28.75,33.22,33.75,95.0,15.9,57.7,100.0,240.5,2886.0,1.51,36.65,15.01,6.91,36.08,29.04,0.0,239.5,1200.0
38522.335,0.0,140.0,90.2,22.740000000000002,16.01,169.5,33.35,152.3,28.91,33.25,33.65,91.5,15.65,57.300000000000004,99.60000000000001,236.0,2883.0,1.31,36.7,14.97,6.99,35.980000000000004,29.0,0.0,236.5,1200.0
38582.335,0.0,140.0,90.0,22.66,15.99,173.0,33.300000000000004,150.70000000000002,28.89,33.22,33.65,89.5,15.850000000000001,57.5,99.9,239.0,2889.0,1.4000000000000001,36.5,15.030000000000001,6.99,35.96,28.990000000000002,0.0,234.5,1200.0
38642.335,0.0,140.0,91.4,22.75,16.05,172.5,33.4,150.6,28.810000000000002,33.21,33.65,93.0,15.850000000000001,57.800000000000004,99.9,233.5,2890.0,1.48,36.7,15.08,7.0,35.99,29.04,2.0,245.0,1200.0
38702.335,0.0,140.0,92.30000000000001,22.72,15.99,170.5,33.25,151.3,28.84,33.17,33.75,91.0,15.700000000000001,57.300000000000004,100.0,236.0,2892.0,1.34,36.6,14.99,7.01,36.03,29.02,0.0,240.0,1200.0
38762.335,0.0,140.0,89.9,22.63,15.98,169.5,33.4,153.1,28.810000000000002,33.230000000000004,33.75,93.5,15.75,57.400000000000006,99.80000000000001,237.0,2893.0,1.6,36.6,14.98,6.95,36.02,29.05,0.0,242.0,1200.0
38822.335,0.0,140.0,90.4,22.67,15.97,168.0,33.2,151.0,28.830000000000002,33.11,33.85,92.0,15.700000000000001,57.2,100.0,241.0,2886.0,1.4000000000000001,36.6,14.97,7.05,36.07,29.03,0.0,237.5,1200.0
38882.335,0.0,140.0,91.2,22.580000000000002,16.0,172.5,33.35,151.20000000000002,28.93,33.21,33.75,91.0,15.75,57.6,99.80000000000001,243.0,2887.0,1.56,36.6,14.99,6.99,35.94,28.94,1.0,239.0,1200.0
38942.334,0.0,140.0,91.80000000000001,22.61,15.94,172.0,33.300000000000004,151.70000000000002,28.84,33.11,33.800000000000004,91.5,15.75,57.1,100.0,241.0,2887.0,1.49,36.65,14.99,6.97,35.99,29.09,0.0,239.0,1200.0
39002.334,0.0,140.0,90.4,22.63,15.9,173.0,33.300000000000004,150.6,28.87,33.3,33.75,91.5,15.700000000000001,57.300000000000004,99.80000000000001,239.0,2887.0,1.42,36.65,15.01,7.03,35.96,29.0,0.0,240.5,1200.0
39062.334,0.0,140.0,90.5,22.69,16.03,169.5,33.45,150.4,28.82,33.22,33.75,92.0,15.600000000000001,57.6,100.0,242.5,2888.0,1.49,36.65,14.97,7.0,35.96,28.97,1.0,242.5,1200.0
39122.334,0.0,140.0,91.60000000000001,22.650000000000002,15.92,171.5,33.25,150.8,28.82,33.11,33.7,93.0,15.65,57.6,100.0,232.5,2885.0,1.41,36.800000000000004,15.040000000000001,6.99,35.980000000000004,29.01,0.0,239.5,1200.0
39182.334,0.0,140.0,90.7,22.7,16.03,171.5,33.4,152.20000000000002,28.8,33.14,33.800000000000004,95.0,15.75,58.0,99.9,242.5,2882.0,1.37,36.65,15.07,6.91,36.01,29.01,2.0,236.0,1200.0
39242.334,0.0,140.0,90.60000000000001,22.650000000000002,16.01,171.5,33.300000000000004,151.8,28.740000000000002,33.160000000000004,33.800000000000004,93.5,15.75,57.5,99.9,239.0,2881.0,1.43,36.65,15.05,7.0,36.0,29.03,1.0,236.0,1200.0
39302.334,0.0,140.0,91.60000000000001,22.7,16.04,172.0,33.2,152.8,28.830000000000002,33.160000000000004,33.7,92.0,15.75,57.6,99.4,235.5,2884.0,1.31,36.45,15.0,7.03,35.92,29.02,1.0,238.5,1200.0
39362.333,0.0,140.0,92.80000000000001,22.740000000000002,16.01,172.5,33.2,152.3,28.89,33.18,33.75,92.0,15.75,57.5,99.9,241.0,2883.0,1.23,36.5,14.93,7.03,36.04,29.05,0.0,240.5,1200.0
39422.333,0.0,140.0,91.80000000000001,22.61,16.02,169.0,33.25,150.20000000000002,28.8,33.2,33.800000000000004,94.0,15.8,58.0,99.80000000000001,241.5,2886.0,1.33,36.550000000000004,14.96,6.98,35.93,28.95,0.0,239.5,1200.0
39482.333,0.0,140.0,90.30000000000001,22.69,16.01,170.5,33.25,150.3,28.79,33.19,33.7,92.0,15.8,58.400000000000006,99.80000000000001,234.5,2884.0,1.35,36.5,14.99,6.99,36.04,28.94,2.0,233.5,1200.0
39542.333,0.0,140.0,91.10000000000001,22.67,15.96,170.5,33.25,153.3,28.77,33.13,33.6,90.0,15.850000000000001,58.1,99.7,235.5,2881.0,1.33,36.45,15.01,7.0600000000000005,36.07,29.060000000000002,1.0,237.5,1200.0
39602.333,0.0,140.0,89.5,22.75,16.06,170.5,33.15,151.0,28.8,33.11,33.7,95.0,15.75,57.800000000000004,100.0,240.5,2889.0,1.26,36.6,15.01,7.0,36.02,29.02,1.0,235.0,1200.0
39662.333,0.0,140.0,90.30000000000001,22.69,15.93,172.5,33.25,151.0,28.8,33.160000000000004,33.65,91.0,15.850000000000001,57.400000000000006,99.80000000000001,237.5,2878.0,1.37,36.75,15.0,7.01,36.02,28.89,1.0,237.0,1200.0
39722.333,0.0,140.0,90.80000000000001,22.76,16.03,170.0,33.15,151.8,28.75,33.15,33.7,95.0,15.65,57.7,99.4,239.5,2885.0,1.4000000000000001,36.6,15.01,6.97,35.9,29.060000000000002,0.0,239.5,1200.0
39782.333,0.0,140.0,89.10000000000001,22.79,15.98,172.5,33.4,152.4,28.85,33.12,33.6,90.5,15.65,57.1,100.0,240.5,2887.0,1.51,36.7,15.01,7.04,35.980000000000004,29.03,2.0,239.5,1200.0
39842.332,0.0,140.0,91.5,22.85,16.03,172.0,33.300000000000004,151.8,28.78,33.19,33.800000000000004,91.5,15.75,57.7,99.80000000000001,238.0,2885.0,1.37,36.550000000000004,15.05,7.05,35.99,28.96,1.0,240.5,1200.0
39902.332,0.0,140.0,91.2,22.71,16.03,169.0,33.300000000000004,152.0,28.89,33.18,33.75,96.0,15.8,58.0,99.60000000000001,229.5,2886.0,1.23,36.75,15.01,6.99,36.04,29.11,1.0,239.0,1200.0
39962.332,0.0,140.0,92.0,22.67,15.93,171.5,33.4,150.1,28.86,33.15,33.75,94.0,15.600000000000001,57.7,100.0,237.0,2888.0,1.29,36.7,15.07,7.03,36.07,28.97,0.0,241.0,1200.0
40022.332,0.0,140.0,90.60000000000001,22.72,16.05,171.5,33.4,151.0,28.88,33.19,33.75,91.0,15.75,57.400000000000006,100.0,236.5,2892.0,1.55,36.65,15.06,7.01,35.99,29.03,0.0,239.0,1200.0
40082.332,0.0,140.0,90.5,22.7,16.05,172.0,33.25,152.0,28.85,33.230000000000004,33.6,94.0,15.75,57.6,99.4,241.0,2887.0,1.41,36.6,14.96,7.08,35.99,29.060000000000002,0.0,239.5,1200.0
40142.332,0.0,140.0,91.0,22.59,15.96,172.0,33.35,150.5,28.92,33.160000000000004,33.75,92.5,15.75,57.800000000000004,99.80000000000001,236.0,2889.0,1.28,36.6,15.02,7.0,36.06,29.01,1.0,238.0,1200.0
40202.332,0.0,140.0,91.10000000000001,22.7,15.99,171.0,33.45,151.3,28.96,33.14,33.65,90.0,15.600000000000001,57.300000000000004,100.0,236.0,2895.0,1.36,36.6,15.030000000000001,7.0,36.01,29.0,0.0,241.0,1200.0
40262.332,0.0,140.0,89.30000000000001,22.650000000000002,15.93,172.0,33.25,152.0,28.98,33.29,33.65,93.0,15.75,57.0,100.0,233.5,2888.0,1.37,36.6,15.06,6.96,36.07,29.04,2.0,235.5,1200.0
40322.331,0.0,140.0,91.5,22.69,16.01,172.5,33.25,150.3,28.810000000000002,33.27,33.6,89.5,15.700000000000001,57.400000000000006,100.0,237.0,2884.0,1.45,36.45,15.0,7.03,36.01,28.990000000000002,0.0,241.0,1200.0
40382.331,0.0,140.0,91.7,22.62,15.94,169.5,33.2,151.6,28.92,33.160000000000004,33.75,92.0,15.55,57.6,100.0,242.5,2885.0,1.46,36.7,15.030000000000001,7.0200000000000005,35.97,29.01,0.0,238.5,1200.0
40442.331,0.0,140.0,90.7,22.650000000000002,15.98,172.0,33.45,153.20000000000002,28.79,33.2,33.800000000000004,93.0,15.700000000000001,57.6,100.0,241.5,2886.0,1.22,36.6,15.0,6.98,36.050000000000004,28.990000000000002,3.0,235.5,1200.0
40502.331,0.0,140.0,91.2,22.61,16.02,171.5,33.35,152.6,28.92,33.24,33.65,93.0,15.75,57.800000000000004,100.0,241.5,2888.0,1.5,36.550000000000004,15.0,7.0200000000000005,35.980000000000004,29.080000000000002,0.0,236.0,1200.0
40562.331,0.0,140.0,91.5,22.73,16.04,171.0,33.2,150.8,28.87,33.14,33.7,92.0,15.8,57.7,99.9,241.0,2882.0,1.3,36.550000000000004,15.08,6.98,36.03,29.04,0.0,238.5,1200.0
40622.331,0.0,140.0,91.10000000000001,22.69,15.99,171.5,33.25,151.70000000000002,28.88,33.21,33.6,93.0,15.75,57.0,100.0,240.0,2886.0,1.34,36.7,14.99,7.01,36.06,28.87,3.0,240.5,1200.0
40682.331,0.0,140.0,91.4,22.75,15.99,174.0,33.35,150.3,28.830000000000002,33.2,33.75,92.5,15.700000000000001,57.2,99.9,238.5,2889.0,1.35,36.5,14.97,7.01,36.050000000000004,28.94,0.0,242.0,1200.0
40742.331,0.0,140.0,91.5,22.8,15.92,171.0,33.45,150.9,28.88,33.24,33.7,92.0,15.75,57.800000000000004,100.0,239.5,2885.0,1.34,36.6,15.01,6.96,36.03,29.05,1.0,233.5,1200.0
40802.33,0.0,140.0,92.30000000000001,22.69,16.01,172.5,33.300000000000004,152.20000000000002,28.91,33.15,33.6,93.5,15.700000000000001,58.2,100.0,236.5,2887.0,1.31,36.550000000000004,14.98,6.99,36.01,28.990000000000002,1.0,240.0,1200.0
40862.33,0.0,140.0,91.0,22.71,16.03,172.5,33.300000000000004,151.8,28.84,33.2,33.85,91.5,15.8,57.5,99.2,237.0,2890.0,1.37,36.6,14.98,7.0,36.08,29.01,1.0,240.0,1200.0
40922.33,0.0,140.0,92.4,22.650000000000002,15.96,170.5,33.4,151.8,28.76,33.11,33.7,90.5,15.850000000000001,57.900000000000006,100.0,242.0,2889.0,1.46,36.65,15.08,6.98,36.03,28.97,0.0,237.0,1200.0
40982.33,0.0,140.0,88.60000000000001,22.63,16.04,170.0,33.4,151.5,28.87,33.29,33.7,90.5,15.8,57.7,100.0,240.0,2890.0,1.45,36.65,15.07,6.99,35.96,28.98,2.0,236.5,1200.0
41042.33,0.0,140.0,89.80000000000001,22.72,15.99,169.5,33.300000000000004,150.6,28.86,33.26,33.65,91.0,15.8,58.1,100.0,246.0,2889.0,1.46,36.7,14.97,7.0,36.04,28.97,0.0,243.0,1200.0
41102.33,0.0,140.0,91.4,22.69,15.96,172.0,33.4,151.70000000000002,28.810000000000002,33.2,33.6,90.0,15.75,57.300000000000004,100.0,238.5,2885.0,1.48,36.550000000000004,14.97,7.04,36.01,29.05,3.0,239.5,1200.0
41162.33,0.0,140.0,90.60000000000001,22.64,15.91,171.5,33.2,150.1,28.88,33.2,33.65,93.5,15.75,57.400000000000006,100.0,243.5,2886.0,1.31,36.7,14.98,7.07,36.03,29.03,2.0,241.5,1200.0
41222.33,0.0,140.0,91.7,22.67,15.98,171.5,33.4,151.9,28.830000000000002,33.18,33.800000000000004,93.5,15.700000000000001,57.6,99.9,238.5,2884.0,1.19,36.65,14.97,6.96,35.93,28.94,0.0,237.5,1200.0
41282.329,0.0,140.0,91.30000000000001,22.62,16.01,170.5,33.300000000000004,151.4,28.86,33.160000000000004,33.65,92.5,15.65,57.900000000000006,100.0,237.0,2888.0,1.55,36.7,14.96,6.96,36.050000000000004,29.09,0.0,238.0,1200.0
41342.329,0.0,140.0,91.7,22.66,15.96,169.5,33.35,151.20000000000002,28.78,33.21,33.6,92.0,15.700000000000001,57.6,100.0,240.0,2886.0,1.41,36.550000000000004,14.94,7.01,36.02,29.04,0.0,235.0,1200.0
41402.329,0.0,140.0,89.9,22.6,16.02,171.5,33.300000000000004,149.8,28.94,33.14,33.65,91.5,15.55,57.400000000000006,99.80000000000001,233.5,2883.0,1.34,36.7,15.01,6.99,36.06,28.95,1.0,236.0,1200.0
41462.329,0.0,140.0,90.5,22.64,15.950000000000001,172.0,33.300000000000004,150.3,28.85,33.160000000000004,33.65,94.5,15.700000000000001,57.300000000000004,99.7,237.0,2886.0,1.43,36.550000000000004,14.96,6.890000000000001,36.0,28.96,1.0,236.0,1200.0
41522.329,0.0,140.0,92.2,22.66,15.99,170.0,33.300000000000004,151.3,28.79,33.17,33.65,94.5,15.850000000000001,57.1,100.0,233.5,2885.0,1.46,36.5,15.02,7.0600000000000005,35.96,29.0,2.0,238.5,1200.0
41582.329,0.0,140.0,90.30000000000001,22.68,15.96,172.0,33.25,152.70000000000002,28.78,33.22,33.75,93.0,15.75,57.400000000000006,100.0,237.5,2882.0,1.3,36.7,15.040000000000001,7.07,35.910000000000004,28.95,0.0,243.5,1200.0
41642.329,0.0,140.0,91.2,22.7,16.01,174.0,33.15,151.5,28.82,33.160000000000004,33.7,94.0,15.75,57.300000000000004,100.0,236.5,2884.0,1.32,36.45,14.97,6.98,35.980000000000004,28.94,2.0,238.0,1200.0
41702.329,0.0,140.0,91.4,22.59,15.99,170.0,33.300000000000004,151.9,28.85,33.11,33.7,91.0,15.600000000000001,57.6,100.0,241.0,2879.0,1.44,36.5,15.02,7.01,35.99,29.0,1.0,235.5,1200.0
41762.328,0.0,140.0,89.60000000000001,22.67,16.01,169.0,33.2,150.1,28.88,33.14,33.75,91.5,15.850000000000001,57.6,99.9,240.0,2883.0,1.3,36.65,14.97,6.97,36.01,29.0,1.0,236.0,1200.0
41822.328,0.0,140.0,91.10000000000001,22.69,15.96,170.0,33.35,150.5,28.84,33.07,33.65,90.5,15.700000000000001,57.6,100.0,237.5,2882.0,1.18,36.6,15.05,7.0,35.95,29.0,4.0,238.0,1200.0
41882.328,0.0,140.0,90.60000000000001,22.75,15.97,172.0,33.25,151.8,28.650000000000002,33.19,33.65,92.5,15.65,57.5,100.0,239.0,2886.0,1.46,36.6,15.0,6.97,36.050000000000004,29.060000000000002,2.0,238.5,1200.0
41942.328,0.0,140.0,92.30000000000001,22.62,15.97,170.5,33.35,150.9,28.82,33.230000000000004,33.800000000000004,92.5,15.65,58.0,100.0,236.0,2886.0,1.4000000000000001,36.45,15.0,6.95,36.09,29.01,1.0,237.5,1200.0
42002.328,0.0,140.0,89.60000000000001,22.66,15.97,172.0,33.35,153.20000000000002,28.84,33.13,33.65,93.0,15.75,58.0,100.0,239.0,2878.0,1.46,36.75,14.950000000000001,7.0,36.07,29.04,0.0,240.5,1200.0
42062.328,0.0,140.0,89.0,22.62,16.0,171.0,33.2,150.1,28.87,33.08,33.6,91.5,15.75,57.6,100.0,236.0,2883.0,1.48,36.6,14.97,7.01,35.99,28.98,1.0,235.0,1200.0
42122.328,0.0,140.0,92.9,22.64,16.04,172.0,33.4,150.5,28.77,33.22,33.7,92.5,15.65,57.7,99.5,237.0,2884.0,1.47,36.6,15.05,6.95,36.08,29.04,0.0,233.0,1200.0
42182.328,0.0,140.0,93.0,22.63,15.92,169.5,33.2,151.9,28.88,33.12,33.800000000000004,92.5,15.850000000000001,57.2,100.0,234.0,2889.0,1.3900000000000001,36.6,14.99,7.05,36.02,28.92,0.0,238.0,1200.0
42242.328,0.0,140.0,90.7,22.64,15.870000000000001,168.0,33.25,151.3,28.900000000000002,33.22,33.75,93.0,15.600000000000001,58.1,99.80000000000001,237.5,2886.0,1.49,36.6,15.030000000000001,7.0,36.02,28.97,1.0,240.5,1200.0
42302.327,0.0,140.0,91.60000000000001,22.63,15.98,171.5,33.300000000000004,151.9,28.85,33.14,33.6,94.5,15.600000000000001,58.1,99.60000000000001,236.5,2884.0,1.57,36.6,14.99,7.0600000000000005,35.89,29.03,0.0,239.5,1200.0
42362.327,0.0,140.0,91.2,22.580000000000002,16.03,171.5,33.2,152.20000000000002,28.85,33.19,33.7,92.5,15.850000000000001,57.400000000000006,99.80000000000001,239.0,2883.0,1.33,36.45,15.05,7.0200000000000005,35.99,28.98,1.0,241.0,1200.0
42422.327,0.0,140.0,89.80000000000001,22.68,15.97,170.5,33.25,152.4,28.79,33.22,33.800000000000004,92.0,15.65,57.5,99.80000000000001,236.0,2885.0,1.32,36.65,15.05,6.96,36.03,29.02,0.0,240.5,1200.0
42482.327,0.0,140.0,91.80000000000001,22.62,15.9,170.0,33.25,149.9,28.88,33.09,33.7,93.5,15.600000000000001,57.5,99.9,237.0,2876.0,1.48,36.65,15.06,7.04,35.93,29.0,5.0,239.0,1200.0
42542.327,0.0,140.0,91.5,22.67,15.98,170.0,33.2,151.6,28.89,33.2,33.7,92.0,15.700000000000001,57.900000000000006,99.80000000000001,234.5,2881.0,1.3900000000000001,36.7,15.05,7.01,35.9,28.98,0.0,236.0,1200.0
42602.327,0.0,140.0,91.80000000000001,22.64,16.0,171.0,33.15,151.5,28.79,33.09,33.7,93.5,15.8,57.5,99.7,235.5,2879.0,1.51,36.550000000000004,14.97,7.01,35.92,29.01,0.0,236.0,1200.0
42662.327,0.0,140.0,90.0,22.67,15.96,170.0,33.35,151.4,28.75,33.19,33.6,93.5,15.75,57.300000000000004,99.80000000000001,236.0,2881.0,1.33,36.65,14.98,7.03,35.94,29.060000000000002,0.0,234.5,1200.0
42722.327,0.0,140.0,92.30000000000001,22.62,16.03,170.5,33.35,151.1,28.85,33.11,33.7,89.5,15.65,57.400000000000006,100.0,233.0,2883.0,1.31,36.6,15.05,6.97,36.01,28.95,4.0,237.0,1200.0
42782.326,0.0,140.0,92.0,22.76,16.03,169.0,33.2,153.4,28.97,33.1,33.7,92.5,15.600000000000001,57.400000000000006,99.7,240.5,2875.0,1.47,36.550000000000004,15.0,7.0600000000000005,35.97,29.09,0.0,233.5,1200.0
42842.326,0.0,140.0,91.4,22.73,15.99,170.5,33.25,150.0,28.8,33.1,33.550000000000004,92.0,15.850000000000001,57.7,99.80000000000001,238.5,2879.0,1.34,36.5,15.02,7.0200000000000005,35.94,28.96,0.0,239.5,1200.0
42902.326,0.0,140.0,91.9,22.64,16.05,169.5,33.35,151.5,28.89,33.1,33.45,91.5,15.75,57.7,99.80000000000001,237.0,2879.0,1.44,36.7,14.98,7.0,36.06,29.01,0.0,231.5,1200.0
42962.326,0.0,140.0,92.5,22.67,16.01,171.0,33.2,152.0,28.75,33.12,33.75,92.5,15.65,58.1,100.0,236.5,2879.0,1.32,36.5,15.040000000000001,6.9,36.06,28.98,1.0,236.0,1200.0
43022.326,0.0,140.0,91.5,22.64,16.080000000000002,170.0,33.45,151.8,28.85,33.160000000000004,33.550000000000004,94.0,15.65,57.7,100.0,237.0,2885.0,1.33,36.550000000000004,15.05,7.0200000000000005,35.96,28.97,0.0,240.0,1200.0
43082.326,0.0,140.0,90.60000000000001,22.7,15.97,170.5,33.300000000000004,152.8,28.8,33.19,33.5,93.0,15.8,57.800000000000004,100.0,235.0,2884.0,1.37,36.6,14.950000000000001,7.07,35.93,28.95,0.0,235.5,1200.0
43142.326,0.0,140.0,90.2,22.68,16.05,172.0,33.300000000000004,151.4,28.75,33.05,33.75,92.5,15.8,57.5,100.0,240.0,2880.0,1.42,36.45,14.91,7.0200000000000005,36.01,28.96,2.0,235.0,1200.0
43202.326,0.0,140.0,91.9,22.73,16.03,170.5,33.2,151.20000000000002,28.82,33.2,33.550000000000004,95.0,15.700000000000001,57.300000000000004,99.5,241.5,2878.0,1.5,36.5,15.0,7.05,36.06,29.03,0.0,237.0,1200.0
43262.326,0.0,140.0,90.10000000000001,22.72,15.96,171.0,33.25,151.3,28.830000000000002,33.1,33.7,91.5,15.8,57.800000000000004,99.9,237.5,2885.0,1.46,36.5,14.98,6.99,35.93,29.01,0.0,235.0,1200.0
43322.325,0.0,140.0,92.10000000000001,22.62,15.950000000000001,170.5,33.300000000000004,151.20000000000002,28.830000000000002,33.160000000000004,33.7,92.5,15.700000000000001,57.6,100.0,239.0,2882.0,1.3,36.550000000000004,14.99,6.99,35.95,29.0,0.0,239.0,1200.0
43382.325,0.0,140.0,90.10000000000001,22.63,16.04,172.0,33.15,151.1,28.78,33.12,33.65,94.0,15.75,57.7,100.0,237.5,2879.0,1.48,36.45,15.08,6.99,35.94,29.150000000000002,1.0,235.0,1200.0
43442.325,0.0,140.0,91.2,22.69,15.950000000000001,170.5,33.1,152.1,28.82,33.0,33.5,90.0,15.8,57.400000000000006,99.7,239.0,2883.0,1.43,36.4,15.05,6.96,35.99,28.900000000000002,0.0,236.5,1200.0
43502.325,0.0,140.0,91.10000000000001,22.650000000000002,16.05,171.5,33.15,150.9,28.810000000000002,33.07,33.75,95.0,15.700000000000001,57.900000000000006,100.0,236.0,2878.0,1.46,36.550000000000004,15.05,6.98,36.02,28.94,0.0,238.0,1200.0
43562.325,0.0,140.0,90.80000000000001,22.66,16.04,171.0,33.0,152.4,28.810000000000002,33.19,33.550000000000004,93.5,15.600000000000001,58.0,99.7,241.0,2877.0,1.32,36.6,15.01,6.96,36.050000000000004,28.95,1.0,238.0,1200.0
43622.325,0.0,140.0,91.60000000000001,22.72,15.98,171.0,33.300000000000004,151.20000000000002,28.8,33.11,33.75,90.5,15.850000000000001,58.1,100.0,236.5,2875.0,1.45,36.6,14.98,7.01,36.0,28.96,0.0,232.5,1200.0
43682.325,0.0,140.0,90.9,22.67,15.91,170.5,33.25,152.1,28.85,33.06,33.6,93.0,15.700000000000001,57.800000000000004,100.0,240.0,2880.0,1.3800000000000001,36.65,14.99,7.0200000000000005,36.04,29.04,0.0,235.5,1200.0
43742.325,0.0,140.0,90.4,22.61,15.99,171.5,33.2,151.4,28.810000000000002,33.04,33.5,92.0,15.700000000000001,57.5,100.0,236.0,2872.0,1.25,36.65,15.01,6.94,36.02,28.97,2.0,236.5,1200.0
43802.324,0.0,140.0,91.5,22.71,16.0,171.0,33.2,152.5,28.76,33.08,33.550000000000004,93.5,15.75,57.900000000000006,99.4,236.0,2876.0,1.3800000000000001,36.5,14.97,6.99,35.980000000000004,29.05,3.0,239.5,1200.0
43862.324,0.0,140.0,89.9,22.67,16.0,172.0,33.050000000000004,152.0,28.76,33.07,33.65,90.0,15.700000000000001,57.6,99.80000000000001,236.0,2877.0,1.31,36.550000000000004,15.0,7.04,36.04,28.93,1.0,236.0,1200.0
43922.324,0.0,140.0,90.2,22.650000000000002,16.07,168.5,33.2,150.70000000000002,28.76,33.02,33.6,94.0,15.700000000000001,58.2,100.0,238.0,2880.0,1.34,36.5,15.08,6.94,35.910000000000004,29.02,1.0,238.0,1200.0
43982.324,0.0,140.0,89.2,22.66,15.96,170.0,33.2,151.20000000000002,28.7,33.01,33.550000000000004,90.5,15.850000000000001,58.1,99.7,234.0,2879.0,1.31,36.550000000000004,14.98,6.93,35.9,28.990000000000002,0.0,238.0,1200.0
44042.324,0.0,140.0,90.10000000000001,22.64,15.96,170.5,33.15,152.3,28.77,33.12,33.65,92.5,15.600000000000001,58.2,100.0,234.5,2883.0,1.59,36.550000000000004,14.98,7.01,36.07,28.96,0.0,240.0,1200.0
44102.324,0.0,140.0,92.0,22.66,16.02,170.5,33.15,150.5,28.8,32.99,33.5,93.5,15.8,58.2,99.7,236.0,2871.0,1.33,36.550000000000004,14.93,6.96,35.95,28.97,0.0,236.0,1200.0
44162.324,0.0,140.0,90.80000000000001,22.64,15.950000000000001,171.0,33.45,151.9,28.75,33.08,33.6,95.0,15.600000000000001,58.1,100.0,237.5,2882.0,1.43,36.5,14.99,6.96,35.97,28.98,0.0,239.5,1200.0
44222.324,0.0,140.0,90.9,22.7,16.0,170.0,33.0,151.8,28.75,33.14,33.7,93.0,15.700000000000001,58.0,100.0,239.0,2881.0,1.55,36.4,14.96,6.99,36.0,29.02,0.0,237.0,1200.0
44282.324,0.0,140.0,90.2,22.64,15.94,170.0,33.050000000000004,150.3,28.77,33.1,33.550000000000004,91.0,15.600000000000001,57.800000000000004,100.0,243.5,2879.0,1.25,36.4,14.98,6.98,36.13,28.990000000000002,1.0,240.0,1200.0
44342.323,0.0,140.0,91.0,22.66,15.93,173.0,33.300000000000004,150.9,28.77,33.08,33.6,92.0,15.75,58.0,100.0,241.0,2880.0,1.33,36.550000000000004,14.97,6.93,35.980000000000004,29.080000000000002,0.0,238.0,1200.0
44402.323,0.0,140.0,92.5,22.69,16.0,172.0,33.15,152.3,28.77,33.14,33.65,90.0,15.9,58.300000000000004,100.0,236.5,2888.0,1.3800000000000001,36.45,14.950000000000001,7.0,36.0,29.0,0.0,237.0,1200.0
44462.323,0.0,140.0,90.60000000000001,22.69,15.9,170.0,33.15,151.6,28.79,33.24,33.65,92.5,15.600000000000001,57.900000000000006,99.7,235.5,2880.0,1.3900000000000001,36.65,15.01,7.04,35.9,29.060000000000002,3.0,238.0,1200.0
44522.323,0.0,140.0,90.7,22.69,16.02,170.5,33.300000000000004,152.5,28.75,33.07,33.7,92.0,15.850000000000001,57.800000000000004,99.9,239.0,2885.0,1.33,36.7,14.98,7.09,35.99,28.98,0.0,240.5,1200.0
44582.323,0.0,140.0,91.5,22.72,16.080000000000002,169.5,33.25,150.3,28.79,33.15,33.6,93.5,15.65,58.1,100.0,238.5,2886.0,1.47,36.550000000000004,15.0,6.96,35.96,28.92,0.0,238.0,1200.0
44642.323,0.0,140.0,90.30000000000001,22.71,16.01,170.5,33.45,150.8,28.82,33.14,33.75,93.0,15.65,58.0,99.9,237.5,2890.0,1.44,36.65,14.99,7.04,36.02,29.03,0.0,237.5,1200.0
44702.323,0.0,140.0,90.60000000000001,22.61,15.96,168.5,33.300000000000004,153.20000000000002,28.76,33.17,33.6,95.5,15.8,57.900000000000006,100.0,237.5,2884.0,1.3900000000000001,36.5,14.93,6.95,36.01,28.95,0.0,235.0,1200.0
44762.323,0.0,140.0,89.60000000000001,22.72,16.07,171.5,33.300000000000004,152.9,28.91,33.07,33.800000000000004,92.5,15.8,58.2,100.0,241.0,2888.0,1.3800000000000001,36.5,15.02,7.07,35.9,29.080000000000002,2.0,237.5,1200.0
44822.323,0.0,140.0,91.30000000000001,22.69,15.98,172.0,33.300000000000004,151.5,28.79,33.12,33.800000000000004,90.5,15.850000000000001,57.800000000000004,100.0,244.5,2887.0,1.45,36.550000000000004,15.01,7.0,36.03,28.93,1.0,239.0,1200.0
44882.322,0.0,140.0,91.80000000000001,22.64,15.94,171.0,33.25,150.1,28.8,33.15,33.9,92.5,15.75,58.0,100.0,240.0,2890.0,1.46,36.6,14.97,6.97,35.96,29.03,0.0,237.0,1200.0
44942.322,0.0,140.0,89.5,22.7,16.04,170.5,33.35,149.6,28.82,33.15,33.75,93.5,15.65,58.0,99.9,238.0,2888.0,1.51,36.65,15.01,7.04,35.97,28.97,0.0,238.5,1200.0
45002.322,0.0,140.0,91.30000000000001,22.72,15.97,172.0,33.25,150.0,28.84,33.160000000000004,33.75,92.0,15.75,58.300000000000004,99.80000000000001,239.0,2889.0,1.41,36.550000000000004,15.0,7.0200000000000005,36.01,29.0,0.0,240.0,1200.0
45062.322,0.0,140.0,91.30000000000001,22.64,15.99,172.0,33.4,152.4,28.84,33.18,33.65,92.5,15.75,57.7,100.0,242.0,2894.0,1.35,36.7,14.97,6.98,36.03,29.080000000000002,0.0,238.0,1200.0
45122.322,0.0,140.0,90.80000000000001,22.7,15.94,172.0,33.35,150.8,28.89,33.2,33.65,92.5,15.55,57.900000000000006,100.0,236.0,2886.0,1.3800000000000001,36.65,14.98,6.99,36.0,28.98,0.0,237.5,1200.0
45182.322,0.0,140.0,91.7,22.71,15.96,170.5,33.35,151.20000000000002,28.82,33.21,33.800000000000004,92.5,15.700000000000001,57.800000000000004,100.0,246.5,2893.0,1.3900000000000001,36.6,14.950000000000001,7.04,35.99,28.84,0.0,240.5,1200.0
45242.322,0.0,140.0,89.60000000000001,22.75,15.950000000000001,170.5,33.5,150.3,28.900000000000002,33.160000000000004,33.75,92.5,15.55,58.0,100.0,238.5,2888.0,1.32,36.75,15.040000000000001,6.93,35.99,29.01,0.0,236.5,1200.0
45302.322,0.0,140.0,91.60000000000001,22.72,15.96,171.5,33.2,151.0,28.85,33.14,33.75,95.0,15.55,58.1,100.0,237.5,2882.0,1.35,36.6,14.99,7.0,36.06,28.97,0.0,237.5,1200.0
45362.322,0.0,140.0,90.30000000000001,22.7,15.94,172.0,33.2,150.1,28.79,33.18,33.85,92.5,15.8,58.6,99.60000000000001,239.5,2886.0,1.54,36.65,15.02,6.98,35.980000000000004,29.060000000000002,2.0,239.5,1200.0
45422.321,0.0,140.0,88.9,22.7,16.05,169.5,33.45,151.8,28.79,33.15,33.7,94.0,15.700000000000001,57.5,100.0,239.5,2886.0,1.4000000000000001,36.65,14.98,6.99,36.03,29.04,0.0,236.5,1200.0
45482.321,0.0,140.0,92.10000000000001,22.69,16.04,171.0,33.300000000000004,151.20000000000002,28.78,33.1,33.7,92.5,15.8,57.6,99.9,239.0,2886.0,1.3800000000000001,36.65,15.030000000000001,7.07,36.0,28.92,1.0,243.0,1200.0
45542.321,0.0,140.0,91.9,22.66,16.09,170.0,33.300000000000004,152.1,28.830000000000002,33.09,33.7,93.0,15.700000000000001,57.800000000000004,100.0,238.0,2886.0,1.4000000000000001,36.6,14.99,6.92,36.0,29.02,0.0,238.5,1200.0
45602.321,0.0,140.0,91.5,22.68,16.03,171.5,33.300000000000004,151.6,28.8,33.2,33.6,92.0,15.8,57.7,100.0,236.5,2890.0,1.4000000000000001,36.6,15.0,7.0,35.94,29.03,0.0,239.0,1200.0
45662.321,0.0,140.0,91.80000000000001,22.73,16.01,170.5,33.1,150.70000000000002,28.73,33.05,33.6,93.0,15.700000000000001,57.800000000000004,99.80000000000001,239.0,2890.0,1.44,36.7,14.92,7.03,36.07,29.05,0.0,237.0,1200.0
45722.321,0.0,140.0,92.9,22.72,16.01,171.0,33.25,152.6,28.68,33.160000000000004,33.75,93.5,15.5,57.300000000000004,99.9,240.5,2887.0,1.3,36.550000000000004,15.1,7.0,36.01,29.060000000000002,0.0,238.5,1200.0
45782.321,0.0,140.0,89.7,22.69,15.96,169.5,33.2,151.0,28.82,33.15,33.65,93.0,15.75,58.0,99.9,234.5,2886.0,1.31,36.800000000000004,15.02,7.0,35.96,29.0,2.0,240.5,1200.0
45842.321,0.0,140.0,92.10000000000001,22.72,15.94,170.5,33.300000000000004,151.8,28.82,33.07,33.800000000000004,94.0,15.8,57.800000000000004,100.0,239.0,2885.0,1.29,36.65,14.97,6.98,35.980000000000004,28.98,1.0,239.0,1200.0
45902.321,0.0,140.0,91.2,22.73,16.05,171.5,33.25,151.4,28.82,33.11,33.800000000000004,91.5,15.700000000000001,58.0,100.0,236.5,2886.0,1.47,36.550000000000004,15.0,7.05,36.04,28.98,0.0,240.0,1200.0
45962.32,0.0,140.0,92.2,22.64,15.96,171.0,33.45,150.0,28.8,33.14,33.65,92.0,15.850000000000001,57.5,100.0,242.0,2884.0,1.3,36.6,14.98,6.98,35.92,28.93,0.0,241.0,1200.0
46022.32,0.0,140.0,90.30000000000001,22.650000000000002,16.02,171.0,33.25,151.3,28.810000000000002,33.06,33.6,94.5,15.55,57.900000000000006,100.0,236.0,2887.0,1.57,36.7,15.01,6.98,36.0,28.91,0.0,237.0,1200.0
46082.32,0.0,140.0,90.80000000000001,22.66,15.91,170.5,33.300000000000004,150.1,28.89,33.17,33.6,92.0,15.75,58.400000000000006,100.0,241.0,2887.0,1.32,36.550000000000004,14.98,7.0200000000000005,36.08,28.96,2.0,239.5,1200.0
46142.32,0.0,140.0,91.0,22.62,15.98,171.5,33.35,152.3,28.79,33.21,33.7,93.0,15.700000000000001,57.900000000000006,99.9,236.5,2889.0,1.46,36.6,15.06,7.01,36.03,28.94,2.0,238.0,1200.0
46202.32,0.0,140.0,90.0,22.66,15.97,170.5,33.300000000000004,150.5,28.78,33.160000000000004,33.65,92.0,15.75,57.800000000000004,100.0,237.0,2884.0,1.3,36.6,15.040000000000001,7.01,35.93,28.990000000000002,0.0,239.0,1200.0
46262.32,0.0,140.0,92.10000000000001,22.740000000000002,16.04,171.0,33.300000000000004,152.20000000000002,28.77,33.07,33.65,92.5,15.700000000000001,57.6,100.0,242.5,2883.0,1.44,36.65,15.06,7.03,35.94,29.080000000000002,0.0,235.5,1200.0
46322.32,0.0,140.0,92.4,22.740000000000002,16.01,171.0,33.300000000000004,152.5,28.75,33.14,33.65,95.5,15.850000000000001,57.400000000000006,100.0,238.5,2880.0,1.32,36.5,14.96,7.0200000000000005,35.92,29.03,0.0,235.5,1200.0
46382.32,0.0,140.0,90.7,22.73,16.05,168.5,33.25,152.1,28.85,33.2,33.7,94.0,15.75,58.0,100.0,242.0,2883.0,1.59,36.5,14.98,7.05,36.04,29.04,0.0,233.5,1200.0
46442.32,0.0,140.0,90.4,22.63,16.0,170.0,33.1,151.9,28.69,33.14,33.7,92.5,15.75,58.2,100.0,237.5,2879.0,1.34,36.45,14.98,7.03,36.02,28.95,0.0,240.5,1200.0
46502.32,0.0,140.0,90.7,22.650000000000002,16.03,168.5,33.2,151.0,28.84,33.12,33.6,91.0,15.600000000000001,58.2,100.0,239.5,2884.0,1.36,36.550000000000004,15.0,6.99,35.980000000000004,29.03,0.0,240.5,1200.0
46562.319,0.0,140.0,89.7,22.64,16.0,171.5,33.2,151.3,28.810000000000002,33.160000000000004,33.7,93.5,15.8,58.5,100.0,242.0,2882.0,1.44,36.6,14.94,7.05,36.02,28.96,0.0,240.0,1200.0
46622.319,0.0,140.0,91.10000000000001,22.68,15.97,169.5,33.300000000000004,152.1,28.73,33.09,33.5,92.0,15.700000000000001,58.2,99.9,242.0,2882.0,1.51,36.35,15.030000000000001,6.95,36.06,29.11,0.0,237.0,1200.0
46682.319,0.0,140.0,91.80000000000001,22.7,16.0,171.0,33.2,150.6,28.69,33.03,33.5,92.0,15.8,58.2,100.0,236.0,2879.0,1.4000000000000001,36.5,14.98,7.04,36.03,29.060000000000002,0.0,238.5,1200.0
46742.319,0.0,140.0,91.4,22.79,16.04,170.5,33.15,151.5,28.64,33.15,33.65,93.5,15.700000000000001,58.6,99.60000000000001,237.5,2886.0,1.59,36.5,14.97,7.0200000000000005,36.0,29.02,1.0,237.5,1200.0
46802.319,0.0,140.0,91.5,22.73,16.05,171.0,33.2,151.0,28.76,33.08,33.6,92.0,15.8,58.1,99.80000000000001,237.0,2882.0,1.26,36.5,14.98,6.98,36.160000000000004,28.93,1.0,241.5,1200.0
46862.319,0.0,140.0,91.60000000000001,22.69,15.98,168.5,33.1,151.3,28.63,33.02,33.65,92.5,15.65,58.400000000000006,100.0,244.0,2883.0,1.3,36.550000000000004,15.1,7.0200000000000005,36.1,28.91,2.0,238.0,1200.0
46922.319,0.0,140.0,90.10000000000001,22.75,15.94,169.5,33.300000000000004,150.3,28.7,33.02,33.6,90.0,15.65,58.6,100.0,242.5,2879.0,1.4000000000000001,36.65,14.98,7.0600000000000005,35.99,28.900000000000002,3.0,236.0,1200.0
46982.319,0.0,140.0,92.5,22.71,16.05,170.5,33.15,152.1,28.79,33.08,33.5,91.0,15.8,58.6,100.0,237.0,2880.0,1.56,36.6,14.97,6.97,36.02,29.0,0.0,241.0,1200.0
47042.319,0.0,140.0,91.60000000000001,22.7,16.03,168.5,33.300000000000004,152.6,28.62,33.06,33.550000000000004,92.5,15.600000000000001,58.400000000000006,99.7,235.5,2881.0,1.36,36.5,15.0,7.05,36.03,29.0,0.0,238.0,1200.0
47102.318,0.0,140.0,91.2,22.77,15.9,169.0,32.95,151.5,28.7,33.05,33.65,92.5,15.65,58.400000000000006,100.0,239.5,2877.0,1.4000000000000001,36.550000000000004,15.0,7.07,35.980000000000004,29.02,0.0,233.0,1200.0
47162.318,0.0,140.0,90.60000000000001,22.650000000000002,16.01,171.5,33.050000000000004,151.5,28.7,33.03,33.65,94.0,15.55,58.900000000000006,99.80000000000001,233.5,2881.0,1.46,36.550000000000004,15.02,6.92,35.980000000000004,29.04,0.0,239.0,1200.0
47222.318,0.0,140.0,91.4,22.67,16.03,170.5,33.300000000000004,150.8,28.69,32.99,33.45,91.0,15.700000000000001,58.900000000000006,100.0,240.5,2878.0,1.29,36.45,15.05,6.95,36.03,28.990000000000002,0.0,241.5,1200.0
47282.318,0.0,140.0,90.2,22.77,16.02,171.0,33.25,151.3,28.63,32.99,33.5,93.0,15.75,58.6,100.0,237.0,2873.0,1.41,36.550000000000004,15.030000000000001,7.01,36.01,28.98,0.0,239.5,1200.0
47342.318,0.0,140.0,92.4,22.71,16.0,169.5,33.1,151.5,28.6,32.96,33.550000000000004,92.0,15.700000000000001,58.2,100.0,238.0,2875.0,1.42,36.6,14.99,7.0,35.99,29.0,1.0,238.0,1200.0
47402.318,0.0,140.0,91.60000000000001,22.75,15.93,169.0,33.1,152.5,28.64,32.99,33.550000000000004,93.0,15.850000000000001,58.6,100.0,235.0,2875.0,1.49,36.6,15.05,6.95,35.95,28.97,0.0,237.5,1200.0
47462.318,0.0,140.0,91.30000000000001,22.72,16.01,171.5,33.15,150.1,28.650000000000002,32.980000000000004,33.5,91.5,15.700000000000001,58.400000000000006,100.0,231.5,2880.0,1.36,36.5,14.97,6.95,35.97,28.98,1.0,239.5,1200.0
47522.318,0.0,140.0,91.4,22.6,16.02,169.5,33.050000000000004,151.1,28.66,32.980000000000004,33.65,93.5,15.700000000000001,58.400000000000006,99.7,236.5,2875.0,1.34,36.5,14.99,6.91,36.04,28.93,0.0,239.5,1200.0
47582.318,0.0,140.0,91.2,22.73,16.01,166.5,33.15,152.70000000000002,28.69,33.05,33.550000000000004,94.0,15.65,58.2,100.0,235.5,2875.0,1.54,36.550000000000004,14.96,6.94,36.02,29.04,0.0,233.5,1200.0
47642.318,0.0,140.0,90.5,22.64,16.04,171.0,33.15,152.4,28.7,33.02,33.550000000000004,91.0,15.65,58.1,100.0,237.0,2875.0,1.56,36.35,15.08,7.0,35.86,29.01,0.0,237.5,1200.0
47702.317,0.0,140.0,90.9,22.67,16.01,173.0,33.1,152.1,28.71,33.0,33.6,92.5,15.700000000000001,58.1,99.60000000000001,232.5,2877.0,1.41,36.45,14.92,6.99,35.910000000000004,29.04,1.0,232.0,1200.0
47762.317,0.0,140.0,90.30000000000001,22.62,15.92,170.0,33.050000000000004,150.9,28.62,32.94,33.6,92.0,15.700000000000001,57.800000000000004,100.0,236.5,2879.0,1.32,36.5,15.05,6.96,35.95,29.03,0.0,237.0,1200.0
47822.317,0.0,140.0,91.30000000000001,22.62,16.03,170.5,33.2,152.3,28.57,33.05,33.45,93.5,15.700000000000001,57.900000000000006,99.80000000000001,237.5,2875.0,1.44,36.5,15.06,6.94,36.02,29.07,0.0,234.5,1200.0
47882.317,0.0,140.0,91.5,22.68,16.03,170.0,33.2,149.6,28.71,33.0,33.550000000000004,92.5,15.850000000000001,58.2,99.9,239.5,2877.0,1.31,36.550000000000004,15.08,6.98,35.95,29.04,1.0,240.5,1200.0
47942.317,0.0,140.0,91.60000000000001,22.650000000000002,15.97,169.0,33.2,151.8,28.62,33.05,33.45,91.5,15.700000000000001,58.400000000000006,100.0,237.5,2878.0,1.3800000000000001,36.45,15.07,6.93,35.980000000000004,28.96,0.0,236.0,1200.0
48002.317,0.0,140.0,90.7,22.62,16.02,170.5,33.15,151.9,28.69,32.99,33.65,91.5,15.75,58.6,100.0,232.5,2877.0,1.58,36.5,15.01,6.98,36.02,28.89,1.0,233.5,1200.0
48062.317,0.0,140.0,91.4,22.64,15.9,168.5,33.2,151.5,28.67,33.05,33.45,92.0,15.950000000000001,57.7,99.80000000000001,236.0,2878.0,1.3900000000000001,36.45,14.98,6.99,36.07,28.95,0.0,238.5,1200.0
48122.317,0.0,140.0,90.0,22.7,16.0,169.0,33.15,151.8,28.75,33.01,33.45,92.5,15.65,58.2,99.7,239.0,2875.0,1.44,36.4,15.040000000000001,7.0,36.07,29.05,0.0,244.0,1200.0
48182.317,0.0,140.0,91.9,22.76,16.05,171.0,33.300000000000004,151.6,28.61,33.09,33.4,94.0,15.75,58.1,99.9,236.5,2875.0,1.5,36.550000000000004,14.97,6.99,36.01,28.96,0.0,238.5,1200.0
48242.316,0.0,140.0,91.0,22.64,15.99,169.5,33.050000000000004,151.6,28.68,33.08,33.6,91.5,15.600000000000001,57.6,100.0,240.0,2877.0,1.32,36.5,14.91,7.05,35.94,28.97,0.0,233.0,1200.0
48302.316,0.0,140.0,91.2,22.580000000000002,16.0,170.0,33.0,152.0,28.73,33.06,33.4,92.0,15.75,57.6,99.80000000000001,235.0,2875.0,1.43,36.45,15.030000000000001,7.0200000000000005,36.0,29.01,2.0,232.0,1200.0
48362.316,0.0,140.0,91.30000000000001,22.63,16.03,170.5,33.050000000000004,151.70000000000002,28.69,33.04,33.6,92.5,15.75,58.0,100.0,236.5,2873.0,1.51,36.300000000000004,15.0,7.03,36.04,28.98,0.0,241.0,1200.0
48422.316,0.0,140.0,90.80000000000001,22.71,16.01,170.0,33.2,151.8,28.650000000000002,32.99,33.550000000000004,92.0,15.75,58.2,100.0,237.0,2871.0,1.48,36.45,15.0,6.94,36.07,29.02,0.0,232.5,1200.0
48482.316,0.0,140.0,91.5,22.68,15.96,171.0,33.25,151.9,28.650000000000002,32.910000000000004,33.5,92.5,15.8,57.6,100.0,239.0,2873.0,1.3800000000000001,36.300000000000004,14.92,6.94,35.97,28.98,0.0,232.5,1200.0
48542.316,0.0,140.0,90.80000000000001,22.66,16.04,170.0,33.050000000000004,152.9,28.68,32.95,33.6,92.0,15.65,57.5,100.0,233.0,2875.0,1.31,36.5,15.01,7.01,36.04,28.93,0.0,235.0,1200.0
48602.316,0.0,140.0,91.5,22.63,15.98,169.5,33.050000000000004,151.70000000000002,28.72,32.95,33.6,94.0,15.8,58.0,99.60000000000001,234.0,2875.0,1.55,36.45,15.01,6.99,36.0,29.07,1.0,235.5,1200.0
48662.316,0.0,140.0,91.4,22.71,16.02,169.0,33.050000000000004,150.9,28.77,32.97,33.45,94.5,15.600000000000001,57.2,100.0,235.5,2870.0,1.36,36.35,15.06,6.98,35.96,28.89,0.0,238.5,1200.0
48722.316,0.0,140.0,89.30000000000001,22.68,15.97,169.5,33.1,150.5,28.64,32.96,33.65,91.5,15.65,57.900000000000006,99.60000000000001,237.0,2875.0,1.31,36.25,14.97,6.95,36.01,28.94,0.0,234.5,1200.0
48782.316,0.0,140.0,89.9,22.64,15.99,169.0,33.1,153.0,28.77,33.01,33.6,94.0,15.75,57.7,100.0,236.5,2871.0,1.31,36.45,15.11,6.98,35.89,29.03,0.0,237.0,1200.0
48842.315,0.0,140.0,91.5,22.63,15.99,169.5,33.35,152.4,28.69,33.02,33.6,93.0,15.65,57.5,100.0,234.5,2872.0,1.36,36.35,15.0,6.99,35.89,29.11,0.0,235.5,1200.0
48902.315,0.0,140.0,90.2,22.650000000000002,16.01,169.5,33.2,151.3,28.64,33.05,33.6,95.0,15.75,58.1,99.7,237.0,2879.0,1.35,36.45,15.02,6.98,36.06,29.04,2.0,234.5,1200.0
48962.315,0.0,140.0,90.10000000000001,22.71,15.96,170.5,33.25,151.20000000000002,28.88,33.05,33.7,89.5,15.75,58.0,99.7,235.0,2872.0,1.55,36.45,14.99,7.0600000000000005,36.03,29.01,0.0,235.0,1200.0
49022.315,0.0,140.0,92.10000000000001,22.69,15.950000000000001,172.5,33.2,151.0,28.78,33.1,33.65,92.5,15.65,57.900000000000006,100.0,241.0,2881.0,1.17,36.35,15.02,6.99,36.02,28.84,1.0,237.5,1200.0
49082.315,0.0,140.0,92.2,22.63,15.96,172.5,33.1,151.9,28.77,33.12,33.65,92.0,15.75,57.900000000000006,99.9,241.0,2884.0,1.3900000000000001,36.5,14.99,6.98,35.92,28.95,1.0,237.5,1200.0
49142.315,0.0,140.0,90.60000000000001,22.68,16.02,172.5,33.15,152.6,28.75,33.160000000000004,33.6,92.5,15.700000000000001,57.800000000000004,100.0,237.0,2883.0,1.27,36.4,14.97,7.04,35.95,28.97,2.0,236.5,1200.0
49202.315,0.0,140.0,91.10000000000001,22.68,16.02,172.0,33.300000000000004,153.0,28.91,33.1,33.85,91.5,15.850000000000001,57.800000000000004,99.30000000000001,240.0,2884.0,1.46,36.5,14.98,7.0200000000000005,36.01,29.01,0.0,242.5,1200.0
49262.315,0.0,140.0,91.4,22.67,16.1,170.5,33.35,152.20000000000002,28.77,33.13,33.550000000000004,94.5,15.8,58.5,100.0,236.5,2887.0,1.36,36.45,15.040000000000001,6.97,35.99,29.03,1.0,236.5,1200.0
49322.315,0.0,140.0,92.0,22.69,15.93,170.0,33.300000000000004,153.1,28.87,33.13,33.800000000000004,92.5,15.700000000000001,58.0,100.0,241.5,2887.0,1.53,36.65,14.99,6.96,35.99,29.07,1.0,237.5,1200.0
49382.315,0.0,140.0,90.9,22.7,15.99,170.0,33.4,150.6,28.82,33.1,33.7,92.5,15.8,57.900000000000006,99.9,239.5,2885.0,1.53,36.5,15.01,7.03,36.09,29.03,1.0,241.5,1200.0
49442.314,0.0,140.0,91.7,22.72,16.0,170.5,33.25,150.5,28.87,33.160000000000004,33.7,93.0,15.75,57.1,100.0,236.0,2886.0,1.34,36.65,15.0,7.0,35.99,28.96,2.0,242.0,1200.0
49502.314,0.0,140.0,89.60000000000001,22.62,16.03,170.0,33.15,150.1,28.87,33.08,33.65,93.0,15.65,58.0,100.0,242.0,2882.0,1.37,36.550000000000004,15.05,6.95,35.95,28.93,1.0,234.5,1200.0
49562.314,0.0,140.0,90.5,22.62,15.98,170.5,33.35,152.4,28.82,33.1,33.75,93.0,15.700000000000001,57.900000000000006,99.80000000000001,237.5,2887.0,1.32,36.45,14.98,7.01,35.93,29.060000000000002,0.0,240.0,1200.0
49622.314,0.0,140.0,91.60000000000001,22.650000000000002,15.93,171.0,33.25,152.8,28.830000000000002,33.2,33.65,91.5,15.8,57.5,99.80000000000001,239.0,2886.0,1.4000000000000001,36.550000000000004,15.02,7.0,35.93,29.03,3.0,236.5,1200.0
49682.314,0.0,140.0,91.2,22.71,16.0,170.5,33.2,151.8,28.89,33.160000000000004,33.65,92.5,15.950000000000001,57.7,100.0,235.5,2888.0,1.24,36.6,15.0,7.0,36.050000000000004,29.03,2.0,242.5,1200.0
49742.314,0.0,140.0,90.7,22.69,15.94,170.5,33.2,151.5,28.84,33.230000000000004,33.5,91.0,15.8,57.400000000000006,100.0,233.5,2882.0,1.3,36.5,14.96,6.95,35.88,28.95,0.0,239.0,1200.0
49802.314,0.0,140.0,90.9,22.64,15.97,170.5,33.25,151.9,28.73,33.08,33.800000000000004,92.0,15.700000000000001,57.6,100.0,240.0,2881.0,1.36,36.550000000000004,15.030000000000001,7.0200000000000005,36.0,29.0,0.0,239.0,1200.0
49862.314,0.0,140.0,91.9,22.69,16.03,169.0,33.15,151.5,28.830000000000002,33.06,33.75,93.0,15.8,57.7,100.0,242.5,2880.0,1.41,36.550000000000004,15.0,6.93,35.93,29.04,1.0,238.0,1200.0
49922.314,0.0,140.0,90.9,22.59,16.05,170.5,33.25,153.1,28.73,33.15,33.65,91.5,15.75,56.900000000000006,99.5,238.5,2880.0,1.37,36.6,14.93,7.0,35.99,28.94,1.0,239.0,1200.0
49982.314,0.0,140.0,89.80000000000001,22.67,16.0,169.5,33.25,152.3,28.830000000000002,33.1,33.7,93.5,15.75,57.5,100.0,236.5,2885.0,1.43,36.6,15.06,6.96,36.04,28.98,0.0,237.0,1200.0
50042.313,0.0,140.0,90.5,22.67,16.01,172.0,33.15,151.0,28.810000000000002,33.12,33.6,91.0,15.65,58.0,100.0,240.5,2881.0,1.17,36.6,14.97,6.99,35.96,29.05,0.0,242.5,1200.0
50102.313,0.0,140.0,90.4,22.64,16.03,172.5,33.15,151.6,28.76,33.1,33.7,94.0,15.700000000000001,57.800000000000004,100.0,236.0,2877.0,1.33,36.550000000000004,15.0,7.03,36.07,28.97,3.0,235.5,1200.0
50162.313,0.0,140.0,90.5,22.61,16.03,174.5,33.2,149.5,28.76,33.08,33.65,95.0,15.850000000000001,57.7,99.9,236.0,2879.0,1.35,36.65,14.93,7.05,35.97,28.94,0.0,239.5,1200.0
50222.313,0.0,140.0,90.2,22.67,16.04,170.5,33.15,151.1,28.77,33.14,33.65,91.0,15.700000000000001,57.5,100.0,235.0,2878.0,1.29,36.550000000000004,14.99,7.0200000000000005,35.94,28.93,1.0,234.0,1200.0
50282.313,0.0,140.0,91.2,22.61,15.97,168.5,33.2,150.4,28.71,33.1,33.550000000000004,92.5,15.75,57.800000000000004,99.60000000000001,237.0,2882.0,1.36,36.550000000000004,14.97,7.01,36.01,29.04,2.0,241.5,1200.0
50342.313,0.0,140.0,91.60000000000001,22.63,16.01,170.0,33.15,150.6,28.76,33.13,33.6,92.0,15.700000000000001,57.6,100.0,243.5,2883.0,1.3900000000000001,36.550000000000004,15.05,6.96,36.01,29.0,2.0,236.0,1200.0
50402.313,0.0,140.0,91.5,22.69,16.080000000000002,171.0,33.2,151.70000000000002,28.75,33.03,33.75,92.5,15.65,57.800000000000004,100.0,235.5,2875.0,1.42,36.35,15.02,7.05,36.04,28.89,1.0,237.0,1200.0
50462.313,0.0,140.0,91.2,22.73,15.99,170.5,33.25,151.0,28.86,33.14,33.7,94.5,15.75,58.0,99.7,234.0,2879.0,1.24,36.65,15.0,6.98,35.96,28.990000000000002,0.0,235.0,1200.0
50522.313,0.0,140.0,91.0,22.66,16.05,169.5,33.2,151.6,28.7,33.05,33.6,92.5,15.8,57.6,100.0,237.5,2880.0,1.25,36.4,14.97,7.01,36.03,29.04,1.0,234.0,1200.0
50582.313,0.0,140.0,92.0,22.57,16.03,170.5,33.4,151.1,28.78,33.11,33.800000000000004,94.0,15.75,57.6,100.0,234.0,2878.0,1.51,36.6,15.05,7.01,36.12,28.96,0.0,237.0,1200.0
50642.312,0.0,140.0,92.0,22.650000000000002,15.96,169.5,33.25,149.1,28.93,33.12,33.800000000000004,91.5,15.950000000000001,57.7,100.0,241.5,2880.0,1.42,36.45,15.05,6.95,35.96,28.98,0.0,238.0,1200.0
50702.312,0.0,140.0,91.4,22.73,16.03,170.5,33.300000000000004,150.0,28.85,33.08,33.6,94.5,15.8,57.900000000000006,100.0,239.5,2880.0,1.37,36.550000000000004,15.040000000000001,7.04,36.06,29.0,4.0,236.0,1200.0
50762.312,0.0,140.0,91.60000000000001,22.71,15.950000000000001,171.5,33.45,151.5,28.91,33.2,33.550000000000004,92.0,15.75,57.400000000000006,99.5,234.0,2889.0,1.3800000000000001,36.5,14.98,7.03,36.02,28.98,2.0,240.5,1200.0
50822.312,0.0,140.0,91.4,22.69,15.94,172.5,33.15,152.4,28.830000000000002,33.21,33.85,93.5,15.8,57.6,100.0,236.0,2888.0,1.41,36.65,14.98,6.95,35.980000000000004,28.990000000000002,1.0,238.0,1200.0
50882.312,0.0,140.0,91.60000000000001,22.72,16.04,170.0,33.4,150.4,28.900000000000002,33.18,33.550000000000004,93.5,15.65,57.7,100.0,241.5,2892.0,1.45,36.5,15.05,7.0200000000000005,36.02,28.91,0.0,240.5,1200.0
50942.312,0.0,140.0,90.2,22.64,15.94,173.0,33.4,150.8,28.89,33.28,33.75,92.0,15.75,57.5,100.0,242.0,2891.0,1.34,36.65,14.97,7.0,35.89,29.02,0.0,240.5,1200.0
51002.312,0.0,140.0,90.7,22.71,15.99,169.0,33.35,151.8,28.91,33.18,33.9,92.0,15.700000000000001,57.900000000000006,99.5,240.0,2892.0,1.31,36.6,14.94,6.96,36.08,29.04,1.0,240.5,1200.0
51062.312,0.0,140.0,90.60000000000001,22.650000000000002,16.05,171.0,33.25,153.4,28.95,33.29,33.75,93.0,15.75,57.400000000000006,99.7,243.5,2896.0,1.28,36.7,15.0,6.98,36.0,28.93,3.0,240.5,1200.0
51122.312,0.0,140.0,90.7,22.73,15.99,173.0,33.300000000000004,152.70000000000002,28.990000000000002,33.28,33.85,94.0,15.8,57.400000000000006,99.9,238.5,2898.0,1.48,36.550000000000004,14.96,7.0200000000000005,35.99,29.05,0.0,243.0,1200.0
51182.312,0.0,140.0,92.10000000000001,22.63,15.96,172.0,33.45,150.6,28.94,33.28,34.0,90.5,15.700000000000001,58.1,100.0,241.0,2889.0,1.31,36.6,15.02,7.0,36.02,29.02,3.0,238.5,1200.0
51242.312,0.0,140.0,91.30000000000001,22.64,16.03,171.5,33.4,150.1,28.86,33.21,33.800000000000004,95.0,15.65,57.300000000000004,100.0,238.0,2888.0,1.32,36.550000000000004,14.96,6.96,35.95,29.0,1.0,239.0,1200.0
51302.311,0.0,140.0,91.2,22.8,15.98,171.0,33.45,151.1,29.05,33.18,33.800000000000004,93.5,15.600000000000001,57.7,99.9,241.0,2894.0,1.46,36.7,14.92,6.99,36.03,29.05,0.0,242.5,1200.0
51362.311,0.0,140.0,91.5,22.73,16.06,172.0,33.4,151.6,28.92,33.32,33.75,91.0,15.700000000000001,57.900000000000006,99.30000000000001,240.0,2897.0,1.28,36.7,15.120000000000001,7.0200000000000005,36.07,28.97,0.0,245.0,1200.0
51422.311,0.0,140.0,89.30000000000001,22.67,16.03,171.0,33.4,151.0,29.04,33.28,33.9,93.0,15.65,57.2,100.0,241.5,2892.0,1.53,36.6,15.02,6.99,35.99,29.01,1.0,236.5,1200.0
51482.311,0.0,140.0,90.30000000000001,22.75,16.02,171.0,33.300000000000004,151.20000000000002,28.93,33.25,33.800000000000004,93.5,15.55,57.800000000000004,99.5,241.5,2902.0,1.48,36.85,15.0,7.07,35.94,29.0,0.0,241.0,1200.0
51542.311,0.0,140.0,90.10000000000001,22.62,16.03,172.0,33.35,151.1,28.900000000000002,33.37,33.800000000000004,92.0,15.700000000000001,57.7,99.9,244.0,2893.0,1.36,36.7,14.950000000000001,7.0200000000000005,36.0,28.96,0.0,242.5,1200.0
51602.311,0.0,140.0,90.10000000000001,22.69,15.99,172.0,33.300000000000004,151.0,28.89,33.31,33.85,91.0,15.600000000000001,57.7,99.7,241.5,2897.0,1.35,36.65,15.0,7.04,35.94,28.94,0.0,239.0,1200.0
51662.311,0.0,140.0,90.10000000000001,22.71,16.05,169.5,33.45,152.1,28.97,33.34,33.95,93.5,15.700000000000001,57.400000000000006,100.0,239.5,2896.0,1.28,36.7,15.040000000000001,7.01,35.95,29.0,1.0,238.5,1200.0
51722.311,0.0,140.0,90.2,22.67,15.94,170.0,33.300000000000004,151.0,28.87,33.33,33.95,91.0,15.75,58.2,100.0,237.0,2896.0,1.19,36.9,14.98,7.03,36.01,28.990000000000002,0.0,238.5,1200.0
51782.311,0.0,140.0,91.30000000000001,22.71,15.93,173.5,33.5,150.5,29.03,33.32,33.800000000000004,91.5,15.9,58.1,99.9,245.5,2898.0,1.43,36.550000000000004,15.05,7.0,35.980000000000004,28.98,0.0,237.0,1200.0
51842.311,0.0,140.0,91.10000000000001,22.66,16.0,172.5,33.4,151.8,28.94,33.27,33.9,91.5,15.65,57.6,99.9,241.5,2903.0,1.5,36.800000000000004,14.92,7.05,35.94,29.04,0.0,242.0,1200.0
51902.311,0.0,140.0,90.80000000000001,22.66,16.03,171.5,33.4,151.6,29.04,33.39,33.95,94.5,15.75,57.800000000000004,99.7,240.0,2897.0,1.48,36.95,15.0,6.93,36.1,29.05,4.0,243.5,1200.0
51962.31,0.0,140.0,89.60000000000001,22.71,15.99,171.5,33.5,152.8,28.97,33.35,33.95,92.5,15.65,57.2,99.7,242.0,2896.0,1.44,36.85,15.030000000000001,7.0,36.03,28.95,1.0,238.0,1200.0
52022.31,0.0,140.0,92.30000000000001,22.72,15.99,172.5,33.550000000000004,150.70000000000002,28.96,33.33,33.85,94.0,15.8,57.300000000000004,100.0,239.5,2898.0,1.4000000000000001,36.75,14.99,7.03,35.97,29.18,1.0,239.0,1200.0
52082.31,0.0,140.0,91.10000000000001,22.69,15.94,171.0,33.5,151.6,29.05,33.4,33.9,92.5,15.700000000000001,57.5,99.80000000000001,242.0,2899.0,1.45,36.9,14.96,6.9,35.88,28.97,0.0,241.0,1200.0
52142.31,0.0,140.0,90.80000000000001,22.650000000000002,16.03,173.0,33.6,150.0,28.91,33.33,33.75,92.5,15.75,57.400000000000006,99.9,244.5,2904.0,1.43,36.9,14.92,7.0600000000000005,35.92,29.05,1.0,241.0,1200.0
52202.31,0.0,140.0,90.4,22.62,16.03,171.5,33.45,152.5,29.02,33.39,33.95,91.5,15.75,57.900000000000006,99.9,240.0,2902.0,1.24,36.7,14.93,7.01,35.97,28.97,3.0,245.5,1200.0
52262.31,0.0,140.0,91.0,22.740000000000002,16.0,173.5,33.550000000000004,150.6,29.02,33.37,33.95,94.5,15.600000000000001,57.6,100.0,240.5,2893.0,1.45,36.7,15.08,6.95,35.94,29.05,1.0,244.0,1200.0
52322.31,0.0,140.0,92.9,22.72,16.02,171.0,33.550000000000004,151.5,29.04,33.39,33.75,92.5,15.65,57.800000000000004,100.0,239.5,2901.0,1.4000000000000001,37.0,14.99,7.04,35.980000000000004,29.03,0.0,242.0,1200.0
52382.31,0.0,140.0,90.60000000000001,22.76,16.0,171.5,33.550000000000004,151.3,28.92,33.33,33.800000000000004,91.0,15.600000000000001,57.5,99.9,242.5,2906.0,1.52,36.75,14.92,6.98,36.14,28.97,0.0,245.0,1200.0
52442.31,0.0,140.0,91.5,22.71,15.99,172.0,33.5,151.4,28.93,33.45,33.85,94.0,15.75,58.0,100.0,244.5,2906.0,1.55,36.85,14.98,7.0,35.97,28.92,1.0,243.0,1200.0
52502.31,0.0,140.0,90.4,22.71,15.98,172.5,33.45,151.6,29.04,33.32,33.95,92.5,15.450000000000001,57.800000000000004,99.60000000000001,246.0,2903.0,1.1500000000000001,36.75,15.05,6.97,35.980000000000004,29.01,0.0,240.0,1200.0
52562.309,0.0,140.0,90.30000000000001,22.73,15.99,172.0,33.5,153.20000000000002,29.03,33.29,33.9,92.0,15.700000000000001,57.900000000000006,99.9,242.5,2898.0,1.3800000000000001,36.95,14.99,7.01,36.09,29.09,0.0,243.5,1200.0
52622.309,0.0,140.0,88.9,22.650000000000002,15.950000000000001,171.0,33.550000000000004,151.20000000000002,29.0,33.42,33.85,91.0,15.75,57.900000000000006,99.60000000000001,240.5,2899.0,1.25,36.9,15.05,6.99,35.99,29.04,0.0,241.0,1200.0
52682.309,0.0,140.0,90.4,22.650000000000002,16.03,170.0,33.45,149.0,28.94,33.31,33.9,92.5,15.65,58.300000000000004,100.0,242.5,2893.0,1.35,36.800000000000004,14.94,6.98,36.0,28.95,1.0,240.5,1200.0
52742.309,0.0,140.0,91.4,22.71,16.04,173.5,33.5,150.20000000000002,29.04,33.34,33.75,96.0,15.65,58.1,100.0,242.5,2905.0,1.43,36.75,14.96,7.05,36.03,28.95,1.0,240.5,1200.0
52802.309,0.0,140.0,91.0,22.69,15.98,172.0,33.300000000000004,152.4,29.01,33.34,33.800000000000004,93.0,15.65,58.0,100.0,242.0,2900.0,1.58,36.800000000000004,14.99,7.01,36.06,28.98,1.0,238.5,1200.0
52862.309,0.0,140.0,89.80000000000001,22.72,16.01,171.5,33.35,153.20000000000002,28.900000000000002,33.34,33.9,92.0,15.850000000000001,57.900000000000006,100.0,241.5,2896.0,1.34,36.75,15.05,7.04,36.03,28.96,1.0,236.0,1200.0
52922.309,0.0,140.0,93.10000000000001,22.740000000000002,16.01,172.0,33.45,151.20000000000002,28.93,33.39,33.9,91.0,15.700000000000001,57.400000000000006,99.7,240.0,2895.0,1.35,36.9,15.040000000000001,6.94,36.01,29.02,1.0,246.5,1200.0
52982.309,0.0,140.0,91.2,22.73,16.02,173.0,33.550000000000004,150.8,28.94,33.38,33.800000000000004,93.0,15.600000000000001,57.2,99.5,244.5,2905.0,1.28,36.7,14.99,6.98,35.980000000000004,29.0,0.0,246.5,1200.0
53042.309,0.0,140.0,90.9,22.68,15.99,172.0,33.45,151.6,29.02,33.29,33.9,92.5,15.75,58.2,100.0,243.5,2901.0,1.46,36.800000000000004,15.05,6.96,36.08,29.0,1.0,238.5,1200.0
53102.309,0.0,140.0,91.10000000000001,22.72,15.9,173.5,33.35,152.5,29.01,33.4,33.95,92.5,15.65,57.900000000000006,100.0,240.0,2898.0,1.41,36.9,15.030000000000001,6.99,36.03,29.04,1.0,238.5,1200.0
53162.309,0.0,140.0,92.80000000000001,22.66,16.05,169.0,33.6,149.20000000000002,29.01,33.44,33.800000000000004,91.5,15.700000000000001,57.5,100.0,245.5,2900.0,1.46,36.75,14.98,7.0600000000000005,36.03,29.07,0.0,239.5,1200.0
53222.308,0.0,140.0,90.80000000000001,22.59,15.96,172.5,33.5,152.8,29.03,33.43,33.9,93.5,15.9,57.5,99.80000000000001,239.5,2898.0,1.44,37.050000000000004,14.98,6.97,36.01,29.05,0.0,245.5,1200.0
53282.308,0.0,140.0,89.7,22.63,16.04,171.0,33.5,149.70000000000002,29.11,33.28,33.85,91.0,15.75,57.1,100.0,238.5,2903.0,1.31,36.75,14.96,6.99,35.97,29.01,0.0,241.0,1200.0
53342.308,0.0,140.0,92.2,22.650000000000002,16.03,173.5,33.45,151.3,29.07,33.33,33.95,91.5,15.75,57.6,99.9,243.5,2898.0,1.29,36.7,15.02,6.99,35.96,28.990000000000002,0.0,242.5,1200.0
53402.308,0.0,140.0,90.5,22.580000000000002,16.01,171.5,33.5,152.0,29.05,33.3,34.0,93.0,15.75,57.6,100.0,240.5,2900.0,1.24,36.85,15.040000000000001,7.04,35.92,29.03,0.0,242.0,1200.0
53462.308,0.0,140.0,92.10000000000001,22.64,15.950000000000001,172.5,33.45,151.8,29.080000000000002,33.27,34.050000000000004,93.0,15.75,57.0,99.5,244.5,2903.0,1.45,36.85,14.99,7.07,35.94,29.03,0.0,241.0,1200.0
53522.308,0.0,140.0,91.10000000000001,22.7,16.02,171.0,33.6,151.6,29.14,33.36,33.75,94.5,15.600000000000001,57.6,100.0,241.0,2901.0,1.27,36.85,14.950000000000001,6.98,35.94,29.05,0.0,240.0,1200.0
53582.308,0.0,140.0,91.5,22.68,16.02,171.0,33.6,151.1,29.04,33.35,33.9,92.0,15.700000000000001,57.400000000000006,99.60000000000001,241.5,2894.0,1.47,37.0,15.06,6.98,36.02,29.0,0.0,239.0,1200.0
53642.308,0.0,140.0,90.7,22.7,16.02,170.0,33.4,151.6,28.95,33.38,33.9,92.5,15.700000000000001,57.6,100.0,238.5,2894.0,1.31,36.75,14.99,6.95,35.95,29.04,0.0,244.0,1200.0
53702.308,0.0,140.0,90.60000000000001,22.71,15.98,170.5,33.45,151.70000000000002,29.05,33.3,33.9,93.5,15.600000000000001,57.400000000000006,99.9,242.0,2904.0,1.37,36.85,15.01,7.0200000000000005,35.99,28.95,0.0,242.0,1200.0
53762.308,0.0,140.0,89.9,22.650000000000002,16.02,172.5,33.45,151.5,29.02,33.34,34.0,92.0,15.700000000000001,57.7,99.9,242.0,2907.0,1.44,36.7,14.99,7.0600000000000005,36.1,29.09,0.0,241.0,1200.0
53822.308,0.0,140.0,91.60000000000001,22.73,16.04,171.5,33.45,151.1,28.94,33.33,33.800000000000004,91.0,15.65,57.6,100.0,241.0,2900.0,1.36,36.800000000000004,14.92,7.0200000000000005,36.0,28.96,0.0,242.5,1200.0
53882.307,0.0,140.0,91.60000000000001,22.76,15.99,173.0,33.5,151.0,29.04,33.32,33.85,94.0,15.700000000000001,57.2,99.7,242.5,2899.0,1.45,36.95,14.92,7.01,35.99,29.02,0.0,243.5,1200.0
53942.307,0.0,140.0,91.10000000000001,22.69,16.0,170.5,33.5,152.5,28.89,33.3,33.800000000000004,93.5,15.8,57.6,99.9,246.0,2897.0,1.33,36.800000000000004,15.01,7.04,36.03,29.03,0.0,241.5,1200.0
54002.307,0.0,140.0,91.5,22.75,15.98,173.0,33.6,151.70000000000002,29.01,33.21,33.800000000000004,90.0,15.75,58.1,100.0,244.0,2902.0,1.48,36.800000000000004,14.99,6.96,36.0,28.97,0.0,242.5,1200.0
54062.307,0.0,140.0,93.7,22.73,15.98,173.0,33.300000000000004,152.8,29.02,33.31,34.050000000000004,92.5,15.8,58.0,99.9,240.0,2903.0,1.47,37.0,15.05,7.09,35.97,28.92,0.0,245.0,1200.0
54122.307,0.0,140.0,90.2,22.69,15.94,172.0,33.45,151.20000000000002,29.02,33.4,33.9,93.0,15.700000000000001,57.7,100.0,240.5,2902.0,1.36,36.65,14.91,7.01,35.87,28.98,1.0,245.0,1200.0
54182.307,0.0,140.0,91.4,22.63,16.07,171.5,33.5,152.20000000000002,29.02,33.33,33.800000000000004,93.5,15.850000000000001,57.900000000000006,99.9,241.5,2898.0,1.4000000000000001,36.800000000000004,15.030000000000001,7.07,35.99,28.97,0.0,244.0,1200.0
54242.307,0.0,140.0,91.2,22.75,15.96,172.0,33.65,150.1,28.91,33.3,33.75,95.0,15.850000000000001,58.0,99.9,243.0,2896.0,1.34,36.9,15.01,6.97,36.03,28.94,0.0,241.0,1200.0
54302.307,0.0,140.0,90.0,22.71,15.98,170.5,33.45,151.4,28.97,33.39,33.800000000000004,93.0,15.850000000000001,57.6,99.9,238.0,2901.0,1.28,36.9,15.02,7.1000000000000005,36.050000000000004,29.02,0.0,240.5,1200.0
54362.307,0.0,140.0,92.30000000000001,22.67,15.950000000000001,173.0,33.45,152.1,29.0,33.410000000000004,33.800000000000004,93.0,15.8,57.2,99.9,240.5,2897.0,1.41,36.85,14.96,6.98,36.03,28.990000000000002,0.0,239.5,1200.0
54422.307,0.0,140.0,90.60000000000001,22.650000000000002,16.05,174.5,33.5,151.20000000000002,28.990000000000002,33.31,33.800000000000004,94.0,15.75,57.6,99.60000000000001,238.0,2896.0,1.29,36.85,15.08,7.0,35.980000000000004,28.990000000000002,2.0,241.0,1200.0
54482.307,0.0,140.0,92.0,22.68,16.05,172.5,33.4,151.4,29.02,33.29,33.85,95.0,15.700000000000001,57.6,99.60000000000001,240.0,2894.0,1.3,36.85,14.97,6.97,36.0,29.04,1.0,242.5,1200.0
54542.307,0.0,140.0,90.30000000000001,22.7,15.98,171.5,33.4,152.5,29.03,33.27,33.800000000000004,92.5,15.700000000000001,57.1,100.0,239.5,2899.0,1.24,36.800000000000004,15.030000000000001,6.95,36.12,29.0,0.0,238.5,1200.0
54602.306,0.0,140.0,92.80000000000001,22.64,15.950000000000001,169.5,33.35,150.6,28.94,33.29,33.85,93.5,15.65,57.400000000000006,100.0,237.0,2899.0,1.44,36.800000000000004,14.97,7.07,36.050000000000004,29.02,0.0,244.5,1200.0
54662.306,0.0,140.0,90.4,22.650000000000002,15.99,175.0,33.4,151.3,28.95,33.34,33.85,92.5,15.65,57.6,99.80000000000001,239.5,2900.0,1.43,36.7,15.030000000000001,7.01,35.99,28.94,0.0,239.5,1200.0
54722.306,0.0,140.0,91.0,22.67,16.04,173.5,33.550000000000004,152.0,28.98,33.28,33.75,94.5,15.850000000000001,57.400000000000006,99.7,239.5,2895.0,1.23,36.6,14.98,6.93,35.96,29.03,0.0,241.0,1200.0
54782.306,0.0,140.0,89.7,22.69,15.99,170.5,33.5,152.1,28.86,33.27,33.85,93.5,15.700000000000001,57.2,100.0,242.0,2894.0,1.33,36.85,15.01,7.08,35.94,28.92,0.0,240.5,1200.0
54842.306,0.0,140.0,91.2,22.64,16.0,169.0,33.35,152.20000000000002,29.02,33.38,33.85,91.5,15.700000000000001,57.7,99.80000000000001,239.0,2894.0,1.41,36.7,15.01,7.05,35.9,28.93,0.0,237.5,1200.0
54902.306,0.0,140.0,89.60000000000001,22.63,16.0,172.0,33.25,151.0,28.94,33.19,33.800000000000004,91.5,15.65,57.1,99.9,245.0,2886.0,1.36,36.800000000000004,14.97,6.99,35.95,29.0,0.0,243.0,1200.0
54962.306,0.0,140.0,92.0,22.67,15.94,171.0,33.45,153.0,28.97,33.27,33.800000000000004,93.0,15.65,57.800000000000004,100.0,240.0,2894.0,1.45,36.75,14.99,6.92,35.99,29.03,0.0,238.0,1200.0
55022.306,0.0,140.0,91.2,22.650000000000002,16.0,172.0,33.35,149.8,28.96,33.31,33.65,95.0,15.65,58.1,100.0,239.5,2894.0,1.34,36.65,14.98,7.09,35.97,29.080000000000002,0.0,239.0,1200.0
55082.306,0.0,140.0,90.30000000000001,22.71,16.04,169.5,33.550000000000004,153.70000000000002,28.89,33.160000000000004,33.65,92.5,15.850000000000001,57.6,100.0,238.5,2892.0,1.36,36.7,14.98,7.0200000000000005,36.01,29.060000000000002,0.0,236.0,1200.0
55142.306,0.0,140.0,89.9,22.69,15.89,170.5,33.35,151.0,28.93,33.26,33.7,92.5,15.75,57.2,100.0,237.5,2891.0,1.35,36.7,14.96,7.05,35.96,28.990000000000002,0.0,240.0,1200.0
55202.306,0.0,140.0,91.5,22.67,16.05,171.0,33.300000000000004,151.20000000000002,28.97,33.27,33.800000000000004,94.5,15.700000000000001,57.2,100.0,236.0,2889.0,1.55,36.65,14.97,6.95,35.99,29.0,0.0,238.5,1200.0
55262.305,0.0,140.0,90.9,22.75,15.93,171.5,33.45,151.6,28.92,33.230000000000004,33.85,95.0,15.700000000000001,57.1,99.7,241.5,2890.0,1.3900000000000001,36.800000000000004,14.98,6.93,35.980000000000004,28.85,0.0,235.0,1200.0
55322.305,0.0,140.0,91.4,22.650000000000002,16.06,169.0,33.35,152.5,28.89,33.230000000000004,33.800000000000004,93.5,15.850000000000001,57.1,99.9,237.0,2888.0,1.36,36.7,15.02,7.0,36.08,29.05,0.0,239.0,1200.0
55382.305,0.0,140.0,90.80000000000001,22.650000000000002,16.09,172.0,33.4,151.3,28.94,33.24,33.800000000000004,93.5,15.75,57.400000000000006,99.80000000000001,244.0,2884.0,1.41,36.550000000000004,14.98,6.97,36.04,28.96,0.0,240.0,1200.0
55442.305,0.0,140.0,89.4,22.64,15.98,172.0,33.4,154.20000000000002,29.04,33.24,33.65,91.5,15.75,57.6,100.0,239.0,2888.0,1.29,36.6,15.01,7.03,35.980000000000004,29.07,1.0,238.5,1200.0
55502.305,0.0,140.0,91.7,22.67,16.0,172.0,33.35,150.9,28.91,33.3,33.800000000000004,93.5,15.700000000000001,57.2,99.9,235.5,2889.0,1.58,36.6,14.99,7.01,36.04,28.96,1.0,235.5,1200.0
55562.305,0.0,140.0,91.2,22.7,15.91,171.0,33.300000000000004,150.3,29.03,33.33,34.0,92.5,15.65,57.5,99.9,241.0,2889.0,1.47,36.5,14.950000000000001,6.97,35.980000000000004,28.98,0.0,240.5,1200.0
55622.305,0.0,140.0,90.30000000000001,22.71,16.04,173.0,33.35,152.8,28.94,33.29,33.9,92.5,15.700000000000001,57.7,99.9,241.5,2894.0,1.47,36.6,14.99,7.01,35.980000000000004,28.92,0.0,239.5,1200.0
55682.305,0.0,140.0,89.9,22.73,16.02,170.0,33.4,150.8,28.92,33.34,33.9,91.5,15.850000000000001,57.7,100.0,241.0,2892.0,1.23,36.550000000000004,15.01,7.0,35.910000000000004,28.93,0.0,238.5,1200.0
55742.305,0.0,140.0,89.80000000000001,22.740000000000002,15.93,172.5,33.550000000000004,152.6,29.04,33.31,33.85,92.5,15.8,57.300000000000004,100.0,237.5,2897.0,1.42,36.65,14.99,7.03,35.95,28.96,1.0,241.0,1200.0
55802.305,0.0,140.0,91.60000000000001,22.64,15.97,171.0,33.300000000000004,152.8,28.97,33.27,33.800000000000004,93.5,15.9,57.0,100.0,241.0,2897.0,1.48,36.75,15.0,6.99,35.92,29.05,1.0,241.0,1200.0
55862.305,0.0,140.0,91.4,22.72,15.99,171.0,33.45,150.1,29.12,33.31,33.75,92.0,15.75,57.300000000000004,99.5,245.5,2897.0,1.43,36.7,14.99,7.07,35.980000000000004,28.94,0.0,238.5,1200.0
55922.305,0.0,140.0,92.30000000000001,22.67,16.080000000000002,171.0,33.550000000000004,151.5,28.990000000000002,33.27,33.75,92.0,15.700000000000001,57.900000000000006,99.80000000000001,244.0,2897.0,1.37,36.75,15.01,7.0600000000000005,35.96,29.07,0.0,244.5,1200.0
55982.304,0.0,140.0,90.5,22.69,15.96,170.0,33.45,149.6,29.060000000000002,33.27,34.0,93.5,15.8,58.1,99.60000000000001,239.5,2900.0,1.37,36.7,15.01,7.01,36.0,29.02,0.0,239.0,1200.0
56042.304,0.0,140.0,91.9,22.650000000000002,16.04,172.5,33.300000000000004,152.0,29.0,33.35,34.0,94.0,15.75,57.6,100.0,241.5,2899.0,1.3800000000000001,36.75,14.94,6.96,35.96,29.02,1.0,242.0,1200.0
56102.304,0.0,140.0,90.5,22.76,15.96,172.0,33.6,150.8,28.98,33.29,33.800000000000004,93.0,15.8,58.1,100.0,240.5,2895.0,1.44,36.85,14.97,7.08,35.95,28.96,0.0,240.5,1200.0
56162.304,0.0,140.0,90.4,22.69,16.02,171.5,33.5,151.3,28.91,33.37,33.85,94.0,15.65,57.0,99.80000000000001,239.5,2898.0,1.41,36.95,14.98,7.0200000000000005,35.97,28.98,1.0,243.0,1200.0
56222.304,0.0,140.0,89.10000000000001,22.71,15.98,173.0,33.4,152.4,28.900000000000002,33.33,33.95,93.5,15.700000000000001,57.6,100.0,239.5,2903.0,1.51,36.85,14.99,7.03,36.09,29.0,1.0,239.5,1200.0
56282.304,0.0,140.0,91.60000000000001,22.68,15.950000000000001,171.0,33.5,150.70000000000002,28.97,33.22,33.95,92.5,15.75,57.1,99.80000000000001,245.5,2896.0,1.51,36.7,14.950000000000001,6.94,36.04,29.02,0.0,240.0,1200.0
56342.304,0.0,140.0,91.60000000000001,22.66,16.03,171.0,33.4,151.5,29.080000000000002,33.38,33.95,92.5,15.65,57.400000000000006,99.9,244.5,2891.0,1.3800000000000001,36.65,15.040000000000001,7.0200000000000005,35.99,29.02,0.0,240.5,1200.0
56402.304,0.0,140.0,90.2,22.7,16.01,172.5,33.5,151.3,29.09,33.37,33.9,91.5,15.700000000000001,57.2,100.0,236.5,2894.0,1.44,36.75,15.02,6.99,36.08,29.060000000000002,1.0,241.5,1200.0
56462.304,0.0,140.0,91.80000000000001,22.64,15.91,172.0,33.4,152.4,29.080000000000002,33.28,33.95,94.0,15.700000000000001,57.5,99.60000000000001,241.5,2898.0,1.37,36.75,14.950000000000001,6.96,36.01,29.04,0.0,240.5,1200.0
56522.304,0.0,140.0,91.4,22.56,15.950000000000001,172.0,33.5,152.4,28.93,33.26,33.95,93.5,15.55,56.900000000000006,100.0,241.0,2892.0,1.25,36.800000000000004,15.030000000000001,7.01,35.9,28.96,3.0,239.0,1200.0
56582.304,0.0,140.0,90.60000000000001,22.67,15.93,172.0,33.4,150.0,29.02,33.22,33.85,93.0,15.8,57.300000000000004,99.60000000000001,243.5,2890.0,1.41,36.65,15.05,7.0200000000000005,35.93,28.97,0.0,237.5,1200.0
56642.303,0.0,140.0,92.10000000000001,22.67,15.93,172.0,33.45,150.20000000000002,28.93,33.33,33.800000000000004,93.0,15.75,57.400000000000006,100.0,235.5,2890.0,1.3,36.65,14.96,7.05,36.01,29.0,0.0,240.5,1200.0
56702.303,0.0,140.0,91.5,22.64,15.97,170.5,33.4,151.4,29.02,33.35,33.9,93.5,15.700000000000001,57.2,99.9,240.0,2888.0,1.5,36.7,14.99,6.98,35.99,29.03,0.0,236.0,1200.0
56762.303,0.0,140.0,91.10000000000001,22.64,16.02,169.5,33.25,150.20000000000002,28.98,33.230000000000004,33.9,92.0,15.700000000000001,57.6,100.0,240.0,2895.0,1.3800000000000001,36.65,15.05,7.03,36.07,29.04,0.0,241.5,1200.0
56822.303,0.0,140.0,90.30000000000001,22.7,15.96,171.0,33.35,150.6,28.95,33.25,33.7,92.0,15.65,57.300000000000004,99.80000000000001,242.5,2888.0,1.4000000000000001,36.7,15.0,6.93,36.02,29.04,0.0,244.0,1200.0
56882.303,0.0,140.0,90.4,22.68,15.97,173.5,33.300000000000004,151.4,29.04,33.32,33.800000000000004,93.5,15.700000000000001,57.6,100.0,238.5,2892.0,1.44,36.6,15.06,6.92,36.06,28.990000000000002,0.0,240.5,1200.0
56942.303,0.0,140.0,90.9,22.72,15.96,170.0,33.5,151.6,28.91,33.26,33.9,93.5,15.950000000000001,57.2,100.0,239.5,2886.0,1.44,36.75,14.98,7.0,35.93,28.96,1.0,240.0,1200.0
57002.303,0.0,140.0,90.4,22.71,15.96,170.0,33.5,151.1,28.89,33.22,33.800000000000004,93.0,15.600000000000001,57.400000000000006,99.60000000000001,238.5,2883.0,1.36,36.65,15.06,6.95,35.99,28.97,0.0,241.5,1200.0
57062.303,0.0,140.0,91.0,22.650000000000002,15.97,172.0,33.5,152.20000000000002,28.92,33.28,33.800000000000004,93.0,15.75,57.300000000000004,99.7,239.5,2891.0,1.45,36.65,14.93,6.99,35.95,28.96,2.0,237.0,1200.0
57122.303,0.0,140.0,93.0,22.650000000000002,16.01,172.0,33.5,152.6,29.05,33.21,33.7,93.0,15.8,57.400000000000006,99.9,239.0,2891.0,1.34,36.6,15.01,7.01,36.03,28.990000000000002,0.0,243.0,1200.0
57182.303,0.0,140.0,90.4,22.62,15.91,170.5,33.4,150.9,28.88,33.21,33.800000000000004,92.0,15.65,57.300000000000004,100.0,237.5,2892.0,1.28,36.7,15.05,7.0,36.03,29.03,0.0,237.5,1200.0
57242.303,0.0,140.0,90.7,22.66,16.01,171.5,33.35,151.3,28.91,33.3,33.75,93.0,15.700000000000001,57.2,100.0,237.0,2888.0,1.33,36.7,15.02,7.04,36.03,28.98,1.0,242.5,1200.0
57302.303,0.0,140.0,89.9,22.67,15.97,173.5,33.5,151.1,28.97,33.22,33.7,92.0,15.65,57.300000000000004,100.0,239.5,2888.0,1.35,36.75,15.030000000000001,7.0,35.95,29.04,0.0,236.5,1200.0
57362.302,0.0,140.0,90.60000000000001,22.68,16.09,170.0,33.45,151.0,28.96,33.230000000000004,33.85,92.0,15.75,57.300000000000004,99.5,241.5,2889.0,1.49,36.65,14.96,6.97,35.88,28.97,3.0,239.5,1200.0
57422.302,0.0,140.0,91.60000000000001,22.6,16.05,171.5,33.2,151.70000000000002,29.05,33.24,33.7,93.5,15.65,56.900000000000006,100.0,239.5,2892.0,1.35,36.550000000000004,15.01,7.03,35.94,28.91,2.0,236.0,1200.0
57482.302,0.0,140.0,90.60000000000001,22.54,15.99,171.5,33.4,150.1,29.02,33.29,33.85,94.0,15.65,57.1,99.80000000000001,243.0,2892.0,1.45,36.5,14.99,6.97,36.07,29.1,0.0,238.0,1200.0
57542.302,0.0,140.0,89.4,22.69,16.09,174.0,33.5,152.6,28.97,33.24,33.75,90.5,15.600000000000001,58.2,100.0,238.0,2887.0,1.46,36.75,15.040000000000001,7.01,35.95,28.95,1.0,240.5,1200.0
57602.302,0.0,140.0,91.2,22.650000000000002,15.950000000000001,172.5,33.35,151.9,29.0,33.42,33.85,91.0,15.700000000000001,57.300000000000004,100.0,239.5,2894.0,1.58,36.75,15.02,7.08,36.1,29.03,0.0,244.5,1200.0
57662.302,0.0,140.0,92.10000000000001,22.66,15.99,173.0,33.25,153.20000000000002,29.05,33.32,33.75,94.0,15.65,57.800000000000004,99.9,241.5,2891.0,1.28,36.800000000000004,15.02,7.01,36.01,28.97,0.0,240.5,1200.0
57722.302,0.0,140.0,91.0,22.6,16.01,172.5,33.5,150.6,28.96,33.26,33.800000000000004,92.0,15.8,57.1,100.0,240.5,2887.0,1.23,36.6,14.93,7.09,36.0,29.060000000000002,0.0,234.5,1200.0
57782.302,0.0,140.0,91.80000000000001,22.62,15.97,169.5,33.550000000000004,153.20000000000002,29.0,33.3,33.85,92.0,15.65,57.2,99.9,234.0,2890.0,1.47,36.85,14.950000000000001,6.98,35.97,28.990000000000002,0.0,238.0,1200.0
57842.302,0.0,140.0,92.2,22.68,16.01,171.5,33.45,152.1,29.060000000000002,33.3,33.75,93.0,15.65,57.400000000000006,100.0,241.5,2893.0,1.48,36.65,14.97,7.01,36.06,29.03,0.0,240.5,1200.0
57902.302,0.0,140.0,90.60000000000001,22.59,16.04,172.0,33.300000000000004,150.5,28.92,33.3,33.85,93.0,15.75,56.800000000000004,100.0,238.0,2892.0,1.34,36.6,15.0,6.99,36.1,29.04,0.0,236.0,1200.0
57962.302,0.0,140.0,90.9,22.66,16.0,171.5,33.4,150.70000000000002,28.990000000000002,33.29,33.85,91.5,15.75,57.7,99.80000000000001,238.0,2886.0,1.19,36.75,14.99,7.0200000000000005,35.97,29.03,0.0,238.0,1200.0
58022.302,0.0,140.0,91.4,22.62,15.950000000000001,172.5,33.300000000000004,153.20000000000002,28.87,33.230000000000004,33.85,91.5,15.850000000000001,57.1,99.80000000000001,238.5,2892.0,1.34,36.65,15.05,6.97,35.88,29.060000000000002,0.0,237.5,1200.0
58082.301,0.0,140.0,91.4,22.55,15.96,174.0,33.25,151.70000000000002,28.96,33.31,33.75,94.5,15.75,57.300000000000004,99.80000000000001,237.5,2893.0,1.3900000000000001,36.6,14.96,7.0600000000000005,35.99,29.09,1.0,243.0,1200.0
58142.301,0.0,140.0,90.5,22.68,16.11,173.0,33.4,152.3,28.98,33.26,33.9,94.0,15.700000000000001,57.7,99.4,242.5,2892.0,1.29,36.7,14.92,6.98,35.99,28.89,0.0,243.0,1200.0
58202.301,0.0,140.0,90.2,22.68,16.05,171.0,33.45,149.5,28.990000000000002,33.19,33.800000000000004,92.5,15.75,57.400000000000006,100.0,235.0,2893.0,1.25,36.6,14.96,6.94,35.96,28.98,0.0,238.5,1200.0
58262.301,0.0,140.0,89.2,22.63,16.06,173.0,33.35,150.9,28.87,33.25,33.75,93.5,15.75,57.400000000000006,100.0,234.5,2891.0,1.4000000000000001,36.65,15.07,7.01,36.1,29.03,0.0,237.5,1200.0
58322.301,0.0,140.0,92.30000000000001,22.62,16.07,172.0,33.4,151.6,29.02,33.21,33.9,93.0,15.65,57.5,100.0,240.0,2890.0,1.29,36.550000000000004,15.0,6.97,35.94,29.1,1.0,236.0,1200.0
58382.301,0.0,140.0,91.2,22.68,16.02,172.0,33.45,151.4,28.91,33.230000000000004,33.85,93.5,15.65,57.6,100.0,239.5,2895.0,1.29,36.6,15.0,6.97,35.92,28.990000000000002,0.0,236.5,1200.0
58442.301,0.0,140.0,91.7,22.56,16.0,173.0,33.4,150.1,28.93,33.26,33.800000000000004,91.0,15.65,57.300000000000004,99.60000000000001,238.0,2894.0,1.46,36.65,15.02,7.0200000000000005,35.980000000000004,28.94,2.0,239.5,1200.0
58502.301,0.0,140.0,92.30000000000001,22.64,15.99,170.0,33.45,151.4,28.91,33.27,33.75,91.5,15.75,57.6,99.9,243.5,2891.0,1.4000000000000001,36.65,15.030000000000001,6.99,35.980000000000004,29.01,2.0,240.0,1200.0
58562.301,0.0,140.0,89.10000000000001,22.67,15.98,171.5,33.45,150.9,28.990000000000002,33.27,33.75,91.5,15.700000000000001,57.300000000000004,99.80000000000001,239.5,2890.0,1.43,36.6,15.07,7.0,36.07,28.92,2.0,241.0,1200.0
58622.301,0.0,140.0,91.4,22.67,15.98,170.5,33.45,150.3,29.01,33.29,33.800000000000004,92.5,15.850000000000001,56.7,100.0,241.5,2887.0,1.44,36.75,14.97,7.01,35.94,28.88,2.0,240.5,1200.0
58682.301,0.0,140.0,92.80000000000001,22.57,15.93,173.5,33.4,152.6,28.93,33.28,33.95,94.5,15.700000000000001,56.900000000000006,100.0,238.5,2902.0,1.31,36.7,15.09,6.92,35.99,29.0,0.0,242.5,1200.0
58742.301,0.0,140.0,91.30000000000001,22.61,16.03,170.5,33.6,151.0,28.97,33.230000000000004,33.9,93.0,15.950000000000001,56.900000000000006,100.0,239.5,2888.0,1.47,36.85,14.97,6.99,36.07,28.94,2.0,236.5,1200.0
58802.301,0.0,140.0,92.0,22.57,16.0,173.0,33.35,150.4,28.990000000000002,33.28,33.9,93.5,15.8,57.400000000000006,99.5,240.0,2893.0,1.44,36.6,15.05,7.07,36.1,29.07,0.0,238.5,1200.0
58862.3,0.0,140.0,90.7,22.69,15.97,173.0,33.45,152.4,29.060000000000002,33.26,33.85,93.0,15.65,57.6,99.9,242.5,2889.0,1.41,36.75,15.05,6.99,36.03,28.98,2.0,236.0,1200.0
58922.3,0.0,140.0,90.7,22.64,16.03,172.5,33.6,151.20000000000002,29.04,33.32,33.800000000000004,91.5,15.8,57.2,99.7,244.0,2893.0,1.3900000000000001,36.75,15.0,7.0200000000000005,35.94,28.92,0.0,244.0,1200.0
58982.3,0.0,140.0,91.9,22.64,16.04,170.5,33.550000000000004,152.1,29.060000000000002,33.28,33.7,92.5,15.600000000000001,56.800000000000004,99.7,241.0,2892.0,1.36,36.550000000000004,14.97,6.97,36.04,29.05,4.0,238.0,1200.0
59042.3,0.0,140.0,91.30000000000001,22.6,16.01,172.0,33.4,150.9,29.03,33.32,33.75,93.5,15.8,57.6,99.9,235.5,2894.0,1.19,36.6,15.02,7.03,36.0,28.93,0.0,241.5,1200.0
59102.3,0.0,140.0,90.10000000000001,22.6,16.07,172.0,33.45,152.3,29.03,33.22,33.85,91.5,15.700000000000001,57.2,100.0,243.0,2890.0,1.31,36.6,14.97,6.96,36.02,29.05,2.0,237.5,1200.0
59162.3,0.0,140.0,88.4,22.68,15.92,172.5,33.5,150.3,28.97,33.26,33.75,90.0,15.700000000000001,57.5,99.7,237.5,2890.0,1.45,36.65,15.0,7.05,35.96,28.97,2.0,243.0,1200.0
59222.3,0.0,140.0,91.30000000000001,22.63,16.07,172.0,33.35,150.70000000000002,28.990000000000002,33.160000000000004,33.85,92.0,15.65,57.400000000000006,100.0,236.0,2891.0,1.28,36.6,15.01,7.0,35.99,29.02,0.0,236.5,1200.0
59282.3,0.0,140.0,90.80000000000001,22.67,15.99,170.5,33.5,151.9,29.01,33.28,33.85,92.5,15.65,56.900000000000006,100.0,241.0,2887.0,1.3800000000000001,36.65,15.02,7.07,36.06,28.990000000000002,1.0,240.0,1200.0
59342.3,0.0,140.0,92.60000000000001,22.63,16.0,172.5,33.5,150.8,28.990000000000002,33.37,33.800000000000004,91.0,15.8,57.5,100.0,239.5,2897.0,1.4000000000000001,36.7,14.97,7.11,35.99,28.990000000000002,0.0,246.0,1200.0
59402.3,0.0,140.0,91.7,22.6,15.96,173.5,33.5,151.1,29.03,33.34,34.0,91.5,15.700000000000001,57.2,99.9,240.5,2896.0,1.53,36.65,15.01,7.09,36.06,29.03,1.0,237.5,1200.0
59462.3,0.0,140.0,91.30000000000001,22.650000000000002,16.03,173.0,33.45,151.3,29.04,33.410000000000004,33.9,93.0,15.75,57.2,100.0,242.0,2893.0,1.47,36.7,15.06,7.05,36.050000000000004,29.060000000000002,4.0,237.5,1200.0
59522.3,0.0,140.0,90.30000000000001,22.72,15.950000000000001,174.0,33.45,151.6,29.04,33.34,33.800000000000004,92.5,15.65,57.300000000000004,100.0,241.0,2897.0,1.4000000000000001,36.7,14.96,7.0200000000000005,36.02,28.990000000000002,2.0,236.5,1200.0
59582.299,0.0,140.0,91.2,22.61,16.04,171.0,33.5,151.9,28.98,33.32,33.7,91.0,15.75,57.5,100.0,236.0,2895.0,1.45,36.6,15.0,6.97,35.980000000000004,29.0,2.0,241.5,1200.0
59642.299,0.0,140.0,90.9,22.68,16.1,171.5,33.45,151.8,29.07,33.36,33.95,92.5,15.700000000000001,56.900000000000006,100.0,241.0,2887.0,1.22,36.9,14.98,7.0200000000000005,35.980000000000004,29.0,1.0,240.5,1200.0
59702.299,0.0,140.0,91.0,22.67,16.03,170.5,33.550000000000004,150.6,29.080000000000002,33.36,34.0,92.5,15.75,57.400000000000006,100.0,238.5,2898.0,1.34,36.75,15.02,7.0200000000000005,36.04,29.11,0.0,237.5,1200.0
59762.299,0.0,140.0,92.10000000000001,22.67,16.04,170.5,33.5,151.0,29.03,33.29,33.800000000000004,91.5,15.700000000000001,57.2,99.5,239.5,2896.0,1.33,36.7,15.08,7.03,36.03,29.07,1.0,244.5,1200.0
59822.299,0.0,140.0,90.7,22.62,16.01,171.0,33.45,151.5,29.07,33.29,33.9,92.0,15.75,57.6,100.0,237.5,2890.0,1.3800000000000001,36.7,15.02,6.99,35.980000000000004,28.990000000000002,0.0,243.5,1200.0
59882.299,0.0,140.0,90.7,22.72,16.07,173.5,33.5,152.70000000000002,29.080000000000002,33.37,33.75,93.0,15.700000000000001,57.2,100.0,242.5,2897.0,1.48,36.7,14.98,7.0,36.0,28.94,0.0,241.0,1200.0
59942.299,0.0,140.0,92.9,22.650000000000002,16.0,173.5,33.45,152.0,29.1,33.4,33.800000000000004,91.5,15.700000000000001,57.5,100.0,242.0,2897.0,1.29,36.85,14.93,7.0200000000000005,35.97,29.05,1.0,242.5,1200.0
60002.299,0.0,140.0,90.10000000000001,22.66,16.02,173.5,33.5,151.70000000000002,29.0,33.39,33.95,92.5,15.75,57.5,99.9,242.5,2898.0,1.28,36.9,15.02,6.98,36.04,29.02,0.0,239.5,1200.0
60062.299,0.0,140.0,91.10000000000001,22.75,15.94,173.5,33.550000000000004,152.5,29.05,33.39,33.85,92.5,15.65,57.900000000000006,100.0,240.0,2895.0,1.29,36.75,15.06,7.04,36.06,28.990000000000002,0.0,238.5,1200.0
60122.299,0.0,140.0,89.7,22.78,16.05,170.0,33.45,151.4,28.990000000000002,33.42,33.75,92.5,15.75,58.2,99.80000000000001,244.5,2892.0,1.32,36.800000000000004,15.01,6.99,36.0,28.990000000000002,0.0,240.0,1200.0
60182.299,0.0,140.0,90.80000000000001,22.71,16.03,171.5,33.4,151.20000000000002,28.990000000000002,33.38,33.9,93.0,15.8,57.7,100.0,245.5,2897.0,1.28,36.800000000000004,14.97,7.01,36.08,29.01,2.0,239.0,1200.0
60242.299,0.0,140.0,91.7,22.67,16.02,171.5,33.35,152.5,29.03,33.31,33.800000000000004,90.5,15.700000000000001,57.6,99.7,240.0,2894.0,1.47,36.9,14.96,6.94,36.01,29.01,0.0,242.0,1200.0
60302.299,0.0,140.0,91.4,22.7,15.96,171.0,33.5,153.4,29.02,33.37,33.85,91.5,15.55,57.400000000000006,100.0,240.5,2894.0,1.31,36.9,14.99,6.98,35.980000000000004,29.01,1.0,240.5,1200.0
60362.298,0.0,140.0,90.60000000000001,22.63,15.96,172.0,33.35,151.4,28.990000000000002,33.33,33.85,91.5,15.850000000000001,57.400000000000006,99.7,243.0,2900.0,1.34,36.85,15.0,7.01,35.99,29.02,1.0,239.5,1200.0
60422.298,0.0,140.0,89.7,22.61,16.03,173.0,33.6,151.20000000000002,28.98,33.27,33.800000000000004,94.0,15.8,58.0,99.7,238.5,2895.0,1.36,36.7,14.91,6.97,35.980000000000004,28.97,0.0,244.0,1200.0
60482.298,0.0,140.0,91.30000000000001,22.61,16.080000000000002,172.0,33.5,150.3,28.98,33.38,33.85,94.5,15.850000000000001,57.2,99.5,239.5,2897.0,1.44,36.7,15.0,6.98,36.03,28.95,0.0,242.0,1200.0
60542.298,0.0,140.0,91.7,22.67,16.0,171.5,33.5,153.20000000000002,29.03,33.29,33.75,92.0,15.65,57.5,100.0,245.5,2895.0,1.35,36.75,15.02,7.03,36.050000000000004,28.98,0.0,240.5,1200.0
60602.298,0.0,140.0,89.7,22.66,15.97,172.0,33.45,149.4,28.91,33.31,33.7,94.5,15.700000000000001,57.0,100.0,242.0,2892.0,1.21,36.800000000000004,14.99,7.0600000000000005,35.94,28.89,0.0,236.5,1200.0
60662.298,0.0,140.0,89.10000000000001,22.650000000000002,15.92,172.5,33.4,150.0,29.03,33.43,33.9,93.5,15.8,58.0,99.4,243.5,2899.0,1.32,36.7,15.040000000000001,6.97,35.95,28.990000000000002,0.0,239.5,1200.0
60722.298,0.0,140.0,92.30000000000001,22.64,16.04,172.0,33.5,151.70000000000002,29.02,33.27,33.85,94.0,15.65,57.300000000000004,100.0,243.0,2893.0,1.47,36.800000000000004,15.06,7.01,35.980000000000004,28.93,0.0,241.0,1200.0
60782.298,0.0,140.0,92.60000000000001,22.69,15.99,172.0,33.45,150.8,29.01,33.410000000000004,33.7,92.5,15.75,57.300000000000004,99.9,242.0,2897.0,1.49,36.85,14.97,6.97,35.99,29.09,1.0,235.0,1200.0
60842.298,0.0,140.0,91.10000000000001,22.6,16.04,173.0,33.4,150.5,29.05,33.29,33.85,91.5,15.8,57.900000000000006,99.9,243.5,2896.0,1.49,36.75,14.99,6.98,36.07,29.09,0.0,243.0,1200.0
60902.298,0.0,140.0,91.80000000000001,22.580000000000002,16.03,171.5,33.550000000000004,151.70000000000002,28.95,33.410000000000004,33.95,92.0,15.65,57.5,100.0,236.5,2895.0,1.47,36.7,15.0,6.98,35.99,28.990000000000002,2.0,241.0,1200.0
60962.298,0.0,140.0,92.5,22.67,15.93,171.0,33.35,151.4,29.05,33.29,33.85,93.0,15.600000000000001,57.400000000000006,100.0,240.0,2895.0,1.48,36.85,14.96,7.01,35.910000000000004,28.85,1.0,240.5,1200.0
61022.298,0.0,140.0,90.5,22.67,15.98,173.5,33.550000000000004,150.9,29.060000000000002,33.29,33.75,94.5,15.65,57.7,100.0,239.5,2897.0,1.58,36.75,14.94,6.99,36.02,28.98,2.0,240.0,1200.0
61082.298,0.0,140.0,90.9,22.71,15.99,173.0,33.550000000000004,152.0,29.01,33.4,33.9,93.5,15.600000000000001,57.7,100.0,241.0,2896.0,1.3900000000000001,36.75,14.98,6.99,35.96,29.060000000000002,1.0,238.5,1200.0
61142.297,0.0,140.0,89.9,22.66,15.98,171.0,33.4,151.5,29.0,33.32,33.85,92.0,15.700000000000001,57.300000000000004,100.0,242.5,2894.0,1.47,36.7,14.99,6.97,35.92,28.98,0.0,239.5,1200.0
61202.297,0.0,140.0,91.2,22.650000000000002,15.92,171.0,33.300000000000004,153.3,28.97,33.28,33.9,93.5,15.65,57.0,100.0,242.5,2899.0,1.3900000000000001,36.800000000000004,14.99,6.97,35.96,29.03,0.0,243.5,1200.0
61262.297,0.0,140.0,90.0,22.66,15.98,171.5,33.550000000000004,152.0,29.05,33.34,33.95,93.0,15.65,57.5,99.9,242.0,2891.0,1.42,36.800000000000004,15.0,6.99,35.910000000000004,28.95,0.0,242.5,1200.0
61322.297,0.0,140.0,88.80000000000001,22.71,15.99,171.0,33.5,150.6,28.93,33.31,33.95,93.5,15.75,57.1,99.9,243.0,2896.0,1.58,36.800000000000004,15.01,7.0600000000000005,36.04,29.04,2.0,245.0,1200.0
61382.297,0.0,140.0,91.80000000000001,22.66,16.02,172.5,33.4,151.9,28.95,33.31,33.9,92.5,15.700000000000001,57.800000000000004,100.0,241.5,2895.0,1.32,36.800000000000004,14.99,7.01,36.02,29.04,1.0,239.0,1200.0
61442.297,0.0,140.0,92.10000000000001,22.68,16.02,171.0,33.45,150.8,28.900000000000002,33.44,33.85,91.5,15.700000000000001,57.7,100.0,243.5,2897.0,1.4000000000000001,36.75,14.96,7.0200000000000005,35.97,28.990000000000002,1.0,240.0,1200.0
61502.297,0.0,140.0,91.60000000000001,22.61,15.93,173.5,33.45,152.1,28.89,33.25,33.800000000000004,92.0,15.5,57.6,99.5,238.5,2895.0,1.32,36.7,14.99,6.97,36.03,28.97,0.0,237.0,1200.0
61562.297,0.0,140.0,90.9,22.69,15.93,172.0,33.4,151.8,28.900000000000002,33.25,33.75,93.5,15.700000000000001,58.2,99.80000000000001,235.5,2897.0,1.3800000000000001,36.75,14.97,7.03,36.06,28.98,1.0,239.0,1200.0
61622.297,0.0,140.0,91.4,22.67,15.97,169.5,33.300000000000004,151.4,28.89,33.21,33.75,93.0,15.850000000000001,57.6,100.0,240.0,2893.0,1.3,36.7,14.96,7.01,36.0,28.97,0.0,238.0,1200.0
61682.297,0.0,140.0,90.2,22.67,15.98,169.5,33.45,151.4,29.060000000000002,33.12,33.75,92.5,15.75,57.800000000000004,100.0,241.0,2895.0,1.36,36.75,15.030000000000001,7.0,36.0,29.060000000000002,0.0,241.0,1200.0
61742.297,0.0,140.0,91.30000000000001,22.650000000000002,15.97,170.5,33.550000000000004,151.6,28.96,33.27,33.800000000000004,94.0,15.75,57.900000000000006,99.80000000000001,245.0,2883.0,1.37,36.65,14.99,6.99,35.980000000000004,28.990000000000002,0.0,236.5,1200.0
61802.297,0.0,140.0,92.2,22.69,15.99,171.5,33.25,151.3,28.93,33.19,33.65,91.5,15.8,57.2,99.80000000000001,239.5,2884.0,1.45,36.800000000000004,14.92,6.97,35.910000000000004,28.97,0.0,240.0,1200.0
61862.297,0.0,140.0,90.9,22.64,16.01,170.5,33.25,153.1,28.82,33.2,33.75,92.0,15.9,57.5,100.0,239.0,2887.0,1.37,36.7,14.97,6.96,36.02,28.94,2.0,239.0,1200.0
61922.296,0.0,140.0,91.0,22.68,15.96,171.0,33.300000000000004,152.70000000000002,28.88,33.21,33.75,89.5,15.700000000000001,57.6,100.0,238.5,2885.0,1.49,36.800000000000004,14.97,7.0,36.03,28.98,0.0,242.5,1200.0
61982.296,0.0,140.0,90.60000000000001,22.64,16.03,172.0,33.2,151.9,28.93,33.26,33.7,91.0,15.700000000000001,58.1,100.0,239.5,2892.0,1.3900000000000001,36.7,15.02,7.01,36.03,28.94,1.0,240.0,1200.0
62042.296,0.0,140.0,91.60000000000001,22.64,15.99,171.0,33.35,149.9,28.92,33.21,33.75,94.0,15.850000000000001,57.2,99.9,244.0,2893.0,1.5,36.65,14.98,7.03,36.04,29.060000000000002,1.0,240.5,1200.0
62102.296,0.0,140.0,92.4,22.67,15.96,172.5,33.300000000000004,150.5,28.85,33.29,33.85,91.0,15.9,57.6,100.0,243.0,2890.0,1.41,36.6,15.06,6.95,35.94,29.05,0.0,240.0,1200.0
62162.296,0.0,140.0,92.2,22.69,15.98,170.5,33.45,152.5,29.060000000000002,33.27,33.9,93.5,15.8,57.300000000000004,99.7,237.5,2890.0,1.23,36.800000000000004,14.96,7.07,35.980000000000004,28.96,0.0,239.5,1200.0
62222.296,0.0,140.0,91.10000000000001,22.6,16.01,172.0,33.45,152.4,28.95,33.19,33.85,91.5,15.9,57.1,100.0,241.5,2893.0,1.33,36.65,15.0,7.0,35.96,28.89,0.0,238.0,1200.0
62282.296,0.0,140.0,90.9,22.68,15.950000000000001,174.5,33.45,151.4,28.94,33.28,33.95,92.0,15.75,58.2,99.9,238.0,2895.0,1.41,36.550000000000004,14.97,6.99,35.99,29.02,1.0,235.5,1200.0
62342.296,0.0,140.0,92.2,22.66,16.05,172.0,33.4,150.9,28.97,33.19,33.800000000000004,92.5,15.700000000000001,57.2,99.80000000000001,237.5,2887.0,1.37,36.65,15.06,7.04,36.08,29.02,1.0,233.5,1200.0
62402.296,0.0,140.0,91.5,22.61,16.02,171.5,33.45,150.9,29.05,33.25,33.85,92.5,15.65,57.2,100.0,236.5,2888.0,1.33,36.800000000000004,15.0,7.05,36.06,28.98,0.0,244.0,1200.0
62462.296,0.0,140.0,91.0,22.61,16.05,170.5,33.5,151.4,28.98,33.26,33.85,94.5,15.65,57.800000000000004,100.0,240.5,2894.0,1.4000000000000001,36.75,15.02,7.01,36.04,28.96,2.0,239.0,1200.0
62522.296,0.0,140.0,91.7,22.61,16.03,173.0,33.300000000000004,150.9,29.05,33.3,33.800000000000004,93.5,15.700000000000001,57.5,99.9,240.5,2892.0,1.53,36.75,15.040000000000001,7.0200000000000005,35.97,28.990000000000002,4.0,240.5,1200.0
62582.296,0.0,140.0,90.7,22.68,16.01,173.0,33.25,150.6,28.91,33.27,33.800000000000004,92.5,15.950000000000001,57.1,100.0,239.5,2896.0,1.37,36.75,15.02,7.08,35.97,28.94,0.0,240.0,1200.0
62642.296,0.0,140.0,90.7,22.67,16.04,170.0,33.45,150.5,29.01,33.33,33.85,91.5,15.8,57.0,99.80000000000001,242.5,2895.0,1.22,36.75,14.950000000000001,7.0200000000000005,36.0,28.990000000000002,1.0,238.5,1200.0
62702.295,0.0,140.0,90.30000000000001,22.69,16.06,170.5,33.4,149.5,29.0,33.31,33.95,90.5,15.75,57.5,99.60000000000001,237.5,2892.0,1.46,36.800000000000004,15.01,7.01,35.92,28.94,1.0,239.5,1200.0
62762.295,0.0,140.0,91.7,22.7,16.05,171.5,33.550000000000004,154.0,28.94,33.34,33.85,92.5,15.8,57.900000000000006,100.0,240.0,2894.0,1.47,36.7,15.01,7.05,36.04,28.96,0.0,237.5,1200.0
62822.295,0.0,140.0,89.30000000000001,22.61,16.0,174.0,33.65,151.5,28.92,33.33,33.75,93.0,15.850000000000001,57.2,99.5,241.0,2898.0,1.3900000000000001,36.75,14.99,7.0,36.01,29.0,0.0,239.5,1200.0
62882.295,0.0,140.0,91.10000000000001,22.66,16.03,170.5,33.45,152.20000000000002,29.04,33.37,33.800000000000004,92.0,15.700000000000001,57.2,100.0,239.5,2897.0,1.36,36.7,14.98,7.0200000000000005,36.0,28.990000000000002,2.0,243.5,1200.0
62942.295,0.0,140.0,90.9,22.63,16.02,170.5,33.5,151.5,29.01,33.45,33.95,92.5,15.600000000000001,57.400000000000006,99.80000000000001,242.0,2898.0,1.28,36.65,14.99,6.99,36.01,28.97,1.0,239.0,1200.0
63002.295,0.0,140.0,89.5,22.7,15.97,171.5,33.6,151.3,29.060000000000002,33.38,33.9,93.5,15.700000000000001,57.800000000000004,100.0,243.5,2897.0,1.31,36.65,15.02,7.08,35.95,28.96,2.0,240.0,1200.0
63062.295,0.0,140.0,90.10000000000001,22.61,16.02,173.0,33.35,152.5,29.14,33.34,33.85,91.5,15.75,57.7,100.0,245.5,2898.0,1.43,36.85,15.07,6.99,36.02,29.080000000000002,1.0,239.5,1200.0
63122.295,0.0,140.0,91.4,22.72,15.99,173.0,33.550000000000004,152.70000000000002,29.05,33.39,33.95,93.0,15.700000000000001,57.7,100.0,237.5,2897.0,1.33,36.75,15.02,7.04,36.0,29.0,0.0,240.0,1200.0
63182.295,0.0,140.0,88.4,22.67,16.0,172.0,33.45,150.1,29.02,33.32,33.85,93.0,15.65,57.5,99.5,238.5,2895.0,1.36,36.75,15.05,7.0200000000000005,36.03,29.01,3.0,238.0,1200.0
63242.295,0.0,140.0,90.7,22.69,16.0,170.0,33.550000000000004,150.3,29.03,33.25,34.050000000000004,91.5,15.65,57.2,100.0,240.0,2899.0,1.42,36.75,15.040000000000001,7.01,35.95,28.96,0.0,237.0,1200.0
63302.295,0.0,140.0,91.9,22.72,15.98,171.5,33.5,149.3,28.990000000000002,33.33,34.0,94.5,15.600000000000001,56.800000000000004,100.0,240.5,2894.0,1.48,36.6,15.040000000000001,7.03,35.94,29.060000000000002,0.0,243.0,1200.0
63362.295,0.0,140.0,89.2,22.69,15.93,172.0,33.45,151.70000000000002,29.07,33.34,33.9,93.0,15.8,56.900000000000006,100.0,241.5,2894.0,1.46,36.85,15.02,7.0,35.97,29.05,2.0,239.5,1200.0
63422.295,0.0,140.0,92.60000000000001,22.67,15.98,173.5,33.45,152.8,28.97,33.34,33.7,88.0,15.65,57.6,100.0,241.5,2896.0,1.26,36.7,14.98,7.0,36.02,29.04,0.0,238.5,1200.0
63482.295,0.0,140.0,91.4,22.6,15.98,170.0,33.5,151.8,29.0,33.3,33.85,93.0,15.850000000000001,57.6,99.9,243.0,2897.0,1.61,36.85,14.98,6.98,36.0,28.95,0.0,239.5,1200.0
63542.294,0.0,140.0,92.9,22.72,16.03,171.0,33.45,151.3,28.97,33.33,33.85,91.0,15.9,57.400000000000006,100.0,238.5,2889.0,1.42,36.65,15.05,7.03,35.980000000000004,29.05,0.0,245.5,1200.0
63602.294,0.0,140.0,90.7,22.7,16.0,169.5,33.25,149.8,28.97,33.230000000000004,33.9,93.0,15.75,57.400000000000006,100.0,238.5,2894.0,1.26,36.75,15.030000000000001,6.97,36.0,29.02,1.0,243.0,1200.0
63662.294,0.0,140.0,90.7,22.59,16.0,171.0,33.4,151.3,28.98,33.29,33.85,89.5,15.850000000000001,57.0,100.0,238.5,2887.0,1.42,36.7,14.97,7.01,35.94,28.96,0.0,241.5,1200.0
63722.294,0.0,140.0,92.7,22.66,15.98,171.0,33.4,151.20000000000002,28.990000000000002,33.31,33.75,94.5,15.65,57.2,100.0,237.5,2888.0,1.32,36.7,15.030000000000001,6.99,36.07,28.98,0.0,246.0,1200.0
63782.294,0.0,140.0,90.10000000000001,22.7,15.97,170.5,33.45,149.1,28.97,33.25,33.800000000000004,91.0,15.65,57.0,100.0,244.5,2892.0,1.44,36.800000000000004,15.030000000000001,6.96,35.97,28.95,0.0,242.5,1200.0
63842.294,0.0,140.0,91.4,22.63,16.02,168.5,33.5,150.9,28.990000000000002,33.14,33.75,91.5,15.75,57.400000000000006,100.0,244.0,2887.0,1.21,36.800000000000004,15.0,7.01,36.0,29.0,0.0,242.0,1200.0
63902.294,0.0,140.0,90.60000000000001,22.64,16.06,172.0,33.35,152.5,29.03,33.3,33.7,93.5,15.700000000000001,56.800000000000004,100.0,239.5,2889.0,1.33,36.65,15.030000000000001,6.96,35.99,28.95,1.0,238.5,1200.0
63962.294,0.0,140.0,91.4,22.66,15.98,171.0,33.35,150.1,28.94,33.28,33.7,91.0,15.700000000000001,57.5,100.0,235.0,2889.0,1.27,36.75,15.040000000000001,6.97,36.06,29.12,0.0,240.0,1200.0
64022.294,0.0,140.0,90.60000000000001,22.7,15.96,172.0,33.4,150.3,28.990000000000002,33.39,33.75,94.0,15.8,57.400000000000006,100.0,239.0,2893.0,1.47,36.7,15.05,7.04,35.980000000000004,29.03,0.0,240.0,1200.0
64082.294,0.0,140.0,90.2,22.63,16.01,171.5,33.45,152.1,28.94,33.27,33.9,94.5,15.75,57.300000000000004,99.7,242.5,2892.0,1.28,36.800000000000004,14.99,7.03,35.980000000000004,29.02,0.0,237.5,1200.0
64142.294,0.0,140.0,90.7,22.72,16.02,173.0,33.550000000000004,151.0,28.990000000000002,33.25,33.800000000000004,92.5,15.700000000000001,57.300000000000004,99.7,242.5,2893.0,1.37,36.6,15.02,7.05,35.97,28.98,0.0,238.0,1200.0
64202.294,0.0,140.0,89.4,22.59,16.06,172.5,33.25,151.4,28.990000000000002,33.26,33.800000000000004,93.5,15.8,57.0,99.60000000000001,236.0,2893.0,1.3800000000000001,36.85,14.96,7.08,36.02,28.990000000000002,0.0,239.5,1200.0
64262.294,0.0,140.0,91.10000000000001,22.68,15.97,170.5,33.4,152.3,29.04,33.230000000000004,33.9,92.5,15.75,57.6,99.9,242.0,2889.0,1.3800000000000001,36.550000000000004,15.030000000000001,7.03,36.0,29.0,2.0,242.0,1200.0
64322.294,0.0,140.0,91.0,22.67,16.02,174.5,33.35,150.5,29.04,33.29,33.9,93.0,15.75,57.6,99.9,235.0,2891.0,1.32,36.75,15.030000000000001,7.01,35.94,29.02,1.0,237.5,1200.0
64382.293,0.0,140.0,91.2,22.76,16.0,174.0,33.35,151.0,28.98,33.27,33.85,91.5,15.65,57.1,99.9,241.0,2891.0,1.58,36.800000000000004,14.99,6.99,35.980000000000004,28.88,0.0,239.0,1200.0
64442.293,0.0,140.0,90.9,22.69,15.96,170.5,33.550000000000004,150.9,28.990000000000002,33.32,33.65,93.0,15.75,57.5,100.0,243.5,2892.0,1.35,36.6,14.950000000000001,7.04,36.07,29.04,2.0,242.5,1200.0
64502.293,0.0,140.0,91.2,22.73,16.06,170.5,33.35,150.3,28.92,33.25,33.75,90.5,15.75,57.6,99.30000000000001,240.5,2896.0,1.48,36.65,14.98,7.0,36.07,28.97,1.0,241.0,1200.0
64562.293,0.0,140.0,91.80000000000001,22.73,16.12,171.0,33.4,151.4,28.87,33.19,33.75,94.0,15.8,57.6,99.9,239.0,2896.0,1.35,36.75,14.99,7.01,35.99,29.03,1.0,238.5,1200.0
64622.293,0.0,140.0,90.80000000000001,22.75,15.950000000000001,173.0,33.25,151.1,28.98,33.29,33.7,92.5,15.55,57.800000000000004,100.0,239.5,2897.0,1.51,36.75,15.01,6.92,35.95,29.03,0.0,242.0,1200.0
64682.293,0.0,140.0,91.30000000000001,22.71,16.04,171.0,33.35,152.3,28.87,33.25,33.75,92.0,15.700000000000001,58.0,100.0,240.0,2892.0,1.44,36.6,15.01,7.0,36.03,28.94,2.0,243.5,1200.0
64742.293,0.0,140.0,91.10000000000001,22.740000000000002,16.04,170.0,33.25,150.70000000000002,28.92,33.21,33.7,93.5,15.55,58.2,100.0,237.5,2894.0,1.25,36.5,15.030000000000001,6.99,35.9,28.94,0.0,243.5,1200.0
64802.293,0.0,140.0,91.30000000000001,22.72,16.11,172.0,33.35,151.9,28.85,33.14,33.85,93.0,15.700000000000001,57.800000000000004,100.0,246.0,2894.0,1.43,36.7,15.01,7.0600000000000005,36.03,28.91,1.0,243.0,1200.0
64862.293,0.0,140.0,91.0,22.62,15.96,173.0,33.4,151.3,28.88,33.27,33.65,93.5,15.600000000000001,57.6,100.0,235.5,2892.0,1.3800000000000001,36.65,15.01,6.98,36.07,28.990000000000002,0.0,239.0,1200.0
64922.293,0.0,140.0,91.5,22.43,15.89,169.5,33.300000000000004,151.1,28.93,33.11,33.7,92.0,15.600000000000001,57.2,100.0,242.0,2888.0,1.44,36.75,15.040000000000001,6.91,36.01,28.98,0.0,238.5,1200.0
64982.293,0.0,140.0,89.80000000000001,22.36,15.870000000000001,169.5,33.25,151.3,28.86,33.11,33.75,89.5,15.600000000000001,56.5,99.80000000000001,234.5,2882.0,1.42,36.800000000000004,15.030000000000001,6.91,35.96,28.96,1.0,234.5,1200.0
65042.293,0.0,140.0,90.30000000000001,22.21,15.82,170.5,33.25,151.4,28.93,33.1,33.65,91.0,15.600000000000001,55.5,99.7,229.0,2870.0,1.41,36.5,14.99,7.0200000000000005,35.95,28.93,1.0,231.5,1200.0
65102.293,0.0,140.0,92.2,22.11,15.790000000000001,173.0,33.1,153.20000000000002,28.900000000000002,33.03,33.7,92.5,15.55,54.900000000000006,100.0,232.5,2860.0,1.47,36.5,15.02,7.0,35.97,28.990000000000002,1.0,226.5,1200.0
65162.293,0.0,140.0,93.10000000000001,21.96,15.870000000000001,172.0,32.85,151.5,28.89,32.93,33.800000000000004,93.5,15.55,54.2,100.0,224.0,2852.0,1.42,36.4,14.97,6.91,35.980000000000004,28.98,1.0,224.0,1200.0
65222.292,0.0,140.0,91.2,21.79,15.76,168.0,33.0,152.6,28.95,32.96,33.7,91.0,15.600000000000001,53.900000000000006,99.7,223.5,2849.0,1.3900000000000001,36.25,14.99,6.98,35.980000000000004,29.01,1.0,222.0,1200.0
65282.292,0.0,140.0,92.0,21.68,15.71,170.0,33.050000000000004,150.20000000000002,28.95,32.83,33.550000000000004,91.5,15.55,53.300000000000004,99.9,227.0,2860.0,1.42,36.050000000000004,14.98,7.03,36.0,29.080000000000002,0.0,224.0,1200.0
65342.292,0.0,140.0,92.4,21.69,15.6,171.5,33.0,151.5,28.830000000000002,32.79,33.75,91.0,15.450000000000001,53.300000000000004,98.60000000000001,222.0,2867.0,1.3900000000000001,36.0,15.05,7.03,36.0,28.98,0.0,221.0,1200.0
65402.292,0.0,140.0,90.10000000000001,21.42,15.59,168.5,32.7,152.20000000000002,28.88,32.730000000000004,33.65,92.0,15.350000000000001,52.7,91.2,215.5,2879.0,1.35,36.050000000000004,14.96,7.03,36.02,29.01,0.0,217.0,1200.0
65462.292,0.0,140.0,92.4,21.57,15.700000000000001,167.5,32.75,152.4,28.85,32.69,33.7,92.0,15.4,51.7,87.80000000000001,216.0,2883.0,1.54,36.0,14.94,7.0200000000000005,35.92,28.95,0.0,217.0,1200.0
65522.292,0.0,140.0,88.7,21.740000000000002,15.860000000000001,168.0,33.0,151.8,28.84,32.730000000000004,33.6,91.0,15.5,51.400000000000006,89.10000000000001,215.0,2869.0,1.56,35.85,15.030000000000001,6.95,35.97,28.900000000000002,0.0,216.0,1200.0
65582.292,0.0,140.0,91.2,21.93,15.94,166.5,32.75,150.9,28.91,32.78,33.75,90.5,15.65,51.400000000000006,91.10000000000001,219.5,2858.0,1.3800000000000001,35.9,14.96,7.03,35.95,28.990000000000002,0.0,215.0,1200.0
65642.292,0.0,140.0,92.4,22.05,15.98,168.0,32.85,152.1,28.85,32.74,33.550000000000004,94.0,15.850000000000001,52.800000000000004,94.0,214.0,2844.0,1.6300000000000001,35.800000000000004,15.0,7.0,36.01,28.900000000000002,2.0,218.5,1200.0
65702.292,0.0,140.0,90.9,22.17,16.080000000000002,167.5,32.95,151.6,28.85,32.87,33.550000000000004,92.0,15.75,54.2,97.4,219.5,2829.0,1.6,35.75,15.0,6.98,35.980000000000004,28.97,0.0,215.5,1200.0
65762.292,0.0,140.0,91.5,22.3,16.18,168.5,32.95,150.0,28.89,32.86,33.6,93.0,15.950000000000001,54.5,100.0,218.0,2826.0,1.4000000000000001,35.75,14.98,6.97,35.99,29.0,1.0,216.5,1200.0
65822.292,0.0,140.0,91.60000000000001,22.39,16.32,167.5,32.85,152.0,28.84,32.83,33.6,93.0,16.05,55.5,99.7,215.5,2805.0,1.3900000000000001,35.65,15.0,6.99,35.980000000000004,29.12,3.0,218.0,1200.0
65882.292,0.0,140.0,89.80000000000001,22.47,16.31,170.5,32.85,151.3,28.77,32.88,33.4,93.0,16.25,55.6,99.80000000000001,219.5,2805.0,1.44,35.75,14.94,6.95,36.03,28.93,2.0,221.5,1200.0
65942.292,0.0,140.0,91.4,22.61,16.28,169.5,33.0,152.8,28.810000000000002,32.87,33.6,93.5,16.05,55.400000000000006,99.9,219.0,2818.0,1.3900000000000001,35.6,15.02,7.01,36.07,29.060000000000002,2.0,225.0,1200.0
66002.292,0.0,140.0,90.30000000000001,22.82,16.330000000000002,167.5,33.1,151.3,28.69,32.87,33.45,94.0,16.05,56.0,100.0,223.0,2830.0,1.34,35.75,15.030000000000001,6.96,35.96,28.96,2.0,225.5,1200.0
66062.291,0.0,140.0,88.5,22.64,16.15,171.0,33.050000000000004,150.4,28.77,32.89,33.65,95.5,16.0,56.800000000000004,100.0,229.5,2841.0,1.3900000000000001,35.85,15.06,6.95,35.94,28.98,0.0,230.5,1200.0
66122.291,0.0,140.0,93.60000000000001,22.53,16.04,169.5,33.050000000000004,152.8,28.82,32.980000000000004,33.550000000000004,92.5,16.0,56.6,100.0,222.5,2845.0,1.34,35.7,14.93,7.0200000000000005,35.99,28.990000000000002,0.0,226.0,1200.0
66182.291,0.0,140.0,90.4,22.3,16.02,170.5,33.15,151.4,28.810000000000002,32.89,33.65,94.0,15.700000000000001,56.0,100.0,224.5,2850.0,1.36,35.95,14.99,7.0,36.01,29.0,0.0,224.5,1200.0
66242.291,0.0,140.0,90.80000000000001,22.29,15.93,168.5,33.0,151.8,28.79,32.89,33.75,90.5,15.65,55.5,99.9,226.5,2851.0,1.3800000000000001,35.85,14.98,7.01,36.02,29.0,2.0,224.5,1200.0
66302.291,0.0,140.0,90.80000000000001,22.11,15.92,167.5,33.0,152.1,28.84,32.88,33.7,91.0,15.55,54.7,100.0,222.0,2840.0,1.37,35.85,15.0,7.05,36.03,28.95,0.0,222.5,1200.0
66362.291,0.0,140.0,91.0,21.98,15.91,167.0,32.9,151.0,28.88,32.84,33.65,91.5,15.55,53.800000000000004,99.4,224.0,2846.0,1.5,35.85,14.98,6.99,36.0,28.990000000000002,1.0,223.5,1200.0
66422.291,0.0,140.0,92.0,21.89,15.85,167.0,33.050000000000004,150.5,28.85,32.77,33.7,93.5,15.5,53.7,99.9,225.5,2846.0,1.57,35.75,15.0,7.0600000000000005,36.03,28.95,1.0,229.5,1200.0
66482.291,0.0,140.0,91.60000000000001,21.75,15.64,168.0,33.0,151.4,28.82,32.81,33.7,91.0,15.4,53.7,99.9,219.5,2862.0,1.34,35.7,14.97,7.07,35.93,29.04,0.0,219.0,1200.0
66542.291,0.0,140.0,91.4,21.54,15.620000000000001,169.0,33.050000000000004,152.1,28.91,32.75,33.7,90.0,15.25,53.400000000000006,96.30000000000001,223.5,2867.0,1.41,35.85,14.96,7.03,36.01,29.01,0.0,226.0,1200.0
66602.291,0.0,140.0,91.0,21.490000000000002,15.610000000000001,167.5,32.9,151.4,28.88,32.67,33.75,92.0,15.3,52.300000000000004,88.7,217.5,2884.0,1.52,35.800000000000004,14.96,6.95,36.03,28.94,0.0,216.5,1200.0
66662.291,0.0,140.0,91.30000000000001,21.48,15.610000000000001,167.5,32.7,150.70000000000002,28.86,32.59,33.7,91.0,15.55,50.7,83.0,212.5,2886.0,1.4000000000000001,35.75,15.030000000000001,7.04,35.97,29.03,2.0,215.0,1200.0
66722.291,0.0,140.0,92.30000000000001,21.43,15.66,167.0,32.65,151.6,28.88,32.59,33.85,92.5,15.5,49.5,80.80000000000001,210.5,2887.0,1.3900000000000001,35.65,15.02,6.97,36.1,29.02,0.0,210.5,1200.0
66782.291,0.0,140.0,90.0,21.490000000000002,15.700000000000001,168.5,32.65,151.70000000000002,28.810000000000002,32.57,33.85,93.0,15.4,49.400000000000006,79.10000000000001,207.5,2890.0,1.57,35.550000000000004,14.9,7.04,36.15,29.05,1.0,207.5,1200.0
66842.291,0.0,140.0,91.2,21.41,15.790000000000001,167.0,32.550000000000004,152.4,28.88,32.59,33.85,93.5,15.600000000000001,49.900000000000006,77.60000000000001,210.0,2898.0,1.52,35.7,15.01,7.0,35.96,29.04,0.0,208.0,1200.0
66902.29,0.0,140.0,90.4,21.400000000000002,15.8,167.0,32.6,151.6,28.830000000000002,32.4,33.800000000000004,92.5,15.65,49.300000000000004,76.3,203.5,2892.0,1.51,35.7,15.01,7.1000000000000005,36.01,28.95,0.0,208.0,1200.0
66962.29,0.0,140.0,91.9,21.400000000000002,15.73,167.0,32.7,151.5,28.900000000000002,32.49,33.800000000000004,91.0,15.65,49.7,75.10000000000001,206.5,2896.0,1.47,35.65,14.98,7.03,36.02,28.92,0.0,205.0,1200.0
67022.29,0.0,140.0,90.0,21.37,15.81,166.0,32.550000000000004,151.6,28.990000000000002,32.5,33.75,91.0,15.600000000000001,49.1,73.5,200.5,2897.0,1.57,35.550000000000004,15.040000000000001,6.93,36.0,29.09,0.0,201.0,1200.0
67082.29,0.0,140.0,91.4,21.26,15.860000000000001,166.5,32.550000000000004,151.4,28.84,32.46,33.75,92.0,15.5,49.1,72.4,198.5,2901.0,1.33,35.65,15.030000000000001,6.99,36.04,29.02,0.0,202.5,1200.0
67142.29,0.0,140.0,90.4,21.36,15.85,165.5,32.45,152.0,28.92,32.37,33.75,91.5,15.600000000000001,48.800000000000004,71.0,199.5,2893.0,1.33,35.7,15.040000000000001,7.1000000000000005,35.94,28.95,0.0,198.0,1200.0
67202.29,0.0,140.0,90.80000000000001,21.39,15.860000000000001,166.0,32.550000000000004,151.4,28.82,32.410000000000004,33.95,91.5,15.700000000000001,48.6,70.3,197.0,2898.0,1.49,35.5,15.040000000000001,6.98,35.97,28.96,2.0,203.0,1200.0
67262.29,0.0,140.0,90.30000000000001,21.32,15.84,168.5,32.550000000000004,151.6,28.87,32.38,33.85,89.0,15.75,47.800000000000004,69.2,199.5,2899.0,1.24,35.6,14.98,7.0,35.980000000000004,29.05,2.0,199.5,1200.0
67322.29,0.0,140.0,92.2,21.36,15.91,167.5,32.5,150.8,28.82,32.410000000000004,33.75,93.5,15.700000000000001,47.900000000000006,69.0,195.0,2899.0,1.44,35.6,15.01,6.98,36.0,28.93,0.0,204.5,1200.0
67382.29,0.0,140.0,91.4,21.32,15.860000000000001,167.5,32.4,150.9,28.87,32.3,33.85,90.0,15.700000000000001,48.5,68.2,199.0,2894.0,1.51,35.550000000000004,15.02,6.95,36.0,29.05,3.0,198.0,1200.0
67442.29,0.0,140.0,91.4,21.3,15.97,167.0,32.5,149.5,28.84,32.36,33.75,90.5,15.8,47.900000000000006,67.60000000000001,198.0,2898.0,1.37,35.65,14.950000000000001,7.09,36.0,28.97,0.0,199.5,1200.0
67502.29,0.0,140.0,90.2,21.34,15.92,167.5,32.4,149.4,28.78,32.26,33.75,94.0,15.75,48.0,67.60000000000001,194.5,2894.0,1.45,35.45,15.05,6.99,36.050000000000004,29.01,0.0,197.0,1200.0
67562.29,0.0,140.0,89.4,21.31,15.93,167.0,32.45,150.9,28.85,32.29,33.85,93.5,15.8,48.1,66.9,200.5,2895.0,1.35,35.5,14.950000000000001,7.0200000000000005,35.94,29.0,0.0,195.0,1200.0
67622.29,0.0,140.0,91.30000000000001,21.27,15.93,166.5,32.4,152.0,28.740000000000002,32.33,33.85,91.0,15.8,48.1,66.8,198.5,2898.0,1.25,35.5,15.01,6.99,36.09,28.95,2.0,194.5,1200.0
67682.29,0.0,140.0,91.0,21.36,15.950000000000001,167.5,32.4,150.6,28.810000000000002,32.2,33.75,94.0,15.700000000000001,47.5,66.4,197.5,2894.0,1.16,35.4,14.97,6.99,35.97,29.05,1.0,194.5,1200.0
67742.29,0.0,140.0,90.7,21.42,16.0,165.0,32.300000000000004,150.4,28.79,32.2,33.800000000000004,92.5,15.75,47.800000000000004,65.4,197.0,2893.0,1.3900000000000001,35.45,14.99,7.08,36.01,28.95,0.0,194.0,1200.0
67802.289,0.0,140.0,90.30000000000001,21.44,15.94,167.0,32.300000000000004,152.1,28.8,32.2,33.800000000000004,92.0,15.65,48.1,66.8,192.5,2893.0,1.51,35.550000000000004,15.040000000000001,6.99,36.04,29.02,0.0,195.5,1200.0
67862.289,0.0,140.0,92.0,21.37,16.080000000000002,168.0,32.300000000000004,151.3,28.73,32.29,33.800000000000004,93.5,15.700000000000001,48.1,67.10000000000001,194.5,2892.0,1.43,35.5,15.08,7.0,35.980000000000004,29.01,0.0,193.5,1200.0
67922.289,0.0,140.0,91.0,21.5,16.01,165.0,32.300000000000004,152.20000000000002,28.740000000000002,32.34,33.800000000000004,92.5,15.850000000000001,48.0,67.3,198.0,2889.0,1.47,35.550000000000004,14.98,6.94,36.08,28.91,2.0,196.5,1200.0
67982.289,0.0,140.0,89.7,21.61,16.1,167.0,32.45,151.0,28.79,32.42,33.7,94.0,15.850000000000001,48.300000000000004,69.0,199.0,2878.0,1.5,35.45,15.07,6.94,35.97,28.990000000000002,0.0,193.5,1200.0
68042.289,0.0,140.0,91.7,21.57,16.14,166.0,32.300000000000004,152.20000000000002,28.73,32.410000000000004,33.65,93.0,15.9,48.900000000000006,70.4,195.0,2874.0,1.41,35.35,14.98,7.01,36.02,29.05,0.0,195.5,1200.0
68102.289,0.0,140.0,91.7,21.66,16.15,165.0,32.35,151.20000000000002,28.86,32.3,33.7,94.5,15.850000000000001,49.2,71.4,198.5,2868.0,1.12,35.45,15.030000000000001,7.0,36.03,29.01,1.0,200.5,1200.0
68162.289,0.0,140.0,89.60000000000001,21.71,16.15,165.5,32.45,150.9,28.7,32.37,33.75,92.0,15.9,49.5,73.60000000000001,194.5,2864.0,1.43,35.6,14.98,7.01,36.06,28.98,0.0,200.0,1200.0
68222.289,0.0,140.0,91.10000000000001,21.79,16.1,167.5,32.6,152.20000000000002,28.75,32.49,33.65,93.0,16.05,49.900000000000006,76.10000000000001,205.5,2853.0,1.4000000000000001,35.550000000000004,15.040000000000001,7.04,36.02,29.0,0.0,202.5,1200.0
68282.289,0.0,140.0,90.2,21.91,16.19,166.0,32.7,151.70000000000002,28.93,32.51,33.6,93.5,15.950000000000001,50.400000000000006,77.60000000000001,203.5,2852.0,1.3800000000000001,35.6,15.0,6.97,35.910000000000004,29.03,0.0,203.0,1200.0
68342.289,0.0,140.0,90.7,21.990000000000002,16.2,168.0,32.75,151.6,28.88,32.46,33.75,94.0,15.850000000000001,50.7,80.2,200.5,2842.0,1.35,35.65,14.97,7.01,36.050000000000004,29.060000000000002,0.0,201.5,1200.0
68402.289,0.0,140.0,91.60000000000001,22.05,16.25,167.5,32.75,152.70000000000002,28.900000000000002,32.58,33.7,92.5,16.05,50.800000000000004,83.30000000000001,208.0,2837.0,1.44,35.5,15.01,7.04,36.04,29.0,0.0,205.5,1200.0
68462.289,0.0,140.0,90.9,21.990000000000002,16.17,168.5,32.65,152.9,28.92,32.55,33.65,94.0,15.9,51.6,85.60000000000001,205.0,2837.0,1.44,35.45,14.97,7.0,36.0,29.04,0.0,205.5,1200.0
68522.289,0.0,140.0,92.4,21.98,16.11,165.5,32.7,152.6,28.8,32.72,33.65,91.0,15.75,51.800000000000004,86.2,209.0,2835.0,1.44,35.6,15.0,7.0,35.93,28.93,0.0,206.5,1200.0
68582.289,0.0,140.0,92.60000000000001,21.91,16.02,167.0,32.7,150.6,28.77,32.55,33.550000000000004,95.5,15.950000000000001,52.1,85.2,206.0,2842.0,1.44,35.45,15.0,7.0,36.03,29.05,0.0,204.0,1200.0
68642.289,0.0,140.0,91.4,21.8,16.14,169.0,32.65,151.8,28.810000000000002,32.64,33.6,91.5,15.9,52.0,85.2,210.0,2845.0,1.45,35.4,14.96,7.0,36.050000000000004,28.91,0.0,208.5,1200.0
68702.288,0.0,140.0,91.0,21.86,16.02,168.5,32.6,151.4,28.85,32.69,33.6,93.0,15.65,51.900000000000006,84.0,214.0,2850.0,1.32,35.5,15.040000000000001,6.99,36.02,29.02,0.0,209.5,1200.0
68762.288,0.0,140.0,89.7,21.82,16.03,167.0,32.65,151.9,28.84,32.6,33.65,93.0,15.850000000000001,50.900000000000006,83.0,204.0,2854.0,1.47,35.35,15.06,6.96,36.06,28.94,2.0,205.0,1200.0
68822.288,0.0,140.0,89.80000000000001,21.67,15.98,165.5,32.65,150.9,28.75,32.5,33.7,91.0,15.8,50.800000000000004,82.80000000000001,205.0,2855.0,1.29,35.6,14.950000000000001,7.03,36.0,29.060000000000002,0.0,204.5,1200.0
68882.288,0.0,140.0,92.30000000000001,21.71,15.98,166.5,32.6,151.6,28.82,32.51,33.6,93.5,15.700000000000001,51.300000000000004,81.4,205.0,2856.0,1.37,35.5,14.98,7.01,35.99,29.04,2.0,204.5,1200.0
68942.288,0.0,140.0,91.2,21.71,15.92,168.0,32.550000000000004,150.9,28.82,32.43,33.550000000000004,93.0,15.65,50.400000000000006,81.30000000000001,205.0,2859.0,1.53,35.5,14.97,6.99,36.02,29.05,3.0,208.0,1200.0
69002.288,0.0,140.0,92.30000000000001,21.650000000000002,15.950000000000001,170.0,32.550000000000004,152.9,28.78,32.51,33.6,93.0,15.8,50.6,79.2,205.0,2867.0,1.34,35.5,15.01,6.99,36.0,29.04,0.0,202.5,1200.0
69062.288,0.0,140.0,90.0,21.55,15.93,169.0,32.5,151.8,28.84,32.480000000000004,33.6,93.5,15.75,50.2,78.10000000000001,206.5,2867.0,1.47,35.4,14.96,6.99,36.04,29.0,0.0,201.5,1200.0
69122.288,0.0,140.0,92.10000000000001,21.52,15.92,167.5,32.65,152.1,28.79,32.34,33.65,90.5,15.65,50.0,77.60000000000001,202.0,2867.0,1.3900000000000001,35.5,15.06,6.96,35.980000000000004,28.91,0.0,201.0,1200.0
69182.288,0.0,140.0,89.9,21.54,15.950000000000001,166.5,32.6,151.6,28.82,32.43,33.6,92.0,15.600000000000001,50.300000000000004,76.80000000000001,205.5,2874.0,1.5,35.550000000000004,14.98,7.0,35.95,28.98,0.0,204.5,1200.0
69242.288,0.0,140.0,91.7,21.5,15.88,166.5,32.550000000000004,152.0,28.73,32.480000000000004,33.6,96.0,15.600000000000001,49.5,75.5,203.0,2874.0,1.46,35.4,15.01,7.08,36.02,29.09,0.0,201.0,1200.0
69302.288,0.0,140.0,90.30000000000001,21.54,15.93,165.5,32.550000000000004,149.5,28.87,32.51,33.550000000000004,93.5,15.55,49.5,74.2,205.5,2876.0,1.43,35.4,14.99,7.01,36.0,29.02,0.0,202.0,1200.0
69362.288,0.0,140.0,92.10000000000001,21.52,15.91,165.0,32.550000000000004,151.6,28.740000000000002,32.27,33.7,91.0,15.600000000000001,49.7,73.60000000000001,207.0,2879.0,1.51,35.550000000000004,14.93,6.95,36.01,28.990000000000002,2.0,199.5,1200.0
69422.288,0.0,140.0,92.5,21.39,15.84,165.5,32.45,151.1,28.78,32.47,33.550000000000004,93.5,15.65,49.2,72.9,199.5,2887.0,1.48,35.5,15.02,6.99,36.01,29.080000000000002,0.0,199.0,1200.0
69482.288,0.0,140.0,91.5,21.400000000000002,15.9,164.5,32.5,151.3,28.76,32.24,33.75,93.5,15.5,49.1,71.7,199.5,2886.0,1.48,35.4,14.99,6.97,36.02,28.990000000000002,0.0,203.0,1200.0
69542.288,0.0,140.0,91.10000000000001,21.35,15.85,166.0,32.45,150.8,28.73,32.35,33.6,91.5,15.600000000000001,48.900000000000006,70.3,200.0,2887.0,1.36,35.4,14.93,6.91,36.02,29.01,1.0,198.5,1200.0
69602.287,0.0,140.0,93.2,21.35,15.84,166.5,32.4,152.6,28.71,32.17,33.65,91.5,15.65,48.1,69.2,194.5,2889.0,1.18,35.550000000000004,14.950000000000001,7.0200000000000005,36.0,29.11,0.0,198.0,1200.0
69662.287,0.0,140.0,90.80000000000001,21.29,15.96,166.5,32.35,151.4,28.73,32.160000000000004,33.6,94.0,15.600000000000001,48.400000000000006,68.4,196.0,2894.0,1.35,35.4,15.0,6.98,35.980000000000004,28.98,3.0,194.5,1200.0
69722.287,0.0,140.0,90.80000000000001,21.35,15.870000000000001,163.0,32.25,152.8,28.72,32.27,33.9,93.0,15.65,47.5,68.2,199.0,2894.0,1.3800000000000001,35.4,15.030000000000001,6.94,35.99,29.05,0.0,196.5,1200.0
69782.287,0.0,140.0,90.0,21.3,15.9,167.5,32.300000000000004,151.70000000000002,28.72,32.2,33.800000000000004,93.5,15.75,48.0,67.3,199.5,2893.0,1.6300000000000001,35.45,15.040000000000001,6.95,36.03,28.93,0.0,196.0,1200.0
69842.287,0.0,140.0,91.10000000000001,21.31,15.950000000000001,166.0,32.25,152.4,28.73,32.26,33.75,90.5,15.75,48.5,67.7,193.5,2890.0,1.47,35.5,15.030000000000001,7.0,36.02,28.98,3.0,197.0,1200.0
69902.287,0.0,140.0,91.5,21.34,15.950000000000001,165.5,32.300000000000004,149.3,28.64,32.17,33.7,91.0,15.700000000000001,47.7,67.4,195.0,2887.0,1.33,35.45,14.93,6.97,36.050000000000004,29.080000000000002,0.0,196.5,1200.0
69962.287,0.0,140.0,90.80000000000001,21.35,15.96,165.0,32.35,151.1,28.8,32.2,33.75,92.0,15.850000000000001,47.900000000000006,67.0,194.5,2891.0,1.3800000000000001,35.45,14.96,6.97,36.050000000000004,28.92,0.0,199.0,1200.0
70022.287,0.0,140.0,91.5,21.38,15.950000000000001,165.5,32.35,152.5,28.8,32.33,33.800000000000004,91.5,15.700000000000001,48.5,67.4,197.5,2884.0,1.36,35.5,14.93,7.05,35.95,28.990000000000002,0.0,192.0,1200.0
70082.287,0.0,140.0,90.7,21.38,15.98,166.0,32.35,151.20000000000002,28.810000000000002,32.22,33.7,93.5,15.700000000000001,48.300000000000004,67.8,189.5,2886.0,1.47,35.5,15.07,6.97,36.02,29.05,0.0,191.5,1200.0
70142.287,0.0,140.0,88.9,21.35,15.99,165.0,32.4,151.6,28.73,32.2,33.550000000000004,93.0,15.850000000000001,48.5,67.10000000000001,195.0,2878.0,1.3800000000000001,35.550000000000004,15.01,6.95,36.02,29.0,0.0,195.0,1200.0
70202.287,0.0,140.0,92.2,21.35,15.99,165.5,32.35,152.6,28.69,32.26,33.65,94.0,15.700000000000001,48.1,67.3,197.0,2884.0,1.48,35.4,15.01,7.01,36.01,28.94,0.0,195.5,1200.0
70262.287,0.0,140.0,91.10000000000001,21.48,16.02,166.5,32.35,149.8,28.8,32.21,33.7,93.0,15.9,47.800000000000004,67.9,193.0,2880.0,1.37,35.45,14.91,7.03,36.03,29.07,1.0,201.0,1200.0
70322.287,0.0,140.0,90.7,21.46,16.01,164.5,32.4,152.4,28.77,32.17,33.75,93.5,15.700000000000001,47.800000000000004,67.3,193.0,2879.0,1.4000000000000001,35.6,15.0,6.96,36.07,29.060000000000002,1.0,195.0,1200.0
70382.287,0.0,140.0,92.2,21.29,15.98,164.5,32.35,149.8,28.79,32.18,33.800000000000004,91.5,15.700000000000001,47.6,66.9,192.5,2884.0,1.33,35.35,14.97,6.88,36.050000000000004,28.89,0.0,192.0,1200.0
70442.287,0.0,140.0,92.2,21.34,16.01,166.0,32.300000000000004,151.4,28.78,32.230000000000004,33.75,91.0,15.8,48.0,66.10000000000001,196.0,2893.0,1.27,35.45,15.05,7.04,36.02,28.97,2.0,195.0,1200.0
70502.287,0.0,140.0,89.60000000000001,21.240000000000002,15.950000000000001,163.5,32.5,151.5,28.8,32.3,33.7,93.5,15.700000000000001,47.7,65.8,198.5,2892.0,1.28,35.45,14.93,7.0,36.07,28.990000000000002,0.0,199.0,1200.0
70562.286,0.0,140.0,92.0,21.25,15.94,166.0,32.45,151.20000000000002,28.75,32.26,33.7,92.0,15.850000000000001,47.1,65.2,195.5,2896.0,1.36,35.4,14.99,7.03,36.08,28.97,3.0,189.5,1200.0
70622.286,0.0,140.0,90.4,21.29,16.0,165.0,32.35,151.0,28.85,32.230000000000004,33.85,93.5,15.65,47.0,64.7,190.0,2901.0,1.44,35.550000000000004,14.97,7.0200000000000005,35.980000000000004,28.93,0.0,192.0,1200.0
70682.286,0.0,140.0,92.0,21.240000000000002,15.92,165.0,32.25,152.5,28.84,32.28,33.95,93.0,15.700000000000001,47.0,64.0,193.5,2901.0,1.41,35.550000000000004,15.01,6.97,35.97,28.93,0.0,191.5,1200.0
70742.286,0.0,140.0,90.7,21.21,15.93,167.5,32.35,152.3,28.84,32.25,33.85,94.0,15.8,47.1,62.6,196.0,2907.0,1.28,35.5,14.98,6.99,35.95,29.0,0.0,195.5,1200.0
70802.286,0.0,140.0,90.4,21.150000000000002,15.860000000000001,165.5,32.45,151.70000000000002,28.87,32.21,33.85,91.0,15.65,46.400000000000006,62.6,191.0,2906.0,1.43,35.550000000000004,15.0,6.96,35.910000000000004,29.07,0.0,192.0,1200.0
70862.286,0.0,140.0,89.0,21.13,15.93,166.5,32.25,153.0,28.77,32.230000000000004,33.85,93.0,15.700000000000001,46.7,62.400000000000006,194.5,2908.0,1.53,35.4,14.93,6.97,35.99,29.07,0.0,192.5,1200.0
70922.286,0.0,140.0,91.10000000000001,21.16,16.03,166.5,32.300000000000004,151.70000000000002,28.82,32.2,33.85,90.5,15.8,46.5,61.6,193.5,2905.0,1.3900000000000001,35.4,14.96,7.03,35.94,28.96,3.0,189.0,1200.0
70982.286,0.0,140.0,91.9,21.14,15.98,165.5,32.4,151.8,28.85,32.11,33.95,92.0,15.850000000000001,46.2,60.7,188.5,2914.0,1.35,35.4,15.0,7.0200000000000005,35.910000000000004,29.05,1.0,190.0,1200.0
71042.286,0.0,140.0,91.7,21.18,16.01,164.0,32.35,149.9,28.91,32.24,33.75,93.5,15.8,46.900000000000006,60.5,191.0,2920.0,1.42,35.5,15.0,7.09,36.01,29.02,0.0,188.0,1200.0
71102.286,0.0,140.0,90.9,21.19,15.93,165.5,32.35,151.6,28.79,32.28,33.95,91.5,15.850000000000001,46.400000000000006,59.900000000000006,187.5,2909.0,1.46,35.5,14.99,7.05,36.01,28.92,0.0,191.5,1200.0
71162.286,0.0,140.0,89.9,21.16,15.93,166.0,32.2,150.5,28.810000000000002,32.160000000000004,33.95,92.0,15.700000000000001,45.800000000000004,59.6,190.0,2915.0,1.51,35.45,15.030000000000001,7.0,36.07,28.97,0.0,192.5,1200.0
71222.286,0.0,140.0,91.4,21.11,15.99,164.0,32.300000000000004,151.1,28.810000000000002,32.22,34.0,93.5,15.75,46.1,59.800000000000004,193.5,2919.0,1.47,35.5,14.99,7.08,35.95,28.92,1.0,191.5,1200.0
71282.286,0.0,140.0,91.10000000000001,21.13,15.9,164.0,32.300000000000004,152.20000000000002,28.88,32.33,33.95,93.5,15.75,46.300000000000004,59.400000000000006,192.0,2911.0,1.3900000000000001,35.550000000000004,14.950000000000001,6.98,36.07,29.05,0.0,190.0,1200.0
71342.286,0.0,140.0,90.4,21.12,15.96,165.5,32.35,150.8,28.79,32.18,33.85,93.0,15.700000000000001,46.400000000000006,59.2,184.5,2919.0,1.45,35.6,14.99,7.0200000000000005,35.9,29.01,0.0,191.0,1200.0
71402.286,0.0,140.0,91.2,21.16,15.99,166.0,32.35,151.20000000000002,28.78,32.11,33.800000000000004,92.5,15.75,46.7,58.6,191.5,2917.0,1.32,35.65,14.93,6.97,35.95,29.03,2.0,187.5,1200.0
71462.285,0.0,140.0,89.7,21.2,15.98,164.5,32.4,150.3,28.900000000000002,32.17,33.95,93.0,15.850000000000001,46.1,58.7,193.0,2911.0,1.37,35.550000000000004,14.950000000000001,7.01,36.04,28.91,0.0,190.5,1200.0
71522.285,0.0,140.0,91.60000000000001,21.25,16.04,165.0,32.4,150.5,28.88,32.18,34.0,90.0,15.75,46.300000000000004,59.300000000000004,189.0,2905.0,1.54,35.5,15.01,6.92,35.99,28.96,0.0,181.5,1200.0
71582.285,0.0,140.0,91.7,21.240000000000002,16.09,167.0,32.300000000000004,152.20000000000002,28.8,32.230000000000004,33.65,94.5,15.700000000000001,46.900000000000006,60.900000000000006,191.0,2903.0,1.54,35.5,15.02,6.91,36.0,29.03,0.0,190.0,1200.0
71642.285,0.0,140.0,90.7,21.43,16.05,167.0,32.5,151.8,28.78,32.160000000000004,33.800000000000004,91.5,15.9,47.800000000000004,61.900000000000006,195.0,2893.0,1.26,35.6,15.05,7.04,36.02,29.05,0.0,195.0,1200.0
71702.285,0.0,140.0,91.9,21.400000000000002,16.15,165.0,32.45,150.70000000000002,28.78,32.3,33.7,91.0,15.9,47.400000000000006,63.1,192.0,2888.0,1.36,35.550000000000004,15.0,7.01,36.1,28.98,0.0,192.5,1200.0
71762.285,0.0,140.0,92.5,21.5,16.080000000000002,168.5,32.5,152.5,28.77,32.28,33.75,92.5,15.8,47.5,64.60000000000001,195.0,2883.0,1.5,35.7,15.05,7.0,35.93,28.98,0.0,192.5,1200.0
71822.285,0.0,140.0,89.7,21.52,16.18,168.0,32.25,150.70000000000002,28.79,32.29,33.7,91.5,15.850000000000001,47.900000000000006,67.0,194.5,2880.0,1.49,35.6,14.94,7.0600000000000005,36.02,29.04,1.0,195.5,1200.0
71882.285,0.0,140.0,91.0,21.66,16.21,166.0,32.5,150.8,28.8,32.26,33.65,93.0,15.850000000000001,48.2,68.2,199.0,2871.0,1.26,35.45,15.02,7.03,36.03,29.080000000000002,1.0,196.0,1200.0
71942.285,0.0,140.0,90.10000000000001,21.64,16.18,163.0,32.45,151.70000000000002,28.740000000000002,32.32,33.7,93.0,15.950000000000001,48.6,69.8,195.0,2863.0,1.48,35.550000000000004,15.05,7.0200000000000005,36.07,29.0,0.0,191.0,1200.0
72002.285,0.0,140.0,90.80000000000001,21.75,16.240000000000002,166.5,32.45,152.6,28.91,32.37,33.9,92.5,15.9,49.5,71.4,197.0,2856.0,1.33,35.45,14.96,7.0,36.050000000000004,28.98,0.0,196.5,1200.0
72062.285,0.0,140.0,90.7,21.72,16.18,166.5,32.65,152.5,28.76,32.35,33.7,96.5,15.950000000000001,49.6,72.8,194.5,2858.0,1.51,35.550000000000004,15.040000000000001,7.03,35.96,29.01,0.0,193.0,1200.0
72122.285,0.0,140.0,90.30000000000001,21.68,16.03,164.5,32.45,151.20000000000002,28.77,32.42,33.6,95.5,15.9,49.400000000000006,73.4,200.0,2864.0,1.33,35.550000000000004,15.02,7.0,35.99,28.990000000000002,0.0,196.0,1200.0
72182.285,0.0,140.0,90.30000000000001,21.580000000000002,16.080000000000002,166.0,32.300000000000004,152.4,28.75,32.39,33.7,92.5,15.75,49.300000000000004,73.5,199.0,2867.0,1.27,35.6,15.02,6.95,35.99,28.990000000000002,2.0,200.5,1200.0
72242.285,0.0,140.0,90.7,21.61,16.12,168.0,32.550000000000004,149.4,28.89,32.39,33.7,92.5,15.850000000000001,49.0,72.9,192.5,2868.0,1.3900000000000001,35.550000000000004,15.02,6.98,35.86,29.02,1.0,198.5,1200.0
72302.285,0.0,140.0,91.10000000000001,21.48,16.03,168.0,32.4,153.0,28.78,32.34,33.800000000000004,92.5,15.700000000000001,48.6,72.60000000000001,202.0,2873.0,1.42,35.5,15.0,7.0600000000000005,36.02,29.07,1.0,199.5,1200.0
72362.285,0.0,140.0,91.4,21.53,16.03,166.0,32.35,152.6,28.86,32.32,33.800000000000004,91.0,15.700000000000001,49.0,72.4,199.0,2875.0,1.57,35.6,15.02,7.07,35.97,28.98,0.0,198.0,1200.0
72422.284,0.0,140.0,90.80000000000001,21.46,16.01,165.0,32.5,152.1,28.82,32.43,33.6,91.0,15.75,49.2,71.0,200.0,2884.0,1.44,35.5,14.96,7.03,36.03,29.03,2.0,197.5,1200.0
72482.284,0.0,140.0,92.7,21.43,15.88,166.5,32.6,151.3,28.75,32.38,33.65,93.0,15.75,48.800000000000004,71.4,198.5,2888.0,1.41,35.4,15.040000000000001,6.98,36.02,29.01,0.0,200.0,1200.0
72542.284,0.0,140.0,92.7,21.39,15.92,166.0,32.550000000000004,151.9,28.86,32.46,33.75,95.0,15.9,48.5,69.9,197.0,2895.0,1.45,35.5,15.06,7.01,36.02,28.86,0.0,203.0,1200.0
72602.284,0.0,140.0,92.4,21.39,15.9,167.0,32.5,152.3,28.87,32.4,33.85,93.0,15.65,48.1,68.7,201.0,2896.0,1.37,35.5,14.99,7.09,35.92,29.01,0.0,198.5,1200.0
72662.284,0.0,140.0,92.0,21.54,15.93,166.5,32.45,150.1,28.88,32.46,33.85,91.5,15.75,48.300000000000004,69.60000000000001,196.5,2891.0,1.35,35.550000000000004,15.030000000000001,6.97,36.01,29.01,0.0,194.5,1200.0
72722.284,0.0,140.0,92.0,21.59,16.05,168.0,32.6,150.9,28.96,32.47,33.9,93.5,15.75,48.5,71.7,202.5,2887.0,1.3,35.45,15.02,6.97,36.03,28.98,0.0,200.5,1200.0
72782.284,0.0,140.0,91.9,21.73,16.080000000000002,166.5,32.550000000000004,149.70000000000002,28.900000000000002,32.43,33.85,92.0,15.950000000000001,49.900000000000006,73.7,201.0,2870.0,1.37,35.45,14.98,7.0200000000000005,36.04,29.02,0.0,201.0,1200.0
72842.284,0.0,140.0,91.10000000000001,21.91,16.17,166.5,32.75,151.3,28.88,32.52,33.75,91.5,15.950000000000001,49.900000000000006,77.2,194.5,2860.0,1.3800000000000001,35.45,14.99,7.0,36.050000000000004,28.98,0.0,200.0,1200.0
72902.284,0.0,140.0,90.10000000000001,21.98,16.27,168.5,32.7,151.9,28.84,32.58,33.800000000000004,94.0,15.9,51.1,79.80000000000001,207.5,2853.0,1.32,35.6,15.01,7.0200000000000005,36.0,29.04,1.0,203.0,1200.0
72962.284,0.0,140.0,92.80000000000001,22.1,16.32,168.0,32.800000000000004,151.20000000000002,28.85,32.71,33.6,94.5,15.9,51.400000000000006,83.9,207.0,2837.0,1.36,35.4,15.01,7.07,36.160000000000004,28.98,0.0,203.0,1200.0
73022.284,0.0,140.0,89.7,22.21,16.330000000000002,169.0,32.75,150.20000000000002,28.85,32.76,33.75,93.0,15.850000000000001,52.300000000000004,90.4,209.0,2822.0,1.24,35.45,15.040000000000001,7.01,35.96,29.0,0.0,210.0,1200.0
73082.284,0.0,140.0,89.80000000000001,22.39,16.32,166.0,33.0,151.4,28.95,32.84,33.65,94.5,16.150000000000002,53.800000000000004,97.60000000000001,214.5,2810.0,1.42,35.35,15.08,7.04,35.99,28.92,1.0,215.5,1200.0
73142.284,0.0,140.0,90.2,22.5,16.36,169.0,33.1,151.70000000000002,28.85,32.8,33.6,95.0,16.0,54.900000000000006,99.9,219.5,2797.0,1.43,35.7,14.98,7.0,35.93,28.98,0.0,217.5,1200.0
73202.284,0.0,140.0,91.0,22.59,16.47,170.5,33.15,152.1,28.92,32.910000000000004,33.550000000000004,92.0,16.35,55.7,99.4,209.0,2794.0,1.41,35.5,14.94,7.03,36.0,29.04,0.0,216.0,1200.0
73262.284,0.0,140.0,90.10000000000001,22.5,16.43,170.0,33.050000000000004,151.1,28.78,32.88,33.4,91.0,16.05,55.1,100.0,220.0,2805.0,1.51,35.550000000000004,15.02,6.99,35.980000000000004,29.02,0.0,217.5,1200.0
73322.284,0.0,140.0,91.60000000000001,22.42,16.23,169.5,33.050000000000004,151.3,28.78,32.92,33.550000000000004,95.0,16.05,55.6,100.0,216.5,2815.0,1.37,35.45,14.96,7.01,36.02,29.04,1.0,218.5,1200.0
73382.283,0.0,140.0,91.5,22.39,16.12,167.5,33.15,150.6,28.84,32.910000000000004,33.6,91.5,15.950000000000001,54.800000000000004,100.0,219.0,2824.0,1.43,35.550000000000004,15.08,7.0,35.980000000000004,29.0,0.0,218.0,1200.0
73442.283,0.0,140.0,89.5,22.330000000000002,16.12,166.5,32.95,150.20000000000002,28.8,32.910000000000004,33.65,93.5,15.75,55.1,100.0,227.5,2826.0,1.43,35.75,15.07,7.04,36.02,28.94,0.0,217.0,1200.0
73502.283,0.0,140.0,90.9,22.21,16.06,170.0,33.1,150.70000000000002,28.84,32.89,33.65,93.0,15.8,55.1,99.2,222.5,2831.0,1.51,35.65,15.01,7.03,35.94,28.95,1.0,219.5,1200.0
73562.283,0.0,140.0,90.2,22.19,16.01,168.5,33.0,149.8,28.7,32.85,33.550000000000004,94.5,15.9,54.800000000000004,100.0,221.5,2837.0,1.43,35.6,15.05,6.99,35.980000000000004,28.96,1.0,220.5,1200.0
73622.283,0.0,140.0,91.0,22.09,15.96,168.0,32.95,150.4,28.75,32.85,33.4,89.5,15.75,54.2,99.9,220.5,2829.0,1.41,35.7,15.08,6.95,36.02,29.02,1.0,220.0,1200.0
73682.283,0.0,140.0,91.30000000000001,22.01,15.94,169.5,32.85,151.20000000000002,28.78,32.74,33.6,92.0,15.65,54.1,100.0,221.0,2833.0,1.41,35.5,14.99,7.0,36.03,29.02,0.0,221.0,1200.0
73742.283,0.0,140.0,90.60000000000001,21.96,15.85,169.5,32.95,150.3,28.82,32.79,33.4,90.0,15.450000000000001,54.2,99.80000000000001,220.5,2837.0,1.41,35.800000000000004,15.0,6.98,36.050000000000004,28.96,2.0,219.5,1200.0
73802.283,0.0,140.0,90.60000000000001,21.86,15.8,165.5,32.800000000000004,153.1,28.87,32.72,33.550000000000004,91.5,15.600000000000001,53.900000000000006,100.0,221.0,2843.0,1.27,35.5,15.030000000000001,7.0,36.0,28.95,0.0,222.5,1200.0
73862.283,0.0,140.0,90.9,21.8,15.71,166.5,32.85,150.8,28.76,32.76,33.6,90.5,15.450000000000001,53.800000000000004,100.0,222.5,2852.0,1.34,35.65,14.97,6.92,35.99,28.98,1.0,222.0,1200.0
73922.283,0.0,140.0,92.60000000000001,21.67,15.77,168.5,32.85,150.8,28.67,32.71,33.6,92.0,15.5,53.7,95.2,218.0,2853.0,1.46,35.5,14.96,6.97,35.99,29.05,0.0,220.0,1200.0
73982.283,0.0,140.0,92.7,21.61,15.73,167.0,32.6,152.20000000000002,28.7,32.52,33.45,92.5,15.4,52.7,90.60000000000001,213.5,2860.0,1.41,35.550000000000004,15.040000000000001,7.0200000000000005,36.0,28.96,0.0,213.0,1200.0
74042.283,0.0,140.0,89.9,21.55,15.790000000000001,168.5,32.75,151.20000000000002,28.68,32.6,33.550000000000004,91.0,15.450000000000001,51.900000000000006,85.60000000000001,214.0,2860.0,1.23,35.4,15.02,6.98,36.0,28.97,0.0,217.0,1200.0
74102.283,0.0,140.0,91.0,21.48,15.76,165.5,32.45,153.0,28.76,32.35,33.5,94.5,15.350000000000001,50.5,81.60000000000001,210.0,2873.0,1.45,35.5,14.94,6.96,35.99,29.0,0.0,212.0,1200.0
74162.283,0.0,140.0,90.7,21.37,15.81,167.0,32.550000000000004,151.1,28.72,32.31,33.45,91.5,15.4,49.800000000000004,79.2,204.5,2877.0,1.46,35.45,14.99,7.05,36.0,29.07,0.0,200.0,1200.0
74222.283,0.0,140.0,90.30000000000001,21.34,15.73,167.5,32.6,151.70000000000002,28.78,32.31,33.550000000000004,92.5,15.350000000000001,49.1,77.0,205.5,2887.0,1.43,35.4,15.040000000000001,6.97,35.94,29.09,3.0,202.0,1200.0
74282.283,0.0,140.0,91.30000000000001,21.28,15.68,166.0,32.300000000000004,151.0,28.69,32.22,33.65,91.0,15.4,49.400000000000006,74.3,201.0,2888.0,1.47,35.35,15.030000000000001,7.04,35.980000000000004,28.97,0.0,208.0,1200.0
74342.283,0.0,140.0,93.10000000000001,21.19,15.67,166.5,32.35,153.1,28.71,32.22,33.65,89.5,15.4,48.300000000000004,71.4,199.0,2889.0,1.35,35.5,15.01,7.0200000000000005,35.97,28.97,3.0,197.0,1200.0
74402.282,0.0,140.0,91.60000000000001,21.1,15.700000000000001,164.0,32.300000000000004,151.6,28.6,32.160000000000004,33.75,90.0,15.4,48.5,68.7,193.0,2902.0,1.35,35.45,15.02,7.03,36.04,29.01,2.0,197.5,1200.0
74462.282,0.0,140.0,92.5,21.26,15.77,165.5,32.4,150.1,28.66,32.230000000000004,33.7,88.5,15.700000000000001,47.5,68.3,203.5,2894.0,1.44,35.45,14.97,7.07,35.89,29.07,0.0,196.0,1200.0
74522.282,0.0,140.0,92.10000000000001,21.41,15.93,164.5,32.45,152.1,28.78,32.19,33.65,92.0,15.600000000000001,47.300000000000004,69.5,198.5,2887.0,1.3,35.45,14.99,7.01,35.99,29.080000000000002,0.0,197.0,1200.0
74582.282,0.0,140.0,91.4,21.48,15.98,168.0,32.4,151.6,28.77,32.230000000000004,33.75,91.5,15.9,48.800000000000004,70.9,197.0,2881.0,1.32,35.300000000000004,15.01,6.99,36.09,29.01,0.0,198.5,1200.0
74642.282,0.0,140.0,90.60000000000001,21.68,16.080000000000002,168.5,32.550000000000004,151.20000000000002,28.85,32.39,33.7,93.5,15.9,50.0,73.7,202.0,2866.0,1.42,35.45,14.950000000000001,7.1000000000000005,36.04,28.990000000000002,0.0,199.5,1200.0
74702.282,0.0,140.0,90.0,21.77,16.14,166.0,32.45,151.3,28.7,32.410000000000004,33.6,93.0,15.9,50.1,75.3,198.5,2858.0,1.33,35.45,15.11,6.95,36.03,28.93,0.0,201.0,1200.0
74762.282,0.0,140.0,90.4,21.900000000000002,16.240000000000002,167.5,32.65,150.0,28.84,32.46,33.65,93.0,15.950000000000001,50.7,78.80000000000001,205.5,2841.0,1.45,35.45,14.99,6.99,36.02,29.02,0.0,206.0,1200.0
74822.282,0.0,140.0,92.7,22.14,16.26,167.0,32.550000000000004,152.0,28.73,32.47,33.7,96.0,16.05,51.2,82.30000000000001,205.0,2836.0,1.41,35.550000000000004,14.98,6.93,36.06,29.02,0.0,203.0,1200.0
74882.282,0.0,140.0,92.30000000000001,22.17,16.31,167.5,32.7,151.8,28.810000000000002,32.65,33.6,93.5,16.1,51.900000000000006,88.80000000000001,212.0,2823.0,1.48,35.35,15.040000000000001,7.05,36.03,29.04,0.0,204.0,1200.0
74942.282,0.0,140.0,91.0,22.37,16.34,170.0,32.9,152.0,28.82,32.88,33.75,92.5,16.05,53.1,96.10000000000001,213.0,2810.0,1.42,35.35,14.99,6.95,35.980000000000004,29.04,1.0,215.5,1200.0
75002.282,0.0,140.0,91.2,22.54,16.43,169.5,32.95,151.1,28.88,32.85,33.7,94.5,16.0,55.0,100.0,218.5,2801.0,1.54,35.6,15.0,7.0,36.08,29.11,0.0,217.0,1200.0
75062.282,0.0,140.0,92.7,22.51,16.38,170.0,33.050000000000004,150.70000000000002,28.92,32.980000000000004,33.550000000000004,91.0,16.2,56.2,99.7,208.0,2798.0,1.36,35.6,14.97,7.0200000000000005,35.97,28.96,0.0,214.0,1200.0
75122.282,0.0,140.0,91.7,22.490000000000002,16.45,167.0,33.050000000000004,150.20000000000002,28.94,32.94,33.65,92.5,16.1,55.2,99.7,215.0,2795.0,1.3900000000000001,35.4,14.92,6.95,36.04,29.13,0.0,213.0,1200.0
75182.282,0.0,140.0,90.60000000000001,22.51,16.26,168.5,33.1,150.70000000000002,28.8,32.96,33.65,93.0,16.05,55.300000000000004,99.80000000000001,222.0,2811.0,1.23,35.4,14.97,6.93,36.18,29.02,0.0,217.5,1200.0
75242.282,0.0,140.0,91.60000000000001,22.52,16.25,170.5,33.1,151.6,28.830000000000002,32.87,33.550000000000004,92.5,15.950000000000001,55.400000000000006,99.9,215.5,2819.0,1.42,35.6,14.99,7.07,36.01,28.98,0.0,219.0,1200.0
75302.282,0.0,140.0,90.60000000000001,22.53,16.19,169.5,33.2,150.8,28.87,32.99,33.6,91.5,16.0,55.900000000000006,100.0,224.0,2829.0,1.42,35.6,14.99,7.05,35.97,29.11,0.0,227.0,1200.0
75362.282,0.0,140.0,90.30000000000001,22.48,16.15,169.5,33.1,152.8,28.91,33.03,33.6,94.5,15.8,56.1,99.80000000000001,222.5,2839.0,1.35,35.75,14.97,7.08,36.01,28.95,0.0,229.0,1200.0
75422.281,0.0,140.0,91.5,22.52,16.12,169.5,33.1,152.5,28.87,33.01,33.75,95.0,15.8,56.300000000000004,99.7,222.5,2849.0,1.47,35.9,15.06,7.03,35.95,28.92,0.0,225.0,1200.0
75482.281,0.0,140.0,90.10000000000001,22.63,16.05,172.0,33.1,151.0,28.830000000000002,33.05,33.45,94.0,15.9,56.1,99.9,230.0,2855.0,1.42,35.800000000000004,15.030000000000001,6.94,36.02,29.09,0.0,229.5,1200.0
75542.281,0.0,140.0,92.5,22.56,16.07,171.0,33.1,151.3,28.900000000000002,33.18,33.65,93.0,15.8,55.7,99.9,224.0,2857.0,1.55,35.95,14.99,6.96,36.02,29.05,0.0,230.5,1200.0
75602.281,0.0,140.0,89.80000000000001,22.54,16.06,168.5,33.15,152.0,28.810000000000002,33.04,33.800000000000004,92.5,15.850000000000001,56.1,100.0,228.0,2854.0,1.47,35.95,14.97,6.98,36.02,29.060000000000002,1.0,231.5,1200.0
75662.281,0.0,140.0,91.5,22.44,16.02,169.0,33.2,150.70000000000002,28.900000000000002,32.99,33.7,93.0,15.8,56.2,99.80000000000001,230.5,2858.0,1.5,36.2,14.94,6.99,36.03,28.92,0.0,230.5,1200.0
75722.281,0.0,140.0,90.80000000000001,22.31,16.04,172.5,33.050000000000004,150.9,28.82,33.0,33.6,90.0,15.75,56.1,100.0,231.5,2856.0,1.3800000000000001,35.85,14.96,7.01,36.0,28.990000000000002,2.0,231.0,1200.0
75782.281,0.0,140.0,89.30000000000001,22.22,15.93,169.5,33.15,151.0,28.84,33.02,33.7,93.0,15.700000000000001,54.900000000000006,100.0,228.0,2852.0,1.59,35.95,14.96,6.98,36.02,29.03,3.0,228.0,1200.0
75842.281,0.0,140.0,89.60000000000001,22.14,15.97,170.0,32.95,150.6,28.84,32.92,33.6,90.5,15.600000000000001,54.5,99.9,221.0,2848.0,1.48,36.1,15.0,7.0,35.95,28.93,1.0,223.5,1200.0
75902.281,0.0,140.0,90.60000000000001,21.98,15.860000000000001,169.5,32.95,151.4,28.82,32.89,33.65,93.0,15.65,54.7,100.0,220.0,2844.0,1.44,36.050000000000004,15.030000000000001,7.05,35.96,28.900000000000002,0.0,224.5,1200.0
75962.281,0.0,140.0,92.10000000000001,21.96,15.83,169.0,32.95,152.8,28.900000000000002,32.83,33.5,93.5,15.5,54.2,100.0,224.5,2846.0,1.33,35.85,15.030000000000001,7.03,36.050000000000004,28.91,1.0,224.5,1200.0
76022.281,0.0,140.0,90.30000000000001,21.8,15.8,169.0,33.050000000000004,151.8,28.92,32.85,33.6,91.0,15.55,53.6,100.0,224.5,2848.0,1.35,35.95,15.02,6.96,35.99,28.84,0.0,226.5,1200.0
76082.281,0.0,140.0,91.60000000000001,21.66,15.69,169.0,32.9,152.0,28.79,32.8,33.65,91.5,15.3,53.5,100.0,223.0,2855.0,1.43,35.85,15.1,7.0,35.95,28.98,0.0,223.0,1200.0
76142.281,0.0,140.0,90.60000000000001,21.59,15.63,168.5,32.85,152.0,28.78,32.71,33.65,91.5,15.450000000000001,52.900000000000006,93.5,218.5,2870.0,1.29,35.85,14.99,6.99,36.04,28.91,0.0,220.5,1200.0
76202.281,0.0,140.0,92.2,21.43,15.700000000000001,166.0,32.7,151.70000000000002,28.88,32.63,33.7,90.5,15.5,52.2,87.60000000000001,215.0,2875.0,1.4000000000000001,35.85,14.96,6.96,35.980000000000004,29.0,0.0,219.5,1200.0
76262.281,0.0,140.0,91.5,21.56,15.72,166.0,32.800000000000004,153.9,28.89,32.57,33.75,92.0,15.600000000000001,51.400000000000006,85.0,214.5,2875.0,1.29,35.65,15.05,6.91,36.03,28.96,1.0,213.5,1200.0
76322.281,0.0,140.0,90.7,21.68,15.89,167.5,32.7,151.6,28.79,32.58,33.75,91.0,15.65,50.400000000000006,84.60000000000001,211.5,2871.0,1.37,35.800000000000004,14.96,7.05,35.92,29.09,0.0,213.0,1200.0
76382.281,0.0,140.0,89.9,21.7,15.9,167.0,32.6,150.70000000000002,28.72,32.660000000000004,33.65,91.5,15.65,51.0,85.5,208.5,2860.0,1.3900000000000001,35.75,14.98,7.0200000000000005,35.95,29.080000000000002,0.0,211.0,1200.0
76442.28,0.0,140.0,91.0,21.85,15.860000000000001,166.5,32.800000000000004,150.8,28.69,32.58,33.800000000000004,93.5,15.55,51.400000000000006,87.30000000000001,213.5,2860.0,1.53,35.65,15.05,6.95,35.94,28.93,0.0,211.0,1200.0
76502.28,0.0,140.0,91.0,21.900000000000002,15.98,170.5,32.75,150.5,28.88,32.69,33.550000000000004,92.5,15.850000000000001,52.0,88.60000000000001,216.0,2848.0,1.31,35.550000000000004,14.98,7.05,35.96,29.04,0.0,214.0,1200.0
76562.28,0.0,140.0,92.10000000000001,21.95,16.05,168.0,32.7,151.5,28.79,32.74,33.5,93.5,15.850000000000001,52.7,90.80000000000001,215.0,2838.0,1.37,35.75,15.0,6.97,35.980000000000004,29.02,0.0,215.5,1200.0
76622.28,0.0,140.0,92.60000000000001,22.07,16.13,170.0,32.85,152.70000000000002,28.87,32.7,33.7,92.0,15.75,53.0,93.2,217.0,2825.0,1.55,35.5,15.01,7.03,35.97,29.0,0.0,219.0,1200.0
76682.28,0.0,140.0,90.30000000000001,22.150000000000002,16.07,167.5,32.85,151.20000000000002,28.85,32.730000000000004,33.5,94.0,15.9,53.800000000000004,96.9,216.0,2825.0,1.4000000000000001,35.5,14.98,6.96,36.01,29.04,0.0,220.5,1200.0
76742.28,0.0,140.0,90.7,22.22,16.14,170.0,32.85,149.9,28.810000000000002,32.84,33.6,90.5,15.9,54.1,100.0,218.0,2817.0,1.3800000000000001,35.6,14.99,7.01,36.02,29.03,0.0,218.5,1200.0
76802.28,0.0,140.0,91.5,22.330000000000002,16.18,168.0,32.9,151.0,28.86,32.74,33.550000000000004,94.5,15.950000000000001,55.300000000000004,99.80000000000001,218.0,2810.0,1.37,35.4,15.0,7.03,35.97,29.05,1.0,219.5,1200.0
76862.28,0.0,140.0,92.0,22.36,16.32,169.0,32.9,151.4,28.77,32.83,33.6,93.5,16.05,55.2,99.80000000000001,219.0,2808.0,1.3900000000000001,35.65,15.0,6.99,36.06,29.12,0.0,215.5,1200.0
76922.28,0.0,140.0,90.5,22.37,16.28,168.0,32.800000000000004,153.1,28.82,32.88,33.550000000000004,92.5,16.0,54.5,100.0,214.5,2803.0,1.45,35.550000000000004,14.97,6.99,35.980000000000004,28.95,0.0,217.5,1200.0
76982.28,0.0,140.0,91.10000000000001,22.36,16.240000000000002,169.0,32.85,152.1,28.77,32.9,33.6,94.0,16.05,54.2,99.80000000000001,217.5,2814.0,1.3800000000000001,35.65,14.98,7.0,36.01,29.0,0.0,214.5,1200.0
77042.28,0.0,140.0,91.60000000000001,22.42,16.2,168.5,32.9,152.0,28.79,32.86,33.5,94.0,16.05,54.900000000000006,100.0,223.5,2825.0,1.42,35.7,14.97,7.04,35.94,29.04,0.0,218.5,1200.0
77102.28,0.0,140.0,90.2,22.51,16.17,168.5,33.1,151.9,28.87,32.89,33.550000000000004,93.0,15.850000000000001,55.800000000000004,100.0,222.0,2834.0,1.3900000000000001,35.800000000000004,14.97,6.96,36.06,28.97,0.0,222.5,1200.0
77162.28,0.0,140.0,90.0,22.51,16.09,169.0,33.300000000000004,151.1,28.810000000000002,32.89,33.5,90.5,15.9,55.7,100.0,226.5,2843.0,1.35,35.6,15.030000000000001,7.0,36.050000000000004,28.92,2.0,225.0,1200.0
77222.28,0.0,140.0,91.5,22.57,16.16,169.0,33.1,151.0,28.91,33.02,33.6,94.0,15.950000000000001,56.800000000000004,100.0,230.0,2844.0,1.29,35.75,14.950000000000001,6.98,35.94,28.990000000000002,1.0,229.0,1200.0
77282.28,0.0,140.0,91.5,22.67,16.09,172.0,33.1,150.70000000000002,28.84,33.01,33.65,95.0,15.8,56.400000000000006,99.7,228.5,2851.0,1.44,35.75,15.07,6.94,36.0,29.04,2.0,228.0,1200.0
77342.28,0.0,140.0,91.60000000000001,22.68,16.12,169.0,33.2,152.5,28.85,33.0,33.6,93.0,15.75,56.6,100.0,232.0,2860.0,1.26,35.9,15.0,6.98,35.92,29.060000000000002,2.0,229.0,1200.0
77402.28,0.0,140.0,89.7,22.740000000000002,16.19,169.5,33.2,151.8,28.86,33.14,33.9,93.5,15.600000000000001,57.0,100.0,233.0,2868.0,1.4000000000000001,35.85,14.98,6.96,36.01,28.98,0.0,236.0,1200.0
77462.279,0.0,140.0,91.0,22.67,16.14,172.0,33.15,151.1,28.810000000000002,33.1,33.75,92.0,15.75,57.300000000000004,100.0,237.0,2869.0,1.34,36.0,15.02,7.01,35.980000000000004,29.03,0.0,234.0,1200.0
77522.279,0.0,140.0,91.10000000000001,22.580000000000002,16.04,170.0,33.300000000000004,152.4,28.89,33.04,33.6,90.5,15.75,57.5,100.0,236.0,2867.0,1.42,36.1,14.950000000000001,6.97,35.95,28.97,1.0,233.5,1200.0
77582.279,0.0,140.0,92.80000000000001,22.56,16.02,172.5,33.25,151.5,28.810000000000002,33.04,33.7,93.0,15.75,57.300000000000004,100.0,234.0,2877.0,1.45,36.25,15.030000000000001,7.0600000000000005,35.93,29.04,1.0,236.5,1200.0
77642.279,0.0,140.0,91.5,22.51,15.96,171.5,33.15,150.20000000000002,28.85,33.04,33.65,92.5,15.65,56.900000000000006,100.0,228.0,2872.0,1.54,36.050000000000004,14.96,7.04,35.96,29.03,0.0,236.5,1200.0
77702.279,0.0,140.0,92.2,22.54,16.01,168.5,33.0,151.9,28.87,33.1,33.7,90.0,15.75,56.400000000000006,99.7,231.5,2871.0,1.52,36.2,14.99,6.98,36.03,29.03,0.0,234.0,1200.0
77762.279,0.0,140.0,91.0,22.38,16.0,169.5,33.15,151.5,28.87,33.160000000000004,33.7,92.0,15.700000000000001,56.2,99.60000000000001,235.0,2862.0,1.3,36.15,14.99,7.0,36.0,29.080000000000002,1.0,230.0,1200.0
77822.279,0.0,140.0,90.80000000000001,22.35,15.94,172.0,33.1,151.8,28.85,33.05,33.65,95.0,15.8,56.2,100.0,229.5,2862.0,1.21,36.2,15.0,6.98,35.89,29.01,2.0,229.5,1200.0
77882.279,0.0,140.0,91.30000000000001,22.41,15.93,171.0,33.2,150.70000000000002,28.91,32.99,33.65,92.0,15.65,56.0,99.5,231.5,2859.0,1.41,36.25,14.99,6.98,36.02,29.03,0.0,234.0,1200.0
77942.279,0.0,140.0,93.80000000000001,22.28,16.0,169.5,33.1,153.0,28.84,33.05,33.65,91.0,15.9,55.800000000000004,100.0,228.0,2860.0,1.42,36.15,14.98,6.96,36.03,29.05,0.0,230.0,1200.0
78002.279,0.0,140.0,92.80000000000001,22.23,16.0,167.5,33.1,151.4,28.900000000000002,32.89,33.550000000000004,92.0,15.700000000000001,55.400000000000006,100.0,226.5,2856.0,1.25,36.050000000000004,15.05,7.0600000000000005,36.02,28.97,0.0,228.5,1200.0
78062.279,0.0,140.0,89.10000000000001,22.23,15.97,169.5,33.1,152.9,28.84,32.97,33.550000000000004,93.5,15.8,55.0,100.0,223.0,2847.0,1.34,36.15,14.93,6.97,35.94,29.060000000000002,1.0,221.0,1200.0
78122.279,0.0,140.0,91.80000000000001,22.04,15.92,168.0,33.1,151.4,28.8,32.89,33.7,92.5,15.55,55.300000000000004,99.5,223.5,2843.0,1.44,35.95,15.030000000000001,7.0600000000000005,36.04,28.88,0.0,225.5,1200.0
78182.279,0.0,140.0,91.9,21.94,15.85,169.0,32.9,151.0,28.87,32.82,33.550000000000004,92.0,15.55,54.0,99.80000000000001,224.5,2841.0,1.47,35.9,15.02,7.0600000000000005,36.050000000000004,28.990000000000002,0.0,222.5,1200.0
78242.279,0.0,140.0,91.0,21.84,15.860000000000001,169.0,32.95,152.3,28.69,32.71,33.6,93.0,15.4,54.0,99.4,219.5,2840.0,1.45,35.9,15.05,7.03,36.08,29.11,1.0,225.5,1200.0
78302.279,0.0,140.0,92.4,21.76,15.75,171.0,32.85,150.9,28.73,32.74,33.65,92.0,15.450000000000001,53.6,100.0,224.5,2849.0,1.3900000000000001,35.9,14.98,7.0,36.04,29.09,2.0,221.0,1200.0
78362.279,0.0,140.0,90.30000000000001,21.63,15.67,168.0,32.800000000000004,149.9,28.75,32.69,33.550000000000004,91.0,15.450000000000001,53.5,96.9,217.0,2858.0,1.45,35.75,15.030000000000001,6.95,36.01,28.95,0.0,217.5,1200.0
78422.279,0.0,140.0,91.30000000000001,21.61,15.66,166.5,32.75,150.6,28.72,32.55,33.5,94.0,15.450000000000001,53.2,90.60000000000001,215.5,2869.0,1.45,35.800000000000004,14.96,7.0,35.95,29.03,0.0,211.0,1200.0
78482.279,0.0,140.0,89.0,21.5,15.69,168.0,32.550000000000004,151.9,28.66,32.5,33.6,92.0,15.600000000000001,51.2,84.80000000000001,207.0,2873.0,1.3800000000000001,35.75,15.030000000000001,6.96,35.97,28.98,0.0,212.5,1200.0
78542.278,0.0,140.0,91.2,21.29,15.59,167.0,32.550000000000004,152.3,28.71,32.32,33.65,91.5,15.450000000000001,50.7,80.5,206.0,2878.0,1.45,35.550000000000004,15.02,7.0,36.01,28.94,0.0,209.5,1200.0
78602.278,0.0,140.0,91.9,21.17,15.610000000000001,166.0,32.5,151.1,28.59,32.3,33.45,90.0,15.350000000000001,49.1,76.9,200.5,2892.0,1.18,35.4,14.98,6.98,36.04,28.990000000000002,1.0,203.0,1200.0
78662.278,0.0,140.0,92.2,21.35,15.64,166.0,32.45,151.5,28.71,32.27,33.6,91.0,15.4,49.1,75.8,206.0,2892.0,1.45,35.550000000000004,15.02,7.01,35.95,29.01,0.0,209.0,1200.0
78722.278,0.0,140.0,91.2,21.37,15.790000000000001,165.5,32.35,152.20000000000002,28.740000000000002,32.27,33.65,93.0,15.4,49.0,74.3,198.5,2887.0,1.43,35.45,15.08,6.99,36.03,28.990000000000002,0.0,199.0,1200.0
78782.278,0.0,140.0,90.5,21.39,15.82,165.5,32.35,150.8,28.64,32.32,33.65,94.5,15.75,49.1,73.60000000000001,197.5,2889.0,1.28,35.550000000000004,15.02,7.05,36.04,29.03,0.0,203.5,1200.0
78842.278,0.0,140.0,90.30000000000001,21.5,15.84,168.0,32.45,152.5,28.69,32.3,33.65,95.0,15.75,49.7,73.8,198.5,2875.0,1.3900000000000001,35.45,15.02,6.96,36.0,29.05,0.0,204.0,1200.0
78902.278,0.0,140.0,91.0,21.490000000000002,15.9,169.5,32.45,152.5,28.66,32.36,33.6,94.0,15.65,49.800000000000004,74.7,201.5,2875.0,1.42,35.4,15.0,7.09,36.02,29.01,0.0,194.5,1200.0
78962.278,0.0,140.0,91.30000000000001,21.56,15.93,167.5,32.6,151.3,28.72,32.32,33.800000000000004,93.5,15.75,49.0,74.9,201.0,2866.0,1.36,35.35,15.030000000000001,7.04,35.99,29.080000000000002,0.0,199.0,1200.0
79022.278,0.0,140.0,90.9,21.650000000000002,16.05,166.0,32.45,152.0,28.7,32.25,33.6,93.5,15.65,49.7,75.60000000000001,202.0,2861.0,1.45,35.45,14.99,7.01,36.03,29.02,1.0,198.0,1200.0
79082.278,0.0,140.0,90.9,21.7,16.04,165.5,32.65,151.8,28.69,32.46,33.6,93.5,15.850000000000001,49.6,77.2,200.5,2861.0,1.49,35.5,15.02,7.0,35.9,29.07,2.0,201.0,1200.0
79142.278,0.0,140.0,91.60000000000001,21.75,16.12,167.5,32.5,150.0,28.740000000000002,32.39,33.550000000000004,91.5,15.9,50.800000000000004,78.0,203.5,2855.0,1.25,35.4,14.98,7.0,36.07,28.98,0.0,202.0,1200.0
79202.278,0.0,140.0,92.4,21.87,16.16,166.0,32.4,150.0,28.73,32.38,33.800000000000004,94.0,15.850000000000001,50.0,79.0,201.0,2850.0,1.29,35.300000000000004,14.99,7.03,36.04,28.990000000000002,0.0,203.0,1200.0
79262.278,0.0,140.0,92.0,21.87,16.13,168.0,32.6,151.3,28.71,32.47,33.7,92.5,15.8,51.1,79.9,203.5,2852.0,1.5,35.25,14.99,6.98,36.09,29.02,1.0,205.5,1200.0
79322.278,0.0,140.0,90.2,21.86,16.09,167.0,32.4,151.3,28.7,32.45,33.65,91.0,15.700000000000001,50.900000000000006,81.30000000000001,205.5,2841.0,1.3,35.4,14.98,7.0600000000000005,35.99,28.95,0.0,204.5,1200.0
79382.278,0.0,140.0,92.7,21.900000000000002,16.080000000000002,168.0,32.65,150.8,28.76,32.480000000000004,33.5,94.5,15.9,51.0,81.9,205.0,2842.0,1.31,35.35,15.0,7.0,36.04,29.07,1.0,203.5,1200.0
79442.278,0.0,140.0,93.10000000000001,21.89,16.1,166.5,32.65,152.6,28.84,32.480000000000004,33.65,93.0,15.8,51.7,84.4,206.0,2832.0,1.5,35.550000000000004,14.96,6.99,35.99,29.060000000000002,3.0,204.5,1200.0
79502.278,0.0,140.0,93.2,21.94,16.16,168.5,32.65,151.0,28.64,32.59,33.550000000000004,92.5,15.850000000000001,51.5,86.5,211.5,2831.0,1.67,35.5,14.97,7.0200000000000005,36.06,28.98,0.0,207.5,1200.0
79562.278,0.0,140.0,90.9,22.06,16.09,168.5,32.65,151.20000000000002,28.67,32.58,33.5,94.0,15.950000000000001,52.0,88.5,214.0,2825.0,1.4000000000000001,35.45,14.99,7.05,36.01,29.060000000000002,0.0,208.5,1200.0
79622.277,0.0,140.0,90.7,22.05,16.080000000000002,166.5,32.45,151.20000000000002,28.71,32.65,33.45,93.0,15.8,52.400000000000006,90.10000000000001,212.0,2824.0,1.51,35.45,14.96,6.99,35.980000000000004,29.02,1.0,209.0,1200.0
79682.277,0.0,140.0,90.7,22.06,16.07,168.5,32.65,150.20000000000002,28.71,32.61,33.45,92.5,15.9,53.1,92.10000000000001,217.0,2826.0,1.5,35.5,14.96,6.95,36.1,28.96,0.0,207.5,1200.0
79742.277,0.0,140.0,92.80000000000001,22.07,16.14,166.0,32.7,151.9,28.740000000000002,32.59,33.4,92.0,15.8,53.5,93.60000000000001,215.5,2824.0,1.55,35.300000000000004,15.01,6.94,35.95,29.03,0.0,214.5,1200.0
79802.277,0.0,140.0,91.10000000000001,22.09,16.080000000000002,166.0,32.800000000000004,151.20000000000002,28.7,32.49,33.45,93.0,15.8,53.800000000000004,95.60000000000001,216.5,2813.0,1.6400000000000001,35.35,14.92,7.04,36.04,29.05,3.0,214.0,1200.0
79862.277,0.0,140.0,91.0,22.09,16.05,168.0,32.65,152.4,28.67,32.65,33.5,95.0,15.850000000000001,54.300000000000004,96.80000000000001,212.0,2814.0,1.45,35.35,15.02,6.94,36.12,29.02,0.0,215.0,1200.0
79922.277,0.0,140.0,92.5,22.03,16.11,167.5,32.800000000000004,152.0,28.68,32.730000000000004,33.300000000000004,90.5,15.75,54.1,96.80000000000001,214.5,2817.0,1.52,35.4,15.06,6.97,36.0,28.990000000000002,0.0,212.5,1200.0
79982.277,0.0,140.0,91.60000000000001,22.09,16.02,168.5,32.800000000000004,152.6,28.73,32.7,33.5,92.5,15.850000000000001,53.800000000000004,96.60000000000001,220.5,2821.0,1.27,35.4,15.040000000000001,6.95,36.07,28.87,0.0,212.5,1200.0
80042.277,0.0,140.0,90.4,21.98,15.99,169.5,32.85,150.0,28.7,32.69,33.4,91.0,15.700000000000001,53.5,96.60000000000001,214.0,2824.0,1.3800000000000001,35.4,15.01,6.97,35.93,29.04,0.0,215.5,1200.0
80102.277,0.0,140.0,91.10000000000001,22.04,15.96,166.0,32.800000000000004,152.4,28.75,32.71,33.45,92.5,15.9,53.5,96.30000000000001,218.0,2827.0,1.25,35.35,15.02,7.04,36.11,29.07,0.0,216.0,1200.0
80162.277,0.0,140.0,90.10000000000001,21.990000000000002,16.01,169.0,32.9,150.6,28.71,32.65,33.45,93.0,15.850000000000001,53.6,95.30000000000001,216.0,2821.0,1.26,35.550000000000004,15.030000000000001,7.0,36.03,28.97,0.0,217.0,1200.0
80222.277,0.0,140.0,91.5,22.03,15.99,168.5,32.800000000000004,151.5,28.650000000000002,32.64,33.4,93.5,15.700000000000001,53.900000000000006,94.80000000000001,214.5,2830.0,1.35,35.4,15.02,7.01,36.01,29.01,0.0,210.5,1200.0
80282.277,0.0,140.0,92.0,22.03,16.0,168.5,32.800000000000004,151.20000000000002,28.67,32.63,33.550000000000004,90.5,15.75,53.7,94.4,217.5,2825.0,1.45,35.45,14.99,7.04,36.02,29.0,0.0,215.0,1200.0
80342.277,0.0,140.0,91.10000000000001,21.900000000000002,15.870000000000001,167.0,32.800000000000004,150.9,28.7,32.52,33.4,93.0,15.700000000000001,53.6,93.7,213.0,2829.0,1.46,35.300000000000004,14.950000000000001,7.0200000000000005,35.99,28.96,0.0,217.0,1200.0
80402.277,0.0,140.0,91.7,21.88,15.92,168.5,32.65,153.20000000000002,28.67,32.65,33.5,91.5,15.8,53.1,93.0,211.0,2832.0,1.47,35.5,15.01,6.97,35.94,29.01,3.0,211.0,1200.0
80462.277,0.0,140.0,90.7,21.91,15.97,166.5,32.85,150.6,28.68,32.58,33.65,92.5,15.700000000000001,53.0,92.10000000000001,210.5,2828.0,1.4000000000000001,35.4,14.89,6.99,35.95,29.09,0.0,212.0,1200.0
80522.277,0.0,140.0,89.30000000000001,22.02,15.97,168.5,32.65,151.20000000000002,28.580000000000002,32.5,33.6,90.5,15.75,52.6,90.80000000000001,211.5,2831.0,1.34,35.45,14.91,7.0,36.01,29.0,2.0,212.0,1200.0
80582.277,0.0,140.0,90.9,21.91,15.98,168.0,32.6,152.3,28.650000000000002,32.5,33.45,93.0,15.700000000000001,52.5,90.30000000000001,211.0,2834.0,1.45,35.4,14.98,6.96,36.06,29.03,1.0,211.0,1200.0
80642.277,0.0,140.0,91.7,21.86,15.96,165.0,32.6,150.8,28.68,32.44,33.4,92.0,15.8,52.5,90.30000000000001,207.0,2832.0,1.27,35.25,15.07,7.0,36.02,29.03,2.0,213.5,1200.0
80702.276,0.0,140.0,90.10000000000001,21.830000000000002,15.96,165.5,32.550000000000004,150.4,28.650000000000002,32.410000000000004,33.45,94.0,15.600000000000001,52.6,89.4,214.5,2835.0,1.53,35.45,15.030000000000001,6.97,36.01,29.060000000000002,0.0,207.0,1200.0
80762.276,0.0,140.0,90.9,21.81,15.99,167.5,32.5,153.5,28.63,32.52,33.4,90.5,15.75,52.0,87.80000000000001,208.0,2838.0,1.46,35.45,15.01,7.08,36.0,28.91,0.0,207.5,1200.0
80822.276,0.0,140.0,90.7,21.87,15.93,166.0,32.5,151.6,28.68,32.42,33.35,93.0,15.850000000000001,51.6,87.4,210.5,2840.0,1.4000000000000001,35.25,14.97,7.0200000000000005,36.0,29.0,0.0,208.5,1200.0
80882.276,0.0,140.0,90.7,21.79,15.93,167.5,32.550000000000004,150.9,28.64,32.42,33.45,93.5,15.8,51.5,86.30000000000001,208.0,2838.0,1.51,35.15,15.01,6.97,36.03,29.07,0.0,201.5,1200.0
80942.276,0.0,140.0,92.7,21.77,15.950000000000001,164.5,32.6,151.4,28.560000000000002,32.36,33.5,94.5,15.8,51.7,85.80000000000001,207.0,2838.0,1.3900000000000001,35.300000000000004,15.02,6.96,36.01,29.04,0.0,204.0,1200.0
81002.276,0.0,140.0,90.0,21.8,15.94,166.5,32.45,150.1,28.57,32.29,33.45,92.0,15.65,51.5,84.7,207.5,2841.0,1.37,35.2,15.0,7.04,36.03,28.990000000000002,0.0,202.5,1200.0
81062.276,0.0,140.0,91.2,21.76,15.99,169.5,32.35,152.8,28.66,32.4,33.35,92.5,15.65,51.6,84.5,201.0,2839.0,1.42,35.300000000000004,15.030000000000001,7.0200000000000005,36.06,29.02,1.0,206.5,1200.0
81122.276,0.0,140.0,89.60000000000001,21.63,16.06,168.0,32.65,150.9,28.64,32.39,33.45,92.0,15.8,51.2,82.4,204.5,2845.0,1.34,35.300000000000004,14.98,7.0,35.97,29.03,0.0,208.0,1200.0
81182.276,0.0,140.0,89.7,21.6,15.88,165.5,32.35,150.5,28.64,32.24,33.6,92.0,15.65,50.800000000000004,81.4,201.0,2850.0,1.34,35.300000000000004,14.98,6.93,35.95,28.97,2.0,208.0,1200.0
81242.276,0.0,140.0,91.0,21.55,15.8,167.0,32.5,151.6,28.68,32.29,33.7,93.0,15.65,50.5,80.4,200.5,2855.0,1.6,35.300000000000004,15.040000000000001,7.05,35.980000000000004,29.080000000000002,0.0,210.5,1200.0
81302.276,0.0,140.0,89.4,21.580000000000002,15.91,167.5,32.5,151.6,28.63,32.28,33.6,92.0,15.8,49.6,79.2,204.0,2863.0,1.43,35.35,15.02,6.87,36.04,28.990000000000002,1.0,199.0,1200.0
81362.276,0.0,140.0,91.30000000000001,21.5,15.89,167.5,32.5,150.5,28.61,32.36,33.550000000000004,93.0,15.700000000000001,50.0,77.30000000000001,203.5,2871.0,1.58,35.300000000000004,15.05,6.98,36.08,28.990000000000002,2.0,205.0,1200.0
81422.276,0.0,140.0,92.80000000000001,21.47,15.88,166.5,32.6,151.3,28.67,32.3,33.7,92.5,15.600000000000001,49.5,76.3,203.0,2876.0,1.44,35.5,15.040000000000001,7.0200000000000005,36.0,29.080000000000002,0.0,203.5,1200.0
81482.276,0.0,140.0,91.7,21.44,15.870000000000001,166.5,32.5,150.4,28.69,32.42,33.6,92.0,15.600000000000001,49.300000000000004,74.8,202.5,2874.0,1.37,35.300000000000004,14.96,7.01,35.96,29.1,0.0,199.5,1200.0
81542.276,0.0,140.0,91.0,21.400000000000002,15.84,165.5,32.5,150.9,28.75,32.3,33.6,93.0,15.5,48.6,73.0,195.0,2889.0,1.45,35.4,15.06,6.98,36.050000000000004,28.97,0.0,201.5,1200.0
81602.276,0.0,140.0,92.4,21.36,15.82,166.5,32.4,150.70000000000002,28.76,32.37,33.7,91.5,15.600000000000001,48.300000000000004,71.7,200.5,2891.0,1.5,35.35,15.0,6.97,36.050000000000004,28.990000000000002,0.0,197.5,1200.0
81662.276,0.0,140.0,90.5,21.36,15.91,168.0,32.550000000000004,151.3,28.73,32.39,33.85,93.0,15.65,48.6,70.60000000000001,201.5,2893.0,1.4000000000000001,35.45,15.02,7.05,35.910000000000004,29.05,2.0,198.0,1200.0
81722.276,0.0,140.0,92.0,21.38,15.85,167.5,32.550000000000004,150.3,28.79,32.4,33.65,93.0,15.700000000000001,48.6,70.5,201.5,2890.0,1.41,35.300000000000004,15.0,6.96,35.94,28.990000000000002,1.0,198.5,1200.0
81782.276,0.0,140.0,90.9,21.42,15.96,165.0,32.4,150.70000000000002,28.88,32.34,33.75,92.5,15.600000000000001,48.300000000000004,70.4,199.0,2891.0,1.32,35.4,14.96,7.01,36.1,28.93,4.0,198.5,1200.0
81842.275,0.0,140.0,91.0,21.41,15.950000000000001,167.0,32.5,151.8,28.76,32.3,33.75,90.5,15.75,47.7,70.0,200.5,2891.0,1.3,35.5,14.9,7.0200000000000005,36.06,29.22,0.0,199.0,1200.0
81902.275,0.0,140.0,90.60000000000001,21.47,15.98,167.5,32.35,150.6,28.91,32.4,33.6,93.0,15.65,48.7,70.4,200.5,2889.0,1.34,35.45,15.06,7.05,35.95,29.0,0.0,197.5,1200.0
81962.275,0.0,140.0,89.2,21.490000000000002,16.01,166.5,32.45,151.1,28.92,32.4,33.7,92.5,15.9,48.5,70.2,199.0,2885.0,1.54,35.35,15.030000000000001,7.03,35.99,28.93,0.0,198.0,1200.0
82022.275,0.0,140.0,89.80000000000001,21.52,16.0,168.0,32.6,151.5,28.82,32.46,33.7,92.0,15.9,48.800000000000004,70.4,200.0,2886.0,1.42,35.45,15.07,6.98,35.92,29.05,1.0,198.5,1200.0
82082.275,0.0,140.0,91.4,21.580000000000002,15.99,166.5,32.5,151.4,28.85,32.46,33.9,92.0,16.05,48.7,70.8,203.5,2884.0,1.59,35.5,15.1,7.0200000000000005,35.95,29.09,0.0,201.0,1200.0
82142.275,0.0,140.0,90.4,21.47,16.04,165.0,32.7,151.0,28.82,32.410000000000004,33.9,92.0,15.8,48.7,71.9,201.0,2886.0,1.3,35.45,14.99,7.01,36.02,28.94,1.0,200.5,1200.0
82202.275,0.0,140.0,90.7,21.580000000000002,16.0,168.0,32.4,151.4,28.85,32.47,33.9,93.5,15.850000000000001,48.300000000000004,72.2,198.5,2883.0,1.55,35.4,15.02,7.0200000000000005,36.04,29.04,0.0,202.0,1200.0
82262.275,0.0,140.0,90.4,21.64,16.07,165.0,32.800000000000004,151.0,28.900000000000002,32.47,33.75,91.5,15.700000000000001,49.1,72.7,202.0,2880.0,1.44,35.550000000000004,14.99,6.99,35.99,28.98,3.0,196.5,1200.0
82322.275,0.0,140.0,92.0,21.740000000000002,16.080000000000002,165.5,32.6,151.8,28.900000000000002,32.65,33.800000000000004,92.5,15.850000000000001,49.300000000000004,74.60000000000001,200.0,2869.0,1.33,35.65,14.950000000000001,6.97,35.94,29.01,4.0,202.5,1200.0
82382.275,0.0,140.0,91.0,21.86,16.15,169.0,32.65,151.9,28.89,32.54,33.85,92.5,15.8,49.800000000000004,75.9,201.5,2867.0,1.46,35.65,15.02,7.04,35.99,28.97,1.0,205.0,1200.0
82442.275,0.0,140.0,92.30000000000001,21.87,16.21,169.5,32.800000000000004,152.4,28.85,32.68,33.7,94.0,15.8,50.5,77.7,204.5,2860.0,1.52,35.7,14.93,6.96,35.99,29.0,0.0,204.5,1200.0
82502.275,0.0,140.0,91.5,21.91,16.22,170.5,32.65,150.6,28.93,32.61,33.85,95.0,15.950000000000001,50.900000000000006,79.80000000000001,207.0,2854.0,1.53,35.5,14.98,6.890000000000001,36.050000000000004,28.98,2.0,206.0,1200.0
82562.275,0.0,140.0,90.9,22.06,16.16,166.0,32.9,150.70000000000002,29.01,32.78,33.6,93.0,15.9,51.300000000000004,83.9,207.5,2848.0,1.43,35.550000000000004,15.040000000000001,7.08,35.99,28.89,2.0,209.0,1200.0
82622.275,0.0,140.0,90.7,22.07,16.17,169.5,32.800000000000004,151.20000000000002,29.04,32.72,33.800000000000004,95.0,15.8,51.400000000000006,87.80000000000001,211.5,2847.0,1.42,35.550000000000004,14.98,6.97,36.07,28.97,0.0,216.5,1200.0
82682.275,0.0,140.0,89.9,22.18,16.22,169.0,32.9,151.3,29.03,32.87,33.7,93.5,15.850000000000001,52.2,91.30000000000001,221.5,2839.0,1.48,35.6,14.98,7.03,35.95,29.07,1.0,216.5,1200.0
82742.275,0.0,140.0,90.5,22.25,16.22,168.0,33.2,151.8,29.0,32.97,33.75,93.5,16.05,54.0,95.5,219.0,2836.0,1.28,35.550000000000004,15.05,7.0600000000000005,35.94,29.060000000000002,0.0,214.0,1200.0
82802.275,0.0,140.0,91.10000000000001,22.330000000000002,16.240000000000002,169.0,33.1,151.8,28.990000000000002,33.03,33.800000000000004,94.0,16.0,53.900000000000006,99.4,223.0,2829.0,1.43,35.75,14.96,7.1000000000000005,35.95,29.03,0.0,221.0,1200.0
82862.275,0.0,140.0,89.9,22.22,16.19,172.5,33.35,149.8,29.04,33.02,33.800000000000004,94.5,15.850000000000001,54.7,100.0,214.0,2827.0,1.42,35.65,15.02,7.0600000000000005,36.06,29.0,0.0,219.0,1200.0
82922.275,0.0,140.0,89.7,22.32,16.11,170.0,33.1,151.4,29.060000000000002,33.1,33.65,91.0,15.8,54.800000000000004,99.5,222.0,2833.0,1.3800000000000001,35.7,15.040000000000001,6.99,35.92,29.02,0.0,220.0,1200.0
82982.274,0.0,140.0,91.60000000000001,22.27,16.16,170.0,33.25,151.9,28.990000000000002,33.13,33.7,94.5,16.0,53.7,99.9,222.0,2834.0,1.47,35.800000000000004,15.0,7.04,36.02,28.94,0.0,220.5,1200.0
83042.274,0.0,140.0,92.0,22.19,16.12,172.0,33.2,150.9,29.03,33.0,33.95,92.5,15.9,53.900000000000006,99.7,222.5,2838.0,1.35,35.6,15.040000000000001,7.0600000000000005,36.06,29.03,0.0,223.0,1200.0
83102.274,0.0,140.0,91.5,22.21,16.04,169.5,33.300000000000004,150.9,28.95,33.05,33.9,90.5,15.75,53.400000000000006,99.7,220.5,2842.0,1.35,35.75,14.99,6.96,35.97,29.07,0.0,224.5,1200.0
83162.274,0.0,140.0,90.5,22.12,16.13,171.0,33.300000000000004,151.8,29.060000000000002,33.12,33.85,93.5,15.8,53.900000000000006,99.7,222.5,2842.0,1.3,35.85,14.98,6.96,35.89,29.02,0.0,220.5,1200.0
83222.274,0.0,140.0,91.4,22.14,16.03,172.0,33.25,151.9,29.05,33.1,34.0,93.0,15.9,54.300000000000004,100.0,228.0,2840.0,1.41,35.7,14.98,7.09,36.06,28.94,0.0,227.0,1200.0
83282.274,0.0,140.0,93.30000000000001,22.080000000000002,16.07,173.5,33.15,151.20000000000002,29.0,33.08,33.85,93.0,15.850000000000001,54.2,99.9,219.5,2846.0,1.35,35.75,15.0,6.99,35.99,28.990000000000002,0.0,229.5,1200.0
83342.274,0.0,140.0,89.80000000000001,22.09,16.04,171.0,33.25,151.1,29.09,33.11,33.800000000000004,91.0,15.700000000000001,54.2,100.0,224.5,2851.0,1.42,35.800000000000004,14.97,6.97,36.08,28.98,2.0,224.0,1200.0
83402.274,0.0,140.0,89.30000000000001,22.14,16.06,173.5,33.300000000000004,151.9,29.14,33.09,33.85,92.0,15.8,54.2,99.80000000000001,222.0,2853.0,1.28,35.7,14.98,6.98,35.94,28.98,0.0,230.0,1200.0
83462.274,0.0,140.0,90.0,22.080000000000002,15.94,172.0,33.300000000000004,151.0,29.17,33.14,34.050000000000004,94.0,15.65,54.400000000000006,100.0,222.5,2852.0,1.3900000000000001,35.800000000000004,14.950000000000001,6.96,35.910000000000004,28.95,0.0,222.0,1200.0
83522.274,0.0,140.0,91.2,22.080000000000002,16.04,170.5,33.25,153.0,29.1,33.08,34.0,93.0,15.700000000000001,53.7,99.9,225.0,2850.0,1.42,35.800000000000004,14.99,7.05,36.01,29.02,0.0,222.5,1200.0
83582.274,0.0,140.0,92.10000000000001,22.12,16.0,170.0,33.35,152.4,29.12,33.15,34.0,91.0,15.8,53.900000000000006,100.0,225.0,2855.0,1.33,36.0,14.96,7.0200000000000005,35.97,29.07,1.0,225.5,1200.0
83642.274,0.0,140.0,91.7,22.05,16.04,169.0,33.35,151.3,29.16,33.13,33.9,92.5,15.700000000000001,54.0,100.0,222.0,2852.0,1.42,35.800000000000004,15.01,7.1000000000000005,36.02,28.98,0.0,222.5,1200.0
83702.274,0.0,140.0,90.5,22.03,16.09,173.0,33.45,152.0,29.2,33.19,34.0,94.5,15.8,54.2,100.0,225.5,2852.0,1.31,35.9,15.02,7.04,36.01,28.86,0.0,227.0,1200.0
83762.274,0.0,140.0,92.0,22.2,16.04,172.0,33.300000000000004,151.0,29.2,33.24,33.9,92.5,15.950000000000001,54.1,99.80000000000001,223.5,2856.0,1.61,36.050000000000004,15.040000000000001,6.98,36.03,28.98,3.0,227.5,1200.0
83822.274,0.0,140.0,90.5,22.17,16.06,171.5,33.25,150.5,29.310000000000002,33.15,34.050000000000004,93.5,15.9,54.1,99.9,228.0,2855.0,1.3900000000000001,36.050000000000004,14.97,6.96,35.9,29.0,1.0,226.5,1200.0
83882.274,0.0,140.0,90.60000000000001,22.13,16.06,170.5,33.5,152.1,29.19,33.22,34.1,91.0,15.700000000000001,53.6,99.80000000000001,225.5,2861.0,1.3,36.0,15.01,7.07,35.96,28.98,0.0,225.5,1200.0
83942.274,0.0,140.0,91.7,22.13,16.09,172.0,33.5,151.0,29.240000000000002,33.21,33.95,92.0,15.8,54.300000000000004,99.9,231.0,2851.0,1.24,35.9,15.040000000000001,6.98,35.980000000000004,29.02,0.0,225.0,1200.0
84002.274,0.0,140.0,91.2,22.16,16.12,169.0,33.35,151.1,29.28,33.35,33.95,94.5,15.8,53.6,99.9,225.5,2855.0,1.4000000000000001,36.1,15.0,6.95,35.99,29.07,0.0,225.5,1200.0
84062.274,0.0,140.0,91.30000000000001,22.11,16.07,171.5,33.25,150.0,29.22,33.26,34.0,90.0,15.75,53.900000000000006,100.0,230.5,2861.0,1.52,36.0,15.1,7.01,36.06,28.95,0.0,228.5,1200.0
84122.273,0.0,140.0,90.5,22.02,15.96,172.5,33.550000000000004,151.0,29.240000000000002,33.31,34.1,93.0,15.75,53.7,99.80000000000001,231.5,2860.0,1.41,36.050000000000004,15.0,7.0,35.95,29.09,0.0,229.5,1200.0
84182.273,0.0,140.0,90.80000000000001,21.86,15.780000000000001,173.0,33.550000000000004,151.3,29.310000000000002,33.33,34.050000000000004,91.0,15.600000000000001,54.0,99.9,229.0,2877.0,1.48,36.0,14.94,7.0,36.03,29.03,2.0,225.5,1200.0
84242.273,0.0,140.0,90.0,21.79,15.75,170.0,33.25,149.6,29.12,33.25,34.1,91.0,15.450000000000001,53.5,99.9,226.0,2881.0,1.31,36.050000000000004,15.05,7.05,36.02,28.96,0.0,226.0,1200.0
84302.273,0.0,140.0,91.2,21.63,15.69,170.0,33.15,150.9,29.150000000000002,33.19,33.85,93.0,15.4,52.6,94.2,228.5,2896.0,1.44,36.2,15.05,7.05,36.01,29.02,0.0,224.5,1200.0
84362.273,0.0,140.0,91.4,21.53,15.700000000000001,170.0,33.1,151.6,29.17,33.06,34.15,92.0,15.25,51.900000000000006,88.60000000000001,218.5,2904.0,1.54,36.0,15.05,7.0,36.07,29.04,0.0,222.0,1200.0
84422.273,0.0,140.0,91.10000000000001,21.46,15.620000000000001,168.0,32.9,152.5,29.2,32.93,34.15,91.5,15.5,50.2,82.4,217.0,2915.0,1.3,36.1,14.98,6.99,35.99,29.0,0.0,216.0,1200.0
84482.273,0.0,140.0,90.2,21.31,15.74,170.0,32.85,150.4,29.13,32.85,34.050000000000004,89.5,15.350000000000001,49.1,78.10000000000001,208.5,2917.0,1.5,35.95,14.94,7.01,35.99,28.98,2.0,212.5,1200.0
84542.273,0.0,140.0,91.9,21.31,15.64,167.5,32.85,150.4,29.17,32.8,34.050000000000004,91.0,15.4,47.300000000000004,74.0,208.5,2939.0,1.31,35.9,15.02,7.05,35.86,29.09,0.0,209.0,1200.0
84602.273,0.0,140.0,91.0,21.080000000000002,15.58,168.5,32.6,152.20000000000002,29.09,32.68,34.300000000000004,92.0,15.5,47.6,70.3,207.5,2945.0,1.37,35.75,15.040000000000001,6.97,35.97,28.990000000000002,0.0,206.5,1200.0
84662.273,0.0,140.0,90.2,21.27,15.72,167.0,32.9,152.4,29.16,32.68,34.25,91.0,15.55,47.300000000000004,70.4,202.5,2941.0,1.53,35.9,14.99,6.95,35.93,29.060000000000002,0.0,207.5,1200.0
84722.273,0.0,140.0,91.2,21.400000000000002,15.83,167.5,32.800000000000004,149.6,29.16,32.79,34.050000000000004,92.5,15.600000000000001,47.6,70.60000000000001,206.5,2933.0,1.36,35.95,14.98,7.05,36.13,29.04,0.0,208.0,1200.0
84782.273,0.0,140.0,91.10000000000001,21.48,15.96,170.0,33.0,149.8,29.240000000000002,32.75,34.15,93.5,15.700000000000001,48.5,72.5,204.5,2916.0,1.42,35.9,15.040000000000001,6.96,36.04,29.05,0.0,204.5,1200.0
84842.273,0.0,140.0,91.2,21.72,15.96,169.5,32.95,152.3,29.12,32.87,34.1,92.0,15.8,48.900000000000006,73.9,205.5,2911.0,1.35,35.75,15.02,6.97,36.15,29.14,2.0,209.0,1200.0
84902.273,0.0,140.0,90.9,21.81,16.080000000000002,170.0,33.050000000000004,151.6,29.17,32.95,34.15,95.0,15.950000000000001,49.7,76.4,206.5,2891.0,1.5,35.95,14.97,7.03,36.09,29.02,1.0,207.5,1200.0
84962.273,0.0,140.0,91.7,21.92,16.23,169.0,33.1,151.8,29.27,32.980000000000004,34.050000000000004,93.0,16.1,49.900000000000006,78.80000000000001,210.5,2884.0,1.45,36.0,14.98,6.94,36.03,29.02,0.0,207.0,1200.0
85022.273,0.0,140.0,90.10000000000001,22.09,16.18,172.0,33.050000000000004,152.0,29.240000000000002,33.14,34.1,93.5,16.05,50.7,83.9,214.5,2868.0,1.61,36.050000000000004,15.030000000000001,7.0,35.96,29.060000000000002,1.0,214.5,1200.0
85082.273,0.0,140.0,89.10000000000001,22.12,16.21,171.5,33.15,151.3,29.18,33.17,34.1,94.0,16.0,51.1,90.0,218.5,2855.0,1.41,36.0,14.96,7.0600000000000005,36.01,29.03,0.0,219.0,1200.0
85142.273,0.0,140.0,91.30000000000001,22.41,16.29,171.5,33.300000000000004,149.8,29.2,33.19,33.95,92.0,16.0,53.0,96.2,217.5,2852.0,1.3,35.95,14.97,6.97,35.980000000000004,29.01,3.0,220.0,1200.0
85202.273,0.0,140.0,91.80000000000001,22.41,16.38,172.0,33.6,151.0,29.23,33.28,33.9,95.0,16.05,54.800000000000004,99.80000000000001,225.0,2838.0,1.56,36.050000000000004,14.96,7.0600000000000005,36.04,28.95,2.0,220.0,1200.0
85262.273,0.0,140.0,90.30000000000001,22.52,16.36,172.5,33.35,152.0,29.21,33.25,34.050000000000004,92.0,16.05,55.400000000000006,99.80000000000001,221.5,2831.0,1.44,35.95,15.07,7.03,35.93,29.080000000000002,2.0,221.5,1200.0
85322.272,0.0,140.0,91.60000000000001,22.39,16.45,173.0,33.45,151.3,29.29,33.230000000000004,33.9,94.5,16.05,54.400000000000006,99.5,222.0,2832.0,1.17,36.050000000000004,15.01,7.0,35.96,29.080000000000002,1.0,221.5,1200.0
85382.272,0.0,140.0,90.80000000000001,22.38,16.42,174.5,33.300000000000004,151.6,29.240000000000002,33.31,34.050000000000004,96.5,16.0,54.300000000000004,100.0,224.0,2832.0,1.3800000000000001,36.050000000000004,15.02,6.99,36.0,29.03,0.0,222.5,1200.0
85442.272,0.0,140.0,92.0,22.400000000000002,16.3,173.0,33.35,152.1,29.35,33.4,34.15,95.0,15.950000000000001,54.0,99.7,223.0,2850.0,1.37,36.1,15.040000000000001,7.0600000000000005,36.04,29.01,1.0,229.0,1200.0
85502.272,0.0,140.0,91.5,22.46,16.25,170.0,33.45,151.9,29.3,33.45,34.050000000000004,93.5,16.05,54.6,100.0,228.5,2863.0,1.47,36.1,15.05,6.94,35.94,28.990000000000002,1.0,235.5,1200.0
85562.272,0.0,140.0,91.0,22.400000000000002,16.11,171.5,33.550000000000004,152.5,29.2,33.42,33.9,94.0,15.700000000000001,54.7,99.7,232.5,2868.0,1.45,36.2,14.96,6.96,36.01,29.01,0.0,223.5,1200.0
85622.272,0.0,140.0,90.60000000000001,22.43,16.11,172.5,33.7,151.0,29.310000000000002,33.49,34.050000000000004,94.0,15.950000000000001,54.800000000000004,99.9,226.5,2872.0,1.54,36.1,14.96,7.0,36.03,28.96,0.0,232.5,1200.0
85682.272,0.0,140.0,89.5,22.46,16.03,173.0,33.6,152.0,29.36,33.5,34.2,91.5,15.850000000000001,55.0,99.5,233.0,2876.0,1.3900000000000001,36.25,15.02,6.95,36.02,29.150000000000002,0.0,234.5,1200.0
85742.272,0.0,140.0,91.9,22.330000000000002,16.13,173.0,33.6,150.70000000000002,29.35,33.53,34.0,91.5,15.850000000000001,55.0,99.9,236.5,2882.0,1.22,36.300000000000004,15.02,7.04,35.99,29.0,0.0,236.0,1200.0
85802.272,0.0,140.0,92.60000000000001,22.42,16.04,171.0,33.6,150.5,29.36,33.52,34.15,93.5,15.8,54.800000000000004,99.7,235.5,2884.0,1.3900000000000001,36.4,15.08,6.94,36.01,28.98,0.0,235.5,1200.0
85862.272,0.0,140.0,90.10000000000001,22.36,16.0,171.0,33.6,152.0,29.400000000000002,33.56,34.15,93.5,15.65,55.6,100.0,235.5,2888.0,1.44,36.45,14.96,7.08,35.9,28.96,0.0,233.5,1200.0
85922.272,0.0,140.0,91.5,22.38,16.080000000000002,173.0,33.6,151.4,29.39,33.53,34.1,93.0,15.75,54.900000000000006,99.4,240.5,2892.0,1.34,36.25,15.01,6.98,36.01,28.95,0.0,234.5,1200.0
85982.272,0.0,140.0,91.0,22.41,16.1,170.5,33.65,151.6,29.26,33.37,34.15,91.5,15.600000000000001,54.5,100.0,233.5,2889.0,1.44,36.45,15.05,7.04,35.93,29.03,3.0,240.0,1200.0
86042.272,0.0,140.0,89.7,22.41,15.98,173.0,33.45,151.6,29.35,33.53,34.300000000000004,91.5,15.700000000000001,55.0,100.0,237.0,2890.0,1.3800000000000001,36.4,14.99,7.05,36.01,29.04,1.0,237.5,1200.0
86102.272,0.0,140.0,90.7,22.43,15.97,173.5,33.5,150.9,29.330000000000002,33.51,34.2,93.0,15.700000000000001,54.7,100.0,234.5,2890.0,1.45,36.4,15.030000000000001,6.97,35.95,29.01,0.0,234.5,1200.0
86162.272,0.0,140.0,90.7,22.36,15.99,172.5,33.7,152.20000000000002,29.310000000000002,33.47,34.2,94.5,15.700000000000001,55.2,99.60000000000001,234.5,2889.0,1.59,36.4,15.030000000000001,6.99,35.980000000000004,29.060000000000002,4.0,236.0,1200.0
86222.272,0.0,140.0,91.30000000000001,22.47,15.98,172.0,33.45,150.9,29.330000000000002,33.49,34.1,91.0,15.8,54.5,100.0,235.0,2892.0,1.31,36.550000000000004,14.96,6.98,36.01,28.990000000000002,0.0,238.5,1200.0
86282.272,0.0,140.0,90.5,22.43,16.02,174.0,33.7,149.9,29.37,33.49,34.2,92.5,15.850000000000001,55.2,99.9,239.5,2894.0,1.26,36.5,14.91,6.96,35.97,29.07,0.0,235.5,1200.0
86342.272,0.0,140.0,90.60000000000001,22.44,15.99,172.0,33.85,151.8,29.330000000000002,33.5,34.15,94.0,15.700000000000001,55.800000000000004,100.0,236.0,2891.0,1.52,36.550000000000004,15.08,7.08,36.050000000000004,29.01,0.0,237.5,1200.0
86402.272,2.272,140.0,90.9,22.31,15.64,171.0,32.95,151.5,28.51,32.87,33.35,91.0,15.450000000000001,55.2,99.80000000000001,244.5,2893.0,1.45,36.65,15.0,6.99,36.09,28.990000000000002,2.0,241.0,1200.0
86464.085,64.085,140.0,91.9,22.31,16.01,168.5,32.7,152.3,28.55,32.65,33.2,93.5,15.700000000000001,56.1,100.0,218.0,2826.0,1.3,36.550000000000004,14.98,6.97,35.99,29.04,2.0,218.5,1200.0
86523.945,123.945,140.0,91.4,22.22,16.05,167.5,32.7,152.70000000000002,28.53,32.68,33.300000000000004,91.5,15.65,56.300000000000004,99.80000000000001,216.5,2824.0,1.32,36.4,14.98,7.04,36.03,28.92,0.0,221.5,1200.0
86583.827,183.827,140.0,91.10000000000001,22.27,16.0,168.0,32.75,151.20000000000002,28.59,32.56,33.2,91.5,15.950000000000001,55.7,100.0,218.5,2823.0,1.33,36.15,14.98,6.96,36.02,28.95,0.0,219.5,1200.0
86643.727,243.727,140.0,90.10000000000001,22.31,15.96,167.0,32.800000000000004,152.1,28.490000000000002,32.64,33.15,92.5,15.700000000000001,55.400000000000006,100.0,217.5,2822.0,1.57,36.0,15.02,6.95,36.01,29.05,0.0,219.5,1200.0
86703.639,303.639,140.0,90.30000000000001,22.14,16.02,167.5,32.65,152.20000000000002,28.64,32.62,33.2,93.0,15.700000000000001,55.7,100.0,219.0,2824.0,1.48,35.9,15.0,6.99,35.910000000000004,29.03,0.0,222.0,1200.0
86763.562,363.562,140.0,91.0,22.35,16.01,168.0,32.800000000000004,152.0,28.54,32.53,33.4,92.5,15.75,55.900000000000006,99.80000000000001,215.5,2818.0,1.28,35.75,15.02,6.97,35.97,29.03,0.0,220.5,1200.0
86823.494,423.494,140.0,92.80000000000001,22.31,16.04,168.0,32.6,151.20000000000002,28.560000000000002,32.61,33.300000000000004,93.0,15.8,55.5,100.0,221.0,2824.0,1.49,35.7,14.98,6.94,36.03,29.01,1.0,217.0,1200.0
86883.432,483.432,140.0,89.7,22.3,16.02,168.0,32.800000000000004,151.4,28.54,32.660000000000004,33.300000000000004,92.0,15.75,55.800000000000004,100.0,222.0,2820.0,1.43,35.65,15.0,7.05,35.94,28.96,1.0,222.0,1200.0
86943.377,543.377,140.0,92.0,22.330000000000002,15.98,168.5,32.75,150.70000000000002,28.55,32.65,33.2,92.0,15.55,55.5,100.0,221.0,2824.0,1.25,35.65,15.01,6.98,36.02,29.02,0.0,214.5,1200.0
87003.326,603.326,140.0,91.60000000000001,22.35,16.0,168.5,32.75,151.8,28.55,32.58,33.15,92.0,15.65,55.400000000000006,100.0,221.5,2818.0,1.51,35.75,15.0,7.0200000000000005,35.95,29.0,3.0,219.5,1200.0
87063.28,663.28,140.0,90.5,22.23,16.0,168.5,32.800000000000004,151.20000000000002,28.54,32.64,33.300000000000004,93.0,15.8,55.900000000000006,100.0,221.0,2819.0,1.3,35.7,15.030000000000001,6.98,35.94,28.97,0.0,219.5,1200.0
87123.237,723.237,140.0,91.7,22.27,15.950000000000001,167.0,32.85,151.1,28.560000000000002,32.660000000000004,33.35,90.0,15.600000000000001,55.800000000000004,100.0,216.5,2822.0,1.37,35.7,14.97,7.04,36.03,28.95,2.0,218.0,1200.0
87183.197,783.197,140.0,91.2,22.26,16.0,166.5,32.800000000000004,150.70000000000002,28.55,32.660000000000004,33.300000000000004,92.5,15.700000000000001,55.900000000000006,99.5,216.5,2822.0,1.45,35.65,14.98,6.95,35.97,29.1,1.0,220.5,1200.0
87243.161,843.161,140.0,90.80000000000001,22.23,15.99,167.0,32.85,151.6,28.63,32.49,33.4,93.0,15.700000000000001,55.800000000000004,100.0,218.0,2825.0,1.23,35.550000000000004,15.040000000000001,6.98,35.95,29.02,1.0,218.0,1200.0
87303.126,903.126,140.0,91.0,22.34,15.97,168.0,32.7,151.5,28.57,32.62,33.300000000000004,92.0,15.700000000000001,55.300000000000004,100.0,217.5,2818.0,1.3900000000000001,35.5,15.040000000000001,7.04,35.95,28.95,1.0,218.5,1200.0
87363.094,963.094,140.0,92.0,22.25,16.0,169.5,32.65,151.70000000000002,28.560000000000002,32.57,33.300000000000004,94.0,15.8,55.6,100.0,221.0,2823.0,1.27,35.4,15.05,6.9,35.96,29.02,0.0,215.0,1200.0
87423.064,1023.064,140.0,90.9,22.26,16.02,167.0,32.800000000000004,151.20000000000002,28.53,32.64,33.300000000000004,91.5,15.75,55.800000000000004,100.0,220.0,2818.0,1.43,35.550000000000004,14.99,7.0,35.99,28.97,2.0,220.5,1200.0
87483.036,1083.036,140.0,90.7,22.23,16.0,167.5,32.85,149.20000000000002,28.52,32.64,33.45,92.5,15.850000000000001,55.1,100.0,219.0,2824.0,1.43,35.5,14.99,7.03,35.99,29.03,0.0,216.5,1200.0
87543.01,1143.01,140.0,90.4,22.12,16.03,167.0,32.75,151.1,28.52,32.61,33.25,92.5,15.75,55.7,100.0,224.0,2817.0,1.3800000000000001,35.550000000000004,15.01,7.03,35.96,28.98,0.0,221.0,1200.0
87602.984,1202.984,140.0,91.0,22.22,15.98,168.0,32.85,154.10000000000002,28.61,32.64,33.300000000000004,92.0,15.65,55.1,99.80000000000001,219.0,2818.0,1.47,35.5,15.05,6.98,36.06,28.91,1.0,221.0,1200.0
87662.961,1262.961,140.0,90.80000000000001,22.25,15.99,168.0,32.75,151.3,28.6,32.68,33.4,93.5,15.700000000000001,55.2,99.9,222.0,2821.0,1.33,35.550000000000004,15.040000000000001,6.99,36.03,28.990000000000002,5.0,216.5,1200.0
87722.938,1322.938,140.0,91.60000000000001,22.2,15.99,166.0,32.85,151.20000000000002,28.560000000000002,32.67,33.35,92.5,15.700000000000001,55.7,99.7,220.5,2819.0,1.2,35.550000000000004,14.96,6.97,35.93,28.91,0.0,216.5,1200.0
87782.917,1382.917,140.0,91.10000000000001,22.240000000000002,15.9,169.0,32.75,151.9,28.61,32.62,33.4,91.5,15.75,55.300000000000004,100.0,221.0,2829.0,1.3900000000000001,35.45,14.96,6.99,35.96,29.05,2.0,223.0,1200.0
87842.896,1442.896,140.0,92.0,22.21,16.01,169.5,32.7,152.8,28.66,32.730000000000004,33.45,90.0,15.850000000000001,55.5,100.0,220.0,2829.0,1.49,35.550000000000004,15.040000000000001,7.0200000000000005,36.0,29.080000000000002,1.0,222.5,1200.0
87902.877,1502.877,140.0,91.2,22.240000000000002,15.99,167.0,32.85,151.8,28.63,32.74,33.4,93.5,15.75,55.6,99.4,219.5,2828.0,1.31,35.65,14.99,6.99,36.04,28.97,0.0,222.5,1200.0
87962.858,1562.858,140.0,92.60000000000001,22.150000000000002,15.98,168.5,32.9,152.0,28.62,32.71,33.35,95.0,15.600000000000001,55.300000000000004,100.0,221.0,2829.0,1.4000000000000001,35.5,15.0,7.04,36.01,28.95,0.0,219.5,1200.0
88022.841,1622.841,140.0,91.10000000000001,22.28,15.99,166.5,32.85,152.1,28.7,32.76,33.550000000000004,90.5,15.9,54.900000000000006,99.9,226.0,2829.0,1.46,35.45,15.0,7.0200000000000005,36.01,29.03,2.0,217.0,1200.0
88082.824,1682.824,140.0,92.60000000000001,22.27,16.01,168.0,32.95,152.5,28.72,32.84,33.45,93.0,15.8,55.400000000000006,99.80000000000001,218.5,2828.0,1.29,35.65,14.99,6.99,36.0,29.03,1.0,224.5,1200.0
88142.807,1742.807,140.0,91.4,22.17,16.01,169.0,32.85,152.1,28.69,32.71,33.5,93.5,15.700000000000001,55.300000000000004,100.0,219.5,2833.0,1.31,35.7,14.99,7.01,36.03,29.080000000000002,0.0,214.0,1200.0
88202.792,1802.792,140.0,92.0,22.25,15.98,168.5,32.800000000000004,152.1,28.68,32.77,33.550000000000004,92.5,15.75,55.5,99.5,221.5,2830.0,1.41,35.800000000000004,14.99,7.0,35.97,29.01,0.0,223.5,1200.0
88262.777,1862.777,140.0,89.4,22.240000000000002,16.0,168.5,33.050000000000004,151.3,28.740000000000002,32.85,33.45,92.5,15.850000000000001,55.2,100.0,222.5,2833.0,1.3800000000000001,35.6,14.99,7.03,36.02,28.990000000000002,2.0,225.0,1200.0
88322.762,1922.762,140.0,90.60000000000001,22.26,16.07,168.5,32.95,153.1,28.7,32.78,33.550000000000004,92.5,15.75,55.1,100.0,219.5,2829.0,1.49,35.6,15.030000000000001,6.99,36.03,28.97,0.0,221.0,1200.0
88382.748,1982.748,140.0,91.30000000000001,22.27,16.05,167.5,32.85,153.0,28.69,32.77,33.65,92.5,15.75,55.7,100.0,226.5,2837.0,1.51,35.7,15.02,7.0200000000000005,36.06,28.97,1.0,224.5,1200.0
88442.735,2042.735,140.0,90.0,22.29,16.04,168.5,33.050000000000004,151.6,28.71,32.79,33.550000000000004,92.0,15.600000000000001,55.300000000000004,99.9,220.0,2829.0,1.5,35.5,14.98,6.92,36.0,29.080000000000002,0.0,222.0,1200.0
88502.722,2102.722,140.0,92.5,22.23,16.01,169.0,32.95,148.4,28.740000000000002,32.83,33.550000000000004,92.0,15.700000000000001,55.900000000000006,100.0,218.0,2838.0,1.3,35.7,15.0,7.0,36.03,28.92,0.0,223.5,1200.0
88562.71,2162.71,140.0,90.30000000000001,22.28,16.05,168.0,32.95,152.20000000000002,28.73,32.79,33.5,92.5,15.8,55.300000000000004,100.0,224.0,2841.0,1.27,35.800000000000004,15.05,6.96,36.07,29.02,0.0,221.5,1200.0
88622.698,2222.698,140.0,90.7,22.27,15.99,170.0,33.050000000000004,151.70000000000002,28.77,32.82,33.5,93.0,15.600000000000001,54.900000000000006,99.60000000000001,223.5,2837.0,1.36,35.75,14.89,6.99,36.01,28.97,0.0,224.0,1200.0
88682.686,2282.686,140.0,91.80000000000001,22.31,16.03,169.5,33.050000000000004,152.3,28.73,32.83,33.65,94.0,15.700000000000001,55.400000000000006,99.80000000000001,227.5,2839.0,1.27,35.75,15.07,6.98,36.01,28.94,0.0,225.5,1200.0
88742.675,2342.675,140.0,90.2,22.27,15.9,169.0,33.1,151.3,28.78,32.88,33.65,94.5,15.8,54.800000000000004,99.7,221.5,2844.0,1.47,35.75,15.01,7.0600000000000005,36.01,29.02,2.0,227.0,1200.0
88802.664,2402.664,140.0,91.30000000000001,22.25,16.05,169.5,33.1,151.20000000000002,28.69,32.85,33.6,94.0,15.8,55.7,100.0,223.5,2841.0,1.28,35.800000000000004,15.02,7.01,36.09,29.060000000000002,1.0,226.5,1200.0
88862.654,2462.654,140.0,91.2,22.32,16.03,169.0,33.050000000000004,150.5,28.76,32.83,33.6,94.0,15.850000000000001,55.1,100.0,228.0,2841.0,1.5,35.7,14.97,6.98,35.95,28.96,0.0,222.5,1200.0
88922.643,2522.643,140.0,91.80000000000001,22.3,16.03,167.5,33.0,150.3,28.740000000000002,32.87,33.6,92.5,15.700000000000001,55.1,99.80000000000001,221.0,2838.0,1.52,35.7,15.0,6.98,35.97,28.96,3.0,226.5,1200.0
88982.634,2582.634,140.0,92.5,22.240000000000002,16.04,171.0,33.1,151.8,28.88,32.85,33.550000000000004,92.5,15.65,55.7,100.0,223.0,2844.0,1.52,35.75,14.99,7.07,35.99,29.0,0.0,222.5,1200.0
89042.624,2642.624,140.0,89.4,22.26,16.03,170.5,33.0,151.70000000000002,28.900000000000002,32.87,33.75,90.5,15.850000000000001,55.6,99.9,223.5,2852.0,1.41,35.95,15.040000000000001,7.04,36.09,28.97,0.0,228.0,1200.0
89102.615,2702.615,140.0,90.10000000000001,22.17,15.99,168.5,33.1,150.70000000000002,28.77,33.01,33.5,92.0,15.700000000000001,55.0,100.0,225.0,2850.0,1.31,35.95,15.05,6.95,36.0,29.0,0.0,226.0,1200.0
89162.606,2762.606,140.0,90.2,22.27,15.98,170.5,33.0,151.9,28.82,32.92,33.550000000000004,92.0,15.65,54.800000000000004,100.0,228.0,2846.0,1.41,35.95,15.05,7.0200000000000005,36.06,28.990000000000002,0.0,224.0,1200.0
89222.597,2822.597,140.0,91.9,22.26,16.03,169.5,33.1,151.8,28.86,32.910000000000004,33.7,92.5,15.850000000000001,54.5,100.0,222.0,2849.0,1.47,35.9,15.05,7.0,35.92,28.96,1.0,226.5,1200.0
89282.588,2882.588,140.0,91.9,22.2,16.03,169.0,33.0,153.4,28.91,32.980000000000004,33.7,93.5,15.8,55.7,100.0,230.0,2846.0,1.41,35.800000000000004,15.01,6.97,36.04,29.060000000000002,0.0,227.5,1200.0
89342.58,2942.58,140.0,90.5,22.26,15.9,169.0,33.0,151.0,28.82,33.09,33.800000000000004,92.5,15.700000000000001,55.1,100.0,231.5,2852.0,1.58,35.9,14.96,7.0,36.06,29.02,1.0,224.0,1200.0
89402.572,3002.572,140.0,92.2,22.25,15.98,170.0,33.25,150.5,28.900000000000002,32.93,33.7,91.0,15.65,55.300000000000004,100.0,223.5,2856.0,1.35,35.85,15.05,6.9,36.06,29.02,0.0,226.5,1200.0
89462.564,3062.564,140.0,89.7,22.3,15.98,169.0,33.25,151.6,29.02,33.01,33.85,93.5,15.850000000000001,54.800000000000004,100.0,228.5,2853.0,1.35,36.050000000000004,15.040000000000001,6.97,35.980000000000004,29.080000000000002,0.0,223.5,1200.0
89522.556,3122.556,140.0,90.9,22.28,16.06,167.0,33.1,150.20000000000002,28.810000000000002,33.0,33.75,93.5,15.700000000000001,55.300000000000004,100.0,229.0,2845.0,1.5,35.9,14.98,6.99,36.04,28.98,1.0,225.0,1200.0
89582.549,3182.549,140.0,91.5,22.23,16.01,170.5,33.15,153.3,28.95,33.06,33.6,91.0,15.75,55.0,99.80000000000001,227.0,2851.0,1.3,35.75,15.02,7.0,36.0,29.01,1.0,221.5,1200.0
89642.542,3242.542,140.0,89.5,22.29,16.03,170.0,33.300000000000004,151.4,28.990000000000002,32.94,33.7,91.5,15.700000000000001,54.800000000000004,99.5,227.0,2850.0,1.61,35.9,15.040000000000001,7.0,36.06,29.080000000000002,2.0,230.5,1200.0
89702.535,3302.535,140.0,89.0,22.22,15.91,170.0,33.1,151.0,29.01,32.93,33.65,91.0,15.850000000000001,54.800000000000004,100.0,226.5,2850.0,1.42,35.9,15.040000000000001,6.84,35.95,29.04,1.0,227.0,1200.0
89762.528,3362.528,140.0,93.4,22.23,16.06,170.0,33.2,150.9,28.89,32.910000000000004,33.7,93.5,15.8,55.400000000000006,100.0,224.5,2852.0,1.43,36.050000000000004,15.02,7.0200000000000005,36.0,28.97,0.0,229.5,1200.0
89822.521,3422.521,140.0,90.5,22.23,16.02,170.5,33.1,151.0,28.82,33.02,33.75,94.0,15.700000000000001,55.400000000000006,100.0,222.5,2847.0,1.26,35.85,15.05,6.97,36.01,28.95,1.0,226.0,1200.0
89882.514,3482.514,140.0,91.9,22.25,15.96,169.0,33.1,151.5,28.87,32.99,33.7,91.0,15.8,55.5,100.0,222.0,2848.0,1.41,35.9,15.07,6.97,35.96,28.990000000000002,3.0,226.5,1200.0
89942.508,3542.508,140.0,91.60000000000001,22.31,15.97,170.0,32.95,151.8,28.94,32.94,33.7,91.0,15.8,54.800000000000004,99.80000000000001,229.0,2848.0,1.42,35.95,14.98,7.01,35.99,29.0,0.0,222.0,1200.0
90002.501,3602.501,140.0,92.4,22.18,15.98,170.0,33.15,153.70000000000002,28.900000000000002,33.01,33.7,92.0,15.600000000000001,54.900000000000006,99.30000000000001,223.0,2852.0,1.48,35.85,15.0,7.05,35.980000000000004,28.97,0.0,225.5,1200.0
90062.495,3662.495,140.0,91.30000000000001,22.3,15.92,171.5,33.1,152.5,28.900000000000002,33.1,33.7,93.0,15.75,54.800000000000004,100.0,228.5,2852.0,1.43,36.0,15.06,7.0,35.99,28.990000000000002,2.0,223.5,1200.0
90122.489,3722.489,140.0,90.4,22.28,16.03,171.5,33.1,151.0,28.95,33.01,33.75,92.5,15.75,55.0,99.60000000000001,225.0,2851.0,1.48,35.85,14.96,6.99,36.03,28.97,0.0,226.5,1200.0
90182.483,3782.483,140.0,90.2,22.21,16.02,171.0,33.15,152.70000000000002,28.91,33.08,33.75,93.5,15.600000000000001,55.1,100.0,227.5,2857.0,1.28,36.0,15.040000000000001,7.01,36.13,29.09,0.0,230.0,1200.0
90242.478,3842.478,140.0,91.0,22.28,16.02,171.0,33.050000000000004,150.9,28.85,33.13,33.800000000000004,94.0,15.65,55.6,99.80000000000001,224.5,2853.0,1.46,36.0,15.030000000000001,6.98,36.04,29.0,1.0,229.0,1200.0
90302.472,3902.472,140.0,93.4,22.3,15.950000000000001,170.5,33.4,153.1,29.060000000000002,33.12,33.7,89.5,15.75,54.800000000000004,99.5,225.0,2859.0,1.5,35.85,14.99,6.93,36.050000000000004,29.0,0.0,223.5,1200.0
90362.466,3962.466,140.0,90.9,22.27,15.97,170.0,33.25,152.20000000000002,29.02,33.04,33.85,92.5,15.65,55.1,99.9,227.0,2860.0,1.41,35.95,15.02,6.99,36.02,29.060000000000002,0.0,224.5,1200.0
90422.461,4022.461,140.0,88.60000000000001,22.28,16.02,172.0,33.300000000000004,151.20000000000002,28.98,33.19,33.75,90.5,15.700000000000001,54.7,99.9,230.5,2857.0,1.3900000000000001,36.0,15.02,6.96,35.99,29.060000000000002,0.0,228.0,1200.0
90482.456,4082.456,140.0,92.10000000000001,22.35,16.07,173.0,33.15,150.6,29.04,33.18,33.85,92.0,15.700000000000001,54.900000000000006,99.9,230.5,2866.0,1.36,35.95,15.030000000000001,6.99,36.0,28.97,0.0,230.0,1200.0
90542.451,4142.451,140.0,89.9,22.35,15.98,169.0,33.1,150.4,28.97,33.21,33.800000000000004,94.0,15.8,55.300000000000004,100.0,231.5,2859.0,1.22,35.9,14.950000000000001,7.0,36.04,28.91,0.0,225.0,1200.0
90602.445,4202.445,140.0,91.5,22.28,15.97,171.0,33.25,151.8,29.05,33.12,33.9,92.5,15.75,54.800000000000004,99.4,226.0,2865.0,1.3800000000000001,36.1,14.97,7.03,36.0,29.02,0.0,227.5,1200.0
90662.44,4262.44,140.0,90.10000000000001,22.25,15.97,169.0,33.25,150.4,29.080000000000002,33.19,33.9,95.5,15.75,55.300000000000004,100.0,229.0,2862.0,1.48,36.050000000000004,14.98,6.99,35.980000000000004,29.060000000000002,1.0,229.5,1200.0
90722.436,4322.436,140.0,89.4,22.28,16.04,170.0,33.35,151.20000000000002,29.13,33.24,33.9,92.0,15.850000000000001,55.400000000000006,100.0,231.0,2867.0,1.41,36.2,15.01,7.05,35.94,28.98,1.0,230.0,1200.0
90782.431,4382.431,140.0,92.2,22.36,15.99,172.5,33.4,152.20000000000002,29.150000000000002,33.28,33.85,94.0,15.65,54.800000000000004,99.4,228.5,2872.0,1.2,36.1,14.99,7.04,35.99,29.02,1.0,234.5,1200.0
90842.426,4442.426,140.0,90.0,22.26,15.97,169.5,33.300000000000004,150.9,29.150000000000002,33.27,33.75,92.5,15.8,55.5,99.9,227.5,2863.0,1.58,36.15,15.0,7.0,36.0,29.0,0.0,230.0,1200.0
90902.421,4502.421,140.0,91.2,22.330000000000002,15.98,171.5,33.25,153.5,29.19,33.27,33.7,93.0,15.65,55.5,100.0,232.5,2870.0,1.49,35.95,14.950000000000001,7.0200000000000005,36.09,28.96,0.0,234.0,1200.0
90962.417,4562.417,140.0,91.9,22.41,15.97,169.5,33.5,152.8,29.2,33.19,33.85,94.0,15.9,55.800000000000004,100.0,231.0,2872.0,1.2,36.2,14.99,6.95,36.06,28.96,2.0,233.5,1200.0
91022.413,4622.413,140.0,90.7,22.330000000000002,15.98,171.5,33.25,151.3,29.04,33.29,33.9,96.0,15.9,55.6,100.0,234.5,2871.0,1.27,36.2,14.97,7.03,36.050000000000004,29.0,0.0,230.0,1200.0
91082.408,4682.408,140.0,91.2,22.36,16.0,173.5,33.5,152.5,29.11,33.3,33.9,92.5,15.600000000000001,55.0,99.80000000000001,232.5,2868.0,1.5,36.15,14.99,6.98,36.12,28.97,0.0,230.0,1200.0
91142.404,4742.404,140.0,89.4,22.38,15.99,171.5,33.25,151.5,29.11,33.21,34.0,94.0,15.75,55.2,99.9,239.5,2874.0,1.31,36.25,14.93,7.01,35.97,29.04,0.0,233.5,1200.0
91202.4,4802.4,140.0,90.5,22.34,16.04,171.5,33.25,149.4,29.05,33.3,33.85,92.0,15.8,55.400000000000006,99.30000000000001,237.0,2875.0,1.49,36.2,14.94,7.05,35.97,28.94,0.0,227.5,1200.0
91262.396,4862.396,140.0,91.30000000000001,22.41,16.03,171.5,33.35,153.1,29.13,33.160000000000004,33.9,93.0,15.8,55.1,100.0,234.0,2870.0,1.28,36.2,15.01,7.04,35.980000000000004,29.1,0.0,231.5,1200.0
91322.391,4922.391,140.0,91.0,22.25,16.01,170.0,33.45,151.0,29.12,33.28,33.9,93.0,15.700000000000001,55.5,100.0,232.0,2875.0,1.4000000000000001,36.25,14.99,7.01,35.94,29.05,3.0,232.0,1200.0
91382.387,4982.387,140.0,90.7,22.29,15.98,171.0,33.2,150.0,29.12,33.26,33.9,94.0,15.75,55.5,100.0,230.0,2876.0,1.32,36.300000000000004,14.97,6.99,36.02,29.02,0.0,225.0,1200.0
91442.384,5042.384,140.0,92.10000000000001,22.36,16.06,171.0,33.35,151.3,29.09,33.25,34.0,93.0,15.850000000000001,55.2,100.0,230.5,2875.0,1.24,36.300000000000004,15.030000000000001,6.99,35.97,28.93,0.0,231.5,1200.0
91502.38,5102.38,140.0,91.4,22.29,16.02,171.0,33.35,150.8,29.11,33.3,33.95,93.0,15.700000000000001,54.800000000000004,99.7,232.5,2870.0,1.37,36.2,14.94,7.0,36.06,29.02,1.0,232.5,1200.0
91562.376,5162.376,140.0,91.30000000000001,22.330000000000002,16.01,171.0,33.2,149.9,29.17,33.27,33.95,92.0,15.850000000000001,54.7,99.80000000000001,233.0,2875.0,1.27,36.15,15.040000000000001,6.97,36.03,28.990000000000002,0.0,230.0,1200.0
91622.372,5222.372,140.0,92.80000000000001,22.31,15.96,172.5,33.5,152.1,29.16,33.39,34.0,94.0,15.9,55.6,100.0,239.0,2875.0,1.42,36.35,14.96,6.97,36.01,28.990000000000002,0.0,235.5,1200.0
91682.369,5282.369,140.0,89.9,22.27,15.99,171.5,33.35,151.3,29.2,33.28,33.95,92.0,15.65,55.5,100.0,231.0,2874.0,1.52,36.35,14.96,7.01,35.99,29.0,0.0,229.5,1200.0
91742.365,5342.365,140.0,91.10000000000001,22.3,16.07,171.5,33.4,151.9,29.11,33.36,34.0,93.5,15.700000000000001,55.1,99.80000000000001,232.0,2875.0,1.32,36.35,15.05,6.95,36.02,29.09,2.0,236.0,1200.0
91802.361,5402.361,140.0,89.60000000000001,22.27,15.99,171.0,33.6,150.1,29.17,33.3,33.85,91.0,15.65,55.5,99.7,233.5,2875.0,1.16,36.300000000000004,14.96,6.97,35.93,29.01,0.0,232.0,1200.0
91862.358,5462.358,140.0,90.80000000000001,22.26,15.97,171.0,33.5,150.20000000000002,29.28,33.35,34.1,91.5,15.700000000000001,55.0,99.9,232.0,2873.0,1.31,36.2,15.030000000000001,7.03,35.980000000000004,29.1,0.0,232.0,1200.0
91922.354,5522.354,140.0,91.4,22.35,16.0,170.0,33.550000000000004,152.3,29.27,33.31,33.95,93.5,15.75,54.900000000000006,99.9,232.5,2876.0,1.46,36.2,14.99,7.07,36.02,28.94,0.0,233.0,1200.0
91982.351,5582.351,140.0,92.0,22.32,16.01,171.5,33.35,150.4,29.25,33.28,34.0,95.5,15.65,55.0,100.0,231.0,2881.0,1.1300000000000001,36.15,14.99,6.95,35.93,29.03,0.0,234.5,1200.0
92042.348,5642.348,140.0,92.2,22.26,16.0,172.0,33.4,151.5,29.23,33.37,34.050000000000004,93.5,15.8,55.5,99.9,225.5,2880.0,1.44,36.35,14.93,6.95,36.03,28.96,0.0,229.5,1200.0
92102.344,5702.344,140.0,89.7,22.35,16.04,170.0,33.4,152.8,29.19,33.35,34.0,94.5,15.75,54.800000000000004,100.0,230.0,2876.0,1.17,36.300000000000004,14.950000000000001,6.98,35.92,29.04,2.0,234.5,1200.0
92162.341,5762.341,140.0,91.5,22.28,16.05,172.0,33.5,152.1,29.2,33.4,34.050000000000004,90.0,15.65,55.1,100.0,232.0,2882.0,1.26,36.4,15.030000000000001,6.98,35.92,28.95,2.0,229.0,1200.0
92222.338,5822.338,140.0,90.2,22.27,16.0,169.5,33.4,152.20000000000002,29.25,33.36,34.050000000000004,92.0,15.75,54.800000000000004,100.0,233.0,2873.0,1.5,36.5,15.01,7.05,36.06,29.0,0.0,233.0,1200.0
92282.335,5882.335,140.0,90.7,22.37,16.01,173.0,33.550000000000004,149.8,29.23,33.36,34.0,93.5,15.700000000000001,55.2,99.7,235.5,2880.0,1.44,36.35,14.98,7.0600000000000005,36.03,28.96,0.0,230.5,1200.0
92342.332,5942.332,140.0,91.10000000000001,22.34,15.99,173.0,33.5,152.70000000000002,29.310000000000002,33.35,33.95,91.0,15.700000000000001,54.7,100.0,231.5,2880.0,1.46,36.4,15.040000000000001,6.99,35.99,28.98,0.0,231.0,1200.0
92402.329,6002.329,140.0,90.7,22.35,16.05,172.5,33.45,151.5,29.17,33.32,34.1,93.0,15.600000000000001,54.800000000000004,99.7,234.0,2877.0,1.52,36.45,14.99,6.98,36.0,29.0,2.0,230.0,1200.0
92462.326,6062.326,140.0,92.2,22.330000000000002,15.94,173.0,33.45,150.0,29.3,33.39,34.15,93.0,15.75,55.300000000000004,100.0,235.5,2879.0,1.29,36.35,15.0,6.92,35.97,29.05,0.0,231.0,1200.0
92522.323,6122.323,140.0,90.5,22.37,16.02,172.5,33.550000000000004,151.8,29.19,33.38,33.9,92.5,15.65,54.5,99.9,232.0,2882.0,1.45,36.4,14.93,7.01,36.04,28.98,0.0,232.5,1200.0
92582.32,6182.32,140.0,91.10000000000001,22.29,15.94,170.5,33.4,150.70000000000002,29.25,33.33,34.1,91.5,15.8,55.2,99.7,239.0,2885.0,1.3900000000000001,36.35,14.96,6.99,36.06,28.87,2.0,237.0,1200.0
92642.317,6242.317,140.0,91.2,22.27,15.99,173.0,33.5,150.20000000000002,29.3,33.36,34.1,94.0,15.65,54.900000000000006,99.9,233.5,2885.0,1.44,36.35,15.01,7.04,36.0,29.07,2.0,232.0,1200.0
92702.314,6302.314,140.0,88.60000000000001,22.37,15.96,171.0,33.5,151.70000000000002,29.34,33.38,34.050000000000004,93.0,15.65,54.900000000000006,100.0,235.0,2888.0,1.58,36.45,15.0,7.0,35.980000000000004,29.0,0.0,232.5,1200.0
92762.311,6362.311,140.0,90.60000000000001,22.32,16.02,171.5,33.65,151.6,29.29,33.5,34.050000000000004,92.5,15.700000000000001,55.0,100.0,233.5,2889.0,1.23,36.7,15.0,6.94,36.03,28.900000000000002,0.0,237.5,1200.0
92822.309,6422.309,140.0,90.7,22.28,15.950000000000001,172.0,33.550000000000004,151.9,29.32,33.53,34.050000000000004,92.5,15.65,55.7,100.0,239.0,2891.0,1.36,36.4,15.030000000000001,6.97,35.99,29.0,0.0,230.0,1200.0
92882.306,6482.306,140.0,92.30000000000001,22.25,16.03,171.0,33.550000000000004,150.0,29.35,33.480000000000004,34.2,95.0,15.65,54.6,99.80000000000001,236.5,2887.0,1.61,36.550000000000004,15.0,6.94,35.93,29.060000000000002,0.0,234.5,1200.0
92942.303,6542.303,140.0,90.0,22.31,15.99,173.5,33.65,151.4,29.26,33.45,34.15,94.0,15.700000000000001,55.0,99.9,237.0,2889.0,1.43,36.5,14.950000000000001,7.05,35.96,28.94,0.0,237.0,1200.0
93002.301,6602.301,140.0,90.9,22.35,15.99,170.0,33.550000000000004,150.20000000000002,29.400000000000002,33.49,34.050000000000004,90.0,15.8,55.0,100.0,237.0,2887.0,1.4000000000000001,36.5,14.96,6.98,36.01,28.97,1.0,237.5,1200.0
93062.298,6662.298,140.0,90.60000000000001,22.26,15.96,172.5,33.45,153.70000000000002,29.37,33.58,34.1,92.5,15.700000000000001,55.400000000000006,100.0,233.5,2890.0,1.61,36.45,14.950000000000001,7.01,35.93,29.02,1.0,234.5,1200.0
93122.296,6722.296,140.0,89.9,22.28,16.0,171.0,33.65,150.1,29.45,33.55,34.25,93.0,15.65,55.7,100.0,234.0,2888.0,1.34,36.4,15.07,6.98,35.980000000000004,28.93,0.0,233.0,1200.0
93182.293,6782.293,140.0,91.2,22.31,15.99,174.0,33.5,152.3,29.36,33.45,34.1,94.0,15.65,55.400000000000006,99.9,229.0,2892.0,1.35,36.65,15.0,7.0,36.02,28.93,0.0,239.0,1200.0
93242.291,6842.291,140.0,91.30000000000001,22.23,15.950000000000001,174.5,33.6,150.8,29.32,33.37,34.2,92.0,15.850000000000001,55.300000000000004,99.9,237.5,2885.0,1.3,36.550000000000004,14.99,6.94,36.07,29.02,0.0,232.5,1200.0
93302.288,6902.288,140.0,90.2,22.27,16.05,172.5,33.4,151.20000000000002,29.36,33.46,34.15,94.0,15.8,55.2,100.0,235.0,2886.0,1.3900000000000001,36.6,15.01,6.99,36.03,29.01,0.0,232.5,1200.0
93362.286,6962.286,140.0,92.30000000000001,22.25,16.01,170.5,33.6,149.70000000000002,29.38,33.49,34.25,91.5,15.55,54.7,100.0,233.0,2891.0,1.57,36.6,15.01,6.99,35.93,28.95,0.0,234.0,1200.0
93422.283,7022.283,140.0,90.5,22.29,15.97,171.0,33.65,151.0,29.32,33.4,34.15,93.0,15.600000000000001,55.6,99.5,234.0,2886.0,1.5,36.6,14.99,6.96,35.99,28.94,0.0,235.0,1200.0
93482.281,7082.281,140.0,89.80000000000001,22.36,15.91,170.5,33.65,151.9,29.35,33.43,34.25,93.0,15.8,55.2,100.0,232.0,2891.0,1.31,36.45,15.05,6.97,36.09,28.97,0.0,240.5,1200.0
93542.278,7142.278,140.0,90.5,22.28,16.01,172.0,33.550000000000004,151.0,29.37,33.480000000000004,34.15,94.5,15.5,55.1,100.0,235.0,2889.0,1.36,36.5,14.93,6.98,35.97,29.01,1.0,236.0,1200.0
93602.276,7202.276,140.0,90.60000000000001,22.31,16.05,170.5,33.6,151.3,29.25,33.49,34.1,92.5,15.8,55.400000000000006,100.0,234.5,2885.0,1.35,36.65,14.93,7.0600000000000005,36.02,29.07,0.0,235.5,1200.0
93662.274,7262.274,140.0,92.7,22.27,16.02,171.5,33.6,152.70000000000002,29.330000000000002,33.38,34.15,91.0,15.700000000000001,54.7,100.0,235.5,2891.0,1.32,36.7,14.96,6.96,36.09,28.990000000000002,0.0,234.0,1200.0
93722.272,7322.272,140.0,90.2,22.29,16.09,174.0,33.5,152.0,29.26,33.39,34.0,94.0,15.75,54.7,99.9,238.0,2890.0,1.58,36.550000000000004,15.030000000000001,7.0,35.99,28.98,0.0,241.0,1200.0
93782.269,7382.269,140.0,89.7,22.29,16.03,172.5,33.550000000000004,150.4,29.37,33.45,33.95,92.5,15.9,55.400000000000006,99.5,236.0,2888.0,1.52,36.45,15.05,6.99,35.96,29.04,1.0,239.5,1200.0
93842.267,7442.267,140.0,89.9,22.23,16.02,171.5,33.6,150.5,29.35,33.43,34.1,93.0,15.8,55.1,100.0,236.5,2885.0,1.43,36.5,14.99,7.09,35.97,29.09,1.0,237.0,1200.0
93902.265,7502.265,140.0,89.9,22.31,16.080000000000002,173.0,33.65,151.1,29.44,33.4,34.300000000000004,92.0,15.700000000000001,55.1,99.9,235.0,2887.0,1.44,36.550000000000004,14.99,7.0,35.94,29.0,0.0,233.5,1200.0
93962.263,7562.263,140.0,91.2,22.32,16.05,170.5,33.4,151.4,29.310000000000002,33.45,34.1,92.5,15.65,55.2,100.0,236.5,2882.0,1.22,36.75,15.0,7.04,35.99,29.05,0.0,237.5,1200.0
94022.261,7622.261,140.0,91.9,22.22,15.99,172.5,33.550000000000004,151.0,29.38,33.47,34.15,92.0,15.600000000000001,54.800000000000004,100.0,233.5,2886.0,1.6300000000000001,36.550000000000004,15.01,7.0,36.07,28.94,1.0,234.0,1200.0
94082.259,7682.259,140.0,90.80000000000001,22.28,16.0,173.5,33.6,150.5,29.330000000000002,33.39,34.0,91.0,15.600000000000001,55.1,99.7,235.5,2886.0,1.29,36.45,15.01,6.98,36.050000000000004,28.97,2.0,232.5,1200.0
94142.257,7742.257,140.0,90.10000000000001,22.36,15.96,174.0,33.45,153.1,29.26,33.35,34.1,90.0,15.55,54.900000000000006,99.80000000000001,230.0,2888.0,1.41,36.35,15.02,7.04,36.0,29.01,2.0,235.5,1200.0
94202.255,7802.255,140.0,91.0,22.23,15.93,172.5,33.45,149.70000000000002,29.3,33.29,33.95,90.5,15.700000000000001,54.900000000000006,100.0,235.5,2892.0,1.5,36.35,15.01,7.0200000000000005,35.97,28.96,0.0,237.5,1200.0
94262.253,7862.253,140.0,90.7,22.28,16.0,170.0,33.550000000000004,152.1,29.43,33.4,34.050000000000004,93.5,15.850000000000001,55.5,99.9,233.0,2883.0,1.45,36.5,15.05,7.07,35.96,28.95,1.0,236.0,1200.0
94322.251,7922.251,140.0,90.7,22.37,16.09,172.5,33.65,152.20000000000002,29.29,33.35,34.050000000000004,91.5,15.75,55.400000000000006,100.0,230.5,2886.0,1.4000000000000001,36.65,14.98,7.0600000000000005,35.99,28.900000000000002,0.0,235.0,1200.0
94382.249,7982.249,140.0,92.2,22.37,16.0,172.0,33.45,150.20000000000002,29.28,33.42,34.15,93.0,15.8,55.5,100.0,233.0,2882.0,1.3900000000000001,36.4,15.0,7.0,35.94,29.01,1.0,236.5,1200.0
94442.247,8042.247,140.0,90.60000000000001,22.37,16.03,172.5,33.550000000000004,152.1,29.29,33.44,34.15,93.0,15.700000000000001,56.2,100.0,232.0,2888.0,1.26,36.45,14.93,7.07,35.980000000000004,29.060000000000002,0.0,238.5,1200.0
94502.245,8102.245,140.0,90.9,22.46,16.04,170.5,33.45,152.1,29.28,33.47,34.15,91.5,15.850000000000001,55.900000000000006,100.0,236.5,2890.0,1.52,36.550000000000004,14.99,7.04,35.97,28.98,0.0,235.5,1200.0
94562.243,8162.243,140.0,90.2,22.46,16.02,170.5,33.550000000000004,152.6,29.29,33.49,34.050000000000004,92.0,15.65,55.900000000000006,100.0,239.0,2888.0,1.4000000000000001,36.65,14.97,7.01,36.02,28.98,0.0,238.0,1200.0
94622.241,8222.241,140.0,89.80000000000001,22.47,15.97,171.0,33.6,152.0,29.330000000000002,33.45,34.1,94.0,15.700000000000001,56.0,100.0,234.5,2885.0,1.35,36.5,15.01,7.0,36.01,28.98,5.0,237.0,1200.0
94682.239,8282.239,140.0,92.10000000000001,22.400000000000002,15.98,172.5,33.65,152.20000000000002,29.28,33.45,34.1,92.0,15.850000000000001,55.800000000000004,100.0,234.5,2895.0,1.36,36.45,14.99,7.03,36.01,28.95,1.0,237.5,1200.0
94742.237,8342.237,140.0,90.80000000000001,22.52,16.0,172.0,33.550000000000004,151.1,29.26,33.43,34.050000000000004,92.5,15.75,55.800000000000004,100.0,238.5,2893.0,1.37,36.6,14.950000000000001,7.0600000000000005,35.97,28.97,3.0,238.0,1200.0
94802.235,8402.235,140.0,90.10000000000001,22.54,16.03,175.0,33.65,151.5,29.2,33.44,34.0,91.5,15.65,56.300000000000004,99.5,239.0,2890.0,1.6,36.6,15.02,7.05,36.02,29.02,0.0,237.5,1200.0
94862.233,8462.233,140.0,91.7,22.52,15.99,171.5,33.65,151.0,29.28,33.52,33.95,94.0,15.75,56.6,100.0,241.0,2900.0,1.62,36.65,14.99,7.08,36.03,29.0,0.0,236.0,1200.0
94922.232,8522.232,140.0,91.7,22.650000000000002,16.06,172.0,33.65,152.4,29.2,33.53,34.0,91.5,15.75,56.6,100.0,240.0,2904.0,1.33,36.75,14.99,7.03,36.04,28.96,0.0,239.0,1200.0
94982.23,8582.23,140.0,91.5,22.56,16.05,173.5,33.6,150.9,29.26,33.44,34.1,93.0,15.600000000000001,56.800000000000004,99.60000000000001,240.0,2903.0,1.36,36.6,15.0,6.98,36.050000000000004,29.03,0.0,238.5,1200.0
95042.228,8642.228,140.0,89.60000000000001,22.56,16.06,171.5,33.6,151.1,29.3,33.45,33.95,95.0,15.850000000000001,57.0,100.0,243.0,2903.0,1.42,36.75,14.950000000000001,6.97,35.99,29.060000000000002,0.0,245.0,1200.0
95102.226,8702.226,140.0,89.5,22.57,16.01,174.0,33.6,151.1,29.17,33.51,34.0,92.0,15.850000000000001,56.800000000000004,99.9,243.0,2903.0,1.3900000000000001,36.800000000000004,14.93,7.04,35.94,28.98,0.0,241.0,1200.0
95162.225,8762.225,140.0,91.0,22.7,15.98,172.0,33.5,151.70000000000002,29.330000000000002,33.54,34.0,94.0,15.75,56.7,99.60000000000001,246.0,2908.0,1.42,36.85,14.99,6.94,36.07,29.05,0.0,242.5,1200.0
95222.223,8822.223,140.0,89.5,22.650000000000002,16.02,175.0,33.800000000000004,151.0,29.2,33.51,33.95,94.0,15.9,57.300000000000004,99.7,238.5,2906.0,1.3800000000000001,36.75,14.96,7.04,35.94,28.98,0.0,246.0,1200.0
95282.221,8882.221,140.0,90.5,22.64,16.09,173.5,33.7,151.4,29.330000000000002,33.57,34.050000000000004,92.0,15.65,57.7,100.0,243.5,2909.0,1.44,36.85,14.96,6.97,36.09,28.96,0.0,241.5,1200.0
95342.22,8942.22,140.0,90.80000000000001,22.71,16.07,175.5,33.7,149.20000000000002,29.18,33.57,34.1,90.5,15.600000000000001,57.5,99.9,241.5,2914.0,1.45,36.85,15.05,6.98,36.03,29.080000000000002,1.0,244.5,1200.0
95402.218,9002.218,140.0,91.10000000000001,22.72,15.99,173.0,33.6,150.9,29.25,33.59,34.1,94.0,15.700000000000001,57.800000000000004,99.60000000000001,250.0,2914.0,1.52,37.1,14.98,6.98,36.08,28.94,0.0,247.5,1200.0
95462.216,9062.216,140.0,90.80000000000001,22.73,16.05,172.5,33.550000000000004,152.70000000000002,29.23,33.56,34.2,92.0,15.700000000000001,58.1,100.0,248.5,2910.0,1.4000000000000001,36.95,14.98,6.96,35.99,29.01,0.0,245.0,1200.0
95522.215,9122.215,140.0,92.10000000000001,22.67,16.06,172.0,33.65,149.6,29.25,33.53,34.15,93.0,15.700000000000001,58.300000000000004,99.7,245.0,2918.0,1.49,37.0,15.0,6.98,36.08,28.990000000000002,3.0,246.5,1200.0
95582.213,9182.213,140.0,92.0,22.67,16.0,174.5,33.75,151.20000000000002,29.28,33.62,34.25,93.0,15.700000000000001,57.5,100.0,246.5,2918.0,1.47,37.1,14.950000000000001,7.0,35.93,28.96,0.0,249.5,1200.0
95642.212,9242.212,140.0,90.7,22.64,15.98,174.5,33.65,151.1,29.240000000000002,33.53,33.95,92.0,15.700000000000001,58.300000000000004,99.9,246.0,2919.0,1.4000000000000001,36.95,14.93,7.04,36.050000000000004,29.03,0.0,245.0,1200.0
95702.21,9302.21,140.0,90.9,22.76,15.96,173.5,33.6,151.9,29.19,33.56,34.0,93.0,15.700000000000001,58.300000000000004,100.0,246.5,2919.0,1.29,37.2,15.0,6.99,36.11,29.04,1.0,246.5,1200.0
95762.208,9362.208,140.0,90.7,22.75,16.03,172.0,33.550000000000004,150.6,29.16,33.51,34.1,92.5,15.600000000000001,58.2,99.60000000000001,244.5,2919.0,1.37,37.1,15.08,6.95,35.910000000000004,28.990000000000002,0.0,249.5,1200.0
95822.207,9422.207,140.0,90.0,22.72,16.04,172.5,33.7,152.5,29.14,33.51,33.95,89.5,15.75,58.300000000000004,99.9,248.5,2922.0,1.41,37.050000000000004,14.99,6.95,36.03,29.05,0.0,244.5,1200.0
95882.205,9482.205,140.0,90.7,22.79,15.99,173.5,33.65,152.5,29.310000000000002,33.5,34.0,92.0,15.65,57.800000000000004,100.0,243.0,2921.0,1.47,37.050000000000004,15.0,7.03,35.980000000000004,28.96,0.0,246.5,1200.0
95942.204,9542.204,140.0,91.60000000000001,22.69,15.94,172.5,33.6,151.5,29.2,33.57,34.050000000000004,93.0,15.65,58.1,100.0,245.0,2921.0,1.3,37.050000000000004,15.05,6.99,35.95,28.96,0.0,243.5,1200.0
96002.202,9602.202,140.0,91.7,22.68,15.97,175.0,33.65,152.0,29.16,33.480000000000004,34.0,94.5,15.600000000000001,58.1,99.9,252.5,2919.0,1.45,37.15,14.950000000000001,6.99,36.0,28.95,0.0,245.0,1200.0
96062.201,9662.201,140.0,90.5,22.62,15.97,172.0,33.65,150.9,29.26,33.54,34.050000000000004,92.0,15.75,58.400000000000006,99.9,249.0,2918.0,1.56,37.1,14.99,6.97,35.92,29.0,1.0,249.5,1200.0
96122.2,9722.2,140.0,91.0,22.66,16.07,172.5,33.75,151.5,29.240000000000002,33.53,34.0,94.0,15.700000000000001,57.7,100.0,244.0,2921.0,1.4000000000000001,37.25,14.98,7.0,35.97,29.05,0.0,251.0,1200.0
96182.198,9782.198,140.0,91.5,22.69,16.02,174.0,33.6,151.3,29.16,33.57,34.050000000000004,92.5,15.700000000000001,57.800000000000004,99.5,244.5,2919.0,1.3900000000000001,37.15,15.030000000000001,6.98,36.02,28.97,1.0,247.0,1200.0
96242.197,9842.197,140.0,92.2,22.62,16.01,172.5,33.550000000000004,152.0,29.12,33.5,33.95,92.5,15.65,58.5,100.0,249.0,2911.0,1.42,37.300000000000004,14.99,7.03,35.97,28.95,0.0,246.5,1200.0
96302.195,9902.195,140.0,91.80000000000001,22.68,16.03,173.5,33.7,151.1,29.1,33.49,33.75,93.0,15.65,58.1,100.0,244.5,2917.0,1.6,37.25,15.05,6.93,36.09,28.93,1.0,245.5,1200.0
96362.194,9962.194,140.0,91.7,22.68,15.950000000000001,172.5,33.4,150.4,29.1,33.42,33.95,94.5,15.700000000000001,57.900000000000006,99.7,244.5,2913.0,1.09,37.2,14.94,7.03,36.01,29.03,3.0,247.0,1200.0
96422.192,10022.192,140.0,92.5,22.71,15.92,171.5,33.6,151.6,29.07,33.52,33.95,90.5,15.700000000000001,58.2,99.5,244.0,2912.0,1.41,36.95,14.99,7.1000000000000005,36.02,29.1,0.0,246.5,1200.0
96482.191,10082.191,140.0,89.9,22.68,16.02,172.5,33.550000000000004,151.8,29.12,33.410000000000004,33.95,92.0,15.8,58.7,99.9,246.0,2914.0,1.43,37.1,15.02,6.93,35.97,28.97,1.0,242.5,1200.0
96542.19,10142.19,140.0,90.5,22.650000000000002,16.05,171.0,33.550000000000004,149.8,29.1,33.46,33.95,92.5,15.700000000000001,58.300000000000004,100.0,243.5,2905.0,1.4000000000000001,37.050000000000004,15.02,6.98,36.08,28.94,1.0,243.0,1200.0
96602.188,10202.188,140.0,90.80000000000001,22.64,16.03,172.0,33.45,151.5,29.07,33.4,33.85,92.0,15.600000000000001,58.2,99.60000000000001,245.0,2910.0,1.3800000000000001,37.0,14.96,7.0,35.96,28.97,0.0,244.5,1200.0
96662.187,10262.187,140.0,90.4,22.63,15.98,172.5,33.65,151.70000000000002,29.02,33.36,33.95,91.5,15.8,57.800000000000004,100.0,238.5,2902.0,1.3800000000000001,37.050000000000004,14.99,6.96,35.94,29.0,0.0,244.5,1200.0
96722.186,10322.186,140.0,90.2,22.68,16.01,170.5,33.5,151.4,28.990000000000002,33.42,33.800000000000004,92.0,15.65,58.0,100.0,244.0,2912.0,1.46,37.2,14.99,6.98,36.01,29.060000000000002,0.0,244.5,1200.0
96782.184,10382.184,140.0,89.30000000000001,22.63,15.99,172.5,33.5,152.3,29.04,33.31,33.9,92.0,15.700000000000001,58.7,100.0,244.0,2902.0,1.35,37.050000000000004,14.98,6.99,36.0,28.990000000000002,0.0,244.5,1200.0
96842.183,10442.183,140.0,90.9,22.61,15.98,172.0,33.550000000000004,151.5,29.080000000000002,33.37,33.85,92.5,15.8,58.6,100.0,239.0,2902.0,1.33,37.1,14.950000000000001,7.0600000000000005,36.03,29.060000000000002,0.0,242.0,1200.0
96902.182,10502.182,140.0,90.30000000000001,22.64,16.0,174.5,33.45,151.1,29.07,33.45,33.800000000000004,92.0,15.75,58.900000000000006,99.9,241.0,2905.0,1.31,37.15,15.07,6.97,35.96,28.97,1.0,244.5,1200.0
96962.18,10562.18,140.0,91.60000000000001,22.66,16.01,173.5,33.45,152.1,29.11,33.36,33.95,93.5,15.8,58.1,100.0,244.0,2902.0,1.29,37.050000000000004,15.030000000000001,6.98,35.980000000000004,28.95,1.0,241.0,1200.0
97022.179,10622.179,140.0,90.80000000000001,22.66,15.98,172.0,33.300000000000004,151.3,28.990000000000002,33.33,33.85,92.5,15.75,58.6,100.0,243.5,2905.0,1.42,36.85,14.950000000000001,7.0200000000000005,36.01,29.04,0.0,241.0,1200.0
97082.178,10682.178,140.0,90.60000000000001,22.67,16.04,171.5,33.4,151.6,29.11,33.37,33.7,92.0,15.65,58.1,99.7,248.0,2899.0,1.27,37.050000000000004,14.99,6.98,35.99,28.98,0.0,239.5,1200.0
97142.177,10742.177,140.0,91.4,22.7,16.03,171.0,33.4,150.6,29.01,33.410000000000004,33.75,91.5,15.700000000000001,58.400000000000006,100.0,244.5,2904.0,1.3800000000000001,37.1,14.98,6.95,36.07,28.96,0.0,240.5,1200.0
97202.175,10802.175,140.0,90.4,22.650000000000002,15.96,173.0,33.5,152.70000000000002,29.0,33.45,33.9,94.0,15.700000000000001,58.300000000000004,99.9,241.0,2900.0,1.4000000000000001,36.95,14.93,6.97,36.03,29.02,1.0,247.0,1200.0
97262.174,10862.174,140.0,92.7,22.67,16.0,173.0,33.45,150.70000000000002,29.03,33.33,33.85,92.5,15.75,58.300000000000004,99.7,247.0,2894.0,1.3900000000000001,37.0,14.98,7.01,36.04,29.09,0.0,240.0,1200.0
97322.173,10922.173,140.0,90.5,22.68,16.06,170.5,33.65,151.20000000000002,29.04,33.21,33.85,93.5,15.65,57.900000000000006,100.0,237.5,2905.0,1.3,36.9,14.98,6.97,36.050000000000004,29.02,0.0,243.5,1200.0
97382.172,10982.172,140.0,88.9,22.61,16.03,172.5,33.45,151.3,29.04,33.35,33.75,93.0,15.65,57.900000000000006,100.0,246.0,2908.0,1.4000000000000001,36.9,15.02,6.98,36.02,29.0,0.0,242.0,1200.0
97442.171,11042.171,140.0,90.5,22.68,16.0,172.5,33.550000000000004,152.8,29.03,33.410000000000004,33.95,91.0,15.65,58.400000000000006,99.7,244.5,2905.0,1.48,36.85,14.93,7.04,35.980000000000004,29.13,0.0,243.0,1200.0
97502.169,11102.169,140.0,89.30000000000001,22.56,16.01,173.5,33.65,150.5,29.04,33.32,33.95,91.5,15.75,57.900000000000006,99.60000000000001,244.5,2908.0,1.36,36.95,15.030000000000001,7.07,36.02,28.91,0.0,241.5,1200.0
97562.168,11162.168,140.0,91.30000000000001,22.650000000000002,16.03,173.5,33.550000000000004,151.1,29.14,33.4,33.85,91.0,15.950000000000001,57.6,100.0,248.0,2907.0,1.41,36.9,14.97,6.96,36.04,29.0,2.0,239.0,1200.0
97622.167,11222.167,140.0,89.5,22.68,15.91,171.0,33.800000000000004,151.20000000000002,29.25,33.39,33.95,93.0,15.65,57.6,100.0,240.5,2910.0,1.36,36.85,15.01,6.97,36.0,28.94,0.0,244.5,1200.0
97682.166,11282.166,140.0,92.0,22.67,16.01,173.5,33.5,150.8,29.080000000000002,33.46,33.9,93.5,15.700000000000001,57.900000000000006,100.0,245.0,2909.0,1.46,36.95,14.950000000000001,7.0,35.980000000000004,29.07,3.0,241.5,1200.0
97742.165,11342.165,140.0,91.4,22.64,15.99,171.0,33.65,151.4,29.13,33.46,33.85,93.5,15.65,57.5,99.60000000000001,244.0,2910.0,1.34,36.800000000000004,15.040000000000001,6.98,35.97,29.04,0.0,242.0,1200.0
97802.164,11402.164,140.0,90.10000000000001,22.650000000000002,16.03,173.0,33.7,150.20000000000002,29.19,33.5,33.95,90.5,15.8,57.900000000000006,100.0,243.5,2908.0,1.58,37.1,15.040000000000001,7.03,36.01,28.94,0.0,245.0,1200.0
97862.162,11462.162,140.0,89.60000000000001,22.650000000000002,16.02,173.5,33.550000000000004,152.20000000000002,29.16,33.52,33.85,93.5,15.55,58.300000000000004,99.7,245.0,2910.0,1.44,36.95,14.950000000000001,6.96,36.02,29.09,0.0,245.0,1200.0
97922.161,11522.161,140.0,91.2,22.64,15.94,172.0,33.4,151.8,29.22,33.46,33.9,93.5,15.8,58.6,100.0,249.0,2911.0,1.31,36.95,14.96,7.04,36.04,29.12,0.0,243.5,1200.0
97982.16,11582.16,140.0,90.9,22.63,15.950000000000001,173.0,33.550000000000004,152.20000000000002,29.17,33.51,34.0,91.5,15.75,58.2,99.7,245.5,2909.0,1.42,37.050000000000004,15.08,7.09,35.99,29.02,0.0,242.0,1200.0
98042.159,11642.159,140.0,88.7,22.66,16.02,172.5,33.65,152.5,29.12,33.45,33.95,93.0,15.75,57.900000000000006,100.0,247.0,2913.0,1.44,36.95,14.98,7.01,36.02,29.0,0.0,242.0,1200.0
98102.158,11702.158,140.0,91.4,22.75,15.94,172.0,33.7,150.20000000000002,29.13,33.47,33.85,91.5,15.700000000000001,57.400000000000006,100.0,241.5,2916.0,1.4000000000000001,37.050000000000004,14.99,7.0200000000000005,36.01,29.02,0.0,247.0,1200.0
98162.157,11762.157,140.0,91.0,22.7,16.03,174.0,33.75,150.1,29.19,33.52,33.9,94.0,15.75,58.0,100.0,251.5,2910.0,1.43,37.0,14.96,7.01,35.97,28.990000000000002,0.0,245.0,1200.0
98222.156,11822.156,140.0,90.5,22.68,16.06,170.5,33.65,151.0,29.11,33.43,34.0,94.0,15.65,58.300000000000004,100.0,247.0,2913.0,1.3900000000000001,36.9,14.96,6.93,36.01,29.01,3.0,245.0,1200.0
98282.155,11882.155,140.0,91.10000000000001,22.72,15.99,172.0,33.75,151.3,29.13,33.46,33.95,91.5,15.8,58.800000000000004,99.30000000000001,245.5,2915.0,1.33,37.050000000000004,14.99,6.95,36.06,29.0,2.0,243.5,1200.0
98342.154,11942.154,140.0,90.9,22.71,15.96,173.5,33.6,151.5,29.17,33.39,33.85,94.0,15.8,58.800000000000004,100.0,243.0,2911.0,1.68,37.0,15.07,7.01,36.06,29.02,1.0,249.5,1200.0
98402.153,12002.153,140.0,92.9,22.61,16.01,172.0,33.6,152.1,29.17,33.45,33.95,92.5,15.55,58.6,99.80000000000001,246.5,2912.0,1.45,37.2,15.0,7.08,35.99,29.01,0.0,246.0,1200.0
98462.152,12062.152,140.0,91.10000000000001,22.67,16.1,172.0,33.65,151.8,29.150000000000002,33.51,34.1,91.5,15.65,58.7,99.80000000000001,249.5,2913.0,1.52,37.1,14.99,6.95,36.050000000000004,29.01,1.0,245.0,1200.0
98522.151,12122.151,140.0,90.10000000000001,22.68,16.03,173.0,33.65,150.3,29.25,33.51,34.050000000000004,91.0,15.700000000000001,57.900000000000006,100.0,244.0,2912.0,1.4000000000000001,37.15,15.01,7.0,36.050000000000004,28.98,0.0,245.0,1200.0
98582.15,12182.15,140.0,90.9,22.69,15.92,171.5,33.7,150.20000000000002,29.16,33.47,34.1,93.0,15.700000000000001,57.900000000000006,99.9,243.5,2912.0,1.48,37.15,14.99,6.99,36.050000000000004,29.02,1.0,244.5,1200.0
98642.149,12242.149,140.0,90.60000000000001,22.68,15.9,172.5,33.75,150.6,29.17,33.52,33.85,93.5,15.75,58.7,99.9,245.0,2917.0,1.46,37.050000000000004,14.92,7.01,35.92,29.02,1.0,246.0,1200.0
98702.148,12302.148,140.0,92.2,22.62,16.0,171.5,33.65,151.4,29.27,33.46,34.050000000000004,91.0,15.700000000000001,58.5,99.80000000000001,244.0,2914.0,1.51,37.050000000000004,14.99,7.01,36.0,28.97,0.0,250.0,1200.0
98762.147,12362.147,140.0,90.2,22.650000000000002,16.01,174.5,33.75,151.8,29.150000000000002,33.49,34.0,92.0,15.8,58.0,100.0,250.0,2917.0,1.4000000000000001,37.050000000000004,15.0,7.0,36.03,28.92,0.0,246.5,1200.0
98822.146,12422.146,140.0,92.2,22.67,16.0,172.0,33.800000000000004,152.5,29.21,33.57,34.1,91.5,15.8,58.2,100.0,244.5,2918.0,1.26,37.050000000000004,15.0,6.98,35.93,29.07,2.0,246.0,1200.0
98882.145,12482.145,140.0,92.4,22.650000000000002,16.02,171.5,33.75,150.9,29.23,33.62,34.1,91.5,15.700000000000001,58.6,99.9,246.0,2919.0,1.54,37.1,15.0,7.05,36.050000000000004,29.02,3.0,245.5,1200.0
98942.144,12542.144,140.0,90.9,22.580000000000002,15.96,172.5,33.7,150.0,29.240000000000002,33.65,34.0,93.5,15.700000000000001,58.800000000000004,100.0,247.5,2912.0,1.34,37.050000000000004,15.02,6.96,35.97,29.05,0.0,249.0,1200.0
99002.143,12602.143,140.0,90.60000000000001,22.68,15.98,173.0,33.85,152.3,29.27,33.47,34.1,93.0,15.65,57.800000000000004,99.9,245.0,2916.0,1.42,37.1,14.96,7.0200000000000005,36.04,28.97,1.0,248.5,1200.0
99062.142,12662.142,140.0,90.60000000000001,22.72,16.02,172.0,33.65,152.3,29.25,33.6,34.050000000000004,91.0,15.700000000000001,58.1,100.0,247.0,2920.0,1.4000000000000001,37.15,15.01,7.01,35.95,29.01,0.0,249.5,1200.0
99122.141,12722.141,140.0,90.60000000000001,22.66,16.0,172.5,33.9,152.0,29.23,33.59,34.1,93.0,15.700000000000001,58.0,99.9,250.0,2922.0,1.42,37.15,15.01,6.99,36.09,28.990000000000002,3.0,253.0,1200.0
99182.14,12782.14,140.0,92.4,22.69,16.09,172.5,33.800000000000004,152.5,29.28,33.59,34.1,94.0,15.9,58.2,100.0,249.0,2919.0,1.52,37.050000000000004,15.040000000000001,6.99,36.0,29.02,0.0,251.5,1200.0
99242.139,12842.139,140.0,91.5,22.7,15.97,172.0,33.800000000000004,151.3,29.3,33.58,34.050000000000004,91.5,15.65,58.300000000000004,100.0,244.5,2921.0,1.41,37.2,15.01,6.98,35.92,29.03,2.0,246.0,1200.0
99302.138,12902.138,140.0,91.30000000000001,22.67,15.93,172.0,33.7,152.8,29.22,33.62,34.2,93.5,15.850000000000001,58.400000000000006,100.0,250.0,2921.0,1.36,37.050000000000004,14.93,6.97,35.94,28.92,1.0,246.0,1200.0
99362.137,12962.137,140.0,91.60000000000001,22.61,15.99,172.5,33.75,152.20000000000002,29.3,33.58,34.15,90.5,15.700000000000001,58.900000000000006,100.0,244.0,2921.0,1.32,37.1,15.02,7.0,36.01,28.96,0.0,247.5,1200.0
99422.136,13022.136,140.0,89.9,22.64,15.97,173.5,33.75,151.70000000000002,29.29,33.65,33.95,93.5,15.8,58.2,100.0,250.0,2921.0,1.42,37.2,14.97,6.97,35.99,28.990000000000002,0.0,249.5,1200.0
99482.135,13082.135,140.0,90.60000000000001,22.63,16.01,173.0,33.800000000000004,153.0,29.27,33.58,34.15,91.0,15.65,59.5,100.0,250.0,2934.0,1.35,37.2,15.030000000000001,6.96,36.050000000000004,29.05,0.0,250.0,1200.0
99542.134,13142.134,140.0,89.4,22.650000000000002,15.98,175.5,33.7,151.20000000000002,29.36,33.64,34.1,91.5,15.65,58.6,99.9,248.5,2922.0,1.31,37.35,14.98,6.99,35.980000000000004,28.990000000000002,0.0,248.0,1200.0
99602.133,13202.133,140.0,90.30000000000001,22.68,15.97,173.0,33.85,150.6,29.28,33.61,34.15,89.5,15.75,59.900000000000006,99.80000000000001,248.0,2926.0,1.32,37.35,14.97,7.0,36.01,29.03,3.0,253.0,1200.0
99662.132,13262.132,140.0,90.5,22.69,16.06,174.5,33.75,152.5,29.28,33.55,34.0,94.0,15.75,60.1,99.60000000000001,247.0,2927.0,1.44,37.2,14.99,7.0,36.09,29.02,2.0,253.0,1200.0
99722.132,13322.132,140.0,90.60000000000001,22.72,16.02,175.5,33.9,150.70000000000002,29.38,33.61,34.25,92.0,15.65,60.400000000000006,99.7,245.5,2929.0,1.41,37.35,15.01,7.0200000000000005,36.01,29.0,0.0,249.0,1200.0
99782.131,13382.131,140.0,90.5,22.63,16.04,174.0,33.9,151.4,29.240000000000002,33.64,34.1,90.0,15.8,60.800000000000004,100.0,253.0,2930.0,1.5,37.2,15.030000000000001,7.05,35.96,28.94,1.0,252.0,1200.0
99842.13,13442.13,140.0,92.30000000000001,22.740000000000002,16.01,172.5,33.95,151.6,29.46,33.63,34.1,90.0,15.700000000000001,60.800000000000004,99.7,250.5,2933.0,1.3900000000000001,37.25,15.09,7.0,36.0,28.97,1.0,247.5,1200.0
99902.129,13502.129,140.0,90.9,22.64,16.06,174.5,33.7,151.20000000000002,29.3,33.730000000000004,34.1,92.5,15.850000000000001,62.0,100.0,253.5,2927.0,1.43,37.4,15.07,7.1000000000000005,35.94,29.0,0.0,251.0,1200.0
99962.128,13562.128,140.0,91.10000000000001,22.71,15.99,173.0,34.050000000000004,152.0,29.37,33.69,34.2,93.0,15.75,61.800000000000004,99.60000000000001,252.0,2932.0,1.31,37.15,15.030000000000001,7.0,35.92,28.98,0.0,252.5,1200.0
100022.127,13622.127,140.0,91.60000000000001,22.64,15.99,176.0,33.75,152.4,29.44,33.71,34.25,92.0,15.700000000000001,61.800000000000004,100.0,253.5,2929.0,1.3900000000000001,37.25,14.99,7.0,35.980000000000004,28.97,0.0,252.0,1200.0
100082.126,13682.126,140.0,91.5,22.7,16.0,173.5,33.800000000000004,153.0,29.36,33.7,34.1,93.0,15.9,62.5,100.0,253.0,2927.0,1.3800000000000001,37.35,15.0,6.9,36.03,28.92,1.0,254.0,1200.0
100142.126,13742.126,140.0,91.10000000000001,22.64,16.03,174.0,33.85,150.8,29.35,33.660000000000004,34.300000000000004,91.5,15.600000000000001,63.5,100.0,250.5,2932.0,1.3800000000000001,37.35,14.96,7.01,36.0,28.97,0.0,248.5,1200.0
100202.125,13802.125,140.0,91.0,22.69,15.97,172.0,33.95,153.0,29.44,33.7,34.25,93.0,15.75,63.6,100.0,253.0,2939.0,1.4000000000000001,37.4,15.01,7.0,35.980000000000004,28.88,0.0,247.0,1200.0
100262.124,13862.124,140.0,90.30000000000001,22.75,15.89,175.0,33.800000000000004,151.70000000000002,29.34,33.72,34.300000000000004,90.5,15.65,63.800000000000004,100.0,251.5,2928.0,1.33,37.4,15.0,6.96,36.0,29.02,1.0,254.0,1200.0
100322.123,13922.123,140.0,88.9,22.71,16.01,173.5,33.85,151.3,29.26,33.62,34.1,92.5,15.8,64.5,99.60000000000001,250.5,2931.0,1.3900000000000001,37.550000000000004,14.97,7.0,36.08,28.900000000000002,0.0,252.0,1200.0
100382.122,13982.122,140.0,91.30000000000001,22.71,16.0,175.0,33.95,151.70000000000002,29.32,33.68,34.15,92.5,15.8,64.7,100.0,251.5,2932.0,1.56,37.300000000000004,14.99,7.0200000000000005,36.02,29.03,0.0,253.0,1200.0
100442.121,14042.121,140.0,91.0,22.68,15.99,174.5,33.800000000000004,152.3,29.400000000000002,33.83,34.25,92.0,15.65,65.0,100.0,251.5,2935.0,1.34,37.300000000000004,15.030000000000001,7.01,35.96,29.03,0.0,247.0,1200.0
100502.121,14102.121,140.0,90.60000000000001,22.650000000000002,16.01,172.0,33.85,150.5,29.37,33.75,34.300000000000004,93.0,15.55,65.60000000000001,100.0,251.0,2937.0,1.52,37.4,14.99,7.0,35.96,29.03,2.0,249.0,1200.0
100562.12,14162.12,140.0,91.9,22.66,16.01,174.0,33.75,152.5,29.36,33.76,34.25,90.5,15.8,66.7,99.7,248.0,2934.0,1.3800000000000001,37.45,15.0,6.97,36.0,28.990000000000002,2.0,253.0,1200.0
100622.119,14222.119,140.0,91.10000000000001,22.64,15.99,173.5,33.75,152.9,29.42,33.660000000000004,34.25,92.0,15.700000000000001,66.9,100.0,248.0,2932.0,1.34,37.25,14.950000000000001,6.95,35.980000000000004,29.0,2.0,249.5,1200.0
100682.118,14282.118,140.0,90.2,22.56,16.02,175.5,33.85,149.6,29.39,33.8,34.1,93.5,15.55,67.60000000000001,99.9,252.0,2932.0,1.3800000000000001,37.4,15.040000000000001,7.0,36.08,29.0,0.0,250.0,1200.0
100742.117,14342.117,140.0,91.10000000000001,22.67,16.0,173.5,33.85,150.9,29.330000000000002,33.75,34.15,92.5,15.8,67.8,100.0,251.5,2936.0,1.31,37.45,15.06,6.98,35.95,29.07,1.0,251.0,1200.0
100802.117,14402.117,140.0,91.2,22.6,16.04,174.5,33.9,150.5,29.53,33.730000000000004,34.2,94.0,15.8,68.10000000000001,99.9,251.5,2932.0,1.41,37.4,14.950000000000001,7.05,35.980000000000004,28.990000000000002,0.0,252.5,1200.0
100862.116,14462.116,140.0,90.7,22.69,16.05,173.0,33.95,152.0,29.45,33.78,34.050000000000004,91.0,15.75,69.10000000000001,99.30000000000001,253.0,2938.0,1.43,37.45,14.92,7.01,36.03,29.0,0.0,250.5,1200.0
100922.115,14522.115,140.0,90.10000000000001,22.62,16.01,174.0,33.7,152.0,29.330000000000002,33.730000000000004,33.95,92.0,15.600000000000001,70.10000000000001,100.0,250.5,2930.0,1.3800000000000001,37.45,14.96,6.94,35.94,28.94,0.0,249.0,1200.0
100982.114,14582.114,140.0,90.60000000000001,22.64,16.05,173.0,33.95,151.5,29.51,33.68,34.2,93.5,15.65,70.2,99.80000000000001,255.0,2932.0,1.3800000000000001,37.6,14.92,6.99,35.980000000000004,28.93,0.0,251.5,1200.0
101042.114,14642.114,140.0,89.0,22.67,15.99,175.5,33.9,151.9,29.42,33.7,34.2,92.0,15.65,71.0,99.80000000000001,254.5,2935.0,1.33,37.45,14.98,6.91,35.99,29.04,1.0,246.0,1200.0
101102.113,14702.113,140.0,91.5,22.6,16.03,173.0,33.95,154.10000000000002,29.47,33.79,34.2,94.0,15.700000000000001,71.3,100.0,246.5,2935.0,1.44,37.5,15.0,7.01,35.96,29.01,0.0,252.0,1200.0
101162.112,14762.112,140.0,89.80000000000001,22.62,16.0,173.5,33.9,151.1,29.38,33.72,34.1,91.5,15.75,72.3,100.0,251.0,2934.0,1.33,37.45,15.01,7.01,35.95,29.01,1.0,248.5,1200.0
101222.111,14822.111,140.0,92.0,22.61,16.03,174.0,33.95,150.5,29.42,33.76,34.2,91.5,15.850000000000001,72.7,100.0,252.5,2931.0,1.28,37.35,15.08,6.95,35.980000000000004,29.01,0.0,251.5,1200.0
101282.111,14882.111,140.0,91.0,22.650000000000002,15.98,175.5,33.800000000000004,151.0,29.44,33.75,34.2,93.0,15.65,72.9,100.0,249.5,2932.0,1.36,37.45,15.01,6.99,35.92,29.0,0.0,251.5,1200.0
101342.11,14942.11,140.0,92.2,22.580000000000002,16.03,173.0,34.050000000000004,151.5,29.36,33.65,34.25,93.5,15.75,74.3,99.80000000000001,251.5,2936.0,1.33,37.45,15.0,7.0,35.93,29.09,1.0,249.0,1200.0
101402.109,15002.109,140.0,90.80000000000001,22.7,16.02,174.0,33.9,152.4,29.39,33.74,34.050000000000004,93.0,15.65,74.8,100.0,251.5,2934.0,1.43,37.35,14.91,6.95,35.96,28.990000000000002,1.0,254.0,1200.0
101462.108,15062.108,140.0,92.80000000000001,22.69,15.99,174.0,34.0,149.0,29.41,33.82,34.2,94.5,15.65,75.9,100.0,252.5,2931.0,1.48,37.45,14.97,7.0200000000000005,36.0,29.060000000000002,0.0,247.0,1200.0
101522.108,15122.108,140.0,90.60000000000001,22.650000000000002,16.0,173.0,33.9,151.1,29.41,33.7,34.300000000000004,92.0,15.850000000000001,76.7,99.60000000000001,250.5,2936.0,1.61,37.550000000000004,15.040000000000001,6.95,35.95,29.03,1.0,252.0,1200.0
101582.107,15182.107,140.0,91.0,22.61,15.92,174.5,34.0,152.0,29.52,33.77,34.15,92.0,15.8,77.5,99.9,257.5,2934.0,1.5,37.35,15.01,7.0600000000000005,35.97,28.88,0.0,250.0,1200.0
101642.106,15242.106,140.0,90.7,22.7,16.0,172.5,33.95,152.8,29.490000000000002,33.65,34.4,91.0,15.600000000000001,77.9,99.60000000000001,252.5,2937.0,1.4000000000000001,37.5,14.950000000000001,7.0,36.01,28.91,3.0,251.0,1200.0
101702.106,15302.106,140.0,90.9,22.740000000000002,16.080000000000002,173.5,33.7,152.6,29.35,33.660000000000004,34.15,91.5,15.700000000000001,78.5,99.7,250.5,2941.0,1.49,37.6,15.0,6.99,35.92,28.990000000000002,1.0,247.0,1200.0
101762.105,15362.105,140.0,89.2,22.68,15.98,174.5,34.0,152.8,29.52,33.71,34.15,92.0,15.65,79.0,99.80000000000001,252.0,2941.0,1.43,37.45,14.97,7.03,35.99,28.990000000000002,0.0,251.0,1200.0
101822.104,15422.104,140.0,90.4,22.66,16.04,176.0,34.050000000000004,150.8,29.41,33.84,34.25,90.0,15.55,80.30000000000001,100.0,254.0,2937.0,1.3900000000000001,37.5,14.99,7.05,35.95,29.01,0.0,251.5,1200.0
101882.103,15482.103,140.0,90.60000000000001,22.69,16.05,173.5,33.95,152.0,29.5,33.81,34.15,93.5,15.8,81.10000000000001,99.60000000000001,249.0,2933.0,1.35,37.5,15.030000000000001,6.98,36.050000000000004,28.93,0.0,249.0,1200.0
101942.103,15542.103,140.0,91.2,22.650000000000002,15.98,174.5,34.0,151.0,29.45,33.84,34.2,93.5,15.65,82.10000000000001,100.0,254.5,2939.0,1.3,37.45,15.0,6.96,36.08,29.080000000000002,1.0,247.5,1200.0
102002.102,15602.102,140.0,90.30000000000001,22.7,15.97,175.5,34.0,151.8,29.55,33.77,34.300000000000004,93.5,15.950000000000001,82.5,99.60000000000001,253.0,2946.0,1.3,37.550000000000004,14.98,6.96,36.01,28.93,0.0,250.5,1200.0
102062.101,15662.101,140.0,91.10000000000001,22.6,15.99,175.0,33.95,150.6,29.42,33.82,34.15,91.5,15.700000000000001,83.4,100.0,252.0,2942.0,1.35,37.35,15.06,6.99,35.99,29.0,1.0,251.0,1200.0
102122.101,15722.101,140.0,91.60000000000001,22.7,16.03,175.0,33.95,151.20000000000002,29.59,33.8,34.35,91.5,15.5,84.4,99.60000000000001,254.0,2936.0,1.42,37.7,15.0,6.96,35.97,28.96,0.0,255.0,1200.0
102189.55,15789.55,140.0,90.7,22.490000000000002,15.99,176.0,33.95,151.8,29.47,33.84,34.25,89.5,15.65,85.0,99.9,254.0,2939.0,1.3900000000000001,37.35,14.99,6.96,35.96,29.01,0.0,255.0,1200.0
102246.296,15846.296,140.0,89.2,22.56,16.0,177.0,34.1,151.20000000000002,29.52,33.86,34.45,92.0,15.75,85.9,99.80000000000001,254.5,2946.0,1.4000000000000001,37.5,14.98,7.0600000000000005,35.97,29.04,1.0,251.5,1200.0
102302.495,15902.495,140.0,90.7,22.59,15.98,177.0,33.9,151.3,29.54,33.83,34.4,91.5,15.65,86.4,99.9,256.0,2943.0,1.33,37.550000000000004,14.93,7.04,35.94,28.96,2.0,252.5,1200.0
102367.447,15967.447,140.0,90.2,22.61,15.97,176.0,34.0,150.3,29.560000000000002,33.910000000000004,34.5,89.5,15.65,87.7,99.80000000000001,250.0,2942.0,1.45,37.550000000000004,14.91,6.94,35.99,28.990000000000002,0.0,251.0,1200.0
102422.46,16022.46,140.0,91.10000000000001,22.68,15.98,174.0,34.15,151.70000000000002,29.59,33.94,34.25,92.5,15.9,88.10000000000001,100.0,250.5,2945.0,1.41,37.5,15.02,6.99,36.07,29.01,3.0,251.5,1200.0
102485.686,16085.686,140.0,91.80000000000001,22.59,16.0,176.0,34.0,151.6,29.61,33.87,34.4,92.0,15.700000000000001,89.0,99.7,256.0,2948.0,1.55,37.550000000000004,15.02,6.98,36.07,28.89,0.0,247.0,1200.0
102548.263,16148.263,140.0,90.5,22.67,15.96,174.0,34.300000000000004,151.3,29.650000000000002,33.92,34.45,91.5,15.75,90.10000000000001,100.0,254.0,2947.0,1.59,37.4,14.9,6.97,35.94,29.05,1.0,256.0,1200.0
102601.615,16201.615,140.0,90.4,22.61,15.98,175.0,34.15,149.20000000000002,29.650000000000002,34.02,34.45,92.5,15.65,90.9,99.9,251.0,2950.0,1.46,37.5,15.0,6.93,36.04,29.04,0.0,252.0,1200.0
102663.893,16263.893,140.0,90.30000000000001,22.7,16.02,172.5,34.1,151.70000000000002,29.580000000000002,33.9,34.45,93.5,15.700000000000001,92.2,99.9,255.0,2948.0,1.3,37.65,15.030000000000001,7.07,36.0,28.97,0.0,256.0,1200.0
102725.88,16325.88,140.0,91.60000000000001,22.64,15.99,175.5,34.15,153.20000000000002,29.63,34.01,34.550000000000004,93.0,15.8,93.60000000000001,100.0,258.5,2961.0,1.33,37.45,15.01,6.99,35.96,29.060000000000002,0.0,255.0,1200.0
102787.295,16387.295,140.0,91.60000000000001,22.650000000000002,15.97,175.5,34.15,151.8,29.7,33.94,34.5,91.5,15.65,93.9,99.9,253.0,2950.0,1.6500000000000001,37.7,15.030000000000001,6.96,36.02,28.91,2.0,249.5,1200.0
102847.729,16447.729,140.0,88.9,22.57,16.02,173.5,34.1,152.0,29.63,34.01,34.35,93.0,15.65,94.80000000000001,99.60000000000001,254.5,2952.0,1.32,37.65,15.02,6.96,35.97,29.060000000000002,1.0,254.0,1200.0
102907.125,16507.125,140.0,91.30000000000001,22.57,16.04,174.5,34.050000000000004,151.70000000000002,29.72,34.0,34.550000000000004,91.5,15.8,96.4,99.60000000000001,256.0,2947.0,1.53,37.75,15.040000000000001,7.0,36.0,28.88,0.0,250.0,1200.0
102965.848,16565.848,140.0,89.5,22.6,15.99,175.5,34.0,150.8,29.580000000000002,33.94,34.45,94.0,15.700000000000001,97.5,99.80000000000001,255.0,2954.0,1.28,37.75,15.02,6.95,36.02,29.05,0.0,252.0,1200.0
103024.332,16624.332,140.0,91.10000000000001,22.68,16.03,174.5,34.050000000000004,152.20000000000002,29.62,33.88,34.5,94.5,15.65,98.0,100.0,252.5,2948.0,1.41,37.6,15.040000000000001,7.05,36.08,28.990000000000002,2.0,258.5,1200.0
103082.67,16682.67,140.0,90.30000000000001,22.6,16.01,177.0,34.1,152.1,29.68,33.95,34.300000000000004,92.5,15.850000000000001,99.2,100.0,251.5,2953.0,1.43,37.5,14.96,6.92,35.99,28.98,1.0,251.5,1200.0
103140.774,16740.774,140.0,92.0,22.6,15.91,176.5,34.0,150.4,29.63,33.94,34.35,90.5,15.75,100.0,100.0,256.5,2951.0,1.36,37.65,14.98,6.92,36.01,28.97,0.0,256.5,1200.0
103205.863,16805.863,140.0,91.10000000000001,22.6,15.96,175.5,34.2,150.0,29.62,33.980000000000004,34.4,92.0,15.700000000000001,99.4,100.0,249.0,2952.0,1.42,37.75,14.96,6.94,36.04,29.080000000000002,2.0,250.0,1200.0
103263.146,16863.146,140.0,90.4,22.62,15.950000000000001,175.0,34.1,151.8,29.54,33.82,34.550000000000004,92.5,15.8,100.0,100.0,255.5,2949.0,1.46,37.7,15.01,6.96,36.06,29.13,1.0,254.0,1200.0
103320.929,16920.929,140.0,92.10000000000001,22.54,16.0,176.5,34.0,150.3,29.650000000000002,33.92,34.35,93.0,15.700000000000001,100.0,100.0,255.5,2943.0,1.36,37.550000000000004,15.02,7.0200000000000005,36.04,29.05,1.0,254.5,1200.0
103388.499,16988.499,140.0,91.10000000000001,22.62,15.96,176.5,34.1,152.3,29.5,33.94,34.45,93.5,15.700000000000001,100.0,100.0,252.0,2940.0,1.42,37.65,14.99,6.98,35.99,28.95,1.0,253.5,1200.0
103446.701,17046.701,140.0,91.4,22.61,15.96,176.5,33.95,152.5,29.53,33.78,34.35,93.5,15.700000000000001,99.9,99.60000000000001,248.0,2945.0,1.35,37.550000000000004,14.91,6.99,35.95,28.990000000000002,0.0,250.0,1200.0
103504.157,17104.157,140.0,91.9,22.57,16.0,173.0,33.9,150.4,29.57,33.93,34.4,93.0,15.75,99.80000000000001,100.0,249.5,2941.0,1.33,37.6,15.0,7.05,36.01,29.0,0.0,251.5,1200.0
103561.323,17161.323,140.0,89.9,22.6,16.04,176.0,33.85,151.6,29.580000000000002,33.88,34.45,93.5,15.600000000000001,100.0,99.7,252.0,2938.0,1.3800000000000001,37.75,15.030000000000001,7.01,36.050000000000004,29.0,3.0,250.5,1200.0
103627.771,17227.771,140.0,90.9,22.62,16.0,173.5,33.9,151.9,29.46,33.81,34.35,93.0,15.55,100.0,100.0,253.5,2941.0,1.41,37.65,15.06,7.01,36.12,29.1,0.0,249.5,1200.0
103686.954,17286.954,140.0,91.10000000000001,22.66,15.98,174.0,33.9,151.4,29.42,33.74,34.25,93.0,15.8,99.9,99.7,250.0,2937.0,1.41,37.6,14.96,7.0600000000000005,36.02,28.96,1.0,249.5,1200.0
103745.803,17345.803,140.0,89.4,22.57,16.06,173.5,34.1,150.8,29.43,33.81,34.4,92.5,15.55,100.0,99.80000000000001,250.5,2935.0,1.24,37.550000000000004,14.98,6.98,36.08,29.0,0.0,252.5,1200.0
103803.653,17403.653,140.0,93.80000000000001,22.67,16.02,174.0,33.9,150.6,29.42,33.72,34.25,92.0,15.65,100.0,99.80000000000001,250.5,2935.0,1.32,37.45,14.92,7.0600000000000005,35.94,29.060000000000002,0.0,250.0,1200.0
103860.545,17460.545,140.0,92.60000000000001,22.68,15.99,173.5,33.75,150.3,29.310000000000002,33.75,34.35,93.0,15.75,99.80000000000001,100.0,252.0,2933.0,1.32,37.550000000000004,14.94,7.01,36.01,28.89,1.0,250.0,1200.0
103926.097,17526.097,140.0,90.60000000000001,22.64,15.99,175.0,33.800000000000004,150.8,29.44,33.7,34.300000000000004,94.0,15.700000000000001,99.9,99.80000000000001,246.5,2938.0,1.37,37.4,14.98,6.96,35.93,29.01,2.0,251.0,1200.0
103985.155,17585.155,140.0,91.2,22.59,15.98,174.5,33.9,151.3,29.400000000000002,33.78,34.35,92.5,15.8,100.0,100.0,249.5,2936.0,1.43,37.45,15.01,6.97,36.01,28.94,1.0,248.0,1200.0
104044.179,17644.179,140.0,91.80000000000001,22.66,15.98,171.0,33.9,152.6,29.41,33.65,34.2,94.0,15.55,99.4,100.0,252.0,2930.0,1.43,37.45,14.97,7.01,35.96,28.96,0.0,249.5,1200.0
104102.208,17702.208,140.0,92.5,22.55,16.01,175.5,33.800000000000004,150.1,29.39,33.68,34.35,89.0,15.850000000000001,99.80000000000001,99.80000000000001,247.5,2927.0,1.28,37.45,14.950000000000001,7.04,35.97,29.02,0.0,250.5,1200.0
104166.522,17766.522,140.0,90.30000000000001,22.64,15.98,173.5,33.85,153.4,29.400000000000002,33.7,34.050000000000004,93.5,15.75,100.0,100.0,252.5,2931.0,1.46,37.35,15.030000000000001,7.01,35.96,29.01,0.0,254.0,1200.0
104224.371,17824.371,140.0,89.5,22.66,16.05,174.5,33.800000000000004,150.20000000000002,29.44,33.77,34.5,94.0,15.75,100.0,100.0,247.0,2935.0,1.32,37.4,14.99,7.01,36.0,29.01,0.0,248.5,1200.0
104283.259,17883.259,140.0,90.60000000000001,22.66,16.05,174.5,33.85,153.20000000000002,29.44,33.730000000000004,34.15,95.0,15.5,99.7,99.9,246.5,2932.0,1.43,37.5,15.02,7.0,36.07,28.97,0.0,250.0,1200.0
104342.488,17942.488,140.0,92.30000000000001,22.63,15.98,174.0,33.75,150.6,29.41,33.7,34.4,91.5,15.700000000000001,99.7,100.0,250.5,2934.0,1.26,37.4,15.040000000000001,6.94,36.02,29.02,0.0,248.5,1200.0
104400.946,18000.946,140.0,90.80000000000001,22.61,15.97,172.5,33.800000000000004,150.0,29.47,33.77,34.300000000000004,92.0,15.600000000000001,99.60000000000001,100.0,249.5,2930.0,1.46,37.4,15.01,7.01,35.980000000000004,28.990000000000002,1.0,252.0,1200.0
104465.372,18065.372,140.0,92.10000000000001,22.580000000000002,15.96,174.0,33.95,151.20000000000002,29.37,33.6,34.25,92.5,15.700000000000001,99.7,100.0,251.5,2931.0,1.41,37.45,14.99,7.0,35.910000000000004,29.07,0.0,245.5,1200.0
104522.881,18122.881,140.0,91.30000000000001,22.61,16.01,172.5,33.65,152.1,29.42,33.69,34.2,90.5,15.8,99.9,99.7,252.5,2931.0,1.52,37.25,15.02,6.99,36.050000000000004,28.96,0.0,251.5,1200.0
104581.446,18181.446,140.0,91.80000000000001,22.51,16.01,172.5,33.85,150.4,29.44,33.7,34.2,93.5,15.75,99.5,99.60000000000001,250.0,2932.0,1.3900000000000001,37.4,15.07,7.0200000000000005,36.0,28.91,0.0,245.0,1200.0
104640.627,18240.627,140.0,91.4,22.64,16.06,174.0,33.7,151.70000000000002,29.400000000000002,33.7,34.050000000000004,90.5,15.700000000000001,100.0,100.0,244.5,2927.0,1.34,37.35,15.030000000000001,6.95,35.88,28.96,0.0,252.0,1200.0
104707.166,18307.166,140.0,90.7,22.61,15.93,177.0,33.85,150.5,29.400000000000002,33.67,34.25,92.5,15.65,100.0,100.0,249.5,2930.0,1.46,37.45,15.01,6.99,35.97,29.01,0.0,246.5,1200.0
104764.192,18364.192,140.0,90.9,22.61,15.98,176.5,33.75,150.6,29.35,33.59,34.35,92.0,15.65,100.0,99.9,247.5,2925.0,1.5,37.300000000000004,15.01,7.0,36.09,29.01,1.0,252.5,1200.0
104821.582,18421.582,140.0,90.80000000000001,22.62,16.02,174.0,33.800000000000004,152.4,29.330000000000002,33.58,34.25,92.0,15.600000000000001,100.0,100.0,247.5,2926.0,1.3900000000000001,37.35,15.030000000000001,6.94,36.06,28.97,0.0,255.0,1200.0
104889.315,18489.315,140.0,91.5,22.650000000000002,15.94,174.0,33.7,150.1,29.32,33.5,34.1,90.5,15.700000000000001,100.0,99.9,251.0,2928.0,1.57,37.35,15.0,6.99,35.980000000000004,29.05,3.0,251.5,1200.0
104948.244,18548.244,140.0,89.60000000000001,22.57,15.97,173.5,33.75,151.9,29.36,33.53,34.1,92.0,15.700000000000001,100.0,100.0,252.5,2925.0,1.3900000000000001,37.25,15.05,6.95,36.02,29.060000000000002,0.0,248.0,1200.0
105006.184,18606.184,140.0,92.10000000000001,22.51,16.080000000000002,173.0,33.800000000000004,151.3,29.29,33.52,34.35,91.5,15.600000000000001,100.0,100.0,244.0,2922.0,1.48,37.2,15.0,6.98,36.08,28.96,2.0,245.5,1200.0
105064.385,18664.385,140.0,91.9,22.47,15.94,175.0,33.6,151.5,29.2,33.53,34.15,91.5,15.700000000000001,100.0,100.0,243.5,2919.0,1.48,37.35,15.09,7.01,36.050000000000004,28.990000000000002,1.0,247.0,1200.0
105122.522,18722.522,140.0,91.5,22.64,16.03,172.0,33.65,152.1,29.310000000000002,33.61,34.15,93.5,15.700000000000001,100.0,100.0,248.0,2922.0,1.37,37.2,14.99,7.04,36.050000000000004,29.080000000000002,1.0,245.5,1200.0
105181.433,18781.433,140.0,92.2,22.580000000000002,15.950000000000001,171.5,33.7,152.5,29.16,33.58,33.95,93.0,15.55,100.0,100.0,248.5,2923.0,1.53,37.4,14.96,6.96,36.03,29.02,1.0,248.0,1200.0
105241.634,18841.634,140.0,91.2,22.61,16.02,172.5,33.7,152.0,29.17,33.56,34.1,91.0,15.700000000000001,99.80000000000001,99.60000000000001,246.0,2919.0,1.3,37.2,14.93,6.97,35.93,28.98,1.0,246.0,1200.0
105302.8,18902.8,140.0,91.4,22.62,15.92,172.5,33.7,151.3,29.16,33.45,34.050000000000004,91.0,15.600000000000001,100.0,99.30000000000001,244.5,2921.0,1.34,37.2,15.02,7.0200000000000005,36.04,28.97,0.0,248.5,1200.0
105363.611,18963.611,140.0,90.7,22.56,16.04,170.5,33.65,150.70000000000002,29.1,33.34,34.0,92.0,15.65,100.0,99.9,246.0,2917.0,1.49,37.25,14.97,6.97,36.08,28.97,0.0,246.0,1200.0
105422.984,19022.984,140.0,91.4,22.61,16.03,173.5,33.4,150.70000000000002,29.16,33.37,34.0,89.5,15.600000000000001,99.7,99.5,248.5,2912.0,1.33,37.15,15.01,7.0200000000000005,35.99,29.02,2.0,244.5,1200.0
105481.109,19081.109,140.0,90.5,22.6,15.91,174.0,33.45,152.70000000000002,29.09,33.38,34.0,92.0,15.65,99.60000000000001,100.0,246.0,2913.0,1.34,37.2,14.97,6.9,36.0,28.92,0.0,246.5,1200.0
105546.2,19146.2,140.0,90.30000000000001,22.64,16.05,173.5,33.45,151.0,28.92,33.38,33.9,92.0,15.700000000000001,100.0,99.9,244.0,2913.0,1.35,37.1,14.97,7.04,36.07,29.0,1.0,243.0,1200.0
105606.369,19206.369,140.0,90.9,22.67,16.04,172.5,33.4,152.4,28.96,33.33,34.0,93.0,15.700000000000001,99.60000000000001,99.4,240.0,2908.0,1.41,37.050000000000004,15.0,6.94,36.01,28.900000000000002,3.0,244.5,1200.0
105666.582,19266.582,140.0,92.60000000000001,22.66,15.99,172.5,33.4,151.20000000000002,29.02,33.27,34.050000000000004,91.0,15.600000000000001,99.80000000000001,99.7,243.0,2914.0,1.42,37.1,15.08,7.05,36.03,29.07,1.0,248.0,1200.0
105725.953,19325.953,140.0,89.9,22.73,16.05,171.0,33.5,150.70000000000002,28.97,33.26,33.95,93.0,15.700000000000001,100.0,100.0,243.5,2915.0,1.36,37.1,15.02,7.05,35.980000000000004,28.98,0.0,248.0,1200.0
105783.712,19383.712,140.0,91.5,22.72,16.02,171.5,33.45,151.70000000000002,28.98,33.34,33.95,92.0,15.75,100.0,100.0,240.0,2912.0,1.49,37.1,14.96,6.99,36.12,28.97,3.0,247.0,1200.0
105840.633,19440.633,140.0,91.9,22.62,16.0,171.0,33.4,152.20000000000002,29.09,33.31,34.0,92.0,15.65,100.0,100.0,246.0,2912.0,1.51,37.15,14.96,6.99,35.97,28.97,0.0,240.5,1200.0
105906.306,19506.306,140.0,90.30000000000001,22.63,16.0,170.5,33.45,151.20000000000002,29.060000000000002,33.33,34.050000000000004,92.0,15.600000000000001,99.9,100.0,247.0,2907.0,1.44,37.1,14.93,7.03,35.99,29.080000000000002,0.0,243.0,1200.0
105965.57,19565.57,140.0,89.80000000000001,22.62,16.01,172.5,33.35,152.20000000000002,29.07,33.33,33.85,93.0,15.700000000000001,99.9,100.0,240.5,2915.0,1.36,37.050000000000004,15.09,6.97,36.04,29.05,0.0,246.5,1200.0
106024.621,19624.621,140.0,90.30000000000001,22.64,16.03,173.0,33.550000000000004,151.20000000000002,28.97,33.410000000000004,34.050000000000004,91.5,15.600000000000001,100.0,100.0,244.5,2907.0,1.43,37.0,14.98,7.04,35.96,28.98,0.0,246.5,1200.0
106082.675,19682.675,140.0,89.4,22.61,16.0,171.0,33.4,152.3,29.04,33.230000000000004,33.95,91.0,15.55,100.0,100.0,245.0,2908.0,1.31,37.0,15.01,6.95,36.03,28.98,0.0,239.5,1200.0
106140.049,19740.049,140.0,90.7,22.580000000000002,15.950000000000001,173.5,33.300000000000004,151.9,29.05,33.32,34.0,91.0,15.55,100.0,100.0,246.5,2911.0,1.49,37.1,14.96,6.98,35.980000000000004,29.04,1.0,243.5,1200.0
106205.974,19805.974,140.0,89.60000000000001,22.650000000000002,15.96,173.0,33.45,151.5,28.98,33.31,34.0,91.0,15.5,100.0,100.0,243.0,2906.0,1.3900000000000001,37.1,14.97,7.01,35.96,29.01,1.0,243.0,1200.0
106265.079,19865.079,140.0,91.10000000000001,22.56,15.96,174.0,33.5,150.6,29.0,33.28,34.050000000000004,93.5,15.700000000000001,100.0,100.0,246.0,2912.0,1.6300000000000001,37.0,14.96,6.97,35.97,29.03,1.0,246.5,1200.0
106324.118,19924.118,140.0,90.7,22.63,15.94,170.5,33.550000000000004,152.1,29.080000000000002,33.31,34.1,93.5,15.600000000000001,100.0,100.0,244.5,2902.0,1.4000000000000001,37.1,14.94,7.01,35.980000000000004,28.98,0.0,244.0,1200.0
106382.431,19982.431,140.0,90.10000000000001,22.57,15.97,172.0,33.4,151.0,28.990000000000002,33.29,34.2,93.0,15.450000000000001,99.5,100.0,236.0,2910.0,1.23,36.9,15.06,7.09,36.17,29.07,1.0,245.0,1200.0
106440.137,20040.137,140.0,89.9,22.64,15.99,173.0,33.550000000000004,150.8,29.05,33.34,34.0,94.0,15.75,99.80000000000001,99.9,243.5,2910.0,1.32,37.15,14.96,6.98,36.03,29.09,0.0,242.0,1200.0
106506.227,20106.227,140.0,92.0,22.6,15.99,170.5,33.5,150.1,29.060000000000002,33.34,34.050000000000004,92.5,15.65,99.9,100.0,243.5,2909.0,1.4000000000000001,37.1,15.07,7.03,35.97,28.91,0.0,246.5,1200.0
106565.189,20165.189,140.0,91.5,22.64,15.96,170.0,33.45,151.3,29.05,33.36,34.050000000000004,92.0,15.700000000000001,99.80000000000001,99.4,244.0,2909.0,1.3900000000000001,36.9,15.0,7.05,35.99,29.09,0.0,245.5,1200.0
106624.121,20224.121,140.0,90.4,22.580000000000002,16.03,170.5,33.4,152.1,28.990000000000002,33.37,34.15,91.5,15.700000000000001,100.0,100.0,245.0,2918.0,1.31,37.050000000000004,14.950000000000001,6.98,35.910000000000004,28.96,0.0,246.0,1200.0
106682.425,20282.425,140.0,90.9,22.66,15.99,174.0,33.4,149.20000000000002,29.060000000000002,33.31,34.1,93.0,15.700000000000001,100.0,99.9,242.5,2914.0,1.49,37.0,14.94,6.94,36.07,28.98,0.0,243.0,1200.0
106740.165,20340.165,140.0,90.2,22.61,16.02,173.5,33.45,152.9,29.04,33.37,34.25,93.0,15.65,99.9,99.7,245.0,2911.0,1.47,37.15,15.120000000000001,7.0,36.04,28.990000000000002,1.0,241.5,1200.0
106806.217,20406.217,140.0,90.30000000000001,22.57,16.02,172.5,33.45,152.4,29.060000000000002,33.37,34.15,93.0,15.700000000000001,100.0,100.0,243.0,2917.0,1.5,36.95,14.99,7.08,36.06,29.12,4.0,244.0,1200.0
106865.194,20465.194,140.0,90.10000000000001,22.59,16.03,172.0,33.65,151.0,29.11,33.35,34.15,94.5,15.700000000000001,100.0,99.9,246.0,2915.0,1.33,37.15,15.02,6.96,35.97,28.94,0.0,242.5,1200.0
106924.242,20524.242,140.0,91.0,22.61,16.01,171.0,33.5,153.1,29.05,33.33,34.0,89.0,15.55,99.60000000000001,100.0,246.0,2909.0,1.35,37.1,14.98,7.0600000000000005,36.04,28.990000000000002,1.0,245.5,1200.0
106982.771,20582.771,140.0,91.60000000000001,22.62,16.03,171.0,33.45,149.9,29.07,33.31,34.1,95.0,15.600000000000001,100.0,100.0,246.5,2911.0,1.51,37.0,15.030000000000001,6.99,36.04,29.01,1.0,246.5,1200.0
107040.721,20640.721,140.0,90.60000000000001,22.66,16.03,172.5,33.550000000000004,151.0,29.05,33.33,34.1,92.0,15.75,100.0,99.9,246.0,2917.0,1.42,37.050000000000004,15.0,7.0200000000000005,36.06,29.01,0.0,242.5,1200.0
107106.81,20706.81,140.0,91.60000000000001,22.61,16.02,172.5,33.300000000000004,151.3,28.97,33.4,34.15,92.5,15.65,100.0,99.80000000000001,244.0,2917.0,1.36,37.050000000000004,14.950000000000001,7.04,36.07,29.11,0.0,242.5,1200.0
107165.763,20765.763,140.0,89.80000000000001,22.56,15.97,170.5,33.35,151.20000000000002,29.05,33.33,34.0,93.0,15.600000000000001,100.0,99.7,246.5,2911.0,1.36,37.15,14.99,7.01,35.97,29.03,0.0,246.5,1200.0
107224.874,20824.874,140.0,90.10000000000001,22.6,15.97,172.0,33.4,149.6,29.07,33.230000000000004,34.1,92.5,15.55,99.4,99.7,242.0,2912.0,1.5,37.1,15.040000000000001,7.0600000000000005,35.96,29.14,4.0,244.0,1200.0
107283.505,20883.505,140.0,91.4,22.6,15.99,171.0,33.35,151.70000000000002,29.04,33.29,34.1,93.5,15.55,99.7,99.5,244.5,2915.0,1.23,36.95,14.99,7.01,35.980000000000004,28.95,1.0,248.0,1200.0
107341.517,20941.517,140.0,90.9,22.67,16.0,173.0,33.45,152.5,29.060000000000002,33.38,34.2,90.0,15.700000000000001,99.60000000000001,100.0,244.0,2909.0,1.51,37.0,15.01,7.0200000000000005,35.96,29.03,1.0,246.0,1200.0
107407.521,21007.521,140.0,92.30000000000001,22.56,16.05,172.5,33.5,151.5,29.03,33.22,34.050000000000004,91.5,15.65,99.30000000000001,99.80000000000001,240.5,2914.0,1.46,37.1,14.96,7.0200000000000005,36.01,29.01,1.0,243.5,1200.0
107466.211,21066.211,140.0,90.0,22.6,15.96,172.5,33.45,151.0,28.990000000000002,33.31,34.300000000000004,93.0,15.65,99.7,100.0,244.0,2919.0,1.48,37.0,15.06,6.96,36.0,28.92,0.0,244.5,1200.0
107525.024,21125.024,140.0,92.0,22.580000000000002,15.97,170.5,33.6,149.5,29.080000000000002,33.29,34.1,95.0,15.55,99.7,99.60000000000001,244.5,2911.0,1.47,37.0,15.030000000000001,7.01,36.01,29.02,1.0,246.0,1200.0
107583.351,21183.351,140.0,92.7,22.59,16.0,174.5,33.65,150.8,29.02,33.34,34.2,91.0,15.600000000000001,99.7,99.7,243.0,2918.0,1.23,37.1,14.99,7.0,36.04,28.990000000000002,0.0,247.0,1200.0
107641.115,21241.115,140.0,91.60000000000001,22.580000000000002,15.94,174.0,33.35,151.70000000000002,28.96,33.27,34.1,90.5,15.65,99.9,99.60000000000001,245.0,2915.0,1.31,37.25,15.02,7.03,35.96,28.98,0.0,244.5,1200.0
107706.951,21306.951,140.0,88.80000000000001,22.59,15.96,172.5,33.550000000000004,150.8,29.04,33.33,34.1,92.0,15.5,100.0,100.0,244.5,2912.0,1.45,37.1,15.02,7.04,35.95,28.92,0.0,246.0,1200.0
107765.496,21365.496,140.0,91.4,22.66,16.01,172.5,33.45,150.0,29.04,33.3,34.15,91.5,15.65,100.0,100.0,247.0,2915.0,1.54,36.95,15.06,6.98,35.95,28.94,0.0,246.5,1200.0
107824.126,21424.126,140.0,89.80000000000001,22.53,16.05,172.0,33.4,150.6,29.04,33.43,34.1,92.5,15.600000000000001,100.0,100.0,244.0,2916.0,1.4000000000000001,37.050000000000004,15.07,7.0600000000000005,36.01,29.1,2.0,244.0,1200.0
107882.337,21482.337,140.0,90.10000000000001,22.650000000000002,16.02,172.5,33.4,150.9,29.0,33.29,34.2,91.5,15.55,100.0,100.0,242.5,2918.0,1.46,37.1,15.06,6.94,35.99,29.02,0.0,242.5,1200.0
107940.07,21540.07,140.0,89.80000000000001,22.62,15.96,171.5,33.5,151.0,29.080000000000002,33.35,34.25,91.0,15.65,100.0,99.7,242.0,2921.0,1.29,36.9,15.06,7.01,36.01,29.02,3.0,248.5,1200.0
108005.917,21605.917,140.0,90.10000000000001,22.59,16.080000000000002,172.5,33.5,151.1,29.16,33.31,34.25,91.0,15.600000000000001,100.0,99.80000000000001,240.5,2917.0,1.48,37.15,14.94,7.0,35.95,28.97,0.0,245.5,1200.0
108065.202,21665.202,140.0,89.80000000000001,22.61,16.02,174.0,33.45,149.4,29.07,33.29,34.15,92.0,15.65,99.60000000000001,100.0,246.5,2922.0,1.1500000000000001,37.2,15.120000000000001,7.0,35.99,29.0,0.0,239.0,1200.0
108124.926,21724.926,140.0,92.10000000000001,22.63,16.05,171.0,33.550000000000004,150.6,29.05,33.37,34.1,91.5,15.75,100.0,99.60000000000001,240.5,2915.0,1.37,37.1,15.02,6.99,35.94,28.93,1.0,249.0,1200.0
108184.579,21784.579,140.0,90.9,22.67,16.04,171.0,33.45,152.70000000000002,29.0,33.32,34.1,90.5,15.75,100.0,99.9,244.0,2921.0,1.42,37.050000000000004,15.040000000000001,6.97,36.07,29.03,1.0,244.0,1200.0
108243.602,21843.602,140.0,91.4,22.71,15.99,173.0,33.45,153.70000000000002,29.04,33.33,34.2,92.0,15.600000000000001,99.7,99.7,243.0,2917.0,1.35,37.1,14.92,6.99,36.03,28.96,1.0,244.5,1200.0
108301.981,21901.981,140.0,91.10000000000001,22.68,15.97,171.0,33.45,150.70000000000002,29.0,33.37,34.1,92.0,15.600000000000001,100.0,99.7,248.5,2917.0,1.33,37.15,15.05,7.0600000000000005,36.01,28.96,2.0,243.5,1200.0
108360.298,21960.298,140.0,90.60000000000001,22.64,16.02,170.5,33.45,151.5,29.060000000000002,33.21,34.15,92.5,15.600000000000001,99.9,100.0,248.5,2914.0,1.37,37.1,15.01,6.96,35.96,29.0,0.0,244.0,1200.0
108428.755,22028.755,140.0,91.4,22.650000000000002,15.91,171.0,33.5,151.9,28.85,33.3,34.050000000000004,93.5,15.65,99.5,99.80000000000001,247.5,2921.0,1.61,37.15,14.99,7.05,36.0,28.990000000000002,0.0,245.5,1200.0
108489.316,22089.316,140.0,91.60000000000001,22.71,15.98,172.0,33.35,150.3,28.95,33.35,34.300000000000004,94.0,15.600000000000001,99.30000000000001,99.9,244.5,2921.0,1.45,37.1,15.02,7.0200000000000005,35.96,29.01,0.0,250.0,1200.0
108540.066,22140.066,140.0,91.5,22.69,15.99,171.5,33.4,152.1,28.95,33.19,34.1,91.0,15.55,100.0,100.0,246.0,2915.0,1.3,37.1,14.98,7.03,35.95,28.98,0.0,248.5,1200.0
108600.18,22200.18,140.0,91.10000000000001,22.77,15.99,172.0,33.4,152.0,28.97,33.17,34.1,92.5,15.600000000000001,100.0,99.7,246.5,2920.0,1.51,37.050000000000004,14.950000000000001,6.96,35.96,29.0,1.0,251.5,1200.0
108664.899,22264.899,140.0,92.4,22.7,16.02,170.5,33.5,152.5,28.85,33.21,34.15,93.0,15.75,99.60000000000001,100.0,248.5,2915.0,1.43,37.2,15.040000000000001,7.07,36.03,29.05,0.0,247.0,1200.0
108722.499,22322.499,140.0,91.2,22.72,16.080000000000002,174.0,33.45,152.1,28.79,33.2,34.050000000000004,94.0,15.600000000000001,100.0,99.80000000000001,245.0,2912.0,1.31,37.1,14.99,6.95,35.96,29.04,2.0,240.5,1200.0
108781.313,22381.313,140.0,90.9,22.62,15.950000000000001,171.5,33.2,150.1,28.75,33.160000000000004,34.15,91.0,15.700000000000001,99.7,100.0,248.0,2914.0,1.37,37.0,15.01,7.04,35.99,28.990000000000002,1.0,242.5,1200.0
108841.079,22441.079,140.0,90.80000000000001,22.59,16.04,173.5,33.300000000000004,151.4,28.86,33.28,34.15,93.5,15.5,100.0,100.0,241.0,2915.0,1.41,37.25,14.98,7.0600000000000005,35.89,29.07,0.0,245.5,1200.0
108900.627,22500.627,140.0,90.5,22.7,16.03,172.0,33.45,152.1,28.92,33.14,34.2,93.0,15.65,100.0,99.60000000000001,246.0,2914.0,1.45,37.050000000000004,15.0,6.96,35.99,29.07,0.0,240.0,1200.0
108966.361,22566.361,140.0,91.60000000000001,22.66,15.97,171.0,33.5,150.9,28.88,33.14,33.85,91.5,15.600000000000001,99.80000000000001,100.0,246.5,2914.0,1.3,37.1,14.96,6.99,36.02,28.96,4.0,243.0,1200.0
109024.027,22624.027,140.0,91.10000000000001,22.61,15.94,169.5,33.300000000000004,151.8,28.85,33.11,34.1,93.5,15.600000000000001,99.60000000000001,99.7,248.0,2913.0,1.5,37.0,15.05,6.93,36.04,28.96,0.0,247.5,1200.0
109082.62,22682.62,140.0,91.2,22.62,16.03,170.0,33.35,152.0,28.88,33.160000000000004,34.050000000000004,91.0,15.55,99.60000000000001,100.0,244.5,2916.0,1.35,37.2,14.950000000000001,6.98,36.01,29.03,0.0,244.0,1200.0
109142.155,22742.155,140.0,90.2,22.68,15.98,169.0,33.2,150.6,28.900000000000002,33.160000000000004,34.050000000000004,93.0,15.600000000000001,100.0,100.0,244.5,2908.0,1.43,37.050000000000004,15.01,6.94,36.13,28.97,0.0,245.0,1200.0
109201.771,22801.771,140.0,91.0,22.63,15.94,172.0,33.2,150.9,28.79,33.18,34.15,92.5,15.55,99.60000000000001,100.0,245.5,2913.0,1.3800000000000001,37.25,14.96,6.93,35.92,28.98,0.0,246.0,1200.0
109260.334,22860.334,140.0,91.60000000000001,22.63,16.0,171.5,33.2,152.3,28.76,33.14,34.15,93.0,15.55,100.0,100.0,239.5,2905.0,1.29,37.0,14.93,6.93,36.02,29.02,1.0,239.5,1200.0
109325.53,22925.53,140.0,92.10000000000001,22.740000000000002,16.03,170.0,33.25,151.4,28.84,33.18,34.050000000000004,94.5,15.600000000000001,99.4,100.0,241.0,2909.0,1.45,37.050000000000004,15.05,6.96,36.07,28.95,0.0,243.5,1200.0
109383.877,22983.877,140.0,91.80000000000001,22.68,16.0,169.0,33.15,154.3,28.86,33.07,34.1,92.5,15.600000000000001,99.7,100.0,248.0,2908.0,1.3900000000000001,37.1,14.97,7.0,35.99,28.97,0.0,243.5,1200.0
109443.037,23043.037,140.0,91.5,22.72,16.01,171.0,33.35,152.0,28.85,33.08,34.2,93.0,15.600000000000001,99.9,100.0,240.0,2908.0,1.27,37.050000000000004,15.08,7.0,35.97,29.14,2.0,239.5,1200.0
109502.314,23102.314,140.0,91.7,22.69,15.99,167.5,33.35,150.6,28.85,33.13,34.2,92.0,15.5,99.9,99.7,246.5,2909.0,1.44,37.1,15.05,7.04,35.99,28.89,0.0,241.5,1200.0
109560.89,23160.89,140.0,90.4,22.66,15.99,171.5,33.300000000000004,151.1,28.82,33.19,34.300000000000004,93.0,15.700000000000001,99.80000000000001,100.0,241.5,2910.0,1.37,37.0,14.98,6.98,36.07,29.04,1.0,244.0,1200.0
109626.338,23226.338,140.0,90.4,22.650000000000002,16.04,170.5,33.25,150.4,28.900000000000002,33.15,34.300000000000004,94.0,15.4,99.60000000000001,99.9,247.0,2913.0,1.42,37.1,15.040000000000001,6.98,35.97,29.01,1.0,244.5,1200.0
109684.604,23284.604,140.0,90.7,22.68,15.97,171.5,33.4,149.6,28.84,33.09,34.25,91.5,15.450000000000001,100.0,100.0,243.0,2907.0,1.47,36.9,15.0,6.97,35.89,28.98,0.0,242.0,1200.0
109743.551,23343.551,140.0,90.10000000000001,22.67,15.97,171.0,33.35,151.5,28.89,33.25,34.2,91.5,15.4,100.0,100.0,244.0,2908.0,1.41,37.0,15.02,7.0600000000000005,35.95,29.01,0.0,244.5,1200.0
109802.623,23402.623,140.0,90.80000000000001,22.62,16.05,170.0,33.35,149.6,28.740000000000002,33.160000000000004,34.35,93.5,15.55,100.0,99.60000000000001,246.5,2914.0,1.43,36.800000000000004,14.96,6.99,35.99,28.96,1.0,242.5,1200.0
109861.175,23461.175,140.0,92.7,22.6,15.950000000000001,173.0,33.25,151.1,28.91,33.12,34.300000000000004,93.5,15.450000000000001,100.0,100.0,247.5,2913.0,1.43,37.0,15.05,6.98,35.96,29.01,1.0,248.5,1200.0
109926.794,23526.794,140.0,90.10000000000001,22.64,16.06,169.5,33.300000000000004,150.8,28.93,33.19,34.25,91.5,15.5,99.9,100.0,245.0,2915.0,1.41,37.25,14.93,7.0,36.12,29.01,0.0,246.5,1200.0
109985.027,23585.027,140.0,90.2,22.66,16.02,172.0,33.5,152.9,28.94,33.17,34.6,92.5,15.600000000000001,100.0,100.0,246.5,2919.0,1.47,37.050000000000004,15.01,6.97,36.0,29.01,0.0,248.0,1200.0
110043.858,23643.858,140.0,90.30000000000001,22.7,16.02,169.5,33.35,151.8,28.900000000000002,33.26,34.35,93.5,15.450000000000001,100.0,99.80000000000001,248.0,2917.0,1.21,37.050000000000004,15.030000000000001,6.92,35.87,28.900000000000002,0.0,243.5,1200.0
110102.833,23702.833,140.0,91.60000000000001,22.64,15.97,171.5,33.4,151.6,28.89,33.13,34.35,93.0,15.65,100.0,99.9,245.0,2916.0,1.48,37.15,15.0,7.0200000000000005,35.92,28.94,0.0,246.0,1200.0
110161.33,23761.33,140.0,89.9,22.68,15.98,172.5,33.4,151.3,28.87,33.14,34.4,91.5,15.600000000000001,100.0,100.0,249.0,2917.0,1.55,37.050000000000004,15.030000000000001,6.98,36.04,29.0,0.0,250.5,1200.0
110226.995,23826.995,140.0,91.9,22.73,16.1,172.5,33.35,150.70000000000002,28.92,33.17,34.35,91.0,15.450000000000001,100.0,100.0,242.5,2917.0,1.33,37.0,15.07,6.95,35.97,29.04,0.0,250.0,1200.0
110285.154,23885.154,140.0,91.0,22.67,15.94,171.0,33.25,152.70000000000002,28.97,33.25,34.35,92.0,15.65,100.0,99.80000000000001,247.5,2918.0,1.3800000000000001,37.2,14.99,6.96,36.02,28.95,0.0,246.0,1200.0
110343.859,23943.859,140.0,91.10000000000001,22.650000000000002,16.02,170.5,33.4,151.0,28.810000000000002,33.19,34.35,91.5,15.55,99.5,100.0,243.5,2922.0,1.36,37.1,15.08,7.01,35.97,29.03,0.0,247.0,1200.0
110402.713,24002.713,140.0,90.2,22.71,16.01,172.0,33.300000000000004,150.8,28.91,33.1,34.4,91.5,15.5,100.0,100.0,246.5,2913.0,1.42,37.1,14.98,7.07,35.94,28.97,0.0,247.0,1200.0
110460.823,24060.823,140.0,92.60000000000001,22.67,16.01,171.0,33.2,152.0,28.97,33.230000000000004,34.35,92.0,15.5,100.0,100.0,249.0,2913.0,1.52,37.25,15.030000000000001,7.03,35.97,28.84,1.0,246.0,1200.0
110526.135,24126.135,140.0,91.9,22.72,15.97,170.0,33.45,152.3,28.89,33.26,34.35,93.0,15.4,99.9,100.0,249.5,2922.0,1.45,37.25,14.96,7.01,36.0,28.97,1.0,249.5,1200.0
110583.935,24183.935,140.0,91.10000000000001,22.73,16.01,169.0,33.5,152.1,28.97,33.3,34.4,89.0,15.600000000000001,99.5,100.0,251.0,2919.0,1.35,37.1,14.96,7.0600000000000005,36.02,29.060000000000002,0.0,240.0,1200.0
110642.179,24242.179,140.0,90.4,22.66,16.01,172.0,33.4,151.4,28.900000000000002,33.27,34.45,91.5,15.600000000000001,99.7,99.60000000000001,246.5,2917.0,1.35,36.95,15.05,6.95,35.980000000000004,29.01,0.0,247.0,1200.0
110700.46,24300.46,140.0,90.9,22.71,16.03,170.5,33.5,150.5,28.92,33.25,34.45,92.5,15.5,100.0,100.0,244.0,2922.0,1.22,37.15,14.97,6.97,35.97,29.03,1.0,246.0,1200.0
110766.318,24366.318,140.0,91.10000000000001,22.69,16.0,172.5,33.4,151.3,28.91,33.21,34.5,92.5,15.55,99.60000000000001,99.5,244.5,2926.0,1.3,37.15,15.05,6.97,36.0,28.91,0.0,244.5,1200.0
110823.805,24423.805,140.0,89.4,22.71,15.97,170.0,33.300000000000004,151.5,28.900000000000002,33.29,34.5,91.5,15.65,99.80000000000001,100.0,249.5,2924.0,1.21,37.2,14.93,7.05,35.910000000000004,29.1,1.0,246.5,1200.0
110881.591,24481.591,140.0,91.60000000000001,22.580000000000002,15.99,173.0,33.35,151.1,28.98,33.230000000000004,34.6,91.0,15.65,100.0,99.9,246.5,2926.0,1.49,37.15,15.05,7.07,36.0,28.98,1.0,254.0,1200.0
110948.192,24548.192,140.0,91.9,22.66,15.98,173.0,33.5,151.70000000000002,28.94,33.24,34.7,91.0,15.5,100.0,100.0,248.5,2923.0,1.46,37.15,15.01,7.0,36.02,28.95,0.0,249.0,1200.0
111005.955,24605.955,140.0,91.9,22.580000000000002,15.94,171.5,33.45,150.0,29.01,33.24,34.6,90.5,15.450000000000001,99.60000000000001,99.30000000000001,248.5,2922.0,1.51,37.1,15.02,7.0200000000000005,35.95,28.93,2.0,244.5,1200.0
111063.809,24663.809,140.0,90.4,22.67,15.99,171.5,33.45,152.8,29.01,33.3,34.45,90.5,15.600000000000001,100.0,99.30000000000001,249.5,2927.0,1.3800000000000001,37.15,14.950000000000001,6.98,35.980000000000004,28.94,0.0,247.5,1200.0
111121.7,24721.7,140.0,90.9,22.63,15.94,170.5,33.4,152.0,29.07,33.22,34.65,93.5,15.450000000000001,100.0,100.0,246.0,2924.0,1.44,37.25,15.01,7.01,35.93,29.1,0.0,246.5,1200.0
111188.392,24788.392,140.0,90.7,22.71,16.04,172.5,33.550000000000004,150.5,28.97,33.37,34.7,92.0,15.55,99.30000000000001,99.60000000000001,247.0,2925.0,1.57,37.25,14.94,7.04,35.88,28.97,3.0,244.0,1200.0
111246.692,24846.692,140.0,91.9,22.740000000000002,15.99,170.5,33.4,152.0,28.91,33.31,34.5,92.5,15.75,100.0,100.0,248.0,2926.0,1.31,37.2,15.06,7.03,36.07,28.97,0.0,250.0,1200.0
111304.722,24904.722,140.0,90.9,22.69,15.950000000000001,170.5,33.300000000000004,153.3,28.96,33.31,34.7,91.5,15.55,100.0,99.9,247.5,2928.0,1.46,37.2,15.01,6.890000000000001,36.02,29.09,0.0,245.0,1200.0
111362.526,24962.526,140.0,89.2,22.63,16.02,171.0,33.35,150.9,29.07,33.25,34.75,89.5,15.600000000000001,100.0,100.0,249.5,2933.0,1.43,37.300000000000004,14.950000000000001,7.03,36.14,28.98,2.0,252.5,1200.0
111420.351,25020.351,140.0,93.0,22.77,16.0,173.0,33.550000000000004,151.5,28.98,33.14,34.65,93.0,15.5,100.0,100.0,246.0,2930.0,1.4000000000000001,37.300000000000004,15.01,7.01,36.03,29.09,0.0,245.0,1200.0
111486.949,25086.949,140.0,90.2,22.68,15.99,170.5,33.550000000000004,149.8,29.01,33.31,34.65,93.0,15.4,99.9,99.80000000000001,248.5,2932.0,1.24,37.15,14.98,6.99,35.99,29.03,0.0,246.5,1200.0
111545.177,25145.177,140.0,90.7,22.66,16.01,172.5,33.45,151.6,28.97,33.38,34.75,92.0,15.5,100.0,100.0,246.0,2930.0,1.36,37.300000000000004,14.99,6.96,35.97,28.94,0.0,245.5,1200.0
111603.136,25203.136,140.0,91.80000000000001,22.7,16.06,172.5,33.45,150.9,29.09,33.31,34.7,91.5,15.5,100.0,100.0,247.5,2928.0,1.3800000000000001,37.25,15.08,7.04,36.06,28.94,2.0,246.5,1200.0
111661.117,25261.117,140.0,91.0,22.68,15.98,173.0,33.5,152.9,28.92,33.34,34.65,90.5,15.55,99.80000000000001,99.7,248.5,2930.0,1.46,37.4,15.01,7.0,36.03,28.990000000000002,2.0,249.0,1200.0
111727.504,25327.504,140.0,90.2,22.740000000000002,16.01,172.5,33.550000000000004,151.70000000000002,29.0,33.31,34.75,92.5,15.3,99.30000000000001,99.60000000000001,248.5,2934.0,1.31,37.300000000000004,14.94,7.0,36.04,29.03,1.0,251.5,1200.0
111786.052,25386.052,140.0,89.2,22.67,15.950000000000001,170.0,33.7,151.70000000000002,29.0,33.35,34.7,93.5,15.4,100.0,100.0,250.5,2937.0,1.45,37.2,15.040000000000001,6.95,35.96,28.990000000000002,0.0,252.5,1200.0
111844.589,25444.589,140.0,91.30000000000001,22.75,15.950000000000001,171.5,33.4,151.8,29.0,33.37,34.7,93.0,15.450000000000001,99.9,99.7,248.0,2932.0,1.34,37.35,15.01,7.0200000000000005,36.01,29.01,0.0,248.0,1200.0
111902.838,25502.838,140.0,91.10000000000001,22.71,15.950000000000001,173.5,33.6,151.8,28.95,33.34,34.85,93.0,15.55,99.80000000000001,99.7,247.5,2931.0,1.43,37.25,14.97,7.0,36.03,29.0,0.0,247.5,1200.0
111960.8,25560.8,140.0,91.2,22.740000000000002,15.98,170.5,33.2,151.1,28.990000000000002,33.32,34.800000000000004,93.0,15.65,100.0,100.0,249.5,2932.0,1.43,37.300000000000004,15.01,7.01,36.0,28.98,0.0,247.5,1200.0
112027.074,25627.074,140.0,90.80000000000001,22.71,16.05,173.5,33.4,152.8,28.92,33.33,34.75,94.0,15.5,100.0,99.80000000000001,249.5,2930.0,1.36,37.4,15.01,6.98,36.04,28.900000000000002,2.0,251.0,1200.0
112085.689,25685.689,140.0,91.9,22.71,16.07,171.0,33.4,151.3,28.91,33.28,34.800000000000004,91.5,15.55,99.80000000000001,99.5,246.5,2936.0,1.34,37.35,15.01,6.91,36.07,29.04,0.0,247.0,1200.0
112144.359,25744.359,140.0,92.0,22.71,16.0,170.5,33.65,152.6,28.87,33.36,34.800000000000004,90.5,15.350000000000001,99.9,100.0,248.0,2927.0,1.27,37.2,14.97,7.04,36.03,28.990000000000002,1.0,251.5,1200.0
112202.713,25802.713,140.0,91.10000000000001,22.69,16.05,171.5,33.35,150.9,28.87,33.31,34.9,93.0,15.4,100.0,100.0,248.5,2932.0,1.17,37.2,15.02,7.01,36.04,29.0,0.0,251.0,1200.0
112260.759,25860.759,140.0,90.4,22.68,16.06,172.0,33.35,151.5,28.85,33.25,34.800000000000004,91.0,15.450000000000001,99.9,100.0,249.5,2932.0,1.19,37.25,14.97,6.97,35.99,29.0,0.0,248.5,1200.0
112326.979,25926.979,140.0,90.7,22.7,16.01,172.5,33.300000000000004,151.70000000000002,28.87,33.15,34.85,91.5,15.450000000000001,99.9,99.7,252.5,2928.0,1.33,37.2,15.02,6.91,36.0,28.97,2.0,247.0,1200.0
112385.757,25985.757,140.0,90.4,22.7,16.01,173.5,33.45,150.4,28.900000000000002,33.27,34.800000000000004,92.0,15.5,100.0,100.0,251.5,2931.0,1.32,37.2,15.05,7.04,36.0,29.01,2.0,247.5,1200.0
112444.717,26044.717,140.0,92.9,22.72,15.99,172.5,33.45,152.4,28.900000000000002,33.17,34.75,90.0,15.5,100.0,99.9,246.0,2927.0,1.27,37.2,14.950000000000001,6.95,36.01,28.98,1.0,245.0,1200.0
112503.359,26103.359,140.0,91.10000000000001,22.68,15.94,169.0,33.300000000000004,151.9,28.87,33.230000000000004,34.800000000000004,90.0,15.5,99.60000000000001,100.0,243.5,2924.0,1.41,37.2,14.99,7.0,36.01,29.03,0.0,247.5,1200.0
112561.485,26161.485,140.0,91.30000000000001,22.71,16.01,170.0,33.25,152.3,28.87,33.230000000000004,34.800000000000004,93.5,15.4,99.60000000000001,99.7,250.0,2929.0,1.28,37.45,15.05,7.03,36.02,29.04,0.0,246.0,1200.0
112627.498,26227.498,140.0,90.4,22.69,16.03,172.5,33.45,150.3,28.900000000000002,33.18,34.7,92.5,15.450000000000001,99.80000000000001,100.0,241.0,2929.0,1.42,37.300000000000004,14.92,6.99,35.9,29.0,0.0,246.5,1200.0
112686.351,26286.351,140.0,91.30000000000001,22.73,15.99,170.5,33.35,151.70000000000002,28.77,33.13,34.7,92.0,15.450000000000001,99.80000000000001,100.0,248.0,2928.0,1.29,37.4,15.0,7.0200000000000005,36.01,29.04,1.0,253.0,1200.0
112745.564,26345.564,140.0,91.5,22.650000000000002,16.09,168.5,33.45,151.0,28.77,33.15,34.6,92.0,15.600000000000001,99.80000000000001,100.0,247.0,2924.0,1.3900000000000001,37.300000000000004,15.02,7.01,35.99,29.01,0.0,247.5,1200.0
112804.507,26404.507,140.0,90.30000000000001,22.72,16.01,171.0,33.300000000000004,152.4,28.810000000000002,33.08,34.9,93.0,15.5,100.0,99.80000000000001,247.0,2925.0,1.44,37.25,15.06,6.98,35.95,28.97,0.0,244.5,1200.0
112862.681,26462.681,140.0,90.80000000000001,22.72,16.01,169.5,33.300000000000004,150.9,28.77,33.2,34.800000000000004,91.0,15.700000000000001,100.0,99.7,246.0,2917.0,1.32,37.25,14.98,6.97,35.980000000000004,29.0,0.0,248.5,1200.0
112920.462,26520.462,140.0,90.5,22.72,16.01,171.5,33.1,150.70000000000002,28.86,33.11,34.800000000000004,91.0,15.450000000000001,99.60000000000001,99.9,247.5,2929.0,1.34,37.25,15.06,7.03,36.0,29.05,0.0,235.0,1200.0
112987.095,26587.095,140.0,88.9,22.79,16.05,172.5,33.25,151.8,28.85,33.17,34.75,92.5,15.5,100.0,100.0,241.0,2927.0,1.46,37.1,15.01,6.96,35.99,29.1,0.0,246.0,1200.0
113046.385,26646.385,140.0,91.9,22.62,15.99,171.0,33.35,150.5,28.810000000000002,33.13,34.85,92.5,15.5,100.0,100.0,245.5,2925.0,1.41,37.25,15.08,7.04,36.050000000000004,28.86,2.0,247.5,1200.0
113105.504,26705.504,140.0,92.0,22.67,15.99,171.0,33.25,150.8,28.71,33.09,34.75,91.5,15.450000000000001,100.0,100.0,252.5,2919.0,1.41,37.300000000000004,15.01,7.0,35.99,28.95,2.0,245.0,1200.0
113163.892,26763.892,140.0,91.5,22.69,15.98,170.0,33.2,150.8,28.650000000000002,33.03,34.75,91.0,15.65,99.4,100.0,248.5,2920.0,1.36,37.300000000000004,14.950000000000001,6.98,35.96,28.94,0.0,249.0,1200.0
113221.728,26821.728,140.0,92.5,22.67,16.01,170.5,33.25,150.8,28.73,33.02,34.75,87.5,15.450000000000001,99.60000000000001,100.0,242.0,2920.0,1.42,37.25,15.05,7.07,35.980000000000004,29.080000000000002,0.0,247.5,1200.0
113288.144,26888.144,140.0,89.0,22.71,15.97,170.0,33.25,150.3,28.71,33.12,34.65,91.5,15.450000000000001,100.0,100.0,243.0,2914.0,1.3800000000000001,37.15,15.05,6.94,36.01,29.02,2.0,247.0,1200.0
113347.533,26947.533,140.0,90.9,22.73,15.98,171.0,33.2,151.9,28.75,33.01,34.95,92.0,15.5,99.4,99.60000000000001,247.0,2921.0,1.4000000000000001,37.1,14.99,7.1000000000000005,36.06,29.02,3.0,248.0,1200.0
113406.923,27006.923,140.0,89.9,22.72,16.02,169.5,33.1,152.5,28.75,33.05,34.85,92.0,15.450000000000001,99.60000000000001,100.0,246.5,2920.0,1.41,37.1,15.0,6.96,36.07,28.95,0.0,246.5,1200.0
113464.998,27064.998,140.0,92.80000000000001,22.6,16.05,169.5,33.1,151.8,28.69,33.0,34.9,91.0,15.600000000000001,100.0,99.7,247.0,2918.0,1.29,37.050000000000004,15.02,7.05,35.93,28.96,0.0,245.5,1200.0
113522.362,27122.362,140.0,92.2,22.7,15.92,170.5,33.45,151.5,28.68,33.06,34.9,93.0,15.55,99.60000000000001,100.0,244.0,2921.0,1.33,37.15,15.01,7.0200000000000005,36.08,29.01,1.0,242.5,1200.0
113588.094,27188.094,140.0,89.0,22.71,16.03,169.5,33.300000000000004,151.6,28.75,33.07,34.9,92.0,15.450000000000001,99.60000000000001,99.7,247.5,2920.0,1.44,37.15,14.96,7.0200000000000005,36.06,28.98,0.0,244.5,1200.0
113646.841,27246.841,140.0,89.0,22.66,16.0,172.0,33.35,149.20000000000002,28.77,33.12,35.0,92.5,15.55,100.0,100.0,243.0,2923.0,1.41,37.25,14.96,7.05,35.94,29.080000000000002,0.0,249.0,1200.0
113705.494,27305.494,140.0,90.0,22.73,16.0,170.5,33.2,151.1,28.77,33.14,34.9,91.5,15.5,100.0,99.4,245.0,2917.0,1.28,37.050000000000004,14.98,7.0,36.050000000000004,29.0,0.0,247.5,1200.0
113763.463,27363.463,140.0,89.4,22.73,16.0,172.0,33.15,151.3,28.75,33.04,35.0,91.5,15.55,99.80000000000001,100.0,245.5,2924.0,1.4000000000000001,37.1,14.97,6.99,36.09,29.02,0.0,246.5,1200.0
113820.897,27420.897,140.0,89.7,22.66,16.0,171.5,33.300000000000004,151.8,28.87,33.19,35.0,91.5,15.350000000000001,100.0,99.5,250.0,2929.0,1.33,37.15,14.97,7.01,36.08,28.990000000000002,0.0,248.0,1200.0
113886.702,27486.702,140.0,90.80000000000001,22.67,16.0,169.0,33.25,151.4,28.75,33.14,35.2,92.0,15.4,100.0,100.0,248.0,2920.0,1.24,37.1,14.93,6.97,36.02,28.96,0.0,249.0,1200.0
113945.163,27545.163,140.0,91.5,22.62,16.03,170.5,33.25,151.8,28.85,33.15,35.15,91.0,15.350000000000001,100.0,100.0,246.5,2926.0,1.57,37.15,15.030000000000001,6.97,36.01,28.94,2.0,247.5,1200.0
114003.515,27603.515,140.0,91.7,22.71,15.950000000000001,168.5,33.35,151.9,28.86,33.14,35.050000000000004,91.5,15.5,100.0,99.9,243.0,2932.0,1.45,37.15,14.97,7.07,36.0,28.96,1.0,244.5,1200.0
114061.286,27661.286,140.0,90.60000000000001,22.72,16.01,170.5,33.25,150.1,28.900000000000002,33.12,35.1,92.5,15.350000000000001,100.0,100.0,248.0,2928.0,1.36,37.2,15.040000000000001,7.03,36.0,29.05,0.0,248.5,1200.0
114126.558,27726.558,140.0,91.30000000000001,22.69,15.92,172.5,33.4,151.1,28.84,33.11,35.2,90.5,15.4,100.0,99.9,244.0,2927.0,1.3800000000000001,37.1,15.0,7.01,35.99,29.060000000000002,0.0,249.0,1200.0
114184.431,27784.431,140.0,90.9,22.72,15.97,169.0,33.35,150.70000000000002,28.92,33.11,35.15,90.0,15.5,100.0,99.9,245.5,2928.0,1.4000000000000001,37.25,15.01,6.99,35.96,28.97,0.0,246.5,1200.0
114242.61,27842.61,140.0,91.0,22.7,16.0,172.0,33.2,150.4,28.73,33.17,35.25,92.0,15.4,99.80000000000001,99.9,247.0,2933.0,1.54,37.15,14.98,7.0,36.1,28.990000000000002,0.0,247.0,1200.0
114300.66,27900.66,140.0,90.9,22.650000000000002,16.03,173.0,33.45,151.6,28.89,33.13,35.2,93.0,15.5,100.0,100.0,246.5,2935.0,1.36,37.2,14.93,6.96,35.97,28.91,0.0,243.0,1200.0
114366.201,27966.201,140.0,90.7,22.650000000000002,16.0,173.0,33.25,151.0,28.87,33.160000000000004,35.2,92.0,15.350000000000001,100.0,100.0,247.0,2931.0,1.25,37.1,15.05,7.12,36.050000000000004,29.02,0.0,245.5,1200.0
114423.664,28023.664,140.0,93.5,22.72,16.02,170.0,33.25,151.8,28.89,33.19,35.2,93.0,15.5,99.9,100.0,250.0,2936.0,1.41,37.300000000000004,15.01,6.99,35.92,29.02,1.0,252.0,1200.0
114481.449,28081.449,140.0,91.7,22.71,16.02,171.5,33.4,152.8,28.91,33.22,35.35,91.0,15.350000000000001,100.0,100.0,249.0,2936.0,1.34,37.4,14.93,7.08,36.01,29.09,0.0,248.5,1200.0
114547.874,28147.874,140.0,91.7,22.66,15.97,171.0,33.050000000000004,150.6,28.84,33.230000000000004,35.35,90.0,15.350000000000001,99.80000000000001,99.9,244.5,2933.0,1.46,37.300000000000004,14.99,6.96,36.03,29.01,3.0,246.5,1200.0
114605.417,28205.417,140.0,92.5,22.67,15.93,171.0,33.35,151.6,28.85,33.28,35.35,92.5,15.4,100.0,99.80000000000001,248.0,2934.0,1.32,37.300000000000004,15.06,6.91,35.89,28.93,1.0,249.5,1200.0
114662.782,28262.782,140.0,91.2,22.67,16.03,170.5,33.45,149.9,28.900000000000002,33.25,35.4,92.0,15.450000000000001,99.9,99.9,246.0,2936.0,1.33,37.25,14.99,6.97,35.99,28.98,0.0,245.5,1200.0
114720.239,28320.239,140.0,91.60000000000001,22.740000000000002,16.03,171.0,33.35,151.20000000000002,28.900000000000002,33.32,35.35,92.0,15.55,100.0,99.2,247.0,2940.0,1.58,37.25,15.07,7.0,36.0,28.97,0.0,247.5,1200.0
114786.395,28386.395,140.0,91.5,22.7,16.03,172.0,33.4,152.1,28.96,33.27,35.45,92.0,15.450000000000001,99.80000000000001,99.9,248.0,2936.0,1.3900000000000001,37.4,14.99,6.92,36.0,28.900000000000002,2.0,252.5,1200.0
114844.09,28444.09,140.0,89.7,22.71,16.05,170.5,33.35,152.0,28.93,33.35,35.5,91.0,15.3,99.7,100.0,247.5,2941.0,1.41,37.25,14.99,6.94,35.910000000000004,29.04,0.0,251.0,1200.0
114901.517,28501.517,140.0,89.80000000000001,22.75,15.99,170.0,33.4,151.4,28.900000000000002,33.24,35.5,92.0,15.5,99.80000000000001,99.7,247.5,2940.0,1.56,37.25,14.99,6.99,35.9,28.990000000000002,0.0,249.5,1200.0
114966.902,28566.902,140.0,88.30000000000001,22.650000000000002,16.01,171.5,33.4,149.5,28.900000000000002,33.29,35.4,91.0,15.4,99.7,100.0,252.0,2940.0,1.46,37.300000000000004,14.99,6.96,35.96,28.93,0.0,254.5,1200.0
115024.469,28624.469,140.0,90.9,22.71,15.98,170.0,33.5,150.6,28.88,33.27,35.550000000000004,93.5,15.3,100.0,99.7,255.0,2945.0,1.28,37.45,14.93,7.01,36.01,29.01,1.0,247.0,1200.0
115082.103,28682.103,140.0,91.0,22.7,15.98,170.0,33.5,151.4,28.97,33.39,35.4,92.5,15.350000000000001,100.0,99.4,248.0,2946.0,1.22,37.45,15.01,6.96,36.04,29.080000000000002,0.0,255.0,1200.0
115147.706,28747.706,140.0,91.80000000000001,22.79,15.97,170.5,33.550000000000004,151.20000000000002,29.04,33.26,35.45,91.5,15.5,100.0,100.0,251.5,2942.0,1.51,37.5,14.94,6.94,35.92,29.02,0.0,250.0,1200.0
115204.905,28804.905,140.0,91.2,22.64,16.02,172.0,33.550000000000004,152.70000000000002,29.04,33.31,35.45,91.5,15.450000000000001,100.0,100.0,251.5,2946.0,1.53,37.35,14.99,6.99,36.0,28.95,1.0,253.5,1200.0
115262.376,28862.376,140.0,89.5,22.72,15.96,171.5,33.45,151.6,28.94,33.32,35.65,92.0,15.3,100.0,99.80000000000001,252.0,2950.0,1.49,37.5,14.96,6.97,36.050000000000004,29.01,1.0,253.0,1200.0
115320.028,28920.028,140.0,91.4,22.68,16.01,173.0,33.65,150.9,29.01,33.37,35.6,89.5,15.450000000000001,99.80000000000001,100.0,251.0,2945.0,1.42,37.45,15.01,6.99,35.910000000000004,29.02,1.0,254.0,1200.0
115386.074,28986.074,140.0,90.4,22.73,15.98,172.0,33.4,150.1,29.05,33.33,35.65,93.5,15.4,99.7,100.0,248.5,2946.0,1.3800000000000001,37.45,15.030000000000001,6.99,35.96,29.0,1.0,249.5,1200.0
115443.501,29043.501,140.0,92.60000000000001,22.73,16.04,172.5,33.4,151.70000000000002,29.04,33.33,35.75,93.0,15.5,99.80000000000001,100.0,249.5,2950.0,1.35,37.5,14.94,7.0,35.94,29.07,2.0,249.0,1200.0
115500.836,29100.836,140.0,92.10000000000001,22.63,16.05,173.0,33.550000000000004,151.70000000000002,29.04,33.33,35.7,91.0,15.450000000000001,99.9,100.0,251.0,2952.0,1.53,37.45,15.02,7.0,35.94,28.94,2.0,251.0,1200.0
115566.58,29166.58,140.0,91.10000000000001,22.69,16.0,172.5,33.45,150.70000000000002,29.0,33.34,35.75,91.0,15.450000000000001,100.0,100.0,252.0,2948.0,1.3800000000000001,37.5,15.0,6.97,35.99,28.900000000000002,0.0,246.0,1200.0
115624.275,29224.275,140.0,91.0,22.71,16.0,171.5,33.45,151.20000000000002,28.98,33.37,35.85,91.0,15.350000000000001,100.0,100.0,250.0,2950.0,1.45,37.65,14.97,7.0,36.02,28.990000000000002,0.0,251.0,1200.0
115681.862,29281.862,140.0,92.2,22.61,15.98,172.5,33.550000000000004,151.5,28.96,33.27,35.75,91.0,15.4,100.0,100.0,254.0,2948.0,1.3900000000000001,37.5,15.030000000000001,7.01,36.02,29.04,0.0,252.5,1200.0
115747.301,29347.301,140.0,90.0,22.650000000000002,15.94,175.0,33.65,150.4,29.05,33.410000000000004,35.65,90.0,15.350000000000001,100.0,100.0,252.5,2946.0,1.54,37.45,14.97,7.03,35.980000000000004,29.01,0.0,251.5,1200.0
115804.713,29404.713,140.0,91.30000000000001,22.64,15.950000000000001,174.0,33.5,151.5,29.16,33.32,35.6,91.5,15.4,100.0,100.0,254.0,2948.0,1.47,37.7,14.96,6.95,35.99,29.01,0.0,248.0,1200.0
115862.375,29462.375,140.0,91.60000000000001,22.56,16.05,173.0,33.45,151.6,29.02,33.36,35.75,91.5,15.350000000000001,99.7,99.4,256.5,2950.0,1.41,37.35,15.0,7.0600000000000005,35.97,28.990000000000002,1.0,248.0,1200.0
115920.134,29520.134,140.0,90.4,22.580000000000002,16.02,171.0,33.45,150.9,29.02,33.33,35.800000000000004,90.0,15.4,100.0,99.7,245.0,2945.0,1.21,37.75,15.040000000000001,6.96,35.95,29.080000000000002,3.0,254.5,1200.0
115985.953,29585.953,140.0,89.9,22.64,15.950000000000001,170.0,33.5,151.20000000000002,29.02,33.31,35.65,91.5,15.25,100.0,100.0,253.0,2954.0,1.48,37.550000000000004,14.94,6.96,36.04,28.96,0.0,250.5,1200.0
116043.358,29643.358,140.0,89.80000000000001,22.650000000000002,16.0,171.0,33.4,151.20000000000002,28.89,33.34,35.9,89.0,15.350000000000001,99.5,99.9,253.5,2947.0,1.3800000000000001,37.4,15.030000000000001,7.01,36.01,29.03,2.0,248.0,1200.0
116100.847,29700.847,140.0,91.60000000000001,22.64,15.97,172.5,33.5,151.20000000000002,29.01,33.3,35.6,93.0,15.25,100.0,100.0,245.5,2945.0,1.44,37.6,15.0,7.0,36.03,28.98,1.0,245.0,1200.0
116166.929,29766.929,140.0,91.5,22.67,15.91,173.0,33.45,151.20000000000002,28.96,33.27,35.9,91.0,15.25,99.9,100.0,250.0,2945.0,1.49,37.45,14.98,7.0,36.0,28.91,0.0,249.5,1200.0
116224.627,29824.627,140.0,91.5,22.650000000000002,15.99,170.5,33.4,150.9,28.98,33.19,35.800000000000004,91.5,15.25,99.9,100.0,251.0,2945.0,1.55,37.7,15.030000000000001,7.03,36.0,29.0,0.0,249.0,1200.0
116282.15,29882.15,140.0,92.5,22.66,15.96,171.0,33.45,152.6,28.93,33.230000000000004,35.75,92.0,15.200000000000001,99.60000000000001,99.60000000000001,248.5,2949.0,1.3800000000000001,37.800000000000004,15.0,7.01,35.93,28.97,0.0,249.5,1200.0
116347.702,29947.702,140.0,91.10000000000001,22.71,15.98,171.0,33.45,150.5,28.84,33.26,35.7,91.0,15.450000000000001,100.0,100.0,249.0,2947.0,1.59,37.6,15.01,6.95,36.1,28.95,0.0,251.0,1200.0
116405.387,30005.387,140.0,90.0,22.72,15.96,172.0,33.5,151.4,28.98,33.33,35.9,91.5,15.350000000000001,99.5,100.0,250.0,2952.0,1.33,37.550000000000004,15.02,7.03,36.08,29.01,1.0,243.5,1200.0
116463.2,30063.2,140.0,91.0,22.580000000000002,15.97,171.5,33.300000000000004,151.70000000000002,28.95,33.19,35.95,89.0,15.3,99.7,100.0,250.5,2949.0,1.52,37.5,14.94,7.01,36.02,29.04,1.0,249.5,1200.0
116520.942,30120.942,140.0,91.60000000000001,22.69,16.03,171.5,33.300000000000004,152.5,28.97,33.3,35.85,92.0,15.350000000000001,99.7,100.0,247.0,2947.0,1.44,37.6,15.030000000000001,7.04,35.980000000000004,29.0,1.0,247.0,1200.0
116586.54,30186.54,140.0,89.60000000000001,22.66,16.01,174.0,33.4,152.3,28.830000000000002,33.27,35.7,92.5,15.3,100.0,99.9,251.0,2953.0,1.34,37.45,15.01,6.97,35.97,28.96,1.0,249.0,1200.0
116644.035,30244.035,140.0,91.0,22.69,16.0,170.5,33.4,150.20000000000002,28.94,33.2,35.9,89.0,15.350000000000001,99.0,99.80000000000001,249.5,2952.0,1.3900000000000001,37.6,14.99,6.94,36.06,28.990000000000002,1.0,251.0,1200.0
116701.703,30301.703,140.0,89.9,22.69,16.0,173.0,33.4,150.20000000000002,28.96,33.25,35.85,93.5,15.200000000000001,99.9,99.80000000000001,253.5,2953.0,1.31,37.4,14.950000000000001,7.0,36.04,29.0,0.0,247.5,1200.0
116767.836,30367.836,140.0,90.80000000000001,22.69,15.99,170.0,33.4,151.6,29.060000000000002,33.36,36.0,91.5,15.4,99.30000000000001,99.7,251.5,2952.0,1.3800000000000001,37.6,15.05,6.99,36.07,29.04,2.0,251.5,1200.0
116825.354,30425.354,140.0,90.2,22.71,15.91,173.0,33.4,151.4,29.01,33.35,35.85,89.5,15.3,100.0,100.0,249.5,2955.0,1.4000000000000001,37.65,14.98,6.97,35.95,29.02,0.0,247.5,1200.0
116882.734,30482.734,140.0,91.60000000000001,22.7,15.99,169.5,33.550000000000004,151.8,28.89,33.28,35.9,89.5,15.4,100.0,100.0,253.5,2944.0,1.48,37.550000000000004,15.01,6.99,35.980000000000004,29.05,4.0,253.5,1200.0
116940.161,30540.161,140.0,91.80000000000001,22.650000000000002,15.98,170.0,33.45,149.9,29.07,33.28,36.1,92.5,15.350000000000001,100.0,99.5,255.0,2955.0,1.6,37.7,15.01,6.96,35.980000000000004,28.93,0.0,248.0,1200.0
117006.176,30606.176,140.0,90.7,22.68,15.950000000000001,169.0,33.45,152.1,28.97,33.43,36.0,92.0,15.3,100.0,99.9,252.5,2953.0,1.35,37.45,15.030000000000001,6.96,36.03,28.98,0.0,251.5,1200.0
117063.78,30663.78,140.0,90.9,22.72,16.03,171.5,33.6,151.0,28.96,33.25,35.85,89.0,15.4,99.60000000000001,100.0,250.5,2950.0,1.47,37.75,15.05,6.93,36.0,28.98,2.0,250.5,1200.0
117121.172,30721.172,140.0,91.80000000000001,22.75,16.03,173.0,33.5,152.1,29.04,33.24,36.050000000000004,91.5,15.3,100.0,100.0,246.0,2957.0,1.51,37.550000000000004,15.040000000000001,6.99,36.01,28.96,0.0,255.5,1200.0
117186.495,30786.495,140.0,90.30000000000001,22.69,16.02,172.5,33.45,150.6,28.97,33.32,35.95,91.0,15.350000000000001,99.60000000000001,99.80000000000001,255.5,2957.0,1.57,37.550000000000004,15.01,7.0,35.99,29.0,0.0,255.5,1200.0
117243.993,30843.993,140.0,92.0,22.73,15.950000000000001,172.0,33.4,151.8,28.89,33.33,36.2,92.5,15.4,100.0,100.0,257.5,2963.0,1.34,37.65,14.9,7.0,36.01,29.05,0.0,247.5,1200.0
117301.617,30901.617,140.0,92.10000000000001,22.68,16.03,171.5,33.4,152.20000000000002,28.97,33.34,36.25,94.0,15.3,100.0,100.0,251.5,2956.0,1.5,37.7,15.030000000000001,7.03,36.03,28.900000000000002,2.0,252.0,1200.0
117367.316,30967.316,140.0,90.7,22.68,15.94,172.0,33.45,151.3,29.07,33.29,36.300000000000004,90.5,15.3,99.80000000000001,99.9,257.0,2958.0,1.36,37.65,14.99,6.96,35.910000000000004,28.98,2.0,255.5,1200.0
117424.538,31024.538,140.0,91.0,22.69,15.91,172.0,33.550000000000004,152.70000000000002,28.95,33.27,36.25,89.5,15.25,100.0,100.0,250.5,2960.0,1.45,37.550000000000004,15.040000000000001,7.01,35.96,28.98,3.0,253.5,1200.0
117481.811,31081.811,140.0,90.7,22.72,15.96,172.5,33.5,151.20000000000002,28.96,33.37,36.2,91.5,15.4,100.0,100.0,248.5,2959.0,1.49,37.6,14.93,7.03,35.99,29.01,0.0,253.5,1200.0
117547.651,31147.651,140.0,91.30000000000001,22.66,16.0,171.0,33.550000000000004,150.6,28.990000000000002,33.29,36.300000000000004,92.0,15.200000000000001,100.0,100.0,254.0,2962.0,1.57,37.550000000000004,15.05,6.92,36.06,28.98,2.0,249.5,1200.0
117605.175,31205.175,140.0,90.4,22.72,15.96,173.0,33.6,151.3,28.94,33.34,36.1,91.5,15.4,99.80000000000001,99.60000000000001,246.5,2959.0,1.31,37.7,14.99,7.0200000000000005,36.0,29.0,0.0,249.5,1200.0
117661.973,31261.973,140.0,90.7,22.66,15.91,172.5,33.800000000000004,152.0,28.97,33.3,36.300000000000004,92.0,15.3,99.80000000000001,99.7,250.0,2954.0,1.32,37.550000000000004,15.040000000000001,7.04,35.96,29.0,0.0,250.5,1200.0
117726.533,31326.533,140.0,90.2,22.68,15.93,170.0,33.550000000000004,150.6,29.04,33.37,36.45,93.0,15.25,100.0,100.0,253.0,2959.0,1.52,37.7,15.02,6.93,36.01,28.98,1.0,251.5,1200.0
117783.369,31383.369,140.0,90.2,22.68,16.03,171.5,33.5,152.20000000000002,29.0,33.46,36.4,93.0,15.350000000000001,100.0,100.0,252.0,2965.0,1.46,37.65,14.99,6.97,36.04,28.97,0.0,256.0,1200.0
117840.296,31440.296,140.0,90.80000000000001,22.64,16.02,171.0,33.45,151.70000000000002,28.96,33.38,36.25,92.5,15.4,99.9,100.0,255.0,2963.0,1.44,37.5,14.99,6.99,36.050000000000004,29.09,2.0,254.5,1200.0
117905.161,31505.161,140.0,90.9,22.72,16.01,171.5,33.550000000000004,151.20000000000002,29.03,33.38,36.4,90.0,15.3,100.0,100.0,251.5,2961.0,1.42,37.75,15.06,6.98,36.0,28.97,0.0,253.0,1200.0
117961.696,31561.696,140.0,91.30000000000001,22.63,16.03,172.0,33.35,151.20000000000002,29.07,33.35,36.25,91.5,15.200000000000001,99.7,99.9,253.5,2964.0,1.27,37.65,15.030000000000001,7.03,35.96,29.060000000000002,1.0,250.0,1200.0
118026.424,31626.424,140.0,89.9,22.66,16.02,173.5,33.6,151.3,29.05,33.37,36.4,92.5,15.25,100.0,99.80000000000001,251.5,2966.0,1.42,37.7,14.94,6.94,36.050000000000004,29.02,1.0,251.5,1200.0
118083.162,31683.162,140.0,91.7,22.67,15.97,172.5,33.6,152.8,29.04,33.46,36.550000000000004,92.0,15.4,99.9,99.5,250.0,2961.0,1.26,37.65,15.02,7.05,36.09,28.990000000000002,0.0,249.5,1200.0
118147.826,31747.826,140.0,91.80000000000001,22.66,16.01,171.0,33.65,151.20000000000002,29.060000000000002,33.44,36.550000000000004,90.5,15.4,99.60000000000001,100.0,253.5,2971.0,1.49,37.800000000000004,14.97,6.98,36.07,28.94,1.0,255.5,1200.0
118204.288,31804.288,140.0,89.9,22.71,16.01,173.0,33.550000000000004,151.5,29.03,33.44,36.550000000000004,91.5,15.4,100.0,100.0,253.0,2971.0,1.5,37.6,15.01,6.93,36.04,29.02,0.0,251.0,1200.0
118261.461,31861.461,140.0,90.2,22.650000000000002,15.96,171.0,33.6,150.9,29.11,33.35,36.6,91.0,15.25,99.9,99.60000000000001,254.5,2968.0,1.3900000000000001,37.85,14.94,7.05,35.99,29.03,0.0,252.0,1200.0
118327.214,31927.214,140.0,90.4,22.64,16.02,172.0,33.45,152.0,29.080000000000002,33.5,36.550000000000004,91.0,15.200000000000001,99.80000000000001,100.0,254.5,2972.0,1.33,37.800000000000004,15.02,7.01,35.93,29.04,0.0,252.0,1200.0
118384.576,31984.576,140.0,88.9,22.68,15.97,172.5,33.6,149.8,29.01,33.42,36.45,90.5,15.450000000000001,100.0,99.4,251.0,2974.0,1.31,37.65,14.99,6.96,36.01,28.94,1.0,250.5,1200.0
118441.724,32041.724,140.0,90.0,22.64,15.93,172.0,33.6,151.20000000000002,29.12,33.480000000000004,36.800000000000004,94.0,15.200000000000001,100.0,99.9,253.5,2968.0,1.45,37.85,15.06,7.0,36.02,29.04,2.0,256.5,1200.0
118506.796,32106.796,140.0,91.30000000000001,22.7,16.01,174.0,33.7,151.5,29.17,33.46,36.65,91.0,15.200000000000001,100.0,100.0,254.5,2970.0,1.44,37.85,14.97,6.97,35.99,28.98,1.0,253.5,1200.0
118564.121,32164.121,140.0,90.0,22.740000000000002,15.98,171.0,33.550000000000004,152.3,29.17,33.480000000000004,36.6,92.0,15.350000000000001,99.5,99.9,256.0,2968.0,1.4000000000000001,37.800000000000004,14.950000000000001,6.94,35.94,28.990000000000002,0.0,256.0,1200.0
118621.579,32221.579,140.0,91.9,22.56,15.99,171.5,33.6,150.20000000000002,29.13,33.43,36.65,90.5,15.350000000000001,100.0,99.80000000000001,252.5,2971.0,1.34,37.9,15.01,7.0200000000000005,36.050000000000004,28.98,1.0,257.0,1200.0
118687.014,32287.014,140.0,90.60000000000001,22.77,15.98,171.5,33.7,150.1,29.060000000000002,33.55,36.65,91.5,15.350000000000001,100.0,99.60000000000001,255.5,2971.0,1.44,37.800000000000004,15.02,7.04,36.01,28.97,0.0,256.0,1200.0
118743.954,32343.954,140.0,90.30000000000001,22.69,15.99,172.0,33.65,152.3,29.11,33.49,36.65,91.0,15.3,100.0,99.9,258.0,2974.0,1.52,38.0,15.02,7.01,36.0,29.05,0.0,256.0,1200.0
118800.953,32400.953,140.0,90.30000000000001,22.67,16.02,171.5,33.65,150.3,29.07,33.5,36.9,88.0,15.25,100.0,100.0,255.5,2977.0,1.41,37.95,14.950000000000001,6.99,35.980000000000004,28.97,0.0,256.0,1200.0
118866.788,32466.788,140.0,90.5,22.76,16.05,172.5,33.6,152.3,29.11,33.37,36.75,92.5,15.25,99.4,100.0,254.5,2971.0,1.52,37.95,15.040000000000001,7.04,36.04,28.96,0.0,257.5,1200.0
118924.351,32524.351,140.0,90.5,22.650000000000002,16.03,172.0,33.65,151.8,29.07,33.38,36.800000000000004,89.5,15.100000000000001,100.0,99.4,255.5,2977.0,1.3800000000000001,37.85,14.950000000000001,6.99,35.97,28.92,0.0,255.0,1200.0
118981.664,32581.664,140.0,91.9,22.68,16.03,172.5,33.550000000000004,150.0,29.080000000000002,33.42,36.800000000000004,89.0,15.25,100.0,100.0,256.5,2970.0,1.37,37.95,15.01,7.0600000000000005,36.02,29.05,0.0,257.5,1200.0
119046.63,32646.63,140.0,92.0,22.66,15.93,172.5,33.6,152.70000000000002,29.150000000000002,33.43,36.65,90.0,15.200000000000001,99.80000000000001,100.0,255.0,2975.0,1.44,37.75,14.97,7.0200000000000005,35.96,28.95,0.0,253.5,1200.0
119103.988,32703.988,140.0,91.5,22.6,16.01,173.0,33.6,150.5,29.07,33.3,36.9,91.5,15.3,99.80000000000001,99.9,255.0,2973.0,1.45,37.800000000000004,15.01,7.0,35.94,29.0,0.0,256.5,1200.0
119161.678,32761.678,140.0,90.5,22.7,16.01,172.5,33.65,151.4,29.0,33.42,36.85,89.5,15.350000000000001,100.0,100.0,252.5,2972.0,1.33,38.050000000000004,14.91,7.01,35.96,29.03,1.0,256.5,1200.0
119227.678,32827.678,140.0,91.5,22.76,15.950000000000001,173.5,33.5,151.1,29.04,33.33,36.75,90.0,15.15,99.9,100.0,259.5,2975.0,1.4000000000000001,37.800000000000004,15.0,7.01,36.04,29.080000000000002,1.0,252.5,1200.0
119284.787,32884.787,140.0,90.2,22.67,15.98,172.0,33.550000000000004,151.0,29.01,33.37,36.9,88.5,15.100000000000001,99.4,100.0,255.0,2969.0,1.3900000000000001,37.9,15.01,7.01,35.980000000000004,29.04,0.0,258.5,1200.0
119341.83,32941.83,140.0,91.60000000000001,22.73,16.02,172.0,33.550000000000004,150.70000000000002,29.05,33.34,36.85,91.5,15.4,100.0,100.0,250.5,2969.0,1.42,37.95,15.0,7.0200000000000005,35.95,29.09,2.0,252.5,1200.0
119407.733,33007.733,140.0,90.0,22.69,16.1,171.5,33.4,151.6,29.0,33.37,36.800000000000004,91.5,15.3,99.80000000000001,100.0,253.5,2971.0,1.31,37.95,14.92,6.98,35.95,28.96,0.0,252.5,1200.0
119465.512,33065.512,140.0,90.80000000000001,22.7,16.02,170.5,33.4,152.9,28.95,33.27,36.85,92.5,15.05,100.0,100.0,248.0,2971.0,1.3900000000000001,37.75,14.93,7.05,36.11,28.94,0.0,253.0,1200.0
119522.944,33122.944,140.0,90.2,22.650000000000002,16.03,174.5,33.5,150.1,28.990000000000002,33.31,36.7,93.5,15.200000000000001,99.9,99.9,253.5,2968.0,1.49,37.9,15.02,7.0,36.07,28.96,1.0,251.0,1200.0
119587.595,33187.595,140.0,92.10000000000001,22.75,16.07,173.0,33.45,151.5,28.95,33.34,36.9,91.0,15.200000000000001,100.0,100.0,253.5,2967.0,1.51,38.050000000000004,15.05,7.0200000000000005,36.06,29.03,3.0,254.5,1200.0
119644.753,33244.753,140.0,90.7,22.73,16.0,172.5,33.45,152.5,28.87,33.32,36.85,92.5,15.350000000000001,100.0,99.60000000000001,260.5,2972.0,1.49,37.800000000000004,15.08,6.97,36.02,29.01,0.0,252.5,1200.0
119702.408,33302.408,140.0,91.2,22.71,16.03,173.5,33.45,150.1,28.98,33.32,36.85,93.0,15.25,99.9,99.4,257.5,2976.0,1.45,37.95,14.99,6.97,35.96,28.990000000000002,1.0,252.0,1200.0
119760.261,33360.261,140.0,93.0,22.72,15.98,173.0,33.35,151.70000000000002,29.03,33.3,36.9,89.0,15.15,100.0,99.30000000000001,255.0,2974.0,1.3,37.9,14.92,6.99,36.07,28.96,1.0,255.0,1200.0
119825.63,33425.63,140.0,91.0,22.76,15.99,171.0,33.35,151.9,28.94,33.3,37.0,90.5,15.3,99.80000000000001,99.5,255.0,2967.0,1.41,37.85,14.98,7.05,35.92,29.0,0.0,254.5,1200.0
119882.399,33482.399,140.0,89.7,22.7,15.98,172.5,33.4,151.70000000000002,28.89,33.35,37.050000000000004,90.0,15.200000000000001,100.0,100.0,253.5,2972.0,1.48,37.85,14.99,7.01,35.99,28.990000000000002,0.0,252.5,1200.0
119947.957,33547.957,140.0,90.4,22.7,16.080000000000002,172.0,33.4,151.3,28.92,33.32,36.95,89.0,15.15,100.0,99.60000000000001,258.0,2968.0,1.37,37.9,15.0,7.0200000000000005,36.04,29.02,0.0,255.5,1200.0
120005.853,33605.853,140.0,91.7,22.75,16.03,171.5,33.4,151.9,28.97,33.33,36.9,90.0,15.15,99.7,100.0,250.5,2973.0,1.6,37.800000000000004,15.02,6.96,36.01,28.98,1.0,254.5,1200.0
120063.218,33663.218,140.0,92.0,22.73,16.01,171.0,33.25,152.4,28.92,33.27,37.1,90.0,15.15,99.7,99.60000000000001,254.5,2972.0,1.37,37.85,15.0,6.96,36.01,29.01,0.0,250.0,1200.0
120127.54,33727.54,140.0,90.30000000000001,22.68,15.99,170.5,33.300000000000004,151.4,28.900000000000002,33.27,36.95,88.0,15.15,100.0,100.0,260.0,2974.0,1.35,38.0,14.94,7.03,36.03,29.060000000000002,0.0,252.5,1200.0
120184.34,33784.34,140.0,90.9,22.69,15.98,173.0,33.4,150.70000000000002,28.93,33.35,37.15,91.5,15.200000000000001,99.60000000000001,99.9,254.0,2971.0,1.3800000000000001,37.7,15.040000000000001,6.95,36.08,29.01,0.0,251.0,1200.0
120241.699,33841.699,140.0,90.10000000000001,22.64,15.950000000000001,174.5,33.35,152.9,28.94,33.33,37.050000000000004,91.0,15.25,99.7,100.0,251.0,2972.0,1.55,37.95,14.950000000000001,6.98,35.94,28.990000000000002,1.0,254.5,1200.0
120307.759,33907.759,140.0,92.2,22.67,16.02,172.0,33.5,151.8,28.92,33.29,36.95,91.5,15.05,99.2,100.0,254.5,2969.0,1.4000000000000001,38.0,14.89,6.94,36.02,28.990000000000002,1.0,257.5,1200.0
120364.551,33964.551,140.0,91.30000000000001,22.72,16.0,173.5,33.35,151.6,28.94,33.28,37.1,92.0,15.100000000000001,100.0,100.0,253.0,2965.0,1.35,37.800000000000004,14.99,6.98,35.980000000000004,29.05,0.0,255.5,1200.0
120421.104,34021.104,140.0,91.80000000000001,22.69,16.080000000000002,172.0,33.4,152.5,28.91,33.29,37.15,91.0,15.100000000000001,100.0,99.5,252.0,2973.0,1.55,37.85,14.96,6.99,36.02,28.93,0.0,250.5,1200.0
120486.31,34086.31,140.0,91.9,22.72,16.05,170.0,33.35,151.4,28.85,33.26,37.1,90.5,15.25,99.80000000000001,100.0,253.0,2971.0,1.33,37.800000000000004,15.02,6.97,36.06,28.96,0.0,255.0,1200.0
120543.889,34143.889,140.0,90.5,22.69,15.96,169.5,33.550000000000004,150.70000000000002,28.94,33.21,37.15,91.5,15.15,99.80000000000001,99.60000000000001,253.0,2972.0,1.41,37.7,15.040000000000001,7.04,35.980000000000004,28.92,1.0,252.0,1200.0
120601.215,34201.215,140.0,91.60000000000001,22.580000000000002,16.0,171.5,33.35,152.4,28.990000000000002,33.2,37.050000000000004,92.0,15.3,99.80000000000001,100.0,257.5,2974.0,1.58,37.9,15.02,7.0200000000000005,36.07,28.990000000000002,0.0,252.5,1200.0
120665.808,34265.808,140.0,90.10000000000001,22.6,15.99,171.5,33.35,151.9,28.91,33.24,37.1,90.5,15.0,100.0,99.9,254.0,2973.0,1.25,37.75,15.030000000000001,7.03,35.99,29.03,0.0,254.0,1200.0
120722.704,34322.704,140.0,90.60000000000001,22.6,15.99,169.0,33.25,151.3,28.95,33.18,37.300000000000004,91.0,15.200000000000001,100.0,100.0,252.0,2974.0,1.51,37.800000000000004,14.98,6.99,36.03,28.97,0.0,259.0,1200.0
120780.055,34380.055,140.0,90.10000000000001,22.71,15.96,172.0,33.300000000000004,151.4,28.94,33.24,37.15,90.0,15.100000000000001,100.0,99.9,257.0,2971.0,1.22,37.85,14.92,7.03,35.97,28.98,0.0,252.0,1200.0
120846.076,34446.076,140.0,92.0,22.69,16.02,170.5,33.45,152.0,28.91,33.230000000000004,37.25,90.0,14.950000000000001,100.0,100.0,253.0,2971.0,1.34,37.9,15.0,6.95,35.99,28.92,1.0,256.5,1200.0
120903.002,34503.002,140.0,90.0,22.67,16.080000000000002,170.5,33.4,152.9,28.88,33.29,37.2,89.0,15.100000000000001,99.5,100.0,253.5,2979.0,1.48,37.9,14.99,6.96,36.02,28.990000000000002,0.0,251.0,1200.0
120967.589,34567.589,140.0,92.60000000000001,22.650000000000002,15.99,170.0,33.550000000000004,150.6,28.98,33.35,37.35,90.5,15.15,100.0,100.0,251.5,2976.0,1.26,38.050000000000004,14.99,7.07,35.95,29.02,1.0,253.5,1200.0
121024.9,34624.9,140.0,92.0,22.7,16.01,170.5,33.550000000000004,151.9,28.98,33.25,37.4,90.5,15.15,100.0,99.60000000000001,252.0,2971.0,1.27,37.9,14.97,7.0,35.99,28.91,1.0,248.0,1200.0
121082.469,34682.469,140.0,92.4,22.66,16.06,169.5,33.5,152.0,28.85,33.230000000000004,37.35,91.0,15.15,99.9,100.0,253.0,2971.0,1.29,37.85,15.02,6.97,36.01,28.98,0.0,254.5,1200.0
121147.832,34747.832,140.0,89.4,22.72,16.03,170.5,33.300000000000004,151.5,28.89,33.24,37.45,90.0,15.100000000000001,99.80000000000001,99.80000000000001,261.0,2972.0,1.5,37.75,15.02,6.96,36.01,29.05,0.0,252.0,1200.0
121204.515,34804.515,140.0,91.7,22.68,15.97,172.5,33.300000000000004,151.8,28.91,33.17,37.4,90.0,15.15,100.0,100.0,255.5,2970.0,1.3800000000000001,37.9,15.040000000000001,6.98,35.96,29.01,0.0,252.5,1200.0
121261.233,34861.233,140.0,91.30000000000001,22.67,16.03,170.5,33.35,151.0,28.93,33.3,37.550000000000004,91.0,15.100000000000001,99.80000000000001,99.9,258.0,2980.0,1.45,37.95,14.97,7.03,35.9,29.03,0.0,250.0,1200.0
121326.856,34926.856,140.0,90.9,22.68,16.0,171.5,33.4,152.6,28.86,33.27,37.5,91.5,15.100000000000001,100.0,100.0,252.5,2979.0,1.35,37.95,15.040000000000001,7.0600000000000005,36.02,28.97,0.0,252.0,1200.0
121383.999,34983.999,140.0,90.5,22.72,15.99,171.0,33.300000000000004,151.9,28.94,33.26,37.45,89.0,15.100000000000001,99.9,99.80000000000001,250.0,2973.0,1.4000000000000001,37.85,15.0,6.96,36.01,29.05,2.0,255.5,1200.0
121440.733,35040.733,140.0,91.9,22.740000000000002,16.03,170.5,33.45,151.70000000000002,28.94,33.25,37.5,91.5,15.25,99.80000000000001,100.0,252.0,2977.0,1.41,38.0,14.99,6.96,35.93,29.01,0.0,249.5,1200.0
121505.143,35105.143,140.0,90.0,22.67,15.97,171.5,33.4,150.3,29.09,33.31,37.45,90.5,15.15,100.0,99.9,251.0,2980.0,1.24,37.85,14.92,7.0,35.97,28.990000000000002,0.0,253.0,1200.0
121562.118,35162.118,140.0,92.30000000000001,22.75,16.04,172.5,33.4,151.5,28.86,33.3,37.45,90.0,15.05,100.0,99.9,257.5,2982.0,1.46,37.9,15.030000000000001,7.03,36.01,29.01,0.0,252.0,1200.0
121627.581,35227.581,140.0,90.60000000000001,22.650000000000002,15.99,170.5,33.45,150.5,28.91,33.4,37.7,90.0,15.15,100.0,100.0,253.5,2981.0,1.3,37.9,14.950000000000001,6.98,36.07,29.060000000000002,0.0,251.5,1200.0
121684.211,35284.211,140.0,90.9,22.72,16.07,170.5,33.5,152.5,28.830000000000002,33.3,37.5,91.0,15.350000000000001,99.9,100.0,256.5,2988.0,1.44,38.0,14.950000000000001,7.05,36.01,28.95,1.0,260.0,1200.0
121740.632,35340.632,140.0,90.4,22.67,16.02,171.0,33.550000000000004,150.6,28.93,33.33,37.65,89.0,15.15,100.0,100.0,254.0,2991.0,1.48,37.9,14.98,7.01,36.03,28.97,0.0,255.5,1200.0
121805.39,35405.39,140.0,92.2,22.650000000000002,16.0,173.0,33.45,149.9,28.96,33.33,37.65,94.5,15.100000000000001,100.0,100.0,255.5,2986.0,1.43,37.9,15.0,7.0200000000000005,36.11,28.96,0.0,254.0,1200.0
121862.478,35462.478,140.0,92.10000000000001,22.7,16.02,172.5,33.6,152.0,28.97,33.34,37.65,92.0,15.100000000000001,99.9,100.0,253.5,2986.0,1.49,37.95,14.97,7.0,36.01,28.93,0.0,254.0,1200.0
121927.445,35527.445,140.0,92.7,22.7,15.99,172.0,33.6,150.20000000000002,29.04,33.33,37.85,91.0,15.0,100.0,99.60000000000001,256.0,2989.0,1.37,38.1,15.040000000000001,7.0,35.94,29.0,0.0,260.0,1200.0
121983.933,35583.933,140.0,90.4,22.68,15.98,174.0,33.4,151.20000000000002,29.04,33.28,37.7,90.5,15.200000000000001,99.4,99.80000000000001,255.5,2986.0,1.53,38.0,14.96,6.99,35.99,28.98,0.0,259.5,1200.0
122040.524,35640.524,140.0,89.80000000000001,22.7,15.94,170.5,33.550000000000004,152.3,28.84,33.26,37.7,90.5,15.100000000000001,99.80000000000001,100.0,254.5,2990.0,1.35,37.95,14.96,6.98,36.06,29.01,3.0,257.5,1200.0
122105.781,35705.781,140.0,91.60000000000001,22.66,16.04,172.5,33.45,151.20000000000002,28.96,33.34,37.800000000000004,90.5,14.950000000000001,100.0,100.0,254.5,2987.0,1.27,38.050000000000004,15.05,7.04,35.96,29.0,4.0,259.5,1200.0
122162.732,35762.732,140.0,91.0,22.67,16.05,170.5,33.550000000000004,152.5,29.0,33.31,37.75,90.0,15.15,99.9,100.0,253.5,2983.0,1.36,38.1,15.0,6.99,36.03,28.98,0.0,259.0,1200.0
122227.254,35827.254,140.0,88.9,22.650000000000002,16.06,173.0,33.5,151.70000000000002,28.94,33.33,38.0,90.5,15.05,99.9,99.80000000000001,258.5,2990.0,1.41,38.15,15.01,7.04,35.93,29.01,0.0,256.0,1200.0
122283.858,35883.858,140.0,90.60000000000001,22.6,15.92,174.0,33.45,150.9,28.96,33.33,37.800000000000004,91.5,15.100000000000001,99.4,100.0,254.0,2987.0,1.3800000000000001,38.1,15.02,7.0,35.97,29.0,1.0,260.0,1200.0
122340.727,35940.727,140.0,89.30000000000001,22.650000000000002,16.03,173.5,33.5,151.9,28.95,33.35,37.85,90.5,15.05,100.0,100.0,257.0,2988.0,1.43,38.15,15.02,7.0,35.95,28.96,0.0,256.5,1200.0
122406.059,36006.059,140.0,90.5,22.68,15.92,172.5,33.45,152.20000000000002,28.97,33.31,37.9,90.5,15.0,99.9,99.5,252.5,2985.0,1.46,38.1,14.94,7.0,35.99,28.94,0.0,252.5,1200.0
122462.865,36062.865,140.0,92.0,22.71,16.06,172.5,33.5,150.5,28.92,33.18,37.800000000000004,92.0,15.0,100.0,100.0,255.5,2981.0,1.34,37.95,14.97,7.0200000000000005,35.980000000000004,29.060000000000002,0.0,252.5,1200.0
122527.486,36127.486,140.0,91.10000000000001,22.68,15.98,171.0,33.45,151.9,29.0,33.33,37.85,90.0,15.100000000000001,100.0,100.0,256.5,2983.0,1.41,37.95,15.06,6.95,36.06,29.0,0.0,253.0,1200.0
122584.473,36184.473,140.0,91.80000000000001,22.740000000000002,16.0,173.5,33.35,150.3,28.900000000000002,33.24,37.85,90.0,15.25,100.0,99.80000000000001,257.5,2986.0,1.44,37.9,14.97,7.0,35.97,29.01,1.0,255.0,1200.0
122641.639,36241.639,140.0,90.30000000000001,22.67,15.96,172.5,33.550000000000004,150.5,29.0,33.29,37.9,90.0,15.0,99.4,99.7,254.5,2984.0,1.3800000000000001,38.1,15.02,6.97,36.04,28.96,1.0,249.5,1200.0
122706.8,36306.8,140.0,90.9,22.69,15.97,170.0,33.550000000000004,150.8,28.89,33.36,37.95,90.0,14.850000000000001,99.9,99.60000000000001,253.0,2983.0,1.25,38.050000000000004,15.1,7.09,35.95,29.13,0.0,254.0,1200.0
122763.489,36363.489,140.0,91.10000000000001,22.67,16.0,172.0,33.4,153.1,28.89,33.24,37.800000000000004,89.5,15.0,100.0,100.0,253.0,2988.0,1.43,38.050000000000004,15.01,7.01,36.050000000000004,29.01,0.0,252.0,1200.0
122820.251,36420.251,140.0,91.9,22.55,15.94,171.5,33.45,153.0,28.85,33.21,38.050000000000004,89.5,15.100000000000001,99.9,99.9,250.0,2982.0,1.3800000000000001,37.9,15.02,6.98,36.03,29.01,0.0,253.0,1200.0
122885.65,36485.65,140.0,91.5,22.73,16.03,171.5,33.25,152.9,28.91,33.28,38.050000000000004,91.5,15.0,100.0,100.0,253.5,2986.0,1.35,38.2,14.97,7.01,35.99,29.0,0.0,254.0,1200.0
122942.8,36542.8,140.0,92.30000000000001,22.650000000000002,15.94,172.5,33.300000000000004,152.1,28.92,33.28,38.0,90.5,15.0,100.0,100.0,253.5,2981.0,1.46,38.050000000000004,14.94,7.03,36.01,28.96,0.0,252.0,1200.0
123007.599,36607.599,140.0,91.30000000000001,22.66,16.01,172.5,33.550000000000004,152.4,28.87,33.17,38.1,92.0,15.0,99.7,99.7,251.5,2986.0,1.45,38.0,14.98,6.95,35.910000000000004,28.98,1.0,251.5,1200.0
123064.679,36664.679,140.0,91.2,22.64,16.01,170.0,33.25,152.6,28.89,33.11,38.15,89.0,15.05,99.5,99.9,255.0,2981.0,1.31,38.0,15.030000000000001,6.98,35.97,28.92,2.0,256.5,1200.0
123122.051,36722.051,140.0,90.7,22.63,15.91,169.0,33.25,151.70000000000002,28.87,33.230000000000004,38.2,89.5,15.100000000000001,100.0,99.7,252.0,2982.0,1.52,37.95,14.99,6.99,36.06,28.94,2.0,259.0,1200.0
123188.162,36788.162,140.0,91.10000000000001,22.62,16.0,171.5,33.4,151.3,28.87,33.17,38.2,89.0,15.15,99.9,100.0,250.5,2988.0,1.27,37.95,14.99,6.94,36.04,29.01,0.0,254.5,1200.0
123245.454,36845.454,140.0,90.10000000000001,22.73,16.01,170.5,33.300000000000004,152.0,28.87,33.21,38.15,89.5,15.0,100.0,100.0,249.5,2983.0,1.34,38.050000000000004,15.01,7.01,35.94,28.96,0.0,257.0,1200.0
123302.45,36902.45,140.0,90.60000000000001,22.68,15.97,171.5,33.4,150.20000000000002,28.82,33.15,38.15,89.5,15.0,100.0,99.9,254.0,2980.0,1.52,38.0,14.97,7.0200000000000005,35.92,29.0,2.0,249.0,1200.0
123367.637,36967.637,140.0,91.5,22.740000000000002,16.03,172.0,33.2,151.0,28.82,33.13,38.15,90.5,15.05,100.0,99.7,250.5,2987.0,1.46,38.050000000000004,14.98,6.99,36.0,29.05,1.0,255.5,1200.0
123425.359,37025.359,140.0,90.30000000000001,22.67,16.07,171.0,33.300000000000004,151.6,28.91,33.24,38.25,90.5,14.950000000000001,100.0,100.0,254.0,2982.0,1.44,38.0,14.950000000000001,7.01,35.980000000000004,29.0,0.0,250.0,1200.0
123483.156,37083.156,140.0,90.9,22.7,16.0,171.5,33.35,152.9,28.79,33.09,38.2,92.0,14.950000000000001,99.5,99.2,252.0,2979.0,1.3,38.0,14.91,6.94,36.050000000000004,29.060000000000002,0.0,246.0,1200.0
123540.601,37140.601,140.0,91.2,22.69,16.05,171.0,33.15,153.0,28.78,33.13,38.25,91.0,15.0,100.0,100.0,256.5,2989.0,1.44,37.85,15.01,7.0200000000000005,36.03,28.98,0.0,253.0,1200.0
123605.244,37205.244,140.0,90.7,22.7,16.09,171.0,33.2,150.70000000000002,28.88,33.28,38.2,89.5,15.05,100.0,99.7,253.5,2983.0,1.32,38.0,15.05,7.01,35.95,29.080000000000002,0.0,254.5,1200.0
123662.091,37262.091,140.0,89.9,22.8,16.06,170.0,33.35,150.4,28.810000000000002,33.24,38.300000000000004,88.0,15.0,100.0,100.0,253.0,2986.0,1.31,37.800000000000004,15.08,7.0,35.97,28.94,2.0,255.5,1200.0
123727.99,37327.99,140.0,90.9,22.73,16.02,169.0,33.2,151.70000000000002,28.7,33.230000000000004,38.35,90.5,15.05,99.80000000000001,100.0,251.5,2987.0,1.4000000000000001,37.9,14.950000000000001,7.0,35.910000000000004,29.05,0.0,254.5,1200.0
123785.009,37385.009,140.0,90.7,22.68,15.950000000000001,170.5,33.300000000000004,151.4,28.830000000000002,33.19,38.400000000000006,90.5,14.950000000000001,99.9,99.7,257.0,2985.0,1.51,37.9,14.93,7.0200000000000005,35.93,28.97,0.0,256.0,1200.0
123841.56,37441.56,140.0,91.0,22.7,16.03,170.5,33.25,150.9,28.87,33.07,38.35,90.5,14.950000000000001,100.0,100.0,255.5,2991.0,1.56,38.050000000000004,15.02,7.03,36.04,29.060000000000002,0.0,251.0,1200.0
123905.998,37505.998,140.0,90.60000000000001,22.75,16.080000000000002,172.0,33.2,151.3,28.75,33.18,38.35,91.0,14.950000000000001,99.7,99.30000000000001,257.0,2987.0,1.31,38.0,14.97,6.97,36.0,28.92,1.0,250.0,1200.0
123963.183,37563.183,140.0,91.4,22.71,16.05,172.0,33.300000000000004,153.3,28.8,33.09,38.400000000000006,88.5,14.9,100.0,99.60000000000001,259.5,2989.0,1.41,37.95,15.040000000000001,6.98,36.06,28.97,2.0,255.0,1200.0
124020.474,37620.474,140.0,91.2,22.650000000000002,15.99,173.5,33.25,151.5,28.84,33.2,38.2,89.0,15.0,100.0,100.0,256.0,2993.0,1.37,38.0,15.02,6.98,36.12,28.990000000000002,0.0,255.0,1200.0
124085.237,37685.237,140.0,92.4,22.72,15.97,171.5,33.25,149.9,28.7,33.11,38.45,88.0,15.0,100.0,100.0,255.5,2993.0,1.29,37.800000000000004,15.05,7.05,35.96,28.91,2.0,256.5,1200.0
124141.628,37741.628,140.0,91.2,22.75,16.080000000000002,169.5,33.25,152.1,28.76,33.12,38.400000000000006,89.0,15.0,99.80000000000001,100.0,253.5,2991.0,1.36,38.1,15.06,7.03,36.07,28.96,0.0,253.5,1200.0
124206.693,37806.693,140.0,91.80000000000001,22.69,16.05,167.5,33.25,150.20000000000002,28.830000000000002,33.19,38.6,89.5,15.0,100.0,99.60000000000001,252.5,2991.0,1.42,37.85,14.98,6.97,36.050000000000004,28.93,0.0,252.0,1200.0
124263.833,37863.833,140.0,91.4,22.68,16.03,170.0,33.300000000000004,149.1,28.89,33.1,38.550000000000004,89.5,14.850000000000001,99.5,100.0,256.0,2990.0,1.47,37.95,15.040000000000001,6.95,35.97,29.12,1.0,255.0,1200.0
124320.65,37920.65,140.0,90.10000000000001,22.650000000000002,16.06,171.5,33.300000000000004,150.70000000000002,28.82,33.15,38.550000000000004,89.0,14.9,100.0,100.0,255.0,2994.0,1.37,37.95,15.030000000000001,6.94,35.95,28.94,0.0,255.0,1200.0
124384.764,37984.764,140.0,90.7,22.78,15.93,170.0,33.35,150.20000000000002,28.82,33.160000000000004,38.550000000000004,89.5,15.05,100.0,99.9,254.0,2996.0,1.36,38.15,15.01,6.99,35.980000000000004,29.11,1.0,257.5,1200.0
124441.324,38041.324,140.0,90.4,22.740000000000002,16.09,170.5,33.25,150.4,28.87,33.26,38.7,89.5,15.05,99.9,99.7,257.5,2995.0,1.49,38.0,15.06,6.94,35.980000000000004,29.02,0.0,253.5,1200.0
124506.722,38106.722,140.0,91.2,22.740000000000002,15.98,172.5,33.300000000000004,152.1,28.87,33.13,38.7,88.5,14.9,100.0,100.0,258.5,2992.0,1.49,38.050000000000004,15.01,7.0,36.0,28.97,1.0,254.5,1200.0
124563.478,38163.478,140.0,90.9,22.68,15.96,171.5,33.35,152.3,28.84,33.09,38.6,91.5,14.75,99.4,100.0,256.0,2996.0,1.31,38.050000000000004,15.05,6.98,35.94,29.0,1.0,254.5,1200.0
124627.601,38227.601,140.0,91.0,22.67,16.02,173.0,33.35,149.9,28.86,33.230000000000004,38.800000000000004,90.5,15.0,99.9,100.0,255.0,2995.0,1.3800000000000001,38.2,14.99,7.01,36.06,29.01,2.0,250.0,1200.0
124684.121,38284.121,140.0,90.2,22.69,16.03,170.0,33.45,152.0,28.86,33.19,38.75,90.5,14.850000000000001,99.60000000000001,100.0,263.0,2992.0,1.3900000000000001,38.2,15.030000000000001,6.98,36.03,28.98,0.0,259.0,1200.0
124740.972,38340.972,140.0,92.2,22.66,16.0,171.0,33.4,150.1,28.82,33.160000000000004,38.75,89.5,14.850000000000001,99.80000000000001,100.0,258.5,3002.0,1.43,37.95,14.96,7.01,36.0,29.04,0.0,252.5,1200.0
124806.099,38406.099,140.0,91.80000000000001,22.68,16.04,170.0,33.25,151.5,28.900000000000002,33.14,38.85,91.0,14.950000000000001,100.0,99.9,254.0,2995.0,1.3900000000000001,38.300000000000004,14.98,7.01,35.99,29.01,0.0,255.0,1200.0
124862.293,38462.293,140.0,92.30000000000001,22.69,16.0,170.0,33.4,150.4,28.87,33.18,38.900000000000006,90.0,14.8,100.0,100.0,261.0,2997.0,1.47,38.15,14.99,7.01,36.03,28.990000000000002,2.0,255.0,1200.0
124926.341,38526.341,140.0,90.30000000000001,22.67,15.99,171.0,33.4,151.1,28.84,33.19,38.900000000000006,89.5,14.9,100.0,100.0,255.5,2999.0,1.32,38.15,15.0,7.03,36.02,29.04,3.0,258.5,1200.0
124982.944,38582.944,140.0,90.4,22.72,16.06,172.5,33.4,150.3,28.84,33.08,38.85,89.5,14.9,100.0,99.9,257.0,3002.0,1.45,38.15,15.0,7.01,36.06,29.0,0.0,251.5,1200.0
125047.741,38647.741,140.0,90.9,22.650000000000002,16.03,171.0,33.300000000000004,151.20000000000002,28.88,33.24,38.85,89.0,15.0,99.9,100.0,257.0,2999.0,1.45,38.15,15.01,7.03,35.95,29.0,0.0,254.5,1200.0
125103.911,38703.911,140.0,91.5,22.66,16.05,170.0,33.4,151.4,28.88,33.12,39.0,91.0,14.9,100.0,100.0,256.0,3000.0,1.37,38.1,15.01,7.0200000000000005,36.04,29.11,1.0,257.5,1200.0
125160.021,38760.021,140.0,92.10000000000001,22.62,16.0,170.5,33.300000000000004,151.70000000000002,28.830000000000002,33.15,38.900000000000006,90.5,14.950000000000001,100.0,99.9,254.5,3001.0,1.44,38.2,15.0,6.99,35.97,28.96,0.0,256.0,1200.0
125224.531,38824.531,140.0,91.30000000000001,22.61,16.0,170.0,33.300000000000004,151.1,28.86,33.19,39.0,90.5,14.8,100.0,99.5,254.0,2998.0,1.46,38.15,14.96,7.01,35.93,29.07,4.0,253.5,1200.0
125281.082,38881.082,140.0,91.4,22.62,16.01,171.5,33.4,150.4,28.87,33.15,39.0,90.5,14.75,100.0,99.80000000000001,253.0,3003.0,1.34,38.15,14.950000000000001,6.96,35.94,29.03,0.0,252.5,1200.0
125345.328,38945.328,140.0,91.10000000000001,22.64,15.97,169.5,33.4,151.1,28.79,33.24,38.95,89.0,14.950000000000001,99.9,99.7,258.5,3001.0,1.46,38.25,14.98,6.96,35.97,28.98,0.0,255.0,1200.0
125401.447,39001.447,140.0,91.7,22.66,15.98,173.5,33.15,152.3,28.79,33.1,39.050000000000004,89.0,14.9,100.0,100.0,260.5,3002.0,1.44,38.2,14.99,6.98,35.99,29.01,2.0,257.5,1200.0
125466.479,39066.479,140.0,91.9,22.73,15.98,171.5,33.300000000000004,151.3,28.93,33.160000000000004,39.150000000000006,90.5,14.950000000000001,100.0,99.60000000000001,254.5,3004.0,1.53,38.15,14.94,7.0200000000000005,35.96,29.02,1.0,254.0,1200.0
125523.625,39123.625,140.0,91.2,22.650000000000002,16.01,172.5,33.25,152.5,28.82,33.17,39.1,89.5,14.8,100.0,99.4,259.5,2995.0,1.47,38.25,15.030000000000001,7.0600000000000005,36.04,29.05,0.0,251.0,1200.0
125580.636,39180.636,140.0,91.4,22.62,15.93,171.0,33.2,151.9,28.8,33.160000000000004,39.150000000000006,89.5,14.700000000000001,100.0,99.9,257.0,3001.0,1.5,38.1,15.030000000000001,6.98,36.01,29.03,0.0,254.5,1200.0
125645.149,39245.149,140.0,90.60000000000001,22.73,16.04,170.0,33.15,150.5,28.76,33.11,39.150000000000006,91.0,14.8,100.0,100.0,251.5,3005.0,1.3,38.15,15.030000000000001,7.0,36.06,29.07,0.0,256.5,1200.0
125701.838,39301.838,140.0,90.9,22.62,16.03,170.5,33.35,151.3,28.810000000000002,33.230000000000004,39.1,91.0,14.950000000000001,99.7,100.0,254.5,3001.0,1.32,38.25,15.030000000000001,7.01,36.06,28.95,0.0,254.0,1200.0
125767.339,39367.339,140.0,90.2,22.68,16.080000000000002,169.5,33.25,152.9,28.79,33.160000000000004,39.25,91.5,14.75,100.0,99.9,254.5,3001.0,1.27,38.1,14.950000000000001,7.03,36.04,29.03,1.0,257.5,1200.0
125824.443,39424.443,140.0,91.4,22.62,16.02,171.0,33.300000000000004,152.20000000000002,28.8,33.18,39.150000000000006,90.5,14.850000000000001,100.0,100.0,259.0,2999.0,1.35,38.1,15.08,6.96,36.0,29.01,0.0,260.0,1200.0
125881.191,39481.191,140.0,90.5,22.61,15.98,171.5,33.2,152.5,28.82,33.12,39.150000000000006,87.0,14.8,100.0,100.0,256.5,3000.0,1.44,38.25,14.98,7.04,35.97,29.060000000000002,0.0,258.0,1200.0
125945.512,39545.512,140.0,91.30000000000001,22.64,15.98,171.5,33.5,151.0,28.810000000000002,33.17,39.2,88.5,14.950000000000001,99.80000000000001,99.7,257.5,3006.0,1.48,38.050000000000004,15.0,6.96,36.050000000000004,29.02,2.0,257.0,1200.0
126002.468,39602.468,140.0,92.0,22.75,16.03,169.5,33.25,150.3,28.79,33.1,39.25,89.5,14.850000000000001,100.0,100.0,258.5,3006.0,1.42,38.1,14.96,6.99,36.0,28.98,2.0,256.0,1200.0
126067.396,39667.396,140.0,91.10000000000001,22.69,16.02,171.5,33.2,151.70000000000002,28.810000000000002,33.2,39.2,90.0,14.8,99.60000000000001,100.0,262.0,3006.0,1.42,38.35,14.97,6.97,35.99,28.95,0.0,257.0,1200.0
126123.312,39723.312,140.0,90.9,22.71,16.03,171.0,33.300000000000004,149.9,28.85,33.15,39.35,89.5,14.8,100.0,99.80000000000001,253.0,3011.0,1.43,38.300000000000004,15.02,7.03,36.0,28.990000000000002,0.0,256.5,1200.0
126186.856,39786.856,140.0,89.80000000000001,22.650000000000002,16.0,169.5,33.300000000000004,151.20000000000002,28.830000000000002,33.19,39.400000000000006,89.0,14.8,100.0,99.4,257.5,3004.0,1.3,38.300000000000004,15.05,6.97,36.0,28.98,0.0,257.5,1200.0
126243.149,39843.149,140.0,90.10000000000001,22.69,16.080000000000002,170.0,33.25,150.6,28.8,33.13,39.35,88.0,14.9,100.0,100.0,262.0,3007.0,1.59,38.25,14.99,6.99,35.99,28.97,3.0,260.5,1200.0
126307.706,39907.706,140.0,90.4,22.650000000000002,16.03,172.0,33.25,152.1,28.89,33.14,39.5,89.0,14.75,100.0,100.0,258.5,3009.0,1.56,38.2,14.98,6.95,35.86,28.97,0.0,257.5,1200.0
126363.556,39963.556,140.0,90.9,22.64,15.99,171.5,33.15,150.8,28.87,33.2,39.550000000000004,89.0,14.8,100.0,100.0,259.0,3007.0,1.41,38.25,15.040000000000001,6.94,36.03,29.04,1.0,258.0,1200.0
126427.197,40027.197,140.0,90.5,22.59,15.97,170.5,33.35,151.1,28.86,33.19,39.5,87.5,14.700000000000001,100.0,100.0,257.0,3011.0,1.3900000000000001,38.35,14.98,7.0600000000000005,36.04,29.0,0.0,259.5,1200.0
126483.372,40083.372,140.0,92.10000000000001,22.64,16.03,170.5,33.35,150.6,28.87,33.230000000000004,39.6,91.0,14.9,99.80000000000001,100.0,257.0,3013.0,1.44,38.25,15.040000000000001,6.96,36.02,28.93,0.0,260.5,1200.0
126547.661,40147.661,140.0,91.30000000000001,22.64,16.02,171.5,33.35,149.0,28.82,33.18,39.650000000000006,91.0,14.75,99.7,100.0,256.0,3012.0,1.24,38.35,14.98,7.04,35.95,28.95,0.0,254.0,1200.0
126603.464,40203.464,140.0,91.80000000000001,22.64,15.96,172.5,33.4,151.0,29.03,33.15,39.6,89.0,14.75,99.9,99.7,256.0,3013.0,1.53,38.25,15.040000000000001,7.0,35.94,29.03,1.0,258.0,1200.0
126667.836,40267.836,140.0,91.60000000000001,22.63,16.01,172.0,33.4,150.5,28.87,33.22,39.650000000000006,90.0,14.700000000000001,100.0,100.0,256.5,3011.0,1.51,38.2,15.05,6.95,36.06,29.03,0.0,255.0,1200.0
126724.644,40324.644,140.0,90.9,22.63,16.0,171.0,33.35,151.5,28.86,33.22,39.75,87.5,14.700000000000001,99.80000000000001,99.9,254.0,3011.0,1.32,38.300000000000004,14.97,7.05,35.97,29.01,0.0,255.0,1200.0
126781.512,40381.512,140.0,91.4,22.64,15.99,169.0,33.35,150.20000000000002,28.95,33.2,39.6,89.0,14.850000000000001,100.0,100.0,256.0,3013.0,1.54,38.300000000000004,14.91,6.92,36.0,28.98,0.0,261.0,1200.0
126845.99,40445.99,140.0,91.5,22.63,15.97,171.5,33.4,151.3,28.85,33.19,39.650000000000006,88.0,14.55,100.0,99.7,259.5,3009.0,1.31,38.300000000000004,15.0,6.95,36.0,29.09,0.0,256.5,1200.0
126902.239,40502.239,140.0,92.60000000000001,22.64,15.98,170.5,33.35,150.8,28.85,33.31,39.650000000000006,86.0,14.850000000000001,99.7,99.7,259.0,3015.0,1.41,38.300000000000004,14.96,6.96,35.94,29.05,2.0,256.5,1200.0
126967.015,40567.015,140.0,91.80000000000001,22.69,15.91,170.0,33.5,152.20000000000002,28.92,33.21,39.900000000000006,88.0,14.850000000000001,100.0,100.0,259.5,3019.0,1.4000000000000001,38.25,15.02,6.98,36.06,29.060000000000002,0.0,257.0,1200.0
127023.92,40623.92,140.0,91.4,22.68,15.98,170.5,33.2,151.6,28.86,33.27,39.800000000000004,91.0,14.8,99.60000000000001,100.0,256.0,3012.0,1.29,38.45,15.08,7.0600000000000005,35.96,29.01,1.0,262.5,1200.0
127080.597,40680.597,140.0,89.2,22.7,16.03,172.0,33.35,152.0,28.82,33.13,39.900000000000006,90.5,14.8,99.80000000000001,100.0,260.5,3024.0,1.41,38.45,15.0,6.99,35.97,28.92,0.0,262.5,1200.0
127144.567,40744.567,140.0,90.4,22.67,16.0,171.0,33.35,152.3,28.86,33.29,39.900000000000006,88.0,14.8,100.0,100.0,259.0,3016.0,1.46,38.400000000000006,15.02,7.05,36.04,29.060000000000002,0.0,255.5,1200.0
127200.892,40800.892,140.0,91.10000000000001,22.78,16.04,169.5,33.4,153.4,28.88,33.18,40.0,88.5,14.8,99.7,99.80000000000001,261.0,3023.0,1.35,38.45,14.97,7.0200000000000005,36.1,29.02,1.0,262.0,1200.0
127265.765,40865.765,140.0,91.2,22.73,16.03,171.5,33.4,151.70000000000002,28.76,33.12,39.95,89.0,14.75,100.0,100.0,260.5,3021.0,1.41,38.5,14.99,7.03,35.95,29.03,1.0,263.0,1200.0
127322.054,40922.054,140.0,91.5,22.75,16.01,169.5,33.45,151.5,28.900000000000002,33.26,40.0,88.5,14.700000000000001,100.0,100.0,260.5,3020.0,1.3900000000000001,38.300000000000004,15.01,6.99,36.04,28.900000000000002,3.0,255.5,1200.0
127385.596,40985.596,140.0,90.10000000000001,22.72,16.01,170.5,33.300000000000004,153.3,28.94,33.28,40.0,87.5,14.700000000000001,100.0,100.0,256.0,3023.0,1.19,38.45,15.06,6.97,36.1,29.02,0.0,257.5,1200.0
127441.607,41041.607,140.0,89.30000000000001,22.71,16.01,172.0,33.25,152.20000000000002,28.84,33.14,40.050000000000004,89.0,14.75,99.9,100.0,259.5,3020.0,1.46,38.45,15.02,7.03,36.09,28.95,0.0,255.5,1200.0
127506.354,41106.354,140.0,88.7,22.68,16.03,170.5,33.300000000000004,150.5,28.88,33.11,40.050000000000004,91.5,14.65,100.0,100.0,258.5,3029.0,1.3900000000000001,38.400000000000006,15.08,6.98,35.95,28.990000000000002,0.0,265.0,1200.0
127562.603,41162.603,140.0,90.60000000000001,22.73,15.950000000000001,171.0,33.300000000000004,150.20000000000002,28.92,33.27,39.95,90.5,14.700000000000001,100.0,100.0,261.5,3017.0,1.3800000000000001,38.35,15.02,7.05,35.96,28.98,1.0,258.0,1200.0
127626.182,41226.182,140.0,90.5,22.67,16.04,172.5,33.25,151.9,28.79,33.2,40.050000000000004,90.5,14.600000000000001,99.9,99.5,262.5,3026.0,1.46,38.550000000000004,15.05,7.04,35.910000000000004,29.02,2.0,259.0,1200.0
127682.181,41282.181,140.0,91.2,22.650000000000002,16.02,171.0,33.4,151.1,28.810000000000002,33.19,40.150000000000006,89.0,14.600000000000001,100.0,100.0,259.0,3024.0,1.51,38.6,15.07,6.96,35.910000000000004,28.96,1.0,258.0,1200.0
127746.848,41346.848,140.0,91.80000000000001,22.66,15.98,170.0,33.45,152.5,28.82,33.21,40.2,90.5,14.700000000000001,99.9,99.5,262.5,3020.0,1.45,38.300000000000004,15.040000000000001,6.98,35.97,28.94,0.0,260.0,1200.0
127803.075,41403.075,140.0,89.60000000000001,22.67,15.96,170.5,33.300000000000004,151.4,28.85,33.25,40.150000000000006,89.5,14.55,100.0,100.0,260.0,3027.0,1.35,38.35,14.98,6.96,36.09,28.94,1.0,256.5,1200.0
127866.806,41466.806,140.0,91.5,22.61,15.99,169.0,33.300000000000004,151.8,28.85,33.06,40.25,91.0,14.8,100.0,99.60000000000001,262.0,3026.0,1.18,38.35,14.97,7.0,36.0,28.96,3.0,255.5,1200.0
127922.898,41522.898,140.0,89.7,22.7,16.03,172.0,33.4,152.8,28.85,33.19,40.25,87.5,14.700000000000001,99.60000000000001,99.80000000000001,254.0,3022.0,1.31,38.5,15.030000000000001,6.98,35.96,28.98,1.0,257.5,1200.0
127987.615,41587.615,140.0,92.10000000000001,22.72,16.05,171.0,33.300000000000004,150.9,28.79,33.15,40.2,89.0,14.8,100.0,100.0,261.0,3021.0,1.49,38.35,15.02,6.96,36.03,28.93,0.0,258.0,1200.0
128043.91,41643.91,140.0,91.0,22.66,16.02,170.5,33.300000000000004,152.0,28.77,33.13,40.300000000000004,90.0,14.700000000000001,99.30000000000001,99.5,262.5,3023.0,1.49,38.45,15.01,7.05,35.97,28.97,1.0,255.5,1200.0
128107.613,41707.613,140.0,91.0,22.64,15.99,170.5,33.45,151.9,28.78,33.2,40.300000000000004,90.5,14.55,100.0,99.9,261.0,3030.0,1.49,38.45,15.01,6.95,36.04,29.05,1.0,254.5,1200.0
128163.641,41763.641,140.0,90.4,22.73,16.0,169.5,33.25,152.5,28.830000000000002,33.19,40.25,86.5,14.65,100.0,99.4,258.5,3027.0,1.41,38.550000000000004,14.98,7.0,35.95,29.11,0.0,261.0,1200.0
128228.278,41828.278,140.0,91.2,22.62,15.98,171.5,33.4,152.5,28.88,33.21,40.45,90.0,14.65,99.60000000000001,100.0,256.5,3029.0,1.43,38.7,15.030000000000001,6.99,36.0,29.0,1.0,259.5,1200.0
128284.531,41884.531,140.0,91.10000000000001,22.650000000000002,16.05,170.5,33.300000000000004,153.0,28.92,33.11,40.35,89.0,14.65,100.0,99.9,256.5,3025.0,1.45,38.45,15.01,7.0,36.01,29.07,0.0,261.5,1200.0
128340.47,41940.47,140.0,91.0,22.67,16.04,171.5,33.300000000000004,151.6,28.82,33.09,40.550000000000004,88.0,14.75,100.0,99.60000000000001,263.0,3028.0,1.36,38.550000000000004,15.0,7.01,36.02,28.990000000000002,4.0,263.0,1200.0
128404.133,42004.133,140.0,90.9,22.69,16.0,170.5,33.300000000000004,151.20000000000002,28.94,33.07,40.5,90.0,14.600000000000001,99.80000000000001,99.9,262.5,3027.0,1.49,38.5,15.06,7.03,36.03,28.95,0.0,261.5,1200.0
128460.344,42060.344,140.0,92.10000000000001,22.650000000000002,16.0,171.0,33.35,150.20000000000002,28.84,33.32,40.6,89.5,14.600000000000001,99.9,99.60000000000001,255.0,3032.0,1.35,38.5,15.06,7.09,36.01,28.990000000000002,0.0,256.5,1200.0
128524.834,42124.834,140.0,91.0,22.59,16.01,169.5,33.2,150.6,28.91,33.12,40.5,87.5,14.600000000000001,100.0,99.9,257.0,3029.0,1.36,38.6,14.97,6.99,35.93,28.93,0.0,261.0,1200.0
128580.722,42180.722,140.0,92.60000000000001,22.59,16.04,173.0,33.4,152.5,28.78,33.22,40.5,90.0,14.55,100.0,99.60000000000001,259.0,3032.0,1.48,38.6,15.02,6.99,35.94,28.94,0.0,263.0,1200.0
128644.328,42244.328,140.0,90.30000000000001,22.64,15.97,171.5,33.300000000000004,151.1,28.82,33.08,40.550000000000004,88.0,14.4,100.0,99.9,260.0,3038.0,1.4000000000000001,38.75,14.97,6.95,35.96,29.01,2.0,256.5,1200.0
128700.495,42300.495,140.0,91.5,22.67,16.07,173.5,33.4,150.4,28.84,33.29,40.650000000000006,90.5,14.55,99.60000000000001,100.0,262.0,3028.0,1.35,38.550000000000004,14.97,7.03,35.980000000000004,29.0,1.0,259.0,1200.0
128764.957,42364.957,140.0,90.7,22.61,16.0,172.0,33.300000000000004,151.3,28.82,33.18,40.650000000000006,88.0,14.65,100.0,100.0,260.0,3030.0,1.46,38.550000000000004,14.98,7.0200000000000005,36.02,29.03,2.0,263.0,1200.0
128820.846,42420.846,140.0,89.60000000000001,22.650000000000002,16.0,171.5,33.300000000000004,151.1,28.79,33.1,40.7,88.5,14.600000000000001,99.7,100.0,262.0,3031.0,1.51,38.650000000000006,14.91,7.08,36.08,29.0,0.0,261.5,1200.0
128884.444,42484.444,140.0,92.10000000000001,22.72,15.94,170.0,33.35,151.8,28.77,33.17,40.800000000000004,89.0,14.55,100.0,99.60000000000001,254.0,3032.0,1.43,38.550000000000004,15.01,7.03,36.0,28.96,0.0,261.0,1200.0
128940.583,42540.583,140.0,91.60000000000001,22.72,15.97,172.0,33.300000000000004,152.0,28.810000000000002,33.08,40.650000000000006,88.5,14.600000000000001,99.80000000000001,99.5,260.5,3030.0,1.41,38.550000000000004,14.94,7.05,36.0,28.900000000000002,0.0,262.5,1200.0
129005.027,42605.027,140.0,92.0,22.64,15.98,171.5,33.300000000000004,149.6,28.92,33.11,40.7,87.5,14.450000000000001,100.0,100.0,259.0,3031.0,1.42,38.550000000000004,15.02,6.95,35.99,29.01,0.0,260.0,1200.0
129060.96,42660.96,140.0,90.0,22.69,15.950000000000001,171.0,33.25,151.1,28.77,33.19,40.85,88.0,14.5,99.9,99.80000000000001,256.5,3034.0,1.26,38.6,15.06,7.01,36.03,28.93,0.0,261.0,1200.0
129124.595,42724.595,140.0,91.7,22.6,15.93,167.5,33.300000000000004,151.0,28.82,33.13,40.75,89.5,14.600000000000001,100.0,100.0,260.0,3027.0,1.46,38.550000000000004,14.98,7.0,36.04,29.04,1.0,259.0,1200.0
129180.732,42780.732,140.0,90.7,22.61,15.97,173.5,33.15,151.20000000000002,28.8,33.2,40.85,87.0,14.450000000000001,99.9,100.0,258.0,3034.0,1.33,38.6,14.99,7.07,35.99,29.01,0.0,264.0,1200.0
129245.183,42845.183,140.0,90.0,22.62,15.98,171.5,33.300000000000004,152.5,28.79,33.11,40.85,88.0,14.450000000000001,100.0,99.80000000000001,255.0,3033.0,1.6,38.650000000000006,14.91,7.0200000000000005,35.99,28.98,0.0,261.5,1200.0
129301.093,42901.093,140.0,92.7,22.650000000000002,15.950000000000001,171.0,33.4,150.0,28.78,33.1,41.0,88.5,14.55,100.0,100.0,258.0,3041.0,1.31,38.550000000000004,15.05,7.04,36.0,29.01,1.0,258.5,1200.0
129364.663,42964.663,140.0,92.0,22.64,16.04,169.5,33.4,152.0,28.76,33.18,41.1,90.0,14.600000000000001,99.80000000000001,99.9,260.0,3038.0,1.41,38.6,15.02,6.96,36.09,28.94,3.0,259.0,1200.0
129420.736,43020.736,140.0,90.0,22.62,15.98,171.0,33.300000000000004,150.6,28.830000000000002,33.1,41.0,88.5,14.600000000000001,99.80000000000001,100.0,257.5,3036.0,1.42,38.7,15.01,7.0,36.0,29.0,1.0,263.0,1200.0
129485.138,43085.138,140.0,91.5,22.69,16.03,169.5,33.35,151.9,28.85,33.13,40.95,86.5,14.55,100.0,100.0,261.5,3037.0,1.45,38.650000000000006,15.01,6.95,35.95,29.03,0.0,261.5,1200.0
129541.01,43141.01,140.0,90.9,22.72,16.01,171.0,33.35,152.4,28.91,33.19,41.0,87.0,14.5,100.0,100.0,260.5,3048.0,1.36,38.6,15.01,7.0,36.04,29.04,0.0,260.5,1200.0
129604.506,43204.506,140.0,91.2,22.66,16.05,169.0,33.35,151.5,28.85,33.17,41.050000000000004,89.0,14.55,99.5,99.5,262.5,3041.0,1.33,38.650000000000006,15.02,6.98,35.95,29.03,1.0,259.5,1200.0
129660.603,43260.603,140.0,90.9,22.650000000000002,16.01,169.5,33.35,150.3,28.78,33.13,41.150000000000006,88.5,14.65,100.0,99.9,261.0,3040.0,1.43,38.75,14.99,6.96,36.02,29.03,0.0,265.5,1200.0
129725.126,43325.126,140.0,89.10000000000001,22.63,16.01,170.0,33.2,153.3,28.66,33.160000000000004,41.2,89.0,14.4,99.80000000000001,99.9,264.5,3044.0,1.41,38.650000000000006,15.01,6.96,36.07,28.94,3.0,260.0,1200.0
129781.106,43381.106,140.0,92.2,22.59,16.06,169.5,33.25,150.5,28.79,33.11,41.1,86.5,14.450000000000001,99.9,99.30000000000001,263.5,3038.0,1.47,38.650000000000006,15.01,7.04,36.03,28.96,2.0,264.0,1200.0
129844.628,43444.628,140.0,90.0,22.68,16.04,170.5,33.2,151.70000000000002,28.8,33.07,41.300000000000004,87.0,14.5,100.0,99.60000000000001,258.5,3042.0,1.48,38.75,14.98,6.95,36.03,29.05,1.0,261.5,1200.0
129900.678,43500.678,140.0,90.9,22.67,16.03,172.0,33.15,152.5,28.79,33.1,41.2,86.5,14.55,100.0,99.7,263.5,3038.0,1.41,38.85,14.94,6.95,35.980000000000004,28.96,0.0,261.0,1200.0
129965.232,43565.232,140.0,90.60000000000001,22.64,16.04,171.0,33.2,151.6,28.78,33.13,41.300000000000004,90.5,14.5,100.0,100.0,259.5,3035.0,1.48,38.650000000000006,15.030000000000001,7.0,35.97,28.95,1.0,259.5,1200.0
130021.231,43621.231,140.0,90.4,22.69,16.07,172.5,33.2,152.6,28.79,33.1,41.25,87.5,14.5,99.5,100.0,262.0,3046.0,1.52,38.800000000000004,15.030000000000001,7.0600000000000005,36.02,29.05,1.0,260.5,1200.0
130084.694,43684.694,140.0,92.60000000000001,22.71,15.96,171.0,33.15,151.70000000000002,28.77,33.09,41.25,88.5,14.700000000000001,99.9,100.0,255.5,3040.0,1.32,38.75,14.98,6.99,35.96,28.94,1.0,264.5,1200.0
130140.696,43740.696,140.0,91.9,22.6,16.03,169.5,33.2,149.20000000000002,28.72,33.1,41.300000000000004,86.0,14.350000000000001,100.0,100.0,265.0,3048.0,1.43,38.650000000000006,15.0,7.0,36.07,28.900000000000002,0.0,255.0,1200.0
130205.278,43805.278,140.0,91.7,22.6,16.01,171.5,33.2,151.1,28.68,33.09,41.400000000000006,87.0,14.5,99.4,100.0,253.5,3042.0,1.42,38.7,15.0,7.0,35.9,29.02,0.0,259.5,1200.0
130261.155,43861.155,140.0,90.10000000000001,22.77,15.94,168.0,33.2,152.0,28.77,33.1,41.400000000000006,88.5,14.4,100.0,100.0,265.0,3046.0,1.4000000000000001,38.650000000000006,15.05,7.04,35.980000000000004,28.93,2.0,260.0,1200.0
130324.371,43924.371,140.0,91.0,22.68,16.05,172.0,33.15,151.0,28.87,33.15,41.35,86.5,14.350000000000001,100.0,100.0,262.0,3051.0,1.43,38.800000000000004,14.98,6.95,36.0,29.09,0.0,260.5,1200.0
130380.151,43980.151,140.0,91.30000000000001,22.7,16.04,168.5,33.1,151.5,28.7,33.08,41.5,86.5,14.350000000000001,100.0,99.60000000000001,256.5,3054.0,1.48,38.800000000000004,15.0,6.96,36.12,28.94,0.0,257.5,1200.0
130444.512,44044.512,140.0,89.80000000000001,22.71,15.97,173.0,33.35,150.8,28.67,33.15,41.45,89.0,14.450000000000001,100.0,100.0,264.0,3045.0,1.17,38.800000000000004,15.030000000000001,6.94,36.11,28.990000000000002,0.0,261.5,1200.0
130500.33,44100.33,140.0,91.60000000000001,22.68,16.02,169.5,33.35,150.20000000000002,28.76,33.12,41.6,89.0,14.4,99.80000000000001,99.80000000000001,260.0,3045.0,1.3900000000000001,38.800000000000004,15.02,6.92,36.03,28.98,0.0,267.5,1200.0
130563.471,44163.471,140.0,91.30000000000001,22.72,15.99,172.0,33.25,149.4,28.7,33.08,41.550000000000004,88.0,14.3,100.0,100.0,262.5,3055.0,1.41,38.650000000000006,15.07,6.97,36.03,28.900000000000002,0.0,260.5,1200.0
130627.36,44227.36,140.0,90.0,22.69,16.02,170.5,33.300000000000004,152.0,28.75,33.15,41.5,87.5,14.5,100.0,100.0,264.0,3056.0,1.3800000000000001,38.85,15.030000000000001,6.98,35.94,29.0,1.0,261.5,1200.0
130683.38,44283.38,140.0,91.4,22.69,15.98,170.0,33.300000000000004,151.3,28.740000000000002,33.160000000000004,41.6,86.5,14.350000000000001,99.7,100.0,265.0,3051.0,1.35,38.75,15.05,7.0,36.06,29.1,1.0,263.5,1200.0
130746.832,44346.832,140.0,92.0,22.73,16.03,171.5,33.2,151.4,28.84,33.08,41.650000000000006,85.0,14.3,99.80000000000001,100.0,259.5,3059.0,1.47,38.95,14.99,7.01,35.93,29.07,0.0,264.0,1200.0
130802.185,44402.185,140.0,89.5,22.71,16.03,170.0,33.300000000000004,151.0,28.75,33.17,41.550000000000004,86.0,14.350000000000001,100.0,100.0,266.5,3054.0,1.45,38.800000000000004,14.99,6.95,35.89,28.98,0.0,263.0,1200.0
130865.712,44465.712,140.0,93.4,22.71,15.98,171.5,33.2,151.70000000000002,28.77,33.08,41.75,87.5,14.25,99.80000000000001,99.9,266.0,3062.0,1.4000000000000001,38.6,15.030000000000001,6.98,36.050000000000004,29.01,1.0,264.0,1200.0
130921.373,44521.373,140.0,91.2,22.68,15.99,172.5,33.25,149.70000000000002,28.87,33.08,41.85,91.0,14.4,99.80000000000001,100.0,263.5,3057.0,1.6400000000000001,38.900000000000006,15.02,7.07,35.99,29.07,2.0,261.5,1200.0
130984.481,44584.481,140.0,92.0,22.7,15.97,171.5,33.25,153.0,28.85,33.07,41.650000000000006,88.5,14.450000000000001,99.80000000000001,100.0,265.5,3061.0,1.42,38.800000000000004,15.05,7.03,35.910000000000004,28.98,1.0,262.0,1200.0
131047.454,44647.454,140.0,91.7,22.69,15.950000000000001,171.5,33.300000000000004,151.5,28.76,33.19,41.85,87.5,14.350000000000001,100.0,100.0,268.5,3057.0,1.41,38.95,15.02,6.96,36.01,28.990000000000002,1.0,265.5,1200.0
131102.963,44702.963,140.0,92.5,22.68,15.98,171.5,33.35,151.3,28.73,33.19,42.050000000000004,87.0,14.350000000000001,99.60000000000001,99.7,266.5,3064.0,1.22,38.85,15.06,7.04,35.99,29.04,0.0,261.0,1200.0
131166.393,44766.393,140.0,90.80000000000001,22.64,16.03,169.0,33.2,150.0,28.84,33.2,42.1,88.0,14.200000000000001,100.0,100.0,264.5,3066.0,1.6600000000000001,39.0,14.99,6.97,36.07,29.03,0.0,262.0,1200.0
131221.471,44821.471,140.0,92.2,22.64,16.01,170.5,33.25,149.5,28.830000000000002,33.18,42.0,87.0,14.350000000000001,100.0,100.0,265.0,3064.0,1.22,38.900000000000006,14.99,6.98,36.04,29.03,3.0,268.0,1200.0
131284.37,44884.37,140.0,92.10000000000001,22.79,16.01,173.5,33.45,152.3,28.89,33.26,42.0,85.0,14.350000000000001,100.0,100.0,267.0,3065.0,1.41,39.050000000000004,14.950000000000001,7.05,35.95,29.05,0.0,264.5,1200.0
131347.798,44947.798,140.0,90.2,22.76,16.06,171.5,33.45,150.6,28.92,33.2,42.150000000000006,87.0,14.350000000000001,100.0,99.7,269.5,3070.0,1.37,38.900000000000006,15.02,6.99,36.02,29.03,0.0,264.5,1200.0
131402.986,45002.986,140.0,90.5,22.69,15.96,172.0,33.5,150.6,28.91,33.19,42.1,87.0,14.450000000000001,99.60000000000001,99.9,268.5,3067.0,1.26,38.95,15.07,7.01,35.93,29.03,0.0,264.0,1200.0
131466.059,45066.059,140.0,91.80000000000001,22.67,15.97,171.5,33.300000000000004,151.8,28.78,33.27,42.150000000000006,87.0,14.4,99.9,99.60000000000001,258.5,3071.0,1.47,39.050000000000004,15.0,7.0,36.07,28.94,2.0,264.0,1200.0
131521.547,45121.547,140.0,92.5,22.68,16.080000000000002,171.5,33.45,151.4,28.78,33.3,42.050000000000004,87.5,14.350000000000001,100.0,100.0,265.0,3066.0,1.42,38.900000000000006,15.07,6.94,36.04,29.1,2.0,270.0,1200.0
131585.292,45185.292,140.0,90.4,22.71,16.03,172.0,33.45,152.8,28.830000000000002,33.22,42.1,88.5,14.25,100.0,100.0,262.0,3072.0,1.25,39.1,15.02,6.99,35.99,29.0,0.0,267.0,1200.0
131640.754,45240.754,140.0,90.5,22.8,16.080000000000002,171.0,33.35,151.0,28.79,33.2,42.150000000000006,87.5,14.25,100.0,99.80000000000001,266.0,3067.0,1.48,39.150000000000006,14.98,7.01,35.980000000000004,28.990000000000002,1.0,265.5,1200.0
131703.778,45303.778,140.0,90.4,22.72,15.98,169.5,33.45,151.9,28.900000000000002,33.15,42.300000000000004,88.0,14.3,100.0,100.0,266.5,3072.0,1.6500000000000001,39.2,14.96,6.98,35.980000000000004,28.96,0.0,265.5,1200.0
131767.324,45367.324,140.0,90.4,22.740000000000002,16.05,169.0,33.2,151.0,28.76,33.24,42.2,88.5,14.25,99.80000000000001,100.0,267.5,3069.0,1.47,38.95,15.0,7.0200000000000005,35.95,29.03,0.0,268.0,1200.0
131822.966,45422.966,140.0,90.7,22.73,16.03,171.0,33.25,154.20000000000002,28.87,33.22,42.300000000000004,86.5,14.200000000000001,99.7,100.0,268.5,3075.0,1.43,39.050000000000004,14.98,7.03,36.01,28.95,2.0,268.0,1200.0
131886.175,45486.175,140.0,91.0,22.71,16.0,171.0,33.300000000000004,150.8,28.89,33.14,42.300000000000004,89.5,14.5,99.60000000000001,99.7,268.5,3074.0,1.49,39.150000000000006,14.99,7.03,36.07,28.990000000000002,0.0,264.0,1200.0
131941.411,45541.411,140.0,90.80000000000001,22.75,16.080000000000002,171.5,33.2,151.6,28.740000000000002,33.15,42.35,89.0,14.25,100.0,100.0,262.0,3073.0,1.33,39.150000000000006,14.96,7.08,36.06,29.09,0.0,267.5,1200.0
132004.897,45604.897,140.0,89.7,22.7,16.07,170.5,33.4,152.70000000000002,28.79,33.17,42.300000000000004,88.0,14.4,99.80000000000001,99.5,267.5,3071.0,1.5,39.1,14.99,6.97,36.0,28.92,0.0,267.0,1200.0
132060.253,45660.253,140.0,90.4,22.64,15.950000000000001,172.0,33.300000000000004,151.9,28.810000000000002,33.11,42.5,89.5,14.3,100.0,100.0,271.5,3076.0,1.51,39.1,15.02,6.99,35.97,29.0,0.0,267.5,1200.0
132123.047,45723.047,140.0,90.4,22.75,15.99,171.5,33.4,151.8,28.87,33.02,42.5,85.5,14.3,100.0,99.7,272.0,3077.0,1.47,39.1,15.0,7.0200000000000005,36.06,29.02,0.0,272.0,1200.0
132185.804,45785.804,140.0,91.30000000000001,22.68,16.05,170.0,33.300000000000004,152.0,28.93,33.17,42.7,88.0,14.25,100.0,100.0,266.0,3073.0,1.53,39.1,14.93,7.09,36.01,29.060000000000002,0.0,265.0,1200.0
132241.076,45841.076,140.0,90.80000000000001,22.63,16.04,171.5,33.45,150.8,28.830000000000002,33.160000000000004,42.400000000000006,88.5,14.450000000000001,99.80000000000001,100.0,270.5,3079.0,1.41,39.2,15.030000000000001,7.0,36.04,28.96,0.0,265.5,1200.0
132304.203,45904.203,140.0,91.2,22.59,16.04,171.5,33.2,150.8,28.82,33.160000000000004,42.6,88.0,14.25,99.80000000000001,100.0,268.5,3076.0,1.3800000000000001,39.150000000000006,14.950000000000001,6.96,36.01,29.0,2.0,270.5,1200.0
132366.773,45966.773,140.0,91.5,22.72,16.04,170.5,33.35,151.4,28.76,33.07,42.5,87.5,14.3,100.0,100.0,265.5,3078.0,1.3900000000000001,39.25,14.97,7.05,36.050000000000004,29.02,0.0,267.0,1200.0
132421.811,46021.811,140.0,91.7,22.7,15.9,171.5,33.300000000000004,151.3,28.87,33.15,42.5,88.5,14.15,99.80000000000001,99.9,266.0,3074.0,1.31,39.050000000000004,14.950000000000001,6.96,36.03,29.060000000000002,0.0,264.0,1200.0
132485.019,46085.019,140.0,90.0,22.71,15.97,169.5,33.2,151.4,28.84,33.21,42.7,87.0,14.25,100.0,100.0,265.0,3077.0,1.48,39.0,15.05,7.08,36.07,29.02,0.0,264.5,1200.0
132540.032,46140.032,140.0,92.30000000000001,22.68,16.05,168.5,33.4,151.6,28.8,33.17,42.800000000000004,85.5,14.15,100.0,99.60000000000001,268.5,3076.0,1.3900000000000001,39.050000000000004,14.99,6.93,36.07,28.95,2.0,265.0,1200.0
132602.599,46202.599,140.0,91.10000000000001,22.7,16.0,169.5,33.300000000000004,150.1,28.84,33.21,42.650000000000006,90.0,14.3,99.60000000000001,100.0,266.5,3071.0,1.3800000000000001,39.050000000000004,15.01,7.01,36.0,29.02,0.0,266.0,1200.0
132666.234,46266.234,140.0,90.30000000000001,22.62,15.98,172.0,33.2,150.3,28.77,33.14,42.6,88.5,14.200000000000001,99.7,99.4,261.0,3074.0,1.36,39.150000000000006,15.05,7.04,36.02,28.92,3.0,264.0,1200.0
132722.098,46322.098,140.0,90.10000000000001,22.67,15.96,169.5,33.15,151.6,28.82,33.13,42.7,87.0,14.350000000000001,99.2,100.0,266.0,3080.0,1.46,39.25,15.0,6.98,35.95,28.98,0.0,258.5,1200.0
132785.593,46385.593,140.0,89.9,22.73,15.98,169.5,33.300000000000004,150.3,28.75,33.18,42.85,87.5,14.3,100.0,99.7,269.5,3076.0,1.3900000000000001,39.150000000000006,14.98,7.03,35.97,28.95,3.0,264.0,1200.0
132840.897,46440.897,140.0,91.9,22.71,16.02,169.5,33.2,152.6,28.650000000000002,33.12,42.650000000000006,88.5,14.15,100.0,100.0,265.0,3083.0,1.44,39.2,15.0,7.04,35.980000000000004,29.05,0.0,266.0,1200.0
132904.425,46504.425,140.0,91.80000000000001,22.69,16.05,170.5,33.300000000000004,150.4,28.77,33.1,42.800000000000004,87.5,13.950000000000001,99.60000000000001,100.0,264.5,3078.0,1.6500000000000001,39.1,15.02,6.92,36.04,28.96,0.0,268.0,1200.0
132960.385,46560.385,140.0,90.2,22.71,15.97,171.5,33.35,151.8,28.740000000000002,33.18,42.800000000000004,87.5,14.100000000000001,100.0,99.9,268.0,3081.0,1.58,39.2,15.01,7.0,36.03,28.95,0.0,265.5,1200.0
133024.046,46624.046,140.0,90.10000000000001,22.75,16.03,171.5,33.15,151.9,28.75,33.11,42.85,87.5,14.25,99.9,100.0,267.5,3084.0,1.32,39.1,14.94,7.01,36.09,29.05,0.0,261.0,1200.0
133086.866,46686.866,140.0,91.4,22.69,16.0,172.0,33.1,151.1,28.810000000000002,33.08,42.85,86.0,14.200000000000001,99.80000000000001,100.0,265.0,3076.0,1.43,39.2,15.040000000000001,6.93,35.96,28.94,0.0,271.5,1200.0
133142.513,46742.513,140.0,90.60000000000001,22.740000000000002,16.02,169.0,33.35,151.6,28.66,33.14,42.95,86.0,14.200000000000001,99.80000000000001,100.0,268.5,3079.0,1.41,39.45,14.99,6.98,35.99,29.03,0.0,266.0,1200.0
133206.892,46806.892,140.0,92.4,22.67,16.06,171.5,33.35,153.5,28.78,33.11,42.95,87.5,14.05,99.80000000000001,100.0,267.5,3083.0,1.37,39.1,15.02,7.08,36.02,29.0,0.0,269.5,1200.0
133262.012,46862.012,140.0,91.30000000000001,22.81,16.09,171.0,33.300000000000004,150.5,28.69,33.09,43.050000000000004,87.5,13.9,100.0,99.9,269.5,3080.0,1.23,39.400000000000006,14.97,6.99,35.96,29.01,0.0,268.0,1200.0
133324.077,46924.077,140.0,89.4,22.71,16.02,169.0,33.2,152.0,28.76,33.1,43.050000000000004,88.0,14.0,99.60000000000001,100.0,272.0,3090.0,1.25,39.150000000000006,15.0,7.0,36.0,29.12,0.0,264.0,1200.0
133387.57,46987.57,140.0,90.9,22.81,16.080000000000002,169.0,33.1,151.8,28.72,33.02,43.1,86.5,14.05,99.7,99.7,267.5,3087.0,1.43,39.35,15.06,7.03,35.980000000000004,29.05,0.0,273.0,1200.0
133443.18,47043.18,140.0,92.0,22.76,16.02,172.0,33.15,153.20000000000002,28.72,33.03,42.900000000000006,87.5,14.0,100.0,100.0,266.5,3087.0,1.35,39.25,14.92,6.99,36.02,29.03,0.0,267.0,1200.0
133505.755,47105.755,140.0,91.60000000000001,22.75,16.04,170.0,33.25,151.20000000000002,28.740000000000002,33.1,43.150000000000006,87.0,13.950000000000001,100.0,100.0,267.5,3091.0,1.46,39.2,14.870000000000001,7.07,36.03,28.94,2.0,270.0,1200.0
133560.421,47160.421,140.0,90.10000000000001,22.68,15.96,171.0,33.25,150.0,28.72,33.1,43.1,85.0,14.0,100.0,99.80000000000001,264.0,3086.0,1.57,39.25,14.96,6.99,36.02,28.990000000000002,0.0,266.5,1200.0
133623.78,47223.78,140.0,90.2,22.740000000000002,16.07,169.5,33.15,152.1,28.73,33.02,43.1,87.5,13.8,99.9,99.9,263.0,3087.0,1.32,39.25,15.0,7.0,36.050000000000004,28.91,0.0,272.0,1200.0
133687.321,47287.321,140.0,90.2,22.68,16.04,171.0,33.0,150.8,28.67,33.01,43.150000000000006,88.0,13.950000000000001,99.5,100.0,267.5,3082.0,1.52,39.25,15.0,7.05,35.95,28.97,1.0,265.5,1200.0
133742.057,47342.057,140.0,91.10000000000001,22.740000000000002,16.0,169.5,33.2,150.5,28.64,33.04,43.150000000000006,88.0,14.05,99.7,100.0,267.5,3088.0,1.34,39.300000000000004,15.07,6.97,36.04,29.0,0.0,261.5,1200.0
133804.503,47404.503,140.0,91.2,22.7,16.0,169.0,33.050000000000004,152.3,28.71,33.09,43.300000000000004,87.0,14.0,100.0,99.80000000000001,268.0,3087.0,1.27,39.25,15.07,6.98,36.04,29.02,0.0,264.5,1200.0
133868.109,47468.109,140.0,90.9,22.72,16.04,169.5,33.050000000000004,151.6,28.67,33.05,43.2,86.5,13.950000000000001,100.0,99.9,270.5,3090.0,1.54,39.400000000000006,15.030000000000001,6.99,36.050000000000004,29.0,1.0,267.5,1200.0
133923.084,47523.084,140.0,92.4,22.71,15.98,169.5,33.2,150.9,28.66,33.08,43.2,87.5,13.9,100.0,100.0,265.0,3086.0,1.5,39.300000000000004,15.01,6.94,35.94,29.05,2.0,269.0,1200.0
133985.096,47585.096,140.0,90.30000000000001,22.72,15.99,170.0,33.050000000000004,151.3,28.7,32.980000000000004,43.300000000000004,84.0,13.9,100.0,99.5,263.0,3079.0,1.49,39.35,14.92,6.98,36.0,28.96,0.0,264.0,1200.0
134048.076,47648.076,140.0,90.30000000000001,22.650000000000002,15.99,170.5,33.050000000000004,152.5,28.7,33.03,43.35,87.5,14.100000000000001,100.0,100.0,262.5,3086.0,1.37,39.35,15.0,7.01,36.01,28.92,0.0,268.0,1200.0
134103.308,47703.308,140.0,90.80000000000001,22.740000000000002,16.02,168.0,33.15,151.5,28.69,33.02,43.5,85.5,13.950000000000001,100.0,100.0,268.5,3089.0,1.31,39.300000000000004,15.040000000000001,7.0,36.02,28.92,0.0,268.5,1200.0
134165.748,47765.748,140.0,90.9,22.7,16.0,169.5,33.2,151.5,28.64,33.04,43.5,88.0,14.05,100.0,100.0,268.5,3087.0,1.52,39.300000000000004,15.040000000000001,6.98,35.980000000000004,29.03,0.0,264.5,1200.0
134220.238,47820.238,140.0,91.2,22.66,16.03,171.5,33.050000000000004,151.4,28.61,32.96,43.5,86.5,13.950000000000001,99.80000000000001,99.4,266.5,3089.0,1.36,39.35,15.01,7.0200000000000005,36.01,28.97,0.0,265.5,1200.0
134283.073,47883.073,140.0,92.4,22.68,16.01,170.0,33.25,149.4,28.67,33.08,43.5,87.0,13.9,100.0,100.0,262.5,3085.0,1.26,39.300000000000004,15.0,6.98,36.07,29.07,0.0,264.0,1200.0
134346.042,47946.042,140.0,89.5,22.67,16.02,170.0,33.15,150.20000000000002,28.63,33.01,43.650000000000006,86.0,14.0,99.7,100.0,259.5,3092.0,1.3,39.25,14.99,7.01,36.06,29.060000000000002,0.0,269.5,1200.0
134400.548,48000.548,140.0,90.5,22.68,15.98,169.0,33.2,151.9,28.68,33.0,43.6,86.0,13.9,99.60000000000001,99.60000000000001,268.5,3090.0,1.43,39.300000000000004,14.91,6.98,36.07,29.03,3.0,267.5,1200.0
134462.808,48062.808,140.0,91.4,22.63,16.0,172.0,33.2,151.0,28.7,33.08,43.75,88.5,13.850000000000001,99.9,100.0,269.0,3091.0,1.34,39.35,14.99,7.0,36.02,28.98,0.0,269.0,1200.0
134525.918,48125.918,140.0,91.10000000000001,22.71,16.1,171.0,33.2,151.6,28.66,33.02,43.800000000000004,86.5,13.950000000000001,99.9,99.80000000000001,267.5,3094.0,1.29,39.550000000000004,14.96,6.98,36.06,29.01,0.0,264.0,1200.0
134580.727,48180.727,140.0,88.80000000000001,22.580000000000002,15.950000000000001,169.5,33.0,151.1,28.69,32.96,43.75,86.0,13.8,100.0,99.9,269.5,3094.0,1.37,39.25,14.98,7.01,36.03,28.96,1.0,264.0,1200.0
134642.822,48242.822,140.0,90.60000000000001,22.61,16.07,170.5,33.1,151.6,28.7,33.13,43.800000000000004,85.5,13.950000000000001,100.0,100.0,265.5,3098.0,1.5,39.300000000000004,14.94,6.93,36.0,28.96,1.0,265.5,1200.0
134705.53,48305.53,140.0,90.80000000000001,22.62,15.94,169.5,33.2,150.9,28.73,32.89,43.800000000000004,86.5,13.950000000000001,100.0,100.0,266.0,3093.0,1.34,39.35,15.01,7.04,36.02,29.04,0.0,265.0,1200.0
134760.516,48360.516,140.0,89.80000000000001,22.66,16.0,168.0,33.1,152.9,28.71,33.04,43.75,85.5,13.850000000000001,100.0,100.0,269.0,3090.0,1.34,39.35,15.01,7.07,35.980000000000004,29.03,0.0,268.0,1200.0
134822.93,48422.93,140.0,90.7,22.63,15.93,172.5,32.95,150.1,28.64,33.07,43.800000000000004,86.5,13.950000000000001,100.0,100.0,264.0,3089.0,1.27,39.2,15.02,7.12,36.03,29.0,3.0,269.5,1200.0
134885.182,48485.182,140.0,91.60000000000001,22.67,15.97,173.0,33.0,151.5,28.6,32.980000000000004,43.85,85.5,14.0,100.0,100.0,263.5,3094.0,1.46,39.35,14.98,7.07,35.96,29.01,0.0,263.5,1200.0
134940.072,48540.072,140.0,91.7,22.64,16.0,170.0,33.050000000000004,151.0,28.650000000000002,32.99,44.0,86.5,13.9,99.9,100.0,269.0,3096.0,1.26,39.6,15.030000000000001,7.0200000000000005,36.07,29.03,0.0,270.0,1200.0
135002.871,48602.871,140.0,91.4,22.56,15.94,169.0,33.300000000000004,152.20000000000002,28.61,33.02,44.1,85.0,13.950000000000001,100.0,100.0,265.0,3100.0,1.53,39.25,14.96,6.98,36.09,29.04,0.0,268.5,1200.0
135064.874,48664.874,140.0,91.30000000000001,22.67,15.99,171.0,33.2,151.6,28.78,32.96,44.050000000000004,86.0,13.8,100.0,100.0,264.0,3098.0,1.47,39.300000000000004,15.02,6.99,35.96,28.95,0.0,262.0,1200.0
135127.257,48727.257,140.0,91.5,22.6,15.99,169.0,33.15,151.9,28.77,33.08,44.1,86.0,13.8,99.9,100.0,267.5,3098.0,1.37,39.35,15.030000000000001,7.0,36.02,28.94,0.0,265.5,1200.0
135181.927,48781.927,140.0,89.9,22.68,15.99,172.0,33.300000000000004,151.5,28.77,33.08,44.150000000000006,87.5,13.850000000000001,100.0,100.0,262.5,3101.0,1.29,39.300000000000004,14.98,6.98,36.0,29.0,1.0,266.5,1200.0
135244.075,48844.075,140.0,92.30000000000001,22.71,16.02,171.0,33.2,151.70000000000002,28.72,33.04,44.2,86.0,13.9,100.0,99.7,270.5,3097.0,1.45,39.35,15.02,7.0,36.0,28.98,0.0,266.5,1200.0
135306.01,48906.01,140.0,91.7,22.69,16.02,169.5,33.300000000000004,152.4,28.740000000000002,33.13,44.1,86.0,13.8,99.80000000000001,100.0,265.5,3099.0,1.45,39.45,15.07,7.0200000000000005,35.96,29.01,0.0,267.5,1200.0
135360.458,48960.458,140.0,90.80000000000001,22.7,16.080000000000002,172.5,33.15,150.4,28.7,33.160000000000004,44.2,87.0,13.850000000000001,100.0,100.0,271.0,3105.0,1.3,39.300000000000004,14.98,7.0200000000000005,35.980000000000004,29.0,0.0,267.0,1200.0
135422.695,49022.695,140.0,89.80000000000001,22.6,16.04,172.0,33.2,151.9,28.810000000000002,33.29,44.150000000000006,88.0,13.850000000000001,100.0,99.5,268.5,3108.0,1.31,39.550000000000004,15.06,6.96,35.99,29.060000000000002,1.0,274.0,1200.0
135484.426,49084.426,140.0,92.4,22.72,16.04,171.5,33.300000000000004,150.8,28.78,33.15,44.25,87.5,13.8,99.80000000000001,100.0,271.0,3106.0,1.3900000000000001,39.5,15.07,6.99,35.96,28.990000000000002,0.0,262.5,1200.0
135546.393,49146.393,140.0,90.5,22.69,15.98,173.0,33.4,151.70000000000002,28.82,33.17,44.35,86.0,13.65,100.0,100.0,269.0,3110.0,1.4000000000000001,39.650000000000006,15.01,7.0200000000000005,36.08,28.93,0.0,268.5,1200.0
135600.641,49200.641,140.0,92.7,22.740000000000002,15.98,170.5,33.2,150.3,28.76,33.22,44.6,85.5,13.75,99.30000000000001,99.80000000000001,272.0,3114.0,1.28,39.550000000000004,14.94,6.96,36.0,29.060000000000002,2.0,270.5,1200.0
135662.517,49262.517,140.0,90.4,22.68,16.03,171.5,33.25,151.9,28.75,33.26,44.5,85.5,13.65,99.9,99.4,268.5,3122.0,1.45,39.650000000000006,15.0,7.0,35.94,29.05,0.0,272.5,1200.0
135724.314,49324.314,140.0,90.7,22.650000000000002,16.02,171.0,33.35,152.4,28.84,33.2,44.400000000000006,86.5,13.700000000000001,100.0,100.0,268.0,3120.0,1.32,39.650000000000006,15.040000000000001,7.09,36.01,29.01,0.0,273.5,1200.0
135786.394,49386.394,140.0,91.10000000000001,22.69,16.02,170.5,33.35,150.9,28.89,33.18,44.5,86.5,13.8,100.0,100.0,271.5,3117.0,1.34,39.5,14.96,6.91,35.94,28.98,0.0,274.5,1200.0
135840.544,49440.544,140.0,91.10000000000001,22.72,16.1,170.5,33.300000000000004,150.6,28.76,33.24,44.5,83.0,13.700000000000001,100.0,100.0,273.0,3118.0,1.5,39.650000000000006,14.92,6.97,35.96,29.01,1.0,273.5,1200.0
135902.22,49502.22,140.0,91.7,22.73,16.09,172.0,33.25,150.4,28.71,33.11,44.6,84.5,13.700000000000001,100.0,100.0,268.5,3114.0,1.32,39.75,15.030000000000001,7.04,36.03,28.990000000000002,2.0,273.0,1200.0
135964.119,49564.119,140.0,90.30000000000001,22.67,16.03,169.5,33.25,151.4,28.84,33.1,44.7,87.0,13.75,99.60000000000001,100.0,269.0,3122.0,1.5,39.75,14.99,6.97,35.980000000000004,29.01,0.0,272.0,1200.0
136026.045,49626.045,140.0,89.5,22.62,15.98,170.5,33.35,151.6,28.8,33.21,44.75,86.5,13.65,100.0,100.0,265.5,3115.0,1.54,39.7,15.01,7.05,36.09,29.1,0.0,274.5,1200.0
136080.051,49680.051,140.0,91.5,22.71,15.98,170.5,33.5,151.5,28.73,33.160000000000004,44.550000000000004,85.5,13.8,100.0,100.0,269.0,3120.0,1.25,39.75,15.030000000000001,6.96,36.01,28.94,1.0,270.0,1200.0
136141.741,49741.741,140.0,91.5,22.71,16.02,171.0,33.300000000000004,151.70000000000002,28.900000000000002,33.11,44.650000000000006,85.5,13.65,100.0,99.5,273.5,3119.0,1.43,39.7,14.97,6.95,35.97,29.04,2.0,275.0,1200.0
136203.67,49803.67,140.0,92.10000000000001,22.650000000000002,16.0,172.0,33.300000000000004,152.70000000000002,28.810000000000002,33.18,44.900000000000006,86.0,13.8,99.30000000000001,100.0,270.5,3125.0,1.49,39.7,15.120000000000001,6.96,35.96,29.02,3.0,275.5,1200.0
136265.581,49865.581,140.0,90.0,22.63,15.97,172.5,33.5,149.9,28.82,33.13,44.650000000000006,84.5,13.65,99.9,99.60000000000001,272.5,3120.0,1.58,39.85,15.030000000000001,7.0200000000000005,35.99,29.080000000000002,0.0,267.0,1200.0
136327.467,49927.467,140.0,91.7,22.72,16.06,169.0,33.25,152.3,28.77,33.13,44.7,86.5,13.65,100.0,99.9,267.5,3119.0,1.47,39.75,15.030000000000001,6.98,36.02,28.98,1.0,275.5,1200.0
136381.722,49981.722,140.0,89.10000000000001,22.66,16.06,170.0,33.2,151.6,28.740000000000002,33.26,44.85,85.0,13.75,100.0,99.80000000000001,270.0,3123.0,1.44,39.650000000000006,15.01,6.99,35.95,28.86,0.0,270.5,1200.0
136443.736,50043.736,140.0,90.60000000000001,22.61,16.01,171.0,33.15,149.6,28.75,33.13,44.900000000000006,84.5,13.65,100.0,100.0,270.0,3118.0,1.47,39.75,14.99,6.98,35.980000000000004,29.03,0.0,270.5,1200.0
136505.557,50105.557,140.0,90.7,22.7,15.97,170.0,33.300000000000004,152.4,28.830000000000002,33.06,45.0,84.5,13.75,100.0,100.0,271.5,3124.0,1.48,39.800000000000004,15.02,7.05,36.0,28.990000000000002,1.0,272.0,1200.0
136567.515,50167.515,140.0,89.5,22.71,16.01,170.5,33.1,150.6,28.76,33.11,44.900000000000006,84.0,13.75,99.80000000000001,100.0,272.0,3124.0,1.57,39.75,14.98,6.95,36.01,28.96,0.0,271.0,1200.0
136621.756,50221.756,140.0,91.9,22.650000000000002,16.01,169.5,33.25,150.5,28.78,33.05,44.95,88.0,13.600000000000001,100.0,100.0,269.5,3122.0,1.44,39.800000000000004,15.07,6.91,36.08,28.96,2.0,270.5,1200.0
136683.635,50283.635,140.0,91.10000000000001,22.57,16.0,171.5,33.35,152.20000000000002,28.88,33.22,45.1,85.0,13.600000000000001,99.60000000000001,99.9,269.5,3121.0,1.3800000000000001,39.7,15.030000000000001,7.01,35.94,29.03,0.0,268.0,1200.0
136745.446,50345.446,140.0,90.80000000000001,22.75,16.03,170.0,33.25,151.0,28.87,33.29,45.050000000000004,85.5,13.450000000000001,100.0,100.0,270.5,3125.0,1.36,39.75,15.01,7.03,36.01,29.060000000000002,1.0,266.5,1200.0
136807.446,50407.446,140.0,90.4,22.7,16.04,170.5,33.15,151.4,28.79,33.06,45.0,87.0,13.600000000000001,99.9,99.0,274.0,3120.0,1.3,39.900000000000006,14.97,7.04,36.12,28.98,1.0,273.5,1200.0
136861.244,50461.244,140.0,91.10000000000001,22.61,16.0,171.0,33.15,150.9,28.72,33.11,45.050000000000004,86.5,13.55,100.0,99.80000000000001,268.5,3123.0,1.4000000000000001,39.7,14.99,6.97,36.0,29.060000000000002,1.0,273.0,1200.0
136922.459,50522.459,140.0,89.80000000000001,22.77,16.01,172.0,33.45,153.0,28.84,33.13,45.050000000000004,84.5,13.55,100.0,100.0,268.5,3127.0,1.47,39.85,14.99,7.05,36.0,28.98,0.0,268.5,1200.0
136983.873,50583.873,140.0,91.60000000000001,22.63,15.99,171.0,33.35,152.9,28.8,33.14,45.150000000000006,87.0,13.600000000000001,99.9,99.5,274.0,3129.0,1.35,39.85,14.96,7.0200000000000005,36.03,28.96,0.0,270.5,1200.0
137045.285,50645.285,140.0,91.9,22.71,16.02,171.5,33.2,151.3,28.810000000000002,33.14,45.35,85.5,13.700000000000001,99.60000000000001,100.0,272.5,3132.0,1.24,39.800000000000004,15.030000000000001,7.0200000000000005,35.96,28.98,0.0,272.0,1200.0
137106.361,50706.361,140.0,91.80000000000001,22.63,15.99,171.0,33.25,152.1,28.91,33.29,45.35,86.0,13.600000000000001,100.0,100.0,276.0,3135.0,1.44,39.800000000000004,15.01,6.98,36.01,28.97,1.0,269.5,1200.0
137167.592,50767.592,140.0,90.30000000000001,22.59,16.05,171.5,33.35,152.5,28.91,33.160000000000004,45.400000000000006,84.5,13.450000000000001,99.60000000000001,99.9,270.5,3139.0,1.57,39.75,14.98,7.04,35.95,28.93,0.0,269.5,1200.0
137221.151,50821.151,140.0,90.7,22.7,16.06,172.5,33.35,152.4,28.900000000000002,33.24,45.300000000000004,82.5,13.5,99.5,100.0,271.0,3138.0,1.41,39.85,15.030000000000001,7.0,36.0,28.990000000000002,0.0,279.5,1200.0
137282.166,50882.166,140.0,90.9,22.73,15.98,172.5,33.45,150.6,28.91,33.3,45.550000000000004,85.5,13.55,99.9,100.0,266.5,3142.0,1.51,39.900000000000006,15.0,7.0200000000000005,35.95,29.02,1.0,274.0,1200.0
137343.093,50943.093,140.0,89.9,22.63,15.99,173.5,33.4,151.9,28.82,33.32,45.6,86.5,13.450000000000001,100.0,99.80000000000001,279.0,3143.0,1.46,40.0,14.99,6.96,35.97,29.01,3.0,277.0,1200.0
137404.154,51004.154,140.0,90.30000000000001,22.63,16.04,173.0,33.45,152.6,28.92,33.28,45.5,84.5,13.55,99.5,99.7,271.5,3146.0,1.31,39.85,15.11,7.0600000000000005,36.1,29.02,2.0,270.0,1200.0
137465.201,51065.201,140.0,91.4,22.69,16.09,171.0,33.65,153.5,28.86,33.31,45.400000000000006,86.0,13.55,100.0,100.0,276.5,3150.0,1.34,40.0,15.06,6.97,36.02,28.990000000000002,0.0,269.0,1200.0
137526.222,51126.222,140.0,90.2,22.71,16.01,170.5,33.550000000000004,150.5,28.95,33.31,45.6,84.5,13.3,99.80000000000001,100.0,275.5,3149.0,1.44,40.0,14.98,6.97,35.84,29.0,0.0,275.5,1200.0
137587.304,51187.304,140.0,91.4,22.73,15.97,170.5,33.4,152.5,28.94,33.26,45.7,86.5,13.350000000000001,99.4,99.80000000000001,275.5,3150.0,1.31,40.050000000000004,15.030000000000001,6.98,36.01,29.07,0.0,276.0,1200.0
137640.654,51240.654,140.0,91.9,22.75,16.02,171.0,33.35,151.5,28.97,33.32,45.650000000000006,83.5,13.55,99.9,99.7,281.5,3152.0,1.31,40.2,14.94,7.0,35.99,28.98,0.0,276.0,1200.0
137701.529,51301.529,140.0,92.9,22.64,15.96,173.0,33.300000000000004,150.0,29.01,33.27,45.650000000000006,85.0,13.350000000000001,100.0,99.7,281.0,3150.0,1.28,40.150000000000006,15.030000000000001,7.05,35.97,28.94,3.0,276.0,1200.0
137762.472,51362.472,140.0,90.60000000000001,22.67,16.07,170.5,33.4,151.0,28.91,33.28,45.75,85.5,13.350000000000001,100.0,100.0,276.0,3151.0,1.3,40.1,14.98,7.0200000000000005,35.96,29.09,0.0,279.0,1200.0
137823.369,51423.369,140.0,90.9,22.77,15.97,172.0,33.45,151.3,29.02,33.37,45.7,84.5,13.5,99.9,100.0,276.5,3153.0,1.3,40.2,14.96,7.03,36.0,29.0,0.0,280.5,1200.0
137884.141,51484.141,140.0,92.30000000000001,22.7,15.97,171.5,33.5,150.20000000000002,28.94,33.34,45.900000000000006,86.0,13.4,100.0,99.9,275.5,3157.0,1.36,40.1,14.93,7.01,35.980000000000004,29.07,0.0,274.5,1200.0
137944.97,51544.97,140.0,90.60000000000001,22.72,16.0,170.5,33.550000000000004,149.0,29.03,33.29,45.95,83.0,13.25,100.0,100.0,280.0,3159.0,1.47,40.25,14.94,6.96,36.01,28.93,1.0,274.0,1200.0
138005.758,51605.758,140.0,92.10000000000001,22.71,15.97,173.5,33.4,151.0,28.92,33.37,45.85,84.5,13.450000000000001,100.0,100.0,277.0,3161.0,1.36,40.150000000000006,15.06,6.98,36.04,28.95,0.0,272.5,1200.0
138066.356,51666.356,140.0,90.4,22.7,16.0,172.5,33.4,152.0,28.97,33.36,46.150000000000006,86.0,13.100000000000001,99.4,100.0,275.0,3164.0,1.52,40.35,15.030000000000001,7.11,35.97,29.060000000000002,0.0,281.0,1200.0
138126.996,51726.996,140.0,89.7,22.64,16.06,174.0,33.4,151.9,28.98,33.37,46.1,83.0,13.350000000000001,100.0,99.9,274.5,3165.0,1.5,40.25,14.99,7.01,36.06,29.01,0.0,278.5,1200.0
138180.039,51780.039,140.0,91.9,22.64,16.07,172.0,33.45,151.9,29.03,33.32,45.95,86.0,13.200000000000001,100.0,100.0,278.5,3161.0,1.48,40.35,15.040000000000001,7.07,35.9,29.05,0.0,277.0,1200.0
138240.57,51840.57,140.0,92.10000000000001,22.72,16.01,170.0,33.6,152.70000000000002,28.96,33.37,46.1,84.0,13.200000000000001,100.0,99.9,279.5,3168.0,1.34,40.300000000000004,15.06,7.0600000000000005,36.0,28.97,0.0,279.5,1200.0
138301.046,51901.046,140.0,90.9,22.68,16.01,172.5,33.4,151.4,29.03,33.34,46.300000000000004,83.5,13.100000000000001,100.0,100.0,278.5,3165.0,1.33,40.300000000000004,15.040000000000001,6.94,36.04,29.05,0.0,279.0,1200.0
138361.569,51961.569,140.0,91.80000000000001,22.64,16.01,173.0,33.6,151.8,29.03,33.27,46.2,84.5,13.3,99.7,100.0,278.0,3165.0,1.12,40.35,14.99,7.0,36.0,28.98,0.0,281.5,1200.0
138421.989,52021.989,140.0,90.10000000000001,22.72,15.99,174.0,33.5,152.1,29.01,33.35,46.150000000000006,85.5,13.200000000000001,99.9,100.0,278.5,3170.0,1.55,40.45,15.02,6.97,35.910000000000004,29.02,0.0,276.5,1200.0
138482.357,52082.357,140.0,90.60000000000001,22.69,15.99,170.5,33.5,153.0,29.12,33.39,46.35,84.0,13.200000000000001,99.4,100.0,278.0,3171.0,1.5,40.35,14.96,7.05,36.01,29.07,0.0,282.0,1200.0
138542.761,52142.761,140.0,92.30000000000001,22.61,16.01,173.0,33.550000000000004,151.9,28.95,33.33,46.35,82.5,13.25,100.0,100.0,278.5,3173.0,1.42,40.5,14.99,7.0,36.03,28.98,1.0,278.5,1200.0
138603.071,52203.071,140.0,91.0,22.68,16.1,173.5,33.5,151.5,28.97,33.43,46.35,85.5,13.200000000000001,100.0,99.60000000000001,281.0,3173.0,1.19,40.400000000000006,15.02,6.95,36.07,28.990000000000002,0.0,282.5,1200.0
138663.563,52263.563,140.0,90.0,22.650000000000002,15.97,170.5,33.5,152.9,29.07,33.36,46.45,83.5,13.0,99.30000000000001,100.0,283.5,3171.0,1.3900000000000001,40.400000000000006,14.98,6.98,35.99,28.96,0.0,278.5,1200.0
138724.158,52324.158,140.0,90.0,22.67,16.09,172.0,33.6,152.5,29.02,33.38,46.400000000000006,86.0,13.100000000000001,99.9,99.60000000000001,281.5,3174.0,1.33,40.400000000000006,15.06,6.97,36.03,29.080000000000002,0.0,277.0,1200.0
138784.595,52384.595,140.0,91.10000000000001,22.69,16.01,174.5,33.550000000000004,151.0,29.080000000000002,33.46,46.550000000000004,82.5,13.25,100.0,100.0,284.0,3176.0,1.24,40.550000000000004,14.96,7.01,36.0,28.87,0.0,275.5,1200.0
138845.016,52445.016,140.0,92.4,22.6,16.02,170.5,33.7,150.5,28.94,33.410000000000004,46.45,84.5,13.200000000000001,99.80000000000001,99.5,285.0,3180.0,1.32,40.6,14.96,6.97,36.04,29.03,0.0,282.5,1200.0
138905.55,52505.55,140.0,91.5,22.63,15.96,173.0,33.45,152.3,28.97,33.38,46.5,85.5,13.25,99.80000000000001,99.7,279.0,3178.0,1.21,40.400000000000006,15.0,7.04,36.1,28.96,0.0,279.5,1200.0
138965.929,52565.929,140.0,92.30000000000001,22.73,16.05,173.0,33.5,152.0,29.03,33.44,46.5,83.0,13.100000000000001,99.7,100.0,281.0,3182.0,1.21,40.5,15.02,7.0,36.02,29.060000000000002,0.0,279.0,1200.0
139026.279,52626.279,140.0,91.0,22.740000000000002,16.02,173.0,33.35,151.1,29.0,33.43,46.5,85.0,13.100000000000001,99.9,100.0,277.0,3184.0,1.3800000000000001,40.550000000000004,14.96,6.95,35.92,29.0,0.0,278.5,1200.0
139086.748,52686.748,140.0,89.7,22.69,16.09,174.0,33.65,151.0,28.990000000000002,33.43,46.650000000000006,83.0,12.950000000000001,100.0,99.80000000000001,281.0,3179.0,1.41,40.6,15.01,6.99,36.03,29.01,0.0,279.5,1200.0
139147.069,52747.069,140.0,92.60000000000001,22.73,16.05,172.0,33.5,152.6,28.990000000000002,33.44,46.75,84.0,13.100000000000001,99.9,99.7,281.5,3180.0,1.5,40.400000000000006,15.06,6.93,36.04,28.93,6.0,280.5,1200.0
139207.345,52807.345,140.0,89.9,22.61,15.96,172.0,33.7,152.6,28.94,33.4,46.7,84.0,13.05,100.0,99.7,277.5,3182.0,1.31,40.400000000000006,14.97,7.0,36.06,29.05,2.0,281.0,1200.0
139267.422,52867.422,140.0,90.80000000000001,22.67,16.05,173.0,33.5,152.4,29.05,33.44,46.95,83.0,13.05,99.7,100.0,279.5,3184.0,1.44,40.6,14.91,6.99,36.02,29.04,0.0,278.5,1200.0
139327.354,52927.354,140.0,92.2,22.62,16.09,169.5,33.4,153.0,28.97,33.39,46.800000000000004,85.0,13.100000000000001,99.4,100.0,279.5,3185.0,1.51,40.550000000000004,15.02,7.08,35.97,29.02,3.0,278.0,1200.0
139387.324,52987.324,140.0,89.9,22.72,16.04,173.5,33.550000000000004,148.8,29.04,33.46,46.900000000000006,83.0,13.0,99.80000000000001,99.4,279.0,3188.0,1.34,40.7,14.94,7.0200000000000005,36.0,28.93,0.0,278.5,1200.0
139447.295,53047.295,140.0,91.60000000000001,22.69,16.02,173.0,33.4,151.0,29.09,33.42,46.85,84.0,12.850000000000001,100.0,100.0,279.5,3183.0,1.34,40.550000000000004,15.030000000000001,7.04,35.99,29.04,1.0,282.0,1200.0
139507.142,53107.142,140.0,91.7,22.67,16.0,172.5,33.7,150.4,29.01,33.44,46.900000000000006,84.5,12.950000000000001,99.80000000000001,100.0,279.0,3193.0,1.32,40.5,15.0,6.96,36.0,28.93,0.0,280.5,1200.0
139567.021,53167.021,140.0,90.80000000000001,22.71,15.99,171.5,33.550000000000004,152.4,29.060000000000002,33.45,46.800000000000004,84.0,13.0,99.7,99.60000000000001,281.5,3189.0,1.31,40.550000000000004,14.97,7.0,36.01,29.05,1.0,279.0,1200.0
139626.898,53226.898,140.0,92.0,22.72,15.97,171.5,33.5,150.9,29.02,33.4,46.95,85.5,12.9,99.60000000000001,100.0,278.5,3191.0,1.36,40.85,14.97,7.0,36.03,28.97,4.0,276.0,1200.0
139686.666,53286.666,140.0,91.5,22.650000000000002,15.99,173.0,33.65,150.9,29.02,33.45,47.0,82.0,12.9,99.60000000000001,100.0,278.5,3197.0,1.58,40.550000000000004,14.97,6.98,36.04,28.94,0.0,275.5,1200.0
139746.459,53346.459,140.0,90.7,22.59,16.04,171.5,33.550000000000004,152.4,29.07,33.480000000000004,47.0,84.0,13.05,100.0,100.0,276.0,3192.0,1.5,40.85,15.0,7.0200000000000005,35.97,29.03,2.0,279.0,1200.0
139806.246,53406.246,140.0,91.9,22.63,15.93,170.5,33.65,150.3,29.1,33.4,47.1,82.5,12.950000000000001,99.9,100.0,279.5,3193.0,1.3900000000000001,40.650000000000006,15.02,7.0200000000000005,35.95,29.01,0.0,280.5,1200.0
139866.288,53466.288,140.0,91.80000000000001,22.69,16.07,172.5,33.5,152.8,29.07,33.38,47.2,85.5,12.9,100.0,99.9,283.0,3196.0,1.42,40.85,15.040000000000001,6.98,36.0,29.01,0.0,285.5,1200.0
139926.367,53526.367,140.0,91.30000000000001,22.650000000000002,16.080000000000002,172.5,33.65,151.20000000000002,29.12,33.37,47.25,84.0,12.950000000000001,100.0,99.9,279.5,3197.0,1.41,40.75,14.99,6.98,36.08,29.01,2.0,278.5,1200.0
139986.329,53586.329,140.0,92.5,22.7,15.98,170.5,33.45,151.8,29.03,33.42,47.25,85.5,13.05,100.0,99.9,279.5,3195.0,1.41,40.650000000000006,15.01,7.0,35.980000000000004,28.900000000000002,0.0,284.0,1200.0
140046.291,53646.291,140.0,89.60000000000001,22.68,16.01,170.5,33.550000000000004,151.5,28.94,33.44,47.2,82.0,12.9,100.0,100.0,280.5,3189.0,1.3,40.7,15.0,6.99,35.89,29.03,0.0,280.5,1200.0
140106.29,53706.29,140.0,90.80000000000001,22.71,16.11,172.0,33.45,152.0,29.060000000000002,33.43,47.300000000000004,81.5,12.8,99.7,99.80000000000001,282.5,3200.0,1.4000000000000001,40.650000000000006,15.01,7.01,36.08,28.98,1.0,279.0,1200.0
140166.164,53766.164,140.0,91.30000000000001,22.67,16.04,172.0,33.5,150.6,29.05,33.410000000000004,47.35,81.0,12.950000000000001,100.0,99.9,278.0,3198.0,1.29,40.75,14.93,7.0200000000000005,36.03,29.05,0.0,279.0,1200.0
140226.025,53826.025,140.0,90.4,22.71,16.03,171.5,33.6,152.3,29.03,33.480000000000004,47.35,82.5,12.8,99.7,99.80000000000001,287.0,3201.0,1.42,40.75,15.030000000000001,6.99,35.96,28.93,0.0,284.0,1200.0
140285.927,53885.927,140.0,90.80000000000001,22.69,16.03,173.0,33.6,151.1,29.07,33.44,47.25,84.0,12.700000000000001,100.0,100.0,281.5,3204.0,1.44,40.75,14.93,7.03,35.9,28.94,0.0,285.5,1200.0
140345.703,53945.703,140.0,91.80000000000001,22.71,15.99,174.0,33.45,153.9,29.07,33.36,47.45,83.5,12.700000000000001,100.0,100.0,287.5,3206.0,1.43,40.800000000000004,15.01,7.0200000000000005,36.0,29.05,4.0,282.0,1200.0
140405.453,54005.453,140.0,92.0,22.68,16.0,173.0,33.45,150.8,28.990000000000002,33.36,47.550000000000004,82.0,12.65,100.0,99.60000000000001,280.5,3204.0,1.41,40.75,15.08,6.98,36.0,29.03,0.0,280.5,1200.0
140465.104,54065.104,140.0,91.4,22.73,16.03,173.0,33.550000000000004,152.6,29.060000000000002,33.4,47.300000000000004,83.5,12.700000000000001,100.0,100.0,282.5,3209.0,1.3900000000000001,40.800000000000004,14.96,7.0200000000000005,35.95,29.080000000000002,2.0,279.5,1200.0
140524.635,54124.635,140.0,90.0,22.72,16.0,171.5,33.45,151.5,29.07,33.39,47.6,83.5,12.700000000000001,99.80000000000001,99.9,283.5,3214.0,1.17,40.85,15.02,6.95,35.980000000000004,28.95,2.0,279.5,1200.0
140584.19,54184.19,140.0,91.60000000000001,22.650000000000002,16.03,173.5,33.6,151.4,29.03,33.36,47.7,83.5,12.8,99.9,99.9,287.5,3208.0,1.3900000000000001,40.85,14.99,6.96,35.980000000000004,29.060000000000002,0.0,283.5,1200.0
140643.766,54243.766,140.0,93.30000000000001,22.72,16.03,172.5,33.550000000000004,152.20000000000002,28.95,33.39,47.400000000000006,81.5,12.600000000000001,100.0,100.0,285.0,3206.0,1.4000000000000001,41.050000000000004,14.94,6.91,35.99,28.98,2.0,285.0,1200.0
140703.238,54303.238,140.0,91.0,22.7,15.950000000000001,171.5,33.45,152.0,29.04,33.49,47.7,81.5,12.700000000000001,100.0,100.0,284.0,3212.0,1.29,40.95,15.01,7.0,36.02,29.01,0.0,282.0,1200.0
140762.732,54362.732,140.0,91.2,22.72,16.0,173.0,33.5,151.0,29.01,33.480000000000004,47.75,81.5,12.700000000000001,100.0,100.0,280.5,3212.0,1.43,41.150000000000006,15.01,6.98,36.03,29.1,0.0,280.5,1200.0
140822.252,54422.252,140.0,90.30000000000001,22.71,16.05,172.0,33.6,151.70000000000002,28.88,33.3,47.75,80.5,12.700000000000001,99.7,100.0,277.0,3214.0,1.3900000000000001,41.150000000000006,15.030000000000001,6.99,36.1,29.02,0.0,285.5,1200.0
140881.676,54481.676,140.0,91.7,22.67,16.03,169.5,33.6,152.0,29.02,33.43,47.7,83.0,12.700000000000001,100.0,99.7,279.0,3210.0,1.33,41.1,14.98,7.0200000000000005,36.09,29.01,0.0,284.0,1200.0
140941.118,54541.118,140.0,90.10000000000001,22.68,16.01,170.5,33.35,152.20000000000002,28.98,33.35,47.800000000000004,80.5,12.65,100.0,99.80000000000001,282.5,3216.0,1.49,41.0,14.99,7.01,36.12,28.97,0.0,281.0,1200.0
141000.587,54600.587,140.0,91.0,22.69,15.98,171.0,33.45,150.0,28.97,33.33,47.95,84.5,12.65,100.0,100.0,283.0,3216.0,1.29,40.85,14.99,6.98,36.11,28.98,0.0,280.0,1200.0
141060.02,54660.02,140.0,89.4,22.67,16.07,172.0,33.5,151.8,29.0,33.39,47.85,81.5,12.700000000000001,100.0,100.0,285.5,3215.0,1.44,40.95,15.01,6.97,35.980000000000004,28.97,0.0,280.0,1200.0
141126.942,54726.942,140.0,91.5,22.68,15.98,174.5,33.5,153.20000000000002,28.93,33.37,47.900000000000006,80.0,12.55,100.0,99.9,283.0,3214.0,1.27,40.900000000000006,14.96,7.0,35.92,29.01,0.0,279.5,1200.0
141186.38,54786.38,140.0,91.0,22.69,16.05,173.5,33.4,151.20000000000002,29.01,33.22,47.900000000000006,82.5,12.5,99.7,99.80000000000001,286.0,3219.0,1.3800000000000001,41.050000000000004,15.0,6.97,35.980000000000004,29.060000000000002,0.0,281.5,1200.0
141245.778,54845.778,140.0,90.30000000000001,22.73,15.950000000000001,172.0,33.45,151.8,28.96,33.34,48.050000000000004,81.5,12.5,100.0,100.0,282.5,3216.0,1.4000000000000001,41.050000000000004,14.98,7.05,36.01,29.060000000000002,1.0,282.0,1200.0
141305.231,54905.231,140.0,91.30000000000001,22.580000000000002,16.06,174.0,33.550000000000004,151.8,28.91,33.24,48.0,79.5,12.55,99.80000000000001,100.0,287.0,3219.0,1.3800000000000001,41.2,14.98,6.97,36.09,28.97,1.0,286.0,1200.0
141364.63,54964.63,140.0,92.30000000000001,22.64,15.97,173.5,33.45,151.4,28.95,33.37,48.1,82.5,12.5,100.0,100.0,284.0,3216.0,1.56,41.0,15.0,7.08,35.980000000000004,29.03,1.0,285.5,1200.0
141423.985,55023.985,140.0,91.9,22.59,16.0,170.5,33.45,152.9,29.02,33.2,48.1,83.0,12.700000000000001,100.0,100.0,281.0,3222.0,1.3,41.0,15.05,7.01,35.96,29.02,0.0,284.5,1200.0
141483.393,55083.393,140.0,90.2,22.68,15.96,174.0,33.4,149.5,28.93,33.38,48.25,82.0,12.4,99.60000000000001,100.0,282.5,3222.0,1.23,41.0,15.08,7.01,36.11,29.060000000000002,0.0,283.5,1200.0
141542.751,55142.751,140.0,92.10000000000001,22.64,16.06,172.5,33.300000000000004,151.9,28.88,33.24,48.150000000000006,79.5,12.450000000000001,99.60000000000001,99.9,280.5,3221.0,1.46,40.95,14.97,6.99,36.01,29.09,1.0,279.0,1200.0
141602.062,55202.062,140.0,90.10000000000001,22.67,16.06,172.0,33.45,152.1,29.0,33.29,48.2,82.0,12.4,100.0,99.5,281.0,3225.0,1.3900000000000001,41.050000000000004,14.97,7.0,36.050000000000004,29.03,0.0,283.0,1200.0
141661.338,55261.338,140.0,90.9,22.63,15.96,173.0,33.45,150.6,28.87,33.22,48.2,81.5,12.450000000000001,100.0,100.0,281.0,3222.0,1.37,41.050000000000004,14.98,6.98,35.94,28.98,0.0,282.5,1200.0
141720.515,55320.515,140.0,87.5,22.62,16.0,171.5,33.4,151.5,29.01,33.31,48.35,82.5,12.4,100.0,100.0,277.0,3228.0,1.28,41.1,15.030000000000001,7.07,36.06,29.07,1.0,286.5,1200.0
141787.05,55387.05,140.0,90.0,22.580000000000002,16.03,170.5,33.5,150.6,28.95,33.18,48.300000000000004,80.0,12.5,100.0,100.0,286.0,3228.0,1.41,41.2,15.06,7.0,36.0,29.09,4.0,287.5,1200.0
141846.168,55446.168,140.0,90.9,22.69,16.04,171.0,33.5,151.5,28.97,33.27,48.400000000000006,83.5,12.5,100.0,99.5,286.0,3231.0,1.4000000000000001,41.0,15.0,7.0200000000000005,35.96,28.95,0.0,285.0,1200.0
141905.17,55505.17,140.0,89.2,22.71,16.03,171.5,33.550000000000004,152.4,29.02,33.25,48.550000000000004,79.5,12.450000000000001,100.0,99.80000000000001,282.5,3230.0,1.34,41.050000000000004,15.01,7.03,36.0,29.0,0.0,286.5,1200.0
141964.174,55564.174,140.0,91.30000000000001,22.71,16.0,172.5,33.5,151.4,29.05,33.33,48.5,83.5,12.4,99.10000000000001,99.9,287.5,3231.0,1.46,41.150000000000006,15.09,6.98,35.99,29.080000000000002,0.0,286.5,1200.0
142023.134,55623.134,140.0,92.2,22.64,16.05,170.0,33.5,151.9,29.03,33.26,48.45,82.5,12.4,99.60000000000001,100.0,283.5,3234.0,1.41,41.050000000000004,14.97,7.01,35.95,28.97,0.0,284.0,1200.0
142081.977,55681.977,140.0,91.0,22.63,16.03,171.5,33.5,151.8,28.94,33.26,48.550000000000004,84.0,12.450000000000001,99.80000000000001,100.0,288.0,3235.0,1.41,41.25,15.05,7.01,35.99,28.93,0.0,285.0,1200.0
142140.814,55740.814,140.0,90.0,22.62,15.99,172.5,33.5,151.5,28.900000000000002,33.28,48.550000000000004,84.5,12.15,100.0,99.80000000000001,286.5,3242.0,1.35,41.25,15.02,7.01,35.95,29.05,0.0,286.5,1200.0
142206.934,55806.934,140.0,90.80000000000001,22.69,15.98,172.5,33.35,150.9,29.07,33.37,48.7,79.5,12.5,99.80000000000001,100.0,290.5,3239.0,1.35,41.35,15.01,7.03,35.910000000000004,28.95,0.0,285.5,1200.0
142265.517,55865.517,140.0,89.5,22.67,15.98,172.5,33.550000000000004,152.0,29.04,33.45,48.75,82.5,12.200000000000001,100.0,100.0,284.0,3244.0,1.34,41.35,15.040000000000001,6.98,35.95,29.01,1.0,292.5,1200.0
142324.127,55924.127,140.0,90.30000000000001,22.71,16.04,170.0,33.550000000000004,151.0,29.02,33.4,48.7,82.5,12.350000000000001,100.0,100.0,284.0,3246.0,1.43,41.300000000000004,14.97,6.99,35.980000000000004,28.85,1.0,289.0,1200.0
142382.68,55982.68,140.0,91.9,22.650000000000002,15.99,171.0,33.4,152.0,29.02,33.44,48.900000000000006,81.5,12.25,100.0,100.0,285.5,3248.0,1.43,41.300000000000004,14.96,6.96,36.03,29.02,0.0,288.5,1200.0
142441.153,56041.153,140.0,89.80000000000001,22.64,16.0,172.0,33.4,150.5,28.98,33.32,48.800000000000004,81.5,12.15,99.60000000000001,100.0,290.0,3247.0,1.57,41.35,15.0,6.99,35.980000000000004,28.94,2.0,284.0,1200.0
142506.978,56106.978,140.0,93.0,22.67,16.080000000000002,171.0,33.5,152.4,28.990000000000002,33.35,48.800000000000004,82.0,12.25,99.80000000000001,100.0,290.0,3250.0,1.41,41.45,15.01,7.01,35.96,29.080000000000002,0.0,283.5,1200.0
142565.396,56165.396,140.0,91.5,22.71,15.93,171.5,33.550000000000004,151.5,29.060000000000002,33.36,48.900000000000006,80.5,12.200000000000001,100.0,99.9,291.0,3250.0,1.3,41.6,15.08,7.01,36.03,28.95,2.0,289.0,1200.0
142623.8,56223.8,140.0,90.7,22.67,16.04,172.5,33.45,150.3,28.98,33.35,48.75,81.0,12.15,100.0,99.60000000000001,284.5,3251.0,1.23,41.5,15.05,7.01,36.0,29.02,0.0,285.5,1200.0
142682.214,56282.214,140.0,92.0,22.650000000000002,16.02,170.0,33.7,152.1,28.93,33.34,48.75,80.0,12.25,99.9,100.0,289.5,3254.0,1.37,41.6,15.08,7.05,35.96,28.97,0.0,287.5,1200.0
142740.548,56340.548,140.0,92.10000000000001,22.67,16.02,171.0,33.5,150.5,29.1,33.32,48.900000000000006,81.0,12.05,100.0,99.4,291.0,3255.0,1.43,41.45,15.040000000000001,6.91,35.99,28.990000000000002,0.0,290.0,1200.0
142806.171,56406.171,140.0,90.7,22.61,15.97,173.0,33.550000000000004,150.5,29.02,33.33,48.95,82.0,12.15,100.0,99.7,288.0,3252.0,1.3900000000000001,41.45,14.98,7.0200000000000005,36.1,29.04,2.0,289.0,1200.0
142864.743,56464.743,140.0,92.0,22.64,16.02,172.5,33.550000000000004,152.9,28.93,33.34,49.050000000000004,80.5,12.100000000000001,99.80000000000001,100.0,287.0,3257.0,1.43,41.550000000000004,14.88,7.01,36.03,29.0,1.0,288.0,1200.0
142923.273,56523.273,140.0,92.0,22.71,15.98,174.0,33.4,150.1,28.990000000000002,33.35,49.2,80.5,12.05,99.2,99.5,284.0,3261.0,1.44,41.5,14.99,6.98,36.06,28.900000000000002,0.0,291.0,1200.0
142981.736,56581.736,140.0,90.5,22.72,16.02,171.0,33.45,151.6,28.96,33.34,49.050000000000004,80.0,12.200000000000001,100.0,99.9,286.5,3256.0,1.17,41.650000000000006,14.98,7.04,36.08,28.96,0.0,291.0,1200.0
143040.245,56640.245,140.0,90.30000000000001,22.72,16.06,172.0,33.550000000000004,152.20000000000002,28.93,33.34,49.25,79.0,11.950000000000001,100.0,99.80000000000001,287.5,3266.0,1.3900000000000001,41.650000000000006,14.98,7.03,36.01,28.95,2.0,285.5,1200.0
143105.995,56705.995,140.0,90.60000000000001,22.650000000000002,15.99,171.0,33.4,150.3,28.95,33.31,49.2,81.0,12.0,99.7,100.0,290.0,3262.0,1.42,41.550000000000004,15.040000000000001,6.97,36.08,29.03,1.0,285.5,1200.0
143164.41,56764.41,140.0,91.2,22.580000000000002,16.03,172.0,33.45,152.9,29.04,33.31,49.35,80.5,12.0,100.0,99.9,291.0,3258.0,1.3900000000000001,41.75,14.97,7.0200000000000005,36.050000000000004,29.01,1.0,285.5,1200.0
143222.855,56822.855,140.0,92.9,22.650000000000002,16.01,171.5,33.550000000000004,153.60000000000002,29.04,33.33,49.300000000000004,79.0,11.950000000000001,99.5,100.0,285.0,3265.0,1.47,41.7,15.06,7.04,35.97,29.03,0.0,292.0,1200.0
143281.208,56881.208,140.0,91.80000000000001,22.73,16.03,173.5,33.4,150.70000000000002,29.0,33.34,49.35,81.5,11.850000000000001,100.0,100.0,291.5,3260.0,1.46,41.75,15.02,7.0,35.980000000000004,28.94,0.0,289.0,1200.0
143346.857,56946.857,140.0,91.2,22.740000000000002,16.05,173.5,33.4,151.5,29.0,33.35,49.25,81.5,11.9,100.0,100.0,288.0,3262.0,1.4000000000000001,41.6,15.08,6.96,35.99,28.96,1.0,286.0,1200.0
143405.198,57005.198,140.0,90.60000000000001,22.69,16.06,171.0,33.4,152.0,28.97,33.32,49.550000000000004,78.5,11.850000000000001,100.0,99.7,291.0,3267.0,1.33,41.6,14.97,6.96,35.87,28.98,0.0,292.0,1200.0
143463.218,57063.218,140.0,91.9,22.650000000000002,16.1,170.5,33.45,152.20000000000002,28.91,33.4,49.400000000000006,79.0,11.8,100.0,100.0,291.5,3275.0,1.47,41.650000000000006,15.030000000000001,6.98,36.03,28.95,3.0,289.0,1200.0
143521.235,57121.235,140.0,90.2,22.66,16.03,171.0,33.45,152.20000000000002,28.95,33.32,49.35,82.0,12.05,100.0,100.0,291.0,3273.0,1.28,41.800000000000004,14.94,7.03,36.02,28.990000000000002,0.0,286.0,1200.0
143586.52,57186.52,140.0,91.4,22.68,15.97,172.5,33.550000000000004,149.9,28.84,33.230000000000004,49.6,79.5,11.75,99.9,100.0,288.0,3271.0,1.35,41.75,15.02,7.07,35.97,28.93,0.0,293.5,1200.0
143644.404,57244.404,140.0,90.9,22.66,16.02,173.0,33.45,151.70000000000002,28.92,33.34,49.550000000000004,81.0,11.8,99.9,100.0,297.0,3273.0,1.31,41.75,14.950000000000001,6.97,35.980000000000004,29.060000000000002,0.0,290.0,1200.0
143702.344,57302.344,140.0,91.5,22.63,15.98,171.5,33.45,152.1,28.98,33.3,49.550000000000004,80.5,11.850000000000001,100.0,100.0,287.5,3279.0,1.45,41.800000000000004,14.98,7.03,36.03,29.0,0.0,288.0,1200.0
143760.221,57360.221,140.0,89.4,22.67,16.0,171.5,33.5,152.20000000000002,28.97,33.33,49.7,80.5,11.850000000000001,99.80000000000001,100.0,289.0,3277.0,1.21,41.800000000000004,14.94,6.96,35.9,28.990000000000002,2.0,290.5,1200.0
143825.213,57425.213,140.0,90.7,22.63,16.03,171.0,33.5,153.4,29.05,33.32,49.75,80.5,11.75,100.0,99.60000000000001,295.0,3283.0,1.28,41.900000000000006,14.99,7.01,36.04,29.04,0.0,292.5,1200.0
143883.037,57483.037,140.0,90.7,22.67,16.05,170.0,33.4,150.70000000000002,29.07,33.29,49.800000000000004,79.5,11.700000000000001,100.0,99.80000000000001,295.5,3288.0,1.43,41.85,15.0,6.99,35.99,29.09,0.0,295.5,1200.0
143940.737,57540.737,140.0,91.30000000000001,22.64,16.02,170.5,33.5,151.9,28.94,33.33,49.800000000000004,78.5,11.850000000000001,100.0,100.0,288.0,3280.0,1.34,41.85,15.01,7.04,36.04,28.95,0.0,286.0,1200.0
144005.642,57605.642,140.0,90.9,22.63,16.01,173.5,33.550000000000004,151.6,28.93,33.38,49.75,80.0,11.700000000000001,99.9,99.60000000000001,290.0,3281.0,1.48,41.800000000000004,15.030000000000001,6.94,35.9,28.95,0.0,287.5,1200.0
144063.474,57663.474,140.0,90.60000000000001,22.63,16.0,173.0,33.4,152.5,28.990000000000002,33.39,50.1,78.0,11.65,99.60000000000001,99.9,292.0,3290.0,1.16,41.800000000000004,15.02,6.98,35.87,29.09,2.0,289.0,1200.0
144121.219,57721.219,140.0,91.30000000000001,22.7,15.98,171.0,33.45,150.5,29.0,33.29,49.85,78.0,11.5,99.9,99.9,291.0,3294.0,1.3900000000000001,42.0,15.0,6.98,36.03,28.97,1.0,293.0,1200.0
144186.176,57786.176,140.0,91.80000000000001,22.55,16.06,171.5,33.4,150.9,28.95,33.36,49.95,80.0,11.55,99.80000000000001,100.0,292.0,3286.0,1.42,42.1,15.02,7.0600000000000005,36.03,29.1,0.0,289.0,1200.0
144243.878,57843.878,140.0,89.2,22.72,16.01,170.0,33.5,150.5,28.97,33.27,50.1,81.5,11.600000000000001,99.80000000000001,100.0,291.0,3297.0,1.3,41.95,14.98,7.01,35.95,28.98,0.0,291.0,1200.0
144301.506,57901.506,140.0,90.4,22.7,16.05,172.0,33.45,150.20000000000002,28.98,33.3,50.2,81.5,11.75,99.9,99.80000000000001,297.0,3304.0,1.3900000000000001,42.050000000000004,15.030000000000001,7.0,36.08,29.09,0.0,293.5,1200.0
144366.361,57966.361,140.0,90.10000000000001,22.62,16.080000000000002,173.5,33.300000000000004,152.0,28.98,33.22,50.050000000000004,78.0,11.55,99.80000000000001,99.60000000000001,292.5,3295.0,1.37,42.1,14.9,6.99,36.1,28.95,1.0,297.5,1200.0
144423.92,58023.92,140.0,91.4,22.63,16.06,173.0,33.35,152.8,28.900000000000002,33.35,50.150000000000006,79.0,11.65,99.9,100.0,293.0,3303.0,1.44,42.1,15.0,7.0,35.96,29.04,0.0,292.5,1200.0
144481.451,58081.451,140.0,92.10000000000001,22.6,16.080000000000002,170.0,33.5,151.3,29.01,33.31,50.2,78.0,11.4,99.9,100.0,292.5,3307.0,1.45,42.1,14.99,6.98,35.95,28.93,1.0,295.0,1200.0
144546.169,58146.169,140.0,91.60000000000001,22.6,16.04,170.5,33.5,153.3,28.95,33.26,50.300000000000004,78.5,11.55,100.0,100.0,294.5,3307.0,1.44,42.150000000000006,15.040000000000001,6.93,36.050000000000004,28.900000000000002,1.0,291.0,1200.0
144603.6,58203.6,140.0,91.80000000000001,22.650000000000002,16.02,171.5,33.4,151.6,28.94,33.31,50.25,79.5,11.350000000000001,99.9,100.0,294.5,3310.0,1.42,42.2,15.01,7.0200000000000005,36.01,28.95,1.0,291.0,1200.0
144660.934,58260.934,140.0,92.10000000000001,22.67,16.06,170.5,33.300000000000004,151.9,28.87,33.31,50.45,78.5,11.5,100.0,100.0,293.0,3309.0,1.4000000000000001,42.400000000000006,15.09,7.0200000000000005,36.02,28.990000000000002,1.0,296.5,1200.0
144725.352,58325.352,140.0,91.30000000000001,22.62,15.99,171.5,33.5,152.0,28.84,33.29,50.400000000000006,78.5,11.4,99.60000000000001,100.0,295.0,3318.0,1.33,42.25,14.93,6.96,35.980000000000004,28.95,1.0,294.5,1200.0
144782.585,58382.585,140.0,92.0,22.68,16.04,171.0,33.5,151.20000000000002,28.96,33.27,50.45,78.5,11.3,100.0,99.5,299.0,3320.0,1.36,42.35,14.97,6.99,36.02,28.96,0.0,292.5,1200.0
144846.92,58446.92,140.0,91.60000000000001,22.64,16.02,171.5,33.45,149.5,28.990000000000002,33.28,50.400000000000006,79.0,11.3,99.7,99.9,294.0,3323.0,1.58,42.550000000000004,14.99,6.99,36.1,29.03,2.0,299.0,1200.0
144854.056,58454.056,140.0,90.80000000000001,22.61,16.02,172.5,33.35,151.6,29.02,33.32,50.550000000000004,77.5,11.450000000000001,99.5,99.80000000000001,296.0,3327.0,1.31,42.25,14.950000000000001,7.07,35.95,28.96,2.0,299.5,1200.0
144904.049,58504.049,140.0,91.10000000000001,22.64,16.04,172.0,33.5,151.8,28.990000000000002,33.33,50.550000000000004,78.0,11.3,100.0,100.0,296.0,3316.0,1.52,42.45,15.01,7.0,36.04,29.0,0.0,298.5,1200.0
144961.16,58561.16,140.0,92.0,22.650000000000002,16.01,171.0,33.5,150.70000000000002,28.900000000000002,33.38,50.550000000000004,77.5,11.3,100.0,99.4,297.0,3324.0,1.34,42.400000000000006,14.97,6.97,35.99,28.96,0.0,295.0,1200.0
145025.332,58625.332,140.0,90.4,22.63,15.98,170.0,33.6,149.9,29.0,33.25,50.550000000000004,79.5,11.3,99.7,99.80000000000001,297.0,3327.0,1.3800000000000001,42.5,15.02,7.01,35.92,28.94,0.0,296.5,1200.0
145082.343,58682.343,140.0,90.5,22.57,15.92,173.0,33.5,151.20000000000002,28.91,33.34,50.6,76.5,11.200000000000001,100.0,99.9,298.5,3329.0,1.47,42.6,15.01,6.97,35.95,28.900000000000002,5.0,298.5,1200.0
145146.431,58746.431,140.0,90.2,22.56,16.11,169.5,33.4,151.1,28.990000000000002,33.37,50.7,79.5,11.350000000000001,100.0,100.0,296.5,3331.0,1.35,42.45,14.89,7.01,35.99,28.990000000000002,0.0,296.5,1200.0
145203.341,58803.341,140.0,91.0,22.64,16.0,172.0,33.5,151.70000000000002,29.02,33.32,50.650000000000006,77.0,11.3,99.80000000000001,100.0,297.0,3332.0,1.23,42.5,14.99,6.97,35.980000000000004,29.1,0.0,299.5,1200.0
145260.165,58860.165,140.0,89.60000000000001,22.61,16.07,172.0,33.550000000000004,149.5,29.0,33.34,50.95,77.5,11.3,99.80000000000001,99.30000000000001,299.5,3344.0,1.29,42.550000000000004,14.950000000000001,6.99,35.97,29.060000000000002,0.0,299.5,1200.0
145324.003,58924.003,140.0,90.2,22.63,16.1,170.0,33.550000000000004,152.0,28.97,33.33,50.85,79.0,11.25,99.7,100.0,295.0,3345.0,1.42,42.650000000000006,15.0,7.0600000000000005,36.04,29.05,2.0,301.0,1200.0
145380.727,58980.727,140.0,91.60000000000001,22.72,15.97,172.0,33.5,151.6,29.03,33.31,51.050000000000004,80.0,11.350000000000001,99.30000000000001,99.9,300.5,3341.0,1.3800000000000001,42.650000000000006,15.02,7.05,35.97,29.02,0.0,301.5,1200.0
145444.457,59044.457,140.0,88.10000000000001,22.650000000000002,16.11,173.5,33.5,149.6,28.96,33.39,50.900000000000006,78.5,11.100000000000001,100.0,100.0,295.0,3345.0,1.43,42.800000000000004,15.030000000000001,7.0,36.03,28.900000000000002,0.0,295.0,1200.0
145501.065,59101.065,140.0,91.30000000000001,22.61,15.97,171.0,33.45,153.0,29.0,33.29,51.2,78.5,11.05,99.9,99.80000000000001,299.0,3350.0,1.56,42.7,15.02,7.01,35.980000000000004,28.98,0.0,305.5,1200.0
145564.695,59164.695,140.0,90.9,22.6,16.03,173.0,33.5,150.4,29.080000000000002,33.39,51.050000000000004,80.0,11.0,100.0,100.0,298.5,3352.0,1.4000000000000001,42.95,15.01,7.05,35.92,29.03,1.0,297.5,1200.0
145621.186,59221.186,140.0,91.4,22.71,16.080000000000002,172.0,33.5,150.3,29.01,33.39,51.2,77.0,11.05,99.9,99.10000000000001,301.0,3354.0,1.52,42.800000000000004,14.98,7.03,36.03,28.97,0.0,299.5,1200.0
145684.706,59284.706,140.0,90.4,22.59,16.07,171.5,33.4,152.3,29.0,33.29,51.2,78.5,11.0,100.0,100.0,304.5,3357.0,1.49,42.95,14.98,7.05,36.08,28.94,0.0,304.0,1200.0
145741.092,59341.092,140.0,90.9,22.59,16.11,171.5,33.45,151.70000000000002,28.91,33.4,51.150000000000006,77.5,10.950000000000001,99.60000000000001,100.0,304.5,3356.0,1.35,42.800000000000004,14.96,7.0,35.96,28.95,1.0,301.0,1200.0
145804.486,59404.486,140.0,90.10000000000001,22.6,16.03,171.5,33.6,152.1,29.12,33.39,51.35,78.0,10.850000000000001,100.0,99.9,302.0,3358.0,1.37,42.95,15.040000000000001,6.97,35.980000000000004,29.02,0.0,302.0,1200.0
145861.012,59461.012,140.0,91.80000000000001,22.61,16.07,174.5,33.5,150.6,28.990000000000002,33.37,51.150000000000006,77.0,11.0,100.0,99.9,303.5,3356.0,1.6500000000000001,42.85,15.030000000000001,7.05,36.06,29.02,0.0,302.5,1200.0
145924.553,59524.553,140.0,91.9,22.650000000000002,16.07,174.0,33.7,151.6,29.1,33.39,51.45,77.5,10.9,99.80000000000001,100.0,306.5,3367.0,1.42,43.050000000000004,15.0,7.01,36.01,28.990000000000002,0.0,303.0,1200.0
145980.938,59580.938,140.0,91.30000000000001,22.64,16.05,174.5,33.550000000000004,150.6,28.990000000000002,33.5,51.400000000000006,79.0,10.8,100.0,100.0,302.0,3372.0,1.61,43.050000000000004,14.950000000000001,7.0,35.97,29.02,0.0,305.0,1200.0
146044.391,59644.391,140.0,90.30000000000001,22.68,16.02,172.5,33.45,151.70000000000002,29.05,33.37,51.400000000000006,78.5,10.8,99.60000000000001,100.0,298.5,3373.0,1.48,43.1,14.94,6.99,36.01,28.93,0.0,306.5,1200.0
146100.659,59700.659,140.0,91.10000000000001,22.580000000000002,16.06,173.0,33.5,151.8,28.94,33.43,51.35,75.5,10.850000000000001,99.80000000000001,100.0,302.5,3379.0,1.3800000000000001,43.2,15.07,7.01,36.13,28.98,0.0,303.5,1200.0
146163.964,59763.964,140.0,90.60000000000001,22.68,16.080000000000002,173.0,33.550000000000004,152.4,29.02,33.43,51.650000000000006,79.5,10.75,100.0,99.60000000000001,304.0,3387.0,1.53,43.2,15.05,7.03,35.99,29.01,1.0,302.0,1200.0
146220.153,59820.153,140.0,92.60000000000001,22.68,16.1,171.5,33.550000000000004,150.6,28.93,33.34,51.7,74.0,10.850000000000001,100.0,99.7,308.0,3388.0,1.48,43.2,14.99,7.05,35.99,28.96,3.0,310.5,1200.0
146283.276,59883.276,140.0,91.10000000000001,22.67,16.080000000000002,172.0,33.65,152.4,29.0,33.26,51.800000000000004,77.0,10.850000000000001,99.80000000000001,100.0,304.5,3390.0,1.37,43.5,14.97,7.03,35.910000000000004,28.97,1.0,310.0,1200.0
146346.378,59946.378,140.0,89.9,22.580000000000002,15.950000000000001,173.5,33.4,151.5,29.04,33.33,51.75,75.5,10.65,99.9,99.80000000000001,311.0,3396.0,1.35,43.35,15.0,7.01,35.99,28.96,0.0,310.0,1200.0
146402.346,60002.346,140.0,91.80000000000001,22.73,16.03,173.0,33.6,151.3,28.98,33.45,51.85,76.0,10.65,100.0,99.80000000000001,312.5,3404.0,1.49,43.6,15.01,6.99,35.95,28.990000000000002,0.0,314.5,1200.0
146465.155,60065.155,140.0,90.4,22.75,16.01,172.0,33.5,152.20000000000002,28.98,33.42,52.0,77.0,10.55,100.0,100.0,309.5,3401.0,1.5,43.6,14.94,7.0,36.1,28.990000000000002,2.0,311.0,1200.0
146520.868,60120.868,140.0,90.60000000000001,22.77,16.02,171.0,33.6,151.0,28.97,33.37,52.050000000000004,78.0,10.5,99.80000000000001,100.0,314.0,3409.0,1.43,43.7,14.950000000000001,7.07,35.93,28.990000000000002,0.0,311.5,1200.0
146583.567,60183.567,140.0,91.10000000000001,22.650000000000002,16.04,173.0,33.45,150.3,29.01,33.42,52.0,75.5,10.5,99.80000000000001,99.30000000000001,310.5,3411.0,1.3,43.6,14.96,7.0200000000000005,35.92,29.01,0.0,309.0,1200.0
146646.136,60246.136,140.0,90.2,22.76,16.04,171.5,33.5,152.1,28.98,33.43,52.1,76.0,10.55,100.0,99.80000000000001,310.5,3412.0,1.52,43.650000000000006,15.05,6.93,36.04,29.07,0.0,305.5,1200.0
146701.761,60301.761,140.0,91.60000000000001,22.69,16.11,170.5,33.550000000000004,151.9,29.01,33.45,52.150000000000006,76.5,10.55,100.0,99.5,308.5,3416.0,1.44,43.800000000000004,14.98,7.0,35.93,29.03,0.0,309.0,1200.0
146764.259,60364.259,140.0,89.60000000000001,22.69,16.0,172.5,33.45,149.1,28.95,33.46,52.2,76.0,10.600000000000001,100.0,100.0,314.5,3421.0,1.42,43.95,15.0,7.04,35.97,28.95,0.0,310.0,1200.0
146826.716,60426.716,140.0,90.30000000000001,22.64,16.0,171.0,33.6,150.6,28.93,33.4,52.2,72.5,10.450000000000001,100.0,99.7,312.5,3423.0,1.3900000000000001,43.95,14.96,7.04,36.01,28.97,1.0,313.0,1200.0
146882.197,60482.197,140.0,91.60000000000001,22.62,16.01,171.0,33.550000000000004,152.0,28.97,33.35,52.300000000000004,73.0,10.5,100.0,100.0,314.0,3421.0,1.3900000000000001,43.900000000000006,14.99,7.0,36.03,29.060000000000002,0.0,312.5,1200.0
146944.526,60544.526,140.0,91.60000000000001,22.61,16.02,171.0,33.45,151.4,29.04,33.35,52.400000000000006,74.5,10.4,100.0,100.0,313.5,3428.0,1.3900000000000001,43.95,15.01,7.0200000000000005,35.910000000000004,28.990000000000002,2.0,310.0,1200.0
147006.858,60606.858,140.0,91.10000000000001,22.67,16.02,172.0,33.550000000000004,152.5,29.01,33.39,52.25,75.0,10.4,100.0,99.80000000000001,316.0,3431.0,1.4000000000000001,44.050000000000004,15.07,7.0600000000000005,35.99,29.0,0.0,313.0,1200.0
147062.176,60662.176,140.0,91.0,22.61,16.02,170.5,33.5,150.8,29.09,33.38,52.35,75.5,10.25,99.60000000000001,100.0,310.5,3431.0,1.45,44.050000000000004,15.0,7.0600000000000005,35.94,28.990000000000002,1.0,316.5,1200.0
147124.404,60724.404,140.0,89.30000000000001,22.64,16.02,172.5,33.550000000000004,151.0,29.02,33.37,52.550000000000004,77.0,10.15,99.80000000000001,100.0,314.5,3438.0,1.46,44.25,15.02,6.94,35.96,29.03,2.0,316.5,1200.0
147186.519,60786.519,140.0,92.0,22.71,16.02,173.0,33.550000000000004,149.0,28.96,33.39,52.5,75.0,10.15,99.60000000000001,100.0,315.0,3441.0,1.44,44.050000000000004,14.91,6.98,36.1,28.93,0.0,315.0,1200.0
147241.713,60841.713,140.0,89.80000000000001,22.68,16.09,172.0,33.65,150.70000000000002,28.91,33.36,52.6,75.0,10.200000000000001,99.80000000000001,99.9,313.0,3439.0,1.35,44.35,14.98,7.07,35.99,28.96,0.0,316.5,1200.0
147303.729,60903.729,140.0,91.0,22.650000000000002,16.080000000000002,171.5,33.4,151.6,28.94,33.44,52.6,73.5,10.15,99.80000000000001,99.9,317.5,3445.0,1.3,44.300000000000004,14.93,6.99,36.04,28.97,1.0,315.0,1200.0
147365.68,60965.68,140.0,89.60000000000001,22.650000000000002,15.97,171.5,33.6,151.5,28.95,33.35,52.75,75.0,10.200000000000001,99.9,99.30000000000001,316.5,3451.0,1.43,44.2,14.98,6.98,36.06,28.990000000000002,0.0,313.5,1200.0
147420.702,61020.702,140.0,92.30000000000001,22.73,16.07,171.5,33.550000000000004,152.3,28.98,33.36,52.75,73.5,10.0,100.0,100.0,322.0,3454.0,1.35,44.5,14.97,6.95,36.03,28.96,1.0,316.0,1200.0
147482.505,61082.505,140.0,90.7,22.71,16.03,171.5,33.550000000000004,152.20000000000002,28.96,33.39,52.800000000000004,74.0,10.05,100.0,100.0,317.0,3450.0,1.44,44.300000000000004,15.08,6.97,35.980000000000004,29.0,0.0,315.5,1200.0
147544.281,61144.281,140.0,91.10000000000001,22.66,16.1,172.5,33.6,152.20000000000002,29.04,33.54,52.800000000000004,73.0,9.9,100.0,99.9,319.0,3461.0,1.32,44.35,15.02,6.97,35.99,29.01,0.0,320.0,1200.0
147605.948,61205.948,140.0,91.9,22.69,16.06,173.0,33.45,152.4,28.92,33.410000000000004,52.800000000000004,75.5,10.200000000000001,99.7,100.0,317.5,3461.0,1.34,44.6,15.01,6.97,36.01,29.0,0.0,316.0,1200.0
147660.909,61260.909,140.0,91.7,22.73,16.02,170.5,33.550000000000004,151.9,28.96,33.36,53.1,75.5,10.15,99.9,100.0,319.0,3467.0,1.33,44.550000000000004,14.950000000000001,7.0600000000000005,36.050000000000004,29.12,0.0,318.5,1200.0
147722.65,61322.65,140.0,91.0,22.72,16.02,169.5,33.550000000000004,153.70000000000002,28.92,33.38,53.0,75.5,9.8,100.0,99.9,319.5,3469.0,1.4000000000000001,44.6,15.09,6.98,36.03,29.03,0.0,321.0,1200.0
147784.36,61384.36,140.0,92.2,22.68,16.07,174.5,33.550000000000004,150.70000000000002,28.990000000000002,33.35,52.95,76.5,9.700000000000001,99.7,100.0,319.5,3474.0,1.5,44.45,15.01,7.0,36.02,28.990000000000002,2.0,317.5,1200.0
147846.012,61446.012,140.0,90.9,22.72,16.02,172.5,33.35,150.20000000000002,28.96,33.36,53.0,73.0,9.8,99.5,100.0,319.5,3478.0,1.3800000000000001,44.800000000000004,15.05,7.0200000000000005,35.99,28.98,0.0,317.5,1200.0
147900.757,61500.757,140.0,92.0,22.67,16.03,171.5,33.6,152.8,28.92,33.35,53.0,76.0,9.75,100.0,99.9,325.0,3481.0,1.36,44.75,14.97,7.11,35.99,29.05,0.0,323.0,1200.0
147962.372,61562.372,140.0,90.0,22.71,16.1,173.5,33.4,151.6,28.88,33.33,53.150000000000006,76.0,9.700000000000001,100.0,100.0,322.5,3481.0,1.17,44.7,14.950000000000001,7.01,36.02,29.02,1.0,317.5,1200.0
148023.845,61623.845,140.0,92.4,22.650000000000002,16.05,171.5,33.4,150.5,28.96,33.36,53.150000000000006,74.5,9.8,100.0,100.0,320.0,3482.0,1.52,44.75,14.94,6.98,35.99,29.1,0.0,323.0,1200.0
148085.369,61685.369,140.0,91.4,22.62,16.06,169.0,33.45,150.3,28.86,33.3,53.25,74.0,9.700000000000001,99.80000000000001,100.0,320.0,3484.0,1.41,44.900000000000006,14.99,7.0600000000000005,36.0,29.05,0.0,318.0,1200.0
148146.746,61746.746,140.0,91.0,22.650000000000002,16.01,172.0,33.45,151.1,28.96,33.35,53.35,71.5,9.600000000000001,100.0,99.7,323.5,3492.0,1.4000000000000001,45.050000000000004,14.98,7.0200000000000005,36.050000000000004,28.94,0.0,320.5,1200.0
148201.357,61801.357,140.0,89.30000000000001,22.7,16.06,170.5,33.4,150.6,28.88,33.22,53.35,73.5,9.5,99.80000000000001,99.80000000000001,325.5,3490.0,1.41,45.050000000000004,14.97,7.07,35.96,28.98,1.0,320.5,1200.0
148262.35,61862.35,140.0,91.10000000000001,22.66,16.1,170.5,33.4,150.5,28.75,33.3,53.25,74.0,9.600000000000001,100.0,100.0,320.5,3495.0,1.4000000000000001,45.0,15.05,6.96,35.96,29.07,0.0,323.5,1200.0
148323.371,61923.371,140.0,89.7,22.64,15.99,172.5,33.4,151.70000000000002,28.97,33.26,53.35,74.5,9.35,100.0,100.0,322.5,3505.0,1.5,45.150000000000006,15.02,7.01,35.96,29.02,0.0,321.0,1200.0
148384.22,61984.22,140.0,91.5,22.67,16.080000000000002,171.5,33.5,151.0,28.87,33.3,53.5,73.0,9.55,100.0,99.9,324.5,3505.0,1.58,45.150000000000006,15.01,7.07,36.0,28.990000000000002,0.0,327.0,1200.0
148445.083,62045.083,140.0,90.10000000000001,22.68,16.09,172.5,33.45,151.5,29.01,33.3,53.6,73.5,9.55,100.0,100.0,326.5,3510.0,1.48,45.2,14.99,7.01,36.04,29.0,0.0,324.0,1200.0
148505.785,62105.785,140.0,90.4,22.650000000000002,16.09,171.5,33.5,151.20000000000002,29.0,33.38,53.650000000000006,74.5,9.35,99.9,100.0,327.5,3508.0,1.34,45.35,14.93,6.99,36.050000000000004,28.900000000000002,3.0,325.5,1200.0
148566.489,62166.489,140.0,91.4,22.650000000000002,16.03,174.0,33.550000000000004,151.8,28.94,33.43,53.75,73.0,9.4,99.7,100.0,322.0,3514.0,1.35,45.300000000000004,15.06,6.98,35.95,29.04,0.0,330.5,1200.0
148620.351,62220.351,140.0,90.60000000000001,22.61,16.05,172.0,33.65,152.1,28.94,33.27,53.800000000000004,72.0,9.35,99.9,100.0,324.5,3522.0,1.5,45.300000000000004,15.01,7.0200000000000005,35.980000000000004,29.0,0.0,328.5,1200.0
148680.829,62280.829,140.0,91.60000000000001,22.68,16.05,172.5,33.5,150.8,29.09,33.37,53.900000000000006,71.5,9.25,100.0,99.9,333.0,3526.0,1.32,45.550000000000004,14.96,7.04,36.06,28.94,0.0,328.0,1200.0
148741.308,62341.308,140.0,91.7,22.67,16.06,172.5,33.45,150.1,28.990000000000002,33.27,53.95,72.0,9.25,100.0,100.0,325.0,3529.0,1.3800000000000001,45.5,14.99,7.0200000000000005,36.04,28.94,1.0,332.5,1200.0
148801.634,62401.634,140.0,91.2,22.68,16.01,170.5,33.5,152.8,29.04,33.38,53.95,70.5,9.200000000000001,99.7,100.0,328.5,3530.0,1.26,45.550000000000004,15.0,6.92,36.03,29.03,0.0,331.5,1200.0
148862.091,62462.091,140.0,92.60000000000001,22.61,16.05,170.0,33.6,152.70000000000002,29.04,33.37,54.050000000000004,70.5,9.35,99.80000000000001,99.9,327.0,3542.0,1.42,45.7,14.93,7.05,36.0,28.95,0.0,332.0,1200.0
148922.384,62522.384,140.0,91.80000000000001,22.67,16.05,174.0,33.550000000000004,149.8,28.990000000000002,33.36,54.2,73.5,9.200000000000001,100.0,100.0,324.0,3542.0,1.54,45.650000000000006,14.92,7.08,36.04,29.060000000000002,1.0,333.0,1200.0
148982.683,62582.683,140.0,91.7,22.64,16.0,171.0,33.4,151.5,28.98,33.37,54.150000000000006,73.5,9.200000000000001,100.0,100.0,326.0,3549.0,1.43,45.75,15.040000000000001,7.0,35.94,29.0,1.0,332.0,1200.0
149042.816,62642.816,140.0,90.30000000000001,22.69,15.92,173.0,33.65,151.70000000000002,29.04,33.33,54.1,71.5,9.05,100.0,100.0,329.5,3553.0,1.3800000000000001,45.900000000000006,14.98,6.97,35.97,29.04,2.0,335.0,1200.0
149102.928,62702.928,140.0,90.60000000000001,22.650000000000002,16.01,171.5,33.5,151.1,29.02,33.4,54.150000000000006,70.5,9.0,100.0,99.80000000000001,331.0,3558.0,1.33,45.95,15.0,7.0,36.01,28.97,2.0,338.0,1200.0
149162.891,62762.891,140.0,91.9,22.6,16.11,172.0,33.6,152.5,29.09,33.37,54.300000000000004,73.0,9.200000000000001,100.0,99.9,334.5,3568.0,1.27,46.0,15.02,7.0,36.03,28.97,0.0,337.0,1200.0
149222.878,62822.878,140.0,90.60000000000001,22.66,16.05,171.0,33.45,152.0,28.990000000000002,33.36,54.35,72.0,9.0,99.80000000000001,99.80000000000001,333.0,3564.0,1.49,46.150000000000006,15.01,7.04,36.03,29.080000000000002,1.0,331.5,1200.0
149282.775,62882.775,140.0,91.0,22.64,16.1,172.0,33.45,150.70000000000002,28.990000000000002,33.42,54.400000000000006,70.5,8.85,100.0,99.80000000000001,328.5,3562.0,1.24,46.25,15.030000000000001,6.99,36.01,29.03,3.0,332.5,1200.0
149342.68,62942.68,140.0,91.4,22.67,16.06,172.5,33.65,153.1,28.990000000000002,33.33,54.45,72.0,8.85,100.0,100.0,335.5,3557.0,1.46,46.1,14.99,6.96,35.99,28.900000000000002,1.0,331.0,1200.0
149402.496,63002.496,140.0,92.10000000000001,22.7,16.14,173.0,33.5,151.20000000000002,29.04,33.33,54.400000000000006,71.0,9.05,100.0,99.9,330.0,3561.0,1.3900000000000001,46.2,14.96,7.03,35.980000000000004,28.96,1.0,331.5,1200.0
149462.309,63062.309,140.0,90.30000000000001,22.75,16.07,172.0,33.4,151.5,29.0,33.410000000000004,54.550000000000004,70.0,8.85,99.9,99.9,332.5,3556.0,1.35,46.25,14.98,6.94,35.97,28.96,1.0,326.5,1200.0
149522.047,63122.047,140.0,91.0,22.69,16.14,172.0,33.35,151.3,29.19,33.28,54.650000000000006,70.5,8.85,100.0,100.0,331.0,3562.0,1.51,46.300000000000004,15.09,6.92,36.09,28.990000000000002,0.0,331.5,1200.0
149585.946,63185.946,140.0,90.9,22.650000000000002,16.13,173.0,33.45,150.20000000000002,29.0,33.42,54.7,73.5,8.9,99.7,100.0,333.0,3561.0,1.4000000000000001,46.45,14.96,7.09,35.97,29.03,1.0,331.0,1200.0
149645.729,63245.729,140.0,90.7,22.71,16.2,172.0,33.4,152.5,29.0,33.37,54.550000000000004,70.5,8.85,100.0,99.9,330.0,3565.0,1.41,46.25,15.030000000000001,7.03,36.03,29.080000000000002,4.0,332.5,1200.0
149705.268,63305.268,140.0,91.10000000000001,22.69,16.22,171.5,33.4,153.20000000000002,29.05,33.33,54.6,70.5,8.950000000000001,99.9,100.0,332.5,3562.0,1.3800000000000001,46.300000000000004,14.97,6.98,36.08,29.02,1.0,330.5,1200.0
149764.97,63364.97,140.0,90.10000000000001,22.66,16.29,171.5,33.5,151.70000000000002,28.91,33.230000000000004,54.45,71.0,9.1,99.9,99.80000000000001,334.0,3559.0,1.42,46.35,14.98,6.98,35.980000000000004,29.0,2.0,331.0,1200.0
149824.569,63424.569,140.0,91.2,22.62,16.21,171.5,33.25,151.3,28.96,33.3,54.7,73.0,8.85,100.0,99.9,332.5,3559.0,1.41,46.400000000000006,15.01,6.99,35.94,28.96,0.0,333.5,1200.0
149884.034,63484.034,140.0,90.5,22.72,16.22,173.0,33.300000000000004,150.1,28.96,33.25,54.75,74.0,8.9,100.0,99.9,335.0,3557.0,1.36,46.5,15.0,7.01,35.97,29.04,0.0,335.5,1200.0
149943.66,63543.66,140.0,92.30000000000001,22.61,16.31,171.5,33.4,151.6,29.02,33.17,54.7,73.5,8.85,99.80000000000001,99.60000000000001,330.5,3558.0,1.36,46.35,14.92,6.98,35.980000000000004,28.92,0.0,333.5,1200.0
150003.185,63603.185,140.0,90.7,22.62,16.32,172.0,33.25,151.8,28.95,33.1,54.7,71.5,8.950000000000001,100.0,99.9,328.0,3562.0,1.09,46.300000000000004,14.96,7.04,35.910000000000004,28.900000000000002,0.0,329.0,1200.0
150062.624,63662.624,140.0,91.0,22.68,16.47,172.0,33.25,150.8,28.92,33.15,54.6,72.5,8.950000000000001,100.0,100.0,327.5,3561.0,1.35,46.45,14.950000000000001,6.99,36.0,28.990000000000002,2.0,331.0,1200.0
150122.207,63722.207,140.0,90.0,22.64,16.35,170.5,33.25,150.9,28.98,33.1,54.7,73.0,9.15,100.0,100.0,331.5,3557.0,1.47,46.400000000000006,14.97,7.0200000000000005,35.97,29.02,3.0,335.5,1200.0
150181.687,63781.687,140.0,92.0,22.66,16.42,170.5,33.2,152.6,28.96,33.09,54.650000000000006,72.0,9.1,100.0,99.9,337.0,3557.0,1.24,46.550000000000004,15.0,7.0,35.99,29.03,0.0,332.5,1200.0
150241.035,63841.035,140.0,91.9,22.650000000000002,16.45,173.0,33.2,151.70000000000002,28.900000000000002,33.09,54.6,73.5,9.25,99.7,100.0,333.5,3562.0,1.44,46.550000000000004,15.030000000000001,6.99,35.96,28.900000000000002,0.0,337.5,1200.0
150300.531,63900.531,140.0,91.30000000000001,22.7,16.52,171.5,33.15,151.3,28.900000000000002,33.07,54.75,71.5,9.0,100.0,100.0,334.5,3556.0,1.44,46.550000000000004,15.01,7.0200000000000005,35.88,29.09,0.0,332.0,1200.0
150365.885,63965.885,140.0,90.7,22.580000000000002,16.51,171.5,33.2,152.0,28.94,33.1,54.550000000000004,72.5,9.05,100.0,100.0,334.5,3555.0,1.35,46.7,14.93,7.01,36.01,29.04,0.0,333.0,1200.0
150425.149,64025.149,140.0,91.2,22.61,16.490000000000002,170.5,33.15,151.3,28.94,33.09,54.650000000000006,71.0,9.25,100.0,100.0,337.5,3564.0,1.3800000000000001,46.550000000000004,15.0,6.98,36.01,28.93,1.0,340.5,1200.0
150484.464,64084.464,140.0,90.2,22.69,16.56,168.0,33.2,151.5,28.900000000000002,32.910000000000004,54.650000000000006,71.0,9.25,100.0,100.0,338.0,3561.0,1.5,46.6,14.99,7.0200000000000005,35.93,28.96,0.0,340.5,1200.0
150543.854,64143.854,140.0,90.80000000000001,22.6,16.6,169.0,33.15,150.0,29.01,32.980000000000004,54.7,71.0,9.200000000000001,100.0,100.0,340.5,3559.0,1.24,46.800000000000004,15.0,7.05,35.99,29.04,0.0,333.5,1200.0
150603.032,64203.032,140.0,92.30000000000001,22.63,16.63,169.5,33.0,151.6,29.01,33.05,54.7,71.5,9.25,100.0,99.5,343.5,3557.0,1.22,46.7,14.950000000000001,7.0,36.0,28.94,1.0,335.5,1200.0
150662.339,64262.339,140.0,90.30000000000001,22.650000000000002,16.66,167.5,33.1,152.70000000000002,28.990000000000002,32.84,54.7,73.5,9.200000000000001,100.0,100.0,337.5,3565.0,1.5,46.900000000000006,15.02,7.0200000000000005,35.96,29.0,0.0,336.0,1200.0
150721.702,64321.702,140.0,89.60000000000001,22.72,16.65,169.5,32.95,149.5,28.96,32.82,54.75,72.5,9.200000000000001,100.0,99.80000000000001,332.0,3562.0,1.28,47.1,14.99,7.05,36.03,29.02,0.0,342.0,1200.0
150780.85,64380.85,140.0,89.60000000000001,22.7,16.76,169.5,33.1,151.4,28.93,32.87,54.800000000000004,72.0,9.25,99.7,99.7,337.0,3560.0,1.36,46.85,14.96,7.0200000000000005,35.93,28.990000000000002,1.0,340.0,1200.0
150840.075,64440.075,140.0,90.9,22.67,16.8,170.0,32.9,152.6,28.86,32.81,54.650000000000006,72.5,9.3,100.0,100.0,335.5,3553.0,1.26,47.050000000000004,15.05,6.96,35.980000000000004,28.95,0.0,340.5,1200.0
150905.247,64505.247,140.0,90.2,22.740000000000002,16.77,169.0,32.9,152.8,28.990000000000002,32.81,54.75,72.0,9.35,100.0,100.0,341.5,3561.0,1.52,47.050000000000004,14.950000000000001,7.0200000000000005,36.02,29.01,0.0,339.5,1200.0
150964.395,64564.395,140.0,89.60000000000001,22.71,16.86,169.5,32.85,151.20000000000002,28.900000000000002,32.79,54.800000000000004,72.0,9.35,100.0,99.60000000000001,340.0,3559.0,1.32,47.25,14.99,7.03,35.96,29.0,0.0,337.0,1200.0
151023.433,64623.433,140.0,90.7,22.68,16.89,170.5,33.050000000000004,150.8,28.91,32.77,54.7,73.5,9.450000000000001,100.0,99.60000000000001,338.5,3567.0,1.44,47.25,15.11,7.01,35.96,29.0,0.0,340.5,1200.0
151082.653,64682.653,140.0,91.10000000000001,22.66,16.91,165.5,32.95,153.8,28.85,32.8,54.85,76.5,9.600000000000001,99.80000000000001,100.0,340.5,3558.0,1.42,47.2,15.0,6.99,36.06,29.04,0.0,338.0,1200.0
151141.719,64741.719,140.0,91.60000000000001,22.71,16.95,168.0,32.9,151.6,28.94,32.76,54.900000000000006,73.0,9.4,100.0,99.60000000000001,339.5,3557.0,1.57,47.150000000000006,14.98,7.05,36.04,29.01,2.0,342.0,1200.0
151200.68,64800.68,140.0,91.9,22.75,17.02,164.0,32.9,151.9,28.89,32.72,54.95,71.5,9.4,99.80000000000001,100.0,338.0,3563.0,1.57,47.35,15.05,6.98,36.0,29.0,0.0,340.0,1200.0
151264.532,64864.532,140.0,91.0,22.51,16.9,169.0,32.85,150.6,28.91,32.68,54.900000000000006,73.5,9.35,100.0,100.0,340.0,3559.0,1.22,47.400000000000006,14.97,6.96,35.92,28.990000000000002,0.0,341.0,1200.0
151322.748,64922.748,140.0,91.7,22.46,16.85,170.5,32.800000000000004,150.6,28.85,32.61,54.800000000000004,73.5,9.5,99.80000000000001,99.7,339.5,3561.0,1.47,47.400000000000006,15.01,7.0,36.050000000000004,29.03,0.0,341.5,1200.0
151380.916,64980.916,140.0,90.9,22.31,16.81,166.5,32.75,152.8,28.8,32.57,54.75,72.0,9.450000000000001,100.0,99.80000000000001,341.0,3557.0,1.37,47.35,14.99,6.96,35.980000000000004,29.02,0.0,335.0,1200.0
151444.878,65044.878,140.0,90.10000000000001,22.16,16.67,167.5,32.5,149.5,28.91,32.49,54.85,72.0,9.35,100.0,99.80000000000001,342.0,3558.0,1.45,47.400000000000006,14.950000000000001,6.99,36.050000000000004,29.09,0.0,338.5,1200.0
151503.074,65103.074,140.0,91.0,22.1,16.6,167.0,32.6,151.5,28.900000000000002,32.49,54.75,73.5,9.3,99.4,100.0,339.5,3561.0,1.46,47.35,15.030000000000001,6.97,36.07,28.95,0.0,340.5,1200.0
151561.386,65161.386,140.0,92.2,22.02,16.62,168.5,32.550000000000004,148.9,28.84,32.45,54.800000000000004,74.5,9.3,99.9,100.0,338.0,3563.0,1.46,47.25,14.950000000000001,7.0200000000000005,35.980000000000004,29.060000000000002,0.0,338.5,1200.0
151625.52,65225.52,140.0,89.9,21.95,16.48,168.0,32.7,152.5,28.85,32.480000000000004,54.95,71.5,9.1,99.80000000000001,100.0,339.0,3565.0,1.49,47.35,15.06,7.0,35.96,28.900000000000002,0.0,338.0,1200.0
151683.834,65283.834,140.0,91.10000000000001,21.75,16.35,167.5,32.6,151.9,28.92,32.51,54.900000000000006,72.0,9.15,100.0,100.0,340.5,3565.0,1.48,47.050000000000004,15.06,7.07,35.99,28.95,0.0,334.0,1200.0
151742.214,65342.214,140.0,91.30000000000001,21.67,16.26,168.5,32.550000000000004,150.4,28.94,32.45,54.85,71.0,9.15,99.80000000000001,100.0,339.0,3559.0,1.33,47.1,15.02,6.88,35.94,28.98,0.0,332.5,1200.0
151800.648,65400.648,140.0,91.9,21.41,16.28,165.5,32.45,151.4,28.89,32.37,54.800000000000004,70.5,9.0,99.7,100.0,338.0,3564.0,1.32,47.050000000000004,14.94,7.0,36.04,29.05,1.0,337.5,1200.0
151861.252,65461.252,140.0,92.5,21.64,16.44,167.5,32.45,151.1,28.87,32.36,54.85,72.0,9.25,100.0,99.9,336.0,3556.0,1.46,46.75,14.99,6.99,36.0,29.02,1.0,331.0,1200.0
151920.915,65520.915,140.0,91.10000000000001,21.79,16.5,167.5,32.550000000000004,151.1,28.93,32.29,54.95,73.0,9.25,100.0,100.0,339.5,3557.0,1.27,46.85,14.96,7.07,35.9,28.990000000000002,2.0,341.0,1200.0
151981.608,65581.608,140.0,90.0,21.93,16.65,165.0,32.25,150.9,28.79,32.24,54.900000000000006,73.5,9.5,100.0,100.0,339.0,3556.0,1.53,46.95,14.94,6.99,36.06,28.98,0.0,337.0,1200.0
152041.814,65641.814,140.0,91.2,22.01,16.79,166.5,32.35,152.4,28.78,32.28,54.800000000000004,73.5,9.5,99.9,99.80000000000001,339.0,3558.0,1.3800000000000001,47.0,15.030000000000001,6.97,36.050000000000004,29.09,0.0,345.5,1200.0
152100.854,65700.854,140.0,90.80000000000001,22.12,16.990000000000002,165.5,32.35,151.70000000000002,28.88,32.21,54.900000000000006,74.5,9.600000000000001,99.9,99.80000000000001,340.5,3566.0,1.54,47.0,15.030000000000001,7.0600000000000005,36.01,29.04,0.0,342.0,1200.0
152162.237,65762.237,140.0,91.2,22.240000000000002,17.06,167.0,32.300000000000004,152.70000000000002,28.85,32.26,54.85,73.0,9.700000000000001,100.0,99.5,339.5,3563.0,1.55,47.1,15.040000000000001,6.97,35.95,28.990000000000002,2.0,341.0,1200.0
152221.37,65821.37,140.0,89.4,22.38,17.16,165.5,32.4,150.1,28.75,32.21,54.900000000000006,74.5,9.700000000000001,99.80000000000001,100.0,342.0,3555.0,1.36,47.25,14.97,7.0200000000000005,35.980000000000004,28.96,0.0,339.5,1200.0
152280.523,65880.523,140.0,91.30000000000001,22.47,17.37,166.5,32.2,149.70000000000002,28.82,32.18,54.900000000000006,74.0,10.05,100.0,100.0,342.5,3561.0,1.41,47.400000000000006,14.99,6.98,35.92,29.04,2.0,345.0,1200.0
152342.573,65942.573,140.0,91.5,22.650000000000002,17.490000000000002,163.5,32.25,150.6,28.68,32.11,54.85,76.0,10.15,99.9,100.0,344.5,3558.0,1.45,47.45,14.97,7.04,35.93,29.03,0.0,340.5,1200.0
152407.238,66007.238,140.0,90.7,22.79,17.6,164.5,32.25,152.0,28.8,32.11,54.85,75.0,10.100000000000001,100.0,99.9,338.5,3565.0,1.46,47.800000000000004,14.93,6.96,35.95,28.97,0.0,343.5,1200.0
152463.423,66063.423,140.0,90.9,22.62,17.56,165.5,32.4,150.6,28.7,32.22,54.800000000000004,74.5,10.0,100.0,100.0,342.5,3557.0,1.44,47.900000000000006,14.96,7.05,35.97,28.990000000000002,0.0,343.0,1200.0
152522.624,66122.624,140.0,91.7,22.5,17.490000000000002,163.0,32.25,151.4,28.79,32.02,55.0,77.0,10.0,99.4,100.0,338.5,3561.0,1.4000000000000001,47.75,15.040000000000001,6.98,36.050000000000004,29.07,1.0,342.0,1200.0
152580.315,66180.315,140.0,90.30000000000001,22.330000000000002,17.41,162.5,32.050000000000004,151.4,28.94,32.17,54.95,76.5,10.200000000000001,100.0,100.0,338.0,3561.0,1.34,47.900000000000006,15.05,7.07,35.9,28.990000000000002,0.0,342.0,1200.0
152643.537,66243.537,140.0,93.4,22.28,17.330000000000002,164.5,32.050000000000004,152.20000000000002,28.830000000000002,32.03,54.900000000000006,78.5,10.05,99.80000000000001,100.0,340.5,3560.0,1.31,47.900000000000006,14.99,7.0,36.02,29.05,0.0,343.0,1200.0
152701.386,66301.386,140.0,91.2,22.11,17.28,163.5,32.15,152.1,28.8,32.07,55.0,74.5,10.0,99.7,99.9,342.0,3559.0,1.48,47.95,15.01,7.03,35.96,28.97,1.0,340.5,1200.0
152765.362,66365.362,140.0,91.9,21.91,17.18,167.0,31.950000000000003,150.5,28.86,32.0,55.050000000000004,76.0,9.850000000000001,100.0,100.0,344.0,3561.0,1.31,47.95,14.98,6.95,36.0,29.0,0.0,342.5,1200.0
152823.439,66423.439,140.0,90.9,21.86,17.080000000000002,165.0,32.050000000000004,151.5,28.810000000000002,32.01,55.050000000000004,75.5,9.950000000000001,100.0,100.0,340.0,3557.0,1.2,47.900000000000006,14.98,7.0200000000000005,35.92,28.98,0.0,340.5,1200.0
152881.103,66481.103,140.0,89.80000000000001,21.77,16.97,163.0,31.950000000000003,152.6,28.85,31.96,55.050000000000004,74.0,9.850000000000001,99.60000000000001,99.9,342.5,3557.0,1.42,47.7,14.99,6.99,35.97,28.900000000000002,3.0,340.0,1200.0
152944.89,66544.89,140.0,91.5,21.6,16.830000000000002,165.0,31.950000000000003,151.70000000000002,28.77,31.87,55.1,74.5,9.850000000000001,100.0,99.7,339.5,3568.0,1.3900000000000001,47.75,14.98,6.99,35.99,29.1,0.0,338.0,1200.0
153003.063,66603.063,140.0,92.30000000000001,21.46,16.85,162.0,32.1,150.8,28.88,31.89,55.050000000000004,74.5,9.8,99.4,99.4,336.5,3562.0,1.48,47.75,14.96,7.05,36.02,28.97,0.0,338.0,1200.0
153061.949,66661.949,140.0,92.0,21.42,16.81,164.0,31.85,151.70000000000002,28.830000000000002,31.84,55.1,74.0,9.850000000000001,99.9,100.0,343.0,3561.0,1.34,47.650000000000006,15.030000000000001,7.03,36.03,28.95,0.0,341.0,1200.0
153120.485,66720.485,140.0,91.0,21.48,16.91,165.0,31.85,151.3,28.82,31.82,55.050000000000004,75.0,10.0,99.4,99.9,338.0,3562.0,1.35,47.5,14.97,6.96,36.04,29.03,1.0,340.0,1200.0
153185.15,66785.15,140.0,89.5,21.46,16.9,163.5,32.050000000000004,152.9,28.89,31.76,55.1,75.0,10.0,100.0,100.0,339.0,3559.0,1.4000000000000001,47.650000000000006,14.98,6.98,35.99,29.03,1.0,339.0,1200.0
153244.14,66844.14,140.0,92.9,21.490000000000002,16.95,165.0,31.8,153.0,28.89,31.86,55.150000000000006,72.5,9.9,100.0,100.0,340.0,3560.0,1.3800000000000001,47.550000000000004,14.96,6.98,36.04,29.05,1.0,336.5,1200.0
153302.753,66902.753,140.0,91.0,21.34,17.0,164.5,31.85,151.5,28.8,31.75,55.1,74.5,10.05,100.0,100.0,337.0,3556.0,1.33,47.550000000000004,14.99,7.03,35.99,29.150000000000002,0.0,335.5,1200.0
153361.395,66961.395,140.0,91.30000000000001,21.35,16.990000000000002,163.0,31.700000000000003,151.1,28.94,31.830000000000002,55.150000000000006,74.0,9.9,99.7,99.7,337.5,3559.0,1.26,47.550000000000004,14.97,7.09,36.01,28.93,1.0,340.5,1200.0
153420.339,67020.339,140.0,91.60000000000001,21.35,16.95,162.5,31.75,150.1,28.84,31.73,55.150000000000006,75.5,10.0,100.0,99.80000000000001,341.5,3562.0,1.46,47.550000000000004,15.02,6.93,35.88,29.07,1.0,342.5,1200.0
153484.916,67084.916,140.0,91.0,21.31,17.04,162.5,31.950000000000003,150.70000000000002,28.87,31.580000000000002,55.050000000000004,74.0,10.200000000000001,100.0,99.9,340.0,3558.0,1.26,47.550000000000004,15.01,7.0200000000000005,36.09,28.95,1.0,338.0,1200.0
153543.41,67143.41,140.0,90.7,21.32,17.05,163.0,31.950000000000003,150.6,28.900000000000002,31.720000000000002,54.95,74.0,10.15,100.0,100.0,341.5,3561.0,1.44,47.550000000000004,15.040000000000001,7.05,35.96,29.02,2.0,343.5,1200.0
153602.214,67202.214,140.0,90.7,21.36,16.96,164.0,31.6,150.1,28.78,31.560000000000002,55.050000000000004,74.0,10.05,100.0,99.7,333.0,3557.0,1.46,47.5,14.99,7.04,35.97,29.0,1.0,340.5,1200.0
153661.117,67261.117,140.0,90.7,21.36,17.06,160.5,31.700000000000003,151.1,28.84,31.64,55.150000000000006,75.5,10.25,100.0,100.0,338.0,3565.0,1.3900000000000001,47.5,14.99,6.98,36.0,28.88,2.0,337.0,1200.0
153725.664,67325.664,140.0,89.60000000000001,21.29,17.07,161.5,31.650000000000002,149.20000000000002,28.79,31.64,55.150000000000006,75.0,10.15,100.0,100.0,340.5,3562.0,1.53,47.7,15.1,7.04,36.02,28.96,1.0,342.5,1200.0
153784.323,67384.323,140.0,90.60000000000001,21.38,17.150000000000002,164.0,31.650000000000002,151.20000000000002,28.78,31.53,55.050000000000004,73.5,10.100000000000001,100.0,99.7,341.5,3556.0,1.53,47.800000000000004,15.06,7.01,35.99,29.05,0.0,337.5,1200.0
153843.31,67443.31,140.0,91.4,21.36,17.19,162.0,31.55,152.6,28.810000000000002,31.560000000000002,55.1,76.5,10.25,100.0,100.0,342.0,3562.0,1.44,47.7,14.94,7.08,36.01,29.05,2.0,338.5,1200.0
153901.946,67501.946,140.0,91.60000000000001,21.25,17.19,162.5,31.5,151.3,28.900000000000002,31.42,55.050000000000004,76.5,10.350000000000001,100.0,99.5,345.0,3561.0,1.35,47.650000000000006,14.97,7.0200000000000005,35.980000000000004,28.97,1.0,342.0,1200.0
153960.581,67560.581,140.0,88.9,21.31,17.2,161.0,31.5,150.70000000000002,28.87,31.48,55.0,74.5,10.450000000000001,100.0,100.0,340.0,3559.0,1.41,47.75,14.96,7.0200000000000005,36.01,29.0,0.0,341.5,1200.0
154025.306,67625.306,140.0,89.5,21.3,17.28,163.0,31.700000000000003,150.0,28.78,31.48,55.150000000000006,75.0,10.5,99.4,99.80000000000001,336.5,3561.0,1.59,47.650000000000006,15.02,7.0200000000000005,36.03,28.990000000000002,0.0,343.5,1200.0
154084.143,67684.143,140.0,90.5,21.37,17.34,163.0,31.55,151.3,28.85,31.43,55.150000000000006,76.5,10.4,99.5,99.9,344.0,3563.0,1.59,47.800000000000004,14.96,6.97,35.910000000000004,29.04,0.0,343.5,1200.0
154142.631,67742.631,140.0,91.9,21.3,17.35,160.5,31.35,152.6,28.73,31.400000000000002,55.150000000000006,75.0,10.65,99.5,99.7,340.5,3561.0,1.44,47.75,14.98,7.07,35.99,29.04,1.0,337.5,1200.0
154201.467,67801.467,140.0,89.2,21.330000000000002,17.34,161.5,31.35,150.4,28.75,31.36,55.25,77.0,10.600000000000001,99.9,100.0,336.5,3561.0,1.62,47.800000000000004,15.0,6.97,35.910000000000004,28.990000000000002,0.0,336.0,1200.0
154260.648,67860.648,140.0,91.7,21.39,17.46,162.0,31.400000000000002,151.8,28.78,31.37,55.1,76.5,10.9,100.0,99.60000000000001,339.5,3561.0,1.47,47.800000000000004,15.01,6.91,36.01,28.990000000000002,0.0,342.5,1200.0
154325.354,67925.354,140.0,90.9,21.41,17.63,161.0,31.25,151.6,28.810000000000002,31.27,55.2,79.0,10.850000000000001,100.0,99.7,340.0,3563.0,1.34,47.85,15.030000000000001,7.01,36.02,29.080000000000002,0.0,340.0,1200.0
154384.147,67984.147,140.0,92.10000000000001,21.490000000000002,17.7,158.5,31.400000000000002,152.9,28.79,31.310000000000002,55.2,77.0,10.850000000000001,99.5,99.9,337.5,3558.0,1.3800000000000001,47.85,15.05,6.99,36.0,29.03,0.0,344.0,1200.0
154443.457,68043.457,140.0,88.30000000000001,21.6,17.78,160.0,31.3,152.5,28.84,31.28,55.35,76.5,11.100000000000001,99.80000000000001,99.80000000000001,337.5,3559.0,1.48,48.0,14.96,7.07,36.03,29.03,0.0,341.0,1200.0
154502.049,68102.049,140.0,90.2,21.69,17.92,161.5,31.35,149.9,28.87,31.26,55.25,77.5,11.200000000000001,100.0,100.0,339.0,3567.0,1.5,48.050000000000004,15.0,7.0200000000000005,35.95,29.05,0.0,337.5,1200.0
154560.777,68160.777,140.0,91.4,21.73,17.97,160.5,31.35,152.20000000000002,28.82,31.23,55.300000000000004,77.5,11.4,100.0,100.0,342.5,3559.0,1.37,48.150000000000006,15.02,6.91,36.050000000000004,28.94,0.0,343.0,1200.0
154620.083,68220.083,140.0,91.0,21.76,18.11,160.5,31.35,149.4,28.86,31.28,55.45,78.5,11.25,100.0,100.0,334.5,3563.0,1.3800000000000001,48.25,15.0,7.01,35.93,29.0,0.0,338.5,1200.0
154684.65,68284.65,140.0,91.0,21.86,18.25,161.5,31.3,151.6,28.810000000000002,31.240000000000002,55.5,79.5,11.450000000000001,99.60000000000001,100.0,342.5,3559.0,1.41,48.300000000000004,14.98,7.01,36.03,28.95,3.0,342.5,1200.0
154742.868,68342.868,140.0,89.4,21.94,18.26,161.0,31.35,152.0,28.84,31.23,55.400000000000006,77.0,11.5,99.9,99.9,345.0,3560.0,1.35,48.400000000000006,15.01,7.01,35.980000000000004,29.05,0.0,344.0,1200.0
154802.14,68402.14,140.0,92.0,21.98,18.41,157.0,31.25,151.0,28.89,31.19,55.35,78.0,11.9,100.0,100.0,335.5,3561.0,1.45,48.400000000000006,14.96,6.96,35.95,29.01,2.0,341.0,1200.0
154860.261,68460.261,140.0,91.9,21.94,18.37,159.5,31.200000000000003,152.1,28.82,31.14,55.35,81.0,11.75,100.0,99.7,343.0,3559.0,1.34,48.75,15.01,7.0,35.92,28.98,1.0,338.0,1200.0
154923.022,68523.022,0.0,90.0,21.95,21.98,147.5,28.900000000000002,150.1,28.87,28.740000000000002,28.950000000000003,117.5,21.75,2.3000000000000003,21.700000000000003,0.0,546.0,0.05,43.95,14.96,6.98,36.04,28.97,0.0,0.0,0.0
154982.684,68582.684,0.2,91.2,21.92,21.98,149.5,28.900000000000002,151.4,28.77,28.91,29.0,113.5,21.75,0.0,22.400000000000002,2.5,99.0,0.02,40.400000000000006,14.94,7.0,36.0,29.01,1.0,1.5,0.5
155047.127,68647.127,0.0,91.5,21.84,21.84,145.5,28.950000000000003,151.3,28.77,28.8,29.0,114.0,21.900000000000002,0.0,21.5,0.0,14.0,0.06,37.300000000000004,15.01,7.01,35.95,29.09,0.0,0.0,0.5
155113.122,68713.122,0.2,89.80000000000001,21.82,21.740000000000002,147.5,28.8,150.9,28.87,28.8,28.85,114.5,21.85,0.0,21.8,1.5,7.0,0.01,34.6,15.01,6.97,35.980000000000004,28.93,3.0,0.0,0.0
155188.726,68788.726,0.0,91.7,21.650000000000002,21.71,144.5,28.950000000000003,151.4,28.71,28.73,28.950000000000003,115.0,21.700000000000003,0.1,21.400000000000002,0.0,5.0,0.01,31.8,15.040000000000001,7.03,36.050000000000004,29.060000000000002,0.0,0.0,0.0
155230.106,68830.106,0.1,90.7,21.78,21.72,149.0,28.85,151.9,28.75,28.72,28.900000000000002,114.5,21.650000000000002,0.0,22.200000000000003,0.0,1.0,0.04,30.400000000000002,14.97,7.05,36.0,28.98,0.0,0.0,2.5
155286.508,68886.508,0.0,90.5,21.7,21.66,145.5,28.900000000000002,152.6,28.82,28.75,28.8,114.5,21.55,0.2,21.5,7.5,1.0,0.11,28.3,14.98,6.98,35.99,29.02,0.0,0.0,0.0
155343.993,68943.993,0.0,91.7,21.61,21.68,147.0,28.900000000000002,151.0,28.740000000000002,28.810000000000002,28.85,112.5,21.650000000000002,0.0,21.900000000000002,0.0,2.0,0.0,27.05,14.950000000000001,7.0200000000000005,35.99,29.01,1.0,0.0,1.0
155402.984,69002.984,0.0,92.5,21.66,21.68,150.5,29.05,152.1,28.79,28.68,28.75,113.5,21.55,0.30000000000000004,21.8,0.0,1.0,0.0,26.05,14.99,6.98,36.08,29.02,0.0,0.0,2.0
155462.48,69062.48,0.0,91.2,21.650000000000002,21.59,148.5,28.900000000000002,151.6,28.810000000000002,28.79,28.900000000000002,114.0,21.55,0.6000000000000001,21.700000000000003,0.0,3.0,0.0,25.25,14.92,7.03,36.0,29.07,0.0,0.0,5.0
