time_s,scenario_time_s,HT-CH-01-AMPS,HT-CH-01-CHWFLOW,HT-CH-01-CHWRT,HT-CH-01-CHWST,HT-CH-01-CONDP,HT-CH-01-CONDT,HT-CH-01-CWFLOW,HT-CH-01-CWRT,HT-CH-01-CWST,HT-CH-01-DISCT,HT-CH-01-EVAPP,HT-CH-01-EVAPT,HT-CH-01-EXV,HT-CH-01-IGV,HT-CH-01-KW,HT-CH-01-RPM,HT-CH-01-VIB,HT-CH-01-WINDT,PLANT-CHWRT,PLANT-CHWST,PLANT-CWRT,PLANT-CWST,PLANT-DP,PLANT-KW,PLANT-LOAD
0.0,0.0,140.0,101.60000000000001,24.35,15.97,184.5,36.0,148.1,29.52,35.78,34.6,90.5,15.65,76.0,100.0,359.0,3328.0,1.34,45.2,15.06,6.94,36.01,28.97,1.0,359.5,1200.0
63.126,0.0,140.0,103.60000000000001,24.38,16.04,186.5,36.050000000000004,149.9,29.47,35.68,34.7,93.0,15.450000000000001,75.5,99.80000000000001,362.0,3331.0,1.42,45.300000000000004,15.0,7.04,36.0,29.03,3.0,357.5,1200.0
123.467,0.0,140.0,100.7,24.38,15.93,184.5,35.800000000000004,149.0,29.52,35.64,34.550000000000004,92.0,15.55,75.8,100.0,361.5,3327.0,1.36,45.35,14.96,7.03,36.04,28.85,0.0,360.0,1200.0
183.622,0.0,140.0,102.10000000000001,24.310000000000002,15.950000000000001,186.5,35.9,149.3,29.51,35.730000000000004,34.65,92.0,15.65,75.5,99.7,358.0,3334.0,1.37,45.2,15.02,7.07,36.0,29.01,0.0,359.5,1200.0
243.71,0.0,140.0,101.30000000000001,24.38,15.97,184.0,35.800000000000004,147.9,29.43,35.67,34.45,91.5,15.65,75.60000000000001,99.80000000000001,357.5,3326.0,1.49,45.300000000000004,15.05,7.0,36.08,29.02,0.0,358.5,1200.0
303.764,0.0,140.0,101.10000000000001,24.38,15.92,184.0,35.75,148.1,29.43,35.6,34.6,90.0,15.8,76.2,99.7,357.0,3330.0,1.5,45.2,15.02,6.99,36.04,29.1,0.0,362.0,1200.0
363.8,0.0,140.0,102.80000000000001,24.330000000000002,16.04,184.5,35.75,146.70000000000002,29.43,35.61,34.45,91.5,15.600000000000001,76.10000000000001,99.5,356.0,3323.0,1.32,45.2,15.02,6.99,35.93,29.03,0.0,364.5,1200.0
423.825,0.0,140.0,101.2,24.36,15.99,185.5,35.9,150.3,29.400000000000002,35.63,34.6,92.0,15.600000000000001,75.4,99.5,352.0,3330.0,1.28,44.95,15.0,6.99,36.01,28.92,0.0,357.5,1200.0
483.842,0.0,140.0,104.0,24.35,16.04,185.0,35.800000000000004,150.20000000000002,29.42,35.49,34.550000000000004,92.0,15.55,75.9,99.9,356.0,3324.0,1.21,45.2,15.040000000000001,6.94,35.980000000000004,28.94,0.0,354.0,1200.0
543.854,0.0,140.0,101.60000000000001,24.34,16.0,184.5,35.85,149.0,29.48,35.67,34.6,92.0,15.600000000000001,76.10000000000001,100.0,357.0,3320.0,1.49,45.150000000000006,15.040000000000001,7.0200000000000005,36.07,29.1,4.0,352.5,1200.0
603.862,0.0,140.0,101.4,24.37,16.03,183.0,35.7,147.9,29.41,35.550000000000004,34.5,91.5,15.700000000000001,76.0,100.0,353.0,3318.0,1.46,45.2,14.99,6.97,35.99,28.97,0.0,354.5,1200.0
663.867,0.0,140.0,102.9,24.330000000000002,15.94,184.0,35.7,151.3,29.39,35.53,34.6,90.5,15.5,75.9,100.0,361.0,3318.0,1.48,45.050000000000004,15.08,6.96,35.980000000000004,28.990000000000002,0.0,357.0,1200.0
723.87,0.0,140.0,103.60000000000001,24.37,16.04,185.0,35.85,148.1,29.35,35.53,34.550000000000004,93.5,15.450000000000001,75.2,100.0,353.5,3317.0,1.5,45.050000000000004,14.950000000000001,7.09,36.050000000000004,29.02,0.0,357.5,1200.0
783.872,0.0,140.0,102.4,24.400000000000002,15.98,185.0,35.75,147.9,29.32,35.5,34.65,89.5,15.65,76.2,99.9,360.0,3323.0,1.45,45.0,15.01,7.01,36.04,28.98,0.0,355.0,1200.0
843.873,0.0,140.0,102.30000000000001,24.39,15.96,184.0,35.75,148.3,29.38,35.63,34.550000000000004,92.5,15.55,75.9,100.0,359.0,3326.0,1.31,44.95,15.02,7.04,36.02,29.02,0.0,361.5,1200.0
903.873,0.0,140.0,102.10000000000001,24.310000000000002,15.96,185.0,35.85,148.3,29.42,35.550000000000004,34.45,94.0,15.65,75.7,100.0,355.0,3328.0,1.3800000000000001,45.0,14.96,7.0,36.03,29.02,0.0,360.5,1200.0
963.872,0.0,140.0,101.5,24.46,15.96,185.5,35.85,148.20000000000002,29.400000000000002,35.51,34.6,91.5,15.5,75.5,99.9,355.5,3323.0,1.52,45.0,15.030000000000001,7.05,35.97,28.96,0.0,358.5,1200.0
1023.87,0.0,140.0,101.5,24.36,15.99,186.5,35.85,149.0,29.44,35.61,34.6,92.5,15.600000000000001,76.0,100.0,355.0,3326.0,1.34,44.95,15.030000000000001,7.05,36.07,28.98,1.0,358.5,1200.0
1083.868,0.0,140.0,101.7,24.37,16.05,185.0,35.85,147.4,29.36,35.56,34.550000000000004,93.5,15.8,76.3,99.9,358.0,3324.0,1.45,45.2,15.02,7.0600000000000005,35.97,28.990000000000002,0.0,362.5,1200.0
1143.866,0.0,140.0,102.30000000000001,24.42,16.02,186.0,35.65,148.9,29.41,35.57,34.7,93.0,15.65,76.0,100.0,359.5,3331.0,1.54,45.150000000000006,14.96,7.01,35.96,29.0,0.0,356.5,1200.0
1203.863,0.0,140.0,101.4,24.38,15.97,183.5,35.800000000000004,149.3,29.44,35.61,34.550000000000004,91.5,15.700000000000001,75.60000000000001,99.5,357.5,3334.0,1.36,45.150000000000006,14.98,7.0200000000000005,35.99,29.0,1.0,358.0,1200.0
1263.86,0.0,140.0,101.4,24.400000000000002,15.94,186.5,35.9,149.3,29.35,35.61,34.5,92.5,15.700000000000001,76.0,100.0,354.0,3328.0,1.26,45.150000000000006,15.040000000000001,7.01,36.03,29.0,0.0,355.5,1200.0
1323.857,0.0,140.0,101.2,24.36,16.01,186.0,35.75,150.3,29.52,35.660000000000004,34.65,90.0,15.700000000000001,76.5,99.5,362.5,3338.0,1.6,45.2,14.950000000000001,6.97,35.93,28.95,1.0,360.0,1200.0
1383.854,0.0,140.0,101.4,24.48,16.080000000000002,182.5,35.85,146.9,29.43,35.660000000000004,34.65,91.5,15.700000000000001,76.2,100.0,359.5,3331.0,1.3800000000000001,45.050000000000004,15.030000000000001,7.04,36.02,29.02,3.0,355.0,1200.0
1443.851,0.0,140.0,101.10000000000001,24.44,15.93,185.0,35.85,150.20000000000002,29.5,35.61,34.7,92.5,15.600000000000001,75.5,99.5,363.5,3333.0,1.51,45.300000000000004,15.040000000000001,7.0,35.97,28.990000000000002,0.0,359.5,1200.0
1503.848,0.0,140.0,101.5,24.400000000000002,15.97,185.0,35.800000000000004,149.1,29.45,35.660000000000004,34.550000000000004,92.0,15.5,75.9,99.80000000000001,359.5,3332.0,1.27,45.300000000000004,14.98,7.0,36.09,29.03,0.0,357.0,1200.0
1563.844,0.0,140.0,100.7,24.42,16.06,187.0,35.7,149.1,29.35,35.61,34.550000000000004,90.5,15.450000000000001,75.3,100.0,361.0,3332.0,1.3800000000000001,45.1,15.030000000000001,6.97,35.88,29.05,0.0,361.0,1200.0
1623.841,0.0,140.0,101.4,24.41,15.96,184.5,35.85,150.0,29.45,35.6,34.6,93.0,15.600000000000001,76.3,99.7,359.5,3338.0,1.41,45.300000000000004,14.94,7.0,35.99,28.95,0.0,356.5,1200.0
1683.837,0.0,140.0,103.30000000000001,24.400000000000002,15.96,182.5,35.75,148.9,29.47,35.61,34.6,92.5,15.700000000000001,76.0,100.0,357.0,3336.0,1.42,45.25,15.01,7.01,36.03,29.05,0.0,361.0,1200.0
1743.834,0.0,140.0,101.2,24.42,15.950000000000001,186.5,35.75,149.6,29.34,35.660000000000004,34.5,91.0,15.700000000000001,76.10000000000001,99.7,358.5,3335.0,1.25,45.2,14.99,6.98,36.01,28.97,0.0,359.5,1200.0
1803.83,0.0,140.0,102.4,24.39,15.98,186.5,35.75,148.3,29.39,35.58,34.550000000000004,91.5,15.55,75.9,99.80000000000001,357.0,3329.0,1.37,45.150000000000006,14.9,7.0,35.93,29.03,2.0,359.0,1200.0
1863.827,0.0,140.0,102.30000000000001,24.38,15.99,186.0,35.95,149.1,29.47,35.56,34.550000000000004,93.5,15.600000000000001,76.3,100.0,363.0,3330.0,1.44,45.150000000000006,14.97,7.03,35.980000000000004,29.0,0.0,360.5,1200.0
1923.823,0.0,140.0,103.5,24.37,15.98,187.5,35.95,149.8,29.36,35.64,34.550000000000004,91.0,15.8,76.2,100.0,357.5,3337.0,1.42,45.050000000000004,14.96,7.0600000000000005,36.01,28.990000000000002,1.0,357.5,1200.0
1983.82,0.0,140.0,102.30000000000001,24.3,16.04,185.5,35.95,148.9,29.42,35.62,34.65,93.0,15.65,76.10000000000001,100.0,356.0,3328.0,1.29,45.150000000000006,15.040000000000001,7.01,36.03,28.97,1.0,361.0,1200.0
2043.817,0.0,140.0,102.5,24.39,15.96,185.0,35.7,149.3,29.48,35.57,34.5,93.0,15.55,75.8,100.0,357.0,3330.0,1.41,45.300000000000004,15.05,6.93,36.13,29.0,0.0,357.0,1200.0
2103.813,0.0,140.0,101.60000000000001,24.41,15.99,183.5,35.7,149.4,29.38,35.64,34.6,92.0,15.55,76.0,99.9,359.0,3337.0,1.28,45.400000000000006,15.040000000000001,7.0200000000000005,35.980000000000004,29.03,0.0,359.0,1200.0
2163.81,0.0,140.0,101.80000000000001,24.35,15.96,184.0,35.85,149.4,29.45,35.67,34.5,92.0,15.5,75.60000000000001,100.0,360.0,3331.0,1.59,45.25,15.11,7.0200000000000005,36.03,29.0,0.0,362.5,1200.0
2223.806,0.0,140.0,102.5,24.330000000000002,15.950000000000001,187.0,35.75,148.9,29.35,35.660000000000004,34.550000000000004,90.5,15.55,76.0,100.0,353.5,3324.0,1.37,45.35,14.93,6.99,35.96,28.990000000000002,0.0,359.0,1200.0
2283.803,0.0,140.0,101.10000000000001,24.34,15.94,187.0,35.9,150.4,29.34,35.45,34.4,92.0,15.450000000000001,75.7,100.0,361.5,3323.0,1.58,45.35,15.05,6.99,35.89,28.93,0.0,360.0,1200.0
2343.8,0.0,140.0,102.30000000000001,24.330000000000002,15.99,187.0,35.75,148.6,29.43,35.71,34.5,92.5,15.700000000000001,76.10000000000001,99.9,355.0,3323.0,1.3800000000000001,45.1,14.94,6.99,36.0,28.91,0.0,356.5,1200.0
2403.797,0.0,140.0,102.4,24.34,15.98,185.0,35.7,150.70000000000002,29.39,35.550000000000004,34.5,92.5,15.600000000000001,75.8,100.0,357.5,3325.0,1.33,45.2,14.98,6.97,36.11,29.03,0.0,353.0,1200.0
2463.793,0.0,140.0,103.4,24.41,15.96,185.5,35.7,149.70000000000002,29.3,35.550000000000004,34.65,93.5,15.600000000000001,75.3,100.0,360.5,3326.0,1.43,45.2,14.98,6.99,36.0,29.080000000000002,0.0,358.5,1200.0
2523.79,0.0,140.0,102.5,24.37,16.0,185.5,35.800000000000004,149.4,29.38,35.52,34.6,95.0,15.5,75.7,100.0,361.0,3328.0,1.37,45.2,14.950000000000001,7.03,35.95,29.05,3.0,359.5,1200.0
2583.787,0.0,140.0,101.9,24.38,16.0,185.0,35.75,149.70000000000002,29.45,35.54,34.6,94.0,15.65,75.8,100.0,362.5,3329.0,1.47,45.25,15.13,6.99,36.03,28.900000000000002,3.0,352.5,1200.0
2643.784,0.0,140.0,102.0,24.37,15.96,185.5,35.6,147.5,29.26,35.5,34.45,92.5,15.600000000000001,75.7,100.0,360.0,3321.0,1.35,45.25,14.99,6.96,36.01,28.97,1.0,358.0,1200.0
2703.781,0.0,140.0,101.60000000000001,24.310000000000002,15.99,186.0,35.75,150.0,29.400000000000002,35.56,34.5,91.0,15.65,76.2,100.0,360.5,3325.0,1.33,45.35,14.96,6.99,35.88,28.900000000000002,0.0,354.0,1200.0
2763.778,0.0,140.0,102.7,24.36,16.05,185.0,35.75,148.8,29.38,35.54,34.45,92.5,15.700000000000001,75.7,100.0,358.5,3330.0,1.53,45.0,15.02,7.0200000000000005,36.03,28.96,0.0,356.0,1200.0
2823.775,0.0,140.0,100.4,24.34,16.0,185.5,35.85,148.4,29.330000000000002,35.47,34.5,91.0,15.700000000000001,75.7,99.5,352.0,3325.0,1.35,45.300000000000004,15.040000000000001,6.93,36.050000000000004,28.95,0.0,359.5,1200.0
2883.772,0.0,140.0,98.4,24.37,16.04,185.5,35.6,148.8,29.3,35.5,34.65,93.0,15.600000000000001,75.8,100.0,357.5,3324.0,1.5,45.150000000000006,14.94,7.0200000000000005,35.910000000000004,29.0,1.0,356.5,1200.0
2943.769,0.0,140.0,102.10000000000001,24.310000000000002,15.89,185.0,35.7,148.6,29.330000000000002,35.5,34.5,94.5,15.65,76.3,100.0,357.0,3320.0,1.43,45.050000000000004,14.950000000000001,7.0,36.07,29.03,1.0,358.0,1200.0
3003.766,0.0,140.0,102.80000000000001,24.34,15.96,184.5,35.6,149.0,29.35,35.57,34.6,89.5,15.600000000000001,76.2,100.0,357.0,3322.0,1.3900000000000001,45.1,15.02,6.94,35.97,29.04,1.0,358.5,1200.0
3063.763,0.0,140.0,100.2,24.44,15.950000000000001,185.0,35.85,149.5,29.330000000000002,35.660000000000004,34.35,94.5,15.600000000000001,76.2,100.0,357.5,3323.0,1.34,45.150000000000006,15.01,6.99,35.97,29.0,0.0,358.5,1200.0
3123.76,0.0,140.0,101.9,24.37,16.05,184.0,35.85,149.3,29.3,35.64,34.550000000000004,92.5,15.600000000000001,75.8,100.0,356.5,3328.0,1.69,45.1,15.0,7.0200000000000005,36.09,29.0,1.0,356.5,1200.0
3183.757,0.0,140.0,102.2,24.35,16.02,186.5,35.65,147.8,29.240000000000002,35.61,34.5,92.5,15.55,75.7,100.0,358.0,3325.0,1.41,45.25,15.040000000000001,7.01,36.0,29.080000000000002,0.0,357.5,1200.0
3243.755,0.0,140.0,99.4,24.36,16.0,183.5,35.800000000000004,148.5,29.29,35.53,34.5,93.5,15.5,76.10000000000001,100.0,357.0,3318.0,1.44,45.050000000000004,15.040000000000001,7.0200000000000005,36.01,29.02,0.0,354.5,1200.0
3303.752,0.0,140.0,101.4,24.43,16.05,184.5,35.75,149.4,29.29,35.550000000000004,34.5,92.5,15.600000000000001,76.10000000000001,100.0,359.0,3325.0,1.44,45.050000000000004,14.94,6.97,36.08,29.0,3.0,354.0,1200.0
3363.749,0.0,140.0,103.4,24.39,15.99,184.5,35.75,149.3,29.330000000000002,35.57,34.5,92.5,15.700000000000001,76.0,100.0,357.5,3322.0,1.45,44.95,15.030000000000001,7.01,36.01,28.98,0.0,357.0,1200.0
3423.746,0.0,140.0,101.5,24.32,15.97,185.5,35.7,147.9,29.400000000000002,35.51,34.4,91.5,15.65,75.7,99.9,358.5,3320.0,1.3900000000000001,45.1,15.02,6.94,36.01,29.12,1.0,354.5,1200.0
3483.744,0.0,140.0,102.60000000000001,24.45,16.04,187.5,35.7,149.20000000000002,29.25,35.58,34.5,92.0,15.65,75.4,100.0,354.0,3317.0,1.49,45.050000000000004,14.97,7.0600000000000005,35.97,29.04,1.0,355.0,1200.0
3543.741,0.0,140.0,100.7,24.34,16.04,185.0,35.800000000000004,150.70000000000002,29.38,35.44,34.45,91.5,15.700000000000001,76.0,100.0,356.5,3323.0,1.41,45.0,15.030000000000001,7.01,35.93,29.01,0.0,354.0,1200.0
3603.739,0.0,140.0,101.7,24.3,16.0,185.0,35.85,149.3,29.38,35.53,34.45,94.0,15.8,75.4,100.0,354.5,3314.0,1.51,45.1,14.99,7.01,35.94,29.02,0.0,355.5,1200.0
3663.736,0.0,140.0,101.9,24.310000000000002,15.98,184.0,35.550000000000004,147.0,29.330000000000002,35.6,34.4,91.5,15.65,75.4,100.0,354.0,3320.0,1.34,45.1,14.98,6.99,36.04,28.900000000000002,3.0,352.5,1200.0
3723.734,0.0,140.0,103.5,24.37,16.02,182.0,35.75,148.3,29.3,35.52,34.35,92.0,15.700000000000001,75.60000000000001,99.4,354.0,3321.0,1.44,45.050000000000004,15.0,6.99,36.0,29.02,1.0,353.5,1200.0
3783.731,0.0,140.0,100.7,24.28,15.94,185.5,35.65,149.9,29.310000000000002,35.49,34.5,91.5,15.5,75.4,99.4,360.0,3322.0,1.44,44.900000000000006,14.98,6.95,36.04,28.990000000000002,2.0,358.5,1200.0
3843.729,0.0,140.0,100.9,24.36,16.04,186.0,35.550000000000004,149.0,29.3,35.550000000000004,34.45,91.0,15.75,76.10000000000001,99.9,352.5,3317.0,1.54,45.1,15.0,6.98,36.01,29.03,0.0,353.0,1200.0
3903.726,0.0,140.0,101.4,24.38,15.98,184.5,35.65,149.0,29.3,35.43,34.45,92.5,15.65,76.4,99.60000000000001,355.5,3319.0,1.51,45.0,14.950000000000001,7.0,36.01,29.03,2.0,359.0,1200.0
3963.724,0.0,140.0,101.2,24.3,15.97,183.0,35.7,149.3,29.26,35.5,34.65,92.5,15.55,76.5,99.30000000000001,355.0,3319.0,1.3,45.0,14.99,6.95,35.94,28.990000000000002,0.0,354.0,1200.0
4023.722,0.0,140.0,99.10000000000001,24.330000000000002,15.98,184.5,35.75,149.8,29.3,35.47,34.550000000000004,92.0,15.65,75.9,99.60000000000001,356.0,3320.0,1.49,45.0,15.05,7.0,35.95,29.0,3.0,353.0,1200.0
4083.719,0.0,140.0,101.7,24.41,16.02,186.0,35.800000000000004,149.1,29.240000000000002,35.47,34.550000000000004,94.0,15.600000000000001,75.7,99.4,358.0,3324.0,1.3900000000000001,45.0,14.99,7.01,35.99,29.04,0.0,356.5,1200.0
4143.717,0.0,140.0,102.2,24.39,15.950000000000001,185.5,35.6,147.9,29.3,35.550000000000004,34.550000000000004,93.0,15.65,76.60000000000001,99.9,353.5,3319.0,1.45,44.95,15.0,6.98,36.06,28.990000000000002,1.0,361.0,1200.0
4203.715,0.0,140.0,102.10000000000001,24.36,16.09,186.5,35.65,149.9,29.29,35.480000000000004,34.550000000000004,91.0,15.65,76.5,100.0,354.5,3323.0,1.3,45.0,14.99,7.04,36.0,29.05,2.0,360.0,1200.0
4263.712,0.0,140.0,102.30000000000001,24.400000000000002,16.02,184.0,35.65,147.4,29.34,35.5,34.35,94.5,15.65,76.4,100.0,356.5,3320.0,1.47,44.900000000000006,15.030000000000001,7.0,35.94,28.95,0.0,351.0,1200.0
4323.71,0.0,140.0,101.7,24.39,16.01,184.0,35.75,147.4,29.32,35.43,34.5,95.0,15.75,75.5,99.9,353.5,3329.0,1.42,44.900000000000006,15.0,6.97,35.980000000000004,28.91,0.0,354.0,1200.0
4383.708,0.0,140.0,101.0,24.39,15.98,186.0,35.550000000000004,149.4,29.34,35.46,34.4,92.0,15.5,76.2,100.0,356.0,3322.0,1.37,44.95,14.97,6.95,35.99,28.98,1.0,356.5,1200.0
4443.706,0.0,140.0,101.0,24.35,16.0,185.0,35.65,149.3,29.36,35.4,34.45,92.0,15.55,76.4,100.0,357.5,3325.0,1.44,45.050000000000004,15.06,7.0600000000000005,35.93,29.03,2.0,356.0,1200.0
4503.704,0.0,140.0,101.5,24.400000000000002,16.07,183.0,35.7,148.1,29.28,35.45,34.45,91.0,15.55,75.9,99.4,350.0,3325.0,1.4000000000000001,44.85,15.02,6.98,35.99,28.92,0.0,355.5,1200.0
4563.701,0.0,140.0,101.9,24.39,16.03,184.0,35.6,151.4,29.26,35.54,34.45,92.5,15.65,75.7,99.4,352.5,3322.0,1.47,44.900000000000006,15.01,6.99,36.08,29.0,0.0,357.0,1200.0
4623.699,0.0,140.0,100.10000000000001,24.38,16.02,183.5,35.65,146.9,29.22,35.5,34.35,93.5,15.55,76.10000000000001,100.0,359.5,3323.0,1.3800000000000001,45.1,15.0,6.97,36.01,29.03,0.0,353.0,1200.0
4683.697,0.0,140.0,102.30000000000001,24.330000000000002,15.92,183.0,35.75,149.70000000000002,29.38,35.42,34.4,95.0,15.600000000000001,76.4,100.0,357.5,3318.0,1.33,45.0,15.040000000000001,7.01,35.94,28.990000000000002,2.0,355.5,1200.0
4743.695,0.0,140.0,101.0,24.39,15.950000000000001,182.5,35.75,148.4,29.28,35.480000000000004,34.5,90.5,15.55,75.9,99.80000000000001,358.5,3317.0,1.57,44.900000000000006,14.99,6.99,35.97,28.990000000000002,0.0,356.5,1200.0
4803.693,0.0,140.0,101.2,24.35,16.0,185.5,35.75,148.5,29.23,35.46,34.25,92.0,15.65,76.2,99.60000000000001,352.5,3320.0,1.36,45.050000000000004,14.96,7.03,36.01,29.02,1.0,356.5,1200.0
4863.691,0.0,140.0,101.30000000000001,24.36,15.96,184.5,35.65,150.70000000000002,29.17,35.42,34.550000000000004,92.5,15.65,76.5,100.0,352.0,3316.0,1.48,45.0,14.97,7.0200000000000005,36.01,29.04,0.0,356.5,1200.0
4923.689,0.0,140.0,102.7,24.37,16.06,186.0,35.65,148.20000000000002,29.240000000000002,35.29,34.45,90.5,15.65,76.0,100.0,357.0,3321.0,1.42,44.85,14.97,6.92,35.980000000000004,29.01,3.0,350.5,1200.0
4983.687,0.0,140.0,100.9,24.42,15.99,185.5,35.65,148.8,29.27,35.49,34.35,93.5,15.600000000000001,76.10000000000001,99.80000000000001,355.5,3321.0,1.3900000000000001,44.95,15.05,6.96,36.02,28.97,0.0,356.0,1200.0
5043.685,0.0,140.0,101.2,24.42,16.01,184.5,35.65,150.0,29.27,35.45,34.300000000000004,92.5,15.55,76.0,99.7,352.5,3314.0,1.45,45.0,15.040000000000001,7.01,36.04,28.98,3.0,355.5,1200.0
5103.683,0.0,140.0,103.7,24.39,15.96,186.5,35.65,149.0,29.3,35.5,34.45,90.5,15.55,76.2,99.7,356.0,3315.0,1.61,44.75,14.97,6.96,35.99,28.94,0.0,354.0,1200.0
5163.681,0.0,140.0,101.7,24.400000000000002,16.02,183.5,35.5,149.1,29.3,35.45,34.45,92.5,15.600000000000001,76.60000000000001,100.0,355.0,3316.0,1.3900000000000001,44.900000000000006,15.06,7.03,36.04,28.97,2.0,354.0,1200.0
5223.68,0.0,140.0,103.9,24.43,16.03,184.0,35.65,149.1,29.2,35.42,34.45,93.5,15.55,76.3,100.0,353.5,3322.0,1.42,45.050000000000004,14.96,7.05,35.96,29.0,3.0,358.5,1200.0
5283.678,0.0,140.0,104.0,24.39,16.02,183.5,35.65,150.9,29.2,35.47,34.45,92.0,15.65,75.5,99.4,358.5,3315.0,1.35,44.900000000000006,14.98,7.01,35.94,29.05,2.0,356.0,1200.0
5343.676,0.0,140.0,102.10000000000001,24.330000000000002,15.99,184.0,35.75,149.9,29.26,35.410000000000004,34.4,92.0,15.600000000000001,76.0,99.9,349.0,3322.0,1.1500000000000001,44.800000000000004,15.07,6.98,36.02,28.96,1.0,354.0,1200.0
5403.674,0.0,140.0,101.4,24.29,15.96,183.5,35.65,147.5,29.41,35.45,34.5,94.5,15.700000000000001,76.3,100.0,353.0,3316.0,1.46,44.95,15.06,6.93,36.02,29.05,2.0,352.0,1200.0
5463.672,0.0,140.0,101.10000000000001,24.36,16.03,184.0,35.75,150.4,29.18,35.4,34.35,90.5,15.55,76.0,100.0,354.5,3318.0,1.57,44.95,15.0,7.0,36.03,29.01,0.0,353.5,1200.0
5523.67,0.0,140.0,101.0,24.38,16.0,184.5,35.6,148.70000000000002,29.22,35.51,34.35,93.0,15.600000000000001,76.10000000000001,100.0,353.0,3314.0,1.47,44.95,15.02,7.0200000000000005,36.01,29.04,0.0,352.0,1200.0
5583.669,0.0,140.0,101.80000000000001,24.42,15.97,184.0,35.550000000000004,149.9,29.17,35.51,34.35,92.5,15.5,76.2,99.4,361.0,3321.0,1.31,45.0,15.02,6.95,36.04,29.080000000000002,2.0,359.0,1200.0
5643.667,0.0,140.0,100.7,24.36,16.01,186.5,35.65,148.6,29.22,35.49,34.4,92.5,15.5,76.4,99.5,357.0,3321.0,1.23,44.800000000000004,15.0,6.96,35.95,29.02,0.0,359.5,1200.0
5703.665,0.0,140.0,101.9,24.35,16.0,184.0,35.6,149.8,29.36,35.480000000000004,34.550000000000004,91.0,15.65,75.7,99.5,357.0,3316.0,1.46,44.95,15.06,7.01,35.95,28.990000000000002,0.0,352.5,1200.0
5763.663,0.0,140.0,101.60000000000001,24.38,15.98,185.0,35.7,147.3,29.32,35.45,34.4,92.0,15.700000000000001,76.10000000000001,99.7,355.5,3321.0,1.3,45.0,14.97,7.08,35.92,28.990000000000002,2.0,354.5,1200.0
5823.662,0.0,140.0,100.80000000000001,24.37,15.98,184.0,35.7,149.6,29.34,35.57,34.300000000000004,93.0,15.700000000000001,76.3,100.0,354.0,3319.0,1.35,44.95,14.94,6.9,35.980000000000004,29.11,0.0,358.0,1200.0
5883.66,0.0,140.0,101.9,24.330000000000002,15.93,185.0,35.6,149.0,29.38,35.62,34.5,91.5,15.600000000000001,76.10000000000001,100.0,360.5,3338.0,1.32,44.900000000000006,15.05,7.0,36.050000000000004,28.97,1.0,358.5,1200.0
5943.658,0.0,140.0,101.4,24.37,16.02,185.5,35.85,148.8,29.37,35.480000000000004,34.45,93.0,15.5,75.8,99.9,353.0,3330.0,1.34,44.900000000000006,15.02,7.03,35.97,29.0,0.0,356.5,1200.0
6003.657,0.0,140.0,102.0,24.38,16.0,184.0,35.550000000000004,149.1,29.29,35.54,34.45,91.5,15.700000000000001,75.9,99.80000000000001,360.5,3327.0,1.41,44.95,14.94,7.0200000000000005,35.97,29.02,0.0,356.5,1200.0
6063.655,0.0,140.0,102.0,24.43,16.0,188.0,35.800000000000004,148.70000000000002,29.26,35.56,34.550000000000004,90.5,15.65,76.4,99.9,356.5,3323.0,1.26,45.300000000000004,14.98,7.09,35.97,28.95,0.0,359.5,1200.0
6123.653,0.0,140.0,103.5,24.37,15.97,184.5,35.65,149.20000000000002,29.36,35.43,34.5,93.0,15.65,75.4,99.9,355.5,3327.0,1.41,45.0,14.98,7.0,36.06,28.93,0.0,359.0,1200.0
6183.652,0.0,140.0,101.10000000000001,24.43,15.98,184.0,35.7,148.0,29.23,35.550000000000004,34.65,92.5,15.600000000000001,75.60000000000001,99.9,355.0,3326.0,1.42,45.1,15.040000000000001,7.0,35.97,28.97,2.0,353.0,1200.0
6243.65,0.0,140.0,101.9,24.44,15.98,186.5,35.7,149.5,29.3,35.51,34.45,92.0,15.65,76.0,100.0,351.5,3323.0,1.44,45.0,14.950000000000001,7.0600000000000005,36.02,28.830000000000002,0.0,356.5,1200.0
6303.649,0.0,140.0,102.30000000000001,24.38,16.05,184.0,35.7,148.5,29.240000000000002,35.56,34.5,91.5,15.600000000000001,76.10000000000001,100.0,361.5,3321.0,1.42,45.0,15.01,7.03,36.02,28.94,1.0,359.5,1200.0
6363.647,0.0,140.0,102.9,24.38,15.89,184.5,35.800000000000004,149.20000000000002,29.310000000000002,35.52,34.5,93.5,15.65,76.2,99.9,357.0,3326.0,1.48,45.0,15.07,6.95,36.03,29.11,0.0,351.5,1200.0
6423.646,0.0,140.0,102.0,24.29,15.96,184.0,35.7,149.8,29.32,35.49,34.550000000000004,93.0,15.65,76.10000000000001,99.80000000000001,355.0,3324.0,1.44,45.150000000000006,14.98,6.96,35.97,28.95,0.0,357.0,1200.0
6483.644,0.0,140.0,101.60000000000001,24.37,16.03,186.0,35.7,150.20000000000002,29.29,35.52,34.550000000000004,91.5,15.350000000000001,76.0,100.0,355.5,3324.0,1.52,45.1,15.05,7.04,35.97,29.03,3.0,355.0,1200.0
6543.643,0.0,140.0,100.30000000000001,24.32,16.06,187.5,35.6,147.9,29.27,35.51,34.5,94.0,15.65,76.2,100.0,352.5,3317.0,1.46,44.900000000000006,14.98,7.08,35.96,28.92,0.0,354.0,1200.0
6603.641,0.0,140.0,103.5,24.400000000000002,15.96,183.0,35.7,148.4,29.400000000000002,35.45,34.35,93.0,15.55,75.9,100.0,354.5,3317.0,1.47,45.1,15.0,6.99,35.89,28.97,2.0,351.5,1200.0
6663.64,0.0,140.0,101.2,24.3,15.93,185.0,35.6,147.3,29.28,35.45,34.45,92.5,15.600000000000001,75.60000000000001,99.30000000000001,351.5,3320.0,1.54,45.1,15.0,6.96,36.0,28.96,0.0,352.5,1200.0
6723.638,0.0,140.0,102.2,24.35,15.97,184.0,35.7,150.0,29.22,35.49,34.4,93.5,15.55,76.5,100.0,351.5,3319.0,1.44,44.800000000000004,15.08,7.05,36.03,29.01,2.0,355.0,1200.0
6783.637,0.0,140.0,101.0,24.310000000000002,15.93,183.5,35.550000000000004,146.70000000000002,29.27,35.43,34.45,92.0,15.4,75.4,100.0,354.5,3320.0,1.16,45.0,15.0,7.01,36.050000000000004,28.98,0.0,348.0,1200.0
6843.635,0.0,140.0,101.10000000000001,24.32,15.99,184.5,35.65,148.6,29.21,35.42,34.300000000000004,92.0,15.75,76.10000000000001,99.9,355.5,3313.0,1.31,44.900000000000006,15.02,7.01,36.0,28.990000000000002,0.0,354.5,1200.0
6903.634,0.0,140.0,101.2,24.400000000000002,15.97,184.0,35.45,149.8,29.19,35.39,34.300000000000004,93.5,15.700000000000001,76.60000000000001,99.80000000000001,357.0,3312.0,1.32,44.75,15.01,7.01,35.89,29.04,1.0,351.5,1200.0
6963.632,0.0,140.0,102.9,24.35,15.93,184.5,35.550000000000004,149.1,29.34,35.42,34.4,91.5,15.700000000000001,76.0,100.0,354.5,3310.0,1.53,44.95,15.0,7.03,35.99,28.95,2.0,357.0,1200.0
7023.631,0.0,140.0,102.5,24.34,15.99,182.5,35.65,149.1,29.26,35.37,34.300000000000004,90.5,15.75,75.4,100.0,354.0,3315.0,1.37,44.800000000000004,15.05,6.95,35.99,28.990000000000002,0.0,353.0,1200.0
7083.629,0.0,140.0,103.4,24.32,15.92,185.0,35.65,150.0,29.25,35.33,34.5,94.0,15.600000000000001,75.4,99.9,354.0,3310.0,1.35,45.0,14.98,7.0600000000000005,36.08,29.04,0.0,354.0,1200.0
7143.628,0.0,140.0,102.4,24.36,16.0,184.5,35.65,148.70000000000002,29.22,35.46,34.5,93.0,15.55,76.4,100.0,352.0,3321.0,1.31,44.85,14.98,6.97,36.04,29.02,2.0,353.5,1200.0
7203.627,0.0,140.0,101.9,24.35,15.98,184.5,35.6,148.5,29.150000000000002,35.4,34.25,91.5,15.55,76.2,99.80000000000001,352.5,3311.0,1.3900000000000001,44.95,15.030000000000001,7.05,35.95,28.98,2.0,352.0,1200.0
7263.625,0.0,140.0,101.30000000000001,24.36,15.98,184.0,35.550000000000004,147.8,29.21,35.32,34.35,92.0,15.5,76.0,99.80000000000001,352.0,3311.0,1.33,45.0,15.0,6.98,35.980000000000004,29.02,2.0,350.0,1200.0
7323.624,0.0,140.0,101.0,24.34,16.0,182.0,35.7,148.8,29.23,35.38,34.4,91.5,15.600000000000001,76.0,100.0,349.5,3317.0,1.37,45.0,15.030000000000001,7.01,36.06,29.07,1.0,350.0,1200.0
7383.623,0.0,140.0,101.4,24.37,16.0,183.0,35.6,149.20000000000002,29.23,35.480000000000004,34.45,93.5,15.65,75.8,100.0,356.5,3315.0,1.35,44.900000000000006,14.96,7.0,36.0,28.95,2.0,349.5,1200.0
7443.621,0.0,140.0,102.5,24.29,15.93,184.0,35.550000000000004,148.6,29.150000000000002,35.39,34.45,93.0,15.600000000000001,76.10000000000001,100.0,351.0,3310.0,1.5,44.800000000000004,15.040000000000001,6.94,36.0,29.05,0.0,358.0,1200.0
7503.62,0.0,140.0,101.80000000000001,24.41,15.98,183.0,35.6,149.4,29.3,35.36,34.35,92.0,15.75,76.0,100.0,355.5,3314.0,1.32,44.800000000000004,15.040000000000001,7.0,35.99,28.990000000000002,0.0,357.0,1200.0
7563.619,0.0,140.0,101.4,24.34,15.93,184.5,35.4,149.20000000000002,29.18,35.39,34.5,92.0,15.5,76.60000000000001,99.80000000000001,352.5,3315.0,1.46,44.75,14.97,6.99,36.02,29.03,0.0,353.5,1200.0
7623.617,0.0,140.0,101.7,24.42,15.97,185.5,35.800000000000004,149.70000000000002,29.23,35.38,34.5,92.0,15.55,76.4,100.0,350.0,3314.0,1.31,44.800000000000004,15.0,7.03,36.01,28.96,0.0,355.0,1200.0
7683.616,0.0,140.0,101.9,24.34,16.01,181.0,35.5,149.20000000000002,29.19,35.38,34.25,93.5,15.55,76.10000000000001,100.0,355.5,3305.0,1.33,44.7,15.05,7.0,35.97,29.03,0.0,352.5,1200.0
7743.615,0.0,140.0,100.2,24.41,15.99,181.0,35.5,147.6,29.23,35.38,34.45,95.0,15.600000000000001,76.10000000000001,99.5,353.5,3308.0,1.4000000000000001,44.650000000000006,14.97,6.97,35.97,28.96,2.0,348.0,1200.0
7803.613,0.0,140.0,102.60000000000001,24.3,15.99,183.0,35.7,149.1,29.22,35.33,34.300000000000004,91.5,15.450000000000001,76.3,99.30000000000001,349.5,3308.0,1.36,44.75,15.030000000000001,7.01,36.09,28.97,0.0,352.0,1200.0
7863.612,0.0,140.0,102.0,24.36,16.02,184.0,35.5,148.9,29.2,35.34,34.25,93.5,15.75,76.3,100.0,353.0,3308.0,1.48,44.650000000000006,14.950000000000001,7.01,36.08,29.04,0.0,353.0,1200.0
7923.611,0.0,140.0,101.80000000000001,24.29,15.99,184.0,35.45,148.5,29.240000000000002,35.34,34.300000000000004,91.5,15.65,76.3,100.0,351.5,3307.0,1.17,44.650000000000006,15.0,7.07,36.01,28.98,0.0,352.0,1200.0
7983.61,0.0,140.0,101.60000000000001,24.27,16.02,184.5,35.5,148.70000000000002,29.2,35.39,34.300000000000004,92.0,15.600000000000001,75.8,100.0,356.5,3306.0,1.3900000000000001,44.75,14.99,7.01,36.0,29.02,0.0,349.0,1200.0
8043.609,0.0,140.0,102.30000000000001,24.38,15.94,181.5,35.4,148.9,29.080000000000002,35.28,34.35,90.5,15.55,76.60000000000001,100.0,354.5,3308.0,1.32,44.6,14.98,6.99,36.04,29.02,0.0,352.0,1200.0
8103.607,0.0,140.0,101.5,24.330000000000002,15.94,182.5,35.550000000000004,149.20000000000002,29.16,35.33,34.2,94.0,15.75,76.4,99.9,350.0,3301.0,1.4000000000000001,44.6,15.01,7.05,36.12,29.080000000000002,0.0,351.0,1200.0
8163.606,0.0,140.0,101.10000000000001,24.27,16.05,183.0,35.300000000000004,149.20000000000002,29.12,35.25,34.300000000000004,93.0,15.600000000000001,76.0,100.0,349.0,3305.0,1.3900000000000001,44.6,14.98,6.98,36.06,29.04,1.0,351.5,1200.0
8223.605,0.0,140.0,100.9,24.32,15.99,182.5,35.45,148.9,29.14,35.26,34.300000000000004,94.0,15.55,76.3,99.9,351.5,3309.0,1.41,44.650000000000006,15.030000000000001,7.1000000000000005,35.96,29.02,0.0,351.5,1200.0
8283.604,0.0,140.0,103.7,24.310000000000002,15.94,183.5,35.65,149.0,29.17,35.33,34.35,94.0,15.55,76.60000000000001,99.9,352.5,3310.0,1.35,44.75,14.96,6.95,36.06,28.94,0.0,347.5,1200.0
8343.603,0.0,140.0,101.10000000000001,24.32,16.05,180.5,35.6,149.20000000000002,29.04,35.29,34.4,93.5,15.55,75.8,100.0,348.5,3307.0,1.31,44.7,15.08,6.95,36.04,29.11,0.0,349.5,1200.0
8403.601,0.0,140.0,101.9,24.34,15.99,184.0,35.4,148.6,29.05,35.26,34.2,92.5,15.65,76.0,100.0,351.0,3307.0,1.53,44.650000000000006,14.99,7.01,36.02,28.95,0.0,351.0,1200.0
8463.6,0.0,140.0,101.30000000000001,24.400000000000002,16.02,183.0,35.45,150.3,29.07,35.31,34.300000000000004,92.0,15.65,76.4,99.80000000000001,349.5,3310.0,1.43,44.800000000000004,15.030000000000001,7.01,35.95,29.03,0.0,351.0,1200.0
8523.599,0.0,140.0,102.7,24.29,16.080000000000002,182.0,35.65,149.0,29.080000000000002,35.32,34.25,91.0,15.5,76.9,99.4,352.5,3306.0,1.27,44.6,14.99,7.04,36.06,28.92,0.0,349.0,1200.0
8583.598,0.0,140.0,102.2,24.42,15.99,184.0,35.35,148.6,29.14,35.36,34.35,93.0,15.600000000000001,76.7,99.7,355.5,3309.0,1.31,44.6,14.98,6.99,36.03,28.98,0.0,347.5,1200.0
8643.597,0.0,140.0,101.10000000000001,24.330000000000002,16.0,184.0,35.65,149.20000000000002,29.13,35.34,34.2,92.0,15.600000000000001,75.9,99.7,350.0,3309.0,1.32,44.75,15.05,7.0,36.04,28.990000000000002,0.0,352.5,1200.0
8703.596,0.0,140.0,102.60000000000001,24.400000000000002,16.04,186.5,35.45,149.20000000000002,29.2,35.29,34.35,94.5,15.65,76.0,99.7,349.5,3316.0,1.4000000000000001,44.650000000000006,14.97,7.0200000000000005,35.99,28.990000000000002,1.0,354.5,1200.0
8763.594,0.0,140.0,99.7,24.34,16.07,183.0,35.5,150.4,29.240000000000002,35.33,34.4,92.5,15.55,76.2,100.0,353.5,3314.0,1.4000000000000001,44.800000000000004,15.05,6.99,36.050000000000004,29.01,4.0,353.0,1200.0
8823.593,0.0,140.0,102.80000000000001,24.37,16.02,184.0,35.45,149.0,29.11,35.45,34.25,92.0,15.600000000000001,76.4,100.0,351.5,3308.0,1.52,44.75,15.07,7.0200000000000005,35.97,29.02,1.0,351.5,1200.0
8883.592,0.0,140.0,102.5,24.34,16.01,183.5,35.45,149.70000000000002,29.150000000000002,35.410000000000004,34.4,93.5,15.700000000000001,76.2,100.0,351.5,3310.0,1.3800000000000001,44.6,15.0,7.0200000000000005,35.99,28.95,0.0,352.5,1200.0
8943.591,0.0,140.0,99.60000000000001,24.37,16.05,185.0,35.6,149.4,29.18,35.44,34.45,92.5,15.65,76.3,99.60000000000001,356.0,3313.0,1.46,44.650000000000006,14.870000000000001,6.96,36.02,29.060000000000002,0.0,354.5,1200.0
9003.59,0.0,140.0,101.2,24.38,15.97,183.5,35.65,148.3,29.25,35.34,34.4,90.0,15.65,76.3,100.0,352.0,3319.0,1.47,44.800000000000004,14.92,6.98,36.07,29.07,0.0,353.0,1200.0
9063.589,0.0,140.0,102.0,24.39,15.99,183.5,35.6,149.20000000000002,29.11,35.410000000000004,34.5,90.5,15.55,76.60000000000001,99.9,352.0,3317.0,1.43,44.800000000000004,15.0,7.05,36.02,29.07,0.0,345.0,1200.0
9123.588,0.0,140.0,102.60000000000001,24.310000000000002,15.96,184.5,35.5,146.9,29.150000000000002,35.37,34.45,90.0,15.600000000000001,76.5,100.0,353.5,3319.0,1.41,44.75,14.97,6.97,36.02,28.88,0.0,353.0,1200.0
9183.587,0.0,140.0,103.30000000000001,24.44,16.0,185.5,35.5,149.9,29.16,35.42,34.25,92.5,15.55,76.10000000000001,99.9,351.0,3314.0,1.56,44.7,15.02,6.98,36.01,28.89,1.0,351.5,1200.0
9243.586,0.0,140.0,102.10000000000001,24.37,15.99,184.0,35.6,148.1,29.14,35.4,34.4,92.5,15.5,76.60000000000001,100.0,355.0,3322.0,1.26,44.85,15.05,6.98,36.02,28.97,3.0,353.0,1200.0
9303.585,0.0,140.0,101.0,24.39,15.99,184.0,35.4,147.8,29.17,35.38,34.5,89.0,15.5,76.0,99.7,352.0,3314.0,1.43,44.800000000000004,14.96,7.0200000000000005,35.99,29.03,0.0,355.0,1200.0
9363.584,0.0,140.0,101.60000000000001,24.400000000000002,15.950000000000001,184.0,35.6,148.9,29.22,35.4,34.4,92.5,15.700000000000001,76.0,100.0,353.5,3325.0,1.41,44.900000000000006,14.92,7.04,35.96,29.05,0.0,351.0,1200.0
9423.583,0.0,140.0,102.4,24.34,15.99,184.5,35.65,148.9,29.27,35.42,34.35,92.0,15.55,75.60000000000001,100.0,355.5,3318.0,1.48,44.95,14.97,7.01,36.03,28.990000000000002,0.0,350.0,1200.0
9483.582,0.0,140.0,100.60000000000001,24.36,16.0,184.0,35.550000000000004,150.1,29.310000000000002,35.480000000000004,34.5,94.0,15.65,75.8,99.9,356.5,3313.0,1.22,44.800000000000004,15.01,7.03,36.04,28.98,1.0,354.5,1200.0
9543.581,0.0,140.0,100.30000000000001,24.330000000000002,15.94,184.0,35.75,149.20000000000002,29.25,35.4,34.4,91.0,15.5,76.0,99.60000000000001,354.0,3313.0,1.51,44.800000000000004,15.0,7.0200000000000005,36.0,28.96,0.0,354.5,1200.0
9603.58,0.0,140.0,100.4,24.35,15.99,185.0,35.6,147.9,29.29,35.45,34.550000000000004,91.0,15.700000000000001,76.10000000000001,100.0,352.5,3316.0,1.33,44.85,14.97,7.0,35.980000000000004,28.98,4.0,347.5,1200.0
9663.579,0.0,140.0,101.4,24.330000000000002,15.99,184.0,35.7,149.4,29.22,35.46,34.45,94.5,15.600000000000001,75.7,100.0,355.0,3316.0,1.55,44.75,15.030000000000001,6.97,36.06,28.95,0.0,350.5,1200.0
9723.578,0.0,140.0,101.80000000000001,24.35,15.96,182.5,35.6,149.5,29.26,35.44,34.4,92.5,15.65,75.60000000000001,99.80000000000001,353.5,3318.0,1.49,44.900000000000006,14.950000000000001,6.98,36.01,28.96,0.0,351.5,1200.0
9783.577,0.0,140.0,101.30000000000001,24.38,15.97,182.5,35.65,148.9,29.16,35.410000000000004,34.5,92.5,15.55,75.8,100.0,353.5,3316.0,1.55,45.1,15.09,6.99,35.95,28.97,0.0,349.0,1200.0
9843.576,0.0,140.0,101.9,24.330000000000002,15.98,184.5,35.5,149.8,29.13,35.38,34.35,91.0,15.600000000000001,75.7,100.0,350.5,3317.0,1.47,45.0,15.030000000000001,7.05,35.97,29.0,0.0,353.5,1200.0
9903.575,0.0,140.0,100.9,24.35,15.99,183.5,35.4,149.0,29.150000000000002,35.38,34.45,92.0,15.75,76.2,100.0,355.0,3309.0,1.4000000000000001,44.7,15.030000000000001,7.03,36.07,29.01,2.0,352.0,1200.0
9963.574,0.0,140.0,101.0,24.35,16.0,185.0,35.45,147.8,29.080000000000002,35.410000000000004,34.4,94.0,15.55,76.3,99.80000000000001,355.5,3311.0,1.34,44.900000000000006,15.0,7.04,36.0,29.0,0.0,351.0,1200.0
10023.573,0.0,140.0,101.7,24.35,15.94,184.5,35.65,150.0,29.11,35.33,34.35,92.5,15.65,76.0,99.9,354.5,3311.0,1.3,44.85,14.950000000000001,7.04,36.07,28.95,0.0,348.5,1200.0
10083.572,0.0,140.0,101.5,24.37,15.950000000000001,186.5,35.4,150.20000000000002,29.18,35.300000000000004,34.35,91.0,15.65,76.5,100.0,354.0,3312.0,1.34,44.650000000000006,14.97,7.05,35.99,28.900000000000002,0.0,355.5,1200.0
10143.571,0.0,140.0,101.60000000000001,24.310000000000002,15.99,186.5,35.5,149.9,29.16,35.33,34.45,92.0,15.65,76.60000000000001,99.7,352.5,3308.0,1.3900000000000001,44.800000000000004,14.97,7.01,36.03,29.01,0.0,348.0,1200.0
10203.57,0.0,140.0,101.0,24.39,16.05,182.5,35.550000000000004,148.5,29.09,35.28,34.25,93.0,15.600000000000001,76.10000000000001,99.7,352.0,3313.0,1.43,44.800000000000004,14.99,6.95,35.94,29.07,1.0,358.5,1200.0
10263.569,0.0,140.0,101.30000000000001,24.37,16.03,182.5,35.5,148.6,29.07,35.29,34.25,91.0,15.5,76.4,99.80000000000001,357.5,3307.0,1.49,44.900000000000006,15.05,6.96,35.94,28.89,0.0,352.0,1200.0
10323.568,0.0,140.0,102.30000000000001,24.330000000000002,16.05,183.5,35.6,150.1,29.12,35.34,34.25,93.0,15.600000000000001,76.4,99.9,351.0,3312.0,1.3800000000000001,44.7,14.97,7.03,36.04,29.14,1.0,354.5,1200.0
10383.567,0.0,140.0,102.2,24.330000000000002,16.04,186.0,35.45,149.3,29.09,35.300000000000004,34.25,93.0,15.700000000000001,76.3,100.0,356.0,3311.0,1.25,44.75,14.98,7.08,36.03,28.990000000000002,1.0,356.0,1200.0
10443.566,0.0,140.0,103.0,24.28,15.96,182.5,35.45,150.5,29.03,35.32,34.4,89.5,15.55,76.2,100.0,354.5,3313.0,1.46,44.75,15.05,7.0,35.910000000000004,29.03,1.0,351.0,1200.0
10503.565,0.0,140.0,100.9,24.26,15.98,183.5,35.5,149.1,29.18,35.35,34.300000000000004,91.5,15.65,75.7,100.0,352.5,3311.0,1.5,44.6,15.05,7.01,36.050000000000004,28.98,1.0,353.0,1200.0
10563.564,0.0,140.0,102.10000000000001,24.35,15.93,185.0,35.45,148.5,29.16,35.37,34.25,93.0,15.65,76.3,99.9,352.5,3307.0,1.44,44.6,14.98,7.03,35.95,28.990000000000002,0.0,353.5,1200.0
10623.563,0.0,140.0,102.80000000000001,24.330000000000002,16.0,185.0,35.550000000000004,149.4,29.19,35.34,34.15,91.0,15.55,76.60000000000001,100.0,353.0,3314.0,1.24,44.550000000000004,14.99,6.95,36.03,29.060000000000002,0.0,356.5,1200.0
10683.562,0.0,140.0,102.5,24.35,15.98,185.0,35.5,148.5,29.12,35.27,34.300000000000004,90.5,15.65,76.2,99.80000000000001,352.0,3315.0,1.53,44.75,14.98,7.0200000000000005,36.0,28.97,1.0,353.5,1200.0
10743.562,0.0,140.0,100.4,24.35,15.98,184.5,35.45,149.0,29.13,35.35,34.35,94.0,15.700000000000001,76.3,99.7,352.5,3313.0,1.52,44.7,14.96,6.99,36.04,29.11,0.0,352.0,1200.0
10803.561,0.0,140.0,101.60000000000001,24.35,16.03,186.5,35.550000000000004,147.1,29.19,35.31,34.4,92.5,15.65,76.4,100.0,350.5,3313.0,1.31,44.6,14.97,6.92,35.95,29.04,2.0,351.0,1200.0
10863.56,0.0,140.0,102.4,24.37,15.94,183.5,35.45,149.4,29.17,35.34,34.300000000000004,91.5,15.600000000000001,76.10000000000001,99.80000000000001,351.0,3312.0,1.29,44.75,15.08,7.0600000000000005,36.09,29.02,0.0,351.5,1200.0
10923.559,0.0,140.0,101.60000000000001,24.3,15.93,183.0,35.65,149.1,29.17,35.300000000000004,34.2,96.0,15.5,76.10000000000001,100.0,355.5,3307.0,1.32,44.550000000000004,15.0,7.0200000000000005,35.93,28.95,0.0,353.5,1200.0
10983.558,0.0,140.0,101.60000000000001,24.27,16.01,185.5,35.7,148.1,29.150000000000002,35.38,34.2,92.0,15.65,75.60000000000001,99.30000000000001,353.5,3308.0,1.3800000000000001,44.650000000000006,14.950000000000001,7.05,36.01,28.95,0.0,355.0,1200.0
11043.557,0.0,140.0,101.0,24.26,16.06,185.0,35.45,149.3,29.13,35.33,34.300000000000004,92.0,15.65,75.8,99.80000000000001,350.0,3309.0,1.45,44.85,14.950000000000001,6.95,35.99,29.060000000000002,1.0,355.0,1200.0
11103.556,0.0,140.0,103.30000000000001,24.310000000000002,15.91,185.5,35.5,148.3,29.11,35.28,34.300000000000004,93.5,15.600000000000001,76.4,100.0,349.0,3308.0,1.43,44.800000000000004,15.0,7.04,35.88,29.0,3.0,349.0,1200.0
11163.555,0.0,140.0,102.80000000000001,24.37,16.02,182.0,35.5,149.9,29.09,35.35,34.35,91.0,15.700000000000001,76.0,100.0,352.0,3304.0,1.48,44.650000000000006,15.01,6.91,35.96,29.060000000000002,0.0,350.5,1200.0
11223.555,0.0,140.0,102.5,24.42,16.02,185.0,35.5,148.20000000000002,29.2,35.29,34.45,94.0,15.700000000000001,75.60000000000001,99.60000000000001,357.0,3308.0,1.31,44.650000000000006,14.99,6.97,35.99,28.96,0.0,350.5,1200.0
11283.554,0.0,140.0,101.10000000000001,24.330000000000002,15.96,183.5,35.550000000000004,149.9,29.14,35.31,34.2,91.0,15.55,76.3,99.7,351.5,3314.0,1.54,44.75,15.01,7.0200000000000005,35.96,28.95,0.0,352.0,1200.0
11343.553,0.0,140.0,104.2,24.28,16.01,182.5,35.550000000000004,148.70000000000002,29.14,35.39,34.25,93.0,15.55,76.4,100.0,352.0,3305.0,1.34,44.75,15.07,7.04,36.02,28.900000000000002,0.0,352.0,1200.0
11403.552,0.0,140.0,103.2,24.36,16.01,185.0,35.4,150.20000000000002,29.18,35.300000000000004,34.35,93.0,15.600000000000001,76.4,100.0,351.0,3308.0,1.3900000000000001,44.7,14.96,7.0600000000000005,36.01,28.990000000000002,3.0,355.0,1200.0
11463.551,0.0,140.0,103.0,24.34,15.9,183.0,35.5,149.4,29.080000000000002,35.28,34.300000000000004,90.5,15.55,75.8,100.0,351.5,3316.0,1.33,44.800000000000004,15.05,6.99,35.96,29.07,0.0,354.5,1200.0
11523.55,0.0,140.0,101.30000000000001,24.34,16.06,184.5,35.5,149.20000000000002,29.16,35.31,34.300000000000004,91.5,15.600000000000001,76.10000000000001,99.7,349.5,3308.0,1.33,44.5,14.99,7.01,36.01,28.97,0.0,349.5,1200.0
11583.55,0.0,140.0,102.0,24.37,15.99,183.5,35.5,148.9,29.26,35.28,34.4,92.0,15.65,76.10000000000001,100.0,353.0,3311.0,1.32,44.6,15.05,7.01,36.01,28.96,2.0,350.0,1200.0
11643.549,0.0,140.0,102.2,24.27,16.02,182.5,35.5,149.8,29.13,35.37,34.4,92.0,15.700000000000001,75.8,100.0,349.5,3312.0,1.3,44.800000000000004,14.98,7.0600000000000005,35.95,29.07,0.0,352.0,1200.0
11703.548,0.0,140.0,102.30000000000001,24.39,15.97,183.5,35.6,146.9,29.1,35.37,34.300000000000004,92.0,15.55,75.8,99.80000000000001,353.0,3315.0,1.37,44.7,14.99,7.01,35.910000000000004,28.95,1.0,350.5,1200.0
11763.547,0.0,140.0,103.10000000000001,24.34,15.94,184.5,35.65,148.70000000000002,29.23,35.38,34.4,91.5,15.55,76.4,99.9,358.0,3310.0,1.41,44.7,15.01,6.99,35.94,29.0,0.0,352.5,1200.0
11823.546,0.0,140.0,101.2,24.310000000000002,15.98,184.0,35.6,148.20000000000002,29.150000000000002,35.31,34.4,93.0,15.600000000000001,76.0,99.9,351.0,3310.0,1.41,44.6,14.98,7.05,35.95,29.07,0.0,351.5,1200.0
11883.546,0.0,140.0,102.5,24.37,15.98,185.0,35.550000000000004,149.5,29.21,35.34,34.25,93.0,15.600000000000001,75.7,99.7,351.0,3309.0,1.54,44.800000000000004,15.040000000000001,7.03,35.99,28.96,0.0,353.5,1200.0
11943.545,0.0,140.0,101.60000000000001,24.29,16.02,185.0,35.5,149.0,29.14,35.300000000000004,34.2,92.5,15.55,76.7,99.60000000000001,354.0,3315.0,1.35,44.6,14.98,7.03,36.02,28.95,0.0,349.5,1200.0
12003.544,0.0,140.0,102.9,24.37,16.02,184.0,35.6,148.8,29.13,35.33,34.35,93.5,15.700000000000001,76.5,100.0,352.0,3314.0,1.6400000000000001,44.7,14.98,6.99,36.06,28.98,0.0,356.0,1200.0
12063.543,0.0,140.0,101.80000000000001,24.38,16.01,182.5,35.550000000000004,148.9,29.17,35.38,34.300000000000004,93.0,15.75,76.4,99.80000000000001,353.0,3314.0,1.27,44.800000000000004,15.01,7.0200000000000005,35.95,28.900000000000002,1.0,352.0,1200.0
12123.542,0.0,140.0,103.10000000000001,24.32,15.99,183.5,35.7,149.9,29.150000000000002,35.38,34.35,93.5,15.65,76.5,99.7,351.5,3312.0,1.33,44.75,15.0,7.01,35.980000000000004,29.060000000000002,1.0,355.0,1200.0
12183.542,0.0,140.0,101.0,24.42,16.05,182.0,35.45,150.70000000000002,29.1,35.32,34.15,91.5,15.600000000000001,76.10000000000001,99.60000000000001,350.0,3309.0,1.53,44.800000000000004,14.99,7.0,35.99,29.01,0.0,351.0,1200.0
12243.541,0.0,140.0,101.7,24.34,16.0,184.5,35.45,149.20000000000002,29.19,35.37,34.300000000000004,91.5,15.600000000000001,76.5,100.0,350.5,3312.0,1.44,44.550000000000004,14.950000000000001,6.93,35.93,28.990000000000002,0.0,350.0,1200.0
12303.54,0.0,140.0,102.2,24.27,15.93,185.0,35.6,149.4,29.12,35.230000000000004,34.25,91.5,15.600000000000001,76.9,100.0,354.5,3311.0,1.3800000000000001,44.900000000000006,15.030000000000001,6.93,36.04,29.07,1.0,352.0,1200.0
12363.539,0.0,140.0,103.2,24.35,15.97,184.0,35.45,147.8,29.13,35.34,34.25,92.0,15.600000000000001,76.60000000000001,99.80000000000001,347.5,3314.0,1.47,44.7,15.01,6.99,35.980000000000004,28.990000000000002,0.0,353.0,1200.0
12423.539,0.0,140.0,102.30000000000001,24.310000000000002,15.97,184.0,35.5,148.8,29.080000000000002,35.29,34.300000000000004,90.5,15.600000000000001,76.4,100.0,351.0,3307.0,1.3800000000000001,44.900000000000006,15.01,6.96,35.92,29.060000000000002,0.0,354.5,1200.0
12483.538,0.0,140.0,101.30000000000001,24.38,16.14,180.5,35.65,150.4,29.12,35.35,34.300000000000004,93.0,15.700000000000001,76.5,100.0,353.0,3307.0,1.42,44.85,14.98,6.98,36.01,28.96,2.0,354.5,1200.0
12543.537,0.0,140.0,101.0,24.35,16.0,184.5,35.5,149.3,29.11,35.300000000000004,34.2,92.5,15.700000000000001,75.7,99.80000000000001,352.0,3314.0,1.4000000000000001,44.75,14.98,6.94,36.09,29.04,1.0,351.5,1200.0
12603.536,0.0,140.0,101.60000000000001,24.32,16.02,182.0,35.35,149.5,29.14,35.18,34.2,93.0,15.600000000000001,76.4,99.30000000000001,351.0,3308.0,1.3800000000000001,44.7,15.11,7.01,35.96,28.98,0.0,352.0,1200.0
12663.536,0.0,140.0,102.30000000000001,24.29,15.97,182.0,35.5,149.1,29.150000000000002,35.31,34.300000000000004,92.5,15.700000000000001,76.3,100.0,350.0,3308.0,1.48,44.650000000000006,15.120000000000001,7.0,36.02,28.98,0.0,351.0,1200.0
12723.535,0.0,140.0,101.0,24.400000000000002,16.04,183.5,35.550000000000004,147.6,29.07,35.35,34.25,91.0,15.55,75.9,100.0,350.5,3308.0,1.44,44.650000000000006,14.99,7.0200000000000005,35.97,29.03,3.0,354.0,1200.0
12783.534,0.0,140.0,102.30000000000001,24.3,16.02,182.5,35.5,150.8,29.13,35.34,34.25,94.0,15.600000000000001,76.5,100.0,353.5,3311.0,1.3,44.650000000000006,15.030000000000001,7.05,35.96,28.990000000000002,0.0,351.5,1200.0
12843.533,0.0,140.0,102.10000000000001,24.37,16.0,183.0,35.5,149.8,29.13,35.33,34.35,90.5,15.600000000000001,75.9,100.0,355.0,3311.0,1.44,44.650000000000006,15.02,7.04,35.93,29.060000000000002,0.0,349.0,1200.0
12903.533,0.0,140.0,101.5,24.310000000000002,16.01,184.0,35.65,148.6,29.1,35.230000000000004,34.35,93.0,15.65,76.80000000000001,99.9,358.0,3309.0,1.46,44.800000000000004,15.0,7.01,35.96,28.98,0.0,349.5,1200.0
12963.532,0.0,140.0,101.5,24.400000000000002,15.94,182.0,35.35,148.5,29.13,35.35,34.2,93.5,15.5,76.7,100.0,350.5,3310.0,1.43,44.75,15.01,7.0,35.92,28.96,0.0,350.0,1200.0
13023.531,0.0,140.0,102.7,24.37,16.0,183.5,35.4,150.4,29.11,35.26,34.45,92.5,15.700000000000001,76.80000000000001,100.0,353.0,3309.0,1.25,44.650000000000006,14.97,7.07,36.09,28.98,1.0,354.5,1200.0
13083.531,0.0,140.0,103.5,24.37,16.0,182.0,35.45,147.5,29.11,35.32,34.4,90.0,15.75,76.5,100.0,348.5,3307.0,1.32,44.650000000000006,14.99,7.05,36.01,28.89,1.0,351.0,1200.0
13143.53,0.0,140.0,101.80000000000001,24.39,15.950000000000001,184.5,35.35,148.3,29.11,35.35,34.35,93.0,15.700000000000001,76.5,99.9,351.5,3314.0,1.44,44.7,15.0,7.1000000000000005,36.01,28.87,2.0,353.0,1200.0
13203.529,0.0,140.0,102.5,24.400000000000002,16.03,183.5,35.45,150.20000000000002,29.09,35.36,34.5,92.0,15.65,76.10000000000001,100.0,349.5,3318.0,1.52,44.85,15.040000000000001,7.05,36.06,28.96,3.0,355.5,1200.0
13263.528,0.0,140.0,100.4,24.46,15.99,181.0,35.5,149.4,29.21,35.25,34.300000000000004,92.0,15.65,76.4,100.0,355.5,3316.0,1.4000000000000001,44.650000000000006,14.98,7.03,36.04,29.0,1.0,355.5,1200.0
13323.528,0.0,140.0,101.60000000000001,24.41,15.98,184.0,35.45,148.5,29.04,35.35,34.35,94.0,15.65,77.0,99.9,354.0,3317.0,1.43,44.85,15.01,7.0200000000000005,36.04,28.990000000000002,0.0,354.0,1200.0
13383.527,0.0,140.0,102.7,24.35,15.950000000000001,183.5,35.550000000000004,147.3,29.11,35.27,34.1,94.0,15.700000000000001,76.5,99.80000000000001,351.5,3312.0,1.36,44.75,15.07,7.0200000000000005,35.95,29.0,0.0,354.0,1200.0
13443.526,0.0,140.0,101.30000000000001,24.35,15.99,185.0,35.550000000000004,148.1,29.11,35.25,34.25,92.5,15.600000000000001,76.7,99.60000000000001,356.5,3311.0,1.47,44.800000000000004,15.02,7.03,35.96,28.98,0.0,352.0,1200.0
13503.526,0.0,140.0,102.4,24.330000000000002,16.02,183.5,35.550000000000004,150.70000000000002,29.05,35.34,34.2,94.0,15.55,76.60000000000001,99.9,349.0,3311.0,1.55,44.800000000000004,14.99,6.98,36.01,28.97,0.0,354.5,1200.0
13563.525,0.0,140.0,101.7,24.36,16.01,183.5,35.35,148.3,29.05,35.24,34.25,92.0,15.600000000000001,76.5,100.0,354.0,3307.0,1.37,44.85,15.02,7.01,36.02,29.01,0.0,355.0,1200.0
13623.524,0.0,140.0,100.80000000000001,24.41,15.97,185.0,35.4,147.9,29.01,35.36,34.35,91.0,15.55,76.3,100.0,352.5,3309.0,1.34,44.6,15.01,6.98,35.980000000000004,29.01,0.0,352.0,1200.0
13683.524,0.0,140.0,101.2,24.38,15.9,183.0,35.4,149.3,29.080000000000002,35.24,34.35,94.0,15.65,76.80000000000001,100.0,352.0,3315.0,1.51,44.800000000000004,15.02,6.98,35.980000000000004,28.87,0.0,355.0,1200.0
13743.523,0.0,140.0,101.9,24.43,15.99,187.0,35.300000000000004,147.70000000000002,29.14,35.32,34.300000000000004,92.0,15.700000000000001,77.10000000000001,100.0,351.5,3312.0,1.49,44.650000000000006,14.98,6.99,35.97,28.98,3.0,352.5,1200.0
13803.522,0.0,140.0,100.30000000000001,24.34,15.97,185.0,35.45,148.8,29.01,35.21,34.35,92.0,15.600000000000001,76.5,100.0,351.5,3316.0,1.31,44.95,15.0,6.99,36.03,28.990000000000002,0.0,350.5,1200.0
13863.522,0.0,140.0,104.0,24.36,16.0,184.5,35.45,148.1,29.05,35.2,34.2,92.5,15.600000000000001,76.5,99.80000000000001,354.0,3314.0,1.3,44.800000000000004,15.05,7.0200000000000005,36.04,28.96,0.0,354.0,1200.0
13923.521,0.0,140.0,101.30000000000001,24.39,16.01,184.0,35.4,149.1,29.060000000000002,35.230000000000004,34.1,92.0,15.55,76.60000000000001,100.0,350.5,3303.0,1.36,44.7,14.9,6.95,35.980000000000004,28.97,0.0,348.5,1200.0
13983.52,0.0,140.0,101.7,24.35,15.98,183.5,35.45,149.20000000000002,29.02,35.21,34.15,93.5,15.600000000000001,76.10000000000001,100.0,346.0,3308.0,1.33,44.6,15.030000000000001,7.0,36.06,29.060000000000002,0.0,351.0,1200.0
14043.52,0.0,140.0,100.9,24.42,15.94,184.5,35.300000000000004,148.1,28.98,35.18,34.15,92.5,15.55,77.10000000000001,100.0,354.5,3307.0,1.56,44.6,14.97,6.94,36.03,29.07,0.0,350.5,1200.0
14103.519,0.0,140.0,102.9,24.37,16.02,183.5,35.300000000000004,148.0,28.97,35.22,34.2,92.5,15.55,77.2,99.80000000000001,352.0,3304.0,1.3900000000000001,44.800000000000004,14.950000000000001,7.01,36.0,29.05,0.0,349.0,1200.0
14163.518,0.0,140.0,101.30000000000001,24.36,15.96,181.5,35.2,149.3,28.96,35.22,34.2,90.0,15.65,76.80000000000001,100.0,348.5,3304.0,1.37,44.650000000000006,15.01,7.0200000000000005,36.02,29.04,2.0,349.5,1200.0
14223.518,0.0,140.0,102.60000000000001,24.37,15.99,181.5,35.2,147.9,28.93,35.21,34.0,92.0,15.8,76.5,100.0,349.5,3306.0,1.49,44.45,15.1,7.03,36.02,28.93,0.0,356.5,1200.0
14283.517,0.0,140.0,104.4,24.39,16.03,182.5,35.300000000000004,146.70000000000002,28.98,35.08,34.050000000000004,93.5,15.600000000000001,76.4,99.5,349.0,3304.0,1.31,44.6,15.06,7.01,36.02,29.0,0.0,349.5,1200.0
14343.516,0.0,140.0,102.7,24.39,15.93,182.0,35.35,147.8,28.92,35.160000000000004,34.25,90.5,15.4,77.10000000000001,100.0,347.5,3301.0,1.35,44.550000000000004,15.08,7.0200000000000005,36.02,29.03,0.0,349.5,1200.0
14403.516,0.0,140.0,101.10000000000001,24.27,16.080000000000002,182.5,35.35,150.0,28.95,35.14,34.15,93.0,15.600000000000001,77.10000000000001,100.0,352.5,3301.0,1.45,44.6,14.99,6.98,35.94,28.98,0.0,347.0,1200.0
14463.515,0.0,140.0,101.30000000000001,24.330000000000002,15.96,182.0,35.1,148.70000000000002,28.93,35.12,34.25,93.0,15.55,76.5,100.0,350.5,3298.0,1.24,44.35,14.99,6.99,35.93,28.95,0.0,344.0,1200.0
14523.515,0.0,140.0,102.2,24.330000000000002,15.98,181.5,35.4,148.3,28.86,35.08,34.0,91.0,15.600000000000001,77.2,100.0,347.5,3300.0,1.34,44.45,14.97,7.08,35.96,28.96,0.0,344.0,1200.0
14583.514,0.0,140.0,101.30000000000001,24.3,15.97,182.0,35.1,149.1,28.82,34.95,34.050000000000004,91.0,15.65,77.0,100.0,344.5,3295.0,1.3800000000000001,44.300000000000004,15.06,6.95,36.03,29.01,0.0,346.5,1200.0
14643.513,0.0,140.0,101.30000000000001,24.39,16.02,182.0,35.300000000000004,148.5,28.76,34.97,34.050000000000004,90.0,15.55,77.30000000000001,100.0,345.0,3295.0,1.53,44.5,14.94,7.04,35.99,28.91,0.0,343.0,1200.0
14703.513,0.0,140.0,101.80000000000001,24.37,16.04,183.5,35.2,149.1,28.71,34.9,34.1,93.5,15.700000000000001,77.60000000000001,100.0,348.0,3296.0,1.41,44.400000000000006,15.0,6.95,36.03,28.94,0.0,350.0,1200.0
14763.512,0.0,140.0,104.4,24.3,15.93,180.5,35.15,148.3,28.61,34.9,34.0,92.5,15.600000000000001,77.2,100.0,342.5,3291.0,1.52,44.400000000000006,14.96,7.03,36.03,29.14,1.0,343.5,1200.0
14823.511,0.0,140.0,99.9,24.42,15.88,181.0,35.1,148.5,28.73,34.85,33.9,93.5,15.450000000000001,77.10000000000001,100.0,348.5,3286.0,1.37,44.25,14.950000000000001,7.0,36.04,28.93,0.0,344.0,1200.0
14883.511,0.0,140.0,102.4,24.42,16.0,182.0,35.0,149.9,28.63,34.72,33.85,92.5,15.600000000000001,77.60000000000001,99.80000000000001,341.5,3286.0,1.26,44.150000000000006,15.0,6.95,36.04,29.080000000000002,1.0,343.0,1200.0
14943.51,0.0,140.0,102.80000000000001,24.42,15.92,181.5,35.050000000000004,149.20000000000002,28.7,34.78,33.85,93.0,15.700000000000001,76.9,100.0,343.5,3287.0,1.42,44.25,14.98,7.09,35.99,28.900000000000002,0.0,344.0,1200.0
15003.51,0.0,140.0,101.5,24.39,16.02,179.5,34.9,149.70000000000002,28.69,34.800000000000004,34.0,92.5,15.600000000000001,77.4,100.0,343.0,3292.0,1.52,44.25,15.01,7.07,35.99,28.92,0.0,340.5,1200.0
15063.509,0.0,140.0,101.7,24.39,15.97,181.5,35.1,149.5,28.580000000000002,34.81,33.95,92.0,15.600000000000001,77.4,100.0,344.5,3290.0,1.36,44.2,15.01,6.93,35.88,29.04,1.0,345.5,1200.0
15123.508,0.0,140.0,103.0,24.36,15.98,181.0,34.9,149.6,28.54,34.79,33.9,91.5,15.700000000000001,77.5,99.80000000000001,347.0,3291.0,1.3900000000000001,44.25,14.99,6.92,36.01,29.0,1.0,338.5,1200.0
15183.508,0.0,140.0,102.4,24.27,15.99,180.5,34.95,148.3,28.69,34.800000000000004,33.9,92.5,15.65,77.9,100.0,344.0,3287.0,1.43,44.0,15.01,7.01,36.04,28.97,1.0,336.0,1200.0
15243.507,0.0,140.0,100.9,24.36,16.0,181.0,34.9,148.3,28.580000000000002,34.81,33.9,92.5,15.65,77.5,100.0,343.0,3288.0,1.28,44.25,14.98,7.03,35.97,29.080000000000002,3.0,343.5,1200.0
15303.507,0.0,140.0,102.30000000000001,24.3,16.01,181.5,35.050000000000004,148.20000000000002,28.560000000000002,34.85,33.85,93.5,15.65,77.2,100.0,345.0,3286.0,1.42,44.150000000000006,15.02,6.97,35.97,28.98,1.0,337.0,1200.0
15363.506,0.0,140.0,101.10000000000001,24.39,15.96,179.5,35.2,148.8,28.560000000000002,34.82,33.800000000000004,91.0,15.55,77.7,100.0,338.0,3282.0,1.44,44.1,15.040000000000001,7.12,36.04,29.03,1.0,345.0,1200.0
15423.506,0.0,140.0,100.5,24.36,15.97,181.5,35.050000000000004,148.1,28.7,34.87,33.95,90.5,15.55,77.4,99.5,345.0,3279.0,1.29,44.2,14.950000000000001,6.890000000000001,35.99,28.93,1.0,336.5,1200.0
15483.505,0.0,140.0,102.4,24.34,16.0,180.0,35.050000000000004,148.8,28.68,34.87,34.0,93.0,15.65,77.10000000000001,99.5,341.0,3287.0,1.3800000000000001,44.0,14.98,7.0200000000000005,35.980000000000004,28.990000000000002,2.0,343.5,1200.0
15543.504,0.0,140.0,102.0,24.3,16.02,180.0,35.050000000000004,149.3,28.71,34.92,33.85,93.0,15.600000000000001,77.4,100.0,345.0,3282.0,1.41,43.95,15.02,6.94,35.96,29.0,3.0,340.5,1200.0
15603.504,0.0,140.0,100.10000000000001,24.3,15.96,181.0,35.050000000000004,149.8,28.66,34.76,33.9,92.5,15.55,77.30000000000001,100.0,341.5,3285.0,1.29,44.0,14.950000000000001,7.0,36.06,28.95,0.0,340.0,1200.0
15663.503,0.0,140.0,99.7,24.37,15.98,181.0,35.1,149.20000000000002,28.76,34.88,34.0,92.5,15.55,77.10000000000001,100.0,347.5,3283.0,1.25,44.050000000000004,15.02,6.97,36.07,28.97,0.0,337.5,1200.0
15723.503,0.0,140.0,101.2,24.34,16.03,181.0,35.1,148.9,28.77,34.96,34.0,94.5,15.600000000000001,76.80000000000001,99.9,340.0,3287.0,1.47,44.050000000000004,14.94,6.94,36.08,29.0,0.0,340.5,1200.0
15783.502,0.0,140.0,101.5,24.32,15.98,181.5,35.15,147.5,28.89,34.99,34.050000000000004,93.0,15.600000000000001,76.5,100.0,344.5,3287.0,1.41,44.1,15.0,7.0200000000000005,35.980000000000004,29.02,0.0,345.5,1200.0
15843.501,0.0,140.0,102.30000000000001,24.310000000000002,15.94,181.5,35.2,149.4,28.95,35.08,34.0,93.0,15.5,76.4,100.0,340.0,3293.0,1.37,43.95,15.030000000000001,7.07,35.97,28.94,0.0,347.5,1200.0
15903.501,0.0,140.0,102.5,24.310000000000002,16.05,181.5,35.35,149.20000000000002,29.02,35.12,34.15,90.0,15.600000000000001,76.3,100.0,348.0,3293.0,1.4000000000000001,44.1,15.02,7.03,36.04,29.03,1.0,346.5,1200.0
15963.5,0.0,140.0,102.2,24.25,16.02,183.5,35.300000000000004,148.1,29.01,35.11,34.25,90.5,15.700000000000001,76.60000000000001,100.0,351.5,3295.0,1.31,44.050000000000004,14.96,7.0200000000000005,35.93,29.03,1.0,348.0,1200.0
16023.5,0.0,140.0,102.9,24.240000000000002,16.07,186.0,35.4,147.4,29.07,35.18,34.35,91.5,15.55,76.5,100.0,347.5,3293.0,1.48,44.150000000000006,15.01,7.01,36.0,29.01,0.0,344.5,1200.0
16083.499,0.0,140.0,102.0,24.25,15.98,185.0,35.25,149.70000000000002,29.1,35.19,34.2,91.0,15.55,76.2,99.60000000000001,348.0,3290.0,1.25,44.25,14.96,7.04,36.03,29.05,1.0,345.5,1200.0
16143.499,0.0,140.0,102.5,24.32,16.0,182.5,35.5,149.70000000000002,29.16,35.42,34.300000000000004,94.5,15.600000000000001,75.8,99.9,349.0,3296.0,1.48,44.1,14.98,6.99,35.97,29.02,0.0,355.5,1200.0
16203.498,0.0,140.0,101.7,24.29,15.96,184.0,35.5,148.3,29.14,35.47,34.25,92.0,15.600000000000001,75.2,100.0,353.0,3303.0,1.42,44.25,15.0,7.05,36.01,28.98,1.0,352.5,1200.0
16263.498,0.0,140.0,102.60000000000001,24.25,16.04,183.5,35.550000000000004,147.70000000000002,29.27,35.37,34.300000000000004,93.0,15.55,75.3,99.7,347.5,3302.0,1.45,44.35,14.99,6.93,35.980000000000004,29.04,0.0,348.5,1200.0
16323.497,0.0,140.0,101.10000000000001,24.2,16.0,183.0,35.45,148.6,29.26,35.26,34.45,92.5,15.700000000000001,75.4,99.4,350.5,3303.0,1.41,44.45,14.950000000000001,7.0,35.9,29.060000000000002,0.0,352.5,1200.0
16383.497,0.0,140.0,102.30000000000001,24.26,15.93,184.5,35.550000000000004,150.0,29.18,35.27,34.300000000000004,90.5,15.700000000000001,76.0,99.5,351.5,3303.0,1.3,44.5,14.99,6.98,35.96,29.01,1.0,352.5,1200.0
16443.496,0.0,140.0,103.10000000000001,24.28,15.9,183.5,35.550000000000004,149.70000000000002,29.22,35.410000000000004,34.5,92.5,15.450000000000001,75.60000000000001,99.9,353.0,3301.0,1.22,44.550000000000004,14.96,6.87,35.99,29.03,2.0,352.0,1200.0
16503.495,0.0,140.0,102.9,24.28,15.99,182.5,35.5,148.9,29.16,35.33,34.4,94.5,15.700000000000001,76.2,100.0,350.5,3306.0,1.3900000000000001,44.45,15.040000000000001,6.95,36.0,29.060000000000002,1.0,350.5,1200.0
16563.495,0.0,140.0,102.0,24.330000000000002,16.04,184.0,35.5,149.3,29.310000000000002,35.45,34.35,94.0,15.700000000000001,76.5,99.9,347.5,3301.0,1.48,44.5,15.02,7.0200000000000005,36.02,29.03,0.0,352.0,1200.0
16623.494,0.0,140.0,101.80000000000001,24.41,16.03,184.0,35.5,149.0,29.23,35.47,34.4,92.5,15.700000000000001,75.8,100.0,351.5,3305.0,1.3,44.5,15.05,7.01,36.050000000000004,28.98,0.0,351.0,1200.0
16683.494,0.0,140.0,103.30000000000001,24.26,15.93,185.5,35.550000000000004,150.20000000000002,29.11,35.45,34.550000000000004,92.0,15.75,76.10000000000001,99.9,350.5,3303.0,1.6300000000000001,44.5,14.96,7.01,35.97,29.03,0.0,351.0,1200.0
16743.493,0.0,140.0,102.2,24.37,16.04,186.5,35.5,149.70000000000002,29.2,35.45,34.45,91.5,15.600000000000001,76.4,99.60000000000001,354.5,3307.0,1.3900000000000001,44.550000000000004,15.0,6.99,36.04,28.97,0.0,351.0,1200.0
16803.493,0.0,140.0,102.0,24.35,16.02,184.5,35.65,149.5,29.22,35.29,34.300000000000004,92.5,15.65,76.2,99.80000000000001,354.0,3307.0,1.42,44.550000000000004,15.01,7.05,35.980000000000004,29.03,0.0,351.0,1200.0
16863.492,0.0,140.0,101.9,24.36,16.02,183.0,35.6,149.4,29.23,35.46,34.25,92.5,15.8,75.8,100.0,348.5,3309.0,1.4000000000000001,44.6,15.040000000000001,7.03,35.95,29.01,0.0,351.5,1200.0
16923.492,0.0,140.0,101.4,24.330000000000002,15.98,183.5,35.65,150.9,29.34,35.35,34.35,91.5,15.700000000000001,75.8,99.80000000000001,347.5,3313.0,1.33,44.5,15.040000000000001,7.07,36.02,29.01,0.0,353.0,1200.0
16983.491,0.0,140.0,101.60000000000001,24.26,15.98,184.0,35.65,147.3,29.3,35.480000000000004,34.5,92.0,15.75,75.7,99.30000000000001,352.5,3310.0,1.3800000000000001,44.7,15.0,7.0600000000000005,36.050000000000004,28.97,1.0,355.0,1200.0
17043.491,0.0,140.0,100.2,24.310000000000002,16.02,186.0,35.45,148.8,29.37,35.49,34.35,89.5,15.8,75.8,100.0,349.5,3311.0,1.25,44.75,15.0,6.94,36.03,28.94,0.0,353.0,1200.0
17103.49,0.0,140.0,101.30000000000001,24.32,15.94,184.5,35.550000000000004,149.1,29.28,35.5,34.4,93.0,15.700000000000001,75.4,99.60000000000001,350.0,3307.0,1.32,44.650000000000006,15.01,6.96,35.980000000000004,29.080000000000002,0.0,356.5,1200.0
17163.49,0.0,140.0,100.4,24.28,16.03,183.0,35.6,148.0,29.35,35.53,34.5,94.0,15.5,75.7,100.0,353.0,3310.0,1.3900000000000001,44.650000000000006,14.97,7.0200000000000005,35.94,28.97,0.0,354.0,1200.0
17223.489,0.0,140.0,100.80000000000001,24.3,16.01,184.0,35.65,147.0,29.3,35.49,34.4,92.5,15.600000000000001,75.60000000000001,100.0,351.5,3308.0,1.3800000000000001,44.800000000000004,14.96,6.9,35.97,28.990000000000002,2.0,358.0,1200.0
17283.489,0.0,140.0,102.0,24.28,16.07,185.0,35.800000000000004,148.4,29.37,35.56,34.6,92.0,15.700000000000001,75.4,100.0,349.5,3311.0,1.21,44.75,15.030000000000001,6.96,36.02,29.03,0.0,355.5,1200.0
17343.488,0.0,140.0,103.4,24.310000000000002,15.98,184.0,35.65,147.0,29.47,35.5,34.5,91.5,15.5,75.9,99.7,351.0,3308.0,1.36,44.7,14.97,6.96,36.04,29.07,3.0,355.0,1200.0
17403.488,0.0,140.0,102.0,24.310000000000002,15.98,186.0,35.85,149.20000000000002,29.400000000000002,35.51,34.5,93.5,15.5,75.4,99.9,353.0,3315.0,1.3800000000000001,44.800000000000004,14.91,6.95,35.980000000000004,29.02,2.0,351.0,1200.0
17463.487,0.0,140.0,101.60000000000001,24.38,15.98,185.0,35.6,148.9,29.45,35.62,34.5,93.5,15.5,75.2,100.0,354.0,3312.0,1.3800000000000001,44.7,14.92,7.07,35.92,29.03,0.0,355.5,1200.0
17523.487,0.0,140.0,102.9,24.240000000000002,16.02,186.0,35.75,148.9,29.400000000000002,35.64,34.6,91.0,15.65,75.7,100.0,352.5,3312.0,1.4000000000000001,44.650000000000006,14.99,7.04,35.95,29.0,0.0,359.0,1200.0
17583.486,0.0,140.0,103.10000000000001,24.240000000000002,15.98,185.0,35.6,148.20000000000002,29.52,35.62,34.550000000000004,93.5,15.65,75.2,100.0,358.0,3317.0,1.36,44.95,15.05,6.96,35.96,29.14,1.0,353.5,1200.0
17643.486,0.0,140.0,101.9,24.35,16.01,187.5,35.800000000000004,149.8,29.490000000000002,35.62,34.6,92.0,15.700000000000001,75.4,100.0,356.0,3312.0,1.35,44.800000000000004,15.040000000000001,7.04,35.99,29.03,0.0,356.0,1200.0
17703.485,0.0,140.0,101.7,24.34,15.96,182.5,35.85,149.3,29.41,35.77,34.65,93.0,15.65,75.4,100.0,358.0,3313.0,1.42,44.800000000000004,15.05,6.94,36.0,29.03,0.0,356.5,1200.0
17763.485,0.0,140.0,101.7,24.35,15.94,187.5,35.95,149.6,29.54,35.69,34.5,92.0,15.55,75.0,100.0,355.5,3317.0,1.37,44.900000000000006,14.93,7.05,36.01,28.990000000000002,0.0,356.5,1200.0
17823.484,0.0,140.0,101.5,24.35,16.05,186.5,35.95,148.4,29.560000000000002,35.71,34.75,92.0,15.600000000000001,74.60000000000001,100.0,360.0,3321.0,1.24,44.900000000000006,15.01,6.96,36.0,28.96,1.0,357.5,1200.0
17883.484,0.0,140.0,102.30000000000001,24.35,15.94,186.0,35.95,149.70000000000002,29.580000000000002,35.72,34.800000000000004,92.5,15.65,75.3,100.0,357.5,3327.0,1.54,45.0,14.98,7.0600000000000005,35.95,28.900000000000002,0.0,360.5,1200.0
17943.483,0.0,140.0,103.9,24.330000000000002,16.080000000000002,186.5,36.0,148.4,29.580000000000002,35.82,34.65,91.0,15.600000000000001,75.3,100.0,358.5,3333.0,1.37,45.050000000000004,14.98,7.01,35.980000000000004,28.97,0.0,357.0,1200.0
18003.483,0.0,140.0,101.7,24.330000000000002,15.93,186.0,36.050000000000004,148.0,29.61,35.83,34.6,93.5,15.600000000000001,75.3,100.0,362.5,3325.0,1.4000000000000001,44.900000000000006,15.02,7.01,36.1,29.060000000000002,2.0,360.5,1200.0
18063.482,0.0,140.0,104.30000000000001,24.3,15.99,185.0,36.0,149.6,29.740000000000002,35.75,34.65,92.5,15.700000000000001,75.10000000000001,100.0,357.5,3331.0,1.34,45.150000000000006,14.96,6.98,35.9,29.080000000000002,2.0,364.0,1200.0
18123.482,0.0,140.0,103.0,24.34,15.97,185.5,35.85,148.20000000000002,29.6,35.660000000000004,34.75,93.5,15.65,75.0,100.0,356.0,3328.0,1.3,45.0,14.96,7.0600000000000005,36.04,29.02,1.0,358.0,1200.0
18183.481,0.0,140.0,102.60000000000001,24.29,16.03,186.5,35.85,148.8,29.55,35.62,34.75,91.5,15.65,75.2,99.80000000000001,360.5,3329.0,1.51,45.150000000000006,15.0,7.04,36.02,28.990000000000002,1.0,358.5,1200.0
18243.481,0.0,140.0,103.7,24.310000000000002,15.97,186.5,36.0,148.0,29.71,35.75,34.6,90.5,15.65,74.9,100.0,357.0,3329.0,1.41,45.1,14.92,6.93,35.97,28.98,0.0,358.5,1200.0
18303.48,0.0,140.0,102.60000000000001,24.37,16.0,182.5,36.0,148.8,29.48,35.67,34.800000000000004,92.0,15.65,75.4,100.0,359.5,3327.0,1.3,45.150000000000006,15.02,6.95,35.99,29.060000000000002,1.0,357.5,1200.0
18363.48,0.0,140.0,101.60000000000001,24.3,15.96,187.5,36.0,148.8,29.45,35.75,34.65,92.5,15.75,75.5,99.9,359.0,3325.0,1.26,45.2,15.0,7.0200000000000005,36.03,28.95,1.0,359.5,1200.0
18423.479,0.0,140.0,103.4,24.29,16.01,187.5,36.0,149.70000000000002,29.47,35.65,34.75,92.5,15.65,75.60000000000001,99.9,356.5,3325.0,1.41,45.1,14.96,7.03,35.980000000000004,29.01,0.0,359.0,1200.0
18483.479,0.0,140.0,100.80000000000001,24.29,15.94,187.5,35.9,149.9,29.51,35.79,34.5,93.0,15.600000000000001,75.2,99.9,360.5,3325.0,1.35,45.150000000000006,15.01,6.98,36.09,29.05,0.0,358.0,1200.0
18543.478,0.0,140.0,102.60000000000001,24.330000000000002,15.93,185.5,35.85,148.4,29.44,35.62,34.65,93.5,15.600000000000001,75.5,100.0,357.5,3326.0,1.52,45.150000000000006,15.01,6.99,36.050000000000004,29.02,1.0,358.5,1200.0
18603.478,0.0,140.0,102.10000000000001,24.32,16.07,184.5,35.800000000000004,147.6,29.43,35.62,34.5,91.5,15.65,75.2,100.0,360.0,3320.0,1.31,45.2,15.030000000000001,7.07,36.11,28.96,2.0,353.5,1200.0
18663.477,0.0,140.0,101.5,24.35,15.92,185.0,35.7,149.0,29.48,35.64,34.6,93.5,15.450000000000001,75.2,99.30000000000001,360.0,3320.0,1.52,45.150000000000006,15.01,7.0,36.03,28.990000000000002,2.0,360.0,1200.0
18723.477,0.0,140.0,102.9,24.330000000000002,16.02,185.0,35.85,147.4,29.46,35.660000000000004,34.65,92.5,15.700000000000001,75.8,99.80000000000001,358.5,3317.0,1.35,45.150000000000006,15.06,7.01,36.01,29.05,0.0,353.5,1200.0
18783.477,0.0,140.0,100.7,24.330000000000002,15.99,187.5,35.75,150.20000000000002,29.52,35.660000000000004,34.65,91.0,15.65,75.7,100.0,355.5,3321.0,1.31,45.150000000000006,15.01,7.0600000000000005,35.97,28.93,0.0,355.5,1200.0
18843.476,0.0,140.0,100.9,24.39,16.01,186.0,35.95,148.8,29.400000000000002,35.62,34.6,94.0,15.75,75.7,100.0,360.0,3323.0,1.35,45.1,14.99,6.98,36.02,29.060000000000002,1.0,363.0,1200.0
18903.476,0.0,140.0,102.4,24.32,15.950000000000001,185.0,35.85,149.4,29.5,35.64,34.65,94.0,15.700000000000001,75.3,100.0,358.0,3326.0,1.3900000000000001,45.150000000000006,15.02,7.04,36.03,29.03,0.0,358.0,1200.0
18963.475,0.0,140.0,103.9,24.35,15.99,187.0,35.95,148.0,29.490000000000002,35.65,34.65,92.0,15.65,75.60000000000001,100.0,359.5,3326.0,1.33,45.150000000000006,14.99,7.01,36.01,28.990000000000002,2.0,360.5,1200.0
19023.475,0.0,140.0,102.4,24.330000000000002,15.94,185.0,35.85,148.3,29.53,35.75,34.65,93.0,15.75,75.60000000000001,99.9,360.0,3328.0,1.4000000000000001,45.150000000000006,15.030000000000001,7.0600000000000005,35.96,29.060000000000002,0.0,353.5,1200.0
19083.474,0.0,140.0,102.10000000000001,24.32,15.950000000000001,188.0,35.95,149.8,29.55,35.75,34.7,95.0,15.55,75.60000000000001,100.0,358.5,3331.0,1.46,45.2,15.01,6.93,36.03,29.04,0.0,360.0,1200.0
19143.474,0.0,140.0,100.80000000000001,24.38,15.92,187.0,36.050000000000004,148.20000000000002,29.51,35.71,34.7,93.5,15.55,75.7,100.0,360.5,3335.0,1.45,45.1,14.99,7.0200000000000005,36.04,28.93,2.0,361.5,1200.0
19203.473,0.0,140.0,100.7,24.43,16.01,187.5,35.9,149.20000000000002,29.44,35.78,34.65,92.5,15.65,75.3,99.9,363.5,3333.0,1.34,45.150000000000006,15.030000000000001,6.96,36.03,29.03,0.0,357.5,1200.0
19263.473,0.0,140.0,101.80000000000001,24.36,15.97,188.0,35.800000000000004,150.0,29.45,35.77,34.6,92.5,15.65,75.8,99.80000000000001,361.0,3334.0,1.3900000000000001,45.2,14.99,7.0,36.12,28.990000000000002,0.0,358.5,1200.0
19323.473,0.0,140.0,102.7,24.400000000000002,16.01,185.0,35.95,148.6,29.64,35.67,34.9,93.0,15.700000000000001,75.60000000000001,100.0,360.5,3335.0,1.33,45.2,15.030000000000001,7.0200000000000005,36.04,28.97,1.0,362.5,1200.0
19383.472,0.0,140.0,101.10000000000001,24.35,15.99,185.0,35.9,151.6,29.52,35.730000000000004,34.6,94.0,15.600000000000001,75.60000000000001,99.60000000000001,363.0,3336.0,1.3,45.300000000000004,15.05,7.01,35.89,28.97,0.0,359.0,1200.0
19443.472,0.0,140.0,101.2,24.39,15.98,186.5,35.85,149.3,29.48,35.78,34.6,91.0,15.5,75.9,100.0,361.0,3335.0,1.58,45.400000000000006,14.96,7.05,35.96,28.97,2.0,365.5,1200.0
19503.471,0.0,140.0,100.80000000000001,24.36,16.01,188.0,35.95,147.9,29.560000000000002,35.76,34.7,92.5,15.600000000000001,75.5,100.0,359.5,3332.0,1.25,45.35,14.97,6.9,35.99,28.95,0.0,356.5,1200.0
19563.471,0.0,140.0,101.2,24.37,15.98,186.5,35.85,147.9,29.53,35.71,34.65,92.5,15.65,75.2,100.0,363.0,3333.0,1.4000000000000001,45.25,15.040000000000001,6.93,36.04,28.990000000000002,0.0,359.5,1200.0
19623.47,0.0,140.0,103.0,24.35,15.98,188.0,35.95,150.8,29.59,35.87,34.7,93.0,15.600000000000001,76.10000000000001,100.0,362.0,3336.0,1.44,45.35,15.05,7.0200000000000005,36.04,29.0,2.0,366.5,1200.0
19683.47,0.0,140.0,102.7,24.35,16.0,187.0,35.85,149.70000000000002,29.53,35.83,34.75,92.0,15.55,75.3,100.0,364.0,3336.0,1.3900000000000001,45.400000000000006,14.950000000000001,7.1000000000000005,35.95,28.96,1.0,364.0,1200.0
19743.469,0.0,140.0,101.4,24.45,16.0,186.0,36.0,149.9,29.52,35.92,34.85,91.5,15.65,75.9,100.0,360.0,3331.0,1.41,45.400000000000006,15.02,7.03,36.050000000000004,29.01,0.0,363.0,1200.0
19803.469,0.0,140.0,102.7,24.34,15.98,187.0,35.9,149.70000000000002,29.57,35.7,34.65,91.5,15.600000000000001,75.7,100.0,357.5,3339.0,1.28,45.400000000000006,14.98,6.93,35.94,29.04,0.0,359.5,1200.0
19863.469,0.0,140.0,101.10000000000001,24.26,15.97,186.5,35.95,148.4,29.560000000000002,35.84,34.75,91.0,15.600000000000001,75.5,100.0,360.5,3339.0,1.42,45.5,15.01,7.01,36.03,28.98,0.0,359.5,1200.0
19923.468,0.0,140.0,102.2,24.400000000000002,15.99,186.5,35.9,150.3,29.57,35.74,34.75,93.5,15.55,75.60000000000001,100.0,365.0,3337.0,1.27,45.400000000000006,14.97,7.0600000000000005,35.910000000000004,29.04,1.0,363.5,1200.0
19983.468,0.0,140.0,102.30000000000001,24.330000000000002,16.0,185.0,35.85,148.70000000000002,29.6,35.800000000000004,34.7,93.5,15.65,75.9,99.5,359.0,3336.0,1.3,45.300000000000004,15.06,6.99,35.95,29.1,1.0,359.5,1200.0
20043.467,0.0,140.0,100.7,24.39,15.950000000000001,188.0,36.15,149.6,29.64,35.88,34.75,92.0,15.600000000000001,75.4,100.0,362.0,3332.0,1.3900000000000001,45.400000000000006,15.0,6.98,36.07,28.86,0.0,365.0,1200.0
20103.467,0.0,140.0,101.30000000000001,24.34,15.99,186.0,36.1,149.0,29.7,35.75,34.550000000000004,92.0,15.600000000000001,75.0,100.0,363.5,3334.0,1.42,45.300000000000004,15.0,7.03,36.02,29.05,0.0,362.0,1200.0
20163.466,0.0,140.0,103.4,24.36,15.99,187.0,36.0,147.20000000000002,29.6,35.77,34.9,90.0,15.600000000000001,75.9,99.80000000000001,359.5,3336.0,1.42,45.35,15.01,7.0600000000000005,36.03,28.91,1.0,358.5,1200.0
20223.466,0.0,140.0,101.2,24.38,16.01,187.0,36.050000000000004,149.4,29.64,35.79,34.7,91.0,15.600000000000001,75.2,99.80000000000001,365.5,3339.0,1.27,45.400000000000006,14.91,7.0,35.95,29.0,0.0,358.5,1200.0
20283.466,0.0,140.0,101.10000000000001,24.330000000000002,16.04,185.5,36.1,147.5,29.64,35.77,34.800000000000004,92.5,15.65,75.8,100.0,364.0,3335.0,1.31,45.35,15.01,7.0,35.93,29.0,0.0,356.5,1200.0
20343.465,0.0,140.0,101.9,24.38,15.99,189.5,35.95,149.3,29.48,35.86,34.800000000000004,93.0,15.600000000000001,75.3,99.5,362.0,3335.0,1.34,45.400000000000006,15.09,7.03,35.94,29.01,1.0,360.0,1200.0
20403.465,0.0,140.0,102.30000000000001,24.41,16.03,185.5,36.0,148.20000000000002,29.6,35.78,34.75,91.0,15.55,75.10000000000001,100.0,361.5,3339.0,1.41,45.400000000000006,14.94,7.01,35.96,28.97,2.0,361.0,1200.0
20463.464,0.0,140.0,101.80000000000001,24.36,16.06,187.0,35.85,148.5,29.560000000000002,35.83,34.7,90.0,15.600000000000001,75.2,100.0,367.5,3337.0,1.35,45.45,15.07,7.0,35.95,28.89,0.0,362.0,1200.0
20523.464,0.0,140.0,102.2,24.43,15.94,188.5,36.15,147.9,29.59,35.7,34.800000000000004,91.0,15.5,75.4,100.0,363.0,3332.0,1.46,45.300000000000004,15.0,6.98,35.92,29.060000000000002,1.0,360.5,1200.0
20583.464,0.0,140.0,102.5,24.310000000000002,16.02,185.0,36.050000000000004,148.6,29.7,35.89,34.95,91.5,15.65,74.8,100.0,364.0,3333.0,1.47,45.45,15.1,7.0,36.01,29.05,3.0,359.5,1200.0
20643.463,0.0,140.0,103.0,24.36,15.92,185.0,36.0,148.8,29.650000000000002,35.9,34.800000000000004,94.0,15.700000000000001,75.0,99.7,362.0,3342.0,1.33,45.5,14.97,6.99,35.97,28.94,0.0,360.5,1200.0
20703.463,0.0,140.0,101.30000000000001,24.3,15.950000000000001,186.5,36.0,148.9,29.62,35.82,34.800000000000004,92.5,15.5,75.3,100.0,365.0,3339.0,1.29,45.45,14.98,6.94,35.93,28.95,0.0,367.0,1200.0
20763.462,0.0,140.0,102.5,24.37,15.93,185.5,36.050000000000004,147.8,29.55,35.910000000000004,34.7,93.0,15.700000000000001,75.2,100.0,363.5,3341.0,1.28,45.400000000000006,15.030000000000001,6.99,36.03,29.01,0.0,362.5,1200.0
20823.462,0.0,140.0,102.5,24.36,15.94,187.0,36.050000000000004,147.8,29.6,35.83,34.9,93.0,15.600000000000001,75.3,100.0,360.5,3337.0,1.3800000000000001,45.400000000000006,15.0,6.92,35.980000000000004,29.02,0.0,366.0,1200.0
20883.462,0.0,140.0,100.60000000000001,24.26,15.99,187.5,36.1,148.6,29.560000000000002,35.86,34.9,93.5,15.700000000000001,74.7,99.80000000000001,361.5,3336.0,1.35,45.5,15.06,6.97,36.01,29.01,0.0,362.0,1200.0
20943.461,0.0,140.0,101.9,24.32,15.96,186.0,36.2,147.9,29.59,35.88,34.75,91.5,15.600000000000001,75.0,100.0,364.5,3340.0,1.37,45.45,14.99,6.97,35.94,29.05,1.0,360.5,1200.0
21003.461,0.0,140.0,102.2,24.400000000000002,15.92,186.0,36.050000000000004,147.8,29.7,35.89,34.7,90.0,15.65,75.3,99.60000000000001,364.0,3338.0,1.56,45.400000000000006,15.02,6.98,36.02,28.95,0.0,365.5,1200.0
21063.46,0.0,140.0,101.4,24.38,16.0,186.5,35.95,148.70000000000002,29.53,35.87,34.75,93.0,15.5,75.2,100.0,362.0,3336.0,1.35,45.550000000000004,15.05,6.98,35.92,29.0,0.0,363.0,1200.0
21123.46,0.0,140.0,101.2,24.25,16.01,187.0,36.1,148.0,29.63,35.93,34.800000000000004,93.0,15.700000000000001,75.2,100.0,364.5,3333.0,1.45,45.45,15.030000000000001,6.96,36.07,28.93,0.0,362.0,1200.0
21183.46,0.0,140.0,102.30000000000001,24.3,15.99,188.5,36.050000000000004,149.20000000000002,29.64,35.9,34.75,91.5,15.600000000000001,75.2,100.0,365.0,3337.0,1.41,45.35,15.08,6.97,35.93,29.04,0.0,360.5,1200.0
21243.459,0.0,140.0,101.7,24.28,15.98,189.5,36.1,148.8,29.59,35.79,34.85,92.0,15.600000000000001,75.60000000000001,99.60000000000001,362.5,3340.0,1.41,45.400000000000006,14.99,7.07,36.03,28.96,0.0,366.0,1200.0
21303.459,0.0,140.0,102.7,24.310000000000002,16.04,186.5,36.0,149.0,29.71,35.93,34.75,93.0,15.5,74.7,100.0,356.5,3334.0,1.34,45.400000000000006,14.96,7.04,36.02,28.94,1.0,358.0,1200.0
21363.458,0.0,140.0,101.7,24.330000000000002,15.94,186.0,36.0,148.70000000000002,29.66,35.86,34.800000000000004,94.5,15.700000000000001,75.10000000000001,100.0,364.5,3336.0,1.43,45.35,15.030000000000001,6.95,35.99,28.97,0.0,358.5,1200.0
21423.458,0.0,140.0,101.80000000000001,24.35,16.06,187.0,36.1,148.4,29.64,35.86,34.75,91.0,15.55,74.9,100.0,363.5,3333.0,1.36,45.25,15.02,6.97,36.02,29.05,0.0,359.0,1200.0
21483.458,0.0,140.0,101.4,24.32,15.98,186.0,35.95,149.4,29.69,35.88,34.95,92.0,15.65,74.8,99.60000000000001,360.0,3329.0,1.4000000000000001,45.300000000000004,15.07,7.0200000000000005,35.94,29.02,0.0,366.0,1200.0
21543.457,0.0,140.0,103.7,24.3,15.96,185.0,36.0,148.6,29.59,35.9,34.7,93.5,15.5,75.60000000000001,100.0,359.0,3330.0,1.28,45.400000000000006,15.05,6.99,35.980000000000004,29.0,1.0,359.5,1200.0
21603.457,0.0,140.0,102.2,24.330000000000002,16.0,186.5,35.9,149.1,29.67,35.800000000000004,34.800000000000004,91.5,15.600000000000001,74.8,100.0,363.0,3332.0,1.54,45.300000000000004,14.950000000000001,7.04,35.97,28.94,2.0,361.0,1200.0
21663.456,0.0,140.0,100.80000000000001,24.35,15.92,186.0,35.95,150.4,29.580000000000002,35.72,34.550000000000004,92.5,15.600000000000001,75.10000000000001,100.0,358.0,3328.0,1.51,45.45,15.0,6.97,35.93,28.990000000000002,2.0,358.5,1200.0
21723.456,0.0,140.0,101.80000000000001,24.38,16.0,187.5,35.9,149.0,29.61,35.72,34.6,92.5,15.450000000000001,75.8,99.9,361.0,3329.0,1.43,45.300000000000004,15.05,6.95,36.03,29.01,1.0,362.0,1200.0
21783.456,0.0,140.0,103.80000000000001,24.35,16.0,186.0,36.0,149.20000000000002,29.54,35.79,34.6,93.5,15.5,75.7,99.80000000000001,362.0,3324.0,1.3800000000000001,45.25,15.0,7.05,36.03,29.060000000000002,1.0,357.5,1200.0
21843.455,0.0,140.0,101.9,24.330000000000002,16.02,186.5,35.9,148.70000000000002,29.580000000000002,35.800000000000004,34.65,90.0,15.5,75.10000000000001,99.7,361.5,3325.0,1.4000000000000001,45.2,14.92,7.0,36.07,29.04,0.0,358.5,1200.0
21903.455,0.0,140.0,100.5,24.32,15.97,187.0,35.85,150.0,29.54,35.63,34.7,92.5,15.600000000000001,75.4,99.80000000000001,357.5,3327.0,1.51,45.25,15.040000000000001,7.07,35.95,29.0,0.0,358.0,1200.0
21963.455,0.0,140.0,102.7,24.36,15.99,185.5,35.85,148.9,29.46,35.68,34.65,94.5,15.75,75.10000000000001,99.80000000000001,358.0,3326.0,1.37,45.150000000000006,14.99,7.03,36.07,29.0,0.0,354.5,1200.0
22023.454,0.0,140.0,100.9,24.45,15.98,186.5,35.9,149.5,29.46,35.72,34.6,91.5,15.65,75.60000000000001,99.80000000000001,358.0,3321.0,1.34,45.400000000000006,15.01,7.11,35.99,29.07,0.0,356.5,1200.0
22083.454,0.0,140.0,103.10000000000001,24.29,16.01,187.5,35.75,149.0,29.39,35.72,34.4,93.5,15.55,75.7,99.9,356.5,3325.0,1.42,45.2,15.05,6.99,36.03,28.98,0.0,358.5,1200.0
22143.453,0.0,140.0,101.60000000000001,24.34,16.09,185.0,35.75,149.4,29.44,35.62,34.7,91.0,15.600000000000001,75.2,100.0,354.0,3323.0,1.3900000000000001,45.25,14.98,6.98,36.07,28.97,0.0,354.0,1200.0
22203.453,0.0,140.0,102.4,24.34,15.98,185.5,35.7,150.20000000000002,29.39,35.56,34.550000000000004,92.0,15.600000000000001,75.9,99.7,356.5,3331.0,1.3900000000000001,45.300000000000004,15.06,7.08,35.96,28.94,4.0,360.0,1200.0
22263.453,0.0,140.0,102.30000000000001,24.46,15.99,185.5,35.800000000000004,150.20000000000002,29.240000000000002,35.58,34.5,94.0,15.65,75.7,100.0,361.0,3330.0,1.37,45.1,14.97,6.98,35.99,29.09,2.0,356.0,1200.0
22323.452,0.0,140.0,102.80000000000001,24.38,16.0,187.0,35.800000000000004,150.0,29.48,35.59,34.7,91.0,15.600000000000001,75.8,99.9,358.5,3322.0,1.52,45.150000000000006,14.950000000000001,7.0200000000000005,35.96,28.97,4.0,361.0,1200.0
22383.452,0.0,140.0,101.9,24.46,15.98,186.0,36.0,149.1,29.46,35.65,34.45,93.0,15.600000000000001,76.0,99.80000000000001,355.5,3325.0,1.42,45.35,14.950000000000001,7.0,36.02,28.92,0.0,358.5,1200.0
22443.452,0.0,140.0,98.4,24.36,16.05,185.5,35.800000000000004,149.0,29.54,35.71,34.6,94.5,15.700000000000001,75.7,100.0,359.5,3327.0,1.36,45.150000000000006,15.02,7.04,35.9,29.0,3.0,359.0,1200.0
22503.451,0.0,140.0,101.9,24.38,16.04,187.0,35.85,148.1,29.46,35.63,34.6,93.0,15.600000000000001,75.7,100.0,362.5,3331.0,1.41,45.150000000000006,14.93,7.0,36.03,29.16,0.0,364.5,1200.0
22563.451,0.0,140.0,101.80000000000001,24.400000000000002,15.99,185.5,35.9,149.0,29.43,35.65,34.65,95.0,15.8,75.5,99.2,356.0,3330.0,1.3,45.2,15.06,7.0,36.03,29.01,1.0,362.5,1200.0
22623.45,0.0,140.0,102.30000000000001,24.39,16.06,187.0,36.0,149.20000000000002,29.490000000000002,35.72,34.65,91.5,15.65,76.0,100.0,361.0,3333.0,1.26,45.150000000000006,15.02,6.99,35.99,29.02,1.0,357.0,1200.0
22683.45,0.0,140.0,101.2,24.34,16.03,187.0,36.0,149.20000000000002,29.52,35.78,34.75,91.5,15.600000000000001,76.0,100.0,363.5,3331.0,1.26,45.150000000000006,15.01,6.93,35.97,28.990000000000002,1.0,359.5,1200.0
22743.45,0.0,140.0,102.9,24.44,16.11,185.5,35.9,149.20000000000002,29.57,35.67,34.65,90.5,15.65,75.60000000000001,100.0,361.0,3332.0,1.46,45.300000000000004,14.950000000000001,6.99,35.95,28.97,0.0,357.0,1200.0
22803.449,0.0,140.0,101.9,24.400000000000002,16.01,185.5,35.9,149.1,29.5,35.77,34.800000000000004,92.0,15.600000000000001,75.60000000000001,99.80000000000001,357.0,3335.0,1.36,45.300000000000004,15.040000000000001,6.98,36.01,28.990000000000002,0.0,363.5,1200.0
22863.449,0.0,140.0,103.2,24.43,15.92,186.5,36.050000000000004,148.8,29.54,35.69,34.65,91.5,15.65,75.7,100.0,359.5,3335.0,1.6,45.2,14.97,6.99,36.03,28.96,0.0,359.0,1200.0
22923.449,0.0,140.0,101.7,24.37,15.96,186.0,35.95,149.70000000000002,29.55,35.79,34.75,94.0,15.55,76.4,100.0,364.0,3336.0,1.43,45.5,14.96,6.97,36.06,29.01,0.0,359.5,1200.0
22983.448,0.0,140.0,101.9,24.38,16.02,185.0,36.050000000000004,149.20000000000002,29.47,35.71,34.65,89.5,15.600000000000001,75.4,99.7,362.0,3334.0,1.36,45.400000000000006,14.99,7.07,36.01,29.01,1.0,360.0,1200.0
23043.448,0.0,140.0,101.2,24.32,16.01,186.5,35.95,149.6,29.580000000000002,35.74,34.5,91.5,15.55,75.2,100.0,358.5,3338.0,1.26,45.25,15.030000000000001,7.0,35.95,29.02,2.0,360.5,1200.0
23103.448,0.0,140.0,102.30000000000001,24.43,15.98,187.5,35.85,148.70000000000002,29.57,35.76,34.65,93.0,15.55,75.60000000000001,99.60000000000001,362.0,3333.0,1.35,45.300000000000004,15.01,6.96,35.99,28.990000000000002,0.0,362.0,1200.0
23163.447,0.0,140.0,102.30000000000001,24.330000000000002,15.94,186.5,35.85,148.9,29.54,35.7,34.6,91.0,15.65,75.3,100.0,360.0,3344.0,1.52,45.300000000000004,15.0,7.01,36.08,29.01,1.0,362.0,1200.0
23223.447,0.0,140.0,102.60000000000001,24.330000000000002,16.080000000000002,185.0,36.0,148.70000000000002,29.580000000000002,35.85,34.75,92.0,15.75,75.60000000000001,100.0,359.0,3337.0,1.42,45.400000000000006,15.02,6.94,35.97,29.01,0.0,365.0,1200.0
23283.447,0.0,140.0,102.60000000000001,24.38,16.03,188.5,35.85,147.8,29.62,35.84,34.75,90.5,15.75,75.2,99.80000000000001,361.0,3338.0,1.46,45.35,15.01,7.0200000000000005,36.03,29.11,0.0,366.0,1200.0
23343.446,0.0,140.0,102.10000000000001,24.36,16.03,187.0,36.1,149.6,29.67,35.83,34.75,93.0,15.55,75.4,100.0,364.0,3338.0,1.34,45.25,14.94,7.0200000000000005,36.09,29.05,1.0,367.0,1200.0
23403.446,0.0,140.0,102.9,24.35,15.94,183.5,36.15,149.9,29.59,35.86,34.65,92.0,15.600000000000001,75.3,100.0,362.5,3333.0,1.36,45.400000000000006,15.040000000000001,6.94,36.050000000000004,29.11,1.0,361.5,1200.0
23463.446,0.0,140.0,101.2,24.32,15.97,188.0,35.95,148.0,29.67,35.82,34.65,90.5,15.5,76.0,100.0,366.0,3335.0,1.45,45.35,15.040000000000001,6.97,36.04,28.91,0.0,363.5,1200.0
23523.445,0.0,140.0,102.0,24.32,16.0,188.5,36.1,148.6,29.560000000000002,35.77,34.800000000000004,92.0,15.55,75.5,99.9,361.0,3339.0,1.44,45.400000000000006,15.040000000000001,7.05,35.95,28.97,0.0,356.0,1200.0
23583.445,0.0,140.0,102.0,24.39,16.02,187.5,36.050000000000004,149.70000000000002,29.67,35.81,34.6,93.0,15.5,75.5,99.80000000000001,361.0,3334.0,1.48,45.5,14.98,7.0200000000000005,36.12,29.060000000000002,0.0,365.0,1200.0
23643.445,0.0,140.0,102.2,24.41,15.950000000000001,188.0,35.9,148.0,29.55,35.83,34.7,94.0,15.65,75.60000000000001,100.0,358.0,3341.0,1.18,45.35,15.0,6.97,35.980000000000004,29.0,0.0,363.0,1200.0
23703.444,0.0,140.0,102.2,24.41,15.98,185.5,36.1,150.5,29.61,35.800000000000004,34.7,92.0,15.5,76.0,100.0,366.5,3331.0,1.35,45.300000000000004,15.01,6.99,36.02,29.02,0.0,361.5,1200.0
23763.444,0.0,140.0,102.0,24.35,15.98,185.0,36.1,149.20000000000002,29.59,35.88,34.65,89.5,15.600000000000001,75.3,99.80000000000001,365.0,3340.0,1.44,45.400000000000006,14.98,7.05,36.050000000000004,28.96,2.0,358.0,1200.0
23823.443,0.0,140.0,102.7,24.35,15.99,186.5,35.9,148.20000000000002,29.53,35.78,34.75,93.0,15.55,75.3,100.0,362.0,3334.0,1.27,45.45,15.01,6.97,36.050000000000004,29.05,0.0,365.0,1200.0
23883.443,0.0,140.0,102.30000000000001,24.44,15.96,184.0,35.95,147.8,29.6,35.78,34.65,93.5,15.75,76.0,100.0,362.0,3337.0,1.37,45.400000000000006,15.02,6.93,36.01,28.91,0.0,362.5,1200.0
23943.443,0.0,140.0,101.60000000000001,24.43,16.0,188.0,36.1,148.4,29.57,35.730000000000004,34.75,94.5,15.600000000000001,75.10000000000001,99.9,360.0,3341.0,1.36,45.35,15.05,7.05,36.01,28.91,0.0,363.0,1200.0
24003.442,0.0,140.0,101.7,24.310000000000002,15.93,185.0,35.95,148.6,29.55,35.75,34.800000000000004,94.0,15.75,75.3,100.0,362.5,3328.0,1.37,45.45,15.0,7.0200000000000005,36.03,29.05,0.0,361.5,1200.0
24063.442,0.0,140.0,101.60000000000001,24.310000000000002,15.96,184.5,35.85,150.5,29.55,35.69,34.75,92.0,15.65,75.7,99.7,364.5,3335.0,1.42,45.45,14.99,7.08,36.03,28.97,0.0,356.5,1200.0
24123.442,0.0,140.0,101.60000000000001,24.37,16.0,187.0,35.95,148.4,29.45,35.800000000000004,34.5,93.0,15.65,75.7,100.0,357.0,3342.0,1.31,45.400000000000006,14.99,6.95,36.08,29.01,0.0,357.0,1200.0
24183.441,0.0,140.0,101.80000000000001,24.39,15.950000000000001,187.5,35.75,150.3,29.45,35.77,34.65,92.0,15.600000000000001,76.2,100.0,359.5,3337.0,1.41,45.400000000000006,15.02,6.97,35.980000000000004,29.03,1.0,362.0,1200.0
24243.441,0.0,140.0,102.9,24.37,15.96,185.5,35.800000000000004,149.1,29.37,35.64,34.6,93.5,15.350000000000001,75.60000000000001,99.60000000000001,359.0,3330.0,1.43,45.400000000000006,15.11,6.96,36.050000000000004,29.0,0.0,365.0,1200.0
24303.441,0.0,140.0,100.5,24.35,16.0,188.5,35.95,148.5,29.44,35.65,34.6,93.5,15.75,75.2,99.80000000000001,362.5,3332.0,1.49,45.300000000000004,14.98,7.0,35.96,29.02,2.0,364.0,1200.0
24363.44,0.0,140.0,100.9,24.3,16.0,185.0,35.85,148.70000000000002,29.47,35.68,34.7,91.5,15.8,75.4,99.7,359.0,3323.0,1.36,45.400000000000006,15.02,7.07,35.97,29.04,0.0,360.5,1200.0
24423.44,0.0,140.0,101.7,24.400000000000002,15.96,185.5,35.85,150.0,29.490000000000002,35.65,34.7,92.0,15.65,75.7,99.9,360.5,3329.0,1.43,45.300000000000004,14.97,6.96,36.11,29.02,0.0,358.5,1200.0
24483.44,0.0,140.0,103.10000000000001,24.36,15.97,183.0,35.800000000000004,148.20000000000002,29.39,35.59,34.6,93.5,15.600000000000001,76.10000000000001,99.9,360.0,3326.0,1.47,45.300000000000004,15.0,7.05,35.99,29.02,4.0,354.5,1200.0
24543.439,0.0,140.0,103.5,24.26,16.03,185.5,35.800000000000004,148.4,29.41,35.53,34.6,92.5,15.65,75.3,100.0,360.0,3327.0,1.4000000000000001,45.150000000000006,15.030000000000001,6.99,36.050000000000004,29.0,2.0,353.5,1200.0
24603.439,0.0,140.0,101.2,24.3,16.0,185.5,35.7,149.8,29.34,35.550000000000004,34.4,92.5,15.600000000000001,75.7,100.0,358.5,3326.0,1.34,45.2,15.02,7.0,35.99,29.07,2.0,354.5,1200.0
24663.439,0.0,140.0,102.30000000000001,24.34,15.950000000000001,183.0,35.85,149.20000000000002,29.34,35.550000000000004,34.5,92.5,15.55,75.9,99.80000000000001,355.0,3319.0,1.46,45.150000000000006,15.09,6.96,36.04,29.080000000000002,0.0,356.0,1200.0
24723.439,0.0,140.0,102.10000000000001,24.330000000000002,16.01,185.0,35.75,148.70000000000002,29.400000000000002,35.44,34.6,91.5,15.65,76.0,100.0,357.0,3322.0,1.48,45.35,14.99,6.97,36.02,29.080000000000002,1.0,353.5,1200.0
24783.438,0.0,140.0,101.5,24.28,15.950000000000001,187.0,35.85,148.9,29.27,35.53,34.35,92.5,15.65,75.8,99.9,355.5,3322.0,1.35,45.2,14.99,7.03,35.96,29.09,0.0,354.0,1200.0
24843.438,0.0,140.0,100.5,24.35,15.950000000000001,185.0,35.800000000000004,149.20000000000002,29.37,35.43,34.4,92.0,15.600000000000001,76.10000000000001,99.5,356.0,3316.0,1.51,45.35,15.06,6.96,35.96,29.01,0.0,354.0,1200.0
24903.438,0.0,140.0,101.30000000000001,24.35,15.94,185.0,35.6,149.1,29.34,35.37,34.25,92.0,15.65,76.2,99.7,355.5,3321.0,1.43,45.1,15.040000000000001,7.0,36.04,29.02,1.0,355.5,1200.0
24963.437,0.0,140.0,101.2,24.3,15.99,184.5,35.65,146.9,29.240000000000002,35.410000000000004,34.5,93.5,15.65,76.10000000000001,100.0,352.5,3319.0,1.34,45.0,15.06,6.97,36.01,29.01,0.0,353.5,1200.0
25023.437,0.0,140.0,102.0,24.37,16.03,183.5,35.75,147.0,29.17,35.410000000000004,34.45,93.0,15.65,75.8,100.0,355.5,3314.0,1.35,45.1,15.01,6.96,36.1,28.990000000000002,1.0,356.5,1200.0
25083.437,0.0,140.0,102.30000000000001,24.400000000000002,15.950000000000001,183.5,35.550000000000004,147.8,29.2,35.33,34.300000000000004,91.0,15.65,76.2,100.0,351.5,3313.0,1.48,45.050000000000004,15.01,7.0200000000000005,36.04,29.09,0.0,353.0,1200.0
25143.436,0.0,140.0,100.4,24.44,15.99,184.0,35.45,149.70000000000002,29.18,35.410000000000004,34.35,91.0,15.450000000000001,76.4,99.5,352.5,3314.0,1.5,44.900000000000006,15.07,7.0,36.01,29.09,1.0,355.0,1200.0
25203.436,0.0,140.0,104.60000000000001,24.37,15.99,184.5,35.6,148.5,29.07,35.410000000000004,34.4,91.0,15.65,76.0,100.0,348.5,3316.0,1.33,44.800000000000004,15.01,6.99,35.97,29.11,3.0,350.0,1200.0
25263.436,0.0,140.0,101.7,24.29,15.98,184.0,35.6,148.4,29.2,35.25,34.35,93.5,15.600000000000001,76.60000000000001,99.80000000000001,353.0,3313.0,1.37,44.900000000000006,15.1,7.0,36.09,28.98,2.0,354.5,1200.0
25323.435,0.0,140.0,102.7,24.39,16.04,184.5,35.5,149.8,29.150000000000002,35.34,34.15,92.5,15.600000000000001,76.10000000000001,100.0,354.0,3319.0,1.31,45.050000000000004,15.01,7.01,35.95,28.990000000000002,0.0,356.0,1200.0
25383.435,0.0,140.0,101.0,24.39,16.03,186.0,35.75,149.0,29.150000000000002,35.36,34.35,93.0,15.65,75.7,100.0,354.0,3316.0,1.43,45.0,15.0,7.07,35.93,28.990000000000002,0.0,350.5,1200.0
25443.435,0.0,140.0,104.60000000000001,24.36,15.96,184.0,35.7,146.8,29.150000000000002,35.45,34.35,93.5,15.65,76.2,99.4,353.0,3316.0,1.31,44.900000000000006,14.97,6.97,36.01,29.05,2.0,352.5,1200.0
25503.434,0.0,140.0,101.80000000000001,24.41,16.0,183.5,35.45,149.6,29.2,35.44,34.45,92.0,15.600000000000001,76.10000000000001,99.7,352.0,3317.0,1.4000000000000001,44.75,14.98,7.0200000000000005,35.94,28.93,0.0,355.0,1200.0
25563.434,0.0,140.0,102.2,24.37,16.01,183.0,35.4,148.3,29.25,35.45,34.35,92.0,15.600000000000001,76.10000000000001,100.0,353.5,3316.0,1.47,44.85,15.01,7.0200000000000005,36.0,28.92,0.0,353.5,1200.0
25623.434,0.0,140.0,101.60000000000001,24.38,15.99,184.0,35.550000000000004,147.70000000000002,29.310000000000002,35.45,34.45,91.5,15.700000000000001,75.8,100.0,353.5,3316.0,1.32,44.85,14.99,6.95,35.95,29.04,0.0,355.0,1200.0
25683.433,0.0,140.0,102.80000000000001,24.43,15.89,185.0,35.65,150.0,29.32,35.51,34.25,93.0,15.600000000000001,75.4,99.60000000000001,355.5,3311.0,1.3900000000000001,44.95,14.93,7.01,36.03,29.0,0.0,353.0,1200.0
25743.433,0.0,140.0,102.10000000000001,24.310000000000002,16.02,185.5,35.75,150.4,29.330000000000002,35.410000000000004,34.5,91.0,15.65,75.9,100.0,352.5,3313.0,1.49,44.800000000000004,15.0,6.94,35.980000000000004,28.95,0.0,355.5,1200.0
25803.433,0.0,140.0,100.7,24.28,15.98,185.5,35.7,148.8,29.17,35.4,34.45,91.5,15.600000000000001,75.4,100.0,359.0,3314.0,1.55,44.800000000000004,14.98,7.01,36.01,29.02,0.0,352.0,1200.0
25863.433,0.0,140.0,101.80000000000001,24.37,16.01,185.5,35.65,149.0,29.26,35.410000000000004,34.45,92.5,15.600000000000001,75.3,100.0,355.5,3314.0,1.33,44.95,15.01,6.98,35.96,28.98,1.0,360.0,1200.0
25923.432,0.0,140.0,102.80000000000001,24.34,16.02,184.5,35.6,147.5,29.28,35.44,34.35,92.0,15.65,76.10000000000001,100.0,352.5,3306.0,1.35,44.900000000000006,15.01,7.03,36.0,28.91,0.0,355.0,1200.0
25983.432,0.0,140.0,101.4,24.29,16.0,183.5,35.6,149.4,29.22,35.39,34.45,92.5,15.700000000000001,75.7,99.80000000000001,353.5,3315.0,1.31,44.85,15.0,6.9,35.93,29.0,0.0,350.5,1200.0
26043.432,0.0,140.0,101.4,24.42,16.0,185.5,35.45,148.70000000000002,29.17,35.410000000000004,34.4,92.0,15.5,75.10000000000001,100.0,350.0,3309.0,1.33,44.75,15.040000000000001,7.07,35.88,28.990000000000002,0.0,351.5,1200.0
26103.431,0.0,140.0,102.10000000000001,24.35,16.080000000000002,183.5,35.800000000000004,148.9,29.23,35.49,34.4,91.5,15.600000000000001,76.2,100.0,350.0,3306.0,1.54,44.900000000000006,15.030000000000001,6.98,36.07,29.05,0.0,356.5,1200.0
26163.431,0.0,140.0,99.9,24.39,15.950000000000001,184.0,35.65,149.6,29.26,35.46,34.5,91.0,15.700000000000001,76.3,100.0,354.0,3310.0,1.44,44.7,15.040000000000001,7.0200000000000005,35.93,29.07,1.0,356.5,1200.0
26223.431,0.0,140.0,101.5,24.310000000000002,16.02,184.5,35.75,149.5,29.23,35.37,34.300000000000004,91.5,15.55,76.2,99.30000000000001,352.0,3312.0,1.36,44.800000000000004,14.98,7.0200000000000005,36.1,28.990000000000002,0.0,352.5,1200.0
26283.43,0.0,140.0,100.4,24.34,15.9,184.5,35.6,149.4,29.34,35.38,34.5,91.5,15.75,75.3,100.0,351.5,3307.0,1.46,44.800000000000004,15.030000000000001,7.03,36.04,29.060000000000002,0.0,354.5,1200.0
26343.43,0.0,140.0,102.9,24.330000000000002,15.94,183.0,35.75,148.9,29.18,35.44,34.4,91.5,15.600000000000001,75.7,100.0,351.0,3314.0,1.52,44.800000000000004,15.030000000000001,7.05,35.93,29.04,2.0,352.5,1200.0
26403.43,0.0,140.0,101.2,24.26,15.99,186.5,35.550000000000004,149.5,29.23,35.44,34.5,91.5,15.5,76.60000000000001,100.0,350.5,3309.0,1.31,44.7,14.99,7.01,35.95,29.02,0.0,356.0,1200.0
26463.43,0.0,140.0,101.10000000000001,24.310000000000002,15.950000000000001,184.5,35.6,149.0,29.28,35.410000000000004,34.300000000000004,90.0,15.75,75.9,100.0,353.0,3312.0,1.24,44.7,14.97,7.0,36.0,29.12,2.0,355.0,1200.0
26523.429,0.0,140.0,101.9,24.34,16.0,182.5,35.550000000000004,148.0,29.240000000000002,35.45,34.4,91.5,15.55,76.0,99.80000000000001,351.0,3310.0,1.41,44.800000000000004,15.01,6.96,35.86,28.93,0.0,355.0,1200.0
26583.429,0.0,140.0,102.2,24.25,15.97,184.5,35.6,148.8,29.28,35.480000000000004,34.45,93.0,15.55,75.4,100.0,353.5,3309.0,1.24,44.800000000000004,14.94,7.04,36.06,29.01,2.0,355.0,1200.0
26643.429,0.0,140.0,102.30000000000001,24.39,16.01,184.0,35.7,150.0,29.34,35.42,34.5,91.5,15.65,75.8,99.9,350.5,3314.0,1.37,44.75,14.98,7.01,36.0,28.990000000000002,1.0,351.0,1200.0
26703.428,0.0,140.0,101.9,24.34,16.06,184.5,35.75,147.5,29.23,35.480000000000004,34.4,92.5,15.600000000000001,76.0,100.0,354.0,3309.0,1.34,44.95,15.0,6.97,35.97,28.98,0.0,353.0,1200.0
26763.428,0.0,140.0,100.5,24.35,16.0,182.0,35.6,148.70000000000002,29.26,35.44,34.4,91.5,15.65,75.7,100.0,352.0,3318.0,1.43,44.900000000000006,15.02,6.97,35.97,29.03,0.0,349.0,1200.0
26823.428,0.0,140.0,102.4,24.34,15.93,183.0,35.75,148.8,29.26,35.47,34.550000000000004,94.0,15.75,75.60000000000001,100.0,357.5,3316.0,1.5,44.95,15.01,7.0200000000000005,36.04,29.13,0.0,354.0,1200.0
26883.427,0.0,140.0,102.7,24.400000000000002,15.99,186.5,35.65,147.4,29.35,35.45,34.4,91.5,15.65,76.4,99.9,352.0,3318.0,1.49,44.7,15.030000000000001,6.96,35.99,28.990000000000002,0.0,356.0,1200.0
26943.427,0.0,140.0,102.30000000000001,24.34,16.01,185.5,35.75,146.70000000000002,29.38,35.56,34.4,92.0,15.65,75.2,100.0,359.0,3312.0,1.36,44.800000000000004,14.99,6.95,35.980000000000004,28.900000000000002,1.0,353.5,1200.0
27003.427,0.0,140.0,101.30000000000001,24.400000000000002,15.98,184.0,35.75,149.6,29.32,35.53,34.5,93.5,15.55,75.4,99.60000000000001,356.0,3319.0,1.37,44.95,15.01,7.07,36.0,29.11,1.0,353.5,1200.0
27063.427,0.0,140.0,101.5,24.310000000000002,15.96,185.0,35.7,148.5,29.310000000000002,35.51,34.5,94.5,15.65,75.5,100.0,356.5,3318.0,1.33,44.800000000000004,15.120000000000001,7.0200000000000005,36.01,28.98,0.0,353.5,1200.0
27123.426,0.0,140.0,104.2,24.27,15.96,184.5,35.75,147.9,29.28,35.550000000000004,34.550000000000004,92.0,15.700000000000001,76.0,100.0,356.5,3315.0,1.56,44.85,14.96,6.96,35.93,28.82,0.0,351.5,1200.0
27183.426,0.0,140.0,103.5,24.38,15.97,186.0,35.7,148.70000000000002,29.29,35.5,34.4,93.0,15.55,75.8,100.0,354.0,3318.0,1.29,44.85,15.0,6.99,35.9,28.96,0.0,353.5,1200.0
27243.426,0.0,140.0,101.9,24.32,15.97,184.5,35.65,149.1,29.18,35.37,34.45,93.0,15.700000000000001,76.0,99.9,352.0,3307.0,1.32,44.95,15.06,6.94,35.980000000000004,28.990000000000002,1.0,349.0,1200.0
27303.425,0.0,140.0,103.4,24.34,16.0,184.0,35.550000000000004,147.5,29.28,35.32,34.4,92.0,15.65,76.10000000000001,100.0,355.5,3313.0,1.46,44.75,14.950000000000001,7.01,36.0,29.03,1.0,352.5,1200.0
27363.425,0.0,140.0,102.7,24.34,15.96,183.0,35.550000000000004,146.8,29.150000000000002,35.32,34.300000000000004,91.0,15.450000000000001,76.10000000000001,100.0,350.0,3309.0,1.34,44.75,15.030000000000001,7.0200000000000005,35.99,28.97,1.0,351.0,1200.0
27423.425,0.0,140.0,103.2,24.38,16.03,186.5,35.45,149.3,29.09,35.28,34.300000000000004,92.5,15.75,75.60000000000001,100.0,354.5,3312.0,1.32,44.800000000000004,15.11,7.0200000000000005,35.910000000000004,28.86,0.0,350.5,1200.0
27483.425,0.0,140.0,100.4,24.310000000000002,15.98,182.5,35.550000000000004,148.4,29.13,35.18,34.4,90.5,15.55,75.9,99.9,351.0,3309.0,1.35,44.75,14.93,6.99,35.980000000000004,29.04,0.0,349.5,1200.0
27543.424,0.0,140.0,102.4,24.3,15.89,184.5,35.5,148.3,29.150000000000002,35.300000000000004,34.35,90.0,15.600000000000001,75.8,100.0,349.0,3309.0,1.25,44.650000000000006,15.01,6.95,36.0,28.990000000000002,0.0,348.0,1200.0
27603.424,0.0,140.0,102.9,24.3,15.950000000000001,184.0,35.4,150.4,28.990000000000002,35.25,34.15,92.5,15.600000000000001,76.4,100.0,351.5,3305.0,1.1300000000000001,44.75,15.02,7.01,35.96,28.89,0.0,350.0,1200.0
27663.424,0.0,140.0,100.5,24.3,16.01,186.0,35.4,148.5,29.05,35.22,34.45,92.0,15.55,76.80000000000001,99.7,349.5,3301.0,1.27,44.650000000000006,14.98,7.01,36.06,28.98,0.0,352.0,1200.0
27723.423,0.0,140.0,100.5,24.32,16.03,184.0,35.6,147.3,29.01,35.230000000000004,34.35,90.0,15.5,75.8,100.0,350.0,3305.0,1.3900000000000001,44.550000000000004,15.01,6.95,36.03,29.04,0.0,351.0,1200.0
27783.423,0.0,140.0,102.10000000000001,24.37,16.0,184.5,35.4,147.6,29.150000000000002,35.26,34.35,93.0,15.55,76.5,100.0,351.0,3306.0,1.26,44.7,15.01,7.01,36.07,29.05,0.0,350.5,1200.0
27843.423,0.0,140.0,101.7,24.3,16.03,182.0,35.4,149.3,29.0,35.19,34.25,92.0,15.700000000000001,76.10000000000001,100.0,350.5,3310.0,1.41,44.650000000000006,15.030000000000001,6.96,36.050000000000004,28.97,0.0,354.0,1200.0
27903.423,0.0,140.0,102.80000000000001,24.37,15.97,181.5,35.45,148.4,29.060000000000002,35.28,34.1,90.0,15.600000000000001,76.60000000000001,100.0,352.0,3305.0,1.47,44.550000000000004,14.96,7.01,35.910000000000004,28.900000000000002,0.0,349.0,1200.0
27963.422,0.0,140.0,100.10000000000001,24.37,15.96,182.5,35.4,148.5,29.060000000000002,35.22,34.2,92.0,15.600000000000001,76.3,100.0,346.0,3307.0,1.33,44.650000000000006,15.0,7.0,35.99,29.04,0.0,346.5,1200.0
28023.422,0.0,140.0,101.7,24.310000000000002,15.93,184.5,35.5,148.4,29.04,35.22,34.45,90.0,15.600000000000001,76.0,100.0,349.0,3305.0,1.47,44.650000000000006,15.0,7.08,35.95,29.05,0.0,348.0,1200.0
28083.422,0.0,140.0,102.5,24.34,16.04,181.5,35.45,148.3,29.060000000000002,35.28,34.4,91.0,15.65,76.80000000000001,100.0,347.0,3308.0,1.49,44.550000000000004,14.97,6.98,36.18,28.990000000000002,3.0,350.0,1200.0
28143.422,0.0,140.0,101.5,24.29,16.02,183.5,35.4,148.0,29.05,35.31,34.15,93.0,15.55,76.60000000000001,99.9,350.0,3309.0,1.37,44.5,15.01,6.97,36.06,28.96,0.0,348.0,1200.0
28203.421,0.0,140.0,101.60000000000001,24.38,15.99,182.0,35.45,148.0,29.05,35.21,34.1,92.5,15.600000000000001,77.0,100.0,351.5,3307.0,1.52,44.550000000000004,15.05,6.96,35.94,28.96,2.0,353.0,1200.0
28263.421,0.0,140.0,101.4,24.38,15.950000000000001,184.0,35.5,149.3,29.11,35.21,34.2,94.0,15.600000000000001,76.60000000000001,100.0,352.0,3305.0,1.32,44.550000000000004,15.01,7.03,36.03,29.03,0.0,353.0,1200.0
28323.421,0.0,140.0,102.80000000000001,24.28,16.03,183.5,35.4,148.1,29.16,35.33,34.45,92.5,15.55,76.0,99.5,352.5,3308.0,1.36,44.550000000000004,14.97,7.0600000000000005,35.97,28.990000000000002,1.0,354.5,1200.0
28383.42,0.0,140.0,101.5,24.32,15.96,182.5,35.550000000000004,149.5,29.21,35.4,34.300000000000004,91.5,15.600000000000001,75.7,100.0,358.0,3309.0,1.48,44.650000000000006,14.97,6.98,35.97,29.01,3.0,351.5,1200.0
28443.42,0.0,140.0,101.2,24.3,15.91,184.5,35.5,147.9,29.29,35.39,34.35,92.0,15.65,75.9,100.0,349.0,3306.0,1.3900000000000001,44.650000000000006,14.98,7.01,35.97,28.95,1.0,353.0,1200.0
28503.42,0.0,140.0,101.80000000000001,24.43,15.91,185.5,35.6,147.20000000000002,29.21,35.410000000000004,34.35,92.5,15.700000000000001,76.2,99.9,357.5,3311.0,1.46,44.550000000000004,14.96,7.0600000000000005,35.99,28.990000000000002,0.0,357.0,1200.0
28563.42,0.0,140.0,102.30000000000001,24.32,15.96,183.0,35.6,148.0,29.23,35.410000000000004,34.45,92.0,15.65,75.8,99.9,349.5,3310.0,1.36,44.7,15.05,7.0,35.92,28.98,0.0,357.0,1200.0
28623.419,0.0,140.0,101.60000000000001,24.26,16.03,186.0,35.550000000000004,149.6,29.23,35.5,34.5,92.0,15.600000000000001,75.60000000000001,100.0,353.0,3311.0,1.32,44.85,14.98,7.01,35.980000000000004,29.04,0.0,354.5,1200.0
28683.419,0.0,140.0,100.9,24.32,15.98,185.5,35.65,147.8,29.36,35.46,34.6,91.5,15.700000000000001,76.0,100.0,354.5,3312.0,1.2,44.550000000000004,15.05,6.96,35.88,28.96,2.0,352.0,1200.0
28743.419,0.0,140.0,100.80000000000001,24.38,15.98,187.0,35.7,148.8,29.330000000000002,35.56,34.65,91.5,15.55,75.8,99.7,354.0,3314.0,1.32,44.6,14.89,7.07,36.0,28.95,0.0,354.5,1200.0
28803.419,0.0,140.0,102.10000000000001,24.330000000000002,15.98,185.0,35.75,147.1,29.39,35.58,34.550000000000004,92.5,15.600000000000001,75.10000000000001,100.0,351.0,3314.0,1.3800000000000001,44.75,15.0,7.0600000000000005,36.02,29.02,0.0,357.5,1200.0
28863.418,0.0,140.0,102.60000000000001,24.32,15.92,185.0,35.75,147.8,29.34,35.54,34.550000000000004,91.5,15.65,75.5,100.0,353.0,3317.0,1.42,44.85,14.97,6.97,36.1,29.04,0.0,359.0,1200.0
28923.418,0.0,140.0,102.60000000000001,24.32,15.97,184.5,35.7,150.8,29.39,35.59,34.5,91.5,15.5,75.2,100.0,354.5,3316.0,1.57,44.75,14.98,6.96,36.02,29.02,0.0,355.0,1200.0
28983.418,0.0,140.0,102.80000000000001,24.35,16.0,186.0,35.65,151.0,29.42,35.62,34.4,91.5,15.600000000000001,76.3,99.9,357.0,3312.0,1.37,44.7,15.040000000000001,7.01,35.980000000000004,29.05,0.0,355.5,1200.0
29043.418,0.0,140.0,102.2,24.36,16.0,182.5,35.75,149.1,29.36,35.49,34.5,91.5,15.65,75.3,100.0,352.0,3309.0,1.34,44.7,15.01,6.95,36.02,28.98,0.0,355.5,1200.0
29103.417,0.0,140.0,101.30000000000001,24.36,16.01,184.5,35.75,148.8,29.37,35.58,34.45,91.5,15.55,75.9,99.80000000000001,357.5,3313.0,1.59,44.75,15.0,7.01,36.06,28.990000000000002,1.0,356.0,1200.0
29163.417,0.0,140.0,99.9,24.35,16.0,184.5,35.5,148.20000000000002,29.37,35.47,34.550000000000004,93.5,15.700000000000001,75.8,99.80000000000001,353.0,3311.0,1.33,44.800000000000004,15.02,6.99,35.88,28.97,0.0,356.5,1200.0
29223.417,0.0,140.0,101.2,24.34,16.0,187.0,35.65,150.0,29.29,35.550000000000004,34.550000000000004,92.0,15.55,75.2,100.0,347.5,3311.0,1.29,44.800000000000004,14.96,7.0,35.99,29.02,0.0,354.5,1200.0
29283.417,0.0,140.0,101.10000000000001,24.29,15.99,183.5,35.6,150.0,29.330000000000002,35.480000000000004,34.4,92.5,15.55,75.7,99.5,353.5,3307.0,1.53,44.7,15.02,6.91,36.050000000000004,29.05,0.0,353.5,1200.0
29343.416,0.0,140.0,101.2,24.29,15.96,185.5,35.75,149.4,29.32,35.410000000000004,34.5,90.5,15.700000000000001,75.8,100.0,354.0,3307.0,1.18,44.75,15.01,6.94,35.99,29.02,1.0,358.5,1200.0
29403.416,0.0,140.0,100.7,24.35,16.04,182.0,35.7,148.4,29.19,35.42,34.45,93.5,15.75,75.60000000000001,100.0,349.5,3309.0,1.48,44.7,14.96,7.04,35.99,28.990000000000002,0.0,350.0,1200.0
29463.416,0.0,140.0,101.0,24.34,15.89,183.5,35.6,148.6,29.25,35.4,34.550000000000004,94.0,15.75,76.10000000000001,100.0,350.0,3307.0,1.46,44.650000000000006,15.0,6.96,35.89,28.95,0.0,356.5,1200.0
29523.415,0.0,140.0,101.2,24.240000000000002,16.01,184.5,35.45,151.20000000000002,29.2,35.480000000000004,34.4,90.5,15.600000000000001,76.10000000000001,99.60000000000001,350.5,3307.0,1.27,44.75,14.97,7.08,36.06,29.04,0.0,351.5,1200.0
29583.415,0.0,140.0,101.30000000000001,24.35,16.1,182.0,35.7,148.5,29.21,35.45,34.35,92.0,15.700000000000001,75.7,99.9,354.0,3311.0,1.4000000000000001,44.650000000000006,14.97,6.94,35.94,28.97,0.0,357.5,1200.0
29643.415,0.0,140.0,100.10000000000001,24.3,16.0,185.5,35.6,150.6,29.2,35.32,34.300000000000004,92.5,15.55,75.4,100.0,356.0,3311.0,1.46,44.650000000000006,15.0,6.91,35.96,28.96,1.0,353.5,1200.0
29703.415,0.0,140.0,102.80000000000001,24.330000000000002,16.0,185.5,35.6,148.70000000000002,29.150000000000002,35.42,34.35,92.0,15.600000000000001,75.4,99.7,352.5,3304.0,1.26,44.75,15.0,6.98,35.92,28.93,0.0,356.0,1200.0
29763.414,0.0,140.0,102.30000000000001,24.38,16.01,184.5,35.7,150.5,29.11,35.34,34.300000000000004,94.0,15.65,75.8,100.0,353.0,3310.0,1.42,44.7,15.0,7.03,36.0,29.02,0.0,355.5,1200.0
29823.414,0.0,140.0,100.0,24.3,15.96,183.5,35.550000000000004,147.4,29.27,35.35,34.35,94.0,15.700000000000001,76.3,99.2,349.5,3298.0,1.28,44.800000000000004,14.950000000000001,7.01,35.9,28.98,0.0,349.5,1200.0
29883.414,0.0,140.0,101.0,24.3,15.98,185.0,35.45,149.9,29.18,35.230000000000004,34.35,92.5,15.65,75.9,100.0,348.0,3306.0,1.37,44.75,14.99,7.03,36.03,28.97,4.0,354.5,1200.0
29943.414,0.0,140.0,100.10000000000001,24.310000000000002,15.94,183.0,35.550000000000004,149.9,29.22,35.27,34.35,93.0,15.5,76.2,99.30000000000001,356.0,3307.0,1.3800000000000001,44.5,14.94,7.0,35.97,28.85,0.0,351.5,1200.0
30003.413,0.0,140.0,100.7,24.32,15.950000000000001,183.5,35.5,149.0,29.150000000000002,35.37,34.300000000000004,92.0,15.75,76.80000000000001,100.0,350.0,3303.0,1.46,44.7,15.05,7.07,36.06,28.96,0.0,347.0,1200.0
30063.413,0.0,140.0,101.80000000000001,24.29,16.02,184.5,35.5,148.5,29.14,35.300000000000004,34.35,93.0,15.600000000000001,75.8,99.9,343.0,3302.0,1.25,44.650000000000006,15.0,6.96,36.04,28.96,0.0,349.5,1200.0
30123.413,0.0,140.0,102.4,24.35,16.0,181.5,35.5,150.0,29.19,35.36,34.25,92.5,15.65,76.3,99.5,351.0,3311.0,1.41,44.5,14.9,7.01,36.050000000000004,28.98,0.0,349.5,1200.0
30183.413,0.0,140.0,103.2,24.36,15.97,184.0,35.550000000000004,148.6,29.18,35.300000000000004,34.4,95.0,15.450000000000001,75.7,100.0,349.0,3312.0,1.33,44.7,15.040000000000001,6.99,35.97,29.02,0.0,350.5,1200.0
30243.412,0.0,140.0,101.9,24.25,15.99,183.5,35.6,148.6,29.22,35.34,34.4,91.5,15.600000000000001,75.8,99.9,351.5,3307.0,1.42,44.7,15.05,7.04,35.99,28.97,0.0,352.0,1200.0
30303.412,0.0,140.0,104.0,24.330000000000002,15.96,184.0,35.65,148.4,29.3,35.49,34.4,93.5,15.75,75.7,100.0,353.5,3308.0,1.49,44.650000000000006,15.01,7.03,35.92,28.89,0.0,358.0,1200.0
30363.412,0.0,140.0,101.5,24.310000000000002,15.98,182.0,35.7,148.8,29.310000000000002,35.42,34.45,92.5,15.600000000000001,75.5,100.0,351.5,3312.0,1.45,44.75,15.040000000000001,7.05,36.03,29.0,2.0,354.0,1200.0
30423.412,0.0,140.0,102.4,24.32,15.97,184.5,35.65,148.9,29.21,35.45,34.4,92.5,15.600000000000001,75.8,99.80000000000001,352.5,3312.0,1.34,44.7,14.99,7.0,35.94,28.94,0.0,353.0,1200.0
30483.411,0.0,140.0,102.30000000000001,24.330000000000002,16.04,183.0,35.65,148.20000000000002,29.32,35.52,34.4,91.0,15.65,75.9,99.80000000000001,351.0,3312.0,1.48,44.75,14.97,6.96,36.07,29.11,0.0,350.0,1200.0
30543.411,0.0,140.0,100.9,24.39,15.97,185.5,35.85,147.6,29.42,35.42,34.550000000000004,91.0,15.5,75.3,100.0,357.5,3311.0,1.36,44.650000000000006,15.030000000000001,6.95,36.01,29.0,2.0,348.0,1200.0
30603.411,0.0,140.0,101.2,24.36,15.950000000000001,184.0,35.6,149.5,29.38,35.550000000000004,34.550000000000004,90.5,15.5,76.10000000000001,99.7,354.5,3313.0,1.46,44.75,15.0,7.0200000000000005,35.95,29.05,1.0,353.0,1200.0
30663.411,0.0,140.0,102.2,24.34,16.0,186.0,35.65,150.3,29.37,35.46,34.5,92.5,15.65,75.60000000000001,100.0,351.5,3314.0,1.34,44.75,14.99,6.92,36.050000000000004,28.95,1.0,353.0,1200.0
30723.41,0.0,140.0,100.10000000000001,24.34,15.99,184.0,35.75,148.4,29.32,35.45,34.550000000000004,92.0,15.700000000000001,75.3,99.7,353.5,3316.0,1.47,44.85,14.98,6.93,36.01,29.04,0.0,356.5,1200.0
30783.41,0.0,140.0,103.4,24.32,15.99,186.0,35.75,150.9,29.3,35.52,34.4,90.5,15.600000000000001,75.5,99.9,356.0,3317.0,1.37,44.75,14.94,7.05,35.9,28.88,0.0,354.0,1200.0
30843.41,0.0,140.0,103.0,24.39,15.94,182.0,35.6,147.8,29.44,35.44,34.45,92.5,15.55,76.2,99.9,351.5,3314.0,1.52,44.85,15.02,6.99,36.02,28.88,0.0,359.5,1200.0
30903.41,0.0,140.0,103.2,24.35,15.93,186.5,35.85,149.4,29.37,35.58,34.550000000000004,93.0,15.450000000000001,75.3,99.80000000000001,349.0,3316.0,1.43,44.7,14.96,7.07,36.04,29.02,2.0,353.5,1200.0
30963.409,0.0,140.0,100.60000000000001,24.32,15.93,185.0,35.65,149.8,29.310000000000002,35.39,34.5,90.5,15.5,75.5,99.7,354.5,3310.0,1.33,44.800000000000004,14.98,7.01,35.99,29.04,1.0,355.0,1200.0
31023.409,0.0,140.0,103.0,24.43,16.01,186.5,35.7,149.6,29.25,35.5,34.4,90.5,15.600000000000001,75.60000000000001,99.9,355.0,3311.0,1.3900000000000001,44.900000000000006,14.97,7.05,35.92,29.04,2.0,357.5,1200.0
31083.409,0.0,140.0,101.5,24.400000000000002,16.07,185.0,35.6,148.20000000000002,29.28,35.5,34.35,91.0,15.450000000000001,76.10000000000001,99.80000000000001,356.5,3314.0,1.36,44.900000000000006,15.02,7.01,36.13,29.060000000000002,2.0,351.5,1200.0
31143.409,0.0,140.0,101.5,24.44,15.97,184.0,35.7,148.20000000000002,29.27,35.410000000000004,34.35,90.5,15.65,75.8,99.9,352.5,3315.0,1.36,45.0,15.07,7.01,36.06,28.95,0.0,356.5,1200.0
31203.409,0.0,140.0,101.60000000000001,24.38,15.950000000000001,184.0,35.5,148.8,29.2,35.44,34.4,91.5,15.700000000000001,76.0,100.0,350.5,3318.0,1.45,44.75,15.0,6.97,35.96,28.97,1.0,351.0,1200.0
31263.408,0.0,140.0,102.60000000000001,24.39,15.93,183.0,35.7,147.1,29.2,35.45,34.45,95.5,15.600000000000001,76.0,100.0,357.5,3317.0,1.36,44.900000000000006,15.01,7.0,36.01,28.96,2.0,353.5,1200.0
31323.408,0.0,140.0,101.2,24.35,15.96,185.5,35.6,149.3,29.25,35.44,34.4,93.5,15.5,76.0,99.60000000000001,353.5,3314.0,1.27,44.7,15.040000000000001,6.97,36.0,28.98,0.0,354.5,1200.0
31383.408,0.0,140.0,101.4,24.38,15.98,183.0,35.7,147.70000000000002,29.23,35.37,34.4,92.5,15.700000000000001,76.0,99.7,357.0,3320.0,1.51,44.800000000000004,15.05,6.94,36.02,29.07,1.0,353.5,1200.0
31443.408,0.0,140.0,101.0,24.36,16.0,184.5,35.7,149.5,29.32,35.46,34.550000000000004,90.0,15.600000000000001,76.10000000000001,99.9,358.0,3313.0,1.3900000000000001,44.95,15.030000000000001,6.98,35.95,29.07,1.0,356.0,1200.0
31503.407,0.0,140.0,101.5,24.330000000000002,15.98,185.0,35.75,148.9,29.330000000000002,35.480000000000004,34.4,89.5,15.65,76.10000000000001,99.7,353.0,3318.0,1.21,44.800000000000004,14.98,7.0200000000000005,36.07,28.92,3.0,355.5,1200.0
31563.407,0.0,140.0,102.2,24.36,16.0,183.5,35.6,148.70000000000002,29.27,35.49,34.5,91.5,15.600000000000001,75.4,100.0,355.5,3310.0,1.33,44.800000000000004,15.01,6.99,35.92,28.93,2.0,355.5,1200.0
31623.407,0.0,140.0,101.60000000000001,24.3,16.01,184.5,35.65,148.5,29.29,35.5,34.35,92.0,15.5,76.5,100.0,355.5,3311.0,1.46,44.900000000000006,15.05,7.03,35.97,28.990000000000002,1.0,352.5,1200.0
31683.407,0.0,140.0,102.80000000000001,24.310000000000002,16.01,185.0,35.65,147.8,29.310000000000002,35.550000000000004,34.4,92.5,15.75,75.9,99.60000000000001,357.5,3318.0,1.45,44.800000000000004,15.05,7.03,35.96,28.93,0.0,356.0,1200.0
31743.406,0.0,140.0,101.2,24.29,15.97,184.0,35.65,150.20000000000002,29.330000000000002,35.46,34.35,92.0,15.65,75.7,99.60000000000001,353.0,3316.0,1.44,44.75,15.06,7.0200000000000005,35.980000000000004,29.01,0.0,355.0,1200.0
31803.406,0.0,140.0,102.80000000000001,24.35,15.950000000000001,187.0,35.75,149.1,29.400000000000002,35.44,34.5,93.5,15.55,75.9,100.0,355.0,3313.0,1.3800000000000001,44.85,15.0,7.01,35.980000000000004,29.0,0.0,353.5,1200.0
31863.406,0.0,140.0,101.60000000000001,24.28,16.0,186.0,35.5,148.4,29.310000000000002,35.44,34.35,93.0,15.65,75.60000000000001,99.5,356.5,3314.0,1.33,44.800000000000004,14.98,7.04,36.050000000000004,29.0,1.0,357.0,1200.0
31923.406,0.0,140.0,101.80000000000001,24.3,16.01,183.0,35.65,148.1,29.22,35.42,34.5,95.0,15.65,75.5,99.7,357.0,3315.0,1.58,44.800000000000004,14.92,6.98,35.95,28.97,0.0,351.0,1200.0
31983.405,0.0,140.0,99.7,24.240000000000002,15.98,185.5,35.65,149.70000000000002,29.26,35.53,34.4,89.5,15.600000000000001,75.5,100.0,354.5,3307.0,1.6600000000000001,44.95,15.02,6.95,35.99,29.080000000000002,0.0,353.5,1200.0
32043.405,0.0,140.0,101.30000000000001,24.330000000000002,16.04,185.5,35.65,147.5,29.38,35.49,34.300000000000004,91.5,15.55,76.0,100.0,353.0,3310.0,1.46,44.7,15.040000000000001,6.94,35.99,29.1,0.0,351.0,1200.0
32103.405,0.0,140.0,103.0,24.26,16.0,186.0,35.6,149.1,29.32,35.43,34.300000000000004,90.5,15.600000000000001,76.10000000000001,100.0,349.5,3311.0,1.3800000000000001,44.7,14.97,7.03,35.95,29.0,1.0,350.5,1200.0
32163.405,0.0,140.0,102.2,24.28,15.950000000000001,182.5,35.7,148.5,29.23,35.410000000000004,34.300000000000004,91.5,15.700000000000001,75.8,100.0,350.5,3312.0,1.3900000000000001,44.7,14.96,7.01,36.050000000000004,29.03,0.0,354.0,1200.0
32223.405,0.0,140.0,101.10000000000001,24.29,16.01,184.5,35.4,149.1,29.29,35.42,34.4,93.0,15.75,75.8,99.7,352.0,3309.0,1.47,44.75,14.99,7.0,36.03,28.990000000000002,0.0,352.5,1200.0
32283.404,0.0,140.0,101.5,24.35,15.91,184.5,35.7,148.9,29.29,35.39,34.4,94.5,15.700000000000001,76.0,100.0,356.5,3308.0,1.3800000000000001,44.75,14.950000000000001,6.95,36.01,28.990000000000002,0.0,351.5,1200.0
32343.404,0.0,140.0,99.4,24.34,15.97,182.5,35.550000000000004,149.1,29.21,35.33,34.25,89.5,15.600000000000001,75.8,99.80000000000001,351.0,3302.0,1.27,44.650000000000006,14.97,7.05,36.03,29.02,1.0,351.0,1200.0
32403.404,0.0,140.0,101.60000000000001,24.32,16.0,183.5,35.65,148.70000000000002,29.22,35.34,34.5,90.5,15.600000000000001,75.8,100.0,353.5,3307.0,1.3900000000000001,44.75,15.030000000000001,7.01,35.9,28.990000000000002,1.0,344.5,1200.0
32463.404,0.0,140.0,102.30000000000001,24.26,15.950000000000001,184.0,35.5,150.20000000000002,29.2,35.34,34.35,89.0,15.65,76.0,100.0,350.5,3306.0,1.48,44.7,15.02,7.04,35.99,29.02,0.0,349.0,1200.0
32523.403,0.0,140.0,102.4,24.29,16.0,184.0,35.6,150.5,29.150000000000002,35.44,34.45,90.5,15.65,75.9,99.9,347.5,3308.0,1.32,44.6,15.06,6.96,35.9,29.01,1.0,350.5,1200.0
32583.403,0.0,140.0,102.30000000000001,24.38,15.950000000000001,185.5,35.6,149.70000000000002,29.21,35.44,34.4,93.5,15.65,75.7,100.0,350.5,3307.0,1.48,44.7,15.02,7.0200000000000005,35.96,29.07,0.0,350.0,1200.0
32643.403,0.0,140.0,100.7,24.28,16.07,182.5,35.5,149.70000000000002,29.22,35.28,34.15,92.5,15.65,75.9,100.0,355.0,3300.0,1.4000000000000001,44.75,15.07,7.01,36.050000000000004,28.95,2.0,352.5,1200.0
32703.403,0.0,140.0,100.10000000000001,24.37,15.92,186.0,35.4,148.70000000000002,29.18,35.39,34.25,92.0,15.75,75.8,99.7,350.5,3311.0,1.27,44.650000000000006,15.040000000000001,6.97,35.99,29.07,0.0,349.5,1200.0
32763.403,0.0,140.0,101.0,24.37,16.01,185.5,35.550000000000004,148.20000000000002,29.28,35.33,34.35,94.0,15.75,76.3,99.60000000000001,350.5,3305.0,1.4000000000000001,44.650000000000006,14.96,7.05,36.02,29.0,0.0,355.0,1200.0
32823.402,0.0,140.0,102.4,24.35,16.01,184.0,35.6,147.70000000000002,29.14,35.44,34.45,94.0,15.65,75.9,100.0,354.0,3309.0,1.35,44.75,15.01,6.98,36.0,28.990000000000002,1.0,349.5,1200.0
32883.402,0.0,140.0,102.0,24.310000000000002,16.02,182.0,35.5,150.4,29.27,35.4,34.35,91.5,15.5,76.4,99.80000000000001,350.5,3318.0,1.3800000000000001,44.7,15.030000000000001,7.04,36.13,28.98,0.0,348.0,1200.0
32943.402,0.0,140.0,101.4,24.32,16.06,183.0,35.45,149.5,29.2,35.410000000000004,34.4,91.0,15.600000000000001,76.7,99.9,352.5,3310.0,1.23,44.75,14.96,6.97,35.97,28.900000000000002,0.0,351.5,1200.0
33003.402,0.0,140.0,101.7,24.37,16.0,185.0,35.65,149.20000000000002,29.27,35.39,34.45,94.0,15.65,76.0,100.0,349.0,3315.0,1.42,44.800000000000004,15.05,6.98,36.050000000000004,29.060000000000002,1.0,350.0,1200.0
33063.401,0.0,140.0,100.9,24.3,16.03,184.0,35.5,149.6,29.18,35.4,34.45,91.5,15.65,75.7,100.0,350.0,3313.0,1.34,44.650000000000006,15.030000000000001,6.92,36.02,29.05,0.0,352.0,1200.0
33123.401,0.0,140.0,102.0,24.45,15.97,184.5,35.550000000000004,149.8,29.2,35.410000000000004,34.4,91.5,15.65,75.8,99.80000000000001,350.0,3314.0,1.3900000000000001,44.75,14.99,7.0200000000000005,35.980000000000004,29.01,0.0,355.0,1200.0
33183.401,0.0,140.0,102.2,24.35,15.94,183.5,35.550000000000004,147.4,29.240000000000002,35.42,34.4,92.0,15.55,76.10000000000001,100.0,358.5,3311.0,1.45,44.650000000000006,15.0,6.97,36.09,28.95,0.0,352.5,1200.0
33243.401,0.0,140.0,100.4,24.44,15.98,182.5,35.550000000000004,148.1,29.2,35.33,34.300000000000004,91.0,15.55,76.3,99.9,352.5,3310.0,1.54,44.85,14.94,6.97,35.95,29.11,0.0,354.5,1200.0
33303.401,0.0,140.0,103.0,24.35,16.01,182.5,35.550000000000004,148.8,29.18,35.47,34.4,93.0,15.600000000000001,75.9,100.0,352.5,3310.0,1.62,44.85,15.0,7.01,35.93,28.96,0.0,351.5,1200.0
33363.4,0.0,140.0,102.0,24.3,15.97,182.0,35.4,150.4,29.2,35.37,34.45,94.5,15.55,76.10000000000001,99.80000000000001,352.5,3308.0,1.54,44.650000000000006,15.0,6.97,36.07,28.990000000000002,0.0,352.5,1200.0
33423.4,0.0,140.0,102.10000000000001,24.36,15.97,184.0,35.550000000000004,148.4,29.16,35.300000000000004,34.45,91.5,15.75,76.80000000000001,99.60000000000001,354.0,3311.0,1.27,44.75,14.98,7.01,36.01,29.04,0.0,352.0,1200.0
33483.4,0.0,140.0,102.10000000000001,24.38,16.06,183.5,35.550000000000004,149.8,29.21,35.230000000000004,34.35,91.5,15.5,75.60000000000001,100.0,354.5,3312.0,1.4000000000000001,44.85,15.040000000000001,7.01,36.07,29.01,2.0,358.0,1200.0
33543.4,0.0,140.0,103.5,24.29,16.01,182.5,35.550000000000004,149.0,29.26,35.300000000000004,34.300000000000004,94.0,15.450000000000001,76.2,100.0,350.0,3311.0,1.48,44.6,15.030000000000001,7.03,36.09,28.96,0.0,350.0,1200.0
33603.399,0.0,140.0,101.60000000000001,24.38,15.99,184.5,35.5,148.3,29.18,35.25,34.300000000000004,93.5,15.8,75.8,100.0,357.5,3312.0,1.48,44.7,15.01,7.0600000000000005,36.09,29.0,0.0,347.0,1200.0
33663.399,0.0,140.0,101.4,24.38,15.91,185.0,35.4,149.3,29.17,35.28,34.25,92.5,15.600000000000001,76.0,99.9,349.5,3305.0,1.58,44.800000000000004,14.96,6.96,35.96,29.0,2.0,352.0,1200.0
33723.399,0.0,140.0,100.7,24.35,15.97,182.0,35.5,149.9,29.21,35.39,34.35,93.0,15.8,75.9,100.0,350.0,3311.0,1.55,44.550000000000004,14.96,7.0200000000000005,35.97,28.93,1.0,355.5,1200.0
33783.399,0.0,140.0,102.2,24.32,15.98,184.0,35.6,148.9,29.23,35.53,34.35,92.5,15.5,75.60000000000001,99.60000000000001,358.0,3309.0,1.57,44.7,15.0,7.08,35.99,29.05,0.0,347.0,1200.0
33843.399,0.0,140.0,101.60000000000001,24.35,16.04,185.5,35.550000000000004,149.8,29.19,35.45,34.300000000000004,91.0,15.700000000000001,76.10000000000001,99.80000000000001,352.5,3312.0,1.51,44.800000000000004,15.01,7.0,36.01,28.96,0.0,352.5,1200.0
33903.398,0.0,140.0,101.0,24.29,16.02,187.0,35.550000000000004,148.4,29.23,35.39,34.4,90.5,15.65,75.7,100.0,357.5,3308.0,1.48,44.800000000000004,15.02,6.96,36.03,28.97,1.0,353.0,1200.0
33963.398,0.0,140.0,102.0,24.38,15.92,185.5,35.550000000000004,148.70000000000002,29.29,35.45,34.35,91.5,15.55,75.9,99.7,356.5,3305.0,1.35,44.650000000000006,14.97,6.96,36.0,28.96,2.0,346.0,1200.0
34023.398,0.0,140.0,101.30000000000001,24.32,15.97,185.5,35.7,147.0,29.18,35.42,34.45,92.0,15.600000000000001,76.4,99.7,352.5,3313.0,1.32,44.650000000000006,15.01,6.94,35.980000000000004,28.96,0.0,352.5,1200.0
34083.398,0.0,140.0,102.5,24.310000000000002,16.0,182.5,35.65,149.20000000000002,29.28,35.42,34.45,92.0,15.600000000000001,76.0,100.0,351.5,3316.0,1.44,44.650000000000006,14.98,6.94,36.08,28.94,0.0,351.5,1200.0
34143.398,0.0,140.0,100.10000000000001,24.32,15.99,186.5,35.65,150.70000000000002,29.28,35.45,34.4,94.5,15.700000000000001,76.10000000000001,100.0,352.5,3318.0,1.41,44.7,15.0,6.99,36.07,28.98,2.0,351.0,1200.0
34203.397,0.0,140.0,102.60000000000001,24.35,16.03,185.5,35.6,148.4,29.28,35.4,34.6,91.5,15.600000000000001,75.8,100.0,355.0,3311.0,1.37,44.800000000000004,15.0,7.01,35.980000000000004,29.03,0.0,353.5,1200.0
34263.397,0.0,140.0,102.30000000000001,24.36,15.97,185.0,35.550000000000004,148.0,29.29,35.480000000000004,34.45,93.0,15.65,76.4,100.0,353.5,3318.0,1.46,44.85,15.030000000000001,6.97,36.01,29.04,0.0,358.5,1200.0
34323.397,0.0,140.0,100.5,24.37,16.07,184.5,35.6,149.3,29.27,35.47,34.45,90.5,15.55,76.3,99.80000000000001,357.0,3318.0,1.18,44.800000000000004,14.96,7.0,35.980000000000004,29.080000000000002,1.0,354.5,1200.0
34383.397,0.0,140.0,102.30000000000001,24.39,16.03,184.0,35.65,148.70000000000002,29.29,35.43,34.6,90.0,15.600000000000001,76.5,100.0,352.0,3316.0,1.35,44.800000000000004,15.05,7.0,35.88,28.91,0.0,355.0,1200.0
34443.396,0.0,140.0,101.30000000000001,24.32,15.96,185.5,35.75,149.1,29.25,35.410000000000004,34.5,91.5,15.65,76.3,100.0,357.5,3316.0,1.5,44.900000000000006,14.97,7.07,35.97,29.09,0.0,359.0,1200.0
34503.396,0.0,140.0,99.30000000000001,24.36,16.01,184.5,35.65,148.6,29.28,35.44,34.4,92.0,15.700000000000001,76.3,100.0,352.5,3314.0,1.29,44.95,14.99,6.98,35.97,29.01,0.0,354.0,1200.0
34563.396,0.0,140.0,101.60000000000001,24.43,16.0,186.0,35.7,152.3,29.25,35.49,34.4,90.5,15.65,75.9,100.0,352.0,3318.0,1.56,44.800000000000004,14.93,6.97,36.06,28.97,3.0,356.5,1200.0
34623.396,0.0,140.0,101.80000000000001,24.36,16.04,185.0,35.45,150.8,29.25,35.42,34.5,93.5,15.55,75.7,100.0,353.5,3312.0,1.49,44.85,14.98,6.99,36.03,28.95,0.0,352.0,1200.0
34683.396,0.0,140.0,102.60000000000001,24.240000000000002,16.05,184.0,35.550000000000004,150.0,29.22,35.52,34.6,92.5,15.65,76.0,99.80000000000001,351.5,3313.0,1.3800000000000001,44.800000000000004,15.030000000000001,7.0200000000000005,35.97,29.01,0.0,351.5,1200.0
34743.395,0.0,140.0,101.9,24.37,16.0,184.0,35.65,149.5,29.26,35.4,34.35,93.5,15.65,76.0,100.0,361.0,3313.0,1.35,44.7,15.030000000000001,7.05,36.04,29.02,1.0,353.5,1200.0
34803.395,0.0,140.0,101.80000000000001,24.38,16.0,183.5,35.75,148.5,29.240000000000002,35.43,34.35,93.0,15.600000000000001,76.0,100.0,352.5,3316.0,1.26,44.800000000000004,14.98,6.95,35.96,29.02,0.0,355.0,1200.0
34863.395,0.0,140.0,100.7,24.34,15.96,184.5,35.5,150.5,29.26,35.43,34.6,93.0,15.65,76.2,100.0,354.5,3313.0,1.4000000000000001,44.85,15.02,6.98,36.0,29.02,2.0,351.0,1200.0
34923.395,0.0,140.0,99.80000000000001,24.36,15.98,184.5,35.65,148.70000000000002,29.11,35.51,34.4,92.0,15.600000000000001,76.0,100.0,356.5,3311.0,1.28,44.800000000000004,15.06,6.96,36.06,29.04,0.0,350.0,1200.0
34983.395,0.0,140.0,102.10000000000001,24.34,16.02,186.0,35.6,149.5,29.22,35.38,34.65,92.0,15.55,76.3,99.7,351.5,3317.0,1.33,44.75,15.02,6.99,35.94,28.98,0.0,352.0,1200.0
35043.394,0.0,140.0,101.0,24.36,15.94,184.0,35.6,148.20000000000002,29.26,35.44,34.550000000000004,93.0,15.700000000000001,76.0,100.0,355.5,3314.0,1.45,44.85,15.0,7.0,35.97,28.93,0.0,353.5,1200.0
35103.394,0.0,140.0,103.2,24.32,15.950000000000001,182.0,35.7,148.9,29.32,35.480000000000004,34.4,93.5,15.55,75.9,99.4,354.5,3312.0,1.5,44.800000000000004,15.030000000000001,6.99,35.97,29.07,0.0,355.5,1200.0
35163.394,0.0,140.0,101.4,24.310000000000002,15.91,186.0,35.75,149.70000000000002,29.23,35.42,34.35,92.0,15.700000000000001,75.9,100.0,354.0,3311.0,1.3900000000000001,44.85,14.91,6.98,35.980000000000004,28.97,1.0,354.0,1200.0
35223.394,0.0,140.0,101.7,24.37,15.96,184.5,35.7,148.8,29.240000000000002,35.47,34.45,91.0,15.55,76.2,100.0,352.5,3304.0,1.52,44.85,15.030000000000001,7.0200000000000005,36.050000000000004,28.95,1.0,352.5,1200.0
35283.394,0.0,140.0,102.10000000000001,24.35,16.01,183.5,35.6,149.1,29.27,35.22,34.550000000000004,91.0,15.55,76.10000000000001,99.9,351.0,3309.0,1.34,44.85,15.030000000000001,6.95,35.95,29.03,2.0,357.5,1200.0
35343.393,0.0,140.0,103.5,24.310000000000002,15.93,186.0,35.65,147.8,29.2,35.410000000000004,34.4,91.5,15.600000000000001,75.60000000000001,100.0,353.0,3314.0,1.45,44.7,15.02,6.99,36.0,28.96,0.0,351.5,1200.0
35403.393,0.0,140.0,102.7,24.310000000000002,16.04,185.0,35.5,146.8,29.32,35.43,34.35,93.0,15.700000000000001,75.10000000000001,100.0,349.5,3317.0,1.29,44.7,15.01,7.0200000000000005,36.01,28.990000000000002,0.0,354.5,1200.0
35463.393,0.0,140.0,100.2,24.43,16.01,184.0,35.550000000000004,148.6,29.34,35.43,34.2,93.0,15.600000000000001,75.2,99.9,351.0,3314.0,1.26,44.85,15.07,6.96,35.96,29.0,0.0,351.0,1200.0
35523.393,0.0,140.0,101.5,24.310000000000002,15.950000000000001,184.5,35.5,146.8,29.09,35.4,34.35,90.5,15.700000000000001,76.0,99.80000000000001,352.5,3309.0,1.55,44.7,14.91,6.96,36.03,29.03,0.0,353.5,1200.0
35583.393,0.0,140.0,101.30000000000001,24.310000000000002,16.03,184.5,35.45,149.6,29.19,35.42,34.25,92.0,15.5,75.8,100.0,353.0,3311.0,1.51,44.800000000000004,14.94,6.96,36.08,29.05,1.0,352.0,1200.0
35643.392,0.0,140.0,101.5,24.28,15.96,184.5,35.5,146.8,29.04,35.43,34.300000000000004,92.0,15.600000000000001,76.2,100.0,354.5,3304.0,1.44,44.85,14.93,7.0,35.910000000000004,29.0,1.0,356.0,1200.0
35703.392,0.0,140.0,101.7,24.34,16.01,183.0,35.5,150.1,29.080000000000002,35.28,34.15,91.0,15.65,76.10000000000001,99.60000000000001,350.0,3305.0,1.45,44.85,14.99,6.96,36.02,29.060000000000002,0.0,350.5,1200.0
35763.392,0.0,140.0,101.9,24.32,16.0,183.0,35.2,147.70000000000002,29.12,35.27,34.15,92.5,15.55,76.0,100.0,348.5,3301.0,1.48,44.650000000000006,15.08,7.07,36.08,28.98,0.0,345.0,1200.0
35823.392,0.0,140.0,102.80000000000001,24.44,15.950000000000001,182.0,35.4,149.3,29.04,35.300000000000004,34.300000000000004,92.0,15.55,76.0,99.60000000000001,352.0,3298.0,1.51,44.6,14.96,7.0,35.96,28.92,1.0,348.0,1200.0
35883.392,0.0,140.0,100.30000000000001,24.34,16.0,182.5,35.25,149.8,29.05,35.18,34.15,94.0,15.450000000000001,76.7,99.60000000000001,347.5,3298.0,1.49,44.7,15.0,7.0,35.980000000000004,29.05,1.0,342.5,1200.0
35943.391,0.0,140.0,100.9,24.330000000000002,16.09,183.0,35.25,149.4,29.05,35.2,34.2,93.0,15.55,76.0,99.80000000000001,351.0,3294.0,1.49,44.400000000000006,14.950000000000001,6.97,36.050000000000004,29.03,0.0,344.0,1200.0
36003.391,0.0,140.0,100.60000000000001,24.32,15.99,182.5,35.35,147.5,29.0,35.12,34.2,92.0,15.600000000000001,76.3,99.80000000000001,349.5,3295.0,1.34,44.5,15.01,7.0,35.980000000000004,28.95,0.0,344.5,1200.0
36063.391,0.0,140.0,102.0,24.26,15.98,183.5,35.35,150.4,28.990000000000002,35.02,34.1,91.5,15.450000000000001,76.0,99.60000000000001,351.0,3290.0,1.24,44.45,14.99,6.96,36.03,29.07,0.0,342.5,1200.0
36123.391,0.0,140.0,100.10000000000001,24.3,15.89,183.0,35.45,149.1,28.95,35.03,34.25,93.5,15.55,76.3,99.7,350.0,3293.0,1.23,44.550000000000004,14.99,6.99,36.050000000000004,29.01,1.0,345.5,1200.0
36183.391,0.0,140.0,100.60000000000001,24.26,16.03,182.0,35.35,148.4,28.96,35.15,34.2,92.5,15.700000000000001,76.4,100.0,345.5,3294.0,1.49,44.5,15.0,6.95,36.01,28.95,1.0,342.5,1200.0
36243.39,0.0,140.0,102.30000000000001,24.330000000000002,16.05,181.5,35.15,148.6,28.830000000000002,35.06,34.2,93.5,15.65,76.60000000000001,100.0,345.0,3290.0,1.35,44.400000000000006,14.97,7.05,35.99,29.05,0.0,347.5,1200.0
36303.39,0.0,140.0,102.9,24.36,15.98,182.0,35.2,150.1,28.95,35.08,34.050000000000004,93.5,15.75,76.60000000000001,99.60000000000001,346.0,3295.0,1.48,44.400000000000006,15.030000000000001,7.0,35.96,28.97,0.0,345.0,1200.0
36363.39,0.0,140.0,101.60000000000001,24.37,15.96,180.5,35.1,148.0,28.92,35.15,34.15,91.5,15.65,76.80000000000001,99.9,345.5,3291.0,1.3,44.400000000000006,15.0,6.98,36.08,28.990000000000002,0.0,342.0,1200.0
36423.39,0.0,140.0,103.30000000000001,24.39,15.98,182.0,35.2,149.8,28.97,35.04,34.1,91.5,15.700000000000001,76.80000000000001,100.0,349.0,3289.0,1.33,44.400000000000006,14.96,7.0600000000000005,36.13,29.0,0.0,345.5,1200.0
36483.39,0.0,140.0,102.80000000000001,24.36,15.98,182.0,35.1,148.8,28.92,35.04,34.2,91.5,15.600000000000001,76.7,100.0,346.0,3291.0,1.37,44.35,15.040000000000001,7.04,36.06,28.96,0.0,348.0,1200.0
36543.389,0.0,140.0,102.80000000000001,24.29,16.04,183.0,35.2,148.9,28.84,35.11,34.050000000000004,93.0,15.65,76.2,99.7,347.5,3291.0,1.43,44.25,14.96,6.97,35.980000000000004,28.97,0.0,347.0,1200.0
36603.389,0.0,140.0,102.5,24.330000000000002,16.01,182.5,35.15,148.3,28.86,35.09,34.15,92.5,15.65,76.80000000000001,100.0,343.0,3294.0,1.41,44.35,15.01,7.01,35.9,29.07,1.0,342.0,1200.0
36663.389,0.0,140.0,101.80000000000001,24.35,16.05,180.5,35.300000000000004,149.3,28.87,34.99,34.0,93.5,15.450000000000001,76.9,100.0,343.0,3288.0,1.51,44.300000000000004,15.040000000000001,7.07,36.09,28.990000000000002,2.0,350.5,1200.0
36723.389,0.0,140.0,102.30000000000001,24.310000000000002,15.92,182.5,35.25,149.9,28.88,35.08,34.1,95.5,15.5,76.3,100.0,345.0,3294.0,1.43,44.2,14.94,6.99,36.02,28.93,0.0,346.0,1200.0
36783.389,0.0,140.0,100.30000000000001,24.29,16.01,180.5,35.300000000000004,148.1,28.86,35.11,34.1,94.0,15.5,76.4,99.7,350.0,3285.0,1.21,44.25,14.99,7.04,35.96,29.04,1.0,340.5,1200.0
36843.388,0.0,140.0,103.10000000000001,24.32,16.05,181.0,35.2,149.70000000000002,28.88,35.0,34.1,91.0,15.75,76.2,100.0,346.5,3293.0,1.27,44.35,14.98,6.99,36.0,28.990000000000002,0.0,345.5,1200.0
36903.388,0.0,140.0,101.7,24.330000000000002,16.04,179.5,35.300000000000004,149.0,28.94,35.12,34.15,91.5,15.55,76.9,99.7,348.5,3287.0,1.41,44.2,15.030000000000001,7.03,36.0,28.98,0.0,345.5,1200.0
36963.388,0.0,140.0,101.5,24.36,16.06,182.0,35.2,148.9,28.82,35.050000000000004,34.050000000000004,93.5,15.65,76.60000000000001,100.0,347.5,3292.0,1.32,44.25,14.98,7.05,36.07,29.04,0.0,346.0,1200.0
37023.388,0.0,140.0,101.30000000000001,24.38,16.04,182.0,35.4,147.20000000000002,28.87,35.01,34.050000000000004,93.5,15.65,76.9,100.0,347.0,3296.0,1.62,44.300000000000004,14.97,6.92,35.93,28.96,1.0,349.5,1200.0
37083.388,0.0,140.0,101.60000000000001,24.35,15.97,180.0,35.300000000000004,148.5,28.87,35.03,34.0,92.0,15.600000000000001,77.2,100.0,348.5,3294.0,1.41,44.300000000000004,14.950000000000001,6.98,35.95,29.04,0.0,350.0,1200.0
37143.388,0.0,140.0,102.30000000000001,24.41,15.83,179.5,35.300000000000004,150.1,28.82,35.04,34.050000000000004,91.0,15.700000000000001,77.0,100.0,343.5,3297.0,1.37,44.400000000000006,14.89,6.99,36.07,29.04,1.0,346.0,1200.0
37203.387,0.0,140.0,101.80000000000001,24.310000000000002,16.01,184.0,35.4,148.70000000000002,28.82,35.01,34.25,94.5,15.450000000000001,77.30000000000001,100.0,346.5,3300.0,1.32,44.45,15.05,6.97,36.03,29.09,0.0,345.0,1200.0
37263.387,0.0,140.0,101.30000000000001,24.45,16.01,183.0,35.15,148.9,28.830000000000002,35.08,34.050000000000004,92.0,15.65,76.7,100.0,345.0,3295.0,1.33,44.35,14.98,7.01,35.95,29.0,1.0,348.0,1200.0
37323.387,0.0,140.0,102.0,24.37,16.0,181.5,35.300000000000004,149.6,28.810000000000002,35.03,34.050000000000004,93.5,15.450000000000001,76.9,100.0,347.0,3302.0,1.31,44.400000000000006,15.05,7.1000000000000005,36.07,28.96,0.0,342.5,1200.0
37383.387,0.0,140.0,101.7,24.39,15.96,182.5,35.25,148.70000000000002,28.88,35.07,33.9,91.5,15.600000000000001,77.0,99.7,349.5,3294.0,1.47,44.5,15.01,6.91,35.93,28.96,0.0,348.0,1200.0
37443.387,0.0,140.0,102.80000000000001,24.36,15.99,180.5,35.4,149.3,28.87,35.04,34.1,94.0,15.5,76.7,100.0,347.5,3298.0,1.5,44.400000000000006,15.0,7.0600000000000005,36.0,28.91,1.0,348.5,1200.0
37503.386,0.0,140.0,101.5,24.310000000000002,16.0,180.5,35.1,151.3,28.78,35.04,34.0,90.5,15.65,77.2,99.7,348.0,3294.0,1.48,44.300000000000004,14.950000000000001,7.03,36.01,28.990000000000002,0.0,348.5,1200.0
37563.386,0.0,140.0,101.5,24.400000000000002,15.9,181.5,35.1,148.20000000000002,28.89,34.97,33.9,90.5,15.600000000000001,76.7,99.80000000000001,344.0,3293.0,1.3900000000000001,44.300000000000004,15.0,7.03,36.01,28.98,1.0,347.5,1200.0
37623.386,0.0,140.0,99.80000000000001,24.36,15.93,182.0,35.15,150.5,28.88,35.02,34.1,92.0,15.5,77.30000000000001,100.0,344.5,3294.0,1.34,44.25,15.0,6.98,36.03,29.05,1.0,345.0,1200.0
37683.386,0.0,140.0,102.60000000000001,24.34,16.03,182.5,35.1,147.6,28.85,35.01,34.1,92.0,15.600000000000001,77.10000000000001,100.0,345.0,3290.0,1.45,44.2,15.08,7.01,35.97,29.03,0.0,344.0,1200.0
37743.386,0.0,140.0,102.30000000000001,24.32,15.96,180.5,35.2,147.70000000000002,28.740000000000002,35.0,34.050000000000004,91.0,15.55,77.2,100.0,345.5,3289.0,1.54,44.2,14.98,7.04,36.02,29.05,0.0,344.0,1200.0
37803.385,0.0,140.0,101.30000000000001,24.36,16.02,180.0,35.25,148.6,28.79,34.96,34.0,90.0,15.5,77.0,100.0,347.0,3285.0,1.31,44.35,15.06,6.890000000000001,35.980000000000004,28.990000000000002,2.0,343.0,1200.0
37863.385,0.0,140.0,104.2,24.34,15.91,181.0,35.300000000000004,148.5,28.82,34.97,34.0,93.5,15.5,76.9,99.60000000000001,347.5,3286.0,1.36,44.35,15.01,7.01,36.01,28.98,2.0,352.0,1200.0
37923.385,0.0,140.0,102.80000000000001,24.35,16.05,182.0,35.2,150.3,28.84,34.910000000000004,34.050000000000004,91.0,15.700000000000001,76.7,100.0,349.5,3289.0,1.46,44.300000000000004,14.97,7.11,35.95,29.09,2.0,347.5,1200.0
37983.385,0.0,140.0,103.2,24.3,15.83,182.0,35.35,149.1,28.8,35.0,33.95,93.0,15.700000000000001,76.60000000000001,99.80000000000001,348.0,3294.0,1.44,44.35,14.97,7.0,36.01,28.94,2.0,339.5,1200.0
38043.385,0.0,140.0,102.5,24.310000000000002,16.02,181.5,35.15,148.4,28.75,34.980000000000004,33.9,90.5,15.65,76.9,99.7,346.0,3290.0,1.43,44.2,14.98,6.95,36.03,28.95,1.0,341.0,1200.0
38103.385,0.0,140.0,102.2,24.32,15.98,181.5,35.2,149.1,28.77,35.04,34.050000000000004,92.0,15.55,76.7,100.0,344.5,3288.0,1.4000000000000001,44.25,14.94,7.03,36.07,28.990000000000002,0.0,349.0,1200.0
38163.384,0.0,140.0,102.80000000000001,24.3,16.03,182.0,35.2,148.8,28.88,34.97,33.95,93.5,15.4,76.3,100.0,350.5,3290.0,1.3800000000000001,44.2,14.96,6.96,36.04,28.96,1.0,346.5,1200.0
38223.384,0.0,140.0,101.80000000000001,24.36,16.0,182.5,35.35,149.5,28.830000000000002,34.97,34.050000000000004,93.0,15.600000000000001,77.0,99.7,344.0,3288.0,1.51,44.35,15.040000000000001,6.98,35.99,28.96,3.0,343.0,1200.0
38283.384,0.0,140.0,101.4,24.32,15.98,182.0,35.25,149.1,28.88,35.13,34.15,93.0,15.55,76.7,100.0,347.0,3295.0,1.34,44.2,14.98,6.97,36.02,29.01,0.0,346.0,1200.0
38343.384,0.0,140.0,99.80000000000001,24.330000000000002,15.950000000000001,181.5,35.35,147.8,28.92,35.11,34.0,92.0,15.5,76.80000000000001,100.0,344.0,3291.0,1.44,44.25,15.02,7.0,35.96,28.98,0.0,344.5,1200.0
38403.384,0.0,140.0,102.7,24.38,16.02,182.0,35.2,147.0,28.92,35.08,33.9,92.0,15.55,76.4,99.9,347.5,3288.0,1.48,44.150000000000006,15.040000000000001,7.05,36.07,29.03,1.0,349.5,1200.0
38463.383,0.0,140.0,101.7,24.35,15.99,183.0,35.25,148.8,28.810000000000002,35.12,34.15,94.5,15.8,76.3,100.0,348.0,3291.0,1.51,44.300000000000004,15.01,6.91,36.08,29.04,0.0,346.5,1200.0
38523.383,0.0,140.0,101.10000000000001,24.39,16.01,181.0,35.35,149.8,28.97,35.15,34.050000000000004,91.0,15.55,76.0,99.60000000000001,343.5,3288.0,1.31,44.300000000000004,14.97,6.99,35.980000000000004,29.0,0.0,344.0,1200.0
38583.383,0.0,140.0,101.0,24.310000000000002,15.99,184.0,35.300000000000004,148.20000000000002,28.95,35.13,34.050000000000004,89.5,15.75,76.2,99.9,346.5,3295.0,1.4000000000000001,44.1,15.030000000000001,6.99,35.96,28.990000000000002,0.0,342.0,1200.0
38643.383,0.0,140.0,102.30000000000001,24.41,16.05,184.0,35.35,148.1,28.87,35.11,34.050000000000004,92.5,15.75,76.60000000000001,99.9,341.0,3295.0,1.48,44.300000000000004,15.08,7.0,35.99,29.04,2.0,352.5,1200.0
38703.383,0.0,140.0,103.2,24.38,15.99,182.0,35.2,148.8,28.900000000000002,35.08,34.15,90.5,15.600000000000001,76.10000000000001,100.0,343.5,3297.0,1.34,44.25,14.99,7.01,36.03,29.02,0.0,347.5,1200.0
38763.383,0.0,140.0,100.80000000000001,24.3,15.98,180.5,35.35,150.6,28.87,35.14,34.15,93.0,15.65,76.3,99.80000000000001,345.0,3299.0,1.6,44.2,14.98,6.95,36.02,29.05,0.0,349.5,1200.0
38823.382,0.0,140.0,101.4,24.34,15.97,179.5,35.15,148.5,28.88,35.01,34.2,92.0,15.600000000000001,76.0,100.0,349.0,3292.0,1.4000000000000001,44.25,14.97,7.05,36.07,29.03,0.0,345.5,1200.0
38883.382,0.0,140.0,102.10000000000001,24.26,16.0,183.5,35.35,148.70000000000002,28.98,35.11,34.15,90.5,15.65,76.4,99.80000000000001,351.0,3293.0,1.56,44.25,14.99,6.99,35.94,28.94,1.0,347.0,1200.0
38943.382,0.0,140.0,102.80000000000001,24.29,15.94,183.0,35.25,149.20000000000002,28.900000000000002,35.01,34.2,91.0,15.65,76.0,100.0,349.5,3293.0,1.49,44.300000000000004,14.99,6.97,35.99,29.09,0.0,347.0,1200.0
39003.382,0.0,140.0,101.4,24.32,15.9,184.0,35.25,148.1,28.93,35.21,34.1,91.0,15.600000000000001,76.2,99.80000000000001,347.5,3294.0,1.42,44.300000000000004,15.01,7.03,35.96,29.0,0.0,349.0,1200.0
39063.382,0.0,140.0,101.5,24.37,16.03,181.0,35.45,147.9,28.92,35.17,34.2,91.5,15.5,76.60000000000001,100.0,351.5,3296.0,1.49,44.300000000000004,14.97,7.0,35.96,28.97,1.0,351.5,1200.0
39123.382,0.0,140.0,102.5,24.32,15.91,183.5,35.300000000000004,148.3,28.97,35.11,34.2,92.5,15.55,76.4,100.0,342.5,3296.0,1.41,44.45,15.040000000000001,6.99,35.980000000000004,29.01,0.0,349.0,1200.0
39183.381,0.0,140.0,101.7,24.37,16.03,184.0,35.5,149.6,28.990000000000002,35.19,34.300000000000004,94.5,15.65,76.7,99.9,353.0,3295.0,1.37,44.35,15.07,6.91,36.01,29.01,2.0,346.5,1200.0
39243.381,0.0,140.0,101.5,24.310000000000002,16.0,184.0,35.45,149.3,28.98,35.25,34.35,93.0,15.65,76.0,99.9,350.5,3297.0,1.43,44.400000000000006,15.05,7.0,36.0,29.03,1.0,347.0,1200.0
39303.381,0.0,140.0,102.60000000000001,24.35,16.03,184.5,35.4,150.3,29.12,35.300000000000004,34.300000000000004,91.5,15.65,76.0,99.4,347.5,3301.0,1.31,44.25,15.0,7.03,35.92,29.02,1.0,350.5,1200.0
39363.381,0.0,140.0,103.7,24.39,16.0,185.5,35.45,149.8,29.23,35.37,34.4,91.5,15.600000000000001,75.7,99.9,353.5,3302.0,1.23,44.300000000000004,14.93,7.03,36.04,29.05,0.0,353.0,1200.0
39423.381,0.0,140.0,102.80000000000001,24.26,16.02,182.0,35.550000000000004,147.70000000000002,29.19,35.43,34.5,94.0,15.700000000000001,76.10000000000001,99.80000000000001,355.0,3307.0,1.33,44.400000000000006,14.96,6.98,35.93,28.95,0.0,352.5,1200.0
39483.38,0.0,140.0,101.2,24.330000000000002,16.0,184.0,35.6,147.8,29.23,35.47,34.4,91.5,15.700000000000001,76.4,99.80000000000001,348.5,3308.0,1.35,44.400000000000006,14.99,6.99,36.04,28.94,2.0,348.0,1200.0
39543.38,0.0,140.0,102.0,24.310000000000002,15.950000000000001,184.0,35.6,150.70000000000002,29.25,35.45,34.35,89.5,15.75,75.9,99.7,350.5,3306.0,1.33,44.400000000000006,15.01,7.0600000000000005,36.07,29.060000000000002,1.0,352.5,1200.0
39603.38,0.0,140.0,100.5,24.39,16.05,184.5,35.6,148.5,29.330000000000002,35.480000000000004,34.5,94.5,15.65,75.5,100.0,356.0,3316.0,1.26,44.6,15.01,7.0,36.02,29.02,1.0,350.5,1200.0
39663.38,0.0,140.0,101.2,24.330000000000002,15.92,186.5,35.65,148.5,29.330000000000002,35.54,34.45,90.5,15.75,75.10000000000001,99.80000000000001,353.5,3306.0,1.37,44.800000000000004,15.0,7.01,36.02,28.89,1.0,353.0,1200.0
39723.38,0.0,140.0,101.7,24.41,16.03,184.5,35.6,149.3,29.3,35.54,34.550000000000004,94.5,15.55,75.4,99.4,356.0,3314.0,1.4000000000000001,44.650000000000006,15.01,6.97,35.9,29.060000000000002,0.0,355.5,1200.0
39783.38,0.0,140.0,100.0,24.45,15.97,186.5,35.85,149.8,29.41,35.53,34.45,90.0,15.55,74.9,100.0,357.0,3317.0,1.51,44.800000000000004,15.01,7.04,35.980000000000004,29.03,2.0,356.5,1200.0
39843.379,0.0,140.0,102.4,24.52,16.03,186.5,35.75,149.3,29.35,35.62,34.65,91.0,15.65,75.5,99.80000000000001,355.0,3316.0,1.37,44.7,15.05,7.05,35.99,28.96,1.0,358.0,1200.0
39903.379,0.0,140.0,102.10000000000001,24.38,16.03,183.5,35.800000000000004,149.5,29.46,35.62,34.6,96.0,15.700000000000001,75.8,99.60000000000001,347.0,3318.0,1.23,44.900000000000006,15.01,6.99,36.04,29.11,1.0,356.5,1200.0
39963.379,0.0,140.0,102.9,24.35,15.94,186.0,35.9,147.6,29.45,35.6,34.65,93.5,15.5,75.5,100.0,355.0,3321.0,1.29,44.900000000000006,15.07,7.03,36.07,28.97,0.0,359.5,1200.0
40023.379,0.0,140.0,101.60000000000001,24.41,16.05,186.5,35.9,148.4,29.48,35.660000000000004,34.6,90.5,15.700000000000001,75.2,100.0,355.5,3327.0,1.55,44.900000000000006,15.06,7.01,35.99,29.03,0.0,358.0,1200.0
40083.379,0.0,140.0,101.4,24.39,16.06,186.5,35.800000000000004,149.5,29.46,35.71,34.5,94.0,15.700000000000001,75.5,99.4,360.0,3323.0,1.41,44.85,14.96,7.08,35.99,29.060000000000002,0.0,359.0,1200.0
40143.379,0.0,140.0,102.0,24.29,15.97,186.5,35.9,147.9,29.54,35.65,34.65,92.5,15.65,75.7,99.80000000000001,355.5,3326.0,1.28,44.95,15.02,7.0,36.06,29.01,1.0,358.0,1200.0
40203.378,0.0,140.0,102.10000000000001,24.41,16.0,186.0,36.0,148.8,29.59,35.660000000000004,34.550000000000004,89.5,15.5,75.3,100.0,356.5,3334.0,1.36,44.95,15.030000000000001,7.0,36.01,29.0,0.0,361.0,1200.0
40263.378,0.0,140.0,100.30000000000001,24.36,15.93,186.5,35.85,149.4,29.6,35.79,34.6,93.0,15.65,75.0,100.0,353.5,3327.0,1.37,45.0,15.06,6.96,36.07,29.04,2.0,356.0,1200.0
40323.378,0.0,140.0,102.4,24.39,16.01,187.5,35.800000000000004,147.8,29.42,35.77,34.5,89.0,15.600000000000001,75.4,100.0,357.5,3324.0,1.45,44.900000000000006,15.0,7.03,36.01,28.990000000000002,0.0,361.0,1200.0
40383.378,0.0,140.0,102.60000000000001,24.310000000000002,15.93,184.5,35.75,149.1,29.53,35.65,34.65,91.5,15.450000000000001,75.60000000000001,100.0,362.5,3325.0,1.46,45.150000000000006,15.030000000000001,7.0200000000000005,35.97,29.01,0.0,358.5,1200.0
40443.378,0.0,140.0,101.60000000000001,24.330000000000002,15.97,186.5,36.0,150.6,29.39,35.68,34.7,92.5,15.600000000000001,75.60000000000001,100.0,361.5,3325.0,1.22,45.1,15.0,6.98,36.050000000000004,28.990000000000002,3.0,355.0,1200.0
40503.378,0.0,140.0,102.2,24.28,16.01,186.0,35.85,150.1,29.51,35.71,34.5,93.0,15.65,75.7,100.0,361.0,3326.0,1.5,45.0,15.0,7.0200000000000005,35.980000000000004,29.080000000000002,0.0,355.5,1200.0
40563.377,0.0,140.0,102.4,24.39,16.02,186.0,35.7,148.20000000000002,29.46,35.6,34.550000000000004,92.0,15.700000000000001,75.60000000000001,99.9,360.5,3320.0,1.3,45.050000000000004,15.08,6.98,36.03,29.04,0.0,358.0,1200.0
40623.377,0.0,140.0,102.0,24.34,15.97,186.0,35.75,149.20000000000002,29.46,35.660000000000004,34.45,92.5,15.65,74.8,100.0,359.0,3323.0,1.34,45.150000000000006,14.99,7.01,36.06,28.87,3.0,359.0,1200.0
40683.377,0.0,140.0,102.30000000000001,24.400000000000002,15.97,188.5,35.85,147.8,29.400000000000002,35.64,34.6,92.0,15.55,75.0,99.9,357.0,3325.0,1.35,44.95,14.97,7.01,36.050000000000004,28.94,0.0,360.5,1200.0
40743.377,0.0,140.0,102.4,24.45,15.9,185.5,35.95,148.4,29.45,35.660000000000004,34.550000000000004,91.5,15.65,75.60000000000001,100.0,357.5,3320.0,1.34,45.050000000000004,15.01,6.96,36.03,29.05,1.0,352.0,1200.0
40803.377,0.0,140.0,103.30000000000001,24.330000000000002,15.98,187.0,35.800000000000004,149.70000000000002,29.47,35.57,34.45,93.5,15.600000000000001,75.9,100.0,354.5,3322.0,1.31,45.0,14.98,6.99,36.01,28.990000000000002,1.0,357.5,1200.0
40863.377,0.0,140.0,102.0,24.36,16.01,186.5,35.75,149.3,29.38,35.59,34.65,91.0,15.700000000000001,75.2,99.2,354.5,3324.0,1.37,45.050000000000004,14.98,7.0,36.08,29.01,1.0,357.5,1200.0
40923.376,0.0,140.0,103.30000000000001,24.3,15.950000000000001,185.0,35.85,149.3,29.28,35.480000000000004,34.5,90.0,15.75,75.7,100.0,359.0,3321.0,1.46,45.050000000000004,15.08,6.98,36.03,28.97,0.0,354.0,1200.0
40983.376,0.0,140.0,99.60000000000001,24.29,16.03,184.0,35.800000000000004,149.0,29.36,35.65,34.5,90.5,15.700000000000001,75.7,100.0,357.0,3322.0,1.45,45.050000000000004,15.07,6.99,35.96,28.98,2.0,353.0,1200.0
41043.376,0.0,140.0,100.7,24.39,15.98,183.5,35.7,148.1,29.330000000000002,35.6,34.45,90.5,15.700000000000001,76.10000000000001,100.0,363.0,3321.0,1.46,45.050000000000004,14.97,7.0,36.04,28.97,0.0,359.5,1200.0
41103.376,0.0,140.0,102.4,24.36,15.950000000000001,185.5,35.75,149.20000000000002,29.26,35.52,34.35,89.5,15.65,75.5,100.0,355.0,3316.0,1.48,44.95,14.97,7.04,36.01,29.05,3.0,356.0,1200.0
41163.376,0.0,140.0,101.5,24.32,15.9,185.0,35.550000000000004,147.6,29.310000000000002,35.5,34.4,93.5,15.65,75.60000000000001,100.0,360.0,3317.0,1.31,45.050000000000004,14.98,7.07,36.03,29.03,2.0,358.0,1200.0
41223.376,0.0,140.0,102.7,24.36,15.97,185.5,35.75,149.4,29.240000000000002,35.46,34.550000000000004,93.0,15.600000000000001,75.9,99.9,354.5,3315.0,1.19,45.0,14.97,6.96,35.93,28.94,0.0,353.5,1200.0
41283.375,0.0,140.0,102.2,24.32,16.01,183.5,35.65,148.9,29.25,35.43,34.35,92.5,15.55,76.3,100.0,353.0,3319.0,1.55,45.050000000000004,14.96,6.96,36.050000000000004,29.09,0.0,354.0,1200.0
41343.375,0.0,140.0,102.60000000000001,24.36,15.950000000000001,183.0,35.65,148.6,29.150000000000002,35.46,34.300000000000004,91.5,15.600000000000001,76.10000000000001,100.0,356.0,3317.0,1.41,44.900000000000006,14.94,7.01,36.02,29.04,0.0,351.0,1200.0
41403.375,0.0,140.0,100.9,24.310000000000002,16.02,184.5,35.6,147.3,29.29,35.38,34.35,91.0,15.450000000000001,76.0,99.80000000000001,349.0,3314.0,1.34,45.0,15.01,6.99,36.06,28.95,1.0,352.0,1200.0
41463.375,0.0,140.0,101.4,24.35,15.94,185.0,35.6,147.8,29.18,35.38,34.35,94.0,15.55,76.0,99.7,352.5,3317.0,1.43,44.85,14.96,6.890000000000001,36.0,28.96,1.0,351.5,1200.0
41523.375,0.0,140.0,103.10000000000001,24.37,15.98,183.0,35.550000000000004,148.8,29.11,35.37,34.300000000000004,94.0,15.700000000000001,75.8,100.0,349.0,3315.0,1.46,44.800000000000004,15.02,7.0600000000000005,35.96,29.0,2.0,354.0,1200.0
41583.375,0.0,140.0,101.2,24.38,15.950000000000001,185.0,35.5,150.20000000000002,29.080000000000002,35.4,34.4,92.5,15.600000000000001,76.10000000000001,100.0,352.5,3311.0,1.3,44.95,15.040000000000001,7.07,35.910000000000004,28.95,0.0,358.5,1200.0
41643.374,0.0,140.0,102.10000000000001,24.400000000000002,16.0,187.0,35.35,149.0,29.1,35.33,34.35,93.5,15.65,76.10000000000001,100.0,351.0,3313.0,1.32,44.7,14.97,6.98,35.980000000000004,28.94,2.0,352.5,1200.0
41703.374,0.0,140.0,102.4,24.3,15.98,183.0,35.5,149.4,29.11,35.26,34.300000000000004,90.5,15.5,76.4,100.0,355.5,3308.0,1.44,44.75,15.02,7.01,35.99,29.0,1.0,350.0,1200.0
41763.374,0.0,140.0,100.60000000000001,24.37,16.0,181.5,35.4,147.6,29.13,35.28,34.35,91.0,15.75,76.4,99.9,354.0,3310.0,1.3,44.900000000000006,14.97,6.97,36.01,29.0,1.0,350.0,1200.0
41823.374,0.0,140.0,102.10000000000001,24.39,15.94,182.5,35.5,148.0,29.07,35.19,34.2,90.5,15.600000000000001,76.4,100.0,351.0,3308.0,1.18,44.800000000000004,15.05,7.0,35.95,29.0,4.0,352.0,1200.0
41883.374,0.0,140.0,101.60000000000001,24.45,15.950000000000001,184.5,35.4,149.3,28.87,35.29,34.2,92.0,15.55,76.3,100.0,352.5,3312.0,1.46,44.800000000000004,15.0,6.97,36.050000000000004,29.060000000000002,2.0,352.0,1200.0
41943.374,0.0,140.0,103.2,24.32,15.950000000000001,183.0,35.5,148.3,29.02,35.32,34.35,92.5,15.55,76.9,100.0,349.0,3311.0,1.4000000000000001,44.6,15.0,6.95,36.09,29.01,1.0,350.5,1200.0
42003.373,0.0,140.0,100.60000000000001,24.35,15.950000000000001,184.0,35.5,150.70000000000002,29.03,35.19,34.2,92.5,15.65,76.9,100.0,351.5,3302.0,1.46,44.900000000000006,14.950000000000001,7.0,36.07,29.04,0.0,353.0,1200.0
42063.373,0.0,140.0,99.9,24.310000000000002,15.98,183.5,35.35,147.6,29.05,35.14,34.15,91.5,15.65,76.4,100.0,348.5,3306.0,1.48,44.75,14.97,7.01,35.99,28.98,1.0,347.5,1200.0
42123.373,0.0,140.0,103.80000000000001,24.32,16.02,184.0,35.550000000000004,148.0,28.95,35.28,34.2,92.0,15.55,76.5,99.5,349.0,3306.0,1.47,44.7,15.05,6.95,36.08,29.04,0.0,345.0,1200.0
42183.373,0.0,140.0,103.9,24.310000000000002,15.91,181.5,35.300000000000004,149.4,29.060000000000002,35.17,34.300000000000004,92.0,15.75,76.0,100.0,346.5,3310.0,1.3900000000000001,44.7,14.99,7.05,36.02,28.92,0.0,350.0,1200.0
42243.373,0.0,140.0,101.7,24.32,15.860000000000001,180.0,35.4,148.8,29.07,35.27,34.25,93.0,15.5,76.9,99.80000000000001,349.5,3307.0,1.49,44.7,15.030000000000001,7.0,36.02,28.97,1.0,352.5,1200.0
42303.373,0.0,140.0,102.60000000000001,24.310000000000002,15.97,184.0,35.4,149.4,29.03,35.19,34.1,94.0,15.5,76.9,99.60000000000001,348.5,3304.0,1.57,44.650000000000006,14.99,7.0600000000000005,35.89,29.03,0.0,351.0,1200.0
42363.372,0.0,140.0,102.10000000000001,24.26,16.01,184.0,35.300000000000004,149.70000000000002,29.02,35.230000000000004,34.2,92.0,15.700000000000001,76.2,99.80000000000001,350.5,3302.0,1.33,44.45,15.05,7.0200000000000005,35.99,28.98,1.0,352.5,1200.0
42423.372,0.0,140.0,100.7,24.36,15.96,182.5,35.35,149.9,28.96,35.26,34.300000000000004,91.5,15.5,76.3,99.80000000000001,347.5,3303.0,1.32,44.650000000000006,15.05,6.96,36.03,29.02,0.0,351.5,1200.0
42483.372,0.0,140.0,102.7,24.3,15.89,182.0,35.35,147.4,29.05,35.13,34.2,93.5,15.5,76.2,99.9,348.5,3294.0,1.48,44.650000000000006,15.06,7.04,35.93,29.0,5.0,350.5,1200.0
42543.372,0.0,140.0,102.4,24.34,15.96,182.0,35.300000000000004,149.1,29.060000000000002,35.230000000000004,34.2,91.5,15.600000000000001,76.60000000000001,99.80000000000001,345.0,3298.0,1.3900000000000001,44.7,15.05,7.01,35.9,28.98,0.0,347.0,1200.0
42603.372,0.0,140.0,102.7,24.310000000000002,15.98,183.0,35.25,149.0,28.96,35.11,34.2,93.5,15.65,76.2,99.7,346.0,3295.0,1.51,44.5,14.97,7.01,35.92,29.01,0.0,346.5,1200.0
42663.372,0.0,140.0,100.9,24.34,15.94,182.0,35.45,148.9,28.91,35.21,34.1,93.0,15.600000000000001,76.0,99.80000000000001,346.0,3296.0,1.33,44.6,14.98,7.03,35.94,29.060000000000002,0.0,345.0,1200.0
42723.372,0.0,140.0,103.2,24.29,16.02,182.5,35.45,148.6,29.01,35.12,34.2,89.0,15.55,76.2,100.0,343.5,3297.0,1.31,44.5,15.05,6.97,36.01,28.95,4.0,347.0,1200.0
42783.371,0.0,140.0,102.9,24.43,16.02,181.0,35.25,150.9,29.12,35.11,34.2,92.0,15.5,76.10000000000001,99.7,350.5,3289.0,1.47,44.45,15.0,7.0600000000000005,35.97,29.09,0.0,344.0,1200.0
42843.371,0.0,140.0,102.30000000000001,24.400000000000002,15.98,182.5,35.300000000000004,147.5,28.95,35.11,34.050000000000004,91.5,15.700000000000001,76.5,99.80000000000001,348.5,3293.0,1.34,44.400000000000006,15.02,7.0200000000000005,35.94,28.96,0.0,349.5,1200.0
42903.371,0.0,140.0,102.9,24.310000000000002,16.04,181.5,35.4,148.9,29.03,35.1,33.95,91.0,15.65,76.4,99.80000000000001,347.0,3292.0,1.44,44.550000000000004,14.98,7.0,36.06,29.01,0.0,341.5,1200.0
42963.371,0.0,140.0,103.5,24.34,16.0,183.0,35.25,149.5,28.89,35.11,34.2,92.5,15.55,76.80000000000001,100.0,346.5,3292.0,1.32,44.35,15.040000000000001,6.9,36.06,28.98,1.0,346.0,1200.0
43023.371,0.0,140.0,102.4,24.310000000000002,16.06,182.0,35.5,149.3,28.98,35.15,34.050000000000004,93.5,15.55,76.5,100.0,346.5,3298.0,1.33,44.35,15.05,7.0200000000000005,35.96,28.97,0.0,349.5,1200.0
43083.371,0.0,140.0,101.5,24.37,15.96,182.5,35.35,150.3,28.92,35.17,33.95,92.5,15.700000000000001,76.60000000000001,100.0,345.0,3297.0,1.37,44.45,14.950000000000001,7.07,35.93,28.95,0.0,345.0,1200.0
43143.37,0.0,140.0,101.2,24.35,16.04,183.5,35.35,148.9,28.87,35.03,34.2,92.0,15.700000000000001,76.3,100.0,349.5,3293.0,1.42,44.300000000000004,14.91,7.0200000000000005,36.01,28.96,2.0,344.5,1200.0
43203.37,0.0,140.0,102.80000000000001,24.400000000000002,16.02,182.0,35.2,148.70000000000002,28.93,35.17,34.0,94.5,15.55,76.10000000000001,99.5,351.0,3291.0,1.5,44.300000000000004,15.0,7.05,36.06,29.03,0.0,346.5,1200.0
43263.37,0.0,140.0,101.10000000000001,24.38,15.950000000000001,182.5,35.25,148.70000000000002,28.94,35.07,34.2,91.0,15.65,76.60000000000001,99.9,347.0,3297.0,1.46,44.300000000000004,14.98,6.99,35.93,29.01,0.0,344.0,1200.0
43323.37,0.0,140.0,103.0,24.28,15.93,182.5,35.35,148.70000000000002,28.94,35.13,34.2,92.0,15.600000000000001,76.4,100.0,348.5,3294.0,1.3,44.35,14.99,6.99,35.95,29.0,0.0,348.0,1200.0
43383.37,0.0,140.0,101.0,24.29,16.02,183.5,35.2,148.6,28.900000000000002,35.09,34.15,93.5,15.65,76.5,100.0,346.5,3291.0,1.48,44.25,15.08,6.99,35.94,29.150000000000002,1.0,344.0,1200.0
43443.37,0.0,140.0,102.10000000000001,24.35,15.94,182.5,35.15,149.6,28.94,34.97,33.95,89.5,15.700000000000001,76.10000000000001,99.7,348.0,3294.0,1.43,44.2,15.05,6.96,35.99,28.900000000000002,0.0,345.5,1200.0
43503.37,0.0,140.0,102.0,24.3,16.03,183.0,35.2,148.4,28.93,35.03,34.2,94.5,15.600000000000001,76.60000000000001,100.0,344.5,3289.0,1.46,44.300000000000004,15.05,6.98,36.02,28.94,0.0,346.5,1200.0
43563.369,0.0,140.0,101.7,24.3,16.03,183.0,35.050000000000004,149.9,28.93,35.160000000000004,34.050000000000004,93.0,15.450000000000001,76.7,99.7,349.5,3287.0,1.32,44.35,15.01,6.96,36.050000000000004,28.95,1.0,346.5,1200.0
43623.369,0.0,140.0,102.5,24.37,15.97,182.5,35.300000000000004,148.70000000000002,28.92,35.07,34.2,90.5,15.700000000000001,76.80000000000001,100.0,345.0,3285.0,1.45,44.35,14.98,7.01,36.0,28.96,0.0,340.5,1200.0
43683.369,0.0,140.0,101.9,24.310000000000002,15.89,182.0,35.25,149.6,28.97,35.01,34.050000000000004,92.5,15.600000000000001,76.5,100.0,348.0,3289.0,1.3800000000000001,44.35,14.99,7.0200000000000005,36.04,29.04,0.0,343.5,1200.0
43743.369,0.0,140.0,101.30000000000001,24.240000000000002,15.97,183.0,35.2,148.9,28.92,35.0,33.95,91.5,15.600000000000001,76.10000000000001,100.0,344.0,3281.0,1.25,44.35,15.01,6.94,36.02,28.97,2.0,344.5,1200.0
43803.369,0.0,140.0,102.5,24.34,15.98,182.5,35.2,150.0,28.87,35.03,34.0,93.0,15.65,76.4,99.4,343.5,3284.0,1.3800000000000001,44.2,14.97,6.99,35.980000000000004,29.05,3.0,347.5,1200.0
43863.369,0.0,140.0,100.80000000000001,24.3,15.98,183.5,35.050000000000004,149.5,28.86,35.0,34.1,90.0,15.600000000000001,76.2,99.80000000000001,343.5,3284.0,1.31,44.25,15.0,7.04,36.04,28.93,1.0,343.0,1200.0
43923.368,0.0,140.0,101.10000000000001,24.28,16.05,180.0,35.15,148.20000000000002,28.84,34.93,34.050000000000004,93.5,15.55,76.7,100.0,345.0,3286.0,1.34,44.2,15.08,6.94,35.910000000000004,29.02,1.0,345.0,1200.0
43983.368,0.0,140.0,100.2,24.28,15.94,181.0,35.15,148.70000000000002,28.76,34.9,33.95,90.0,15.75,76.7,99.7,340.5,3284.0,1.31,44.2,14.98,6.93,35.9,28.990000000000002,0.0,345.0,1200.0
44043.368,0.0,140.0,101.0,24.27,15.94,181.5,35.050000000000004,149.8,28.82,35.0,34.050000000000004,92.0,15.5,76.80000000000001,100.0,340.5,3287.0,1.59,44.2,14.98,7.01,36.07,28.96,0.0,346.5,1200.0
44103.368,0.0,140.0,103.0,24.28,16.01,181.5,35.1,148.0,28.830000000000002,34.85,33.85,93.0,15.65,76.9,99.7,341.5,3273.0,1.33,44.2,14.93,6.96,35.95,28.97,0.0,341.5,1200.0
44163.368,0.0,140.0,101.80000000000001,24.26,15.93,181.5,35.35,149.5,28.76,34.92,33.95,94.5,15.5,76.80000000000001,100.0,343.0,3283.0,1.43,44.050000000000004,14.99,6.96,35.97,28.98,0.0,345.0,1200.0
44223.368,0.0,140.0,101.9,24.32,15.99,180.5,34.85,149.3,28.75,34.95,34.050000000000004,92.5,15.55,76.7,100.0,344.0,3281.0,1.55,44.0,14.96,6.99,36.0,29.02,0.0,342.0,1200.0
44283.368,0.0,140.0,101.2,24.26,15.93,181.0,34.9,147.8,28.75,34.9,33.9,90.5,15.450000000000001,76.60000000000001,100.0,348.0,3278.0,1.25,43.95,14.98,6.98,36.13,28.990000000000002,1.0,344.5,1200.0
44343.367,0.0,140.0,101.9,24.28,15.91,183.5,35.15,148.4,28.73,34.86,33.9,91.5,15.65,76.7,100.0,345.0,3278.0,1.33,44.050000000000004,14.97,6.93,35.980000000000004,29.080000000000002,0.0,342.0,1200.0
44403.367,0.0,140.0,103.4,24.3,15.98,182.5,34.95,149.8,28.71,34.9,33.95,89.5,15.8,77.10000000000001,100.0,340.0,3284.0,1.3800000000000001,43.95,14.950000000000001,7.0,36.0,29.0,0.0,340.5,1200.0
44463.367,0.0,140.0,101.5,24.310000000000002,15.88,180.5,34.95,149.1,28.740000000000002,35.0,33.95,92.0,15.5,76.60000000000001,99.7,339.0,3276.0,1.3900000000000001,44.1,15.01,7.04,35.9,29.060000000000002,3.0,341.5,1200.0
44523.367,0.0,140.0,101.60000000000001,24.3,16.0,181.0,35.1,150.0,28.7,34.83,34.0,91.5,15.75,76.60000000000001,99.9,342.5,3280.0,1.33,44.150000000000006,14.98,7.09,35.99,28.98,0.0,344.0,1200.0
44583.367,0.0,140.0,102.4,24.34,16.07,180.0,35.1,147.8,28.73,34.9,33.9,93.5,15.55,76.9,100.0,342.0,3281.0,1.47,44.0,15.0,6.96,35.96,28.92,0.0,341.5,1200.0
44643.367,0.0,140.0,101.2,24.330000000000002,16.0,181.0,35.300000000000004,148.3,28.75,34.89,34.050000000000004,93.0,15.55,76.80000000000001,99.9,341.0,3284.0,1.44,44.1,14.99,7.04,36.02,29.03,0.0,341.0,1200.0
44703.367,0.0,140.0,101.60000000000001,24.23,15.950000000000001,179.0,35.1,150.70000000000002,28.7,34.92,33.9,95.0,15.700000000000001,76.7,100.0,341.0,3278.0,1.3900000000000001,43.900000000000006,14.93,6.95,36.01,28.95,0.0,338.5,1200.0
44763.366,0.0,140.0,100.60000000000001,24.34,16.06,181.5,35.1,150.4,28.84,34.82,34.1,92.5,15.700000000000001,77.0,100.0,344.5,3282.0,1.3800000000000001,43.900000000000006,15.02,7.07,35.9,29.080000000000002,2.0,341.0,1200.0
44823.366,0.0,140.0,102.30000000000001,24.310000000000002,15.97,182.5,35.1,149.1,28.72,34.87,34.050000000000004,90.5,15.75,76.60000000000001,100.0,348.0,3282.0,1.45,43.95,15.01,7.0,36.03,28.93,1.0,342.5,1200.0
44883.366,0.0,140.0,102.7,24.26,15.94,181.5,35.050000000000004,147.70000000000002,28.72,34.89,34.2,92.0,15.65,76.80000000000001,100.0,343.5,3284.0,1.46,44.0,14.97,6.97,35.96,29.03,0.0,340.5,1200.0
44943.366,0.0,140.0,100.5,24.330000000000002,16.03,181.0,35.15,147.1,28.75,34.9,34.0,93.0,15.55,76.80000000000001,99.9,341.5,3282.0,1.51,44.050000000000004,15.01,7.04,35.97,28.97,0.0,342.0,1200.0
45003.366,0.0,140.0,102.2,24.34,15.97,182.5,35.050000000000004,147.5,28.77,34.9,34.0,91.5,15.65,77.10000000000001,99.80000000000001,342.5,3283.0,1.41,43.95,15.0,7.0200000000000005,36.01,29.0,0.0,343.5,1200.0
45063.366,0.0,140.0,102.2,24.27,15.98,182.5,35.2,149.9,28.77,34.93,33.95,92.0,15.65,76.5,100.0,345.5,3288.0,1.35,44.1,14.97,6.98,36.03,29.080000000000002,0.0,341.5,1200.0
45123.366,0.0,140.0,101.7,24.32,15.93,182.5,35.15,148.3,28.830000000000002,34.96,33.95,92.5,15.450000000000001,76.60000000000001,100.0,340.0,3280.0,1.3800000000000001,44.0,14.98,6.99,36.0,28.98,0.0,341.5,1200.0
45183.365,0.0,140.0,102.60000000000001,24.32,15.950000000000001,181.0,35.2,148.70000000000002,28.78,34.980000000000004,34.1,92.5,15.600000000000001,76.60000000000001,100.0,350.5,3288.0,1.3900000000000001,44.0,14.950000000000001,7.04,35.99,28.84,0.0,344.5,1200.0
45243.365,0.0,140.0,100.5,24.36,15.94,181.0,35.35,147.8,28.88,34.94,34.1,92.0,15.450000000000001,76.7,100.0,342.5,3283.0,1.32,44.150000000000006,15.040000000000001,6.93,35.99,29.01,0.0,340.5,1200.0
45303.365,0.0,140.0,102.60000000000001,24.330000000000002,15.950000000000001,182.5,35.050000000000004,148.5,28.830000000000002,34.94,34.050000000000004,94.5,15.450000000000001,76.7,100.0,341.5,3278.0,1.35,43.95,14.99,7.0,36.06,28.97,0.0,341.5,1200.0
45363.365,0.0,140.0,101.2,24.3,15.93,183.0,35.1,147.6,28.79,34.980000000000004,34.15,92.5,15.700000000000001,77.2,99.60000000000001,344.0,3282.0,1.54,44.050000000000004,15.02,6.98,35.980000000000004,29.060000000000002,2.0,343.5,1200.0
45423.365,0.0,140.0,99.80000000000001,24.310000000000002,16.03,180.0,35.300000000000004,149.3,28.8,34.96,34.0,93.5,15.600000000000001,76.10000000000001,100.0,343.5,3282.0,1.4000000000000001,44.050000000000004,14.98,6.99,36.03,29.04,0.0,340.5,1200.0
45483.365,0.0,140.0,103.0,24.29,16.03,181.5,35.2,148.70000000000002,28.79,34.93,34.050000000000004,92.0,15.700000000000001,76.10000000000001,99.9,343.5,3282.0,1.3800000000000001,44.050000000000004,15.030000000000001,7.07,36.0,28.92,1.0,347.5,1200.0
45543.365,0.0,140.0,102.9,24.26,16.080000000000002,181.0,35.2,149.6,28.86,34.93,34.050000000000004,92.5,15.600000000000001,76.3,100.0,342.5,3282.0,1.4000000000000001,44.0,14.99,6.92,36.0,29.02,0.0,343.0,1200.0
45603.364,0.0,140.0,102.5,24.27,16.02,182.5,35.2,149.1,28.84,35.04,34.0,92.0,15.700000000000001,76.10000000000001,100.0,341.0,3287.0,1.4000000000000001,44.0,15.0,7.0,35.94,29.03,0.0,343.5,1200.0
45663.364,0.0,140.0,102.80000000000001,24.330000000000002,16.0,181.5,35.0,148.3,28.77,34.9,33.95,92.5,15.600000000000001,76.2,99.80000000000001,343.5,3287.0,1.44,44.1,14.92,7.03,36.07,29.05,0.0,341.5,1200.0
45723.364,0.0,140.0,103.80000000000001,24.330000000000002,16.0,182.0,35.15,150.1,28.71,34.99,34.1,93.0,15.4,75.8,99.9,345.5,3284.0,1.3,43.95,15.1,7.0,36.01,29.060000000000002,0.0,343.0,1200.0
45783.364,0.0,140.0,100.60000000000001,24.310000000000002,15.950000000000001,180.5,35.1,148.5,28.84,34.980000000000004,34.0,92.5,15.65,76.5,99.9,339.0,3283.0,1.31,44.25,15.02,7.0,35.96,29.0,2.0,345.0,1200.0
45843.364,0.0,140.0,103.10000000000001,24.35,15.94,181.5,35.2,149.3,28.830000000000002,34.9,34.15,93.5,15.700000000000001,76.4,100.0,344.0,3283.0,1.29,44.1,14.97,6.98,35.980000000000004,28.98,1.0,344.0,1200.0
45903.364,0.0,140.0,102.10000000000001,24.37,16.05,182.5,35.15,148.9,28.830000000000002,34.93,34.15,91.0,15.600000000000001,76.7,100.0,341.5,3285.0,1.47,44.0,15.0,7.05,36.04,28.98,0.0,345.0,1200.0
45963.364,0.0,140.0,103.10000000000001,24.28,15.96,181.5,35.300000000000004,147.5,28.8,34.96,34.0,92.0,15.75,76.3,100.0,347.0,3283.0,1.3,44.050000000000004,14.98,6.98,35.92,28.93,0.0,346.0,1200.0
46023.363,0.0,140.0,101.2,24.3,16.02,182.0,35.1,148.8,28.8,34.88,33.95,94.0,15.450000000000001,76.7,100.0,341.5,3287.0,1.57,44.150000000000006,15.01,6.98,36.0,28.91,0.0,342.5,1200.0
46083.363,0.0,140.0,101.7,24.32,15.91,181.5,35.15,147.6,28.88,34.99,33.95,91.5,15.700000000000001,77.30000000000001,100.0,346.5,3288.0,1.32,44.0,14.98,7.0200000000000005,36.08,28.96,2.0,345.0,1200.0
46143.363,0.0,140.0,101.9,24.28,15.98,182.5,35.25,149.8,28.77,35.02,34.050000000000004,92.5,15.65,76.9,99.9,342.0,3290.0,1.46,44.050000000000004,15.06,7.01,36.03,28.94,2.0,344.0,1200.0
46203.363,0.0,140.0,100.9,24.34,15.97,181.5,35.2,148.0,28.75,34.97,34.0,91.5,15.65,76.80000000000001,100.0,343.0,3286.0,1.3,44.1,15.040000000000001,7.01,35.93,28.990000000000002,0.0,345.0,1200.0
46263.363,0.0,140.0,103.0,24.400000000000002,16.04,182.0,35.15,149.70000000000002,28.77,34.910000000000004,34.0,92.5,15.600000000000001,76.60000000000001,100.0,348.5,3286.0,1.44,44.150000000000006,15.06,7.03,35.94,29.080000000000002,0.0,342.0,1200.0
46323.363,0.0,140.0,103.4,24.39,16.0,182.0,35.2,150.0,28.76,34.99,34.0,95.0,15.75,76.4,100.0,345.0,3285.0,1.32,44.050000000000004,14.96,7.0200000000000005,35.92,29.03,0.0,341.5,1200.0
46383.363,0.0,140.0,101.7,24.37,16.04,179.5,35.2,149.6,28.89,35.07,34.1,93.5,15.600000000000001,76.80000000000001,100.0,348.5,3288.0,1.59,44.050000000000004,14.98,7.05,36.04,29.04,0.0,340.0,1200.0
46443.362,0.0,140.0,101.4,24.26,15.98,181.5,35.050000000000004,149.4,28.75,35.03,34.15,92.0,15.65,76.9,100.0,344.0,3285.0,1.34,44.0,14.98,7.03,36.02,28.95,0.0,347.0,1200.0
46503.362,0.0,140.0,101.7,24.27,16.02,179.5,35.15,148.5,28.92,35.03,34.0,90.5,15.450000000000001,76.7,100.0,346.0,3290.0,1.36,44.1,15.0,6.99,35.980000000000004,29.03,0.0,347.5,1200.0
46563.362,0.0,140.0,100.60000000000001,24.240000000000002,15.98,183.0,35.2,148.8,28.92,35.09,34.15,93.5,15.65,77.0,100.0,349.0,3288.0,1.44,44.150000000000006,14.94,7.05,36.02,28.96,0.0,346.5,1200.0
46623.362,0.0,140.0,102.0,24.27,15.950000000000001,181.0,35.300000000000004,149.6,28.86,35.03,33.95,92.0,15.600000000000001,76.5,99.9,348.5,3288.0,1.51,43.900000000000006,15.030000000000001,6.95,36.06,29.11,0.0,344.0,1200.0
46683.362,0.0,140.0,102.80000000000001,24.28,15.98,182.5,35.2,148.1,28.84,34.99,33.95,91.5,15.700000000000001,76.4,100.0,342.5,3285.0,1.4000000000000001,44.050000000000004,14.98,7.04,36.03,29.060000000000002,0.0,345.0,1200.0
46743.362,0.0,140.0,102.30000000000001,24.35,16.02,182.0,35.15,149.0,28.82,35.12,34.15,93.0,15.600000000000001,76.7,99.60000000000001,344.0,3291.0,1.59,44.050000000000004,14.97,7.0200000000000005,36.0,29.02,1.0,344.0,1200.0
46803.362,0.0,140.0,102.5,24.29,16.02,182.5,35.25,148.5,28.96,35.07,34.1,91.5,15.65,76.10000000000001,99.80000000000001,343.5,3288.0,1.26,44.050000000000004,14.98,6.98,36.160000000000004,28.93,1.0,348.0,1200.0
46863.361,0.0,140.0,102.60000000000001,24.26,15.96,180.5,35.15,148.8,28.830000000000002,35.01,34.15,92.0,15.5,76.3,100.0,350.5,3288.0,1.3,44.1,15.1,7.0200000000000005,36.1,28.91,2.0,344.5,1200.0
46923.361,0.0,140.0,101.0,24.330000000000002,15.93,181.5,35.35,147.8,28.900000000000002,35.02,34.15,89.5,15.55,76.5,100.0,349.0,3285.0,1.4000000000000001,44.2,14.98,7.0600000000000005,35.99,28.900000000000002,3.0,343.0,1200.0
46983.361,0.0,140.0,103.4,24.29,16.04,182.5,35.2,149.6,29.0,35.09,34.050000000000004,90.5,15.700000000000001,76.5,100.0,344.0,3287.0,1.56,44.2,14.97,6.97,36.02,29.0,0.0,348.0,1200.0
47043.361,0.0,140.0,102.5,24.3,16.02,180.5,35.35,150.1,28.830000000000002,35.08,34.1,92.0,15.450000000000001,76.5,99.7,343.0,3289.0,1.36,44.1,15.0,7.05,36.03,29.0,0.0,345.0,1200.0
47103.361,0.0,140.0,102.2,24.38,15.9,181.0,35.050000000000004,149.0,28.92,35.07,34.2,92.5,15.55,76.5,100.0,347.5,3287.0,1.4000000000000001,44.150000000000006,15.0,7.07,35.980000000000004,29.02,0.0,341.0,1200.0
47163.361,0.0,140.0,101.60000000000001,24.27,16.01,183.5,35.15,149.0,28.93,35.07,34.2,94.0,15.5,77.0,99.80000000000001,341.5,3292.0,1.46,44.150000000000006,15.02,6.92,35.980000000000004,29.04,0.0,347.0,1200.0
47223.361,0.0,140.0,102.4,24.29,16.03,182.5,35.4,148.3,28.92,35.04,34.050000000000004,91.0,15.600000000000001,77.10000000000001,100.0,349.0,3291.0,1.29,44.1,15.05,6.95,36.03,28.990000000000002,0.0,350.0,1200.0
47283.36,0.0,140.0,101.10000000000001,24.41,16.02,183.0,35.4,148.8,28.86,35.050000000000004,34.050000000000004,92.5,15.65,76.80000000000001,100.0,346.0,3288.0,1.41,44.2,15.030000000000001,7.01,36.01,28.98,0.0,348.5,1200.0
47343.36,0.0,140.0,103.4,24.36,16.0,182.0,35.25,149.0,28.84,35.03,34.15,92.0,15.65,76.5,100.0,347.0,3292.0,1.42,44.300000000000004,14.99,7.0,35.99,29.0,1.0,347.0,1200.0
47403.36,0.0,140.0,102.60000000000001,24.400000000000002,15.94,181.0,35.25,150.0,28.89,35.07,34.15,92.5,15.75,76.9,100.0,345.0,3294.0,1.49,44.300000000000004,15.05,6.95,35.95,28.97,0.0,347.5,1200.0
47463.36,0.0,140.0,102.2,24.38,16.01,183.5,35.300000000000004,147.6,28.89,35.07,34.1,91.0,15.600000000000001,76.80000000000001,100.0,341.5,3299.0,1.36,44.25,14.97,6.95,35.97,28.98,1.0,349.5,1200.0
47523.36,0.0,140.0,102.30000000000001,24.26,16.02,182.0,35.2,148.5,28.91,35.07,34.25,93.0,15.600000000000001,76.9,99.7,347.0,3296.0,1.34,44.300000000000004,14.99,6.91,36.04,28.93,0.0,349.5,1200.0
47583.36,0.0,140.0,102.10000000000001,24.39,16.01,179.0,35.300000000000004,150.20000000000002,28.94,35.15,34.15,94.0,15.55,76.60000000000001,100.0,346.0,3296.0,1.54,44.35,14.96,6.94,36.02,29.04,0.0,344.5,1200.0
47643.36,0.0,140.0,101.5,24.3,16.04,183.0,35.300000000000004,149.9,28.95,35.11,34.15,90.5,15.55,76.60000000000001,100.0,348.0,3296.0,1.56,44.150000000000006,15.08,7.0,35.86,29.01,0.0,348.5,1200.0
47703.36,0.0,140.0,101.80000000000001,24.32,16.0,185.5,35.25,149.6,28.97,35.1,34.2,92.0,15.600000000000001,76.5,99.60000000000001,343.5,3298.0,1.41,44.25,14.92,6.99,35.910000000000004,29.04,1.0,343.0,1200.0
47763.359,0.0,140.0,101.30000000000001,24.28,15.92,182.5,35.2,148.4,28.87,35.050000000000004,34.2,92.0,15.600000000000001,76.3,100.0,347.5,3300.0,1.32,44.35,15.05,6.96,35.95,29.03,0.0,348.0,1200.0
47823.359,0.0,140.0,102.30000000000001,24.28,16.03,183.0,35.35,149.70000000000002,28.830000000000002,35.160000000000004,34.050000000000004,93.5,15.600000000000001,76.3,99.80000000000001,348.5,3297.0,1.44,44.35,15.06,6.94,36.02,29.07,0.0,345.5,1200.0
47883.359,0.0,140.0,102.4,24.34,16.03,182.5,35.35,147.1,28.98,35.11,34.15,92.0,15.75,76.7,99.9,350.5,3299.0,1.31,44.45,15.08,6.98,35.95,29.04,1.0,351.5,1200.0
47943.359,0.0,140.0,102.5,24.310000000000002,15.96,181.5,35.4,149.3,28.89,35.160000000000004,34.050000000000004,91.0,15.600000000000001,76.80000000000001,100.0,349.0,3300.0,1.3800000000000001,44.35,15.07,6.93,35.980000000000004,28.96,0.0,347.5,1200.0
48003.359,0.0,140.0,101.60000000000001,24.29,16.02,183.0,35.300000000000004,149.4,28.95,35.11,34.25,91.0,15.65,77.10000000000001,100.0,344.0,3300.0,1.58,44.400000000000006,15.01,6.98,36.02,28.89,1.0,345.0,1200.0
48063.359,0.0,140.0,102.30000000000001,24.3,15.9,181.5,35.35,149.0,28.94,35.160000000000004,34.1,91.5,15.850000000000001,76.2,99.80000000000001,347.5,3300.0,1.3900000000000001,44.35,14.98,6.99,36.07,28.95,0.0,350.0,1200.0
48123.359,0.0,140.0,100.9,24.37,16.0,181.5,35.300000000000004,149.3,29.01,35.12,34.050000000000004,92.5,15.55,76.7,99.7,350.5,3298.0,1.44,44.35,15.040000000000001,7.0,36.07,29.05,0.0,355.5,1200.0
48183.358,0.0,140.0,102.9,24.43,16.05,183.5,35.45,149.1,28.86,35.21,34.0,93.5,15.65,76.60000000000001,99.9,348.5,3298.0,1.5,44.45,14.97,6.99,36.01,28.96,0.0,350.0,1200.0
48243.358,0.0,140.0,101.9,24.310000000000002,15.98,182.0,35.25,149.1,28.93,35.19,34.2,91.0,15.5,76.2,100.0,352.0,3300.0,1.32,44.45,14.91,7.05,35.94,28.97,0.0,345.0,1200.0
48303.358,0.0,140.0,102.10000000000001,24.26,16.0,182.5,35.2,149.5,28.98,35.17,34.0,91.5,15.65,76.2,99.80000000000001,347.0,3298.0,1.43,44.35,15.030000000000001,7.0200000000000005,36.0,29.01,2.0,344.0,1200.0
48363.358,0.0,140.0,102.2,24.32,16.02,183.0,35.2,149.20000000000002,28.93,35.15,34.2,92.0,15.65,76.60000000000001,100.0,348.5,3297.0,1.51,44.25,15.0,7.03,36.04,28.98,0.0,352.5,1200.0
48423.358,0.0,140.0,101.80000000000001,24.400000000000002,16.01,182.5,35.35,149.3,28.900000000000002,35.1,34.15,91.5,15.600000000000001,76.9,100.0,349.0,3295.0,1.48,44.400000000000006,15.0,6.94,36.07,29.02,0.0,344.5,1200.0
48483.358,0.0,140.0,102.4,24.37,15.96,183.5,35.4,149.4,28.89,35.02,34.1,92.5,15.700000000000001,76.4,100.0,351.0,3297.0,1.3800000000000001,44.25,14.92,6.94,35.97,28.98,0.0,344.5,1200.0
48543.358,0.0,140.0,101.7,24.36,16.04,182.5,35.2,150.4,28.92,35.06,34.2,92.0,15.55,76.2,100.0,345.0,3299.0,1.31,44.45,15.01,7.01,36.04,28.93,0.0,347.0,1200.0
48603.358,0.0,140.0,102.4,24.34,15.97,182.0,35.2,149.20000000000002,28.96,35.06,34.2,93.5,15.700000000000001,76.80000000000001,99.60000000000001,346.0,3299.0,1.55,44.400000000000006,15.01,6.99,36.0,29.07,1.0,347.5,1200.0
48663.357,0.0,140.0,102.30000000000001,24.41,16.01,181.0,35.2,148.4,28.98,35.07,34.050000000000004,94.5,15.5,76.10000000000001,100.0,347.5,3294.0,1.36,44.300000000000004,15.06,6.98,35.96,28.89,0.0,350.5,1200.0
48723.357,0.0,140.0,100.2,24.38,15.96,181.5,35.2,148.0,28.84,35.03,34.2,91.0,15.55,76.80000000000001,99.60000000000001,349.0,3298.0,1.31,44.2,14.97,6.95,36.01,28.94,0.0,346.5,1200.0
48783.357,0.0,140.0,100.80000000000001,24.330000000000002,15.98,181.0,35.25,150.5,28.95,35.07,34.1,93.5,15.600000000000001,76.60000000000001,100.0,348.0,3294.0,1.31,44.400000000000006,15.11,6.98,35.89,29.03,0.0,348.5,1200.0
48843.357,0.0,140.0,102.5,24.32,15.98,181.5,35.45,149.9,28.86,35.06,34.1,92.5,15.55,76.4,100.0,346.0,3293.0,1.36,44.300000000000004,15.0,6.99,35.89,29.11,0.0,347.0,1200.0
48903.357,0.0,140.0,101.10000000000001,24.34,16.0,181.5,35.25,148.8,28.79,35.07,34.1,94.5,15.65,77.0,99.7,348.0,3299.0,1.35,44.400000000000006,15.02,6.98,36.06,29.04,2.0,345.5,1200.0
48963.357,0.0,140.0,101.0,24.400000000000002,15.950000000000001,182.0,35.300000000000004,148.70000000000002,29.02,35.050000000000004,34.2,89.5,15.65,76.9,99.7,345.5,3292.0,1.55,44.35,14.99,7.0600000000000005,36.03,29.01,0.0,345.5,1200.0
49023.357,0.0,140.0,103.0,24.38,15.93,184.5,35.25,148.5,28.900000000000002,35.09,34.15,92.0,15.55,76.9,100.0,351.5,3299.0,1.17,44.25,15.02,6.99,36.02,28.84,1.0,347.5,1200.0
49083.356,0.0,140.0,103.10000000000001,24.310000000000002,15.950000000000001,184.0,35.1,149.4,28.87,35.09,34.1,92.0,15.600000000000001,76.80000000000001,99.9,351.0,3301.0,1.3900000000000001,44.400000000000006,14.99,6.98,35.92,28.95,1.0,347.5,1200.0
49143.356,0.0,140.0,101.5,24.36,16.01,184.0,35.15,150.1,28.830000000000002,35.11,34.050000000000004,92.0,15.600000000000001,76.80000000000001,100.0,346.5,3299.0,1.27,44.300000000000004,14.97,7.04,35.95,28.97,2.0,346.0,1200.0
49203.356,0.0,140.0,102.10000000000001,24.35,16.0,183.5,35.300000000000004,150.5,28.97,35.03,34.25,91.5,15.75,76.80000000000001,99.30000000000001,349.5,3300.0,1.46,44.35,14.98,7.0200000000000005,36.01,29.01,0.0,352.0,1200.0
49263.356,0.0,140.0,102.30000000000001,24.34,16.09,182.0,35.35,149.70000000000002,28.830000000000002,35.06,34.0,94.0,15.65,77.5,100.0,346.0,3302.0,1.36,44.35,15.040000000000001,6.97,35.99,29.03,1.0,345.5,1200.0
49323.356,0.0,140.0,103.0,24.36,15.92,181.5,35.300000000000004,150.6,28.93,35.06,34.2,92.5,15.55,76.9,100.0,350.5,3302.0,1.53,44.5,14.99,6.96,35.99,29.07,1.0,347.0,1200.0
49383.356,0.0,140.0,101.9,24.37,15.97,181.5,35.4,148.1,28.89,35.03,34.1,92.5,15.700000000000001,76.9,99.9,349.0,3299.0,1.53,44.35,15.01,7.03,36.09,29.03,1.0,350.5,1200.0
49443.356,0.0,140.0,102.60000000000001,24.39,15.99,181.5,35.25,148.0,28.94,35.08,34.15,92.5,15.600000000000001,76.0,100.0,345.5,3300.0,1.34,44.5,15.0,7.0,35.99,28.96,2.0,351.0,1200.0
49503.356,0.0,140.0,100.60000000000001,24.3,16.02,181.5,35.15,147.6,28.93,35.01,34.050000000000004,92.5,15.5,76.9,100.0,351.0,3296.0,1.37,44.400000000000006,15.05,6.95,35.95,28.93,1.0,343.5,1200.0
49563.355,0.0,140.0,101.5,24.3,15.97,182.0,35.300000000000004,149.9,28.89,35.03,34.15,92.5,15.600000000000001,76.80000000000001,99.80000000000001,346.5,3300.0,1.32,44.300000000000004,14.98,7.01,35.93,29.060000000000002,0.0,349.0,1200.0
49623.355,0.0,140.0,102.5,24.330000000000002,15.91,182.0,35.25,150.3,28.900000000000002,35.12,34.1,91.0,15.700000000000001,76.4,99.80000000000001,348.0,3298.0,1.4000000000000001,44.35,15.02,7.0,35.93,29.03,3.0,345.5,1200.0
49683.355,0.0,140.0,102.2,24.38,15.99,182.0,35.2,149.3,28.96,35.09,34.050000000000004,92.0,15.8,76.60000000000001,100.0,344.5,3300.0,1.24,44.400000000000006,15.0,7.0,36.050000000000004,29.03,2.0,351.5,1200.0
49743.355,0.0,140.0,101.60000000000001,24.36,15.93,182.0,35.15,149.0,28.91,35.15,33.9,90.5,15.700000000000001,76.3,100.0,342.5,3294.0,1.3,44.300000000000004,14.96,6.95,35.88,28.95,0.0,348.0,1200.0
49803.355,0.0,140.0,101.80000000000001,24.310000000000002,15.96,182.0,35.25,149.4,28.8,35.01,34.25,91.5,15.600000000000001,76.5,100.0,348.5,3292.0,1.36,44.300000000000004,15.030000000000001,7.0200000000000005,36.0,29.0,0.0,347.5,1200.0
49863.355,0.0,140.0,102.80000000000001,24.36,16.02,180.5,35.15,149.0,28.91,34.99,34.15,93.0,15.700000000000001,76.60000000000001,100.0,351.0,3291.0,1.41,44.300000000000004,15.0,6.93,35.93,29.04,1.0,346.5,1200.0
49923.355,0.0,140.0,101.80000000000001,24.26,16.04,182.0,35.25,150.6,28.82,35.1,34.1,91.5,15.65,75.8,99.5,347.5,3292.0,1.37,44.400000000000006,14.93,7.0,35.99,28.94,1.0,348.0,1200.0
49983.355,0.0,140.0,100.80000000000001,24.35,15.99,181.0,35.25,149.8,28.93,35.06,34.15,93.0,15.65,76.4,100.0,345.5,3297.0,1.43,44.35,15.06,6.96,36.04,28.98,0.0,346.5,1200.0
50043.354,0.0,140.0,101.4,24.35,16.0,183.5,35.2,148.5,28.91,35.09,34.1,91.0,15.5,76.9,100.0,350.0,3293.0,1.17,44.400000000000006,14.97,6.99,35.96,29.05,0.0,352.0,1200.0
50103.354,0.0,140.0,101.4,24.32,16.02,184.0,35.15,149.1,28.88,35.08,34.15,94.0,15.600000000000001,76.60000000000001,100.0,345.5,3290.0,1.33,44.35,15.0,7.03,36.07,28.97,3.0,345.0,1200.0
50163.354,0.0,140.0,101.4,24.29,16.02,186.0,35.25,147.0,28.89,35.07,34.1,95.0,15.75,76.5,99.9,345.5,3293.0,1.35,44.400000000000006,14.93,7.05,35.97,28.94,0.0,349.0,1200.0
50223.354,0.0,140.0,101.10000000000001,24.35,16.04,182.5,35.2,148.6,28.91,35.13,34.1,90.5,15.600000000000001,76.4,100.0,345.0,3292.0,1.29,44.300000000000004,14.99,7.0200000000000005,35.94,28.93,1.0,344.0,1200.0
50283.354,0.0,140.0,102.2,24.29,15.97,180.5,35.25,147.9,28.86,35.11,34.050000000000004,92.0,15.65,76.60000000000001,99.60000000000001,347.0,3297.0,1.36,44.35,14.97,7.01,36.01,29.04,2.0,351.5,1200.0
50343.354,0.0,140.0,102.5,24.310000000000002,16.01,181.5,35.2,148.1,28.92,35.15,34.1,91.5,15.600000000000001,76.4,100.0,353.5,3299.0,1.3900000000000001,44.35,15.05,6.96,36.01,29.0,2.0,346.0,1200.0
50403.354,0.0,140.0,102.4,24.37,16.080000000000002,183.0,35.300000000000004,149.20000000000002,28.91,35.06,34.25,92.0,15.55,76.60000000000001,100.0,346.0,3292.0,1.42,44.150000000000006,15.02,7.05,36.04,28.89,1.0,347.5,1200.0
50463.354,0.0,140.0,102.2,24.41,15.98,182.5,35.300000000000004,148.4,29.0,35.15,34.2,94.5,15.65,76.80000000000001,99.7,344.5,3296.0,1.24,44.45,15.0,6.98,35.96,28.990000000000002,0.0,345.0,1200.0
50523.353,0.0,140.0,101.9,24.34,16.04,181.0,35.25,149.1,28.830000000000002,35.04,34.050000000000004,92.0,15.700000000000001,76.4,100.0,347.5,3295.0,1.25,44.25,14.97,7.01,36.03,29.04,1.0,344.0,1200.0
50583.353,0.0,140.0,102.9,24.25,16.02,182.5,35.4,148.6,28.88,35.07,34.25,93.5,15.65,76.5,100.0,343.5,3291.0,1.51,44.400000000000006,15.05,7.01,36.12,28.96,0.0,346.5,1200.0
50643.353,0.0,140.0,102.9,24.32,15.950000000000001,181.0,35.25,146.6,29.01,35.06,34.25,91.0,15.8,76.60000000000001,100.0,350.5,3291.0,1.42,44.25,15.05,6.95,35.96,28.98,0.0,347.0,1200.0
50703.353,0.0,140.0,102.30000000000001,24.400000000000002,16.02,182.0,35.25,147.5,28.91,34.99,34.0,94.0,15.65,76.80000000000001,100.0,348.0,3290.0,1.37,44.35,15.040000000000001,7.04,36.06,29.0,4.0,344.5,1200.0
50763.353,0.0,140.0,102.5,24.38,15.94,182.5,35.4,149.0,28.95,35.09,33.9,91.5,15.600000000000001,76.3,99.5,342.5,3298.0,1.3800000000000001,44.25,14.98,7.03,36.02,28.98,2.0,348.5,1200.0
50823.353,0.0,140.0,102.30000000000001,24.35,15.93,183.5,35.1,149.9,28.85,35.08,34.2,93.0,15.65,76.60000000000001,100.0,344.0,3295.0,1.41,44.400000000000006,14.98,6.95,35.980000000000004,28.990000000000002,1.0,346.0,1200.0
50883.353,0.0,140.0,102.5,24.38,16.02,181.0,35.300000000000004,147.9,28.89,35.03,33.9,93.0,15.5,76.7,100.0,348.5,3297.0,1.45,44.25,15.05,7.0200000000000005,36.02,28.91,0.0,348.0,1200.0
50943.353,0.0,140.0,101.10000000000001,24.3,15.92,183.5,35.25,148.3,28.86,35.1,34.1,92.0,15.65,76.5,100.0,349.0,3294.0,1.34,44.400000000000006,14.97,7.0,35.89,29.02,0.0,347.5,1200.0
51003.352,0.0,140.0,101.60000000000001,24.37,15.98,179.5,35.2,149.3,28.86,34.980000000000004,34.2,92.0,15.600000000000001,76.9,99.5,346.0,3293.0,1.31,44.300000000000004,14.94,6.96,36.08,29.04,1.0,347.0,1200.0
51063.352,0.0,140.0,101.60000000000001,24.3,16.03,182.0,35.050000000000004,150.9,28.88,35.07,34.050000000000004,92.5,15.65,76.4,99.7,349.5,3296.0,1.28,44.35,15.0,6.98,36.0,28.93,3.0,346.5,1200.0
51123.352,0.0,140.0,101.7,24.37,15.97,183.0,35.15,150.20000000000002,28.900000000000002,35.04,34.1,93.5,15.700000000000001,76.5,99.9,344.0,3296.0,1.48,44.2,14.96,7.0200000000000005,35.99,29.05,0.0,348.0,1200.0
51183.352,0.0,140.0,103.10000000000001,24.27,15.94,182.0,35.25,148.1,28.84,35.01,34.25,90.0,15.600000000000001,77.2,100.0,346.0,3286.0,1.31,44.2,15.02,7.0,36.02,29.02,3.0,343.5,1200.0
51243.352,0.0,140.0,102.30000000000001,24.28,16.01,182.0,35.15,147.6,28.740000000000002,34.93,34.050000000000004,94.5,15.55,76.4,100.0,342.5,3284.0,1.32,44.150000000000006,14.96,6.96,35.95,29.0,1.0,343.5,1200.0
51303.352,0.0,140.0,102.2,24.43,15.96,181.0,35.2,148.6,28.91,34.87,34.050000000000004,93.0,15.5,76.7,99.9,345.0,3288.0,1.46,44.25,14.92,6.99,36.03,29.05,0.0,346.5,1200.0
51363.352,0.0,140.0,102.5,24.37,16.04,182.0,35.15,149.1,28.76,34.99,33.95,91.0,15.600000000000001,76.9,99.30000000000001,343.0,3290.0,1.28,44.25,15.120000000000001,7.0200000000000005,36.07,28.97,0.0,348.5,1200.0
51423.352,0.0,140.0,100.2,24.3,16.0,180.5,35.15,148.5,28.86,34.93,34.050000000000004,92.5,15.5,76.3,100.0,344.5,3282.0,1.53,44.1,15.02,6.99,35.99,29.01,1.0,339.5,1200.0
51483.351,0.0,140.0,101.2,24.37,16.0,180.5,35.0,148.70000000000002,28.740000000000002,34.88,33.95,93.0,15.450000000000001,76.9,99.5,344.0,3291.0,1.48,44.300000000000004,15.0,7.07,35.94,29.0,0.0,343.5,1200.0
51543.351,0.0,140.0,101.10000000000001,24.240000000000002,16.01,181.5,35.0,148.70000000000002,28.69,34.97,33.95,91.5,15.600000000000001,76.7,99.9,346.0,3280.0,1.36,44.1,14.950000000000001,7.0200000000000005,36.0,28.96,0.0,344.5,1200.0
51603.351,0.0,140.0,101.0,24.3,15.97,181.5,34.95,148.5,28.66,34.9,34.0,90.5,15.450000000000001,76.80000000000001,99.7,343.0,3282.0,1.35,44.050000000000004,15.0,7.04,35.94,28.94,0.0,340.0,1200.0
51663.351,0.0,140.0,101.10000000000001,24.330000000000002,16.03,179.0,35.1,149.6,28.740000000000002,34.93,34.050000000000004,93.0,15.55,76.5,100.0,341.0,3280.0,1.28,44.1,15.040000000000001,7.01,35.95,29.0,1.0,340.0,1200.0
51723.351,0.0,140.0,101.2,24.29,15.93,179.5,34.95,148.5,28.650000000000002,34.93,34.1,90.5,15.600000000000001,77.2,100.0,338.5,3280.0,1.19,44.25,14.98,7.03,36.01,28.990000000000002,0.0,339.5,1200.0
51783.351,0.0,140.0,102.30000000000001,24.34,15.93,183.0,35.15,148.0,28.82,34.92,33.95,91.0,15.75,77.10000000000001,99.9,347.0,3283.0,1.43,43.85,15.05,7.0,35.980000000000004,28.98,0.0,339.0,1200.0
51843.351,0.0,140.0,102.10000000000001,24.29,15.99,182.0,35.1,149.3,28.740000000000002,34.88,34.050000000000004,91.0,15.55,76.60000000000001,99.9,343.5,3289.0,1.5,44.1,14.92,7.05,35.94,29.04,0.0,343.5,1200.0
51903.351,0.0,140.0,101.80000000000001,24.3,16.03,181.0,35.050000000000004,149.1,28.84,35.01,34.1,94.5,15.65,76.80000000000001,99.7,342.0,3283.0,1.48,44.25,15.0,6.93,36.1,29.05,4.0,346.0,1200.0
51963.351,0.0,140.0,100.5,24.35,15.98,181.5,35.15,150.3,28.78,34.980000000000004,34.1,92.0,15.55,76.2,99.7,344.5,3283.0,1.44,44.150000000000006,15.030000000000001,7.0,36.03,28.95,1.0,340.5,1200.0
52023.35,0.0,140.0,103.2,24.37,15.99,182.0,35.25,148.20000000000002,28.78,34.97,34.0,93.5,15.700000000000001,76.4,100.0,342.5,3286.0,1.4000000000000001,44.050000000000004,14.99,7.03,35.97,29.18,1.0,341.5,1200.0
52083.35,0.0,140.0,102.10000000000001,24.34,15.94,181.0,35.25,149.1,28.87,35.050000000000004,34.1,92.5,15.600000000000001,76.60000000000001,99.80000000000001,345.5,3288.0,1.45,44.2,14.96,6.9,35.88,28.97,0.0,344.0,1200.0
52143.35,0.0,140.0,101.7,24.3,16.03,183.0,35.35,147.5,28.740000000000002,34.99,33.9,92.0,15.700000000000001,76.5,99.9,347.5,3294.0,1.43,44.25,14.92,7.0600000000000005,35.92,29.05,1.0,344.5,1200.0
52203.35,0.0,140.0,101.4,24.28,16.03,181.5,35.2,150.0,28.85,35.06,34.1,91.0,15.700000000000001,77.0,99.9,343.5,3293.0,1.24,44.050000000000004,14.93,7.01,35.97,28.97,3.0,349.5,1200.0
52263.35,0.0,140.0,101.9,24.400000000000002,15.99,183.5,35.25,148.1,28.85,35.03,34.1,94.0,15.5,76.80000000000001,100.0,344.5,3284.0,1.45,44.050000000000004,15.08,6.95,35.94,29.05,1.0,348.0,1200.0
52323.35,0.0,140.0,103.80000000000001,24.37,16.01,181.0,35.25,149.0,28.87,35.06,33.95,92.0,15.55,76.9,100.0,343.5,3293.0,1.4000000000000001,44.35,14.99,7.04,35.980000000000004,29.03,0.0,346.0,1200.0
52383.35,0.0,140.0,101.5,24.41,15.99,181.5,35.25,148.8,28.740000000000002,34.980000000000004,34.0,91.0,15.450000000000001,76.7,99.9,346.0,3297.0,1.52,44.1,14.92,6.98,36.14,28.97,0.0,348.5,1200.0
52443.35,0.0,140.0,102.4,24.36,15.98,182.0,35.25,148.9,28.75,35.11,34.050000000000004,93.5,15.65,77.10000000000001,100.0,348.0,3297.0,1.55,44.25,14.98,7.0,35.97,28.92,1.0,346.5,1200.0
52503.349,0.0,140.0,101.4,24.35,15.97,182.5,35.15,149.1,28.86,34.97,34.15,92.5,15.350000000000001,76.9,99.60000000000001,349.5,3294.0,1.1500000000000001,44.150000000000006,15.05,6.97,35.980000000000004,29.01,0.0,343.5,1200.0
52563.349,0.0,140.0,101.2,24.37,15.98,182.0,35.2,150.70000000000002,28.85,34.94,34.1,91.5,15.600000000000001,77.0,99.9,346.0,3289.0,1.3800000000000001,44.300000000000004,14.99,7.01,36.09,29.09,0.0,347.0,1200.0
52623.349,0.0,140.0,99.9,24.29,15.94,180.5,35.25,148.70000000000002,28.810000000000002,35.06,34.0,90.5,15.65,77.0,99.60000000000001,343.5,3289.0,1.25,44.25,15.05,6.99,35.99,29.04,0.0,344.0,1200.0
52683.349,0.0,140.0,101.4,24.28,16.01,180.0,35.15,146.5,28.75,34.95,34.050000000000004,92.5,15.5,77.4,100.0,345.0,3282.0,1.35,44.2,14.94,6.98,36.0,28.95,1.0,343.5,1200.0
52743.349,0.0,140.0,102.4,24.330000000000002,16.02,183.5,35.2,147.70000000000002,28.85,34.97,33.95,95.5,15.55,77.2,100.0,345.0,3294.0,1.43,44.150000000000006,14.96,7.05,36.03,28.95,1.0,343.5,1200.0
52803.349,0.0,140.0,101.9,24.310000000000002,15.97,181.5,35.0,149.9,28.810000000000002,34.97,33.95,92.5,15.55,77.10000000000001,100.0,344.5,3289.0,1.58,44.2,14.99,7.01,36.06,28.98,1.0,341.0,1200.0
52863.349,0.0,140.0,100.80000000000001,24.34,16.0,181.0,35.050000000000004,150.70000000000002,28.71,34.97,34.050000000000004,91.5,15.75,77.0,100.0,344.0,3284.0,1.34,44.1,15.05,7.04,36.03,28.96,1.0,338.5,1200.0
52923.349,0.0,140.0,104.0,24.37,16.0,182.0,35.1,148.8,28.740000000000002,35.02,34.1,91.0,15.55,76.5,99.7,342.5,3282.0,1.35,44.25,15.040000000000001,6.94,36.01,29.02,1.0,349.0,1200.0
52983.349,0.0,140.0,102.10000000000001,24.37,16.01,183.0,35.25,148.3,28.740000000000002,35.01,33.95,93.0,15.5,76.3,99.5,347.5,3293.0,1.28,44.050000000000004,14.99,6.98,35.980000000000004,29.0,0.0,349.5,1200.0
53043.348,0.0,140.0,101.80000000000001,24.32,15.99,181.5,35.1,149.20000000000002,28.82,34.92,34.050000000000004,92.0,15.65,77.30000000000001,100.0,346.5,3289.0,1.46,44.150000000000006,15.05,6.96,36.08,29.0,1.0,341.0,1200.0
53103.348,0.0,140.0,102.0,24.37,15.9,183.0,35.050000000000004,150.0,28.82,35.04,34.1,92.0,15.55,77.0,100.0,343.0,3287.0,1.41,44.25,15.030000000000001,6.99,36.03,29.04,1.0,341.5,1200.0
53163.348,0.0,140.0,103.80000000000001,24.310000000000002,16.05,179.0,35.300000000000004,146.70000000000002,28.810000000000002,35.08,33.95,91.0,15.600000000000001,76.7,100.0,348.5,3288.0,1.46,44.1,14.98,7.0600000000000005,36.03,29.07,0.0,342.5,1200.0
53223.348,0.0,140.0,101.7,24.25,15.96,182.5,35.2,150.3,28.830000000000002,35.07,34.050000000000004,93.0,15.8,76.7,99.80000000000001,343.0,3287.0,1.44,44.35,14.98,6.97,36.01,29.05,0.0,348.5,1200.0
53283.348,0.0,140.0,100.60000000000001,24.3,16.04,181.0,35.2,147.20000000000002,28.91,34.92,34.0,90.5,15.65,76.3,100.0,342.0,3292.0,1.31,44.1,14.96,6.99,35.97,29.01,0.0,344.5,1200.0
53343.348,0.0,140.0,103.2,24.32,16.03,183.0,35.15,148.8,28.87,34.980000000000004,34.1,91.0,15.65,76.9,99.9,347.5,3288.0,1.29,44.1,15.02,6.99,35.96,28.990000000000002,0.0,346.5,1200.0
53403.348,0.0,140.0,101.5,24.26,16.01,181.5,35.2,149.5,28.85,34.95,34.15,93.0,15.65,76.9,100.0,344.0,3291.0,1.24,44.2,15.040000000000001,7.04,35.92,29.03,0.0,346.0,1200.0
53463.348,0.0,140.0,103.10000000000001,24.310000000000002,15.94,182.0,35.15,149.4,28.87,34.910000000000004,34.2,92.5,15.65,76.4,99.5,348.5,3294.0,1.45,44.25,14.99,7.07,35.94,29.03,0.0,344.5,1200.0
53523.347,0.0,140.0,102.10000000000001,24.36,16.01,180.5,35.300000000000004,149.1,28.93,35.0,33.9,94.0,15.5,77.0,100.0,345.0,3292.0,1.27,44.25,14.950000000000001,6.98,35.94,29.05,0.0,344.0,1200.0
53583.347,0.0,140.0,102.5,24.34,16.01,180.5,35.300000000000004,148.6,28.830000000000002,34.99,34.050000000000004,91.5,15.55,76.80000000000001,99.60000000000001,345.5,3285.0,1.47,44.400000000000006,15.06,6.98,36.02,29.0,0.0,342.5,1200.0
53643.347,0.0,140.0,101.60000000000001,24.35,16.01,179.5,35.1,149.1,28.740000000000002,35.02,34.0,92.0,15.55,76.9,100.0,342.0,3285.0,1.31,44.150000000000006,14.99,6.95,35.95,29.04,0.0,347.5,1200.0
53703.347,0.0,140.0,101.5,24.36,15.96,180.0,35.1,149.3,28.84,34.92,34.050000000000004,93.0,15.5,76.60000000000001,99.9,345.5,3294.0,1.37,44.2,15.01,7.0200000000000005,35.99,28.95,0.0,345.0,1200.0
53763.347,0.0,140.0,100.80000000000001,24.3,16.01,182.0,35.15,149.0,28.8,34.96,34.1,92.0,15.55,77.0,99.9,345.0,3296.0,1.44,44.050000000000004,14.99,7.0600000000000005,36.1,29.09,0.0,344.0,1200.0
53823.347,0.0,140.0,102.5,24.36,16.02,181.0,35.1,148.6,28.72,34.94,33.95,90.5,15.55,76.80000000000001,100.0,344.0,3288.0,1.36,44.150000000000006,14.92,7.0200000000000005,36.0,28.96,0.0,345.0,1200.0
53883.347,0.0,140.0,102.60000000000001,24.39,15.97,182.5,35.15,148.5,28.82,34.93,33.95,93.5,15.600000000000001,76.4,99.7,345.0,3287.0,1.45,44.300000000000004,14.92,7.01,35.99,29.02,0.0,346.0,1200.0
53943.347,0.0,140.0,102.0,24.310000000000002,15.98,180.0,35.15,150.0,28.67,34.9,33.95,93.0,15.700000000000001,76.7,99.9,348.0,3284.0,1.33,44.1,15.01,7.04,36.03,29.03,0.0,344.0,1200.0
54003.347,0.0,140.0,102.5,24.36,15.96,182.5,35.25,149.20000000000002,28.79,34.800000000000004,33.9,89.5,15.65,77.2,100.0,346.0,3288.0,1.48,44.150000000000006,14.99,6.96,36.0,28.97,0.0,344.5,1200.0
54063.346,0.0,140.0,104.60000000000001,24.35,15.96,182.5,35.0,150.3,28.810000000000002,34.92,34.15,92.0,15.700000000000001,77.0,99.9,342.0,3288.0,1.47,44.300000000000004,15.05,7.09,35.97,28.92,0.0,346.5,1200.0
54123.346,0.0,140.0,101.10000000000001,24.310000000000002,15.93,182.0,35.1,148.70000000000002,28.82,35.02,34.050000000000004,92.5,15.600000000000001,76.7,100.0,343.0,3288.0,1.36,44.0,14.91,7.01,35.87,28.98,1.0,347.0,1200.0
54183.346,0.0,140.0,102.30000000000001,24.25,16.06,181.5,35.2,149.70000000000002,28.830000000000002,34.96,33.95,93.5,15.75,76.9,99.9,343.5,3285.0,1.4000000000000001,44.1,15.030000000000001,7.07,35.99,28.97,0.0,346.0,1200.0
54243.346,0.0,140.0,102.2,24.38,15.950000000000001,181.5,35.300000000000004,147.6,28.740000000000002,34.94,33.95,94.5,15.75,77.0,99.9,345.5,3283.0,1.34,44.2,15.01,6.97,36.03,28.94,0.0,343.5,1200.0
54303.346,0.0,140.0,101.0,24.34,15.98,180.0,35.15,148.9,28.8,35.04,34.0,92.5,15.75,76.60000000000001,99.9,340.5,3288.0,1.28,44.2,15.02,7.1000000000000005,36.050000000000004,29.02,0.0,343.0,1200.0
54363.346,0.0,140.0,103.2,24.310000000000002,15.94,183.0,35.2,149.6,28.85,35.08,34.0,93.0,15.700000000000001,76.2,99.9,343.5,3286.0,1.41,44.150000000000006,14.96,6.98,36.03,28.990000000000002,0.0,342.5,1200.0
54423.346,0.0,140.0,101.5,24.29,16.05,184.5,35.25,148.70000000000002,28.84,34.99,34.0,93.5,15.65,76.60000000000001,99.60000000000001,341.0,3285.0,1.29,44.150000000000006,15.08,7.0,35.980000000000004,28.990000000000002,2.0,344.5,1200.0
54483.346,0.0,140.0,102.9,24.32,16.04,182.5,35.15,148.9,28.88,34.980000000000004,34.050000000000004,94.5,15.55,76.60000000000001,99.60000000000001,343.5,3283.0,1.3,44.150000000000006,14.97,6.97,36.0,29.04,1.0,346.0,1200.0
54543.346,0.0,140.0,101.30000000000001,24.34,15.98,181.5,35.15,150.0,28.91,34.980000000000004,34.0,92.0,15.600000000000001,76.10000000000001,100.0,343.5,3290.0,1.24,44.1,15.030000000000001,6.95,36.12,29.0,0.0,342.0,1200.0
54603.345,0.0,140.0,103.7,24.29,15.94,179.5,35.15,148.1,28.830000000000002,35.01,34.050000000000004,93.5,15.55,76.4,100.0,341.0,3290.0,1.44,44.150000000000006,14.97,7.07,36.050000000000004,29.02,0.0,348.5,1200.0
54663.345,0.0,140.0,101.4,24.3,15.98,185.0,35.15,148.9,28.830000000000002,35.06,34.050000000000004,92.0,15.55,76.60000000000001,99.80000000000001,344.0,3292.0,1.43,44.050000000000004,15.030000000000001,7.01,35.99,28.94,0.0,343.5,1200.0
54723.345,0.0,140.0,101.9,24.330000000000002,16.04,183.5,35.300000000000004,149.5,28.86,35.0,33.95,94.5,15.75,76.5,99.7,344.0,3288.0,1.23,44.0,14.98,6.93,35.96,29.03,0.0,345.5,1200.0
54783.345,0.0,140.0,100.7,24.35,15.99,180.5,35.300000000000004,149.6,28.740000000000002,34.99,34.050000000000004,93.0,15.600000000000001,76.3,100.0,346.5,3287.0,1.33,44.2,15.01,7.08,35.94,28.92,0.0,345.0,1200.0
54843.345,0.0,140.0,102.10000000000001,24.310000000000002,16.0,179.5,35.15,149.70000000000002,28.900000000000002,35.1,34.1,91.0,15.600000000000001,76.9,99.80000000000001,343.5,3289.0,1.41,44.050000000000004,15.01,7.05,35.9,28.93,0.0,342.0,1200.0
54903.345,0.0,140.0,100.5,24.310000000000002,16.0,182.0,35.050000000000004,148.5,28.810000000000002,34.92,34.050000000000004,91.0,15.55,76.3,99.9,350.0,3282.0,1.36,44.2,14.97,6.99,35.95,29.0,0.0,347.5,1200.0
54963.345,0.0,140.0,102.9,24.36,15.94,181.0,35.2,150.5,28.84,34.99,34.050000000000004,92.5,15.55,77.10000000000001,100.0,345.0,3290.0,1.45,44.2,14.99,6.92,35.99,29.03,0.0,343.0,1200.0
55023.345,0.0,140.0,102.10000000000001,24.34,16.0,182.0,35.1,147.3,28.830000000000002,35.03,33.85,94.5,15.55,77.4,100.0,345.0,3291.0,1.34,44.1,14.98,7.09,35.97,29.080000000000002,0.0,344.5,1200.0
55083.345,0.0,140.0,101.2,24.41,16.04,179.5,35.35,151.20000000000002,28.76,34.89,33.9,92.5,15.75,77.0,100.0,344.0,3291.0,1.36,44.150000000000006,14.98,7.0200000000000005,36.01,29.060000000000002,0.0,341.0,1200.0
55143.344,0.0,140.0,100.9,24.400000000000002,15.89,181.0,35.15,148.5,28.79,34.980000000000004,33.95,92.5,15.65,76.60000000000001,100.0,343.5,3290.0,1.35,44.150000000000006,14.96,7.05,35.96,28.990000000000002,0.0,345.5,1200.0
55203.344,0.0,140.0,102.4,24.38,16.05,181.5,35.050000000000004,148.70000000000002,28.830000000000002,35.0,34.050000000000004,94.0,15.600000000000001,76.7,100.0,341.5,3289.0,1.55,44.1,14.97,6.95,35.99,29.0,0.0,344.5,1200.0
55263.344,0.0,140.0,101.80000000000001,24.45,15.93,181.5,35.25,149.1,28.78,34.95,34.050000000000004,94.5,15.55,76.7,99.7,347.5,3290.0,1.3900000000000001,44.25,14.98,6.93,35.980000000000004,28.85,0.0,340.5,1200.0
55323.344,0.0,140.0,102.4,24.35,16.05,179.0,35.15,150.0,28.740000000000002,34.95,34.050000000000004,93.5,15.75,76.60000000000001,99.9,342.5,3288.0,1.36,44.2,15.02,7.0,36.08,29.05,0.0,345.0,1200.0
55383.344,0.0,140.0,101.7,24.34,16.080000000000002,182.5,35.2,148.8,28.79,34.96,34.050000000000004,93.0,15.65,76.9,99.80000000000001,349.5,3283.0,1.41,44.050000000000004,14.98,6.97,36.04,28.96,0.0,346.0,1200.0
55443.344,0.0,140.0,100.4,24.32,15.97,182.5,35.15,151.70000000000002,28.89,34.95,33.85,91.0,15.65,77.0,100.0,344.5,3287.0,1.29,44.1,15.01,7.03,35.980000000000004,29.07,1.0,344.0,1200.0
55503.344,0.0,140.0,102.60000000000001,24.35,15.98,182.5,35.1,148.4,28.75,35.0,34.0,93.0,15.55,76.5,99.9,341.0,3287.0,1.58,44.1,14.99,7.01,36.04,28.96,1.0,341.0,1200.0
55563.344,0.0,140.0,102.10000000000001,24.37,15.89,181.0,35.050000000000004,147.8,28.87,35.02,34.2,92.5,15.5,76.9,99.9,346.0,3287.0,1.47,44.0,14.950000000000001,6.97,35.980000000000004,28.98,0.0,345.5,1200.0
55623.344,0.0,140.0,101.2,24.37,16.02,183.0,35.1,150.3,28.78,34.980000000000004,34.1,92.0,15.600000000000001,77.10000000000001,99.9,346.5,3291.0,1.47,44.050000000000004,14.99,7.01,35.980000000000004,28.92,0.0,344.5,1200.0
55683.343,0.0,140.0,100.80000000000001,24.39,16.0,180.0,35.15,148.3,28.75,35.02,34.050000000000004,91.0,15.75,77.0,100.0,345.5,3287.0,1.23,44.0,15.01,7.0,35.910000000000004,28.93,0.0,343.5,1200.0
55743.343,0.0,140.0,100.7,24.39,15.91,182.5,35.300000000000004,150.1,28.87,34.980000000000004,34.050000000000004,92.0,15.700000000000001,76.5,100.0,342.0,3292.0,1.42,44.150000000000006,14.99,7.03,35.95,28.96,1.0,345.5,1200.0
55803.343,0.0,140.0,102.60000000000001,24.29,15.950000000000001,181.0,35.050000000000004,150.3,28.79,34.94,33.95,93.0,15.8,76.2,100.0,345.0,3291.0,1.48,44.2,15.0,6.99,35.92,29.05,1.0,345.0,1200.0
55863.343,0.0,140.0,102.30000000000001,24.37,15.98,181.0,35.2,147.6,28.95,34.980000000000004,33.9,92.0,15.65,76.4,99.5,349.5,3290.0,1.43,44.150000000000006,14.99,7.07,35.980000000000004,28.94,0.0,342.5,1200.0
55923.343,0.0,140.0,103.2,24.330000000000002,16.07,181.0,35.25,149.0,28.82,34.94,33.9,91.5,15.600000000000001,77.10000000000001,99.80000000000001,348.5,3291.0,1.37,44.2,15.01,7.0600000000000005,35.96,29.07,0.0,348.5,1200.0
55983.343,0.0,140.0,101.4,24.36,15.950000000000001,180.0,35.2,147.20000000000002,28.89,34.95,34.2,93.0,15.700000000000001,77.30000000000001,99.60000000000001,343.5,3294.0,1.37,44.150000000000006,15.01,7.01,36.0,29.02,0.0,343.5,1200.0
56043.343,0.0,140.0,102.80000000000001,24.330000000000002,16.04,182.5,35.050000000000004,149.5,28.84,35.03,34.2,93.5,15.65,76.80000000000001,100.0,346.0,3293.0,1.3800000000000001,44.2,14.94,6.96,35.96,29.02,1.0,346.5,1200.0
56103.343,0.0,140.0,101.4,24.44,15.96,182.0,35.35,148.3,28.82,34.980000000000004,34.0,92.5,15.700000000000001,77.5,100.0,345.5,3290.0,1.44,44.300000000000004,14.97,7.08,35.95,28.96,0.0,345.5,1200.0
56163.343,0.0,140.0,101.30000000000001,24.38,16.01,182.0,35.25,148.8,28.75,35.07,34.050000000000004,93.5,15.55,76.3,99.80000000000001,344.5,3294.0,1.41,44.45,14.98,7.0200000000000005,35.97,28.98,1.0,348.0,1200.0
56223.343,0.0,140.0,100.10000000000001,24.400000000000002,15.99,183.0,35.15,149.9,28.740000000000002,35.03,34.15,93.5,15.600000000000001,77.0,100.0,345.0,3300.0,1.51,44.300000000000004,14.99,7.03,36.09,29.0,1.0,344.5,1200.0
56283.342,0.0,140.0,102.5,24.38,15.950000000000001,181.5,35.25,148.20000000000002,28.810000000000002,34.93,34.15,92.5,15.65,76.5,99.80000000000001,351.0,3293.0,1.51,44.2,14.950000000000001,6.94,36.04,29.02,0.0,346.0,1200.0
56343.342,0.0,140.0,102.60000000000001,24.37,16.03,181.0,35.15,149.1,28.92,35.09,34.15,92.0,15.55,76.9,99.9,350.0,3289.0,1.3800000000000001,44.150000000000006,15.040000000000001,7.0200000000000005,35.99,29.02,0.0,346.5,1200.0
56403.342,0.0,140.0,101.10000000000001,24.42,16.01,183.0,35.300000000000004,148.8,28.93,35.09,34.15,91.0,15.600000000000001,76.7,100.0,343.0,3293.0,1.44,44.25,15.02,6.99,36.08,29.060000000000002,1.0,347.5,1200.0
56463.342,0.0,140.0,102.80000000000001,24.35,15.9,182.5,35.15,150.0,28.93,35.01,34.15,94.0,15.600000000000001,77.0,99.60000000000001,348.0,3298.0,1.37,44.300000000000004,14.950000000000001,6.96,36.01,29.04,0.0,347.0,1200.0
56523.342,0.0,140.0,102.4,24.27,15.950000000000001,182.0,35.25,149.9,28.79,34.99,34.2,93.0,15.450000000000001,76.4,100.0,347.5,3293.0,1.25,44.35,15.030000000000001,7.01,35.9,28.96,3.0,345.5,1200.0
56583.342,0.0,140.0,101.5,24.37,15.92,182.5,35.2,147.5,28.88,34.96,34.1,92.5,15.700000000000001,76.80000000000001,99.60000000000001,350.0,3292.0,1.41,44.2,15.05,7.0200000000000005,35.93,28.97,0.0,344.0,1200.0
56643.342,0.0,140.0,103.0,24.37,15.92,182.0,35.25,147.8,28.8,35.07,34.050000000000004,92.5,15.65,76.80000000000001,100.0,342.0,3292.0,1.3,44.2,14.96,7.05,36.01,29.0,0.0,347.0,1200.0
56703.342,0.0,140.0,102.5,24.330000000000002,15.96,181.0,35.2,148.9,28.900000000000002,35.1,34.15,93.5,15.600000000000001,76.60000000000001,99.9,346.5,3290.0,1.5,44.25,14.99,6.98,35.99,29.03,0.0,343.0,1200.0
56763.342,0.0,140.0,102.10000000000001,24.330000000000002,16.01,180.0,35.050000000000004,147.70000000000002,28.87,34.980000000000004,34.15,91.5,15.600000000000001,77.0,100.0,346.5,3296.0,1.3800000000000001,44.2,15.05,7.03,36.07,29.04,0.0,348.0,1200.0
56823.341,0.0,140.0,101.2,24.38,15.950000000000001,181.5,35.2,148.1,28.85,35.01,33.95,91.5,15.5,76.7,99.80000000000001,349.0,3290.0,1.4000000000000001,44.25,15.0,6.93,36.02,29.04,0.0,350.5,1200.0
56883.341,0.0,140.0,101.4,24.36,15.950000000000001,184.0,35.15,148.9,28.94,35.09,34.050000000000004,93.5,15.55,76.9,100.0,345.0,3294.0,1.44,44.150000000000006,15.06,6.92,36.06,28.990000000000002,0.0,347.0,1200.0
56943.341,0.0,140.0,101.80000000000001,24.400000000000002,15.94,180.5,35.300000000000004,149.1,28.82,35.03,34.15,93.0,15.8,76.5,100.0,346.0,3287.0,1.44,44.300000000000004,14.98,7.0,35.93,28.96,1.0,346.5,1200.0
57003.341,0.0,140.0,101.4,24.38,15.950000000000001,180.5,35.300000000000004,148.6,28.8,34.99,34.050000000000004,92.5,15.5,76.60000000000001,99.60000000000001,345.0,3284.0,1.36,44.2,15.06,6.95,35.99,28.97,0.0,348.0,1200.0
57063.341,0.0,140.0,101.9,24.330000000000002,15.96,182.5,35.300000000000004,149.70000000000002,28.84,35.050000000000004,34.050000000000004,92.5,15.600000000000001,76.5,99.7,346.0,3291.0,1.45,44.2,14.93,6.99,35.95,28.96,2.0,343.5,1200.0
57123.341,0.0,140.0,103.9,24.330000000000002,16.0,182.5,35.35,150.1,28.96,34.980000000000004,33.95,93.0,15.700000000000001,76.60000000000001,99.9,345.0,3291.0,1.34,44.150000000000006,15.01,7.01,36.03,28.990000000000002,0.0,349.5,1200.0
57183.341,0.0,140.0,101.4,24.3,15.89,181.0,35.2,148.4,28.79,34.980000000000004,34.050000000000004,91.5,15.55,76.5,100.0,343.5,3292.0,1.28,44.25,15.05,7.0,36.03,29.03,0.0,344.0,1200.0
57243.341,0.0,140.0,101.60000000000001,24.34,16.0,182.0,35.15,148.8,28.82,35.06,34.0,92.5,15.600000000000001,76.4,100.0,343.0,3287.0,1.33,44.25,15.02,7.04,36.03,28.98,1.0,348.5,1200.0
57303.341,0.0,140.0,100.80000000000001,24.35,15.96,184.0,35.300000000000004,148.6,28.87,34.980000000000004,33.95,91.5,15.55,76.60000000000001,100.0,345.5,3286.0,1.35,44.300000000000004,15.030000000000001,7.0,35.95,29.04,0.0,342.5,1200.0
57363.341,0.0,140.0,101.5,24.36,16.080000000000002,180.5,35.300000000000004,148.5,28.86,34.99,34.1,91.5,15.65,76.5,99.5,347.5,3287.0,1.49,44.2,14.96,6.97,35.88,28.97,3.0,345.5,1200.0
57423.34,0.0,140.0,102.5,24.28,16.04,182.0,35.0,149.20000000000002,28.94,34.99,33.95,93.0,15.55,76.10000000000001,100.0,345.5,3289.0,1.35,44.050000000000004,15.01,7.03,35.94,28.91,2.0,342.0,1200.0
57483.34,0.0,140.0,101.5,24.21,15.98,182.0,35.2,147.6,28.91,35.03,34.1,93.5,15.55,76.3,99.80000000000001,349.0,3289.0,1.45,44.050000000000004,14.99,6.97,36.07,29.1,0.0,343.5,1200.0
57543.34,0.0,140.0,100.30000000000001,24.37,16.080000000000002,184.5,35.300000000000004,150.1,28.85,34.99,34.0,90.0,15.5,77.5,100.0,344.0,3284.0,1.46,44.300000000000004,15.040000000000001,7.01,35.95,28.95,1.0,346.0,1200.0
57603.34,0.0,140.0,102.10000000000001,24.330000000000002,15.94,183.0,35.15,149.4,28.89,35.160000000000004,34.1,90.5,15.600000000000001,76.60000000000001,100.0,345.0,3290.0,1.58,44.25,15.02,7.08,36.1,29.03,0.0,350.0,1200.0
57663.34,0.0,140.0,103.10000000000001,24.34,15.98,183.0,35.050000000000004,150.70000000000002,28.94,35.06,34.0,93.5,15.55,77.0,99.9,347.5,3288.0,1.28,44.300000000000004,15.02,7.01,36.01,28.97,0.0,346.0,1200.0
57723.34,0.0,140.0,101.9,24.28,16.0,183.0,35.300000000000004,148.1,28.85,35.01,34.050000000000004,91.5,15.700000000000001,76.4,100.0,346.0,3284.0,1.23,44.1,14.93,7.09,36.0,29.060000000000002,0.0,340.5,1200.0
57783.34,0.0,140.0,102.80000000000001,24.310000000000002,15.96,180.0,35.35,150.70000000000002,28.900000000000002,35.06,34.1,91.5,15.55,76.4,99.9,340.0,3288.0,1.47,44.400000000000006,14.950000000000001,6.98,35.97,28.990000000000002,0.0,344.0,1200.0
57843.34,0.0,140.0,103.2,24.37,16.01,182.0,35.25,149.6,28.96,35.06,34.0,92.5,15.55,76.60000000000001,100.0,348.0,3292.0,1.48,44.2,14.97,7.01,36.06,29.03,0.0,347.0,1200.0
57903.34,0.0,140.0,101.60000000000001,24.28,16.03,182.5,35.1,148.0,28.830000000000002,35.06,34.1,92.5,15.65,76.10000000000001,100.0,344.5,3291.0,1.34,44.1,15.0,6.99,36.1,29.04,0.0,342.5,1200.0
57963.339,0.0,140.0,101.80000000000001,24.36,15.99,182.0,35.25,148.20000000000002,28.900000000000002,35.06,34.1,91.0,15.65,77.10000000000001,99.80000000000001,344.5,3287.0,1.19,44.300000000000004,14.99,7.0200000000000005,35.97,29.03,0.0,344.5,1200.0
58023.339,0.0,140.0,102.4,24.310000000000002,15.950000000000001,183.5,35.15,150.8,28.78,35.0,34.1,91.5,15.75,76.4,99.80000000000001,345.0,3293.0,1.34,44.2,15.05,6.97,35.88,29.060000000000002,0.0,344.5,1200.0
58083.339,0.0,140.0,102.4,24.25,15.96,184.5,35.1,149.20000000000002,28.87,35.09,34.0,94.0,15.65,76.7,99.80000000000001,344.0,3295.0,1.3900000000000001,44.150000000000006,14.96,7.0600000000000005,35.99,29.09,1.0,350.0,1200.0
58143.339,0.0,140.0,101.4,24.38,16.11,184.0,35.2,149.8,28.900000000000002,35.04,34.2,93.5,15.600000000000001,77.10000000000001,99.4,349.5,3295.0,1.29,44.25,14.92,6.98,35.99,28.89,0.0,350.0,1200.0
58203.339,0.0,140.0,101.10000000000001,24.39,16.04,181.5,35.300000000000004,147.0,28.900000000000002,34.980000000000004,34.1,92.0,15.65,76.80000000000001,100.0,342.5,3296.0,1.25,44.150000000000006,14.96,6.94,35.96,28.98,0.0,346.0,1200.0
58263.339,0.0,140.0,100.10000000000001,24.34,16.06,183.5,35.2,148.4,28.78,35.04,34.050000000000004,93.0,15.600000000000001,76.80000000000001,100.0,342.0,3295.0,1.4000000000000001,44.25,15.07,7.01,36.1,29.03,0.0,344.5,1200.0
58323.339,0.0,140.0,103.30000000000001,24.330000000000002,16.06,182.5,35.25,149.1,28.93,35.0,34.2,92.5,15.55,76.9,100.0,347.5,3295.0,1.29,44.150000000000006,15.0,6.97,35.94,29.1,1.0,343.5,1200.0
58383.339,0.0,140.0,102.2,24.400000000000002,16.02,182.5,35.300000000000004,148.9,28.82,35.01,34.15,93.5,15.55,77.10000000000001,100.0,346.5,3300.0,1.29,44.2,15.0,6.97,35.92,28.990000000000002,0.0,344.0,1200.0
58443.339,0.0,140.0,102.60000000000001,24.27,15.99,183.5,35.25,147.6,28.830000000000002,35.04,34.050000000000004,90.5,15.55,76.80000000000001,99.60000000000001,345.5,3298.0,1.46,44.25,15.02,7.0200000000000005,35.980000000000004,28.94,2.0,347.0,1200.0
58503.339,0.0,140.0,103.2,24.35,15.99,180.5,35.25,148.9,28.8,35.04,34.0,91.0,15.65,77.10000000000001,99.9,351.0,3296.0,1.4000000000000001,44.300000000000004,15.030000000000001,6.99,35.980000000000004,29.01,2.0,347.5,1200.0
58563.338,0.0,140.0,100.0,24.39,15.97,182.5,35.300000000000004,148.4,28.88,35.04,34.0,91.0,15.600000000000001,76.80000000000001,99.80000000000001,347.5,3295.0,1.43,44.25,15.07,7.0,36.07,28.92,2.0,348.5,1200.0
58623.338,0.0,140.0,102.30000000000001,24.39,15.98,181.0,35.25,147.8,28.89,35.06,34.050000000000004,92.0,15.75,76.3,100.0,349.0,3293.0,1.44,44.400000000000006,14.97,7.01,35.94,28.88,2.0,348.0,1200.0
58683.338,0.0,140.0,103.7,24.29,15.92,184.0,35.25,150.1,28.810000000000002,35.050000000000004,34.25,94.0,15.600000000000001,76.5,100.0,346.5,3307.0,1.31,44.35,15.09,6.92,35.99,29.0,0.0,350.5,1200.0
58743.338,0.0,140.0,102.30000000000001,24.330000000000002,16.03,181.0,35.4,148.5,28.84,34.99,34.15,92.5,15.850000000000001,76.5,100.0,347.5,3294.0,1.47,44.5,14.97,6.99,36.07,28.94,2.0,344.5,1200.0
58803.338,0.0,140.0,102.9,24.3,15.99,183.5,35.15,147.9,28.86,35.04,34.15,93.0,15.700000000000001,77.0,99.5,347.5,3299.0,1.44,44.25,15.05,7.07,36.1,29.07,0.0,346.0,1200.0
58863.338,0.0,140.0,101.7,24.42,15.97,183.5,35.25,149.9,28.93,35.03,34.1,92.5,15.55,77.2,99.9,350.5,3295.0,1.41,44.400000000000006,15.05,6.99,36.03,28.98,2.0,343.5,1200.0
58923.338,0.0,140.0,101.60000000000001,24.38,16.03,183.0,35.45,148.70000000000002,28.92,35.09,34.050000000000004,91.0,15.700000000000001,76.9,99.7,352.0,3301.0,1.3900000000000001,44.400000000000006,15.0,7.0200000000000005,35.94,28.92,0.0,352.0,1200.0
58983.338,0.0,140.0,102.80000000000001,24.38,16.04,181.0,35.35,149.6,28.94,35.06,33.95,92.0,15.5,76.60000000000001,99.7,349.5,3300.0,1.36,44.25,14.97,6.97,36.04,29.05,4.0,346.5,1200.0
59043.338,0.0,140.0,102.30000000000001,24.35,16.01,182.5,35.25,148.4,28.92,35.11,34.0,93.0,15.700000000000001,77.4,99.9,344.5,3304.0,1.19,44.300000000000004,15.02,7.03,36.0,28.93,0.0,350.5,1200.0
59103.338,0.0,140.0,101.0,24.36,16.07,182.5,35.300000000000004,149.8,28.92,35.02,34.1,91.0,15.600000000000001,76.9,100.0,352.5,3301.0,1.31,44.300000000000004,14.97,6.96,36.02,29.05,2.0,347.0,1200.0
59163.337,0.0,140.0,99.30000000000001,24.45,15.92,183.5,35.35,147.8,28.87,35.07,34.0,90.0,15.600000000000001,77.30000000000001,99.7,347.5,3302.0,1.45,44.400000000000006,15.0,7.05,35.96,28.97,2.0,352.5,1200.0
59223.337,0.0,140.0,102.2,24.400000000000002,16.07,183.0,35.25,148.20000000000002,28.89,34.980000000000004,34.15,91.5,15.55,77.2,100.0,346.0,3305.0,1.28,44.35,15.01,7.0,35.99,29.02,0.0,347.0,1200.0
59283.337,0.0,140.0,101.80000000000001,24.45,15.99,181.5,35.4,149.4,28.92,35.11,34.15,92.0,15.55,76.80000000000001,100.0,352.0,3302.0,1.3800000000000001,44.45,15.02,7.07,36.06,28.990000000000002,1.0,350.5,1200.0
59343.337,0.0,140.0,103.5,24.41,16.01,183.5,35.35,148.3,28.900000000000002,35.2,34.1,90.5,15.700000000000001,77.4,100.0,350.5,3314.0,1.4000000000000001,44.5,14.97,7.11,35.99,28.990000000000002,0.0,357.0,1200.0
59403.337,0.0,140.0,102.60000000000001,24.400000000000002,15.97,184.5,35.4,148.6,28.94,35.18,34.300000000000004,91.5,15.600000000000001,77.2,99.9,352.0,3313.0,1.53,44.5,15.01,7.09,36.06,29.03,1.0,349.0,1200.0
59463.337,0.0,140.0,102.2,24.43,16.03,183.5,35.35,148.8,28.96,35.25,34.2,93.0,15.65,77.2,100.0,353.5,3311.0,1.47,44.6,15.06,7.05,36.050000000000004,29.060000000000002,4.0,349.0,1200.0
59523.337,0.0,140.0,101.30000000000001,24.490000000000002,15.94,185.0,35.35,149.20000000000002,28.95,35.18,34.1,92.0,15.55,77.2,100.0,352.5,3316.0,1.4000000000000001,44.550000000000004,14.96,7.0200000000000005,36.02,28.990000000000002,2.0,348.5,1200.0
59583.337,0.0,140.0,102.10000000000001,24.38,16.03,182.0,35.4,149.4,28.89,35.15,34.0,90.5,15.65,77.4,100.0,347.5,3314.0,1.45,44.5,15.0,6.97,35.980000000000004,29.0,2.0,353.0,1200.0
59643.337,0.0,140.0,101.9,24.44,16.09,182.5,35.35,149.4,28.98,35.19,34.25,92.0,15.600000000000001,76.80000000000001,100.0,352.5,3306.0,1.22,44.85,14.98,7.0200000000000005,35.980000000000004,29.0,1.0,352.0,1200.0
59703.337,0.0,140.0,102.0,24.42,16.01,181.5,35.45,148.1,28.990000000000002,35.18,34.300000000000004,92.0,15.65,77.2,100.0,349.5,3317.0,1.34,44.7,15.02,7.0200000000000005,36.04,29.11,0.0,349.0,1200.0
59763.336,0.0,140.0,103.10000000000001,24.42,16.02,181.5,35.4,148.5,28.94,35.11,34.1,91.0,15.600000000000001,76.9,99.5,350.5,3314.0,1.33,44.650000000000006,15.08,7.03,36.03,29.07,1.0,355.5,1200.0
59823.336,0.0,140.0,101.7,24.36,16.0,182.0,35.35,149.0,28.97,35.11,34.2,92.0,15.600000000000001,77.4,100.0,348.0,3308.0,1.3800000000000001,44.650000000000006,15.02,6.99,35.980000000000004,28.990000000000002,0.0,354.5,1200.0
59883.336,0.0,140.0,101.60000000000001,24.45,16.05,184.0,35.35,150.20000000000002,28.990000000000002,35.19,34.050000000000004,92.5,15.600000000000001,76.9,100.0,353.0,3314.0,1.48,44.6,14.98,7.0,36.0,28.94,0.0,351.5,1200.0
59943.336,0.0,140.0,103.80000000000001,24.37,15.98,184.0,35.300000000000004,149.5,29.01,35.21,34.1,91.0,15.600000000000001,77.2,100.0,352.0,3314.0,1.29,44.800000000000004,14.93,7.0200000000000005,35.97,29.05,1.0,353.0,1200.0
60003.336,0.0,140.0,101.10000000000001,24.38,15.99,184.0,35.35,149.20000000000002,28.91,35.2,34.25,92.0,15.65,77.10000000000001,99.9,352.5,3314.0,1.28,44.800000000000004,15.02,6.98,36.04,29.02,0.0,349.5,1200.0
60063.336,0.0,140.0,102.0,24.46,15.92,184.0,35.4,150.0,28.96,35.2,34.15,92.5,15.5,77.5,100.0,350.0,3311.0,1.29,44.650000000000006,15.06,7.04,36.06,28.990000000000002,0.0,348.5,1200.0
60123.336,0.0,140.0,100.60000000000001,24.490000000000002,16.03,181.0,35.300000000000004,148.9,28.92,35.24,34.050000000000004,92.0,15.600000000000001,77.7,99.80000000000001,354.0,3308.0,1.32,44.7,15.01,6.99,36.0,28.990000000000002,0.0,349.5,1200.0
60183.336,0.0,140.0,101.80000000000001,24.42,16.01,182.5,35.300000000000004,148.70000000000002,28.92,35.21,34.25,92.5,15.65,77.10000000000001,100.0,355.0,3312.0,1.28,44.7,14.97,7.01,36.08,29.01,2.0,349.0,1200.0
60243.336,0.0,140.0,102.60000000000001,24.38,16.0,182.5,35.25,150.0,28.97,35.14,34.15,90.5,15.55,77.0,99.7,350.0,3308.0,1.47,44.800000000000004,14.96,6.94,36.01,29.01,0.0,352.0,1200.0
60303.336,0.0,140.0,102.30000000000001,24.41,15.94,182.0,35.4,150.9,28.97,35.21,34.2,91.0,15.4,76.7,100.0,350.0,3307.0,1.31,44.800000000000004,14.99,6.98,35.980000000000004,29.01,1.0,350.5,1200.0
60363.336,0.0,140.0,101.5,24.330000000000002,15.94,183.0,35.25,148.9,28.95,35.17,34.15,91.5,15.700000000000001,76.7,99.7,352.5,3313.0,1.34,44.75,15.0,7.01,35.99,29.02,1.0,349.5,1200.0
60423.335,0.0,140.0,100.60000000000001,24.310000000000002,16.02,184.0,35.5,148.8,28.95,35.11,34.15,93.5,15.700000000000001,77.30000000000001,99.7,348.0,3307.0,1.36,44.6,14.91,6.97,35.980000000000004,28.97,0.0,353.5,1200.0
60483.335,0.0,140.0,102.2,24.310000000000002,16.07,183.0,35.4,147.8,28.96,35.230000000000004,34.15,94.0,15.700000000000001,76.5,99.5,349.0,3309.0,1.44,44.550000000000004,15.0,6.98,36.03,28.95,0.0,351.5,1200.0
60543.335,0.0,140.0,102.7,24.37,15.99,182.5,35.4,150.70000000000002,29.01,35.15,34.1,92.0,15.5,76.80000000000001,100.0,355.0,3306.0,1.35,44.6,15.02,7.03,36.050000000000004,28.98,0.0,349.5,1200.0
60603.335,0.0,140.0,100.7,24.35,15.96,183.0,35.4,146.9,28.900000000000002,35.17,34.050000000000004,94.0,15.55,76.2,100.0,351.5,3302.0,1.21,44.650000000000006,14.99,7.0600000000000005,35.94,28.89,0.0,345.5,1200.0
60663.335,0.0,140.0,100.10000000000001,24.34,15.9,184.0,35.300000000000004,147.5,29.01,35.29,34.25,93.0,15.700000000000001,77.2,99.4,353.0,3309.0,1.32,44.550000000000004,15.040000000000001,6.97,35.95,28.990000000000002,0.0,349.0,1200.0
60723.335,0.0,140.0,103.2,24.330000000000002,16.03,183.5,35.4,149.20000000000002,29.0,35.12,34.2,93.5,15.55,76.5,100.0,352.0,3303.0,1.47,44.6,15.06,7.01,35.980000000000004,28.93,0.0,350.0,1200.0
60783.335,0.0,140.0,103.60000000000001,24.39,15.97,183.0,35.35,148.3,28.98,35.25,34.0,92.0,15.600000000000001,76.5,99.9,351.0,3306.0,1.49,44.650000000000006,14.97,6.97,35.99,29.09,1.0,344.0,1200.0
60843.335,0.0,140.0,102.10000000000001,24.29,16.03,184.0,35.300000000000004,148.0,29.01,35.13,34.15,91.0,15.700000000000001,77.10000000000001,99.9,352.5,3305.0,1.49,44.550000000000004,14.99,6.98,36.07,29.09,0.0,352.0,1200.0
60903.335,0.0,140.0,102.7,24.28,16.02,182.5,35.45,149.20000000000002,28.91,35.24,34.25,92.0,15.55,76.80000000000001,100.0,345.5,3303.0,1.47,44.5,15.0,6.98,35.99,28.990000000000002,2.0,350.0,1200.0
60963.335,0.0,140.0,103.5,24.37,15.92,181.5,35.2,148.9,29.0,35.11,34.2,92.5,15.450000000000001,76.7,100.0,349.0,3303.0,1.48,44.650000000000006,14.96,7.01,35.910000000000004,28.85,1.0,349.5,1200.0
61023.334,0.0,140.0,101.5,24.36,15.97,184.0,35.4,148.4,29.0,35.11,34.050000000000004,94.0,15.55,77.0,100.0,348.0,3305.0,1.58,44.550000000000004,14.94,6.99,36.02,28.98,2.0,348.5,1200.0
61083.334,0.0,140.0,101.80000000000001,24.41,15.98,183.5,35.4,149.5,28.94,35.22,34.2,93.0,15.450000000000001,77.0,100.0,349.5,3304.0,1.3900000000000001,44.5,14.98,6.99,35.96,29.060000000000002,1.0,347.0,1200.0
61143.334,0.0,140.0,100.9,24.36,15.97,182.0,35.25,149.1,28.93,35.13,34.15,91.5,15.55,76.60000000000001,100.0,351.0,3302.0,1.47,44.5,14.99,6.97,35.92,28.98,0.0,347.5,1200.0
61203.334,0.0,140.0,102.2,24.35,15.91,181.5,35.15,150.8,28.89,35.08,34.2,93.0,15.55,76.4,100.0,350.5,3306.0,1.3900000000000001,44.6,14.99,6.97,35.96,29.03,0.0,351.5,1200.0
61263.334,0.0,140.0,100.9,24.36,15.97,182.5,35.45,149.5,28.990000000000002,35.15,34.25,92.5,15.55,76.9,99.9,350.5,3298.0,1.42,44.550000000000004,15.0,6.99,35.910000000000004,28.95,0.0,351.0,1200.0
61323.334,0.0,140.0,99.7,24.41,15.98,182.0,35.35,148.1,28.87,35.13,34.25,93.5,15.600000000000001,76.4,99.9,351.5,3303.0,1.58,44.550000000000004,15.01,7.0600000000000005,36.04,29.04,2.0,353.5,1200.0
61383.334,0.0,140.0,102.80000000000001,24.35,16.01,183.5,35.300000000000004,149.4,28.91,35.13,34.25,92.0,15.600000000000001,77.0,100.0,350.0,3303.0,1.32,44.550000000000004,14.99,7.01,36.02,29.04,1.0,347.5,1200.0
61443.334,0.0,140.0,103.10000000000001,24.36,16.0,182.0,35.35,148.3,28.87,35.28,34.15,91.0,15.55,77.0,100.0,352.0,3304.0,1.4000000000000001,44.5,14.96,7.0200000000000005,35.97,28.990000000000002,1.0,348.5,1200.0
61503.334,0.0,140.0,102.60000000000001,24.29,15.91,184.0,35.35,149.6,28.87,35.09,34.15,91.5,15.4,76.7,99.5,346.5,3303.0,1.32,44.45,14.99,6.97,36.03,28.97,0.0,345.5,1200.0
61563.334,0.0,140.0,101.80000000000001,24.37,15.92,183.0,35.300000000000004,149.3,28.88,35.1,34.1,93.0,15.600000000000001,77.4,99.80000000000001,344.0,3305.0,1.3800000000000001,44.5,14.97,7.03,36.06,28.98,1.0,347.0,1200.0
61623.334,0.0,140.0,102.4,24.34,15.950000000000001,180.5,35.25,148.9,28.88,35.07,34.1,93.0,15.700000000000001,76.7,100.0,348.5,3301.0,1.3,44.45,14.96,7.01,36.0,28.97,0.0,346.5,1200.0
61683.333,0.0,140.0,101.10000000000001,24.35,15.97,180.5,35.4,148.9,29.060000000000002,34.980000000000004,34.1,92.0,15.65,76.80000000000001,100.0,349.5,3303.0,1.36,44.5,15.030000000000001,7.0,36.0,29.060000000000002,0.0,349.5,1200.0
61743.333,0.0,140.0,102.2,24.32,15.950000000000001,181.5,35.45,149.1,28.97,35.14,34.15,93.5,15.65,76.9,99.80000000000001,353.0,3291.0,1.37,44.400000000000006,14.99,6.99,35.980000000000004,28.990000000000002,0.0,345.0,1200.0
61803.333,0.0,140.0,103.10000000000001,24.35,15.97,182.5,35.2,148.8,28.95,35.06,34.050000000000004,91.0,15.65,76.2,99.80000000000001,348.0,3292.0,1.45,44.5,14.92,6.97,35.910000000000004,28.97,0.0,348.0,1200.0
61863.333,0.0,140.0,101.80000000000001,24.310000000000002,15.99,181.5,35.15,150.6,28.830000000000002,35.07,34.1,92.0,15.75,76.5,100.0,347.0,3294.0,1.37,44.45,14.97,6.96,36.02,28.94,2.0,347.0,1200.0
61923.333,0.0,140.0,101.9,24.36,15.950000000000001,182.0,35.25,150.20000000000002,28.88,35.07,34.1,89.5,15.600000000000001,76.60000000000001,100.0,346.5,3291.0,1.49,44.5,14.97,7.0,36.03,28.98,0.0,350.5,1200.0
61983.333,0.0,140.0,101.5,24.32,16.02,183.0,35.1,149.4,28.92,35.1,34.050000000000004,90.5,15.600000000000001,77.2,100.0,347.0,3298.0,1.3900000000000001,44.400000000000006,15.02,7.01,36.03,28.94,1.0,347.5,1200.0
62043.333,0.0,140.0,102.5,24.32,15.98,182.0,35.25,147.4,28.900000000000002,35.050000000000004,34.050000000000004,93.5,15.700000000000001,76.3,99.9,351.5,3298.0,1.5,44.35,14.98,7.03,36.04,29.060000000000002,1.0,348.0,1200.0
62103.333,0.0,140.0,103.30000000000001,24.35,15.950000000000001,183.0,35.2,148.0,28.810000000000002,35.12,34.15,90.5,15.75,76.7,100.0,350.5,3295.0,1.41,44.300000000000004,15.06,6.95,35.94,29.05,0.0,347.5,1200.0
62163.333,0.0,140.0,103.2,24.38,15.97,181.0,35.35,150.0,29.02,35.09,34.2,93.5,15.700000000000001,76.5,99.7,345.0,3294.0,1.23,44.45,14.96,7.07,35.980000000000004,28.96,0.0,347.0,1200.0
62223.333,0.0,140.0,102.0,24.3,16.01,183.0,35.35,149.9,28.900000000000002,35.0,34.15,91.5,15.8,76.3,100.0,349.0,3296.0,1.33,44.300000000000004,15.0,7.0,35.96,28.89,0.0,345.0,1200.0
62283.332,0.0,140.0,101.9,24.37,15.950000000000001,185.0,35.35,148.9,28.87,35.08,34.2,92.0,15.65,77.4,99.9,345.0,3298.0,1.41,44.25,14.97,6.99,35.99,29.02,1.0,343.0,1200.0
62343.332,0.0,140.0,103.2,24.36,16.04,182.5,35.25,148.4,28.89,34.980000000000004,34.050000000000004,92.0,15.600000000000001,76.5,99.80000000000001,345.0,3289.0,1.37,44.35,15.06,7.04,36.08,29.02,1.0,341.0,1200.0
62403.332,0.0,140.0,102.5,24.32,16.02,182.0,35.25,148.4,28.96,35.04,34.1,92.0,15.55,76.60000000000001,100.0,344.0,3290.0,1.33,44.45,15.0,7.05,36.06,28.98,0.0,351.5,1200.0
62463.332,0.0,140.0,101.9,24.310000000000002,16.05,181.5,35.300000000000004,148.9,28.89,35.04,34.1,94.0,15.55,77.10000000000001,100.0,347.5,3297.0,1.4000000000000001,44.400000000000006,15.02,7.01,36.04,28.96,2.0,346.5,1200.0
62523.332,0.0,140.0,102.60000000000001,24.310000000000002,16.02,183.5,35.15,148.4,28.95,35.08,34.050000000000004,93.0,15.600000000000001,76.80000000000001,99.9,347.5,3294.0,1.53,44.35,15.040000000000001,7.0200000000000005,35.97,28.990000000000002,4.0,347.5,1200.0
62583.332,0.0,140.0,101.60000000000001,24.38,16.0,183.5,35.1,148.1,28.810000000000002,35.04,34.050000000000004,92.0,15.850000000000001,76.4,100.0,346.5,3298.0,1.37,44.400000000000006,15.02,7.08,35.97,28.94,0.0,347.0,1200.0
62643.332,0.0,140.0,101.60000000000001,24.36,16.03,180.5,35.25,148.0,28.900000000000002,35.1,34.1,91.5,15.700000000000001,76.4,99.80000000000001,349.5,3296.0,1.22,44.35,14.950000000000001,7.0200000000000005,36.0,28.990000000000002,1.0,345.5,1200.0
62703.332,0.0,140.0,101.30000000000001,24.37,16.05,181.0,35.2,147.0,28.900000000000002,35.07,34.2,90.0,15.65,76.80000000000001,99.60000000000001,344.5,3293.0,1.46,44.45,15.01,7.01,35.92,28.94,1.0,346.5,1200.0
62763.332,0.0,140.0,102.60000000000001,24.38,16.04,182.0,35.35,151.5,28.830000000000002,35.09,34.1,92.0,15.65,77.2,100.0,346.5,3294.0,1.47,44.35,15.01,7.05,36.04,28.96,0.0,344.0,1200.0
62823.332,0.0,140.0,100.30000000000001,24.3,15.98,184.5,35.45,149.0,28.810000000000002,35.08,34.0,92.5,15.75,76.5,99.5,347.5,3299.0,1.3900000000000001,44.35,14.99,7.0,36.01,29.0,0.0,346.0,1200.0
62883.332,0.0,140.0,102.0,24.34,16.02,181.0,35.25,149.70000000000002,28.92,35.12,34.050000000000004,92.0,15.600000000000001,76.5,100.0,346.0,3297.0,1.36,44.300000000000004,14.98,7.0200000000000005,36.0,28.990000000000002,2.0,350.0,1200.0
62943.331,0.0,140.0,101.80000000000001,24.3,16.0,180.5,35.25,149.0,28.89,35.18,34.2,92.5,15.5,76.7,99.80000000000001,348.0,3297.0,1.28,44.25,14.99,6.99,36.01,28.97,1.0,345.5,1200.0
63003.331,0.0,140.0,100.5,24.37,15.950000000000001,181.5,35.35,148.8,28.93,35.11,34.1,93.0,15.600000000000001,77.10000000000001,100.0,349.5,3296.0,1.31,44.25,15.02,7.08,35.95,28.96,2.0,346.0,1200.0
63063.331,0.0,140.0,101.0,24.29,16.01,183.5,35.15,150.0,29.01,35.07,34.050000000000004,91.5,15.600000000000001,77.0,100.0,351.5,3297.0,1.43,44.45,15.07,6.99,36.02,29.080000000000002,1.0,345.5,1200.0
63123.331,0.0,140.0,102.30000000000001,24.39,15.98,183.0,35.35,150.3,28.91,35.12,34.15,92.5,15.600000000000001,76.9,100.0,343.0,3296.0,1.33,44.35,15.02,7.04,36.0,29.0,0.0,346.0,1200.0
63183.331,0.0,140.0,99.4,24.35,15.99,182.5,35.2,147.6,28.88,35.04,34.1,92.5,15.55,76.9,99.5,344.5,3293.0,1.36,44.300000000000004,15.05,7.0200000000000005,36.03,29.01,3.0,344.0,1200.0
63243.331,0.0,140.0,101.60000000000001,24.38,15.99,180.5,35.35,147.8,28.89,34.96,34.25,91.0,15.55,76.60000000000001,100.0,346.0,3298.0,1.42,44.35,15.040000000000001,7.01,35.95,28.96,0.0,343.0,1200.0
63303.331,0.0,140.0,102.80000000000001,24.41,15.97,181.5,35.25,146.8,28.84,35.04,34.2,94.0,15.5,76.2,100.0,346.0,3292.0,1.48,44.150000000000006,15.040000000000001,7.03,35.94,29.060000000000002,0.0,348.5,1200.0
63363.331,0.0,140.0,100.10000000000001,24.38,15.93,182.5,35.2,149.20000000000002,28.92,35.050000000000004,34.1,92.5,15.700000000000001,76.3,100.0,347.0,3292.0,1.46,44.400000000000006,15.02,7.0,35.97,29.05,2.0,345.5,1200.0
63423.331,0.0,140.0,103.60000000000001,24.37,15.97,183.5,35.2,150.3,28.810000000000002,35.050000000000004,33.9,87.5,15.55,77.0,100.0,347.0,3295.0,1.26,44.25,14.98,7.0,36.02,29.04,0.0,344.5,1200.0
63483.331,0.0,140.0,102.4,24.3,15.98,180.0,35.25,149.3,28.830000000000002,35.0,34.050000000000004,92.5,15.75,77.2,99.9,348.5,3295.0,1.61,44.400000000000006,14.98,6.98,36.0,28.95,0.0,345.5,1200.0
63543.331,0.0,140.0,103.80000000000001,24.42,16.03,181.5,35.2,148.8,28.79,35.03,34.050000000000004,90.5,15.8,76.9,100.0,344.5,3287.0,1.42,44.2,15.05,7.03,35.980000000000004,29.05,0.0,351.5,1200.0
63603.33,0.0,140.0,101.60000000000001,24.41,15.99,179.5,35.0,147.3,28.8,34.93,34.050000000000004,93.0,15.65,77.0,100.0,344.5,3293.0,1.26,44.300000000000004,15.030000000000001,6.97,36.0,29.02,1.0,348.5,1200.0
63663.33,0.0,140.0,101.60000000000001,24.3,16.0,181.0,35.2,148.8,28.810000000000002,34.99,34.050000000000004,89.0,15.75,76.60000000000001,100.0,344.5,3286.0,1.42,44.25,14.97,7.01,35.94,28.96,0.0,347.5,1200.0
63723.33,0.0,140.0,103.60000000000001,24.37,15.97,181.0,35.15,148.70000000000002,28.82,35.02,33.95,94.5,15.55,76.80000000000001,100.0,343.5,3288.0,1.32,44.25,15.030000000000001,6.99,36.07,28.98,0.0,352.0,1200.0
63783.33,0.0,140.0,101.0,24.41,15.96,180.5,35.25,146.6,28.810000000000002,34.96,34.050000000000004,90.5,15.55,76.60000000000001,100.0,350.5,3292.0,1.44,44.35,15.030000000000001,6.96,35.97,28.95,0.0,348.5,1200.0
63843.33,0.0,140.0,102.4,24.34,16.01,179.0,35.25,148.4,28.84,34.85,33.95,91.5,15.65,76.9,100.0,350.0,3287.0,1.21,44.300000000000004,15.0,7.01,36.0,29.0,0.0,348.5,1200.0
63903.33,0.0,140.0,101.5,24.35,16.05,182.0,35.15,150.0,28.87,35.02,33.95,93.0,15.600000000000001,76.4,100.0,346.0,3290.0,1.33,44.2,15.030000000000001,6.96,35.99,28.95,1.0,345.0,1200.0
63963.33,0.0,140.0,102.30000000000001,24.37,15.97,181.0,35.15,147.6,28.79,35.01,33.95,90.5,15.600000000000001,77.0,100.0,341.5,3290.0,1.27,44.300000000000004,15.040000000000001,6.97,36.06,29.12,0.0,346.5,1200.0
64023.33,0.0,140.0,101.60000000000001,24.41,15.950000000000001,182.0,35.2,147.8,28.84,35.11,34.0,93.5,15.700000000000001,76.9,100.0,345.5,3294.0,1.47,44.25,15.05,7.04,35.980000000000004,29.03,0.0,346.5,1200.0
64083.33,0.0,140.0,101.10000000000001,24.34,16.0,181.5,35.25,149.6,28.8,35.0,34.15,94.5,15.65,76.80000000000001,99.7,349.0,3294.0,1.28,44.35,14.99,7.03,35.980000000000004,29.02,0.0,344.0,1200.0
64143.33,0.0,140.0,101.7,24.43,16.01,183.0,35.35,148.5,28.85,34.980000000000004,34.050000000000004,92.0,15.600000000000001,76.80000000000001,99.7,349.0,3296.0,1.37,44.150000000000006,15.02,7.05,35.97,28.98,0.0,344.5,1200.0
64203.33,0.0,140.0,100.30000000000001,24.3,16.05,183.0,35.050000000000004,149.0,28.86,35.0,34.050000000000004,93.0,15.700000000000001,76.5,99.60000000000001,342.5,3296.0,1.3800000000000001,44.400000000000006,14.96,7.08,36.02,28.990000000000002,0.0,346.0,1200.0
64263.33,0.0,140.0,102.0,24.37,15.950000000000001,180.5,35.15,149.8,28.91,34.97,34.15,92.5,15.65,77.10000000000001,99.9,348.5,3292.0,1.3800000000000001,44.150000000000006,15.030000000000001,7.03,36.0,29.0,2.0,348.5,1200.0
64323.329,0.0,140.0,102.0,24.35,16.0,184.5,35.15,148.0,28.91,35.02,34.15,92.5,15.600000000000001,77.0,99.9,341.0,3292.0,1.32,44.300000000000004,15.030000000000001,7.01,35.94,29.02,1.0,343.5,1200.0
64383.329,0.0,140.0,102.2,24.42,15.98,184.5,35.15,148.6,28.86,35.0,34.1,91.5,15.55,76.4,99.9,347.0,3292.0,1.58,44.400000000000006,14.99,6.99,35.980000000000004,28.88,0.0,345.0,1200.0
64443.329,0.0,140.0,101.9,24.330000000000002,15.94,180.5,35.35,148.4,28.87,35.050000000000004,33.9,93.0,15.65,76.7,100.0,349.0,3292.0,1.35,44.150000000000006,14.950000000000001,7.04,36.07,29.04,2.0,348.0,1200.0
64503.329,0.0,140.0,102.2,24.36,16.03,181.0,35.1,147.8,28.810000000000002,34.97,34.0,90.5,15.600000000000001,76.7,99.30000000000001,345.5,3294.0,1.48,44.2,14.98,7.0,36.07,28.97,1.0,346.0,1200.0
64563.329,0.0,140.0,102.7,24.34,16.09,181.0,35.2,148.9,28.76,34.910000000000004,33.95,93.5,15.65,76.60000000000001,99.9,343.0,3292.0,1.35,44.25,14.99,7.01,35.99,29.03,1.0,343.0,1200.0
64623.329,0.0,140.0,101.7,24.36,15.92,183.0,35.050000000000004,148.6,28.87,35.01,33.95,92.0,15.450000000000001,76.7,100.0,343.5,3291.0,1.51,44.25,15.01,6.92,35.95,29.03,0.0,346.0,1200.0
64683.329,0.0,140.0,102.30000000000001,24.3,16.0,181.0,35.15,149.8,28.76,34.96,33.95,91.5,15.600000000000001,76.7,100.0,343.5,3285.0,1.44,44.050000000000004,15.01,7.0,36.03,28.94,2.0,347.0,1200.0
64743.329,0.0,140.0,102.0,24.310000000000002,16.0,180.0,35.0,148.20000000000002,28.82,34.910000000000004,33.95,93.0,15.450000000000001,76.80000000000001,100.0,340.5,3285.0,1.25,43.95,15.030000000000001,6.99,35.9,28.94,0.0,346.0,1200.0
64803.329,0.0,140.0,102.2,24.28,16.080000000000002,182.0,35.1,149.5,28.75,34.83,34.050000000000004,92.5,15.55,76.3,100.0,348.5,3283.0,1.43,44.1,15.01,7.0600000000000005,36.03,28.91,1.0,345.5,1200.0
64863.329,0.0,140.0,101.9,24.310000000000002,15.99,183.0,35.2,148.8,28.78,35.01,33.9,93.0,15.55,76.2,100.0,339.0,3281.0,1.3800000000000001,44.050000000000004,15.01,6.98,36.07,28.990000000000002,0.0,343.0,1200.0
64923.329,0.0,140.0,102.4,24.25,15.96,180.0,35.15,148.6,28.830000000000002,34.9,33.95,92.0,15.600000000000001,76.4,100.0,348.0,3283.0,1.44,44.2,15.040000000000001,6.91,36.01,28.98,0.0,344.5,1200.0
64983.328,0.0,140.0,100.7,24.3,15.98,180.5,35.15,148.8,28.76,34.95,34.0,89.5,15.600000000000001,76.60000000000001,99.80000000000001,343.5,3284.0,1.42,44.25,15.030000000000001,6.91,35.96,28.96,1.0,343.5,1200.0
65043.328,0.0,140.0,101.2,24.28,15.94,182.0,35.25,148.9,28.82,34.99,33.95,91.0,15.65,76.60000000000001,99.7,341.0,3281.0,1.41,44.0,14.99,7.0200000000000005,35.95,28.93,1.0,343.5,1200.0
65103.328,0.0,140.0,103.10000000000001,24.310000000000002,15.93,184.5,35.1,150.70000000000002,28.79,34.97,34.0,93.0,15.600000000000001,76.80000000000001,100.0,347.0,3277.0,1.47,44.1,15.02,7.0,35.97,28.990000000000002,1.0,341.0,1200.0
65163.328,0.0,140.0,104.0,24.28,16.02,184.0,34.9,149.0,28.78,34.92,34.1,93.5,15.600000000000001,76.60000000000001,100.0,341.0,3277.0,1.42,44.1,14.97,6.91,35.980000000000004,28.98,1.0,341.0,1200.0
65223.328,0.0,140.0,102.2,24.240000000000002,15.950000000000001,180.0,35.1,150.1,28.830000000000002,34.99,34.0,91.0,15.700000000000001,76.7,99.7,342.5,3278.0,1.3900000000000001,44.050000000000004,14.99,6.98,35.980000000000004,29.01,1.0,341.0,1200.0
65283.328,0.0,140.0,102.9,24.25,16.0,182.0,35.15,147.70000000000002,28.830000000000002,34.86,33.85,92.0,15.700000000000001,76.5,99.9,345.0,3281.0,1.42,43.95,14.98,7.03,36.0,29.080000000000002,0.0,342.0,1200.0
65343.328,0.0,140.0,103.30000000000001,24.39,15.99,184.0,35.1,149.0,28.71,34.84,34.0,92.0,15.700000000000001,76.60000000000001,100.0,340.0,3278.0,1.3900000000000001,43.95,15.05,7.03,36.0,28.98,0.0,339.0,1200.0
65403.328,0.0,140.0,101.0,24.240000000000002,15.98,181.0,34.95,149.70000000000002,28.76,34.89,33.9,92.5,15.600000000000001,76.5,99.80000000000001,339.0,3279.0,1.35,44.1,14.96,7.03,36.02,29.01,0.0,340.0,1200.0
65463.328,0.0,140.0,103.30000000000001,24.26,15.96,180.5,35.0,149.9,28.740000000000002,34.89,33.95,92.5,15.5,76.7,99.9,342.5,3285.0,1.54,44.1,14.94,7.0200000000000005,35.92,28.95,0.0,343.0,1200.0
65523.328,0.0,140.0,99.60000000000001,24.3,16.02,181.0,35.25,149.3,28.740000000000002,34.92,33.9,91.0,15.55,77.10000000000001,100.0,342.0,3281.0,1.56,44.0,15.030000000000001,6.95,35.97,28.900000000000002,0.0,343.0,1200.0
65583.328,0.0,140.0,102.10000000000001,24.37,16.01,179.5,34.95,148.4,28.810000000000002,34.95,34.050000000000004,90.5,15.600000000000001,76.60000000000001,100.0,346.0,3282.0,1.3800000000000001,44.050000000000004,14.96,7.03,35.95,28.990000000000002,0.0,341.5,1200.0
65643.327,0.0,140.0,103.30000000000001,24.37,15.98,181.0,35.050000000000004,149.70000000000002,28.77,34.87,33.9,93.5,15.75,76.9,99.9,339.5,3281.0,1.6300000000000001,44.050000000000004,15.0,7.0,36.01,28.900000000000002,2.0,344.0,1200.0
65703.327,0.0,140.0,101.80000000000001,24.35,16.01,180.0,35.1,149.1,28.78,34.95,33.9,91.5,15.600000000000001,77.0,99.7,343.5,3278.0,1.6,44.0,15.0,6.98,35.980000000000004,28.97,0.0,339.0,1200.0
65763.327,0.0,140.0,102.5,24.36,16.02,181.0,35.1,147.5,28.830000000000002,34.92,33.95,92.5,15.700000000000001,76.4,100.0,341.5,3286.0,1.4000000000000001,44.050000000000004,14.98,6.97,35.99,29.0,1.0,339.5,1200.0
65823.327,0.0,140.0,102.5,24.330000000000002,16.04,180.0,35.0,149.5,28.79,34.9,34.0,92.0,15.65,77.0,99.7,340.5,3278.0,1.3900000000000001,43.95,15.0,6.99,35.980000000000004,29.12,3.0,343.0,1200.0
65883.327,0.0,140.0,100.80000000000001,24.27,15.93,183.0,35.0,148.8,28.73,34.95,33.85,91.5,15.75,77.10000000000001,99.80000000000001,345.5,3286.0,1.44,44.050000000000004,14.94,6.95,36.03,28.93,2.0,347.5,1200.0
65943.327,0.0,140.0,102.30000000000001,24.29,15.94,181.5,35.050000000000004,150.3,28.78,34.88,34.0,92.0,15.600000000000001,76.80000000000001,99.9,340.5,3284.0,1.3900000000000001,43.95,15.02,7.01,36.07,29.060000000000002,2.0,347.0,1200.0
66003.327,0.0,140.0,101.2,24.38,16.02,179.0,35.1,148.8,28.67,34.83,33.85,92.5,15.65,76.7,100.0,341.0,3282.0,1.34,44.050000000000004,15.030000000000001,6.96,35.96,28.96,2.0,343.5,1200.0
66063.327,0.0,140.0,99.4,24.330000000000002,15.96,182.5,35.050000000000004,147.9,28.75,34.84,34.050000000000004,94.5,15.75,76.60000000000001,100.0,345.5,3282.0,1.3900000000000001,44.1,15.06,6.95,35.94,28.98,0.0,346.5,1200.0
66123.327,0.0,140.0,104.5,24.34,15.94,181.0,35.050000000000004,150.3,28.79,34.95,33.95,92.0,15.8,76.4,100.0,338.5,3281.0,1.34,43.900000000000006,14.93,7.0200000000000005,35.99,28.990000000000002,0.0,342.0,1200.0
66183.327,0.0,140.0,101.30000000000001,24.240000000000002,15.98,182.0,35.2,148.9,28.78,34.87,34.050000000000004,93.5,15.55,76.60000000000001,100.0,341.0,3284.0,1.36,44.1,14.99,7.0,36.01,29.0,0.0,341.0,1200.0
66243.327,0.0,140.0,101.7,24.36,15.94,180.5,35.1,149.3,28.75,34.910000000000004,34.1,90.5,15.55,76.9,99.9,344.0,3285.0,1.3800000000000001,43.95,14.98,7.01,36.02,29.0,2.0,342.0,1200.0
66303.327,0.0,140.0,101.80000000000001,24.3,15.98,179.5,35.15,149.6,28.79,34.92,34.1,90.5,15.5,76.80000000000001,100.0,340.5,3277.0,1.37,44.0,15.0,7.05,36.03,28.95,0.0,341.5,1200.0
66363.326,0.0,140.0,101.9,24.3,16.0,179.5,35.050000000000004,148.5,28.830000000000002,34.910000000000004,34.050000000000004,91.5,15.55,76.3,99.4,344.5,3285.0,1.5,44.0,14.98,6.99,36.0,28.990000000000002,1.0,344.0,1200.0
66423.326,0.0,140.0,103.0,24.34,16.03,179.0,35.2,148.0,28.78,34.85,34.050000000000004,93.5,15.55,76.60000000000001,99.9,345.5,3279.0,1.57,43.95,15.0,7.0600000000000005,36.03,28.95,1.0,349.5,1200.0
66483.326,0.0,140.0,102.5,24.330000000000002,15.94,180.5,35.15,148.9,28.75,34.88,34.0,91.5,15.600000000000001,76.80000000000001,99.9,338.0,3283.0,1.34,43.95,14.97,7.07,35.93,29.04,0.0,337.5,1200.0
66543.326,0.0,140.0,102.30000000000001,24.240000000000002,15.97,181.5,35.2,149.6,28.830000000000002,34.88,34.0,91.0,15.5,76.60000000000001,100.0,344.0,3276.0,1.41,44.1,14.96,7.03,36.01,29.01,0.0,346.5,1200.0
66603.326,0.0,140.0,101.9,24.310000000000002,15.97,180.5,35.2,148.9,28.79,34.9,34.0,92.5,15.55,76.2,99.9,343.0,3280.0,1.52,44.050000000000004,14.96,6.95,36.03,28.94,0.0,342.0,1200.0
66663.326,0.0,140.0,102.2,24.32,15.92,181.0,35.1,148.20000000000002,28.79,34.910000000000004,33.95,91.5,15.75,76.3,99.4,342.5,3276.0,1.4000000000000001,44.050000000000004,15.030000000000001,7.04,35.97,29.03,2.0,344.5,1200.0
66723.326,0.0,140.0,103.2,24.29,15.93,181.0,35.1,149.1,28.810000000000002,34.95,34.1,93.0,15.600000000000001,76.4,99.80000000000001,342.5,3276.0,1.3900000000000001,43.95,15.02,6.97,36.1,29.02,0.0,342.5,1200.0
66783.326,0.0,140.0,100.9,24.36,15.950000000000001,183.0,35.1,149.20000000000002,28.75,34.97,34.1,93.5,15.5,76.60000000000001,99.9,341.5,3278.0,1.57,43.900000000000006,14.9,7.04,36.15,29.05,1.0,341.5,1200.0
66843.326,0.0,140.0,102.10000000000001,24.310000000000002,16.02,181.0,35.1,149.9,28.84,35.03,34.050000000000004,93.5,15.65,77.0,100.0,346.0,3285.0,1.52,44.050000000000004,15.01,7.0,35.96,29.04,0.0,344.0,1200.0
66903.326,0.0,140.0,101.30000000000001,24.310000000000002,16.01,181.5,35.1,149.1,28.79,34.87,34.050000000000004,92.5,15.700000000000001,76.3,100.0,341.0,3279.0,1.51,44.050000000000004,15.01,7.1000000000000005,36.01,28.95,0.0,345.5,1200.0
66963.326,0.0,140.0,102.9,24.32,15.93,181.5,35.25,149.0,28.88,34.99,34.0,91.0,15.700000000000001,76.9,100.0,345.5,3283.0,1.47,44.0,14.98,7.03,36.02,28.92,0.0,344.0,1200.0
67023.326,0.0,140.0,100.9,24.310000000000002,15.99,181.0,35.15,149.1,28.97,35.03,33.95,91.0,15.65,76.5,100.0,341.0,3283.0,1.57,43.95,15.040000000000001,6.93,36.0,29.09,0.0,341.0,1200.0
67083.325,0.0,140.0,102.30000000000001,24.21,16.02,181.5,35.2,148.9,28.84,35.02,33.95,92.0,15.5,76.80000000000001,100.0,340.0,3287.0,1.33,44.1,15.030000000000001,6.99,36.04,29.02,0.0,344.0,1200.0
67143.325,0.0,140.0,101.30000000000001,24.34,16.0,181.0,35.1,149.5,28.93,34.96,33.95,91.5,15.65,76.7,99.80000000000001,342.0,3279.0,1.33,44.150000000000006,15.040000000000001,7.1000000000000005,35.94,28.95,0.0,340.5,1200.0
67203.325,0.0,140.0,101.7,24.38,16.0,181.5,35.25,148.9,28.84,35.03,34.15,91.0,15.700000000000001,76.7,100.0,341.0,3284.0,1.49,44.0,15.040000000000001,6.98,35.97,28.96,2.0,346.5,1200.0
67263.325,0.0,140.0,101.2,24.310000000000002,15.96,184.0,35.300000000000004,149.1,28.900000000000002,35.03,34.1,89.0,15.700000000000001,76.10000000000001,99.7,344.5,3286.0,1.24,44.1,14.98,7.0,35.980000000000004,29.05,2.0,344.5,1200.0
67323.325,0.0,140.0,103.10000000000001,24.34,16.01,183.5,35.25,148.3,28.88,35.09,34.0,93.5,15.65,76.2,100.0,341.0,3286.0,1.44,44.1,15.01,6.98,36.0,28.93,0.0,350.5,1200.0
67383.325,0.0,140.0,102.4,24.3,15.950000000000001,183.5,35.15,148.4,28.94,35.01,34.15,90.0,15.65,76.80000000000001,100.0,345.5,3282.0,1.51,44.050000000000004,15.02,6.95,36.0,29.05,3.0,344.5,1200.0
67443.325,0.0,140.0,102.30000000000001,24.27,16.04,183.0,35.300000000000004,147.0,28.93,35.1,34.050000000000004,90.5,15.700000000000001,76.10000000000001,99.80000000000001,345.5,3287.0,1.37,44.2,14.950000000000001,7.09,36.0,28.97,0.0,346.5,1200.0
67503.325,0.0,140.0,101.10000000000001,24.310000000000002,15.98,184.0,35.25,146.9,28.900000000000002,35.02,34.0,93.5,15.65,76.3,100.0,342.0,3283.0,1.45,44.0,15.05,6.99,36.050000000000004,29.01,0.0,345.0,1200.0
67563.325,0.0,140.0,100.30000000000001,24.27,15.98,183.5,35.300000000000004,148.4,28.990000000000002,35.07,34.15,93.5,15.700000000000001,76.4,99.9,349.0,3285.0,1.35,44.050000000000004,14.950000000000001,7.0200000000000005,35.94,29.0,0.0,343.5,1200.0
67623.325,0.0,140.0,102.2,24.22,15.97,183.0,35.300000000000004,149.5,28.900000000000002,35.14,34.2,90.5,15.700000000000001,76.4,100.0,347.5,3288.0,1.25,44.1,15.01,6.99,36.09,28.95,2.0,343.0,1200.0
67683.325,0.0,140.0,101.9,24.310000000000002,15.99,184.0,35.35,148.1,29.0,35.03,34.1,93.5,15.55,75.8,100.0,346.5,3284.0,1.16,44.0,14.97,6.99,35.97,29.05,1.0,344.0,1200.0
67743.325,0.0,140.0,101.60000000000001,24.36,16.03,181.5,35.25,147.9,29.0,35.050000000000004,34.15,92.0,15.600000000000001,76.0,99.30000000000001,347.0,3284.0,1.3900000000000001,44.1,14.99,7.08,36.01,28.95,0.0,344.0,1200.0
67803.324,0.0,140.0,101.2,24.38,15.96,184.0,35.25,149.6,29.02,35.08,34.2,91.5,15.5,76.3,100.0,342.5,3284.0,1.51,44.2,15.040000000000001,6.99,36.04,29.02,0.0,345.5,1200.0
67863.324,0.0,140.0,102.9,24.240000000000002,16.06,185.0,35.25,148.70000000000002,28.96,35.15,34.15,93.0,15.55,76.2,100.0,344.0,3286.0,1.43,44.150000000000006,15.08,7.0,35.980000000000004,29.01,0.0,343.0,1200.0
67923.324,0.0,140.0,101.9,24.3,15.950000000000001,181.5,35.25,149.70000000000002,28.96,35.17,34.2,91.5,15.65,75.8,99.7,347.0,3288.0,1.47,44.150000000000006,14.98,6.94,36.08,28.91,2.0,346.0,1200.0
67983.324,0.0,140.0,100.60000000000001,24.34,16.0,183.5,35.35,148.5,29.01,35.230000000000004,34.1,93.0,15.600000000000001,75.8,100.0,348.0,3283.0,1.5,44.050000000000004,15.07,6.94,35.97,28.990000000000002,0.0,342.5,1200.0
68043.324,0.0,140.0,102.7,24.240000000000002,16.01,182.5,35.15,149.70000000000002,28.94,35.2,34.1,92.0,15.65,75.9,100.0,343.0,3285.0,1.41,44.0,14.98,7.01,36.02,29.05,0.0,343.5,1200.0
68103.324,0.0,140.0,102.7,24.26,16.0,181.5,35.2,148.70000000000002,29.07,35.050000000000004,34.15,93.5,15.600000000000001,75.9,99.4,345.5,3285.0,1.12,44.1,15.030000000000001,7.0,36.03,29.01,1.0,347.5,1200.0
68163.324,0.0,140.0,100.5,24.23,15.98,181.5,35.25,148.4,28.91,35.09,34.2,91.0,15.600000000000001,75.8,99.80000000000001,340.5,3287.0,1.43,44.25,14.98,7.01,36.06,28.98,0.0,346.0,1200.0
68223.324,0.0,140.0,102.0,24.25,15.91,183.5,35.35,149.70000000000002,28.96,35.18,34.15,92.0,15.700000000000001,75.8,100.0,350.5,3282.0,1.4000000000000001,44.2,15.040000000000001,7.04,36.02,29.0,0.0,347.5,1200.0
68283.324,0.0,140.0,101.10000000000001,24.3,15.97,182.0,35.45,149.20000000000002,29.14,35.17,34.050000000000004,92.5,15.600000000000001,76.0,99.9,347.5,3287.0,1.3800000000000001,44.25,15.0,6.97,35.910000000000004,29.03,0.0,346.5,1200.0
68343.324,0.0,140.0,101.60000000000001,24.310000000000002,15.97,183.5,35.45,149.1,29.080000000000002,35.08,34.25,92.5,15.5,75.8,100.0,343.5,3283.0,1.35,44.35,14.97,7.01,36.050000000000004,29.060000000000002,0.0,344.0,1200.0
68403.324,0.0,140.0,102.5,24.310000000000002,16.01,182.5,35.4,150.20000000000002,29.1,35.15,34.2,91.5,15.700000000000001,75.5,100.0,348.5,3284.0,1.44,44.150000000000006,15.01,7.04,36.04,29.0,0.0,346.5,1200.0
68463.324,0.0,140.0,101.80000000000001,24.29,16.0,183.5,35.300000000000004,150.4,29.12,35.1,34.2,92.5,15.600000000000001,75.8,100.0,344.0,3285.0,1.44,44.1,14.97,7.0,36.0,29.04,0.0,344.0,1200.0
68523.324,0.0,140.0,103.30000000000001,24.330000000000002,15.98,180.5,35.300000000000004,150.1,28.990000000000002,35.26,34.15,90.0,15.5,75.7,100.0,347.0,3281.0,1.44,44.25,15.0,7.0,35.93,28.93,0.0,344.5,1200.0
68583.323,0.0,140.0,103.60000000000001,24.310000000000002,15.93,182.0,35.300000000000004,148.1,28.96,35.1,34.1,95.0,15.700000000000001,76.10000000000001,99.80000000000001,344.0,3285.0,1.44,44.150000000000006,15.0,7.0,36.03,29.05,0.0,342.0,1200.0
68643.323,0.0,140.0,102.30000000000001,24.240000000000002,16.080000000000002,184.0,35.300000000000004,149.3,29.0,35.2,34.15,90.5,15.700000000000001,76.5,100.0,348.0,3285.0,1.45,44.1,14.96,7.0,36.050000000000004,28.91,0.0,346.5,1200.0
68703.323,0.0,140.0,102.0,24.35,15.98,183.5,35.25,148.9,29.04,35.26,34.1,92.5,15.5,76.7,99.60000000000001,352.5,3289.0,1.32,44.2,15.040000000000001,6.99,36.02,29.02,0.0,348.0,1200.0
68763.323,0.0,140.0,100.60000000000001,24.35,16.02,182.5,35.35,149.4,29.02,35.19,34.2,92.5,15.700000000000001,75.9,99.5,342.5,3290.0,1.47,44.1,15.06,6.96,36.06,28.94,2.0,343.5,1200.0
68823.323,0.0,140.0,100.7,24.240000000000002,16.0,181.0,35.35,148.4,28.94,35.1,34.2,90.5,15.65,76.10000000000001,100.0,344.5,3288.0,1.29,44.300000000000004,14.950000000000001,7.03,36.0,29.060000000000002,0.0,344.0,1200.0
68883.323,0.0,140.0,103.2,24.330000000000002,16.01,181.5,35.300000000000004,149.1,29.0,35.14,34.1,93.5,15.600000000000001,76.80000000000001,100.0,345.5,3286.0,1.37,44.25,14.98,7.01,35.99,29.04,2.0,345.0,1200.0
68943.323,0.0,140.0,102.10000000000001,24.38,15.97,183.5,35.300000000000004,148.4,29.0,35.07,34.050000000000004,93.0,15.55,76.2,100.0,346.0,3287.0,1.53,44.25,14.97,6.99,36.02,29.05,3.0,349.5,1200.0
69003.323,0.0,140.0,103.2,24.36,16.02,185.5,35.300000000000004,150.4,28.96,35.17,34.1,92.5,15.75,76.7,99.7,346.5,3292.0,1.34,44.300000000000004,15.01,6.99,36.0,29.04,0.0,344.5,1200.0
69063.323,0.0,140.0,100.9,24.29,16.01,184.5,35.25,149.3,29.01,35.14,34.1,93.0,15.700000000000001,76.5,99.5,348.5,3290.0,1.47,44.150000000000006,14.96,6.99,36.04,29.0,0.0,343.5,1200.0
69123.323,0.0,140.0,103.0,24.29,16.0,183.0,35.4,149.6,28.97,35.02,34.1,90.5,15.600000000000001,76.4,100.0,344.5,3288.0,1.3900000000000001,44.300000000000004,15.06,6.96,35.980000000000004,28.91,0.0,343.5,1200.0
69183.323,0.0,140.0,100.80000000000001,24.34,16.04,182.5,35.35,149.1,28.990000000000002,35.12,34.050000000000004,92.0,15.55,76.9,100.0,348.5,3292.0,1.5,44.35,14.98,7.0,35.95,28.98,0.0,348.0,1200.0
69243.323,0.0,140.0,102.60000000000001,24.330000000000002,15.98,182.5,35.300000000000004,149.5,28.89,35.18,34.050000000000004,95.5,15.55,76.4,99.80000000000001,347.0,3290.0,1.46,44.2,15.01,7.08,36.02,29.09,0.0,345.0,1200.0
69303.322,0.0,140.0,101.2,24.400000000000002,16.04,181.5,35.35,147.0,29.03,35.230000000000004,34.0,93.0,15.55,76.60000000000001,99.60000000000001,350.0,3289.0,1.43,44.25,14.99,7.01,36.0,29.02,0.0,346.5,1200.0
69363.322,0.0,140.0,103.0,24.42,16.02,181.0,35.4,149.1,28.900000000000002,34.99,34.1,91.0,15.600000000000001,77.0,100.0,352.5,3290.0,1.51,44.35,14.93,6.95,36.01,28.990000000000002,2.0,344.5,1200.0
69423.322,0.0,140.0,103.4,24.32,15.950000000000001,181.5,35.300000000000004,148.6,28.93,35.21,33.95,93.0,15.600000000000001,76.80000000000001,100.0,345.0,3295.0,1.48,44.35,15.02,6.99,36.01,29.080000000000002,0.0,345.0,1200.0
69483.322,0.0,140.0,102.4,24.36,16.02,181.0,35.300000000000004,148.8,28.900000000000002,34.99,34.1,93.0,15.450000000000001,76.9,100.0,346.0,3291.0,1.48,44.2,14.99,6.97,36.02,28.990000000000002,0.0,349.5,1200.0
69543.322,0.0,140.0,102.0,24.34,15.96,182.5,35.300000000000004,148.3,28.87,35.12,34.0,91.5,15.600000000000001,77.0,100.0,347.5,3290.0,1.36,44.25,14.93,6.91,36.02,29.01,1.0,345.5,1200.0
69603.322,0.0,140.0,104.10000000000001,24.38,15.96,183.0,35.300000000000004,150.1,28.85,34.95,34.0,91.5,15.600000000000001,76.3,100.0,342.0,3289.0,1.18,44.35,14.950000000000001,7.0200000000000005,36.0,29.11,0.0,346.0,1200.0
69663.322,0.0,140.0,101.7,24.310000000000002,16.06,182.5,35.25,148.9,28.86,34.94,33.95,93.5,15.55,76.9,99.9,344.5,3293.0,1.35,44.2,15.0,6.98,35.980000000000004,28.98,3.0,343.0,1200.0
69723.322,0.0,140.0,101.7,24.36,15.950000000000001,179.5,35.1,150.3,28.85,35.06,34.25,93.0,15.600000000000001,76.10000000000001,100.0,348.0,3295.0,1.3800000000000001,44.2,15.030000000000001,6.94,35.99,29.05,0.0,345.5,1200.0
69783.322,0.0,140.0,100.9,24.3,15.97,184.0,35.15,149.20000000000002,28.85,35.0,34.15,93.5,15.700000000000001,76.60000000000001,99.5,349.0,3294.0,1.6300000000000001,44.25,15.040000000000001,6.95,36.03,28.93,0.0,345.5,1200.0
69843.322,0.0,140.0,102.10000000000001,24.3,16.0,182.5,35.15,149.9,28.85,35.06,34.1,90.0,15.65,77.10000000000001,100.0,343.5,3293.0,1.47,44.300000000000004,15.030000000000001,7.0,36.02,28.98,3.0,347.0,1200.0
69903.322,0.0,140.0,102.4,24.330000000000002,15.98,182.0,35.2,146.8,28.76,34.97,34.050000000000004,91.0,15.55,76.4,100.0,345.0,3292.0,1.33,44.25,14.93,6.97,36.050000000000004,29.080000000000002,0.0,347.0,1200.0
69963.322,0.0,140.0,101.7,24.330000000000002,15.99,181.0,35.25,148.6,28.93,35.0,34.1,91.5,15.700000000000001,76.5,99.7,345.0,3297.0,1.3800000000000001,44.25,14.96,6.97,36.050000000000004,28.92,0.0,349.5,1200.0
70023.322,0.0,140.0,102.4,24.35,15.97,182.0,35.25,149.9,28.92,35.13,34.15,91.5,15.55,77.2,100.0,348.0,3291.0,1.36,44.300000000000004,14.93,7.05,35.95,28.990000000000002,0.0,342.5,1200.0
70083.321,0.0,140.0,101.60000000000001,24.35,15.99,182.5,35.25,148.6,28.93,35.02,34.050000000000004,93.0,15.55,77.0,100.0,340.5,3295.0,1.47,44.300000000000004,15.07,6.97,36.02,29.05,0.0,342.5,1200.0
70143.321,0.0,140.0,99.80000000000001,24.310000000000002,15.98,181.5,35.25,149.1,28.85,35.0,33.9,92.0,15.700000000000001,77.2,99.60000000000001,346.0,3289.0,1.3800000000000001,44.35,15.01,6.95,36.02,29.0,0.0,346.0,1200.0
70203.321,0.0,140.0,103.10000000000001,24.3,15.98,182.0,35.25,150.1,28.810000000000002,35.06,34.0,93.5,15.5,76.80000000000001,99.7,348.5,3296.0,1.48,44.25,15.01,7.01,36.01,28.94,0.0,346.5,1200.0
70263.321,0.0,140.0,102.10000000000001,24.45,16.02,183.0,35.25,147.3,28.91,35.01,34.050000000000004,92.5,15.75,76.5,100.0,344.5,3291.0,1.37,44.300000000000004,14.91,7.03,36.03,29.07,1.0,352.5,1200.0
70323.321,0.0,140.0,101.60000000000001,24.45,16.02,181.0,35.300000000000004,149.9,28.88,34.97,34.1,93.0,15.55,76.5,100.0,344.5,3287.0,1.4000000000000001,44.45,15.0,6.96,36.07,29.060000000000002,1.0,346.5,1200.0
70383.321,0.0,140.0,103.10000000000001,24.29,16.0,181.0,35.2,147.3,28.900000000000002,34.99,34.1,91.0,15.600000000000001,76.5,100.0,344.5,3290.0,1.33,44.2,14.97,6.88,36.050000000000004,28.89,0.0,344.0,1200.0
70443.321,0.0,140.0,103.2,24.36,16.04,182.5,35.15,148.9,28.89,35.04,34.050000000000004,91.0,15.65,77.0,99.9,348.0,3296.0,1.27,44.300000000000004,15.05,7.04,36.02,28.97,2.0,347.0,1200.0
70503.321,0.0,140.0,100.5,24.28,15.98,180.0,35.4,149.0,28.900000000000002,35.11,33.95,93.0,15.55,76.80000000000001,100.0,350.5,3292.0,1.28,44.300000000000004,14.93,7.0,36.07,28.990000000000002,0.0,350.5,1200.0
70563.321,0.0,140.0,103.0,24.310000000000002,15.98,182.5,35.35,148.70000000000002,28.85,35.08,34.0,91.5,15.700000000000001,76.3,100.0,348.0,3293.0,1.36,44.25,14.99,7.03,36.08,28.97,3.0,342.0,1200.0
70623.321,0.0,140.0,101.30000000000001,24.37,16.05,182.0,35.25,148.5,28.94,35.06,34.15,93.0,15.55,76.3,100.0,342.5,3294.0,1.44,44.35,14.97,7.0200000000000005,35.980000000000004,28.93,0.0,344.5,1200.0
70683.321,0.0,140.0,102.9,24.34,15.97,182.0,35.2,150.0,28.93,35.11,34.2,93.0,15.600000000000001,76.4,100.0,346.0,3292.0,1.41,44.35,15.01,6.97,35.97,28.93,0.0,344.0,1200.0
70743.321,0.0,140.0,101.60000000000001,24.330000000000002,15.99,184.0,35.300000000000004,149.8,28.93,35.08,34.1,93.5,15.700000000000001,76.7,99.5,348.5,3295.0,1.28,44.300000000000004,14.98,6.99,35.95,29.0,0.0,348.5,1200.0
70803.321,0.0,140.0,101.30000000000001,24.29,15.92,182.0,35.4,149.20000000000002,28.96,35.050000000000004,34.1,91.0,15.600000000000001,76.10000000000001,100.0,344.5,3291.0,1.43,44.35,15.0,6.96,35.910000000000004,29.07,0.0,345.0,1200.0
70863.32,0.0,140.0,99.9,24.28,15.98,183.5,35.15,150.5,28.86,35.08,34.1,93.0,15.600000000000001,76.5,100.0,348.0,3291.0,1.53,44.2,14.93,6.97,35.99,29.07,0.0,345.5,1200.0
70923.32,0.0,140.0,102.0,24.310000000000002,16.080000000000002,183.0,35.25,149.20000000000002,28.91,35.06,34.050000000000004,90.5,15.700000000000001,76.3,100.0,347.0,3286.0,1.3900000000000001,44.150000000000006,14.96,7.03,35.94,28.96,3.0,342.5,1200.0
70983.32,0.0,140.0,102.80000000000001,24.310000000000002,16.03,182.5,35.35,149.3,28.94,34.980000000000004,34.15,92.0,15.75,76.10000000000001,99.7,343.0,3295.0,1.35,44.150000000000006,15.0,7.0200000000000005,35.910000000000004,29.05,1.0,344.0,1200.0
71043.32,0.0,140.0,102.60000000000001,24.36,16.05,181.0,35.300000000000004,147.4,29.0,35.12,33.95,93.0,15.700000000000001,77.0,99.9,346.0,3300.0,1.42,44.300000000000004,15.0,7.09,36.01,29.02,0.0,343.0,1200.0
71103.32,0.0,140.0,101.80000000000001,24.38,15.98,182.5,35.300000000000004,149.1,28.89,35.17,34.15,91.0,15.75,76.5,99.7,343.0,3290.0,1.46,44.300000000000004,14.99,7.05,36.01,28.92,0.0,346.5,1200.0
71163.32,0.0,140.0,100.80000000000001,24.35,15.97,183.0,35.2,148.0,28.900000000000002,35.06,34.15,92.0,15.600000000000001,76.0,99.7,345.5,3295.0,1.51,44.2,15.030000000000001,7.0,36.07,28.97,0.0,348.0,1200.0
71223.32,0.0,140.0,102.30000000000001,24.310000000000002,16.03,181.0,35.300000000000004,148.6,28.91,35.13,34.2,93.0,15.600000000000001,76.4,100.0,350.0,3299.0,1.47,44.25,14.99,7.08,35.95,28.92,1.0,348.0,1200.0
71283.32,0.0,140.0,102.0,24.34,15.94,181.5,35.35,149.70000000000002,28.98,35.25,34.1,93.0,15.65,76.7,100.0,348.5,3290.0,1.3900000000000001,44.35,14.950000000000001,6.98,36.07,29.05,0.0,346.5,1200.0
71343.32,0.0,140.0,101.30000000000001,24.34,16.0,183.0,35.35,148.3,28.89,35.11,34.050000000000004,92.5,15.55,76.9,100.0,341.5,3299.0,1.45,44.35,14.99,7.0200000000000005,35.9,29.01,0.0,348.0,1200.0
71403.32,0.0,140.0,102.10000000000001,24.38,16.03,183.5,35.4,148.70000000000002,28.89,35.04,34.0,92.0,15.600000000000001,77.2,100.0,349.0,3295.0,1.32,44.400000000000006,14.93,6.97,35.95,29.03,2.0,345.0,1200.0
71463.32,0.0,140.0,100.60000000000001,24.36,15.98,181.5,35.45,147.8,29.01,35.09,34.15,92.5,15.700000000000001,76.7,99.7,350.0,3293.0,1.37,44.35,14.950000000000001,7.01,36.04,28.91,0.0,348.0,1200.0
71523.32,0.0,140.0,102.5,24.35,16.0,182.0,35.4,148.0,29.0,35.09,34.2,89.5,15.55,76.5,99.5,345.5,3293.0,1.54,44.300000000000004,15.01,6.92,35.99,28.96,0.0,338.5,1200.0
71583.32,0.0,140.0,102.60000000000001,24.28,16.02,184.0,35.300000000000004,149.70000000000002,28.92,35.13,33.9,93.5,15.5,76.80000000000001,100.0,347.5,3297.0,1.54,44.300000000000004,15.02,6.91,36.0,29.03,0.0,346.5,1200.0
71643.319,0.0,140.0,101.60000000000001,24.41,15.950000000000001,184.0,35.45,149.3,28.900000000000002,35.04,34.1,90.5,15.65,77.30000000000001,99.80000000000001,351.0,3293.0,1.26,44.400000000000006,15.05,7.04,36.02,29.05,0.0,351.0,1200.0
71703.319,0.0,140.0,102.80000000000001,24.310000000000002,16.03,182.0,35.4,148.20000000000002,28.900000000000002,35.160000000000004,34.0,90.0,15.65,76.5,99.60000000000001,347.5,3293.0,1.36,44.35,15.0,7.01,36.1,28.98,0.0,347.5,1200.0
71763.319,0.0,140.0,103.4,24.35,15.93,185.5,35.45,150.0,28.900000000000002,35.11,34.050000000000004,91.5,15.5,76.3,99.7,349.0,3295.0,1.5,44.5,15.05,7.0,35.93,28.98,0.0,346.5,1200.0
71823.319,0.0,140.0,100.60000000000001,24.310000000000002,16.01,184.5,35.15,148.20000000000002,28.92,35.1,34.050000000000004,90.5,15.55,76.3,100.0,347.5,3297.0,1.49,44.400000000000006,14.94,7.0600000000000005,36.02,29.04,1.0,349.0,1200.0
71883.319,0.0,140.0,101.9,24.38,16.03,182.0,35.4,148.3,28.94,35.050000000000004,34.050000000000004,91.5,15.5,76.3,100.0,351.0,3295.0,1.26,44.300000000000004,15.02,7.03,36.03,29.080000000000002,1.0,348.0,1200.0
71943.319,0.0,140.0,101.10000000000001,24.29,15.98,179.0,35.300000000000004,149.20000000000002,28.88,35.09,34.1,92.0,15.65,76.3,99.7,346.0,3293.0,1.48,44.35,15.05,7.0200000000000005,36.07,29.0,0.0,342.0,1200.0
72003.319,0.0,140.0,101.7,24.35,16.03,182.5,35.300000000000004,150.1,29.060000000000002,35.11,34.35,91.5,15.55,76.80000000000001,99.4,347.0,3291.0,1.33,44.300000000000004,14.96,7.0,36.050000000000004,28.98,0.0,346.5,1200.0
72063.319,0.0,140.0,101.60000000000001,24.35,16.01,183.0,35.45,150.0,28.91,35.09,34.1,95.5,15.65,76.60000000000001,100.0,344.0,3294.0,1.51,44.400000000000006,15.040000000000001,7.03,35.96,29.01,0.0,342.5,1200.0
72123.319,0.0,140.0,101.2,24.36,15.9,180.5,35.25,148.70000000000002,28.92,35.15,34.0,94.5,15.600000000000001,76.3,100.0,349.0,3296.0,1.33,44.400000000000006,15.02,7.0,35.99,28.990000000000002,0.0,345.0,1200.0
72183.319,0.0,140.0,101.2,24.29,15.98,182.0,35.1,149.9,28.89,35.12,34.15,92.0,15.5,76.5,100.0,347.0,3295.0,1.27,44.45,15.02,6.95,35.99,28.990000000000002,2.0,348.5,1200.0
72243.319,0.0,140.0,101.60000000000001,24.35,16.06,184.0,35.35,146.9,29.03,35.12,34.1,92.0,15.600000000000001,76.3,99.9,340.5,3293.0,1.3900000000000001,44.45,15.02,6.98,35.86,29.02,1.0,346.5,1200.0
72303.319,0.0,140.0,102.0,24.26,16.0,184.0,35.2,150.5,28.92,35.07,34.2,92.0,15.55,76.0,100.0,350.0,3293.0,1.42,44.35,15.0,7.0600000000000005,36.02,29.07,1.0,347.0,1200.0
72363.319,0.0,140.0,102.30000000000001,24.35,16.03,182.5,35.15,150.1,29.0,35.050000000000004,34.2,90.5,15.55,76.5,100.0,346.5,3291.0,1.57,44.45,15.02,7.07,35.97,28.98,0.0,346.0,1200.0
72423.318,0.0,140.0,101.7,24.310000000000002,16.03,181.0,35.300000000000004,149.6,28.96,35.18,34.0,90.5,15.600000000000001,76.80000000000001,99.5,348.0,3295.0,1.44,44.35,14.96,7.03,36.03,29.03,2.0,345.5,1200.0
72483.318,0.0,140.0,103.60000000000001,24.330000000000002,15.91,183.0,35.45,148.8,28.89,35.13,34.050000000000004,93.0,15.65,76.5,100.0,346.5,3295.0,1.41,44.25,15.040000000000001,6.98,36.02,29.01,0.0,348.0,1200.0
72543.318,0.0,140.0,103.60000000000001,24.32,15.97,182.5,35.4,149.4,29.0,35.230000000000004,34.1,94.5,15.8,76.4,100.0,345.5,3298.0,1.45,44.300000000000004,15.06,7.01,36.02,28.86,0.0,351.5,1200.0
72603.318,0.0,140.0,103.4,24.35,15.96,183.5,35.35,149.8,29.01,35.17,34.15,93.0,15.55,76.2,99.7,349.5,3294.0,1.37,44.35,14.99,7.09,35.92,29.01,0.0,347.0,1200.0
72663.318,0.0,140.0,102.9,24.38,15.94,182.5,35.25,147.6,29.02,35.19,34.2,91.0,15.65,76.4,99.7,344.5,3293.0,1.35,44.35,15.030000000000001,6.97,36.01,29.01,0.0,342.5,1200.0
72723.318,0.0,140.0,102.9,24.3,15.98,184.0,35.4,148.4,29.09,35.18,34.25,93.0,15.5,76.2,99.9,350.0,3300.0,1.3,44.300000000000004,15.02,6.97,36.03,28.98,0.0,347.5,1200.0
72783.318,0.0,140.0,102.80000000000001,24.330000000000002,15.950000000000001,182.0,35.300000000000004,147.20000000000002,29.03,35.1,34.25,91.5,15.65,76.9,99.7,348.0,3295.0,1.37,44.25,14.98,7.0200000000000005,36.04,29.02,0.0,348.0,1200.0
72843.318,0.0,140.0,102.0,24.38,15.97,182.0,35.45,148.8,29.02,35.15,34.2,90.5,15.65,76.2,100.0,340.5,3298.0,1.3800000000000001,44.25,14.99,7.0,36.050000000000004,28.98,0.0,345.5,1200.0
72903.318,0.0,140.0,101.0,24.330000000000002,16.01,184.0,35.4,149.4,28.98,35.160000000000004,34.25,92.5,15.55,76.80000000000001,100.0,352.0,3303.0,1.32,44.400000000000006,15.01,7.0200000000000005,36.0,29.04,1.0,347.5,1200.0
72963.318,0.0,140.0,103.80000000000001,24.330000000000002,16.03,183.0,35.4,148.70000000000002,28.98,35.230000000000004,34.1,93.0,15.5,76.5,99.80000000000001,349.0,3300.0,1.36,44.2,15.01,7.07,36.160000000000004,28.98,0.0,345.0,1200.0
73023.318,0.0,140.0,100.60000000000001,24.32,16.03,183.5,35.25,147.70000000000002,28.98,35.19,34.300000000000004,91.5,15.450000000000001,76.5,99.9,347.0,3298.0,1.24,44.300000000000004,15.040000000000001,7.01,35.96,29.0,0.0,348.0,1200.0
73083.318,0.0,140.0,100.7,24.37,16.0,179.5,35.35,148.9,29.07,35.17,34.2,93.0,15.75,76.7,100.0,348.0,3298.0,1.42,44.2,15.08,7.04,35.99,28.92,1.0,348.5,1200.0
73143.318,0.0,140.0,101.2,24.36,15.96,182.5,35.45,149.20000000000002,28.98,35.08,34.15,93.0,15.5,76.3,99.9,352.5,3298.0,1.43,44.550000000000004,14.98,7.0,35.93,28.98,0.0,350.5,1200.0
73203.317,0.0,140.0,102.0,24.34,15.96,184.0,35.5,149.6,29.05,35.2,34.15,90.0,15.700000000000001,76.60000000000001,99.4,344.0,3309.0,1.41,44.35,14.94,7.03,36.0,29.04,0.0,351.0,1200.0
73263.317,0.0,140.0,101.0,24.310000000000002,16.03,183.5,35.35,148.6,28.91,35.160000000000004,34.0,89.0,15.55,76.2,100.0,352.0,3306.0,1.51,44.400000000000006,15.02,6.99,35.980000000000004,29.02,0.0,350.0,1200.0
73323.317,0.0,140.0,102.60000000000001,24.310000000000002,15.94,183.0,35.35,148.8,28.91,35.18,34.15,93.5,15.65,77.10000000000001,100.0,346.5,3304.0,1.37,44.300000000000004,14.96,7.01,36.02,29.04,1.0,348.0,1200.0
73383.317,0.0,140.0,102.4,24.36,15.92,181.0,35.45,148.1,28.98,35.17,34.15,90.0,15.65,76.5,100.0,347.0,3303.0,1.43,44.400000000000006,15.08,7.0,35.980000000000004,29.0,0.0,346.0,1200.0
73443.317,0.0,140.0,100.4,24.36,15.98,180.0,35.25,147.70000000000002,28.93,35.17,34.2,93.0,15.5,76.80000000000001,100.0,354.5,3300.0,1.43,44.6,15.07,7.04,36.02,28.94,0.0,344.0,1200.0
73503.317,0.0,140.0,101.80000000000001,24.32,15.98,183.5,35.45,148.20000000000002,28.97,35.160000000000004,34.2,92.5,15.600000000000001,76.80000000000001,99.2,349.5,3302.0,1.51,44.45,15.01,7.03,35.94,28.95,1.0,346.5,1200.0
73563.317,0.0,140.0,101.2,24.37,15.97,182.0,35.35,147.3,28.84,35.13,34.1,94.0,15.75,76.7,100.0,348.5,3306.0,1.43,44.400000000000006,15.05,6.99,35.980000000000004,28.96,1.0,348.0,1200.0
73623.317,0.0,140.0,102.0,24.35,15.950000000000001,181.5,35.35,147.9,28.900000000000002,35.15,34.0,89.0,15.65,76.4,99.9,348.0,3298.0,1.41,44.5,15.08,6.95,36.02,29.02,1.0,347.5,1200.0
73683.317,0.0,140.0,102.2,24.330000000000002,15.97,183.0,35.2,148.70000000000002,28.92,35.050000000000004,34.2,91.5,15.55,76.5,100.0,348.5,3301.0,1.41,44.300000000000004,14.99,7.0,36.03,29.02,0.0,348.5,1200.0
73743.317,0.0,140.0,101.5,24.36,15.950000000000001,183.0,35.35,147.8,28.96,35.11,34.0,90.0,15.4,76.80000000000001,99.80000000000001,347.5,3299.0,1.41,44.6,15.0,6.98,36.050000000000004,28.96,2.0,346.5,1200.0
73803.317,0.0,140.0,101.5,24.330000000000002,15.97,179.0,35.15,150.6,29.01,35.04,34.1,92.0,15.65,76.7,100.0,346.5,3297.0,1.27,44.35,15.030000000000001,7.0,36.0,28.95,0.0,348.5,1200.0
73863.317,0.0,140.0,101.80000000000001,24.35,15.97,180.5,35.25,148.3,28.93,35.09,34.2,91.0,15.600000000000001,76.5,100.0,347.5,3300.0,1.34,44.45,14.97,6.92,35.99,28.98,1.0,347.0,1200.0
73923.317,0.0,140.0,103.5,24.3,16.02,183.0,35.35,148.3,28.85,35.13,34.2,92.0,15.600000000000001,76.5,99.9,346.5,3294.0,1.46,44.300000000000004,14.96,6.97,35.99,29.05,0.0,348.5,1200.0
73983.317,0.0,140.0,103.60000000000001,24.310000000000002,15.98,181.5,35.15,149.70000000000002,28.89,35.03,34.0,93.0,15.5,76.3,100.0,346.0,3295.0,1.41,44.35,15.040000000000001,7.0200000000000005,36.0,28.96,0.0,345.0,1200.0
74043.316,0.0,140.0,100.80000000000001,24.32,16.03,184.0,35.45,148.70000000000002,28.89,35.21,34.1,91.0,15.55,76.80000000000001,99.60000000000001,350.0,3288.0,1.23,44.25,15.02,6.98,36.0,28.97,0.0,353.0,1200.0
74103.316,0.0,140.0,101.9,24.34,16.0,181.0,35.2,150.5,28.990000000000002,35.04,34.050000000000004,95.0,15.450000000000001,76.5,99.60000000000001,349.5,3296.0,1.45,44.35,14.94,6.96,35.99,29.0,0.0,351.5,1200.0
74163.316,0.0,140.0,101.60000000000001,24.3,16.080000000000002,183.0,35.4,148.6,28.97,35.050000000000004,34.0,92.0,15.55,76.5,99.80000000000001,345.5,3293.0,1.46,44.300000000000004,14.99,7.05,36.0,29.07,0.0,341.0,1200.0
74223.316,0.0,140.0,101.2,24.35,16.01,184.0,35.45,149.1,29.04,35.1,34.1,93.0,15.5,76.2,100.0,348.5,3297.0,1.43,44.25,15.040000000000001,6.97,35.94,29.09,3.0,345.0,1200.0
74283.316,0.0,140.0,102.2,24.37,15.97,182.5,35.25,148.5,28.97,35.07,34.2,91.5,15.55,76.7,100.0,346.0,3292.0,1.47,44.25,15.030000000000001,7.04,35.980000000000004,28.97,0.0,353.0,1200.0
74343.316,0.0,140.0,104.0,24.35,15.96,183.5,35.300000000000004,150.6,29.0,35.13,34.15,90.0,15.55,76.0,100.0,346.0,3288.0,1.35,44.45,15.01,7.0200000000000005,35.97,28.97,3.0,344.0,1200.0
74403.316,0.0,140.0,102.5,24.330000000000002,15.99,181.5,35.35,149.1,28.91,35.13,34.25,90.5,15.55,76.7,100.0,342.0,3294.0,1.35,44.35,15.02,7.03,36.04,29.01,2.0,347.0,1200.0
74463.316,0.0,140.0,103.4,24.35,15.97,183.0,35.4,147.6,28.96,35.17,34.2,88.5,15.75,76.10000000000001,100.0,352.5,3289.0,1.44,44.35,14.97,7.07,35.89,29.07,0.0,345.0,1200.0
74523.316,0.0,140.0,103.0,24.36,16.02,181.5,35.4,149.6,29.060000000000002,35.09,34.15,92.0,15.55,75.7,100.0,348.0,3292.0,1.3,44.400000000000006,14.99,7.01,35.99,29.080000000000002,0.0,346.5,1200.0
74583.316,0.0,140.0,102.30000000000001,24.29,15.97,184.5,35.35,149.1,29.04,35.09,34.25,91.0,15.75,76.4,100.0,346.0,3297.0,1.32,44.2,15.01,6.99,36.09,29.01,0.0,347.5,1200.0
74643.316,0.0,140.0,101.5,24.34,15.99,185.0,35.4,148.6,29.1,35.2,34.2,92.5,15.700000000000001,76.9,100.0,350.0,3293.0,1.42,44.35,14.950000000000001,7.1000000000000005,36.04,28.990000000000002,0.0,348.0,1200.0
74703.316,0.0,140.0,100.9,24.3,15.97,182.0,35.300000000000004,148.8,28.94,35.17,34.15,92.0,15.65,76.3,99.80000000000001,345.5,3296.0,1.33,44.35,15.11,6.95,36.03,28.93,0.0,348.5,1200.0
74763.316,0.0,140.0,101.30000000000001,24.28,16.01,183.0,35.4,147.5,29.07,35.160000000000004,34.2,91.5,15.600000000000001,76.3,100.0,351.5,3290.0,1.45,44.35,14.99,6.99,36.02,29.02,0.0,351.5,1200.0
74823.316,0.0,140.0,103.60000000000001,24.38,15.97,182.5,35.25,149.4,28.95,35.1,34.25,94.5,15.65,76.3,100.0,349.0,3296.0,1.41,44.45,14.98,6.93,36.06,29.02,0.0,347.0,1200.0
74883.315,0.0,140.0,103.30000000000001,24.26,15.99,182.0,35.300000000000004,149.3,29.01,35.160000000000004,34.2,92.0,15.65,76.10000000000001,100.0,351.0,3294.0,1.48,44.25,15.040000000000001,7.05,36.03,29.04,0.0,343.5,1200.0
74943.315,0.0,140.0,101.9,24.32,16.01,184.5,35.35,149.5,29.02,35.26,34.300000000000004,91.0,15.65,76.0,100.0,347.0,3292.0,1.42,44.2,14.99,6.95,35.980000000000004,29.04,1.0,349.0,1200.0
75003.315,0.0,140.0,102.10000000000001,24.36,16.02,183.0,35.35,148.5,29.060000000000002,35.160000000000004,34.25,93.0,15.5,76.2,100.0,350.0,3295.0,1.54,44.45,15.0,7.0,36.08,29.11,0.0,348.5,1200.0
75063.315,0.0,140.0,103.60000000000001,24.32,15.950000000000001,183.5,35.45,148.20000000000002,29.1,35.300000000000004,34.1,89.5,15.65,76.5,99.7,341.0,3297.0,1.36,44.45,14.97,7.0200000000000005,35.97,28.96,0.0,346.5,1200.0
75123.315,0.0,140.0,102.7,24.29,16.01,181.0,35.45,147.70000000000002,29.11,35.24,34.25,91.0,15.55,75.9,99.7,347.0,3294.0,1.3900000000000001,44.25,14.92,6.95,36.04,29.13,0.0,345.0,1200.0
75183.315,0.0,140.0,101.5,24.3,15.91,182.0,35.4,148.20000000000002,28.97,35.22,34.25,91.5,15.55,76.4,99.80000000000001,350.5,3294.0,1.23,44.2,14.97,6.93,36.18,29.02,0.0,346.5,1200.0
75243.315,0.0,140.0,102.5,24.3,15.97,183.5,35.4,149.1,29.0,35.09,34.1,91.0,15.55,76.5,99.9,341.0,3288.0,1.42,44.35,14.99,7.07,36.01,28.98,0.0,344.5,1200.0
75303.315,0.0,140.0,101.60000000000001,24.3,15.97,182.5,35.45,148.20000000000002,29.03,35.18,34.15,90.5,15.65,76.60000000000001,100.0,347.0,3288.0,1.42,44.300000000000004,14.99,7.05,35.97,29.11,0.0,350.0,1200.0
75363.315,0.0,140.0,101.30000000000001,24.25,15.97,182.5,35.300000000000004,150.3,29.07,35.2,34.1,93.5,15.5,76.3,99.80000000000001,343.5,3288.0,1.35,44.35,14.97,7.08,36.01,28.95,0.0,350.0,1200.0
75423.315,0.0,140.0,102.4,24.27,15.98,182.0,35.300000000000004,150.0,29.02,35.15,34.25,94.5,15.55,76.2,99.7,342.0,3291.0,1.47,44.45,15.06,7.03,35.95,28.92,0.0,344.0,1200.0
75483.315,0.0,140.0,101.10000000000001,24.37,15.93,184.5,35.25,148.5,28.98,35.17,33.95,93.5,15.700000000000001,75.9,99.9,347.5,3292.0,1.42,44.300000000000004,15.030000000000001,6.94,36.02,29.09,0.0,347.0,1200.0
75543.315,0.0,140.0,103.5,24.29,15.97,183.5,35.300000000000004,148.8,29.05,35.28,34.15,92.5,15.600000000000001,75.5,99.9,340.5,3289.0,1.55,44.35,14.99,6.96,36.02,29.05,0.0,347.0,1200.0
75603.315,0.0,140.0,100.7,24.27,15.98,181.0,35.300000000000004,149.5,28.96,35.13,34.25,92.0,15.65,75.8,100.0,343.5,3281.0,1.47,44.25,14.97,6.98,36.02,29.060000000000002,1.0,347.0,1200.0
75663.315,0.0,140.0,102.4,24.28,16.0,181.5,35.4,148.20000000000002,29.060000000000002,35.12,34.2,92.5,15.700000000000001,75.8,99.80000000000001,346.5,3285.0,1.5,44.45,14.94,6.99,36.03,28.92,0.0,346.5,1200.0
75723.314,0.0,140.0,101.7,24.26,16.06,185.5,35.300000000000004,148.4,29.01,35.19,34.15,89.5,15.700000000000001,76.10000000000001,100.0,349.5,3286.0,1.3800000000000001,44.1,14.96,7.01,36.0,28.990000000000002,2.0,349.0,1200.0
75783.314,0.0,140.0,100.2,24.27,15.98,183.0,35.45,148.5,29.060000000000002,35.26,34.300000000000004,93.0,15.65,75.4,100.0,347.5,3287.0,1.59,44.2,14.96,6.98,36.02,29.03,3.0,347.5,1200.0
75843.314,0.0,140.0,100.5,24.3,16.05,183.5,35.300000000000004,148.1,29.080000000000002,35.22,34.2,90.0,15.600000000000001,75.5,99.9,343.0,3287.0,1.48,44.400000000000006,15.0,7.0,35.95,28.93,1.0,345.5,1200.0
75903.314,0.0,140.0,101.5,24.25,15.96,183.5,35.35,148.9,29.09,35.26,34.25,92.5,15.65,76.2,100.0,344.0,3290.0,1.44,44.35,15.030000000000001,7.05,35.96,28.900000000000002,0.0,349.0,1200.0
75963.314,0.0,140.0,103.0,24.34,15.97,183.5,35.45,150.3,29.19,35.25,34.2,93.5,15.55,76.10000000000001,100.0,350.0,3295.0,1.33,44.25,15.030000000000001,7.03,36.050000000000004,28.91,1.0,350.5,1200.0
76023.314,0.0,140.0,101.2,24.29,16.04,183.5,35.550000000000004,149.3,29.23,35.300000000000004,34.300000000000004,91.5,15.700000000000001,75.7,100.0,350.0,3292.0,1.35,44.400000000000006,15.02,6.96,35.99,28.84,0.0,352.0,1200.0
76083.314,0.0,140.0,102.5,24.26,16.04,184.0,35.45,149.5,29.13,35.27,34.300000000000004,92.0,15.5,75.7,100.0,347.5,3292.0,1.43,44.35,15.1,7.0,35.95,28.98,0.0,347.5,1200.0
76143.314,0.0,140.0,101.5,24.3,15.97,183.5,35.5,149.5,29.14,35.31,34.35,92.5,15.700000000000001,75.3,99.60000000000001,348.0,3299.0,1.29,44.45,14.99,6.99,36.04,28.91,0.0,350.0,1200.0
76203.314,0.0,140.0,103.10000000000001,24.240000000000002,16.03,182.0,35.5,149.20000000000002,29.26,35.34,34.4,91.0,15.700000000000001,75.60000000000001,99.80000000000001,350.0,3297.0,1.4000000000000001,44.5,14.96,6.96,35.980000000000004,29.0,0.0,354.5,1200.0
76263.314,0.0,140.0,102.5,24.29,15.96,182.5,35.65,151.3,29.28,35.33,34.45,92.5,15.700000000000001,76.2,100.0,352.0,3297.0,1.29,44.35,15.05,6.91,36.03,28.96,1.0,351.0,1200.0
76323.314,0.0,140.0,101.60000000000001,24.32,16.05,184.0,35.550000000000004,149.1,29.18,35.34,34.45,91.0,15.65,75.8,100.0,350.0,3300.0,1.37,44.550000000000004,14.96,7.05,35.92,29.09,0.0,352.0,1200.0
76383.314,0.0,140.0,100.80000000000001,24.26,16.0,183.5,35.4,148.20000000000002,29.11,35.410000000000004,34.35,91.0,15.65,76.10000000000001,100.0,347.5,3296.0,1.3900000000000001,44.550000000000004,14.98,7.0200000000000005,35.95,29.080000000000002,0.0,350.0,1200.0
76443.314,0.0,140.0,101.9,24.32,15.9,182.5,35.6,148.3,29.09,35.31,34.5,93.0,15.5,75.60000000000001,100.0,352.0,3304.0,1.53,44.5,15.05,6.95,35.94,28.93,0.0,349.5,1200.0
76503.314,0.0,140.0,101.9,24.29,15.97,186.5,35.5,147.9,29.28,35.39,34.25,92.0,15.700000000000001,75.4,99.80000000000001,354.0,3299.0,1.31,44.400000000000006,14.98,7.05,35.96,29.04,0.0,352.0,1200.0
76563.314,0.0,140.0,103.0,24.26,16.0,183.5,35.45,149.0,29.2,35.410000000000004,34.25,93.0,15.700000000000001,75.60000000000001,99.7,351.5,3297.0,1.37,44.650000000000006,15.0,6.97,35.980000000000004,29.02,0.0,352.5,1200.0
76623.313,0.0,140.0,103.5,24.29,16.05,185.5,35.550000000000004,150.20000000000002,29.28,35.33,34.45,91.5,15.55,75.4,99.5,352.5,3292.0,1.55,44.35,15.01,7.03,35.97,29.0,0.0,354.5,1200.0
76683.313,0.0,140.0,101.2,24.28,15.950000000000001,183.0,35.5,148.70000000000002,29.27,35.32,34.300000000000004,93.5,15.65,75.8,100.0,349.0,3299.0,1.4000000000000001,44.400000000000006,14.98,6.96,36.01,29.04,0.0,354.0,1200.0
76743.313,0.0,140.0,101.60000000000001,24.27,15.99,185.0,35.5,147.4,29.240000000000002,35.38,34.35,90.0,15.65,75.5,100.0,349.5,3299.0,1.3800000000000001,44.5,14.99,7.01,36.02,29.03,0.0,350.0,1200.0
76803.313,0.0,140.0,102.5,24.3,15.950000000000001,183.0,35.550000000000004,148.4,29.29,35.29,34.35,93.5,15.65,76.0,99.80000000000001,350.5,3299.0,1.37,44.300000000000004,15.0,7.03,35.97,29.05,1.0,352.0,1200.0
76863.313,0.0,140.0,102.9,24.3,16.05,184.5,35.5,148.9,29.18,35.38,34.4,92.5,15.65,75.8,99.80000000000001,352.5,3302.0,1.3900000000000001,44.6,15.0,6.99,36.06,29.12,0.0,349.0,1200.0
76923.313,0.0,140.0,101.4,24.28,15.98,183.0,35.4,150.6,29.240000000000002,35.42,34.35,91.0,15.600000000000001,75.3,100.0,348.5,3301.0,1.45,44.5,14.97,6.99,35.980000000000004,28.95,0.0,351.5,1200.0
76983.313,0.0,140.0,102.10000000000001,24.240000000000002,15.97,183.5,35.45,149.6,29.18,35.4,34.35,92.5,15.65,75.2,99.80000000000001,349.0,3301.0,1.3800000000000001,44.550000000000004,14.98,7.0,36.01,29.0,0.0,345.5,1200.0
77043.313,0.0,140.0,102.5,24.26,15.98,183.5,35.45,149.5,29.18,35.32,34.25,93.0,15.700000000000001,75.60000000000001,100.0,352.5,3302.0,1.42,44.6,14.97,7.04,35.94,29.04,0.0,347.0,1200.0
77103.313,0.0,140.0,101.2,24.32,15.98,183.0,35.6,149.3,29.26,35.31,34.25,92.0,15.600000000000001,76.0,100.0,349.0,3302.0,1.3900000000000001,44.650000000000006,14.97,6.96,36.06,28.97,0.0,349.0,1200.0
77163.313,0.0,140.0,101.0,24.29,15.94,183.0,35.75,148.6,29.19,35.28,34.25,89.5,15.65,75.5,100.0,351.5,3304.0,1.35,44.45,15.030000000000001,7.0,36.050000000000004,28.92,2.0,350.0,1200.0
77223.313,0.0,140.0,102.4,24.32,16.02,183.0,35.5,148.4,29.28,35.38,34.300000000000004,93.0,15.700000000000001,76.3,100.0,353.0,3299.0,1.29,44.5,14.950000000000001,6.98,35.94,28.990000000000002,1.0,352.0,1200.0
77283.313,0.0,140.0,102.4,24.39,15.97,186.0,35.5,148.20000000000002,29.19,35.34,34.35,94.0,15.600000000000001,75.8,99.7,350.0,3301.0,1.44,44.45,15.07,6.94,36.0,29.04,2.0,349.5,1200.0
77343.313,0.0,140.0,102.60000000000001,24.37,16.01,182.5,35.550000000000004,150.0,29.2,35.28,34.25,92.5,15.55,75.8,100.0,352.0,3303.0,1.26,44.550000000000004,15.0,6.98,35.92,29.060000000000002,2.0,349.0,1200.0
77403.313,0.0,140.0,100.7,24.39,16.09,183.0,35.5,149.3,29.2,35.39,34.550000000000004,92.5,15.4,76.0,100.0,351.0,3306.0,1.4000000000000001,44.400000000000006,14.98,6.96,36.01,28.98,0.0,354.0,1200.0
77463.312,0.0,140.0,101.9,24.37,16.080000000000002,185.5,35.5,148.6,29.17,35.36,34.4,91.5,15.600000000000001,75.9,100.0,354.5,3303.0,1.34,44.5,15.02,7.01,35.980000000000004,29.03,0.0,351.5,1200.0
77523.312,0.0,140.0,102.0,24.32,16.01,183.5,35.65,149.9,29.25,35.33,34.300000000000004,90.0,15.600000000000001,76.2,100.0,353.5,3302.0,1.42,44.550000000000004,14.950000000000001,6.97,35.95,28.97,1.0,351.5,1200.0
77583.312,0.0,140.0,103.7,24.34,16.01,186.5,35.6,148.9,29.19,35.35,34.4,92.5,15.65,76.2,100.0,352.5,3313.0,1.45,44.650000000000006,15.030000000000001,7.0600000000000005,35.93,29.04,1.0,355.0,1200.0
77643.312,0.0,140.0,102.4,24.330000000000002,15.97,185.5,35.550000000000004,147.70000000000002,29.240000000000002,35.38,34.35,92.0,15.55,76.0,100.0,347.5,3310.0,1.54,44.45,14.96,7.04,35.96,29.03,0.0,356.0,1200.0
77703.312,0.0,140.0,103.10000000000001,24.400000000000002,16.03,182.5,35.45,149.4,29.27,35.47,34.45,90.0,15.700000000000001,75.8,99.7,352.0,3312.0,1.52,44.6,14.99,6.98,36.03,29.03,0.0,354.5,1200.0
77763.312,0.0,140.0,102.0,24.28,16.03,184.0,35.6,149.0,29.28,35.56,34.45,92.0,15.600000000000001,75.9,99.60000000000001,357.0,3307.0,1.3,44.6,14.99,7.0,36.0,29.080000000000002,1.0,352.0,1200.0
77823.312,0.0,140.0,101.7,24.29,15.98,186.5,35.6,149.3,29.28,35.480000000000004,34.45,94.5,15.700000000000001,76.10000000000001,100.0,352.5,3310.0,1.21,44.650000000000006,15.0,6.98,35.89,29.01,2.0,353.0,1200.0
77883.312,0.0,140.0,102.30000000000001,24.400000000000002,15.97,185.5,35.75,148.20000000000002,29.35,35.46,34.45,92.0,15.600000000000001,76.0,99.5,356.0,3310.0,1.41,44.75,14.99,6.98,36.02,29.03,0.0,358.5,1200.0
77943.312,0.0,140.0,104.80000000000001,24.3,16.04,184.0,35.7,150.5,29.29,35.550000000000004,34.45,91.0,15.8,76.0,100.0,354.0,3316.0,1.42,44.7,14.98,6.96,36.03,29.05,0.0,355.5,1200.0
78003.312,0.0,140.0,103.7,24.3,16.05,182.5,35.7,148.9,29.36,35.42,34.35,92.0,15.600000000000001,75.8,100.0,353.5,3315.0,1.25,44.7,15.05,7.0600000000000005,36.02,28.97,0.0,355.0,1200.0
78063.312,0.0,140.0,100.0,24.400000000000002,16.05,185.0,35.800000000000004,150.4,29.35,35.58,34.45,93.0,15.75,75.60000000000001,100.0,352.0,3312.0,1.34,44.800000000000004,14.93,6.97,35.94,29.060000000000002,1.0,350.0,1200.0
78123.312,0.0,140.0,102.80000000000001,24.310000000000002,16.03,183.5,35.85,148.9,29.36,35.57,34.65,92.0,15.55,76.3,99.5,355.0,3315.0,1.44,44.7,15.030000000000001,7.0600000000000005,36.04,28.88,0.0,357.0,1200.0
78183.312,0.0,140.0,102.80000000000001,24.32,15.97,185.5,35.7,148.4,29.47,35.59,34.5,92.0,15.55,75.3,99.80000000000001,358.5,3320.0,1.47,44.75,15.02,7.0600000000000005,36.050000000000004,28.990000000000002,0.0,357.0,1200.0
78243.312,0.0,140.0,101.9,24.310000000000002,16.05,185.5,35.85,149.70000000000002,29.34,35.54,34.6,93.5,15.5,75.8,99.4,354.5,3318.0,1.45,44.85,15.05,7.03,36.08,29.11,1.0,360.5,1200.0
78303.312,0.0,140.0,103.30000000000001,24.34,16.04,188.0,35.800000000000004,148.3,29.43,35.62,34.7,92.5,15.600000000000001,75.5,100.0,359.0,3320.0,1.3900000000000001,44.95,14.98,7.0,36.04,29.09,2.0,355.5,1200.0
78363.311,0.0,140.0,101.2,24.310000000000002,16.01,185.5,35.85,147.3,29.490000000000002,35.660000000000004,34.6,92.0,15.65,75.3,100.0,354.0,3323.0,1.45,44.900000000000006,15.030000000000001,6.95,36.01,28.95,0.0,354.5,1200.0
78423.311,0.0,140.0,102.2,24.400000000000002,15.99,185.0,35.9,148.0,29.51,35.660000000000004,34.6,94.5,15.65,75.60000000000001,100.0,358.0,3326.0,1.45,45.0,14.96,7.0,35.95,29.03,0.0,353.5,1200.0
78483.311,0.0,140.0,99.9,24.39,16.02,187.5,35.9,149.3,29.5,35.76,34.7,92.5,15.8,74.9,100.0,355.0,3324.0,1.3800000000000001,45.1,15.030000000000001,6.96,35.97,28.98,0.0,360.5,1200.0
78543.311,0.0,140.0,102.10000000000001,24.29,15.94,187.0,36.0,149.70000000000002,29.59,35.69,34.75,92.5,15.65,75.9,100.0,357.5,3322.0,1.45,44.95,15.02,7.0,36.01,28.94,0.0,361.0,1200.0
78603.311,0.0,140.0,102.80000000000001,24.27,15.97,186.5,36.050000000000004,148.6,29.51,35.77,34.550000000000004,90.5,15.600000000000001,75.3,100.0,355.0,3328.0,1.18,44.85,14.98,6.98,36.04,28.990000000000002,1.0,357.5,1200.0
78663.311,0.0,140.0,103.10000000000001,24.39,15.94,186.5,36.0,148.9,29.62,35.730000000000004,34.7,91.5,15.55,75.5,100.0,361.5,3327.0,1.45,45.050000000000004,15.02,7.01,35.95,29.01,0.0,364.0,1200.0
78723.311,0.0,140.0,102.10000000000001,24.35,16.01,185.5,35.9,149.70000000000002,29.63,35.730000000000004,34.75,93.0,15.5,75.2,100.0,355.0,3325.0,1.43,45.0,15.08,6.99,36.03,28.990000000000002,0.0,355.5,1200.0
78783.311,0.0,140.0,101.4,24.32,15.98,185.5,35.85,148.3,29.52,35.77,34.7,94.5,15.75,75.0,99.7,355.0,3332.0,1.28,45.150000000000006,15.02,7.05,36.04,29.03,0.0,361.0,1200.0
78843.311,0.0,140.0,101.2,24.37,15.950000000000001,188.0,35.95,150.0,29.55,35.74,34.75,95.0,15.700000000000001,75.4,99.9,356.5,3323.0,1.3900000000000001,45.050000000000004,15.02,6.96,36.0,29.05,0.0,362.0,1200.0
78903.311,0.0,140.0,102.0,24.310000000000002,15.96,189.5,35.95,149.9,29.51,35.78,34.65,93.5,15.600000000000001,75.5,100.0,359.5,3328.0,1.42,45.050000000000004,15.0,7.09,36.02,29.01,0.0,353.0,1200.0
78963.311,0.0,140.0,102.2,24.32,15.94,187.5,36.1,148.8,29.560000000000002,35.72,34.85,93.0,15.65,74.7,100.0,359.5,3323.0,1.36,45.050000000000004,15.030000000000001,7.04,35.99,29.080000000000002,0.0,357.5,1200.0
79023.311,0.0,140.0,101.80000000000001,24.35,16.02,186.0,35.9,149.5,29.53,35.63,34.65,93.0,15.5,75.2,100.0,360.0,3323.0,1.45,45.150000000000006,14.99,7.01,36.03,29.02,1.0,356.0,1200.0
79083.311,0.0,140.0,101.9,24.35,15.99,185.0,36.050000000000004,149.3,29.5,35.82,34.65,93.0,15.65,74.9,100.0,358.5,3327.0,1.49,45.2,15.02,7.0,35.9,29.07,2.0,358.5,1200.0
79143.311,0.0,140.0,102.5,24.34,16.03,187.0,35.9,147.5,29.54,35.71,34.550000000000004,91.0,15.700000000000001,75.9,100.0,360.5,3326.0,1.25,45.150000000000006,14.98,7.0,36.07,28.98,0.0,359.5,1200.0
79203.311,0.0,140.0,103.30000000000001,24.400000000000002,16.05,185.5,35.75,147.5,29.51,35.67,34.85,93.0,15.600000000000001,74.8,100.0,358.0,3326.0,1.29,45.050000000000004,14.99,7.03,36.04,28.990000000000002,0.0,359.5,1200.0
79263.31,0.0,140.0,102.9,24.38,16.01,187.5,35.95,148.8,29.490000000000002,35.74,34.75,92.0,15.55,75.7,99.9,359.5,3332.0,1.5,45.0,14.99,6.98,36.09,29.02,1.0,361.5,1200.0
79323.31,0.0,140.0,101.10000000000001,24.34,15.96,186.5,35.75,148.8,29.47,35.7,34.7,90.5,15.450000000000001,75.3,100.0,361.0,3324.0,1.3,45.1,14.98,7.0600000000000005,35.99,28.95,0.0,360.0,1200.0
79383.31,0.0,140.0,103.60000000000001,24.35,15.950000000000001,187.0,35.95,148.20000000000002,29.53,35.71,34.550000000000004,93.5,15.65,75.3,99.4,359.5,3328.0,1.31,45.1,15.0,7.0,36.04,29.07,1.0,358.0,1200.0
79443.31,0.0,140.0,104.10000000000001,24.3,15.98,185.5,35.9,150.1,29.61,35.67,34.7,92.0,15.55,75.8,100.0,359.0,3321.0,1.5,45.300000000000004,14.96,6.99,35.99,29.060000000000002,3.0,357.5,1200.0
79503.31,0.0,140.0,104.2,24.32,16.04,187.0,35.9,148.5,29.400000000000002,35.74,34.6,91.5,15.600000000000001,75.2,100.0,363.0,3324.0,1.67,45.2,14.97,7.0200000000000005,36.06,28.98,0.0,358.5,1200.0
79563.31,0.0,140.0,101.9,24.41,15.97,187.0,35.85,148.70000000000002,29.42,35.69,34.6,93.0,15.700000000000001,75.3,100.0,364.0,3321.0,1.4000000000000001,45.2,14.99,7.05,36.01,29.060000000000002,0.0,358.5,1200.0
79623.31,0.0,140.0,101.60000000000001,24.38,15.96,185.0,35.6,148.70000000000002,29.46,35.730000000000004,34.550000000000004,92.0,15.55,75.3,100.0,360.0,3322.0,1.51,45.2,14.96,6.99,35.980000000000004,29.02,1.0,357.5,1200.0
79683.31,0.0,140.0,101.60000000000001,24.35,15.950000000000001,186.5,35.75,147.70000000000002,29.45,35.660000000000004,34.550000000000004,91.5,15.65,75.60000000000001,100.0,364.0,3327.0,1.5,45.25,14.96,6.95,36.1,28.96,0.0,354.5,1200.0
79743.31,0.0,140.0,103.7,24.330000000000002,16.03,184.0,35.800000000000004,149.3,29.48,35.61,34.5,91.5,15.55,75.7,99.80000000000001,361.0,3328.0,1.55,45.0,15.01,6.94,35.95,29.03,0.0,360.0,1200.0
79803.31,0.0,140.0,102.10000000000001,24.32,15.97,183.5,35.85,148.6,29.43,35.47,34.550000000000004,92.5,15.600000000000001,75.8,100.0,360.5,3320.0,1.6400000000000001,45.050000000000004,14.92,7.04,36.04,29.05,3.0,358.0,1200.0
79863.31,0.0,140.0,101.9,24.35,15.96,186.0,35.65,149.9,29.39,35.62,34.6,94.5,15.65,76.0,99.9,355.0,3322.0,1.45,45.050000000000004,15.02,6.94,36.12,29.02,0.0,358.0,1200.0
79923.31,0.0,140.0,103.4,24.310000000000002,16.04,185.0,35.85,149.5,29.41,35.7,34.4,90.0,15.600000000000001,75.7,99.80000000000001,357.5,3324.0,1.52,45.1,15.06,6.97,36.0,28.990000000000002,0.0,355.0,1200.0
79983.31,0.0,140.0,102.5,24.39,15.97,186.0,35.800000000000004,150.1,29.45,35.660000000000004,34.6,91.5,15.700000000000001,75.60000000000001,99.80000000000001,363.5,3325.0,1.27,45.1,15.040000000000001,6.95,36.07,28.87,0.0,355.0,1200.0
80043.31,0.0,140.0,101.30000000000001,24.3,15.96,187.0,35.85,147.5,29.41,35.65,34.5,90.0,15.55,75.4,100.0,356.5,3327.0,1.3800000000000001,45.1,15.01,6.97,35.93,29.04,0.0,358.0,1200.0
80103.31,0.0,140.0,102.0,24.38,15.94,183.5,35.85,149.9,29.46,35.67,34.5,92.0,15.75,75.60000000000001,100.0,360.5,3328.0,1.25,45.0,15.02,7.04,36.11,29.07,0.0,359.0,1200.0
80163.31,0.0,140.0,101.0,24.35,16.0,186.5,35.95,148.1,29.41,35.62,34.5,92.5,15.700000000000001,75.8,99.5,359.0,3321.0,1.26,45.2,15.030000000000001,7.0,36.03,28.97,0.0,360.0,1200.0
80223.309,0.0,140.0,102.4,24.41,15.99,186.0,35.85,149.0,29.35,35.61,34.5,93.0,15.55,76.3,99.60000000000001,357.5,3328.0,1.35,45.1,15.02,7.01,36.01,29.01,0.0,354.0,1200.0
80283.309,0.0,140.0,102.9,24.44,16.01,186.5,35.85,148.6,29.36,35.62,34.65,90.5,15.65,76.10000000000001,99.80000000000001,361.0,3322.0,1.45,45.150000000000006,14.99,7.04,36.02,29.0,0.0,358.5,1200.0
80343.309,0.0,140.0,102.0,24.32,15.89,184.5,35.85,148.3,29.39,35.51,34.45,92.5,15.55,76.2,99.9,356.5,3324.0,1.46,45.0,14.950000000000001,7.0200000000000005,35.99,28.96,0.0,361.0,1200.0
80403.309,0.0,140.0,102.60000000000001,24.330000000000002,15.950000000000001,186.5,35.75,150.70000000000002,29.36,35.660000000000004,34.550000000000004,91.5,15.700000000000001,75.9,100.0,355.5,3325.0,1.47,45.2,15.01,6.97,35.94,29.01,3.0,355.5,1200.0
80463.309,0.0,140.0,101.60000000000001,24.38,15.99,184.5,35.95,148.1,29.39,35.61,34.7,92.0,15.600000000000001,76.0,100.0,355.5,3320.0,1.4000000000000001,45.1,14.89,6.99,35.95,29.09,0.0,357.5,1200.0
80523.309,0.0,140.0,100.2,24.5,16.0,186.5,35.800000000000004,148.70000000000002,29.3,35.56,34.7,90.0,15.65,75.7,99.5,358.0,3323.0,1.34,45.150000000000006,14.91,7.0,36.01,29.0,2.0,358.5,1200.0
80583.309,0.0,140.0,101.80000000000001,24.41,16.01,186.0,35.75,149.8,29.39,35.6,34.550000000000004,92.5,15.600000000000001,75.8,99.9,358.0,3326.0,1.45,45.1,14.98,6.96,36.06,29.03,1.0,358.0,1200.0
80643.309,0.0,140.0,102.60000000000001,24.37,16.0,183.5,35.800000000000004,148.3,29.44,35.56,34.5,91.5,15.700000000000001,75.8,100.0,355.0,3324.0,1.27,45.0,15.07,7.0,36.02,29.03,2.0,361.5,1200.0
80703.309,0.0,140.0,101.0,24.35,15.99,184.5,35.75,147.9,29.43,35.57,34.550000000000004,93.5,15.5,76.0,100.0,363.5,3327.0,1.53,45.2,15.030000000000001,6.97,36.01,29.060000000000002,0.0,356.0,1200.0
80763.309,0.0,140.0,101.80000000000001,24.36,16.02,186.5,35.75,151.0,29.43,35.71,34.550000000000004,90.0,15.65,75.60000000000001,99.7,358.0,3330.0,1.46,45.2,15.01,7.08,36.0,28.91,0.0,357.5,1200.0
80823.309,0.0,140.0,101.60000000000001,24.42,15.96,185.0,35.800000000000004,149.0,29.490000000000002,35.64,34.5,92.5,15.75,75.4,100.0,361.5,3332.0,1.4000000000000001,45.050000000000004,14.97,7.0200000000000005,36.0,29.0,0.0,359.5,1200.0
80883.309,0.0,140.0,101.60000000000001,24.37,15.96,186.5,35.9,148.4,29.47,35.67,34.6,93.0,15.700000000000001,75.4,99.80000000000001,360.0,3330.0,1.51,45.0,15.01,6.97,36.03,29.07,0.0,353.0,1200.0
80943.309,0.0,140.0,103.60000000000001,24.37,15.99,183.5,35.95,148.8,29.400000000000002,35.64,34.7,94.0,15.700000000000001,75.8,100.0,359.5,3330.0,1.3900000000000001,45.1,15.02,6.96,36.01,29.04,0.0,356.5,1200.0
81003.309,0.0,140.0,100.9,24.41,15.98,185.5,35.85,147.6,29.44,35.6,34.6,91.5,15.55,75.60000000000001,99.9,361.0,3333.0,1.37,45.050000000000004,15.0,7.04,36.03,28.990000000000002,0.0,356.0,1200.0
81063.309,0.0,140.0,102.10000000000001,24.41,16.04,188.5,35.75,150.3,29.490000000000002,35.7,34.5,92.0,15.600000000000001,76.0,100.0,355.0,3327.0,1.42,45.2,15.030000000000001,7.0200000000000005,36.06,29.02,1.0,360.5,1200.0
81123.309,0.0,140.0,100.5,24.32,16.11,187.5,36.0,148.3,29.43,35.68,34.550000000000004,91.5,15.700000000000001,75.8,99.9,359.0,3327.0,1.34,45.150000000000006,14.98,7.0,35.97,29.03,0.0,362.0,1200.0
81183.308,0.0,140.0,100.60000000000001,24.330000000000002,15.950000000000001,185.0,35.7,148.0,29.400000000000002,35.51,34.65,92.0,15.55,75.8,100.0,355.0,3326.0,1.34,45.150000000000006,14.98,6.93,35.95,28.97,2.0,362.5,1200.0
81243.308,0.0,140.0,101.9,24.32,15.88,186.5,35.85,149.1,29.41,35.54,34.7,92.5,15.600000000000001,75.9,100.0,354.5,3323.0,1.6,45.150000000000006,15.040000000000001,7.05,35.980000000000004,29.080000000000002,0.0,364.5,1200.0
81303.308,0.0,140.0,100.30000000000001,24.39,16.01,186.5,35.85,149.1,29.32,35.51,34.550000000000004,92.0,15.8,75.2,100.0,358.0,3324.0,1.43,45.2,15.02,6.87,36.04,28.990000000000002,1.0,353.0,1200.0
81363.308,0.0,140.0,102.2,24.35,16.0,186.0,35.800000000000004,147.9,29.28,35.57,34.5,93.0,15.65,75.9,99.80000000000001,357.5,3326.0,1.58,45.1,15.05,6.98,36.08,28.990000000000002,2.0,359.0,1200.0
81423.308,0.0,140.0,103.7,24.35,16.0,185.0,35.85,148.8,29.3,35.5,34.550000000000004,92.5,15.600000000000001,75.60000000000001,100.0,357.0,3324.0,1.44,45.300000000000004,15.040000000000001,7.0200000000000005,36.0,29.080000000000002,0.0,357.5,1200.0
81483.308,0.0,140.0,102.60000000000001,24.37,16.0,185.0,35.75,147.9,29.29,35.6,34.45,91.5,15.55,75.8,100.0,356.5,3314.0,1.37,45.050000000000004,14.96,7.01,35.96,29.1,0.0,353.5,1200.0
81543.308,0.0,140.0,101.9,24.36,15.98,184.0,35.75,148.4,29.32,35.47,34.4,93.0,15.5,75.3,99.80000000000001,349.5,3321.0,1.45,45.1,15.06,6.98,36.050000000000004,28.97,0.0,356.0,1200.0
81603.308,0.0,140.0,103.30000000000001,24.37,15.97,185.5,35.65,148.1,29.29,35.53,34.4,91.5,15.600000000000001,75.5,100.0,355.0,3316.0,1.5,45.0,15.0,6.97,36.050000000000004,28.990000000000002,0.0,352.0,1200.0
81663.308,0.0,140.0,101.4,24.34,16.04,186.5,35.800000000000004,148.8,29.26,35.54,34.550000000000004,93.0,15.600000000000001,75.9,99.7,356.0,3316.0,1.4000000000000001,45.050000000000004,15.02,7.05,35.910000000000004,29.05,2.0,353.0,1200.0
81723.308,0.0,140.0,102.9,24.34,15.950000000000001,186.0,35.75,147.8,29.310000000000002,35.550000000000004,34.35,93.0,15.65,76.0,100.0,356.5,3313.0,1.41,44.900000000000006,15.0,6.96,35.94,28.990000000000002,1.0,353.5,1200.0
81783.308,0.0,140.0,101.80000000000001,24.36,16.03,183.5,35.6,148.20000000000002,29.38,35.47,34.4,92.0,15.5,75.7,100.0,354.0,3315.0,1.32,44.95,14.96,7.01,36.1,28.93,4.0,354.0,1200.0
81843.308,0.0,140.0,101.9,24.32,15.99,185.5,35.7,149.3,29.25,35.43,34.45,90.5,15.65,74.9,99.9,356.0,3317.0,1.3,45.0,14.9,7.0200000000000005,36.06,29.22,0.0,354.5,1200.0
81903.308,0.0,140.0,101.5,24.36,16.01,186.0,35.550000000000004,148.1,29.400000000000002,35.52,34.25,92.5,15.5,75.9,100.0,356.0,3316.0,1.34,44.95,15.06,7.05,35.95,29.0,0.0,353.5,1200.0
81963.308,0.0,140.0,100.10000000000001,24.36,16.01,184.5,35.65,148.6,29.400000000000002,35.5,34.35,92.0,15.8,75.7,99.80000000000001,354.5,3313.0,1.54,44.75,15.030000000000001,7.03,35.99,28.93,0.0,354.0,1200.0
82023.308,0.0,140.0,100.7,24.37,15.99,186.5,35.800000000000004,149.0,29.28,35.550000000000004,34.35,91.5,15.75,76.0,99.80000000000001,355.5,3315.0,1.42,44.85,15.07,6.98,35.92,29.05,1.0,354.0,1200.0
82083.307,0.0,140.0,102.30000000000001,24.400000000000002,15.96,184.5,35.65,148.9,29.310000000000002,35.54,34.550000000000004,91.5,15.9,75.8,99.80000000000001,358.5,3315.0,1.59,44.900000000000006,15.1,7.0200000000000005,35.95,29.09,0.0,356.0,1200.0
82143.307,0.0,140.0,101.4,24.27,16.01,183.0,35.85,148.4,29.27,35.47,34.550000000000004,91.5,15.600000000000001,75.7,100.0,356.0,3319.0,1.3,44.85,14.99,7.01,36.02,28.94,1.0,355.5,1200.0
82203.307,0.0,140.0,101.60000000000001,24.36,15.96,186.0,35.550000000000004,148.9,29.29,35.52,34.5,92.5,15.65,75.2,100.0,353.0,3318.0,1.55,44.75,15.02,7.0200000000000005,36.04,29.04,0.0,356.5,1200.0
82263.307,0.0,140.0,101.30000000000001,24.34,15.98,182.5,35.85,148.5,29.310000000000002,35.47,34.4,91.0,15.450000000000001,75.9,99.7,356.0,3317.0,1.44,44.95,14.99,6.99,35.99,28.98,3.0,350.0,1200.0
82323.307,0.0,140.0,102.9,24.36,15.950000000000001,182.5,35.65,149.3,29.29,35.59,34.45,91.5,15.600000000000001,75.8,100.0,352.5,3311.0,1.33,45.0,14.950000000000001,6.97,35.94,29.01,4.0,355.0,1200.0
82383.307,0.0,140.0,101.9,24.400000000000002,16.0,186.0,35.6,149.4,29.25,35.42,34.45,91.5,15.5,75.8,99.7,352.5,3312.0,1.46,44.95,15.02,7.04,35.99,28.97,1.0,356.0,1200.0
82443.307,0.0,140.0,103.30000000000001,24.34,16.02,186.0,35.7,149.9,29.18,35.5,34.300000000000004,93.0,15.450000000000001,76.10000000000001,99.7,354.0,3309.0,1.52,44.95,14.93,6.96,35.99,29.0,0.0,354.0,1200.0
82503.307,0.0,140.0,102.4,24.3,16.01,186.5,35.45,148.1,29.23,35.37,34.4,93.5,15.600000000000001,76.10000000000001,99.7,354.5,3308.0,1.53,44.75,14.98,6.890000000000001,36.050000000000004,28.98,2.0,354.0,1200.0
82563.307,0.0,140.0,101.9,24.37,15.950000000000001,182.0,35.65,148.20000000000002,29.28,35.45,34.15,92.0,15.55,76.10000000000001,100.0,352.0,3306.0,1.43,44.75,15.040000000000001,7.08,35.99,28.89,2.0,353.5,1200.0
82623.307,0.0,140.0,101.60000000000001,24.3,15.950000000000001,185.0,35.45,148.70000000000002,29.29,35.300000000000004,34.35,93.5,15.5,75.60000000000001,100.0,352.0,3308.0,1.42,44.7,14.98,6.97,36.07,28.97,0.0,357.0,1200.0
82683.307,0.0,140.0,100.80000000000001,24.34,16.0,183.5,35.5,148.8,29.25,35.36,34.25,92.0,15.55,75.5,99.9,359.0,3304.0,1.48,44.75,14.98,7.03,35.95,29.07,1.0,353.5,1200.0
82743.307,0.0,140.0,101.4,24.330000000000002,15.99,182.0,35.65,149.3,29.19,35.36,34.300000000000004,92.5,15.700000000000001,76.4,100.0,352.5,3305.0,1.28,44.650000000000006,15.05,7.0600000000000005,35.94,29.060000000000002,0.0,347.5,1200.0
82803.307,0.0,140.0,102.10000000000001,24.330000000000002,16.01,182.5,35.45,149.3,29.150000000000002,35.33,34.35,92.5,15.65,75.5,100.0,353.0,3302.0,1.43,44.75,14.96,7.1000000000000005,35.95,29.03,0.0,351.0,1200.0
82863.307,0.0,140.0,100.9,24.240000000000002,15.98,186.5,35.75,147.3,29.19,35.31,34.35,93.5,15.55,75.8,100.0,343.5,3300.0,1.42,44.650000000000006,15.02,7.0600000000000005,36.06,29.0,0.0,348.5,1200.0
82923.307,0.0,140.0,100.7,24.37,15.92,183.5,35.45,148.9,29.21,35.38,34.2,90.0,15.450000000000001,75.9,99.5,350.5,3303.0,1.3800000000000001,44.6,15.040000000000001,6.99,35.92,29.02,0.0,349.0,1200.0
82983.307,0.0,140.0,102.5,24.34,16.0,183.5,35.550000000000004,149.4,29.14,35.410000000000004,34.2,93.5,15.75,75.2,99.9,350.0,3301.0,1.47,44.650000000000006,15.0,7.04,36.02,28.94,0.0,349.0,1200.0
83043.307,0.0,140.0,102.9,24.29,15.98,185.5,35.550000000000004,148.4,29.17,35.27,34.45,91.5,15.65,75.60000000000001,99.7,350.0,3302.0,1.35,44.45,15.040000000000001,7.0600000000000005,36.06,29.03,0.0,351.0,1200.0
83103.306,0.0,140.0,102.4,24.330000000000002,15.92,182.5,35.6,148.4,29.09,35.31,34.4,90.0,15.5,75.2,99.7,348.0,3303.0,1.35,44.6,14.99,6.96,35.97,29.07,0.0,352.0,1200.0
83163.306,0.0,140.0,101.4,24.26,16.03,184.5,35.6,149.3,29.19,35.37,34.35,93.0,15.55,75.7,99.7,349.5,3301.0,1.3,44.650000000000006,14.98,6.96,35.89,29.02,0.0,347.5,1200.0
83223.306,0.0,140.0,102.30000000000001,24.3,15.96,185.5,35.550000000000004,149.4,29.17,35.34,34.45,92.5,15.700000000000001,76.0,100.0,354.5,3296.0,1.41,44.45,14.98,7.09,36.06,28.94,0.0,353.5,1200.0
83283.306,0.0,140.0,104.2,24.26,16.03,187.0,35.45,148.70000000000002,29.11,35.32,34.35,92.5,15.700000000000001,75.9,99.9,345.5,3298.0,1.35,44.5,15.0,6.99,35.99,28.990000000000002,0.0,355.5,1200.0
83343.306,0.0,140.0,100.7,24.3,16.01,184.5,35.550000000000004,148.6,29.21,35.34,34.300000000000004,90.5,15.55,75.9,100.0,350.0,3301.0,1.42,44.5,14.97,6.97,36.08,28.98,2.0,349.5,1200.0
83403.306,0.0,140.0,100.30000000000001,24.37,16.06,186.5,35.6,149.4,29.240000000000002,35.32,34.300000000000004,91.5,15.700000000000001,76.0,99.80000000000001,347.0,3300.0,1.28,44.400000000000006,14.98,6.98,35.94,28.98,0.0,355.0,1200.0
83463.306,0.0,140.0,100.9,24.3,15.94,185.0,35.6,148.5,29.25,35.34,34.45,93.5,15.5,76.2,100.0,347.0,3297.0,1.3900000000000001,44.45,14.950000000000001,6.96,35.910000000000004,28.95,0.0,346.5,1200.0
83523.306,0.0,140.0,102.10000000000001,24.29,16.02,183.0,35.5,150.5,29.150000000000002,35.25,34.4,92.5,15.55,75.60000000000001,99.9,349.5,3296.0,1.42,44.45,14.99,7.05,36.01,29.02,0.0,346.5,1200.0
83583.306,0.0,140.0,103.0,24.32,15.97,183.0,35.550000000000004,149.9,29.16,35.300000000000004,34.4,90.5,15.65,75.8,100.0,349.0,3300.0,1.33,44.650000000000006,14.96,7.0200000000000005,35.97,29.07,1.0,350.0,1200.0
83643.306,0.0,140.0,102.60000000000001,24.23,15.99,182.0,35.550000000000004,148.8,29.17,35.26,34.300000000000004,92.0,15.55,75.9,100.0,346.0,3297.0,1.42,44.400000000000006,15.01,7.1000000000000005,36.02,28.98,0.0,346.5,1200.0
83703.306,0.0,140.0,101.4,24.21,16.03,185.5,35.65,149.5,29.18,35.29,34.35,94.0,15.600000000000001,76.10000000000001,100.0,349.5,3297.0,1.31,44.5,15.02,7.04,36.01,28.86,0.0,351.0,1200.0
83763.306,0.0,140.0,102.9,24.37,15.97,184.5,35.45,148.5,29.16,35.32,34.25,91.5,15.75,76.10000000000001,99.80000000000001,347.0,3301.0,1.61,44.650000000000006,15.040000000000001,6.98,36.03,28.98,3.0,351.5,1200.0
83823.306,0.0,140.0,101.4,24.32,15.98,184.0,35.4,148.0,29.25,35.21,34.35,92.5,15.700000000000001,76.10000000000001,99.9,352.0,3300.0,1.3900000000000001,44.6,14.97,6.96,35.9,29.0,1.0,350.0,1200.0
83883.306,0.0,140.0,101.60000000000001,24.27,15.96,182.5,35.6,149.6,29.1,35.25,34.4,90.0,15.5,75.60000000000001,99.80000000000001,349.5,3306.0,1.3,44.550000000000004,15.01,7.07,35.96,28.98,0.0,349.0,1200.0
83943.306,0.0,140.0,102.60000000000001,24.27,15.99,184.0,35.550000000000004,148.5,29.13,35.22,34.2,91.5,15.600000000000001,76.4,99.9,354.5,3296.0,1.24,44.400000000000006,15.040000000000001,6.98,35.980000000000004,29.02,0.0,348.5,1200.0
84003.306,0.0,140.0,102.2,24.29,16.0,181.0,35.4,148.6,29.150000000000002,35.34,34.2,94.0,15.55,75.7,99.9,349.0,3300.0,1.4000000000000001,44.6,15.0,6.95,35.99,29.07,0.0,349.0,1200.0
84063.305,0.0,140.0,102.30000000000001,24.34,16.03,183.5,35.300000000000004,147.5,29.09,35.26,34.25,89.5,15.600000000000001,76.10000000000001,100.0,353.5,3302.0,1.52,44.5,15.1,7.01,36.06,28.95,0.0,351.5,1200.0
84123.305,0.0,140.0,101.4,24.35,16.03,184.5,35.6,148.5,29.12,35.32,34.300000000000004,92.5,15.700000000000001,76.10000000000001,99.80000000000001,353.0,3292.0,1.41,44.5,15.0,7.0,35.95,29.09,0.0,351.5,1200.0
84183.305,0.0,140.0,101.7,24.310000000000002,15.96,185.0,35.6,148.8,29.19,35.35,34.300000000000004,91.5,15.65,76.5,99.9,349.0,3299.0,1.48,44.45,14.94,7.0,36.03,29.03,2.0,345.5,1200.0
84243.305,0.0,140.0,100.9,24.34,16.03,182.0,35.35,147.1,29.01,35.27,34.35,91.5,15.65,76.10000000000001,100.0,345.0,3294.0,1.31,44.5,15.05,7.05,36.02,28.96,0.0,345.0,1200.0
84303.305,0.0,140.0,102.2,24.29,15.97,182.5,35.35,148.5,29.04,35.31,34.050000000000004,93.5,15.600000000000001,75.60000000000001,100.0,352.0,3299.0,1.44,44.650000000000006,15.05,7.05,36.01,29.02,0.0,348.5,1200.0
84363.305,0.0,140.0,102.30000000000001,24.3,15.99,183.0,35.4,149.1,29.07,35.28,34.35,92.5,15.4,76.0,100.0,346.5,3298.0,1.54,44.400000000000006,15.05,7.0,36.07,29.04,0.0,350.0,1200.0
84423.305,0.0,140.0,102.0,24.330000000000002,15.92,181.5,35.25,150.0,29.1,35.24,34.300000000000004,92.0,15.65,75.8,99.9,349.0,3298.0,1.3,44.550000000000004,14.98,6.99,35.99,29.0,0.0,348.0,1200.0
84483.305,0.0,140.0,101.10000000000001,24.3,16.04,184.5,35.300000000000004,147.9,29.04,35.25,34.2,90.0,15.5,76.10000000000001,100.0,344.5,3291.0,1.5,44.400000000000006,14.94,7.01,35.99,28.98,2.0,348.5,1200.0
84543.305,0.0,140.0,102.80000000000001,24.400000000000002,15.97,182.0,35.4,147.9,29.09,35.25,34.15,92.0,15.55,75.3,99.7,346.5,3302.0,1.31,44.35,15.02,7.05,35.86,29.09,0.0,347.0,1200.0
84603.305,0.0,140.0,101.9,24.27,15.92,183.0,35.2,149.70000000000002,29.01,35.19,34.35,93.0,15.700000000000001,76.0,99.5,348.0,3300.0,1.37,44.25,15.040000000000001,6.97,35.97,28.990000000000002,0.0,347.0,1200.0
84663.305,0.0,140.0,101.10000000000001,24.32,15.97,181.5,35.5,149.9,29.080000000000002,35.160000000000004,34.300000000000004,91.5,15.65,76.0,100.0,343.0,3296.0,1.53,44.400000000000006,14.99,6.95,35.93,29.060000000000002,0.0,348.0,1200.0
84723.305,0.0,140.0,102.10000000000001,24.32,15.96,182.0,35.35,147.1,29.07,35.26,34.1,92.5,15.600000000000001,75.9,99.80000000000001,347.5,3298.0,1.36,44.400000000000006,14.98,7.05,36.13,29.04,0.0,349.0,1200.0
84783.305,0.0,140.0,102.0,24.27,16.0,184.5,35.550000000000004,147.3,29.13,35.19,34.25,93.5,15.600000000000001,76.10000000000001,100.0,345.5,3293.0,1.42,44.35,15.040000000000001,6.96,36.04,29.05,0.0,346.0,1200.0
84843.305,0.0,140.0,102.10000000000001,24.38,15.91,184.0,35.45,149.8,29.01,35.27,34.2,91.5,15.65,75.8,100.0,346.5,3300.0,1.35,44.2,15.02,6.97,36.15,29.14,2.0,350.0,1200.0
84903.305,0.0,140.0,101.9,24.330000000000002,15.96,184.0,35.45,149.1,29.05,35.300000000000004,34.25,94.0,15.700000000000001,76.10000000000001,100.0,347.0,3292.0,1.5,44.400000000000006,14.97,7.03,36.09,29.02,1.0,348.0,1200.0
84963.305,0.0,140.0,102.7,24.3,16.04,182.5,35.45,149.3,29.14,35.29,34.2,92.0,15.8,75.9,99.9,349.5,3297.0,1.45,44.45,14.98,6.94,36.03,29.02,0.0,346.5,1200.0
85023.305,0.0,140.0,101.10000000000001,24.34,15.950000000000001,185.0,35.35,149.5,29.11,35.35,34.300000000000004,92.5,15.700000000000001,76.0,99.9,350.0,3293.0,1.61,44.45,15.030000000000001,7.0,35.96,29.060000000000002,1.0,350.0,1200.0
85083.304,0.0,140.0,100.0,24.240000000000002,15.950000000000001,184.0,35.35,148.8,29.04,35.28,34.25,92.5,15.65,75.3,100.0,350.0,3291.0,1.41,44.45,14.96,7.0600000000000005,36.01,29.03,0.0,350.0,1200.0
85143.304,0.0,140.0,102.2,24.400000000000002,16.0,183.5,35.4,147.3,29.05,35.2,34.15,91.0,15.600000000000001,75.9,100.0,344.5,3301.0,1.3,44.400000000000006,14.97,6.97,35.980000000000004,29.01,3.0,347.0,1200.0
85203.304,0.0,140.0,102.7,24.27,16.02,183.5,35.6,148.5,29.080000000000002,35.230000000000004,34.1,93.5,15.600000000000001,76.3,99.80000000000001,350.0,3299.0,1.56,44.45,14.96,7.0600000000000005,36.04,28.95,2.0,345.0,1200.0
85263.304,0.0,140.0,101.2,24.38,15.98,184.5,35.35,149.5,29.05,35.21,34.300000000000004,90.0,15.55,76.3,99.80000000000001,348.0,3298.0,1.44,44.35,15.07,7.03,35.93,29.080000000000002,2.0,348.0,1200.0
85323.304,0.0,140.0,102.60000000000001,24.25,16.07,185.0,35.5,148.8,29.14,35.2,34.15,92.5,15.55,75.7,99.5,348.0,3299.0,1.17,44.45,15.01,7.0,35.96,29.080000000000002,1.0,348.0,1200.0
85383.304,0.0,140.0,101.80000000000001,24.25,16.06,186.0,35.35,149.1,29.09,35.27,34.300000000000004,94.5,15.5,76.10000000000001,100.0,350.0,3296.0,1.3800000000000001,44.45,15.02,6.99,36.0,29.03,0.0,348.0,1200.0
85443.304,0.0,140.0,102.9,24.27,16.02,184.5,35.35,149.6,29.2,35.33,34.4,93.5,15.55,75.9,99.7,346.0,3301.0,1.37,44.5,15.040000000000001,7.0600000000000005,36.04,29.01,1.0,352.0,1200.0
85503.304,0.0,140.0,102.4,24.32,16.02,181.0,35.4,149.4,29.150000000000002,35.36,34.25,92.5,15.700000000000001,76.10000000000001,100.0,349.0,3303.0,1.47,44.45,15.05,6.94,35.94,28.990000000000002,1.0,356.5,1200.0
85563.304,0.0,140.0,102.0,24.27,15.94,182.5,35.5,150.0,29.060000000000002,35.31,34.1,93.0,15.450000000000001,75.8,99.7,351.5,3300.0,1.45,44.550000000000004,14.96,6.96,36.01,29.01,0.0,342.5,1200.0
85623.304,0.0,140.0,101.5,24.310000000000002,15.97,184.0,35.65,148.5,29.17,35.36,34.25,93.0,15.700000000000001,75.60000000000001,99.9,344.0,3298.0,1.54,44.400000000000006,14.96,7.0,36.03,28.96,0.0,349.5,1200.0
85683.304,0.0,140.0,100.4,24.34,15.93,184.0,35.550000000000004,149.5,29.22,35.37,34.4,90.5,15.600000000000001,75.7,99.5,349.5,3297.0,1.3900000000000001,44.5,15.02,6.95,36.02,29.150000000000002,0.0,351.0,1200.0
85743.304,0.0,140.0,102.80000000000001,24.21,16.04,184.0,35.5,148.20000000000002,29.21,35.39,34.15,91.0,15.65,75.60000000000001,99.9,352.0,3299.0,1.22,44.45,15.02,7.04,35.99,29.0,0.0,351.5,1200.0
85803.304,0.0,140.0,103.5,24.310000000000002,15.97,182.0,35.5,148.0,29.23,35.37,34.35,93.0,15.600000000000001,75.4,99.7,350.5,3298.0,1.3900000000000001,44.550000000000004,15.08,6.94,36.01,28.98,0.0,350.5,1200.0
85863.304,0.0,140.0,101.0,24.240000000000002,15.950000000000001,182.5,35.5,149.5,29.27,35.4,34.35,93.0,15.5,76.2,100.0,349.5,3299.0,1.44,44.550000000000004,14.96,7.08,35.9,28.96,0.0,348.0,1200.0
85923.304,0.0,140.0,102.5,24.26,16.03,184.0,35.5,148.9,29.25,35.37,34.300000000000004,92.5,15.600000000000001,75.5,99.4,354.5,3302.0,1.34,44.35,15.01,6.98,36.01,28.95,0.0,349.0,1200.0
85983.304,0.0,140.0,101.9,24.29,16.06,181.5,35.550000000000004,149.1,29.13,35.21,34.35,91.5,15.450000000000001,75.0,100.0,347.0,3298.0,1.44,44.5,15.05,7.04,35.93,29.03,3.0,353.5,1200.0
86043.304,0.0,140.0,100.60000000000001,24.29,15.950000000000001,184.0,35.35,149.1,29.21,35.37,34.5,91.0,15.55,75.5,100.0,350.5,3298.0,1.3800000000000001,44.400000000000006,14.99,7.05,36.01,29.04,1.0,350.5,1200.0
86103.303,0.0,140.0,101.7,24.310000000000002,15.950000000000001,184.5,35.4,148.4,29.19,35.34,34.4,92.5,15.55,75.2,100.0,347.5,3296.0,1.45,44.35,15.030000000000001,6.97,35.95,29.01,0.0,347.5,1200.0
86163.303,0.0,140.0,101.60000000000001,24.240000000000002,15.97,183.5,35.6,149.70000000000002,29.18,35.300000000000004,34.4,94.0,15.55,75.7,99.60000000000001,348.0,3295.0,1.59,44.35,15.030000000000001,6.99,35.980000000000004,29.060000000000002,4.0,349.0,1200.0
86223.303,0.0,140.0,102.2,24.35,15.96,183.0,35.35,148.4,29.19,35.32,34.300000000000004,91.0,15.700000000000001,75.0,100.0,348.0,3298.0,1.31,44.5,14.96,6.98,36.01,28.990000000000002,0.0,351.5,1200.0
86283.303,0.0,140.0,101.4,24.310000000000002,16.01,185.0,35.6,147.4,29.240000000000002,35.32,34.4,92.0,15.75,75.7,99.9,352.5,3299.0,1.26,44.400000000000006,14.91,6.96,35.97,29.07,0.0,348.5,1200.0
86343.303,0.0,140.0,101.5,24.32,15.98,183.0,35.7,149.4,29.19,35.33,34.300000000000004,93.5,15.600000000000001,76.3,100.0,348.5,3296.0,1.52,44.45,15.08,7.08,36.050000000000004,29.01,0.0,350.5,1200.0
86403.303,3.303,140.0,101.80000000000001,24.42,16.51,186.0,35.5,149.0,29.48,35.37,34.300000000000004,89.0,14.950000000000001,75.60000000000001,99.80000000000001,353.0,3298.0,1.45,44.550000000000004,15.0,6.99,36.09,28.990000000000002,2.0,349.5,1200.0
86464.525,64.525,140.0,102.80000000000001,24.42,16.27,185.5,35.65,149.70000000000002,29.52,35.58,34.4,89.5,14.5,72.9,100.0,368.0,3407.0,1.3,44.900000000000006,14.98,6.97,35.99,29.04,2.0,369.0,1200.0
86520.574,120.574,140.0,102.30000000000001,24.32,16.240000000000002,185.0,35.75,150.20000000000002,29.490000000000002,35.65,34.5,87.0,14.350000000000001,71.60000000000001,99.80000000000001,370.5,3423.0,1.32,45.25,14.98,7.04,36.03,28.92,0.0,375.5,1200.0
86585.808,185.808,140.0,102.0,24.35,16.15,185.5,35.800000000000004,148.6,29.53,35.54,34.45,87.0,14.600000000000001,72.3,100.0,374.5,3434.0,1.33,45.550000000000004,14.98,6.96,36.02,28.95,0.0,376.0,1200.0
86645.047,245.047,140.0,101.0,24.39,16.080000000000002,184.5,35.85,149.6,29.42,35.62,34.4,88.0,14.3,73.2,100.0,375.5,3441.0,1.57,45.800000000000004,15.02,6.95,36.01,29.05,0.0,378.0,1200.0
86704.594,304.594,140.0,101.2,24.22,16.11,185.0,35.7,149.70000000000002,29.560000000000002,35.6,34.45,88.0,14.25,74.0,100.0,379.0,3452.0,1.48,46.050000000000004,15.0,6.99,35.910000000000004,29.03,0.0,381.5,1200.0
86764.279,364.279,140.0,101.9,24.42,16.09,186.0,35.85,149.4,29.44,35.52,34.65,88.0,14.3,74.2,99.80000000000001,377.0,3451.0,1.28,46.25,15.02,6.97,35.97,29.03,0.0,381.5,1200.0
86824.043,424.043,140.0,103.7,24.37,16.09,185.5,35.65,148.70000000000002,29.44,35.59,34.550000000000004,88.0,14.350000000000001,73.7,100.0,382.5,3461.0,1.49,46.5,14.98,6.94,36.03,29.01,1.0,379.0,1200.0
86883.856,483.856,140.0,100.60000000000001,24.36,16.06,185.5,35.800000000000004,148.8,29.41,35.63,34.550000000000004,87.5,14.25,74.0,100.0,385.0,3462.0,1.43,46.650000000000006,15.0,7.05,35.94,28.96,1.0,384.5,1200.0
86943.703,543.703,140.0,102.9,24.38,16.01,186.0,35.800000000000004,148.1,29.41,35.62,34.45,87.0,14.05,73.7,100.0,384.5,3469.0,1.25,46.900000000000006,15.01,6.98,36.02,29.02,0.0,377.5,1200.0
87003.575,603.575,140.0,102.60000000000001,24.400000000000002,16.03,185.5,35.800000000000004,149.20000000000002,29.400000000000002,35.54,34.4,87.0,14.15,73.8,100.0,385.0,3465.0,1.51,47.150000000000006,15.0,7.0200000000000005,35.95,29.0,3.0,383.0,1200.0
87063.466,663.466,140.0,101.4,24.29,16.02,186.0,35.85,148.6,29.38,35.61,34.550000000000004,87.5,14.3,74.3,100.0,385.0,3468.0,1.3,47.25,15.030000000000001,6.98,35.94,28.97,0.0,384.0,1200.0
87123.371,723.371,140.0,102.7,24.35,15.97,184.5,35.9,148.5,29.400000000000002,35.64,34.6,85.0,14.100000000000001,74.3,100.0,381.5,3474.0,1.37,47.35,14.97,7.04,36.03,28.95,2.0,383.0,1200.0
87183.288,783.288,140.0,102.10000000000001,24.36,16.02,184.0,35.85,148.20000000000002,29.400000000000002,35.65,34.550000000000004,87.5,14.200000000000001,74.5,99.5,382.0,3475.0,1.45,47.45,14.98,6.95,35.97,29.1,1.0,386.0,1200.0
87243.214,843.214,140.0,101.7,24.330000000000002,16.02,184.5,35.95,149.1,29.48,35.480000000000004,34.65,88.0,14.15,74.5,100.0,384.0,3481.0,1.23,47.5,15.040000000000001,6.98,35.95,29.02,1.0,384.5,1200.0
87303.148,903.148,140.0,101.9,24.46,16.0,186.0,35.75,149.0,29.42,35.62,34.550000000000004,86.5,14.15,74.10000000000001,100.0,384.5,3477.0,1.3900000000000001,47.550000000000004,15.040000000000001,7.04,35.95,28.95,1.0,385.5,1200.0
87363.088,963.088,140.0,102.9,24.39,16.02,187.5,35.7,149.1,29.41,35.58,34.550000000000004,89.0,14.3,74.4,100.0,388.5,3484.0,1.27,47.5,15.05,6.9,35.96,29.02,0.0,383.0,1200.0
87423.034,1023.034,140.0,101.80000000000001,24.42,16.04,184.5,35.9,148.70000000000002,29.37,35.660000000000004,34.550000000000004,86.5,14.25,74.7,100.0,388.0,3481.0,1.43,47.7,14.99,7.0,35.99,28.97,2.0,389.0,1200.0
87482.985,1082.985,140.0,101.60000000000001,24.400000000000002,16.03,185.5,35.95,146.6,29.36,35.660000000000004,34.7,87.0,14.3,74.10000000000001,100.0,388.5,3489.0,1.43,47.800000000000004,14.99,7.03,35.99,29.03,0.0,385.5,1200.0
87542.939,1142.939,140.0,101.30000000000001,24.310000000000002,16.05,185.0,35.9,148.6,29.37,35.65,34.550000000000004,87.0,14.25,74.8,100.0,394.0,3485.0,1.3800000000000001,47.900000000000006,15.01,7.03,35.96,28.98,0.0,390.5,1200.0
87602.898,1202.898,140.0,101.9,24.42,16.0,186.0,36.0,151.6,29.45,35.68,34.6,87.0,14.100000000000001,74.3,99.80000000000001,389.5,3488.0,1.47,47.900000000000006,15.05,6.98,36.06,28.91,1.0,391.5,1200.0
87662.859,1262.859,140.0,101.7,24.44,16.0,186.0,35.85,148.8,29.43,35.71,34.65,88.0,14.15,74.4,99.9,392.5,3492.0,1.33,48.050000000000004,15.040000000000001,6.99,36.03,28.990000000000002,5.0,387.0,1200.0
87722.823,1322.823,140.0,102.5,24.39,16.0,184.0,35.95,148.70000000000002,29.37,35.68,34.6,87.5,14.15,75.0,99.7,391.0,3490.0,1.2,48.050000000000004,14.96,6.97,35.93,28.91,0.0,387.0,1200.0
87782.79,1382.79,140.0,102.0,24.42,15.9,186.5,35.85,149.4,29.41,35.62,34.6,86.5,14.200000000000001,74.60000000000001,100.0,391.5,3499.0,1.3900000000000001,48.0,14.96,6.99,35.96,29.05,2.0,393.0,1200.0
87842.759,1442.759,140.0,102.9,24.39,16.01,187.0,35.75,150.20000000000002,29.44,35.71,34.65,85.0,14.3,74.8,100.0,390.0,3499.0,1.49,48.150000000000006,15.040000000000001,7.0200000000000005,36.0,29.080000000000002,1.0,392.5,1200.0
87902.73,1502.73,140.0,102.2,24.41,15.99,184.5,35.9,149.3,29.400000000000002,35.7,34.6,88.0,14.200000000000001,74.9,99.4,389.5,3496.0,1.31,48.25,14.99,6.99,36.04,28.97,0.0,392.5,1200.0
87962.702,1562.702,140.0,103.5,24.310000000000002,15.97,186.0,35.9,149.5,29.37,35.660000000000004,34.5,89.5,14.05,74.60000000000001,100.0,391.0,3496.0,1.4000000000000001,48.150000000000006,15.0,7.04,36.01,28.95,0.0,389.0,1200.0
88022.676,1622.676,140.0,102.0,24.44,15.98,183.5,35.85,149.6,29.44,35.69,34.7,85.0,14.350000000000001,74.2,99.9,395.5,3496.0,1.46,48.1,15.0,7.0200000000000005,36.01,29.03,2.0,386.0,1200.0
88082.652,1682.652,140.0,103.60000000000001,24.42,15.99,185.5,35.95,149.9,29.44,35.75,34.6,88.0,14.200000000000001,74.8,99.80000000000001,387.5,3493.0,1.29,48.300000000000004,14.99,6.99,36.0,29.03,1.0,393.5,1200.0
88142.629,1742.629,140.0,102.30000000000001,24.310000000000002,15.99,186.0,35.800000000000004,149.6,29.39,35.6,34.65,88.5,14.15,74.60000000000001,100.0,388.0,3497.0,1.31,48.35,14.99,7.01,36.03,29.080000000000002,0.0,382.5,1200.0
88202.607,1802.607,140.0,102.9,24.39,15.96,185.5,35.75,149.6,29.36,35.65,34.65,87.5,14.15,74.8,99.5,390.0,3492.0,1.41,48.45,14.99,7.0,35.97,29.01,0.0,391.5,1200.0
88262.586,1862.586,140.0,100.30000000000001,24.38,15.98,185.5,36.0,148.8,29.42,35.71,34.550000000000004,87.0,14.25,74.5,100.0,390.5,3494.0,1.3800000000000001,48.25,14.99,7.03,36.02,28.990000000000002,2.0,393.0,1200.0
88322.567,1922.567,140.0,101.5,24.39,16.06,185.0,35.85,150.5,29.37,35.63,34.6,87.0,14.15,74.3,100.0,387.0,3489.0,1.49,48.2,15.030000000000001,6.99,36.03,28.97,0.0,388.5,1200.0
88382.548,1982.548,140.0,102.2,24.400000000000002,16.04,184.5,35.75,150.5,29.35,35.61,34.75,87.5,14.200000000000001,74.9,100.0,394.0,3496.0,1.51,48.300000000000004,15.02,7.0200000000000005,36.06,28.97,1.0,392.0,1200.0
88442.53,2042.53,140.0,100.9,24.41,16.02,185.5,35.95,149.1,29.36,35.61,34.6,86.5,14.05,74.60000000000001,99.9,386.5,3487.0,1.5,48.1,14.98,6.92,36.0,29.080000000000002,0.0,389.0,1200.0
88502.513,2102.513,140.0,103.4,24.35,15.99,185.5,35.85,145.9,29.38,35.65,34.6,87.0,14.15,75.2,100.0,384.5,3495.0,1.3,48.300000000000004,15.0,7.0,36.03,28.92,0.0,390.0,1200.0
88562.497,2162.497,140.0,101.2,24.400000000000002,16.03,185.0,35.800000000000004,149.70000000000002,29.36,35.59,34.550000000000004,87.0,14.200000000000001,74.5,100.0,390.5,3496.0,1.27,48.400000000000006,15.05,6.96,36.07,29.02,0.0,388.0,1200.0
88622.481,2222.481,140.0,101.7,24.37,15.97,186.5,35.9,149.20000000000002,29.39,35.62,34.5,88.0,14.05,74.10000000000001,99.60000000000001,389.5,3491.0,1.36,48.300000000000004,14.89,6.99,36.01,28.97,0.0,390.0,1200.0
88682.466,2282.466,140.0,102.7,24.42,16.01,186.0,35.9,149.8,29.35,35.61,34.7,88.5,14.15,74.5,99.80000000000001,393.5,3491.0,1.27,48.300000000000004,15.07,6.98,36.01,28.94,0.0,391.0,1200.0
88742.452,2342.452,140.0,101.2,24.37,15.88,185.5,35.95,148.70000000000002,29.39,35.65,34.7,89.5,14.25,73.9,99.7,386.5,3495.0,1.47,48.25,15.01,7.0600000000000005,36.01,29.02,2.0,392.0,1200.0
88802.438,2402.438,140.0,102.2,24.34,16.03,186.0,35.9,148.70000000000002,29.29,35.61,34.6,89.0,14.200000000000001,74.8,100.0,388.5,3491.0,1.28,48.25,15.02,7.01,36.09,29.060000000000002,1.0,391.5,1200.0
88862.425,2462.425,140.0,102.10000000000001,24.41,16.01,185.0,35.9,148.0,29.34,35.57,34.6,89.0,14.3,74.2,100.0,392.5,3489.0,1.5,48.150000000000006,14.97,6.98,35.95,28.96,0.0,387.0,1200.0
88922.412,2522.412,140.0,102.7,24.400000000000002,16.01,183.5,35.800000000000004,147.8,29.3,35.58,34.550000000000004,87.0,14.15,74.3,99.80000000000001,385.0,3485.0,1.52,48.150000000000006,15.0,6.98,35.97,28.96,3.0,390.5,1200.0
88982.4,2582.4,140.0,103.4,24.34,16.02,187.0,35.85,149.3,29.41,35.54,34.5,87.0,14.100000000000001,74.9,100.0,387.0,3489.0,1.52,48.150000000000006,14.99,7.07,35.99,29.0,0.0,386.5,1200.0
89042.388,2642.388,140.0,100.30000000000001,24.36,16.02,186.5,35.75,149.20000000000002,29.41,35.54,34.7,85.5,14.3,74.9,99.9,387.0,3496.0,1.41,48.35,15.040000000000001,7.04,36.09,28.97,0.0,391.5,1200.0
89102.377,2702.377,140.0,101.0,24.27,15.98,184.5,35.800000000000004,148.20000000000002,29.26,35.65,34.4,86.5,14.15,74.3,100.0,388.0,3492.0,1.31,48.300000000000004,15.05,6.95,36.0,29.0,0.0,389.5,1200.0
89162.366,2762.366,140.0,101.10000000000001,24.38,15.97,186.0,35.7,149.4,29.29,35.550000000000004,34.45,86.5,14.100000000000001,74.2,100.0,390.5,3487.0,1.41,48.300000000000004,15.05,7.0200000000000005,36.06,28.990000000000002,0.0,386.5,1200.0
89222.355,2822.355,140.0,102.80000000000001,24.37,16.02,185.0,35.75,149.3,29.3,35.52,34.550000000000004,87.5,14.3,73.9,100.0,384.0,3489.0,1.47,48.2,15.05,7.0,35.92,28.96,1.0,389.0,1200.0
89282.345,2882.345,140.0,102.80000000000001,24.310000000000002,16.02,184.0,35.65,150.9,29.34,35.56,34.550000000000004,88.5,14.25,75.10000000000001,100.0,392.0,3485.0,1.41,48.1,15.01,6.97,36.04,29.060000000000002,0.0,389.5,1200.0
89342.335,2942.335,140.0,101.4,24.37,15.89,184.0,35.6,148.5,29.23,35.65,34.65,87.0,14.15,74.5,100.0,393.0,3489.0,1.58,48.150000000000006,14.96,7.0,36.06,29.02,1.0,385.5,1200.0
89402.326,3002.326,140.0,103.10000000000001,24.36,15.97,185.0,35.85,147.9,29.28,35.47,34.5,86.0,14.100000000000001,74.8,100.0,385.0,3492.0,1.35,48.1,15.05,6.9,36.06,29.02,0.0,388.0,1200.0
89462.316,3062.316,140.0,100.60000000000001,24.41,15.97,184.0,35.9,149.1,29.41,35.550000000000004,34.65,88.0,14.3,74.3,100.0,390.0,3488.0,1.35,48.300000000000004,15.040000000000001,6.97,35.980000000000004,29.080000000000002,0.0,384.5,1200.0
89522.307,3122.307,140.0,101.80000000000001,24.39,16.05,182.5,35.7,147.70000000000002,29.21,35.550000000000004,34.550000000000004,88.0,14.15,74.8,100.0,390.0,3480.0,1.5,48.1,14.98,6.99,36.04,28.98,1.0,386.0,1200.0
89582.299,3182.299,140.0,102.4,24.34,16.0,185.5,35.75,150.8,29.35,35.61,34.4,86.0,14.200000000000001,74.4,99.80000000000001,388.5,3485.0,1.3,47.95,15.02,7.0,36.0,29.01,1.0,382.5,1200.0
89642.29,3242.29,140.0,100.4,24.39,16.01,185.0,35.9,148.9,29.39,35.5,34.5,86.0,14.15,74.2,99.5,388.0,3484.0,1.61,48.050000000000004,15.040000000000001,7.0,36.06,29.080000000000002,2.0,391.5,1200.0
89702.282,3302.282,140.0,100.0,24.32,15.9,185.0,35.75,148.5,29.42,35.49,34.45,86.0,14.3,74.2,100.0,387.5,3483.0,1.42,48.050000000000004,15.040000000000001,6.84,35.95,29.04,1.0,388.0,1200.0
89762.274,3362.274,140.0,104.30000000000001,24.330000000000002,16.04,185.0,35.800000000000004,148.4,29.3,35.46,34.550000000000004,88.5,14.25,74.7,100.0,385.5,3485.0,1.43,48.2,15.02,7.0200000000000005,36.0,28.97,0.0,390.5,1200.0
89822.266,3422.266,140.0,101.4,24.330000000000002,16.01,185.5,35.75,148.5,29.240000000000002,35.58,34.6,89.0,14.15,74.7,100.0,383.0,3479.0,1.26,48.0,15.05,6.97,36.01,28.95,1.0,387.0,1200.0
89882.259,3482.259,140.0,102.9,24.34,15.950000000000001,184.0,35.7,149.0,29.29,35.550000000000004,34.550000000000004,85.5,14.200000000000001,74.8,100.0,383.0,3479.0,1.41,48.0,15.07,6.97,35.96,28.990000000000002,3.0,387.0,1200.0
89942.252,3542.252,140.0,102.60000000000001,24.400000000000002,15.950000000000001,185.0,35.550000000000004,149.3,29.36,35.5,34.550000000000004,85.5,14.25,74.0,99.80000000000001,389.5,3478.0,1.42,48.050000000000004,14.98,7.01,35.99,29.0,0.0,382.5,1200.0
90002.245,3602.245,140.0,103.30000000000001,24.27,15.97,185.0,35.800000000000004,151.20000000000002,29.330000000000002,35.58,34.550000000000004,87.0,14.05,74.10000000000001,99.30000000000001,383.5,3482.0,1.48,47.900000000000006,15.0,7.05,35.980000000000004,28.97,0.0,386.0,1200.0
90062.238,3662.238,140.0,102.2,24.39,15.91,186.5,35.75,150.0,29.310000000000002,35.65,34.5,88.0,14.200000000000001,73.9,100.0,388.5,3480.0,1.43,48.050000000000004,15.06,7.0,35.99,28.990000000000002,2.0,383.5,1200.0
90122.231,3722.231,140.0,101.30000000000001,24.37,16.01,186.5,35.7,148.5,29.34,35.54,34.5,87.5,14.200000000000001,74.3,99.60000000000001,384.5,3479.0,1.48,47.900000000000006,14.96,6.99,36.03,28.97,0.0,386.0,1200.0
90182.224,3782.224,140.0,101.10000000000001,24.310000000000002,16.01,185.5,35.75,150.20000000000002,29.27,35.58,34.5,88.5,14.05,74.3,100.0,386.5,3483.0,1.28,48.050000000000004,15.040000000000001,7.01,36.13,29.09,0.0,389.5,1200.0
90242.218,3842.218,140.0,101.9,24.37,16.01,186.0,35.6,148.4,29.19,35.61,34.550000000000004,89.0,14.100000000000001,74.9,99.80000000000001,384.0,3477.0,1.46,48.050000000000004,15.030000000000001,6.98,36.04,29.0,1.0,388.0,1200.0
90302.212,3902.212,140.0,104.30000000000001,24.400000000000002,15.94,185.0,35.9,150.5,29.38,35.57,34.45,84.5,14.15,74.10000000000001,99.5,383.5,3483.0,1.5,47.85,14.99,6.93,36.050000000000004,29.0,0.0,382.0,1200.0
90362.206,3962.206,140.0,101.80000000000001,24.37,15.96,184.5,35.75,149.70000000000002,29.32,35.480000000000004,34.550000000000004,87.0,14.100000000000001,74.5,99.9,385.5,3483.0,1.41,47.95,15.02,6.99,36.02,29.060000000000002,0.0,383.0,1200.0
90422.2,4022.2,140.0,99.60000000000001,24.38,16.01,186.0,35.75,148.70000000000002,29.25,35.6,34.4,85.0,14.15,74.2,99.9,389.0,3479.0,1.3900000000000001,47.95,15.02,6.96,35.99,29.060000000000002,0.0,386.5,1200.0
90482.194,4082.194,140.0,103.10000000000001,24.45,16.06,187.5,35.6,148.0,29.29,35.57,34.5,87.0,14.15,74.3,99.9,388.5,3487.0,1.36,47.900000000000006,15.030000000000001,6.99,36.0,28.97,0.0,388.0,1200.0
90542.188,4142.188,140.0,100.80000000000001,24.44,15.97,183.5,35.550000000000004,147.9,29.2,35.58,34.45,88.5,14.25,74.8,100.0,389.5,3480.0,1.22,47.85,14.950000000000001,7.0,36.04,28.91,0.0,382.5,1200.0
90602.183,4202.183,140.0,102.4,24.38,15.96,185.0,35.7,149.3,29.26,35.47,34.5,87.5,14.200000000000001,74.3,99.4,383.5,3484.0,1.3800000000000001,48.050000000000004,14.97,7.03,36.0,29.02,0.0,385.0,1200.0
90662.178,4262.178,140.0,101.0,24.34,15.96,183.0,35.65,147.9,29.29,35.54,34.5,90.0,14.200000000000001,74.8,100.0,386.5,3482.0,1.48,48.0,14.98,6.99,35.980000000000004,29.060000000000002,1.0,386.5,1200.0
90722.172,4322.172,140.0,100.30000000000001,24.36,16.03,184.0,35.75,148.70000000000002,29.330000000000002,35.58,34.550000000000004,87.0,14.25,74.9,100.0,388.0,3486.0,1.41,48.1,15.01,7.05,35.94,28.98,1.0,387.0,1200.0
90782.167,4382.167,140.0,103.10000000000001,24.44,15.98,186.0,35.800000000000004,149.70000000000002,29.34,35.61,34.45,88.5,14.05,74.3,99.4,385.5,3490.0,1.2,47.95,14.99,7.04,35.99,29.02,1.0,391.5,1200.0
90842.162,4442.162,140.0,100.9,24.330000000000002,15.950000000000001,183.0,35.7,148.4,29.34,35.59,34.4,87.5,14.200000000000001,74.9,99.9,384.0,3481.0,1.58,48.050000000000004,15.0,7.0,36.0,29.0,0.0,387.0,1200.0
90902.157,4502.157,140.0,102.10000000000001,24.39,15.96,185.5,35.65,151.0,29.37,35.58,34.300000000000004,88.0,14.100000000000001,74.9,100.0,388.5,3487.0,1.49,47.85,14.950000000000001,7.0200000000000005,36.09,28.96,0.0,390.5,1200.0
90962.152,4562.152,140.0,102.80000000000001,24.46,15.950000000000001,183.0,35.85,150.3,29.38,35.49,34.45,89.0,14.350000000000001,75.2,100.0,387.0,3489.0,1.2,48.050000000000004,14.99,6.95,36.06,28.96,2.0,389.5,1200.0
91022.148,4622.148,140.0,101.7,24.37,15.96,185.0,35.6,148.8,29.22,35.58,34.5,91.0,14.350000000000001,74.9,100.0,390.0,3486.0,1.27,48.050000000000004,14.97,7.03,36.050000000000004,29.0,0.0,385.5,1200.0
91082.143,4682.143,140.0,102.10000000000001,24.400000000000002,15.97,187.0,35.85,150.0,29.28,35.59,34.5,87.5,14.0,74.4,99.80000000000001,388.0,3482.0,1.5,47.95,14.99,6.98,36.12,28.97,0.0,386.0,1200.0
91142.139,4742.139,140.0,100.30000000000001,24.41,15.97,185.0,35.6,149.0,29.28,35.5,34.6,88.5,14.200000000000001,74.5,99.9,394.5,3487.0,1.31,48.050000000000004,14.93,7.01,35.97,29.04,0.0,388.5,1200.0
91202.134,4802.134,140.0,101.5,24.37,16.02,185.0,35.6,146.9,29.21,35.57,34.45,86.5,14.25,74.7,99.30000000000001,392.0,3487.0,1.49,48.0,14.94,7.05,35.97,28.94,0.0,382.5,1200.0
91262.13,4862.13,140.0,102.2,24.43,16.01,185.0,35.65,150.6,29.28,35.42,34.5,88.0,14.25,74.4,100.0,388.5,3481.0,1.28,47.95,15.01,7.04,35.980000000000004,29.1,0.0,386.0,1200.0
91322.126,4922.126,140.0,101.9,24.29,15.99,183.5,35.75,148.5,29.25,35.53,34.45,88.0,14.15,74.8,100.0,386.5,3485.0,1.4000000000000001,48.0,14.99,7.01,35.94,29.05,3.0,386.5,1200.0
91382.122,4982.122,140.0,101.7,24.330000000000002,15.97,184.5,35.45,147.5,29.240000000000002,35.5,34.45,89.0,14.200000000000001,74.8,100.0,384.0,3485.0,1.32,48.050000000000004,14.97,6.99,36.02,29.02,0.0,379.0,1200.0
91442.118,5042.118,140.0,103.0,24.41,16.05,184.0,35.65,148.8,29.19,35.47,34.5,88.0,14.3,74.5,100.0,384.5,3483.0,1.24,48.0,15.030000000000001,6.99,35.97,28.93,0.0,385.5,1200.0
91502.114,5102.114,140.0,102.30000000000001,24.330000000000002,16.01,184.0,35.6,148.3,29.2,35.5,34.45,88.0,14.15,74.2,99.7,386.0,3478.0,1.37,47.900000000000006,14.94,7.0,36.06,29.02,1.0,386.0,1200.0
91562.11,5162.11,140.0,102.2,24.38,16.0,184.0,35.45,147.4,29.25,35.47,34.45,87.0,14.3,74.10000000000001,99.80000000000001,386.5,3482.0,1.27,47.85,15.040000000000001,6.97,36.03,28.990000000000002,0.0,384.0,1200.0
91622.106,5222.106,140.0,103.7,24.37,15.96,185.5,35.75,149.6,29.22,35.57,34.45,88.5,14.3,75.10000000000001,100.0,392.5,3481.0,1.42,48.0,14.96,6.97,36.01,28.990000000000002,0.0,389.0,1200.0
91682.102,5282.102,140.0,100.9,24.330000000000002,15.98,184.5,35.6,148.8,29.25,35.44,34.45,86.5,14.100000000000001,75.0,100.0,384.5,3479.0,1.52,48.0,14.96,7.01,35.99,29.0,0.0,383.0,1200.0
91742.099,5342.099,140.0,102.10000000000001,24.37,16.06,184.5,35.6,149.4,29.150000000000002,35.52,34.45,88.0,14.15,74.7,99.80000000000001,385.0,3479.0,1.32,48.0,15.05,6.95,36.02,29.09,2.0,389.0,1200.0
91802.095,5402.095,140.0,100.5,24.34,15.99,184.0,35.800000000000004,147.6,29.19,35.44,34.300000000000004,86.0,14.100000000000001,75.10000000000001,99.7,386.5,3479.0,1.16,47.900000000000006,14.96,6.97,35.93,29.01,0.0,385.0,1200.0
91862.091,5462.091,140.0,101.80000000000001,24.330000000000002,15.96,184.0,35.7,147.70000000000002,29.3,35.5,34.550000000000004,86.0,14.15,74.60000000000001,99.9,385.0,3477.0,1.31,47.800000000000004,15.030000000000001,7.03,35.980000000000004,29.1,0.0,385.0,1200.0
91922.088,5522.088,140.0,102.30000000000001,24.42,15.99,182.5,35.75,149.8,29.310000000000002,35.47,34.4,88.5,14.200000000000001,74.5,99.9,385.5,3480.0,1.46,47.800000000000004,14.99,7.07,36.02,28.94,0.0,386.0,1200.0
91982.084,5582.084,140.0,103.0,24.400000000000002,16.01,184.5,35.550000000000004,147.9,29.29,35.44,34.45,90.0,14.100000000000001,74.60000000000001,100.0,384.5,3486.0,1.1300000000000001,47.75,14.99,6.95,35.93,29.03,0.0,388.0,1200.0
92042.081,5642.081,140.0,103.10000000000001,24.34,16.0,185.0,35.6,149.0,29.28,35.54,34.5,88.0,14.25,75.0,99.9,379.0,3485.0,1.44,47.95,14.93,6.95,36.03,28.96,0.0,383.0,1200.0
92102.078,5702.078,140.0,100.60000000000001,24.43,16.04,183.0,35.65,150.3,29.240000000000002,35.53,34.5,89.5,14.200000000000001,74.3,100.0,384.0,3482.0,1.17,47.900000000000006,14.950000000000001,6.98,35.92,29.04,2.0,388.5,1200.0
92162.075,5762.075,140.0,102.5,24.36,16.05,185.0,35.75,149.6,29.27,35.59,34.550000000000004,85.0,14.100000000000001,74.60000000000001,100.0,386.0,3489.0,1.26,48.0,15.030000000000001,6.98,35.92,28.95,2.0,383.5,1200.0
92222.071,5822.071,140.0,101.2,24.35,15.99,183.0,35.65,149.70000000000002,29.32,35.56,34.550000000000004,87.0,14.200000000000001,74.3,100.0,387.5,3480.0,1.5,48.150000000000006,15.01,7.05,36.06,29.0,0.0,387.5,1200.0
92282.068,5882.068,140.0,101.7,24.45,16.01,186.0,35.800000000000004,147.3,29.3,35.57,34.5,88.0,14.15,74.7,99.7,390.0,3488.0,1.44,48.0,14.98,7.0600000000000005,36.03,28.96,0.0,385.0,1200.0
92342.065,5942.065,140.0,102.0,24.42,15.99,186.0,35.800000000000004,150.20000000000002,29.400000000000002,35.57,34.45,86.0,14.15,74.10000000000001,100.0,386.5,3489.0,1.46,48.050000000000004,15.040000000000001,6.99,35.99,28.98,0.0,386.0,1200.0
92402.062,6002.062,140.0,101.60000000000001,24.44,16.05,186.0,35.75,149.0,29.26,35.550000000000004,34.6,88.0,14.05,74.2,99.7,389.0,3486.0,1.52,48.1,14.99,6.98,36.0,29.0,2.0,385.0,1200.0
92462.059,6062.059,140.0,103.10000000000001,24.41,15.93,186.0,35.7,147.5,29.37,35.59,34.65,88.0,14.15,74.7,100.0,390.5,3488.0,1.29,48.050000000000004,15.0,6.92,35.97,29.05,0.0,386.0,1200.0
92522.056,6122.056,140.0,101.4,24.44,16.01,185.5,35.800000000000004,149.3,29.240000000000002,35.56,34.4,87.0,14.100000000000001,74.0,99.9,386.5,3490.0,1.45,48.1,14.93,7.01,36.04,28.98,0.0,387.0,1200.0
92582.053,6182.053,140.0,102.0,24.37,15.93,183.5,35.65,148.20000000000002,29.29,35.49,34.550000000000004,86.0,14.200000000000001,74.7,99.7,393.5,3490.0,1.3900000000000001,48.050000000000004,14.96,6.99,36.06,28.87,2.0,391.5,1200.0
92642.051,6242.051,140.0,102.10000000000001,24.35,15.98,186.0,35.7,147.8,29.32,35.5,34.550000000000004,89.0,14.05,74.4,99.9,387.0,3488.0,1.44,48.050000000000004,15.01,7.04,36.0,29.07,2.0,385.5,1200.0
92702.048,6302.048,140.0,99.5,24.43,15.950000000000001,184.0,35.7,149.20000000000002,29.34,35.5,34.45,88.0,14.05,74.4,100.0,388.0,3490.0,1.58,48.1,15.0,7.0,35.980000000000004,29.0,0.0,385.5,1200.0
92762.045,6362.045,140.0,101.5,24.38,16.0,184.0,35.85,149.1,29.26,35.6,34.45,87.5,14.100000000000001,74.60000000000001,100.0,386.0,3488.0,1.23,48.300000000000004,15.0,6.94,36.03,28.900000000000002,0.0,390.0,1200.0
92822.042,6422.042,140.0,101.7,24.34,15.93,184.5,35.7,149.4,29.27,35.6,34.4,87.0,14.100000000000001,75.2,100.0,391.0,3488.0,1.36,48.0,15.030000000000001,6.97,35.99,29.0,0.0,382.0,1200.0
92882.04,6482.04,140.0,103.2,24.310000000000002,16.01,183.5,35.65,147.5,29.28,35.53,34.550000000000004,90.0,14.100000000000001,74.2,99.80000000000001,388.0,3482.0,1.61,48.150000000000006,15.0,6.94,35.93,29.060000000000002,0.0,385.5,1200.0
92942.037,6542.037,140.0,100.9,24.36,15.97,185.5,35.75,148.9,29.18,35.47,34.45,89.0,14.100000000000001,74.5,99.9,387.5,3482.0,1.43,48.050000000000004,14.950000000000001,7.05,35.96,28.94,0.0,388.0,1200.0
93002.035,6602.035,140.0,101.80000000000001,24.400000000000002,15.97,182.0,35.65,147.70000000000002,29.29,35.5,34.35,85.0,14.200000000000001,74.60000000000001,100.0,387.5,3477.0,1.4000000000000001,48.050000000000004,14.96,6.98,36.01,28.97,1.0,388.0,1200.0
93062.032,6662.032,140.0,101.5,24.32,15.94,184.5,35.550000000000004,151.20000000000002,29.27,35.58,34.45,87.0,14.15,74.9,100.0,383.5,3479.0,1.61,47.95,14.950000000000001,7.01,35.93,29.02,1.0,384.0,1200.0
93122.03,6722.03,140.0,100.9,24.34,15.98,183.0,35.75,147.6,29.34,35.550000000000004,34.550000000000004,87.5,14.100000000000001,75.2,100.0,383.5,3477.0,1.34,47.85,15.07,6.98,35.980000000000004,28.93,0.0,382.5,1200.0
93182.027,6782.027,140.0,102.10000000000001,24.36,15.98,186.0,35.550000000000004,149.8,29.25,35.44,34.4,89.0,14.100000000000001,74.9,99.9,378.5,3481.0,1.35,48.050000000000004,15.0,7.0,36.02,28.93,0.0,389.0,1200.0
93242.025,6842.025,140.0,102.30000000000001,24.28,15.94,186.5,35.7,148.3,29.21,35.36,34.5,86.5,14.3,74.8,99.9,387.0,3473.0,1.3,47.95,14.99,6.94,36.07,29.02,0.0,382.0,1200.0
93302.022,6902.022,140.0,101.10000000000001,24.32,16.04,184.5,35.5,148.70000000000002,29.25,35.46,34.45,88.5,14.25,74.7,100.0,384.5,3474.0,1.3900000000000001,48.0,15.01,6.99,36.03,29.01,0.0,382.0,1200.0
93362.02,6962.02,140.0,103.2,24.3,15.99,182.0,35.65,147.20000000000002,29.26,35.480000000000004,34.550000000000004,86.5,14.0,74.2,100.0,382.5,3479.0,1.57,47.95,15.01,6.99,35.93,28.95,0.0,383.0,1200.0
93422.018,7022.018,140.0,101.5,24.34,15.96,183.0,35.7,148.5,29.2,35.39,34.45,88.0,14.05,75.10000000000001,99.5,383.0,3474.0,1.5,47.95,14.99,6.96,35.99,28.94,0.0,384.5,1200.0
93482.016,7082.016,140.0,100.80000000000001,24.41,15.89,182.5,35.7,149.5,29.240000000000002,35.42,34.550000000000004,88.0,14.25,74.7,100.0,381.0,3479.0,1.31,47.800000000000004,15.05,6.97,36.09,28.97,0.0,389.5,1200.0
93542.013,7142.013,140.0,101.4,24.330000000000002,16.0,184.0,35.6,148.5,29.26,35.47,34.45,89.5,13.950000000000001,74.5,100.0,384.0,3477.0,1.36,47.85,14.93,6.98,35.97,29.01,1.0,385.5,1200.0
93602.011,7202.011,140.0,101.5,24.36,16.04,182.5,35.65,148.8,29.13,35.47,34.4,87.0,14.25,74.8,100.0,384.0,3473.0,1.35,48.0,14.93,7.0600000000000005,36.02,29.07,0.0,385.0,1200.0
93662.009,7262.009,140.0,103.7,24.32,16.0,183.0,35.65,150.20000000000002,29.21,35.37,34.45,86.0,14.15,74.2,100.0,384.5,3479.0,1.32,48.0,14.96,6.96,36.09,28.990000000000002,0.0,383.0,1200.0
93722.007,7322.007,140.0,101.10000000000001,24.34,16.080000000000002,186.0,35.550000000000004,149.5,29.14,35.37,34.300000000000004,88.5,14.200000000000001,74.2,99.9,387.0,3478.0,1.58,47.85,15.030000000000001,7.0,35.99,28.98,0.0,390.0,1200.0
93782.005,7382.005,140.0,100.7,24.34,16.02,184.5,35.6,147.9,29.240000000000002,35.43,34.25,87.5,14.350000000000001,74.9,99.5,385.0,3475.0,1.52,47.75,15.05,6.99,35.96,29.04,1.0,388.5,1200.0
93842.003,7442.003,140.0,100.80000000000001,24.28,16.01,183.0,35.65,148.0,29.22,35.410000000000004,34.4,87.5,14.25,74.60000000000001,100.0,385.5,3473.0,1.43,47.800000000000004,14.99,7.09,35.97,29.09,1.0,386.0,1200.0
93902.001,7502.001,140.0,100.80000000000001,24.36,16.07,185.0,35.7,148.6,29.32,35.38,34.6,87.0,14.15,74.60000000000001,99.9,384.0,3474.0,1.44,47.85,14.99,7.0,35.94,29.0,0.0,382.5,1200.0
93961.998,7561.998,140.0,102.10000000000001,24.37,16.04,182.5,35.45,148.9,29.19,35.43,34.4,87.0,14.100000000000001,74.7,100.0,385.0,3469.0,1.22,48.050000000000004,15.0,7.04,35.99,29.05,0.0,386.5,1200.0
94021.996,7621.996,140.0,102.9,24.27,15.98,184.5,35.6,148.5,29.25,35.45,34.45,87.0,14.05,74.2,100.0,382.0,3473.0,1.6300000000000001,47.85,15.01,7.0,36.07,28.94,1.0,382.5,1200.0
94081.995,7681.995,140.0,101.7,24.34,15.98,185.5,35.65,148.0,29.2,35.37,34.300000000000004,85.5,14.05,74.60000000000001,99.7,384.0,3472.0,1.29,47.75,15.01,6.98,36.050000000000004,28.97,2.0,381.0,1200.0
94141.993,7741.993,140.0,101.0,24.41,15.950000000000001,185.5,35.5,150.70000000000002,29.13,35.32,34.4,84.5,14.0,74.4,99.80000000000001,378.5,3474.0,1.41,47.6,15.02,7.04,36.0,29.01,2.0,384.0,1200.0
94201.991,7801.991,140.0,102.0,24.28,15.92,184.5,35.5,147.20000000000002,29.17,35.26,34.25,85.0,14.15,74.4,100.0,384.0,3478.0,1.5,47.6,15.01,7.0200000000000005,35.97,28.96,0.0,386.0,1200.0
94261.989,7861.989,140.0,101.7,24.310000000000002,15.98,182.0,35.550000000000004,149.6,29.3,35.36,34.35,88.0,14.25,74.9,99.9,381.0,3469.0,1.45,47.75,15.05,7.07,35.96,28.95,1.0,384.0,1200.0
94321.987,7921.987,140.0,101.7,24.38,16.06,184.0,35.7,149.70000000000002,29.150000000000002,35.31,34.35,86.0,14.200000000000001,74.8,100.0,378.5,3472.0,1.4000000000000001,47.85,14.98,7.0600000000000005,35.99,28.900000000000002,0.0,383.0,1200.0
94381.985,7981.985,140.0,103.10000000000001,24.36,15.97,183.5,35.5,147.70000000000002,29.150000000000002,35.37,34.45,87.5,14.25,74.8,100.0,380.5,3467.0,1.3900000000000001,47.6,15.0,7.0,35.94,29.01,1.0,384.0,1200.0
94441.983,8041.983,140.0,101.5,24.330000000000002,15.99,184.0,35.550000000000004,149.6,29.150000000000002,35.38,34.45,87.5,14.15,75.3,100.0,379.0,3472.0,1.26,47.650000000000006,14.93,7.07,35.980000000000004,29.060000000000002,0.0,385.5,1200.0
94501.981,8101.981,140.0,101.80000000000001,24.41,16.0,182.5,35.45,149.6,29.14,35.4,34.45,86.5,14.25,74.9,100.0,383.0,3473.0,1.52,47.75,14.99,7.04,35.97,28.98,0.0,382.0,1200.0
94561.98,8161.98,140.0,101.10000000000001,24.38,15.98,182.0,35.550000000000004,150.1,29.150000000000002,35.410000000000004,34.35,86.5,14.05,74.9,100.0,385.0,3470.0,1.4000000000000001,47.800000000000004,14.97,7.01,36.02,28.98,0.0,384.0,1200.0
94621.978,8221.978,140.0,100.7,24.37,15.93,182.0,35.550000000000004,149.5,29.18,35.36,34.35,89.0,14.15,74.8,100.0,380.0,3466.0,1.35,47.650000000000006,15.01,7.0,36.01,28.98,5.0,382.5,1200.0
94681.976,8281.976,140.0,103.10000000000001,24.28,15.94,183.5,35.6,149.70000000000002,29.14,35.35,34.4,86.5,14.3,74.60000000000001,100.0,379.5,3475.0,1.36,47.550000000000004,14.99,7.03,36.01,28.95,1.0,382.5,1200.0
94741.974,8341.974,140.0,101.7,24.38,15.950000000000001,183.5,35.5,148.6,29.11,35.31,34.35,87.0,14.15,74.5,100.0,383.0,3472.0,1.37,47.7,14.950000000000001,7.0600000000000005,35.97,28.97,3.0,382.0,1200.0
94801.973,8401.973,140.0,101.10000000000001,24.38,15.99,186.0,35.6,149.0,29.05,35.31,34.300000000000004,86.0,14.05,74.9,99.5,382.5,3466.0,1.6,47.7,15.02,7.05,36.02,29.02,0.0,381.0,1200.0
94861.971,8461.971,140.0,102.7,24.34,15.950000000000001,182.5,35.550000000000004,148.5,29.13,35.39,34.25,89.0,14.200000000000001,75.0,100.0,384.0,3475.0,1.62,47.7,14.99,7.08,36.03,29.0,0.0,379.0,1200.0
94921.969,8521.969,140.0,102.7,24.45,16.01,183.5,35.6,149.9,29.07,35.4,34.300000000000004,86.0,14.200000000000001,74.8,100.0,382.5,3477.0,1.33,47.75,14.99,7.03,36.04,28.96,0.0,381.5,1200.0
94981.968,8581.968,140.0,102.4,24.34,16.01,185.0,35.550000000000004,148.4,29.13,35.31,34.35,87.5,14.0,74.8,99.60000000000001,382.0,3475.0,1.36,47.6,15.0,6.98,36.050000000000004,29.03,0.0,380.5,1200.0
95041.966,8641.966,140.0,100.5,24.330000000000002,16.01,183.0,35.550000000000004,148.6,29.18,35.31,34.25,90.0,14.3,74.9,100.0,384.5,3474.0,1.42,47.7,14.950000000000001,6.97,35.99,29.060000000000002,0.0,386.5,1200.0
95101.965,8701.965,140.0,100.4,24.32,15.97,185.0,35.5,148.6,29.060000000000002,35.37,34.300000000000004,87.0,14.25,74.5,99.9,384.0,3472.0,1.3900000000000001,47.7,14.93,7.04,35.94,28.98,0.0,381.5,1200.0
95161.963,8761.963,140.0,102.0,24.43,15.94,183.0,35.4,149.20000000000002,29.240000000000002,35.4,34.300000000000004,89.0,14.15,74.3,99.60000000000001,386.5,3476.0,1.42,47.75,14.99,6.94,36.07,29.05,0.0,382.5,1200.0
95221.962,8821.962,140.0,100.4,24.37,15.97,186.0,35.7,148.5,29.11,35.37,34.300000000000004,89.0,14.3,74.7,99.7,378.5,3473.0,1.3800000000000001,47.6,14.96,7.04,35.94,28.98,0.0,386.0,1200.0
95281.96,8881.96,140.0,101.4,24.34,16.05,184.5,35.6,148.9,29.25,35.43,34.4,86.5,14.100000000000001,75.0,100.0,383.0,3474.0,1.44,47.7,14.96,6.97,36.09,28.96,0.0,381.0,1200.0
95341.958,8941.958,140.0,101.7,24.400000000000002,16.03,186.5,35.6,146.70000000000002,29.11,35.42,34.45,85.5,14.05,74.60000000000001,99.9,380.5,3478.0,1.45,47.7,15.05,6.98,36.03,29.080000000000002,1.0,383.5,1200.0
95401.957,9001.957,140.0,102.10000000000001,24.39,15.950000000000001,184.0,35.5,148.4,29.2,35.45,34.45,88.5,14.15,74.7,99.60000000000001,388.5,3477.0,1.52,47.900000000000006,14.98,6.98,36.08,28.94,0.0,386.0,1200.0
95461.956,9061.956,140.0,101.7,24.400000000000002,16.01,183.5,35.5,150.20000000000002,29.18,35.42,34.550000000000004,86.5,14.15,74.9,100.0,386.5,3471.0,1.4000000000000001,47.75,14.98,6.96,35.99,29.01,0.0,383.5,1200.0
95521.954,9121.954,140.0,103.10000000000001,24.34,16.03,183.0,35.550000000000004,147.1,29.22,35.39,34.5,87.5,14.15,75.0,99.7,382.5,3478.0,1.49,47.800000000000004,15.0,6.98,36.08,28.990000000000002,3.0,384.5,1200.0
95581.953,9181.953,140.0,102.9,24.330000000000002,15.97,185.5,35.65,148.70000000000002,29.26,35.5,34.65,87.5,14.15,74.2,100.0,384.0,3478.0,1.47,47.900000000000006,14.950000000000001,7.0,35.93,28.96,0.0,387.0,1200.0
95641.951,9241.951,140.0,101.60000000000001,24.29,15.96,185.5,35.6,148.6,29.22,35.410000000000004,34.35,87.0,14.15,74.9,99.9,383.5,3479.0,1.4000000000000001,47.7,14.93,7.04,36.050000000000004,29.03,0.0,383.0,1200.0
95701.95,9301.95,140.0,101.9,24.42,15.94,184.5,35.550000000000004,149.4,29.19,35.45,34.4,88.0,14.15,74.9,100.0,384.0,3477.0,1.29,47.900000000000006,15.0,6.99,36.11,29.04,1.0,384.0,1200.0
95761.948,9361.948,140.0,101.60000000000001,24.41,16.01,183.5,35.550000000000004,148.1,29.16,35.410000000000004,34.5,87.5,14.05,74.7,99.60000000000001,382.0,3477.0,1.37,47.85,15.08,6.95,35.910000000000004,28.990000000000002,0.0,387.0,1200.0
95821.947,9421.947,140.0,100.9,24.37,16.03,183.5,35.7,150.0,29.150000000000002,35.410000000000004,34.35,84.5,14.200000000000001,74.8,99.9,386.0,3480.0,1.41,47.75,14.99,6.95,36.03,29.05,0.0,382.0,1200.0
95881.946,9481.946,140.0,101.60000000000001,24.44,15.97,185.0,35.6,150.0,29.330000000000002,35.410000000000004,34.4,87.0,14.15,74.3,100.0,380.5,3478.0,1.47,47.75,15.0,7.03,35.980000000000004,28.96,0.0,384.0,1200.0
95941.944,9541.944,140.0,102.60000000000001,24.330000000000002,15.93,184.0,35.550000000000004,149.0,29.240000000000002,35.49,34.45,88.0,14.15,74.5,100.0,382.5,3478.0,1.3,47.75,15.05,6.99,35.95,28.96,0.0,381.0,1200.0
96001.943,9601.943,140.0,102.60000000000001,24.330000000000002,15.96,186.5,35.65,149.5,29.2,35.410000000000004,34.4,89.5,14.05,74.4,99.9,390.0,3476.0,1.45,47.85,14.950000000000001,6.99,36.0,28.95,0.0,382.5,1200.0
96061.942,9661.942,140.0,101.4,24.27,15.96,183.5,35.65,148.4,29.3,35.47,34.45,87.0,14.200000000000001,74.7,99.9,386.5,3474.0,1.56,47.75,14.99,6.97,35.92,29.0,1.0,386.5,1200.0
96121.94,9721.94,140.0,101.9,24.32,16.06,184.0,35.7,149.0,29.28,35.45,34.45,88.5,14.15,74.0,100.0,381.5,3478.0,1.4000000000000001,47.95,14.98,7.0,35.97,29.05,0.0,388.5,1200.0
96181.939,9781.939,140.0,102.5,24.35,16.01,185.5,35.6,148.8,29.19,35.5,34.5,87.5,14.15,74.2,99.5,382.0,3477.0,1.3900000000000001,47.85,15.030000000000001,6.98,36.02,28.97,1.0,384.5,1200.0
96241.938,9841.938,140.0,103.10000000000001,24.3,16.0,184.0,35.550000000000004,149.5,29.150000000000002,35.42,34.4,87.5,14.15,75.0,100.0,387.0,3470.0,1.42,47.95,14.99,7.03,35.97,28.95,0.0,384.0,1200.0
96301.937,9901.937,140.0,102.80000000000001,24.36,16.03,185.0,35.65,148.6,29.13,35.42,34.2,87.5,14.15,74.60000000000001,100.0,382.0,3477.0,1.6,47.900000000000006,15.05,6.93,36.09,28.93,1.0,383.0,1200.0
96361.935,9961.935,140.0,102.7,24.37,15.950000000000001,184.0,35.4,147.9,29.13,35.35,34.35,89.5,14.200000000000001,74.5,99.7,382.5,3474.0,1.09,47.900000000000006,14.94,7.03,36.01,29.03,3.0,385.0,1200.0
96421.934,10021.934,140.0,103.5,24.41,15.91,183.0,35.550000000000004,149.1,29.1,35.45,34.4,85.0,14.200000000000001,74.8,99.5,382.0,3474.0,1.41,47.6,14.99,7.1000000000000005,36.02,29.1,0.0,384.5,1200.0
96481.933,10081.933,140.0,100.80000000000001,24.38,16.02,184.5,35.550000000000004,149.3,29.14,35.34,34.4,87.0,14.25,75.3,99.9,384.0,3477.0,1.43,47.75,15.02,6.93,35.97,28.97,1.0,381.0,1200.0
96541.932,10141.932,140.0,101.4,24.36,16.05,182.5,35.550000000000004,147.3,29.12,35.4,34.35,87.5,14.200000000000001,75.0,100.0,382.0,3469.0,1.4000000000000001,47.75,15.02,6.98,36.08,28.94,1.0,381.5,1200.0
96601.93,10201.93,140.0,101.7,24.36,16.03,183.5,35.45,149.0,29.080000000000002,35.33,34.25,87.0,14.05,75.0,99.60000000000001,383.5,3476.0,1.3800000000000001,47.7,14.96,7.0,35.96,28.97,0.0,383.0,1200.0
96661.929,10261.929,140.0,101.30000000000001,24.35,15.97,184.5,35.65,149.20000000000002,29.05,35.31,34.4,86.0,14.25,74.60000000000001,100.0,377.0,3469.0,1.3800000000000001,47.800000000000004,14.99,6.96,35.94,29.0,0.0,383.5,1200.0
96721.928,10321.928,140.0,101.10000000000001,24.39,16.0,182.5,35.5,148.9,29.03,35.38,34.25,87.0,14.100000000000001,74.7,100.0,383.0,3479.0,1.46,47.900000000000006,14.99,6.98,36.01,29.060000000000002,0.0,383.5,1200.0
96781.927,10381.927,140.0,100.30000000000001,24.34,15.98,184.5,35.550000000000004,149.8,29.1,35.28,34.35,87.0,14.15,75.4,100.0,383.0,3470.0,1.35,47.800000000000004,14.98,6.99,36.0,28.990000000000002,0.0,383.5,1200.0
96841.926,10441.926,140.0,101.9,24.310000000000002,15.97,184.0,35.6,149.0,29.150000000000002,35.35,34.35,87.5,14.25,75.2,100.0,378.0,3470.0,1.33,47.800000000000004,14.950000000000001,7.0600000000000005,36.03,29.060000000000002,0.0,381.0,1200.0
96901.925,10501.925,140.0,101.2,24.34,15.99,186.0,35.5,148.6,29.150000000000002,35.44,34.300000000000004,86.5,14.200000000000001,75.5,99.9,380.5,3473.0,1.31,47.900000000000006,15.07,6.97,35.96,28.97,1.0,383.5,1200.0
96961.923,10561.923,140.0,102.60000000000001,24.36,16.0,185.5,35.5,149.6,29.2,35.37,34.45,88.5,14.25,74.7,100.0,383.5,3471.0,1.29,47.800000000000004,15.030000000000001,6.98,35.980000000000004,28.95,1.0,380.5,1200.0
97021.922,10621.922,140.0,101.7,24.36,15.97,184.0,35.4,148.8,29.09,35.35,34.4,87.5,14.200000000000001,75.10000000000001,100.0,383.0,3474.0,1.42,47.6,14.950000000000001,7.0200000000000005,36.01,29.04,0.0,380.5,1200.0
97081.921,10681.921,140.0,101.5,24.36,16.03,184.0,35.5,149.1,29.23,35.4,34.25,86.5,14.100000000000001,74.60000000000001,99.7,387.5,3468.0,1.27,47.800000000000004,14.99,6.98,35.99,28.98,0.0,379.0,1200.0
97141.92,10741.92,140.0,102.30000000000001,24.39,16.02,183.0,35.5,148.1,29.14,35.45,34.300000000000004,86.5,14.200000000000001,74.8,100.0,384.0,3473.0,1.3800000000000001,47.900000000000006,14.98,6.95,36.07,28.96,0.0,380.0,1200.0
97201.919,10801.919,140.0,101.4,24.34,15.950000000000001,185.5,35.6,150.20000000000002,29.14,35.5,34.45,88.5,14.15,74.7,99.9,381.0,3470.0,1.4000000000000001,47.75,14.93,6.97,36.03,29.02,1.0,386.5,1200.0
97261.918,10861.918,140.0,103.7,24.36,15.99,185.0,35.550000000000004,148.20000000000002,29.16,35.37,34.35,87.0,14.200000000000001,74.7,99.7,386.5,3463.0,1.3900000000000001,47.75,14.98,7.01,36.04,29.09,0.0,379.5,1200.0
97321.917,10921.917,140.0,101.5,24.37,16.04,183.0,35.75,148.70000000000002,29.16,35.230000000000004,34.35,88.5,14.100000000000001,74.3,100.0,377.0,3472.0,1.3,47.650000000000006,14.98,6.97,36.050000000000004,29.02,0.0,382.5,1200.0
97381.916,10981.916,140.0,99.9,24.3,16.02,184.5,35.550000000000004,148.8,29.150000000000002,35.37,34.25,88.0,14.15,74.3,100.0,384.5,3474.0,1.4000000000000001,47.650000000000006,15.02,6.98,36.02,29.0,0.0,381.0,1200.0
97441.915,11041.915,140.0,101.5,24.37,15.98,184.5,35.6,150.3,29.13,35.410000000000004,34.4,86.0,14.15,74.8,99.7,383.5,3470.0,1.48,47.6,14.93,7.04,35.980000000000004,29.13,0.0,381.5,1200.0
97501.914,11101.914,140.0,100.30000000000001,24.25,15.99,185.0,35.7,148.0,29.12,35.31,34.45,86.5,14.200000000000001,74.3,99.60000000000001,383.0,3471.0,1.36,47.7,15.030000000000001,7.07,36.02,28.91,0.0,380.0,1200.0
97561.913,11161.913,140.0,102.2,24.34,16.02,185.0,35.6,148.6,29.21,35.38,34.300000000000004,86.0,14.4,74.10000000000001,100.0,386.0,3469.0,1.41,47.650000000000006,14.97,6.96,36.04,29.0,2.0,377.5,1200.0
97621.912,11221.912,140.0,100.4,24.37,15.9,182.5,35.800000000000004,148.70000000000002,29.310000000000002,35.35,34.4,87.5,14.15,74.10000000000001,100.0,379.0,3471.0,1.36,47.550000000000004,15.01,6.97,36.0,28.94,0.0,382.5,1200.0
97681.911,11281.911,140.0,103.0,24.36,16.0,185.0,35.5,148.3,29.12,35.410000000000004,34.35,88.0,14.15,74.3,100.0,382.5,3469.0,1.46,47.7,14.950000000000001,7.0,35.980000000000004,29.07,3.0,379.5,1200.0
97741.91,11341.91,140.0,102.30000000000001,24.34,15.98,182.5,35.65,148.9,29.16,35.39,34.300000000000004,88.0,14.100000000000001,74.0,99.60000000000001,381.5,3469.0,1.34,47.5,15.040000000000001,6.98,35.97,29.04,0.0,379.5,1200.0
97801.909,11401.909,140.0,101.0,24.35,16.02,184.5,35.65,147.70000000000002,29.21,35.43,34.35,85.5,14.25,74.4,100.0,380.5,3466.0,1.58,47.800000000000004,15.040000000000001,7.03,36.01,28.94,0.0,382.5,1200.0
97861.908,11461.908,140.0,100.60000000000001,24.35,16.02,185.0,35.5,149.70000000000002,29.18,35.44,34.25,88.5,14.05,74.8,99.7,382.5,3467.0,1.44,47.650000000000006,14.950000000000001,6.96,36.02,29.09,0.0,382.5,1200.0
97921.907,11521.907,140.0,102.10000000000001,24.330000000000002,15.93,183.5,35.35,149.3,29.240000000000002,35.38,34.300000000000004,88.5,14.25,75.2,100.0,386.0,3468.0,1.31,47.650000000000006,14.96,7.04,36.04,29.12,0.0,380.5,1200.0
97981.906,11581.906,140.0,101.9,24.330000000000002,15.94,184.5,35.550000000000004,149.70000000000002,29.19,35.43,34.45,86.0,14.200000000000001,74.7,99.7,383.0,3468.0,1.42,47.7,15.08,7.09,35.99,29.02,0.0,379.5,1200.0
98041.905,11641.905,140.0,99.60000000000001,24.36,16.01,184.0,35.6,150.1,29.14,35.38,34.35,88.0,14.25,74.4,100.0,384.5,3472.0,1.44,47.6,14.98,7.01,36.02,29.0,0.0,379.5,1200.0
98101.904,11701.904,140.0,102.4,24.45,15.93,183.5,35.7,147.70000000000002,29.150000000000002,35.4,34.25,86.5,14.15,73.9,100.0,379.0,3475.0,1.4000000000000001,47.7,14.99,7.0200000000000005,36.01,29.02,0.0,384.5,1200.0
98161.903,11761.903,140.0,101.9,24.400000000000002,16.02,185.5,35.75,147.6,29.21,35.45,34.300000000000004,88.5,14.25,74.5,100.0,389.5,3470.0,1.43,47.650000000000006,14.96,7.01,35.97,28.990000000000002,0.0,383.0,1200.0
98221.902,11821.902,140.0,101.4,24.38,16.05,182.0,35.65,148.5,29.13,35.36,34.4,88.5,14.100000000000001,74.8,100.0,385.0,3474.0,1.3900000000000001,47.550000000000004,14.96,6.93,36.01,29.01,3.0,383.0,1200.0
98281.901,11881.901,140.0,102.0,24.42,15.98,183.5,35.75,148.8,29.16,35.4,34.4,86.5,14.25,75.3,99.30000000000001,383.5,3476.0,1.33,47.7,14.99,6.95,36.06,29.0,2.0,381.5,1200.0
98341.9,11941.9,140.0,101.9,24.41,15.950000000000001,185.0,35.6,149.1,29.2,35.33,34.300000000000004,88.5,14.3,75.3,100.0,381.0,3472.0,1.68,47.650000000000006,15.07,7.01,36.06,29.02,1.0,387.5,1200.0
98401.9,12001.9,140.0,103.80000000000001,24.310000000000002,16.0,183.5,35.6,149.6,29.2,35.38,34.35,87.0,14.05,75.10000000000001,99.80000000000001,384.5,3475.0,1.45,47.85,15.0,7.08,35.99,29.01,0.0,384.0,1200.0
98461.899,12061.899,140.0,102.0,24.37,16.080000000000002,183.5,35.65,149.3,29.16,35.43,34.5,86.0,14.100000000000001,75.10000000000001,99.80000000000001,387.5,3474.0,1.52,47.75,14.99,6.95,36.050000000000004,29.01,1.0,383.0,1200.0
98521.898,12121.898,140.0,101.10000000000001,24.37,16.02,184.5,35.6,147.8,29.240000000000002,35.42,34.45,85.5,14.15,74.4,100.0,381.0,3473.0,1.4000000000000001,47.85,15.01,7.0,36.050000000000004,28.98,0.0,382.0,1200.0
98581.897,12181.897,140.0,101.80000000000001,24.38,15.9,182.5,35.65,147.70000000000002,29.14,35.36,34.5,88.0,14.200000000000001,74.4,99.9,381.0,3472.0,1.48,47.800000000000004,14.99,6.99,36.050000000000004,29.02,1.0,381.5,1200.0
98641.896,12241.896,140.0,101.5,24.37,15.88,183.5,35.65,148.1,29.14,35.39,34.25,88.5,14.200000000000001,75.2,99.9,382.0,3475.0,1.46,47.75,14.92,7.01,35.92,29.02,1.0,383.0,1200.0
98701.895,12301.895,140.0,103.2,24.310000000000002,15.98,182.5,35.550000000000004,148.9,29.23,35.32,34.45,86.0,14.15,75.0,99.80000000000001,380.5,3471.0,1.51,47.7,14.99,7.01,36.0,28.97,0.0,386.5,1200.0
98761.894,12361.894,140.0,101.2,24.34,15.99,185.5,35.65,149.3,29.09,35.33,34.35,87.0,14.25,74.5,100.0,386.0,3472.0,1.4000000000000001,47.7,15.0,7.0,36.03,28.92,0.0,382.5,1200.0
98821.893,12421.893,140.0,103.10000000000001,24.36,15.98,183.0,35.7,150.0,29.14,35.4,34.4,86.5,14.25,74.7,100.0,380.5,3472.0,1.26,47.650000000000006,15.0,6.98,35.93,29.07,2.0,382.0,1200.0
98881.893,12481.893,140.0,103.4,24.330000000000002,16.01,182.5,35.65,148.4,29.150000000000002,35.43,34.4,86.0,14.200000000000001,75.10000000000001,99.9,381.5,3471.0,1.54,47.7,15.0,7.05,36.050000000000004,29.02,3.0,380.5,1200.0
98941.892,12541.892,140.0,101.9,24.26,15.94,183.5,35.550000000000004,147.5,29.14,35.45,34.300000000000004,88.5,14.15,75.3,100.0,382.5,3463.0,1.34,47.650000000000006,15.02,6.96,35.97,29.05,0.0,384.0,1200.0
99001.891,12601.891,140.0,101.5,24.36,15.97,183.5,35.7,149.8,29.16,35.26,34.4,88.0,14.100000000000001,74.3,99.9,379.5,3465.0,1.42,47.7,14.96,7.0200000000000005,36.04,28.97,1.0,383.0,1200.0
99061.89,12661.89,140.0,101.5,24.400000000000002,16.01,183.0,35.5,149.8,29.13,35.37,34.35,85.5,14.15,74.60000000000001,100.0,381.5,3469.0,1.4000000000000001,47.650000000000006,15.01,7.01,35.95,29.01,0.0,384.0,1200.0
99121.889,12721.889,140.0,101.5,24.34,15.99,183.0,35.7,149.5,29.1,35.35,34.35,88.0,14.15,74.5,99.9,384.0,3470.0,1.42,47.7,15.01,6.99,36.09,28.990000000000002,3.0,387.5,1200.0
99181.889,12781.889,140.0,103.30000000000001,24.38,16.080000000000002,183.0,35.65,150.0,29.14,35.35,34.4,89.0,14.4,74.8,100.0,383.0,3467.0,1.52,47.6,15.040000000000001,6.99,36.0,29.02,0.0,386.0,1200.0
99241.888,12841.888,140.0,102.4,24.39,15.96,182.5,35.6,148.8,29.150000000000002,35.33,34.300000000000004,86.5,14.100000000000001,74.8,100.0,378.5,3469.0,1.41,47.7,15.01,6.98,35.92,29.03,2.0,380.0,1200.0
99301.887,12901.887,140.0,102.30000000000001,24.37,15.93,182.5,35.5,150.3,29.060000000000002,35.36,34.45,88.5,14.3,74.8,100.0,384.0,3469.0,1.36,47.550000000000004,14.93,6.97,35.94,28.92,1.0,380.0,1200.0
99361.886,12961.886,140.0,102.5,24.310000000000002,15.98,183.0,35.5,149.70000000000002,29.13,35.32,34.4,85.0,14.200000000000001,75.2,100.0,378.0,3469.0,1.32,47.550000000000004,15.02,7.0,36.01,28.96,0.0,382.0,1200.0
99421.885,13021.885,140.0,100.80000000000001,24.34,15.97,183.5,35.5,149.20000000000002,29.11,35.37,34.2,88.0,14.25,74.4,100.0,384.0,3469.0,1.42,47.7,14.97,6.97,35.99,28.990000000000002,0.0,384.0,1200.0
99481.885,13081.885,140.0,101.60000000000001,24.34,16.0,183.5,35.6,150.5,29.080000000000002,35.300000000000004,34.35,86.0,14.100000000000001,75.4,100.0,384.5,3482.0,1.35,47.650000000000006,15.030000000000001,6.96,36.050000000000004,29.05,0.0,384.0,1200.0
99541.884,13141.884,140.0,100.4,24.35,15.97,185.5,35.45,148.70000000000002,29.16,35.35,34.300000000000004,86.5,14.100000000000001,74.4,99.9,383.0,3471.0,1.31,47.85,14.98,6.99,35.980000000000004,28.990000000000002,0.0,382.0,1200.0
99601.883,13201.883,140.0,101.30000000000001,24.39,15.96,183.0,35.6,148.1,29.07,35.31,34.35,84.5,14.200000000000001,75.4,99.80000000000001,382.0,3475.0,1.32,47.800000000000004,14.97,7.0,36.01,29.03,3.0,387.5,1200.0
99661.882,13261.882,140.0,101.4,24.400000000000002,16.06,184.5,35.5,150.0,29.060000000000002,35.24,34.25,89.0,14.200000000000001,75.3,99.60000000000001,381.0,3476.0,1.44,47.650000000000006,14.99,7.0,36.09,29.02,2.0,387.0,1200.0
99721.882,13321.882,140.0,101.5,24.43,16.01,186.0,35.65,148.20000000000002,29.150000000000002,35.29,34.45,87.0,14.15,75.3,99.7,379.5,3477.0,1.41,47.800000000000004,15.01,7.0200000000000005,36.01,29.0,0.0,383.0,1200.0
99781.881,13381.881,140.0,101.5,24.330000000000002,16.03,184.0,35.65,148.9,29.0,35.31,34.300000000000004,85.0,14.25,75.3,100.0,386.5,3478.0,1.5,47.650000000000006,15.030000000000001,7.05,35.96,28.94,1.0,386.0,1200.0
99841.88,13441.88,140.0,103.2,24.44,16.0,182.5,35.65,149.1,29.2,35.28,34.25,84.5,14.15,75.0,99.7,384.0,3479.0,1.3900000000000001,47.7,15.09,7.0,36.0,28.97,1.0,381.0,1200.0
99901.88,13501.88,140.0,101.80000000000001,24.330000000000002,16.05,184.0,35.4,148.70000000000002,29.03,35.37,34.25,87.5,14.3,75.8,100.0,386.5,3472.0,1.43,47.85,15.07,7.1000000000000005,35.94,29.0,0.0,384.0,1200.0
99961.879,13561.879,140.0,102.0,24.400000000000002,15.97,183.0,35.75,149.5,29.09,35.31,34.35,88.0,14.25,75.2,99.60000000000001,385.0,3476.0,1.31,47.550000000000004,15.030000000000001,7.0,35.92,28.98,0.0,385.0,1200.0
100021.878,13621.878,140.0,102.60000000000001,24.330000000000002,15.97,186.0,35.4,150.0,29.150000000000002,35.33,34.4,87.0,14.15,74.7,100.0,386.0,3471.0,1.3900000000000001,47.650000000000006,14.99,7.0,35.980000000000004,28.97,0.0,384.0,1200.0
100081.877,13681.877,140.0,102.4,24.38,15.98,183.0,35.5,150.5,29.07,35.31,34.25,87.5,14.350000000000001,75.0,100.0,385.0,3468.0,1.3800000000000001,47.75,15.0,6.9,36.03,28.92,1.0,386.0,1200.0
100141.877,13741.877,140.0,102.0,24.330000000000002,16.01,183.5,35.5,148.3,29.04,35.25,34.4,86.0,14.05,75.60000000000001,100.0,382.5,3472.0,1.3800000000000001,47.75,14.96,7.01,36.0,28.97,0.0,380.0,1200.0
100201.876,13801.876,140.0,101.9,24.36,15.96,181.5,35.550000000000004,150.5,29.12,35.27,34.35,87.5,14.200000000000001,75.10000000000001,100.0,384.0,3478.0,1.4000000000000001,47.75,15.01,7.0,35.980000000000004,28.88,0.0,378.0,1200.0
100261.875,13861.875,140.0,101.2,24.43,15.88,184.5,35.4,149.20000000000002,29.0,35.28,34.4,85.5,14.100000000000001,74.9,100.0,382.5,3466.0,1.33,47.75,15.0,6.96,36.0,29.02,1.0,385.0,1200.0
100321.875,13921.875,140.0,99.9,24.400000000000002,16.0,183.0,35.45,148.8,28.900000000000002,35.160000000000004,34.15,87.5,14.25,75.2,99.60000000000001,381.0,3467.0,1.3900000000000001,47.85,14.97,7.0,36.08,28.900000000000002,0.0,382.5,1200.0
100381.874,13981.874,140.0,102.2,24.39,15.99,184.5,35.5,149.3,28.95,35.2,34.2,87.0,14.25,74.9,100.0,381.5,3467.0,1.56,47.6,14.99,7.0200000000000005,36.02,29.03,0.0,383.5,1200.0
100441.873,14041.873,140.0,102.0,24.36,15.98,183.5,35.4,149.8,29.0,35.34,34.300000000000004,86.5,14.100000000000001,74.7,100.0,381.5,3469.0,1.34,47.550000000000004,15.030000000000001,7.01,35.96,29.03,0.0,377.0,1200.0
100501.873,14101.873,140.0,101.5,24.34,16.0,181.0,35.4,148.0,28.96,35.230000000000004,34.300000000000004,88.0,14.05,74.8,100.0,380.5,3470.0,1.52,47.6,14.99,7.0,35.96,29.03,2.0,378.5,1200.0
100561.872,14161.872,140.0,102.9,24.35,16.0,183.0,35.300000000000004,150.0,28.93,35.230000000000004,34.25,85.5,14.25,75.4,99.7,377.5,3466.0,1.3800000000000001,47.650000000000006,15.0,6.97,36.0,28.990000000000002,2.0,382.0,1200.0
100621.871,14221.871,140.0,102.10000000000001,24.34,15.98,182.5,35.25,150.4,28.97,35.11,34.25,87.0,14.15,75.10000000000001,100.0,377.0,3462.0,1.34,47.45,14.950000000000001,6.95,35.980000000000004,29.0,2.0,378.0,1200.0
100681.871,14281.871,140.0,101.10000000000001,24.26,16.01,184.5,35.35,147.1,28.93,35.230000000000004,34.050000000000004,88.5,14.05,75.2,99.9,380.5,3462.0,1.3800000000000001,47.550000000000004,15.040000000000001,7.0,36.08,29.0,0.0,379.0,1200.0
100741.87,14341.87,140.0,102.0,24.36,15.99,182.0,35.35,148.4,28.85,35.17,34.1,87.5,14.25,74.9,100.0,380.0,3465.0,1.31,47.6,15.06,6.98,35.95,29.07,1.0,379.5,1200.0
100801.869,14401.869,140.0,102.10000000000001,24.3,16.03,183.0,35.35,148.0,29.03,35.13,34.15,88.5,14.25,74.7,99.9,379.5,3460.0,1.41,47.5,14.950000000000001,7.05,35.980000000000004,28.990000000000002,0.0,380.5,1200.0
100861.869,14461.869,140.0,101.60000000000001,24.39,16.04,181.0,35.4,149.5,28.92,35.15,33.95,85.5,14.200000000000001,75.0,99.30000000000001,380.5,3465.0,1.43,47.550000000000004,14.92,7.01,36.03,29.0,0.0,378.0,1200.0
100921.868,14521.868,140.0,101.10000000000001,24.32,16.0,182.0,35.1,149.5,28.77,35.07,33.85,86.5,14.100000000000001,75.5,100.0,377.5,3456.0,1.3800000000000001,47.5,14.96,6.94,35.94,28.94,0.0,376.0,1200.0
100981.868,14581.868,140.0,101.5,24.34,16.03,181.0,35.300000000000004,149.0,28.92,34.980000000000004,34.050000000000004,88.5,14.100000000000001,75.10000000000001,99.80000000000001,381.5,3457.0,1.3800000000000001,47.650000000000006,14.92,6.99,35.980000000000004,28.93,0.0,378.0,1200.0
101041.867,14641.867,140.0,100.0,24.37,15.97,183.5,35.25,149.5,28.8,34.980000000000004,34.0,87.0,14.15,75.4,99.80000000000001,380.5,3458.0,1.33,47.45,14.98,6.91,35.99,29.04,1.0,372.0,1200.0
101101.866,14701.866,140.0,102.4,24.3,16.02,180.5,35.25,151.6,28.810000000000002,35.04,34.0,88.5,14.15,75.2,100.0,372.0,3458.0,1.44,47.45,15.0,7.01,35.96,29.01,0.0,377.5,1200.0
101161.866,14761.866,140.0,100.80000000000001,24.330000000000002,15.98,181.0,35.15,148.6,28.7,34.94,33.9,86.5,14.25,75.5,100.0,376.0,3455.0,1.33,47.400000000000006,15.01,7.01,35.95,29.01,1.0,373.5,1200.0
101221.865,14821.865,140.0,102.9,24.32,16.01,181.0,35.2,148.1,28.71,34.95,34.0,86.5,14.3,75.4,100.0,377.0,3451.0,1.28,47.25,15.08,6.95,35.980000000000004,29.01,0.0,376.0,1200.0
101281.864,14881.864,140.0,101.9,24.36,15.96,183.0,35.0,148.5,28.69,34.910000000000004,33.95,88.0,14.15,75.0,100.0,373.5,3451.0,1.36,47.300000000000004,15.01,6.99,35.92,29.0,0.0,375.0,1200.0
101341.864,14941.864,140.0,103.10000000000001,24.29,16.01,179.5,35.25,149.1,28.580000000000002,34.78,33.95,88.5,14.200000000000001,75.8,99.80000000000001,375.0,3455.0,1.33,47.300000000000004,15.0,7.0,35.93,29.09,1.0,372.5,1200.0
101401.863,15001.863,140.0,101.7,24.41,16.0,181.0,35.050000000000004,150.0,28.580000000000002,34.84,33.75,88.0,14.100000000000001,75.7,100.0,374.5,3451.0,1.43,47.150000000000006,14.91,6.95,35.96,28.990000000000002,1.0,377.0,1200.0
101461.863,15061.863,140.0,103.7,24.400000000000002,15.98,180.5,35.15,146.5,28.6,34.910000000000004,33.85,89.0,14.100000000000001,76.10000000000001,100.0,375.0,3447.0,1.48,47.25,14.97,7.0200000000000005,36.0,29.060000000000002,0.0,369.5,1200.0
101521.862,15121.862,140.0,101.60000000000001,24.36,15.98,179.5,35.050000000000004,148.70000000000002,28.6,34.800000000000004,33.95,86.5,14.3,76.10000000000001,99.60000000000001,373.0,3450.0,1.61,47.300000000000004,15.040000000000001,6.95,35.95,29.03,1.0,374.5,1200.0
101581.862,15181.862,140.0,101.9,24.310000000000002,15.91,181.0,35.15,149.6,28.71,34.86,33.800000000000004,87.0,14.3,76.10000000000001,99.9,380.0,3447.0,1.5,47.050000000000004,15.01,7.0600000000000005,35.97,28.88,0.0,372.0,1200.0
101641.861,15241.861,140.0,101.60000000000001,24.41,15.98,179.0,35.1,150.4,28.68,34.74,34.050000000000004,86.0,14.05,75.7,99.60000000000001,374.5,3450.0,1.4000000000000001,47.2,14.950000000000001,7.0,36.01,28.91,3.0,373.5,1200.0
101701.86,15301.86,140.0,101.9,24.44,16.07,180.5,34.85,150.1,28.55,34.75,33.85,86.0,14.200000000000001,75.60000000000001,99.7,372.0,3452.0,1.49,47.25,15.0,6.99,35.92,28.990000000000002,1.0,369.0,1200.0
101761.86,15361.86,140.0,100.10000000000001,24.38,15.96,181.0,35.15,150.3,28.71,34.800000000000004,33.800000000000004,87.0,14.15,75.3,99.80000000000001,373.5,3451.0,1.43,47.1,14.97,7.03,35.99,28.990000000000002,0.0,372.5,1200.0
101821.859,15421.859,140.0,101.4,24.35,16.03,182.5,35.2,148.3,28.61,34.92,33.9,85.0,14.0,75.8,100.0,375.5,3446.0,1.3900000000000001,47.1,14.99,7.05,35.95,29.01,0.0,373.0,1200.0
101881.859,15481.859,140.0,101.60000000000001,24.38,16.04,180.5,35.050000000000004,149.6,28.69,34.9,33.800000000000004,88.5,14.3,75.8,99.60000000000001,370.0,3441.0,1.35,47.1,15.030000000000001,6.98,36.050000000000004,28.93,0.0,370.0,1200.0
101941.858,15541.858,140.0,102.2,24.34,15.97,181.5,35.15,148.5,28.650000000000002,34.92,33.85,88.5,14.100000000000001,75.9,100.0,375.5,3445.0,1.3,47.0,15.0,6.96,36.08,29.080000000000002,1.0,368.5,1200.0
102001.858,15601.858,140.0,101.2,24.38,15.96,182.0,35.15,149.4,28.75,34.85,33.95,88.5,14.4,75.4,99.60000000000001,373.5,3451.0,1.3,47.1,14.98,6.96,36.01,28.93,0.0,371.0,1200.0
102061.857,15661.857,140.0,102.0,24.29,15.98,182.0,35.1,148.20000000000002,28.650000000000002,34.93,33.85,86.5,14.200000000000001,75.5,100.0,373.0,3446.0,1.35,46.900000000000006,15.06,6.99,35.99,29.0,1.0,372.0,1200.0
102121.856,15721.856,140.0,102.60000000000001,24.38,16.02,182.0,35.15,148.8,28.86,34.94,34.050000000000004,86.5,14.0,75.5,99.60000000000001,375.5,3441.0,1.42,47.2,15.0,6.96,35.97,28.96,0.0,376.5,1200.0
102181.856,15781.856,140.0,101.60000000000001,24.16,15.98,183.0,35.2,149.4,28.77,35.01,34.0,84.5,14.15,75.0,99.9,376.0,3444.0,1.3900000000000001,46.85,14.99,6.96,35.96,29.01,0.0,377.0,1200.0
102241.855,15841.855,140.0,100.10000000000001,24.240000000000002,15.99,184.0,35.35,148.70000000000002,28.86,35.08,34.2,87.0,14.25,74.9,99.80000000000001,377.0,3450.0,1.4000000000000001,47.0,14.98,7.0600000000000005,35.97,29.04,1.0,374.0,1200.0
102301.855,15901.855,140.0,101.7,24.27,15.97,184.5,35.2,148.8,28.93,35.08,34.2,86.5,14.15,74.5,99.9,379.0,3448.0,1.33,47.050000000000004,14.93,7.04,35.94,28.96,2.0,375.5,1200.0
102361.854,15961.854,140.0,101.10000000000001,24.28,15.97,183.5,35.300000000000004,147.9,28.98,35.19,34.300000000000004,84.5,14.15,74.7,99.80000000000001,373.5,3447.0,1.45,47.050000000000004,14.91,6.94,35.99,28.990000000000002,0.0,374.5,1200.0
102421.854,16021.854,140.0,102.0,24.34,15.98,182.0,35.5,149.20000000000002,29.04,35.26,34.1,87.5,14.4,74.10000000000001,100.0,374.5,3451.0,1.41,47.050000000000004,15.02,6.99,36.07,29.01,3.0,375.5,1200.0
102481.853,16081.853,140.0,102.80000000000001,24.25,16.0,184.0,35.4,149.1,29.1,35.22,34.300000000000004,87.0,14.200000000000001,74.0,99.7,380.5,3454.0,1.55,47.150000000000006,15.02,6.98,36.07,28.89,0.0,371.5,1200.0
102541.853,16141.853,140.0,101.4,24.330000000000002,15.96,182.5,35.75,148.8,29.17,35.300000000000004,34.35,86.5,14.25,74.0,100.0,379.0,3454.0,1.59,47.0,14.9,6.97,35.94,29.05,1.0,381.5,1200.0
102601.852,16201.852,140.0,101.4,24.27,15.98,183.5,35.6,146.70000000000002,29.22,35.45,34.4,87.5,14.15,73.8,99.9,376.5,3457.0,1.46,47.150000000000006,15.0,6.93,36.04,29.04,0.0,377.5,1200.0
102661.852,16261.852,140.0,101.30000000000001,24.36,16.02,181.5,35.6,149.20000000000002,29.150000000000002,35.33,34.35,88.5,14.200000000000001,74.10000000000001,99.9,381.0,3455.0,1.3,47.300000000000004,15.030000000000001,7.07,36.0,28.97,0.0,381.5,1200.0
102721.851,16321.851,140.0,102.5,24.310000000000002,15.99,184.5,35.65,150.8,29.2,35.45,34.45,88.0,14.3,74.5,100.0,385.0,3469.0,1.33,47.150000000000006,15.01,6.99,35.96,29.060000000000002,0.0,381.0,1200.0
102781.851,16381.851,140.0,102.5,24.32,15.97,184.5,35.65,149.3,29.28,35.38,34.45,86.5,14.15,73.9,99.9,379.5,3460.0,1.6500000000000001,47.400000000000006,15.030000000000001,6.96,36.02,28.91,2.0,375.5,1200.0
102841.85,16441.85,140.0,99.80000000000001,24.25,16.02,182.0,35.6,149.5,29.2,35.46,34.300000000000004,88.0,14.15,73.8,99.60000000000001,381.0,3463.0,1.32,47.35,15.02,6.96,35.97,29.060000000000002,1.0,380.5,1200.0
102901.85,16501.85,140.0,102.30000000000001,24.240000000000002,16.04,183.0,35.550000000000004,149.20000000000002,29.3,35.45,34.5,86.5,14.3,74.3,99.60000000000001,383.0,3459.0,1.53,47.5,15.040000000000001,7.0,36.0,28.88,0.0,377.0,1200.0
102961.849,16561.849,140.0,100.4,24.28,15.99,184.5,35.5,148.3,29.17,35.4,34.4,89.0,14.200000000000001,74.5,99.80000000000001,382.0,3467.0,1.28,47.5,15.02,6.95,36.02,29.05,0.0,379.0,1200.0
103021.849,16621.849,140.0,102.10000000000001,24.37,16.02,183.5,35.550000000000004,149.70000000000002,29.21,35.35,34.5,89.5,14.15,74.0,100.0,379.5,3462.0,1.41,47.35,15.040000000000001,7.05,36.08,28.990000000000002,2.0,385.5,1200.0
103081.848,16681.848,140.0,101.30000000000001,24.28,16.01,186.0,35.6,149.70000000000002,29.27,35.410000000000004,34.25,87.5,14.350000000000001,74.2,100.0,379.0,3467.0,1.43,47.300000000000004,14.96,6.92,35.99,28.98,1.0,379.0,1200.0
103141.848,16741.848,140.0,102.9,24.29,15.91,185.5,35.550000000000004,147.9,29.22,35.42,34.300000000000004,85.5,14.25,74.4,100.0,384.0,3466.0,1.36,47.5,14.98,6.92,36.01,28.97,0.0,384.5,1200.0
103201.847,16801.847,140.0,102.0,24.3,15.96,184.5,35.75,147.5,29.22,35.46,34.35,87.0,14.200000000000001,73.7,100.0,377.0,3468.0,1.42,47.6,14.96,6.94,36.04,29.080000000000002,2.0,378.0,1200.0
103261.847,16861.847,140.0,101.4,24.310000000000002,15.950000000000001,184.0,35.65,149.3,29.17,35.34,34.550000000000004,87.5,14.3,74.60000000000001,100.0,384.0,3467.0,1.46,47.550000000000004,15.01,6.96,36.06,29.13,1.0,382.5,1200.0
103321.846,16921.846,140.0,103.0,24.240000000000002,16.0,186.0,35.6,147.8,29.32,35.47,34.35,88.0,14.25,74.5,100.0,384.5,3462.0,1.36,47.45,15.02,7.0200000000000005,36.04,29.05,1.0,383.5,1200.0
103381.846,16981.846,140.0,102.0,24.32,15.96,186.0,35.75,149.8,29.21,35.53,34.5,88.5,14.200000000000001,74.2,100.0,381.5,3462.0,1.42,47.6,14.99,6.98,35.99,28.95,1.0,383.0,1200.0
103441.845,17041.845,140.0,102.4,24.310000000000002,15.96,186.0,35.65,150.0,29.27,35.410000000000004,34.4,88.5,14.200000000000001,74.10000000000001,99.60000000000001,378.5,3469.0,1.35,47.5,14.91,6.99,35.95,28.990000000000002,0.0,380.5,1200.0
103501.845,17101.845,140.0,102.9,24.26,16.0,183.0,35.6,148.0,29.35,35.59,34.5,88.0,14.25,73.8,100.0,380.5,3467.0,1.33,47.6,15.0,7.05,36.01,29.0,0.0,382.5,1200.0
103561.844,17161.844,140.0,100.80000000000001,24.29,16.04,186.0,35.6,149.1,29.39,35.58,34.6,88.5,14.100000000000001,74.10000000000001,99.7,383.5,3465.0,1.3800000000000001,47.800000000000004,15.030000000000001,7.01,36.050000000000004,29.0,3.0,382.0,1200.0
103621.844,17221.844,140.0,101.9,24.310000000000002,16.0,184.0,35.7,149.4,29.310000000000002,35.550000000000004,34.550000000000004,88.0,14.100000000000001,74.5,100.0,385.5,3471.0,1.41,47.7,15.06,7.01,36.12,29.1,0.0,381.5,1200.0
103681.844,17281.844,140.0,102.10000000000001,24.35,15.98,184.5,35.75,148.9,29.3,35.52,34.5,88.0,14.3,73.8,99.7,382.5,3468.0,1.41,47.7,14.96,7.0600000000000005,36.02,28.96,1.0,382.5,1200.0
103741.843,17341.843,140.0,100.4,24.26,16.05,184.5,35.95,148.3,29.34,35.62,34.65,87.5,14.05,74.0,99.80000000000001,384.0,3468.0,1.24,47.650000000000006,14.98,6.98,36.08,29.0,0.0,385.5,1200.0
103801.843,17401.843,140.0,104.7,24.36,16.01,185.0,35.800000000000004,148.1,29.37,35.56,34.550000000000004,87.0,14.15,74.10000000000001,99.80000000000001,384.5,3470.0,1.32,47.6,14.92,7.0600000000000005,35.94,29.060000000000002,0.0,384.0,1200.0
103861.842,17461.842,140.0,103.5,24.37,15.98,185.0,35.7,147.8,29.29,35.62,34.65,88.0,14.25,73.7,100.0,386.5,3469.0,1.32,47.75,14.94,7.01,36.01,28.89,1.0,384.5,1200.0
103921.842,17521.842,140.0,101.60000000000001,24.34,15.99,186.5,35.75,148.3,29.44,35.61,34.65,89.0,14.200000000000001,73.7,99.80000000000001,382.0,3477.0,1.37,47.650000000000006,14.98,6.96,35.93,29.01,2.0,386.5,1200.0
103981.841,17581.841,140.0,102.10000000000001,24.28,15.98,186.0,35.9,148.8,29.43,35.71,34.7,87.5,14.3,73.8,100.0,385.5,3476.0,1.43,47.75,15.01,6.97,36.01,28.94,1.0,383.5,1200.0
104041.841,17641.841,140.0,102.7,24.36,15.98,182.5,35.9,150.1,29.47,35.62,34.6,89.0,14.100000000000001,73.2,100.0,388.0,3472.0,1.43,47.800000000000004,14.97,7.01,35.96,28.96,0.0,386.0,1200.0
104101.84,17701.84,140.0,103.4,24.25,16.0,187.5,35.85,147.6,29.48,35.67,34.75,84.5,14.350000000000001,73.5,99.80000000000001,384.5,3471.0,1.28,47.85,14.950000000000001,7.04,35.97,29.02,0.0,387.5,1200.0
104161.84,17761.84,140.0,101.30000000000001,24.34,15.98,185.5,35.9,150.9,29.52,35.72,34.5,88.5,14.25,73.9,100.0,390.0,3477.0,1.46,47.75,15.030000000000001,7.01,35.96,29.01,0.0,391.5,1200.0
104221.84,17821.84,140.0,100.4,24.37,16.05,187.0,35.95,147.70000000000002,29.59,35.82,34.95,89.5,14.25,73.8,100.0,385.5,3483.0,1.32,47.85,14.99,7.01,36.0,29.01,0.0,386.5,1200.0
104281.839,17881.839,140.0,101.60000000000001,24.37,16.05,187.5,36.0,150.70000000000002,29.62,35.82,34.65,90.0,14.05,73.4,99.9,385.5,3482.0,1.43,48.0,15.02,7.0,36.07,28.97,0.0,389.0,1200.0
104341.839,17941.839,140.0,103.2,24.34,15.98,187.0,35.95,148.1,29.62,35.82,34.9,86.5,14.200000000000001,73.3,100.0,390.0,3486.0,1.26,47.95,15.040000000000001,6.94,36.02,29.02,0.0,388.0,1200.0
104401.838,18001.838,140.0,101.7,24.32,15.97,185.5,36.0,147.5,29.71,35.92,34.800000000000004,87.0,14.100000000000001,73.3,100.0,390.0,3484.0,1.46,48.0,15.01,7.01,35.980000000000004,28.990000000000002,1.0,392.5,1200.0
104461.838,18061.838,140.0,103.10000000000001,24.3,15.96,187.0,36.15,148.70000000000002,29.59,35.74,34.75,87.5,14.200000000000001,73.4,100.0,392.0,3487.0,1.41,48.1,14.99,7.0,35.910000000000004,29.07,0.0,386.0,1200.0
104521.837,18121.837,140.0,102.30000000000001,24.330000000000002,16.01,185.5,35.85,149.6,29.64,35.83,34.7,85.5,14.350000000000001,73.7,99.7,393.0,3487.0,1.52,47.95,15.02,6.99,36.050000000000004,28.96,0.0,392.0,1200.0
104581.837,18181.837,140.0,102.80000000000001,24.23,16.0,185.5,36.050000000000004,147.9,29.650000000000002,35.83,34.7,88.5,14.25,73.3,99.60000000000001,390.5,3489.0,1.3900000000000001,48.150000000000006,15.07,7.0200000000000005,36.0,28.91,0.0,385.5,1200.0
104641.837,18241.837,140.0,102.30000000000001,24.36,16.05,186.5,35.9,149.20000000000002,29.6,35.83,34.550000000000004,85.5,14.200000000000001,74.4,100.0,385.0,3484.0,1.34,48.1,15.030000000000001,6.95,35.88,28.96,0.0,392.5,1200.0
104701.836,18301.836,140.0,101.7,24.330000000000002,15.92,189.5,36.050000000000004,148.0,29.6,35.79,34.75,87.5,14.15,74.3,100.0,390.0,3487.0,1.46,48.2,15.01,6.99,35.97,29.01,0.0,387.0,1200.0
104761.836,18361.836,140.0,101.80000000000001,24.330000000000002,15.97,189.0,35.95,148.1,29.53,35.7,34.800000000000004,87.5,14.15,74.3,99.9,387.5,3482.0,1.5,48.050000000000004,15.01,7.0,36.09,29.01,1.0,392.5,1200.0
104821.835,18421.835,140.0,101.7,24.35,16.01,187.0,36.0,149.9,29.5,35.69,34.7,87.0,14.15,74.3,100.0,388.0,3484.0,1.3900000000000001,48.150000000000006,15.030000000000001,6.94,36.06,28.97,0.0,395.0,1200.0
104881.835,18481.835,140.0,102.5,24.37,15.93,186.5,35.9,147.6,29.490000000000002,35.6,34.550000000000004,85.5,14.25,74.5,99.9,391.5,3486.0,1.57,48.150000000000006,15.0,6.99,35.980000000000004,29.05,3.0,391.5,1200.0
104941.835,18541.835,140.0,100.5,24.3,15.96,186.0,35.9,149.4,29.52,35.62,34.550000000000004,87.0,14.200000000000001,74.10000000000001,100.0,392.5,3483.0,1.3900000000000001,48.1,15.05,6.95,36.02,29.060000000000002,0.0,388.0,1200.0
105001.834,18601.834,140.0,103.0,24.240000000000002,16.07,185.5,35.95,148.8,29.45,35.61,34.75,86.5,14.15,74.7,100.0,384.0,3479.0,1.48,48.0,15.0,6.98,36.08,28.96,2.0,385.5,1200.0
105061.834,18661.834,140.0,102.9,24.19,15.93,188.0,35.800000000000004,149.0,29.39,35.660000000000004,34.6,86.5,14.200000000000001,74.10000000000001,100.0,383.5,3478.0,1.48,48.150000000000006,15.09,7.01,36.050000000000004,28.990000000000002,1.0,387.0,1200.0
105121.833,18721.833,140.0,102.4,24.36,16.02,185.0,35.85,149.6,29.53,35.77,34.65,88.5,14.25,74.3,100.0,389.0,3483.0,1.37,48.0,14.99,7.04,36.050000000000004,29.080000000000002,1.0,386.5,1200.0
105181.833,18781.833,140.0,103.10000000000001,24.310000000000002,15.94,184.5,35.95,150.0,29.42,35.77,34.5,88.0,14.100000000000001,74.5,100.0,390.0,3486.0,1.53,48.25,14.96,6.96,36.03,29.02,1.0,389.5,1200.0
105241.833,18841.833,140.0,102.10000000000001,24.34,16.02,186.0,36.0,149.5,29.46,35.79,34.65,86.0,14.200000000000001,73.8,99.60000000000001,388.5,3485.0,1.3,48.050000000000004,14.93,6.97,35.93,28.98,1.0,388.0,1200.0
105301.832,18901.832,140.0,102.30000000000001,24.34,15.91,186.0,36.0,148.8,29.490000000000002,35.72,34.65,86.0,14.100000000000001,74.0,99.30000000000001,387.5,3490.0,1.34,48.1,15.02,7.0200000000000005,36.04,28.97,0.0,391.0,1200.0
105361.832,18961.832,140.0,101.7,24.28,16.03,184.0,36.050000000000004,148.20000000000002,29.48,35.65,34.6,87.0,14.200000000000001,74.2,99.9,389.5,3489.0,1.49,48.150000000000006,14.97,6.97,36.08,28.97,0.0,389.5,1200.0
105421.832,19021.832,140.0,102.30000000000001,24.330000000000002,16.02,187.5,35.800000000000004,148.20000000000002,29.57,35.71,34.65,84.5,14.100000000000001,73.7,99.5,393.0,3487.0,1.33,48.1,15.01,7.0200000000000005,35.99,29.02,2.0,388.5,1200.0
105481.831,19081.831,140.0,101.4,24.32,15.9,188.0,35.9,150.20000000000002,29.53,35.76,34.7,87.0,14.15,73.7,100.0,390.5,3490.0,1.34,48.2,14.97,6.9,36.0,28.92,0.0,391.5,1200.0
105541.831,19141.831,140.0,101.2,24.37,16.04,188.0,35.95,148.4,29.400000000000002,35.800000000000004,34.65,87.0,14.25,74.4,99.9,389.5,3494.0,1.35,48.150000000000006,14.97,7.04,36.07,29.0,1.0,388.5,1200.0
105601.83,19201.83,140.0,101.80000000000001,24.39,16.04,187.5,35.9,149.8,29.48,35.79,34.75,88.5,14.200000000000001,73.7,99.4,386.0,3491.0,1.41,48.1,15.0,6.94,36.01,28.900000000000002,3.0,390.5,1200.0
105661.83,19261.83,140.0,103.60000000000001,24.39,15.98,187.0,35.9,148.70000000000002,29.54,35.730000000000004,34.800000000000004,86.0,14.15,73.9,99.7,389.5,3497.0,1.42,48.25,15.08,7.05,36.03,29.07,1.0,394.5,1200.0
105721.83,19321.83,140.0,100.80000000000001,24.46,16.04,186.0,36.0,148.20000000000002,29.490000000000002,35.72,34.7,88.0,14.200000000000001,74.10000000000001,100.0,390.0,3499.0,1.36,48.25,15.02,7.05,35.980000000000004,28.98,0.0,394.5,1200.0
105781.829,19381.829,140.0,102.4,24.45,16.01,186.0,36.0,149.1,29.51,35.81,34.7,87.5,14.25,74.4,100.0,387.0,3496.0,1.49,48.300000000000004,14.96,6.99,36.12,28.97,3.0,393.5,1200.0
105841.829,19441.829,140.0,102.9,24.36,16.0,185.5,35.9,149.70000000000002,29.62,35.79,34.75,87.0,14.200000000000001,74.7,100.0,392.5,3497.0,1.51,48.35,14.96,6.99,35.97,28.97,0.0,387.0,1200.0
105901.829,19501.829,140.0,101.30000000000001,24.37,16.0,185.0,36.0,148.70000000000002,29.6,35.81,34.800000000000004,87.0,14.15,74.0,100.0,394.0,3492.0,1.44,48.35,14.93,7.03,35.99,29.080000000000002,0.0,390.0,1200.0
105961.828,19561.828,140.0,100.7,24.37,16.01,187.5,35.9,149.70000000000002,29.61,35.82,34.6,88.5,14.200000000000001,73.9,100.0,387.5,3500.0,1.36,48.300000000000004,15.09,6.97,36.04,29.05,0.0,394.0,1200.0
106021.828,19621.828,140.0,101.2,24.39,16.03,188.0,36.1,148.70000000000002,29.52,35.9,34.800000000000004,86.5,14.15,74.4,100.0,392.0,3493.0,1.43,48.300000000000004,14.98,7.04,35.96,28.98,0.0,394.0,1200.0
106081.828,19681.828,140.0,100.4,24.36,15.99,186.0,35.95,149.8,29.59,35.730000000000004,34.7,86.5,14.100000000000001,74.5,100.0,392.5,3494.0,1.31,48.300000000000004,15.01,6.95,36.03,28.98,0.0,387.0,1200.0
106141.827,19741.827,140.0,101.60000000000001,24.34,15.94,188.5,35.9,149.4,29.6,35.83,34.75,86.0,14.100000000000001,74.3,100.0,394.0,3497.0,1.49,48.400000000000006,14.96,6.98,35.980000000000004,29.04,1.0,391.5,1200.0
106201.827,19801.827,140.0,100.60000000000001,24.41,15.950000000000001,188.0,36.0,148.9,29.54,35.83,34.75,86.5,14.05,74.10000000000001,100.0,391.0,3493.0,1.3900000000000001,48.45,14.97,7.01,35.96,29.01,1.0,391.0,1200.0
106261.826,19861.826,140.0,102.0,24.32,15.950000000000001,189.0,36.050000000000004,148.0,29.55,35.800000000000004,34.800000000000004,88.5,14.200000000000001,74.3,100.0,394.0,3499.0,1.6300000000000001,48.400000000000006,14.96,6.97,35.97,29.03,1.0,394.5,1200.0
106321.826,19921.826,140.0,101.7,24.38,15.93,185.5,36.1,149.5,29.63,35.83,34.85,88.5,14.15,74.3,100.0,392.5,3488.0,1.4000000000000001,48.45,14.94,7.01,35.980000000000004,28.98,0.0,392.0,1200.0
106381.826,19981.826,140.0,101.10000000000001,24.32,15.96,187.0,36.0,148.4,29.54,35.800000000000004,34.9,88.0,14.0,73.5,100.0,384.0,3496.0,1.23,48.25,15.06,7.09,36.17,29.07,1.0,393.0,1200.0
106441.825,20041.825,140.0,100.9,24.400000000000002,15.98,188.0,36.1,148.3,29.6,35.85,34.7,89.0,14.3,73.7,99.9,391.5,3496.0,1.32,48.5,14.96,6.98,36.03,29.09,0.0,390.0,1200.0
106501.825,20101.825,140.0,103.0,24.35,15.97,185.5,36.1,147.6,29.61,35.85,34.75,87.5,14.200000000000001,73.8,100.0,391.0,3494.0,1.4000000000000001,48.5,15.07,7.03,35.97,28.91,0.0,394.5,1200.0
106561.825,20161.825,140.0,102.4,24.39,15.950000000000001,185.0,36.0,148.70000000000002,29.61,35.87,34.75,87.0,14.25,73.7,99.4,392.0,3495.0,1.3900000000000001,48.25,15.0,7.05,35.99,29.09,0.0,393.5,1200.0
106621.824,20221.824,140.0,101.30000000000001,24.330000000000002,16.01,185.5,35.95,149.6,29.55,35.88,34.9,87.0,14.25,74.10000000000001,100.0,392.5,3503.0,1.31,48.45,14.950000000000001,6.98,35.910000000000004,28.96,0.0,394.0,1200.0
106681.824,20281.824,140.0,101.80000000000001,24.400000000000002,15.98,189.0,35.95,146.6,29.62,35.81,34.800000000000004,88.0,14.25,74.10000000000001,99.9,390.0,3499.0,1.49,48.35,14.94,6.94,36.07,28.98,0.0,390.5,1200.0
106741.824,20341.824,140.0,101.10000000000001,24.35,16.0,188.5,36.0,150.4,29.6,35.88,34.9,88.0,14.200000000000001,73.8,99.7,392.5,3495.0,1.47,48.5,15.120000000000001,7.0,36.04,28.990000000000002,1.0,389.0,1200.0
106801.823,20401.823,140.0,101.2,24.310000000000002,16.0,187.5,36.050000000000004,149.8,29.61,35.88,34.85,88.0,14.25,74.10000000000001,100.0,390.5,3500.0,1.5,48.35,14.99,7.08,36.06,29.12,4.0,391.5,1200.0
106861.823,20461.823,140.0,101.0,24.330000000000002,16.02,187.0,36.2,148.4,29.68,35.86,34.85,89.5,14.25,74.2,99.9,393.5,3499.0,1.33,48.550000000000004,15.02,6.96,35.97,28.94,0.0,390.0,1200.0
106921.823,20521.823,140.0,101.9,24.35,16.0,186.0,36.1,150.6,29.62,35.85,34.7,84.0,14.100000000000001,73.4,100.0,393.5,3493.0,1.35,48.5,14.98,7.0600000000000005,36.04,28.990000000000002,1.0,393.0,1200.0
106981.822,20581.822,140.0,102.5,24.36,16.02,186.0,36.050000000000004,147.4,29.66,35.85,34.75,90.0,14.15,74.0,100.0,394.0,3495.0,1.51,48.400000000000006,15.030000000000001,6.99,36.04,29.01,1.0,394.5,1200.0
107041.822,20641.822,140.0,101.60000000000001,24.400000000000002,16.02,187.5,36.15,148.5,29.64,35.87,34.800000000000004,87.5,14.3,73.9,99.9,394.0,3501.0,1.42,48.45,15.0,7.0200000000000005,36.06,29.01,0.0,390.5,1200.0
107101.822,20701.822,140.0,102.5,24.34,16.01,188.0,35.9,148.8,29.57,35.95,34.85,87.5,14.200000000000001,73.9,99.80000000000001,392.0,3501.0,1.36,48.45,14.950000000000001,7.04,36.07,29.11,0.0,390.5,1200.0
107161.821,20761.821,140.0,100.7,24.3,15.96,186.0,36.0,148.70000000000002,29.67,35.89,34.7,88.0,14.15,73.9,99.7,395.0,3495.0,1.36,48.550000000000004,14.99,7.01,35.97,29.03,0.0,394.5,1200.0
107221.821,20821.821,140.0,101.0,24.330000000000002,15.96,187.5,36.0,147.0,29.7,35.81,34.800000000000004,88.0,14.15,73.2,99.7,390.5,3497.0,1.5,48.5,15.040000000000001,7.0600000000000005,35.96,29.14,4.0,392.0,1200.0
107281.821,20881.821,140.0,102.30000000000001,24.34,15.98,186.5,36.0,149.20000000000002,29.67,35.88,34.800000000000004,88.5,14.100000000000001,73.5,99.5,392.5,3500.0,1.23,48.35,14.99,7.01,35.980000000000004,28.95,1.0,396.5,1200.0
107341.821,20941.821,140.0,101.80000000000001,24.41,15.99,188.5,36.1,150.0,29.71,35.980000000000004,34.9,85.5,14.25,73.4,100.0,392.5,3494.0,1.51,48.400000000000006,15.01,7.0200000000000005,35.96,29.03,1.0,394.5,1200.0
107401.82,21001.82,140.0,103.30000000000001,24.29,16.04,188.0,36.2,149.0,29.69,35.83,34.75,86.5,14.200000000000001,73.0,99.80000000000001,389.0,3500.0,1.46,48.5,14.96,7.0200000000000005,36.01,29.01,1.0,392.0,1200.0
107461.82,21061.82,140.0,100.9,24.330000000000002,15.950000000000001,188.0,36.1,148.5,29.63,35.9,35.0,88.5,14.25,73.4,100.0,392.5,3504.0,1.48,48.45,15.06,6.96,36.0,28.92,0.0,393.0,1200.0
107521.82,21121.82,140.0,102.9,24.310000000000002,15.950000000000001,186.0,36.2,147.0,29.72,35.87,34.800000000000004,90.0,14.100000000000001,73.5,99.60000000000001,393.0,3495.0,1.47,48.45,15.030000000000001,7.01,36.01,29.02,1.0,394.0,1200.0
107581.819,21181.819,140.0,103.60000000000001,24.310000000000002,15.98,189.5,36.25,148.3,29.64,35.9,34.85,86.0,14.15,73.4,99.7,391.0,3500.0,1.23,48.550000000000004,14.99,7.0,36.04,28.990000000000002,0.0,394.5,1200.0
107641.819,21241.819,140.0,102.5,24.3,15.92,189.5,35.95,149.20000000000002,29.57,35.83,34.75,85.5,14.25,73.60000000000001,99.60000000000001,392.5,3495.0,1.31,48.650000000000006,15.02,7.03,35.96,28.98,0.0,392.0,1200.0
107701.819,21301.819,140.0,99.7,24.3,15.93,187.5,36.15,148.3,29.650000000000002,35.87,34.75,87.0,14.05,73.8,100.0,391.5,3491.0,1.45,48.5,15.02,7.04,35.95,28.92,0.0,393.0,1200.0
107761.818,21361.818,140.0,102.30000000000001,24.36,15.99,187.5,36.050000000000004,147.5,29.63,35.82,34.75,87.0,14.200000000000001,73.8,100.0,393.5,3492.0,1.54,48.35,15.06,6.98,35.95,28.94,0.0,393.0,1200.0
107821.818,21421.818,140.0,100.80000000000001,24.23,16.03,187.0,35.95,148.0,29.62,35.94,34.7,88.0,14.15,73.9,100.0,390.0,3492.0,1.4000000000000001,48.400000000000006,15.07,7.0600000000000005,36.01,29.1,2.0,390.0,1200.0
107881.818,21481.818,140.0,101.10000000000001,24.34,16.0,187.5,36.0,148.4,29.580000000000002,35.79,34.75,87.0,14.15,73.9,100.0,388.5,3492.0,1.46,48.400000000000006,15.06,6.94,35.99,29.02,0.0,388.0,1200.0
107941.817,21541.817,140.0,100.7,24.310000000000002,15.94,186.0,36.050000000000004,148.5,29.650000000000002,35.84,34.75,86.5,14.25,73.7,99.7,387.0,3493.0,1.29,48.2,15.06,7.01,36.01,29.02,3.0,393.5,1200.0
108001.817,21601.817,140.0,101.0,24.27,16.06,187.5,36.0,148.6,29.71,35.78,34.75,86.5,14.15,74.0,99.80000000000001,385.0,3487.0,1.48,48.400000000000006,14.94,7.0,35.95,28.97,0.0,390.0,1200.0
108061.817,21661.817,140.0,100.7,24.29,16.0,188.5,36.0,146.8,29.62,35.75,34.65,87.5,14.25,73.2,100.0,390.5,3492.0,1.1500000000000001,48.400000000000006,15.120000000000001,7.0,35.99,29.0,0.0,383.5,1200.0
108121.817,21721.817,140.0,103.10000000000001,24.310000000000002,16.03,186.0,36.050000000000004,148.1,29.6,35.83,34.6,86.5,14.350000000000001,74.10000000000001,99.60000000000001,384.5,3485.0,1.37,48.35,15.02,6.99,35.94,28.93,1.0,393.0,1200.0
108181.816,21781.816,140.0,101.9,24.35,16.02,185.5,35.95,150.20000000000002,29.54,35.77,34.6,85.5,14.3,73.8,99.9,388.0,3491.0,1.42,48.2,15.040000000000001,6.97,36.07,29.03,1.0,388.0,1200.0
108241.816,21841.816,140.0,102.4,24.38,15.96,187.5,35.95,151.1,29.580000000000002,35.78,34.7,87.5,14.200000000000001,73.60000000000001,99.7,386.5,3487.0,1.35,48.25,14.92,6.99,36.03,28.96,1.0,388.0,1200.0
108301.816,21901.816,140.0,102.0,24.35,15.94,185.5,35.95,148.20000000000002,29.53,35.81,34.550000000000004,87.5,14.200000000000001,74.60000000000001,99.7,391.5,3487.0,1.33,48.300000000000004,15.05,7.0600000000000005,36.01,28.96,2.0,386.5,1200.0
108361.815,21961.815,140.0,101.60000000000001,24.310000000000002,16.0,185.0,35.95,149.0,29.59,35.64,34.6,88.0,14.200000000000001,73.9,100.0,392.0,3484.0,1.37,48.25,15.01,6.96,35.96,29.0,0.0,387.0,1200.0
108421.815,22021.815,140.0,102.30000000000001,24.32,15.89,185.5,36.0,149.4,29.37,35.730000000000004,34.5,88.5,14.25,73.60000000000001,99.80000000000001,390.5,3491.0,1.61,48.25,14.99,7.05,36.0,28.990000000000002,0.0,388.0,1200.0
108481.815,22081.815,140.0,102.5,24.37,15.950000000000001,186.5,35.85,147.8,29.46,35.77,34.75,89.0,14.200000000000001,73.4,99.9,387.5,3492.0,1.45,48.2,15.02,7.0200000000000005,35.96,29.01,0.0,392.5,1200.0
108541.815,22141.815,140.0,102.4,24.34,15.96,186.0,35.85,149.6,29.46,35.6,34.550000000000004,86.5,14.15,74.5,100.0,388.5,3486.0,1.3,48.150000000000006,14.98,7.03,35.95,28.98,0.0,391.0,1200.0
108601.814,22201.814,140.0,102.0,24.42,15.96,186.5,35.85,149.4,29.48,35.58,34.5,87.5,14.200000000000001,74.3,99.7,389.0,3491.0,1.51,48.1,14.950000000000001,6.96,35.96,29.0,1.0,394.0,1200.0
108661.814,22261.814,140.0,103.30000000000001,24.37,16.0,185.0,35.95,150.0,29.38,35.64,34.6,88.0,14.350000000000001,74.0,100.0,391.0,3487.0,1.43,48.25,15.040000000000001,7.07,36.03,29.05,0.0,389.5,1200.0
108721.814,22321.814,140.0,102.10000000000001,24.39,16.07,188.5,35.95,149.6,29.34,35.65,34.5,89.5,14.200000000000001,74.60000000000001,99.80000000000001,388.0,3485.0,1.31,48.150000000000006,14.99,6.95,35.96,29.04,2.0,384.0,1200.0
108781.813,22381.813,140.0,101.9,24.3,15.950000000000001,186.0,35.75,147.6,29.310000000000002,35.63,34.6,86.0,14.3,74.0,100.0,391.5,3489.0,1.37,48.050000000000004,15.01,7.04,35.99,28.990000000000002,1.0,386.0,1200.0
108841.813,22441.813,140.0,101.7,24.28,16.03,188.0,35.85,148.9,29.45,35.78,34.65,89.0,14.100000000000001,74.2,100.0,385.5,3491.0,1.41,48.300000000000004,14.98,7.0600000000000005,35.89,29.07,0.0,390.0,1200.0
108901.813,22501.813,140.0,101.4,24.400000000000002,16.02,187.0,36.0,149.5,29.53,35.660000000000004,34.7,88.0,14.25,74.4,99.60000000000001,390.5,3492.0,1.45,48.150000000000006,15.0,6.96,35.99,29.07,0.0,385.0,1200.0
108961.813,22561.813,140.0,102.5,24.36,15.97,186.5,36.15,148.3,29.51,35.69,34.35,87.0,14.200000000000001,74.10000000000001,100.0,392.0,3494.0,1.3,48.2,14.96,6.99,36.02,28.96,4.0,388.5,1200.0
109021.812,22621.812,140.0,102.0,24.32,15.94,185.0,35.9,149.3,29.5,35.68,34.6,89.0,14.200000000000001,73.8,99.7,394.0,3495.0,1.5,48.1,15.05,6.93,36.04,28.96,0.0,393.5,1200.0
109081.812,22681.812,140.0,102.2,24.34,16.04,185.5,36.0,149.5,29.55,35.76,34.6,86.5,14.15,73.8,100.0,391.5,3500.0,1.35,48.400000000000006,14.950000000000001,6.98,36.01,29.03,0.0,390.5,1200.0
109141.812,22741.812,140.0,101.2,24.41,15.98,185.0,35.9,148.0,29.6,35.79,34.550000000000004,88.5,14.25,74.5,100.0,392.0,3494.0,1.43,48.300000000000004,15.01,6.94,36.13,28.97,0.0,392.0,1200.0
109201.812,22801.812,140.0,101.9,24.38,15.950000000000001,187.5,35.9,148.4,29.5,35.84,34.75,88.0,14.200000000000001,73.8,100.0,393.5,3501.0,1.3800000000000001,48.45,14.96,6.93,35.92,28.98,0.0,394.5,1200.0
109261.811,22861.811,140.0,102.60000000000001,24.37,16.0,187.5,35.95,149.8,29.48,35.800000000000004,34.7,88.5,14.200000000000001,74.2,100.0,388.0,3494.0,1.29,48.300000000000004,14.93,6.93,36.02,29.02,1.0,387.5,1200.0
109321.811,22921.811,140.0,103.10000000000001,24.47,16.03,186.0,36.0,148.9,29.560000000000002,35.84,34.6,90.0,14.200000000000001,73.60000000000001,100.0,389.5,3498.0,1.45,48.35,15.05,6.96,36.07,28.95,0.0,392.0,1200.0
109381.811,22981.811,140.0,102.80000000000001,24.41,15.99,185.0,35.85,151.70000000000002,29.580000000000002,35.730000000000004,34.65,88.0,14.200000000000001,73.8,100.0,396.5,3497.0,1.3900000000000001,48.400000000000006,14.97,7.0,35.99,28.97,0.0,392.0,1200.0
109441.81,23041.81,140.0,102.5,24.44,16.0,187.0,36.050000000000004,149.5,29.580000000000002,35.75,34.75,88.0,14.200000000000001,74.0,100.0,388.5,3496.0,1.27,48.400000000000006,15.08,7.0,35.97,29.14,2.0,388.0,1200.0
109501.81,23101.81,140.0,102.60000000000001,24.41,15.98,183.5,36.050000000000004,148.1,29.580000000000002,35.800000000000004,34.7,87.5,14.100000000000001,74.0,99.7,395.0,3497.0,1.44,48.45,15.05,7.04,35.99,28.89,0.0,390.0,1200.0
109561.81,23161.81,140.0,101.4,24.38,15.98,187.5,36.050000000000004,148.6,29.55,35.86,34.800000000000004,88.0,14.3,73.9,100.0,390.0,3497.0,1.37,48.400000000000006,14.98,6.98,36.07,29.04,1.0,392.5,1200.0
109621.81,23221.81,140.0,101.30000000000001,24.36,16.02,186.5,36.0,147.9,29.64,35.83,34.800000000000004,89.0,14.05,73.60000000000001,99.9,395.5,3500.0,1.42,48.5,15.040000000000001,6.98,35.97,29.01,1.0,393.0,1200.0
109681.809,23281.809,140.0,101.7,24.38,15.950000000000001,187.5,36.15,147.1,29.580000000000002,35.76,34.75,87.0,14.05,74.0,100.0,391.0,3493.0,1.47,48.300000000000004,15.0,6.97,35.89,28.98,0.0,390.5,1200.0
109741.809,23341.809,140.0,101.0,24.38,15.96,187.0,36.1,149.0,29.63,35.93,34.7,87.0,14.05,74.0,100.0,392.0,3494.0,1.41,48.400000000000006,15.02,7.0600000000000005,35.95,29.01,0.0,392.5,1200.0
109801.809,23401.809,140.0,101.80000000000001,24.32,16.04,186.0,36.1,147.1,29.490000000000002,35.83,34.800000000000004,89.0,14.200000000000001,74.0,99.60000000000001,394.5,3499.0,1.43,48.2,14.96,6.99,35.99,28.96,1.0,390.5,1200.0
109861.809,23461.809,140.0,103.60000000000001,24.3,15.94,189.0,36.0,148.6,29.64,35.78,34.75,88.5,14.100000000000001,73.9,100.0,395.5,3497.0,1.43,48.400000000000006,15.05,6.98,35.96,29.01,1.0,396.5,1200.0
109921.808,23521.808,140.0,101.0,24.34,16.04,185.5,36.0,148.3,29.66,35.85,34.65,86.5,14.100000000000001,73.9,100.0,392.5,3499.0,1.41,48.650000000000006,14.93,7.0,36.12,29.01,0.0,394.5,1200.0
109981.808,23581.808,140.0,101.10000000000001,24.36,16.0,187.5,36.2,150.4,29.66,35.81,35.0,88.0,14.200000000000001,74.10000000000001,100.0,394.0,3503.0,1.47,48.45,15.01,6.97,36.0,29.01,0.0,395.5,1200.0
110041.808,23641.808,140.0,101.2,24.400000000000002,16.01,185.5,36.050000000000004,149.20000000000002,29.61,35.9,34.75,89.0,14.100000000000001,74.3,99.80000000000001,395.5,3500.0,1.21,48.400000000000006,15.030000000000001,6.92,35.87,28.900000000000002,0.0,390.5,1200.0
110101.808,23701.808,140.0,102.5,24.34,15.950000000000001,187.0,36.1,149.1,29.59,35.76,34.75,88.0,14.3,74.4,99.9,392.5,3499.0,1.48,48.550000000000004,15.0,7.0200000000000005,35.92,28.94,0.0,393.0,1200.0
110161.807,23761.807,140.0,100.9,24.38,15.97,188.0,36.050000000000004,148.70000000000002,29.560000000000002,35.76,34.800000000000004,87.0,14.25,74.60000000000001,100.0,396.0,3499.0,1.55,48.45,15.030000000000001,6.98,36.04,29.0,0.0,397.5,1200.0
110221.807,23821.807,140.0,102.9,24.43,16.09,188.0,36.0,148.20000000000002,29.6,35.78,34.7,86.5,14.100000000000001,74.7,100.0,389.5,3498.0,1.33,48.400000000000006,15.07,6.95,35.97,29.04,0.0,397.0,1200.0
110281.807,23881.807,140.0,102.0,24.37,15.93,186.5,35.9,150.20000000000002,29.64,35.85,34.7,87.5,14.25,74.10000000000001,99.80000000000001,394.0,3499.0,1.3800000000000001,48.550000000000004,14.99,6.96,36.02,28.95,0.0,392.5,1200.0
110341.807,23941.807,140.0,102.10000000000001,24.35,16.01,185.5,36.050000000000004,148.5,29.47,35.78,34.7,87.0,14.200000000000001,73.7,100.0,390.0,3503.0,1.36,48.45,15.08,7.01,35.97,29.03,0.0,393.5,1200.0
110401.806,24001.806,140.0,101.10000000000001,24.41,16.0,187.5,35.95,148.20000000000002,29.560000000000002,35.68,34.7,87.0,14.100000000000001,74.2,100.0,393.0,3494.0,1.42,48.45,14.98,7.07,35.94,28.97,0.0,393.5,1200.0
110461.806,24061.806,140.0,103.5,24.37,15.99,186.0,35.800000000000004,149.5,29.59,35.79,34.65,87.5,14.100000000000001,75.0,100.0,395.0,3492.0,1.52,48.6,15.030000000000001,7.03,35.97,28.84,1.0,392.0,1200.0
110521.806,24121.806,140.0,102.80000000000001,24.42,15.950000000000001,185.0,36.050000000000004,149.8,29.490000000000002,35.79,34.6,88.5,14.05,74.10000000000001,100.0,395.0,3500.0,1.45,48.550000000000004,14.96,7.01,36.0,28.97,1.0,395.5,1200.0
110581.806,24181.806,140.0,102.10000000000001,24.43,15.99,184.0,36.050000000000004,149.6,29.55,35.81,34.6,84.5,14.25,73.7,100.0,396.5,3495.0,1.35,48.400000000000006,14.96,7.0600000000000005,36.02,29.060000000000002,0.0,385.0,1200.0
110641.806,24241.806,140.0,101.4,24.36,15.99,187.0,35.95,148.9,29.46,35.75,34.65,87.0,14.200000000000001,73.9,99.60000000000001,391.0,3490.0,1.35,48.2,15.05,6.95,35.980000000000004,29.01,0.0,391.5,1200.0
110701.805,24301.805,140.0,101.80000000000001,24.41,16.01,185.0,36.0,147.9,29.45,35.71,34.6,88.0,14.15,74.5,100.0,388.0,3494.0,1.22,48.400000000000006,14.97,6.97,35.97,29.03,1.0,390.0,1200.0
110761.805,24361.805,140.0,102.0,24.39,15.98,187.0,35.9,148.8,29.42,35.64,34.65,88.0,14.200000000000001,73.8,99.5,387.5,3496.0,1.3,48.400000000000006,15.05,6.97,36.0,28.91,0.0,387.5,1200.0
110821.805,24421.805,140.0,100.4,24.400000000000002,15.950000000000001,184.5,35.75,149.0,29.39,35.7,34.550000000000004,87.0,14.3,74.0,100.0,392.5,3492.0,1.21,48.400000000000006,14.93,7.05,35.910000000000004,29.1,1.0,389.5,1200.0
110881.805,24481.805,140.0,102.60000000000001,24.27,15.97,187.0,35.800000000000004,148.6,29.45,35.62,34.65,86.5,14.25,74.4,99.9,388.5,3491.0,1.49,48.300000000000004,15.05,7.07,36.0,28.98,1.0,396.0,1200.0
110941.804,24541.804,140.0,102.80000000000001,24.35,15.96,187.0,35.9,149.20000000000002,29.38,35.6,34.7,86.5,14.15,74.2,100.0,390.0,3486.0,1.46,48.25,15.01,7.0,36.02,28.95,0.0,390.5,1200.0
111001.804,24601.804,140.0,102.9,24.26,15.92,185.5,35.85,147.5,29.43,35.57,34.6,86.0,14.100000000000001,73.8,99.30000000000001,389.5,3483.0,1.51,48.2,15.02,7.0200000000000005,35.95,28.93,2.0,385.5,1200.0
111061.804,24661.804,140.0,101.30000000000001,24.36,15.97,185.5,35.800000000000004,150.3,29.400000000000002,35.6,34.4,86.0,14.25,74.4,99.30000000000001,389.5,3485.0,1.3800000000000001,48.2,14.950000000000001,6.98,35.980000000000004,28.94,0.0,388.0,1200.0
111121.804,24721.804,140.0,101.9,24.32,15.92,184.0,35.75,149.5,29.43,35.5,34.550000000000004,89.0,14.100000000000001,74.60000000000001,100.0,386.0,3481.0,1.44,48.2,15.01,7.01,35.93,29.1,0.0,386.5,1200.0
111181.803,24781.803,140.0,101.7,24.39,16.02,186.0,35.85,148.0,29.310000000000002,35.62,34.6,87.5,14.200000000000001,73.7,99.60000000000001,386.5,3481.0,1.57,48.2,14.94,7.04,35.88,28.97,3.0,383.5,1200.0
111241.803,24841.803,140.0,102.80000000000001,24.43,15.97,183.5,35.7,149.5,29.23,35.54,34.35,88.0,14.4,74.5,100.0,387.0,3480.0,1.31,48.1,15.06,7.03,36.07,28.97,0.0,388.5,1200.0
111301.803,24901.803,140.0,101.9,24.38,15.93,184.0,35.550000000000004,150.8,29.25,35.51,34.5,87.0,14.200000000000001,74.5,99.9,385.5,3481.0,1.46,48.050000000000004,15.01,6.890000000000001,36.02,29.09,0.0,383.5,1200.0
111361.803,24961.803,140.0,100.2,24.310000000000002,16.0,184.0,35.6,148.4,29.330000000000002,35.42,34.550000000000004,85.0,14.25,75.0,100.0,387.5,3485.0,1.43,48.1,14.950000000000001,7.03,36.14,28.98,2.0,390.0,1200.0
111421.803,25021.803,140.0,104.0,24.45,15.98,186.0,35.75,149.0,29.21,35.29,34.4,88.5,14.15,74.9,100.0,383.0,3480.0,1.4000000000000001,48.1,15.01,7.01,36.03,29.09,0.0,382.5,1200.0
111481.802,25081.802,140.0,101.10000000000001,24.36,15.97,183.0,35.75,147.3,29.22,35.43,34.35,88.5,14.05,74.60000000000001,99.80000000000001,385.0,3481.0,1.24,47.900000000000006,14.98,6.99,35.99,29.03,0.0,383.0,1200.0
111541.802,25141.802,140.0,101.60000000000001,24.35,15.99,185.0,35.6,149.1,29.150000000000002,35.47,34.45,87.5,14.15,74.9,100.0,382.0,3477.0,1.36,48.0,14.99,6.96,35.97,28.94,0.0,381.5,1200.0
111601.802,25201.802,140.0,102.80000000000001,24.39,16.04,185.0,35.550000000000004,148.4,29.25,35.38,34.35,87.0,14.15,75.0,100.0,383.5,3475.0,1.3800000000000001,47.95,15.08,7.04,36.06,28.94,2.0,382.5,1200.0
111661.802,25261.802,140.0,102.0,24.36,15.96,185.5,35.65,150.4,29.1,35.42,34.300000000000004,86.0,14.200000000000001,74.60000000000001,99.7,384.0,3476.0,1.46,48.050000000000004,15.01,7.0,36.03,28.990000000000002,2.0,385.0,1200.0
111721.801,25321.801,140.0,101.10000000000001,24.42,15.99,185.0,35.7,149.1,29.2,35.4,34.4,88.0,13.950000000000001,74.10000000000001,99.60000000000001,384.0,3480.0,1.31,47.900000000000006,14.94,7.0,36.04,29.03,1.0,387.5,1200.0
111781.801,25381.801,140.0,100.10000000000001,24.330000000000002,15.93,183.0,35.85,149.20000000000002,29.21,35.46,34.35,89.0,14.100000000000001,74.9,100.0,386.0,3482.0,1.45,47.800000000000004,15.040000000000001,6.95,35.96,28.990000000000002,0.0,388.0,1200.0
111841.801,25441.801,140.0,102.2,24.41,15.93,184.5,35.550000000000004,149.3,29.23,35.49,34.35,88.5,14.15,74.5,99.7,384.0,3477.0,1.34,47.900000000000006,15.01,7.0200000000000005,36.01,29.01,0.0,383.5,1200.0
111901.801,25501.801,140.0,102.10000000000001,24.37,15.93,186.0,35.800000000000004,149.3,29.21,35.49,34.5,89.0,14.25,74.4,99.7,383.5,3475.0,1.43,47.85,14.97,7.0,36.03,29.0,0.0,383.5,1200.0
111961.801,25561.801,140.0,102.10000000000001,24.39,15.96,183.5,35.45,148.6,29.26,35.47,34.45,88.5,14.350000000000001,74.5,100.0,385.5,3476.0,1.43,47.85,15.01,7.01,36.0,28.98,0.0,383.5,1200.0
112021.8,25621.8,140.0,101.7,24.36,16.03,186.5,35.65,150.20000000000002,29.21,35.5,34.4,89.5,14.200000000000001,74.5,99.80000000000001,385.0,3474.0,1.36,47.95,15.01,6.98,36.04,28.900000000000002,2.0,387.0,1200.0
112081.8,25681.8,140.0,102.80000000000001,24.35,16.05,184.0,35.65,148.8,29.22,35.47,34.45,87.5,14.25,74.2,99.5,382.0,3479.0,1.34,47.900000000000006,15.01,6.91,36.07,29.04,0.0,383.0,1200.0
112141.8,25741.8,140.0,102.9,24.35,15.98,183.5,35.9,150.1,29.2,35.56,34.45,86.5,14.05,74.3,100.0,383.5,3470.0,1.27,47.7,14.97,7.04,36.03,28.990000000000002,1.0,387.0,1200.0
112201.8,25801.8,140.0,102.0,24.310000000000002,16.03,185.0,35.65,148.4,29.22,35.52,34.550000000000004,88.5,14.100000000000001,74.4,100.0,384.5,3474.0,1.17,47.7,15.02,7.01,36.04,29.0,0.0,386.5,1200.0
112261.8,25861.8,140.0,101.4,24.310000000000002,16.04,185.5,35.65,149.0,29.21,35.47,34.45,87.0,14.15,74.2,100.0,385.0,3475.0,1.19,47.75,14.97,6.97,35.99,29.0,0.0,384.0,1200.0
112321.799,25921.799,140.0,101.7,24.330000000000002,15.99,185.5,35.6,149.1,29.240000000000002,35.38,34.5,87.0,14.15,74.2,99.7,388.0,3471.0,1.33,47.7,15.02,6.91,36.0,28.97,2.0,383.0,1200.0
112381.799,25981.799,140.0,101.30000000000001,24.330000000000002,15.99,186.5,35.75,147.9,29.27,35.51,34.45,88.0,14.200000000000001,74.7,100.0,387.0,3474.0,1.32,47.7,15.05,7.04,36.0,29.01,2.0,383.0,1200.0
112441.799,26041.799,140.0,103.80000000000001,24.35,15.98,186.0,35.75,149.9,29.27,35.42,34.4,86.0,14.200000000000001,74.4,99.9,382.0,3470.0,1.27,47.7,14.950000000000001,6.95,36.01,28.98,1.0,381.0,1200.0
112501.799,26101.799,140.0,102.0,24.310000000000002,15.93,182.5,35.6,149.4,29.26,35.49,34.45,86.0,14.200000000000001,73.9,100.0,379.5,3467.0,1.41,47.7,14.99,7.0,36.01,29.03,0.0,383.5,1200.0
112561.799,26161.799,140.0,102.2,24.34,15.99,183.5,35.550000000000004,149.8,29.26,35.49,34.45,89.5,14.100000000000001,74.0,99.7,386.0,3473.0,1.28,47.95,15.05,7.03,36.02,29.04,0.0,382.0,1200.0
112621.798,26221.798,140.0,101.4,24.32,16.02,186.0,35.800000000000004,147.8,29.3,35.46,34.300000000000004,88.0,14.15,74.2,100.0,377.5,3473.0,1.42,47.75,14.92,6.99,35.9,29.0,0.0,383.0,1200.0
112681.798,26281.798,140.0,102.2,24.37,15.98,184.0,35.7,149.20000000000002,29.18,35.42,34.35,88.0,14.15,74.2,100.0,384.0,3473.0,1.29,47.85,15.0,7.0200000000000005,36.01,29.04,1.0,389.5,1200.0
112741.798,26341.798,140.0,102.5,24.28,16.080000000000002,182.0,35.800000000000004,148.5,29.19,35.44,34.25,87.5,14.3,74.2,100.0,383.5,3469.0,1.3900000000000001,47.800000000000004,15.02,7.01,35.99,29.01,0.0,384.0,1200.0
112801.798,26401.798,140.0,101.30000000000001,24.36,15.99,184.5,35.65,149.9,29.240000000000002,35.38,34.5,88.5,14.200000000000001,74.8,99.80000000000001,383.5,3471.0,1.44,47.75,15.06,6.98,35.95,28.97,0.0,381.5,1200.0
112861.798,26461.798,140.0,101.7,24.36,16.0,183.0,35.7,148.4,29.22,35.52,34.45,87.0,14.450000000000001,74.5,99.7,383.0,3463.0,1.32,47.75,14.98,6.97,35.980000000000004,29.0,0.0,385.0,1200.0
112921.797,26521.797,140.0,101.4,24.37,16.0,185.5,35.5,148.20000000000002,29.330000000000002,35.46,34.45,86.5,14.200000000000001,73.9,99.9,384.5,3477.0,1.34,47.75,15.06,7.03,36.0,29.05,0.0,372.5,1200.0
112981.797,26581.797,140.0,99.80000000000001,24.44,16.04,186.5,35.65,149.3,29.34,35.54,34.4,88.5,14.25,74.4,100.0,378.5,3476.0,1.46,47.650000000000006,15.01,6.96,35.99,29.1,0.0,383.5,1200.0
113041.797,26641.797,140.0,102.80000000000001,24.27,15.99,185.0,35.800000000000004,148.0,29.32,35.52,34.5,88.0,14.25,74.3,100.0,383.5,3475.0,1.41,47.800000000000004,15.08,7.04,36.050000000000004,28.86,2.0,385.5,1200.0
113101.797,26701.797,140.0,102.9,24.32,15.99,185.5,35.7,148.3,29.240000000000002,35.5,34.4,87.5,14.200000000000001,74.4,100.0,391.0,3470.0,1.41,47.800000000000004,15.01,7.0,35.99,28.95,2.0,383.5,1200.0
113161.797,26761.797,140.0,102.4,24.34,15.98,184.5,35.7,148.3,29.2,35.47,34.45,87.0,14.4,73.60000000000001,100.0,387.5,3473.0,1.36,47.85,14.950000000000001,6.98,35.96,28.94,0.0,388.0,1200.0
113221.796,26821.796,140.0,103.4,24.330000000000002,16.01,185.5,35.75,148.3,29.3,35.47,34.4,83.5,14.200000000000001,73.9,100.0,381.5,3474.0,1.42,47.85,15.05,7.07,35.980000000000004,29.080000000000002,0.0,386.5,1200.0
113281.796,26881.796,140.0,100.0,24.37,15.96,184.5,35.800000000000004,147.8,29.3,35.6,34.35,87.5,14.15,74.7,100.0,383.0,3469.0,1.3800000000000001,47.75,15.05,6.94,36.01,29.02,2.0,386.5,1200.0
113341.796,26941.796,140.0,101.9,24.39,15.98,186.0,35.75,149.4,29.36,35.51,34.6,87.5,14.25,73.7,99.60000000000001,387.0,3478.0,1.4000000000000001,47.75,14.99,7.1000000000000005,36.06,29.02,3.0,388.0,1200.0
113401.796,27001.796,140.0,100.9,24.39,16.02,184.5,35.7,149.9,29.37,35.57,34.5,87.5,14.200000000000001,73.8,100.0,387.5,3478.0,1.41,47.75,15.0,6.96,36.07,28.95,0.0,387.0,1200.0
113461.796,27061.796,140.0,103.7,24.27,16.04,184.0,35.65,149.20000000000002,29.29,35.49,34.5,86.5,14.350000000000001,74.2,99.7,387.0,3476.0,1.29,47.75,15.02,7.05,35.93,28.96,0.0,386.0,1200.0
113521.795,27121.795,140.0,103.10000000000001,24.36,15.91,185.0,35.95,148.9,29.240000000000002,35.51,34.5,89.0,14.25,73.9,100.0,384.0,3477.0,1.33,47.800000000000004,15.01,7.0200000000000005,36.08,29.01,1.0,382.5,1200.0
113581.795,27181.795,140.0,100.0,24.37,16.01,184.0,35.75,149.1,29.26,35.480000000000004,34.4,88.0,14.200000000000001,74.0,99.7,386.5,3473.0,1.44,47.800000000000004,14.96,7.0200000000000005,36.06,28.98,0.0,383.5,1200.0
113641.795,27241.795,140.0,99.9,24.310000000000002,15.98,186.5,35.75,146.70000000000002,29.25,35.49,34.5,88.5,14.3,74.7,100.0,381.5,3474.0,1.41,47.95,14.96,7.05,35.94,29.080000000000002,0.0,387.0,1200.0
113701.795,27301.795,140.0,100.9,24.38,15.98,184.5,35.6,148.5,29.21,35.47,34.35,87.5,14.200000000000001,74.8,99.4,382.5,3467.0,1.28,47.75,14.98,7.0,36.050000000000004,29.0,0.0,385.0,1200.0
113761.795,27361.795,140.0,100.30000000000001,24.38,15.98,186.0,35.5,148.8,29.150000000000002,35.34,34.4,87.5,14.25,74.3,100.0,382.5,3471.0,1.4000000000000001,47.75,14.97,6.99,36.09,29.02,0.0,383.5,1200.0
113821.794,27421.794,140.0,100.60000000000001,24.310000000000002,15.98,185.0,35.6,149.3,29.240000000000002,35.45,34.35,87.0,14.100000000000001,74.9,99.5,386.0,3474.0,1.33,47.75,14.97,7.01,36.08,28.990000000000002,0.0,384.0,1200.0
113881.794,27481.794,140.0,101.7,24.310000000000002,15.98,182.5,35.550000000000004,148.9,29.080000000000002,35.36,34.5,88.0,14.15,74.60000000000001,100.0,383.0,3462.0,1.24,47.650000000000006,14.93,6.97,36.02,28.96,0.0,384.0,1200.0
113941.794,27541.794,140.0,102.5,24.26,16.0,183.0,35.5,149.3,29.150000000000002,35.32,34.4,86.5,14.100000000000001,74.8,100.0,381.0,3465.0,1.57,47.7,15.030000000000001,6.97,36.01,28.94,2.0,382.0,1200.0
114001.794,27601.794,140.0,102.7,24.35,15.92,181.5,35.550000000000004,149.4,29.12,35.28,34.25,87.0,14.25,74.9,99.9,376.5,3469.0,1.45,47.650000000000006,14.97,7.07,36.0,28.96,1.0,378.0,1200.0
114061.794,27661.794,140.0,101.60000000000001,24.36,15.99,183.5,35.45,147.6,29.150000000000002,35.25,34.25,88.5,14.100000000000001,74.8,100.0,381.0,3463.0,1.36,47.650000000000006,15.040000000000001,7.03,36.0,29.05,0.0,381.5,1200.0
114121.794,27721.794,140.0,102.2,24.34,15.9,185.0,35.6,148.6,29.080000000000002,35.230000000000004,34.35,86.5,14.15,74.9,99.9,377.0,3461.0,1.3800000000000001,47.550000000000004,15.0,7.01,35.99,29.060000000000002,0.0,382.0,1200.0
114181.793,27781.793,140.0,101.80000000000001,24.37,15.950000000000001,181.5,35.5,148.20000000000002,29.150000000000002,35.230000000000004,34.25,86.0,14.25,75.10000000000001,99.9,378.5,3461.0,1.4000000000000001,47.6,15.01,6.99,35.96,28.97,0.0,379.5,1200.0
114241.793,27841.793,140.0,102.0,24.36,15.99,184.5,35.35,147.9,28.95,35.28,34.35,88.0,14.15,74.5,99.9,379.5,3466.0,1.54,47.5,14.98,7.0,36.1,28.990000000000002,0.0,380.0,1200.0
114301.793,27901.793,140.0,101.9,24.310000000000002,16.02,185.5,35.6,149.1,29.11,35.230000000000004,34.300000000000004,88.5,14.25,75.2,100.0,379.0,3467.0,1.36,47.550000000000004,14.93,6.96,35.97,28.91,0.0,376.0,1200.0
114361.793,27961.793,140.0,101.7,24.32,15.99,185.5,35.4,148.5,29.07,35.25,34.300000000000004,87.5,14.100000000000001,75.3,100.0,380.0,3463.0,1.25,47.400000000000006,15.05,7.12,36.050000000000004,29.02,0.0,378.5,1200.0
114421.793,28021.793,140.0,104.4,24.39,16.01,182.5,35.4,149.3,29.080000000000002,35.27,34.25,89.0,14.3,74.7,100.0,383.0,3469.0,1.41,47.6,15.01,6.99,35.92,29.02,1.0,384.5,1200.0
114481.793,28081.793,140.0,102.60000000000001,24.39,16.01,184.0,35.550000000000004,150.3,29.1,35.300000000000004,34.4,87.0,14.15,75.2,100.0,382.0,3468.0,1.34,47.7,14.93,7.08,36.01,29.09,0.0,381.5,1200.0
114541.792,28141.792,140.0,102.7,24.34,15.96,183.5,35.2,148.1,29.02,35.300000000000004,34.35,86.0,14.100000000000001,74.60000000000001,99.9,377.5,3465.0,1.46,47.550000000000004,14.99,6.96,36.03,29.01,3.0,379.0,1200.0
114601.792,28201.792,140.0,103.5,24.36,15.92,183.0,35.45,149.1,29.03,35.35,34.300000000000004,88.5,14.15,75.3,99.80000000000001,380.5,3466.0,1.32,47.550000000000004,15.06,6.91,35.89,28.93,1.0,382.0,1200.0
114661.792,28261.792,140.0,102.10000000000001,24.35,16.02,183.0,35.6,147.4,29.1,35.33,34.4,87.5,14.200000000000001,74.7,99.9,379.0,3467.0,1.33,47.5,14.99,6.97,35.99,28.98,0.0,379.0,1200.0
114721.792,28321.792,140.0,102.5,24.41,16.02,183.5,35.550000000000004,148.70000000000002,29.12,35.43,34.35,88.0,14.3,75.4,99.2,380.0,3471.0,1.58,47.5,15.07,7.0,36.0,28.97,0.0,381.0,1200.0
114781.792,28381.792,140.0,102.4,24.36,16.02,184.5,35.6,149.6,29.2,35.4,34.45,88.0,14.200000000000001,74.4,99.9,381.5,3467.0,1.3900000000000001,47.650000000000006,14.99,6.92,36.0,28.900000000000002,2.0,386.0,1200.0
114841.791,28441.791,140.0,100.7,24.37,16.03,183.0,35.550000000000004,149.5,29.19,35.49,34.5,86.5,14.100000000000001,74.2,100.0,381.0,3471.0,1.41,47.5,14.99,6.94,35.910000000000004,29.04,0.0,384.5,1200.0
114901.791,28501.791,140.0,100.7,24.400000000000002,15.98,183.0,35.6,148.9,29.18,35.4,34.5,88.0,14.3,74.2,99.7,381.5,3470.0,1.56,47.5,14.99,6.99,35.9,28.990000000000002,0.0,383.5,1200.0
114961.791,28561.791,140.0,99.30000000000001,24.3,16.0,184.5,35.65,147.0,29.21,35.47,34.35,87.0,14.200000000000001,74.0,100.0,386.0,3469.0,1.46,47.550000000000004,14.99,6.96,35.96,28.93,0.0,388.0,1200.0
115021.791,28621.791,140.0,101.80000000000001,24.35,15.97,183.5,35.75,148.1,29.21,35.47,34.550000000000004,89.5,14.05,74.5,99.7,389.0,3474.0,1.28,47.7,14.93,7.01,36.01,29.01,1.0,381.0,1200.0
115081.791,28681.791,140.0,102.0,24.330000000000002,15.96,183.0,35.800000000000004,148.9,29.32,35.61,34.4,88.0,14.15,74.3,99.4,382.0,3473.0,1.22,47.7,15.01,6.96,36.04,29.080000000000002,0.0,389.0,1200.0
115141.791,28741.791,140.0,102.7,24.42,15.96,184.0,35.85,148.70000000000002,29.41,35.5,34.4,87.5,14.3,74.4,100.0,386.0,3469.0,1.51,47.800000000000004,14.94,6.94,35.92,29.02,0.0,384.0,1200.0
115201.79,28801.79,140.0,102.2,24.26,16.0,185.5,35.85,150.20000000000002,29.43,35.56,34.45,87.5,14.25,74.0,100.0,385.5,3472.0,1.53,47.6,14.99,6.99,36.0,28.95,1.0,387.5,1200.0
115261.79,28861.79,140.0,100.5,24.34,15.94,185.0,35.75,149.1,29.330000000000002,35.56,34.65,88.0,14.100000000000001,74.0,99.80000000000001,386.0,3475.0,1.49,47.75,14.96,6.97,36.050000000000004,29.01,1.0,387.0,1200.0
115321.79,28921.79,140.0,102.30000000000001,24.3,16.0,186.5,35.95,148.4,29.38,35.6,34.550000000000004,85.5,14.25,73.7,100.0,385.0,3469.0,1.42,47.7,15.01,6.99,35.910000000000004,29.02,1.0,388.0,1200.0
115381.79,28981.79,140.0,101.4,24.35,15.96,185.0,35.7,147.6,29.41,35.550000000000004,34.550000000000004,89.5,14.200000000000001,73.7,100.0,382.0,3470.0,1.3800000000000001,47.75,15.030000000000001,6.99,35.96,29.0,1.0,383.5,1200.0
115441.79,29041.79,140.0,103.5,24.35,16.03,185.5,35.65,149.20000000000002,29.39,35.54,34.65,89.0,14.3,73.9,100.0,383.0,3473.0,1.35,47.75,14.94,7.0,35.94,29.07,2.0,382.5,1200.0
115501.79,29101.79,140.0,103.10000000000001,24.26,16.03,186.0,35.800000000000004,149.20000000000002,29.38,35.53,34.550000000000004,87.0,14.25,74.0,100.0,384.5,3474.0,1.53,47.7,15.02,7.0,35.94,28.94,2.0,384.5,1200.0
115561.789,29161.789,140.0,102.0,24.32,15.98,185.5,35.7,148.20000000000002,29.330000000000002,35.53,34.6,87.0,14.3,74.4,100.0,385.0,3470.0,1.3800000000000001,47.75,15.0,6.97,35.99,28.900000000000002,0.0,379.5,1200.0
115621.789,29221.789,140.0,101.9,24.330000000000002,15.98,184.5,35.7,148.70000000000002,29.3,35.550000000000004,34.65,87.5,14.200000000000001,74.10000000000001,100.0,383.0,3471.0,1.45,47.900000000000006,14.97,7.0,36.02,28.990000000000002,0.0,384.0,1200.0
115681.789,29281.789,140.0,103.2,24.240000000000002,15.97,185.5,35.800000000000004,149.0,29.27,35.44,34.550000000000004,87.0,14.25,74.3,100.0,386.5,3468.0,1.3900000000000001,47.75,15.030000000000001,7.01,36.02,29.04,0.0,385.0,1200.0
115741.789,29341.789,140.0,101.0,24.28,15.92,188.0,35.85,147.8,29.35,35.57,34.4,86.0,14.200000000000001,74.4,100.0,385.0,3466.0,1.54,47.650000000000006,14.97,7.03,35.980000000000004,29.01,0.0,384.0,1200.0
115801.789,29401.789,140.0,102.2,24.27,15.93,187.0,35.7,149.0,29.44,35.46,34.35,87.5,14.200000000000001,74.3,100.0,386.0,3467.0,1.47,47.900000000000006,14.96,6.95,35.99,29.01,0.0,380.0,1200.0
115861.789,29461.789,140.0,102.60000000000001,24.2,16.04,186.0,35.65,149.1,29.29,35.5,34.45,87.5,14.200000000000001,73.9,99.4,388.5,3469.0,1.41,47.5,15.0,7.0600000000000005,35.97,28.990000000000002,1.0,380.0,1200.0
115921.789,29521.789,140.0,101.4,24.23,16.0,183.5,35.6,148.4,29.28,35.45,34.45,86.0,14.25,74.4,99.7,377.0,3464.0,1.21,47.900000000000006,15.040000000000001,6.96,35.95,29.080000000000002,3.0,386.0,1200.0
115981.788,29581.788,140.0,100.80000000000001,24.28,15.94,183.0,35.65,148.70000000000002,29.26,35.42,34.300000000000004,87.5,14.100000000000001,74.4,100.0,385.0,3473.0,1.48,47.7,14.94,6.96,36.04,28.96,0.0,382.5,1200.0
116041.788,29641.788,140.0,100.7,24.3,15.99,183.5,35.6,148.70000000000002,29.13,35.45,34.550000000000004,85.0,14.15,73.8,99.9,385.0,3465.0,1.3800000000000001,47.550000000000004,15.030000000000001,7.01,36.01,29.03,2.0,380.0,1200.0
116101.788,29701.788,140.0,102.60000000000001,24.3,15.96,185.0,35.65,148.70000000000002,29.23,35.4,34.2,89.0,14.100000000000001,74.4,100.0,377.0,3464.0,1.44,47.7,15.0,7.0,36.03,28.98,1.0,376.5,1200.0
116161.788,29761.788,140.0,102.4,24.330000000000002,15.9,185.5,35.6,148.70000000000002,29.17,35.36,34.5,87.5,14.05,74.3,100.0,382.0,3464.0,1.49,47.550000000000004,14.98,7.0,36.0,28.91,0.0,381.5,1200.0
116221.788,29821.788,140.0,102.4,24.310000000000002,15.98,183.0,35.550000000000004,148.4,29.18,35.27,34.4,87.5,14.100000000000001,74.4,100.0,383.0,3463.0,1.55,47.800000000000004,15.030000000000001,7.03,36.0,29.0,0.0,381.0,1200.0
116281.788,29881.788,140.0,103.4,24.330000000000002,15.950000000000001,183.5,35.6,150.1,29.11,35.300000000000004,34.300000000000004,88.0,14.05,74.10000000000001,99.60000000000001,380.0,3468.0,1.3800000000000001,47.900000000000006,15.0,7.01,35.93,28.97,0.0,381.0,1200.0
116341.787,29941.787,140.0,102.0,24.39,15.97,183.0,35.550000000000004,148.0,29.02,35.32,34.25,87.0,14.3,75.10000000000001,100.0,380.5,3465.0,1.59,47.7,15.01,6.95,36.1,28.95,0.0,382.0,1200.0
116401.787,30001.787,140.0,100.9,24.400000000000002,15.950000000000001,184.0,35.6,148.9,29.14,35.38,34.4,88.0,14.200000000000001,74.10000000000001,100.0,381.5,3471.0,1.33,47.650000000000006,15.02,7.03,36.08,29.01,1.0,375.0,1200.0
116461.787,30061.787,140.0,102.0,24.25,15.96,184.0,35.4,149.20000000000002,29.13,35.26,34.45,85.5,14.15,74.3,100.0,382.5,3468.0,1.52,47.6,14.94,7.01,36.02,29.04,1.0,381.0,1200.0
116521.787,30121.787,140.0,102.60000000000001,24.36,16.02,184.0,35.45,150.0,29.18,35.39,34.300000000000004,88.0,14.200000000000001,74.3,100.0,379.0,3466.0,1.44,47.7,15.030000000000001,7.04,35.980000000000004,29.0,1.0,379.0,1200.0
116581.787,30181.787,140.0,100.60000000000001,24.32,16.0,186.5,35.6,149.8,29.060000000000002,35.38,34.2,88.5,14.15,74.7,99.9,383.5,3473.0,1.34,47.5,15.01,6.97,35.97,28.96,1.0,381.5,1200.0
116641.787,30241.787,140.0,102.0,24.35,15.99,183.0,35.6,147.70000000000002,29.2,35.34,34.4,85.0,14.200000000000001,73.4,99.80000000000001,382.0,3472.0,1.3900000000000001,47.7,14.99,6.94,36.06,28.990000000000002,1.0,383.5,1200.0
116701.787,30301.787,140.0,100.80000000000001,24.34,15.99,186.0,35.65,147.6,29.240000000000002,35.410000000000004,34.35,89.5,14.05,74.2,99.80000000000001,386.5,3472.0,1.31,47.5,14.950000000000001,7.0,36.04,29.0,0.0,380.5,1200.0
116761.786,30361.786,140.0,101.7,24.34,15.98,183.0,35.65,149.1,29.37,35.54,34.5,88.0,14.3,73.5,99.7,384.5,3471.0,1.3800000000000001,47.7,15.05,6.99,36.07,29.04,2.0,384.5,1200.0
116821.786,30421.786,140.0,101.10000000000001,24.35,15.9,186.0,35.7,148.9,29.34,35.550000000000004,34.35,85.5,14.15,74.5,100.0,382.5,3474.0,1.4000000000000001,47.800000000000004,14.98,6.97,35.95,29.02,0.0,380.5,1200.0
116881.786,30481.786,140.0,102.60000000000001,24.34,15.97,182.5,35.85,149.3,29.240000000000002,35.5,34.4,86.0,14.25,74.2,100.0,386.5,3464.0,1.48,47.650000000000006,15.01,6.99,35.980000000000004,29.05,4.0,386.5,1200.0
116941.786,30541.786,140.0,102.7,24.29,15.97,183.5,35.75,147.4,29.44,35.53,34.6,88.5,14.200000000000001,74.2,99.5,388.5,3475.0,1.6,47.85,15.01,6.96,35.980000000000004,28.93,0.0,381.5,1200.0
117001.786,30601.786,140.0,101.60000000000001,24.310000000000002,15.94,182.5,35.75,149.6,29.36,35.69,34.5,88.5,14.200000000000001,74.10000000000001,99.9,386.5,3472.0,1.35,47.6,15.030000000000001,6.96,36.03,28.98,0.0,385.0,1200.0
117061.786,30661.786,140.0,101.9,24.36,16.01,185.0,35.9,148.5,29.34,35.5,34.35,85.5,14.3,73.60000000000001,100.0,384.0,3470.0,1.47,47.900000000000006,15.05,6.93,36.0,28.98,2.0,384.5,1200.0
117121.785,30721.785,140.0,102.7,24.39,16.02,186.0,35.800000000000004,149.6,29.41,35.480000000000004,34.5,87.5,14.15,74.10000000000001,100.0,379.5,3476.0,1.51,47.75,15.040000000000001,6.99,36.01,28.96,0.0,389.0,1200.0
117181.785,30781.785,140.0,101.30000000000001,24.330000000000002,16.01,185.5,35.75,148.1,29.330000000000002,35.550000000000004,34.4,87.5,14.25,73.7,99.80000000000001,389.0,3476.0,1.57,47.75,15.01,7.0,35.99,29.0,0.0,389.0,1200.0
117241.785,30841.785,140.0,102.9,24.38,15.94,185.0,35.65,149.3,29.23,35.550000000000004,34.550000000000004,89.0,14.3,74.5,100.0,390.5,3482.0,1.34,47.800000000000004,14.9,7.0,36.01,29.05,0.0,381.0,1200.0
117301.785,30901.785,140.0,103.0,24.330000000000002,16.02,185.0,35.7,149.70000000000002,29.3,35.54,34.6,90.0,14.200000000000001,74.3,100.0,385.0,3476.0,1.5,47.85,15.030000000000001,7.03,36.03,28.900000000000002,2.0,385.0,1200.0
117361.785,30961.785,140.0,101.60000000000001,24.34,15.93,185.0,35.7,148.8,29.38,35.49,34.6,87.0,14.200000000000001,74.10000000000001,99.9,390.0,3477.0,1.36,47.85,14.99,6.96,35.910000000000004,28.98,2.0,388.5,1200.0
117421.785,31021.785,140.0,102.0,24.35,15.9,185.0,35.75,150.20000000000002,29.25,35.46,34.550000000000004,86.0,14.100000000000001,74.5,100.0,383.5,3479.0,1.45,47.75,15.040000000000001,7.01,35.96,28.98,3.0,386.5,1200.0
117481.785,31081.785,140.0,101.60000000000001,24.39,15.950000000000001,185.5,35.75,148.70000000000002,29.25,35.550000000000004,34.45,87.5,14.3,74.4,100.0,381.5,3478.0,1.49,47.800000000000004,14.93,7.03,35.99,29.01,0.0,386.5,1200.0
117541.784,31141.784,140.0,102.30000000000001,24.330000000000002,15.99,183.5,35.75,148.1,29.26,35.46,34.550000000000004,88.5,14.100000000000001,74.60000000000001,100.0,387.0,3481.0,1.57,47.75,15.05,6.92,36.06,28.98,2.0,382.5,1200.0
117601.784,31201.784,140.0,101.4,24.39,15.950000000000001,185.5,35.800000000000004,148.8,29.2,35.49,34.35,88.0,14.3,74.4,99.60000000000001,379.0,3478.0,1.31,47.900000000000006,14.99,7.0200000000000005,36.0,29.0,0.0,382.5,1200.0
117661.784,31261.784,140.0,101.60000000000001,24.34,15.9,185.5,36.0,149.5,29.22,35.44,34.5,88.5,14.200000000000001,74.4,99.7,382.5,3473.0,1.32,47.7,15.040000000000001,7.04,35.96,29.0,0.0,383.5,1200.0
117721.784,31321.784,140.0,101.10000000000001,24.36,15.92,183.0,35.75,148.1,29.29,35.51,34.65,89.5,14.15,75.0,100.0,385.5,3476.0,1.52,47.900000000000006,15.02,6.93,36.01,28.98,1.0,384.0,1200.0
117781.784,31381.784,140.0,101.10000000000001,24.35,16.02,184.0,35.7,149.70000000000002,29.240000000000002,35.59,34.550000000000004,89.0,14.25,75.2,100.0,384.5,3481.0,1.46,47.800000000000004,14.99,6.97,36.04,28.97,0.0,388.5,1200.0
117841.784,31441.784,140.0,101.7,24.310000000000002,16.01,183.5,35.65,149.20000000000002,29.19,35.51,34.35,89.0,14.3,74.3,100.0,387.0,3478.0,1.44,47.7,14.99,6.99,36.050000000000004,29.09,2.0,387.0,1200.0
117901.784,31501.784,140.0,101.80000000000001,24.39,15.99,184.0,35.75,148.70000000000002,29.26,35.5,34.5,86.5,14.200000000000001,74.4,100.0,383.5,3474.0,1.42,47.95,15.06,6.98,36.0,28.97,0.0,385.5,1200.0
117961.783,31561.783,140.0,102.2,24.3,16.01,184.5,35.550000000000004,148.70000000000002,29.3,35.46,34.35,88.0,14.100000000000001,74.10000000000001,99.9,385.5,3476.0,1.27,47.800000000000004,15.030000000000001,7.03,35.96,29.060000000000002,1.0,382.0,1200.0
118021.783,31621.783,140.0,100.80000000000001,24.34,16.0,186.0,35.75,148.8,29.26,35.480000000000004,34.4,88.5,14.15,74.7,99.80000000000001,383.5,3476.0,1.42,47.85,14.94,6.94,36.050000000000004,29.02,1.0,383.5,1200.0
118081.783,31681.783,140.0,102.60000000000001,24.35,15.950000000000001,185.0,35.75,150.20000000000002,29.25,35.56,34.550000000000004,88.0,14.3,74.10000000000001,99.5,382.0,3470.0,1.26,47.75,15.02,7.05,36.09,28.990000000000002,0.0,381.0,1200.0
118141.783,31741.783,140.0,102.7,24.34,16.0,183.5,35.800000000000004,148.70000000000002,29.26,35.53,34.550000000000004,87.0,14.3,73.8,100.0,385.0,3479.0,1.49,47.900000000000006,14.97,6.98,36.07,28.94,1.0,386.5,1200.0
118201.783,31801.783,140.0,100.9,24.38,16.0,185.5,35.7,149.0,29.23,35.53,34.5,88.0,14.3,74.5,100.0,384.5,3477.0,1.5,47.7,15.01,6.93,36.04,29.02,0.0,382.5,1200.0
118261.783,31861.783,140.0,101.2,24.310000000000002,15.94,183.5,35.75,148.4,29.29,35.42,34.5,87.5,14.200000000000001,74.10000000000001,99.60000000000001,385.5,3473.0,1.3900000000000001,47.95,14.94,7.05,35.99,29.03,0.0,383.0,1200.0
118321.783,31921.783,140.0,101.30000000000001,24.3,16.0,184.5,35.550000000000004,149.5,29.26,35.550000000000004,34.45,87.5,14.15,73.9,100.0,385.0,3476.0,1.33,47.85,15.02,7.01,35.93,29.04,0.0,382.5,1200.0
118381.783,31981.783,140.0,99.80000000000001,24.330000000000002,15.950000000000001,185.0,35.7,147.3,29.17,35.46,34.300000000000004,87.0,14.350000000000001,74.4,99.4,381.0,3476.0,1.31,47.7,14.99,6.96,36.01,28.94,1.0,380.5,1200.0
118441.782,32041.782,140.0,100.9,24.28,15.9,184.0,35.7,148.70000000000002,29.27,35.5,34.65,90.0,14.100000000000001,74.60000000000001,99.9,383.0,3469.0,1.45,47.85,15.06,7.0,36.02,29.04,2.0,386.0,1200.0
118501.782,32101.782,140.0,102.2,24.34,15.98,186.0,35.75,149.0,29.310000000000002,35.47,34.4,87.0,14.15,74.3,100.0,383.5,3470.0,1.44,47.800000000000004,14.97,6.97,35.99,28.98,1.0,382.5,1200.0
118561.782,32161.782,140.0,100.9,24.37,15.96,183.0,35.6,149.8,29.29,35.47,34.35,88.5,14.3,73.8,99.9,384.5,3466.0,1.4000000000000001,47.75,14.950000000000001,6.94,35.94,28.990000000000002,0.0,384.5,1200.0
118621.782,32221.782,140.0,102.9,24.18,15.96,183.5,35.6,147.70000000000002,29.240000000000002,35.4,34.35,87.0,14.3,74.3,99.80000000000001,380.5,3468.0,1.34,47.85,15.01,7.0200000000000005,36.050000000000004,28.98,1.0,385.0,1200.0
118681.782,32281.782,140.0,101.5,24.38,15.950000000000001,183.5,35.7,147.6,29.150000000000002,35.5,34.300000000000004,88.0,14.3,74.60000000000001,99.60000000000001,383.0,3465.0,1.44,47.650000000000006,15.02,7.04,36.01,28.97,0.0,383.5,1200.0
118741.782,32341.782,140.0,101.2,24.3,15.96,183.5,35.65,149.8,29.2,35.43,34.35,87.5,14.25,74.7,99.9,385.0,3466.0,1.52,47.800000000000004,15.02,7.01,36.0,29.05,0.0,382.5,1200.0
118801.782,32401.782,140.0,101.2,24.27,15.99,183.0,35.65,147.8,29.14,35.42,34.550000000000004,84.5,14.15,74.4,100.0,382.0,3468.0,1.41,47.75,14.950000000000001,6.99,35.980000000000004,28.97,0.0,382.0,1200.0
118861.781,32461.781,140.0,101.5,24.37,16.03,184.0,35.6,149.8,29.19,35.300000000000004,34.35,89.0,14.200000000000001,73.8,100.0,380.5,3462.0,1.52,47.75,15.040000000000001,7.04,36.04,28.96,0.0,383.5,1200.0
118921.781,32521.781,140.0,101.4,24.27,16.01,183.5,35.65,149.3,29.17,35.33,34.45,86.0,14.05,74.60000000000001,99.4,382.0,3468.0,1.3800000000000001,47.6,14.950000000000001,6.99,35.97,28.92,0.0,381.5,1200.0
118981.781,32581.781,140.0,102.80000000000001,24.3,16.01,184.0,35.6,147.5,29.19,35.38,34.45,85.5,14.200000000000001,74.8,100.0,383.0,3462.0,1.37,47.7,15.01,7.0600000000000005,36.02,29.05,0.0,384.0,1200.0
119041.781,32641.781,140.0,103.0,24.29,15.92,184.5,35.6,150.20000000000002,29.27,35.410000000000004,34.25,86.5,14.15,74.2,100.0,382.0,3468.0,1.44,47.5,14.97,7.0200000000000005,35.96,28.95,0.0,380.5,1200.0
119101.781,32701.781,140.0,102.5,24.23,16.0,185.0,35.65,147.9,29.21,35.300000000000004,34.5,88.0,14.25,74.3,99.9,382.5,3468.0,1.45,47.550000000000004,15.01,7.0,35.94,29.0,0.0,383.5,1200.0
119161.781,32761.781,140.0,101.4,24.34,16.01,184.5,35.7,148.9,29.150000000000002,35.44,34.45,86.0,14.350000000000001,74.7,100.0,380.0,3467.0,1.33,47.800000000000004,14.91,7.01,35.96,29.03,1.0,384.0,1200.0
119221.781,32821.781,140.0,102.5,24.41,15.94,185.5,35.550000000000004,148.6,29.21,35.37,34.300000000000004,86.5,14.15,74.3,100.0,387.5,3471.0,1.4000000000000001,47.550000000000004,15.0,7.01,36.04,29.080000000000002,1.0,380.5,1200.0
119281.781,32881.781,140.0,101.10000000000001,24.310000000000002,15.97,184.5,35.65,148.5,29.2,35.42,34.45,85.0,14.100000000000001,74.0,100.0,383.5,3467.0,1.3900000000000001,47.650000000000006,15.01,7.01,35.980000000000004,29.04,0.0,387.0,1200.0
119341.78,32941.78,140.0,102.60000000000001,24.38,16.02,184.5,35.65,148.20000000000002,29.25,35.410000000000004,34.4,88.0,14.4,74.60000000000001,100.0,379.0,3469.0,1.42,47.75,15.0,7.0200000000000005,35.95,29.09,2.0,381.5,1200.0
119401.78,33001.78,140.0,100.9,24.34,16.1,184.0,35.550000000000004,149.1,29.22,35.45,34.4,88.5,14.3,74.4,100.0,382.5,3472.0,1.31,47.75,14.92,6.98,35.95,28.96,0.0,382.0,1200.0
119461.78,33061.78,140.0,101.7,24.35,16.01,183.0,35.550000000000004,150.4,29.16,35.36,34.45,89.0,14.05,75.0,100.0,377.5,3473.0,1.3900000000000001,47.6,14.93,7.05,36.11,28.94,0.0,382.5,1200.0
119521.78,33121.78,140.0,101.10000000000001,24.3,16.02,187.0,35.65,147.5,29.21,35.4,34.25,90.0,14.15,74.5,99.9,382.5,3470.0,1.49,47.75,15.02,7.0,36.07,28.96,1.0,380.5,1200.0
119581.78,33181.78,140.0,103.10000000000001,24.400000000000002,16.05,185.5,35.6,149.0,29.17,35.43,34.45,87.5,14.200000000000001,75.10000000000001,100.0,382.5,3469.0,1.51,47.900000000000006,15.05,7.0200000000000005,36.06,29.03,3.0,383.5,1200.0
119641.78,33241.78,140.0,101.60000000000001,24.37,15.98,185.0,35.6,150.0,29.09,35.410000000000004,34.35,89.0,14.350000000000001,74.60000000000001,99.60000000000001,389.5,3473.0,1.49,47.650000000000006,15.08,6.97,36.02,29.01,0.0,382.0,1200.0
119701.78,33301.78,140.0,102.10000000000001,24.35,16.01,186.0,35.6,147.6,29.21,35.410000000000004,34.35,89.5,14.25,74.4,99.4,386.5,3476.0,1.45,47.800000000000004,14.99,6.97,35.96,28.990000000000002,1.0,381.0,1200.0
119761.78,33361.78,140.0,104.0,24.35,15.96,185.5,35.5,149.20000000000002,29.26,35.4,34.4,85.5,14.15,74.8,99.30000000000001,384.0,3474.0,1.3,47.75,14.92,6.99,36.07,28.96,1.0,384.0,1200.0
119821.779,33421.779,140.0,102.0,24.39,15.97,183.5,35.5,149.4,29.17,35.39,34.45,87.0,14.3,74.3,99.5,383.5,3466.0,1.41,47.7,14.98,7.05,35.92,29.0,0.0,383.0,1200.0
119881.779,33481.779,140.0,100.60000000000001,24.32,15.96,185.0,35.550000000000004,149.20000000000002,29.13,35.45,34.45,87.0,14.200000000000001,75.10000000000001,100.0,382.0,3470.0,1.48,47.7,14.99,7.01,35.99,28.990000000000002,0.0,381.0,1200.0
119941.779,33541.779,140.0,101.30000000000001,24.32,16.06,184.5,35.550000000000004,148.8,29.16,35.410000000000004,34.35,86.0,14.15,75.0,99.60000000000001,386.5,3465.0,1.37,47.75,15.0,7.0200000000000005,36.04,29.02,0.0,384.0,1200.0
120001.779,33601.779,140.0,102.60000000000001,24.36,16.01,184.0,35.550000000000004,149.4,29.22,35.43,34.300000000000004,87.0,14.15,74.10000000000001,100.0,379.0,3469.0,1.6,47.6,15.02,6.96,36.01,28.98,1.0,382.5,1200.0
120061.779,33661.779,140.0,102.9,24.35,15.99,183.5,35.45,149.9,29.17,35.38,34.5,87.0,14.15,74.10000000000001,99.60000000000001,382.5,3468.0,1.37,47.650000000000006,15.0,6.96,36.01,29.01,0.0,378.0,1200.0
120121.779,33721.779,140.0,101.2,24.310000000000002,15.97,183.5,35.5,148.9,29.17,35.39,34.300000000000004,85.0,14.200000000000001,75.3,100.0,388.5,3470.0,1.35,47.85,14.94,7.03,36.03,29.060000000000002,0.0,381.0,1200.0
120181.779,33781.779,140.0,101.80000000000001,24.32,15.97,186.0,35.6,148.20000000000002,29.21,35.480000000000004,34.550000000000004,88.0,14.200000000000001,74.0,99.9,382.5,3468.0,1.3800000000000001,47.550000000000004,15.040000000000001,6.95,36.08,29.01,0.0,380.0,1200.0
120241.779,33841.779,140.0,101.10000000000001,24.28,15.94,187.5,35.550000000000004,150.4,29.22,35.47,34.4,88.0,14.3,74.2,100.0,380.0,3470.0,1.55,47.75,14.950000000000001,6.98,35.94,28.990000000000002,1.0,383.5,1200.0
120301.778,33901.778,140.0,103.2,24.32,16.02,184.5,35.7,149.3,29.22,35.46,34.25,88.0,14.100000000000001,73.60000000000001,100.0,384.0,3468.0,1.4000000000000001,47.800000000000004,14.89,6.94,36.02,28.990000000000002,1.0,387.0,1200.0
120361.778,33961.778,140.0,102.2,24.38,16.0,186.5,35.6,149.0,29.240000000000002,35.45,34.45,88.5,14.100000000000001,74.60000000000001,100.0,383.0,3465.0,1.35,47.6,14.99,6.98,35.980000000000004,29.05,0.0,385.5,1200.0
120421.778,34021.778,140.0,102.7,24.35,16.080000000000002,185.0,35.65,150.0,29.23,35.480000000000004,34.45,88.0,14.15,74.7,99.5,382.5,3474.0,1.55,47.7,14.96,6.99,36.02,28.93,0.0,380.5,1200.0
120481.778,34081.778,140.0,102.9,24.39,16.05,183.0,35.6,148.8,29.18,35.47,34.4,87.0,14.25,74.2,100.0,383.5,3473.0,1.33,47.650000000000006,15.02,6.97,36.06,28.96,0.0,386.0,1200.0
120541.778,34141.778,140.0,101.4,24.36,15.96,183.0,35.85,148.20000000000002,29.28,35.43,34.45,88.0,14.200000000000001,74.3,99.60000000000001,384.0,3476.0,1.41,47.550000000000004,15.040000000000001,7.04,35.980000000000004,28.92,1.0,383.0,1200.0
120601.778,34201.778,140.0,102.5,24.26,16.0,185.0,35.65,149.9,29.34,35.44,34.35,89.0,14.350000000000001,74.3,100.0,389.5,3479.0,1.58,47.800000000000004,15.02,7.0200000000000005,36.07,28.990000000000002,0.0,384.5,1200.0
120661.778,34261.778,140.0,101.10000000000001,24.28,15.99,185.0,35.65,149.4,29.26,35.480000000000004,34.4,87.5,14.05,74.8,99.9,386.0,3478.0,1.25,47.7,15.030000000000001,7.03,35.99,29.03,0.0,386.0,1200.0
120721.778,34321.778,140.0,101.60000000000001,24.27,15.99,182.5,35.550000000000004,148.70000000000002,29.3,35.42,34.550000000000004,88.0,14.200000000000001,74.60000000000001,100.0,384.0,3479.0,1.51,47.75,14.98,6.99,36.03,28.97,0.0,391.0,1200.0
120781.778,34381.778,140.0,101.10000000000001,24.38,15.950000000000001,185.5,35.6,148.8,29.29,35.480000000000004,34.4,86.5,14.15,74.60000000000001,99.9,389.0,3477.0,1.22,47.800000000000004,14.92,7.03,35.97,28.98,0.0,384.0,1200.0
120841.777,34441.777,140.0,102.9,24.37,16.01,183.5,35.75,149.5,29.26,35.46,34.45,86.5,14.0,74.7,100.0,385.0,3476.0,1.34,47.85,15.0,6.95,35.99,28.92,1.0,388.5,1200.0
120901.777,34501.777,140.0,100.9,24.35,16.07,183.5,35.7,150.4,29.23,35.52,34.35,86.0,14.15,74.0,100.0,385.5,3484.0,1.48,47.85,14.99,6.96,36.02,28.990000000000002,0.0,383.0,1200.0
120961.777,34561.777,140.0,103.5,24.330000000000002,15.98,183.5,35.85,148.1,29.32,35.58,34.550000000000004,87.0,14.200000000000001,74.7,100.0,383.5,3481.0,1.26,48.050000000000004,14.99,7.07,35.95,29.02,1.0,385.5,1200.0
121021.777,34621.777,140.0,103.0,24.37,15.99,184.0,35.85,149.4,29.330000000000002,35.480000000000004,34.550000000000004,87.5,14.200000000000001,74.9,99.60000000000001,384.0,3475.0,1.27,47.900000000000006,14.97,7.0,35.99,28.91,1.0,379.5,1200.0
121081.777,34681.777,140.0,103.30000000000001,24.330000000000002,16.05,183.0,35.800000000000004,149.5,29.19,35.46,34.5,88.0,14.200000000000001,74.4,100.0,384.5,3475.0,1.29,47.85,15.02,6.97,36.01,28.98,0.0,386.5,1200.0
121141.777,34741.777,140.0,100.30000000000001,24.39,16.01,184.0,35.6,149.0,29.23,35.47,34.550000000000004,86.5,14.200000000000001,74.3,99.80000000000001,392.5,3474.0,1.5,47.75,15.02,6.96,36.01,29.05,0.0,383.5,1200.0
121201.777,34801.777,140.0,102.7,24.35,15.950000000000001,186.0,35.6,149.3,29.25,35.4,34.45,86.5,14.200000000000001,74.5,100.0,387.0,3472.0,1.3800000000000001,47.900000000000006,15.040000000000001,6.98,35.96,29.01,0.0,384.0,1200.0
121261.777,34861.777,140.0,102.2,24.330000000000002,16.01,184.0,35.65,148.5,29.27,35.52,34.550000000000004,88.0,14.200000000000001,74.2,99.9,389.5,3481.0,1.45,47.900000000000006,14.97,7.03,35.9,29.03,0.0,381.0,1200.0
121321.777,34921.777,140.0,101.9,24.330000000000002,15.97,184.5,35.7,150.1,29.19,35.480000000000004,34.5,88.5,14.200000000000001,74.60000000000001,100.0,383.0,3478.0,1.35,47.95,15.040000000000001,7.0600000000000005,36.02,28.97,0.0,382.5,1200.0
121381.776,34981.776,140.0,101.4,24.37,15.97,184.5,35.550000000000004,149.4,29.26,35.47,34.45,86.0,14.200000000000001,74.3,99.80000000000001,380.5,3470.0,1.4000000000000001,47.800000000000004,15.0,6.96,36.01,29.05,2.0,386.0,1200.0
121441.776,35041.776,140.0,102.80000000000001,24.39,16.01,183.5,35.7,149.20000000000002,29.26,35.45,34.45,88.5,14.350000000000001,74.10000000000001,100.0,382.0,3473.0,1.41,47.95,14.99,6.96,35.93,29.01,0.0,379.5,1200.0
121501.776,35101.776,140.0,101.0,24.3,15.950000000000001,184.5,35.65,147.8,29.400000000000002,35.5,34.4,87.0,14.200000000000001,74.5,99.9,380.5,3474.0,1.24,47.800000000000004,14.92,7.0,35.97,28.990000000000002,0.0,383.0,1200.0
121561.776,35161.776,140.0,103.2,24.38,16.02,185.5,35.65,149.0,29.17,35.480000000000004,34.35,87.0,14.15,74.7,99.9,386.5,3475.0,1.46,47.85,15.030000000000001,7.03,36.01,29.01,0.0,381.5,1200.0
121621.776,35221.776,140.0,101.5,24.27,15.97,183.5,35.65,148.0,29.21,35.57,34.6,87.0,14.200000000000001,74.5,100.0,382.5,3472.0,1.3,47.75,14.950000000000001,6.98,36.07,29.060000000000002,0.0,380.5,1200.0
121681.776,35281.776,140.0,101.9,24.330000000000002,16.04,183.5,35.7,150.0,29.14,35.46,34.300000000000004,88.0,14.450000000000001,74.2,100.0,385.0,3477.0,1.44,47.85,14.950000000000001,7.05,36.01,28.95,1.0,388.5,1200.0
121741.776,35341.776,140.0,101.30000000000001,24.28,15.99,184.0,35.75,148.1,29.23,35.480000000000004,34.45,86.0,14.25,74.3,100.0,382.0,3478.0,1.48,47.75,14.98,7.01,36.03,28.97,0.0,383.5,1200.0
121801.776,35401.776,140.0,103.2,24.26,15.97,186.0,35.65,147.4,29.26,35.47,34.4,91.5,14.200000000000001,74.4,100.0,383.0,3471.0,1.43,47.75,15.0,7.0200000000000005,36.11,28.96,0.0,381.5,1200.0
121861.776,35461.776,140.0,103.10000000000001,24.3,15.99,185.0,35.800000000000004,149.5,29.240000000000002,35.46,34.4,89.0,14.200000000000001,74.10000000000001,100.0,380.5,3470.0,1.49,47.75,14.97,7.0,36.01,28.93,0.0,381.0,1200.0
121921.775,35521.775,140.0,103.7,24.32,15.96,184.5,35.75,147.70000000000002,29.28,35.42,34.5,88.5,14.100000000000001,74.3,99.60000000000001,382.5,3471.0,1.37,47.85,15.040000000000001,7.0,35.94,29.0,0.0,386.5,1200.0
121981.775,35581.775,140.0,101.30000000000001,24.29,15.96,186.5,35.5,148.70000000000002,29.25,35.34,34.300000000000004,87.5,14.3,73.8,99.80000000000001,381.5,3467.0,1.53,47.7,14.96,6.99,35.99,28.98,0.0,385.5,1200.0
122041.775,35641.775,140.0,100.7,24.32,15.92,183.0,35.65,149.8,29.03,35.29,34.300000000000004,87.5,14.200000000000001,74.3,100.0,380.0,3469.0,1.35,47.650000000000006,14.96,6.98,36.06,29.01,3.0,383.0,1200.0
122101.775,35701.775,140.0,102.5,24.29,16.02,184.5,35.5,148.70000000000002,29.11,35.35,34.35,87.5,14.05,75.0,100.0,379.5,3465.0,1.27,47.7,15.05,7.04,35.96,29.0,4.0,384.5,1200.0
122161.775,35761.775,140.0,101.9,24.29,16.03,182.0,35.6,150.0,29.12,35.29,34.25,87.5,14.25,74.5,100.0,378.0,3459.0,1.36,47.75,15.0,6.99,36.03,28.98,0.0,383.5,1200.0
122221.775,35821.775,140.0,99.80000000000001,24.28,16.04,184.5,35.5,149.20000000000002,29.04,35.29,34.45,87.5,14.15,74.5,99.80000000000001,382.5,3465.0,1.41,47.7,15.01,7.04,35.93,29.01,0.0,380.0,1200.0
122281.775,35881.775,140.0,101.60000000000001,24.240000000000002,15.9,185.5,35.4,148.4,29.03,35.25,34.2,89.0,14.25,74.10000000000001,100.0,377.5,3460.0,1.3800000000000001,47.650000000000006,15.02,7.0,35.97,29.0,1.0,383.5,1200.0
122341.775,35941.775,140.0,100.30000000000001,24.29,16.01,185.0,35.45,149.4,28.990000000000002,35.24,34.2,87.5,14.15,74.8,100.0,380.0,3460.0,1.43,47.650000000000006,15.02,7.0,35.95,28.96,0.0,379.5,1200.0
122401.775,36001.775,140.0,101.4,24.330000000000002,15.9,183.5,35.4,149.70000000000002,28.98,35.18,34.2,87.5,14.100000000000001,74.7,99.5,375.0,3455.0,1.46,47.550000000000004,14.94,7.0,35.99,28.94,0.0,375.0,1200.0
122461.775,36061.775,140.0,103.0,24.35,16.05,184.0,35.4,148.0,28.93,35.050000000000004,34.050000000000004,89.0,14.15,75.3,100.0,378.0,3451.0,1.34,47.400000000000006,14.97,7.0200000000000005,35.980000000000004,29.060000000000002,0.0,374.5,1200.0
122521.774,36121.774,140.0,102.0,24.330000000000002,15.96,182.5,35.4,149.4,29.01,35.2,34.050000000000004,87.5,14.200000000000001,75.10000000000001,100.0,378.5,3453.0,1.41,47.35,15.06,6.95,36.06,29.0,0.0,375.5,1200.0
122581.774,36181.774,140.0,102.7,24.400000000000002,15.99,184.5,35.25,147.8,28.900000000000002,35.1,34.050000000000004,87.0,14.4,75.3,99.80000000000001,380.0,3455.0,1.44,47.25,14.97,7.0,35.97,29.01,1.0,377.5,1200.0
122641.774,36241.774,140.0,101.30000000000001,24.330000000000002,15.950000000000001,183.5,35.45,148.0,28.990000000000002,35.15,34.1,87.0,14.15,74.3,99.7,376.5,3453.0,1.3800000000000001,47.45,15.02,6.97,36.04,28.96,1.0,371.5,1200.0
122701.774,36301.774,140.0,101.9,24.35,15.96,181.0,35.5,148.3,28.87,35.22,34.1,87.0,14.0,74.8,99.60000000000001,375.5,3452.0,1.25,47.35,15.1,7.09,35.95,29.13,0.0,376.5,1200.0
122761.774,36361.774,140.0,102.10000000000001,24.34,15.99,183.0,35.300000000000004,150.6,28.87,35.1,33.95,87.0,14.15,75.3,100.0,375.5,3457.0,1.43,47.35,15.01,7.01,36.050000000000004,29.01,0.0,374.0,1200.0
122821.774,36421.774,140.0,102.80000000000001,24.22,15.93,182.5,35.35,150.5,28.830000000000002,35.06,34.15,86.5,14.3,74.8,99.9,372.0,3451.0,1.3800000000000001,47.2,15.02,6.98,36.03,29.01,0.0,375.0,1200.0
122881.774,36481.774,140.0,102.4,24.41,16.02,182.5,35.15,150.4,28.88,35.13,34.15,88.5,14.15,74.9,100.0,376.0,3455.0,1.35,47.5,14.97,7.01,35.99,29.0,0.0,376.0,1200.0
122941.774,36541.774,140.0,103.30000000000001,24.330000000000002,15.93,183.5,35.2,149.6,28.88,35.13,34.050000000000004,87.5,14.15,75.3,100.0,375.5,3450.0,1.46,47.35,14.94,7.03,36.01,28.96,0.0,374.5,1200.0
123001.774,36601.774,140.0,102.2,24.34,16.0,183.0,35.45,149.9,28.830000000000002,35.01,34.1,89.0,14.15,74.8,99.7,374.0,3455.0,1.45,47.25,14.98,6.95,35.910000000000004,28.98,1.0,373.5,1200.0
123061.773,36661.773,140.0,102.10000000000001,24.330000000000002,16.0,181.0,35.15,150.1,28.87,34.97,34.2,86.0,14.200000000000001,74.60000000000001,99.9,377.5,3450.0,1.31,47.25,15.030000000000001,6.98,35.97,28.92,2.0,378.5,1200.0
123121.773,36721.773,140.0,101.60000000000001,24.32,15.9,180.5,35.2,149.20000000000002,28.86,35.1,34.2,87.0,14.25,75.5,99.7,374.5,3452.0,1.52,47.2,14.99,6.99,36.06,28.94,2.0,381.5,1200.0
123181.773,36781.773,140.0,102.0,24.3,15.99,182.5,35.35,148.8,28.87,35.050000000000004,34.15,86.5,14.3,75.0,100.0,373.0,3459.0,1.27,47.2,14.99,6.94,36.04,29.01,0.0,377.0,1200.0
123241.773,36841.773,140.0,101.0,24.41,15.99,182.0,35.25,149.5,28.88,35.1,34.15,87.0,14.200000000000001,75.4,100.0,372.5,3455.0,1.34,47.300000000000004,15.01,7.01,35.94,28.96,0.0,380.0,1200.0
123301.773,36901.773,140.0,101.5,24.37,15.96,183.0,35.35,147.70000000000002,28.84,35.050000000000004,34.1,86.5,14.200000000000001,75.5,99.9,377.0,3453.0,1.52,47.300000000000004,14.97,7.0200000000000005,35.92,29.0,2.0,372.0,1200.0
123361.773,36961.773,140.0,102.5,24.42,16.02,183.5,35.2,148.5,28.85,35.04,34.1,88.0,14.25,75.2,99.7,374.0,3460.0,1.46,47.300000000000004,14.98,6.99,36.0,29.05,1.0,379.0,1200.0
123421.773,37021.773,140.0,101.30000000000001,24.35,16.06,182.5,35.25,149.1,28.95,35.160000000000004,34.15,88.0,14.15,75.7,100.0,377.5,3456.0,1.44,47.25,14.950000000000001,7.01,35.980000000000004,29.0,0.0,373.5,1200.0
123481.773,37081.773,140.0,101.9,24.38,15.98,183.0,35.300000000000004,150.4,28.84,35.02,34.15,89.0,14.15,74.7,99.2,376.0,3454.0,1.3,47.300000000000004,14.91,6.94,36.050000000000004,29.060000000000002,0.0,369.5,1200.0
123541.773,37141.773,140.0,102.10000000000001,24.38,16.04,182.5,35.15,150.5,28.84,35.08,34.15,88.5,14.200000000000001,75.4,100.0,380.0,3465.0,1.44,47.150000000000006,15.01,7.0200000000000005,36.03,28.98,0.0,376.5,1200.0
123601.773,37201.773,140.0,101.7,24.38,16.080000000000002,182.5,35.2,148.20000000000002,28.95,35.24,34.1,87.0,14.25,75.4,99.7,378.0,3460.0,1.32,47.300000000000004,15.05,7.01,35.95,29.080000000000002,0.0,378.5,1200.0
123661.772,37261.772,140.0,100.80000000000001,24.47,16.04,181.5,35.35,147.9,28.87,35.19,34.15,85.0,14.200000000000001,75.4,100.0,377.0,3462.0,1.31,47.150000000000006,15.08,7.0,35.97,28.94,2.0,379.5,1200.0
123721.772,37321.772,140.0,101.9,24.400000000000002,16.0,180.5,35.2,149.20000000000002,28.75,35.160000000000004,34.2,88.0,14.3,75.10000000000001,100.0,375.0,3461.0,1.4000000000000001,47.25,14.950000000000001,7.0,35.910000000000004,29.05,0.0,378.0,1200.0
123781.772,37381.772,140.0,101.60000000000001,24.35,15.93,182.0,35.25,148.9,28.87,35.11,34.2,87.5,14.15,75.2,99.7,380.0,3458.0,1.51,47.25,14.93,7.0200000000000005,35.93,28.97,0.0,379.0,1200.0
123841.772,37441.772,140.0,102.0,24.37,16.0,181.5,35.2,148.4,28.900000000000002,34.980000000000004,34.1,88.0,14.15,75.5,100.0,378.5,3462.0,1.56,47.400000000000006,15.02,7.03,36.04,29.060000000000002,0.0,373.5,1200.0
123901.772,37501.772,140.0,101.5,24.400000000000002,16.05,183.0,35.15,148.8,28.77,35.07,34.050000000000004,88.5,14.15,75.0,99.30000000000001,379.5,3457.0,1.31,47.300000000000004,14.97,6.97,36.0,28.92,1.0,372.0,1200.0
123961.772,37561.772,140.0,102.30000000000001,24.36,16.02,183.0,35.2,150.8,28.810000000000002,34.97,34.1,86.0,14.15,75.3,99.60000000000001,381.0,3457.0,1.41,47.25,15.040000000000001,6.98,36.06,28.97,2.0,376.5,1200.0
124021.772,37621.772,140.0,102.10000000000001,24.3,15.96,184.5,35.2,149.0,28.84,35.06,33.85,86.0,14.25,75.4,100.0,377.0,3459.0,1.37,47.300000000000004,15.02,6.98,36.12,28.990000000000002,0.0,376.5,1200.0
124081.772,37681.772,140.0,103.30000000000001,24.36,15.94,182.5,35.15,147.4,28.69,34.96,34.050000000000004,85.0,14.200000000000001,75.5,100.0,376.0,3456.0,1.29,47.050000000000004,15.05,7.05,35.96,28.91,2.0,377.0,1200.0
124141.772,37741.772,140.0,102.10000000000001,24.38,16.05,180.5,35.15,149.6,28.740000000000002,34.95,33.95,86.5,14.25,75.10000000000001,100.0,373.5,3453.0,1.36,47.35,15.06,7.03,36.07,28.96,0.0,373.5,1200.0
124201.772,37801.772,140.0,102.7,24.330000000000002,16.02,178.5,35.1,147.70000000000002,28.79,35.01,34.1,87.0,14.200000000000001,75.5,99.60000000000001,372.0,3450.0,1.42,47.050000000000004,14.98,6.97,36.050000000000004,28.93,0.0,371.5,1200.0
124261.772,37861.772,140.0,102.4,24.32,16.0,181.0,35.2,146.6,28.86,34.93,34.050000000000004,87.0,14.100000000000001,74.8,100.0,375.5,3448.0,1.47,47.1,15.040000000000001,6.95,35.97,29.12,1.0,374.5,1200.0
124321.771,37921.771,140.0,101.10000000000001,24.29,16.04,182.5,35.2,148.20000000000002,28.8,34.99,34.050000000000004,86.5,14.15,75.4,100.0,374.5,3451.0,1.37,47.1,15.030000000000001,6.94,35.95,28.94,0.0,374.5,1200.0
124381.771,37981.771,140.0,101.60000000000001,24.42,15.91,181.0,35.25,147.70000000000002,28.82,35.01,34.050000000000004,87.0,14.3,75.2,99.9,373.5,3453.0,1.36,47.25,15.01,6.99,35.980000000000004,29.11,1.0,377.0,1200.0
124441.771,38041.771,140.0,101.4,24.37,16.080000000000002,181.5,35.15,147.9,28.87,35.12,34.15,87.0,14.3,75.10000000000001,99.7,377.0,3451.0,1.49,47.050000000000004,15.06,6.94,35.980000000000004,29.02,0.0,373.0,1200.0
124501.771,38101.771,140.0,102.2,24.37,15.96,183.5,35.2,149.6,28.88,34.99,34.1,86.0,14.15,75.2,100.0,378.0,3448.0,1.49,47.150000000000006,15.01,7.0,36.0,28.97,1.0,374.0,1200.0
124561.771,38161.771,140.0,101.80000000000001,24.310000000000002,15.94,183.0,35.25,149.8,28.87,34.97,34.0,89.0,14.0,74.5,100.0,376.0,3451.0,1.31,47.1,15.05,6.98,35.94,29.0,1.0,374.5,1200.0
124621.771,38221.771,140.0,102.0,24.310000000000002,16.01,184.0,35.300000000000004,147.4,28.900000000000002,35.12,34.15,88.0,14.25,74.9,100.0,375.0,3451.0,1.3800000000000001,47.25,14.99,7.01,36.06,29.01,2.0,369.5,1200.0
124681.771,38281.771,140.0,101.10000000000001,24.32,16.02,181.5,35.4,149.5,28.900000000000002,35.09,34.1,88.5,14.15,74.60000000000001,100.0,383.0,3448.0,1.3900000000000001,47.25,15.030000000000001,6.98,36.03,28.98,0.0,379.0,1200.0
124741.771,38341.771,140.0,103.10000000000001,24.3,15.98,182.0,35.35,147.6,28.88,35.06,34.1,87.0,14.100000000000001,74.8,100.0,378.5,3457.0,1.43,47.0,14.96,7.01,36.0,29.04,0.0,372.5,1200.0
124801.771,38401.771,140.0,102.7,24.32,16.03,181.0,35.2,149.0,28.96,35.06,34.2,89.0,14.25,75.10000000000001,99.9,374.0,3450.0,1.3900000000000001,47.35,14.98,7.01,35.99,29.01,0.0,375.0,1200.0
124861.771,38461.771,140.0,103.2,24.34,15.99,181.5,35.4,147.9,28.94,35.1,34.2,87.5,14.100000000000001,75.0,100.0,381.0,3451.0,1.47,47.2,14.99,7.01,36.03,28.990000000000002,2.0,375.0,1200.0
124921.771,38521.771,140.0,101.30000000000001,24.32,15.98,182.5,35.35,148.6,28.900000000000002,35.11,34.15,87.0,14.200000000000001,74.9,100.0,376.0,3454.0,1.32,47.2,15.0,7.03,36.02,29.04,3.0,379.0,1200.0
124981.77,38581.77,140.0,101.30000000000001,24.37,16.05,184.0,35.35,147.8,28.900000000000002,35.0,34.15,87.0,14.200000000000001,75.2,99.9,377.0,3456.0,1.45,47.2,15.0,7.01,36.06,29.0,0.0,372.0,1200.0
125041.77,38641.77,140.0,101.80000000000001,24.3,16.02,182.5,35.300000000000004,148.70000000000002,28.94,35.160000000000004,34.050000000000004,87.0,14.3,74.8,100.0,377.5,3453.0,1.45,47.2,15.01,7.03,35.95,29.0,0.0,375.0,1200.0
125101.77,38701.77,140.0,102.4,24.330000000000002,16.04,181.5,35.35,148.9,28.94,35.050000000000004,34.25,89.0,14.25,75.10000000000001,100.0,376.5,3454.0,1.37,47.150000000000006,15.01,7.0200000000000005,36.04,29.11,1.0,378.0,1200.0
125161.77,38761.77,140.0,103.10000000000001,24.28,15.99,181.5,35.300000000000004,149.20000000000002,28.89,35.08,34.050000000000004,88.0,14.3,75.4,99.9,375.0,3455.0,1.44,47.25,15.0,6.99,35.97,28.96,0.0,376.5,1200.0
125221.77,38821.77,140.0,102.2,24.28,15.99,181.5,35.300000000000004,148.6,28.92,35.12,34.15,88.0,14.100000000000001,75.4,99.5,374.5,3452.0,1.46,47.2,14.96,7.01,35.93,29.07,4.0,374.5,1200.0
125281.77,38881.77,140.0,102.30000000000001,24.3,16.0,183.0,35.35,147.9,28.93,35.08,34.15,88.0,14.100000000000001,75.2,99.80000000000001,374.0,3456.0,1.34,47.2,14.950000000000001,6.96,35.94,29.03,0.0,373.5,1200.0
125341.77,38941.77,140.0,102.0,24.32,15.96,181.0,35.4,148.6,28.84,35.17,34.050000000000004,86.5,14.3,74.8,99.7,379.5,3454.0,1.46,47.300000000000004,14.98,6.96,35.97,28.98,0.0,376.0,1200.0
125401.77,39001.77,140.0,102.60000000000001,24.35,15.97,185.0,35.15,149.8,28.84,35.03,34.15,86.5,14.200000000000001,75.0,100.0,381.5,3455.0,1.44,47.25,14.99,6.98,35.99,29.01,2.0,378.5,1200.0
125461.77,39061.77,140.0,102.80000000000001,24.41,15.98,183.5,35.35,148.8,29.03,35.13,34.25,88.5,14.3,75.10000000000001,99.60000000000001,376.0,3458.0,1.53,47.2,14.94,7.0200000000000005,35.96,29.02,1.0,375.5,1200.0
125521.77,39121.77,140.0,102.10000000000001,24.32,16.01,184.5,35.300000000000004,150.0,28.96,35.19,34.2,87.0,14.15,74.7,99.4,382.0,3450.0,1.47,47.300000000000004,15.030000000000001,7.0600000000000005,36.04,29.05,0.0,373.5,1200.0
125581.77,39181.77,140.0,102.4,24.29,15.92,183.0,35.35,149.4,28.990000000000002,35.230000000000004,34.25,87.5,14.05,74.7,99.9,380.0,3457.0,1.5,47.2,15.030000000000001,6.98,36.01,29.03,0.0,377.0,1200.0
125641.769,39241.769,140.0,101.60000000000001,24.39,16.03,182.5,35.35,148.0,29.0,35.230000000000004,34.300000000000004,89.0,14.15,74.60000000000001,100.0,375.0,3463.0,1.3,47.25,15.030000000000001,7.0,36.06,29.07,0.0,380.0,1200.0
125701.769,39301.769,140.0,101.80000000000001,24.28,16.02,183.0,35.550000000000004,148.8,29.1,35.39,34.25,89.0,14.3,74.2,100.0,379.0,3459.0,1.32,47.400000000000006,15.030000000000001,7.01,36.06,28.95,0.0,378.0,1200.0
125761.769,39361.769,140.0,101.10000000000001,24.34,16.07,182.5,35.5,150.4,29.13,35.36,34.4,89.5,14.100000000000001,75.0,99.9,379.0,3461.0,1.27,47.25,14.950000000000001,7.03,36.04,29.03,1.0,382.0,1200.0
125821.769,39421.769,140.0,102.30000000000001,24.27,16.01,184.5,35.65,149.70000000000002,29.18,35.42,34.300000000000004,88.5,14.25,74.5,100.0,384.5,3460.0,1.35,47.300000000000004,15.08,6.96,36.0,29.01,0.0,385.5,1200.0
125881.769,39481.769,140.0,101.5,24.26,15.97,185.0,35.550000000000004,149.9,29.25,35.410000000000004,34.35,85.0,14.15,74.3,100.0,382.5,3462.0,1.44,47.5,14.98,7.04,35.97,29.060000000000002,0.0,384.0,1200.0
125941.769,39541.769,140.0,102.30000000000001,24.28,15.97,185.5,35.85,148.5,29.29,35.5,34.35,86.5,14.3,74.0,99.7,384.0,3470.0,1.48,47.35,15.0,6.96,36.050000000000004,29.02,2.0,383.5,1200.0
126001.769,39601.769,140.0,103.0,24.39,16.02,184.0,35.7,147.8,29.310000000000002,35.480000000000004,34.4,87.5,14.200000000000001,74.2,100.0,385.5,3470.0,1.42,47.400000000000006,14.96,6.99,36.0,28.98,2.0,383.0,1200.0
126061.769,39661.769,140.0,102.0,24.330000000000002,16.01,186.0,35.65,149.1,29.34,35.59,34.4,88.0,14.200000000000001,73.7,100.0,390.0,3471.0,1.42,47.650000000000006,14.97,6.97,35.99,28.95,0.0,385.0,1200.0
126121.769,39721.769,140.0,101.80000000000001,24.36,16.02,185.5,35.75,147.4,29.400000000000002,35.56,34.5,87.5,14.200000000000001,74.0,99.80000000000001,381.0,3476.0,1.43,47.650000000000006,15.02,7.03,36.0,28.990000000000002,0.0,384.5,1200.0
126181.769,39781.769,140.0,100.7,24.310000000000002,16.0,184.0,35.800000000000004,148.70000000000002,29.38,35.62,34.550000000000004,87.0,14.15,74.10000000000001,99.4,386.0,3470.0,1.3,47.7,15.05,6.97,36.0,28.98,0.0,386.0,1200.0
126241.769,39841.769,140.0,101.0,24.36,16.080000000000002,184.5,35.75,148.1,29.37,35.57,34.5,86.0,14.3,74.2,100.0,391.0,3474.0,1.59,47.7,14.99,6.99,35.99,28.97,3.0,389.0,1200.0
126301.769,39901.769,140.0,101.30000000000001,24.32,16.03,186.5,35.75,149.6,29.47,35.6,34.6,87.0,14.15,74.4,100.0,387.5,3477.0,1.56,47.7,14.98,6.95,35.86,28.97,0.0,386.5,1200.0
126361.768,39961.768,140.0,101.9,24.32,15.99,186.5,35.7,148.20000000000002,29.46,35.67,34.65,87.0,14.200000000000001,74.3,100.0,389.0,3476.0,1.41,47.75,15.040000000000001,6.94,36.03,29.04,1.0,387.5,1200.0
126421.768,40021.768,140.0,101.5,24.27,15.97,185.5,35.9,148.5,29.46,35.67,34.550000000000004,85.5,14.100000000000001,74.10000000000001,100.0,387.5,3480.0,1.3900000000000001,47.85,14.98,7.0600000000000005,36.04,29.0,0.0,390.0,1200.0
126481.768,40081.768,140.0,103.10000000000001,24.34,16.03,185.5,35.9,148.1,29.48,35.730000000000004,34.7,89.0,14.3,73.7,100.0,388.0,3483.0,1.44,47.85,15.040000000000001,6.96,36.02,28.93,0.0,391.5,1200.0
126541.768,40141.768,140.0,102.30000000000001,24.34,16.02,186.5,35.9,146.4,29.44,35.7,34.7,89.0,14.200000000000001,73.60000000000001,100.0,387.0,3483.0,1.24,48.0,14.98,7.04,35.95,28.95,0.0,385.5,1200.0
126601.768,40201.768,140.0,102.7,24.35,15.96,188.0,35.95,148.5,29.66,35.68,34.6,87.0,14.200000000000001,73.8,99.7,388.0,3485.0,1.53,47.900000000000006,15.040000000000001,7.0,35.94,29.03,1.0,390.0,1200.0
126661.768,40261.768,140.0,102.5,24.330000000000002,16.0,187.0,35.95,148.0,29.490000000000002,35.75,34.65,88.0,14.15,73.9,100.0,388.0,3483.0,1.51,47.900000000000006,15.05,6.95,36.06,29.03,0.0,387.0,1200.0
126721.768,40321.768,140.0,101.80000000000001,24.330000000000002,15.99,186.0,35.95,149.0,29.47,35.74,34.7,86.0,14.100000000000001,73.7,99.9,385.5,3483.0,1.32,48.0,14.97,7.05,35.97,29.01,0.0,386.5,1200.0
126781.768,40381.768,140.0,102.4,24.330000000000002,15.98,184.0,35.9,147.70000000000002,29.560000000000002,35.71,34.550000000000004,87.0,14.25,74.3,100.0,387.0,3485.0,1.54,48.0,14.91,6.92,36.0,28.98,0.0,392.5,1200.0
126841.768,40441.768,140.0,102.4,24.310000000000002,15.950000000000001,186.5,35.95,148.8,29.45,35.68,34.5,86.0,14.0,74.2,99.7,390.5,3480.0,1.31,48.050000000000004,15.0,6.95,36.0,29.09,0.0,387.5,1200.0
126901.768,40501.768,140.0,103.5,24.310000000000002,15.96,185.5,35.9,148.20000000000002,29.45,35.800000000000004,34.5,84.0,14.25,73.7,99.7,390.0,3485.0,1.41,48.050000000000004,14.96,6.96,35.94,29.05,2.0,387.0,1200.0
126961.768,40561.768,140.0,102.7,24.36,15.89,184.5,36.050000000000004,149.70000000000002,29.51,35.69,34.75,86.0,14.3,74.10000000000001,100.0,390.0,3487.0,1.4000000000000001,47.95,15.02,6.98,36.06,29.060000000000002,0.0,387.5,1200.0
127021.768,40621.768,140.0,102.30000000000001,24.34,15.96,185.0,35.7,149.0,29.44,35.74,34.6,89.5,14.200000000000001,73.60000000000001,100.0,386.0,3479.0,1.29,48.2,15.08,7.0600000000000005,35.96,29.01,1.0,392.5,1200.0
127081.767,40681.767,140.0,100.10000000000001,24.35,16.0,186.5,35.9,149.5,29.39,35.59,34.65,88.5,14.25,73.9,100.0,390.0,3490.0,1.41,48.150000000000006,15.0,6.99,35.97,28.92,0.0,392.0,1200.0
127141.767,40741.767,140.0,101.4,24.32,15.98,185.5,35.85,149.8,29.43,35.730000000000004,34.6,86.5,14.25,74.10000000000001,100.0,388.0,3480.0,1.46,48.050000000000004,15.02,7.05,36.04,29.060000000000002,0.0,384.5,1200.0
127201.767,40801.767,140.0,102.10000000000001,24.42,16.01,184.0,35.9,150.9,29.44,35.61,34.65,87.0,14.25,73.8,99.80000000000001,389.5,3485.0,1.35,48.1,14.97,7.0200000000000005,36.1,29.02,1.0,390.5,1200.0
127261.767,40861.767,140.0,102.2,24.38,16.01,186.0,35.9,149.1,29.3,35.54,34.550000000000004,87.5,14.200000000000001,74.10000000000001,100.0,388.5,3482.0,1.41,48.150000000000006,14.99,7.03,35.95,29.03,1.0,391.0,1200.0
127321.767,40921.767,140.0,102.5,24.400000000000002,15.99,183.5,35.9,149.0,29.42,35.660000000000004,34.6,86.5,14.15,74.5,100.0,388.0,3480.0,1.3900000000000001,47.95,15.01,6.99,36.04,28.900000000000002,3.0,383.5,1200.0
127381.767,40981.767,140.0,101.0,24.38,15.99,185.0,35.75,150.8,29.43,35.660000000000004,34.5,86.0,14.15,74.3,100.0,383.5,3483.0,1.19,48.050000000000004,15.06,6.97,36.1,29.02,0.0,385.0,1200.0
127441.767,41041.767,140.0,100.30000000000001,24.38,15.99,186.0,35.65,149.70000000000002,29.32,35.49,34.5,87.5,14.25,74.3,100.0,387.0,3479.0,1.46,48.050000000000004,15.02,7.03,36.09,28.95,0.0,382.5,1200.0
127501.767,41101.767,140.0,99.7,24.35,16.01,184.0,35.7,148.0,29.330000000000002,35.45,34.45,89.5,14.15,74.7,100.0,385.5,3487.0,1.3900000000000001,48.0,15.08,6.98,35.95,28.990000000000002,0.0,392.0,1200.0
127561.767,41161.767,140.0,101.60000000000001,24.41,15.94,185.0,35.7,147.6,29.35,35.59,34.35,88.5,14.200000000000001,74.8,100.0,388.5,3475.0,1.3800000000000001,47.900000000000006,15.02,7.05,35.96,28.98,1.0,385.0,1200.0
127621.767,41221.767,140.0,101.5,24.36,16.03,186.0,35.6,149.4,29.2,35.51,34.4,88.5,14.100000000000001,74.4,99.5,389.5,3483.0,1.46,48.1,15.05,7.04,35.910000000000004,29.02,2.0,386.0,1200.0
127681.767,41281.767,140.0,102.10000000000001,24.35,16.01,184.5,35.75,148.6,29.2,35.480000000000004,34.45,87.5,14.100000000000001,75.10000000000001,100.0,385.5,3481.0,1.51,48.1,15.07,6.96,35.910000000000004,28.96,1.0,384.5,1200.0
127741.767,41341.767,140.0,102.7,24.36,15.97,183.5,35.75,149.9,29.19,35.480000000000004,34.45,89.0,14.200000000000001,74.5,99.5,388.5,3476.0,1.45,47.800000000000004,15.040000000000001,6.98,35.97,28.94,0.0,386.5,1200.0
127801.767,41401.767,140.0,100.60000000000001,24.39,15.950000000000001,184.0,35.65,148.9,29.2,35.51,34.35,87.5,14.05,74.7,100.0,386.0,3483.0,1.35,47.85,14.98,6.96,36.09,28.94,1.0,382.5,1200.0
127861.766,41461.766,140.0,102.4,24.32,15.98,182.0,35.6,149.3,29.18,35.300000000000004,34.4,89.0,14.3,75.0,99.60000000000001,388.0,3481.0,1.18,47.800000000000004,14.97,7.0,36.0,28.96,3.0,381.0,1200.0
127921.766,41521.766,140.0,100.7,24.41,16.01,185.0,35.7,150.3,29.16,35.410000000000004,34.4,86.0,14.200000000000001,74.4,99.80000000000001,379.5,3476.0,1.31,47.900000000000006,15.030000000000001,6.98,35.96,28.98,1.0,383.0,1200.0
127981.766,41581.766,140.0,103.0,24.43,16.03,184.0,35.6,148.3,29.09,35.35,34.300000000000004,87.5,14.350000000000001,75.2,100.0,386.5,3474.0,1.49,47.800000000000004,15.02,6.96,36.03,28.93,0.0,383.5,1200.0
128041.766,41641.766,140.0,101.9,24.36,16.0,183.5,35.550000000000004,149.5,29.05,35.32,34.300000000000004,88.5,14.200000000000001,74.10000000000001,99.5,387.5,3475.0,1.49,47.85,15.01,7.05,35.97,28.97,1.0,380.5,1200.0
128101.766,41701.766,140.0,101.9,24.34,15.97,183.5,35.7,149.3,29.04,35.37,34.300000000000004,89.0,14.05,75.3,99.9,385.5,3480.0,1.49,47.85,15.01,6.95,36.04,29.05,1.0,378.5,1200.0
128161.766,41761.766,140.0,101.30000000000001,24.43,15.98,182.5,35.45,150.0,29.080000000000002,35.35,34.2,85.0,14.15,75.3,99.4,382.5,3475.0,1.41,47.900000000000006,14.98,7.0,35.95,29.11,0.0,385.0,1200.0
128221.766,41821.766,140.0,102.2,24.32,15.96,184.0,35.6,150.0,29.11,35.34,34.35,88.5,14.200000000000001,74.5,100.0,380.0,3476.0,1.43,48.0,15.030000000000001,6.99,36.0,29.0,1.0,383.0,1200.0
128281.766,41881.766,140.0,102.10000000000001,24.35,16.03,183.0,35.45,150.4,29.13,35.230000000000004,34.2,87.5,14.200000000000001,75.5,99.9,380.0,3471.0,1.45,47.75,15.01,7.0,36.01,29.07,0.0,384.5,1200.0
128341.766,41941.766,140.0,101.9,24.36,16.01,184.0,35.5,149.1,29.02,35.19,34.35,86.5,14.25,75.10000000000001,99.60000000000001,386.0,3472.0,1.36,47.800000000000004,15.0,7.01,36.02,28.990000000000002,4.0,385.5,1200.0
128401.766,42001.766,140.0,101.80000000000001,24.38,15.97,183.0,35.45,148.70000000000002,29.13,35.160000000000004,34.25,88.5,14.15,74.9,99.9,384.5,3469.0,1.49,47.7,15.06,7.03,36.03,28.95,0.0,383.5,1200.0
128461.766,42061.766,140.0,103.0,24.34,15.98,183.5,35.5,147.70000000000002,29.02,35.4,34.300000000000004,88.0,14.15,74.9,99.60000000000001,377.0,3473.0,1.35,47.75,15.06,7.09,36.01,28.990000000000002,0.0,378.0,1200.0
128521.766,42121.766,140.0,101.9,24.28,15.99,181.5,35.35,148.1,29.1,35.2,34.2,86.0,14.15,75.3,99.9,378.5,3468.0,1.36,47.800000000000004,14.97,6.99,35.93,28.93,0.0,382.5,1200.0
128581.766,42181.766,140.0,103.60000000000001,24.27,16.01,185.5,35.550000000000004,150.0,28.96,35.300000000000004,34.15,88.5,14.15,75.3,99.60000000000001,380.0,3470.0,1.48,47.75,15.02,6.99,35.94,28.94,0.0,384.0,1200.0
128641.765,42241.765,140.0,101.2,24.330000000000002,15.94,184.0,35.45,148.5,29.0,35.15,34.15,87.0,14.0,75.3,99.9,380.5,3475.0,1.4000000000000001,47.900000000000006,14.97,6.95,35.96,29.01,2.0,377.5,1200.0
128701.765,42301.765,140.0,102.4,24.35,16.04,185.5,35.5,147.9,29.02,35.35,34.25,89.0,14.15,74.60000000000001,100.0,382.5,3463.0,1.35,47.650000000000006,14.97,7.03,35.980000000000004,29.0,1.0,379.5,1200.0
128761.765,42361.765,140.0,101.7,24.29,15.97,184.0,35.45,148.8,28.990000000000002,35.24,34.2,87.0,14.200000000000001,75.0,100.0,380.0,3463.0,1.46,47.6,14.98,7.0200000000000005,36.02,29.03,2.0,383.0,1200.0
128821.765,42421.765,140.0,100.60000000000001,24.330000000000002,15.97,183.5,35.4,148.6,28.96,35.15,34.25,87.0,14.15,74.60000000000001,100.0,382.0,3462.0,1.51,47.7,14.91,7.08,36.08,29.0,0.0,381.5,1200.0
128881.765,42481.765,140.0,103.10000000000001,24.39,15.92,182.0,35.45,149.3,28.94,35.230000000000004,34.300000000000004,87.5,14.15,75.0,99.60000000000001,373.5,3462.0,1.43,47.550000000000004,15.01,7.03,36.0,28.96,0.0,380.5,1200.0
128941.765,42541.765,140.0,102.5,24.39,15.950000000000001,184.0,35.4,149.5,28.98,35.13,34.15,87.0,14.200000000000001,74.60000000000001,99.5,380.0,3458.0,1.41,47.5,14.94,7.05,36.0,28.900000000000002,0.0,381.5,1200.0
129001.765,42601.765,140.0,103.0,24.310000000000002,15.96,183.5,35.4,147.1,29.09,35.160000000000004,34.15,86.5,14.05,75.10000000000001,100.0,378.0,3457.0,1.42,47.5,15.02,6.95,35.99,29.01,0.0,379.0,1200.0
129061.765,42661.765,140.0,101.0,24.36,15.93,183.0,35.35,148.6,28.94,35.22,34.25,86.5,14.15,74.7,99.80000000000001,375.5,3459.0,1.26,47.5,15.06,7.01,36.03,28.93,0.0,379.5,1200.0
129121.765,42721.765,140.0,102.60000000000001,24.27,15.91,179.5,35.4,148.5,28.98,35.160000000000004,34.1,88.5,14.25,74.9,100.0,378.0,3451.0,1.46,47.45,14.98,7.0,36.04,29.04,1.0,377.5,1200.0
129181.765,42781.765,140.0,101.7,24.28,15.94,185.5,35.25,148.70000000000002,28.95,35.230000000000004,34.15,86.0,14.05,74.7,100.0,376.0,3456.0,1.33,47.45,14.99,7.07,35.99,29.01,0.0,382.0,1200.0
129241.765,42841.765,140.0,100.9,24.29,15.950000000000001,183.5,35.4,150.0,28.94,35.13,34.15,86.5,14.100000000000001,75.0,99.80000000000001,373.0,3455.0,1.6,47.5,14.91,7.0200000000000005,35.99,28.98,0.0,379.5,1200.0
129301.765,42901.765,140.0,103.60000000000001,24.32,15.92,183.0,35.5,147.5,28.92,35.11,34.2,87.5,14.200000000000001,75.0,100.0,375.5,3462.0,1.31,47.35,15.05,7.04,36.0,29.01,1.0,376.0,1200.0
129361.765,42961.765,140.0,103.0,24.310000000000002,16.02,181.5,35.45,149.5,28.900000000000002,35.18,34.300000000000004,88.5,14.25,74.7,99.9,377.5,3457.0,1.41,47.35,15.02,6.96,36.09,28.94,3.0,376.5,1200.0
129421.765,43021.765,140.0,100.9,24.29,15.950000000000001,183.0,35.35,148.1,28.96,35.11,34.2,87.5,14.25,74.7,100.0,374.5,3455.0,1.42,47.45,15.01,7.0,36.0,29.0,1.0,380.5,1200.0
129481.764,43081.764,140.0,102.5,24.36,16.01,181.0,35.4,149.4,28.98,35.12,34.1,85.0,14.200000000000001,75.10000000000001,100.0,378.5,3455.0,1.45,47.35,15.01,6.95,35.95,29.03,0.0,378.5,1200.0
129541.764,43141.764,140.0,101.80000000000001,24.39,15.99,183.0,35.4,149.9,29.03,35.19,34.1,86.0,14.15,76.10000000000001,100.0,377.5,3466.0,1.36,47.300000000000004,15.01,7.0,36.04,29.04,0.0,377.5,1200.0
129601.764,43201.764,140.0,102.10000000000001,24.330000000000002,16.03,181.0,35.4,149.0,28.96,35.160000000000004,34.1,88.0,14.200000000000001,74.4,99.5,379.0,3458.0,1.33,47.35,15.02,6.98,35.95,29.03,1.0,376.0,1200.0
129661.764,43261.764,140.0,101.80000000000001,24.32,15.98,181.5,35.4,147.8,28.900000000000002,35.12,34.2,87.5,14.350000000000001,75.0,99.9,377.5,3456.0,1.43,47.400000000000006,14.99,6.96,36.02,29.03,0.0,382.0,1200.0
129721.764,43321.764,140.0,100.10000000000001,24.29,15.99,181.5,35.25,150.8,28.78,35.14,34.2,88.0,14.100000000000001,74.8,99.9,380.5,3458.0,1.41,47.300000000000004,15.01,6.96,36.07,28.94,3.0,376.5,1200.0
129781.764,43381.764,140.0,103.10000000000001,24.25,16.04,181.0,35.300000000000004,148.0,28.91,35.09,34.050000000000004,85.0,14.15,74.8,99.30000000000001,379.5,3452.0,1.47,47.25,15.01,7.04,36.03,28.96,2.0,380.0,1200.0
129841.764,43441.764,140.0,101.0,24.34,16.01,182.5,35.25,149.20000000000002,28.92,35.050000000000004,34.25,86.0,14.200000000000001,74.9,99.60000000000001,374.0,3454.0,1.48,47.35,14.98,6.95,36.03,29.05,1.0,377.0,1200.0
129901.764,43501.764,140.0,101.80000000000001,24.32,16.01,183.5,35.2,150.0,28.91,35.07,34.1,85.5,14.25,74.9,99.7,379.0,3449.0,1.41,47.45,14.94,6.95,35.980000000000004,28.96,0.0,376.5,1200.0
129961.764,43561.764,140.0,101.60000000000001,24.29,16.01,183.0,35.2,149.1,28.900000000000002,35.1,34.15,89.5,14.200000000000001,75.0,100.0,374.5,3445.0,1.48,47.2,15.030000000000001,7.0,35.97,28.95,1.0,374.5,1200.0
130021.764,43621.764,140.0,101.30000000000001,24.330000000000002,16.04,184.0,35.25,150.1,28.900000000000002,35.07,34.1,86.5,14.200000000000001,74.4,100.0,377.0,3454.0,1.52,47.35,15.030000000000001,7.0600000000000005,36.02,29.05,1.0,375.0,1200.0
130081.764,43681.764,140.0,103.5,24.35,15.93,183.0,35.15,149.20000000000002,28.89,35.06,34.050000000000004,87.5,14.4,74.8,100.0,370.0,3447.0,1.32,47.25,14.98,6.99,35.96,28.94,1.0,379.0,1200.0
130141.764,43741.764,140.0,102.80000000000001,24.240000000000002,16.0,181.5,35.25,146.70000000000002,28.84,35.07,34.050000000000004,85.0,14.05,75.2,100.0,379.0,3453.0,1.43,47.150000000000006,15.0,7.0,36.07,28.900000000000002,0.0,369.5,1200.0
130201.764,43801.764,140.0,102.60000000000001,24.240000000000002,15.98,183.5,35.25,148.6,28.8,35.050000000000004,34.1,86.0,14.25,74.3,100.0,367.5,3445.0,1.42,47.150000000000006,15.0,7.0,35.9,29.02,0.0,373.0,1200.0
130261.764,43861.764,140.0,101.0,24.400000000000002,15.92,179.5,35.2,149.5,28.87,35.04,34.1,87.5,14.15,75.10000000000001,100.0,378.0,3448.0,1.4000000000000001,47.1,15.05,7.04,35.980000000000004,28.93,2.0,373.5,1200.0
130321.764,43921.764,140.0,102.0,24.310000000000002,16.02,183.5,35.15,148.5,28.95,35.07,33.95,85.5,14.05,74.9,100.0,375.0,3451.0,1.43,47.2,14.98,6.95,36.0,29.09,0.0,373.5,1200.0
130381.763,43981.763,140.0,102.2,24.330000000000002,16.01,180.0,35.1,149.0,28.76,34.99,34.1,85.5,14.100000000000001,75.10000000000001,99.60000000000001,368.5,3452.0,1.48,47.150000000000006,15.0,6.96,36.12,28.94,0.0,369.5,1200.0
130441.763,44041.763,140.0,100.7,24.330000000000002,15.94,184.5,35.300000000000004,148.3,28.72,35.04,34.0,88.5,14.25,75.4,100.0,376.0,3441.0,1.17,47.1,15.030000000000001,6.94,36.11,28.990000000000002,0.0,373.0,1200.0
130501.763,44101.763,140.0,102.60000000000001,24.310000000000002,15.99,181.0,35.300000000000004,147.70000000000002,28.79,34.99,34.1,88.5,14.15,74.8,99.80000000000001,371.5,3440.0,1.3900000000000001,47.1,15.02,6.92,36.03,28.98,0.0,379.0,1200.0
130561.763,44161.763,140.0,102.30000000000001,24.34,15.96,182.5,35.15,146.9,28.71,34.93,34.0,87.0,14.05,75.2,100.0,373.5,3447.0,1.41,46.95,15.07,6.97,36.03,28.900000000000002,0.0,371.0,1200.0
130621.763,44221.763,140.0,101.0,24.3,15.99,181.5,35.15,149.5,28.75,34.980000000000004,33.9,87.0,14.3,75.4,100.0,374.0,3446.0,1.3800000000000001,47.1,15.030000000000001,6.98,35.94,29.0,1.0,371.5,1200.0
130681.763,44281.763,140.0,102.30000000000001,24.310000000000002,15.950000000000001,180.5,35.15,148.8,28.72,34.97,33.95,85.5,14.15,74.9,100.0,374.5,3440.0,1.35,46.95,15.05,7.0,36.06,29.1,1.0,373.0,1200.0
130741.763,44341.763,140.0,102.9,24.35,16.01,182.0,35.050000000000004,148.9,28.810000000000002,34.87,33.9,84.5,14.100000000000001,75.0,100.0,369.0,3445.0,1.47,47.1,14.99,7.01,35.93,29.07,0.0,373.5,1200.0
130801.763,44401.763,140.0,100.4,24.32,16.0,180.5,35.1,148.5,28.69,34.95,33.800000000000004,85.5,14.15,75.2,100.0,375.0,3439.0,1.45,46.900000000000006,14.99,6.95,35.89,28.98,0.0,371.5,1200.0
130861.763,44461.763,140.0,104.30000000000001,24.32,15.950000000000001,182.0,35.050000000000004,149.20000000000002,28.71,34.85,33.95,87.0,14.05,75.0,99.9,374.5,3445.0,1.4000000000000001,46.7,15.030000000000001,6.98,36.050000000000004,29.01,1.0,372.5,1200.0
130921.763,44521.763,140.0,102.10000000000001,24.29,15.97,183.0,35.050000000000004,147.20000000000002,28.810000000000002,34.85,34.0,90.0,14.200000000000001,75.0,100.0,372.0,3439.0,1.6400000000000001,46.95,15.02,7.07,35.99,29.07,2.0,370.0,1200.0
130981.763,44581.763,140.0,102.9,24.32,15.950000000000001,182.0,35.1,150.5,28.79,34.84,33.800000000000004,88.0,14.3,74.9,100.0,373.5,3441.0,1.42,46.800000000000004,15.05,7.03,35.910000000000004,28.98,1.0,370.0,1200.0
131041.763,44641.763,140.0,102.60000000000001,24.310000000000002,15.93,182.0,35.1,149.0,28.7,34.95,33.95,87.0,14.200000000000001,75.2,100.0,376.5,3437.0,1.41,46.95,15.02,6.96,36.01,28.990000000000002,1.0,373.5,1200.0
131101.763,44701.763,140.0,103.4,24.3,15.96,182.0,35.2,148.8,28.66,34.96,34.1,86.5,14.15,74.7,99.7,374.5,3443.0,1.22,46.85,15.06,7.04,35.99,29.04,0.0,369.0,1200.0
131161.763,44761.763,140.0,101.80000000000001,24.26,16.01,179.5,35.050000000000004,147.5,28.78,34.96,34.1,87.5,14.05,75.2,100.0,372.5,3444.0,1.6600000000000001,46.95,14.99,6.97,36.07,29.03,0.0,369.5,1200.0
131221.763,44821.763,140.0,103.10000000000001,24.26,16.0,181.0,35.050000000000004,147.1,28.76,34.94,34.0,86.5,14.200000000000001,75.4,100.0,373.0,3441.0,1.22,46.85,14.99,6.98,36.04,29.03,3.0,375.5,1200.0
131281.762,44881.762,140.0,103.0,24.41,15.99,183.5,35.25,149.8,28.810000000000002,35.01,33.95,84.5,14.200000000000001,75.7,100.0,375.0,3442.0,1.41,47.0,14.950000000000001,7.05,35.95,29.05,0.0,372.0,1200.0
131341.762,44941.762,140.0,101.2,24.38,16.04,182.0,35.25,148.1,28.84,34.96,34.1,86.5,14.200000000000001,75.3,99.7,377.0,3446.0,1.37,46.85,15.02,6.99,36.02,29.03,0.0,372.0,1200.0
131401.762,45001.762,140.0,101.4,24.310000000000002,15.950000000000001,182.5,35.300000000000004,148.1,28.830000000000002,34.95,34.0,86.5,14.3,74.8,99.9,376.5,3442.0,1.26,46.85,15.07,7.01,35.93,29.03,0.0,371.5,1200.0
131461.762,45061.762,140.0,102.7,24.29,15.950000000000001,182.0,35.1,149.3,28.72,35.04,34.0,86.5,14.3,75.0,99.60000000000001,366.5,3446.0,1.47,46.95,15.0,7.0,36.07,28.94,2.0,371.5,1200.0
131521.762,45121.762,140.0,103.5,24.29,16.06,182.0,35.25,148.9,28.73,35.07,33.9,87.0,14.25,75.4,100.0,373.0,3441.0,1.42,46.800000000000004,15.07,6.94,36.04,29.1,2.0,377.5,1200.0
131581.762,45181.762,140.0,101.4,24.32,16.01,182.5,35.25,150.3,28.79,35.0,33.95,88.0,14.15,75.0,100.0,369.5,3446.0,1.25,47.0,15.02,6.99,35.99,29.0,0.0,374.5,1200.0
131641.762,45241.762,140.0,101.4,24.41,16.06,181.5,35.2,148.5,28.76,34.99,33.95,87.5,14.15,75.2,99.80000000000001,374.0,3441.0,1.48,47.0,14.98,7.01,35.980000000000004,28.990000000000002,1.0,373.0,1200.0
131701.762,45301.762,140.0,101.30000000000001,24.330000000000002,15.96,180.0,35.300000000000004,149.4,28.89,34.96,34.1,87.5,14.200000000000001,75.10000000000001,100.0,374.0,3445.0,1.6500000000000001,47.050000000000004,14.96,6.98,35.980000000000004,28.96,0.0,373.0,1200.0
131761.762,45361.762,140.0,101.30000000000001,24.34,16.03,180.0,35.1,148.5,28.75,35.06,33.95,88.0,14.200000000000001,74.8,100.0,375.5,3442.0,1.47,46.85,15.0,7.0200000000000005,35.95,29.03,0.0,376.0,1200.0
131821.762,45421.762,140.0,101.7,24.330000000000002,16.01,182.0,35.1,151.70000000000002,28.88,35.04,34.050000000000004,86.0,14.100000000000001,74.60000000000001,100.0,376.5,3447.0,1.43,46.900000000000006,14.98,7.03,36.01,28.95,2.0,376.0,1200.0
131881.762,45481.762,140.0,102.0,24.32,15.98,182.0,35.2,148.3,28.91,34.980000000000004,34.0,89.5,14.450000000000001,74.5,99.7,376.5,3445.0,1.49,47.0,14.99,7.03,36.07,28.990000000000002,0.0,372.0,1200.0
131941.762,45541.762,140.0,101.80000000000001,24.34,16.06,182.5,35.1,149.20000000000002,28.77,34.99,34.050000000000004,89.0,14.200000000000001,75.8,100.0,370.0,3444.0,1.33,47.0,14.96,7.08,36.06,29.09,0.0,375.5,1200.0
132001.762,45601.762,140.0,100.7,24.3,16.05,181.5,35.300000000000004,150.20000000000002,28.830000000000002,35.02,33.95,88.0,14.350000000000001,74.7,99.5,375.0,3442.0,1.5,46.95,14.99,6.97,36.0,28.92,0.0,374.5,1200.0
132061.762,45661.762,140.0,101.4,24.25,15.93,183.0,35.2,149.4,28.84,34.96,34.1,89.5,14.25,75.10000000000001,100.0,379.0,3445.0,1.51,46.95,15.02,6.99,35.97,29.0,0.0,375.0,1200.0
132121.762,45721.762,140.0,101.4,24.36,15.98,182.5,35.300000000000004,149.3,28.900000000000002,34.87,34.1,85.0,14.25,75.0,99.7,379.5,3446.0,1.47,46.95,15.0,7.0200000000000005,36.06,29.02,0.0,379.5,1200.0
132181.762,45781.762,140.0,102.2,24.3,16.04,181.0,35.2,149.5,28.95,35.01,34.25,88.0,14.200000000000001,75.0,100.0,373.5,3442.0,1.53,46.900000000000006,14.93,7.09,36.01,29.060000000000002,0.0,372.5,1200.0
132241.761,45841.761,140.0,101.80000000000001,24.26,16.03,182.5,35.35,148.3,28.84,35.0,33.95,88.5,14.4,74.8,100.0,378.5,3449.0,1.41,47.050000000000004,15.030000000000001,7.0,36.04,28.96,0.0,373.5,1200.0
132301.761,45901.761,140.0,102.10000000000001,24.23,16.03,182.5,35.1,148.3,28.830000000000002,35.0,34.1,88.0,14.25,74.9,100.0,376.5,3446.0,1.3800000000000001,46.95,14.950000000000001,6.96,36.01,29.0,2.0,378.5,1200.0
132361.761,45961.761,140.0,102.4,24.37,16.03,181.0,35.25,148.9,28.75,34.910000000000004,33.95,87.5,14.25,75.3,100.0,373.5,3448.0,1.3900000000000001,47.050000000000004,14.97,7.05,36.050000000000004,29.02,0.0,375.5,1200.0
132421.761,46021.761,140.0,102.7,24.35,15.89,182.5,35.2,148.8,28.86,34.980000000000004,33.9,88.5,14.15,74.9,99.9,374.0,3445.0,1.31,46.900000000000006,14.950000000000001,6.96,36.03,29.060000000000002,0.0,372.0,1200.0
132481.761,46081.761,140.0,100.9,24.38,15.97,180.5,35.1,148.9,28.82,35.04,34.1,87.0,14.25,75.4,100.0,373.5,3447.0,1.48,46.85,15.05,7.08,36.07,29.02,0.0,372.5,1200.0
132541.761,46141.761,140.0,103.30000000000001,24.35,16.04,179.5,35.300000000000004,149.1,28.77,34.99,34.15,85.5,14.15,75.2,99.60000000000001,377.0,3447.0,1.3900000000000001,46.900000000000006,14.99,6.93,36.07,28.95,2.0,373.5,1200.0
132601.761,46201.761,140.0,102.0,24.37,16.0,180.0,35.15,147.6,28.810000000000002,35.04,34.0,90.0,14.3,74.8,100.0,375.5,3442.0,1.3800000000000001,46.900000000000006,15.01,7.01,36.0,29.02,0.0,374.5,1200.0
132661.761,46261.761,140.0,101.30000000000001,24.28,15.97,183.0,35.1,147.8,28.76,34.980000000000004,33.9,88.5,14.25,74.9,99.4,370.0,3445.0,1.36,47.0,15.05,7.04,36.02,28.92,3.0,372.5,1200.0
132721.761,46321.761,140.0,101.10000000000001,24.32,15.94,180.5,35.050000000000004,149.1,28.830000000000002,34.99,34.0,87.0,14.350000000000001,74.4,100.0,375.0,3452.0,1.46,47.150000000000006,15.0,6.98,35.95,28.98,0.0,367.5,1200.0
132781.761,46381.761,140.0,100.9,24.37,15.96,181.0,35.25,147.8,28.79,35.06,34.1,87.5,14.350000000000001,75.5,99.7,378.5,3447.0,1.3900000000000001,47.0,14.98,7.03,35.97,28.95,3.0,373.0,1200.0
132841.761,46441.761,140.0,102.80000000000001,24.34,15.99,181.0,35.15,150.1,28.71,35.02,33.9,88.5,14.200000000000001,75.2,100.0,374.0,3453.0,1.44,47.1,15.0,7.04,35.980000000000004,29.05,0.0,375.0,1200.0
132901.761,46501.761,140.0,102.7,24.310000000000002,16.02,182.0,35.300000000000004,147.9,28.86,35.01,34.0,87.5,14.0,74.60000000000001,100.0,373.0,3447.0,1.6500000000000001,46.95,15.02,6.92,36.04,28.96,0.0,377.0,1200.0
132961.761,46561.761,140.0,101.2,24.32,15.94,182.5,35.300000000000004,149.3,28.85,35.11,34.0,88.0,14.15,75.3,99.9,376.5,3450.0,1.58,47.1,15.01,7.0,36.03,28.95,0.0,374.0,1200.0
133021.761,46621.761,140.0,101.0,24.34,16.0,183.0,35.15,149.4,28.88,35.06,34.0,87.5,14.3,74.8,100.0,376.0,3451.0,1.32,46.95,14.94,7.01,36.09,29.05,0.0,369.5,1200.0
133081.761,46681.761,140.0,102.4,24.27,15.96,184.0,35.1,148.6,28.96,35.050000000000004,34.050000000000004,86.5,14.3,74.7,100.0,373.5,3442.0,1.43,47.050000000000004,15.040000000000001,6.93,35.96,28.94,0.0,379.5,1200.0
133141.761,46741.761,140.0,101.5,24.310000000000002,15.99,180.5,35.35,149.1,28.830000000000002,35.12,34.1,86.5,14.3,74.60000000000001,100.0,376.5,3444.0,1.41,47.300000000000004,14.99,6.98,35.99,29.03,0.0,374.0,1200.0
133201.761,46801.761,140.0,103.4,24.23,16.03,183.5,35.4,151.0,28.98,35.1,34.1,88.0,14.15,74.60000000000001,100.0,375.0,3447.0,1.37,46.95,15.02,7.08,36.02,29.0,0.0,377.0,1200.0
133261.76,46861.76,140.0,102.2,24.37,16.07,183.0,35.35,148.0,28.89,35.09,34.15,88.0,14.0,75.3,99.9,377.5,3443.0,1.23,47.25,14.97,6.99,35.96,29.01,0.0,375.5,1200.0
133321.76,46921.76,140.0,100.30000000000001,24.29,16.0,181.0,35.25,149.5,28.97,35.1,34.15,88.5,14.100000000000001,74.4,100.0,380.0,3453.0,1.25,46.95,15.0,7.0,36.0,29.12,0.0,372.0,1200.0
133381.76,46981.76,140.0,101.80000000000001,24.39,16.06,181.0,35.2,149.3,28.93,35.03,34.15,86.5,14.200000000000001,74.60000000000001,99.7,375.5,3450.0,1.43,47.150000000000006,15.06,7.03,35.980000000000004,29.05,0.0,381.0,1200.0
133441.76,47041.76,140.0,102.9,24.36,16.0,184.0,35.2,150.70000000000002,28.94,35.050000000000004,33.95,88.0,14.15,75.10000000000001,100.0,375.0,3451.0,1.35,47.050000000000004,14.92,6.99,36.02,29.03,0.0,375.5,1200.0
133501.76,47101.76,140.0,102.5,24.35,16.03,182.0,35.35,148.70000000000002,28.96,35.13,34.15,87.5,14.100000000000001,75.2,100.0,376.5,3456.0,1.46,47.0,14.870000000000001,7.07,36.03,28.94,2.0,378.5,1200.0
133561.76,47161.76,140.0,101.0,24.3,15.950000000000001,183.5,35.35,147.5,28.94,35.15,34.1,85.5,14.15,75.10000000000001,99.80000000000001,373.0,3452.0,1.57,47.1,14.96,6.99,36.02,28.990000000000002,0.0,375.5,1200.0
133621.76,47221.76,140.0,101.2,24.37,16.06,181.5,35.300000000000004,149.6,28.95,35.07,34.050000000000004,88.5,14.0,74.9,99.9,372.0,3453.0,1.32,47.1,15.0,7.0,36.050000000000004,28.91,0.0,381.5,1200.0
133681.76,47281.76,140.0,101.2,24.32,16.03,183.0,35.1,148.3,28.900000000000002,35.07,34.1,88.5,14.15,74.60000000000001,100.0,377.0,3450.0,1.52,47.050000000000004,15.0,7.05,35.95,28.97,1.0,375.0,1200.0
133741.76,47341.76,140.0,102.0,24.39,16.0,182.0,35.35,148.0,28.88,35.12,34.050000000000004,88.5,14.25,74.8,100.0,377.5,3457.0,1.34,47.150000000000006,15.07,6.97,36.04,29.0,0.0,371.5,1200.0
133801.76,47401.76,140.0,102.10000000000001,24.36,16.0,181.5,35.2,149.8,28.96,35.18,34.2,87.5,14.200000000000001,75.10000000000001,99.80000000000001,379.0,3457.0,1.27,47.150000000000006,15.07,6.98,36.04,29.02,0.0,375.0,1200.0
133861.76,47461.76,140.0,101.80000000000001,24.38,16.03,182.0,35.2,149.1,28.91,35.15,34.050000000000004,87.0,14.15,75.4,99.9,381.5,3460.0,1.54,47.300000000000004,15.030000000000001,6.99,36.050000000000004,29.0,1.0,378.5,1200.0
133921.76,47521.76,140.0,103.30000000000001,24.37,15.97,181.5,35.35,148.4,28.900000000000002,35.18,34.0,88.0,14.100000000000001,75.4,100.0,376.0,3457.0,1.5,47.25,15.01,6.94,35.94,29.05,2.0,380.0,1200.0
133981.76,47581.76,140.0,101.2,24.37,15.98,182.5,35.2,148.8,28.95,35.08,34.1,84.5,14.100000000000001,75.10000000000001,99.5,374.0,3450.0,1.49,47.300000000000004,14.92,6.98,36.0,28.96,0.0,375.5,1200.0
134041.76,47641.76,140.0,101.2,24.3,15.98,183.0,35.25,150.0,28.95,35.14,34.15,88.5,14.350000000000001,75.3,100.0,373.5,3457.0,1.37,47.35,15.0,7.01,36.01,28.92,0.0,379.5,1200.0
134101.76,47701.76,140.0,101.7,24.400000000000002,16.01,180.5,35.35,149.0,28.95,35.13,34.2,86.0,14.15,75.2,100.0,379.5,3459.0,1.31,47.300000000000004,15.040000000000001,7.0,36.02,28.92,0.0,379.5,1200.0
134161.76,47761.76,140.0,101.80000000000001,24.36,15.99,182.0,35.35,149.0,28.900000000000002,35.15,34.2,88.5,14.3,75.10000000000001,100.0,379.5,3457.0,1.52,47.300000000000004,15.040000000000001,6.98,35.980000000000004,29.03,0.0,376.0,1200.0
134221.76,47821.76,140.0,102.10000000000001,24.32,16.02,184.0,35.2,148.9,28.87,35.07,34.15,87.5,14.200000000000001,74.8,99.4,378.0,3458.0,1.36,47.35,15.01,7.0200000000000005,36.01,28.97,0.0,377.0,1200.0
134281.76,47881.76,140.0,103.4,24.34,16.0,183.0,35.45,146.9,28.93,35.2,34.15,88.0,14.15,75.4,100.0,373.5,3454.0,1.26,47.300000000000004,15.0,6.98,36.07,29.07,0.0,375.5,1200.0
134341.759,47941.759,140.0,100.4,24.330000000000002,16.0,183.0,35.35,147.70000000000002,28.89,35.13,34.25,86.5,14.25,74.8,100.0,371.0,3461.0,1.3,47.25,14.99,7.01,36.06,29.060000000000002,0.0,381.0,1200.0
134401.759,48001.759,140.0,101.4,24.34,15.97,181.5,35.35,149.4,28.95,35.13,34.2,86.5,14.200000000000001,74.60000000000001,99.60000000000001,380.0,3458.0,1.43,47.300000000000004,14.91,6.98,36.07,29.03,3.0,379.5,1200.0
134461.759,48061.759,140.0,102.30000000000001,24.29,15.98,185.0,35.4,148.5,28.96,35.2,34.300000000000004,89.5,14.15,74.9,100.0,380.5,3458.0,1.34,47.35,14.99,7.0,36.02,28.98,0.0,381.0,1200.0
134521.759,48121.759,140.0,102.0,24.38,16.080000000000002,183.5,35.4,149.1,28.92,35.14,34.300000000000004,87.5,14.25,74.9,99.80000000000001,379.0,3461.0,1.29,47.550000000000004,14.96,6.98,36.06,29.01,0.0,375.5,1200.0
134581.759,48181.759,140.0,99.7,24.25,15.94,182.0,35.2,148.6,28.95,35.08,34.2,87.0,14.100000000000001,75.4,99.9,381.0,3460.0,1.37,47.25,14.98,7.01,36.03,28.96,1.0,375.5,1200.0
134641.759,48241.759,140.0,101.5,24.28,16.06,183.5,35.300000000000004,149.1,28.96,35.25,34.2,86.5,14.25,75.10000000000001,100.0,377.0,3463.0,1.5,47.300000000000004,14.94,6.93,36.0,28.96,1.0,377.0,1200.0
134701.759,48301.759,140.0,101.80000000000001,24.3,15.92,182.0,35.35,148.4,28.97,35.01,34.2,87.5,14.200000000000001,75.60000000000001,100.0,378.0,3458.0,1.34,47.35,15.01,7.04,36.02,29.04,0.0,376.5,1200.0
134761.759,48361.759,140.0,100.80000000000001,24.35,15.99,180.5,35.300000000000004,150.3,28.96,35.160000000000004,34.1,86.5,14.15,75.4,100.0,380.5,3455.0,1.34,47.35,15.01,7.07,35.980000000000004,29.03,0.0,379.5,1200.0
134821.759,48421.759,140.0,101.60000000000001,24.32,15.92,185.0,35.15,147.6,28.88,35.19,34.1,87.5,14.25,75.4,100.0,375.5,3454.0,1.27,47.2,15.02,7.12,36.03,29.0,3.0,381.0,1200.0
134881.759,48481.759,140.0,102.60000000000001,24.36,15.950000000000001,185.5,35.2,149.0,28.830000000000002,35.1,34.1,86.5,14.3,75.60000000000001,100.0,375.0,3458.0,1.46,47.35,14.98,7.07,35.96,29.01,0.0,375.0,1200.0
134941.759,48541.759,140.0,102.60000000000001,24.34,15.99,182.5,35.2,148.5,28.89,35.1,34.25,88.0,14.25,74.9,100.0,380.5,3460.0,1.26,47.550000000000004,15.030000000000001,7.0200000000000005,36.07,29.03,0.0,381.5,1200.0
135001.759,48601.759,140.0,102.30000000000001,24.26,15.93,181.5,35.45,149.70000000000002,28.84,35.13,34.300000000000004,86.0,14.3,75.4,100.0,376.5,3463.0,1.53,47.25,14.96,6.98,36.09,29.04,0.0,380.0,1200.0
135061.759,48661.759,140.0,102.2,24.37,15.97,183.5,35.35,149.1,29.0,35.06,34.15,87.0,14.100000000000001,75.10000000000001,100.0,375.5,3459.0,1.47,47.25,15.02,6.99,35.96,28.95,0.0,373.5,1200.0
135121.759,48721.759,140.0,102.5,24.29,15.97,181.5,35.25,149.4,28.97,35.160000000000004,34.2,87.0,14.100000000000001,74.9,100.0,378.0,3458.0,1.37,47.300000000000004,15.030000000000001,7.0,36.02,28.94,0.0,376.5,1200.0
135181.759,48781.759,140.0,100.80000000000001,24.38,15.97,184.0,35.4,149.0,28.95,35.14,34.25,89.0,14.200000000000001,75.2,100.0,373.0,3459.0,1.29,47.25,14.98,6.98,36.0,29.0,1.0,377.5,1200.0
135241.759,48841.759,140.0,103.2,24.400000000000002,16.0,183.0,35.300000000000004,149.20000000000002,28.88,35.09,34.2,87.0,14.25,75.4,99.7,381.0,3455.0,1.45,47.25,15.02,7.0,36.0,28.98,0.0,377.0,1200.0
135301.759,48901.759,140.0,102.60000000000001,24.38,16.0,181.5,35.4,149.9,28.88,35.15,34.1,87.0,14.15,74.9,100.0,375.5,3455.0,1.45,47.35,15.07,7.0200000000000005,35.96,29.01,0.0,377.5,1200.0
135361.759,48961.759,140.0,101.7,24.39,16.06,184.5,35.25,147.9,28.84,35.160000000000004,34.15,88.0,14.25,75.4,100.0,380.5,3460.0,1.3,47.2,14.98,7.0200000000000005,35.980000000000004,29.0,0.0,377.0,1200.0
135421.758,49021.758,140.0,100.7,24.29,16.01,184.0,35.25,149.4,28.92,35.27,34.0,89.5,14.25,75.4,99.5,378.0,3461.0,1.31,47.45,15.06,6.96,35.99,29.060000000000002,1.0,383.5,1200.0
135481.758,49081.758,140.0,103.4,24.400000000000002,16.01,183.0,35.300000000000004,148.3,28.88,35.12,34.050000000000004,88.5,14.200000000000001,75.0,100.0,380.0,3458.0,1.3900000000000001,47.35,15.07,6.99,35.96,28.990000000000002,0.0,371.5,1200.0
135541.758,49141.758,140.0,101.4,24.37,15.950000000000001,184.5,35.4,149.20000000000002,28.900000000000002,35.12,34.15,87.0,14.05,75.7,100.0,378.0,3460.0,1.4000000000000001,47.5,15.01,7.0200000000000005,36.08,28.93,0.0,377.0,1200.0
135601.758,49201.758,140.0,103.60000000000001,24.42,15.950000000000001,182.0,35.2,147.8,28.830000000000002,35.15,34.35,87.0,14.200000000000001,74.60000000000001,99.80000000000001,380.5,3463.0,1.28,47.35,14.94,6.96,36.0,29.060000000000002,2.0,379.0,1200.0
135661.758,49261.758,140.0,101.30000000000001,24.35,16.01,183.0,35.25,149.4,28.810000000000002,35.2,34.2,87.0,14.100000000000001,75.2,99.4,377.0,3469.0,1.45,47.45,15.0,7.0,35.94,29.05,0.0,380.5,1200.0
135721.758,49321.758,140.0,101.60000000000001,24.330000000000002,16.0,182.5,35.35,149.9,28.91,35.14,34.050000000000004,88.0,14.15,75.60000000000001,100.0,376.0,3466.0,1.32,47.45,15.040000000000001,7.09,36.01,29.01,0.0,381.5,1200.0
135781.758,49381.758,140.0,102.0,24.37,16.0,182.0,35.35,148.4,28.95,35.11,34.15,88.0,14.3,75.60000000000001,100.0,379.5,3462.0,1.34,47.25,14.96,6.91,35.94,28.98,0.0,382.5,1200.0
135841.758,49441.758,140.0,102.0,24.39,16.080000000000002,182.0,35.25,148.1,28.830000000000002,35.17,34.1,84.5,14.15,75.5,100.0,380.5,3462.0,1.5,47.35,14.92,6.97,35.96,29.01,1.0,381.5,1200.0
135901.758,49501.758,140.0,102.60000000000001,24.400000000000002,16.07,183.5,35.25,148.0,28.78,35.04,34.15,86.0,14.15,75.10000000000001,100.0,376.0,3456.0,1.32,47.45,15.030000000000001,7.04,36.03,28.990000000000002,2.0,380.5,1200.0
135961.758,49561.758,140.0,101.30000000000001,24.34,16.01,181.0,35.2,148.9,28.900000000000002,35.03,34.25,88.5,14.25,74.8,100.0,376.5,3463.0,1.5,47.45,14.99,6.97,35.980000000000004,29.01,0.0,379.5,1200.0
136021.758,49621.758,140.0,100.4,24.3,15.96,182.0,35.300000000000004,149.1,28.87,35.14,34.25,88.0,14.15,75.4,100.0,373.0,3455.0,1.54,47.400000000000006,15.01,7.05,36.09,29.1,0.0,381.5,1200.0
136081.758,49681.758,140.0,102.4,24.38,15.96,182.0,35.5,149.0,28.79,35.09,34.0,87.0,14.3,75.60000000000001,100.0,376.0,3458.0,1.25,47.400000000000006,15.030000000000001,6.96,36.01,28.94,1.0,377.0,1200.0
136141.758,49741.758,140.0,102.4,24.38,16.0,182.5,35.300000000000004,149.20000000000002,28.97,35.04,34.050000000000004,87.5,14.15,75.10000000000001,99.5,380.5,3456.0,1.43,47.35,14.97,6.95,35.97,29.04,2.0,381.5,1200.0
136201.758,49801.758,140.0,103.0,24.32,15.98,183.5,35.300000000000004,150.20000000000002,28.88,35.11,34.300000000000004,87.5,14.3,74.3,100.0,377.0,3461.0,1.49,47.35,15.120000000000001,6.96,35.96,29.02,3.0,382.0,1200.0
136261.758,49861.758,140.0,101.0,24.3,15.950000000000001,184.0,35.5,147.4,28.900000000000002,35.07,34.0,86.5,14.200000000000001,74.9,99.60000000000001,379.0,3454.0,1.58,47.45,15.030000000000001,7.0200000000000005,35.99,29.080000000000002,0.0,373.5,1200.0
136321.758,49921.758,140.0,102.7,24.39,16.03,180.5,35.25,149.8,28.86,35.08,34.0,88.0,14.200000000000001,75.0,99.9,374.0,3453.0,1.47,47.300000000000004,15.030000000000001,6.98,36.02,28.98,1.0,382.0,1200.0
136381.758,49981.758,140.0,100.10000000000001,24.330000000000002,16.04,181.5,35.25,149.1,28.84,35.22,34.15,87.0,14.3,75.2,99.80000000000001,376.5,3456.0,1.44,47.25,15.01,6.99,35.95,28.86,0.0,377.0,1200.0
136441.758,50041.758,140.0,101.5,24.29,15.99,183.0,35.2,147.1,28.86,35.1,34.2,86.0,14.200000000000001,75.3,100.0,376.5,3451.0,1.47,47.300000000000004,14.99,6.98,35.980000000000004,29.03,0.0,377.5,1200.0
136501.758,50101.758,140.0,101.60000000000001,24.38,15.950000000000001,182.0,35.35,149.9,28.94,35.04,34.2,86.5,14.3,75.3,100.0,378.5,3457.0,1.48,47.300000000000004,15.02,7.05,36.0,28.990000000000002,1.0,378.5,1200.0
136561.758,50161.758,140.0,100.5,24.39,15.99,182.5,35.15,148.1,28.89,35.1,34.1,86.0,14.350000000000001,74.8,100.0,379.0,3456.0,1.57,47.300000000000004,14.98,6.95,36.01,28.96,0.0,378.0,1200.0
136621.757,50221.757,140.0,102.9,24.330000000000002,15.99,181.5,35.300000000000004,148.0,28.92,35.050000000000004,34.1,90.0,14.200000000000001,75.3,100.0,376.5,3454.0,1.44,47.35,15.07,6.91,36.08,28.96,2.0,377.5,1200.0
136681.757,50281.757,140.0,102.0,24.25,15.98,183.5,35.4,149.70000000000002,29.03,35.230000000000004,34.25,87.0,14.25,74.5,99.9,376.5,3452.0,1.3800000000000001,47.2,15.030000000000001,7.01,35.94,29.03,0.0,375.0,1200.0
136741.757,50341.757,140.0,101.80000000000001,24.44,16.01,182.0,35.35,148.5,29.03,35.31,34.15,87.5,14.05,75.2,100.0,377.5,3456.0,1.36,47.300000000000004,15.01,7.03,36.01,29.060000000000002,1.0,373.5,1200.0
136801.757,50401.757,140.0,101.4,24.39,16.02,183.0,35.25,148.9,28.96,35.09,34.1,89.0,14.25,74.8,99.0,381.0,3451.0,1.3,47.400000000000006,14.97,7.04,36.12,28.98,1.0,380.5,1200.0
136861.757,50461.757,140.0,102.0,24.29,15.98,183.0,35.2,148.4,28.86,35.13,34.050000000000004,88.5,14.200000000000001,75.2,99.80000000000001,375.5,3453.0,1.4000000000000001,47.2,14.99,6.97,36.0,29.060000000000002,1.0,380.0,1200.0
136921.757,50521.757,140.0,100.80000000000001,24.45,15.99,184.0,35.5,150.5,28.96,35.12,34.050000000000004,86.5,14.200000000000001,74.9,100.0,375.0,3454.0,1.47,47.35,14.99,7.05,36.0,28.98,0.0,375.0,1200.0
136981.757,50581.757,140.0,102.5,24.310000000000002,15.96,182.5,35.35,150.4,28.900000000000002,35.11,34.1,89.0,14.25,74.9,99.5,380.0,3454.0,1.35,47.300000000000004,14.96,7.0200000000000005,36.03,28.96,0.0,376.5,1200.0
137041.757,50641.757,140.0,102.80000000000001,24.38,15.99,183.0,35.2,148.8,28.89,35.08,34.25,88.0,14.350000000000001,74.60000000000001,100.0,378.0,3455.0,1.24,47.25,15.030000000000001,7.0200000000000005,35.96,28.98,0.0,377.5,1200.0
137101.757,50701.757,140.0,102.7,24.3,15.97,182.5,35.25,149.6,28.97,35.21,34.2,88.5,14.25,75.4,100.0,381.0,3456.0,1.44,47.2,15.01,6.98,36.01,28.97,1.0,374.0,1200.0
137161.757,50761.757,140.0,101.2,24.26,16.02,183.0,35.300000000000004,150.0,28.95,35.050000000000004,34.2,86.5,14.15,74.60000000000001,99.9,374.5,3457.0,1.57,47.150000000000006,14.98,7.04,35.95,28.93,0.0,373.5,1200.0
137221.757,50821.757,140.0,101.7,24.36,16.03,183.5,35.300000000000004,149.9,28.92,35.12,34.0,85.0,14.200000000000001,74.60000000000001,100.0,375.0,3455.0,1.41,47.25,15.030000000000001,7.0,36.0,28.990000000000002,0.0,383.0,1200.0
137281.757,50881.757,140.0,101.80000000000001,24.39,15.96,183.5,35.35,148.1,28.900000000000002,35.14,34.25,87.5,14.25,74.9,100.0,370.0,3457.0,1.51,47.25,15.0,7.0200000000000005,35.95,29.02,1.0,377.5,1200.0
137341.757,50941.757,140.0,100.80000000000001,24.29,15.96,184.5,35.25,149.4,28.79,35.15,34.25,89.0,14.15,75.2,99.80000000000001,382.0,3455.0,1.46,47.35,14.99,6.96,35.97,29.01,3.0,380.0,1200.0
137401.757,51001.757,140.0,101.30000000000001,24.28,16.01,183.5,35.300000000000004,150.1,28.88,35.08,34.050000000000004,87.0,14.3,74.60000000000001,99.7,374.0,3456.0,1.31,47.150000000000006,15.11,7.0600000000000005,36.1,29.02,2.0,372.5,1200.0
137461.757,51061.757,140.0,102.4,24.34,16.06,181.5,35.5,151.0,28.79,35.09,33.9,88.0,14.3,75.3,100.0,378.0,3458.0,1.34,47.25,15.06,6.97,36.02,28.990000000000002,0.0,371.0,1200.0
137521.757,51121.757,140.0,101.10000000000001,24.36,15.98,181.0,35.35,148.0,28.86,35.07,34.050000000000004,87.0,14.05,74.9,100.0,377.0,3454.0,1.44,47.2,14.98,6.97,35.84,29.0,0.0,376.5,1200.0
137581.757,51181.757,140.0,102.30000000000001,24.38,15.94,181.0,35.2,150.0,28.830000000000002,35.0,34.1,89.0,14.100000000000001,74.5,99.80000000000001,376.0,3453.0,1.31,47.25,15.030000000000001,6.98,36.01,29.07,0.0,376.5,1200.0
137641.757,51241.757,140.0,102.9,24.39,15.98,181.5,35.15,149.0,28.85,35.04,34.0,86.0,14.3,75.10000000000001,99.7,381.5,3452.0,1.31,47.35,14.94,7.0,35.99,28.98,0.0,376.0,1200.0
137701.757,51301.757,140.0,103.80000000000001,24.27,15.93,183.0,35.050000000000004,147.5,28.87,34.96,33.95,87.5,14.100000000000001,75.10000000000001,99.7,380.5,3448.0,1.28,47.25,15.030000000000001,7.05,35.97,28.94,3.0,375.5,1200.0
137761.757,51361.757,140.0,101.60000000000001,24.3,16.03,180.5,35.15,148.5,28.75,34.95,34.0,88.0,14.15,75.5,100.0,374.5,3446.0,1.3,47.150000000000006,14.98,7.0200000000000005,35.96,29.09,0.0,377.5,1200.0
137821.757,51421.757,140.0,101.9,24.39,15.94,181.5,35.2,148.8,28.84,35.02,33.9,87.0,14.3,75.10000000000001,100.0,374.5,3446.0,1.3,47.2,14.96,7.03,36.0,29.0,0.0,379.0,1200.0
137881.756,51481.756,140.0,103.30000000000001,24.32,15.93,181.0,35.2,147.8,28.740000000000002,34.97,34.050000000000004,89.0,14.200000000000001,75.2,99.9,373.0,3447.0,1.36,47.050000000000004,14.93,7.01,35.980000000000004,29.07,0.0,372.0,1200.0
137941.756,51541.756,140.0,101.60000000000001,24.34,15.96,180.5,35.2,146.5,28.810000000000002,34.9,34.050000000000004,86.0,14.05,75.9,100.0,376.5,3446.0,1.47,47.150000000000006,14.94,6.96,36.01,28.93,1.0,371.0,1200.0
138001.756,51601.756,140.0,103.10000000000001,24.32,15.94,183.0,35.050000000000004,148.5,28.69,34.96,33.9,87.0,14.3,75.3,100.0,373.5,3445.0,1.36,47.0,15.06,6.98,36.04,28.95,0.0,369.0,1200.0
138061.756,51661.756,140.0,101.30000000000001,24.32,15.98,182.0,35.050000000000004,149.6,28.740000000000002,34.95,34.15,89.0,14.0,74.60000000000001,100.0,370.5,3446.0,1.52,47.150000000000006,15.030000000000001,7.11,35.97,29.060000000000002,0.0,377.0,1200.0
138121.756,51721.756,140.0,100.60000000000001,24.27,16.04,183.5,35.050000000000004,149.4,28.76,34.97,34.1,86.0,14.200000000000001,75.3,99.9,370.5,3446.0,1.5,47.0,14.99,7.01,36.06,29.01,0.0,374.5,1200.0
138181.756,51781.756,140.0,102.80000000000001,24.27,16.05,181.5,35.1,149.4,28.82,34.92,33.95,88.5,14.100000000000001,75.2,100.0,374.5,3442.0,1.48,47.1,15.040000000000001,7.07,35.9,29.05,0.0,373.0,1200.0
138241.756,51841.756,140.0,103.10000000000001,24.35,15.99,180.0,35.300000000000004,150.20000000000002,28.75,34.980000000000004,34.0,87.0,14.15,75.10000000000001,99.9,375.5,3449.0,1.34,47.0,15.06,7.0600000000000005,36.0,28.97,0.0,375.5,1200.0
138301.756,51901.756,140.0,101.80000000000001,24.310000000000002,15.99,182.0,35.1,148.9,28.830000000000002,34.97,34.2,86.5,14.05,75.2,100.0,375.0,3446.0,1.33,47.0,15.040000000000001,6.94,36.04,29.05,0.0,375.5,1200.0
138361.756,51961.756,140.0,102.7,24.28,15.99,182.5,35.25,149.3,28.830000000000002,34.9,34.050000000000004,87.5,14.25,74.8,100.0,375.0,3445.0,1.12,47.050000000000004,14.99,7.0,36.0,28.98,0.0,378.0,1200.0
138421.756,52021.756,140.0,101.0,24.36,15.98,184.0,35.2,149.70000000000002,28.82,34.99,34.0,88.5,14.15,75.0,100.0,375.5,3450.0,1.55,47.1,15.02,6.97,35.910000000000004,29.02,0.0,373.5,1200.0
138481.756,52081.756,140.0,101.60000000000001,24.34,15.98,180.5,35.2,150.5,28.94,35.04,34.15,87.5,14.15,74.5,100.0,375.5,3452.0,1.5,47.050000000000004,14.96,7.05,36.01,29.07,0.0,379.0,1200.0
138541.756,52141.756,140.0,103.30000000000001,24.27,15.99,183.0,35.25,149.4,28.78,34.99,34.15,86.0,14.25,75.2,100.0,376.0,3453.0,1.42,47.150000000000006,14.99,7.0,36.03,28.98,1.0,376.0,1200.0
138601.756,52201.756,140.0,102.0,24.34,16.09,183.5,35.2,149.0,28.8,35.1,34.1,89.0,14.200000000000001,75.2,99.60000000000001,378.5,3454.0,1.19,47.1,15.02,6.95,36.07,28.990000000000002,0.0,380.0,1200.0
138661.756,52261.756,140.0,100.9,24.3,15.96,180.5,35.25,150.4,28.900000000000002,35.02,34.15,87.0,14.0,74.5,100.0,381.0,3451.0,1.3900000000000001,47.1,14.98,6.98,35.99,28.96,0.0,376.0,1200.0
138721.756,52321.756,140.0,100.9,24.32,16.07,182.0,35.35,150.0,28.85,35.050000000000004,34.050000000000004,89.0,14.15,75.0,99.60000000000001,379.0,3453.0,1.33,47.050000000000004,15.06,6.97,36.03,29.080000000000002,0.0,374.5,1200.0
138781.756,52381.756,140.0,102.10000000000001,24.34,15.99,184.0,35.300000000000004,148.5,28.900000000000002,35.12,34.15,86.0,14.25,75.5,100.0,381.0,3454.0,1.24,47.25,14.96,7.01,36.0,28.87,0.0,372.5,1200.0
138841.756,52441.756,140.0,103.30000000000001,24.240000000000002,15.99,180.5,35.4,148.1,28.76,35.07,34.050000000000004,87.5,14.25,75.0,99.5,381.5,3457.0,1.32,47.300000000000004,14.96,6.97,36.04,29.03,0.0,379.5,1200.0
138901.756,52501.756,140.0,102.4,24.27,15.94,182.5,35.15,149.9,28.79,35.03,34.050000000000004,88.5,14.3,75.0,99.7,375.5,3453.0,1.21,47.050000000000004,15.0,7.04,36.1,28.96,0.0,376.0,1200.0
138961.756,52561.756,140.0,103.30000000000001,24.37,16.02,182.5,35.25,149.5,28.85,35.08,34.0,86.5,14.15,74.9,100.0,377.5,3455.0,1.21,47.150000000000006,15.02,7.0,36.02,29.060000000000002,0.0,375.5,1200.0
139021.756,52621.756,140.0,102.0,24.37,15.99,183.0,35.050000000000004,148.6,28.810000000000002,35.07,33.95,88.5,14.200000000000001,75.10000000000001,100.0,373.0,3456.0,1.3800000000000001,47.2,14.96,6.95,35.92,29.0,0.0,374.5,1200.0
139081.756,52681.756,140.0,100.7,24.32,16.06,183.5,35.35,148.5,28.810000000000002,35.06,34.050000000000004,86.5,14.05,75.3,99.80000000000001,376.5,3449.0,1.41,47.2,15.01,6.99,36.03,29.01,0.0,375.0,1200.0
139141.756,52741.756,140.0,103.60000000000001,24.36,16.02,181.5,35.15,150.1,28.8,35.07,34.15,87.5,14.200000000000001,75.0,99.7,376.5,3448.0,1.5,47.0,15.06,6.93,36.04,28.93,6.0,376.0,1200.0
139201.755,52801.755,140.0,100.80000000000001,24.240000000000002,15.93,181.5,35.4,150.1,28.740000000000002,35.02,34.050000000000004,87.5,14.15,75.4,99.7,372.5,3449.0,1.31,46.95,14.97,7.0,36.06,29.05,2.0,376.0,1200.0
139261.755,52861.755,140.0,101.7,24.3,16.03,183.0,35.2,149.9,28.86,35.07,34.25,87.0,14.200000000000001,74.8,100.0,374.0,3449.0,1.44,47.1,14.91,6.99,36.02,29.04,0.0,373.0,1200.0
139321.755,52921.755,140.0,103.2,24.25,16.06,179.0,35.050000000000004,150.5,28.77,35.02,34.050000000000004,88.5,14.25,74.60000000000001,100.0,374.0,3448.0,1.51,47.1,15.02,7.08,35.97,29.02,3.0,373.0,1200.0
139381.755,52981.755,140.0,100.80000000000001,24.36,16.01,183.0,35.2,146.3,28.85,35.09,34.1,86.5,14.15,74.9,99.4,373.5,3451.0,1.34,47.2,14.94,7.0200000000000005,36.0,28.93,0.0,373.5,1200.0
139441.755,53041.755,140.0,102.5,24.34,16.0,183.0,35.1,148.5,28.89,35.06,34.050000000000004,87.5,14.05,75.4,100.0,374.0,3445.0,1.34,47.050000000000004,15.030000000000001,7.04,35.99,29.04,1.0,376.5,1200.0
139501.755,53101.755,140.0,102.7,24.32,15.98,182.5,35.35,148.0,28.82,35.07,34.050000000000004,88.0,14.15,75.0,100.0,373.5,3454.0,1.32,46.95,15.0,6.96,36.0,28.93,0.0,375.0,1200.0
139561.755,53161.755,140.0,101.7,24.37,15.97,181.0,35.25,149.9,28.86,35.08,33.95,87.5,14.200000000000001,74.9,99.60000000000001,376.5,3450.0,1.31,47.0,14.97,7.0,36.01,29.05,1.0,374.0,1200.0
139621.755,53221.755,140.0,103.0,24.38,15.96,181.5,35.2,148.4,28.82,35.04,34.0,89.5,14.100000000000001,74.7,100.0,373.5,3451.0,1.36,47.25,14.97,7.0,36.03,28.97,4.0,371.0,1200.0
139681.755,53281.755,140.0,102.4,24.32,15.97,182.5,35.35,148.4,28.82,35.09,34.0,85.5,14.15,74.7,100.0,373.5,3457.0,1.58,47.0,14.97,6.98,36.04,28.94,0.0,370.5,1200.0
139741.755,53341.755,140.0,101.7,24.26,16.02,181.0,35.25,149.9,28.87,35.13,34.0,88.0,14.3,75.10000000000001,100.0,371.0,3452.0,1.5,47.25,15.0,7.0200000000000005,35.97,29.03,2.0,374.5,1200.0
139801.755,53401.755,140.0,102.80000000000001,24.310000000000002,15.91,180.5,35.35,147.8,28.900000000000002,35.050000000000004,34.1,86.5,14.200000000000001,75.0,100.0,374.5,3452.0,1.3900000000000001,47.050000000000004,15.02,7.0200000000000005,35.95,29.01,0.0,375.5,1200.0
139861.755,53461.755,140.0,102.7,24.36,16.05,182.5,35.2,150.3,28.87,35.02,34.15,89.5,14.15,75.3,99.9,378.0,3454.0,1.42,47.25,15.040000000000001,6.98,36.0,29.01,0.0,380.5,1200.0
139921.755,53521.755,140.0,102.30000000000001,24.310000000000002,16.06,182.0,35.35,148.70000000000002,28.91,35.01,34.15,88.0,14.200000000000001,75.10000000000001,99.9,374.5,3454.0,1.41,47.150000000000006,14.99,6.98,36.08,29.01,2.0,373.5,1200.0
139981.755,53581.755,140.0,103.4,24.36,15.950000000000001,180.5,35.15,149.3,28.830000000000002,35.050000000000004,34.050000000000004,90.0,14.3,75.10000000000001,99.9,374.0,3450.0,1.41,47.050000000000004,15.01,7.0,35.980000000000004,28.900000000000002,0.0,378.5,1200.0
140041.755,53641.755,140.0,100.5,24.330000000000002,15.98,180.5,35.25,149.0,28.73,35.07,34.0,86.0,14.200000000000001,75.3,100.0,375.0,3442.0,1.3,47.1,15.0,6.99,35.89,29.03,0.0,374.5,1200.0
140101.755,53701.755,140.0,101.80000000000001,24.36,16.080000000000002,181.5,35.15,149.5,28.85,35.050000000000004,34.050000000000004,86.0,14.100000000000001,74.9,99.80000000000001,376.0,3452.0,1.4000000000000001,47.050000000000004,15.01,7.01,36.08,28.98,1.0,372.5,1200.0
140161.755,53761.755,140.0,102.2,24.310000000000002,16.01,181.5,35.2,148.20000000000002,28.830000000000002,35.02,34.1,85.5,14.25,75.10000000000001,99.9,371.0,3448.0,1.29,47.1,14.93,7.0200000000000005,36.03,29.05,0.0,372.5,1200.0
140221.755,53821.755,140.0,101.30000000000001,24.34,15.99,181.0,35.25,149.8,28.810000000000002,35.09,34.050000000000004,87.0,14.15,74.9,99.80000000000001,379.5,3448.0,1.42,47.1,15.030000000000001,6.99,35.96,28.93,0.0,377.0,1200.0
140281.755,53881.755,140.0,101.7,24.310000000000002,15.99,182.5,35.25,148.6,28.85,35.050000000000004,33.9,88.5,14.05,75.3,100.0,374.0,3449.0,1.44,47.050000000000004,14.93,7.03,35.9,28.94,0.0,378.0,1200.0
140341.755,53941.755,140.0,102.7,24.330000000000002,15.96,183.5,35.1,151.4,28.84,34.96,34.050000000000004,87.5,14.05,75.4,100.0,379.5,3449.0,1.43,47.1,15.01,7.0200000000000005,36.0,29.05,4.0,373.5,1200.0
140401.755,54001.755,140.0,103.0,24.3,15.97,182.5,35.1,148.4,28.76,34.95,34.1,86.5,14.05,75.8,99.60000000000001,372.0,3445.0,1.41,46.95,15.08,6.98,36.0,29.03,0.0,372.0,1200.0
140461.755,54061.755,140.0,102.30000000000001,24.34,16.0,182.5,35.2,150.1,28.85,35.0,33.85,88.0,14.15,75.7,100.0,373.5,3449.0,1.3900000000000001,47.0,14.96,7.0200000000000005,35.95,29.080000000000002,2.0,371.0,1200.0
140521.755,54121.755,140.0,101.0,24.34,15.97,181.5,35.1,149.0,28.86,35.0,34.1,88.0,14.15,74.9,99.9,374.5,3452.0,1.17,47.050000000000004,15.02,6.95,35.980000000000004,28.95,2.0,370.5,1200.0
140581.755,54181.755,140.0,102.5,24.27,16.0,183.5,35.25,148.9,28.84,34.980000000000004,34.15,88.0,14.25,74.9,99.9,379.0,3445.0,1.3900000000000001,47.0,14.99,6.96,35.980000000000004,29.060000000000002,0.0,375.0,1200.0
140641.754,54241.754,140.0,104.30000000000001,24.35,16.01,182.5,35.25,149.70000000000002,28.77,35.02,33.85,86.5,14.05,75.10000000000001,100.0,376.5,3443.0,1.4000000000000001,47.150000000000006,14.94,6.91,35.99,28.98,2.0,376.0,1200.0
140701.754,54301.754,140.0,102.0,24.330000000000002,15.93,181.0,35.15,149.5,28.87,35.14,34.1,86.5,14.200000000000001,75.5,100.0,375.5,3448.0,1.29,47.050000000000004,15.01,7.0,36.02,29.01,0.0,373.5,1200.0
140761.754,54361.754,140.0,102.10000000000001,24.36,15.98,183.0,35.2,148.5,28.85,35.14,34.15,86.5,14.200000000000001,75.2,100.0,372.0,3448.0,1.43,47.25,15.01,6.98,36.03,29.1,0.0,372.0,1200.0
140821.754,54421.754,140.0,101.30000000000001,24.34,16.03,182.0,35.35,149.20000000000002,28.73,34.97,34.1,85.0,14.200000000000001,74.7,100.0,369.0,3448.0,1.3900000000000001,47.2,15.030000000000001,6.99,36.1,29.02,0.0,377.5,1200.0
140881.754,54481.754,140.0,102.60000000000001,24.310000000000002,16.01,179.5,35.35,149.5,28.88,35.11,34.050000000000004,88.0,14.25,75.10000000000001,99.7,370.5,3444.0,1.33,47.2,14.98,7.0200000000000005,36.09,29.01,0.0,375.5,1200.0
140941.754,54541.754,140.0,101.0,24.330000000000002,15.99,180.5,35.1,149.70000000000002,28.85,35.050000000000004,34.1,85.5,14.200000000000001,75.4,99.80000000000001,374.5,3449.0,1.49,47.050000000000004,14.99,7.01,36.12,28.97,0.0,373.0,1200.0
141001.754,54601.754,140.0,101.9,24.330000000000002,15.96,181.5,35.2,147.5,28.86,35.04,34.2,89.5,14.200000000000001,74.9,100.0,375.0,3449.0,1.29,46.900000000000006,14.99,6.98,36.11,28.98,0.0,372.0,1200.0
141061.754,54661.754,140.0,100.30000000000001,24.32,16.05,182.0,35.25,149.4,28.89,35.11,34.1,86.5,14.25,75.3,100.0,377.5,3447.0,1.44,47.0,15.01,6.97,35.980000000000004,28.97,0.0,372.0,1200.0
141121.754,54721.754,140.0,102.5,24.34,15.96,184.5,35.25,150.8,28.810000000000002,35.08,34.050000000000004,85.0,14.15,75.0,99.9,375.0,3446.0,1.27,46.95,14.96,7.0,35.92,29.01,0.0,371.5,1200.0
141181.754,54781.754,140.0,101.9,24.36,16.03,184.0,35.15,148.70000000000002,28.89,34.93,34.050000000000004,87.5,14.100000000000001,74.7,99.80000000000001,378.0,3450.0,1.3800000000000001,47.1,15.0,6.97,35.980000000000004,29.060000000000002,0.0,373.5,1200.0
141241.754,54841.754,140.0,101.30000000000001,24.41,15.93,182.5,35.25,149.3,28.830000000000002,35.050000000000004,34.15,86.5,14.100000000000001,75.5,100.0,375.0,3448.0,1.4000000000000001,47.1,14.98,7.05,36.01,29.060000000000002,1.0,374.0,1200.0
141301.754,54901.754,140.0,102.2,24.26,16.04,184.5,35.35,149.3,28.78,34.95,34.050000000000004,84.5,14.200000000000001,74.9,100.0,379.5,3450.0,1.3800000000000001,47.2,14.98,6.97,36.09,28.97,1.0,378.0,1200.0
141361.754,54961.754,140.0,103.2,24.330000000000002,15.96,183.5,35.2,148.9,28.82,35.09,34.1,88.0,14.15,75.10000000000001,100.0,376.0,3446.0,1.56,47.050000000000004,15.0,7.08,35.980000000000004,29.03,1.0,377.5,1200.0
141421.754,55021.754,140.0,102.80000000000001,24.29,15.98,180.5,35.2,150.4,28.88,34.92,34.050000000000004,88.5,14.350000000000001,75.10000000000001,100.0,373.5,3452.0,1.3,47.050000000000004,15.05,7.01,35.96,29.02,0.0,376.5,1200.0
141481.754,55081.754,140.0,101.2,24.38,15.94,184.5,35.2,147.1,28.79,35.1,34.15,87.5,14.100000000000001,74.8,100.0,374.5,3452.0,1.23,47.0,15.08,7.01,36.11,29.060000000000002,0.0,375.5,1200.0
141541.754,55141.754,140.0,103.10000000000001,24.34,16.04,183.0,35.1,149.4,28.740000000000002,34.96,34.050000000000004,85.0,14.15,74.8,99.9,373.0,3451.0,1.46,47.0,14.97,6.99,36.01,29.09,1.0,371.5,1200.0
141601.754,55201.754,140.0,101.10000000000001,24.38,16.04,182.5,35.25,149.6,28.86,35.02,34.050000000000004,87.5,14.100000000000001,75.8,99.5,373.5,3455.0,1.3900000000000001,47.1,14.97,7.0,36.050000000000004,29.03,0.0,375.5,1200.0
141661.754,55261.754,140.0,101.9,24.34,15.93,183.5,35.2,148.1,28.73,34.94,34.0,87.0,14.200000000000001,75.5,100.0,373.5,3451.0,1.37,47.1,14.98,6.98,35.94,28.98,0.0,375.0,1200.0
141721.754,55321.754,140.0,98.5,24.310000000000002,15.97,182.0,35.2,149.0,28.87,35.02,34.1,88.0,14.15,75.7,100.0,369.0,3455.0,1.28,47.1,15.030000000000001,7.07,36.06,29.07,1.0,378.5,1200.0
141781.754,55381.754,140.0,100.9,24.27,16.0,181.0,35.25,148.20000000000002,28.8,34.89,34.050000000000004,85.5,14.25,75.8,100.0,377.5,3453.0,1.41,47.2,15.06,7.0,36.0,29.09,4.0,379.0,1200.0
141841.754,55441.754,140.0,101.9,24.37,16.01,181.0,35.25,149.0,28.810000000000002,34.97,34.1,89.0,14.3,75.3,99.5,377.5,3454.0,1.4000000000000001,47.0,15.0,7.0200000000000005,35.96,28.95,0.0,376.5,1200.0
141901.754,55501.754,140.0,100.2,24.39,15.99,181.5,35.300000000000004,149.9,28.86,34.94,34.2,85.0,14.200000000000001,75.8,99.80000000000001,373.5,3450.0,1.34,47.050000000000004,15.01,7.03,36.0,29.0,0.0,377.5,1200.0
141961.754,55561.754,140.0,102.2,24.38,15.97,182.5,35.2,149.0,28.89,35.01,34.1,89.5,14.25,74.4,99.9,378.0,3449.0,1.46,47.1,15.09,6.98,35.99,29.080000000000002,0.0,377.0,1200.0
142021.754,55621.754,140.0,103.10000000000001,24.310000000000002,16.02,180.0,35.25,149.4,28.86,34.94,34.050000000000004,88.0,14.25,74.9,100.0,374.0,3449.0,1.41,46.95,14.97,7.01,35.95,28.97,0.0,374.5,1200.0
142081.754,55681.754,140.0,102.0,24.29,15.99,181.5,35.2,149.3,28.77,34.93,34.1,90.0,14.3,75.0,100.0,377.5,3449.0,1.41,47.1,15.05,7.01,35.99,28.93,0.0,374.5,1200.0
142141.753,55741.753,140.0,100.9,24.27,15.96,182.5,35.25,149.0,28.73,34.94,34.050000000000004,90.5,14.0,75.2,99.80000000000001,375.5,3453.0,1.35,47.1,15.02,7.01,35.95,29.05,0.0,376.0,1200.0
142201.753,55801.753,140.0,101.80000000000001,24.330000000000002,15.94,182.5,35.050000000000004,148.4,28.900000000000002,35.03,34.1,85.5,14.4,75.0,100.0,379.5,3447.0,1.35,47.150000000000006,15.01,7.03,35.910000000000004,28.95,0.0,374.0,1200.0
142261.753,55861.753,140.0,100.5,24.32,15.950000000000001,182.5,35.25,149.5,28.87,35.11,34.15,88.5,14.15,75.4,100.0,373.0,3450.0,1.34,47.150000000000006,15.040000000000001,6.98,35.95,29.01,1.0,381.0,1200.0
142321.753,55921.753,140.0,101.30000000000001,24.37,16.01,180.0,35.25,148.5,28.85,35.07,34.050000000000004,88.5,14.3,75.2,100.0,372.5,3452.0,1.43,47.1,14.97,6.99,35.980000000000004,28.85,1.0,377.5,1200.0
142381.753,55981.753,140.0,102.80000000000001,24.32,15.97,181.0,35.15,149.5,28.85,35.11,34.2,87.5,14.200000000000001,75.3,100.0,374.0,3453.0,1.43,47.050000000000004,14.96,6.96,36.03,29.02,0.0,377.0,1200.0
142441.753,56041.753,140.0,100.7,24.32,15.98,182.0,35.15,148.0,28.82,35.0,34.1,87.5,14.100000000000001,74.8,100.0,379.0,3451.0,1.57,47.1,15.0,6.99,35.980000000000004,28.94,2.0,373.0,1200.0
142501.753,56101.753,140.0,104.0,24.35,16.06,181.5,35.25,149.9,28.82,35.03,34.050000000000004,88.5,14.25,75.0,100.0,379.0,3454.0,1.41,47.150000000000006,15.01,7.01,35.96,29.080000000000002,0.0,372.0,1200.0
142561.753,56161.753,140.0,102.4,24.400000000000002,15.91,181.5,35.300000000000004,149.0,28.900000000000002,35.050000000000004,34.1,87.0,14.200000000000001,75.3,99.9,379.5,3453.0,1.3,47.35,15.08,7.01,36.03,28.95,2.0,378.0,1200.0
142621.753,56221.753,140.0,101.60000000000001,24.37,16.02,182.5,35.2,147.8,28.82,35.04,33.95,87.5,14.200000000000001,75.60000000000001,99.60000000000001,373.5,3454.0,1.23,47.2,15.05,7.01,36.0,29.02,0.0,374.5,1200.0
142681.753,56281.753,140.0,102.9,24.35,16.0,180.0,35.45,149.6,28.77,35.04,33.9,86.5,14.25,75.10000000000001,100.0,379.0,3456.0,1.37,47.300000000000004,15.08,7.05,35.96,28.97,0.0,377.0,1200.0
142741.753,56341.753,140.0,103.10000000000001,24.38,16.01,181.0,35.25,148.0,28.94,35.02,34.050000000000004,87.5,14.100000000000001,75.4,99.4,380.5,3457.0,1.43,47.150000000000006,15.040000000000001,6.91,35.99,28.990000000000002,0.0,379.0,1200.0
142801.753,56401.753,140.0,101.7,24.330000000000002,15.96,183.0,35.35,148.0,28.86,35.04,34.0,89.0,14.25,75.60000000000001,99.7,378.0,3454.0,1.3900000000000001,47.150000000000006,14.98,7.0200000000000005,36.1,29.04,2.0,378.5,1200.0
142861.753,56461.753,140.0,102.9,24.35,16.0,182.5,35.35,150.4,28.78,35.06,34.1,87.0,14.15,75.10000000000001,100.0,376.5,3458.0,1.43,47.2,14.88,7.01,36.03,29.0,1.0,377.5,1200.0
142921.753,56521.753,140.0,102.9,24.41,15.96,184.5,35.2,147.6,28.85,35.07,34.2,87.0,14.15,74.4,99.5,373.5,3461.0,1.44,47.150000000000006,14.99,6.98,36.06,28.900000000000002,0.0,380.5,1200.0
142981.753,56581.753,140.0,101.5,24.43,15.99,181.5,35.25,149.1,28.82,35.07,34.0,86.5,14.3,75.5,99.9,376.0,3454.0,1.17,47.35,14.98,7.04,36.08,28.96,0.0,380.0,1200.0
143041.753,56641.753,140.0,101.2,24.42,16.03,182.0,35.300000000000004,149.70000000000002,28.810000000000002,35.08,34.15,86.0,14.100000000000001,75.5,99.80000000000001,376.5,3462.0,1.3900000000000001,47.35,14.98,7.03,36.01,28.95,2.0,374.5,1200.0
143101.753,56701.753,140.0,101.5,24.35,15.96,181.0,35.2,147.8,28.830000000000002,35.050000000000004,34.1,88.0,14.15,74.9,100.0,379.0,3456.0,1.42,47.2,15.040000000000001,6.97,36.08,29.03,1.0,374.5,1200.0
143161.753,56761.753,140.0,102.10000000000001,24.28,16.0,182.5,35.25,150.4,28.92,35.06,34.2,87.5,14.200000000000001,75.3,99.9,379.5,3451.0,1.3900000000000001,47.400000000000006,14.97,7.0200000000000005,36.050000000000004,29.01,1.0,374.0,1200.0
143221.753,56821.753,140.0,103.9,24.330000000000002,15.97,182.0,35.4,151.1,28.93,35.08,34.15,86.0,14.15,74.60000000000001,100.0,373.5,3456.0,1.47,47.300000000000004,15.06,7.04,35.97,29.03,0.0,380.0,1200.0
143281.753,56881.753,140.0,102.80000000000001,24.41,15.99,184.0,35.2,148.20000000000002,28.900000000000002,35.1,34.15,88.5,14.100000000000001,75.2,100.0,379.5,3449.0,1.46,47.35,15.02,7.0,35.980000000000004,28.94,0.0,377.0,1200.0
143341.753,56941.753,140.0,102.10000000000001,24.42,16.01,184.0,35.2,149.0,28.91,35.11,34.0,88.5,14.15,75.10000000000001,100.0,376.0,3449.0,1.4000000000000001,47.2,15.08,6.96,35.99,28.96,1.0,373.5,1200.0
143401.753,57001.753,140.0,101.5,24.36,16.03,181.5,35.2,149.5,28.88,35.08,34.25,85.5,14.100000000000001,75.3,99.7,378.5,3451.0,1.33,47.150000000000006,14.97,6.96,35.87,28.98,0.0,379.5,1200.0
143461.753,57061.753,140.0,102.80000000000001,24.32,16.07,181.0,35.25,149.70000000000002,28.830000000000002,35.15,34.1,86.0,14.100000000000001,75.10000000000001,100.0,378.5,3458.0,1.47,47.2,15.030000000000001,6.98,36.03,28.95,3.0,376.0,1200.0
143521.753,57121.753,140.0,101.10000000000001,24.34,15.99,181.5,35.300000000000004,149.70000000000002,28.86,35.08,34.0,89.0,14.350000000000001,75.2,100.0,378.0,3454.0,1.28,47.300000000000004,14.94,7.03,36.02,28.990000000000002,0.0,373.0,1200.0
143581.753,57181.753,140.0,102.4,24.35,15.94,183.0,35.35,147.4,28.75,34.980000000000004,34.2,86.5,14.100000000000001,75.0,100.0,374.5,3449.0,1.35,47.2,15.02,7.07,35.97,28.93,0.0,380.0,1200.0
143641.753,57241.753,140.0,101.80000000000001,24.34,15.98,183.5,35.25,149.20000000000002,28.82,35.09,34.1,88.5,14.15,74.9,100.0,383.0,3449.0,1.31,47.150000000000006,14.950000000000001,6.97,35.980000000000004,29.060000000000002,0.0,376.0,1200.0
143701.753,57301.753,140.0,102.4,24.310000000000002,15.950000000000001,182.0,35.25,149.70000000000002,28.88,35.04,34.050000000000004,88.0,14.200000000000001,75.10000000000001,100.0,373.5,3454.0,1.45,47.2,14.98,7.03,36.03,29.0,0.0,374.0,1200.0
143761.752,57361.752,140.0,100.30000000000001,24.35,15.96,182.0,35.300000000000004,149.70000000000002,28.87,35.07,34.15,88.0,14.200000000000001,74.7,100.0,374.5,3449.0,1.21,47.150000000000006,14.94,6.96,35.9,28.990000000000002,2.0,376.0,1200.0
143821.752,57421.752,140.0,101.60000000000001,24.3,15.99,181.5,35.300000000000004,150.9,28.95,35.06,34.15,88.0,14.15,75.0,99.60000000000001,380.5,3452.0,1.28,47.25,14.99,7.01,36.04,29.04,0.0,378.0,1200.0
143881.752,57481.752,140.0,101.7,24.35,16.01,180.5,35.2,148.20000000000002,28.96,35.02,34.15,87.5,14.15,75.2,99.80000000000001,380.5,3455.0,1.43,47.2,15.0,6.99,35.99,29.09,0.0,380.5,1200.0
143941.752,57541.752,140.0,102.2,24.32,15.98,181.0,35.300000000000004,149.4,28.82,35.06,34.1,86.5,14.3,74.9,100.0,372.5,3446.0,1.34,47.1,15.01,7.04,36.04,28.95,0.0,370.5,1200.0
144001.752,57601.752,140.0,101.80000000000001,24.310000000000002,15.97,184.0,35.35,149.1,28.810000000000002,35.11,34.0,88.0,14.200000000000001,74.8,99.60000000000001,374.5,3444.0,1.48,47.050000000000004,15.030000000000001,6.94,35.9,28.95,0.0,372.0,1200.0
144061.752,57661.752,140.0,101.5,24.310000000000002,15.96,183.5,35.2,150.0,28.88,35.12,34.300000000000004,85.5,14.15,74.5,99.9,376.0,3450.0,1.16,47.0,15.02,6.98,35.87,29.09,2.0,373.0,1200.0
144121.752,57721.752,140.0,102.2,24.38,15.950000000000001,181.0,35.2,148.0,28.89,35.03,34.050000000000004,86.0,14.0,74.9,99.9,375.0,3453.0,1.3900000000000001,47.2,15.0,6.98,36.03,28.97,1.0,376.5,1200.0
144181.752,57781.752,140.0,102.80000000000001,24.23,16.03,182.0,35.2,148.5,28.84,35.1,34.1,88.0,14.100000000000001,74.8,100.0,375.5,3443.0,1.42,47.25,15.02,7.0600000000000005,36.03,29.1,0.0,372.5,1200.0
144241.752,57841.752,140.0,100.10000000000001,24.41,15.97,180.5,35.300000000000004,148.0,28.87,35.02,34.15,89.5,14.15,74.8,100.0,374.5,3452.0,1.3,47.050000000000004,14.98,7.01,35.95,28.98,0.0,374.5,1200.0
144301.752,57901.752,140.0,101.4,24.39,16.02,182.5,35.25,147.70000000000002,28.88,35.050000000000004,34.25,89.5,14.350000000000001,74.9,99.80000000000001,380.0,3458.0,1.3900000000000001,47.150000000000006,15.030000000000001,7.0,36.08,29.09,0.0,377.0,1200.0
144361.752,57961.752,140.0,101.0,24.310000000000002,16.05,184.0,35.15,149.5,28.89,34.980000000000004,34.050000000000004,86.0,14.15,74.9,99.60000000000001,375.5,3448.0,1.37,47.2,14.9,6.99,36.1,28.95,1.0,381.0,1200.0
144421.752,58021.752,140.0,102.30000000000001,24.330000000000002,16.03,183.5,35.2,150.3,28.810000000000002,35.11,34.1,87.0,14.3,75.0,100.0,376.0,3454.0,1.44,47.150000000000006,15.0,7.0,35.96,29.04,0.0,375.5,1200.0
144481.752,58081.752,140.0,103.10000000000001,24.3,16.05,180.5,35.35,148.8,28.92,35.07,34.1,86.5,14.100000000000001,75.0,100.0,375.5,3457.0,1.45,47.150000000000006,14.99,6.98,35.95,28.93,1.0,377.5,1200.0
144541.752,58141.752,140.0,102.5,24.3,16.01,181.0,35.300000000000004,150.8,28.87,35.04,34.15,87.0,14.25,75.7,100.0,377.0,3456.0,1.44,47.2,15.040000000000001,6.93,36.050000000000004,28.900000000000002,1.0,373.5,1200.0
144601.752,58201.752,140.0,102.7,24.35,15.99,182.5,35.25,149.1,28.86,35.08,34.050000000000004,88.0,14.100000000000001,75.0,100.0,377.0,3456.0,1.42,47.2,15.01,7.0200000000000005,36.01,28.95,1.0,373.5,1200.0
144661.752,58261.752,140.0,103.0,24.38,16.02,181.5,35.15,149.4,28.78,35.08,34.2,87.0,14.200000000000001,75.3,100.0,375.5,3454.0,1.4000000000000001,47.400000000000006,15.09,7.0200000000000005,36.02,28.990000000000002,1.0,378.5,1200.0
144721.752,58321.752,140.0,102.2,24.330000000000002,15.950000000000001,182.0,35.300000000000004,149.5,28.75,35.06,34.1,87.5,14.15,74.8,100.0,377.0,3461.0,1.33,47.2,14.93,6.96,35.980000000000004,28.95,1.0,376.5,1200.0
144781.752,58381.752,140.0,103.0,24.39,16.01,181.5,35.300000000000004,148.70000000000002,28.86,35.04,34.1,87.0,14.100000000000001,75.60000000000001,99.5,381.0,3461.0,1.36,47.300000000000004,14.97,6.99,36.02,28.96,0.0,374.5,1200.0
144841.752,58441.752,140.0,102.60000000000001,24.36,15.99,182.5,35.25,147.0,28.89,35.04,34.0,87.5,14.15,74.9,99.9,375.0,3461.0,1.58,47.45,14.99,6.99,36.1,29.03,2.0,380.5,1200.0
144901.752,58501.752,140.0,101.80000000000001,24.330000000000002,15.99,183.0,35.2,149.1,28.91,35.08,34.15,86.5,14.25,74.7,99.80000000000001,377.5,3466.0,1.31,47.150000000000006,14.950000000000001,7.07,35.95,28.96,2.0,381.0,1200.0
144961.752,58561.752,140.0,102.10000000000001,24.36,16.01,182.5,35.300000000000004,149.3,28.88,35.09,34.1,86.5,14.15,75.3,100.0,377.0,3453.0,1.52,47.35,15.01,7.0,36.04,29.0,0.0,379.5,1200.0
145021.752,58621.752,140.0,103.0,24.37,15.98,181.5,35.35,148.20000000000002,28.79,35.13,34.050000000000004,86.5,14.15,75.5,99.4,378.0,3459.0,1.34,47.25,14.97,6.97,35.99,28.96,0.0,376.0,1200.0
145081.752,58681.752,140.0,101.4,24.35,15.950000000000001,180.5,35.4,147.5,28.89,35.0,34.0,88.5,14.200000000000001,75.0,99.80000000000001,377.5,3460.0,1.3800000000000001,47.35,15.02,7.01,35.92,28.94,0.0,377.0,1200.0
145141.752,58741.752,140.0,101.5,24.29,15.89,183.5,35.300000000000004,148.70000000000002,28.79,35.08,34.0,85.5,14.15,75.4,99.9,379.0,3460.0,1.47,47.400000000000006,15.01,6.97,35.95,28.900000000000002,5.0,378.5,1200.0
145201.752,58801.752,140.0,101.2,24.28,16.080000000000002,180.0,35.2,148.6,28.86,35.11,34.050000000000004,88.5,14.25,75.7,100.0,376.5,3459.0,1.35,47.2,14.89,7.01,35.99,28.990000000000002,0.0,376.5,1200.0
145261.752,58861.752,140.0,101.9,24.37,15.97,182.5,35.300000000000004,149.20000000000002,28.900000000000002,35.07,34.0,86.5,14.3,75.10000000000001,100.0,377.0,3459.0,1.23,47.25,14.99,6.97,35.980000000000004,29.1,0.0,379.5,1200.0
145321.752,58921.752,140.0,100.5,24.35,16.04,182.5,35.35,147.0,28.88,35.1,34.2,86.5,14.3,75.2,99.30000000000001,379.5,3470.0,1.29,47.25,14.950000000000001,6.99,35.97,29.060000000000002,0.0,379.0,1200.0
145381.752,58981.752,140.0,101.2,24.38,16.07,180.5,35.35,149.5,28.86,35.1,34.050000000000004,88.5,14.25,75.0,100.0,375.0,3469.0,1.42,47.35,15.0,7.0600000000000005,36.04,29.05,2.0,380.5,1200.0
145441.752,59041.752,140.0,102.5,24.47,15.94,182.5,35.35,149.1,28.93,35.09,34.25,89.5,14.350000000000001,74.7,99.9,380.5,3465.0,1.3800000000000001,47.35,15.02,7.05,35.97,29.02,0.0,381.5,1200.0
145501.751,59101.751,140.0,99.0,24.41,16.080000000000002,184.0,35.35,147.1,28.86,35.17,34.050000000000004,88.0,14.200000000000001,75.7,100.0,375.0,3467.0,1.43,47.45,15.030000000000001,7.0,36.03,28.900000000000002,0.0,375.0,1200.0
145561.751,59161.751,140.0,102.30000000000001,24.37,15.94,181.5,35.300000000000004,150.5,28.900000000000002,35.09,34.25,88.0,14.15,75.3,99.80000000000001,379.0,3471.0,1.56,47.400000000000006,15.02,7.01,35.980000000000004,28.98,0.0,385.5,1200.0
145621.751,59221.751,140.0,101.9,24.37,16.01,184.0,35.35,147.9,28.990000000000002,35.19,34.1,89.5,14.100000000000001,75.4,100.0,379.0,3472.0,1.4000000000000001,47.6,15.01,7.05,35.92,29.03,1.0,377.5,1200.0
145681.751,59281.751,140.0,102.30000000000001,24.490000000000002,16.05,182.5,35.35,147.8,28.92,35.2,34.2,87.0,14.200000000000001,75.4,99.10000000000001,381.5,3473.0,1.52,47.400000000000006,14.98,7.03,36.03,28.97,0.0,379.5,1200.0
145741.751,59341.751,140.0,101.4,24.38,16.05,182.5,35.300000000000004,149.8,28.91,35.1,34.2,88.0,14.15,75.9,100.0,384.5,3475.0,1.49,47.6,14.98,7.05,36.08,28.94,0.0,384.0,1200.0
145801.751,59401.751,140.0,101.9,24.38,16.080000000000002,182.5,35.35,149.20000000000002,28.830000000000002,35.230000000000004,34.050000000000004,87.0,14.15,75.0,100.0,385.0,3473.0,1.35,47.45,14.96,7.0,35.96,28.95,1.0,381.0,1200.0
145861.751,59461.751,140.0,101.0,24.400000000000002,16.0,182.0,35.5,149.6,29.03,35.21,34.2,88.0,14.05,75.5,99.9,382.0,3474.0,1.37,47.550000000000004,15.040000000000001,6.97,35.980000000000004,29.02,0.0,382.0,1200.0
145921.751,59521.751,140.0,102.7,24.400000000000002,16.03,185.5,35.4,148.1,28.900000000000002,35.19,33.95,87.0,14.200000000000001,75.5,99.9,383.5,3469.0,1.6500000000000001,47.45,15.030000000000001,7.05,36.06,29.02,0.0,382.5,1200.0
145981.751,59581.751,140.0,102.80000000000001,24.43,16.03,184.5,35.6,149.1,29.01,35.21,34.2,87.5,14.15,75.3,100.0,385.5,3477.0,1.42,47.650000000000006,15.0,7.01,36.01,28.990000000000002,0.0,382.0,1200.0
146041.751,59641.751,140.0,102.2,24.41,16.01,185.5,35.4,148.1,28.900000000000002,35.31,34.15,89.5,14.100000000000001,75.5,100.0,380.5,3478.0,1.61,47.6,14.950000000000001,7.0,35.97,29.02,0.0,384.0,1200.0
146101.751,59701.751,140.0,101.2,24.45,15.97,183.5,35.300000000000004,149.20000000000002,28.96,35.18,34.050000000000004,88.5,14.100000000000001,75.2,100.0,376.5,3476.0,1.48,47.6,14.94,6.99,36.01,28.93,0.0,384.5,1200.0
146161.751,59761.751,140.0,102.10000000000001,24.34,16.01,183.5,35.35,149.3,28.85,35.24,34.0,86.0,14.200000000000001,75.4,100.0,380.0,3478.0,1.3800000000000001,47.7,15.07,7.01,36.13,28.98,0.0,380.5,1200.0
146221.751,59821.751,140.0,101.5,24.42,16.02,183.5,35.4,149.9,28.93,35.230000000000004,34.15,90.0,14.15,75.60000000000001,99.60000000000001,380.5,3482.0,1.53,47.650000000000006,15.05,7.03,35.99,29.01,1.0,378.5,1200.0
146281.751,59881.751,140.0,103.60000000000001,24.42,16.05,182.0,35.4,148.1,28.830000000000002,35.14,34.2,85.0,14.25,75.7,99.7,384.0,3480.0,1.48,47.6,14.99,7.05,35.99,28.96,3.0,386.0,1200.0
146341.751,59941.751,140.0,102.0,24.41,16.03,182.5,35.5,149.9,28.91,35.06,34.25,87.5,14.3,75.4,100.0,379.5,3476.0,1.37,47.800000000000004,14.97,7.03,35.910000000000004,28.97,1.0,384.5,1200.0
146401.751,60001.751,140.0,100.9,24.3,15.89,184.5,35.25,149.0,28.94,35.11,34.15,86.0,14.15,75.5,99.80000000000001,385.0,3478.0,1.35,47.6,15.0,7.01,35.99,28.96,0.0,384.0,1200.0
146461.751,60061.751,140.0,102.80000000000001,24.44,15.97,183.5,35.45,148.8,28.900000000000002,35.230000000000004,34.15,86.5,14.200000000000001,75.60000000000001,99.80000000000001,385.5,3482.0,1.49,47.800000000000004,15.01,6.99,35.95,28.990000000000002,0.0,387.5,1200.0
146521.751,60121.751,140.0,101.30000000000001,24.46,15.950000000000001,182.5,35.35,149.70000000000002,28.900000000000002,35.21,34.25,88.0,14.15,75.9,100.0,381.5,3474.0,1.5,47.800000000000004,14.94,7.0,36.1,28.990000000000002,2.0,383.0,1200.0
146581.751,60181.751,140.0,101.60000000000001,24.48,15.96,181.5,35.5,148.5,28.900000000000002,35.160000000000004,34.300000000000004,89.0,14.100000000000001,75.2,100.0,386.0,3479.0,1.43,47.800000000000004,14.950000000000001,7.07,35.93,28.990000000000002,0.0,383.5,1200.0
146641.751,60241.751,140.0,102.0,24.35,15.99,184.0,35.300000000000004,147.8,28.95,35.22,34.2,86.5,14.15,75.2,99.30000000000001,381.5,3477.0,1.3,47.650000000000006,14.96,7.0200000000000005,35.92,29.01,0.0,380.0,1200.0
146701.751,60301.751,140.0,101.10000000000001,24.46,15.99,182.5,35.4,149.6,28.93,35.24,34.25,87.5,14.200000000000001,75.8,99.80000000000001,381.0,3473.0,1.52,47.6,15.05,6.93,36.04,29.07,0.0,376.0,1200.0
146761.751,60361.751,140.0,102.5,24.39,16.05,181.5,35.45,149.4,28.97,35.26,34.25,88.0,14.25,75.5,99.5,378.5,3474.0,1.44,47.75,14.98,7.0,35.93,29.03,0.0,379.0,1200.0
146821.751,60421.751,140.0,100.60000000000001,24.39,15.950000000000001,183.5,35.35,146.6,28.91,35.27,34.25,87.5,14.3,75.3,100.0,384.0,3475.0,1.42,47.800000000000004,15.0,7.04,35.97,28.95,0.0,379.0,1200.0
146881.751,60481.751,140.0,101.2,24.330000000000002,15.950000000000001,182.0,35.45,148.1,28.900000000000002,35.22,34.2,84.0,14.200000000000001,75.2,99.7,381.5,3473.0,1.3900000000000001,47.75,14.96,7.04,36.01,28.97,1.0,382.0,1200.0
146941.751,60541.751,140.0,102.5,24.32,15.96,181.5,35.45,149.5,28.95,35.18,34.300000000000004,84.5,14.3,75.3,100.0,382.5,3467.0,1.3900000000000001,47.650000000000006,14.99,7.0,36.03,29.060000000000002,0.0,381.0,1200.0
147001.751,60601.751,140.0,102.5,24.3,15.97,182.0,35.35,148.9,29.03,35.19,34.35,86.0,14.200000000000001,75.10000000000001,100.0,381.5,3471.0,1.3900000000000001,47.650000000000006,15.01,7.0200000000000005,35.910000000000004,28.990000000000002,2.0,378.0,1200.0
147061.751,60661.751,140.0,102.0,24.37,15.97,183.0,35.45,150.0,29.0,35.22,34.15,87.0,14.25,75.2,99.80000000000001,383.0,3471.0,1.4000000000000001,47.650000000000006,15.07,7.0600000000000005,35.99,29.0,0.0,380.0,1200.0
147121.751,60721.751,140.0,102.0,24.310000000000002,15.97,181.5,35.4,148.3,29.07,35.2,34.15,87.5,14.100000000000001,74.60000000000001,100.0,377.5,3467.0,1.45,47.6,15.0,7.0600000000000005,35.94,28.990000000000002,1.0,383.5,1200.0
147181.751,60781.751,140.0,100.2,24.34,15.97,183.0,35.4,148.5,28.990000000000002,35.19,34.300000000000004,89.0,14.05,74.9,100.0,381.0,3470.0,1.46,47.75,15.02,6.94,35.96,29.03,2.0,382.5,1200.0
147241.751,60841.751,140.0,102.9,24.41,15.97,184.0,35.4,146.5,28.93,35.2,34.2,87.5,14.100000000000001,74.8,100.0,380.5,3469.0,1.44,47.5,14.91,6.98,36.1,28.93,0.0,380.5,1200.0
147301.751,60901.751,140.0,100.80000000000001,24.38,16.04,183.0,35.5,148.20000000000002,28.87,35.17,34.2,87.0,14.15,74.9,99.9,378.0,3464.0,1.35,47.7,14.98,7.07,35.99,28.96,0.0,381.5,1200.0
147361.751,60961.751,140.0,101.9,24.35,16.03,182.5,35.25,149.1,28.900000000000002,35.24,34.2,86.0,14.15,75.0,99.9,382.0,3467.0,1.3,47.6,14.93,6.99,36.04,28.97,1.0,379.0,1200.0
147421.75,61021.75,140.0,100.5,24.35,15.92,182.0,35.45,149.0,28.89,35.14,34.25,87.5,14.25,75.10000000000001,99.30000000000001,380.0,3469.0,1.43,47.45,14.98,6.98,36.06,28.990000000000002,0.0,377.5,1200.0
147481.75,61081.75,140.0,103.30000000000001,24.43,16.02,182.0,35.4,149.8,28.92,35.14,34.2,86.0,14.05,75.2,100.0,385.0,3469.0,1.35,47.7,14.97,6.95,36.03,28.96,1.0,379.5,1200.0
147541.75,61141.75,140.0,101.60000000000001,24.41,15.98,182.0,35.35,149.70000000000002,28.89,35.17,34.2,86.5,14.200000000000001,75.5,100.0,380.0,3462.0,1.44,47.400000000000006,15.08,6.97,35.980000000000004,29.0,0.0,378.0,1200.0
147601.75,61201.75,140.0,102.0,24.37,16.05,183.0,35.4,149.70000000000002,28.96,35.31,34.15,86.0,14.05,75.3,99.9,381.0,3468.0,1.32,47.45,15.02,6.97,35.99,29.01,0.0,382.0,1200.0
147661.75,61261.75,140.0,102.80000000000001,24.39,16.0,183.5,35.25,149.9,28.85,35.17,34.1,88.5,14.4,74.9,100.0,378.5,3464.0,1.34,47.6,15.01,6.97,36.01,29.0,0.0,377.5,1200.0
147721.75,61321.75,140.0,102.7,24.43,15.97,181.0,35.35,149.4,28.89,35.13,34.35,88.5,14.350000000000001,75.10000000000001,100.0,379.5,3466.0,1.33,47.5,14.950000000000001,7.0600000000000005,36.050000000000004,29.12,0.0,379.5,1200.0
147781.75,61381.75,140.0,101.9,24.41,15.97,180.0,35.4,151.20000000000002,28.86,35.160000000000004,34.2,88.5,14.100000000000001,75.3,99.9,379.5,3465.0,1.4000000000000001,47.5,15.09,6.98,36.03,29.03,0.0,381.0,1200.0
147841.75,61441.75,140.0,103.10000000000001,24.36,16.01,185.0,35.4,148.3,28.94,35.13,34.1,89.5,14.0,74.9,100.0,379.0,3465.0,1.5,47.300000000000004,15.01,7.0,36.02,28.990000000000002,2.0,376.5,1200.0
147901.75,61501.75,140.0,101.9,24.400000000000002,15.96,183.5,35.2,147.70000000000002,28.92,35.15,34.1,86.5,14.100000000000001,74.60000000000001,100.0,378.0,3466.0,1.3800000000000001,47.550000000000004,15.05,7.0200000000000005,35.99,28.98,0.0,376.0,1200.0
147961.75,61561.75,140.0,103.0,24.35,15.98,182.5,35.45,150.3,28.89,35.14,34.1,89.5,14.15,75.7,99.9,383.0,3465.0,1.36,47.45,14.97,7.11,35.99,29.05,0.0,381.5,1200.0
148021.75,61621.75,140.0,100.9,24.39,16.05,184.0,35.25,149.1,28.86,35.14,34.15,89.5,14.15,75.2,100.0,380.0,3461.0,1.17,47.35,14.950000000000001,7.01,36.02,29.02,1.0,375.0,1200.0
148081.75,61681.75,140.0,103.4,24.32,16.0,182.5,35.25,148.0,28.95,35.17,34.1,88.0,14.3,75.3,100.0,376.5,3458.0,1.52,47.300000000000004,14.94,6.98,35.99,29.1,0.0,379.5,1200.0
148141.75,61741.75,140.0,102.4,24.28,16.0,180.0,35.300000000000004,147.8,28.86,35.11,34.2,88.0,14.200000000000001,74.8,100.0,376.0,3455.0,1.41,47.400000000000006,14.99,7.0600000000000005,36.0,29.05,0.0,374.0,1200.0
148201.75,61801.75,140.0,101.9,24.310000000000002,15.950000000000001,183.0,35.35,148.6,28.97,35.17,34.25,85.5,14.15,75.0,99.7,378.5,3459.0,1.4000000000000001,47.5,14.98,7.0200000000000005,36.050000000000004,28.94,0.0,376.0,1200.0
148261.75,61861.75,140.0,100.2,24.37,16.0,181.5,35.300000000000004,148.20000000000002,28.900000000000002,35.050000000000004,34.2,87.5,14.100000000000001,74.7,99.80000000000001,380.0,3454.0,1.41,47.400000000000006,14.97,7.07,35.96,28.98,1.0,375.5,1200.0
148321.75,61921.75,140.0,102.0,24.330000000000002,16.05,181.5,35.300000000000004,148.0,28.76,35.12,34.0,88.0,14.200000000000001,75.0,100.0,375.0,3454.0,1.4000000000000001,47.35,15.05,6.96,35.96,29.07,0.0,378.0,1200.0
148381.75,61981.75,140.0,100.7,24.310000000000002,15.94,183.5,35.300000000000004,149.20000000000002,28.97,35.08,34.050000000000004,89.0,14.0,75.10000000000001,100.0,376.0,3461.0,1.5,47.400000000000006,15.02,7.01,35.96,29.02,0.0,375.0,1200.0
148441.75,62041.75,140.0,102.4,24.35,16.02,182.0,35.35,148.5,28.86,35.1,34.1,87.0,14.25,75.10000000000001,99.9,377.5,3457.0,1.58,47.35,15.01,7.07,36.0,28.990000000000002,0.0,380.0,1200.0
148501.75,62101.75,140.0,101.0,24.37,16.04,183.0,35.300000000000004,149.0,28.990000000000002,35.09,34.15,88.0,14.3,75.4,100.0,379.0,3458.0,1.48,47.300000000000004,14.99,7.01,36.04,29.0,0.0,376.5,1200.0
148561.75,62161.75,140.0,101.4,24.34,16.03,182.0,35.35,148.70000000000002,28.96,35.17,34.2,89.0,14.100000000000001,75.0,100.0,379.5,3452.0,1.34,47.400000000000006,14.93,6.99,36.050000000000004,28.900000000000002,3.0,377.5,1200.0
148621.75,62221.75,140.0,102.30000000000001,24.34,15.98,185.0,35.4,149.3,28.89,35.2,34.2,87.5,14.200000000000001,74.8,100.0,373.5,3454.0,1.35,47.300000000000004,15.06,6.98,35.95,29.04,0.0,381.5,1200.0
148681.75,62281.75,140.0,101.5,24.310000000000002,16.0,182.5,35.45,149.6,28.88,35.04,34.2,87.0,14.200000000000001,75.0,100.0,375.5,3459.0,1.5,47.25,15.01,7.0200000000000005,35.980000000000004,29.0,0.0,379.5,1200.0
148741.75,62341.75,140.0,102.5,24.37,16.0,183.0,35.35,148.3,29.02,35.13,34.25,86.0,14.15,75.2,99.9,383.5,3459.0,1.32,47.400000000000006,14.96,7.04,36.06,28.94,0.0,378.0,1200.0
148801.75,62401.75,140.0,102.60000000000001,24.37,16.01,182.5,35.25,147.6,28.91,35.01,34.25,87.0,14.15,75.2,100.0,375.0,3458.0,1.3800000000000001,47.300000000000004,14.99,7.0200000000000005,36.04,28.94,1.0,382.0,1200.0
148861.75,62461.75,140.0,102.10000000000001,24.38,15.96,181.0,35.300000000000004,150.3,28.95,35.12,34.15,85.5,14.15,74.8,100.0,378.0,3456.0,1.26,47.300000000000004,15.0,6.92,36.03,29.03,0.0,380.5,1200.0
148921.75,62521.75,140.0,103.60000000000001,24.310000000000002,15.99,180.5,35.4,150.20000000000002,28.95,35.11,34.2,85.5,14.350000000000001,74.9,99.9,375.5,3463.0,1.42,47.35,14.93,7.05,36.0,28.95,0.0,380.5,1200.0
148981.75,62581.75,140.0,102.7,24.37,16.0,184.0,35.300000000000004,147.3,28.900000000000002,35.09,34.300000000000004,89.0,14.200000000000001,75.2,100.0,371.5,3459.0,1.54,47.25,14.92,7.08,36.04,29.060000000000002,1.0,380.5,1200.0
149041.75,62641.75,140.0,102.60000000000001,24.330000000000002,15.94,181.5,35.2,149.0,28.88,35.1,34.2,89.0,14.25,75.8,100.0,373.0,3461.0,1.43,47.300000000000004,15.040000000000001,7.0,35.94,29.0,1.0,379.0,1200.0
149101.75,62701.75,140.0,101.2,24.38,15.860000000000001,183.5,35.45,149.20000000000002,28.94,35.050000000000004,34.1,87.0,14.200000000000001,75.3,100.0,375.5,3460.0,1.3800000000000001,47.400000000000006,14.98,6.97,35.97,29.04,2.0,381.0,1200.0
149161.75,62761.75,140.0,101.60000000000001,24.34,15.94,181.5,35.25,148.6,28.92,35.12,34.1,86.0,14.200000000000001,75.3,99.80000000000001,376.5,3460.0,1.33,47.35,15.0,7.0,36.01,28.97,2.0,383.5,1200.0
149221.75,62821.75,140.0,102.9,24.29,16.04,182.5,35.35,150.0,28.98,35.09,34.2,88.5,14.4,75.4,99.9,379.5,3468.0,1.27,47.35,15.02,7.0,36.03,28.97,0.0,382.0,1200.0
149281.75,62881.75,140.0,101.5,24.34,15.97,181.0,35.25,149.5,28.87,35.08,34.15,88.0,14.200000000000001,74.9,99.80000000000001,378.5,3463.0,1.49,47.400000000000006,15.01,7.04,36.03,29.080000000000002,1.0,376.5,1200.0
149341.75,62941.75,140.0,102.0,24.32,16.0,182.5,35.25,148.20000000000002,28.88,35.15,34.15,86.0,14.100000000000001,75.2,99.80000000000001,374.0,3461.0,1.24,47.45,15.030000000000001,6.99,36.01,29.03,3.0,378.0,1200.0
149401.75,63001.75,140.0,102.4,24.35,15.94,182.5,35.45,150.6,28.87,35.06,34.2,88.0,14.100000000000001,75.5,100.0,381.5,3456.0,1.46,47.25,14.99,6.96,35.99,28.900000000000002,1.0,376.5,1200.0
149461.749,63061.749,140.0,103.10000000000001,24.37,16.01,183.0,35.300000000000004,148.8,28.91,35.050000000000004,34.050000000000004,87.0,14.3,75.3,99.9,376.0,3460.0,1.3900000000000001,47.35,14.96,7.03,35.980000000000004,28.96,1.0,377.5,1200.0
149521.749,63121.749,140.0,101.2,24.42,15.93,182.0,35.2,149.0,28.86,35.13,34.15,86.0,14.100000000000001,75.0,99.9,378.5,3454.0,1.35,47.400000000000006,14.98,6.94,35.97,28.96,1.0,372.5,1200.0
149581.749,63181.749,140.0,101.9,24.37,15.99,182.5,35.1,148.8,29.05,35.01,34.2,86.5,14.15,75.60000000000001,100.0,377.5,3460.0,1.51,47.35,15.09,6.92,36.09,28.990000000000002,0.0,378.0,1200.0
149641.749,63241.749,140.0,101.80000000000001,24.34,15.950000000000001,183.5,35.25,147.70000000000002,28.85,35.160000000000004,34.25,89.5,14.200000000000001,74.8,100.0,379.0,3458.0,1.4000000000000001,47.5,14.96,7.09,35.97,29.03,1.0,377.0,1200.0
149701.749,63301.749,140.0,101.60000000000001,24.400000000000002,16.0,182.5,35.2,150.0,28.85,35.13,34.050000000000004,86.5,14.15,75.3,99.9,375.0,3462.0,1.41,47.300000000000004,15.030000000000001,7.03,36.03,29.080000000000002,4.0,377.5,1200.0
149761.749,63361.749,140.0,102.10000000000001,24.38,16.0,182.5,35.2,150.70000000000002,28.89,35.09,34.1,86.5,14.25,75.10000000000001,100.0,377.0,3458.0,1.3800000000000001,47.300000000000004,14.97,6.98,36.08,29.02,1.0,375.5,1200.0
149821.749,63421.749,140.0,101.0,24.35,16.05,182.0,35.35,149.20000000000002,28.75,35.0,33.9,87.0,14.350000000000001,75.10000000000001,99.80000000000001,378.0,3454.0,1.42,47.300000000000004,14.98,6.98,35.980000000000004,29.0,2.0,375.0,1200.0
149881.749,63481.749,140.0,102.10000000000001,24.32,15.94,182.0,35.1,148.8,28.79,35.1,34.15,89.0,14.100000000000001,75.5,99.9,376.0,3453.0,1.41,47.300000000000004,15.01,6.99,35.94,28.96,0.0,377.0,1200.0
149941.749,63541.749,140.0,101.5,24.42,15.93,184.0,35.15,147.6,28.79,35.06,34.15,89.5,14.100000000000001,75.60000000000001,99.9,377.5,3451.0,1.36,47.35,15.0,7.01,35.97,29.04,0.0,378.5,1200.0
150001.749,63601.749,140.0,103.2,24.310000000000002,16.0,182.5,35.300000000000004,149.1,28.84,34.99,34.1,89.5,14.100000000000001,75.10000000000001,99.60000000000001,373.0,3450.0,1.36,47.2,14.92,6.98,35.980000000000004,28.92,0.0,375.5,1200.0
150061.749,63661.749,140.0,101.60000000000001,24.330000000000002,15.98,183.0,35.15,149.3,28.78,34.95,34.1,87.0,14.15,75.5,99.9,370.0,3454.0,1.09,47.1,14.96,7.04,35.910000000000004,28.900000000000002,0.0,371.0,1200.0
150121.749,63721.749,140.0,101.9,24.39,16.11,183.0,35.2,148.3,28.75,35.01,34.0,88.0,14.15,75.9,100.0,369.0,3453.0,1.35,47.2,14.950000000000001,6.99,36.0,28.990000000000002,2.0,372.5,1200.0
150181.749,63781.749,140.0,101.0,24.36,15.96,181.5,35.2,148.4,28.82,34.99,34.1,88.5,14.3,75.4,100.0,373.0,3450.0,1.47,47.1,14.97,7.0200000000000005,35.97,29.02,3.0,377.0,1200.0
150241.749,63841.749,140.0,102.9,24.37,16.0,182.0,35.2,150.1,28.79,35.0,34.050000000000004,87.5,14.25,75.3,99.9,378.0,3449.0,1.24,47.2,15.0,7.0,35.99,29.03,0.0,374.0,1200.0
150301.749,63901.749,140.0,102.9,24.36,16.0,184.5,35.2,149.20000000000002,28.740000000000002,35.03,34.0,89.0,14.350000000000001,75.0,100.0,374.5,3455.0,1.44,47.2,15.030000000000001,6.99,35.96,28.900000000000002,0.0,378.0,1200.0
150361.749,63961.749,140.0,102.30000000000001,24.41,16.05,183.0,35.2,148.8,28.75,35.04,34.15,87.0,14.100000000000001,75.3,100.0,375.0,3449.0,1.44,47.1,15.01,7.0200000000000005,35.88,29.09,0.0,372.5,1200.0
150421.749,64021.749,140.0,101.7,24.29,16.01,183.5,35.25,149.5,28.79,35.09,33.9,88.0,14.15,75.8,100.0,375.0,3449.0,1.35,47.2,14.93,7.01,36.01,29.04,0.0,373.5,1200.0
150481.749,64081.749,140.0,102.2,24.32,15.950000000000001,182.5,35.25,148.8,28.8,35.1,34.0,86.5,14.3,75.3,100.0,377.5,3458.0,1.3800000000000001,47.050000000000004,15.0,6.98,36.01,28.93,1.0,380.5,1200.0
150541.749,64141.749,140.0,101.2,24.400000000000002,15.99,180.0,35.300000000000004,149.0,28.76,34.95,34.0,86.5,14.3,75.3,100.0,378.0,3455.0,1.5,47.050000000000004,14.99,7.0200000000000005,35.93,28.96,0.0,380.0,1200.0
150601.749,64201.749,140.0,101.7,24.310000000000002,16.01,181.0,35.25,147.5,28.87,35.04,34.050000000000004,86.0,14.200000000000001,75.8,100.0,380.0,3454.0,1.24,47.2,15.0,7.05,35.99,29.04,0.0,373.0,1200.0
150661.749,64261.749,140.0,103.2,24.330000000000002,16.0,181.5,35.15,149.1,28.88,35.14,34.050000000000004,86.5,14.200000000000001,75.7,99.5,382.5,3452.0,1.22,47.050000000000004,14.950000000000001,7.0,36.0,28.94,1.0,375.0,1200.0
150721.749,64321.749,140.0,101.2,24.34,15.99,180.0,35.25,150.20000000000002,28.86,34.95,34.050000000000004,88.5,14.15,75.3,100.0,376.0,3458.0,1.5,47.25,15.02,7.0200000000000005,35.96,29.0,0.0,374.5,1200.0
150781.749,64381.749,140.0,100.60000000000001,24.39,15.94,182.0,35.15,147.0,28.830000000000002,34.94,34.1,87.5,14.15,75.3,99.80000000000001,370.0,3455.0,1.28,47.35,14.99,7.05,36.03,29.02,0.0,380.5,1200.0
150841.749,64441.749,140.0,100.60000000000001,24.36,16.02,182.5,35.35,148.9,28.810000000000002,35.02,34.1,87.0,14.15,74.9,99.7,374.5,3452.0,1.36,47.050000000000004,14.96,7.0200000000000005,35.93,28.990000000000002,1.0,377.5,1200.0
150901.749,64501.749,140.0,101.9,24.310000000000002,16.02,183.0,35.1,150.1,28.740000000000002,34.97,33.9,87.0,14.15,75.5,100.0,372.5,3443.0,1.26,47.2,15.05,6.96,35.980000000000004,28.95,0.0,377.0,1200.0
150961.749,64561.749,140.0,101.2,24.37,15.950000000000001,182.0,35.15,150.3,28.88,35.0,34.050000000000004,86.5,14.200000000000001,75.7,100.0,377.5,3451.0,1.52,47.150000000000006,14.950000000000001,7.0200000000000005,36.02,29.01,0.0,375.5,1200.0
151021.749,64621.749,140.0,100.5,24.32,15.99,182.5,35.15,148.70000000000002,28.79,34.99,34.1,86.5,14.15,75.2,99.60000000000001,375.5,3447.0,1.32,47.300000000000004,14.99,7.03,35.96,29.0,0.0,373.0,1200.0
151081.749,64681.749,140.0,101.7,24.28,15.99,184.0,35.35,148.3,28.8,34.99,33.95,87.5,14.200000000000001,75.3,99.60000000000001,373.5,3454.0,1.44,47.25,15.11,7.01,35.96,29.0,0.0,375.5,1200.0
151141.749,64741.749,140.0,102.0,24.25,15.98,178.5,35.25,151.3,28.75,35.04,34.1,91.0,14.3,74.8,100.0,375.0,3443.0,1.42,47.1,15.0,6.99,36.06,29.04,0.0,372.0,1200.0
151201.749,64801.749,140.0,102.5,24.28,15.98,181.5,35.2,149.1,28.84,35.02,34.15,87.5,14.100000000000001,75.10000000000001,99.60000000000001,373.0,3441.0,1.57,46.95,14.98,7.05,36.04,29.01,2.0,375.5,1200.0
151261.749,64861.749,140.0,102.9,24.310000000000002,16.02,177.5,35.25,149.4,28.79,35.0,34.15,86.0,14.100000000000001,74.7,100.0,371.0,3445.0,1.57,47.1,15.05,6.98,36.0,29.0,0.0,373.0,1200.0
151321.749,64921.749,140.0,102.0,24.21,15.97,182.5,35.25,148.1,28.8,34.99,34.1,88.0,14.05,75.0,100.0,373.5,3441.0,1.22,47.050000000000004,14.97,6.96,35.92,28.990000000000002,0.0,374.5,1200.0
151381.749,64981.749,140.0,102.7,24.28,16.0,184.0,35.2,148.1,28.740000000000002,34.95,34.0,88.0,14.25,74.8,99.7,373.0,3442.0,1.47,47.050000000000004,15.01,7.0,36.050000000000004,29.03,0.0,375.5,1200.0
151441.749,65041.749,140.0,101.80000000000001,24.25,16.03,180.5,35.2,150.3,28.69,34.95,33.95,86.5,14.25,75.10000000000001,99.80000000000001,375.5,3438.0,1.37,47.0,14.99,6.96,35.980000000000004,29.02,0.0,369.5,1200.0
151501.749,65101.749,140.0,101.10000000000001,24.240000000000002,15.97,182.0,35.0,147.0,28.8,34.89,34.050000000000004,86.5,14.200000000000001,75.2,99.80000000000001,377.0,3439.0,1.45,47.050000000000004,14.950000000000001,6.99,36.050000000000004,29.09,0.0,373.5,1200.0
151561.749,65161.749,140.0,101.9,24.3,15.98,181.5,35.15,149.0,28.79,34.92,33.95,88.0,14.200000000000001,74.4,100.0,375.0,3442.0,1.46,47.050000000000004,15.030000000000001,6.97,36.07,28.95,0.0,375.5,1200.0
151621.749,65221.749,140.0,103.10000000000001,24.35,16.06,183.0,35.1,146.4,28.72,34.910000000000004,34.0,89.0,14.25,74.9,100.0,373.5,3445.0,1.46,46.95,14.950000000000001,7.0200000000000005,35.980000000000004,29.060000000000002,0.0,374.0,1200.0
151681.748,65281.748,140.0,100.80000000000001,24.41,16.01,182.5,35.25,150.0,28.73,34.980000000000004,34.1,87.0,14.100000000000001,74.8,100.0,375.5,3447.0,1.49,47.150000000000006,15.06,7.0,35.96,28.900000000000002,0.0,374.0,1200.0
151741.748,65341.748,140.0,102.10000000000001,24.330000000000002,15.950000000000001,182.5,35.2,149.4,28.8,35.04,34.050000000000004,87.5,14.200000000000001,75.2,100.0,377.0,3447.0,1.48,46.900000000000006,15.06,7.07,35.99,28.95,0.0,370.5,1200.0
151801.748,65401.748,140.0,102.2,24.38,15.93,183.5,35.2,147.9,28.810000000000002,35.0,34.0,86.0,14.200000000000001,74.9,100.0,376.0,3441.0,1.33,46.95,15.02,6.88,35.94,28.98,0.0,370.0,1200.0
151861.748,65461.748,140.0,102.80000000000001,24.23,16.02,181.0,35.1,148.9,28.77,34.96,33.95,86.0,14.100000000000001,74.8,100.0,375.5,3446.0,1.32,47.0,14.94,7.0,36.04,29.05,1.0,375.5,1200.0
151921.748,65521.748,140.0,103.4,24.330000000000002,16.05,183.0,35.15,148.6,28.76,34.97,34.0,87.5,14.25,75.3,99.9,372.5,3438.0,1.46,46.75,14.99,6.99,36.0,29.02,1.0,367.5,1200.0
151981.748,65581.748,140.0,102.0,24.36,15.98,183.0,35.300000000000004,148.6,28.82,34.92,34.1,88.0,14.15,75.4,100.0,375.0,3439.0,1.27,46.85,14.96,7.07,35.9,28.990000000000002,2.0,376.5,1200.0
152041.748,65641.748,140.0,100.9,24.37,15.98,180.5,35.0,148.4,28.69,34.89,34.050000000000004,88.0,14.3,75.10000000000001,100.0,373.5,3438.0,1.53,46.95,14.94,6.99,36.06,28.98,0.0,371.5,1200.0
152101.748,65701.748,140.0,102.10000000000001,24.32,15.99,182.0,35.1,149.9,28.7,34.95,33.9,87.5,14.200000000000001,75.0,99.80000000000001,373.0,3440.0,1.3800000000000001,46.95,15.030000000000001,6.97,36.050000000000004,29.09,0.0,379.5,1200.0
152161.748,65761.748,140.0,101.7,24.310000000000002,16.05,181.5,35.15,149.20000000000002,28.810000000000002,34.9,34.0,88.5,14.200000000000001,75.0,99.80000000000001,373.5,3448.0,1.54,46.85,15.030000000000001,7.0600000000000005,36.01,29.04,0.0,374.5,1200.0
152221.748,65821.748,140.0,102.10000000000001,24.29,15.96,183.0,35.1,150.20000000000002,28.79,34.980000000000004,33.95,86.5,14.15,75.2,99.5,371.5,3444.0,1.55,46.900000000000006,15.040000000000001,6.97,35.95,28.990000000000002,2.0,373.0,1200.0
152281.748,65881.748,140.0,100.4,24.310000000000002,15.94,182.0,35.25,147.6,28.7,34.94,34.0,88.0,14.05,75.0,100.0,373.5,3437.0,1.36,46.900000000000006,14.97,7.0200000000000005,35.980000000000004,28.96,0.0,371.0,1200.0
152341.748,65941.748,140.0,102.30000000000001,24.28,16.0,182.5,35.050000000000004,147.20000000000002,28.78,34.94,34.0,87.0,14.25,75.3,100.0,373.5,3442.0,1.41,46.900000000000006,14.99,6.98,35.92,29.04,2.0,375.5,1200.0
152401.748,66001.748,140.0,102.4,24.330000000000002,15.97,180.0,35.15,148.1,28.650000000000002,34.89,33.95,88.5,14.25,75.10000000000001,100.0,374.5,3439.0,1.45,46.85,14.97,7.04,35.93,29.03,0.0,370.5,1200.0
152461.748,66061.748,140.0,101.60000000000001,24.36,15.97,181.0,35.15,149.5,28.78,34.910000000000004,33.9,87.5,14.15,75.3,99.9,368.0,3446.0,1.46,47.050000000000004,14.93,6.96,35.95,28.97,0.0,373.0,1200.0
152521.748,66121.748,140.0,101.9,24.310000000000002,15.99,182.0,35.300000000000004,148.1,28.68,35.06,33.85,87.0,14.05,75.4,100.0,372.5,3438.0,1.44,47.0,14.96,7.05,35.97,28.990000000000002,0.0,372.5,1200.0
152581.748,66181.748,140.0,102.60000000000001,24.310000000000002,15.99,179.5,35.2,148.9,28.77,34.89,34.050000000000004,89.5,14.100000000000001,74.4,100.0,368.5,3442.0,1.4000000000000001,46.800000000000004,15.040000000000001,6.98,36.050000000000004,29.07,1.0,372.0,1200.0
152641.748,66241.748,140.0,101.2,24.26,16.0,179.5,35.050000000000004,148.9,28.91,35.06,34.0,89.5,14.3,75.2,100.0,368.5,3441.0,1.34,46.95,15.05,7.07,35.9,28.990000000000002,0.0,372.0,1200.0
152701.748,66301.748,140.0,104.4,24.35,16.0,181.5,35.050000000000004,149.70000000000002,28.79,34.94,33.9,91.0,14.200000000000001,74.8,100.0,371.5,3440.0,1.31,46.900000000000006,14.99,7.0,36.02,29.05,0.0,374.0,1200.0
152761.748,66361.748,140.0,102.10000000000001,24.3,16.03,181.0,35.15,149.6,28.76,35.0,34.0,87.5,14.200000000000001,74.7,99.9,373.0,3439.0,1.48,46.900000000000006,15.01,7.03,35.96,28.97,1.0,371.5,1200.0
152821.748,66421.748,140.0,102.80000000000001,24.23,16.01,184.0,35.0,148.0,28.810000000000002,34.96,34.050000000000004,89.0,14.100000000000001,75.4,100.0,375.5,3440.0,1.31,46.95,14.98,6.95,36.0,29.0,0.0,374.0,1200.0
152881.748,66481.748,140.0,101.80000000000001,24.310000000000002,15.99,182.5,35.1,149.0,28.75,34.99,34.0,89.0,14.25,75.5,100.0,372.0,3436.0,1.2,46.900000000000006,14.98,7.0200000000000005,35.92,28.98,0.0,372.5,1200.0
152941.748,66541.748,140.0,100.7,24.35,15.96,180.5,35.050000000000004,150.1,28.78,34.97,34.050000000000004,87.5,14.200000000000001,74.5,99.9,375.0,3436.0,1.42,46.75,14.99,6.99,35.97,28.900000000000002,3.0,372.5,1200.0
153001.748,66601.748,140.0,102.4,24.310000000000002,15.91,182.5,35.050000000000004,149.20000000000002,28.7,34.9,34.050000000000004,87.5,14.25,75.0,99.7,372.0,3447.0,1.3900000000000001,46.85,14.98,6.99,35.99,29.1,0.0,371.0,1200.0
153061.748,66661.748,140.0,103.2,24.29,15.99,180.0,35.25,148.3,28.8,34.95,34.050000000000004,88.0,14.200000000000001,74.2,99.4,369.5,3441.0,1.48,46.900000000000006,14.96,7.05,36.02,28.97,0.0,371.0,1200.0
153121.748,66721.748,140.0,102.9,24.27,15.94,182.0,35.050000000000004,149.3,28.77,34.93,34.050000000000004,87.0,14.200000000000001,74.7,100.0,376.5,3440.0,1.34,46.900000000000006,15.030000000000001,7.03,36.03,28.95,0.0,374.5,1200.0
153181.748,66781.748,140.0,101.9,24.34,16.02,183.5,35.1,148.8,28.76,34.94,34.0,88.5,14.3,74.3,99.9,371.0,3442.0,1.35,46.800000000000004,14.97,6.96,36.04,29.03,1.0,373.0,1200.0
153241.748,66841.748,140.0,100.4,24.34,15.99,181.5,35.300000000000004,150.4,28.84,34.910000000000004,34.050000000000004,88.0,14.3,75.10000000000001,100.0,372.0,3439.0,1.4000000000000001,46.95,14.98,6.98,35.99,29.03,1.0,372.5,1200.0
153301.748,66901.748,140.0,103.80000000000001,24.38,16.02,183.5,35.1,150.5,28.85,35.050000000000004,34.1,85.5,14.200000000000001,74.9,100.0,373.5,3441.0,1.3800000000000001,46.900000000000006,14.96,6.98,36.04,29.05,1.0,370.0,1200.0
153361.748,66961.748,140.0,101.9,24.25,16.06,183.0,35.2,149.0,28.77,34.97,34.1,87.0,14.25,75.5,100.0,370.5,3438.0,1.33,46.900000000000006,14.99,7.03,35.99,29.150000000000002,0.0,369.0,1200.0
153421.748,67021.748,140.0,102.2,24.28,16.02,182.0,35.050000000000004,148.6,28.92,35.09,34.1,87.0,14.15,74.60000000000001,99.7,371.5,3441.0,1.26,46.900000000000006,14.97,7.09,36.01,28.93,1.0,374.5,1200.0
153481.748,67081.748,140.0,102.5,24.29,15.96,181.5,35.15,147.6,28.830000000000002,35.02,34.1,88.0,14.200000000000001,75.2,99.80000000000001,375.5,3445.0,1.46,46.95,15.02,6.93,35.88,29.07,1.0,376.5,1200.0
153541.748,67141.748,140.0,101.9,24.27,16.04,181.5,35.4,148.20000000000002,28.87,34.910000000000004,34.0,86.5,14.350000000000001,75.10000000000001,99.9,374.5,3442.0,1.26,46.95,15.01,7.0200000000000005,36.09,28.95,1.0,372.0,1200.0
153601.748,67201.748,140.0,101.60000000000001,24.3,16.02,182.5,35.45,148.20000000000002,28.91,35.08,33.9,86.5,14.25,75.3,100.0,376.0,3445.0,1.44,46.95,15.040000000000001,7.05,35.96,29.02,2.0,377.5,1200.0
153661.748,67261.748,140.0,101.60000000000001,24.35,15.91,184.0,35.15,147.6,28.810000000000002,34.96,34.0,86.5,14.100000000000001,75.2,99.7,367.5,3442.0,1.46,46.95,14.99,7.04,35.97,29.0,1.0,375.0,1200.0
153721.748,67321.748,140.0,101.60000000000001,24.34,15.98,180.5,35.25,148.6,28.89,35.08,34.1,87.5,14.25,74.9,100.0,372.5,3450.0,1.3900000000000001,46.900000000000006,14.99,6.98,36.0,28.88,2.0,371.5,1200.0
153781.748,67381.748,140.0,100.5,24.27,15.950000000000001,181.5,35.25,146.70000000000002,28.86,35.12,34.1,87.0,14.100000000000001,75.2,100.0,375.0,3447.0,1.53,47.1,15.1,7.04,36.02,28.96,1.0,377.0,1200.0
153841.748,67441.748,140.0,101.5,24.35,16.0,184.5,35.300000000000004,148.70000000000002,28.87,35.06,34.0,85.5,14.0,74.7,99.7,376.5,3441.0,1.53,47.2,15.06,7.01,35.99,29.05,0.0,372.0,1200.0
153901.748,67501.748,140.0,102.30000000000001,24.32,16.0,182.5,35.2,150.1,28.92,35.13,34.1,88.5,14.100000000000001,74.8,100.0,377.0,3446.0,1.44,47.050000000000004,14.94,7.08,36.01,29.05,2.0,373.0,1200.0
153961.748,67561.748,140.0,102.5,24.21,15.97,183.5,35.25,148.8,29.03,35.03,34.050000000000004,88.5,14.15,75.0,99.5,379.5,3445.0,1.35,47.0,14.97,7.0200000000000005,35.980000000000004,28.97,1.0,377.0,1200.0
154021.748,67621.748,140.0,99.80000000000001,24.26,15.94,182.5,35.25,148.20000000000002,29.02,35.13,34.0,86.0,14.25,74.60000000000001,100.0,375.0,3443.0,1.41,47.050000000000004,14.96,7.0200000000000005,36.01,29.0,0.0,376.0,1200.0
154081.748,67681.748,140.0,100.5,24.25,15.98,184.5,35.5,147.5,28.95,35.18,34.15,86.5,14.200000000000001,73.9,99.80000000000001,371.5,3445.0,1.59,46.95,15.02,7.0200000000000005,36.03,28.990000000000002,0.0,378.5,1200.0
154141.748,67741.748,140.0,101.4,24.32,16.01,184.5,35.4,148.8,29.05,35.160000000000004,34.15,87.5,14.100000000000001,74.0,99.9,379.0,3445.0,1.59,47.050000000000004,14.96,6.97,35.910000000000004,29.04,0.0,378.0,1200.0
154201.747,67801.747,140.0,102.80000000000001,24.240000000000002,15.99,182.5,35.25,150.1,28.95,35.18,34.2,86.5,14.3,73.9,99.7,375.5,3444.0,1.44,47.0,14.98,7.07,35.99,29.04,1.0,372.0,1200.0
154261.747,67861.747,140.0,100.10000000000001,24.27,15.950000000000001,183.5,35.25,147.9,28.98,35.17,34.300000000000004,88.0,14.15,74.2,100.0,371.5,3443.0,1.62,47.0,15.0,6.97,35.910000000000004,28.990000000000002,0.0,370.5,1200.0
154321.747,67921.747,140.0,102.60000000000001,24.26,15.97,184.5,35.300000000000004,149.3,29.01,35.19,34.1,87.0,14.350000000000001,74.8,99.60000000000001,374.5,3443.0,1.47,47.0,15.01,6.91,36.01,28.990000000000002,0.0,377.0,1200.0
154381.747,67981.747,140.0,101.80000000000001,24.21,16.04,183.0,35.2,149.1,29.03,35.11,34.15,89.5,14.200000000000001,74.60000000000001,99.7,374.5,3445.0,1.34,46.95,15.030000000000001,7.01,36.02,29.080000000000002,0.0,374.5,1200.0
154441.747,68041.747,140.0,103.0,24.22,16.01,181.0,35.4,150.4,29.01,35.17,34.15,87.0,14.100000000000001,73.9,99.9,372.0,3441.0,1.3800000000000001,46.900000000000006,15.05,6.99,36.0,29.03,0.0,378.0,1200.0
154501.747,68101.747,140.0,99.2,24.26,15.99,182.5,35.300000000000004,150.0,29.060000000000002,35.160000000000004,34.300000000000004,86.5,14.25,74.10000000000001,99.80000000000001,372.0,3441.0,1.48,47.0,14.96,7.07,36.03,29.03,0.0,375.5,1200.0
154561.747,68161.747,140.0,101.10000000000001,24.29,16.03,184.0,35.35,147.4,29.080000000000002,35.160000000000004,34.2,87.0,14.25,74.7,100.0,373.5,3450.0,1.5,46.95,15.0,7.0200000000000005,35.95,29.05,0.0,371.5,1200.0
154621.747,68221.747,140.0,102.30000000000001,24.26,15.99,183.0,35.4,149.70000000000002,29.04,35.15,34.2,86.5,14.350000000000001,74.4,100.0,376.5,3442.0,1.37,47.0,15.02,6.91,36.050000000000004,28.94,0.0,377.0,1200.0
154681.747,68281.747,140.0,101.9,24.23,16.03,183.5,35.4,146.9,29.07,35.22,34.4,87.0,14.05,74.4,100.0,369.0,3447.0,1.3800000000000001,47.0,15.0,7.01,35.93,29.0,0.0,372.5,1200.0
154741.747,68341.747,140.0,102.0,24.25,16.06,184.5,35.35,149.0,29.02,35.19,34.4,88.0,14.15,73.9,100.0,376.5,3443.0,1.41,47.0,14.98,7.01,36.03,28.95,3.0,377.0,1200.0
154801.747,68401.747,140.0,100.30000000000001,24.26,15.98,184.0,35.45,149.5,29.05,35.2,34.300000000000004,85.5,14.15,74.2,99.9,379.5,3445.0,1.35,47.0,15.01,7.01,35.980000000000004,29.05,0.0,378.5,1200.0
154861.747,68461.747,140.0,102.9,24.25,16.03,180.0,35.4,148.5,29.080000000000002,35.18,34.2,85.5,14.4,74.3,100.0,370.0,3447.0,1.45,46.900000000000006,14.96,6.96,35.95,29.01,2.0,375.5,1200.0
154921.747,68521.747,140.0,102.80000000000001,24.240000000000002,16.0,183.0,35.35,149.6,29.01,35.15,34.2,88.5,14.200000000000001,74.60000000000001,99.7,378.0,3445.0,1.34,47.150000000000006,15.01,7.0,35.92,28.98,1.0,373.0,1200.0
154981.747,68581.747,140.0,100.9,24.3,16.05,182.5,35.35,147.6,29.05,35.09,34.2,89.5,14.15,74.2,99.7,373.5,3442.0,1.45,47.1,14.96,6.98,36.04,28.97,0.0,374.0,1200.0
155041.747,68641.747,140.0,102.10000000000001,24.310000000000002,16.07,185.0,35.4,148.9,28.96,35.27,34.300000000000004,86.0,14.15,74.4,100.0,378.5,3446.0,1.42,47.2,14.94,7.0,36.0,29.01,1.0,377.5,1200.0
155101.747,68701.747,140.0,102.4,24.29,15.98,180.5,35.4,148.8,28.96,35.160000000000004,34.25,86.0,14.350000000000001,74.4,99.5,376.0,3441.0,1.46,47.050000000000004,15.01,7.01,35.95,29.09,0.0,374.0,1200.0
155161.747,68761.747,140.0,100.7,24.32,15.93,183.0,35.25,148.3,29.05,35.17,34.1,87.0,14.3,73.7,99.80000000000001,378.0,3451.0,1.41,47.150000000000006,15.01,6.97,35.980000000000004,28.93,3.0,374.0,1200.0
155221.747,68821.747,140.0,102.7,24.2,15.950000000000001,179.5,35.4,148.9,28.900000000000002,35.1,34.2,87.5,14.25,74.7,99.4,376.0,3453.0,1.41,47.150000000000006,15.040000000000001,7.03,36.050000000000004,29.060000000000002,0.0,374.5,1200.0
155281.747,68881.747,140.0,101.60000000000001,24.37,15.99,184.5,35.300000000000004,149.4,28.93,35.08,34.2,87.0,14.200000000000001,74.5,100.0,376.0,3451.0,1.44,47.0,14.97,7.05,36.0,28.98,0.0,372.5,1200.0
155341.747,68941.747,140.0,101.4,24.330000000000002,15.96,181.0,35.4,150.1,28.990000000000002,35.12,34.1,87.5,14.15,74.9,99.5,384.0,3451.0,1.51,47.150000000000006,14.98,6.98,35.99,29.02,0.0,374.5,1200.0
155401.747,69001.747,140.0,102.60000000000001,24.28,16.02,182.5,35.4,148.5,28.92,35.18,34.15,85.5,14.3,74.10000000000001,99.9,373.5,3454.0,1.1400000000000001,47.1,14.950000000000001,7.0200000000000005,35.99,29.01,1.0,374.5,1200.0
155461.747,69061.747,140.0,103.4,24.37,16.06,185.5,35.5,149.6,28.96,35.050000000000004,34.050000000000004,87.0,14.25,75.0,99.80000000000001,376.5,3453.0,1.25,47.1,14.99,6.98,36.08,29.02,0.0,376.0,1200.0
155521.747,69121.747,140.0,102.10000000000001,24.39,16.0,183.5,35.4,149.1,28.98,35.160000000000004,34.2,87.0,14.3,75.4,99.7,374.5,3456.0,1.32,47.150000000000006,14.92,7.03,36.0,29.07,0.0,376.0,1200.0
155581.747,69181.747,140.0,103.0,24.37,15.96,183.5,35.300000000000004,149.0,29.07,35.2,34.25,87.5,14.3,75.2,100.0,382.5,3450.0,1.3,47.2,14.99,6.97,35.97,28.990000000000002,0.0,373.0,1200.0
155641.747,69241.747,140.0,102.0,24.36,16.03,182.0,35.300000000000004,149.3,28.84,35.06,34.25,88.0,14.350000000000001,74.7,99.60000000000001,376.5,3453.0,1.3800000000000001,47.25,15.02,6.99,36.02,29.04,0.0,380.0,1200.0
155701.747,69301.747,140.0,102.80000000000001,24.330000000000002,16.03,183.0,35.4,150.20000000000002,28.89,35.17,34.1,85.5,14.15,75.10000000000001,100.0,379.0,3455.0,1.3900000000000001,47.050000000000004,15.02,7.03,35.99,29.0,2.0,376.5,1200.0
155761.747,69361.747,140.0,102.4,24.34,16.0,184.5,35.2,149.4,28.87,35.12,34.15,87.5,14.200000000000001,75.2,100.0,377.0,3455.0,1.26,47.150000000000006,14.950000000000001,7.01,36.02,28.990000000000002,2.0,380.0,1200.0
155821.747,69421.747,140.0,102.4,24.310000000000002,16.09,183.0,35.35,149.4,28.92,35.09,34.1,86.0,14.25,75.10000000000001,99.9,378.0,3455.0,1.3,47.150000000000006,15.040000000000001,7.07,36.1,28.990000000000002,1.0,379.5,1200.0
155881.747,69481.747,140.0,103.7,24.310000000000002,16.03,183.0,35.25,148.20000000000002,28.98,35.08,34.2,86.5,14.15,74.4,99.80000000000001,375.0,3454.0,1.3900000000000001,47.1,14.99,7.04,35.96,28.98,0.0,377.5,1200.0
155941.747,69541.747,140.0,101.4,24.28,15.950000000000001,181.5,35.25,149.70000000000002,28.830000000000002,35.08,34.2,88.0,14.100000000000001,75.10000000000001,99.9,381.0,3449.0,1.62,47.25,15.05,7.01,35.980000000000004,29.03,0.0,374.5,1200.0
156001.747,69601.747,140.0,100.2,24.34,16.05,181.0,35.300000000000004,148.70000000000002,28.810000000000002,35.12,34.050000000000004,87.0,14.3,75.3,99.7,379.5,3456.0,1.41,47.1,15.07,6.93,36.04,29.02,0.0,378.0,1200.0
156061.747,69661.747,140.0,101.30000000000001,24.38,15.93,182.0,35.25,150.4,28.93,35.07,34.25,87.5,14.05,74.3,100.0,377.0,3450.0,1.4000000000000001,47.2,15.030000000000001,7.01,35.910000000000004,29.01,1.0,377.0,1200.0
156121.747,69721.747,140.0,103.10000000000001,24.37,16.01,182.5,35.300000000000004,149.0,28.900000000000002,35.15,34.2,86.5,14.100000000000001,75.3,99.9,373.5,3452.0,1.37,47.2,14.98,6.94,36.03,29.02,0.0,373.0,1200.0
156181.747,69781.747,140.0,101.30000000000001,24.35,16.04,182.0,35.15,149.8,28.85,35.050000000000004,34.0,89.0,14.200000000000001,75.5,99.9,376.0,3455.0,1.25,47.1,14.950000000000001,7.0,36.04,29.02,0.0,378.5,1200.0
156241.747,69841.747,140.0,100.80000000000001,24.34,16.01,184.0,35.15,148.9,28.830000000000002,35.050000000000004,34.050000000000004,88.0,14.200000000000001,74.10000000000001,99.80000000000001,381.0,3460.0,1.54,47.1,14.96,7.04,36.02,28.96,0.0,375.5,1200.0
156301.747,69901.747,140.0,102.30000000000001,24.39,15.93,181.5,35.35,149.6,28.86,35.160000000000004,34.2,88.0,14.200000000000001,75.3,100.0,380.5,3456.0,1.5,47.300000000000004,15.05,7.0200000000000005,35.92,28.91,1.0,374.0,1200.0
156361.747,69961.747,140.0,101.4,24.35,15.98,183.5,35.2,147.9,28.92,35.06,34.1,85.5,14.200000000000001,75.2,99.9,377.0,3459.0,1.42,47.150000000000006,14.97,6.96,35.96,28.92,0.0,380.0,1200.0
156421.747,70021.747,140.0,102.60000000000001,24.34,16.0,183.0,35.2,148.5,28.82,35.02,33.95,87.5,14.25,75.4,100.0,380.0,3456.0,1.51,47.2,15.0,7.0200000000000005,36.01,29.0,0.0,377.5,1200.0
156481.747,70081.747,140.0,103.60000000000001,24.37,16.02,183.0,35.2,146.5,28.85,35.050000000000004,34.15,86.5,14.15,75.60000000000001,100.0,376.0,3460.0,1.35,47.300000000000004,14.93,7.04,36.01,28.95,0.0,378.5,1200.0
156541.747,70141.747,140.0,103.10000000000001,24.38,15.98,181.5,35.25,150.1,28.79,35.13,34.2,86.5,14.25,75.2,100.0,374.0,3456.0,1.3,47.35,14.97,6.96,35.97,28.98,0.0,372.5,1200.0
156601.747,70201.747,140.0,101.4,24.330000000000002,16.05,181.5,35.300000000000004,148.20000000000002,28.79,35.06,34.300000000000004,86.0,14.15,76.10000000000001,100.0,374.5,3455.0,1.44,47.300000000000004,14.98,7.0200000000000005,36.06,29.0,0.0,378.0,1200.0
156661.747,70261.747,140.0,100.2,24.34,16.02,182.0,35.35,149.0,28.85,35.12,34.0,87.0,14.15,75.60000000000001,99.7,374.0,3456.0,1.21,47.2,15.030000000000001,6.99,35.99,28.96,0.0,374.0,1200.0
156721.747,70321.747,140.0,102.60000000000001,24.27,15.93,180.0,35.1,148.20000000000002,28.85,35.09,34.050000000000004,90.5,14.05,75.0,99.9,374.5,3455.0,1.36,47.1,14.98,6.99,36.03,28.98,0.0,374.5,1200.0
156781.747,70381.747,140.0,100.5,24.37,16.03,184.0,35.25,149.5,28.85,35.050000000000004,34.1,88.0,14.100000000000001,75.0,99.60000000000001,376.5,3450.0,1.29,47.1,14.98,6.99,36.04,28.91,0.0,375.0,1200.0
156841.747,70441.747,140.0,102.30000000000001,24.45,15.98,182.0,35.300000000000004,149.8,28.86,35.08,34.050000000000004,87.0,14.100000000000001,74.60000000000001,99.60000000000001,372.5,3453.0,1.33,47.1,14.99,7.03,35.97,28.990000000000002,0.0,380.0,1200.0
156901.747,70501.747,140.0,102.5,24.330000000000002,16.04,183.0,35.45,149.1,28.86,35.14,34.2,89.5,14.25,74.9,99.9,378.5,3456.0,1.24,47.2,15.01,6.95,35.97,28.97,0.0,377.5,1200.0
156961.746,70561.746,140.0,103.5,24.310000000000002,16.06,181.5,35.15,150.0,28.87,35.1,34.2,88.5,14.200000000000001,75.3,100.0,378.5,3454.0,1.2,47.2,14.97,7.03,36.01,29.01,1.0,376.5,1200.0
157021.746,70621.746,140.0,101.5,24.26,15.94,180.5,35.300000000000004,149.5,28.8,35.050000000000004,34.2,88.0,14.100000000000001,75.4,100.0,375.0,3450.0,1.48,47.2,15.0,7.0200000000000005,36.06,28.94,0.0,374.5,1200.0
157081.746,70681.746,140.0,102.60000000000001,24.37,16.03,181.5,35.300000000000004,148.9,28.88,35.1,34.1,87.5,14.05,74.9,99.80000000000001,378.0,3457.0,1.41,47.2,15.06,6.99,36.02,29.03,0.0,375.0,1200.0
157141.746,70741.746,140.0,101.5,24.310000000000002,16.02,181.0,35.2,147.0,28.94,35.18,34.050000000000004,88.0,14.100000000000001,74.60000000000001,99.80000000000001,370.5,3454.0,1.3900000000000001,47.25,14.93,7.0200000000000005,36.04,28.95,1.0,376.0,1200.0
157201.746,70801.746,140.0,102.60000000000001,24.39,15.99,183.5,35.300000000000004,149.20000000000002,28.900000000000002,35.07,34.050000000000004,89.0,14.200000000000001,75.10000000000001,100.0,376.5,3448.0,1.3900000000000001,47.150000000000006,14.97,6.99,36.02,29.04,0.0,375.0,1200.0
157261.746,70861.746,140.0,101.2,24.26,15.99,183.0,35.300000000000004,148.1,28.89,35.15,34.15,88.0,14.15,75.10000000000001,100.0,375.0,3451.0,1.37,47.25,14.97,6.98,36.08,29.0,0.0,377.5,1200.0
157321.746,70921.746,140.0,102.10000000000001,24.32,15.98,181.5,35.300000000000004,148.70000000000002,28.900000000000002,35.15,34.300000000000004,86.5,14.3,74.5,99.30000000000001,379.0,3452.0,1.42,47.150000000000006,14.99,6.99,36.03,28.96,2.0,372.0,1200.0
157381.746,70981.746,140.0,101.80000000000001,24.27,15.98,184.5,35.35,147.20000000000002,28.89,35.1,34.1,88.0,14.200000000000001,74.8,100.0,379.0,3455.0,1.48,47.150000000000006,14.85,7.01,36.050000000000004,29.0,1.0,379.5,1200.0
157441.746,71041.746,140.0,102.5,24.310000000000002,16.01,183.0,35.4,148.8,28.87,35.03,34.4,90.0,14.15,74.9,100.0,378.5,3453.0,1.46,47.2,14.97,7.03,36.01,28.97,2.0,380.0,1200.0
157501.746,71101.746,140.0,100.80000000000001,24.330000000000002,15.94,183.5,35.25,148.8,29.01,35.17,34.15,88.0,14.200000000000001,75.2,100.0,376.0,3456.0,1.33,47.2,15.040000000000001,7.0,36.12,29.03,2.0,380.0,1200.0
157561.746,71161.746,140.0,101.80000000000001,24.26,16.0,185.5,35.15,149.0,28.990000000000002,35.12,34.15,86.5,14.100000000000001,75.10000000000001,99.9,375.0,3458.0,1.48,47.35,14.98,7.01,36.0,29.03,3.0,378.5,1200.0
157621.746,71221.746,140.0,101.2,24.330000000000002,15.99,181.0,35.35,150.8,28.98,35.19,34.25,87.5,14.100000000000001,74.60000000000001,100.0,377.5,3455.0,1.43,47.25,15.05,7.04,36.0,28.84,0.0,376.5,1200.0
157681.746,71281.746,140.0,102.7,24.3,15.98,183.0,35.45,148.8,28.93,35.18,34.15,85.5,14.15,75.10000000000001,100.0,374.0,3460.0,1.45,47.150000000000006,15.06,6.97,36.06,29.03,0.0,376.0,1200.0
157741.746,71341.746,140.0,101.4,24.36,15.950000000000001,183.0,35.2,148.70000000000002,28.87,35.11,34.2,87.5,14.3,74.8,99.7,376.0,3458.0,1.41,47.25,15.06,7.04,35.980000000000004,29.05,0.0,373.0,1200.0
157801.746,71401.746,140.0,101.30000000000001,24.32,15.98,183.0,35.45,147.9,28.96,35.230000000000004,34.25,86.5,14.3,75.10000000000001,99.80000000000001,378.5,3457.0,1.41,47.45,15.08,6.96,36.03,28.98,0.0,377.5,1200.0
157861.746,71461.746,140.0,101.4,24.35,16.01,180.5,35.2,148.4,29.0,35.14,34.300000000000004,87.5,14.200000000000001,74.3,100.0,378.0,3453.0,1.37,47.25,14.96,6.99,35.980000000000004,28.98,0.0,376.0,1200.0
157921.746,71521.746,140.0,101.4,24.37,15.92,183.0,35.4,148.3,28.92,35.08,34.1,86.0,14.200000000000001,74.8,99.7,380.0,3459.0,1.29,47.25,14.99,7.01,36.01,29.02,0.0,372.5,1200.0
157981.746,71581.746,140.0,102.30000000000001,24.34,16.0,183.5,35.5,148.1,28.87,35.1,34.15,86.5,14.15,75.5,99.60000000000001,376.0,3457.0,1.29,47.2,15.040000000000001,7.0,36.01,29.04,0.0,374.0,1200.0
158041.746,71641.746,140.0,100.30000000000001,24.310000000000002,15.99,184.5,35.4,150.20000000000002,28.92,35.19,34.15,88.0,14.200000000000001,75.0,99.2,377.0,3458.0,1.42,47.25,15.01,7.0200000000000005,35.95,29.04,0.0,376.0,1200.0
158101.746,71701.746,140.0,104.30000000000001,24.400000000000002,16.01,182.5,35.25,148.4,29.0,35.01,34.2,87.5,14.200000000000001,75.10000000000001,100.0,377.5,3461.0,1.33,47.35,15.0,6.96,36.11,28.93,0.0,374.0,1200.0
158161.746,71761.746,140.0,103.2,24.35,15.96,182.5,35.35,150.5,28.89,35.11,34.15,86.5,14.25,75.10000000000001,99.7,375.5,3457.0,1.4000000000000001,47.400000000000006,15.02,7.1000000000000005,36.09,29.0,0.0,378.0,1200.0
158221.746,71821.746,140.0,103.0,24.32,15.99,184.5,35.2,149.20000000000002,28.98,35.11,34.1,86.5,14.15,75.10000000000001,100.0,377.0,3451.0,1.49,47.400000000000006,15.040000000000001,7.01,36.02,28.94,0.0,378.5,1200.0
158281.746,71881.746,140.0,102.2,24.310000000000002,16.01,183.5,35.25,146.1,28.93,35.12,34.2,88.5,14.15,74.8,100.0,379.0,3453.0,1.55,47.2,14.96,7.05,35.89,28.97,0.0,377.0,1200.0
158341.746,71941.746,140.0,102.60000000000001,24.3,15.89,181.0,35.4,150.4,28.89,35.03,34.25,86.0,14.15,75.10000000000001,100.0,369.0,3456.0,1.49,47.35,14.98,7.01,36.1,29.02,0.0,378.0,1200.0
158401.746,72001.746,140.0,103.30000000000001,24.330000000000002,16.0,182.0,35.300000000000004,148.70000000000002,28.92,35.06,34.050000000000004,89.0,14.15,74.9,100.0,381.0,3457.0,1.6,47.35,15.0,6.97,36.1,29.01,0.0,376.5,1200.0
158461.746,72061.746,140.0,100.5,24.32,15.99,187.0,35.4,148.0,28.87,35.02,34.0,83.5,14.200000000000001,74.9,100.0,377.0,3457.0,1.33,47.300000000000004,14.96,7.05,36.02,29.0,2.0,379.0,1200.0
158521.746,72121.746,140.0,103.10000000000001,24.23,16.02,184.5,35.45,148.5,28.95,35.13,34.050000000000004,85.5,14.200000000000001,74.3,99.80000000000001,380.5,3452.0,1.4000000000000001,47.25,15.02,7.04,36.01,29.13,1.0,378.5,1200.0
158581.746,72181.746,140.0,101.60000000000001,24.28,15.99,184.0,35.35,148.70000000000002,28.89,35.19,34.2,87.0,14.05,74.7,100.0,378.0,3453.0,1.48,47.25,14.98,7.05,36.0,28.990000000000002,1.0,376.0,1200.0
158641.746,72241.746,140.0,102.60000000000001,24.35,16.02,182.5,35.4,149.6,28.92,35.06,34.15,87.5,14.100000000000001,74.8,100.0,376.5,3454.0,1.51,47.2,15.040000000000001,7.0,36.0,29.060000000000002,1.0,378.5,1200.0
158701.746,72301.746,140.0,101.0,24.3,16.01,181.5,35.35,147.6,28.92,35.12,34.1,84.0,14.100000000000001,75.10000000000001,100.0,381.0,3457.0,1.35,47.150000000000006,14.97,7.07,35.96,29.01,1.0,376.5,1200.0
158761.746,72361.746,140.0,102.9,24.330000000000002,15.93,180.5,35.35,149.3,28.96,35.19,34.25,87.0,14.100000000000001,73.8,100.0,376.5,3452.0,1.31,47.300000000000004,15.01,6.99,35.980000000000004,29.03,0.0,376.0,1200.0
158821.746,72421.746,140.0,103.10000000000001,24.34,15.98,182.5,35.45,148.1,28.97,35.15,34.2,85.5,14.25,74.5,100.0,377.5,3450.0,1.51,47.400000000000006,15.06,6.96,36.07,28.98,0.0,378.5,1200.0
158881.746,72481.746,140.0,101.0,24.330000000000002,16.02,181.5,35.35,148.6,28.95,35.14,34.1,88.0,14.3,75.0,99.80000000000001,380.0,3459.0,1.32,47.2,15.07,6.98,36.02,29.080000000000002,0.0,377.5,1200.0
158941.746,72541.746,140.0,101.4,24.32,16.07,182.5,35.35,149.6,29.060000000000002,35.050000000000004,34.15,90.0,14.200000000000001,74.2,100.0,379.5,3456.0,1.3800000000000001,47.25,15.02,7.04,36.01,28.990000000000002,0.0,378.5,1200.0
159001.746,72601.746,140.0,103.0,24.310000000000002,15.94,182.0,35.45,149.1,28.900000000000002,35.29,34.25,85.5,14.100000000000001,74.60000000000001,99.9,381.0,3452.0,1.56,47.25,15.07,7.0,35.980000000000004,29.05,0.0,376.5,1200.0
159061.746,72661.746,140.0,102.10000000000001,24.310000000000002,16.01,182.0,35.4,147.1,28.990000000000002,35.18,34.050000000000004,87.0,14.200000000000001,74.5,100.0,373.0,3456.0,1.3900000000000001,47.2,15.08,6.94,36.01,29.02,0.0,376.0,1200.0
159121.746,72721.746,140.0,102.5,24.36,16.02,183.0,35.25,148.1,29.05,35.17,34.25,89.0,14.05,74.60000000000001,100.0,374.0,3457.0,1.44,47.150000000000006,15.040000000000001,7.0200000000000005,36.0,29.01,0.0,382.5,1200.0
159181.746,72781.746,140.0,101.9,24.29,16.02,183.0,35.5,150.5,28.98,35.14,34.2,87.0,14.100000000000001,75.10000000000001,100.0,379.0,3454.0,1.28,47.150000000000006,15.01,6.94,35.93,29.04,1.0,374.5,1200.0
159241.746,72841.746,140.0,103.10000000000001,24.25,16.03,182.5,35.4,148.0,28.97,35.22,34.2,88.5,14.0,74.9,100.0,378.0,3461.0,1.49,47.35,14.99,7.1000000000000005,35.980000000000004,29.07,3.0,375.5,1200.0
159301.746,72901.746,140.0,102.9,24.36,15.98,180.0,35.25,148.3,28.990000000000002,35.21,34.2,88.0,14.15,75.10000000000001,100.0,380.5,3451.0,1.3900000000000001,47.300000000000004,15.01,6.96,35.96,29.05,1.0,380.0,1200.0
159361.746,72961.746,140.0,100.30000000000001,24.36,15.96,184.5,35.4,147.4,29.0,35.22,34.25,85.5,14.3,75.2,100.0,379.0,3453.0,1.43,47.35,14.99,7.0,36.07,29.03,0.0,382.0,1200.0
159421.746,73021.746,140.0,101.9,24.32,16.03,183.5,35.300000000000004,151.20000000000002,28.97,35.14,34.15,87.0,14.25,74.5,100.0,374.0,3464.0,1.53,47.300000000000004,15.040000000000001,6.93,35.97,29.02,0.0,383.0,1200.0
159481.746,73081.746,140.0,101.60000000000001,24.34,16.02,182.5,35.45,147.70000000000002,29.09,35.18,34.25,86.5,14.15,75.2,99.7,379.5,3459.0,1.44,47.400000000000006,15.0,7.01,35.96,29.0,0.0,377.0,1200.0
159541.746,73141.746,140.0,102.60000000000001,24.41,15.94,181.5,35.15,148.5,29.07,35.13,34.2,85.0,14.100000000000001,75.4,100.0,385.0,3463.0,1.5,47.35,15.01,7.04,35.97,29.060000000000002,2.0,379.0,1200.0
159601.746,73201.746,140.0,101.60000000000001,24.38,15.98,183.0,35.35,149.3,28.95,35.22,34.15,88.5,14.05,74.8,99.7,376.5,3461.0,1.3800000000000001,47.35,14.99,6.94,36.06,29.04,3.0,382.0,1200.0
159661.746,73261.746,140.0,102.80000000000001,24.38,15.97,184.0,35.4,148.9,29.03,35.19,34.15,86.5,14.200000000000001,75.2,100.0,377.0,3462.0,1.53,47.45,15.040000000000001,6.91,36.01,28.98,0.0,381.0,1200.0
159721.746,73321.746,140.0,102.10000000000001,24.37,16.03,182.5,35.4,148.5,28.94,35.12,34.15,89.0,14.200000000000001,75.4,100.0,376.5,3467.0,1.33,47.25,15.01,6.88,35.96,28.98,0.0,379.0,1200.0
159781.746,73381.746,140.0,101.0,24.29,16.06,182.5,35.300000000000004,149.8,28.98,35.17,34.15,88.5,14.05,75.3,100.0,380.0,3464.0,1.33,47.45,14.94,7.04,36.050000000000004,28.94,0.0,373.5,1200.0
159841.746,73441.746,140.0,103.2,24.42,15.99,183.5,35.4,148.0,28.97,35.24,34.2,89.0,14.200000000000001,75.4,100.0,379.0,3464.0,1.58,47.35,14.92,7.0200000000000005,36.03,29.04,0.0,376.0,1200.0
159901.746,73501.746,140.0,102.5,24.37,15.91,181.0,35.45,147.8,28.94,35.25,34.2,85.0,14.100000000000001,75.60000000000001,100.0,382.0,3463.0,1.43,47.300000000000004,14.92,6.93,35.99,29.060000000000002,0.0,377.0,1200.0
159961.746,73561.746,140.0,101.30000000000001,24.32,15.9,182.0,35.4,150.4,28.92,35.2,34.15,88.5,14.200000000000001,75.10000000000001,100.0,380.5,3461.0,1.26,47.5,15.01,7.01,35.99,29.0,0.0,383.0,1200.0
160021.745,73621.745,140.0,103.30000000000001,24.35,16.01,184.0,35.5,150.0,28.96,35.19,34.35,88.0,14.200000000000001,75.10000000000001,100.0,375.0,3458.0,1.3,47.5,15.02,7.0,36.01,28.94,2.0,379.5,1200.0
160081.745,73681.745,140.0,102.80000000000001,24.330000000000002,16.03,183.0,35.5,148.4,28.84,35.15,34.2,87.5,14.100000000000001,75.10000000000001,100.0,379.0,3461.0,1.37,47.45,14.97,7.0,36.050000000000004,29.04,0.0,375.5,1200.0
160141.745,73741.745,140.0,101.80000000000001,24.36,15.99,184.5,35.4,149.3,28.87,35.07,34.300000000000004,87.5,14.100000000000001,74.9,99.7,377.0,3455.0,1.33,47.35,14.99,7.04,35.97,28.990000000000002,0.0,379.0,1200.0
160201.745,73801.745,140.0,101.0,24.28,15.97,183.5,35.35,148.0,28.990000000000002,35.13,34.15,86.0,14.05,74.3,99.80000000000001,374.0,3459.0,1.31,47.45,14.89,7.0,35.97,29.03,0.0,377.0,1200.0
160261.745,73861.745,140.0,101.9,24.35,15.97,181.5,35.35,149.5,28.92,35.17,34.15,87.0,14.25,74.3,100.0,381.5,3460.0,1.22,47.400000000000006,15.02,6.9,36.03,28.96,0.0,370.0,1200.0
160321.745,73921.745,140.0,102.10000000000001,24.39,15.98,184.5,35.35,149.70000000000002,28.89,35.14,34.2,88.0,14.15,75.10000000000001,100.0,374.0,3460.0,1.44,47.400000000000006,15.08,7.07,36.08,29.02,0.0,376.0,1200.0
160381.745,73981.745,140.0,101.60000000000001,24.32,15.96,182.5,35.4,149.1,28.94,35.19,34.1,87.0,14.25,75.0,100.0,377.0,3457.0,1.4000000000000001,47.35,15.0,7.0200000000000005,36.04,28.97,0.0,379.5,1200.0
160441.745,74041.745,140.0,101.5,24.38,16.03,183.0,35.15,150.20000000000002,29.04,35.1,34.1,85.5,14.05,74.8,99.80000000000001,382.5,3451.0,1.42,47.35,15.02,7.01,35.9,29.05,0.0,377.0,1200.0
160501.745,74101.745,140.0,102.10000000000001,24.35,15.93,181.0,35.45,148.9,28.93,35.15,34.2,84.0,14.25,74.7,100.0,378.5,3456.0,1.31,47.2,15.040000000000001,6.98,36.0,29.060000000000002,0.0,373.0,1200.0
160561.745,74161.745,140.0,102.9,24.28,16.05,182.5,35.4,149.0,28.88,35.17,34.25,87.5,14.100000000000001,74.5,100.0,377.0,3462.0,1.42,47.25,15.01,6.98,36.01,28.98,3.0,380.5,1200.0
160621.745,74221.745,140.0,103.10000000000001,24.3,16.06,179.5,35.4,148.6,28.86,35.09,34.15,89.0,14.3,74.7,100.0,378.5,3456.0,1.4000000000000001,47.300000000000004,14.94,7.0,36.02,29.01,0.0,373.5,1200.0
160681.745,74281.745,140.0,101.30000000000001,24.32,15.98,183.5,35.4,148.6,28.94,35.19,34.15,86.0,14.25,74.60000000000001,100.0,377.5,3454.0,1.33,47.300000000000004,14.96,7.01,35.97,28.92,0.0,378.5,1200.0
160741.745,74341.745,140.0,102.9,24.310000000000002,15.91,182.0,35.45,150.6,29.0,35.14,34.25,86.5,14.200000000000001,74.2,100.0,379.5,3455.0,1.31,47.300000000000004,15.030000000000001,7.03,36.02,28.95,2.0,377.5,1200.0
160801.745,74401.745,140.0,101.7,24.3,15.98,181.5,35.6,148.20000000000002,29.01,35.22,34.1,90.5,14.15,75.0,100.0,372.0,3459.0,1.3800000000000001,47.35,15.01,7.0,36.14,28.990000000000002,0.0,379.5,1200.0
160861.745,74461.745,140.0,102.80000000000001,24.28,15.950000000000001,182.5,35.300000000000004,148.3,28.95,35.25,34.1,85.0,14.25,74.60000000000001,100.0,376.5,3456.0,1.45,47.2,14.96,7.0,36.01,29.03,0.0,378.0,1200.0
160921.745,74521.745,140.0,100.7,24.28,15.94,184.0,35.300000000000004,148.5,29.01,35.15,34.25,89.0,14.15,74.7,100.0,374.5,3456.0,1.34,47.35,14.97,7.03,36.01,28.98,0.0,376.0,1200.0
160981.745,74581.745,140.0,101.5,24.29,16.0,181.0,35.45,149.1,28.97,35.160000000000004,34.25,86.5,14.25,74.4,100.0,374.5,3451.0,1.54,47.400000000000006,15.01,7.01,36.04,29.02,0.0,380.5,1200.0
161041.745,74641.745,140.0,101.4,24.28,15.93,182.0,35.300000000000004,148.70000000000002,28.94,35.24,34.25,88.0,14.15,75.0,100.0,375.0,3454.0,1.6,47.25,15.030000000000001,7.0200000000000005,36.01,29.02,0.0,373.0,1200.0
161101.745,74701.745,140.0,102.30000000000001,24.32,15.94,185.0,35.550000000000004,148.6,29.05,35.17,34.25,89.0,14.200000000000001,74.60000000000001,100.0,380.0,3449.0,1.54,47.35,15.0,7.07,35.99,29.02,0.0,374.0,1200.0
161161.745,74761.745,140.0,102.0,24.310000000000002,15.99,181.0,35.45,150.1,29.0,35.25,34.15,88.5,14.200000000000001,74.9,99.7,381.0,3450.0,1.37,47.35,15.02,6.92,35.93,29.03,1.0,381.5,1200.0
161221.745,74821.745,140.0,100.5,24.29,15.99,185.5,35.5,149.3,28.92,35.2,34.300000000000004,87.0,14.3,74.60000000000001,100.0,380.5,3452.0,1.32,47.300000000000004,15.0,6.98,36.03,29.080000000000002,0.0,378.5,1200.0
161281.745,74881.745,140.0,102.60000000000001,24.34,15.950000000000001,184.0,35.45,148.4,28.990000000000002,35.25,34.1,85.5,14.15,74.2,100.0,380.0,3456.0,1.3900000000000001,47.45,14.99,7.07,35.97,29.05,0.0,376.5,1200.0
161341.745,74941.745,140.0,100.60000000000001,24.330000000000002,15.99,184.5,35.550000000000004,149.6,29.03,35.28,34.2,87.5,14.15,74.5,100.0,376.5,3453.0,1.57,47.2,15.05,7.03,36.01,29.03,1.0,379.0,1200.0
161401.745,75001.745,140.0,101.60000000000001,24.36,15.98,182.5,35.45,148.20000000000002,29.060000000000002,35.12,34.2,90.0,14.15,74.9,99.60000000000001,377.0,3456.0,1.51,47.25,14.96,7.04,35.92,29.03,0.0,380.0,1200.0
161461.745,75061.745,140.0,103.5,24.310000000000002,16.080000000000002,183.0,35.6,150.3,29.07,35.28,34.2,86.5,14.200000000000001,74.8,99.9,375.0,3452.0,1.44,47.45,15.0,6.98,36.02,28.97,1.0,381.5,1200.0
161521.745,75121.745,140.0,100.10000000000001,24.310000000000002,16.03,182.5,35.35,148.9,29.07,35.29,34.35,87.5,14.15,74.60000000000001,100.0,378.5,3453.0,1.36,47.300000000000004,14.97,6.98,36.09,28.990000000000002,1.0,380.0,1200.0
161581.745,75181.745,140.0,101.10000000000001,24.32,15.97,183.0,35.6,147.9,29.07,35.22,34.1,88.0,14.200000000000001,74.7,99.9,376.0,3459.0,1.31,47.300000000000004,14.950000000000001,7.11,35.89,29.03,0.0,375.0,1200.0
161641.745,75241.745,140.0,102.5,24.29,15.98,184.0,35.4,148.70000000000002,29.17,35.21,34.300000000000004,87.5,14.15,74.4,99.9,376.0,3453.0,1.42,47.35,14.94,7.05,35.910000000000004,28.98,1.0,378.5,1200.0
161701.745,75301.745,140.0,101.60000000000001,24.310000000000002,16.02,182.5,35.35,149.70000000000002,28.96,35.22,34.25,88.5,14.3,74.3,99.60000000000001,376.5,3454.0,1.43,47.25,14.950000000000001,7.04,36.050000000000004,29.09,0.0,380.0,1200.0
161761.745,75361.745,140.0,101.60000000000001,24.3,15.96,183.5,35.35,151.0,29.03,35.22,34.15,87.5,14.3,73.8,99.7,378.0,3447.0,1.26,47.400000000000006,15.040000000000001,7.0,36.04,29.080000000000002,0.0,379.5,1200.0
161821.745,75421.745,140.0,101.7,24.29,16.01,183.5,35.4,149.8,29.060000000000002,35.19,34.2,87.5,14.3,74.3,99.9,378.0,3451.0,1.3800000000000001,47.150000000000006,15.0,6.97,35.96,29.01,0.0,379.5,1200.0
161881.745,75481.745,140.0,101.60000000000001,24.3,15.97,183.5,35.300000000000004,149.4,29.0,35.25,34.25,88.0,14.25,74.60000000000001,100.0,378.0,3449.0,1.3,47.25,15.0,7.03,36.02,28.990000000000002,3.0,376.0,1200.0
161941.745,75541.745,140.0,101.0,24.240000000000002,16.0,184.0,35.550000000000004,148.4,28.97,35.22,34.300000000000004,86.5,14.3,74.2,100.0,375.0,3446.0,1.41,47.1,14.97,6.98,36.050000000000004,29.03,0.0,378.5,1200.0
162001.745,75601.745,140.0,101.5,24.25,15.98,182.0,35.300000000000004,147.5,28.95,35.22,34.25,90.0,14.3,73.8,99.7,374.0,3446.0,1.36,47.150000000000006,14.97,7.0200000000000005,36.0,28.97,0.0,376.0,1200.0
162061.745,75661.745,140.0,102.5,24.310000000000002,16.07,185.0,35.4,149.1,29.07,35.160000000000004,34.2,89.5,14.4,74.3,99.60000000000001,370.5,3450.0,1.33,47.1,15.02,7.03,36.0,28.94,0.0,376.0,1200.0
162121.745,75721.745,140.0,100.5,24.26,16.02,183.5,35.4,147.70000000000002,29.13,35.18,34.25,88.5,14.05,74.7,100.0,378.5,3448.0,1.35,47.050000000000004,14.98,6.98,36.01,28.990000000000002,1.0,378.0,1200.0
162181.745,75781.745,140.0,102.9,24.22,15.99,185.0,35.45,149.1,29.09,35.230000000000004,34.2,87.0,14.200000000000001,74.2,100.0,374.5,3450.0,1.54,47.25,14.96,7.0,35.97,28.87,0.0,376.0,1200.0
162241.745,75841.745,140.0,100.60000000000001,24.26,16.05,181.5,35.35,146.8,29.18,35.24,34.35,89.0,14.05,74.4,99.80000000000001,375.0,3448.0,1.46,47.25,14.94,6.98,35.910000000000004,29.03,0.0,378.5,1200.0
162301.745,75901.745,140.0,101.80000000000001,24.310000000000002,15.97,185.0,35.5,149.4,29.04,35.26,34.15,87.0,14.25,74.2,100.0,375.5,3450.0,1.55,47.25,14.92,6.97,36.0,28.95,0.0,382.0,1200.0
162361.745,75961.745,140.0,101.60000000000001,24.29,16.05,182.0,35.550000000000004,148.1,29.11,35.29,34.25,88.0,14.200000000000001,74.4,99.5,382.5,3452.0,1.46,47.0,15.0,6.97,36.07,29.07,1.0,375.5,1200.0
162421.745,76021.745,140.0,100.60000000000001,24.3,16.01,182.0,35.5,149.70000000000002,29.07,35.31,34.300000000000004,90.0,14.25,73.9,99.30000000000001,381.5,3450.0,1.52,47.150000000000006,15.030000000000001,7.0,36.01,29.03,0.0,383.0,1200.0
162481.745,76081.745,140.0,102.10000000000001,24.27,16.03,184.5,35.550000000000004,148.0,29.21,35.32,34.2,89.5,14.15,74.3,100.0,383.5,3452.0,1.49,47.1,15.07,7.0,36.06,29.05,0.0,378.5,1200.0
162541.745,76141.745,140.0,102.0,24.34,15.99,184.0,35.45,148.9,29.25,35.39,34.25,85.5,14.200000000000001,73.9,99.9,379.5,3458.0,1.55,47.300000000000004,15.01,7.0600000000000005,35.97,28.88,0.0,380.5,1200.0
162601.745,76201.745,140.0,101.5,24.35,15.91,184.5,35.550000000000004,149.4,29.29,35.32,34.25,87.0,14.25,74.2,99.80000000000001,377.5,3455.0,1.49,47.150000000000006,15.01,6.99,35.99,28.900000000000002,0.0,377.5,1200.0
162661.745,76261.745,140.0,101.60000000000001,24.3,16.01,185.0,35.65,150.8,29.16,35.39,34.45,88.5,14.200000000000001,74.3,100.0,380.5,3458.0,1.1300000000000001,47.35,14.98,6.95,36.02,29.02,1.0,381.0,1200.0
162721.745,76321.745,140.0,101.4,24.32,15.950000000000001,183.5,35.5,149.6,29.13,35.31,34.550000000000004,89.0,14.100000000000001,74.10000000000001,99.80000000000001,377.5,3457.0,1.3900000000000001,47.45,15.0,7.03,36.02,29.1,0.0,380.5,1200.0
162781.745,76381.745,140.0,102.5,24.27,16.06,183.5,35.5,148.6,29.17,35.38,34.45,87.5,14.15,73.8,100.0,380.0,3462.0,1.61,47.2,15.040000000000001,6.98,35.980000000000004,28.96,0.0,381.5,1200.0
162841.745,76441.745,140.0,103.80000000000001,24.38,16.06,183.5,35.6,148.0,29.17,35.38,34.300000000000004,86.5,14.350000000000001,74.7,99.80000000000001,382.0,3456.0,1.43,47.2,15.030000000000001,6.96,35.97,29.0,0.0,380.0,1200.0
162901.745,76501.745,140.0,100.60000000000001,24.35,16.0,186.0,35.6,147.4,29.22,35.410000000000004,34.4,88.0,14.100000000000001,74.3,99.80000000000001,381.5,3457.0,1.44,47.400000000000006,14.99,7.04,35.94,28.96,1.0,382.0,1200.0
162961.745,76561.745,140.0,102.2,24.330000000000002,16.01,184.5,35.5,148.0,29.21,35.36,34.4,87.5,14.350000000000001,73.7,99.9,379.0,3464.0,1.49,47.35,14.97,6.97,35.96,29.01,0.0,376.5,1200.0
163021.745,76621.745,140.0,101.2,24.27,16.03,183.5,35.6,147.70000000000002,29.150000000000002,35.42,34.35,88.0,14.100000000000001,74.5,100.0,383.5,3462.0,1.42,47.300000000000004,14.98,7.04,36.06,28.95,0.0,382.0,1200.0
163081.745,76681.745,140.0,100.4,24.32,15.99,185.0,35.5,148.8,29.19,35.47,34.45,88.0,14.200000000000001,74.3,100.0,381.0,3459.0,1.33,47.45,14.98,6.99,36.07,29.03,0.0,375.0,1200.0
163141.745,76741.745,140.0,100.5,24.27,16.05,184.0,35.6,149.20000000000002,29.21,35.34,34.45,87.0,14.200000000000001,74.3,100.0,376.5,3459.0,1.28,47.550000000000004,15.0,7.01,36.04,28.990000000000002,0.0,382.5,1200.0
163201.745,76801.745,140.0,102.7,24.26,15.950000000000001,183.5,35.6,149.0,29.150000000000002,35.37,34.45,87.0,14.200000000000001,74.0,99.80000000000001,377.5,3457.0,1.37,47.300000000000004,14.97,7.0,36.050000000000004,28.95,5.0,381.5,1200.0
163261.745,76861.745,140.0,101.2,24.25,15.98,186.5,35.6,149.1,29.25,35.37,34.300000000000004,88.5,14.350000000000001,74.4,100.0,382.0,3454.0,1.29,47.400000000000006,14.99,6.97,35.9,29.04,0.0,382.0,1200.0
163321.745,76921.745,140.0,102.80000000000001,24.29,15.99,184.5,35.35,149.3,29.26,35.38,34.550000000000004,86.5,14.15,74.0,100.0,382.0,3461.0,1.25,47.35,15.05,6.99,35.980000000000004,28.92,0.0,384.5,1200.0
163381.745,76981.745,140.0,102.10000000000001,24.240000000000002,16.05,186.0,35.65,150.3,29.12,35.45,34.300000000000004,86.5,14.25,74.4,100.0,381.0,3458.0,1.33,47.300000000000004,15.030000000000001,7.03,35.99,29.03,0.0,379.5,1200.0
163441.745,77041.745,140.0,101.9,24.27,16.02,182.5,35.6,149.20000000000002,29.2,35.42,34.45,86.5,14.100000000000001,74.10000000000001,100.0,380.5,3457.0,1.53,47.5,14.98,6.98,35.96,29.02,0.0,380.0,1200.0
163501.745,77101.745,140.0,101.80000000000001,24.27,16.03,183.5,35.6,150.0,29.240000000000002,35.4,34.35,89.0,14.100000000000001,74.7,100.0,380.5,3458.0,1.4000000000000001,47.400000000000006,15.01,7.03,35.93,29.01,1.0,379.5,1200.0
163561.744,77161.744,140.0,102.10000000000001,24.330000000000002,15.950000000000001,183.5,35.550000000000004,149.20000000000002,29.16,35.37,34.5,89.0,14.100000000000001,74.3,100.0,379.0,3459.0,1.53,47.45,15.02,6.94,36.14,28.98,0.0,378.5,1200.0
163621.744,77221.744,140.0,101.60000000000001,24.28,16.080000000000002,186.0,35.550000000000004,148.8,29.150000000000002,35.4,34.6,86.5,14.350000000000001,74.2,100.0,384.0,3461.0,1.3800000000000001,47.550000000000004,14.93,6.99,35.99,28.990000000000002,0.0,383.5,1200.0
163681.744,77281.744,140.0,102.10000000000001,24.310000000000002,16.03,185.0,35.4,148.0,29.26,35.31,34.550000000000004,88.0,14.15,74.2,99.60000000000001,382.5,3459.0,1.45,47.45,15.030000000000001,7.0,35.96,28.96,1.0,375.0,1200.0
163741.744,77341.744,140.0,101.9,24.330000000000002,15.93,183.5,35.65,148.5,29.17,35.300000000000004,34.4,89.5,14.200000000000001,74.5,99.9,378.0,3459.0,1.48,47.45,14.98,6.98,35.980000000000004,29.04,1.0,379.5,1200.0
163801.744,77401.744,140.0,103.0,24.330000000000002,15.950000000000001,182.0,35.6,148.6,29.22,35.4,34.4,87.0,14.25,75.0,100.0,383.5,3464.0,1.53,47.5,15.05,6.98,35.97,28.95,0.0,375.5,1200.0
163861.744,77461.744,140.0,102.0,24.3,15.94,183.0,35.5,150.0,29.22,35.43,34.4,87.5,14.200000000000001,74.4,99.60000000000001,376.5,3466.0,1.56,47.400000000000006,15.02,6.99,36.01,28.98,0.0,380.5,1200.0
163921.744,77521.744,140.0,101.9,24.35,16.02,183.5,35.6,146.70000000000002,29.240000000000002,35.49,34.4,85.5,14.200000000000001,74.4,99.60000000000001,377.5,3465.0,1.31,47.400000000000006,14.97,6.99,35.99,29.11,1.0,378.0,1200.0
163981.744,77581.744,140.0,101.2,24.39,16.07,185.5,35.6,148.9,29.18,35.42,34.4,87.5,14.25,74.7,100.0,385.5,3465.0,1.52,47.6,14.97,6.94,35.93,29.03,0.0,382.0,1200.0
164041.744,77641.744,140.0,102.30000000000001,24.310000000000002,16.05,186.0,35.6,148.9,29.19,35.44,34.45,88.0,14.350000000000001,73.8,100.0,389.0,3468.0,1.47,47.650000000000006,15.0,7.0200000000000005,36.06,29.14,0.0,387.0,1200.0
164101.744,77701.744,140.0,101.5,24.38,16.01,184.0,35.5,147.70000000000002,29.43,35.37,34.35,87.0,14.15,74.3,100.0,385.0,3473.0,1.22,47.6,14.96,7.05,36.01,28.96,0.0,384.0,1200.0
164161.744,77761.744,140.0,102.5,24.29,16.02,184.5,35.6,148.3,29.35,35.57,34.4,88.5,14.25,74.4,99.80000000000001,380.0,3467.0,1.45,47.5,14.99,6.95,35.92,29.05,1.0,383.5,1200.0
164221.744,77821.744,140.0,102.2,24.39,16.01,186.5,35.7,149.1,29.36,35.45,34.4,88.0,14.200000000000001,74.7,100.0,381.5,3470.0,1.42,47.5,15.05,7.0,35.980000000000004,28.92,0.0,383.5,1200.0
164281.744,77881.744,140.0,100.4,24.310000000000002,15.96,185.0,35.7,149.70000000000002,29.32,35.58,34.65,88.0,14.100000000000001,74.0,99.7,384.0,3467.0,1.51,47.7,14.93,7.0600000000000005,36.02,29.080000000000002,0.0,382.0,1200.0
164341.744,77941.744,140.0,101.5,24.28,15.99,184.5,35.6,148.0,29.23,35.550000000000004,34.45,89.0,14.200000000000001,74.3,99.80000000000001,380.0,3474.0,1.36,47.650000000000006,14.99,7.05,36.050000000000004,28.87,2.0,385.0,1200.0
164401.744,78001.744,140.0,102.4,24.32,15.98,186.0,35.85,149.1,29.29,35.49,34.5,90.0,14.25,74.0,99.7,390.5,3471.0,1.54,47.7,15.0,6.96,35.86,28.97,0.0,388.5,1200.0
164461.744,78061.744,140.0,101.80000000000001,24.38,15.96,184.5,35.75,147.4,29.34,35.58,34.550000000000004,88.0,14.3,75.0,100.0,383.0,3477.0,1.53,47.75,14.92,7.0600000000000005,35.97,29.05,0.0,384.5,1200.0
164521.744,78121.744,140.0,102.9,24.310000000000002,16.03,184.5,35.800000000000004,149.70000000000002,29.310000000000002,35.61,34.65,88.0,14.15,74.0,100.0,389.5,3476.0,1.49,47.900000000000006,15.01,6.92,36.04,28.990000000000002,1.0,385.0,1200.0
164581.744,78181.744,140.0,103.9,24.38,16.03,184.0,35.65,149.6,29.35,35.65,34.6,88.0,14.25,73.8,99.60000000000001,394.0,3480.0,1.46,47.85,14.99,7.03,36.04,28.97,2.0,390.0,1200.0
164641.744,78241.744,140.0,102.60000000000001,24.310000000000002,16.02,185.5,35.85,150.6,29.39,35.7,34.6,88.0,14.200000000000001,73.9,100.0,388.5,3479.0,1.3900000000000001,47.800000000000004,14.92,7.01,35.980000000000004,28.97,0.0,390.0,1200.0
164701.744,78301.744,140.0,102.30000000000001,24.35,15.98,185.0,35.800000000000004,149.9,29.45,35.68,34.550000000000004,85.0,14.15,74.2,100.0,386.0,3473.0,1.4000000000000001,47.85,14.98,6.95,35.99,29.0,0.0,382.5,1200.0
164761.744,78361.744,140.0,102.4,24.26,16.03,184.5,35.9,149.6,29.45,35.6,34.6,86.5,14.15,74.3,100.0,391.0,3482.0,1.52,47.800000000000004,14.99,7.01,35.93,29.04,3.0,387.0,1200.0
164821.744,78421.744,140.0,102.9,24.47,16.01,186.0,35.800000000000004,150.0,29.53,35.72,34.65,88.0,14.05,73.8,100.0,387.5,3483.0,1.45,47.95,14.950000000000001,6.92,35.980000000000004,28.98,1.0,388.0,1200.0
164881.744,78481.744,140.0,103.0,24.35,15.96,187.0,35.85,148.6,29.47,35.71,34.6,88.5,14.25,74.0,99.7,386.5,3479.0,1.53,48.0,15.02,7.01,35.910000000000004,29.07,0.0,388.0,1200.0
164941.744,78541.744,140.0,102.9,24.41,15.950000000000001,185.5,35.9,149.4,29.54,35.78,34.75,88.0,14.4,73.60000000000001,100.0,385.5,3476.0,1.34,48.050000000000004,14.99,7.01,35.980000000000004,28.98,0.0,386.0,1200.0
165001.744,78601.744,140.0,101.7,24.34,15.98,187.5,35.95,149.4,29.64,35.800000000000004,34.7,87.5,14.05,74.0,99.80000000000001,391.0,3486.0,1.3900000000000001,48.150000000000006,14.97,7.0,36.0,28.93,0.0,389.5,1200.0
165061.744,78661.744,140.0,102.2,24.330000000000002,16.04,188.0,35.9,148.9,29.55,35.85,34.75,88.0,14.25,73.10000000000001,100.0,393.5,3482.0,1.33,47.95,14.96,6.99,36.06,29.03,0.0,393.5,1200.0
165121.744,78721.744,140.0,101.5,24.310000000000002,15.97,186.0,36.050000000000004,148.5,29.59,35.79,34.7,90.0,14.200000000000001,73.60000000000001,100.0,390.0,3483.0,1.28,48.1,14.96,6.99,36.04,29.03,0.0,382.5,1200.0
165181.744,78781.744,140.0,103.5,24.26,16.02,185.5,36.1,148.5,29.51,35.77,34.65,87.5,14.15,73.60000000000001,100.0,392.5,3489.0,1.5,48.050000000000004,14.99,7.04,35.99,29.05,1.0,391.0,1200.0
165241.744,78841.744,140.0,102.2,24.3,15.99,187.5,35.9,148.70000000000002,29.54,35.88,34.550000000000004,89.0,14.200000000000001,73.3,100.0,389.0,3488.0,1.31,47.95,14.950000000000001,6.99,36.04,29.03,0.0,394.0,1200.0
165301.744,78901.744,140.0,102.2,24.39,16.03,183.5,35.85,150.3,29.48,35.800000000000004,34.65,88.0,14.15,73.7,99.7,385.0,3487.0,1.48,48.1,15.11,6.99,35.99,28.97,0.0,386.5,1200.0
165361.744,78961.744,140.0,101.30000000000001,24.32,15.94,187.5,35.9,149.3,29.53,35.81,34.800000000000004,87.0,14.25,73.5,100.0,397.5,3486.0,1.35,48.25,15.040000000000001,7.05,35.92,28.97,0.0,391.5,1200.0
165421.744,79021.744,140.0,100.30000000000001,24.37,16.0,188.0,35.95,150.0,29.46,35.78,34.7,87.0,14.15,74.10000000000001,100.0,389.0,3488.0,1.48,48.2,15.05,6.98,35.92,29.060000000000002,0.0,390.5,1200.0
165481.744,79081.744,140.0,101.80000000000001,24.36,16.01,186.5,35.9,148.9,29.48,35.74,34.75,86.5,14.15,74.2,100.0,391.5,3483.0,1.22,48.1,15.01,6.98,35.97,28.990000000000002,0.0,387.5,1200.0
165541.744,79141.744,140.0,101.5,24.32,15.99,186.5,36.0,149.1,29.52,35.77,34.7,88.0,14.200000000000001,74.2,100.0,392.0,3486.0,1.33,48.050000000000004,15.08,7.01,35.99,29.04,1.0,387.0,1200.0
165601.744,79201.744,140.0,101.60000000000001,24.32,15.99,187.0,35.800000000000004,148.0,29.52,35.68,34.5,87.0,14.25,73.8,99.5,391.5,3487.0,1.3800000000000001,48.050000000000004,14.98,7.01,36.02,28.91,0.0,388.5,1200.0
165661.744,79261.744,140.0,102.30000000000001,24.28,15.99,185.0,35.95,148.0,29.5,35.69,34.7,91.0,14.15,74.3,100.0,391.0,3487.0,1.3800000000000001,48.050000000000004,14.96,7.04,35.94,29.0,0.0,393.0,1200.0
165721.744,79321.744,140.0,101.5,24.36,16.02,187.5,35.95,148.0,29.580000000000002,35.77,34.65,88.5,14.200000000000001,73.60000000000001,99.80000000000001,390.0,3488.0,1.29,48.150000000000006,14.98,6.98,35.96,28.96,0.0,389.0,1200.0
165781.744,79381.744,140.0,102.2,24.32,16.0,187.0,36.0,149.6,29.44,35.67,34.7,88.0,14.100000000000001,73.9,100.0,394.0,3484.0,1.43,48.1,15.030000000000001,6.95,35.99,29.07,0.0,393.0,1200.0
165841.744,79441.744,140.0,103.4,24.36,16.04,186.0,35.95,148.9,29.54,35.7,34.6,86.0,14.200000000000001,74.10000000000001,100.0,392.0,3482.0,1.4000000000000001,48.2,15.030000000000001,6.95,35.95,29.05,0.0,387.0,1200.0
165901.744,79501.744,140.0,101.9,24.35,16.03,186.5,35.95,148.20000000000002,29.51,35.71,34.65,89.0,14.450000000000001,74.2,99.9,390.0,3484.0,1.29,48.300000000000004,15.0,7.0600000000000005,35.93,29.01,0.0,388.0,1200.0
165961.744,79561.744,140.0,101.7,24.34,15.96,186.0,35.75,147.3,29.490000000000002,35.660000000000004,34.45,88.5,14.200000000000001,74.60000000000001,100.0,382.5,3487.0,1.34,48.300000000000004,14.96,7.04,35.97,28.95,0.0,389.0,1200.0
166021.744,79621.744,140.0,100.7,24.310000000000002,16.02,185.5,35.85,148.4,29.45,35.62,34.5,86.0,14.200000000000001,73.4,99.7,392.5,3483.0,1.4000000000000001,48.1,15.05,7.01,36.0,29.060000000000002,0.0,386.5,1200.0
166081.744,79681.744,140.0,103.5,24.34,16.02,187.0,36.0,148.9,29.54,35.67,34.6,89.5,14.3,74.2,100.0,387.5,3487.0,1.3900000000000001,48.150000000000006,14.97,7.01,36.12,29.0,0.0,386.0,1200.0
166141.744,79741.744,140.0,102.60000000000001,24.35,15.99,185.5,35.95,148.3,29.43,35.63,34.75,85.0,14.25,75.10000000000001,100.0,387.5,3482.0,1.51,48.2,14.98,6.94,36.1,28.98,2.0,387.0,1200.0
166201.744,79801.744,140.0,102.0,24.38,16.05,186.5,35.800000000000004,149.3,29.44,35.61,34.5,86.5,14.05,74.5,100.0,387.0,3491.0,1.22,48.150000000000006,14.98,7.05,36.03,29.01,0.0,388.0,1200.0
166261.744,79861.744,140.0,101.30000000000001,24.34,15.96,184.5,35.800000000000004,148.9,29.44,35.64,34.550000000000004,86.5,14.200000000000001,74.4,99.9,387.5,3489.0,1.55,48.25,14.91,6.97,35.980000000000004,28.91,0.0,385.5,1200.0
166321.744,79921.744,140.0,101.4,24.400000000000002,16.02,185.5,35.75,149.70000000000002,29.47,35.660000000000004,34.550000000000004,90.0,14.200000000000001,74.3,100.0,391.0,3487.0,1.45,48.1,14.96,7.0,35.99,28.94,0.0,389.0,1200.0
166381.744,79981.744,140.0,101.60000000000001,24.35,16.080000000000002,185.5,35.9,148.6,29.400000000000002,35.64,34.6,88.5,14.200000000000001,74.10000000000001,100.0,386.5,3485.0,1.3800000000000001,48.1,14.97,6.99,36.02,28.990000000000002,0.0,384.5,1200.0
166441.744,80041.744,140.0,101.9,24.38,16.01,187.5,35.800000000000004,149.5,29.46,35.660000000000004,34.65,86.5,14.200000000000001,74.0,99.80000000000001,387.0,3488.0,1.45,48.25,14.92,7.04,36.01,29.03,0.0,388.5,1200.0
166501.744,80101.744,140.0,100.9,24.38,15.98,186.0,35.75,150.5,29.45,35.59,34.65,86.5,14.15,74.0,99.9,386.0,3491.0,1.29,48.1,15.040000000000001,7.0200000000000005,36.01,29.0,1.0,391.5,1200.0
166561.744,80161.744,140.0,102.0,24.330000000000002,16.03,186.5,35.800000000000004,148.8,29.36,35.67,34.550000000000004,87.0,14.200000000000001,74.3,99.9,391.5,3484.0,1.3800000000000001,48.050000000000004,14.97,7.01,36.0,29.01,0.0,387.0,1200.0
166621.744,80221.744,140.0,101.5,24.330000000000002,16.04,185.5,35.800000000000004,148.4,29.45,35.59,34.6,87.0,14.3,74.2,99.80000000000001,387.5,3480.0,1.29,48.1,14.98,7.0200000000000005,36.04,29.03,0.0,395.5,1200.0
166681.744,80281.744,140.0,102.30000000000001,24.34,15.93,185.0,35.800000000000004,148.8,29.330000000000002,35.58,34.6,87.0,14.25,74.0,99.80000000000001,386.5,3486.0,1.47,48.150000000000006,14.98,7.01,35.96,29.0,3.0,384.5,1200.0
166741.744,80341.744,140.0,102.10000000000001,24.330000000000002,15.92,185.0,35.800000000000004,148.4,29.34,35.62,34.6,87.0,14.200000000000001,73.8,99.4,391.0,3486.0,1.24,48.050000000000004,14.97,7.05,36.04,29.02,0.0,387.0,1200.0
166801.744,80401.744,140.0,101.0,24.39,16.0,184.5,35.85,149.1,29.35,35.660000000000004,34.5,90.5,14.25,74.5,99.7,386.0,3487.0,1.49,48.150000000000006,15.040000000000001,7.03,36.04,28.990000000000002,0.0,386.5,1200.0
166861.744,80461.744,140.0,101.60000000000001,24.38,16.01,185.0,35.65,148.3,29.32,35.63,34.65,85.5,14.25,74.5,100.0,386.5,3486.0,1.41,48.1,15.030000000000001,7.0200000000000005,36.0,29.03,0.0,390.5,1200.0
166921.744,80521.744,140.0,101.0,24.35,16.02,184.5,35.65,148.1,29.330000000000002,35.65,34.6,87.5,14.200000000000001,74.60000000000001,100.0,392.0,3488.0,1.3900000000000001,48.150000000000006,14.96,7.04,35.980000000000004,29.01,3.0,389.0,1200.0
166981.744,80581.744,140.0,101.80000000000001,24.41,16.06,185.5,35.800000000000004,146.9,29.42,35.63,34.6,88.5,14.15,74.3,100.0,388.5,3487.0,1.5,48.150000000000006,15.02,7.04,35.99,28.93,0.0,383.0,1200.0
167041.744,80641.744,140.0,102.5,24.3,15.96,185.0,35.9,149.5,29.38,35.62,34.550000000000004,86.5,14.3,74.3,100.0,389.0,3488.0,1.37,48.2,15.0,7.03,35.980000000000004,28.98,1.0,391.5,1200.0
167101.744,80701.744,140.0,102.80000000000001,24.36,16.09,187.0,36.0,148.20000000000002,29.37,35.72,34.550000000000004,89.0,14.100000000000001,74.5,100.0,389.5,3490.0,1.55,48.1,14.99,7.0,36.050000000000004,28.990000000000002,0.0,390.0,1200.0
167161.744,80761.744,140.0,102.30000000000001,24.36,15.950000000000001,183.5,35.75,150.3,29.42,35.58,34.6,88.5,14.3,74.10000000000001,100.0,391.0,3492.0,1.49,48.050000000000004,15.01,7.0200000000000005,36.07,28.990000000000002,1.0,389.0,1200.0
167221.744,80821.744,140.0,104.2,24.41,16.02,186.0,35.75,149.6,29.44,35.63,34.7,90.0,14.25,74.5,99.80000000000001,390.0,3489.0,1.36,48.050000000000004,14.98,6.93,36.0,29.04,2.0,387.0,1200.0
167281.744,80881.744,140.0,103.30000000000001,24.34,16.02,186.0,35.85,149.20000000000002,29.42,35.64,34.65,89.0,14.15,74.5,99.80000000000001,390.0,3491.0,1.41,48.050000000000004,15.040000000000001,7.0,36.01,28.94,0.0,387.5,1200.0
167341.744,80941.744,140.0,101.30000000000001,24.37,15.98,187.0,35.9,149.20000000000002,29.37,35.7,34.6,88.0,14.15,74.0,99.9,390.0,3491.0,1.43,48.150000000000006,14.99,7.05,35.95,29.01,0.0,389.0,1200.0
167401.744,81001.744,140.0,102.4,24.39,15.98,185.5,35.9,149.0,29.45,35.730000000000004,34.65,88.0,14.15,74.8,99.9,390.5,3494.0,1.3,48.050000000000004,14.96,7.05,36.02,28.990000000000002,1.0,387.5,1200.0
167461.744,81061.744,140.0,103.2,24.35,15.99,184.5,35.85,149.0,29.34,35.58,34.550000000000004,87.0,14.100000000000001,74.10000000000001,100.0,388.0,3490.0,1.43,48.150000000000006,15.02,7.03,36.01,29.0,0.0,389.5,1200.0
167521.744,81121.744,140.0,101.30000000000001,24.310000000000002,15.92,186.5,36.1,147.9,29.39,35.6,34.5,88.5,14.15,74.4,100.0,391.5,3490.0,1.41,48.2,15.01,6.91,35.980000000000004,29.060000000000002,0.0,391.5,1200.0
167581.743,81181.743,140.0,99.60000000000001,24.37,15.94,184.5,35.9,148.5,29.42,35.63,34.65,88.5,14.3,74.8,100.0,394.5,3494.0,1.48,48.35,15.06,6.95,36.0,29.07,1.0,392.0,1200.0
167641.743,81241.743,140.0,101.4,24.36,15.91,186.5,35.75,149.4,29.44,35.61,34.6,86.5,14.100000000000001,74.4,99.9,387.0,3489.0,1.33,48.35,14.98,7.03,35.92,29.07,1.0,386.5,1200.0
167701.743,81301.743,140.0,101.30000000000001,24.330000000000002,16.03,185.5,35.85,149.6,29.34,35.63,34.65,88.0,14.100000000000001,74.3,99.9,390.0,3490.0,1.33,48.300000000000004,14.96,6.98,35.88,29.060000000000002,0.0,392.0,1200.0
167761.743,81361.743,140.0,102.5,24.38,15.91,183.5,35.800000000000004,147.6,29.36,35.6,34.6,89.5,14.15,74.2,100.0,384.0,3481.0,1.41,48.150000000000006,15.0,7.04,36.03,28.97,0.0,388.0,1200.0
167821.743,81421.743,140.0,103.30000000000001,24.26,16.03,185.5,35.75,148.5,29.39,35.58,34.6,88.0,14.15,74.0,99.60000000000001,391.0,3484.0,1.3800000000000001,48.25,15.030000000000001,7.01,36.07,29.0,0.0,387.0,1200.0
167881.743,81481.743,140.0,102.30000000000001,24.310000000000002,16.02,183.5,35.800000000000004,147.6,29.29,35.6,34.5,88.0,14.3,74.2,100.0,385.0,3485.0,1.36,48.0,15.02,6.95,35.94,28.98,2.0,385.5,1200.0
167941.743,81541.743,140.0,99.80000000000001,24.32,15.92,185.0,35.85,149.5,29.21,35.54,34.35,87.5,14.200000000000001,74.2,100.0,387.5,3477.0,1.6300000000000001,48.25,15.040000000000001,7.0600000000000005,35.93,28.93,0.0,387.5,1200.0
168001.743,81601.743,140.0,101.10000000000001,24.3,16.0,185.0,35.75,148.20000000000002,29.35,35.54,34.45,86.5,14.100000000000001,74.3,100.0,387.0,3479.0,1.32,48.2,14.98,6.96,35.97,28.96,0.0,388.5,1200.0
168061.743,81661.743,140.0,100.2,24.39,15.98,188.5,35.65,149.6,29.38,35.47,34.45,86.0,14.15,73.7,99.7,384.0,3480.0,1.34,48.150000000000006,14.99,7.0200000000000005,35.9,28.97,1.0,387.5,1200.0
168121.743,81721.743,140.0,101.5,24.38,15.96,185.5,35.75,149.1,29.310000000000002,35.410000000000004,34.4,88.0,14.25,74.60000000000001,99.80000000000001,383.5,3473.0,1.27,47.900000000000006,15.05,6.98,35.97,28.97,0.0,380.5,1200.0
168181.743,81781.743,140.0,102.10000000000001,24.36,16.01,185.0,35.65,148.5,29.35,35.46,34.5,88.0,14.3,74.5,100.0,387.5,3480.0,1.34,48.150000000000006,14.950000000000001,6.98,36.03,29.04,5.0,382.5,1200.0
168241.743,81841.743,140.0,101.9,24.35,16.06,186.5,35.85,150.0,29.34,35.480000000000004,34.35,88.0,14.15,74.4,99.7,388.5,3480.0,1.52,47.95,14.98,7.0,35.97,29.02,2.0,383.5,1200.0
168301.743,81901.743,140.0,101.2,24.3,16.01,187.0,35.85,148.6,29.35,35.550000000000004,34.550000000000004,89.0,14.25,74.0,100.0,383.0,3480.0,1.43,47.95,14.98,7.0600000000000005,35.99,29.03,0.0,386.5,1200.0
168361.743,81961.743,140.0,101.5,24.29,16.01,185.5,35.85,148.0,29.23,35.5,34.550000000000004,87.0,14.15,74.3,100.0,383.0,3476.0,1.4000000000000001,47.95,15.030000000000001,7.03,35.84,28.98,2.0,392.5,1200.0
168421.743,82021.743,140.0,102.60000000000001,24.38,15.98,186.0,35.6,150.20000000000002,29.32,35.51,34.5,88.0,14.100000000000001,74.4,99.9,384.5,3473.0,1.51,47.900000000000006,15.030000000000001,6.99,35.97,29.03,1.0,386.0,1200.0
168481.743,82081.743,140.0,102.2,24.32,16.01,183.5,35.7,148.1,29.37,35.6,34.6,88.0,14.05,74.60000000000001,100.0,382.5,3474.0,1.33,47.85,15.06,6.95,36.03,29.03,0.0,388.0,1200.0
168541.743,82141.743,140.0,100.9,24.36,15.94,187.0,35.75,150.6,29.310000000000002,35.56,34.550000000000004,88.0,14.25,74.60000000000001,100.0,387.0,3470.0,1.44,47.75,14.97,7.0200000000000005,36.07,28.98,0.0,387.0,1200.0
168601.743,82201.743,140.0,102.80000000000001,24.32,16.02,183.5,35.75,149.8,29.3,35.6,34.45,88.0,14.15,74.10000000000001,99.9,387.5,3472.0,1.25,47.85,14.950000000000001,6.98,35.97,29.07,0.0,389.5,1200.0
168661.743,82261.743,140.0,101.9,24.32,15.94,184.5,35.800000000000004,148.9,29.32,35.480000000000004,34.550000000000004,86.5,14.25,74.2,99.7,385.5,3480.0,1.41,47.900000000000006,15.040000000000001,6.99,36.0,28.94,4.0,385.5,1200.0
168721.743,82321.743,140.0,101.60000000000001,24.41,16.03,185.5,35.65,149.4,29.27,35.47,34.5,86.5,14.200000000000001,74.10000000000001,100.0,389.5,3476.0,1.32,47.800000000000004,15.05,7.04,36.04,28.98,0.0,383.0,1200.0
168781.743,82381.743,140.0,101.80000000000001,24.39,15.98,183.5,35.75,149.70000000000002,29.21,35.410000000000004,34.45,85.0,14.15,74.2,99.80000000000001,385.0,3476.0,1.44,47.75,15.0,7.03,35.94,29.04,0.0,383.0,1200.0
168841.743,82441.743,140.0,100.7,24.3,15.98,183.5,35.7,148.5,29.28,35.43,34.300000000000004,86.5,14.15,74.60000000000001,100.0,384.5,3472.0,1.44,48.0,15.030000000000001,7.01,36.03,29.13,0.0,384.5,1200.0
168901.743,82501.743,140.0,101.2,24.32,15.950000000000001,185.0,35.550000000000004,150.0,29.22,35.39,34.300000000000004,88.0,14.200000000000001,74.3,99.5,380.0,3468.0,1.43,47.7,14.94,7.0200000000000005,35.96,28.95,0.0,381.5,1200.0
168961.743,82561.743,140.0,102.10000000000001,24.25,16.01,184.0,35.6,148.0,29.28,35.45,34.35,86.5,14.3,73.9,99.9,382.5,3467.0,1.35,47.75,15.02,7.03,36.03,29.07,0.0,380.5,1200.0
169021.743,82621.743,140.0,102.10000000000001,24.38,16.01,184.5,35.65,150.0,29.150000000000002,35.42,34.4,84.5,14.25,74.5,100.0,381.5,3464.0,1.4000000000000001,47.85,15.030000000000001,6.99,35.980000000000004,28.990000000000002,0.0,389.0,1200.0
169081.743,82681.743,140.0,102.4,24.29,15.94,183.0,35.6,148.1,29.19,35.4,34.45,88.5,14.25,74.10000000000001,100.0,378.5,3463.0,1.35,47.75,14.97,7.0200000000000005,36.0,29.02,2.0,383.0,1200.0
169141.743,82741.743,140.0,103.10000000000001,24.240000000000002,16.0,184.0,35.550000000000004,148.1,29.09,35.32,34.4,87.5,14.15,74.10000000000001,99.9,381.0,3461.0,1.43,47.75,14.98,6.95,36.04,29.0,0.0,382.0,1200.0
169201.743,82801.743,140.0,102.2,24.29,16.02,183.5,35.6,150.3,29.12,35.34,34.4,85.5,14.3,74.4,100.0,377.0,3459.0,1.24,47.7,14.97,6.96,36.050000000000004,28.990000000000002,1.0,379.5,1200.0
169261.743,82861.743,140.0,101.30000000000001,24.23,16.01,185.5,35.6,148.6,29.17,35.410000000000004,34.550000000000004,86.5,14.05,73.9,100.0,384.0,3462.0,1.4000000000000001,47.6,15.030000000000001,7.01,36.03,29.1,0.0,380.0,1200.0
169321.743,82921.743,140.0,102.0,24.35,15.96,184.5,35.550000000000004,149.6,29.14,35.45,34.25,87.0,14.350000000000001,74.5,100.0,380.5,3462.0,1.4000000000000001,47.6,14.97,6.97,36.09,29.01,4.0,377.0,1200.0
169381.743,82981.743,140.0,102.4,24.35,16.04,185.5,35.5,149.20000000000002,29.1,35.29,34.4,85.0,14.100000000000001,74.10000000000001,99.9,381.0,3461.0,1.41,47.550000000000004,15.0,7.01,36.050000000000004,28.93,0.0,380.0,1200.0
169441.743,83041.743,140.0,103.30000000000001,24.25,16.01,183.0,35.550000000000004,148.70000000000002,29.150000000000002,35.39,34.45,87.0,14.200000000000001,74.10000000000001,100.0,382.0,3455.0,1.57,47.45,15.0,6.97,35.99,28.95,0.0,381.5,1200.0
169501.743,83101.743,140.0,103.7,24.3,15.94,183.0,35.7,149.0,29.14,35.43,34.2,86.0,14.3,73.8,99.80000000000001,378.0,3465.0,1.37,47.550000000000004,15.07,6.92,35.96,28.94,0.0,380.0,1200.0
169561.743,83161.743,140.0,102.60000000000001,24.25,15.950000000000001,184.0,35.6,148.20000000000002,29.14,35.4,34.35,90.0,14.15,74.0,100.0,381.0,3452.0,1.46,47.45,15.030000000000001,7.03,36.02,29.14,0.0,380.5,1200.0
169621.743,83221.743,140.0,103.2,24.35,15.96,188.0,35.6,149.1,29.27,35.43,34.35,88.0,14.350000000000001,74.7,99.5,380.5,3463.0,1.45,47.7,14.950000000000001,6.92,35.9,29.11,1.0,379.0,1200.0
169681.743,83281.743,140.0,101.80000000000001,24.32,15.98,182.0,35.65,147.9,29.22,35.39,34.35,87.0,14.25,74.0,100.0,381.5,3461.0,1.3800000000000001,47.550000000000004,15.040000000000001,7.0,35.93,29.02,0.0,382.5,1200.0
169741.743,83341.743,140.0,101.80000000000001,24.330000000000002,15.92,184.0,35.65,149.9,29.2,35.36,34.35,89.0,14.100000000000001,74.5,100.0,378.0,3455.0,1.47,47.35,15.040000000000001,7.07,36.08,29.0,1.0,377.0,1200.0
169801.743,83401.743,140.0,101.4,24.330000000000002,16.01,183.0,35.5,149.70000000000002,29.27,35.45,34.25,89.5,14.05,74.4,99.9,381.5,3453.0,1.19,47.400000000000006,15.06,6.97,36.01,29.01,1.0,380.0,1200.0
169861.743,83461.743,140.0,101.10000000000001,24.29,15.92,182.0,35.6,150.0,29.23,35.36,34.300000000000004,88.5,14.200000000000001,73.5,99.9,383.0,3458.0,1.41,47.400000000000006,15.0,7.0,35.980000000000004,28.94,1.0,378.5,1200.0
169921.743,83521.743,140.0,101.2,24.3,16.0,182.5,35.550000000000004,149.6,29.25,35.33,34.300000000000004,86.0,14.200000000000001,74.5,99.9,374.0,3456.0,1.44,47.45,14.950000000000001,7.0600000000000005,35.94,28.93,2.0,380.0,1200.0
169981.743,83581.743,140.0,101.80000000000001,24.38,15.93,183.0,35.550000000000004,147.20000000000002,29.26,35.38,34.300000000000004,87.5,14.200000000000001,74.10000000000001,100.0,378.0,3455.0,1.4000000000000001,47.45,15.05,7.03,36.0,29.03,0.0,381.5,1200.0
170041.743,83641.743,140.0,101.10000000000001,24.3,15.93,186.0,35.550000000000004,149.20000000000002,29.27,35.36,34.4,87.5,14.200000000000001,75.0,100.0,380.0,3462.0,1.32,47.400000000000006,14.94,6.96,36.03,29.01,0.0,378.0,1200.0
170101.743,83701.743,140.0,100.4,24.29,15.94,184.5,35.65,147.8,29.07,35.33,34.300000000000004,91.5,14.100000000000001,74.3,100.0,377.0,3457.0,1.56,47.550000000000004,15.05,7.08,36.01,29.07,1.0,384.5,1200.0
170161.743,83761.743,140.0,103.0,24.330000000000002,15.93,184.5,35.550000000000004,148.3,29.04,35.36,34.25,85.5,14.15,74.10000000000001,100.0,381.5,3459.0,1.37,47.5,15.0,7.05,35.980000000000004,28.95,0.0,379.0,1200.0
170221.743,83821.743,140.0,100.9,24.29,16.0,184.5,35.550000000000004,149.9,29.11,35.4,34.35,85.5,14.15,74.60000000000001,99.7,382.5,3457.0,1.47,47.400000000000006,15.01,6.95,36.02,29.01,1.0,380.0,1200.0
170281.743,83881.743,140.0,101.60000000000001,24.36,16.05,183.0,35.7,149.3,29.25,35.38,34.300000000000004,87.5,14.15,73.7,99.9,382.5,3460.0,1.3800000000000001,47.300000000000004,15.06,7.0,35.95,28.97,0.0,377.0,1200.0
170341.743,83941.743,140.0,102.2,24.41,16.02,183.0,35.5,150.1,29.1,35.28,34.4,85.0,14.350000000000001,74.3,100.0,377.0,3460.0,1.28,47.5,15.02,7.01,35.910000000000004,29.03,0.0,381.0,1200.0
170401.743,84001.743,140.0,101.60000000000001,24.36,15.96,186.5,35.45,149.6,29.14,35.300000000000004,34.35,88.5,14.200000000000001,75.0,100.0,377.0,3459.0,1.33,47.400000000000006,15.02,6.94,35.980000000000004,29.11,0.0,386.0,1200.0
170461.743,84061.743,140.0,102.10000000000001,24.3,15.98,183.0,35.4,150.20000000000002,29.1,35.31,34.300000000000004,87.0,14.200000000000001,74.3,99.9,382.0,3456.0,1.37,47.45,14.96,7.07,35.94,29.05,0.0,382.0,1200.0
170521.743,84121.743,140.0,103.0,24.330000000000002,16.01,183.0,35.6,148.4,29.12,35.34,34.4,86.0,14.100000000000001,74.5,100.0,378.0,3455.0,1.33,47.35,14.92,6.96,36.02,28.96,0.0,384.0,1200.0
170581.743,84181.743,140.0,101.0,24.25,15.97,181.5,35.7,148.0,29.18,35.300000000000004,34.300000000000004,86.5,14.05,74.3,99.9,381.0,3462.0,1.44,47.35,15.0,6.97,36.0,28.98,1.0,378.5,1200.0
170641.743,84241.743,140.0,102.0,24.240000000000002,15.97,183.0,35.45,148.3,29.13,35.19,34.2,87.0,14.3,74.60000000000001,100.0,377.0,3457.0,1.43,47.45,14.97,6.99,35.93,28.990000000000002,2.0,380.0,1200.0
170701.743,84301.743,140.0,101.9,24.27,15.97,183.5,35.45,147.4,29.03,35.31,34.25,87.0,14.3,74.9,99.80000000000001,380.0,3461.0,1.45,47.35,14.98,6.97,36.04,29.03,1.0,381.5,1200.0
170761.743,84361.743,140.0,102.5,24.28,16.0,183.5,35.4,149.3,29.150000000000002,35.34,34.300000000000004,89.0,14.25,73.9,99.60000000000001,384.5,3461.0,1.33,47.400000000000006,15.05,6.93,35.980000000000004,29.080000000000002,0.0,379.5,1200.0
170821.743,84421.743,140.0,101.5,24.29,15.99,184.5,35.35,148.8,29.03,35.26,34.2,86.5,14.25,74.5,100.0,375.0,3456.0,1.34,47.400000000000006,14.96,6.98,35.97,28.95,2.0,374.0,1200.0
170881.743,84481.743,140.0,101.4,24.23,16.06,184.5,35.5,149.70000000000002,29.18,35.32,34.25,87.0,14.200000000000001,74.3,100.0,383.0,3459.0,1.32,47.300000000000004,14.99,7.03,35.94,28.990000000000002,0.0,376.5,1200.0
170941.743,84541.743,140.0,102.4,24.29,16.0,183.0,35.4,148.8,29.09,35.27,34.15,88.0,14.200000000000001,74.2,99.80000000000001,378.0,3447.0,1.52,47.5,14.99,6.98,35.97,28.990000000000002,0.0,380.0,1200.0
171001.743,84601.743,140.0,103.5,24.27,15.98,183.0,35.45,148.3,29.05,35.22,34.25,87.5,14.15,74.9,99.80000000000001,377.0,3455.0,1.45,47.45,15.05,6.99,35.97,28.98,0.0,377.5,1200.0
171061.743,84661.743,140.0,101.80000000000001,24.310000000000002,15.98,183.5,35.45,149.9,28.98,35.29,34.25,87.5,14.0,74.4,100.0,376.5,3451.0,1.26,47.45,14.950000000000001,7.0600000000000005,36.0,28.98,0.0,379.5,1200.0
171121.743,84721.743,140.0,99.5,24.310000000000002,15.98,183.0,35.5,148.9,29.05,35.22,34.1,88.0,14.4,74.4,99.80000000000001,377.0,3452.0,1.21,47.35,14.98,7.0,35.99,29.01,0.0,376.0,1200.0
171181.743,84781.743,140.0,102.0,24.27,15.99,182.0,35.4,149.4,29.080000000000002,35.160000000000004,34.300000000000004,88.0,14.25,74.2,99.80000000000001,375.5,3447.0,1.36,47.45,15.02,6.99,36.02,28.97,0.0,376.5,1200.0
171241.743,84841.743,140.0,102.2,24.36,15.96,183.5,35.45,149.0,29.12,35.22,34.35,87.0,14.100000000000001,74.4,100.0,380.0,3450.0,1.21,47.400000000000006,15.09,7.01,35.99,29.03,0.0,378.0,1200.0
171301.743,84901.743,140.0,103.5,24.26,16.09,183.0,35.5,150.20000000000002,29.05,35.27,34.15,89.5,14.200000000000001,74.2,100.0,379.0,3452.0,1.46,47.25,15.05,7.0200000000000005,35.99,29.03,0.0,380.5,1200.0
171361.743,84961.743,140.0,102.0,24.42,16.02,185.0,35.4,148.70000000000002,29.17,35.28,34.35,88.0,14.05,74.4,99.80000000000001,379.5,3453.0,1.18,47.400000000000006,15.01,6.94,35.92,29.080000000000002,0.0,378.5,1200.0
171421.743,85021.743,140.0,100.9,24.34,15.94,183.5,35.45,149.20000000000002,29.05,35.32,34.300000000000004,89.0,14.200000000000001,74.7,99.80000000000001,386.5,3452.0,1.5,47.35,15.01,6.95,35.92,28.990000000000002,0.0,378.5,1200.0
171481.743,85081.743,140.0,103.9,24.27,15.99,183.0,35.35,149.1,29.17,35.34,34.300000000000004,87.5,14.25,74.60000000000001,99.60000000000001,377.5,3456.0,1.31,47.300000000000004,14.92,7.04,35.95,29.0,0.0,381.0,1200.0
171541.743,85141.743,140.0,102.7,24.28,15.99,184.5,35.6,151.70000000000002,29.01,35.18,34.300000000000004,87.0,14.25,74.9,100.0,377.0,3451.0,1.33,47.2,14.97,6.91,35.96,29.02,0.0,382.5,1200.0
171601.743,85201.743,140.0,104.7,24.29,16.05,184.0,35.6,148.9,29.07,35.31,34.300000000000004,85.5,14.100000000000001,74.4,100.0,378.0,3456.0,1.53,47.300000000000004,15.0,7.04,35.92,29.09,0.0,382.5,1200.0
171661.743,85261.743,140.0,102.60000000000001,24.32,15.97,185.0,35.6,147.9,29.09,35.28,34.25,88.0,14.200000000000001,74.3,100.0,378.0,3456.0,1.35,47.45,15.02,7.0,35.99,29.05,0.0,380.0,1200.0
171721.743,85321.743,140.0,103.60000000000001,24.22,15.99,185.0,35.4,147.9,29.09,35.33,34.25,90.0,14.350000000000001,74.3,100.0,379.5,3463.0,1.47,47.300000000000004,14.99,7.05,35.96,29.0,0.0,376.0,1200.0
171781.743,85381.743,140.0,100.9,24.29,15.9,182.5,35.550000000000004,147.6,29.17,35.25,34.45,89.5,14.200000000000001,73.9,99.80000000000001,378.5,3464.0,1.41,47.45,14.96,7.04,35.94,29.04,2.0,382.0,1200.0
171841.743,85441.743,140.0,102.10000000000001,24.37,15.93,184.5,35.5,148.8,29.14,35.28,34.45,88.0,14.100000000000001,74.3,100.0,376.0,3461.0,1.29,47.45,14.99,7.01,35.96,28.96,0.0,380.0,1200.0
171901.743,85501.743,140.0,101.2,24.25,15.950000000000001,183.0,35.6,147.70000000000002,29.19,35.39,34.4,88.0,14.15,74.8,100.0,375.0,3457.0,1.34,47.35,15.0,7.04,36.09,29.03,0.0,378.5,1200.0
171961.743,85561.743,140.0,102.0,24.310000000000002,16.04,183.5,35.4,150.0,29.150000000000002,35.37,34.5,86.5,14.25,74.10000000000001,99.7,377.5,3451.0,1.42,47.400000000000006,15.09,6.97,35.96,28.95,0.0,382.0,1200.0
172021.743,85621.743,140.0,101.4,24.32,15.97,183.5,35.550000000000004,147.1,29.16,35.31,34.25,88.0,14.25,74.7,100.0,375.5,3463.0,1.54,47.400000000000006,14.98,7.0,35.95,29.07,0.0,380.0,1200.0
172081.743,85681.743,140.0,101.9,24.29,15.950000000000001,185.5,35.4,149.0,29.2,35.43,34.45,85.5,14.200000000000001,74.5,99.7,381.0,3457.0,1.48,47.300000000000004,14.94,6.94,36.0,29.060000000000002,0.0,382.0,1200.0
172141.743,85741.743,140.0,102.30000000000001,24.330000000000002,16.0,183.5,35.65,149.20000000000002,29.12,35.42,34.35,86.0,14.200000000000001,74.5,99.60000000000001,380.5,3459.0,1.4000000000000001,47.300000000000004,14.950000000000001,6.98,35.95,28.95,0.0,376.5,1200.0
172201.743,85801.743,140.0,101.7,24.26,16.080000000000002,185.5,35.550000000000004,149.1,29.21,35.38,34.4,87.0,14.25,74.3,100.0,384.0,3457.0,1.37,47.35,15.05,6.97,35.94,29.14,0.0,377.5,1200.0
172261.743,85861.743,140.0,100.9,24.310000000000002,15.98,184.0,35.550000000000004,149.0,29.2,35.46,34.35,86.5,14.05,74.5,100.0,377.5,3455.0,1.3900000000000001,47.35,14.98,7.03,35.95,29.05,1.0,380.0,1200.0
172321.743,85921.743,140.0,102.9,24.310000000000002,16.07,185.0,35.550000000000004,148.6,29.21,35.4,34.4,88.0,14.25,74.4,99.9,380.0,3460.0,1.52,47.35,14.99,7.04,35.97,28.91,0.0,382.0,1200.0
172381.743,85981.743,140.0,102.0,24.330000000000002,16.0,183.0,35.5,149.20000000000002,29.27,35.410000000000004,34.4,89.5,14.15,74.3,99.60000000000001,380.0,3458.0,1.28,47.6,15.06,6.95,36.050000000000004,28.95,0.0,381.5,1200.0
172441.742,86041.742,140.0,101.2,24.34,16.01,185.0,35.6,147.5,29.18,35.38,34.45,86.5,14.25,74.10000000000001,100.0,378.0,3461.0,1.48,47.35,14.98,7.0600000000000005,36.01,29.01,1.0,380.5,1200.0
172501.742,86101.742,140.0,102.30000000000001,24.330000000000002,15.99,186.0,35.65,151.6,29.19,35.4,34.45,87.5,14.3,74.10000000000001,99.7,383.0,3461.0,1.59,47.5,15.040000000000001,6.94,35.93,28.990000000000002,0.0,376.0,1200.0
172561.742,86161.742,140.0,101.30000000000001,24.22,16.01,185.0,35.45,148.6,29.16,35.31,34.300000000000004,87.0,14.200000000000001,74.2,99.60000000000001,380.5,3458.0,1.5,47.5,15.02,7.0600000000000005,35.99,28.94,0.0,379.0,1200.0
172621.742,86221.742,140.0,101.9,24.29,15.9,183.5,35.6,148.5,29.150000000000002,35.410000000000004,34.25,87.5,14.25,74.0,99.80000000000001,381.0,3464.0,1.5,47.400000000000006,14.950000000000001,6.98,36.0,29.05,1.0,381.5,1200.0
172681.742,86281.742,140.0,101.0,24.34,15.96,184.5,35.550000000000004,150.0,29.13,35.46,34.45,86.5,14.25,73.8,100.0,376.0,3459.0,1.3800000000000001,47.5,15.01,7.01,36.0,28.96,0.0,378.5,1200.0
172741.742,86341.742,140.0,100.10000000000001,24.29,15.92,185.0,35.5,148.4,29.11,35.44,34.300000000000004,87.0,14.05,74.3,100.0,377.5,3457.0,1.21,47.45,14.97,7.04,35.95,28.95,0.0,377.5,1200.0
