time_s,scenario_time_s,HT-CH-01-AMPS,HT-CH-01-CHWFLOW,HT-CH-01-CHWRT,HT-CH-01-CHWST,HT-CH-01-CONDP,HT-CH-01-CONDT,HT-CH-01-CWFLOW,HT-CH-01-CWRT,HT-CH-01-CWST,HT-CH-01-DISCT,HT-CH-01-EVAPP,HT-CH-01-EVAPT,HT-CH-01-EXV,HT-CH-01-IGV,HT-CH-01-KW,HT-CH-01-RPM,HT-CH-01-VIB,HT-CH-01-WINDT,PLANT-CHWRT,PLANT-CHWST,PLANT-CWRT,PLANT-CWST,PLANT-DP,PLANT-KW,PLANT-LOAD
0.0,0.0,140.0,101.60000000000001,24.35,15.97,184.5,36.0,148.1,29.52,35.78,34.6,90.5,15.65,76.0,100.0,359.0,3328.0,1.34,45.2,15.06,6.94,36.01,28.97,1.0,359.5,1200.0
63.126,0.0,140.0,103.60000000000001,24.38,16.04,186.5,36.050000000000004,149.9,29.47,35.68,34.7,93.0,15.450000000000001,75.5,99.80000000000001,362.0,3331.0,1.42,45.300000000000004,15.0,7.04,36.0,29.03,3.0,357.5,1200.0
123.467,0.0,140.0,100.7,24.38,15.93,184.5,35.800000000000004,149.0,29.52,35.64,34.550000000000004,92.0,15.55,75.8,100.0,361.5,3327.0,1.36,45.35,14.96,7.03,36.04,28.85,0.0,360.0,1200.0
183.622,0.0,140.0,102.10000000000001,24.310000000000002,15.950000000000001,186.5,35.9,149.3,29.51,35.730000000000004,34.65,92.0,15.65,75.5,99.7,358.0,3334.0,1.37,45.2,15.02,7.07,36.0,29.01,0.0,359.5,1200.0
243.71,0.0,140.0,101.30000000000001,24.38,15.97,184.0,35.800000000000004,147.9,29.43,35.67,34.45,91.5,15.65,75.60000000000001,99.80000000000001,357.5,3326.0,1.49,45.300000000000004,15.05,7.0,36.08,29.02,0.0,358.5,1200.0
303.764,0.0,140.0,101.10000000000001,24.38,15.92,184.0,35.75,148.1,29.43,35.6,34.6,90.0,15.8,76.2,99.7,357.0,3330.0,1.5,45.2,15.02,6.99,36.04,29.1,0.0,362.0,1200.0
363.8,0.0,140.0,102.80000000000001,24.330000000000002,16.04,184.5,35.75,146.70000000000002,29.43,35.61,34.45,91.5,15.600000000000001,76.10000000000001,99.5,356.0,3323.0,1.32,45.2,15.02,6.99,35.93,29.03,0.0,364.5,1200.0
423.825,0.0,140.0,101.2,24.36,15.99,185.5,35.9,150.3,29.400000000000002,35.63,34.6,92.0,15.600000000000001,75.4,99.5,352.0,3330.0,1.28,44.95,15.0,6.99,36.01,28.92,0.0,357.5,1200.0
483.842,0.0,140.0,104.0,24.35,16.04,185.0,35.800000000000004,150.20000000000002,29.42,35.49,34.550000000000004,92.0,15.55,75.9,99.9,356.0,3324.0,1.21,45.2,15.040000000000001,6.94,35.980000000000004,28.94,0.0,354.0,1200.0
543.854,0.0,140.0,101.60000000000001,24.34,16.0,184.5,35.85,149.0,29.48,35.67,34.6,92.0,15.600000000000001,76.10000000000001,100.0,357.0,3320.0,1.49,45.150000000000006,15.040000000000001,7.0200000000000005,36.07,29.1,4.0,352.5,1200.0
603.862,0.0,140.0,101.4,24.37,16.03,183.0,35.7,147.9,29.41,35.550000000000004,34.5,91.5,15.700000000000001,76.0,100.0,353.0,3318.0,1.46,45.2,14.99,6.97,35.99,28.97,0.0,354.5,1200.0
663.867,0.0,140.0,102.9,24.330000000000002,15.94,184.0,35.7,151.3,29.39,35.53,34.6,90.5,15.5,75.9,100.0,361.0,3318.0,1.48,45.050000000000004,15.08,6.96,35.980000000000004,28.990000000000002,0.0,357.0,1200.0
723.87,0.0,140.0,103.60000000000001,24.37,16.04,185.0,35.85,148.1,29.35,35.53,34.550000000000004,93.5,15.450000000000001,75.2,100.0,353.5,3317.0,1.5,45.050000000000004,14.950000000000001,7.09,36.050000000000004,29.02,0.0,357.5,1200.0
783.872,0.0,140.0,102.4,24.400000000000002,15.98,185.0,35.75,147.9,29.32,35.5,34.65,89.5,15.65,76.2,99.9,360.0,3323.0,1.45,45.0,15.01,7.01,36.04,28.98,0.0,355.0,1200.0
843.873,0.0,140.0,102.30000000000001,24.39,15.96,184.0,35.75,148.3,29.38,35.63,34.550000000000004,92.5,15.55,75.9,100.0,359.0,3326.0,1.31,44.95,15.02,7.04,36.02,29.02,0.0,361.5,1200.0
903.873,0.0,140.0,102.10000000000001,24.310000000000002,15.96,185.0,35.85,148.3,29.42,35.550000000000004,34.45,94.0,15.65,75.7,100.0,355.0,3328.0,1.3800000000000001,45.0,14.96,7.0,36.03,29.02,0.0,360.5,1200.0
963.872,0.0,140.0,101.5,24.46,15.96,185.5,35.85,148.20000000000002,29.400000000000002,35.51,34.6,91.5,15.5,75.5,99.9,355.5,3323.0,1.52,45.0,15.030000000000001,7.05,35.97,28.96,0.0,358.5,1200.0
1023.87,0.0,140.0,101.5,24.36,15.99,186.5,35.85,149.0,29.44,35.61,34.6,92.5,15.600000000000001,76.0,100.0,355.0,3326.0,1.34,44.95,15.030000000000001,7.05,36.07,28.98,1.0,358.5,1200.0
1083.868,0.0,140.0,101.7,24.37,16.05,185.0,35.85,147.4,29.36,35.56,34.550000000000004,93.5,15.8,76.3,99.9,358.0,3324.0,1.45,45.2,15.02,7.0600000000000005,35.97,28.990000000000002,0.0,362.5,1200.0
1143.866,0.0,140.0,102.30000000000001,24.42,16.02,186.0,35.65,148.9,29.41,35.57,34.7,93.0,15.65,76.0,100.0,359.5,3331.0,1.54,45.150000000000006,14.96,7.01,35.96,29.0,0.0,356.5,1200.0
1203.863,0.0,140.0,101.4,24.38,15.97,183.5,35.800000000000004,149.3,29.44,35.61,34.550000000000004,91.5,15.700000000000001,75.60000000000001,99.5,357.5,3334.0,1.36,45.150000000000006,14.98,7.0200000000000005,35.99,29.0,1.0,358.0,1200.0
1263.86,0.0,140.0,101.4,24.400000000000002,15.94,186.5,35.9,149.3,29.35,35.61,34.5,92.5,15.700000000000001,76.0,100.0,354.0,3328.0,1.26,45.150000000000006,15.040000000000001,7.01,36.03,29.0,0.0,355.5,1200.0
1323.857,0.0,140.0,101.2,24.36,16.01,186.0,35.75,150.3,29.52,35.660000000000004,34.65,90.0,15.700000000000001,76.5,99.5,362.5,3338.0,1.6,45.2,14.950000000000001,6.97,35.93,28.95,1.0,360.0,1200.0
1383.854,0.0,140.0,101.4,24.48,16.080000000000002,182.5,35.85,146.9,29.43,35.660000000000004,34.65,91.5,15.700000000000001,76.2,100.0,359.5,3331.0,1.3800000000000001,45.050000000000004,15.030000000000001,7.04,36.02,29.02,3.0,355.0,1200.0
1443.851,0.0,140.0,101.10000000000001,24.44,15.93,185.0,35.85,150.20000000000002,29.5,35.61,34.7,92.5,15.600000000000001,75.5,99.5,363.5,3333.0,1.51,45.300000000000004,15.040000000000001,7.0,35.97,28.990000000000002,0.0,359.5,1200.0
1503.848,0.0,140.0,101.5,24.400000000000002,15.97,185.0,35.800000000000004,149.1,29.45,35.660000000000004,34.550000000000004,92.0,15.5,75.9,99.80000000000001,359.5,3332.0,1.27,45.300000000000004,14.98,7.0,36.09,29.03,0.0,357.0,1200.0
1563.844,0.0,140.0,100.7,24.42,16.06,187.0,35.7,149.1,29.35,35.61,34.550000000000004,90.5,15.450000000000001,75.3,100.0,361.0,3332.0,1.3800000000000001,45.1,15.030000000000001,6.97,35.88,29.05,0.0,361.0,1200.0
1623.841,0.0,140.0,101.4,24.41,15.96,184.5,35.85,150.0,29.45,35.6,34.6,93.0,15.600000000000001,76.3,99.7,359.5,3338.0,1.41,45.300000000000004,14.94,7.0,35.99,28.95,0.0,356.5,1200.0
1683.837,0.0,140.0,103.30000000000001,24.400000000000002,15.96,182.5,35.75,148.9,29.47,35.61,34.6,92.5,15.700000000000001,76.0,100.0,357.0,3336.0,1.42,45.25,15.01,7.01,36.03,29.05,0.0,361.0,1200.0
1743.834,0.0,140.0,101.2,24.42,15.950000000000001,186.5,35.75,149.6,29.34,35.660000000000004,34.5,91.0,15.700000000000001,76.10000000000001,99.7,358.5,3335.0,1.25,45.2,14.99,6.98,36.01,28.97,0.0,359.5,1200.0
1803.83,0.0,140.0,102.4,24.39,15.98,186.5,35.75,148.3,29.39,35.58,34.550000000000004,91.5,15.55,75.9,99.80000000000001,357.0,3329.0,1.37,45.150000000000006,14.9,7.0,35.93,29.03,2.0,359.0,1200.0
1863.827,0.0,140.0,102.30000000000001,24.38,15.99,186.0,35.95,149.1,29.47,35.56,34.550000000000004,93.5,15.600000000000001,76.3,100.0,363.0,3330.0,1.44,45.150000000000006,14.97,7.03,35.980000000000004,29.0,0.0,360.5,1200.0
1923.823,0.0,140.0,103.5,24.37,15.98,187.5,35.95,149.8,29.36,35.64,34.550000000000004,91.0,15.8,76.2,100.0,357.5,3337.0,1.42,45.050000000000004,14.96,7.0600000000000005,36.01,28.990000000000002,1.0,357.5,1200.0
1983.82,0.0,140.0,102.30000000000001,24.3,16.04,185.5,35.95,148.9,29.42,35.62,34.65,93.0,15.65,76.10000000000001,100.0,356.0,3328.0,1.29,45.150000000000006,15.040000000000001,7.01,36.03,28.97,1.0,361.0,1200.0
2043.817,0.0,140.0,102.5,24.39,15.96,185.0,35.7,149.3,29.48,35.57,34.5,93.0,15.55,75.8,100.0,357.0,3330.0,1.41,45.300000000000004,15.05,6.93,36.13,29.0,0.0,357.0,1200.0
2103.813,0.0,140.0,101.60000000000001,24.41,15.99,183.5,35.7,149.4,29.38,35.64,34.6,92.0,15.55,76.0,99.9,359.0,3337.0,1.28,45.400000000000006,15.040000000000001,7.0200000000000005,35.980000000000004,29.03,0.0,359.0,1200.0
2163.81,0.0,140.0,101.80000000000001,24.35,15.96,184.0,35.85,149.4,29.45,35.67,34.5,92.0,15.5,75.60000000000001,100.0,360.0,3331.0,1.59,45.25,15.11,7.0200000000000005,36.03,29.0,0.0,362.5,1200.0
2223.806,0.0,140.0,102.5,24.330000000000002,15.950000000000001,187.0,35.75,148.9,29.35,35.660000000000004,34.550000000000004,90.5,15.55,76.0,100.0,353.5,3324.0,1.37,45.35,14.93,6.99,35.96,28.990000000000002,0.0,359.0,1200.0
2283.803,0.0,140.0,101.10000000000001,24.34,15.94,187.0,35.9,150.4,29.34,35.45,34.4,92.0,15.450000000000001,75.7,100.0,361.5,3323.0,1.58,45.35,15.05,6.99,35.89,28.93,0.0,360.0,1200.0
2343.8,0.0,140.0,102.30000000000001,24.330000000000002,15.99,187.0,35.75,148.6,29.43,35.71,34.5,92.5,15.700000000000001,76.10000000000001,99.9,355.0,3323.0,1.3800000000000001,45.1,14.94,6.99,36.0,28.91,0.0,356.5,1200.0
2403.797,0.0,140.0,102.4,24.34,15.98,185.0,35.7,150.70000000000002,29.39,35.550000000000004,34.5,92.5,15.600000000000001,75.8,100.0,357.5,3325.0,1.33,45.2,14.98,6.97,36.11,29.03,0.0,353.0,1200.0
2463.793,0.0,140.0,103.4,24.41,15.96,185.5,35.7,149.70000000000002,29.3,35.550000000000004,34.65,93.5,15.600000000000001,75.3,100.0,360.5,3326.0,1.43,45.2,14.98,6.99,36.0,29.080000000000002,0.0,358.5,1200.0
2523.79,0.0,140.0,102.5,24.37,16.0,185.5,35.800000000000004,149.4,29.38,35.52,34.6,95.0,15.5,75.7,100.0,361.0,3328.0,1.37,45.2,14.950000000000001,7.03,35.95,29.05,3.0,359.5,1200.0
2583.787,0.0,140.0,101.9,24.38,16.0,185.0,35.75,149.70000000000002,29.45,35.54,34.6,94.0,15.65,75.8,100.0,362.5,3329.0,1.47,45.25,15.13,6.99,36.03,28.900000000000002,3.0,352.5,1200.0
2643.784,0.0,140.0,102.0,24.37,15.96,185.5,35.6,147.5,29.26,35.5,34.45,92.5,15.600000000000001,75.7,100.0,360.0,3321.0,1.35,45.25,14.99,6.96,36.01,28.97,1.0,358.0,1200.0
2703.781,0.0,140.0,101.60000000000001,24.310000000000002,15.99,186.0,35.75,150.0,29.400000000000002,35.56,34.5,91.0,15.65,76.2,100.0,360.5,3325.0,1.33,45.35,14.96,6.99,35.88,28.900000000000002,0.0,354.0,1200.0
2763.778,0.0,140.0,102.7,24.36,16.05,185.0,35.75,148.8,29.38,35.54,34.45,92.5,15.700000000000001,75.7,100.0,358.5,3330.0,1.53,45.0,15.02,7.0200000000000005,36.03,28.96,0.0,356.0,1200.0
2823.775,0.0,140.0,100.4,24.34,16.0,185.5,35.85,148.4,29.330000000000002,35.47,34.5,91.0,15.700000000000001,75.7,99.5,352.0,3325.0,1.35,45.300000000000004,15.040000000000001,6.93,36.050000000000004,28.95,0.0,359.5,1200.0
2883.772,0.0,140.0,98.4,24.37,16.04,185.5,35.6,148.8,29.3,35.5,34.65,93.0,15.600000000000001,75.8,100.0,357.5,3324.0,1.5,45.150000000000006,14.94,7.0200000000000005,35.910000000000004,29.0,1.0,356.5,1200.0
2943.769,0.0,140.0,102.10000000000001,24.310000000000002,15.89,185.0,35.7,148.6,29.330000000000002,35.5,34.5,94.5,15.65,76.3,100.0,357.0,3320.0,1.43,45.050000000000004,14.950000000000001,7.0,36.07,29.03,1.0,358.0,1200.0
3003.766,0.0,140.0,102.80000000000001,24.34,15.96,184.5,35.6,149.0,29.35,35.57,34.6,89.5,15.600000000000001,76.2,100.0,357.0,3322.0,1.3900000000000001,45.1,15.02,6.94,35.97,29.04,1.0,358.5,1200.0
3063.763,0.0,140.0,100.2,24.44,15.950000000000001,185.0,35.85,149.5,29.330000000000002,35.660000000000004,34.35,94.5,15.600000000000001,76.2,100.0,357.5,3323.0,1.34,45.150000000000006,15.01,6.99,35.97,29.0,0.0,358.5,1200.0
3123.76,0.0,140.0,101.9,24.37,16.05,184.0,35.85,149.3,29.3,35.64,34.550000000000004,92.5,15.600000000000001,75.8,100.0,356.5,3328.0,1.69,45.1,15.0,7.0200000000000005,36.09,29.0,1.0,356.5,1200.0
3183.757,0.0,140.0,102.2,24.35,16.02,186.5,35.65,147.8,29.240000000000002,35.61,34.5,92.5,15.55,75.7,100.0,358.0,3325.0,1.41,45.25,15.040000000000001,7.01,36.0,29.080000000000002,0.0,357.5,1200.0
3243.755,0.0,140.0,99.4,24.36,16.0,183.5,35.800000000000004,148.5,29.29,35.53,34.5,93.5,15.5,76.10000000000001,100.0,357.0,3318.0,1.44,45.050000000000004,15.040000000000001,7.0200000000000005,36.01,29.02,0.0,354.5,1200.0
3303.752,0.0,140.0,101.4,24.43,16.05,184.5,35.75,149.4,29.29,35.550000000000004,34.5,92.5,15.600000000000001,76.10000000000001,100.0,359.0,3325.0,1.44,45.050000000000004,14.94,6.97,36.08,29.0,3.0,354.0,1200.0
3363.749,0.0,140.0,103.4,24.39,15.99,184.5,35.75,149.3,29.330000000000002,35.57,34.5,92.5,15.700000000000001,76.0,100.0,357.5,3322.0,1.45,44.95,15.030000000000001,7.01,36.01,28.98,0.0,357.0,1200.0
3423.746,0.0,140.0,101.5,24.32,15.97,185.5,35.7,147.9,29.400000000000002,35.51,34.4,91.5,15.65,75.7,99.9,358.5,3320.0,1.3900000000000001,45.1,15.02,6.94,36.01,29.12,1.0,354.5,1200.0
3483.744,0.0,140.0,102.60000000000001,24.45,16.04,187.5,35.7,149.20000000000002,29.25,35.58,34.5,92.0,15.65,75.4,100.0,354.0,3317.0,1.49,45.050000000000004,14.97,7.0600000000000005,35.97,29.04,1.0,355.0,1200.0
3543.741,0.0,140.0,100.7,24.34,16.04,185.0,35.800000000000004,150.70000000000002,29.38,35.44,34.45,91.5,15.700000000000001,76.0,100.0,356.5,3323.0,1.41,45.0,15.030000000000001,7.01,35.93,29.01,0.0,354.0,1200.0
3603.739,0.0,140.0,101.7,24.3,16.0,185.0,35.85,149.3,29.38,35.53,34.45,94.0,15.8,75.4,100.0,354.5,3314.0,1.51,45.1,14.99,7.01,35.94,29.02,0.0,355.5,1200.0
3663.736,0.0,140.0,101.9,24.310000000000002,15.98,184.0,35.550000000000004,147.0,29.330000000000002,35.6,34.4,91.5,15.65,75.4,100.0,354.0,3320.0,1.34,45.1,14.98,6.99,36.04,28.900000000000002,3.0,352.5,1200.0
3723.734,0.0,140.0,103.5,24.37,16.02,182.0,35.75,148.3,29.3,35.52,34.35,92.0,15.700000000000001,75.60000000000001,99.4,354.0,3321.0,1.44,45.050000000000004,15.0,6.99,36.0,29.02,1.0,353.5,1200.0
3783.731,0.0,140.0,100.7,24.28,15.94,185.5,35.65,149.9,29.310000000000002,35.49,34.5,91.5,15.5,75.4,99.4,360.0,3322.0,1.44,44.900000000000006,14.98,6.95,36.04,28.990000000000002,2.0,358.5,1200.0
3843.729,0.0,140.0,100.9,24.36,16.04,186.0,35.550000000000004,149.0,29.3,35.550000000000004,34.45,91.0,15.75,76.10000000000001,99.9,352.5,3317.0,1.54,45.1,15.0,6.98,36.01,29.03,0.0,353.0,1200.0
3903.726,0.0,140.0,101.4,24.38,15.98,184.5,35.65,149.0,29.3,35.43,34.45,92.5,15.65,76.4,99.60000000000001,355.5,3319.0,1.51,45.0,14.950000000000001,7.0,36.01,29.03,2.0,359.0,1200.0
3963.724,0.0,140.0,101.2,24.3,15.97,183.0,35.7,149.3,29.26,35.5,34.65,92.5,15.55,76.5,99.30000000000001,355.0,3319.0,1.3,45.0,14.99,6.95,35.94,28.990000000000002,0.0,354.0,1200.0
4023.722,0.0,140.0,99.10000000000001,24.330000000000002,15.98,184.5,35.75,149.8,29.3,35.47,34.550000000000004,92.0,15.65,75.9,99.60000000000001,356.0,3320.0,1.49,45.0,15.05,7.0,35.95,29.0,3.0,353.0,1200.0
4083.719,0.0,140.0,101.7,24.41,16.02,186.0,35.800000000000004,149.1,29.240000000000002,35.47,34.550000000000004,94.0,15.600000000000001,75.7,99.4,358.0,3324.0,1.3900000000000001,45.0,14.99,7.01,35.99,29.04,0.0,356.5,1200.0
4143.717,0.0,140.0,102.2,24.39,15.950000000000001,185.5,35.6,147.9,29.3,35.550000000000004,34.550000000000004,93.0,15.65,76.60000000000001,99.9,353.5,3319.0,1.45,44.95,15.0,6.98,36.06,28.990000000000002,1.0,361.0,1200.0
4203.715,0.0,140.0,102.10000000000001,24.36,16.09,186.5,35.65,149.9,29.29,35.480000000000004,34.550000000000004,91.0,15.65,76.5,100.0,354.5,3323.0,1.3,45.0,14.99,7.04,36.0,29.05,2.0,360.0,1200.0
4263.712,0.0,140.0,102.30000000000001,24.400000000000002,16.02,184.0,35.65,147.4,29.34,35.5,34.35,94.5,15.65,76.4,100.0,356.5,3320.0,1.47,44.900000000000006,15.030000000000001,7.0,35.94,28.95,0.0,351.0,1200.0
4323.71,0.0,140.0,101.7,24.39,16.01,184.0,35.75,147.4,29.32,35.43,34.5,95.0,15.75,75.5,99.9,353.5,3329.0,1.42,44.900000000000006,15.0,6.97,35.980000000000004,28.91,0.0,354.0,1200.0
4383.708,0.0,140.0,101.0,24.39,15.98,186.0,35.550000000000004,149.4,29.34,35.46,34.4,92.0,15.5,76.2,100.0,356.0,3322.0,1.37,44.95,14.97,6.95,35.99,28.98,1.0,356.5,1200.0
4443.706,0.0,140.0,101.0,24.35,16.0,185.0,35.65,149.3,29.36,35.4,34.45,92.0,15.55,76.4,100.0,357.5,3325.0,1.44,45.050000000000004,15.06,7.0600000000000005,35.93,29.03,2.0,356.0,1200.0
4503.704,0.0,140.0,101.5,24.400000000000002,16.07,183.0,35.7,148.1,29.28,35.45,34.45,91.0,15.55,75.9,99.4,350.0,3325.0,1.4000000000000001,44.85,15.02,6.98,35.99,28.92,0.0,355.5,1200.0
4563.701,0.0,140.0,101.9,24.39,16.03,184.0,35.6,151.4,29.26,35.54,34.45,92.5,15.65,75.7,99.4,352.5,3322.0,1.47,44.900000000000006,15.01,6.99,36.08,29.0,0.0,357.0,1200.0
4623.699,0.0,140.0,100.10000000000001,24.38,16.02,183.5,35.65,146.9,29.22,35.5,34.35,93.5,15.55,76.10000000000001,100.0,359.5,3323.0,1.3800000000000001,45.1,15.0,6.97,36.01,29.03,0.0,353.0,1200.0
4683.697,0.0,140.0,102.30000000000001,24.330000000000002,15.92,183.0,35.75,149.70000000000002,29.38,35.42,34.4,95.0,15.600000000000001,76.4,100.0,357.5,3318.0,1.33,45.0,15.040000000000001,7.01,35.94,28.990000000000002,2.0,355.5,1200.0
4743.695,0.0,140.0,101.0,24.39,15.950000000000001,182.5,35.75,148.4,29.28,35.480000000000004,34.5,90.5,15.55,75.9,99.80000000000001,358.5,3317.0,1.57,44.900000000000006,14.99,6.99,35.97,28.990000000000002,0.0,356.5,1200.0
4803.693,0.0,140.0,101.2,24.35,16.0,185.5,35.75,148.5,29.23,35.46,34.25,92.0,15.65,76.2,99.60000000000001,352.5,3320.0,1.36,45.050000000000004,14.96,7.03,36.01,29.02,1.0,356.5,1200.0
4863.691,0.0,140.0,101.30000000000001,24.36,15.96,184.5,35.65,150.70000000000002,29.17,35.42,34.550000000000004,92.5,15.65,76.5,100.0,352.0,3316.0,1.48,45.0,14.97,7.0200000000000005,36.01,29.04,0.0,356.5,1200.0
4923.689,0.0,140.0,102.7,24.37,16.06,186.0,35.65,148.20000000000002,29.240000000000002,35.29,34.45,90.5,15.65,76.0,100.0,357.0,3321.0,1.42,44.85,14.97,6.92,35.980000000000004,29.01,3.0,350.5,1200.0
4983.687,0.0,140.0,100.9,24.42,15.99,185.5,35.65,148.8,29.27,35.49,34.35,93.5,15.600000000000001,76.10000000000001,99.80000000000001,355.5,3321.0,1.3900000000000001,44.95,15.05,6.96,36.02,28.97,0.0,356.0,1200.0
5043.685,0.0,140.0,101.2,24.42,16.01,184.5,35.65,150.0,29.27,35.45,34.300000000000004,92.5,15.55,76.0,99.7,352.5,3314.0,1.45,45.0,15.040000000000001,7.01,36.04,28.98,3.0,355.5,1200.0
5103.683,0.0,140.0,103.7,24.39,15.96,186.5,35.65,149.0,29.3,35.5,34.45,90.5,15.55,76.2,99.7,356.0,3315.0,1.61,44.75,14.97,6.96,35.99,28.94,0.0,354.0,1200.0
5163.681,0.0,140.0,101.7,24.400000000000002,16.02,183.5,35.5,149.1,29.3,35.45,34.45,92.5,15.600000000000001,76.60000000000001,100.0,355.0,3316.0,1.3900000000000001,44.900000000000006,15.06,7.03,36.04,28.97,2.0,354.0,1200.0
5223.68,0.0,140.0,103.9,24.43,16.03,184.0,35.65,149.1,29.2,35.42,34.45,93.5,15.55,76.3,100.0,353.5,3322.0,1.42,45.050000000000004,14.96,7.05,35.96,29.0,3.0,358.5,1200.0
5283.678,0.0,140.0,104.0,24.39,16.02,183.5,35.65,150.9,29.2,35.47,34.45,92.0,15.65,75.5,99.4,358.5,3315.0,1.35,44.900000000000006,14.98,7.01,35.94,29.05,2.0,356.0,1200.0
5343.676,0.0,140.0,102.10000000000001,24.330000000000002,15.99,184.0,35.75,149.9,29.26,35.410000000000004,34.4,92.0,15.600000000000001,76.0,99.9,349.0,3322.0,1.1500000000000001,44.800000000000004,15.07,6.98,36.02,28.96,1.0,354.0,1200.0
5403.674,0.0,140.0,101.4,24.29,15.96,183.5,35.65,147.5,29.41,35.45,34.5,94.5,15.700000000000001,76.3,100.0,353.0,3316.0,1.46,44.95,15.06,6.93,36.02,29.05,2.0,352.0,1200.0
5463.672,0.0,140.0,101.10000000000001,24.36,16.03,184.0,35.75,150.4,29.18,35.4,34.35,90.5,15.55,76.0,100.0,354.5,3318.0,1.57,44.95,15.0,7.0,36.03,29.01,0.0,353.5,1200.0
5523.67,0.0,140.0,101.0,24.38,16.0,184.5,35.6,148.70000000000002,29.22,35.51,34.35,93.0,15.600000000000001,76.10000000000001,100.0,353.0,3314.0,1.47,44.95,15.02,7.0200000000000005,36.01,29.04,0.0,352.0,1200.0
5583.669,0.0,140.0,101.80000000000001,24.42,15.97,184.0,35.550000000000004,149.9,29.17,35.51,34.35,92.5,15.5,76.2,99.4,361.0,3321.0,1.31,45.0,15.02,6.95,36.04,29.080000000000002,2.0,359.0,1200.0
5643.667,0.0,140.0,100.7,24.36,16.01,186.5,35.65,148.6,29.22,35.49,34.4,92.5,15.5,76.4,99.5,357.0,3321.0,1.23,44.800000000000004,15.0,6.96,35.95,29.02,0.0,359.5,1200.0
5703.665,0.0,140.0,101.9,24.35,16.0,184.0,35.6,149.8,29.36,35.480000000000004,34.550000000000004,91.0,15.65,75.7,99.5,357.0,3316.0,1.46,44.95,15.06,7.01,35.95,28.990000000000002,0.0,352.5,1200.0
5763.663,0.0,140.0,101.60000000000001,24.38,15.98,185.0,35.7,147.3,29.32,35.45,34.4,92.0,15.700000000000001,76.10000000000001,99.7,355.5,3321.0,1.3,45.0,14.97,7.08,35.92,28.990000000000002,2.0,354.5,1200.0
5823.662,0.0,140.0,100.80000000000001,24.37,15.98,184.0,35.7,149.6,29.34,35.57,34.300000000000004,93.0,15.700000000000001,76.3,100.0,354.0,3319.0,1.35,44.95,14.94,6.9,35.980000000000004,29.11,0.0,358.0,1200.0
5883.66,0.0,140.0,101.9,24.330000000000002,15.93,185.0,35.6,149.0,29.38,35.62,34.5,91.5,15.600000000000001,76.10000000000001,100.0,360.5,3338.0,1.32,44.900000000000006,15.05,7.0,36.050000000000004,28.97,1.0,358.5,1200.0
5943.658,0.0,140.0,101.4,24.37,16.02,185.5,35.85,148.8,29.37,35.480000000000004,34.45,93.0,15.5,75.8,99.9,353.0,3330.0,1.34,44.900000000000006,15.02,7.03,35.97,29.0,0.0,356.5,1200.0
6003.657,0.0,140.0,102.0,24.38,16.0,184.0,35.550000000000004,149.1,29.29,35.54,34.45,91.5,15.700000000000001,75.9,99.80000000000001,360.5,3327.0,1.41,44.95,14.94,7.0200000000000005,35.97,29.02,0.0,356.5,1200.0
6063.655,0.0,140.0,102.0,24.43,16.0,188.0,35.800000000000004,148.70000000000002,29.26,35.56,34.550000000000004,90.5,15.65,76.4,99.9,356.5,3323.0,1.26,45.300000000000004,14.98,7.09,35.97,28.95,0.0,359.5,1200.0
6123.653,0.0,140.0,103.5,24.37,15.97,184.5,35.65,149.20000000000002,29.36,35.43,34.5,93.0,15.65,75.4,99.9,355.5,3327.0,1.41,45.0,14.98,7.0,36.06,28.93,0.0,359.0,1200.0
6183.652,0.0,140.0,101.10000000000001,24.43,15.98,184.0,35.7,148.0,29.23,35.550000000000004,34.65,92.5,15.600000000000001,75.60000000000001,99.9,355.0,3326.0,1.42,45.1,15.040000000000001,7.0,35.97,28.97,2.0,353.0,1200.0
6243.65,0.0,140.0,101.9,24.44,15.98,186.5,35.7,149.5,29.3,35.51,34.45,92.0,15.65,76.0,100.0,351.5,3323.0,1.44,45.0,14.950000000000001,7.0600000000000005,36.02,28.830000000000002,0.0,356.5,1200.0
6303.649,0.0,140.0,102.30000000000001,24.38,16.05,184.0,35.7,148.5,29.240000000000002,35.56,34.5,91.5,15.600000000000001,76.10000000000001,100.0,361.5,3321.0,1.42,45.0,15.01,7.03,36.02,28.94,1.0,359.5,1200.0
6363.647,0.0,140.0,102.9,24.38,15.89,184.5,35.800000000000004,149.20000000000002,29.310000000000002,35.52,34.5,93.5,15.65,76.2,99.9,357.0,3326.0,1.48,45.0,15.07,6.95,36.03,29.11,0.0,351.5,1200.0
6423.646,0.0,140.0,102.0,24.29,15.96,184.0,35.7,149.8,29.32,35.49,34.550000000000004,93.0,15.65,76.10000000000001,99.80000000000001,355.0,3324.0,1.44,45.150000000000006,14.98,6.96,35.97,28.95,0.0,357.0,1200.0
6483.644,0.0,140.0,101.60000000000001,24.37,16.03,186.0,35.7,150.20000000000002,29.29,35.52,34.550000000000004,91.5,15.350000000000001,76.0,100.0,355.5,3324.0,1.52,45.1,15.05,7.04,35.97,29.03,3.0,355.0,1200.0
6543.643,0.0,140.0,100.30000000000001,24.32,16.06,187.5,35.6,147.9,29.27,35.51,34.5,94.0,15.65,76.2,100.0,352.5,3317.0,1.46,44.900000000000006,14.98,7.08,35.96,28.92,0.0,354.0,1200.0
6603.641,0.0,140.0,103.5,24.400000000000002,15.96,183.0,35.7,148.4,29.400000000000002,35.45,34.35,93.0,15.55,75.9,100.0,354.5,3317.0,1.47,45.1,15.0,6.99,35.89,28.97,2.0,351.5,1200.0
6663.64,0.0,140.0,101.2,24.3,15.93,185.0,35.6,147.3,29.28,35.45,34.45,92.5,15.600000000000001,75.60000000000001,99.30000000000001,351.5,3320.0,1.54,45.1,15.0,6.96,36.0,28.96,0.0,352.5,1200.0
6723.638,0.0,140.0,102.2,24.35,15.97,184.0,35.7,150.0,29.22,35.49,34.4,93.5,15.55,76.5,100.0,351.5,3319.0,1.44,44.800000000000004,15.08,7.05,36.03,29.01,2.0,355.0,1200.0
6783.637,0.0,140.0,101.0,24.310000000000002,15.93,183.5,35.550000000000004,146.70000000000002,29.27,35.43,34.45,92.0,15.4,75.4,100.0,354.5,3320.0,1.16,45.0,15.0,7.01,36.050000000000004,28.98,0.0,348.0,1200.0
6843.635,0.0,140.0,101.10000000000001,24.32,15.99,184.5,35.65,148.6,29.21,35.42,34.300000000000004,92.0,15.75,76.10000000000001,99.9,355.5,3313.0,1.31,44.900000000000006,15.02,7.01,36.0,28.990000000000002,0.0,354.5,1200.0
6903.634,0.0,140.0,101.2,24.400000000000002,15.97,184.0,35.45,149.8,29.19,35.39,34.300000000000004,93.5,15.700000000000001,76.60000000000001,99.80000000000001,357.0,3312.0,1.32,44.75,15.01,7.01,35.89,29.04,1.0,351.5,1200.0
6963.632,0.0,140.0,102.9,24.35,15.93,184.5,35.550000000000004,149.1,29.34,35.42,34.4,91.5,15.700000000000001,76.0,100.0,354.5,3310.0,1.53,44.95,15.0,7.03,35.99,28.95,2.0,357.0,1200.0
7023.631,0.0,140.0,102.5,24.34,15.99,182.5,35.65,149.1,29.26,35.37,34.300000000000004,90.5,15.75,75.4,100.0,354.0,3315.0,1.37,44.800000000000004,15.05,6.95,35.99,28.990000000000002,0.0,353.0,1200.0
7083.629,0.0,140.0,103.4,24.32,15.92,185.0,35.65,150.0,29.25,35.33,34.5,94.0,15.600000000000001,75.4,99.9,354.0,3310.0,1.35,45.0,14.98,7.0600000000000005,36.08,29.04,0.0,354.0,1200.0
7143.628,0.0,140.0,102.4,24.36,16.0,184.5,35.65,148.70000000000002,29.22,35.46,34.5,93.0,15.55,76.4,100.0,352.0,3321.0,1.31,44.85,14.98,6.97,36.04,29.02,2.0,353.5,1200.0
7203.627,0.0,140.0,101.9,24.35,15.98,184.5,35.6,148.5,29.150000000000002,35.4,34.25,91.5,15.55,76.2,99.80000000000001,352.5,3311.0,1.3900000000000001,44.95,15.030000000000001,7.05,35.95,28.98,2.0,352.0,1200.0
7263.625,0.0,140.0,101.30000000000001,24.36,15.98,184.0,35.550000000000004,147.8,29.21,35.32,34.35,92.0,15.5,76.0,99.80000000000001,352.0,3311.0,1.33,45.0,15.0,6.98,35.980000000000004,29.02,2.0,350.0,1200.0
7323.624,0.0,140.0,101.0,24.34,16.0,182.0,35.7,148.8,29.23,35.38,34.4,91.5,15.600000000000001,76.0,100.0,349.5,3317.0,1.37,45.0,15.030000000000001,7.01,36.06,29.07,1.0,350.0,1200.0
7383.623,0.0,140.0,101.4,24.37,16.0,183.0,35.6,149.20000000000002,29.23,35.480000000000004,34.45,93.5,15.65,75.8,100.0,356.5,3315.0,1.35,44.900000000000006,14.96,7.0,36.0,28.95,2.0,349.5,1200.0
7443.621,0.0,140.0,102.5,24.29,15.93,184.0,35.550000000000004,148.6,29.150000000000002,35.39,34.45,93.0,15.600000000000001,76.10000000000001,100.0,351.0,3310.0,1.5,44.800000000000004,15.040000000000001,6.94,36.0,29.05,0.0,358.0,1200.0
7503.62,0.0,140.0,101.80000000000001,24.41,15.98,183.0,35.6,149.4,29.3,35.36,34.35,92.0,15.75,76.0,100.0,355.5,3314.0,1.32,44.800000000000004,15.040000000000001,7.0,35.99,28.990000000000002,0.0,357.0,1200.0
7563.619,0.0,140.0,101.4,24.34,15.93,184.5,35.4,149.20000000000002,29.18,35.39,34.5,92.0,15.5,76.60000000000001,99.80000000000001,352.5,3315.0,1.46,44.75,14.97,6.99,36.02,29.03,0.0,353.5,1200.0
7623.617,0.0,140.0,101.7,24.42,15.97,185.5,35.800000000000004,149.70000000000002,29.23,35.38,34.5,92.0,15.55,76.4,100.0,350.0,3314.0,1.31,44.800000000000004,15.0,7.03,36.01,28.96,0.0,355.0,1200.0
7683.616,0.0,140.0,101.9,24.34,16.01,181.0,35.5,149.20000000000002,29.19,35.38,34.25,93.5,15.55,76.10000000000001,100.0,355.5,3305.0,1.33,44.7,15.05,7.0,35.97,29.03,0.0,352.5,1200.0
7743.615,0.0,140.0,100.2,24.41,15.99,181.0,35.5,147.6,29.23,35.38,34.45,95.0,15.600000000000001,76.10000000000001,99.5,353.5,3308.0,1.4000000000000001,44.650000000000006,14.97,6.97,35.97,28.96,2.0,348.0,1200.0
7803.613,0.0,140.0,102.60000000000001,24.3,15.99,183.0,35.7,149.1,29.22,35.33,34.300000000000004,91.5,15.450000000000001,76.3,99.30000000000001,349.5,3308.0,1.36,44.75,15.030000000000001,7.01,36.09,28.97,0.0,352.0,1200.0
7863.612,0.0,140.0,102.0,24.36,16.02,184.0,35.5,148.9,29.2,35.34,34.25,93.5,15.75,76.3,100.0,353.0,3308.0,1.48,44.650000000000006,14.950000000000001,7.01,36.08,29.04,0.0,353.0,1200.0
7923.611,0.0,140.0,101.80000000000001,24.29,15.99,184.0,35.45,148.5,29.240000000000002,35.34,34.300000000000004,91.5,15.65,76.3,100.0,351.5,3307.0,1.17,44.650000000000006,15.0,7.07,36.01,28.98,0.0,352.0,1200.0
7983.61,0.0,140.0,101.60000000000001,24.27,16.02,184.5,35.5,148.70000000000002,29.2,35.39,34.300000000000004,92.0,15.600000000000001,75.8,100.0,356.5,3306.0,1.3900000000000001,44.75,14.99,7.01,36.0,29.02,0.0,349.0,1200.0
8043.609,0.0,140.0,102.30000000000001,24.38,15.94,181.5,35.4,148.9,29.080000000000002,35.28,34.35,90.5,15.55,76.60000000000001,100.0,354.5,3308.0,1.32,44.6,14.98,6.99,36.04,29.02,0.0,352.0,1200.0
8103.607,0.0,140.0,101.5,24.330000000000002,15.94,182.5,35.550000000000004,149.20000000000002,29.16,35.33,34.2,94.0,15.75,76.4,99.9,350.0,3301.0,1.4000000000000001,44.6,15.01,7.05,36.12,29.080000000000002,0.0,351.0,1200.0
8163.606,0.0,140.0,101.10000000000001,24.27,16.05,183.0,35.300000000000004,149.20000000000002,29.12,35.25,34.300000000000004,93.0,15.600000000000001,76.0,100.0,349.0,3305.0,1.3900000000000001,44.6,14.98,6.98,36.06,29.04,1.0,351.5,1200.0
8223.605,0.0,140.0,100.9,24.32,15.99,182.5,35.45,148.9,29.14,35.26,34.300000000000004,94.0,15.55,76.3,99.9,351.5,3309.0,1.41,44.650000000000006,15.030000000000001,7.1000000000000005,35.96,29.02,0.0,351.5,1200.0
8283.604,0.0,140.0,103.7,24.310000000000002,15.94,183.5,35.65,149.0,29.17,35.33,34.35,94.0,15.55,76.60000000000001,99.9,352.5,3310.0,1.35,44.75,14.96,6.95,36.06,28.94,0.0,347.5,1200.0
8343.603,0.0,140.0,101.10000000000001,24.32,16.05,180.5,35.6,149.20000000000002,29.04,35.29,34.4,93.5,15.55,75.8,100.0,348.5,3307.0,1.31,44.7,15.08,6.95,36.04,29.11,0.0,349.5,1200.0
8403.601,0.0,140.0,101.9,24.34,15.99,184.0,35.4,148.6,29.05,35.26,34.2,92.5,15.65,76.0,100.0,351.0,3307.0,1.53,44.650000000000006,14.99,7.01,36.02,28.95,0.0,351.0,1200.0
8463.6,0.0,140.0,101.30000000000001,24.400000000000002,16.02,183.0,35.45,150.3,29.07,35.31,34.300000000000004,92.0,15.65,76.4,99.80000000000001,349.5,3310.0,1.43,44.800000000000004,15.030000000000001,7.01,35.95,29.03,0.0,351.0,1200.0
8523.599,0.0,140.0,102.7,24.29,16.080000000000002,182.0,35.65,149.0,29.080000000000002,35.32,34.25,91.0,15.5,76.9,99.4,352.5,3306.0,1.27,44.6,14.99,7.04,36.06,28.92,0.0,349.0,1200.0
8583.598,0.0,140.0,102.2,24.42,15.99,184.0,35.35,148.6,29.14,35.36,34.35,93.0,15.600000000000001,76.7,99.7,355.5,3309.0,1.31,44.6,14.98,6.99,36.03,28.98,0.0,347.5,1200.0
8643.597,0.0,140.0,101.10000000000001,24.330000000000002,16.0,184.0,35.65,149.20000000000002,29.13,35.34,34.2,92.0,15.600000000000001,75.9,99.7,350.0,3309.0,1.32,44.75,15.05,7.0,36.04,28.990000000000002,0.0,352.5,1200.0
8703.596,0.0,140.0,102.60000000000001,24.400000000000002,16.04,186.5,35.45,149.20000000000002,29.2,35.29,34.35,94.5,15.65,76.0,99.7,349.5,3316.0,1.4000000000000001,44.650000000000006,14.97,7.0200000000000005,35.99,28.990000000000002,1.0,354.5,1200.0
8763.594,0.0,140.0,99.7,24.34,16.07,183.0,35.5,150.4,29.240000000000002,35.33,34.4,92.5,15.55,76.2,100.0,353.5,3314.0,1.4000000000000001,44.800000000000004,15.05,6.99,36.050000000000004,29.01,4.0,353.0,1200.0
8823.593,0.0,140.0,102.80000000000001,24.37,16.02,184.0,35.45,149.0,29.11,35.45,34.25,92.0,15.600000000000001,76.4,100.0,351.5,3308.0,1.52,44.75,15.07,7.0200000000000005,35.97,29.02,1.0,351.5,1200.0
8883.592,0.0,140.0,102.5,24.34,16.01,183.5,35.45,149.70000000000002,29.150000000000002,35.410000000000004,34.4,93.5,15.700000000000001,76.2,100.0,351.5,3310.0,1.3800000000000001,44.6,15.0,7.0200000000000005,35.99,28.95,0.0,352.5,1200.0
8943.591,0.0,140.0,99.60000000000001,24.37,16.05,185.0,35.6,149.4,29.18,35.44,34.45,92.5,15.65,76.3,99.60000000000001,356.0,3313.0,1.46,44.650000000000006,14.870000000000001,6.96,36.02,29.060000000000002,0.0,354.5,1200.0
9003.59,0.0,140.0,101.2,24.38,15.97,183.5,35.65,148.3,29.25,35.34,34.4,90.0,15.65,76.3,100.0,352.0,3319.0,1.47,44.800000000000004,14.92,6.98,36.07,29.07,0.0,353.0,1200.0
9063.589,0.0,140.0,102.0,24.39,15.99,183.5,35.6,149.20000000000002,29.11,35.410000000000004,34.5,90.5,15.55,76.60000000000001,99.9,352.0,3317.0,1.43,44.800000000000004,15.0,7.05,36.02,29.07,0.0,345.0,1200.0
9123.588,0.0,140.0,102.60000000000001,24.310000000000002,15.96,184.5,35.5,146.9,29.150000000000002,35.37,34.45,90.0,15.600000000000001,76.5,100.0,353.5,3319.0,1.41,44.75,14.97,6.97,36.02,28.88,0.0,353.0,1200.0
9183.587,0.0,140.0,103.30000000000001,24.44,16.0,185.5,35.5,149.9,29.16,35.42,34.25,92.5,15.55,76.10000000000001,99.9,351.0,3314.0,1.56,44.7,15.02,6.98,36.01,28.89,1.0,351.5,1200.0
9243.586,0.0,140.0,102.10000000000001,24.37,15.99,184.0,35.6,148.1,29.14,35.4,34.4,92.5,15.5,76.60000000000001,100.0,355.0,3322.0,1.26,44.85,15.05,6.98,36.02,28.97,3.0,353.0,1200.0
9303.585,0.0,140.0,101.0,24.39,15.99,184.0,35.4,147.8,29.17,35.38,34.5,89.0,15.5,76.0,99.7,352.0,3314.0,1.43,44.800000000000004,14.96,7.0200000000000005,35.99,29.03,0.0,355.0,1200.0
9363.584,0.0,140.0,101.60000000000001,24.400000000000002,15.950000000000001,184.0,35.6,148.9,29.22,35.4,34.4,92.5,15.700000000000001,76.0,100.0,353.5,3325.0,1.41,44.900000000000006,14.92,7.04,35.96,29.05,0.0,351.0,1200.0
9423.583,0.0,140.0,102.4,24.34,15.99,184.5,35.65,148.9,29.27,35.42,34.35,92.0,15.55,75.60000000000001,100.0,355.5,3318.0,1.48,44.95,14.97,7.01,36.03,28.990000000000002,0.0,350.0,1200.0
9483.582,0.0,140.0,100.60000000000001,24.36,16.0,184.0,35.550000000000004,150.1,29.310000000000002,35.480000000000004,34.5,94.0,15.65,75.8,99.9,356.5,3313.0,1.22,44.800000000000004,15.01,7.03,36.04,28.98,1.0,354.5,1200.0
9543.581,0.0,140.0,100.30000000000001,24.330000000000002,15.94,184.0,35.75,149.20000000000002,29.25,35.4,34.4,91.0,15.5,76.0,99.60000000000001,354.0,3313.0,1.51,44.800000000000004,15.0,7.0200000000000005,36.0,28.96,0.0,354.5,1200.0
9603.58,0.0,140.0,100.4,24.35,15.99,185.0,35.6,147.9,29.29,35.45,34.550000000000004,91.0,15.700000000000001,76.10000000000001,100.0,352.5,3316.0,1.33,44.85,14.97,7.0,35.980000000000004,28.98,4.0,347.5,1200.0
9663.579,0.0,140.0,101.4,24.330000000000002,15.99,184.0,35.7,149.4,29.22,35.46,34.45,94.5,15.600000000000001,75.7,100.0,355.0,3316.0,1.55,44.75,15.030000000000001,6.97,36.06,28.95,0.0,350.5,1200.0
9723.578,0.0,140.0,101.80000000000001,24.35,15.96,182.5,35.6,149.5,29.26,35.44,34.4,92.5,15.65,75.60000000000001,99.80000000000001,353.5,3318.0,1.49,44.900000000000006,14.950000000000001,6.98,36.01,28.96,0.0,351.5,1200.0
9783.577,0.0,140.0,101.30000000000001,24.38,15.97,182.5,35.65,148.9,29.16,35.410000000000004,34.5,92.5,15.55,75.8,100.0,353.5,3316.0,1.55,45.1,15.09,6.99,35.95,28.97,0.0,349.0,1200.0
9843.576,0.0,140.0,101.9,24.330000000000002,15.98,184.5,35.5,149.8,29.13,35.38,34.35,91.0,15.600000000000001,75.7,100.0,350.5,3317.0,1.47,45.0,15.030000000000001,7.05,35.97,29.0,0.0,353.5,1200.0
9903.575,0.0,140.0,100.9,24.35,15.99,183.5,35.4,149.0,29.150000000000002,35.38,34.45,92.0,15.75,76.2,100.0,355.0,3309.0,1.4000000000000001,44.7,15.030000000000001,7.03,36.07,29.01,2.0,352.0,1200.0
9963.574,0.0,140.0,101.0,24.35,16.0,185.0,35.45,147.8,29.080000000000002,35.410000000000004,34.4,94.0,15.55,76.3,99.80000000000001,355.5,3311.0,1.34,44.900000000000006,15.0,7.04,36.0,29.0,0.0,351.0,1200.0
10023.573,0.0,140.0,101.7,24.35,15.94,184.5,35.65,150.0,29.11,35.33,34.35,92.5,15.65,76.0,99.9,354.5,3311.0,1.3,44.85,14.950000000000001,7.04,36.07,28.95,0.0,348.5,1200.0
10083.572,0.0,140.0,101.5,24.37,15.950000000000001,186.5,35.4,150.20000000000002,29.18,35.300000000000004,34.35,91.0,15.65,76.5,100.0,354.0,3312.0,1.34,44.650000000000006,14.97,7.05,35.99,28.900000000000002,0.0,355.5,1200.0
10143.571,0.0,140.0,101.60000000000001,24.310000000000002,15.99,186.5,35.5,149.9,29.16,35.33,34.45,92.0,15.65,76.60000000000001,99.7,352.5,3308.0,1.3900000000000001,44.800000000000004,14.97,7.01,36.03,29.01,0.0,348.0,1200.0
10203.57,0.0,140.0,101.0,24.39,16.05,182.5,35.550000000000004,148.5,29.09,35.28,34.25,93.0,15.600000000000001,76.10000000000001,99.7,352.0,3313.0,1.43,44.800000000000004,14.99,6.95,35.94,29.07,1.0,358.5,1200.0
10263.569,0.0,140.0,101.30000000000001,24.37,16.03,182.5,35.5,148.6,29.07,35.29,34.25,91.0,15.5,76.4,99.80000000000001,357.5,3307.0,1.49,44.900000000000006,15.05,6.96,35.94,28.89,0.0,352.0,1200.0
10323.568,0.0,140.0,102.30000000000001,24.330000000000002,16.05,183.5,35.6,150.1,29.12,35.34,34.25,93.0,15.600000000000001,76.4,99.9,351.0,3312.0,1.3800000000000001,44.7,14.97,7.03,36.04,29.14,1.0,354.5,1200.0
10383.567,0.0,140.0,102.2,24.330000000000002,16.04,186.0,35.45,149.3,29.09,35.300000000000004,34.25,93.0,15.700000000000001,76.3,100.0,356.0,3311.0,1.25,44.75,14.98,7.08,36.03,28.990000000000002,1.0,356.0,1200.0
10443.566,0.0,140.0,103.0,24.28,15.96,182.5,35.45,150.5,29.03,35.32,34.4,89.5,15.55,76.2,100.0,354.5,3313.0,1.46,44.75,15.05,7.0,35.910000000000004,29.03,1.0,351.0,1200.0
10503.565,0.0,140.0,100.9,24.26,15.98,183.5,35.5,149.1,29.18,35.35,34.300000000000004,91.5,15.65,75.7,100.0,352.5,3311.0,1.5,44.6,15.05,7.01,36.050000000000004,28.98,1.0,353.0,1200.0
10563.564,0.0,140.0,102.10000000000001,24.35,15.93,185.0,35.45,148.5,29.16,35.37,34.25,93.0,15.65,76.3,99.9,352.5,3307.0,1.44,44.6,14.98,7.03,35.95,28.990000000000002,0.0,353.5,1200.0
10623.563,0.0,140.0,102.80000000000001,24.330000000000002,16.0,185.0,35.550000000000004,149.4,29.19,35.34,34.15,91.0,15.55,76.60000000000001,100.0,353.0,3314.0,1.24,44.550000000000004,14.99,6.95,36.03,29.060000000000002,0.0,356.5,1200.0
10683.562,0.0,140.0,102.5,24.35,15.98,185.0,35.5,148.5,29.12,35.27,34.300000000000004,90.5,15.65,76.2,99.80000000000001,352.0,3315.0,1.53,44.75,14.98,7.0200000000000005,36.0,28.97,1.0,353.5,1200.0
10743.562,0.0,140.0,100.4,24.35,15.98,184.5,35.45,149.0,29.13,35.35,34.35,94.0,15.700000000000001,76.3,99.7,352.5,3313.0,1.52,44.7,14.96,6.99,36.04,29.11,0.0,352.0,1200.0
10803.561,0.0,140.0,101.60000000000001,24.35,16.03,186.5,35.550000000000004,147.1,29.19,35.31,34.4,92.5,15.65,76.4,100.0,350.5,3313.0,1.31,44.6,14.97,6.92,35.95,29.04,2.0,351.0,1200.0
10863.56,0.0,140.0,102.4,24.37,15.94,183.5,35.45,149.4,29.17,35.34,34.300000000000004,91.5,15.600000000000001,76.10000000000001,99.80000000000001,351.0,3312.0,1.29,44.75,15.08,7.0600000000000005,36.09,29.02,0.0,351.5,1200.0
10923.559,0.0,140.0,101.60000000000001,24.3,15.93,183.0,35.65,149.1,29.17,35.300000000000004,34.2,96.0,15.5,76.10000000000001,100.0,355.5,3307.0,1.32,44.550000000000004,15.0,7.0200000000000005,35.93,28.95,0.0,353.5,1200.0
10983.558,0.0,140.0,101.60000000000001,24.27,16.01,185.5,35.7,148.1,29.150000000000002,35.38,34.2,92.0,15.65,75.60000000000001,99.30000000000001,353.5,3308.0,1.3800000000000001,44.650000000000006,14.950000000000001,7.05,36.01,28.95,0.0,355.0,1200.0
11043.557,0.0,140.0,101.0,24.26,16.06,185.0,35.45,149.3,29.13,35.33,34.300000000000004,92.0,15.65,75.8,99.80000000000001,350.0,3309.0,1.45,44.85,14.950000000000001,6.95,35.99,29.060000000000002,1.0,355.0,1200.0
11103.556,0.0,140.0,103.30000000000001,24.310000000000002,15.91,185.5,35.5,148.3,29.11,35.28,34.300000000000004,93.5,15.600000000000001,76.4,100.0,349.0,3308.0,1.43,44.800000000000004,15.0,7.04,35.88,29.0,3.0,349.0,1200.0
11163.555,0.0,140.0,102.80000000000001,24.37,16.02,182.0,35.5,149.9,29.09,35.35,34.35,91.0,15.700000000000001,76.0,100.0,352.0,3304.0,1.48,44.650000000000006,15.01,6.91,35.96,29.060000000000002,0.0,350.5,1200.0
11223.555,0.0,140.0,102.5,24.42,16.02,185.0,35.5,148.20000000000002,29.2,35.29,34.45,94.0,15.700000000000001,75.60000000000001,99.60000000000001,357.0,3308.0,1.31,44.650000000000006,14.99,6.97,35.99,28.96,0.0,350.5,1200.0
11283.554,0.0,140.0,101.10000000000001,24.330000000000002,15.96,183.5,35.550000000000004,149.9,29.14,35.31,34.2,91.0,15.55,76.3,99.7,351.5,3314.0,1.54,44.75,15.01,7.0200000000000005,35.96,28.95,0.0,352.0,1200.0
11343.553,0.0,140.0,104.2,24.28,16.01,182.5,35.550000000000004,148.70000000000002,29.14,35.39,34.25,93.0,15.55,76.4,100.0,352.0,3305.0,1.34,44.75,15.07,7.04,36.02,28.900000000000002,0.0,352.0,1200.0
11403.552,0.0,140.0,103.2,24.36,16.01,185.0,35.4,150.20000000000002,29.18,35.300000000000004,34.35,93.0,15.600000000000001,76.4,100.0,351.0,3308.0,1.3900000000000001,44.7,14.96,7.0600000000000005,36.01,28.990000000000002,3.0,355.0,1200.0
11463.551,0.0,140.0,103.0,24.34,15.9,183.0,35.5,149.4,29.080000000000002,35.28,34.300000000000004,90.5,15.55,75.8,100.0,351.5,3316.0,1.33,44.800000000000004,15.05,6.99,35.96,29.07,0.0,354.5,1200.0
11523.55,0.0,140.0,101.30000000000001,24.34,16.06,184.5,35.5,149.20000000000002,29.16,35.31,34.300000000000004,91.5,15.600000000000001,76.10000000000001,99.7,349.5,3308.0,1.33,44.5,14.99,7.01,36.01,28.97,0.0,349.5,1200.0
11583.55,0.0,140.0,102.0,24.37,15.99,183.5,35.5,148.9,29.26,35.28,34.4,92.0,15.65,76.10000000000001,100.0,353.0,3311.0,1.32,44.6,15.05,7.01,36.01,28.96,2.0,350.0,1200.0
11643.549,0.0,140.0,102.2,24.27,16.02,182.5,35.5,149.8,29.13,35.37,34.4,92.0,15.700000000000001,75.8,100.0,349.5,3312.0,1.3,44.800000000000004,14.98,7.0600000000000005,35.95,29.07,0.0,352.0,1200.0
11703.548,0.0,140.0,102.30000000000001,24.39,15.97,183.5,35.6,146.9,29.1,35.37,34.300000000000004,92.0,15.55,75.8,99.80000000000001,353.0,3315.0,1.37,44.7,14.99,7.01,35.910000000000004,28.95,1.0,350.5,1200.0
11763.547,0.0,140.0,103.10000000000001,24.34,15.94,184.5,35.65,148.70000000000002,29.23,35.38,34.4,91.5,15.55,76.4,99.9,358.0,3310.0,1.41,44.7,15.01,6.99,35.94,29.0,0.0,352.5,1200.0
11823.546,0.0,140.0,101.2,24.310000000000002,15.98,184.0,35.6,148.20000000000002,29.150000000000002,35.31,34.4,93.0,15.600000000000001,76.0,99.9,351.0,3310.0,1.41,44.6,14.98,7.05,35.95,29.07,0.0,351.5,1200.0
11883.546,0.0,140.0,102.5,24.37,15.98,185.0,35.550000000000004,149.5,29.21,35.34,34.25,93.0,15.600000000000001,75.7,99.7,351.0,3309.0,1.54,44.800000000000004,15.040000000000001,7.03,35.99,28.96,0.0,353.5,1200.0
11943.545,0.0,140.0,101.60000000000001,24.29,16.02,185.0,35.5,149.0,29.14,35.300000000000004,34.2,92.5,15.55,76.7,99.60000000000001,354.0,3315.0,1.35,44.6,14.98,7.03,36.02,28.95,0.0,349.5,1200.0
12003.544,0.0,140.0,102.9,24.37,16.02,184.0,35.6,148.8,29.13,35.33,34.35,93.5,15.700000000000001,76.5,100.0,352.0,3314.0,1.6400000000000001,44.7,14.98,6.99,36.06,28.98,0.0,356.0,1200.0
12063.543,0.0,140.0,101.80000000000001,24.38,16.01,182.5,35.550000000000004,148.9,29.17,35.38,34.300000000000004,93.0,15.75,76.4,99.80000000000001,353.0,3314.0,1.27,44.800000000000004,15.01,7.0200000000000005,35.95,28.900000000000002,1.0,352.0,1200.0
12123.542,0.0,140.0,103.10000000000001,24.32,15.99,183.5,35.7,149.9,29.150000000000002,35.38,34.35,93.5,15.65,76.5,99.7,351.5,3312.0,1.33,44.75,15.0,7.01,35.980000000000004,29.060000000000002,1.0,355.0,1200.0
12183.542,0.0,140.0,101.0,24.42,16.05,182.0,35.45,150.70000000000002,29.1,35.32,34.15,91.5,15.600000000000001,76.10000000000001,99.60000000000001,350.0,3309.0,1.53,44.800000000000004,14.99,7.0,35.99,29.01,0.0,351.0,1200.0
12243.541,0.0,140.0,101.7,24.34,16.0,184.5,35.45,149.20000000000002,29.19,35.37,34.300000000000004,91.5,15.600000000000001,76.5,100.0,350.5,3312.0,1.44,44.550000000000004,14.950000000000001,6.93,35.93,28.990000000000002,0.0,350.0,1200.0
12303.54,0.0,140.0,102.2,24.27,15.93,185.0,35.6,149.4,29.12,35.230000000000004,34.25,91.5,15.600000000000001,76.9,100.0,354.5,3311.0,1.3800000000000001,44.900000000000006,15.030000000000001,6.93,36.04,29.07,1.0,352.0,1200.0
12363.539,0.0,140.0,103.2,24.35,15.97,184.0,35.45,147.8,29.13,35.34,34.25,92.0,15.600000000000001,76.60000000000001,99.80000000000001,347.5,3314.0,1.47,44.7,15.01,6.99,35.980000000000004,28.990000000000002,0.0,353.0,1200.0
12423.539,0.0,140.0,102.30000000000001,24.310000000000002,15.97,184.0,35.5,148.8,29.080000000000002,35.29,34.300000000000004,90.5,15.600000000000001,76.4,100.0,351.0,3307.0,1.3800000000000001,44.900000000000006,15.01,6.96,35.92,29.060000000000002,0.0,354.5,1200.0
12483.538,0.0,140.0,101.30000000000001,24.38,16.14,180.5,35.65,150.4,29.12,35.35,34.300000000000004,93.0,15.700000000000001,76.5,100.0,353.0,3307.0,1.42,44.85,14.98,6.98,36.01,28.96,2.0,354.5,1200.0
12543.537,0.0,140.0,101.0,24.35,16.0,184.5,35.5,149.3,29.11,35.300000000000004,34.2,92.5,15.700000000000001,75.7,99.80000000000001,352.0,3314.0,1.4000000000000001,44.75,14.98,6.94,36.09,29.04,1.0,351.5,1200.0
12603.536,0.0,140.0,101.60000000000001,24.32,16.02,182.0,35.35,149.5,29.14,35.18,34.2,93.0,15.600000000000001,76.4,99.30000000000001,351.0,3308.0,1.3800000000000001,44.7,15.11,7.01,35.96,28.98,0.0,352.0,1200.0
12663.536,0.0,140.0,102.30000000000001,24.29,15.97,182.0,35.5,149.1,29.150000000000002,35.31,34.300000000000004,92.5,15.700000000000001,76.3,100.0,350.0,3308.0,1.48,44.650000000000006,15.120000000000001,7.0,36.02,28.98,0.0,351.0,1200.0
12723.535,0.0,140.0,101.0,24.400000000000002,16.04,183.5,35.550000000000004,147.6,29.07,35.35,34.25,91.0,15.55,75.9,100.0,350.5,3308.0,1.44,44.650000000000006,14.99,7.0200000000000005,35.97,29.03,3.0,354.0,1200.0
12783.534,0.0,140.0,102.30000000000001,24.3,16.02,182.5,35.5,150.8,29.13,35.34,34.25,94.0,15.600000000000001,76.5,100.0,353.5,3311.0,1.3,44.650000000000006,15.030000000000001,7.05,35.96,28.990000000000002,0.0,351.5,1200.0
12843.533,0.0,140.0,102.10000000000001,24.37,16.0,183.0,35.5,149.8,29.13,35.33,34.35,90.5,15.600000000000001,75.9,100.0,355.0,3311.0,1.44,44.650000000000006,15.02,7.04,35.93,29.060000000000002,0.0,349.0,1200.0
12903.533,0.0,140.0,101.5,24.310000000000002,16.01,184.0,35.65,148.6,29.1,35.230000000000004,34.35,93.0,15.65,76.80000000000001,99.9,358.0,3309.0,1.46,44.800000000000004,15.0,7.01,35.96,28.98,0.0,349.5,1200.0
12963.532,0.0,140.0,101.5,24.400000000000002,15.94,182.0,35.35,148.5,29.13,35.35,34.2,93.5,15.5,76.7,100.0,350.5,3310.0,1.43,44.75,15.01,7.0,35.92,28.96,0.0,350.0,1200.0
13023.531,0.0,140.0,102.7,24.37,16.0,183.5,35.4,150.4,29.11,35.26,34.45,92.5,15.700000000000001,76.80000000000001,100.0,353.0,3309.0,1.25,44.650000000000006,14.97,7.07,36.09,28.98,1.0,354.5,1200.0
13083.531,0.0,140.0,103.5,24.37,16.0,182.0,35.45,147.5,29.11,35.32,34.4,90.0,15.75,76.5,100.0,348.5,3307.0,1.32,44.650000000000006,14.99,7.05,36.01,28.89,1.0,351.0,1200.0
13143.53,0.0,140.0,101.80000000000001,24.39,15.950000000000001,184.5,35.35,148.3,29.11,35.35,34.35,93.0,15.700000000000001,76.5,99.9,351.5,3314.0,1.44,44.7,15.0,7.1000000000000005,36.01,28.87,2.0,353.0,1200.0
13203.529,0.0,140.0,102.5,24.400000000000002,16.03,183.5,35.45,150.20000000000002,29.09,35.36,34.5,92.0,15.65,76.10000000000001,100.0,349.5,3318.0,1.52,44.85,15.040000000000001,7.05,36.06,28.96,3.0,355.5,1200.0
13263.528,0.0,140.0,100.4,24.46,15.99,181.0,35.5,149.4,29.21,35.25,34.300000000000004,92.0,15.65,76.4,100.0,355.5,3316.0,1.4000000000000001,44.650000000000006,14.98,7.03,36.04,29.0,1.0,355.5,1200.0
13323.528,0.0,140.0,101.60000000000001,24.41,15.98,184.0,35.45,148.5,29.04,35.35,34.35,94.0,15.65,77.0,99.9,354.0,3317.0,1.43,44.85,15.01,7.0200000000000005,36.04,28.990000000000002,0.0,354.0,1200.0
13383.527,0.0,140.0,102.7,24.35,15.950000000000001,183.5,35.550000000000004,147.3,29.11,35.27,34.1,94.0,15.700000000000001,76.5,99.80000000000001,351.5,3312.0,1.36,44.75,15.07,7.0200000000000005,35.95,29.0,0.0,354.0,1200.0
13443.526,0.0,140.0,101.30000000000001,24.35,15.99,185.0,35.550000000000004,148.1,29.11,35.25,34.25,92.5,15.600000000000001,76.7,99.60000000000001,356.5,3311.0,1.47,44.800000000000004,15.02,7.03,35.96,28.98,0.0,352.0,1200.0
13503.526,0.0,140.0,102.4,24.330000000000002,16.02,183.5,35.550000000000004,150.70000000000002,29.05,35.34,34.2,94.0,15.55,76.60000000000001,99.9,349.0,3311.0,1.55,44.800000000000004,14.99,6.98,36.01,28.97,0.0,354.5,1200.0
13563.525,0.0,140.0,101.7,24.36,16.01,183.5,35.35,148.3,29.05,35.24,34.25,92.0,15.600000000000001,76.5,100.0,354.0,3307.0,1.37,44.85,15.02,7.01,36.02,29.01,0.0,355.0,1200.0
13623.524,0.0,140.0,100.80000000000001,24.41,15.97,185.0,35.4,147.9,29.01,35.36,34.35,91.0,15.55,76.3,100.0,352.5,3309.0,1.34,44.6,15.01,6.98,35.980000000000004,29.01,0.0,352.0,1200.0
13683.524,0.0,140.0,101.2,24.38,15.9,183.0,35.4,149.3,29.080000000000002,35.24,34.35,94.0,15.65,76.80000000000001,100.0,352.0,3315.0,1.51,44.800000000000004,15.02,6.98,35.980000000000004,28.87,0.0,355.0,1200.0
13743.523,0.0,140.0,101.9,24.43,15.99,187.0,35.300000000000004,147.70000000000002,29.14,35.32,34.300000000000004,92.0,15.700000000000001,77.10000000000001,100.0,351.5,3312.0,1.49,44.650000000000006,14.98,6.99,35.97,28.98,3.0,352.5,1200.0
13803.522,0.0,140.0,100.30000000000001,24.34,15.97,185.0,35.45,148.8,29.01,35.21,34.35,92.0,15.600000000000001,76.5,100.0,351.5,3316.0,1.31,44.95,15.0,6.99,36.03,28.990000000000002,0.0,350.5,1200.0
13863.522,0.0,140.0,104.0,24.36,16.0,184.5,35.45,148.1,29.05,35.2,34.2,92.5,15.600000000000001,76.5,99.80000000000001,354.0,3314.0,1.3,44.800000000000004,15.05,7.0200000000000005,36.04,28.96,0.0,354.0,1200.0
13923.521,0.0,140.0,101.30000000000001,24.39,16.01,184.0,35.4,149.1,29.060000000000002,35.230000000000004,34.1,92.0,15.55,76.60000000000001,100.0,350.5,3303.0,1.36,44.7,14.9,6.95,35.980000000000004,28.97,0.0,348.5,1200.0
13983.52,0.0,140.0,101.7,24.35,15.98,183.5,35.45,149.20000000000002,29.02,35.21,34.15,93.5,15.600000000000001,76.10000000000001,100.0,346.0,3308.0,1.33,44.6,15.030000000000001,7.0,36.06,29.060000000000002,0.0,351.0,1200.0
14043.52,0.0,140.0,100.9,24.42,15.94,184.5,35.300000000000004,148.1,28.98,35.18,34.15,92.5,15.55,77.10000000000001,100.0,354.5,3307.0,1.56,44.6,14.97,6.94,36.03,29.07,0.0,350.5,1200.0
14103.519,0.0,140.0,102.9,24.37,16.02,183.5,35.300000000000004,148.0,28.97,35.22,34.2,92.5,15.55,77.2,99.80000000000001,352.0,3304.0,1.3900000000000001,44.800000000000004,14.950000000000001,7.01,36.0,29.05,0.0,349.0,1200.0
14163.518,0.0,140.0,101.30000000000001,24.36,15.96,181.5,35.2,149.3,28.96,35.22,34.2,90.0,15.65,76.80000000000001,100.0,348.5,3304.0,1.37,44.650000000000006,15.01,7.0200000000000005,36.02,29.04,2.0,349.5,1200.0
14223.518,0.0,140.0,102.60000000000001,24.37,15.99,181.5,35.2,147.9,28.93,35.21,34.0,92.0,15.8,76.5,100.0,349.5,3306.0,1.49,44.45,15.1,7.03,36.02,28.93,0.0,356.5,1200.0
14283.517,0.0,140.0,104.4,24.39,16.03,182.5,35.300000000000004,146.70000000000002,28.98,35.08,34.050000000000004,93.5,15.600000000000001,76.4,99.5,349.0,3304.0,1.31,44.6,15.06,7.01,36.02,29.0,0.0,349.5,1200.0
14343.516,0.0,140.0,102.7,24.39,15.93,182.0,35.35,147.8,28.92,35.160000000000004,34.25,90.5,15.4,77.10000000000001,100.0,347.5,3301.0,1.35,44.550000000000004,15.08,7.0200000000000005,36.02,29.03,0.0,349.5,1200.0
14403.516,0.0,140.0,101.10000000000001,24.27,16.080000000000002,182.5,35.35,150.0,28.95,35.14,34.15,93.0,15.600000000000001,77.10000000000001,100.0,352.5,3301.0,1.45,44.6,14.99,6.98,35.94,28.98,0.0,347.0,1200.0
14463.515,0.0,140.0,101.30000000000001,24.330000000000002,15.96,182.0,35.1,148.70000000000002,28.93,35.12,34.25,93.0,15.55,76.5,100.0,350.5,3298.0,1.24,44.35,14.99,6.99,35.93,28.95,0.0,344.0,1200.0
14523.515,0.0,140.0,102.2,24.330000000000002,15.98,181.5,35.4,148.3,28.86,35.08,34.0,91.0,15.600000000000001,77.2,100.0,347.5,3300.0,1.34,44.45,14.97,7.08,35.96,28.96,0.0,344.0,1200.0
14583.514,0.0,140.0,101.30000000000001,24.3,15.97,182.0,35.1,149.1,28.82,34.95,34.050000000000004,91.0,15.65,77.0,100.0,344.5,3295.0,1.3800000000000001,44.300000000000004,15.06,6.95,36.03,29.01,0.0,346.5,1200.0
14643.513,0.0,140.0,101.30000000000001,24.39,16.02,182.0,35.300000000000004,148.5,28.76,34.97,34.050000000000004,90.0,15.55,77.30000000000001,100.0,345.0,3295.0,1.53,44.5,14.94,7.04,35.99,28.91,0.0,343.0,1200.0
14703.513,0.0,140.0,101.80000000000001,24.37,16.04,183.5,35.2,149.1,28.71,34.9,34.1,93.5,15.700000000000001,77.60000000000001,100.0,348.0,3296.0,1.41,44.400000000000006,15.0,6.95,36.03,28.94,0.0,350.0,1200.0
14763.512,0.0,140.0,104.4,24.3,15.93,180.5,35.15,148.3,28.61,34.9,34.0,92.5,15.600000000000001,77.2,100.0,342.5,3291.0,1.52,44.400000000000006,14.96,7.03,36.03,29.14,1.0,343.5,1200.0
14823.511,0.0,140.0,99.9,24.42,15.88,181.0,35.1,148.5,28.73,34.85,33.9,93.5,15.450000000000001,77.10000000000001,100.0,348.5,3286.0,1.37,44.25,14.950000000000001,7.0,36.04,28.93,0.0,344.0,1200.0
14883.511,0.0,140.0,102.4,24.42,16.0,182.0,35.0,149.9,28.63,34.72,33.85,92.5,15.600000000000001,77.60000000000001,99.80000000000001,341.5,3286.0,1.26,44.150000000000006,15.0,6.95,36.04,29.080000000000002,1.0,343.0,1200.0
14943.51,0.0,140.0,102.80000000000001,24.42,15.92,181.5,35.050000000000004,149.20000000000002,28.7,34.78,33.85,93.0,15.700000000000001,76.9,100.0,343.5,3287.0,1.42,44.25,14.98,7.09,35.99,28.900000000000002,0.0,344.0,1200.0
15003.51,0.0,140.0,101.5,24.39,16.02,179.5,34.9,149.70000000000002,28.69,34.800000000000004,34.0,92.5,15.600000000000001,77.4,100.0,343.0,3292.0,1.52,44.25,15.01,7.07,35.99,28.92,0.0,340.5,1200.0
15063.509,0.0,140.0,101.7,24.39,15.97,181.5,35.1,149.5,28.580000000000002,34.81,33.95,92.0,15.600000000000001,77.4,100.0,344.5,3290.0,1.36,44.2,15.01,6.93,35.88,29.04,1.0,345.5,1200.0
15123.508,0.0,140.0,103.0,24.36,15.98,181.0,34.9,149.6,28.54,34.79,33.9,91.5,15.700000000000001,77.5,99.80000000000001,347.0,3291.0,1.3900000000000001,44.25,14.99,6.92,36.01,29.0,1.0,338.5,1200.0
15183.508,0.0,140.0,102.4,24.27,15.99,180.5,34.95,148.3,28.69,34.800000000000004,33.9,92.5,15.65,77.9,100.0,344.0,3287.0,1.43,44.0,15.01,7.01,36.04,28.97,1.0,336.0,1200.0
15243.507,0.0,140.0,100.9,24.36,16.0,181.0,34.9,148.3,28.580000000000002,34.81,33.9,92.5,15.65,77.5,100.0,343.0,3288.0,1.28,44.25,14.98,7.03,35.97,29.080000000000002,3.0,343.5,1200.0
15303.507,0.0,140.0,102.30000000000001,24.3,16.01,181.5,35.050000000000004,148.20000000000002,28.560000000000002,34.85,33.85,93.5,15.65,77.2,100.0,345.0,3286.0,1.42,44.150000000000006,15.02,6.97,35.97,28.98,1.0,337.0,1200.0
15363.506,0.0,140.0,101.10000000000001,24.39,15.96,179.5,35.2,148.8,28.560000000000002,34.82,33.800000000000004,91.0,15.55,77.7,100.0,338.0,3282.0,1.44,44.1,15.040000000000001,7.12,36.04,29.03,1.0,345.0,1200.0
15423.506,0.0,140.0,100.5,24.36,15.97,181.5,35.050000000000004,148.1,28.7,34.87,33.95,90.5,15.55,77.4,99.5,345.0,3279.0,1.29,44.2,14.950000000000001,6.890000000000001,35.99,28.93,1.0,336.5,1200.0
15483.505,0.0,140.0,102.4,24.34,16.0,180.0,35.050000000000004,148.8,28.68,34.87,34.0,93.0,15.65,77.10000000000001,99.5,341.0,3287.0,1.3800000000000001,44.0,14.98,7.0200000000000005,35.980000000000004,28.990000000000002,2.0,343.5,1200.0
15543.504,0.0,140.0,102.0,24.3,16.02,180.0,35.050000000000004,149.3,28.71,34.92,33.85,93.0,15.600000000000001,77.4,100.0,345.0,3282.0,1.41,43.95,15.02,6.94,35.96,29.0,3.0,340.5,1200.0
15603.504,0.0,140.0,100.10000000000001,24.3,15.96,181.0,35.050000000000004,149.8,28.66,34.76,33.9,92.5,15.55,77.30000000000001,100.0,341.5,3285.0,1.29,44.0,14.950000000000001,7.0,36.06,28.95,0.0,340.0,1200.0
15663.503,0.0,140.0,99.7,24.37,15.98,181.0,35.1,149.20000000000002,28.76,34.88,34.0,92.5,15.55,77.10000000000001,100.0,347.5,3283.0,1.25,44.050000000000004,15.02,6.97,36.07,28.97,0.0,337.5,1200.0
15723.503,0.0,140.0,101.2,24.34,16.03,181.0,35.1,148.9,28.77,34.96,34.0,94.5,15.600000000000001,76.80000000000001,99.9,340.0,3287.0,1.47,44.050000000000004,14.94,6.94,36.08,29.0,0.0,340.5,1200.0
15783.502,0.0,140.0,101.5,24.32,15.98,181.5,35.15,147.5,28.89,34.99,34.050000000000004,93.0,15.600000000000001,76.5,100.0,344.5,3287.0,1.41,44.1,15.0,7.0200000000000005,35.980000000000004,29.02,0.0,345.5,1200.0
15843.501,0.0,140.0,102.30000000000001,24.310000000000002,15.94,181.5,35.2,149.4,28.95,35.08,34.0,93.0,15.5,76.4,100.0,340.0,3293.0,1.37,43.95,15.030000000000001,7.07,35.97,28.94,0.0,347.5,1200.0
15903.501,0.0,140.0,102.5,24.310000000000002,16.05,181.5,35.35,149.20000000000002,29.02,35.12,34.15,90.0,15.600000000000001,76.3,100.0,348.0,3293.0,1.4000000000000001,44.1,15.02,7.03,36.04,29.03,1.0,346.5,1200.0
15963.5,0.0,140.0,102.2,24.25,16.02,183.5,35.300000000000004,148.1,29.01,35.11,34.25,90.5,15.700000000000001,76.60000000000001,100.0,351.5,3295.0,1.31,44.050000000000004,14.96,7.0200000000000005,35.93,29.03,1.0,348.0,1200.0
16023.5,0.0,140.0,102.9,24.240000000000002,16.07,186.0,35.4,147.4,29.07,35.18,34.35,91.5,15.55,76.5,100.0,347.5,3293.0,1.48,44.150000000000006,15.01,7.01,36.0,29.01,0.0,344.5,1200.0
16083.499,0.0,140.0,102.0,24.25,15.98,185.0,35.25,149.70000000000002,29.1,35.19,34.2,91.0,15.55,76.2,99.60000000000001,348.0,3290.0,1.25,44.25,14.96,7.04,36.03,29.05,1.0,345.5,1200.0
16143.499,0.0,140.0,102.5,24.32,16.0,182.5,35.5,149.70000000000002,29.16,35.42,34.300000000000004,94.5,15.600000000000001,75.8,99.9,349.0,3296.0,1.48,44.1,14.98,6.99,35.97,29.02,0.0,355.5,1200.0
16203.498,0.0,140.0,101.7,24.29,15.96,184.0,35.5,148.3,29.14,35.47,34.25,92.0,15.600000000000001,75.2,100.0,353.0,3303.0,1.42,44.25,15.0,7.05,36.01,28.98,1.0,352.5,1200.0
16263.498,0.0,140.0,102.60000000000001,24.25,16.04,183.5,35.550000000000004,147.70000000000002,29.27,35.37,34.300000000000004,93.0,15.55,75.3,99.7,347.5,3302.0,1.45,44.35,14.99,6.93,35.980000000000004,29.04,0.0,348.5,1200.0
16323.497,0.0,140.0,101.10000000000001,24.2,16.0,183.0,35.45,148.6,29.26,35.26,34.45,92.5,15.700000000000001,75.4,99.4,350.5,3303.0,1.41,44.45,14.950000000000001,7.0,35.9,29.060000000000002,0.0,352.5,1200.0
16383.497,0.0,140.0,102.30000000000001,24.26,15.93,184.5,35.550000000000004,150.0,29.18,35.27,34.300000000000004,90.5,15.700000000000001,76.0,99.5,351.5,3303.0,1.3,44.5,14.99,6.98,35.96,29.01,1.0,352.5,1200.0
16443.496,0.0,140.0,103.10000000000001,24.28,15.9,183.5,35.550000000000004,149.70000000000002,29.22,35.410000000000004,34.5,92.5,15.450000000000001,75.60000000000001,99.9,353.0,3301.0,1.22,44.550000000000004,14.96,6.87,35.99,29.03,2.0,352.0,1200.0
16503.495,0.0,140.0,102.9,24.28,15.99,182.5,35.5,148.9,29.16,35.33,34.4,94.5,15.700000000000001,76.2,100.0,350.5,3306.0,1.3900000000000001,44.45,15.040000000000001,6.95,36.0,29.060000000000002,1.0,350.5,1200.0
16563.495,0.0,140.0,102.0,24.330000000000002,16.04,184.0,35.5,149.3,29.310000000000002,35.45,34.35,94.0,15.700000000000001,76.5,99.9,347.5,3301.0,1.48,44.5,15.02,7.0200000000000005,36.02,29.03,0.0,352.0,1200.0
16623.494,0.0,140.0,101.80000000000001,24.41,16.03,184.0,35.5,149.0,29.23,35.47,34.4,92.5,15.700000000000001,75.8,100.0,351.5,3305.0,1.3,44.5,15.05,7.01,36.050000000000004,28.98,0.0,351.0,1200.0
16683.494,0.0,140.0,103.30000000000001,24.26,15.93,185.5,35.550000000000004,150.20000000000002,29.11,35.45,34.550000000000004,92.0,15.75,76.10000000000001,99.9,350.5,3303.0,1.6300000000000001,44.5,14.96,7.01,35.97,29.03,0.0,351.0,1200.0
16743.493,0.0,140.0,102.2,24.37,16.04,186.5,35.5,149.70000000000002,29.2,35.45,34.45,91.5,15.600000000000001,76.4,99.60000000000001,354.5,3307.0,1.3900000000000001,44.550000000000004,15.0,6.99,36.04,28.97,0.0,351.0,1200.0
16803.493,0.0,140.0,102.0,24.35,16.02,184.5,35.65,149.5,29.22,35.29,34.300000000000004,92.5,15.65,76.2,99.80000000000001,354.0,3307.0,1.42,44.550000000000004,15.01,7.05,35.980000000000004,29.03,0.0,351.0,1200.0
16863.492,0.0,140.0,101.9,24.36,16.02,183.0,35.6,149.4,29.23,35.46,34.25,92.5,15.8,75.8,100.0,348.5,3309.0,1.4000000000000001,44.6,15.040000000000001,7.03,35.95,29.01,0.0,351.5,1200.0
16923.492,0.0,140.0,101.4,24.330000000000002,15.98,183.5,35.65,150.9,29.34,35.35,34.35,91.5,15.700000000000001,75.8,99.80000000000001,347.5,3313.0,1.33,44.5,15.040000000000001,7.07,36.02,29.01,0.0,353.0,1200.0
16983.491,0.0,140.0,101.60000000000001,24.26,15.98,184.0,35.65,147.3,29.3,35.480000000000004,34.5,92.0,15.75,75.7,99.30000000000001,352.5,3310.0,1.3800000000000001,44.7,15.0,7.0600000000000005,36.050000000000004,28.97,1.0,355.0,1200.0
17043.491,0.0,140.0,100.2,24.310000000000002,16.02,186.0,35.45,148.8,29.37,35.49,34.35,89.5,15.8,75.8,100.0,349.5,3311.0,1.25,44.75,15.0,6.94,36.03,28.94,0.0,353.0,1200.0
17103.49,0.0,140.0,101.30000000000001,24.32,15.94,184.5,35.550000000000004,149.1,29.28,35.5,34.4,93.0,15.700000000000001,75.4,99.60000000000001,350.0,3307.0,1.32,44.650000000000006,15.01,6.96,35.980000000000004,29.080000000000002,0.0,356.5,1200.0
17163.49,0.0,140.0,100.4,24.28,16.03,183.0,35.6,148.0,29.35,35.53,34.5,94.0,15.5,75.7,100.0,353.0,3310.0,1.3900000000000001,44.650000000000006,14.97,7.0200000000000005,35.94,28.97,0.0,354.0,1200.0
17223.489,0.0,140.0,100.80000000000001,24.3,16.01,184.0,35.65,147.0,29.3,35.49,34.4,92.5,15.600000000000001,75.60000000000001,100.0,351.5,3308.0,1.3800000000000001,44.800000000000004,14.96,6.9,35.97,28.990000000000002,2.0,358.0,1200.0
17283.489,0.0,140.0,102.0,24.28,16.07,185.0,35.800000000000004,148.4,29.37,35.56,34.6,92.0,15.700000000000001,75.4,100.0,349.5,3311.0,1.21,44.75,15.030000000000001,6.96,36.02,29.03,0.0,355.5,1200.0
17343.488,0.0,140.0,103.4,24.310000000000002,15.98,184.0,35.65,147.0,29.47,35.5,34.5,91.5,15.5,75.9,99.7,351.0,3308.0,1.36,44.7,14.97,6.96,36.04,29.07,3.0,355.0,1200.0
17403.488,0.0,140.0,102.0,24.310000000000002,15.98,186.0,35.85,149.20000000000002,29.400000000000002,35.51,34.5,93.5,15.5,75.4,99.9,353.0,3315.0,1.3800000000000001,44.800000000000004,14.91,6.95,35.980000000000004,29.02,2.0,351.0,1200.0
17463.487,0.0,140.0,101.60000000000001,24.38,15.98,185.0,35.6,148.9,29.45,35.62,34.5,93.5,15.5,75.2,100.0,354.0,3312.0,1.3800000000000001,44.7,14.92,7.07,35.92,29.03,0.0,355.5,1200.0
17523.487,0.0,140.0,102.9,24.240000000000002,16.02,186.0,35.75,148.9,29.400000000000002,35.64,34.6,91.0,15.65,75.7,100.0,352.5,3312.0,1.4000000000000001,44.650000000000006,14.99,7.04,35.95,29.0,0.0,359.0,1200.0
17583.486,0.0,140.0,103.10000000000001,24.240000000000002,15.98,185.0,35.6,148.20000000000002,29.52,35.62,34.550000000000004,93.5,15.65,75.2,100.0,358.0,3317.0,1.36,44.95,15.05,6.96,35.96,29.14,1.0,353.5,1200.0
17643.486,0.0,140.0,101.9,24.35,16.01,187.5,35.800000000000004,149.8,29.490000000000002,35.62,34.6,92.0,15.700000000000001,75.4,100.0,356.0,3312.0,1.35,44.800000000000004,15.040000000000001,7.04,35.99,29.03,0.0,356.0,1200.0
17703.485,0.0,140.0,101.7,24.34,15.96,182.5,35.85,149.3,29.41,35.77,34.65,93.0,15.65,75.4,100.0,358.0,3313.0,1.42,44.800000000000004,15.05,6.94,36.0,29.03,0.0,356.5,1200.0
17763.485,0.0,140.0,101.7,24.35,15.94,187.5,35.95,149.6,29.54,35.69,34.5,92.0,15.55,75.0,100.0,355.5,3317.0,1.37,44.900000000000006,14.93,7.05,36.01,28.990000000000002,0.0,356.5,1200.0
17823.484,0.0,140.0,101.5,24.35,16.05,186.5,35.95,148.4,29.560000000000002,35.71,34.75,92.0,15.600000000000001,74.60000000000001,100.0,360.0,3321.0,1.24,44.900000000000006,15.01,6.96,36.0,28.96,1.0,357.5,1200.0
17883.484,0.0,140.0,102.30000000000001,24.35,15.94,186.0,35.95,149.70000000000002,29.580000000000002,35.72,34.800000000000004,92.5,15.65,75.3,100.0,357.5,3327.0,1.54,45.0,14.98,7.0600000000000005,35.95,28.900000000000002,0.0,360.5,1200.0
17943.483,0.0,140.0,103.9,24.330000000000002,16.080000000000002,186.5,36.0,148.4,29.580000000000002,35.82,34.65,91.0,15.600000000000001,75.3,100.0,358.5,3333.0,1.37,45.050000000000004,14.98,7.01,35.980000000000004,28.97,0.0,357.0,1200.0
18003.483,0.0,140.0,101.7,24.330000000000002,15.93,186.0,36.050000000000004,148.0,29.61,35.83,34.6,93.5,15.600000000000001,75.3,100.0,362.5,3325.0,1.4000000000000001,44.900000000000006,15.02,7.01,36.1,29.060000000000002,2.0,360.5,1200.0
18063.482,0.0,140.0,104.30000000000001,24.3,15.99,185.0,36.0,149.6,29.740000000000002,35.75,34.65,92.5,15.700000000000001,75.10000000000001,100.0,357.5,3331.0,1.34,45.150000000000006,14.96,6.98,35.9,29.080000000000002,2.0,364.0,1200.0
18123.482,0.0,140.0,103.0,24.34,15.97,185.5,35.85,148.20000000000002,29.6,35.660000000000004,34.75,93.5,15.65,75.0,100.0,356.0,3328.0,1.3,45.0,14.96,7.0600000000000005,36.04,29.02,1.0,358.0,1200.0
18183.481,0.0,140.0,102.60000000000001,24.29,16.03,186.5,35.85,148.8,29.55,35.62,34.75,91.5,15.65,75.2,99.80000000000001,360.5,3329.0,1.51,45.150000000000006,15.0,7.04,36.02,28.990000000000002,1.0,358.5,1200.0
18243.481,0.0,140.0,103.7,24.310000000000002,15.97,186.5,36.0,148.0,29.71,35.75,34.6,90.5,15.65,74.9,100.0,357.0,3329.0,1.41,45.1,14.92,6.93,35.97,28.98,0.0,358.5,1200.0
18303.48,0.0,140.0,102.60000000000001,24.37,16.0,182.5,36.0,148.8,29.48,35.67,34.800000000000004,92.0,15.65,75.4,100.0,359.5,3327.0,1.3,45.150000000000006,15.02,6.95,35.99,29.060000000000002,1.0,357.5,1200.0
18363.48,0.0,140.0,101.60000000000001,24.3,15.96,187.5,36.0,148.8,29.45,35.75,34.65,92.5,15.75,75.5,99.9,359.0,3325.0,1.26,45.2,15.0,7.0200000000000005,36.03,28.95,1.0,359.5,1200.0
18423.479,0.0,140.0,103.4,24.29,16.01,187.5,36.0,149.70000000000002,29.47,35.65,34.75,92.5,15.65,75.60000000000001,99.9,356.5,3325.0,1.41,45.1,14.96,7.03,35.980000000000004,29.01,0.0,359.0,1200.0
18483.479,0.0,140.0,100.80000000000001,24.29,15.94,187.5,35.9,149.9,29.51,35.79,34.5,93.0,15.600000000000001,75.2,99.9,360.5,3325.0,1.35,45.150000000000006,15.01,6.98,36.09,29.05,0.0,358.0,1200.0
18543.478,0.0,140.0,102.60000000000001,24.330000000000002,15.93,185.5,35.85,148.4,29.44,35.62,34.65,93.5,15.600000000000001,75.5,100.0,357.5,3326.0,1.52,45.150000000000006,15.01,6.99,36.050000000000004,29.02,1.0,358.5,1200.0
18603.478,0.0,140.0,102.10000000000001,24.32,16.07,184.5,35.800000000000004,147.6,29.43,35.62,34.5,91.5,15.65,75.2,100.0,360.0,3320.0,1.31,45.2,15.030000000000001,7.07,36.11,28.96,2.0,353.5,1200.0
18663.477,0.0,140.0,101.5,24.35,15.92,185.0,35.7,149.0,29.48,35.64,34.6,93.5,15.450000000000001,75.2,99.30000000000001,360.0,3320.0,1.52,45.150000000000006,15.01,7.0,36.03,28.990000000000002,2.0,360.0,1200.0
18723.477,0.0,140.0,102.9,24.330000000000002,16.02,185.0,35.85,147.4,29.46,35.660000000000004,34.65,92.5,15.700000000000001,75.8,99.80000000000001,358.5,3317.0,1.35,45.150000000000006,15.06,7.01,36.01,29.05,0.0,353.5,1200.0
18783.477,0.0,140.0,100.7,24.330000000000002,15.99,187.5,35.75,150.20000000000002,29.52,35.660000000000004,34.65,91.0,15.65,75.7,100.0,355.5,3321.0,1.31,45.150000000000006,15.01,7.0600000000000005,35.97,28.93,0.0,355.5,1200.0
18843.476,0.0,140.0,100.9,24.39,16.01,186.0,35.95,148.8,29.400000000000002,35.62,34.6,94.0,15.75,75.7,100.0,360.0,3323.0,1.35,45.1,14.99,6.98,36.02,29.060000000000002,1.0,363.0,1200.0
18903.476,0.0,140.0,102.4,24.32,15.950000000000001,185.0,35.85,149.4,29.5,35.64,34.65,94.0,15.700000000000001,75.3,100.0,358.0,3326.0,1.3900000000000001,45.150000000000006,15.02,7.04,36.03,29.03,0.0,358.0,1200.0
18963.475,0.0,140.0,103.9,24.35,15.99,187.0,35.95,148.0,29.490000000000002,35.65,34.65,92.0,15.65,75.60000000000001,100.0,359.5,3326.0,1.33,45.150000000000006,14.99,7.01,36.01,28.990000000000002,2.0,360.5,1200.0
19023.475,0.0,140.0,102.4,24.330000000000002,15.94,185.0,35.85,148.3,29.53,35.75,34.65,93.0,15.75,75.60000000000001,99.9,360.0,3328.0,1.4000000000000001,45.150000000000006,15.030000000000001,7.0600000000000005,35.96,29.060000000000002,0.0,353.5,1200.0
19083.474,0.0,140.0,102.10000000000001,24.32,15.950000000000001,188.0,35.95,149.8,29.55,35.75,34.7,95.0,15.55,75.60000000000001,100.0,358.5,3331.0,1.46,45.2,15.01,6.93,36.03,29.04,0.0,360.0,1200.0
19143.474,0.0,140.0,100.80000000000001,24.38,15.92,187.0,36.050000000000004,148.20000000000002,29.51,35.71,34.7,93.5,15.55,75.7,100.0,360.5,3335.0,1.45,45.1,14.99,7.0200000000000005,36.04,28.93,2.0,361.5,1200.0
19203.473,0.0,140.0,100.7,24.43,16.01,187.5,35.9,149.20000000000002,29.44,35.78,34.65,92.5,15.65,75.3,99.9,363.5,3333.0,1.34,45.150000000000006,15.030000000000001,6.96,36.03,29.03,0.0,357.5,1200.0
19263.473,0.0,140.0,101.80000000000001,24.36,15.97,188.0,35.800000000000004,150.0,29.45,35.77,34.6,92.5,15.65,75.8,99.80000000000001,361.0,3334.0,1.3900000000000001,45.2,14.99,7.0,36.12,28.990000000000002,0.0,358.5,1200.0
19323.473,0.0,140.0,102.7,24.400000000000002,16.01,185.0,35.95,148.6,29.64,35.67,34.9,93.0,15.700000000000001,75.60000000000001,100.0,360.5,3335.0,1.33,45.2,15.030000000000001,7.0200000000000005,36.04,28.97,1.0,362.5,1200.0
19383.472,0.0,140.0,101.10000000000001,24.35,15.99,185.0,35.9,151.6,29.52,35.730000000000004,34.6,94.0,15.600000000000001,75.60000000000001,99.60000000000001,363.0,3336.0,1.3,45.300000000000004,15.05,7.01,35.89,28.97,0.0,359.0,1200.0
19443.472,0.0,140.0,101.2,24.39,15.98,186.5,35.85,149.3,29.48,35.78,34.6,91.0,15.5,75.9,100.0,361.0,3335.0,1.58,45.400000000000006,14.96,7.05,35.96,28.97,2.0,365.5,1200.0
19503.471,0.0,140.0,100.80000000000001,24.36,16.01,188.0,35.95,147.9,29.560000000000002,35.76,34.7,92.5,15.600000000000001,75.5,100.0,359.5,3332.0,1.25,45.35,14.97,6.9,35.99,28.95,0.0,356.5,1200.0
19563.471,0.0,140.0,101.2,24.37,15.98,186.5,35.85,147.9,29.53,35.71,34.65,92.5,15.65,75.2,100.0,363.0,3333.0,1.4000000000000001,45.25,15.040000000000001,6.93,36.04,28.990000000000002,0.0,359.5,1200.0
19623.47,0.0,140.0,103.0,24.35,15.98,188.0,35.95,150.8,29.59,35.87,34.7,93.0,15.600000000000001,76.10000000000001,100.0,362.0,3336.0,1.44,45.35,15.05,7.0200000000000005,36.04,29.0,2.0,366.5,1200.0
19683.47,0.0,140.0,102.7,24.35,16.0,187.0,35.85,149.70000000000002,29.53,35.83,34.75,92.0,15.55,75.3,100.0,364.0,3336.0,1.3900000000000001,45.400000000000006,14.950000000000001,7.1000000000000005,35.95,28.96,1.0,364.0,1200.0
19743.469,0.0,140.0,101.4,24.45,16.0,186.0,36.0,149.9,29.52,35.92,34.85,91.5,15.65,75.9,100.0,360.0,3331.0,1.41,45.400000000000006,15.02,7.03,36.050000000000004,29.01,0.0,363.0,1200.0
19803.469,0.0,140.0,102.7,24.34,15.98,187.0,35.9,149.70000000000002,29.57,35.7,34.65,91.5,15.600000000000001,75.7,100.0,357.5,3339.0,1.28,45.400000000000006,14.98,6.93,35.94,29.04,0.0,359.5,1200.0
19863.469,0.0,140.0,101.10000000000001,24.26,15.97,186.5,35.95,148.4,29.560000000000002,35.84,34.75,91.0,15.600000000000001,75.5,100.0,360.5,3339.0,1.42,45.5,15.01,7.01,36.03,28.98,0.0,359.5,1200.0
19923.468,0.0,140.0,102.2,24.400000000000002,15.99,186.5,35.9,150.3,29.57,35.74,34.75,93.5,15.55,75.60000000000001,100.0,365.0,3337.0,1.27,45.400000000000006,14.97,7.0600000000000005,35.910000000000004,29.04,1.0,363.5,1200.0
19983.468,0.0,140.0,102.30000000000001,24.330000000000002,16.0,185.0,35.85,148.70000000000002,29.6,35.800000000000004,34.7,93.5,15.65,75.9,99.5,359.0,3336.0,1.3,45.300000000000004,15.06,6.99,35.95,29.1,1.0,359.5,1200.0
20043.467,0.0,140.0,100.7,24.39,15.950000000000001,188.0,36.15,149.6,29.64,35.88,34.75,92.0,15.600000000000001,75.4,100.0,362.0,3332.0,1.3900000000000001,45.400000000000006,15.0,6.98,36.07,28.86,0.0,365.0,1200.0
20103.467,0.0,140.0,101.30000000000001,24.34,15.99,186.0,36.1,149.0,29.7,35.75,34.550000000000004,92.0,15.600000000000001,75.0,100.0,363.5,3334.0,1.42,45.300000000000004,15.0,7.03,36.02,29.05,0.0,362.0,1200.0
20163.466,0.0,140.0,103.4,24.36,15.99,187.0,36.0,147.20000000000002,29.6,35.77,34.9,90.0,15.600000000000001,75.9,99.80000000000001,359.5,3336.0,1.42,45.35,15.01,7.0600000000000005,36.03,28.91,1.0,358.5,1200.0
20223.466,0.0,140.0,101.2,24.38,16.01,187.0,36.050000000000004,149.4,29.64,35.79,34.7,91.0,15.600000000000001,75.2,99.80000000000001,365.5,3339.0,1.27,45.400000000000006,14.91,7.0,35.95,29.0,0.0,358.5,1200.0
20283.466,0.0,140.0,101.10000000000001,24.330000000000002,16.04,185.5,36.1,147.5,29.64,35.77,34.800000000000004,92.5,15.65,75.8,100.0,364.0,3335.0,1.31,45.35,15.01,7.0,35.93,29.0,0.0,356.5,1200.0
20343.465,0.0,140.0,101.9,24.38,15.99,189.5,35.95,149.3,29.48,35.86,34.800000000000004,93.0,15.600000000000001,75.3,99.5,362.0,3335.0,1.34,45.400000000000006,15.09,7.03,35.94,29.01,1.0,360.0,1200.0
20403.465,0.0,140.0,102.30000000000001,24.41,16.03,185.5,36.0,148.20000000000002,29.6,35.78,34.75,91.0,15.55,75.10000000000001,100.0,361.5,3339.0,1.41,45.400000000000006,14.94,7.01,35.96,28.97,2.0,361.0,1200.0
20463.464,0.0,140.0,101.80000000000001,24.36,16.06,187.0,35.85,148.5,29.560000000000002,35.83,34.7,90.0,15.600000000000001,75.2,100.0,367.5,3337.0,1.35,45.45,15.07,7.0,35.95,28.89,0.0,362.0,1200.0
20523.464,0.0,140.0,102.2,24.43,15.94,188.5,36.15,147.9,29.59,35.7,34.800000000000004,91.0,15.5,75.4,100.0,363.0,3332.0,1.46,45.300000000000004,15.0,6.98,35.92,29.060000000000002,1.0,360.5,1200.0
20583.464,0.0,140.0,102.5,24.310000000000002,16.02,185.0,36.050000000000004,148.6,29.7,35.89,34.95,91.5,15.65,74.8,100.0,364.0,3333.0,1.47,45.45,15.1,7.0,36.01,29.05,3.0,359.5,1200.0
20643.463,0.0,140.0,103.0,24.36,15.92,185.0,36.0,148.8,29.650000000000002,35.9,34.800000000000004,94.0,15.700000000000001,75.0,99.7,362.0,3342.0,1.33,45.5,14.97,6.99,35.97,28.94,0.0,360.5,1200.0
20703.463,0.0,140.0,101.30000000000001,24.3,15.950000000000001,186.5,36.0,148.9,29.62,35.82,34.800000000000004,92.5,15.5,75.3,100.0,365.0,3339.0,1.29,45.45,14.98,6.94,35.93,28.95,0.0,367.0,1200.0
20763.462,0.0,140.0,102.5,24.37,15.93,185.5,36.050000000000004,147.8,29.55,35.910000000000004,34.7,93.0,15.700000000000001,75.2,100.0,363.5,3341.0,1.28,45.400000000000006,15.030000000000001,6.99,36.03,29.01,0.0,362.5,1200.0
20823.462,0.0,140.0,102.5,24.36,15.94,187.0,36.050000000000004,147.8,29.6,35.83,34.9,93.0,15.600000000000001,75.3,100.0,360.5,3337.0,1.3800000000000001,45.400000000000006,15.0,6.92,35.980000000000004,29.02,0.0,366.0,1200.0
20883.462,0.0,140.0,100.60000000000001,24.26,15.99,187.5,36.1,148.6,29.560000000000002,35.86,34.9,93.5,15.700000000000001,74.7,99.80000000000001,361.5,3336.0,1.35,45.5,15.06,6.97,36.01,29.01,0.0,362.0,1200.0
20943.461,0.0,140.0,101.9,24.32,15.96,186.0,36.2,147.9,29.59,35.88,34.75,91.5,15.600000000000001,75.0,100.0,364.5,3340.0,1.37,45.45,14.99,6.97,35.94,29.05,1.0,360.5,1200.0
21003.461,0.0,140.0,102.2,24.400000000000002,15.92,186.0,36.050000000000004,147.8,29.7,35.89,34.7,90.0,15.65,75.3,99.60000000000001,364.0,3338.0,1.56,45.400000000000006,15.02,6.98,36.02,28.95,0.0,365.5,1200.0
21063.46,0.0,140.0,101.4,24.38,16.0,186.5,35.95,148.70000000000002,29.53,35.87,34.75,93.0,15.5,75.2,100.0,362.0,3336.0,1.35,45.550000000000004,15.05,6.98,35.92,29.0,0.0,363.0,1200.0
21123.46,0.0,140.0,101.2,24.25,16.01,187.0,36.1,148.0,29.63,35.93,34.800000000000004,93.0,15.700000000000001,75.2,100.0,364.5,3333.0,1.45,45.45,15.030000000000001,6.96,36.07,28.93,0.0,362.0,1200.0
21183.46,0.0,140.0,102.30000000000001,24.3,15.99,188.5,36.050000000000004,149.20000000000002,29.64,35.9,34.75,91.5,15.600000000000001,75.2,100.0,365.0,3337.0,1.41,45.35,15.08,6.97,35.93,29.04,0.0,360.5,1200.0
21243.459,0.0,140.0,101.7,24.28,15.98,189.5,36.1,148.8,29.59,35.79,34.85,92.0,15.600000000000001,75.60000000000001,99.60000000000001,362.5,3340.0,1.41,45.400000000000006,14.99,7.07,36.03,28.96,0.0,366.0,1200.0
21303.459,0.0,140.0,102.7,24.310000000000002,16.04,186.5,36.0,149.0,29.71,35.93,34.75,93.0,15.5,74.7,100.0,356.5,3334.0,1.34,45.400000000000006,14.96,7.04,36.02,28.94,1.0,358.0,1200.0
21363.458,0.0,140.0,101.7,24.330000000000002,15.94,186.0,36.0,148.70000000000002,29.66,35.86,34.800000000000004,94.5,15.700000000000001,75.10000000000001,100.0,364.5,3336.0,1.43,45.35,15.030000000000001,6.95,35.99,28.97,0.0,358.5,1200.0
21423.458,0.0,140.0,101.80000000000001,24.35,16.06,187.0,36.1,148.4,29.64,35.86,34.75,91.0,15.55,74.9,100.0,363.5,3333.0,1.36,45.25,15.02,6.97,36.02,29.05,0.0,359.0,1200.0
21483.458,0.0,140.0,101.4,24.32,15.98,186.0,35.95,149.4,29.69,35.88,34.95,92.0,15.65,74.8,99.60000000000001,360.0,3329.0,1.4000000000000001,45.300000000000004,15.07,7.0200000000000005,35.94,29.02,0.0,366.0,1200.0
21543.457,0.0,140.0,103.7,24.3,15.96,185.0,36.0,148.6,29.59,35.9,34.7,93.5,15.5,75.60000000000001,100.0,359.0,3330.0,1.28,45.400000000000006,15.05,6.99,35.980000000000004,29.0,1.0,359.5,1200.0
21603.457,0.0,140.0,102.2,24.330000000000002,16.0,186.5,35.9,149.1,29.67,35.800000000000004,34.800000000000004,91.5,15.600000000000001,74.8,100.0,363.0,3332.0,1.54,45.300000000000004,14.950000000000001,7.04,35.97,28.94,2.0,361.0,1200.0
21663.456,0.0,140.0,100.80000000000001,24.35,15.92,186.0,35.95,150.4,29.580000000000002,35.72,34.550000000000004,92.5,15.600000000000001,75.10000000000001,100.0,358.0,3328.0,1.51,45.45,15.0,6.97,35.93,28.990000000000002,2.0,358.5,1200.0
21723.456,0.0,140.0,101.80000000000001,24.38,16.0,187.5,35.9,149.0,29.61,35.72,34.6,92.5,15.450000000000001,75.8,99.9,361.0,3329.0,1.43,45.300000000000004,15.05,6.95,36.03,29.01,1.0,362.0,1200.0
21783.456,0.0,140.0,103.80000000000001,24.35,16.0,186.0,36.0,149.20000000000002,29.54,35.79,34.6,93.5,15.5,75.7,99.80000000000001,362.0,3324.0,1.3800000000000001,45.25,15.0,7.05,36.03,29.060000000000002,1.0,357.5,1200.0
21843.455,0.0,140.0,101.9,24.330000000000002,16.02,186.5,35.9,148.70000000000002,29.580000000000002,35.800000000000004,34.65,90.0,15.5,75.10000000000001,99.7,361.5,3325.0,1.4000000000000001,45.2,14.92,7.0,36.07,29.04,0.0,358.5,1200.0
21903.455,0.0,140.0,100.5,24.32,15.97,187.0,35.85,150.0,29.54,35.63,34.7,92.5,15.600000000000001,75.4,99.80000000000001,357.5,3327.0,1.51,45.25,15.040000000000001,7.07,35.95,29.0,0.0,358.0,1200.0
21963.455,0.0,140.0,102.7,24.36,15.99,185.5,35.85,148.9,29.46,35.68,34.65,94.5,15.75,75.10000000000001,99.80000000000001,358.0,3326.0,1.37,45.150000000000006,14.99,7.03,36.07,29.0,0.0,354.5,1200.0
22023.454,0.0,140.0,100.9,24.45,15.98,186.5,35.9,149.5,29.46,35.72,34.6,91.5,15.65,75.60000000000001,99.80000000000001,358.0,3321.0,1.34,45.400000000000006,15.01,7.11,35.99,29.07,0.0,356.5,1200.0
22083.454,0.0,140.0,103.10000000000001,24.29,16.01,187.5,35.75,149.0,29.39,35.72,34.4,93.5,15.55,75.7,99.9,356.5,3325.0,1.42,45.2,15.05,6.99,36.03,28.98,0.0,358.5,1200.0
22143.453,0.0,140.0,101.60000000000001,24.34,16.09,185.0,35.75,149.4,29.44,35.62,34.7,91.0,15.600000000000001,75.2,100.0,354.0,3323.0,1.3900000000000001,45.25,14.98,6.98,36.07,28.97,0.0,354.0,1200.0
22203.453,0.0,140.0,102.4,24.34,15.98,185.5,35.7,150.20000000000002,29.39,35.56,34.550000000000004,92.0,15.600000000000001,75.9,99.7,356.5,3331.0,1.3900000000000001,45.300000000000004,15.06,7.08,35.96,28.94,4.0,360.0,1200.0
22263.453,0.0,140.0,102.30000000000001,24.46,15.99,185.5,35.800000000000004,150.20000000000002,29.240000000000002,35.58,34.5,94.0,15.65,75.7,100.0,361.0,3330.0,1.37,45.1,14.97,6.98,35.99,29.09,2.0,356.0,1200.0
22323.452,0.0,140.0,102.80000000000001,24.38,16.0,187.0,35.800000000000004,150.0,29.48,35.59,34.7,91.0,15.600000000000001,75.8,99.9,358.5,3322.0,1.52,45.150000000000006,14.950000000000001,7.0200000000000005,35.96,28.97,4.0,361.0,1200.0
22383.452,0.0,140.0,101.9,24.46,15.98,186.0,36.0,149.1,29.46,35.65,34.45,93.0,15.600000000000001,76.0,99.80000000000001,355.5,3325.0,1.42,45.35,14.950000000000001,7.0,36.02,28.92,0.0,358.5,1200.0
22443.452,0.0,140.0,98.4,24.36,16.05,185.5,35.800000000000004,149.0,29.54,35.71,34.6,94.5,15.700000000000001,75.7,100.0,359.5,3327.0,1.36,45.150000000000006,15.02,7.04,35.9,29.0,3.0,359.0,1200.0
22503.451,0.0,140.0,101.9,24.38,16.04,187.0,35.85,148.1,29.46,35.63,34.6,93.0,15.600000000000001,75.7,100.0,362.5,3331.0,1.41,45.150000000000006,14.93,7.0,36.03,29.16,0.0,364.5,1200.0
22563.451,0.0,140.0,101.80000000000001,24.400000000000002,15.99,185.5,35.9,149.0,29.43,35.65,34.65,95.0,15.8,75.5,99.2,356.0,3330.0,1.3,45.2,15.06,7.0,36.03,29.01,1.0,362.5,1200.0
22623.45,0.0,140.0,102.30000000000001,24.39,16.06,187.0,36.0,149.20000000000002,29.490000000000002,35.72,34.65,91.5,15.65,76.0,100.0,361.0,3333.0,1.26,45.150000000000006,15.02,6.99,35.99,29.02,1.0,357.0,1200.0
22683.45,0.0,140.0,101.2,24.34,16.03,187.0,36.0,149.20000000000002,29.52,35.78,34.75,91.5,15.600000000000001,76.0,100.0,363.5,3331.0,1.26,45.150000000000006,15.01,6.93,35.97,28.990000000000002,1.0,359.5,1200.0
22743.45,0.0,140.0,102.9,24.44,16.11,185.5,35.9,149.20000000000002,29.57,35.67,34.65,90.5,15.65,75.60000000000001,100.0,361.0,3332.0,1.46,45.300000000000004,14.950000000000001,6.99,35.95,28.97,0.0,357.0,1200.0
22803.449,0.0,140.0,101.9,24.400000000000002,16.01,185.5,35.9,149.1,29.5,35.77,34.800000000000004,92.0,15.600000000000001,75.60000000000001,99.80000000000001,357.0,3335.0,1.36,45.300000000000004,15.040000000000001,6.98,36.01,28.990000000000002,0.0,363.5,1200.0
22863.449,0.0,140.0,103.2,24.43,15.92,186.5,36.050000000000004,148.8,29.54,35.69,34.65,91.5,15.65,75.7,100.0,359.5,3335.0,1.6,45.2,14.97,6.99,36.03,28.96,0.0,359.0,1200.0
22923.449,0.0,140.0,101.7,24.37,15.96,186.0,35.95,149.70000000000002,29.55,35.79,34.75,94.0,15.55,76.4,100.0,364.0,3336.0,1.43,45.5,14.96,6.97,36.06,29.01,0.0,359.5,1200.0
22983.448,0.0,140.0,101.9,24.38,16.02,185.0,36.050000000000004,149.20000000000002,29.47,35.71,34.65,89.5,15.600000000000001,75.4,99.7,362.0,3334.0,1.36,45.400000000000006,14.99,7.07,36.01,29.01,1.0,360.0,1200.0
23043.448,0.0,140.0,101.2,24.32,16.01,186.5,35.95,149.6,29.580000000000002,35.74,34.5,91.5,15.55,75.2,100.0,358.5,3338.0,1.26,45.25,15.030000000000001,7.0,35.95,29.02,2.0,360.5,1200.0
23103.448,0.0,140.0,102.30000000000001,24.43,15.98,187.5,35.85,148.70000000000002,29.57,35.76,34.65,93.0,15.55,75.60000000000001,99.60000000000001,362.0,3333.0,1.35,45.300000000000004,15.01,6.96,35.99,28.990000000000002,0.0,362.0,1200.0
23163.447,0.0,140.0,102.30000000000001,24.330000000000002,15.94,186.5,35.85,148.9,29.54,35.7,34.6,91.0,15.65,75.3,100.0,360.0,3344.0,1.52,45.300000000000004,15.0,7.01,36.08,29.01,1.0,362.0,1200.0
23223.447,0.0,140.0,102.60000000000001,24.330000000000002,16.080000000000002,185.0,36.0,148.70000000000002,29.580000000000002,35.85,34.75,92.0,15.75,75.60000000000001,100.0,359.0,3337.0,1.42,45.400000000000006,15.02,6.94,35.97,29.01,0.0,365.0,1200.0
23283.447,0.0,140.0,102.60000000000001,24.38,16.03,188.5,35.85,147.8,29.62,35.84,34.75,90.5,15.75,75.2,99.80000000000001,361.0,3338.0,1.46,45.35,15.01,7.0200000000000005,36.03,29.11,0.0,366.0,1200.0
23343.446,0.0,140.0,102.10000000000001,24.36,16.03,187.0,36.1,149.6,29.67,35.83,34.75,93.0,15.55,75.4,100.0,364.0,3338.0,1.34,45.25,14.94,7.0200000000000005,36.09,29.05,1.0,367.0,1200.0
23403.446,0.0,140.0,102.9,24.35,15.94,183.5,36.15,149.9,29.59,35.86,34.65,92.0,15.600000000000001,75.3,100.0,362.5,3333.0,1.36,45.400000000000006,15.040000000000001,6.94,36.050000000000004,29.11,1.0,361.5,1200.0
23463.446,0.0,140.0,101.2,24.32,15.97,188.0,35.95,148.0,29.67,35.82,34.65,90.5,15.5,76.0,100.0,366.0,3335.0,1.45,45.35,15.040000000000001,6.97,36.04,28.91,0.0,363.5,1200.0
23523.445,0.0,140.0,102.0,24.32,16.0,188.5,36.1,148.6,29.560000000000002,35.77,34.800000000000004,92.0,15.55,75.5,99.9,361.0,3339.0,1.44,45.400000000000006,15.040000000000001,7.05,35.95,28.97,0.0,356.0,1200.0
23583.445,0.0,140.0,102.0,24.39,16.02,187.5,36.050000000000004,149.70000000000002,29.67,35.81,34.6,93.0,15.5,75.5,99.80000000000001,361.0,3334.0,1.48,45.5,14.98,7.0200000000000005,36.12,29.060000000000002,0.0,365.0,1200.0
23643.445,0.0,140.0,102.2,24.41,15.950000000000001,188.0,35.9,148.0,29.55,35.83,34.7,94.0,15.65,75.60000000000001,100.0,358.0,3341.0,1.18,45.35,15.0,6.97,35.980000000000004,29.0,0.0,363.0,1200.0
23703.444,0.0,140.0,102.2,24.41,15.98,185.5,36.1,150.5,29.61,35.800000000000004,34.7,92.0,15.5,76.0,100.0,366.5,3331.0,1.35,45.300000000000004,15.01,6.99,36.02,29.02,0.0,361.5,1200.0
23763.444,0.0,140.0,102.0,24.35,15.98,185.0,36.1,149.20000000000002,29.59,35.88,34.65,89.5,15.600000000000001,75.3,99.80000000000001,365.0,3340.0,1.44,45.400000000000006,14.98,7.05,36.050000000000004,28.96,2.0,358.0,1200.0
23823.443,0.0,140.0,102.7,24.35,15.99,186.5,35.9,148.20000000000002,29.53,35.78,34.75,93.0,15.55,75.3,100.0,362.0,3334.0,1.27,45.45,15.01,6.97,36.050000000000004,29.05,0.0,365.0,1200.0
23883.443,0.0,140.0,102.30000000000001,24.44,15.96,184.0,35.95,147.8,29.6,35.78,34.65,93.5,15.75,76.0,100.0,362.0,3337.0,1.37,45.400000000000006,15.02,6.93,36.01,28.91,0.0,362.5,1200.0
23943.443,0.0,140.0,101.60000000000001,24.43,16.0,188.0,36.1,148.4,29.57,35.730000000000004,34.75,94.5,15.600000000000001,75.10000000000001,99.9,360.0,3341.0,1.36,45.35,15.05,7.05,36.01,28.91,0.0,363.0,1200.0
24003.442,0.0,140.0,101.7,24.310000000000002,15.93,185.0,35.95,148.6,29.55,35.75,34.800000000000004,94.0,15.75,75.3,100.0,362.5,3328.0,1.37,45.45,15.0,7.0200000000000005,36.03,29.05,0.0,361.5,1200.0
24063.442,0.0,140.0,101.60000000000001,24.310000000000002,15.96,184.5,35.85,150.5,29.55,35.69,34.75,92.0,15.65,75.7,99.7,364.5,3335.0,1.42,45.45,14.99,7.08,36.03,28.97,0.0,356.5,1200.0
24123.442,0.0,140.0,101.60000000000001,24.37,16.0,187.0,35.95,148.4,29.45,35.800000000000004,34.5,93.0,15.65,75.7,100.0,357.0,3342.0,1.31,45.400000000000006,14.99,6.95,36.08,29.01,0.0,357.0,1200.0
24183.441,0.0,140.0,101.80000000000001,24.39,15.950000000000001,187.5,35.75,150.3,29.45,35.77,34.65,92.0,15.600000000000001,76.2,100.0,359.5,3337.0,1.41,45.400000000000006,15.02,6.97,35.980000000000004,29.03,1.0,362.0,1200.0
24243.441,0.0,140.0,102.9,24.37,15.96,185.5,35.800000000000004,149.1,29.37,35.64,34.6,93.5,15.350000000000001,75.60000000000001,99.60000000000001,359.0,3330.0,1.43,45.400000000000006,15.11,6.96,36.050000000000004,29.0,0.0,365.0,1200.0
24303.441,0.0,140.0,100.5,24.35,16.0,188.5,35.95,148.5,29.44,35.65,34.6,93.5,15.75,75.2,99.80000000000001,362.5,3332.0,1.49,45.300000000000004,14.98,7.0,35.96,29.02,2.0,364.0,1200.0
24363.44,0.0,140.0,100.9,24.3,16.0,185.0,35.85,148.70000000000002,29.47,35.68,34.7,91.5,15.8,75.4,99.7,359.0,3323.0,1.36,45.400000000000006,15.02,7.07,35.97,29.04,0.0,360.5,1200.0
24423.44,0.0,140.0,101.7,24.400000000000002,15.96,185.5,35.85,150.0,29.490000000000002,35.65,34.7,92.0,15.65,75.7,99.9,360.5,3329.0,1.43,45.300000000000004,14.97,6.96,36.11,29.02,0.0,358.5,1200.0
24483.44,0.0,140.0,103.10000000000001,24.36,15.97,183.0,35.800000000000004,148.20000000000002,29.39,35.59,34.6,93.5,15.600000000000001,76.10000000000001,99.9,360.0,3326.0,1.47,45.300000000000004,15.0,7.05,35.99,29.02,4.0,354.5,1200.0
24543.439,0.0,140.0,103.5,24.26,16.03,185.5,35.800000000000004,148.4,29.41,35.53,34.6,92.5,15.65,75.3,100.0,360.0,3327.0,1.4000000000000001,45.150000000000006,15.030000000000001,6.99,36.050000000000004,29.0,2.0,353.5,1200.0
24603.439,0.0,140.0,101.2,24.3,16.0,185.5,35.7,149.8,29.34,35.550000000000004,34.4,92.5,15.600000000000001,75.7,100.0,358.5,3326.0,1.34,45.2,15.02,7.0,35.99,29.07,2.0,354.5,1200.0
24663.439,0.0,140.0,102.30000000000001,24.34,15.950000000000001,183.0,35.85,149.20000000000002,29.34,35.550000000000004,34.5,92.5,15.55,75.9,99.80000000000001,355.0,3319.0,1.46,45.150000000000006,15.09,6.96,36.04,29.080000000000002,0.0,356.0,1200.0
24723.439,0.0,140.0,102.10000000000001,24.330000000000002,16.01,185.0,35.75,148.70000000000002,29.400000000000002,35.44,34.6,91.5,15.65,76.0,100.0,357.0,3322.0,1.48,45.35,14.99,6.97,36.02,29.080000000000002,1.0,353.5,1200.0
24783.438,0.0,140.0,101.5,24.28,15.950000000000001,187.0,35.85,148.9,29.27,35.53,34.35,92.5,15.65,75.8,99.9,355.5,3322.0,1.35,45.2,14.99,7.03,35.96,29.09,0.0,354.0,1200.0
24843.438,0.0,140.0,100.5,24.35,15.950000000000001,185.0,35.800000000000004,149.20000000000002,29.37,35.43,34.4,92.0,15.600000000000001,76.10000000000001,99.5,356.0,3316.0,1.51,45.35,15.06,6.96,35.96,29.01,0.0,354.0,1200.0
24903.438,0.0,140.0,101.30000000000001,24.35,15.94,185.0,35.6,149.1,29.34,35.37,34.25,92.0,15.65,76.2,99.7,355.5,3321.0,1.43,45.1,15.040000000000001,7.0,36.04,29.02,1.0,355.5,1200.0
24963.437,0.0,140.0,101.2,24.3,15.99,184.5,35.65,146.9,29.240000000000002,35.410000000000004,34.5,93.5,15.65,76.10000000000001,100.0,352.5,3319.0,1.34,45.0,15.06,6.97,36.01,29.01,0.0,353.5,1200.0
25023.437,0.0,140.0,102.0,24.37,16.03,183.5,35.75,147.0,29.17,35.410000000000004,34.45,93.0,15.65,75.8,100.0,355.5,3314.0,1.35,45.1,15.01,6.96,36.1,28.990000000000002,1.0,356.5,1200.0
25083.437,0.0,140.0,102.30000000000001,24.400000000000002,15.950000000000001,183.5,35.550000000000004,147.8,29.2,35.33,34.300000000000004,91.0,15.65,76.2,100.0,351.5,3313.0,1.48,45.050000000000004,15.01,7.0200000000000005,36.04,29.09,0.0,353.0,1200.0
25143.436,0.0,140.0,100.4,24.44,15.99,184.0,35.45,149.70000000000002,29.18,35.410000000000004,34.35,91.0,15.450000000000001,76.4,99.5,352.5,3314.0,1.5,44.900000000000006,15.07,7.0,36.01,29.09,1.0,355.0,1200.0
25203.436,0.0,140.0,104.60000000000001,24.37,15.99,184.5,35.6,148.5,29.07,35.410000000000004,34.4,91.0,15.65,76.0,100.0,348.5,3316.0,1.33,44.800000000000004,15.01,6.99,35.97,29.11,3.0,350.0,1200.0
25263.436,0.0,140.0,101.7,24.29,15.98,184.0,35.6,148.4,29.2,35.25,34.35,93.5,15.600000000000001,76.60000000000001,99.80000000000001,353.0,3313.0,1.37,44.900000000000006,15.1,7.0,36.09,28.98,2.0,354.5,1200.0
25323.435,0.0,140.0,102.7,24.39,16.04,184.5,35.5,149.8,29.150000000000002,35.34,34.15,92.5,15.600000000000001,76.10000000000001,100.0,354.0,3319.0,1.31,45.050000000000004,15.01,7.01,35.95,28.990000000000002,0.0,356.0,1200.0
25383.435,0.0,140.0,101.0,24.39,16.03,186.0,35.75,149.0,29.150000000000002,35.36,34.35,93.0,15.65,75.7,100.0,354.0,3316.0,1.43,45.0,15.0,7.07,35.93,28.990000000000002,0.0,350.5,1200.0
25443.435,0.0,140.0,104.60000000000001,24.36,15.96,184.0,35.7,146.8,29.150000000000002,35.45,34.35,93.5,15.65,76.2,99.4,353.0,3316.0,1.31,44.900000000000006,14.97,6.97,36.01,29.05,2.0,352.5,1200.0
25503.434,0.0,140.0,101.80000000000001,24.41,16.0,183.5,35.45,149.6,29.2,35.44,34.45,92.0,15.600000000000001,76.10000000000001,99.7,352.0,3317.0,1.4000000000000001,44.75,14.98,7.0200000000000005,35.94,28.93,0.0,355.0,1200.0
25563.434,0.0,140.0,102.2,24.37,16.01,183.0,35.4,148.3,29.25,35.45,34.35,92.0,15.600000000000001,76.10000000000001,100.0,353.5,3316.0,1.47,44.85,15.01,7.0200000000000005,36.0,28.92,0.0,353.5,1200.0
25623.434,0.0,140.0,101.60000000000001,24.38,15.99,184.0,35.550000000000004,147.70000000000002,29.310000000000002,35.45,34.45,91.5,15.700000000000001,75.8,100.0,353.5,3316.0,1.32,44.85,14.99,6.95,35.95,29.04,0.0,355.0,1200.0
25683.433,0.0,140.0,102.80000000000001,24.43,15.89,185.0,35.65,150.0,29.32,35.51,34.25,93.0,15.600000000000001,75.4,99.60000000000001,355.5,3311.0,1.3900000000000001,44.95,14.93,7.01,36.03,29.0,0.0,353.0,1200.0
25743.433,0.0,140.0,102.10000000000001,24.310000000000002,16.02,185.5,35.75,150.4,29.330000000000002,35.410000000000004,34.5,91.0,15.65,75.9,100.0,352.5,3313.0,1.49,44.800000000000004,15.0,6.94,35.980000000000004,28.95,0.0,355.5,1200.0
25803.433,0.0,140.0,100.7,24.28,15.98,185.5,35.7,148.8,29.17,35.4,34.45,91.5,15.600000000000001,75.4,100.0,359.0,3314.0,1.55,44.800000000000004,14.98,7.01,36.01,29.02,0.0,352.0,1200.0
25863.433,0.0,140.0,101.80000000000001,24.37,16.01,185.5,35.65,149.0,29.26,35.410000000000004,34.45,92.5,15.600000000000001,75.3,100.0,355.5,3314.0,1.33,44.95,15.01,6.98,35.96,28.98,1.0,360.0,1200.0
25923.432,0.0,140.0,102.80000000000001,24.34,16.02,184.5,35.6,147.5,29.28,35.44,34.35,92.0,15.65,76.10000000000001,100.0,352.5,3306.0,1.35,44.900000000000006,15.01,7.03,36.0,28.91,0.0,355.0,1200.0
25983.432,0.0,140.0,101.4,24.29,16.0,183.5,35.6,149.4,29.22,35.39,34.45,92.5,15.700000000000001,75.7,99.80000000000001,353.5,3315.0,1.31,44.85,15.0,6.9,35.93,29.0,0.0,350.5,1200.0
26043.432,0.0,140.0,101.4,24.42,16.0,185.5,35.45,148.70000000000002,29.17,35.410000000000004,34.4,92.0,15.5,75.10000000000001,100.0,350.0,3309.0,1.33,44.75,15.040000000000001,7.07,35.88,28.990000000000002,0.0,351.5,1200.0
26103.431,0.0,140.0,102.10000000000001,24.35,16.080000000000002,183.5,35.800000000000004,148.9,29.23,35.49,34.4,91.5,15.600000000000001,76.2,100.0,350.0,3306.0,1.54,44.900000000000006,15.030000000000001,6.98,36.07,29.05,0.0,356.5,1200.0
26163.431,0.0,140.0,99.9,24.39,15.950000000000001,184.0,35.65,149.6,29.26,35.46,34.5,91.0,15.700000000000001,76.3,100.0,354.0,3310.0,1.44,44.7,15.040000000000001,7.0200000000000005,35.93,29.07,1.0,356.5,1200.0
26223.431,0.0,140.0,101.5,24.310000000000002,16.02,184.5,35.75,149.5,29.23,35.37,34.300000000000004,91.5,15.55,76.2,99.30000000000001,352.0,3312.0,1.36,44.800000000000004,14.98,7.0200000000000005,36.1,28.990000000000002,0.0,352.5,1200.0
26283.43,0.0,140.0,100.4,24.34,15.9,184.5,35.6,149.4,29.34,35.38,34.5,91.5,15.75,75.3,100.0,351.5,3307.0,1.46,44.800000000000004,15.030000000000001,7.03,36.04,29.060000000000002,0.0,354.5,1200.0
26343.43,0.0,140.0,102.9,24.330000000000002,15.94,183.0,35.75,148.9,29.18,35.44,34.4,91.5,15.600000000000001,75.7,100.0,351.0,3314.0,1.52,44.800000000000004,15.030000000000001,7.05,35.93,29.04,2.0,352.5,1200.0
26403.43,0.0,140.0,101.2,24.26,15.99,186.5,35.550000000000004,149.5,29.23,35.44,34.5,91.5,15.5,76.60000000000001,100.0,350.5,3309.0,1.31,44.7,14.99,7.01,35.95,29.02,0.0,356.0,1200.0
26463.43,0.0,140.0,101.10000000000001,24.310000000000002,15.950000000000001,184.5,35.6,149.0,29.28,35.410000000000004,34.300000000000004,90.0,15.75,75.9,100.0,353.0,3312.0,1.24,44.7,14.97,7.0,36.0,29.12,2.0,355.0,1200.0
26523.429,0.0,140.0,101.9,24.34,16.0,182.5,35.550000000000004,148.0,29.240000000000002,35.45,34.4,91.5,15.55,76.0,99.80000000000001,351.0,3310.0,1.41,44.800000000000004,15.01,6.96,35.86,28.93,0.0,355.0,1200.0
26583.429,0.0,140.0,102.2,24.25,15.97,184.5,35.6,148.8,29.28,35.480000000000004,34.45,93.0,15.55,75.4,100.0,353.5,3309.0,1.24,44.800000000000004,14.94,7.04,36.06,29.01,2.0,355.0,1200.0
26643.429,0.0,140.0,102.30000000000001,24.39,16.01,184.0,35.7,150.0,29.34,35.42,34.5,91.5,15.65,75.8,99.9,350.5,3314.0,1.37,44.75,14.98,7.01,36.0,28.990000000000002,1.0,351.0,1200.0
26703.428,0.0,140.0,101.9,24.34,16.06,184.5,35.75,147.5,29.23,35.480000000000004,34.4,92.5,15.600000000000001,76.0,100.0,354.0,3309.0,1.34,44.95,15.0,6.97,35.97,28.98,0.0,353.0,1200.0
26763.428,0.0,140.0,100.5,24.35,16.0,182.0,35.6,148.70000000000002,29.26,35.44,34.4,91.5,15.65,75.7,100.0,352.0,3318.0,1.43,44.900000000000006,15.02,6.97,35.97,29.03,0.0,349.0,1200.0
26823.428,0.0,140.0,102.4,24.34,15.93,183.0,35.75,148.8,29.26,35.47,34.550000000000004,94.0,15.75,75.60000000000001,100.0,357.5,3316.0,1.5,44.95,15.01,7.0200000000000005,36.04,29.13,0.0,354.0,1200.0
26883.427,0.0,140.0,102.7,24.400000000000002,15.99,186.5,35.65,147.4,29.35,35.45,34.4,91.5,15.65,76.4,99.9,352.0,3318.0,1.49,44.7,15.030000000000001,6.96,35.99,28.990000000000002,0.0,356.0,1200.0
26943.427,0.0,140.0,102.30000000000001,24.34,16.01,185.5,35.75,146.70000000000002,29.38,35.56,34.4,92.0,15.65,75.2,100.0,359.0,3312.0,1.36,44.800000000000004,14.99,6.95,35.980000000000004,28.900000000000002,1.0,353.5,1200.0
27003.427,0.0,140.0,101.30000000000001,24.400000000000002,15.98,184.0,35.75,149.6,29.32,35.53,34.5,93.5,15.55,75.4,99.60000000000001,356.0,3319.0,1.37,44.95,15.01,7.07,36.0,29.11,1.0,353.5,1200.0
27063.427,0.0,140.0,101.5,24.310000000000002,15.96,185.0,35.7,148.5,29.310000000000002,35.51,34.5,94.5,15.65,75.5,100.0,356.5,3318.0,1.33,44.800000000000004,15.120000000000001,7.0200000000000005,36.01,28.98,0.0,353.5,1200.0
27123.426,0.0,140.0,104.2,24.27,15.96,184.5,35.75,147.9,29.28,35.550000000000004,34.550000000000004,92.0,15.700000000000001,76.0,100.0,356.5,3315.0,1.56,44.85,14.96,6.96,35.93,28.82,0.0,351.5,1200.0
27183.426,0.0,140.0,103.5,24.38,15.97,186.0,35.7,148.70000000000002,29.29,35.5,34.4,93.0,15.55,75.8,100.0,354.0,3318.0,1.29,44.85,15.0,6.99,35.9,28.96,0.0,353.5,1200.0
27243.426,0.0,140.0,101.9,24.32,15.97,184.5,35.65,149.1,29.18,35.37,34.45,93.0,15.700000000000001,76.0,99.9,352.0,3307.0,1.32,44.95,15.06,6.94,35.980000000000004,28.990000000000002,1.0,349.0,1200.0
27303.425,0.0,140.0,103.4,24.34,16.0,184.0,35.550000000000004,147.5,29.28,35.32,34.4,92.0,15.65,76.10000000000001,100.0,355.5,3313.0,1.46,44.75,14.950000000000001,7.01,36.0,29.03,1.0,352.5,1200.0
27363.425,0.0,140.0,102.7,24.34,15.96,183.0,35.550000000000004,146.8,29.150000000000002,35.32,34.300000000000004,91.0,15.450000000000001,76.10000000000001,100.0,350.0,3309.0,1.34,44.75,15.030000000000001,7.0200000000000005,35.99,28.97,1.0,351.0,1200.0
27423.425,0.0,140.0,103.2,24.38,16.03,186.5,35.45,149.3,29.09,35.28,34.300000000000004,92.5,15.75,75.60000000000001,100.0,354.5,3312.0,1.32,44.800000000000004,15.11,7.0200000000000005,35.910000000000004,28.86,0.0,350.5,1200.0
27483.425,0.0,140.0,100.4,24.310000000000002,15.98,182.5,35.550000000000004,148.4,29.13,35.18,34.4,90.5,15.55,75.9,99.9,351.0,3309.0,1.35,44.75,14.93,6.99,35.980000000000004,29.04,0.0,349.5,1200.0
27543.424,0.0,140.0,102.4,24.3,15.89,184.5,35.5,148.3,29.150000000000002,35.300000000000004,34.35,90.0,15.600000000000001,75.8,100.0,349.0,3309.0,1.25,44.650000000000006,15.01,6.95,36.0,28.990000000000002,0.0,348.0,1200.0
27603.424,0.0,140.0,102.9,24.3,15.950000000000001,184.0,35.4,150.4,28.990000000000002,35.25,34.15,92.5,15.600000000000001,76.4,100.0,351.5,3305.0,1.1300000000000001,44.75,15.02,7.01,35.96,28.89,0.0,350.0,1200.0
27663.424,0.0,140.0,100.5,24.3,16.01,186.0,35.4,148.5,29.05,35.22,34.45,92.0,15.55,76.80000000000001,99.7,349.5,3301.0,1.27,44.650000000000006,14.98,7.01,36.06,28.98,0.0,352.0,1200.0
27723.423,0.0,140.0,100.5,24.32,16.03,184.0,35.6,147.3,29.01,35.230000000000004,34.35,90.0,15.5,75.8,100.0,350.0,3305.0,1.3900000000000001,44.550000000000004,15.01,6.95,36.03,29.04,0.0,351.0,1200.0
27783.423,0.0,140.0,102.10000000000001,24.37,16.0,184.5,35.4,147.6,29.150000000000002,35.26,34.35,93.0,15.55,76.5,100.0,351.0,3306.0,1.26,44.7,15.01,7.01,36.07,29.05,0.0,350.5,1200.0
27843.423,0.0,140.0,101.7,24.3,16.03,182.0,35.4,149.3,29.0,35.19,34.25,92.0,15.700000000000001,76.10000000000001,100.0,350.5,3310.0,1.41,44.650000000000006,15.030000000000001,6.96,36.050000000000004,28.97,0.0,354.0,1200.0
27903.423,0.0,140.0,102.80000000000001,24.37,15.97,181.5,35.45,148.4,29.060000000000002,35.28,34.1,90.0,15.600000000000001,76.60000000000001,100.0,352.0,3305.0,1.47,44.550000000000004,14.96,7.01,35.910000000000004,28.900000000000002,0.0,349.0,1200.0
27963.422,0.0,140.0,100.10000000000001,24.37,15.96,182.5,35.4,148.5,29.060000000000002,35.22,34.2,92.0,15.600000000000001,76.3,100.0,346.0,3307.0,1.33,44.650000000000006,15.0,7.0,35.99,29.04,0.0,346.5,1200.0
28023.422,0.0,140.0,101.7,24.310000000000002,15.93,184.5,35.5,148.4,29.04,35.22,34.45,90.0,15.600000000000001,76.0,100.0,349.0,3305.0,1.47,44.650000000000006,15.0,7.08,35.95,29.05,0.0,348.0,1200.0
28083.422,0.0,140.0,102.5,24.34,16.04,181.5,35.45,148.3,29.060000000000002,35.28,34.4,91.0,15.65,76.80000000000001,100.0,347.0,3308.0,1.49,44.550000000000004,14.97,6.98,36.18,28.990000000000002,3.0,350.0,1200.0
28143.422,0.0,140.0,101.5,24.29,16.02,183.5,35.4,148.0,29.05,35.31,34.15,93.0,15.55,76.60000000000001,99.9,350.0,3309.0,1.37,44.5,15.01,6.97,36.06,28.96,0.0,348.0,1200.0
28203.421,0.0,140.0,101.60000000000001,24.38,15.99,182.0,35.45,148.0,29.05,35.21,34.1,92.5,15.600000000000001,77.0,100.0,351.5,3307.0,1.52,44.550000000000004,15.05,6.96,35.94,28.96,2.0,353.0,1200.0
28263.421,0.0,140.0,101.4,24.38,15.950000000000001,184.0,35.5,149.3,29.11,35.21,34.2,94.0,15.600000000000001,76.60000000000001,100.0,352.0,3305.0,1.32,44.550000000000004,15.01,7.03,36.03,29.03,0.0,353.0,1200.0
28323.421,0.0,140.0,102.80000000000001,24.28,16.03,183.5,35.4,148.1,29.16,35.33,34.45,92.5,15.55,76.0,99.5,352.5,3308.0,1.36,44.550000000000004,14.97,7.0600000000000005,35.97,28.990000000000002,1.0,354.5,1200.0
28383.42,0.0,140.0,101.5,24.32,15.96,182.5,35.550000000000004,149.5,29.21,35.4,34.300000000000004,91.5,15.600000000000001,75.7,100.0,358.0,3309.0,1.48,44.650000000000006,14.97,6.98,35.97,29.01,3.0,351.5,1200.0
28443.42,0.0,140.0,101.2,24.3,15.91,184.5,35.5,147.9,29.29,35.39,34.35,92.0,15.65,75.9,100.0,349.0,3306.0,1.3900000000000001,44.650000000000006,14.98,7.01,35.97,28.95,1.0,353.0,1200.0
28503.42,0.0,140.0,101.80000000000001,24.43,15.91,185.5,35.6,147.20000000000002,29.21,35.410000000000004,34.35,92.5,15.700000000000001,76.2,99.9,357.5,3311.0,1.46,44.550000000000004,14.96,7.0600000000000005,35.99,28.990000000000002,0.0,357.0,1200.0
28563.42,0.0,140.0,102.30000000000001,24.32,15.96,183.0,35.6,148.0,29.23,35.410000000000004,34.45,92.0,15.65,75.8,99.9,349.5,3310.0,1.36,44.7,15.05,7.0,35.92,28.98,0.0,357.0,1200.0
28623.419,0.0,140.0,101.60000000000001,24.26,16.03,186.0,35.550000000000004,149.6,29.23,35.5,34.5,92.0,15.600000000000001,75.60000000000001,100.0,353.0,3311.0,1.32,44.85,14.98,7.01,35.980000000000004,29.04,0.0,354.5,1200.0
28683.419,0.0,140.0,100.9,24.32,15.98,185.5,35.65,147.8,29.36,35.46,34.6,91.5,15.700000000000001,76.0,100.0,354.5,3312.0,1.2,44.550000000000004,15.05,6.96,35.88,28.96,2.0,352.0,1200.0
28743.419,0.0,140.0,100.80000000000001,24.38,15.98,187.0,35.7,148.8,29.330000000000002,35.56,34.65,91.5,15.55,75.8,99.7,354.0,3314.0,1.32,44.6,14.89,7.07,36.0,28.95,0.0,354.5,1200.0
28803.419,0.0,140.0,102.10000000000001,24.330000000000002,15.98,185.0,35.75,147.1,29.39,35.58,34.550000000000004,92.5,15.600000000000001,75.10000000000001,100.0,351.0,3314.0,1.3800000000000001,44.75,15.0,7.0600000000000005,36.02,29.02,0.0,357.5,1200.0
28863.418,0.0,140.0,102.60000000000001,24.32,15.92,185.0,35.75,147.8,29.34,35.54,34.550000000000004,91.5,15.65,75.5,100.0,353.0,3317.0,1.42,44.85,14.97,6.97,36.1,29.04,0.0,359.0,1200.0
28923.418,0.0,140.0,102.60000000000001,24.32,15.97,184.5,35.7,150.8,29.39,35.59,34.5,91.5,15.5,75.2,100.0,354.5,3316.0,1.57,44.75,14.98,6.96,36.02,29.02,0.0,355.0,1200.0
28983.418,0.0,140.0,102.80000000000001,24.35,16.0,186.0,35.65,151.0,29.42,35.62,34.4,91.5,15.600000000000001,76.3,99.9,357.0,3312.0,1.37,44.7,15.040000000000001,7.01,35.980000000000004,29.05,0.0,355.5,1200.0
29043.418,0.0,140.0,102.2,24.36,16.0,182.5,35.75,149.1,29.36,35.49,34.5,91.5,15.65,75.3,100.0,352.0,3309.0,1.34,44.7,15.01,6.95,36.02,28.98,0.0,355.5,1200.0
29103.417,0.0,140.0,101.30000000000001,24.36,16.01,184.5,35.75,148.8,29.37,35.58,34.45,91.5,15.55,75.9,99.80000000000001,357.5,3313.0,1.59,44.75,15.0,7.01,36.06,28.990000000000002,1.0,356.0,1200.0
29163.417,0.0,140.0,99.9,24.35,16.0,184.5,35.5,148.20000000000002,29.37,35.47,34.550000000000004,93.5,15.700000000000001,75.8,99.80000000000001,353.0,3311.0,1.33,44.800000000000004,15.02,6.99,35.88,28.97,0.0,356.5,1200.0
29223.417,0.0,140.0,101.2,24.34,16.0,187.0,35.65,150.0,29.29,35.550000000000004,34.550000000000004,92.0,15.55,75.2,100.0,347.5,3311.0,1.29,44.800000000000004,14.96,7.0,35.99,29.02,0.0,354.5,1200.0
29283.417,0.0,140.0,101.10000000000001,24.29,15.99,183.5,35.6,150.0,29.330000000000002,35.480000000000004,34.4,92.5,15.55,75.7,99.5,353.5,3307.0,1.53,44.7,15.02,6.91,36.050000000000004,29.05,0.0,353.5,1200.0
29343.416,0.0,140.0,101.2,24.29,15.96,185.5,35.75,149.4,29.32,35.410000000000004,34.5,90.5,15.700000000000001,75.8,100.0,354.0,3307.0,1.18,44.75,15.01,6.94,35.99,29.02,1.0,358.5,1200.0
29403.416,0.0,140.0,100.7,24.35,16.04,182.0,35.7,148.4,29.19,35.42,34.45,93.5,15.75,75.60000000000001,100.0,349.5,3309.0,1.48,44.7,14.96,7.04,35.99,28.990000000000002,0.0,350.0,1200.0
29463.416,0.0,140.0,101.0,24.34,15.89,183.5,35.6,148.6,29.25,35.4,34.550000000000004,94.0,15.75,76.10000000000001,100.0,350.0,3307.0,1.46,44.650000000000006,15.0,6.96,35.89,28.95,0.0,356.5,1200.0
29523.415,0.0,140.0,101.2,24.240000000000002,16.01,184.5,35.45,151.20000000000002,29.2,35.480000000000004,34.4,90.5,15.600000000000001,76.10000000000001,99.60000000000001,350.5,3307.0,1.27,44.75,14.97,7.08,36.06,29.04,0.0,351.5,1200.0
29583.415,0.0,140.0,101.30000000000001,24.35,16.1,182.0,35.7,148.5,29.21,35.45,34.35,92.0,15.700000000000001,75.7,99.9,354.0,3311.0,1.4000000000000001,44.650000000000006,14.97,6.94,35.94,28.97,0.0,357.5,1200.0
29643.415,0.0,140.0,100.10000000000001,24.3,16.0,185.5,35.6,150.6,29.2,35.32,34.300000000000004,92.5,15.55,75.4,100.0,356.0,3311.0,1.46,44.650000000000006,15.0,6.91,35.96,28.96,1.0,353.5,1200.0
29703.415,0.0,140.0,102.80000000000001,24.330000000000002,16.0,185.5,35.6,148.70000000000002,29.150000000000002,35.42,34.35,92.0,15.600000000000001,75.4,99.7,352.5,3304.0,1.26,44.75,15.0,6.98,35.92,28.93,0.0,356.0,1200.0
29763.414,0.0,140.0,102.30000000000001,24.38,16.01,184.5,35.7,150.5,29.11,35.34,34.300000000000004,94.0,15.65,75.8,100.0,353.0,3310.0,1.42,44.7,15.0,7.03,36.0,29.02,0.0,355.5,1200.0
29823.414,0.0,140.0,100.0,24.3,15.96,183.5,35.550000000000004,147.4,29.27,35.35,34.35,94.0,15.700000000000001,76.3,99.2,349.5,3298.0,1.28,44.800000000000004,14.950000000000001,7.01,35.9,28.98,0.0,349.5,1200.0
29883.414,0.0,140.0,101.0,24.3,15.98,185.0,35.45,149.9,29.18,35.230000000000004,34.35,92.5,15.65,75.9,100.0,348.0,3306.0,1.37,44.75,14.99,7.03,36.03,28.97,4.0,354.5,1200.0
29943.414,0.0,140.0,100.10000000000001,24.310000000000002,15.94,183.0,35.550000000000004,149.9,29.22,35.27,34.35,93.0,15.5,76.2,99.30000000000001,356.0,3307.0,1.3800000000000001,44.5,14.94,7.0,35.97,28.85,0.0,351.5,1200.0
30003.413,0.0,140.0,100.7,24.32,15.950000000000001,183.5,35.5,149.0,29.150000000000002,35.37,34.300000000000004,92.0,15.75,76.80000000000001,100.0,350.0,3303.0,1.46,44.7,15.05,7.07,36.06,28.96,0.0,347.0,1200.0
30063.413,0.0,140.0,101.80000000000001,24.29,16.02,184.5,35.5,148.5,29.14,35.300000000000004,34.35,93.0,15.600000000000001,75.8,99.9,343.0,3302.0,1.25,44.650000000000006,15.0,6.96,36.04,28.96,0.0,349.5,1200.0
30123.413,0.0,140.0,102.4,24.35,16.0,181.5,35.5,150.0,29.19,35.36,34.25,92.5,15.65,76.3,99.5,351.0,3311.0,1.41,44.5,14.9,7.01,36.050000000000004,28.98,0.0,349.5,1200.0
30183.413,0.0,140.0,103.2,24.36,15.97,184.0,35.550000000000004,148.6,29.18,35.300000000000004,34.4,95.0,15.450000000000001,75.7,100.0,349.0,3312.0,1.33,44.7,15.040000000000001,6.99,35.97,29.02,0.0,350.5,1200.0
30243.412,0.0,140.0,101.9,24.25,15.99,183.5,35.6,148.6,29.22,35.34,34.4,91.5,15.600000000000001,75.8,99.9,351.5,3307.0,1.42,44.7,15.05,7.04,35.99,28.97,0.0,352.0,1200.0
30303.412,0.0,140.0,104.0,24.330000000000002,15.96,184.0,35.65,148.4,29.3,35.49,34.4,93.5,15.75,75.7,100.0,353.5,3308.0,1.49,44.650000000000006,15.01,7.03,35.92,28.89,0.0,358.0,1200.0
30363.412,0.0,140.0,101.5,24.310000000000002,15.98,182.0,35.7,148.8,29.310000000000002,35.42,34.45,92.5,15.600000000000001,75.5,100.0,351.5,3312.0,1.45,44.75,15.040000000000001,7.05,36.03,29.0,2.0,354.0,1200.0
30423.412,0.0,140.0,102.4,24.32,15.97,184.5,35.65,148.9,29.21,35.45,34.4,92.5,15.600000000000001,75.8,99.80000000000001,352.5,3312.0,1.34,44.7,14.99,7.0,35.94,28.94,0.0,353.0,1200.0
30483.411,0.0,140.0,102.30000000000001,24.330000000000002,16.04,183.0,35.65,148.20000000000002,29.32,35.52,34.4,91.0,15.65,75.9,99.80000000000001,351.0,3312.0,1.48,44.75,14.97,6.96,36.07,29.11,0.0,350.0,1200.0
30543.411,0.0,140.0,100.9,24.39,15.97,185.5,35.85,147.6,29.42,35.42,34.550000000000004,91.0,15.5,75.3,100.0,357.5,3311.0,1.36,44.650000000000006,15.030000000000001,6.95,36.01,29.0,2.0,348.0,1200.0
30603.411,0.0,140.0,101.2,24.36,15.950000000000001,184.0,35.6,149.5,29.38,35.550000000000004,34.550000000000004,90.5,15.5,76.10000000000001,99.7,354.5,3313.0,1.46,44.75,15.0,7.0200000000000005,35.95,29.05,1.0,353.0,1200.0
30663.411,0.0,140.0,102.2,24.34,16.0,186.0,35.65,150.3,29.37,35.46,34.5,92.5,15.65,75.60000000000001,100.0,351.5,3314.0,1.34,44.75,14.99,6.92,36.050000000000004,28.95,1.0,353.0,1200.0
30723.41,0.0,140.0,100.10000000000001,24.34,15.99,184.0,35.75,148.4,29.32,35.45,34.550000000000004,92.0,15.700000000000001,75.3,99.7,353.5,3316.0,1.47,44.85,14.98,6.93,36.01,29.04,0.0,356.5,1200.0
30783.41,0.0,140.0,103.4,24.32,15.99,186.0,35.75,150.9,29.3,35.52,34.4,90.5,15.600000000000001,75.5,99.9,356.0,3317.0,1.37,44.75,14.94,7.05,35.9,28.88,0.0,354.0,1200.0
30843.41,0.0,140.0,103.0,24.39,15.94,182.0,35.6,147.8,29.44,35.44,34.45,92.5,15.55,76.2,99.9,351.5,3314.0,1.52,44.85,15.02,6.99,36.02,28.88,0.0,359.5,1200.0
30903.41,0.0,140.0,103.2,24.35,15.93,186.5,35.85,149.4,29.37,35.58,34.550000000000004,93.0,15.450000000000001,75.3,99.80000000000001,349.0,3316.0,1.43,44.7,14.96,7.07,36.04,29.02,2.0,353.5,1200.0
30963.409,0.0,140.0,100.60000000000001,24.32,15.93,185.0,35.65,149.8,29.310000000000002,35.39,34.5,90.5,15.5,75.5,99.7,354.5,3310.0,1.33,44.800000000000004,14.98,7.01,35.99,29.04,1.0,355.0,1200.0
31023.409,0.0,140.0,103.0,24.43,16.01,186.5,35.7,149.6,29.25,35.5,34.4,90.5,15.600000000000001,75.60000000000001,99.9,355.0,3311.0,1.3900000000000001,44.900000000000006,14.97,7.05,35.92,29.04,2.0,357.5,1200.0
31083.409,0.0,140.0,101.5,24.400000000000002,16.07,185.0,35.6,148.20000000000002,29.28,35.5,34.35,91.0,15.450000000000001,76.10000000000001,99.80000000000001,356.5,3314.0,1.36,44.900000000000006,15.02,7.01,36.13,29.060000000000002,2.0,351.5,1200.0
31143.409,0.0,140.0,101.5,24.44,15.97,184.0,35.7,148.20000000000002,29.27,35.410000000000004,34.35,90.5,15.65,75.8,99.9,352.5,3315.0,1.36,45.0,15.07,7.01,36.06,28.95,0.0,356.5,1200.0
31203.409,0.0,140.0,101.60000000000001,24.38,15.950000000000001,184.0,35.5,148.8,29.2,35.44,34.4,91.5,15.700000000000001,76.0,100.0,350.5,3318.0,1.45,44.75,15.0,6.97,35.96,28.97,1.0,351.0,1200.0
31263.408,0.0,140.0,102.60000000000001,24.39,15.93,183.0,35.7,147.1,29.2,35.45,34.45,95.5,15.600000000000001,76.0,100.0,357.5,3317.0,1.36,44.900000000000006,15.01,7.0,36.01,28.96,2.0,353.5,1200.0
31323.408,0.0,140.0,101.2,24.35,15.96,185.5,35.6,149.3,29.25,35.44,34.4,93.5,15.5,76.0,99.60000000000001,353.5,3314.0,1.27,44.7,15.040000000000001,6.97,36.0,28.98,0.0,354.5,1200.0
31383.408,0.0,140.0,101.4,24.38,15.98,183.0,35.7,147.70000000000002,29.23,35.37,34.4,92.5,15.700000000000001,76.0,99.7,357.0,3320.0,1.51,44.800000000000004,15.05,6.94,36.02,29.07,1.0,353.5,1200.0
31443.408,0.0,140.0,101.0,24.36,16.0,184.5,35.7,149.5,29.32,35.46,34.550000000000004,90.0,15.600000000000001,76.10000000000001,99.9,358.0,3313.0,1.3900000000000001,44.95,15.030000000000001,6.98,35.95,29.07,1.0,356.0,1200.0
31503.407,0.0,140.0,101.5,24.330000000000002,15.98,185.0,35.75,148.9,29.330000000000002,35.480000000000004,34.4,89.5,15.65,76.10000000000001,99.7,353.0,3318.0,1.21,44.800000000000004,14.98,7.0200000000000005,36.07,28.92,3.0,355.5,1200.0
31563.407,0.0,140.0,102.2,24.36,16.0,183.5,35.6,148.70000000000002,29.27,35.49,34.5,91.5,15.600000000000001,75.4,100.0,355.5,3310.0,1.33,44.800000000000004,15.01,6.99,35.92,28.93,2.0,355.5,1200.0
31623.407,0.0,140.0,101.60000000000001,24.3,16.01,184.5,35.65,148.5,29.29,35.5,34.35,92.0,15.5,76.5,100.0,355.5,3311.0,1.46,44.900000000000006,15.05,7.03,35.97,28.990000000000002,1.0,352.5,1200.0
31683.407,0.0,140.0,102.80000000000001,24.310000000000002,16.01,185.0,35.65,147.8,29.310000000000002,35.550000000000004,34.4,92.5,15.75,75.9,99.60000000000001,357.5,3318.0,1.45,44.800000000000004,15.05,7.03,35.96,28.93,0.0,356.0,1200.0
31743.406,0.0,140.0,101.2,24.29,15.97,184.0,35.65,150.20000000000002,29.330000000000002,35.46,34.35,92.0,15.65,75.7,99.60000000000001,353.0,3316.0,1.44,44.75,15.06,7.0200000000000005,35.980000000000004,29.01,0.0,355.0,1200.0
31803.406,0.0,140.0,102.80000000000001,24.35,15.950000000000001,187.0,35.75,149.1,29.400000000000002,35.44,34.5,93.5,15.55,75.9,100.0,355.0,3313.0,1.3800000000000001,44.85,15.0,7.01,35.980000000000004,29.0,0.0,353.5,1200.0
31863.406,0.0,140.0,101.60000000000001,24.28,16.0,186.0,35.5,148.4,29.310000000000002,35.44,34.35,93.0,15.65,75.60000000000001,99.5,356.5,3314.0,1.33,44.800000000000004,14.98,7.04,36.050000000000004,29.0,1.0,357.0,1200.0
31923.406,0.0,140.0,101.80000000000001,24.3,16.01,183.0,35.65,148.1,29.22,35.42,34.5,95.0,15.65,75.5,99.7,357.0,3315.0,1.58,44.800000000000004,14.92,6.98,35.95,28.97,0.0,351.0,1200.0
31983.405,0.0,140.0,99.7,24.240000000000002,15.98,185.5,35.65,149.70000000000002,29.26,35.53,34.4,89.5,15.600000000000001,75.5,100.0,354.5,3307.0,1.6600000000000001,44.95,15.02,6.95,35.99,29.080000000000002,0.0,353.5,1200.0
32043.405,0.0,140.0,101.30000000000001,24.330000000000002,16.04,185.5,35.65,147.5,29.38,35.49,34.300000000000004,91.5,15.55,76.0,100.0,353.0,3310.0,1.46,44.7,15.040000000000001,6.94,35.99,29.1,0.0,351.0,1200.0
32103.405,0.0,140.0,103.0,24.26,16.0,186.0,35.6,149.1,29.32,35.43,34.300000000000004,90.5,15.600000000000001,76.10000000000001,100.0,349.5,3311.0,1.3800000000000001,44.7,14.97,7.03,35.95,29.0,1.0,350.5,1200.0
32163.405,0.0,140.0,102.2,24.28,15.950000000000001,182.5,35.7,148.5,29.23,35.410000000000004,34.300000000000004,91.5,15.700000000000001,75.8,100.0,350.5,3312.0,1.3900000000000001,44.7,14.96,7.01,36.050000000000004,29.03,0.0,354.0,1200.0
32223.405,0.0,140.0,101.10000000000001,24.29,16.01,184.5,35.4,149.1,29.29,35.42,34.4,93.0,15.75,75.8,99.7,352.0,3309.0,1.47,44.75,14.99,7.0,36.03,28.990000000000002,0.0,352.5,1200.0
32283.404,0.0,140.0,101.5,24.35,15.91,184.5,35.7,148.9,29.29,35.39,34.4,94.5,15.700000000000001,76.0,100.0,356.5,3308.0,1.3800000000000001,44.75,14.950000000000001,6.95,36.01,28.990000000000002,0.0,351.5,1200.0
32343.404,0.0,140.0,99.4,24.34,15.97,182.5,35.550000000000004,149.1,29.21,35.33,34.25,89.5,15.600000000000001,75.8,99.80000000000001,351.0,3302.0,1.27,44.650000000000006,14.97,7.05,36.03,29.02,1.0,351.0,1200.0
32403.404,0.0,140.0,101.60000000000001,24.32,16.0,183.5,35.65,148.70000000000002,29.22,35.34,34.5,90.5,15.600000000000001,75.8,100.0,353.5,3307.0,1.3900000000000001,44.75,15.030000000000001,7.01,35.9,28.990000000000002,1.0,344.5,1200.0
32463.404,0.0,140.0,102.30000000000001,24.26,15.950000000000001,184.0,35.5,150.20000000000002,29.2,35.34,34.35,89.0,15.65,76.0,100.0,350.5,3306.0,1.48,44.7,15.02,7.04,35.99,29.02,0.0,349.0,1200.0
32523.403,0.0,140.0,102.4,24.29,16.0,184.0,35.6,150.5,29.150000000000002,35.44,34.45,90.5,15.65,75.9,99.9,347.5,3308.0,1.32,44.6,15.06,6.96,35.9,29.01,1.0,350.5,1200.0
32583.403,0.0,140.0,102.30000000000001,24.38,15.950000000000001,185.5,35.6,149.70000000000002,29.21,35.44,34.4,93.5,15.65,75.7,100.0,350.5,3307.0,1.48,44.7,15.02,7.0200000000000005,35.96,29.07,0.0,350.0,1200.0
32643.403,0.0,140.0,100.7,24.28,16.07,182.5,35.5,149.70000000000002,29.22,35.28,34.15,92.5,15.65,75.9,100.0,355.0,3300.0,1.4000000000000001,44.75,15.07,7.01,36.050000000000004,28.95,2.0,352.5,1200.0
32703.403,0.0,140.0,100.10000000000001,24.37,15.92,186.0,35.4,148.70000000000002,29.18,35.39,34.25,92.0,15.75,75.8,99.7,350.5,3311.0,1.27,44.650000000000006,15.040000000000001,6.97,35.99,29.07,0.0,349.5,1200.0
32763.403,0.0,140.0,101.0,24.37,16.01,185.5,35.550000000000004,148.20000000000002,29.28,35.33,34.35,94.0,15.75,76.3,99.60000000000001,350.5,3305.0,1.4000000000000001,44.650000000000006,14.96,7.05,36.02,29.0,0.0,355.0,1200.0
32823.402,0.0,140.0,102.4,24.35,16.01,184.0,35.6,147.70000000000002,29.14,35.44,34.45,94.0,15.65,75.9,100.0,354.0,3309.0,1.35,44.75,15.01,6.98,36.0,28.990000000000002,1.0,349.5,1200.0
32883.402,0.0,140.0,102.0,24.310000000000002,16.02,182.0,35.5,150.4,29.27,35.4,34.35,91.5,15.5,76.4,99.80000000000001,350.5,3318.0,1.3800000000000001,44.7,15.030000000000001,7.04,36.13,28.98,0.0,348.0,1200.0
32943.402,0.0,140.0,101.4,24.32,16.06,183.0,35.45,149.5,29.2,35.410000000000004,34.4,91.0,15.600000000000001,76.7,99.9,352.5,3310.0,1.23,44.75,14.96,6.97,35.97,28.900000000000002,0.0,351.5,1200.0
33003.402,0.0,140.0,101.7,24.37,16.0,185.0,35.65,149.20000000000002,29.27,35.39,34.45,94.0,15.65,76.0,100.0,349.0,3315.0,1.42,44.800000000000004,15.05,6.98,36.050000000000004,29.060000000000002,1.0,350.0,1200.0
33063.401,0.0,140.0,100.9,24.3,16.03,184.0,35.5,149.6,29.18,35.4,34.45,91.5,15.65,75.7,100.0,350.0,3313.0,1.34,44.650000000000006,15.030000000000001,6.92,36.02,29.05,0.0,352.0,1200.0
33123.401,0.0,140.0,102.0,24.45,15.97,184.5,35.550000000000004,149.8,29.2,35.410000000000004,34.4,91.5,15.65,75.8,99.80000000000001,350.0,3314.0,1.3900000000000001,44.75,14.99,7.0200000000000005,35.980000000000004,29.01,0.0,355.0,1200.0
33183.401,0.0,140.0,102.2,24.35,15.94,183.5,35.550000000000004,147.4,29.240000000000002,35.42,34.4,92.0,15.55,76.10000000000001,100.0,358.5,3311.0,1.45,44.650000000000006,15.0,6.97,36.09,28.95,0.0,352.5,1200.0
33243.401,0.0,140.0,100.4,24.44,15.98,182.5,35.550000000000004,148.1,29.2,35.33,34.300000000000004,91.0,15.55,76.3,99.9,352.5,3310.0,1.54,44.85,14.94,6.97,35.95,29.11,0.0,354.5,1200.0
33303.401,0.0,140.0,103.0,24.35,16.01,182.5,35.550000000000004,148.8,29.18,35.47,34.4,93.0,15.600000000000001,75.9,100.0,352.5,3310.0,1.62,44.85,15.0,7.01,35.93,28.96,0.0,351.5,1200.0
33363.4,0.0,140.0,102.0,24.3,15.97,182.0,35.4,150.4,29.2,35.37,34.45,94.5,15.55,76.10000000000001,99.80000000000001,352.5,3308.0,1.54,44.650000000000006,15.0,6.97,36.07,28.990000000000002,0.0,352.5,1200.0
33423.4,0.0,140.0,102.10000000000001,24.36,15.97,184.0,35.550000000000004,148.4,29.16,35.300000000000004,34.45,91.5,15.75,76.80000000000001,99.60000000000001,354.0,3311.0,1.27,44.75,14.98,7.01,36.01,29.04,0.0,352.0,1200.0
33483.4,0.0,140.0,102.10000000000001,24.38,16.06,183.5,35.550000000000004,149.8,29.21,35.230000000000004,34.35,91.5,15.5,75.60000000000001,100.0,354.5,3312.0,1.4000000000000001,44.85,15.040000000000001,7.01,36.07,29.01,2.0,358.0,1200.0
33543.4,0.0,140.0,103.5,24.29,16.01,182.5,35.550000000000004,149.0,29.26,35.300000000000004,34.300000000000004,94.0,15.450000000000001,76.2,100.0,350.0,3311.0,1.48,44.6,15.030000000000001,7.03,36.09,28.96,0.0,350.0,1200.0
33603.399,0.0,140.0,101.60000000000001,24.38,15.99,184.5,35.5,148.3,29.18,35.25,34.300000000000004,93.5,15.8,75.8,100.0,357.5,3312.0,1.48,44.7,15.01,7.0600000000000005,36.09,29.0,0.0,347.0,1200.0
33663.399,0.0,140.0,101.4,24.38,15.91,185.0,35.4,149.3,29.17,35.28,34.25,92.5,15.600000000000001,76.0,99.9,349.5,3305.0,1.58,44.800000000000004,14.96,6.96,35.96,29.0,2.0,352.0,1200.0
33723.399,0.0,140.0,100.7,24.35,15.97,182.0,35.5,149.9,29.21,35.39,34.35,93.0,15.8,75.9,100.0,350.0,3311.0,1.55,44.550000000000004,14.96,7.0200000000000005,35.97,28.93,1.0,355.5,1200.0
33783.399,0.0,140.0,102.2,24.32,15.98,184.0,35.6,148.9,29.23,35.53,34.35,92.5,15.5,75.60000000000001,99.60000000000001,358.0,3309.0,1.57,44.7,15.0,7.08,35.99,29.05,0.0,347.0,1200.0
33843.399,0.0,140.0,101.60000000000001,24.35,16.04,185.5,35.550000000000004,149.8,29.19,35.45,34.300000000000004,91.0,15.700000000000001,76.10000000000001,99.80000000000001,352.5,3312.0,1.51,44.800000000000004,15.01,7.0,36.01,28.96,0.0,352.5,1200.0
33903.398,0.0,140.0,101.0,24.29,16.02,187.0,35.550000000000004,148.4,29.23,35.39,34.4,90.5,15.65,75.7,100.0,357.5,3308.0,1.48,44.800000000000004,15.02,6.96,36.03,28.97,1.0,353.0,1200.0
33963.398,0.0,140.0,102.0,24.38,15.92,185.5,35.550000000000004,148.70000000000002,29.29,35.45,34.35,91.5,15.55,75.9,99.7,356.5,3305.0,1.35,44.650000000000006,14.97,6.96,36.0,28.96,2.0,346.0,1200.0
34023.398,0.0,140.0,101.30000000000001,24.32,15.97,185.5,35.7,147.0,29.18,35.42,34.45,92.0,15.600000000000001,76.4,99.7,352.5,3313.0,1.32,44.650000000000006,15.01,6.94,35.980000000000004,28.96,0.0,352.5,1200.0
34083.398,0.0,140.0,102.5,24.310000000000002,16.0,182.5,35.65,149.20000000000002,29.28,35.42,34.45,92.0,15.600000000000001,76.0,100.0,351.5,3316.0,1.44,44.650000000000006,14.98,6.94,36.08,28.94,0.0,351.5,1200.0
34143.398,0.0,140.0,100.10000000000001,24.32,15.99,186.5,35.65,150.70000000000002,29.28,35.45,34.4,94.5,15.700000000000001,76.10000000000001,100.0,352.5,3318.0,1.41,44.7,15.0,6.99,36.07,28.98,2.0,351.0,1200.0
34203.397,0.0,140.0,102.60000000000001,24.35,16.03,185.5,35.6,148.4,29.28,35.4,34.6,91.5,15.600000000000001,75.8,100.0,355.0,3311.0,1.37,44.800000000000004,15.0,7.01,35.980000000000004,29.03,0.0,353.5,1200.0
34263.397,0.0,140.0,102.30000000000001,24.36,15.97,185.0,35.550000000000004,148.0,29.29,35.480000000000004,34.45,93.0,15.65,76.4,100.0,353.5,3318.0,1.46,44.85,15.030000000000001,6.97,36.01,29.04,0.0,358.5,1200.0
34323.397,0.0,140.0,100.5,24.37,16.07,184.5,35.6,149.3,29.27,35.47,34.45,90.5,15.55,76.3,99.80000000000001,357.0,3318.0,1.18,44.800000000000004,14.96,7.0,35.980000000000004,29.080000000000002,1.0,354.5,1200.0
34383.397,0.0,140.0,102.30000000000001,24.39,16.03,184.0,35.65,148.70000000000002,29.29,35.43,34.6,90.0,15.600000000000001,76.5,100.0,352.0,3316.0,1.35,44.800000000000004,15.05,7.0,35.88,28.91,0.0,355.0,1200.0
34443.396,0.0,140.0,101.30000000000001,24.32,15.96,185.5,35.75,149.1,29.25,35.410000000000004,34.5,91.5,15.65,76.3,100.0,357.5,3316.0,1.5,44.900000000000006,14.97,7.07,35.97,29.09,0.0,359.0,1200.0
34503.396,0.0,140.0,99.30000000000001,24.36,16.01,184.5,35.65,148.6,29.28,35.44,34.4,92.0,15.700000000000001,76.3,100.0,352.5,3314.0,1.29,44.95,14.99,6.98,35.97,29.01,0.0,354.0,1200.0
34563.396,0.0,140.0,101.60000000000001,24.43,16.0,186.0,35.7,152.3,29.25,35.49,34.4,90.5,15.65,75.9,100.0,352.0,3318.0,1.56,44.800000000000004,14.93,6.97,36.06,28.97,3.0,356.5,1200.0
34623.396,0.0,140.0,101.80000000000001,24.36,16.04,185.0,35.45,150.8,29.25,35.42,34.5,93.5,15.55,75.7,100.0,353.5,3312.0,1.49,44.85,14.98,6.99,36.03,28.95,0.0,352.0,1200.0
34683.396,0.0,140.0,102.60000000000001,24.240000000000002,16.05,184.0,35.550000000000004,150.0,29.22,35.52,34.6,92.5,15.65,76.0,99.80000000000001,351.5,3313.0,1.3800000000000001,44.800000000000004,15.030000000000001,7.0200000000000005,35.97,29.01,0.0,351.5,1200.0
34743.395,0.0,140.0,101.9,24.37,16.0,184.0,35.65,149.5,29.26,35.4,34.35,93.5,15.65,76.0,100.0,361.0,3313.0,1.35,44.7,15.030000000000001,7.05,36.04,29.02,1.0,353.5,1200.0
34803.395,0.0,140.0,101.80000000000001,24.38,16.0,183.5,35.75,148.5,29.240000000000002,35.43,34.35,93.0,15.600000000000001,76.0,100.0,352.5,3316.0,1.26,44.800000000000004,14.98,6.95,35.96,29.02,0.0,355.0,1200.0
34863.395,0.0,140.0,100.7,24.34,15.96,184.5,35.5,150.5,29.26,35.43,34.6,93.0,15.65,76.2,100.0,354.5,3313.0,1.4000000000000001,44.85,15.02,6.98,36.0,29.02,2.0,351.0,1200.0
34923.395,0.0,140.0,99.80000000000001,24.36,15.98,184.5,35.65,148.70000000000002,29.11,35.51,34.4,92.0,15.600000000000001,76.0,100.0,356.5,3311.0,1.28,44.800000000000004,15.06,6.96,36.06,29.04,0.0,350.0,1200.0
34983.395,0.0,140.0,102.10000000000001,24.34,16.02,186.0,35.6,149.5,29.22,35.38,34.65,92.0,15.55,76.3,99.7,351.5,3317.0,1.33,44.75,15.02,6.99,35.94,28.98,0.0,352.0,1200.0
35043.394,0.0,140.0,101.0,24.36,15.94,184.0,35.6,148.20000000000002,29.26,35.44,34.550000000000004,93.0,15.700000000000001,76.0,100.0,355.5,3314.0,1.45,44.85,15.0,7.0,35.97,28.93,0.0,353.5,1200.0
35103.394,0.0,140.0,103.2,24.32,15.950000000000001,182.0,35.7,148.9,29.32,35.480000000000004,34.4,93.5,15.55,75.9,99.4,354.5,3312.0,1.5,44.800000000000004,15.030000000000001,6.99,35.97,29.07,0.0,355.5,1200.0
35163.394,0.0,140.0,101.4,24.310000000000002,15.91,186.0,35.75,149.70000000000002,29.23,35.42,34.35,92.0,15.700000000000001,75.9,100.0,354.0,3311.0,1.3900000000000001,44.85,14.91,6.98,35.980000000000004,28.97,1.0,354.0,1200.0
35223.394,0.0,140.0,101.7,24.37,15.96,184.5,35.7,148.8,29.240000000000002,35.47,34.45,91.0,15.55,76.2,100.0,352.5,3304.0,1.52,44.85,15.030000000000001,7.0200000000000005,36.050000000000004,28.95,1.0,352.5,1200.0
35283.394,0.0,140.0,102.10000000000001,24.35,16.01,183.5,35.6,149.1,29.27,35.22,34.550000000000004,91.0,15.55,76.10000000000001,99.9,351.0,3309.0,1.34,44.85,15.030000000000001,6.95,35.95,29.03,2.0,357.5,1200.0
35343.393,0.0,140.0,103.5,24.310000000000002,15.93,186.0,35.65,147.8,29.2,35.410000000000004,34.4,91.5,15.600000000000001,75.60000000000001,100.0,353.0,3314.0,1.45,44.7,15.02,6.99,36.0,28.96,0.0,351.5,1200.0
35403.393,0.0,140.0,102.7,24.310000000000002,16.04,185.0,35.5,146.8,29.32,35.43,34.35,93.0,15.700000000000001,75.10000000000001,100.0,349.5,3317.0,1.29,44.7,15.01,7.0200000000000005,36.01,28.990000000000002,0.0,354.5,1200.0
35463.393,0.0,140.0,100.2,24.43,16.01,184.0,35.550000000000004,148.6,29.34,35.43,34.2,93.0,15.600000000000001,75.2,99.9,351.0,3314.0,1.26,44.85,15.07,6.96,35.96,29.0,0.0,351.0,1200.0
35523.393,0.0,140.0,101.5,24.310000000000002,15.950000000000001,184.5,35.5,146.8,29.09,35.4,34.35,90.5,15.700000000000001,76.0,99.80000000000001,352.5,3309.0,1.55,44.7,14.91,6.96,36.03,29.03,0.0,353.5,1200.0
35583.393,0.0,140.0,101.30000000000001,24.310000000000002,16.03,184.5,35.45,149.6,29.19,35.42,34.25,92.0,15.5,75.8,100.0,353.0,3311.0,1.51,44.800000000000004,14.94,6.96,36.08,29.05,1.0,352.0,1200.0
35643.392,0.0,140.0,101.5,24.28,15.96,184.5,35.5,146.8,29.04,35.43,34.300000000000004,92.0,15.600000000000001,76.2,100.0,354.5,3304.0,1.44,44.85,14.93,7.0,35.910000000000004,29.0,1.0,356.0,1200.0
35703.392,0.0,140.0,101.7,24.34,16.01,183.0,35.5,150.1,29.080000000000002,35.28,34.15,91.0,15.65,76.10000000000001,99.60000000000001,350.0,3305.0,1.45,44.85,14.99,6.96,36.02,29.060000000000002,0.0,350.5,1200.0
35763.392,0.0,140.0,101.9,24.32,16.0,183.0,35.2,147.70000000000002,29.12,35.27,34.15,92.5,15.55,76.0,100.0,348.5,3301.0,1.48,44.650000000000006,15.08,7.07,36.08,28.98,0.0,345.0,1200.0
35823.392,0.0,140.0,102.80000000000001,24.44,15.950000000000001,182.0,35.4,149.3,29.04,35.300000000000004,34.300000000000004,92.0,15.55,76.0,99.60000000000001,352.0,3298.0,1.51,44.6,14.96,7.0,35.96,28.92,1.0,348.0,1200.0
35883.392,0.0,140.0,100.30000000000001,24.34,16.0,182.5,35.25,149.8,29.05,35.18,34.15,94.0,15.450000000000001,76.7,99.60000000000001,347.5,3298.0,1.49,44.7,15.0,7.0,35.980000000000004,29.05,1.0,342.5,1200.0
35943.391,0.0,140.0,100.9,24.330000000000002,16.09,183.0,35.25,149.4,29.05,35.2,34.2,93.0,15.55,76.0,99.80000000000001,351.0,3294.0,1.49,44.400000000000006,14.950000000000001,6.97,36.050000000000004,29.03,0.0,344.0,1200.0
36003.391,0.0,140.0,100.60000000000001,24.32,15.99,182.5,35.35,147.5,29.0,35.12,34.2,92.0,15.600000000000001,76.3,99.80000000000001,349.5,3295.0,1.34,44.5,15.01,7.0,35.980000000000004,28.95,0.0,344.5,1200.0
36063.391,0.0,140.0,102.0,24.26,15.98,183.5,35.35,150.4,28.990000000000002,35.02,34.1,91.5,15.450000000000001,76.0,99.60000000000001,351.0,3290.0,1.24,44.45,14.99,6.96,36.03,29.07,0.0,342.5,1200.0
36123.391,0.0,140.0,100.10000000000001,24.3,15.89,183.0,35.45,149.1,28.95,35.03,34.25,93.5,15.55,76.3,99.7,350.0,3293.0,1.23,44.550000000000004,14.99,6.99,36.050000000000004,29.01,1.0,345.5,1200.0
36183.391,0.0,140.0,100.60000000000001,24.26,16.03,182.0,35.35,148.4,28.96,35.15,34.2,92.5,15.700000000000001,76.4,100.0,345.5,3294.0,1.49,44.5,15.0,6.95,36.01,28.95,1.0,342.5,1200.0
36243.39,0.0,140.0,102.30000000000001,24.330000000000002,16.05,181.5,35.15,148.6,28.830000000000002,35.06,34.2,93.5,15.65,76.60000000000001,100.0,345.0,3290.0,1.35,44.400000000000006,14.97,7.05,35.99,29.05,0.0,347.5,1200.0
36303.39,0.0,140.0,102.9,24.36,15.98,182.0,35.2,150.1,28.95,35.08,34.050000000000004,93.5,15.75,76.60000000000001,99.60000000000001,346.0,3295.0,1.48,44.400000000000006,15.030000000000001,7.0,35.96,28.97,0.0,345.0,1200.0
36363.39,0.0,140.0,101.60000000000001,24.37,15.96,180.5,35.1,148.0,28.92,35.15,34.15,91.5,15.65,76.80000000000001,99.9,345.5,3291.0,1.3,44.400000000000006,15.0,6.98,36.08,28.990000000000002,0.0,342.0,1200.0
36423.39,0.0,140.0,103.30000000000001,24.39,15.98,182.0,35.2,149.8,28.97,35.04,34.1,91.5,15.700000000000001,76.80000000000001,100.0,349.0,3289.0,1.33,44.400000000000006,14.96,7.0600000000000005,36.13,29.0,0.0,345.5,1200.0
36483.39,0.0,140.0,102.80000000000001,24.36,15.98,182.0,35.1,148.8,28.92,35.04,34.2,91.5,15.600000000000001,76.7,100.0,346.0,3291.0,1.37,44.35,15.040000000000001,7.04,36.06,28.96,0.0,348.0,1200.0
36543.389,0.0,140.0,102.80000000000001,24.29,16.04,183.0,35.2,148.9,28.84,35.11,34.050000000000004,93.0,15.65,76.2,99.7,347.5,3291.0,1.43,44.25,14.96,6.97,35.980000000000004,28.97,0.0,347.0,1200.0
36603.389,0.0,140.0,102.5,24.330000000000002,16.01,182.5,35.15,148.3,28.86,35.09,34.15,92.5,15.65,76.80000000000001,100.0,343.0,3294.0,1.41,44.35,15.01,7.01,35.9,29.07,1.0,342.0,1200.0
36663.389,0.0,140.0,101.80000000000001,24.35,16.05,180.5,35.300000000000004,149.3,28.87,34.99,34.0,93.5,15.450000000000001,76.9,100.0,343.0,3288.0,1.51,44.300000000000004,15.040000000000001,7.07,36.09,28.990000000000002,2.0,350.5,1200.0
36723.389,0.0,140.0,102.30000000000001,24.310000000000002,15.92,182.5,35.25,149.9,28.88,35.08,34.1,95.5,15.5,76.3,100.0,345.0,3294.0,1.43,44.2,14.94,6.99,36.02,28.93,0.0,346.0,1200.0
36783.389,0.0,140.0,100.30000000000001,24.29,16.01,180.5,35.300000000000004,148.1,28.86,35.11,34.1,94.0,15.5,76.4,99.7,350.0,3285.0,1.21,44.25,14.99,7.04,35.96,29.04,1.0,340.5,1200.0
36843.388,0.0,140.0,103.10000000000001,24.32,16.05,181.0,35.2,149.70000000000002,28.88,35.0,34.1,91.0,15.75,76.2,100.0,346.5,3293.0,1.27,44.35,14.98,6.99,36.0,28.990000000000002,0.0,345.5,1200.0
36903.388,0.0,140.0,101.7,24.330000000000002,16.04,179.5,35.300000000000004,149.0,28.94,35.12,34.15,91.5,15.55,76.9,99.7,348.5,3287.0,1.41,44.2,15.030000000000001,7.03,36.0,28.98,0.0,345.5,1200.0
36963.388,0.0,140.0,101.5,24.36,16.06,182.0,35.2,148.9,28.82,35.050000000000004,34.050000000000004,93.5,15.65,76.60000000000001,100.0,347.5,3292.0,1.32,44.25,14.98,7.05,36.07,29.04,0.0,346.0,1200.0
37023.388,0.0,140.0,101.30000000000001,24.38,16.04,182.0,35.4,147.20000000000002,28.87,35.01,34.050000000000004,93.5,15.65,76.9,100.0,347.0,3296.0,1.62,44.300000000000004,14.97,6.92,35.93,28.96,1.0,349.5,1200.0
37083.388,0.0,140.0,101.60000000000001,24.35,15.97,180.0,35.300000000000004,148.5,28.87,35.03,34.0,92.0,15.600000000000001,77.2,100.0,348.5,3294.0,1.41,44.300000000000004,14.950000000000001,6.98,35.95,29.04,0.0,350.0,1200.0
37143.388,0.0,140.0,102.30000000000001,24.41,15.83,179.5,35.300000000000004,150.1,28.82,35.04,34.050000000000004,91.0,15.700000000000001,77.0,100.0,343.5,3297.0,1.37,44.400000000000006,14.89,6.99,36.07,29.04,1.0,346.0,1200.0
37203.387,0.0,140.0,101.80000000000001,24.310000000000002,16.01,184.0,35.4,148.70000000000002,28.82,35.01,34.25,94.5,15.450000000000001,77.30000000000001,100.0,346.5,3300.0,1.32,44.45,15.05,6.97,36.03,29.09,0.0,345.0,1200.0
37263.387,0.0,140.0,101.30000000000001,24.45,16.01,183.0,35.15,148.9,28.830000000000002,35.08,34.050000000000004,92.0,15.65,76.7,100.0,345.0,3295.0,1.33,44.35,14.98,7.01,35.95,29.0,1.0,348.0,1200.0
37323.387,0.0,140.0,102.0,24.37,16.0,181.5,35.300000000000004,149.6,28.810000000000002,35.03,34.050000000000004,93.5,15.450000000000001,76.9,100.0,347.0,3302.0,1.31,44.400000000000006,15.05,7.1000000000000005,36.07,28.96,0.0,342.5,1200.0
37383.387,0.0,140.0,101.7,24.39,15.96,182.5,35.25,148.70000000000002,28.88,35.07,33.9,91.5,15.600000000000001,77.0,99.7,349.5,3294.0,1.47,44.5,15.01,6.91,35.93,28.96,0.0,348.0,1200.0
37443.387,0.0,140.0,102.80000000000001,24.36,15.99,180.5,35.4,149.3,28.87,35.04,34.1,94.0,15.5,76.7,100.0,347.5,3298.0,1.5,44.400000000000006,15.0,7.0600000000000005,36.0,28.91,1.0,348.5,1200.0
37503.386,0.0,140.0,101.5,24.310000000000002,16.0,180.5,35.1,151.3,28.78,35.04,34.0,90.5,15.65,77.2,99.7,348.0,3294.0,1.48,44.300000000000004,14.950000000000001,7.03,36.01,28.990000000000002,0.0,348.5,1200.0
37563.386,0.0,140.0,101.5,24.400000000000002,15.9,181.5,35.1,148.20000000000002,28.89,34.97,33.9,90.5,15.600000000000001,76.7,99.80000000000001,344.0,3293.0,1.3900000000000001,44.300000000000004,15.0,7.03,36.01,28.98,1.0,347.5,1200.0
37623.386,0.0,140.0,99.80000000000001,24.36,15.93,182.0,35.15,150.5,28.88,35.02,34.1,92.0,15.5,77.30000000000001,100.0,344.5,3294.0,1.34,44.25,15.0,6.98,36.03,29.05,1.0,345.0,1200.0
37683.386,0.0,140.0,102.60000000000001,24.34,16.03,182.5,35.1,147.6,28.85,35.01,34.1,92.0,15.600000000000001,77.10000000000001,100.0,345.0,3290.0,1.45,44.2,15.08,7.01,35.97,29.03,0.0,344.0,1200.0
37743.386,0.0,140.0,102.30000000000001,24.32,15.96,180.5,35.2,147.70000000000002,28.740000000000002,35.0,34.050000000000004,91.0,15.55,77.2,100.0,345.5,3289.0,1.54,44.2,14.98,7.04,36.02,29.05,0.0,344.0,1200.0
37803.385,0.0,140.0,101.30000000000001,24.36,16.02,180.0,35.25,148.6,28.79,34.96,34.0,90.0,15.5,77.0,100.0,347.0,3285.0,1.31,44.35,15.06,6.890000000000001,35.980000000000004,28.990000000000002,2.0,343.0,1200.0
37863.385,0.0,140.0,104.2,24.34,15.91,181.0,35.300000000000004,148.5,28.82,34.97,34.0,93.5,15.5,76.9,99.60000000000001,347.5,3286.0,1.36,44.35,15.01,7.01,36.01,28.98,2.0,352.0,1200.0
37923.385,0.0,140.0,102.80000000000001,24.35,16.05,182.0,35.2,150.3,28.84,34.910000000000004,34.050000000000004,91.0,15.700000000000001,76.7,100.0,349.5,3289.0,1.46,44.300000000000004,14.97,7.11,35.95,29.09,2.0,347.5,1200.0
37983.385,0.0,140.0,103.2,24.3,15.83,182.0,35.35,149.1,28.8,35.0,33.95,93.0,15.700000000000001,76.60000000000001,99.80000000000001,348.0,3294.0,1.44,44.35,14.97,7.0,36.01,28.94,2.0,339.5,1200.0
38043.385,0.0,140.0,102.5,24.310000000000002,16.02,181.5,35.15,148.4,28.75,34.980000000000004,33.9,90.5,15.65,76.9,99.7,346.0,3290.0,1.43,44.2,14.98,6.95,36.03,28.95,1.0,341.0,1200.0
38103.385,0.0,140.0,102.2,24.32,15.98,181.5,35.2,149.1,28.77,35.04,34.050000000000004,92.0,15.55,76.7,100.0,344.5,3288.0,1.4000000000000001,44.25,14.94,7.03,36.07,28.990000000000002,0.0,349.0,1200.0
38163.384,0.0,140.0,102.80000000000001,24.3,16.03,182.0,35.2,148.8,28.88,34.97,33.95,93.5,15.4,76.3,100.0,350.5,3290.0,1.3800000000000001,44.2,14.96,6.96,36.04,28.96,1.0,346.5,1200.0
38223.384,0.0,140.0,101.80000000000001,24.36,16.0,182.5,35.35,149.5,28.830000000000002,34.97,34.050000000000004,93.0,15.600000000000001,77.0,99.7,344.0,3288.0,1.51,44.35,15.040000000000001,6.98,35.99,28.96,3.0,343.0,1200.0
38283.384,0.0,140.0,101.4,24.32,15.98,182.0,35.25,149.1,28.88,35.13,34.15,93.0,15.55,76.7,100.0,347.0,3295.0,1.34,44.2,14.98,6.97,36.02,29.01,0.0,346.0,1200.0
38343.384,0.0,140.0,99.80000000000001,24.330000000000002,15.950000000000001,181.5,35.35,147.8,28.92,35.11,34.0,92.0,15.5,76.80000000000001,100.0,344.0,3291.0,1.44,44.25,15.02,7.0,35.96,28.98,0.0,344.5,1200.0
38403.384,0.0,140.0,102.7,24.38,16.02,182.0,35.2,147.0,28.92,35.08,33.9,92.0,15.55,76.4,99.9,347.5,3288.0,1.48,44.150000000000006,15.040000000000001,7.05,36.07,29.03,1.0,349.5,1200.0
38463.383,0.0,140.0,101.7,24.35,15.99,183.0,35.25,148.8,28.810000000000002,35.12,34.15,94.5,15.8,76.3,100.0,348.0,3291.0,1.51,44.300000000000004,15.01,6.91,36.08,29.04,0.0,346.5,1200.0
38523.383,0.0,140.0,101.10000000000001,24.39,16.01,181.0,35.35,149.8,28.97,35.15,34.050000000000004,91.0,15.55,76.0,99.60000000000001,343.5,3288.0,1.31,44.300000000000004,14.97,6.99,35.980000000000004,29.0,0.0,344.0,1200.0
38583.383,0.0,140.0,101.0,24.310000000000002,15.99,184.0,35.300000000000004,148.20000000000002,28.95,35.13,34.050000000000004,89.5,15.75,76.2,99.9,346.5,3295.0,1.4000000000000001,44.1,15.030000000000001,6.99,35.96,28.990000000000002,0.0,342.0,1200.0
38643.383,0.0,140.0,102.30000000000001,24.41,16.05,184.0,35.35,148.1,28.87,35.11,34.050000000000004,92.5,15.75,76.60000000000001,99.9,341.0,3295.0,1.48,44.300000000000004,15.08,7.0,35.99,29.04,2.0,352.5,1200.0
38703.383,0.0,140.0,103.2,24.38,15.99,182.0,35.2,148.8,28.900000000000002,35.08,34.15,90.5,15.600000000000001,76.10000000000001,100.0,343.5,3297.0,1.34,44.25,14.99,7.01,36.03,29.02,0.0,347.5,1200.0
38763.383,0.0,140.0,100.80000000000001,24.3,15.98,180.5,35.35,150.6,28.87,35.14,34.15,93.0,15.65,76.3,99.80000000000001,345.0,3299.0,1.6,44.2,14.98,6.95,36.02,29.05,0.0,349.5,1200.0
38823.382,0.0,140.0,101.4,24.34,15.97,179.5,35.15,148.5,28.88,35.01,34.2,92.0,15.600000000000001,76.0,100.0,349.0,3292.0,1.4000000000000001,44.25,14.97,7.05,36.07,29.03,0.0,345.5,1200.0
38883.382,0.0,140.0,102.10000000000001,24.26,16.0,183.5,35.35,148.70000000000002,28.98,35.11,34.15,90.5,15.65,76.4,99.80000000000001,351.0,3293.0,1.56,44.25,14.99,6.99,35.94,28.94,1.0,347.0,1200.0
38943.382,0.0,140.0,102.80000000000001,24.29,15.94,183.0,35.25,149.20000000000002,28.900000000000002,35.01,34.2,91.0,15.65,76.0,100.0,349.5,3293.0,1.49,44.300000000000004,14.99,6.97,35.99,29.09,0.0,347.0,1200.0
39003.382,0.0,140.0,101.4,24.32,15.9,184.0,35.25,148.1,28.93,35.21,34.1,91.0,15.600000000000001,76.2,99.80000000000001,347.5,3294.0,1.42,44.300000000000004,15.01,7.03,35.96,29.0,0.0,349.0,1200.0
39063.382,0.0,140.0,101.5,24.37,16.03,181.0,35.45,147.9,28.92,35.17,34.2,91.5,15.5,76.60000000000001,100.0,351.5,3296.0,1.49,44.300000000000004,14.97,7.0,35.96,28.97,1.0,351.5,1200.0
39123.382,0.0,140.0,102.5,24.32,15.91,183.5,35.300000000000004,148.3,28.97,35.11,34.2,92.5,15.55,76.4,100.0,342.5,3296.0,1.41,44.45,15.040000000000001,6.99,35.980000000000004,29.01,0.0,349.0,1200.0
39183.381,0.0,140.0,101.7,24.37,16.03,184.0,35.5,149.6,28.990000000000002,35.19,34.300000000000004,94.5,15.65,76.7,99.9,353.0,3295.0,1.37,44.35,15.07,6.91,36.01,29.01,2.0,346.5,1200.0
39243.381,0.0,140.0,101.5,24.310000000000002,16.0,184.0,35.45,149.3,28.98,35.25,34.35,93.0,15.65,76.0,99.9,350.5,3297.0,1.43,44.400000000000006,15.05,7.0,36.0,29.03,1.0,347.0,1200.0
39303.381,0.0,140.0,102.60000000000001,24.35,16.03,184.5,35.4,150.3,29.12,35.300000000000004,34.300000000000004,91.5,15.65,76.0,99.4,347.5,3301.0,1.31,44.25,15.0,7.03,35.92,29.02,1.0,350.5,1200.0
39363.381,0.0,140.0,103.7,24.39,16.0,185.5,35.45,149.8,29.23,35.37,34.4,91.5,15.600000000000001,75.7,99.9,353.5,3302.0,1.23,44.300000000000004,14.93,7.03,36.04,29.05,0.0,353.0,1200.0
39423.381,0.0,140.0,102.80000000000001,24.26,16.02,182.0,35.550000000000004,147.70000000000002,29.19,35.43,34.5,94.0,15.700000000000001,76.10000000000001,99.80000000000001,355.0,3307.0,1.33,44.400000000000006,14.96,6.98,35.93,28.95,0.0,352.5,1200.0
39483.38,0.0,140.0,101.2,24.330000000000002,16.0,184.0,35.6,147.8,29.23,35.47,34.4,91.5,15.700000000000001,76.4,99.80000000000001,348.5,3308.0,1.35,44.400000000000006,14.99,6.99,36.04,28.94,2.0,348.0,1200.0
39543.38,0.0,140.0,102.0,24.310000000000002,15.950000000000001,184.0,35.6,150.70000000000002,29.25,35.45,34.35,89.5,15.75,75.9,99.7,350.5,3306.0,1.33,44.400000000000006,15.01,7.0600000000000005,36.07,29.060000000000002,1.0,352.5,1200.0
39603.38,0.0,140.0,100.5,24.39,16.05,184.5,35.6,148.5,29.330000000000002,35.480000000000004,34.5,94.5,15.65,75.5,100.0,356.0,3316.0,1.26,44.6,15.01,7.0,36.02,29.02,1.0,350.5,1200.0
39663.38,0.0,140.0,101.2,24.330000000000002,15.92,186.5,35.65,148.5,29.330000000000002,35.54,34.45,90.5,15.75,75.10000000000001,99.80000000000001,353.5,3306.0,1.37,44.800000000000004,15.0,7.01,36.02,28.89,1.0,353.0,1200.0
39723.38,0.0,140.0,101.7,24.41,16.03,184.5,35.6,149.3,29.3,35.54,34.550000000000004,94.5,15.55,75.4,99.4,356.0,3314.0,1.4000000000000001,44.650000000000006,15.01,6.97,35.9,29.060000000000002,0.0,355.5,1200.0
39783.38,0.0,140.0,100.0,24.45,15.97,186.5,35.85,149.8,29.41,35.53,34.45,90.0,15.55,74.9,100.0,357.0,3317.0,1.51,44.800000000000004,15.01,7.04,35.980000000000004,29.03,2.0,356.5,1200.0
39843.379,0.0,140.0,102.4,24.52,16.03,186.5,35.75,149.3,29.35,35.62,34.65,91.0,15.65,75.5,99.80000000000001,355.0,3316.0,1.37,44.7,15.05,7.05,35.99,28.96,1.0,358.0,1200.0
39903.379,0.0,140.0,102.10000000000001,24.38,16.03,183.5,35.800000000000004,149.5,29.46,35.62,34.6,96.0,15.700000000000001,75.8,99.60000000000001,347.0,3318.0,1.23,44.900000000000006,15.01,6.99,36.04,29.11,1.0,356.5,1200.0
39963.379,0.0,140.0,102.9,24.35,15.94,186.0,35.9,147.6,29.45,35.6,34.65,93.5,15.5,75.5,100.0,355.0,3321.0,1.29,44.900000000000006,15.07,7.03,36.07,28.97,0.0,359.5,1200.0
40023.379,0.0,140.0,101.60000000000001,24.41,16.05,186.5,35.9,148.4,29.48,35.660000000000004,34.6,90.5,15.700000000000001,75.2,100.0,355.5,3327.0,1.55,44.900000000000006,15.06,7.01,35.99,29.03,0.0,358.0,1200.0
40083.379,0.0,140.0,101.4,24.39,16.06,186.5,35.800000000000004,149.5,29.46,35.71,34.5,94.0,15.700000000000001,75.5,99.4,360.0,3323.0,1.41,44.85,14.96,7.08,35.99,29.060000000000002,0.0,359.0,1200.0
40143.379,0.0,140.0,102.0,24.29,15.97,186.5,35.9,147.9,29.54,35.65,34.65,92.5,15.65,75.7,99.80000000000001,355.5,3326.0,1.28,44.95,15.02,7.0,36.06,29.01,1.0,358.0,1200.0
40203.378,0.0,140.0,102.10000000000001,24.41,16.0,186.0,36.0,148.8,29.59,35.660000000000004,34.550000000000004,89.5,15.5,75.3,100.0,356.5,3334.0,1.36,44.95,15.030000000000001,7.0,36.01,29.0,0.0,361.0,1200.0
40263.378,0.0,140.0,100.30000000000001,24.36,15.93,186.5,35.85,149.4,29.6,35.79,34.6,93.0,15.65,75.0,100.0,353.5,3327.0,1.37,45.0,15.06,6.96,36.07,29.04,2.0,356.0,1200.0
40323.378,0.0,140.0,102.4,24.39,16.01,187.5,35.800000000000004,147.8,29.42,35.77,34.5,89.0,15.600000000000001,75.4,100.0,357.5,3324.0,1.45,44.900000000000006,15.0,7.03,36.01,28.990000000000002,0.0,361.0,1200.0
40383.378,0.0,140.0,102.60000000000001,24.310000000000002,15.93,184.5,35.75,149.1,29.53,35.65,34.65,91.5,15.450000000000001,75.60000000000001,100.0,362.5,3325.0,1.46,45.150000000000006,15.030000000000001,7.0200000000000005,35.97,29.01,0.0,358.5,1200.0
40443.378,0.0,140.0,101.60000000000001,24.330000000000002,15.97,186.5,36.0,150.6,29.39,35.68,34.7,92.5,15.600000000000001,75.60000000000001,100.0,361.5,3325.0,1.22,45.1,15.0,6.98,36.050000000000004,28.990000000000002,3.0,355.0,1200.0
40503.378,0.0,140.0,102.2,24.28,16.01,186.0,35.85,150.1,29.51,35.71,34.5,93.0,15.65,75.7,100.0,361.0,3326.0,1.5,45.0,15.0,7.0200000000000005,35.980000000000004,29.080000000000002,0.0,355.5,1200.0
40563.377,0.0,140.0,102.4,24.39,16.02,186.0,35.7,148.20000000000002,29.46,35.6,34.550000000000004,92.0,15.700000000000001,75.60000000000001,99.9,360.5,3320.0,1.3,45.050000000000004,15.08,6.98,36.03,29.04,0.0,358.0,1200.0
40623.377,0.0,140.0,102.0,24.34,15.97,186.0,35.75,149.20000000000002,29.46,35.660000000000004,34.45,92.5,15.65,74.8,100.0,359.0,3323.0,1.34,45.150000000000006,14.99,7.01,36.06,28.87,3.0,359.0,1200.0
40683.377,0.0,140.0,102.30000000000001,24.400000000000002,15.97,188.5,35.85,147.8,29.400000000000002,35.64,34.6,92.0,15.55,75.0,99.9,357.0,3325.0,1.35,44.95,14.97,7.01,36.050000000000004,28.94,0.0,360.5,1200.0
40743.377,0.0,140.0,102.4,24.45,15.9,185.5,35.95,148.4,29.45,35.660000000000004,34.550000000000004,91.5,15.65,75.60000000000001,100.0,357.5,3320.0,1.34,45.050000000000004,15.01,6.96,36.03,29.05,1.0,352.0,1200.0
40803.377,0.0,140.0,103.30000000000001,24.330000000000002,15.98,187.0,35.800000000000004,149.70000000000002,29.47,35.57,34.45,93.5,15.600000000000001,75.9,100.0,354.5,3322.0,1.31,45.0,14.98,6.99,36.01,28.990000000000002,1.0,357.5,1200.0
40863.377,0.0,140.0,102.0,24.36,16.01,186.5,35.75,149.3,29.38,35.59,34.65,91.0,15.700000000000001,75.2,99.2,354.5,3324.0,1.37,45.050000000000004,14.98,7.0,36.08,29.01,1.0,357.5,1200.0
40923.376,0.0,140.0,103.30000000000001,24.3,15.950000000000001,185.0,35.85,149.3,29.28,35.480000000000004,34.5,90.0,15.75,75.7,100.0,359.0,3321.0,1.46,45.050000000000004,15.08,6.98,36.03,28.97,0.0,354.0,1200.0
40983.376,0.0,140.0,99.60000000000001,24.29,16.03,184.0,35.800000000000004,149.0,29.36,35.65,34.5,90.5,15.700000000000001,75.7,100.0,357.0,3322.0,1.45,45.050000000000004,15.07,6.99,35.96,28.98,2.0,353.0,1200.0
41043.376,0.0,140.0,100.7,24.39,15.98,183.5,35.7,148.1,29.330000000000002,35.6,34.45,90.5,15.700000000000001,76.10000000000001,100.0,363.0,3321.0,1.46,45.050000000000004,14.97,7.0,36.04,28.97,0.0,359.5,1200.0
41103.376,0.0,140.0,102.4,24.36,15.950000000000001,185.5,35.75,149.20000000000002,29.26,35.52,34.35,89.5,15.65,75.5,100.0,355.0,3316.0,1.48,44.95,14.97,7.04,36.01,29.05,3.0,356.0,1200.0
41163.376,0.0,140.0,101.5,24.32,15.9,185.0,35.550000000000004,147.6,29.310000000000002,35.5,34.4,93.5,15.65,75.60000000000001,100.0,360.0,3317.0,1.31,45.050000000000004,14.98,7.07,36.03,29.03,2.0,358.0,1200.0
41223.376,0.0,140.0,102.7,24.36,15.97,185.5,35.75,149.4,29.240000000000002,35.46,34.550000000000004,93.0,15.600000000000001,75.9,99.9,354.5,3315.0,1.19,45.0,14.97,6.96,35.93,28.94,0.0,353.5,1200.0
41283.375,0.0,140.0,102.2,24.32,16.01,183.5,35.65,148.9,29.25,35.43,34.35,92.5,15.55,76.3,100.0,353.0,3319.0,1.55,45.050000000000004,14.96,6.96,36.050000000000004,29.09,0.0,354.0,1200.0
41343.375,0.0,140.0,102.60000000000001,24.36,15.950000000000001,183.0,35.65,148.6,29.150000000000002,35.46,34.300000000000004,91.5,15.600000000000001,76.10000000000001,100.0,356.0,3317.0,1.41,44.900000000000006,14.94,7.01,36.02,29.04,0.0,351.0,1200.0
41403.375,0.0,140.0,100.9,24.310000000000002,16.02,184.5,35.6,147.3,29.29,35.38,34.35,91.0,15.450000000000001,76.0,99.80000000000001,349.0,3314.0,1.34,45.0,15.01,6.99,36.06,28.95,1.0,352.0,1200.0
41463.375,0.0,140.0,101.4,24.35,15.94,185.0,35.6,147.8,29.18,35.38,34.35,94.0,15.55,76.0,99.7,352.5,3317.0,1.43,44.85,14.96,6.890000000000001,36.0,28.96,1.0,351.5,1200.0
41523.375,0.0,140.0,103.10000000000001,24.37,15.98,183.0,35.550000000000004,148.8,29.11,35.37,34.300000000000004,94.0,15.700000000000001,75.8,100.0,349.0,3315.0,1.46,44.800000000000004,15.02,7.0600000000000005,35.96,29.0,2.0,354.0,1200.0
41583.375,0.0,140.0,101.2,24.38,15.950000000000001,185.0,35.5,150.20000000000002,29.080000000000002,35.4,34.4,92.5,15.600000000000001,76.10000000000001,100.0,352.5,3311.0,1.3,44.95,15.040000000000001,7.07,35.910000000000004,28.95,0.0,358.5,1200.0
41643.374,0.0,140.0,102.10000000000001,24.400000000000002,16.0,187.0,35.35,149.0,29.1,35.33,34.35,93.5,15.65,76.10000000000001,100.0,351.0,3313.0,1.32,44.7,14.97,6.98,35.980000000000004,28.94,2.0,352.5,1200.0
41703.374,0.0,140.0,102.4,24.3,15.98,183.0,35.5,149.4,29.11,35.26,34.300000000000004,90.5,15.5,76.4,100.0,355.5,3308.0,1.44,44.75,15.02,7.01,35.99,29.0,1.0,350.0,1200.0
41763.374,0.0,140.0,100.60000000000001,24.37,16.0,181.5,35.4,147.6,29.13,35.28,34.35,91.0,15.75,76.4,99.9,354.0,3310.0,1.3,44.900000000000006,14.97,6.97,36.01,29.0,1.0,350.0,1200.0
41823.374,0.0,140.0,102.10000000000001,24.39,15.94,182.5,35.5,148.0,29.07,35.19,34.2,90.5,15.600000000000001,76.4,100.0,351.0,3308.0,1.18,44.800000000000004,15.05,7.0,35.95,29.0,4.0,352.0,1200.0
41883.374,0.0,140.0,101.60000000000001,24.45,15.950000000000001,184.5,35.4,149.3,28.87,35.29,34.2,92.0,15.55,76.3,100.0,352.5,3312.0,1.46,44.800000000000004,15.0,6.97,36.050000000000004,29.060000000000002,2.0,352.0,1200.0
41943.374,0.0,140.0,103.2,24.32,15.950000000000001,183.0,35.5,148.3,29.02,35.32,34.35,92.5,15.55,76.9,100.0,349.0,3311.0,1.4000000000000001,44.6,15.0,6.95,36.09,29.01,1.0,350.5,1200.0
42003.373,0.0,140.0,100.60000000000001,24.35,15.950000000000001,184.0,35.5,150.70000000000002,29.03,35.19,34.2,92.5,15.65,76.9,100.0,351.5,3302.0,1.46,44.900000000000006,14.950000000000001,7.0,36.07,29.04,0.0,353.0,1200.0
42063.373,0.0,140.0,99.9,24.310000000000002,15.98,183.5,35.35,147.6,29.05,35.14,34.15,91.5,15.65,76.4,100.0,348.5,3306.0,1.48,44.75,14.97,7.01,35.99,28.98,1.0,347.5,1200.0
42123.373,0.0,140.0,103.80000000000001,24.32,16.02,184.0,35.550000000000004,148.0,28.95,35.28,34.2,92.0,15.55,76.5,99.5,349.0,3306.0,1.47,44.7,15.05,6.95,36.08,29.04,0.0,345.0,1200.0
42183.373,0.0,140.0,103.9,24.310000000000002,15.91,181.5,35.300000000000004,149.4,29.060000000000002,35.17,34.300000000000004,92.0,15.75,76.0,100.0,346.5,3310.0,1.3900000000000001,44.7,14.99,7.05,36.02,28.92,0.0,350.0,1200.0
42243.373,0.0,140.0,101.7,24.32,15.860000000000001,180.0,35.4,148.8,29.07,35.27,34.25,93.0,15.5,76.9,99.80000000000001,349.5,3307.0,1.49,44.7,15.030000000000001,7.0,36.02,28.97,1.0,352.5,1200.0
42303.373,0.0,140.0,102.60000000000001,24.310000000000002,15.97,184.0,35.4,149.4,29.03,35.19,34.1,94.0,15.5,76.9,99.60000000000001,348.5,3304.0,1.57,44.650000000000006,14.99,7.0600000000000005,35.89,29.03,0.0,351.0,1200.0
42363.372,0.0,140.0,102.10000000000001,24.26,16.01,184.0,35.300000000000004,149.70000000000002,29.02,35.230000000000004,34.2,92.0,15.700000000000001,76.2,99.80000000000001,350.5,3302.0,1.33,44.45,15.05,7.0200000000000005,35.99,28.98,1.0,352.5,1200.0
42423.372,0.0,140.0,100.7,24.36,15.96,182.5,35.35,149.9,28.96,35.26,34.300000000000004,91.5,15.5,76.3,99.80000000000001,347.5,3303.0,1.32,44.650000000000006,15.05,6.96,36.03,29.02,0.0,351.5,1200.0
42483.372,0.0,140.0,102.7,24.3,15.89,182.0,35.35,147.4,29.05,35.13,34.2,93.5,15.5,76.2,99.9,348.5,3294.0,1.48,44.650000000000006,15.06,7.04,35.93,29.0,5.0,350.5,1200.0
42543.372,0.0,140.0,102.4,24.34,15.96,182.0,35.300000000000004,149.1,29.060000000000002,35.230000000000004,34.2,91.5,15.600000000000001,76.60000000000001,99.80000000000001,345.0,3298.0,1.3900000000000001,44.7,15.05,7.01,35.9,28.98,0.0,347.0,1200.0
42603.372,0.0,140.0,102.7,24.310000000000002,15.98,183.0,35.25,149.0,28.96,35.11,34.2,93.5,15.65,76.2,99.7,346.0,3295.0,1.51,44.5,14.97,7.01,35.92,29.01,0.0,346.5,1200.0
42663.372,0.0,140.0,100.9,24.34,15.94,182.0,35.45,148.9,28.91,35.21,34.1,93.0,15.600000000000001,76.0,99.80000000000001,346.0,3296.0,1.33,44.6,14.98,7.03,35.94,29.060000000000002,0.0,345.0,1200.0
42723.372,0.0,140.0,103.2,24.29,16.02,182.5,35.45,148.6,29.01,35.12,34.2,89.0,15.55,76.2,100.0,343.5,3297.0,1.31,44.5,15.05,6.97,36.01,28.95,4.0,347.0,1200.0
42783.371,0.0,140.0,102.9,24.43,16.02,181.0,35.25,150.9,29.12,35.11,34.2,92.0,15.5,76.10000000000001,99.7,350.5,3289.0,1.47,44.45,15.0,7.0600000000000005,35.97,29.09,0.0,344.0,1200.0
42843.371,0.0,140.0,102.30000000000001,24.400000000000002,15.98,182.5,35.300000000000004,147.5,28.95,35.11,34.050000000000004,91.5,15.700000000000001,76.5,99.80000000000001,348.5,3293.0,1.34,44.400000000000006,15.02,7.0200000000000005,35.94,28.96,0.0,349.5,1200.0
42903.371,0.0,140.0,102.9,24.310000000000002,16.04,181.5,35.4,148.9,29.03,35.1,33.95,91.0,15.65,76.4,99.80000000000001,347.0,3292.0,1.44,44.550000000000004,14.98,7.0,36.06,29.01,0.0,341.5,1200.0
42963.371,0.0,140.0,103.5,24.34,16.0,183.0,35.25,149.5,28.89,35.11,34.2,92.5,15.55,76.80000000000001,100.0,346.5,3292.0,1.32,44.35,15.040000000000001,6.9,36.06,28.98,1.0,346.0,1200.0
43023.371,0.0,140.0,102.4,24.310000000000002,16.06,182.0,35.5,149.3,28.98,35.15,34.050000000000004,93.5,15.55,76.5,100.0,346.5,3298.0,1.33,44.35,15.05,7.0200000000000005,35.96,28.97,0.0,349.5,1200.0
43083.371,0.0,140.0,101.5,24.37,15.96,182.5,35.35,150.3,28.92,35.17,33.95,92.5,15.700000000000001,76.60000000000001,100.0,345.0,3297.0,1.37,44.45,14.950000000000001,7.07,35.93,28.95,0.0,345.0,1200.0
43143.37,0.0,140.0,101.2,24.35,16.04,183.5,35.35,148.9,28.87,35.03,34.2,92.0,15.700000000000001,76.3,100.0,349.5,3293.0,1.42,44.300000000000004,14.91,7.0200000000000005,36.01,28.96,2.0,344.5,1200.0
43203.37,0.0,140.0,102.80000000000001,24.400000000000002,16.02,182.0,35.2,148.70000000000002,28.93,35.17,34.0,94.5,15.55,76.10000000000001,99.5,351.0,3291.0,1.5,44.300000000000004,15.0,7.05,36.06,29.03,0.0,346.5,1200.0
43263.37,0.0,140.0,101.10000000000001,24.38,15.950000000000001,182.5,35.25,148.70000000000002,28.94,35.07,34.2,91.0,15.65,76.60000000000001,99.9,347.0,3297.0,1.46,44.300000000000004,14.98,6.99,35.93,29.01,0.0,344.0,1200.0
43323.37,0.0,140.0,103.0,24.28,15.93,182.5,35.35,148.70000000000002,28.94,35.13,34.2,92.0,15.600000000000001,76.4,100.0,348.5,3294.0,1.3,44.35,14.99,6.99,35.95,29.0,0.0,348.0,1200.0
43383.37,0.0,140.0,101.0,24.29,16.02,183.5,35.2,148.6,28.900000000000002,35.09,34.15,93.5,15.65,76.5,100.0,346.5,3291.0,1.48,44.25,15.08,6.99,35.94,29.150000000000002,1.0,344.0,1200.0
43443.37,0.0,140.0,102.10000000000001,24.35,15.94,182.5,35.15,149.6,28.94,34.97,33.95,89.5,15.700000000000001,76.10000000000001,99.7,348.0,3294.0,1.43,44.2,15.05,6.96,35.99,28.900000000000002,0.0,345.5,1200.0
43503.37,0.0,140.0,102.0,24.3,16.03,183.0,35.2,148.4,28.93,35.03,34.2,94.5,15.600000000000001,76.60000000000001,100.0,344.5,3289.0,1.46,44.300000000000004,15.05,6.98,36.02,28.94,0.0,346.5,1200.0
43563.369,0.0,140.0,101.7,24.3,16.03,183.0,35.050000000000004,149.9,28.93,35.160000000000004,34.050000000000004,93.0,15.450000000000001,76.7,99.7,349.5,3287.0,1.32,44.35,15.01,6.96,36.050000000000004,28.95,1.0,346.5,1200.0
43623.369,0.0,140.0,102.5,24.37,15.97,182.5,35.300000000000004,148.70000000000002,28.92,35.07,34.2,90.5,15.700000000000001,76.80000000000001,100.0,345.0,3285.0,1.45,44.35,14.98,7.01,36.0,28.96,0.0,340.5,1200.0
43683.369,0.0,140.0,101.9,24.310000000000002,15.89,182.0,35.25,149.6,28.97,35.01,34.050000000000004,92.5,15.600000000000001,76.5,100.0,348.0,3289.0,1.3800000000000001,44.35,14.99,7.0200000000000005,36.04,29.04,0.0,343.5,1200.0
43743.369,0.0,140.0,101.30000000000001,24.240000000000002,15.97,183.0,35.2,148.9,28.92,35.0,33.95,91.5,15.600000000000001,76.10000000000001,100.0,344.0,3281.0,1.25,44.35,15.01,6.94,36.02,28.97,2.0,344.5,1200.0
43803.369,0.0,140.0,102.5,24.34,15.98,182.5,35.2,150.0,28.87,35.03,34.0,93.0,15.65,76.4,99.4,343.5,3284.0,1.3800000000000001,44.2,14.97,6.99,35.980000000000004,29.05,3.0,347.5,1200.0
43863.369,0.0,140.0,100.80000000000001,24.3,15.98,183.5,35.050000000000004,149.5,28.86,35.0,34.1,90.0,15.600000000000001,76.2,99.80000000000001,343.5,3284.0,1.31,44.25,15.0,7.04,36.04,28.93,1.0,343.0,1200.0
43923.368,0.0,140.0,101.10000000000001,24.28,16.05,180.0,35.15,148.20000000000002,28.84,34.93,34.050000000000004,93.5,15.55,76.7,100.0,345.0,3286.0,1.34,44.2,15.08,6.94,35.910000000000004,29.02,1.0,345.0,1200.0
43983.368,0.0,140.0,100.2,24.28,15.94,181.0,35.15,148.70000000000002,28.76,34.9,33.95,90.0,15.75,76.7,99.7,340.5,3284.0,1.31,44.2,14.98,6.93,35.9,28.990000000000002,0.0,345.0,1200.0
44043.368,0.0,140.0,101.0,24.27,15.94,181.5,35.050000000000004,149.8,28.82,35.0,34.050000000000004,92.0,15.5,76.80000000000001,100.0,340.5,3287.0,1.59,44.2,14.98,7.01,36.07,28.96,0.0,346.5,1200.0
44103.368,0.0,140.0,103.0,24.28,16.01,181.5,35.1,148.0,28.830000000000002,34.85,33.85,93.0,15.65,76.9,99.7,341.5,3273.0,1.33,44.2,14.93,6.96,35.95,28.97,0.0,341.5,1200.0
44163.368,0.0,140.0,101.80000000000001,24.26,15.93,181.5,35.35,149.5,28.76,34.92,33.95,94.5,15.5,76.80000000000001,100.0,343.0,3283.0,1.43,44.050000000000004,14.99,6.96,35.97,28.98,0.0,345.0,1200.0
44223.368,0.0,140.0,101.9,24.32,15.99,180.5,34.85,149.3,28.75,34.95,34.050000000000004,92.5,15.55,76.7,100.0,344.0,3281.0,1.55,44.0,14.96,6.99,36.0,29.02,0.0,342.0,1200.0
44283.368,0.0,140.0,101.2,24.26,15.93,181.0,34.9,147.8,28.75,34.9,33.9,90.5,15.450000000000001,76.60000000000001,100.0,348.0,3278.0,1.25,43.95,14.98,6.98,36.13,28.990000000000002,1.0,344.5,1200.0
44343.367,0.0,140.0,101.9,24.28,15.91,183.5,35.15,148.4,28.73,34.86,33.9,91.5,15.65,76.7,100.0,345.0,3278.0,1.33,44.050000000000004,14.97,6.93,35.980000000000004,29.080000000000002,0.0,342.0,1200.0
44403.367,0.0,140.0,103.4,24.3,15.98,182.5,34.95,149.8,28.71,34.9,33.95,89.5,15.8,77.10000000000001,100.0,340.0,3284.0,1.3800000000000001,43.95,14.950000000000001,7.0,36.0,29.0,0.0,340.5,1200.0
44463.367,0.0,140.0,101.5,24.310000000000002,15.88,180.5,34.95,149.1,28.740000000000002,35.0,33.95,92.0,15.5,76.60000000000001,99.7,339.0,3276.0,1.3900000000000001,44.1,15.01,7.04,35.9,29.060000000000002,3.0,341.5,1200.0
44523.367,0.0,140.0,101.60000000000001,24.3,16.0,181.0,35.1,150.0,28.7,34.83,34.0,91.5,15.75,76.60000000000001,99.9,342.5,3280.0,1.33,44.150000000000006,14.98,7.09,35.99,28.98,0.0,344.0,1200.0
44583.367,0.0,140.0,102.4,24.34,16.07,180.0,35.1,147.8,28.73,34.9,33.9,93.5,15.55,76.9,100.0,342.0,3281.0,1.47,44.0,15.0,6.96,35.96,28.92,0.0,341.5,1200.0
44643.367,0.0,140.0,101.2,24.330000000000002,16.0,181.0,35.300000000000004,148.3,28.75,34.89,34.050000000000004,93.0,15.55,76.80000000000001,99.9,341.0,3284.0,1.44,44.1,14.99,7.04,36.02,29.03,0.0,341.0,1200.0
44703.367,0.0,140.0,101.60000000000001,24.23,15.950000000000001,179.0,35.1,150.70000000000002,28.7,34.92,33.9,95.0,15.700000000000001,76.7,100.0,341.0,3278.0,1.3900000000000001,43.900000000000006,14.93,6.95,36.01,28.95,0.0,338.5,1200.0
44763.366,0.0,140.0,100.60000000000001,24.34,16.06,181.5,35.1,150.4,28.84,34.82,34.1,92.5,15.700000000000001,77.0,100.0,344.5,3282.0,1.3800000000000001,43.900000000000006,15.02,7.07,35.9,29.080000000000002,2.0,341.0,1200.0
44823.366,0.0,140.0,102.30000000000001,24.310000000000002,15.97,182.5,35.1,149.1,28.72,34.87,34.050000000000004,90.5,15.75,76.60000000000001,100.0,348.0,3282.0,1.45,43.95,15.01,7.0,36.03,28.93,1.0,342.5,1200.0
44883.366,0.0,140.0,102.7,24.26,15.94,181.5,35.050000000000004,147.70000000000002,28.72,34.89,34.2,92.0,15.65,76.80000000000001,100.0,343.5,3284.0,1.46,44.0,14.97,6.97,35.96,29.03,0.0,340.5,1200.0
44943.366,0.0,140.0,100.5,24.330000000000002,16.03,181.0,35.15,147.1,28.75,34.9,34.0,93.0,15.55,76.80000000000001,99.9,341.5,3282.0,1.51,44.050000000000004,15.01,7.04,35.97,28.97,0.0,342.0,1200.0
45003.366,0.0,140.0,102.2,24.34,15.97,182.5,35.050000000000004,147.5,28.77,34.9,34.0,91.5,15.65,77.10000000000001,99.80000000000001,342.5,3283.0,1.41,43.95,15.0,7.0200000000000005,36.01,29.0,0.0,343.5,1200.0
45063.366,0.0,140.0,102.2,24.27,15.98,182.5,35.2,149.9,28.77,34.93,33.95,92.0,15.65,76.5,100.0,345.5,3288.0,1.35,44.1,14.97,6.98,36.03,29.080000000000002,0.0,341.5,1200.0
45123.366,0.0,140.0,101.7,24.32,15.93,182.5,35.15,148.3,28.830000000000002,34.96,33.95,92.5,15.450000000000001,76.60000000000001,100.0,340.0,3280.0,1.3800000000000001,44.0,14.98,6.99,36.0,28.98,0.0,341.5,1200.0
45183.365,0.0,140.0,102.60000000000001,24.32,15.950000000000001,181.0,35.2,148.70000000000002,28.78,34.980000000000004,34.1,92.5,15.600000000000001,76.60000000000001,100.0,350.5,3288.0,1.3900000000000001,44.0,14.950000000000001,7.04,35.99,28.84,0.0,344.5,1200.0
45243.365,0.0,140.0,100.5,24.36,15.94,181.0,35.35,147.8,28.88,34.94,34.1,92.0,15.450000000000001,76.7,100.0,342.5,3283.0,1.32,44.150000000000006,15.040000000000001,6.93,35.99,29.01,0.0,340.5,1200.0
45303.365,0.0,140.0,102.60000000000001,24.330000000000002,15.950000000000001,182.5,35.050000000000004,148.5,28.830000000000002,34.94,34.050000000000004,94.5,15.450000000000001,76.7,100.0,341.5,3278.0,1.35,43.95,14.99,7.0,36.06,28.97,0.0,341.5,1200.0
45363.365,0.0,140.0,101.2,24.3,15.93,183.0,35.1,147.6,28.79,34.980000000000004,34.15,92.5,15.700000000000001,77.2,99.60000000000001,344.0,3282.0,1.54,44.050000000000004,15.02,6.98,35.980000000000004,29.060000000000002,2.0,343.5,1200.0
45423.365,0.0,140.0,99.80000000000001,24.310000000000002,16.03,180.0,35.300000000000004,149.3,28.8,34.96,34.0,93.5,15.600000000000001,76.10000000000001,100.0,343.5,3282.0,1.4000000000000001,44.050000000000004,14.98,6.99,36.03,29.04,0.0,340.5,1200.0
45483.365,0.0,140.0,103.0,24.29,16.03,181.5,35.2,148.70000000000002,28.79,34.93,34.050000000000004,92.0,15.700000000000001,76.10000000000001,99.9,343.5,3282.0,1.3800000000000001,44.050000000000004,15.030000000000001,7.07,36.0,28.92,1.0,347.5,1200.0
45543.365,0.0,140.0,102.9,24.26,16.080000000000002,181.0,35.2,149.6,28.86,34.93,34.050000000000004,92.5,15.600000000000001,76.3,100.0,342.5,3282.0,1.4000000000000001,44.0,14.99,6.92,36.0,29.02,0.0,343.0,1200.0
45603.364,0.0,140.0,102.5,24.27,16.02,182.5,35.2,149.1,28.84,35.04,34.0,92.0,15.700000000000001,76.10000000000001,100.0,341.0,3287.0,1.4000000000000001,44.0,15.0,7.0,35.94,29.03,0.0,343.5,1200.0
45663.364,0.0,140.0,102.80000000000001,24.330000000000002,16.0,181.5,35.0,148.3,28.77,34.9,33.95,92.5,15.600000000000001,76.2,99.80000000000001,343.5,3287.0,1.44,44.1,14.92,7.03,36.07,29.05,0.0,341.5,1200.0
45723.364,0.0,140.0,103.80000000000001,24.330000000000002,16.0,182.0,35.15,150.1,28.71,34.99,34.1,93.0,15.4,75.8,99.9,345.5,3284.0,1.3,43.95,15.1,7.0,36.01,29.060000000000002,0.0,343.0,1200.0
45783.364,0.0,140.0,100.60000000000001,24.310000000000002,15.950000000000001,180.5,35.1,148.5,28.84,34.980000000000004,34.0,92.5,15.65,76.5,99.9,339.0,3283.0,1.31,44.25,15.02,7.0,35.96,29.0,2.0,345.0,1200.0
45843.364,0.0,140.0,103.10000000000001,24.35,15.94,181.5,35.2,149.3,28.830000000000002,34.9,34.15,93.5,15.700000000000001,76.4,100.0,344.0,3283.0,1.29,44.1,14.97,6.98,35.980000000000004,28.98,1.0,344.0,1200.0
45903.364,0.0,140.0,102.10000000000001,24.37,16.05,182.5,35.15,148.9,28.830000000000002,34.93,34.15,91.0,15.600000000000001,76.7,100.0,341.5,3285.0,1.47,44.0,15.0,7.05,36.04,28.98,0.0,345.0,1200.0
45963.364,0.0,140.0,103.10000000000001,24.28,15.96,181.5,35.300000000000004,147.5,28.8,34.96,34.0,92.0,15.75,76.3,100.0,347.0,3283.0,1.3,44.050000000000004,14.98,6.98,35.92,28.93,0.0,346.0,1200.0
46023.363,0.0,140.0,101.2,24.3,16.02,182.0,35.1,148.8,28.8,34.88,33.95,94.0,15.450000000000001,76.7,100.0,341.5,3287.0,1.57,44.150000000000006,15.01,6.98,36.0,28.91,0.0,342.5,1200.0
46083.363,0.0,140.0,101.7,24.32,15.91,181.5,35.15,147.6,28.88,34.99,33.95,91.5,15.700000000000001,77.30000000000001,100.0,346.5,3288.0,1.32,44.0,14.98,7.0200000000000005,36.08,28.96,2.0,345.0,1200.0
46143.363,0.0,140.0,101.9,24.28,15.98,182.5,35.25,149.8,28.77,35.02,34.050000000000004,92.5,15.65,76.9,99.9,342.0,3290.0,1.46,44.050000000000004,15.06,7.01,36.03,28.94,2.0,344.0,1200.0
46203.363,0.0,140.0,100.9,24.34,15.97,181.5,35.2,148.0,28.75,34.97,34.0,91.5,15.65,76.80000000000001,100.0,343.0,3286.0,1.3,44.1,15.040000000000001,7.01,35.93,28.990000000000002,0.0,345.0,1200.0
46263.363,0.0,140.0,103.0,24.400000000000002,16.04,182.0,35.15,149.70000000000002,28.77,34.910000000000004,34.0,92.5,15.600000000000001,76.60000000000001,100.0,348.5,3286.0,1.44,44.150000000000006,15.06,7.03,35.94,29.080000000000002,0.0,342.0,1200.0
46323.363,0.0,140.0,103.4,24.39,16.0,182.0,35.2,150.0,28.76,34.99,34.0,95.0,15.75,76.4,100.0,345.0,3285.0,1.32,44.050000000000004,14.96,7.0200000000000005,35.92,29.03,0.0,341.5,1200.0
46383.363,0.0,140.0,101.7,24.37,16.04,179.5,35.2,149.6,28.89,35.07,34.1,93.5,15.600000000000001,76.80000000000001,100.0,348.5,3288.0,1.59,44.050000000000004,14.98,7.05,36.04,29.04,0.0,340.0,1200.0
46443.362,0.0,140.0,101.4,24.26,15.98,181.5,35.050000000000004,149.4,28.75,35.03,34.15,92.0,15.65,76.9,100.0,344.0,3285.0,1.34,44.0,14.98,7.03,36.02,28.95,0.0,347.0,1200.0
46503.362,0.0,140.0,101.7,24.27,16.02,179.5,35.15,148.5,28.92,35.03,34.0,90.5,15.450000000000001,76.7,100.0,346.0,3290.0,1.36,44.1,15.0,6.99,35.980000000000004,29.03,0.0,347.5,1200.0
46563.362,0.0,140.0,100.60000000000001,24.240000000000002,15.98,183.0,35.2,148.8,28.92,35.09,34.15,93.5,15.65,77.0,100.0,349.0,3288.0,1.44,44.150000000000006,14.94,7.05,36.02,28.96,0.0,346.5,1200.0
46623.362,0.0,140.0,102.0,24.27,15.950000000000001,181.0,35.300000000000004,149.6,28.86,35.03,33.95,92.0,15.600000000000001,76.5,99.9,348.5,3288.0,1.51,43.900000000000006,15.030000000000001,6.95,36.06,29.11,0.0,344.0,1200.0
46683.362,0.0,140.0,102.80000000000001,24.28,15.98,182.5,35.2,148.1,28.84,34.99,33.95,91.5,15.700000000000001,76.4,100.0,342.5,3285.0,1.4000000000000001,44.050000000000004,14.98,7.04,36.03,29.060000000000002,0.0,345.0,1200.0
46743.362,0.0,140.0,102.30000000000001,24.35,16.02,182.0,35.15,149.0,28.82,35.12,34.15,93.0,15.600000000000001,76.7,99.60000000000001,344.0,3291.0,1.59,44.050000000000004,14.97,7.0200000000000005,36.0,29.02,1.0,344.0,1200.0
46803.362,0.0,140.0,102.5,24.29,16.02,182.5,35.25,148.5,28.96,35.07,34.1,91.5,15.65,76.10000000000001,99.80000000000001,343.5,3288.0,1.26,44.050000000000004,14.98,6.98,36.160000000000004,28.93,1.0,348.0,1200.0
46863.361,0.0,140.0,102.60000000000001,24.26,15.96,180.5,35.15,148.8,28.830000000000002,35.01,34.15,92.0,15.5,76.3,100.0,350.5,3288.0,1.3,44.1,15.1,7.0200000000000005,36.1,28.91,2.0,344.5,1200.0
46923.361,0.0,140.0,101.0,24.330000000000002,15.93,181.5,35.35,147.8,28.900000000000002,35.02,34.15,89.5,15.55,76.5,100.0,349.0,3285.0,1.4000000000000001,44.2,14.98,7.0600000000000005,35.99,28.900000000000002,3.0,343.0,1200.0
46983.361,0.0,140.0,103.4,24.29,16.04,182.5,35.2,149.6,29.0,35.09,34.050000000000004,90.5,15.700000000000001,76.5,100.0,344.0,3287.0,1.56,44.2,14.97,6.97,36.02,29.0,0.0,348.0,1200.0
47043.361,0.0,140.0,102.5,24.3,16.02,180.5,35.35,150.1,28.830000000000002,35.08,34.1,92.0,15.450000000000001,76.5,99.7,343.0,3289.0,1.36,44.1,15.0,7.05,36.03,29.0,0.0,345.0,1200.0
47103.361,0.0,140.0,102.2,24.38,15.9,181.0,35.050000000000004,149.0,28.92,35.07,34.2,92.5,15.55,76.5,100.0,347.5,3287.0,1.4000000000000001,44.150000000000006,15.0,7.07,35.980000000000004,29.02,0.0,341.0,1200.0
47163.361,0.0,140.0,101.60000000000001,24.27,16.01,183.5,35.15,149.0,28.93,35.07,34.2,94.0,15.5,77.0,99.80000000000001,341.5,3292.0,1.46,44.150000000000006,15.02,6.92,35.980000000000004,29.04,0.0,347.0,1200.0
47223.361,0.0,140.0,102.4,24.29,16.03,182.5,35.4,148.3,28.92,35.04,34.050000000000004,91.0,15.600000000000001,77.10000000000001,100.0,349.0,3291.0,1.29,44.1,15.05,6.95,36.03,28.990000000000002,0.0,350.0,1200.0
47283.36,0.0,140.0,101.10000000000001,24.41,16.02,183.0,35.4,148.8,28.86,35.050000000000004,34.050000000000004,92.5,15.65,76.80000000000001,100.0,346.0,3288.0,1.41,44.2,15.030000000000001,7.01,36.01,28.98,0.0,348.5,1200.0
47343.36,0.0,140.0,103.4,24.36,16.0,182.0,35.25,149.0,28.84,35.03,34.15,92.0,15.65,76.5,100.0,347.0,3292.0,1.42,44.300000000000004,14.99,7.0,35.99,29.0,1.0,347.0,1200.0
47403.36,0.0,140.0,102.60000000000001,24.400000000000002,15.94,181.0,35.25,150.0,28.89,35.07,34.15,92.5,15.75,76.9,100.0,345.0,3294.0,1.49,44.300000000000004,15.05,6.95,35.95,28.97,0.0,347.5,1200.0
47463.36,0.0,140.0,102.2,24.38,16.01,183.5,35.300000000000004,147.6,28.89,35.07,34.1,91.0,15.600000000000001,76.80000000000001,100.0,341.5,3299.0,1.36,44.25,14.97,6.95,35.97,28.98,1.0,349.5,1200.0
47523.36,0.0,140.0,102.30000000000001,24.26,16.02,182.0,35.2,148.5,28.91,35.07,34.25,93.0,15.600000000000001,76.9,99.7,347.0,3296.0,1.34,44.300000000000004,14.99,6.91,36.04,28.93,0.0,349.5,1200.0
47583.36,0.0,140.0,102.10000000000001,24.39,16.01,179.0,35.300000000000004,150.20000000000002,28.94,35.15,34.15,94.0,15.55,76.60000000000001,100.0,346.0,3296.0,1.54,44.35,14.96,6.94,36.02,29.04,0.0,344.5,1200.0
47643.36,0.0,140.0,101.5,24.3,16.04,183.0,35.300000000000004,149.9,28.95,35.11,34.15,90.5,15.55,76.60000000000001,100.0,348.0,3296.0,1.56,44.150000000000006,15.08,7.0,35.86,29.01,0.0,348.5,1200.0
47703.36,0.0,140.0,101.80000000000001,24.32,16.0,185.5,35.25,149.6,28.97,35.1,34.2,92.0,15.600000000000001,76.5,99.60000000000001,343.5,3298.0,1.41,44.25,14.92,6.99,35.910000000000004,29.04,1.0,343.0,1200.0
47763.359,0.0,140.0,101.30000000000001,24.28,15.92,182.5,35.2,148.4,28.87,35.050000000000004,34.2,92.0,15.600000000000001,76.3,100.0,347.5,3300.0,1.32,44.35,15.05,6.96,35.95,29.03,0.0,348.0,1200.0
47823.359,0.0,140.0,102.30000000000001,24.28,16.03,183.0,35.35,149.70000000000002,28.830000000000002,35.160000000000004,34.050000000000004,93.5,15.600000000000001,76.3,99.80000000000001,348.5,3297.0,1.44,44.35,15.06,6.94,36.02,29.07,0.0,345.5,1200.0
47883.359,0.0,140.0,102.4,24.34,16.03,182.5,35.35,147.1,28.98,35.11,34.15,92.0,15.75,76.7,99.9,350.5,3299.0,1.31,44.45,15.08,6.98,35.95,29.04,1.0,351.5,1200.0
47943.359,0.0,140.0,102.5,24.310000000000002,15.96,181.5,35.4,149.3,28.89,35.160000000000004,34.050000000000004,91.0,15.600000000000001,76.80000000000001,100.0,349.0,3300.0,1.3800000000000001,44.35,15.07,6.93,35.980000000000004,28.96,0.0,347.5,1200.0
48003.359,0.0,140.0,101.60000000000001,24.29,16.02,183.0,35.300000000000004,149.4,28.95,35.11,34.25,91.0,15.65,77.10000000000001,100.0,344.0,3300.0,1.58,44.400000000000006,15.01,6.98,36.02,28.89,1.0,345.0,1200.0
48063.359,0.0,140.0,102.30000000000001,24.3,15.9,181.5,35.35,149.0,28.94,35.160000000000004,34.1,91.5,15.850000000000001,76.2,99.80000000000001,347.5,3300.0,1.3900000000000001,44.35,14.98,6.99,36.07,28.95,0.0,350.0,1200.0
48123.359,0.0,140.0,100.9,24.37,16.0,181.5,35.300000000000004,149.3,29.01,35.12,34.050000000000004,92.5,15.55,76.7,99.7,350.5,3298.0,1.44,44.35,15.040000000000001,7.0,36.07,29.05,0.0,355.5,1200.0
48183.358,0.0,140.0,102.9,24.43,16.05,183.5,35.45,149.1,28.86,35.21,34.0,93.5,15.65,76.60000000000001,99.9,348.5,3298.0,1.5,44.45,14.97,6.99,36.01,28.96,0.0,350.0,1200.0
48243.358,0.0,140.0,101.9,24.310000000000002,15.98,182.0,35.25,149.1,28.93,35.19,34.2,91.0,15.5,76.2,100.0,352.0,3300.0,1.32,44.45,14.91,7.05,35.94,28.97,0.0,345.0,1200.0
48303.358,0.0,140.0,102.10000000000001,24.26,16.0,182.5,35.2,149.5,28.98,35.17,34.0,91.5,15.65,76.2,99.80000000000001,347.0,3298.0,1.43,44.35,15.030000000000001,7.0200000000000005,36.0,29.01,2.0,344.0,1200.0
48363.358,0.0,140.0,102.2,24.32,16.02,183.0,35.2,149.20000000000002,28.93,35.15,34.2,92.0,15.65,76.60000000000001,100.0,348.5,3297.0,1.51,44.25,15.0,7.03,36.04,28.98,0.0,352.5,1200.0
48423.358,0.0,140.0,101.80000000000001,24.400000000000002,16.01,182.5,35.35,149.3,28.900000000000002,35.1,34.15,91.5,15.600000000000001,76.9,100.0,349.0,3295.0,1.48,44.400000000000006,15.0,6.94,36.07,29.02,0.0,344.5,1200.0
48483.358,0.0,140.0,102.4,24.37,15.96,183.5,35.4,149.4,28.89,35.02,34.1,92.5,15.700000000000001,76.4,100.0,351.0,3297.0,1.3800000000000001,44.25,14.92,6.94,35.97,28.98,0.0,344.5,1200.0
48543.358,0.0,140.0,101.7,24.36,16.04,182.5,35.2,150.4,28.92,35.06,34.2,92.0,15.55,76.2,100.0,345.0,3299.0,1.31,44.45,15.01,7.01,36.04,28.93,0.0,347.0,1200.0
48603.358,0.0,140.0,102.4,24.34,15.97,182.0,35.2,149.20000000000002,28.96,35.06,34.2,93.5,15.700000000000001,76.80000000000001,99.60000000000001,346.0,3299.0,1.55,44.400000000000006,15.01,6.99,36.0,29.07,1.0,347.5,1200.0
48663.357,0.0,140.0,102.30000000000001,24.41,16.01,181.0,35.2,148.4,28.98,35.07,34.050000000000004,94.5,15.5,76.10000000000001,100.0,347.5,3294.0,1.36,44.300000000000004,15.06,6.98,35.96,28.89,0.0,350.5,1200.0
48723.357,0.0,140.0,100.2,24.38,15.96,181.5,35.2,148.0,28.84,35.03,34.2,91.0,15.55,76.80000000000001,99.60000000000001,349.0,3298.0,1.31,44.2,14.97,6.95,36.01,28.94,0.0,346.5,1200.0
48783.357,0.0,140.0,100.80000000000001,24.330000000000002,15.98,181.0,35.25,150.5,28.95,35.07,34.1,93.5,15.600000000000001,76.60000000000001,100.0,348.0,3294.0,1.31,44.400000000000006,15.11,6.98,35.89,29.03,0.0,348.5,1200.0
48843.357,0.0,140.0,102.5,24.32,15.98,181.5,35.45,149.9,28.86,35.06,34.1,92.5,15.55,76.4,100.0,346.0,3293.0,1.36,44.300000000000004,15.0,6.99,35.89,29.11,0.0,347.0,1200.0
48903.357,0.0,140.0,101.10000000000001,24.34,16.0,181.5,35.25,148.8,28.79,35.07,34.1,94.5,15.65,77.0,99.7,348.0,3299.0,1.35,44.400000000000006,15.02,6.98,36.06,29.04,2.0,345.5,1200.0
48963.357,0.0,140.0,101.0,24.400000000000002,15.950000000000001,182.0,35.300000000000004,148.70000000000002,29.02,35.050000000000004,34.2,89.5,15.65,76.9,99.7,345.5,3292.0,1.55,44.35,14.99,7.0600000000000005,36.03,29.01,0.0,345.5,1200.0
49023.357,0.0,140.0,103.0,24.38,15.93,184.5,35.25,148.5,28.900000000000002,35.09,34.15,92.0,15.55,76.9,100.0,351.5,3299.0,1.17,44.25,15.02,6.99,36.02,28.84,1.0,347.5,1200.0
49083.356,0.0,140.0,103.10000000000001,24.310000000000002,15.950000000000001,184.0,35.1,149.4,28.87,35.09,34.1,92.0,15.600000000000001,76.80000000000001,99.9,351.0,3301.0,1.3900000000000001,44.400000000000006,14.99,6.98,35.92,28.95,1.0,347.5,1200.0
49143.356,0.0,140.0,101.5,24.36,16.01,184.0,35.15,150.1,28.830000000000002,35.11,34.050000000000004,92.0,15.600000000000001,76.80000000000001,100.0,346.5,3299.0,1.27,44.300000000000004,14.97,7.04,35.95,28.97,2.0,346.0,1200.0
49203.356,0.0,140.0,102.10000000000001,24.35,16.0,183.5,35.300000000000004,150.5,28.97,35.03,34.25,91.5,15.75,76.80000000000001,99.30000000000001,349.5,3300.0,1.46,44.35,14.98,7.0200000000000005,36.01,29.01,0.0,352.0,1200.0
49263.356,0.0,140.0,102.30000000000001,24.34,16.09,182.0,35.35,149.70000000000002,28.830000000000002,35.06,34.0,94.0,15.65,77.5,100.0,346.0,3302.0,1.36,44.35,15.040000000000001,6.97,35.99,29.03,1.0,345.5,1200.0
49323.356,0.0,140.0,103.0,24.36,15.92,181.5,35.300000000000004,150.6,28.93,35.06,34.2,92.5,15.55,76.9,100.0,350.5,3302.0,1.53,44.5,14.99,6.96,35.99,29.07,1.0,347.0,1200.0
49383.356,0.0,140.0,101.9,24.37,15.97,181.5,35.4,148.1,28.89,35.03,34.1,92.5,15.700000000000001,76.9,99.9,349.0,3299.0,1.53,44.35,15.01,7.03,36.09,29.03,1.0,350.5,1200.0
49443.356,0.0,140.0,102.60000000000001,24.39,15.99,181.5,35.25,148.0,28.94,35.08,34.15,92.5,15.600000000000001,76.0,100.0,345.5,3300.0,1.34,44.5,15.0,7.0,35.99,28.96,2.0,351.0,1200.0
49503.356,0.0,140.0,100.60000000000001,24.3,16.02,181.5,35.15,147.6,28.93,35.01,34.050000000000004,92.5,15.5,76.9,100.0,351.0,3296.0,1.37,44.400000000000006,15.05,6.95,35.95,28.93,1.0,343.5,1200.0
49563.355,0.0,140.0,101.5,24.3,15.97,182.0,35.300000000000004,149.9,28.89,35.03,34.15,92.5,15.600000000000001,76.80000000000001,99.80000000000001,346.5,3300.0,1.32,44.300000000000004,14.98,7.01,35.93,29.060000000000002,0.0,349.0,1200.0
49623.355,0.0,140.0,102.5,24.330000000000002,15.91,182.0,35.25,150.3,28.900000000000002,35.12,34.1,91.0,15.700000000000001,76.4,99.80000000000001,348.0,3298.0,1.4000000000000001,44.35,15.02,7.0,35.93,29.03,3.0,345.5,1200.0
49683.355,0.0,140.0,102.2,24.38,15.99,182.0,35.2,149.3,28.96,35.09,34.050000000000004,92.0,15.8,76.60000000000001,100.0,344.5,3300.0,1.24,44.400000000000006,15.0,7.0,36.050000000000004,29.03,2.0,351.5,1200.0
49743.355,0.0,140.0,101.60000000000001,24.36,15.93,182.0,35.15,149.0,28.91,35.15,33.9,90.5,15.700000000000001,76.3,100.0,342.5,3294.0,1.3,44.300000000000004,14.96,6.95,35.88,28.95,0.0,348.0,1200.0
49803.355,0.0,140.0,101.80000000000001,24.310000000000002,15.96,182.0,35.25,149.4,28.8,35.01,34.25,91.5,15.600000000000001,76.5,100.0,348.5,3292.0,1.36,44.300000000000004,15.030000000000001,7.0200000000000005,36.0,29.0,0.0,347.5,1200.0
49863.355,0.0,140.0,102.80000000000001,24.36,16.02,180.5,35.15,149.0,28.91,34.99,34.15,93.0,15.700000000000001,76.60000000000001,100.0,351.0,3291.0,1.41,44.300000000000004,15.0,6.93,35.93,29.04,1.0,346.5,1200.0
49923.355,0.0,140.0,101.80000000000001,24.26,16.04,182.0,35.25,150.6,28.82,35.1,34.1,91.5,15.65,75.8,99.5,347.5,3292.0,1.37,44.400000000000006,14.93,7.0,35.99,28.94,1.0,348.0,1200.0
49983.355,0.0,140.0,100.80000000000001,24.35,15.99,181.0,35.25,149.8,28.93,35.06,34.15,93.0,15.65,76.4,100.0,345.5,3297.0,1.43,44.35,15.06,6.96,36.04,28.98,0.0,346.5,1200.0
50043.354,0.0,140.0,101.4,24.35,16.0,183.5,35.2,148.5,28.91,35.09,34.1,91.0,15.5,76.9,100.0,350.0,3293.0,1.17,44.400000000000006,14.97,6.99,35.96,29.05,0.0,352.0,1200.0
50103.354,0.0,140.0,101.4,24.32,16.02,184.0,35.15,149.1,28.88,35.08,34.15,94.0,15.600000000000001,76.60000000000001,100.0,345.5,3290.0,1.33,44.35,15.0,7.03,36.07,28.97,3.0,345.0,1200.0
50163.354,0.0,140.0,101.4,24.29,16.02,186.0,35.25,147.0,28.89,35.07,34.1,95.0,15.75,76.5,99.9,345.5,3293.0,1.35,44.400000000000006,14.93,7.05,35.97,28.94,0.0,349.0,1200.0
50223.354,0.0,140.0,101.10000000000001,24.35,16.04,182.5,35.2,148.6,28.91,35.13,34.1,90.5,15.600000000000001,76.4,100.0,345.0,3292.0,1.29,44.300000000000004,14.99,7.0200000000000005,35.94,28.93,1.0,344.0,1200.0
50283.354,0.0,140.0,102.2,24.29,15.97,180.5,35.25,147.9,28.86,35.11,34.050000000000004,92.0,15.65,76.60000000000001,99.60000000000001,347.0,3297.0,1.36,44.35,14.97,7.01,36.01,29.04,2.0,351.5,1200.0
50343.354,0.0,140.0,102.5,24.310000000000002,16.01,181.5,35.2,148.1,28.92,35.15,34.1,91.5,15.600000000000001,76.4,100.0,353.5,3299.0,1.3900000000000001,44.35,15.05,6.96,36.01,29.0,2.0,346.0,1200.0
50403.354,0.0,140.0,102.4,24.37,16.080000000000002,183.0,35.300000000000004,149.20000000000002,28.91,35.06,34.25,92.0,15.55,76.60000000000001,100.0,346.0,3292.0,1.42,44.150000000000006,15.02,7.05,36.04,28.89,1.0,347.5,1200.0
50463.354,0.0,140.0,102.2,24.41,15.98,182.5,35.300000000000004,148.4,29.0,35.15,34.2,94.5,15.65,76.80000000000001,99.7,344.5,3296.0,1.24,44.45,15.0,6.98,35.96,28.990000000000002,0.0,345.0,1200.0
50523.353,0.0,140.0,101.9,24.34,16.04,181.0,35.25,149.1,28.830000000000002,35.04,34.050000000000004,92.0,15.700000000000001,76.4,100.0,347.5,3295.0,1.25,44.25,14.97,7.01,36.03,29.04,1.0,344.0,1200.0
50583.353,0.0,140.0,102.9,24.25,16.02,182.5,35.4,148.6,28.88,35.07,34.25,93.5,15.65,76.5,100.0,343.5,3291.0,1.51,44.400000000000006,15.05,7.01,36.12,28.96,0.0,346.5,1200.0
50643.353,0.0,140.0,102.9,24.32,15.950000000000001,181.0,35.25,146.6,29.01,35.06,34.25,91.0,15.8,76.60000000000001,100.0,350.5,3291.0,1.42,44.25,15.05,6.95,35.96,28.98,0.0,347.0,1200.0
50703.353,0.0,140.0,102.30000000000001,24.400000000000002,16.02,182.0,35.25,147.5,28.91,34.99,34.0,94.0,15.65,76.80000000000001,100.0,348.0,3290.0,1.37,44.35,15.040000000000001,7.04,36.06,29.0,4.0,344.5,1200.0
50763.353,0.0,140.0,102.5,24.38,15.94,182.5,35.4,149.0,28.95,35.09,33.9,91.5,15.600000000000001,76.3,99.5,342.5,3298.0,1.3800000000000001,44.25,14.98,7.03,36.02,28.98,2.0,348.5,1200.0
50823.353,0.0,140.0,102.30000000000001,24.35,15.93,183.5,35.1,149.9,28.85,35.08,34.2,93.0,15.65,76.60000000000001,100.0,344.0,3295.0,1.41,44.400000000000006,14.98,6.95,35.980000000000004,28.990000000000002,1.0,346.0,1200.0
50883.353,0.0,140.0,102.5,24.38,16.02,181.0,35.300000000000004,147.9,28.89,35.03,33.9,93.0,15.5,76.7,100.0,348.5,3297.0,1.45,44.25,15.05,7.0200000000000005,36.02,28.91,0.0,348.0,1200.0
50943.353,0.0,140.0,101.10000000000001,24.3,15.92,183.5,35.25,148.3,28.86,35.1,34.1,92.0,15.65,76.5,100.0,349.0,3294.0,1.34,44.400000000000006,14.97,7.0,35.89,29.02,0.0,347.5,1200.0
51003.352,0.0,140.0,101.60000000000001,24.37,15.98,179.5,35.2,149.3,28.86,34.980000000000004,34.2,92.0,15.600000000000001,76.9,99.5,346.0,3293.0,1.31,44.300000000000004,14.94,6.96,36.08,29.04,1.0,347.0,1200.0
51063.352,0.0,140.0,101.60000000000001,24.3,16.03,182.0,35.050000000000004,150.9,28.88,35.07,34.050000000000004,92.5,15.65,76.4,99.7,349.5,3296.0,1.28,44.35,15.0,6.98,36.0,28.93,3.0,346.5,1200.0
51123.352,0.0,140.0,101.7,24.37,15.97,183.0,35.15,150.20000000000002,28.900000000000002,35.04,34.1,93.5,15.700000000000001,76.5,99.9,344.0,3296.0,1.48,44.2,14.96,7.0200000000000005,35.99,29.05,0.0,348.0,1200.0
51183.352,0.0,140.0,103.10000000000001,24.27,15.94,182.0,35.25,148.1,28.84,35.01,34.25,90.0,15.600000000000001,77.2,100.0,346.0,3286.0,1.31,44.2,15.02,7.0,36.02,29.02,3.0,343.5,1200.0
51243.352,0.0,140.0,102.30000000000001,24.28,16.01,182.0,35.15,147.6,28.740000000000002,34.93,34.050000000000004,94.5,15.55,76.4,100.0,342.5,3284.0,1.32,44.150000000000006,14.96,6.96,35.95,29.0,1.0,343.5,1200.0
51303.352,0.0,140.0,102.2,24.43,15.96,181.0,35.2,148.6,28.91,34.87,34.050000000000004,93.0,15.5,76.7,99.9,345.0,3288.0,1.46,44.25,14.92,6.99,36.03,29.05,0.0,346.5,1200.0
51363.352,0.0,140.0,102.5,24.37,16.04,182.0,35.15,149.1,28.76,34.99,33.95,91.0,15.600000000000001,76.9,99.30000000000001,343.0,3290.0,1.28,44.25,15.120000000000001,7.0200000000000005,36.07,28.97,0.0,348.5,1200.0
51423.352,0.0,140.0,100.2,24.3,16.0,180.5,35.15,148.5,28.86,34.93,34.050000000000004,92.5,15.5,76.3,100.0,344.5,3282.0,1.53,44.1,15.02,6.99,35.99,29.01,1.0,339.5,1200.0
51483.351,0.0,140.0,101.2,24.37,16.0,180.5,35.0,148.70000000000002,28.740000000000002,34.88,33.95,93.0,15.450000000000001,76.9,99.5,344.0,3291.0,1.48,44.300000000000004,15.0,7.07,35.94,29.0,0.0,343.5,1200.0
51543.351,0.0,140.0,101.10000000000001,24.240000000000002,16.01,181.5,35.0,148.70000000000002,28.69,34.97,33.95,91.5,15.600000000000001,76.7,99.9,346.0,3280.0,1.36,44.1,14.950000000000001,7.0200000000000005,36.0,28.96,0.0,344.5,1200.0
51603.351,0.0,140.0,101.0,24.3,15.97,181.5,34.95,148.5,28.66,34.9,34.0,90.5,15.450000000000001,76.80000000000001,99.7,343.0,3282.0,1.35,44.050000000000004,15.0,7.04,35.94,28.94,0.0,340.0,1200.0
51663.351,0.0,140.0,101.10000000000001,24.330000000000002,16.03,179.0,35.1,149.6,28.740000000000002,34.93,34.050000000000004,93.0,15.55,76.5,100.0,341.0,3280.0,1.28,44.1,15.040000000000001,7.01,35.95,29.0,1.0,340.0,1200.0
51723.351,0.0,140.0,101.2,24.29,15.93,179.5,34.95,148.5,28.650000000000002,34.93,34.1,90.5,15.600000000000001,77.2,100.0,338.5,3280.0,1.19,44.25,14.98,7.03,36.01,28.990000000000002,0.0,339.5,1200.0
51783.351,0.0,140.0,102.30000000000001,24.34,15.93,183.0,35.15,148.0,28.82,34.92,33.95,91.0,15.75,77.10000000000001,99.9,347.0,3283.0,1.43,43.85,15.05,7.0,35.980000000000004,28.98,0.0,339.0,1200.0
51843.351,0.0,140.0,102.10000000000001,24.29,15.99,182.0,35.1,149.3,28.740000000000002,34.88,34.050000000000004,91.0,15.55,76.60000000000001,99.9,343.5,3289.0,1.5,44.1,14.92,7.05,35.94,29.04,0.0,343.5,1200.0
51903.351,0.0,140.0,101.80000000000001,24.3,16.03,181.0,35.050000000000004,149.1,28.84,35.01,34.1,94.5,15.65,76.80000000000001,99.7,342.0,3283.0,1.48,44.25,15.0,6.93,36.1,29.05,4.0,346.0,1200.0
51963.351,0.0,140.0,100.5,24.35,15.98,181.5,35.15,150.3,28.78,34.980000000000004,34.1,92.0,15.55,76.2,99.7,344.5,3283.0,1.44,44.150000000000006,15.030000000000001,7.0,36.03,28.95,1.0,340.5,1200.0
52023.35,0.0,140.0,103.2,24.37,15.99,182.0,35.25,148.20000000000002,28.78,34.97,34.0,93.5,15.700000000000001,76.4,100.0,342.5,3286.0,1.4000000000000001,44.050000000000004,14.99,7.03,35.97,29.18,1.0,341.5,1200.0
52083.35,0.0,140.0,102.10000000000001,24.34,15.94,181.0,35.25,149.1,28.87,35.050000000000004,34.1,92.5,15.600000000000001,76.60000000000001,99.80000000000001,345.5,3288.0,1.45,44.2,14.96,6.9,35.88,28.97,0.0,344.0,1200.0
52143.35,0.0,140.0,101.7,24.3,16.03,183.0,35.35,147.5,28.740000000000002,34.99,33.9,92.0,15.700000000000001,76.5,99.9,347.5,3294.0,1.43,44.25,14.92,7.0600000000000005,35.92,29.05,1.0,344.5,1200.0
52203.35,0.0,140.0,101.4,24.28,16.03,181.5,35.2,150.0,28.85,35.06,34.1,91.0,15.700000000000001,77.0,99.9,343.5,3293.0,1.24,44.050000000000004,14.93,7.01,35.97,28.97,3.0,349.5,1200.0
52263.35,0.0,140.0,101.9,24.400000000000002,15.99,183.5,35.25,148.1,28.85,35.03,34.1,94.0,15.5,76.80000000000001,100.0,344.5,3284.0,1.45,44.050000000000004,15.08,6.95,35.94,29.05,1.0,348.0,1200.0
52323.35,0.0,140.0,103.80000000000001,24.37,16.01,181.0,35.25,149.0,28.87,35.06,33.95,92.0,15.55,76.9,100.0,343.5,3293.0,1.4000000000000001,44.35,14.99,7.04,35.980000000000004,29.03,0.0,346.0,1200.0
52383.35,0.0,140.0,101.5,24.41,15.99,181.5,35.25,148.8,28.740000000000002,34.980000000000004,34.0,91.0,15.450000000000001,76.7,99.9,346.0,3297.0,1.52,44.1,14.92,6.98,36.14,28.97,0.0,348.5,1200.0
52443.35,0.0,140.0,102.4,24.36,15.98,182.0,35.25,148.9,28.75,35.11,34.050000000000004,93.5,15.65,77.10000000000001,100.0,348.0,3297.0,1.55,44.25,14.98,7.0,35.97,28.92,1.0,346.5,1200.0
52503.349,0.0,140.0,101.4,24.35,15.97,182.5,35.15,149.1,28.86,34.97,34.15,92.5,15.350000000000001,76.9,99.60000000000001,349.5,3294.0,1.1500000000000001,44.150000000000006,15.05,6.97,35.980000000000004,29.01,0.0,343.5,1200.0
52563.349,0.0,140.0,101.2,24.37,15.98,182.0,35.2,150.70000000000002,28.85,34.94,34.1,91.5,15.600000000000001,77.0,99.9,346.0,3289.0,1.3800000000000001,44.300000000000004,14.99,7.01,36.09,29.09,0.0,347.0,1200.0
52623.349,0.0,140.0,99.9,24.29,15.94,180.5,35.25,148.70000000000002,28.810000000000002,35.06,34.0,90.5,15.65,77.0,99.60000000000001,343.5,3289.0,1.25,44.25,15.05,6.99,35.99,29.04,0.0,344.0,1200.0
52683.349,0.0,140.0,101.4,24.28,16.01,180.0,35.15,146.5,28.75,34.95,34.050000000000004,92.5,15.5,77.4,100.0,345.0,3282.0,1.35,44.2,14.94,6.98,36.0,28.95,1.0,343.5,1200.0
52743.349,0.0,140.0,102.4,24.330000000000002,16.02,183.5,35.2,147.70000000000002,28.85,34.97,33.95,95.5,15.55,77.2,100.0,345.0,3294.0,1.43,44.150000000000006,14.96,7.05,36.03,28.95,1.0,343.5,1200.0
52803.349,0.0,140.0,101.9,24.310000000000002,15.97,181.5,35.0,149.9,28.810000000000002,34.97,33.95,92.5,15.55,77.10000000000001,100.0,344.5,3289.0,1.58,44.2,14.99,7.01,36.06,28.98,1.0,341.0,1200.0
52863.349,0.0,140.0,100.80000000000001,24.34,16.0,181.0,35.050000000000004,150.70000000000002,28.71,34.97,34.050000000000004,91.5,15.75,77.0,100.0,344.0,3284.0,1.34,44.1,15.05,7.04,36.03,28.96,1.0,338.5,1200.0
52923.349,0.0,140.0,104.0,24.37,16.0,182.0,35.1,148.8,28.740000000000002,35.02,34.1,91.0,15.55,76.5,99.7,342.5,3282.0,1.35,44.25,15.040000000000001,6.94,36.01,29.02,1.0,349.0,1200.0
52983.349,0.0,140.0,102.10000000000001,24.37,16.01,183.0,35.25,148.3,28.740000000000002,35.01,33.95,93.0,15.5,76.3,99.5,347.5,3293.0,1.28,44.050000000000004,14.99,6.98,35.980000000000004,29.0,0.0,349.5,1200.0
53043.348,0.0,140.0,101.80000000000001,24.32,15.99,181.5,35.1,149.20000000000002,28.82,34.92,34.050000000000004,92.0,15.65,77.30000000000001,100.0,346.5,3289.0,1.46,44.150000000000006,15.05,6.96,36.08,29.0,1.0,341.0,1200.0
53103.348,0.0,140.0,102.0,24.37,15.9,183.0,35.050000000000004,150.0,28.82,35.04,34.1,92.0,15.55,77.0,100.0,343.0,3287.0,1.41,44.25,15.030000000000001,6.99,36.03,29.04,1.0,341.5,1200.0
53163.348,0.0,140.0,103.80000000000001,24.310000000000002,16.05,179.0,35.300000000000004,146.70000000000002,28.810000000000002,35.08,33.95,91.0,15.600000000000001,76.7,100.0,348.5,3288.0,1.46,44.1,14.98,7.0600000000000005,36.03,29.07,0.0,342.5,1200.0
53223.348,0.0,140.0,101.7,24.25,15.96,182.5,35.2,150.3,28.830000000000002,35.07,34.050000000000004,93.0,15.8,76.7,99.80000000000001,343.0,3287.0,1.44,44.35,14.98,6.97,36.01,29.05,0.0,348.5,1200.0
53283.348,0.0,140.0,100.60000000000001,24.3,16.04,181.0,35.2,147.20000000000002,28.91,34.92,34.0,90.5,15.65,76.3,100.0,342.0,3292.0,1.31,44.1,14.96,6.99,35.97,29.01,0.0,344.5,1200.0
53343.348,0.0,140.0,103.2,24.32,16.03,183.0,35.15,148.8,28.87,34.980000000000004,34.1,91.0,15.65,76.9,99.9,347.5,3288.0,1.29,44.1,15.02,6.99,35.96,28.990000000000002,0.0,346.5,1200.0
53403.348,0.0,140.0,101.5,24.26,16.01,181.5,35.2,149.5,28.85,34.95,34.15,93.0,15.65,76.9,100.0,344.0,3291.0,1.24,44.2,15.040000000000001,7.04,35.92,29.03,0.0,346.0,1200.0
53463.348,0.0,140.0,103.10000000000001,24.310000000000002,15.94,182.0,35.15,149.4,28.87,34.910000000000004,34.2,92.5,15.65,76.4,99.5,348.5,3294.0,1.45,44.25,14.99,7.07,35.94,29.03,0.0,344.5,1200.0
53523.347,0.0,140.0,102.10000000000001,24.36,16.01,180.5,35.300000000000004,149.1,28.93,35.0,33.9,94.0,15.5,77.0,100.0,345.0,3292.0,1.27,44.25,14.950000000000001,6.98,35.94,29.05,0.0,344.0,1200.0
53583.347,0.0,140.0,102.5,24.34,16.01,180.5,35.300000000000004,148.6,28.830000000000002,34.99,34.050000000000004,91.5,15.55,76.80000000000001,99.60000000000001,345.5,3285.0,1.47,44.400000000000006,15.06,6.98,36.02,29.0,0.0,342.5,1200.0
53643.347,0.0,140.0,101.60000000000001,24.35,16.01,179.5,35.1,149.1,28.740000000000002,35.02,34.0,92.0,15.55,76.9,100.0,342.0,3285.0,1.31,44.150000000000006,14.99,6.95,35.95,29.04,0.0,347.5,1200.0
53703.347,0.0,140.0,101.5,24.36,15.96,180.0,35.1,149.3,28.84,34.92,34.050000000000004,93.0,15.5,76.60000000000001,99.9,345.5,3294.0,1.37,44.2,15.01,7.0200000000000005,35.99,28.95,0.0,345.0,1200.0
53763.347,0.0,140.0,100.80000000000001,24.3,16.01,182.0,35.15,149.0,28.8,34.96,34.1,92.0,15.55,77.0,99.9,345.0,3296.0,1.44,44.050000000000004,14.99,7.0600000000000005,36.1,29.09,0.0,344.0,1200.0
53823.347,0.0,140.0,102.5,24.36,16.02,181.0,35.1,148.6,28.72,34.94,33.95,90.5,15.55,76.80000000000001,100.0,344.0,3288.0,1.36,44.150000000000006,14.92,7.0200000000000005,36.0,28.96,0.0,345.0,1200.0
53883.347,0.0,140.0,102.60000000000001,24.39,15.97,182.5,35.15,148.5,28.82,34.93,33.95,93.5,15.600000000000001,76.4,99.7,345.0,3287.0,1.45,44.300000000000004,14.92,7.01,35.99,29.02,0.0,346.0,1200.0
53943.347,0.0,140.0,102.0,24.310000000000002,15.98,180.0,35.15,150.0,28.67,34.9,33.95,93.0,15.700000000000001,76.7,99.9,348.0,3284.0,1.33,44.1,15.01,7.04,36.03,29.03,0.0,344.0,1200.0
54003.347,0.0,140.0,102.5,24.36,15.96,182.5,35.25,149.20000000000002,28.79,34.800000000000004,33.9,89.5,15.65,77.2,100.0,346.0,3288.0,1.48,44.150000000000006,14.99,6.96,36.0,28.97,0.0,344.5,1200.0
54063.346,0.0,140.0,104.60000000000001,24.35,15.96,182.5,35.0,150.3,28.810000000000002,34.92,34.15,92.0,15.700000000000001,77.0,99.9,342.0,3288.0,1.47,44.300000000000004,15.05,7.09,35.97,28.92,0.0,346.5,1200.0
54123.346,0.0,140.0,101.10000000000001,24.310000000000002,15.93,182.0,35.1,148.70000000000002,28.82,35.02,34.050000000000004,92.5,15.600000000000001,76.7,100.0,343.0,3288.0,1.36,44.0,14.91,7.01,35.87,28.98,1.0,347.0,1200.0
54183.346,0.0,140.0,102.30000000000001,24.25,16.06,181.5,35.2,149.70000000000002,28.830000000000002,34.96,33.95,93.5,15.75,76.9,99.9,343.5,3285.0,1.4000000000000001,44.1,15.030000000000001,7.07,35.99,28.97,0.0,346.0,1200.0
54243.346,0.0,140.0,102.2,24.38,15.950000000000001,181.5,35.300000000000004,147.6,28.740000000000002,34.94,33.95,94.5,15.75,77.0,99.9,345.5,3283.0,1.34,44.2,15.01,6.97,36.03,28.94,0.0,343.5,1200.0
54303.346,0.0,140.0,101.0,24.34,15.98,180.0,35.15,148.9,28.8,35.04,34.0,92.5,15.75,76.60000000000001,99.9,340.5,3288.0,1.28,44.2,15.02,7.1000000000000005,36.050000000000004,29.02,0.0,343.0,1200.0
54363.346,0.0,140.0,103.2,24.310000000000002,15.94,183.0,35.2,149.6,28.85,35.08,34.0,93.0,15.700000000000001,76.2,99.9,343.5,3286.0,1.41,44.150000000000006,14.96,6.98,36.03,28.990000000000002,0.0,342.5,1200.0
54423.346,0.0,140.0,101.5,24.29,16.05,184.5,35.25,148.70000000000002,28.84,34.99,34.0,93.5,15.65,76.60000000000001,99.60000000000001,341.0,3285.0,1.29,44.150000000000006,15.08,7.0,35.980000000000004,28.990000000000002,2.0,344.5,1200.0
54483.346,0.0,140.0,102.9,24.32,16.04,182.5,35.15,148.9,28.88,34.980000000000004,34.050000000000004,94.5,15.55,76.60000000000001,99.60000000000001,343.5,3283.0,1.3,44.150000000000006,14.97,6.97,36.0,29.04,1.0,346.0,1200.0
54543.346,0.0,140.0,101.30000000000001,24.34,15.98,181.5,35.15,150.0,28.91,34.980000000000004,34.0,92.0,15.600000000000001,76.10000000000001,100.0,343.5,3290.0,1.24,44.1,15.030000000000001,6.95,36.12,29.0,0.0,342.0,1200.0
54603.345,0.0,140.0,103.7,24.29,15.94,179.5,35.15,148.1,28.830000000000002,35.01,34.050000000000004,93.5,15.55,76.4,100.0,341.0,3290.0,1.44,44.150000000000006,14.97,7.07,36.050000000000004,29.02,0.0,348.5,1200.0
54663.345,0.0,140.0,101.4,24.3,15.98,185.0,35.15,148.9,28.830000000000002,35.06,34.050000000000004,92.0,15.55,76.60000000000001,99.80000000000001,344.0,3292.0,1.43,44.050000000000004,15.030000000000001,7.01,35.99,28.94,0.0,343.5,1200.0
54723.345,0.0,140.0,101.9,24.330000000000002,16.04,183.5,35.300000000000004,149.5,28.86,35.0,33.95,94.5,15.75,76.5,99.7,344.0,3288.0,1.23,44.0,14.98,6.93,35.96,29.03,0.0,345.5,1200.0
54783.345,0.0,140.0,100.7,24.35,15.99,180.5,35.300000000000004,149.6,28.740000000000002,34.99,34.050000000000004,93.0,15.600000000000001,76.3,100.0,346.5,3287.0,1.33,44.2,15.01,7.08,35.94,28.92,0.0,345.0,1200.0
54843.345,0.0,140.0,102.10000000000001,24.310000000000002,16.0,179.5,35.15,149.70000000000002,28.900000000000002,35.1,34.1,91.0,15.600000000000001,76.9,99.80000000000001,343.5,3289.0,1.41,44.050000000000004,15.01,7.05,35.9,28.93,0.0,342.0,1200.0
54903.345,0.0,140.0,100.5,24.310000000000002,16.0,182.0,35.050000000000004,148.5,28.810000000000002,34.92,34.050000000000004,91.0,15.55,76.3,99.9,350.0,3282.0,1.36,44.2,14.97,6.99,35.95,29.0,0.0,347.5,1200.0
54963.345,0.0,140.0,102.9,24.36,15.94,181.0,35.2,150.5,28.84,34.99,34.050000000000004,92.5,15.55,77.10000000000001,100.0,345.0,3290.0,1.45,44.2,14.99,6.92,35.99,29.03,0.0,343.0,1200.0
55023.345,0.0,140.0,102.10000000000001,24.34,16.0,182.0,35.1,147.3,28.830000000000002,35.03,33.85,94.5,15.55,77.4,100.0,345.0,3291.0,1.34,44.1,14.98,7.09,35.97,29.080000000000002,0.0,344.5,1200.0
55083.345,0.0,140.0,101.2,24.41,16.04,179.5,35.35,151.20000000000002,28.76,34.89,33.9,92.5,15.75,77.0,100.0,344.0,3291.0,1.36,44.150000000000006,14.98,7.0200000000000005,36.01,29.060000000000002,0.0,341.0,1200.0
55143.344,0.0,140.0,100.9,24.400000000000002,15.89,181.0,35.15,148.5,28.79,34.980000000000004,33.95,92.5,15.65,76.60000000000001,100.0,343.5,3290.0,1.35,44.150000000000006,14.96,7.05,35.96,28.990000000000002,0.0,345.5,1200.0
55203.344,0.0,140.0,102.4,24.38,16.05,181.5,35.050000000000004,148.70000000000002,28.830000000000002,35.0,34.050000000000004,94.0,15.600000000000001,76.7,100.0,341.5,3289.0,1.55,44.1,14.97,6.95,35.99,29.0,0.0,344.5,1200.0
55263.344,0.0,140.0,101.80000000000001,24.45,15.93,181.5,35.25,149.1,28.78,34.95,34.050000000000004,94.5,15.55,76.7,99.7,347.5,3290.0,1.3900000000000001,44.25,14.98,6.93,35.980000000000004,28.85,0.0,340.5,1200.0
55323.344,0.0,140.0,102.4,24.35,16.05,179.0,35.15,150.0,28.740000000000002,34.95,34.050000000000004,93.5,15.75,76.60000000000001,99.9,342.5,3288.0,1.36,44.2,15.02,7.0,36.08,29.05,0.0,345.0,1200.0
55383.344,0.0,140.0,101.7,24.34,16.080000000000002,182.5,35.2,148.8,28.79,34.96,34.050000000000004,93.0,15.65,76.9,99.80000000000001,349.5,3283.0,1.41,44.050000000000004,14.98,6.97,36.04,28.96,0.0,346.0,1200.0
55443.344,0.0,140.0,100.4,24.32,15.97,182.5,35.15,151.70000000000002,28.89,34.95,33.85,91.0,15.65,77.0,100.0,344.5,3287.0,1.29,44.1,15.01,7.03,35.980000000000004,29.07,1.0,344.0,1200.0
55503.344,0.0,140.0,102.60000000000001,24.35,15.98,182.5,35.1,148.4,28.75,35.0,34.0,93.0,15.55,76.5,99.9,341.0,3287.0,1.58,44.1,14.99,7.01,36.04,28.96,1.0,341.0,1200.0
55563.344,0.0,140.0,102.10000000000001,24.37,15.89,181.0,35.050000000000004,147.8,28.87,35.02,34.2,92.5,15.5,76.9,99.9,346.0,3287.0,1.47,44.0,14.950000000000001,6.97,35.980000000000004,28.98,0.0,345.5,1200.0
55623.344,0.0,140.0,101.2,24.37,16.02,183.0,35.1,150.3,28.78,34.980000000000004,34.1,92.0,15.600000000000001,77.10000000000001,99.9,346.5,3291.0,1.47,44.050000000000004,14.99,7.01,35.980000000000004,28.92,0.0,344.5,1200.0
55683.343,0.0,140.0,100.80000000000001,24.39,16.0,180.0,35.15,148.3,28.75,35.02,34.050000000000004,91.0,15.75,77.0,100.0,345.5,3287.0,1.23,44.0,15.01,7.0,35.910000000000004,28.93,0.0,343.5,1200.0
55743.343,0.0,140.0,100.7,24.39,15.91,182.5,35.300000000000004,150.1,28.87,34.980000000000004,34.050000000000004,92.0,15.700000000000001,76.5,100.0,342.0,3292.0,1.42,44.150000000000006,14.99,7.03,35.95,28.96,1.0,345.5,1200.0
55803.343,0.0,140.0,102.60000000000001,24.29,15.950000000000001,181.0,35.050000000000004,150.3,28.79,34.94,33.95,93.0,15.8,76.2,100.0,345.0,3291.0,1.48,44.2,15.0,6.99,35.92,29.05,1.0,345.0,1200.0
55863.343,0.0,140.0,102.30000000000001,24.37,15.98,181.0,35.2,147.6,28.95,34.980000000000004,33.9,92.0,15.65,76.4,99.5,349.5,3290.0,1.43,44.150000000000006,14.99,7.07,35.980000000000004,28.94,0.0,342.5,1200.0
55923.343,0.0,140.0,103.2,24.330000000000002,16.07,181.0,35.25,149.0,28.82,34.94,33.9,91.5,15.600000000000001,77.10000000000001,99.80000000000001,348.5,3291.0,1.37,44.2,15.01,7.0600000000000005,35.96,29.07,0.0,348.5,1200.0
55983.343,0.0,140.0,101.4,24.36,15.950000000000001,180.0,35.2,147.20000000000002,28.89,34.95,34.2,93.0,15.700000000000001,77.30000000000001,99.60000000000001,343.5,3294.0,1.37,44.150000000000006,15.01,7.01,36.0,29.02,0.0,343.5,1200.0
56043.343,0.0,140.0,102.80000000000001,24.330000000000002,16.04,182.5,35.050000000000004,149.5,28.84,35.03,34.2,93.5,15.65,76.80000000000001,100.0,346.0,3293.0,1.3800000000000001,44.2,14.94,6.96,35.96,29.02,1.0,346.5,1200.0
56103.343,0.0,140.0,101.4,24.44,15.96,182.0,35.35,148.3,28.82,34.980000000000004,34.0,92.5,15.700000000000001,77.5,100.0,345.5,3290.0,1.44,44.300000000000004,14.97,7.08,35.95,28.96,0.0,345.5,1200.0
56163.343,0.0,140.0,101.30000000000001,24.38,16.01,182.0,35.25,148.8,28.75,35.07,34.050000000000004,93.5,15.55,76.3,99.80000000000001,344.5,3294.0,1.41,44.45,14.98,7.0200000000000005,35.97,28.98,1.0,348.0,1200.0
56223.343,0.0,140.0,100.10000000000001,24.400000000000002,15.99,183.0,35.15,149.9,28.740000000000002,35.03,34.15,93.5,15.600000000000001,77.0,100.0,345.0,3300.0,1.51,44.300000000000004,14.99,7.03,36.09,29.0,1.0,344.5,1200.0
56283.342,0.0,140.0,102.5,24.38,15.950000000000001,181.5,35.25,148.20000000000002,28.810000000000002,34.93,34.15,92.5,15.65,76.5,99.80000000000001,351.0,3293.0,1.51,44.2,14.950000000000001,6.94,36.04,29.02,0.0,346.0,1200.0
56343.342,0.0,140.0,102.60000000000001,24.37,16.03,181.0,35.15,149.1,28.92,35.09,34.15,92.0,15.55,76.9,99.9,350.0,3289.0,1.3800000000000001,44.150000000000006,15.040000000000001,7.0200000000000005,35.99,29.02,0.0,346.5,1200.0
56403.342,0.0,140.0,101.10000000000001,24.42,16.01,183.0,35.300000000000004,148.8,28.93,35.09,34.15,91.0,15.600000000000001,76.7,100.0,343.0,3293.0,1.44,44.25,15.02,6.99,36.08,29.060000000000002,1.0,347.5,1200.0
56463.342,0.0,140.0,102.80000000000001,24.35,15.9,182.5,35.15,150.0,28.93,35.01,34.15,94.0,15.600000000000001,77.0,99.60000000000001,348.0,3298.0,1.37,44.300000000000004,14.950000000000001,6.96,36.01,29.04,0.0,347.0,1200.0
56523.342,0.0,140.0,102.4,24.27,15.950000000000001,182.0,35.25,149.9,28.79,34.99,34.2,93.0,15.450000000000001,76.4,100.0,347.5,3293.0,1.25,44.35,15.030000000000001,7.01,35.9,28.96,3.0,345.5,1200.0
56583.342,0.0,140.0,101.5,24.37,15.92,182.5,35.2,147.5,28.88,34.96,34.1,92.5,15.700000000000001,76.80000000000001,99.60000000000001,350.0,3292.0,1.41,44.2,15.05,7.0200000000000005,35.93,28.97,0.0,344.0,1200.0
56643.342,0.0,140.0,103.0,24.37,15.92,182.0,35.25,147.8,28.8,35.07,34.050000000000004,92.5,15.65,76.80000000000001,100.0,342.0,3292.0,1.3,44.2,14.96,7.05,36.01,29.0,0.0,347.0,1200.0
56703.342,0.0,140.0,102.5,24.330000000000002,15.96,181.0,35.2,148.9,28.900000000000002,35.1,34.15,93.5,15.600000000000001,76.60000000000001,99.9,346.5,3290.0,1.5,44.25,14.99,6.98,35.99,29.03,0.0,343.0,1200.0
56763.342,0.0,140.0,102.10000000000001,24.330000000000002,16.01,180.0,35.050000000000004,147.70000000000002,28.87,34.980000000000004,34.15,91.5,15.600000000000001,77.0,100.0,346.5,3296.0,1.3800000000000001,44.2,15.05,7.03,36.07,29.04,0.0,348.0,1200.0
56823.341,0.0,140.0,101.2,24.38,15.950000000000001,181.5,35.2,148.1,28.85,35.01,33.95,91.5,15.5,76.7,99.80000000000001,349.0,3290.0,1.4000000000000001,44.25,15.0,6.93,36.02,29.04,0.0,350.5,1200.0
56883.341,0.0,140.0,101.4,24.36,15.950000000000001,184.0,35.15,148.9,28.94,35.09,34.050000000000004,93.5,15.55,76.9,100.0,345.0,3294.0,1.44,44.150000000000006,15.06,6.92,36.06,28.990000000000002,0.0,347.0,1200.0
56943.341,0.0,140.0,101.80000000000001,24.400000000000002,15.94,180.5,35.300000000000004,149.1,28.82,35.03,34.15,93.0,15.8,76.5,100.0,346.0,3287.0,1.44,44.300000000000004,14.98,7.0,35.93,28.96,1.0,346.5,1200.0
57003.341,0.0,140.0,101.4,24.38,15.950000000000001,180.5,35.300000000000004,148.6,28.8,34.99,34.050000000000004,92.5,15.5,76.60000000000001,99.60000000000001,345.0,3284.0,1.36,44.2,15.06,6.95,35.99,28.97,0.0,348.0,1200.0
57063.341,0.0,140.0,101.9,24.330000000000002,15.96,182.5,35.300000000000004,149.70000000000002,28.84,35.050000000000004,34.050000000000004,92.5,15.600000000000001,76.5,99.7,346.0,3291.0,1.45,44.2,14.93,6.99,35.95,28.96,2.0,343.5,1200.0
57123.341,0.0,140.0,103.9,24.330000000000002,16.0,182.5,35.35,150.1,28.96,34.980000000000004,33.95,93.0,15.700000000000001,76.60000000000001,99.9,345.0,3291.0,1.34,44.150000000000006,15.01,7.01,36.03,28.990000000000002,0.0,349.5,1200.0
57183.341,0.0,140.0,101.4,24.3,15.89,181.0,35.2,148.4,28.79,34.980000000000004,34.050000000000004,91.5,15.55,76.5,100.0,343.5,3292.0,1.28,44.25,15.05,7.0,36.03,29.03,0.0,344.0,1200.0
57243.341,0.0,140.0,101.60000000000001,24.34,16.0,182.0,35.15,148.8,28.82,35.06,34.0,92.5,15.600000000000001,76.4,100.0,343.0,3287.0,1.33,44.25,15.02,7.04,36.03,28.98,1.0,348.5,1200.0
57303.341,0.0,140.0,100.80000000000001,24.35,15.96,184.0,35.300000000000004,148.6,28.87,34.980000000000004,33.95,91.5,15.55,76.60000000000001,100.0,345.5,3286.0,1.35,44.300000000000004,15.030000000000001,7.0,35.95,29.04,0.0,342.5,1200.0
57363.341,0.0,140.0,101.5,24.36,16.080000000000002,180.5,35.300000000000004,148.5,28.86,34.99,34.1,91.5,15.65,76.5,99.5,347.5,3287.0,1.49,44.2,14.96,6.97,35.88,28.97,3.0,345.5,1200.0
57423.34,0.0,140.0,102.5,24.28,16.04,182.0,35.0,149.20000000000002,28.94,34.99,33.95,93.0,15.55,76.10000000000001,100.0,345.5,3289.0,1.35,44.050000000000004,15.01,7.03,35.94,28.91,2.0,342.0,1200.0
57483.34,0.0,140.0,101.5,24.21,15.98,182.0,35.2,147.6,28.91,35.03,34.1,93.5,15.55,76.3,99.80000000000001,349.0,3289.0,1.45,44.050000000000004,14.99,6.97,36.07,29.1,0.0,343.5,1200.0
57543.34,0.0,140.0,100.30000000000001,24.37,16.080000000000002,184.5,35.300000000000004,150.1,28.85,34.99,34.0,90.0,15.5,77.5,100.0,344.0,3284.0,1.46,44.300000000000004,15.040000000000001,7.01,35.95,28.95,1.0,346.0,1200.0
57603.34,0.0,140.0,102.10000000000001,24.330000000000002,15.94,183.0,35.15,149.4,28.89,35.160000000000004,34.1,90.5,15.600000000000001,76.60000000000001,100.0,345.0,3290.0,1.58,44.25,15.02,7.08,36.1,29.03,0.0,350.0,1200.0
57663.34,0.0,140.0,103.10000000000001,24.34,15.98,183.0,35.050000000000004,150.70000000000002,28.94,35.06,34.0,93.5,15.55,77.0,99.9,347.5,3288.0,1.28,44.300000000000004,15.02,7.01,36.01,28.97,0.0,346.0,1200.0
57723.34,0.0,140.0,101.9,24.28,16.0,183.0,35.300000000000004,148.1,28.85,35.01,34.050000000000004,91.5,15.700000000000001,76.4,100.0,346.0,3284.0,1.23,44.1,14.93,7.09,36.0,29.060000000000002,0.0,340.5,1200.0
57783.34,0.0,140.0,102.80000000000001,24.310000000000002,15.96,180.0,35.35,150.70000000000002,28.900000000000002,35.06,34.1,91.5,15.55,76.4,99.9,340.0,3288.0,1.47,44.400000000000006,14.950000000000001,6.98,35.97,28.990000000000002,0.0,344.0,1200.0
57843.34,0.0,140.0,103.2,24.37,16.01,182.0,35.25,149.6,28.96,35.06,34.0,92.5,15.55,76.60000000000001,100.0,348.0,3292.0,1.48,44.2,14.97,7.01,36.06,29.03,0.0,347.0,1200.0
57903.34,0.0,140.0,101.60000000000001,24.28,16.03,182.5,35.1,148.0,28.830000000000002,35.06,34.1,92.5,15.65,76.10000000000001,100.0,344.5,3291.0,1.34,44.1,15.0,6.99,36.1,29.04,0.0,342.5,1200.0
57963.339,0.0,140.0,101.80000000000001,24.36,15.99,182.0,35.25,148.20000000000002,28.900000000000002,35.06,34.1,91.0,15.65,77.10000000000001,99.80000000000001,344.5,3287.0,1.19,44.300000000000004,14.99,7.0200000000000005,35.97,29.03,0.0,344.5,1200.0
58023.339,0.0,140.0,102.4,24.310000000000002,15.950000000000001,183.5,35.15,150.8,28.78,35.0,34.1,91.5,15.75,76.4,99.80000000000001,345.0,3293.0,1.34,44.2,15.05,6.97,35.88,29.060000000000002,0.0,344.5,1200.0
58083.339,0.0,140.0,102.4,24.25,15.96,184.5,35.1,149.20000000000002,28.87,35.09,34.0,94.0,15.65,76.7,99.80000000000001,344.0,3295.0,1.3900000000000001,44.150000000000006,14.96,7.0600000000000005,35.99,29.09,1.0,350.0,1200.0
58143.339,0.0,140.0,101.4,24.38,16.11,184.0,35.2,149.8,28.900000000000002,35.04,34.2,93.5,15.600000000000001,77.10000000000001,99.4,349.5,3295.0,1.29,44.25,14.92,6.98,35.99,28.89,0.0,350.0,1200.0
58203.339,0.0,140.0,101.10000000000001,24.39,16.04,181.5,35.300000000000004,147.0,28.900000000000002,34.980000000000004,34.1,92.0,15.65,76.80000000000001,100.0,342.5,3296.0,1.25,44.150000000000006,14.96,6.94,35.96,28.98,0.0,346.0,1200.0
58263.339,0.0,140.0,100.10000000000001,24.34,16.06,183.5,35.2,148.4,28.78,35.04,34.050000000000004,93.0,15.600000000000001,76.80000000000001,100.0,342.0,3295.0,1.4000000000000001,44.25,15.07,7.01,36.1,29.03,0.0,344.5,1200.0
58323.339,0.0,140.0,103.30000000000001,24.330000000000002,16.06,182.5,35.25,149.1,28.93,35.0,34.2,92.5,15.55,76.9,100.0,347.5,3295.0,1.29,44.150000000000006,15.0,6.97,35.94,29.1,1.0,343.5,1200.0
58383.339,0.0,140.0,102.2,24.400000000000002,16.02,182.5,35.300000000000004,148.9,28.82,35.01,34.15,93.5,15.55,77.10000000000001,100.0,346.5,3300.0,1.29,44.2,15.0,6.97,35.92,28.990000000000002,0.0,344.0,1200.0
58443.339,0.0,140.0,102.60000000000001,24.27,15.99,183.5,35.25,147.6,28.830000000000002,35.04,34.050000000000004,90.5,15.55,76.80000000000001,99.60000000000001,345.5,3298.0,1.46,44.25,15.02,7.0200000000000005,35.980000000000004,28.94,2.0,347.0,1200.0
58503.339,0.0,140.0,103.2,24.35,15.99,180.5,35.25,148.9,28.8,35.04,34.0,91.0,15.65,77.10000000000001,99.9,351.0,3296.0,1.4000000000000001,44.300000000000004,15.030000000000001,6.99,35.980000000000004,29.01,2.0,347.5,1200.0
58563.338,0.0,140.0,100.0,24.39,15.97,182.5,35.300000000000004,148.4,28.88,35.04,34.0,91.0,15.600000000000001,76.80000000000001,99.80000000000001,347.5,3295.0,1.43,44.25,15.07,7.0,36.07,28.92,2.0,348.5,1200.0
58623.338,0.0,140.0,102.30000000000001,24.39,15.98,181.0,35.25,147.8,28.89,35.06,34.050000000000004,92.0,15.75,76.3,100.0,349.0,3293.0,1.44,44.400000000000006,14.97,7.01,35.94,28.88,2.0,348.0,1200.0
58683.338,0.0,140.0,103.7,24.29,15.92,184.0,35.25,150.1,28.810000000000002,35.050000000000004,34.25,94.0,15.600000000000001,76.5,100.0,346.5,3307.0,1.31,44.35,15.09,6.92,35.99,29.0,0.0,350.5,1200.0
58743.338,0.0,140.0,102.30000000000001,24.330000000000002,16.03,181.0,35.4,148.5,28.84,34.99,34.15,92.5,15.850000000000001,76.5,100.0,347.5,3294.0,1.47,44.5,14.97,6.99,36.07,28.94,2.0,344.5,1200.0
58803.338,0.0,140.0,102.9,24.3,15.99,183.5,35.15,147.9,28.86,35.04,34.15,93.0,15.700000000000001,77.0,99.5,347.5,3299.0,1.44,44.25,15.05,7.07,36.1,29.07,0.0,346.0,1200.0
58863.338,0.0,140.0,101.7,24.42,15.97,183.5,35.25,149.9,28.93,35.03,34.1,92.5,15.55,77.2,99.9,350.5,3295.0,1.41,44.400000000000006,15.05,6.99,36.03,28.98,2.0,343.5,1200.0
58923.338,0.0,140.0,101.60000000000001,24.38,16.03,183.0,35.45,148.70000000000002,28.92,35.09,34.050000000000004,91.0,15.700000000000001,76.9,99.7,352.0,3301.0,1.3900000000000001,44.400000000000006,15.0,7.0200000000000005,35.94,28.92,0.0,352.0,1200.0
58983.338,0.0,140.0,102.80000000000001,24.38,16.04,181.0,35.35,149.6,28.94,35.06,33.95,92.0,15.5,76.60000000000001,99.7,349.5,3300.0,1.36,44.25,14.97,6.97,36.04,29.05,4.0,346.5,1200.0
59043.338,0.0,140.0,102.30000000000001,24.35,16.01,182.5,35.25,148.4,28.92,35.11,34.0,93.0,15.700000000000001,77.4,99.9,344.5,3304.0,1.19,44.300000000000004,15.02,7.03,36.0,28.93,0.0,350.5,1200.0
59103.338,0.0,140.0,101.0,24.36,16.07,182.5,35.300000000000004,149.8,28.92,35.02,34.1,91.0,15.600000000000001,76.9,100.0,352.5,3301.0,1.31,44.300000000000004,14.97,6.96,36.02,29.05,2.0,347.0,1200.0
59163.337,0.0,140.0,99.30000000000001,24.45,15.92,183.5,35.35,147.8,28.87,35.07,34.0,90.0,15.600000000000001,77.30000000000001,99.7,347.5,3302.0,1.45,44.400000000000006,15.0,7.05,35.96,28.97,2.0,352.5,1200.0
59223.337,0.0,140.0,102.2,24.400000000000002,16.07,183.0,35.25,148.20000000000002,28.89,34.980000000000004,34.15,91.5,15.55,77.2,100.0,346.0,3305.0,1.28,44.35,15.01,7.0,35.99,29.02,0.0,347.0,1200.0
59283.337,0.0,140.0,101.80000000000001,24.45,15.99,181.5,35.4,149.4,28.92,35.11,34.15,92.0,15.55,76.80000000000001,100.0,352.0,3302.0,1.3800000000000001,44.45,15.02,7.07,36.06,28.990000000000002,1.0,350.5,1200.0
59343.337,0.0,140.0,103.5,24.41,16.01,183.5,35.35,148.3,28.900000000000002,35.2,34.1,90.5,15.700000000000001,77.4,100.0,350.5,3314.0,1.4000000000000001,44.5,14.97,7.11,35.99,28.990000000000002,0.0,357.0,1200.0
59403.337,0.0,140.0,102.60000000000001,24.400000000000002,15.97,184.5,35.4,148.6,28.94,35.18,34.300000000000004,91.5,15.600000000000001,77.2,99.9,352.0,3313.0,1.53,44.5,15.01,7.09,36.06,29.03,1.0,349.0,1200.0
59463.337,0.0,140.0,102.2,24.43,16.03,183.5,35.35,148.8,28.96,35.25,34.2,93.0,15.65,77.2,100.0,353.5,3311.0,1.47,44.6,15.06,7.05,36.050000000000004,29.060000000000002,4.0,349.0,1200.0
59523.337,0.0,140.0,101.30000000000001,24.490000000000002,15.94,185.0,35.35,149.20000000000002,28.95,35.18,34.1,92.0,15.55,77.2,100.0,352.5,3316.0,1.4000000000000001,44.550000000000004,14.96,7.0200000000000005,36.02,28.990000000000002,2.0,348.5,1200.0
59583.337,0.0,140.0,102.10000000000001,24.38,16.03,182.0,35.4,149.4,28.89,35.15,34.0,90.5,15.65,77.4,100.0,347.5,3314.0,1.45,44.5,15.0,6.97,35.980000000000004,29.0,2.0,353.0,1200.0
59643.337,0.0,140.0,101.9,24.44,16.09,182.5,35.35,149.4,28.98,35.19,34.25,92.0,15.600000000000001,76.80000000000001,100.0,352.5,3306.0,1.22,44.85,14.98,7.0200000000000005,35.980000000000004,29.0,1.0,352.0,1200.0
59703.337,0.0,140.0,102.0,24.42,16.01,181.5,35.45,148.1,28.990000000000002,35.18,34.300000000000004,92.0,15.65,77.2,100.0,349.5,3317.0,1.34,44.7,15.02,7.0200000000000005,36.04,29.11,0.0,349.0,1200.0
59763.336,0.0,140.0,103.10000000000001,24.42,16.02,181.5,35.4,148.5,28.94,35.11,34.1,91.0,15.600000000000001,76.9,99.5,350.5,3314.0,1.33,44.650000000000006,15.08,7.03,36.03,29.07,1.0,355.5,1200.0
59823.336,0.0,140.0,101.7,24.36,16.0,182.0,35.35,149.0,28.97,35.11,34.2,92.0,15.600000000000001,77.4,100.0,348.0,3308.0,1.3800000000000001,44.650000000000006,15.02,6.99,35.980000000000004,28.990000000000002,0.0,354.5,1200.0
59883.336,0.0,140.0,101.60000000000001,24.45,16.05,184.0,35.35,150.20000000000002,28.990000000000002,35.19,34.050000000000004,92.5,15.600000000000001,76.9,100.0,353.0,3314.0,1.48,44.6,14.98,7.0,36.0,28.94,0.0,351.5,1200.0
59943.336,0.0,140.0,103.80000000000001,24.37,15.98,184.0,35.300000000000004,149.5,29.01,35.21,34.1,91.0,15.600000000000001,77.2,100.0,352.0,3314.0,1.29,44.800000000000004,14.93,7.0200000000000005,35.97,29.05,1.0,353.0,1200.0
60003.336,0.0,140.0,101.10000000000001,24.38,15.99,184.0,35.35,149.20000000000002,28.91,35.2,34.25,92.0,15.65,77.10000000000001,99.9,352.5,3314.0,1.28,44.800000000000004,15.02,6.98,36.04,29.02,0.0,349.5,1200.0
60063.336,0.0,140.0,102.0,24.46,15.92,184.0,35.4,150.0,28.96,35.2,34.15,92.5,15.5,77.5,100.0,350.0,3311.0,1.29,44.650000000000006,15.06,7.04,36.06,28.990000000000002,0.0,348.5,1200.0
60123.336,0.0,140.0,100.60000000000001,24.490000000000002,16.03,181.0,35.300000000000004,148.9,28.92,35.24,34.050000000000004,92.0,15.600000000000001,77.7,99.80000000000001,354.0,3308.0,1.32,44.7,15.01,6.99,36.0,28.990000000000002,0.0,349.5,1200.0
60183.336,0.0,140.0,101.80000000000001,24.42,16.01,182.5,35.300000000000004,148.70000000000002,28.92,35.21,34.25,92.5,15.65,77.10000000000001,100.0,355.0,3312.0,1.28,44.7,14.97,7.01,36.08,29.01,2.0,349.0,1200.0
60243.336,0.0,140.0,102.60000000000001,24.38,16.0,182.5,35.25,150.0,28.97,35.14,34.15,90.5,15.55,77.0,99.7,350.0,3308.0,1.47,44.800000000000004,14.96,6.94,36.01,29.01,0.0,352.0,1200.0
60303.336,0.0,140.0,102.30000000000001,24.41,15.94,182.0,35.4,150.9,28.97,35.21,34.2,91.0,15.4,76.7,100.0,350.0,3307.0,1.31,44.800000000000004,14.99,6.98,35.980000000000004,29.01,1.0,350.5,1200.0
60363.336,0.0,140.0,101.5,24.330000000000002,15.94,183.0,35.25,148.9,28.95,35.17,34.15,91.5,15.700000000000001,76.7,99.7,352.5,3313.0,1.34,44.75,15.0,7.01,35.99,29.02,1.0,349.5,1200.0
60423.335,0.0,140.0,100.60000000000001,24.310000000000002,16.02,184.0,35.5,148.8,28.95,35.11,34.15,93.5,15.700000000000001,77.30000000000001,99.7,348.0,3307.0,1.36,44.6,14.91,6.97,35.980000000000004,28.97,0.0,353.5,1200.0
60483.335,0.0,140.0,102.2,24.310000000000002,16.07,183.0,35.4,147.8,28.96,35.230000000000004,34.15,94.0,15.700000000000001,76.5,99.5,349.0,3309.0,1.44,44.550000000000004,15.0,6.98,36.03,28.95,0.0,351.5,1200.0
60543.335,0.0,140.0,102.7,24.37,15.99,182.5,35.4,150.70000000000002,29.01,35.15,34.1,92.0,15.5,76.80000000000001,100.0,355.0,3306.0,1.35,44.6,15.02,7.03,36.050000000000004,28.98,0.0,349.5,1200.0
60603.335,0.0,140.0,100.7,24.35,15.96,183.0,35.4,146.9,28.900000000000002,35.17,34.050000000000004,94.0,15.55,76.2,100.0,351.5,3302.0,1.21,44.650000000000006,14.99,7.0600000000000005,35.94,28.89,0.0,345.5,1200.0
60663.335,0.0,140.0,100.10000000000001,24.34,15.9,184.0,35.300000000000004,147.5,29.01,35.29,34.25,93.0,15.700000000000001,77.2,99.4,353.0,3309.0,1.32,44.550000000000004,15.040000000000001,6.97,35.95,28.990000000000002,0.0,349.0,1200.0
60723.335,0.0,140.0,103.2,24.330000000000002,16.03,183.5,35.4,149.20000000000002,29.0,35.12,34.2,93.5,15.55,76.5,100.0,352.0,3303.0,1.47,44.6,15.06,7.01,35.980000000000004,28.93,0.0,350.0,1200.0
60783.335,0.0,140.0,103.60000000000001,24.39,15.97,183.0,35.35,148.3,28.98,35.25,34.0,92.0,15.600000000000001,76.5,99.9,351.0,3306.0,1.49,44.650000000000006,14.97,6.97,35.99,29.09,1.0,344.0,1200.0
60843.335,0.0,140.0,102.10000000000001,24.29,16.03,184.0,35.300000000000004,148.0,29.01,35.13,34.15,91.0,15.700000000000001,77.10000000000001,99.9,352.5,3305.0,1.49,44.550000000000004,14.99,6.98,36.07,29.09,0.0,352.0,1200.0
60903.335,0.0,140.0,102.7,24.28,16.02,182.5,35.45,149.20000000000002,28.91,35.24,34.25,92.0,15.55,76.80000000000001,100.0,345.5,3303.0,1.47,44.5,15.0,6.98,35.99,28.990000000000002,2.0,350.0,1200.0
60963.335,0.0,140.0,103.5,24.37,15.92,181.5,35.2,148.9,29.0,35.11,34.2,92.5,15.450000000000001,76.7,100.0,349.0,3303.0,1.48,44.650000000000006,14.96,7.01,35.910000000000004,28.85,1.0,349.5,1200.0
61023.334,0.0,140.0,101.5,24.36,15.97,184.0,35.4,148.4,29.0,35.11,34.050000000000004,94.0,15.55,77.0,100.0,348.0,3305.0,1.58,44.550000000000004,14.94,6.99,36.02,28.98,2.0,348.5,1200.0
61083.334,0.0,140.0,101.80000000000001,24.41,15.98,183.5,35.4,149.5,28.94,35.22,34.2,93.0,15.450000000000001,77.0,100.0,349.5,3304.0,1.3900000000000001,44.5,14.98,6.99,35.96,29.060000000000002,1.0,347.0,1200.0
61143.334,0.0,140.0,100.9,24.36,15.97,182.0,35.25,149.1,28.93,35.13,34.15,91.5,15.55,76.60000000000001,100.0,351.0,3302.0,1.47,44.5,14.99,6.97,35.92,28.98,0.0,347.5,1200.0
61203.334,0.0,140.0,102.2,24.35,15.91,181.5,35.15,150.8,28.89,35.08,34.2,93.0,15.55,76.4,100.0,350.5,3306.0,1.3900000000000001,44.6,14.99,6.97,35.96,29.03,0.0,351.5,1200.0
61263.334,0.0,140.0,100.9,24.36,15.97,182.5,35.45,149.5,28.990000000000002,35.15,34.25,92.5,15.55,76.9,99.9,350.5,3298.0,1.42,44.550000000000004,15.0,6.99,35.910000000000004,28.95,0.0,351.0,1200.0
61323.334,0.0,140.0,99.7,24.41,15.98,182.0,35.35,148.1,28.87,35.13,34.25,93.5,15.600000000000001,76.4,99.9,351.5,3303.0,1.58,44.550000000000004,15.01,7.0600000000000005,36.04,29.04,2.0,353.5,1200.0
61383.334,0.0,140.0,102.80000000000001,24.35,16.01,183.5,35.300000000000004,149.4,28.91,35.13,34.25,92.0,15.600000000000001,77.0,100.0,350.0,3303.0,1.32,44.550000000000004,14.99,7.01,36.02,29.04,1.0,347.5,1200.0
61443.334,0.0,140.0,103.10000000000001,24.36,16.0,182.0,35.35,148.3,28.87,35.28,34.15,91.0,15.55,77.0,100.0,352.0,3304.0,1.4000000000000001,44.5,14.96,7.0200000000000005,35.97,28.990000000000002,1.0,348.5,1200.0
61503.334,0.0,140.0,102.60000000000001,24.29,15.91,184.0,35.35,149.6,28.87,35.09,34.15,91.5,15.4,76.7,99.5,346.5,3303.0,1.32,44.45,14.99,6.97,36.03,28.97,0.0,345.5,1200.0
61563.334,0.0,140.0,101.80000000000001,24.37,15.92,183.0,35.300000000000004,149.3,28.88,35.1,34.1,93.0,15.600000000000001,77.4,99.80000000000001,344.0,3305.0,1.3800000000000001,44.5,14.97,7.03,36.06,28.98,1.0,347.0,1200.0
61623.334,0.0,140.0,102.4,24.34,15.950000000000001,180.5,35.25,148.9,28.88,35.07,34.1,93.0,15.700000000000001,76.7,100.0,348.5,3301.0,1.3,44.45,14.96,7.01,36.0,28.97,0.0,346.5,1200.0
61683.333,0.0,140.0,101.10000000000001,24.35,15.97,180.5,35.4,148.9,29.060000000000002,34.980000000000004,34.1,92.0,15.65,76.80000000000001,100.0,349.5,3303.0,1.36,44.5,15.030000000000001,7.0,36.0,29.060000000000002,0.0,349.5,1200.0
61743.333,0.0,140.0,102.2,24.32,15.950000000000001,181.5,35.45,149.1,28.97,35.14,34.15,93.5,15.65,76.9,99.80000000000001,353.0,3291.0,1.37,44.400000000000006,14.99,6.99,35.980000000000004,28.990000000000002,0.0,345.0,1200.0
61803.333,0.0,140.0,103.10000000000001,24.35,15.97,182.5,35.2,148.8,28.95,35.06,34.050000000000004,91.0,15.65,76.2,99.80000000000001,348.0,3292.0,1.45,44.5,14.92,6.97,35.910000000000004,28.97,0.0,348.0,1200.0
61863.333,0.0,140.0,101.80000000000001,24.310000000000002,15.99,181.5,35.15,150.6,28.830000000000002,35.07,34.1,92.0,15.75,76.5,100.0,347.0,3294.0,1.37,44.45,14.97,6.96,36.02,28.94,2.0,347.0,1200.0
61923.333,0.0,140.0,101.9,24.36,15.950000000000001,182.0,35.25,150.20000000000002,28.88,35.07,34.1,89.5,15.600000000000001,76.60000000000001,100.0,346.5,3291.0,1.49,44.5,14.97,7.0,36.03,28.98,0.0,350.5,1200.0
61983.333,0.0,140.0,101.5,24.32,16.02,183.0,35.1,149.4,28.92,35.1,34.050000000000004,90.5,15.600000000000001,77.2,100.0,347.0,3298.0,1.3900000000000001,44.400000000000006,15.02,7.01,36.03,28.94,1.0,347.5,1200.0
62043.333,0.0,140.0,102.5,24.32,15.98,182.0,35.25,147.4,28.900000000000002,35.050000000000004,34.050000000000004,93.5,15.700000000000001,76.3,99.9,351.5,3298.0,1.5,44.35,14.98,7.03,36.04,29.060000000000002,1.0,348.0,1200.0
62103.333,0.0,140.0,103.30000000000001,24.35,15.950000000000001,183.0,35.2,148.0,28.810000000000002,35.12,34.15,90.5,15.75,76.7,100.0,350.5,3295.0,1.41,44.300000000000004,15.06,6.95,35.94,29.05,0.0,347.5,1200.0
62163.333,0.0,140.0,103.2,24.38,15.97,181.0,35.35,150.0,29.02,35.09,34.2,93.5,15.700000000000001,76.5,99.7,345.0,3294.0,1.23,44.45,14.96,7.07,35.980000000000004,28.96,0.0,347.0,1200.0
62223.333,0.0,140.0,102.0,24.3,16.01,183.0,35.35,149.9,28.900000000000002,35.0,34.15,91.5,15.8,76.3,100.0,349.0,3296.0,1.33,44.300000000000004,15.0,7.0,35.96,28.89,0.0,345.0,1200.0
62283.332,0.0,140.0,101.9,24.37,15.950000000000001,185.0,35.35,148.9,28.87,35.08,34.2,92.0,15.65,77.4,99.9,345.0,3298.0,1.41,44.25,14.97,6.99,35.99,29.02,1.0,343.0,1200.0
62343.332,0.0,140.0,103.2,24.36,16.04,182.5,35.25,148.4,28.89,34.980000000000004,34.050000000000004,92.0,15.600000000000001,76.5,99.80000000000001,345.0,3289.0,1.37,44.35,15.06,7.04,36.08,29.02,1.0,341.0,1200.0
62403.332,0.0,140.0,102.5,24.32,16.02,182.0,35.25,148.4,28.96,35.04,34.1,92.0,15.55,76.60000000000001,100.0,344.0,3290.0,1.33,44.45,15.0,7.05,36.06,28.98,0.0,351.5,1200.0
62463.332,0.0,140.0,101.9,24.310000000000002,16.05,181.5,35.300000000000004,148.9,28.89,35.04,34.1,94.0,15.55,77.10000000000001,100.0,347.5,3297.0,1.4000000000000001,44.400000000000006,15.02,7.01,36.04,28.96,2.0,346.5,1200.0
62523.332,0.0,140.0,102.60000000000001,24.310000000000002,16.02,183.5,35.15,148.4,28.95,35.08,34.050000000000004,93.0,15.600000000000001,76.80000000000001,99.9,347.5,3294.0,1.53,44.35,15.040000000000001,7.0200000000000005,35.97,28.990000000000002,4.0,347.5,1200.0
62583.332,0.0,140.0,101.60000000000001,24.38,16.0,183.5,35.1,148.1,28.810000000000002,35.04,34.050000000000004,92.0,15.850000000000001,76.4,100.0,346.5,3298.0,1.37,44.400000000000006,15.02,7.08,35.97,28.94,0.0,347.0,1200.0
62643.332,0.0,140.0,101.60000000000001,24.36,16.03,180.5,35.25,148.0,28.900000000000002,35.1,34.1,91.5,15.700000000000001,76.4,99.80000000000001,349.5,3296.0,1.22,44.35,14.950000000000001,7.0200000000000005,36.0,28.990000000000002,1.0,345.5,1200.0
62703.332,0.0,140.0,101.30000000000001,24.37,16.05,181.0,35.2,147.0,28.900000000000002,35.07,34.2,90.0,15.65,76.80000000000001,99.60000000000001,344.5,3293.0,1.46,44.45,15.01,7.01,35.92,28.94,1.0,346.5,1200.0
62763.332,0.0,140.0,102.60000000000001,24.38,16.04,182.0,35.35,151.5,28.830000000000002,35.09,34.1,92.0,15.65,77.2,100.0,346.5,3294.0,1.47,44.35,15.01,7.05,36.04,28.96,0.0,344.0,1200.0
62823.332,0.0,140.0,100.30000000000001,24.3,15.98,184.5,35.45,149.0,28.810000000000002,35.08,34.0,92.5,15.75,76.5,99.5,347.5,3299.0,1.3900000000000001,44.35,14.99,7.0,36.01,29.0,0.0,346.0,1200.0
62883.332,0.0,140.0,102.0,24.34,16.02,181.0,35.25,149.70000000000002,28.92,35.12,34.050000000000004,92.0,15.600000000000001,76.5,100.0,346.0,3297.0,1.36,44.300000000000004,14.98,7.0200000000000005,36.0,28.990000000000002,2.0,350.0,1200.0
62943.331,0.0,140.0,101.80000000000001,24.3,16.0,180.5,35.25,149.0,28.89,35.18,34.2,92.5,15.5,76.7,99.80000000000001,348.0,3297.0,1.28,44.25,14.99,6.99,36.01,28.97,1.0,345.5,1200.0
63003.331,0.0,140.0,100.5,24.37,15.950000000000001,181.5,35.35,148.8,28.93,35.11,34.1,93.0,15.600000000000001,77.10000000000001,100.0,349.5,3296.0,1.31,44.25,15.02,7.08,35.95,28.96,2.0,346.0,1200.0
63063.331,0.0,140.0,101.0,24.29,16.01,183.5,35.15,150.0,29.01,35.07,34.050000000000004,91.5,15.600000000000001,77.0,100.0,351.5,3297.0,1.43,44.45,15.07,6.99,36.02,29.080000000000002,1.0,345.5,1200.0
63123.331,0.0,140.0,102.30000000000001,24.39,15.98,183.0,35.35,150.3,28.91,35.12,34.15,92.5,15.600000000000001,76.9,100.0,343.0,3296.0,1.33,44.35,15.02,7.04,36.0,29.0,0.0,346.0,1200.0
63183.331,0.0,140.0,99.4,24.35,15.99,182.5,35.2,147.6,28.88,35.04,34.1,92.5,15.55,76.9,99.5,344.5,3293.0,1.36,44.300000000000004,15.05,7.0200000000000005,36.03,29.01,3.0,344.0,1200.0
63243.331,0.0,140.0,101.60000000000001,24.38,15.99,180.5,35.35,147.8,28.89,34.96,34.25,91.0,15.55,76.60000000000001,100.0,346.0,3298.0,1.42,44.35,15.040000000000001,7.01,35.95,28.96,0.0,343.0,1200.0
63303.331,0.0,140.0,102.80000000000001,24.41,15.97,181.5,35.25,146.8,28.84,35.04,34.2,94.0,15.5,76.2,100.0,346.0,3292.0,1.48,44.150000000000006,15.040000000000001,7.03,35.94,29.060000000000002,0.0,348.5,1200.0
63363.331,0.0,140.0,100.10000000000001,24.38,15.93,182.5,35.2,149.20000000000002,28.92,35.050000000000004,34.1,92.5,15.700000000000001,76.3,100.0,347.0,3292.0,1.46,44.400000000000006,15.02,7.0,35.97,29.05,2.0,345.5,1200.0
63423.331,0.0,140.0,103.60000000000001,24.37,15.97,183.5,35.2,150.3,28.810000000000002,35.050000000000004,33.9,87.5,15.55,77.0,100.0,347.0,3295.0,1.26,44.25,14.98,7.0,36.02,29.04,0.0,344.5,1200.0
63483.331,0.0,140.0,102.4,24.3,15.98,180.0,35.25,149.3,28.830000000000002,35.0,34.050000000000004,92.5,15.75,77.2,99.9,348.5,3295.0,1.61,44.400000000000006,14.98,6.98,36.0,28.95,0.0,345.5,1200.0
63543.331,0.0,140.0,103.80000000000001,24.42,16.03,181.5,35.2,148.8,28.79,35.03,34.050000000000004,90.5,15.8,76.9,100.0,344.5,3287.0,1.42,44.2,15.05,7.03,35.980000000000004,29.05,0.0,351.5,1200.0
63603.33,0.0,140.0,101.60000000000001,24.41,15.99,179.5,35.0,147.3,28.8,34.93,34.050000000000004,93.0,15.65,77.0,100.0,344.5,3293.0,1.26,44.300000000000004,15.030000000000001,6.97,36.0,29.02,1.0,348.5,1200.0
63663.33,0.0,140.0,101.60000000000001,24.3,16.0,181.0,35.2,148.8,28.810000000000002,34.99,34.050000000000004,89.0,15.75,76.60000000000001,100.0,344.5,3286.0,1.42,44.25,14.97,7.01,35.94,28.96,0.0,347.5,1200.0
63723.33,0.0,140.0,103.60000000000001,24.37,15.97,181.0,35.15,148.70000000000002,28.82,35.02,33.95,94.5,15.55,76.80000000000001,100.0,343.5,3288.0,1.32,44.25,15.030000000000001,6.99,36.07,28.98,0.0,352.0,1200.0
63783.33,0.0,140.0,101.0,24.41,15.96,180.5,35.25,146.6,28.810000000000002,34.96,34.050000000000004,90.5,15.55,76.60000000000001,100.0,350.5,3292.0,1.44,44.35,15.030000000000001,6.96,35.97,28.95,0.0,348.5,1200.0
63843.33,0.0,140.0,102.4,24.34,16.01,179.0,35.25,148.4,28.84,34.85,33.95,91.5,15.65,76.9,100.0,350.0,3287.0,1.21,44.300000000000004,15.0,7.01,36.0,29.0,0.0,348.5,1200.0
63903.33,0.0,140.0,101.5,24.35,16.05,182.0,35.15,150.0,28.87,35.02,33.95,93.0,15.600000000000001,76.4,100.0,346.0,3290.0,1.33,44.2,15.030000000000001,6.96,35.99,28.95,1.0,345.0,1200.0
63963.33,0.0,140.0,102.30000000000001,24.37,15.97,181.0,35.15,147.6,28.79,35.01,33.95,90.5,15.600000000000001,77.0,100.0,341.5,3290.0,1.27,44.300000000000004,15.040000000000001,6.97,36.06,29.12,0.0,346.5,1200.0
64023.33,0.0,140.0,101.60000000000001,24.41,15.950000000000001,182.0,35.2,147.8,28.84,35.11,34.0,93.5,15.700000000000001,76.9,100.0,345.5,3294.0,1.47,44.25,15.05,7.04,35.980000000000004,29.03,0.0,346.5,1200.0
64083.33,0.0,140.0,101.10000000000001,24.34,16.0,181.5,35.25,149.6,28.8,35.0,34.15,94.5,15.65,76.80000000000001,99.7,349.0,3294.0,1.28,44.35,14.99,7.03,35.980000000000004,29.02,0.0,344.0,1200.0
64143.33,0.0,140.0,101.7,24.43,16.01,183.0,35.35,148.5,28.85,34.980000000000004,34.050000000000004,92.0,15.600000000000001,76.80000000000001,99.7,349.0,3296.0,1.37,44.150000000000006,15.02,7.05,35.97,28.98,0.0,344.5,1200.0
64203.33,0.0,140.0,100.30000000000001,24.3,16.05,183.0,35.050000000000004,149.0,28.86,35.0,34.050000000000004,93.0,15.700000000000001,76.5,99.60000000000001,342.5,3296.0,1.3800000000000001,44.400000000000006,14.96,7.08,36.02,28.990000000000002,0.0,346.0,1200.0
64263.33,0.0,140.0,102.0,24.37,15.950000000000001,180.5,35.15,149.8,28.91,34.97,34.15,92.5,15.65,77.10000000000001,99.9,348.5,3292.0,1.3800000000000001,44.150000000000006,15.030000000000001,7.03,36.0,29.0,2.0,348.5,1200.0
64323.329,0.0,140.0,102.0,24.35,16.0,184.5,35.15,148.0,28.91,35.02,34.15,92.5,15.600000000000001,77.0,99.9,341.0,3292.0,1.32,44.300000000000004,15.030000000000001,7.01,35.94,29.02,1.0,343.5,1200.0
64383.329,0.0,140.0,102.2,24.42,15.98,184.5,35.15,148.6,28.86,35.0,34.1,91.5,15.55,76.4,99.9,347.0,3292.0,1.58,44.400000000000006,14.99,6.99,35.980000000000004,28.88,0.0,345.0,1200.0
64443.329,0.0,140.0,101.9,24.330000000000002,15.94,180.5,35.35,148.4,28.87,35.050000000000004,33.9,93.0,15.65,76.7,100.0,349.0,3292.0,1.35,44.150000000000006,14.950000000000001,7.04,36.07,29.04,2.0,348.0,1200.0
64503.329,0.0,140.0,102.2,24.36,16.03,181.0,35.1,147.8,28.810000000000002,34.97,34.0,90.5,15.600000000000001,76.7,99.30000000000001,345.5,3294.0,1.48,44.2,14.98,7.0,36.07,28.97,1.0,346.0,1200.0
64563.329,0.0,140.0,102.7,24.34,16.09,181.0,35.2,148.9,28.76,34.910000000000004,33.95,93.5,15.65,76.60000000000001,99.9,343.0,3292.0,1.35,44.25,14.99,7.01,35.99,29.03,1.0,343.0,1200.0
64623.329,0.0,140.0,101.7,24.36,15.92,183.0,35.050000000000004,148.6,28.87,35.01,33.95,92.0,15.450000000000001,76.7,100.0,343.5,3291.0,1.51,44.25,15.01,6.92,35.95,29.03,0.0,346.0,1200.0
64683.329,0.0,140.0,102.30000000000001,24.3,16.0,181.0,35.15,149.8,28.76,34.96,33.95,91.5,15.600000000000001,76.7,100.0,343.5,3285.0,1.44,44.050000000000004,15.01,7.0,36.03,28.94,2.0,347.0,1200.0
64743.329,0.0,140.0,102.0,24.310000000000002,16.0,180.0,35.0,148.20000000000002,28.82,34.910000000000004,33.95,93.0,15.450000000000001,76.80000000000001,100.0,340.5,3285.0,1.25,43.95,15.030000000000001,6.99,35.9,28.94,0.0,346.0,1200.0
64803.329,0.0,140.0,102.2,24.28,16.080000000000002,182.0,35.1,149.5,28.75,34.83,34.050000000000004,92.5,15.55,76.3,100.0,348.5,3283.0,1.43,44.1,15.01,7.0600000000000005,36.03,28.91,1.0,345.5,1200.0
64863.329,0.0,140.0,101.9,24.310000000000002,15.99,183.0,35.2,148.8,28.78,35.01,33.9,93.0,15.55,76.2,100.0,339.0,3281.0,1.3800000000000001,44.050000000000004,15.01,6.98,36.07,28.990000000000002,0.0,343.0,1200.0
64923.329,0.0,140.0,102.4,24.25,15.96,180.0,35.15,148.6,28.830000000000002,34.9,33.95,92.0,15.600000000000001,76.4,100.0,348.0,3283.0,1.44,44.2,15.040000000000001,6.91,36.01,28.98,0.0,344.5,1200.0
64983.328,0.0,140.0,100.7,24.3,15.98,180.5,35.15,148.8,28.76,34.95,34.0,89.5,15.600000000000001,76.60000000000001,99.80000000000001,343.5,3284.0,1.42,44.25,15.030000000000001,6.91,35.96,28.96,1.0,343.5,1200.0
65043.328,0.0,140.0,101.2,24.28,15.94,182.0,35.25,148.9,28.82,34.99,33.95,91.0,15.65,76.60000000000001,99.7,341.0,3281.0,1.41,44.0,14.99,7.0200000000000005,35.95,28.93,1.0,343.5,1200.0
65103.328,0.0,140.0,103.10000000000001,24.310000000000002,15.93,184.5,35.1,150.70000000000002,28.79,34.97,34.0,93.0,15.600000000000001,76.80000000000001,100.0,347.0,3277.0,1.47,44.1,15.02,7.0,35.97,28.990000000000002,1.0,341.0,1200.0
65163.328,0.0,140.0,104.0,24.28,16.02,184.0,34.9,149.0,28.78,34.92,34.1,93.5,15.600000000000001,76.60000000000001,100.0,341.0,3277.0,1.42,44.1,14.97,6.91,35.980000000000004,28.98,1.0,341.0,1200.0
65223.328,0.0,140.0,102.2,24.240000000000002,15.950000000000001,180.0,35.1,150.1,28.830000000000002,34.99,34.0,91.0,15.700000000000001,76.7,99.7,342.5,3278.0,1.3900000000000001,44.050000000000004,14.99,6.98,35.980000000000004,29.01,1.0,341.0,1200.0
65283.328,0.0,140.0,102.9,24.25,16.0,182.0,35.15,147.70000000000002,28.830000000000002,34.86,33.85,92.0,15.700000000000001,76.5,99.9,345.0,3281.0,1.42,43.95,14.98,7.03,36.0,29.080000000000002,0.0,342.0,1200.0
65343.328,0.0,140.0,103.30000000000001,24.39,15.99,184.0,35.1,149.0,28.71,34.84,34.0,92.0,15.700000000000001,76.60000000000001,100.0,340.0,3278.0,1.3900000000000001,43.95,15.05,7.03,36.0,28.98,0.0,339.0,1200.0
65403.328,0.0,140.0,101.0,24.240000000000002,15.98,181.0,34.95,149.70000000000002,28.76,34.89,33.9,92.5,15.600000000000001,76.5,99.80000000000001,339.0,3279.0,1.35,44.1,14.96,7.03,36.02,29.01,0.0,340.0,1200.0
65463.328,0.0,140.0,103.30000000000001,24.26,15.96,180.5,35.0,149.9,28.740000000000002,34.89,33.95,92.5,15.5,76.7,99.9,342.5,3285.0,1.54,44.1,14.94,7.0200000000000005,35.92,28.95,0.0,343.0,1200.0
65523.328,0.0,140.0,99.60000000000001,24.3,16.02,181.0,35.25,149.3,28.740000000000002,34.92,33.9,91.0,15.55,77.10000000000001,100.0,342.0,3281.0,1.56,44.0,15.030000000000001,6.95,35.97,28.900000000000002,0.0,343.0,1200.0
65583.328,0.0,140.0,102.10000000000001,24.37,16.01,179.5,34.95,148.4,28.810000000000002,34.95,34.050000000000004,90.5,15.600000000000001,76.60000000000001,100.0,346.0,3282.0,1.3800000000000001,44.050000000000004,14.96,7.03,35.95,28.990000000000002,0.0,341.5,1200.0
65643.327,0.0,140.0,103.30000000000001,24.37,15.98,181.0,35.050000000000004,149.70000000000002,28.77,34.87,33.9,93.5,15.75,76.9,99.9,339.5,3281.0,1.6300000000000001,44.050000000000004,15.0,7.0,36.01,28.900000000000002,2.0,344.0,1200.0
65703.327,0.0,140.0,101.80000000000001,24.35,16.01,180.0,35.1,149.1,28.78,34.95,33.9,91.5,15.600000000000001,77.0,99.7,343.5,3278.0,1.6,44.0,15.0,6.98,35.980000000000004,28.97,0.0,339.0,1200.0
65763.327,0.0,140.0,102.5,24.36,16.02,181.0,35.1,147.5,28.830000000000002,34.92,33.95,92.5,15.700000000000001,76.4,100.0,341.5,3286.0,1.4000000000000001,44.050000000000004,14.98,6.97,35.99,29.0,1.0,339.5,1200.0
65823.327,0.0,140.0,102.5,24.330000000000002,16.04,180.0,35.0,149.5,28.79,34.9,34.0,92.0,15.65,77.0,99.7,340.5,3278.0,1.3900000000000001,43.95,15.0,6.99,35.980000000000004,29.12,3.0,343.0,1200.0
65883.327,0.0,140.0,100.80000000000001,24.27,15.93,183.0,35.0,148.8,28.73,34.95,33.85,91.5,15.75,77.10000000000001,99.80000000000001,345.5,3286.0,1.44,44.050000000000004,14.94,6.95,36.03,28.93,2.0,347.5,1200.0
65943.327,0.0,140.0,102.30000000000001,24.29,15.94,181.5,35.050000000000004,150.3,28.78,34.88,34.0,92.0,15.600000000000001,76.80000000000001,99.9,340.5,3284.0,1.3900000000000001,43.95,15.02,7.01,36.07,29.060000000000002,2.0,347.0,1200.0
66003.327,0.0,140.0,101.2,24.38,16.02,179.0,35.1,148.8,28.67,34.83,33.85,92.5,15.65,76.7,100.0,341.0,3282.0,1.34,44.050000000000004,15.030000000000001,6.96,35.96,28.96,2.0,343.5,1200.0
66063.327,0.0,140.0,99.4,24.330000000000002,15.96,182.5,35.050000000000004,147.9,28.75,34.84,34.050000000000004,94.5,15.75,76.60000000000001,100.0,345.5,3282.0,1.3900000000000001,44.1,15.06,6.95,35.94,28.98,0.0,346.5,1200.0
66123.327,0.0,140.0,104.5,24.34,15.94,181.0,35.050000000000004,150.3,28.79,34.95,33.95,92.0,15.8,76.4,100.0,338.5,3281.0,1.34,43.900000000000006,14.93,7.0200000000000005,35.99,28.990000000000002,0.0,342.0,1200.0
66183.327,0.0,140.0,101.30000000000001,24.240000000000002,15.98,182.0,35.2,148.9,28.78,34.87,34.050000000000004,93.5,15.55,76.60000000000001,100.0,341.0,3284.0,1.36,44.1,14.99,7.0,36.01,29.0,0.0,341.0,1200.0
66243.327,0.0,140.0,101.7,24.36,15.94,180.5,35.1,149.3,28.75,34.910000000000004,34.1,90.5,15.55,76.9,99.9,344.0,3285.0,1.3800000000000001,43.95,14.98,7.01,36.02,29.0,2.0,342.0,1200.0
66303.327,0.0,140.0,101.80000000000001,24.3,15.98,179.5,35.15,149.6,28.79,34.92,34.1,90.5,15.5,76.80000000000001,100.0,340.5,3277.0,1.37,44.0,15.0,7.05,36.03,28.95,0.0,341.5,1200.0
66363.326,0.0,140.0,101.9,24.3,16.0,179.5,35.050000000000004,148.5,28.830000000000002,34.910000000000004,34.050000000000004,91.5,15.55,76.3,99.4,344.5,3285.0,1.5,44.0,14.98,6.99,36.0,28.990000000000002,1.0,344.0,1200.0
66423.326,0.0,140.0,103.0,24.34,16.03,179.0,35.2,148.0,28.78,34.85,34.050000000000004,93.5,15.55,76.60000000000001,99.9,345.5,3279.0,1.57,43.95,15.0,7.0600000000000005,36.03,28.95,1.0,349.5,1200.0
66483.326,0.0,140.0,102.5,24.330000000000002,15.94,180.5,35.15,148.9,28.75,34.88,34.0,91.5,15.600000000000001,76.80000000000001,99.9,338.0,3283.0,1.34,43.95,14.97,7.07,35.93,29.04,0.0,337.5,1200.0
66543.326,0.0,140.0,102.30000000000001,24.240000000000002,15.97,181.5,35.2,149.6,28.830000000000002,34.88,34.0,91.0,15.5,76.60000000000001,100.0,344.0,3276.0,1.41,44.1,14.96,7.03,36.01,29.01,0.0,346.5,1200.0
66603.326,0.0,140.0,101.9,24.310000000000002,15.97,180.5,35.2,148.9,28.79,34.9,34.0,92.5,15.55,76.2,99.9,343.0,3280.0,1.52,44.050000000000004,14.96,6.95,36.03,28.94,0.0,342.0,1200.0
66663.326,0.0,140.0,102.2,24.32,15.92,181.0,35.1,148.20000000000002,28.79,34.910000000000004,33.95,91.5,15.75,76.3,99.4,342.5,3276.0,1.4000000000000001,44.050000000000004,15.030000000000001,7.04,35.97,29.03,2.0,344.5,1200.0
66723.326,0.0,140.0,103.2,24.29,15.93,181.0,35.1,149.1,28.810000000000002,34.95,34.1,93.0,15.600000000000001,76.4,99.80000000000001,342.5,3276.0,1.3900000000000001,43.95,15.02,6.97,36.1,29.02,0.0,342.5,1200.0
66783.326,0.0,140.0,100.9,24.36,15.950000000000001,183.0,35.1,149.20000000000002,28.75,34.97,34.1,93.5,15.5,76.60000000000001,99.9,341.5,3278.0,1.57,43.900000000000006,14.9,7.04,36.15,29.05,1.0,341.5,1200.0
66843.326,0.0,140.0,102.10000000000001,24.310000000000002,16.02,181.0,35.1,149.9,28.84,35.03,34.050000000000004,93.5,15.65,77.0,100.0,346.0,3285.0,1.52,44.050000000000004,15.01,7.0,35.96,29.04,0.0,344.0,1200.0
66903.326,0.0,140.0,101.30000000000001,24.310000000000002,16.01,181.5,35.1,149.1,28.79,34.87,34.050000000000004,92.5,15.700000000000001,76.3,100.0,341.0,3279.0,1.51,44.050000000000004,15.01,7.1000000000000005,36.01,28.95,0.0,345.5,1200.0
66963.326,0.0,140.0,102.9,24.32,15.93,181.5,35.25,149.0,28.88,34.99,34.0,91.0,15.700000000000001,76.9,100.0,345.5,3283.0,1.47,44.0,14.98,7.03,36.02,28.92,0.0,344.0,1200.0
67023.326,0.0,140.0,100.9,24.310000000000002,15.99,181.0,35.15,149.1,28.97,35.03,33.95,91.0,15.65,76.5,100.0,341.0,3283.0,1.57,43.95,15.040000000000001,6.93,36.0,29.09,0.0,341.0,1200.0
67083.325,0.0,140.0,102.30000000000001,24.21,16.02,181.5,35.2,148.9,28.84,35.02,33.95,92.0,15.5,76.80000000000001,100.0,340.0,3287.0,1.33,44.1,15.030000000000001,6.99,36.04,29.02,0.0,344.0,1200.0
67143.325,0.0,140.0,101.30000000000001,24.34,16.0,181.0,35.1,149.5,28.93,34.96,33.95,91.5,15.65,76.7,99.80000000000001,342.0,3279.0,1.33,44.150000000000006,15.040000000000001,7.1000000000000005,35.94,28.95,0.0,340.5,1200.0
67203.325,0.0,140.0,101.7,24.38,16.0,181.5,35.25,148.9,28.84,35.03,34.15,91.0,15.700000000000001,76.7,100.0,341.0,3284.0,1.49,44.0,15.040000000000001,6.98,35.97,28.96,2.0,346.5,1200.0
67263.325,0.0,140.0,101.2,24.310000000000002,15.96,184.0,35.300000000000004,149.1,28.900000000000002,35.03,34.1,89.0,15.700000000000001,76.10000000000001,99.7,344.5,3286.0,1.24,44.1,14.98,7.0,35.980000000000004,29.05,2.0,344.5,1200.0
67323.325,0.0,140.0,103.10000000000001,24.34,16.01,183.5,35.25,148.3,28.88,35.09,34.0,93.5,15.65,76.2,100.0,341.0,3286.0,1.44,44.1,15.01,6.98,36.0,28.93,0.0,350.5,1200.0
67383.325,0.0,140.0,102.4,24.3,15.950000000000001,183.5,35.15,148.4,28.94,35.01,34.15,90.0,15.65,76.80000000000001,100.0,345.5,3282.0,1.51,44.050000000000004,15.02,6.95,36.0,29.05,3.0,344.5,1200.0
67443.325,0.0,140.0,102.30000000000001,24.27,16.04,183.0,35.300000000000004,147.0,28.93,35.1,34.050000000000004,90.5,15.700000000000001,76.10000000000001,99.80000000000001,345.5,3287.0,1.37,44.2,14.950000000000001,7.09,36.0,28.97,0.0,346.5,1200.0
67503.325,0.0,140.0,101.10000000000001,24.310000000000002,15.98,184.0,35.25,146.9,28.900000000000002,35.02,34.0,93.5,15.65,76.3,100.0,342.0,3283.0,1.45,44.0,15.05,6.99,36.050000000000004,29.01,0.0,345.0,1200.0
67563.325,0.0,140.0,100.30000000000001,24.27,15.98,183.5,35.300000000000004,148.4,28.990000000000002,35.07,34.15,93.5,15.700000000000001,76.4,99.9,349.0,3285.0,1.35,44.050000000000004,14.950000000000001,7.0200000000000005,35.94,29.0,0.0,343.5,1200.0
67623.325,0.0,140.0,102.2,24.22,15.97,183.0,35.300000000000004,149.5,28.900000000000002,35.14,34.2,90.5,15.700000000000001,76.4,100.0,347.5,3288.0,1.25,44.1,15.01,6.99,36.09,28.95,2.0,343.0,1200.0
67683.325,0.0,140.0,101.9,24.310000000000002,15.99,184.0,35.35,148.1,29.0,35.03,34.1,93.5,15.55,75.8,100.0,346.5,3284.0,1.16,44.0,14.97,6.99,35.97,29.05,1.0,344.0,1200.0
67743.325,0.0,140.0,101.60000000000001,24.36,16.03,181.5,35.25,147.9,29.0,35.050000000000004,34.15,92.0,15.600000000000001,76.0,99.30000000000001,347.0,3284.0,1.3900000000000001,44.1,14.99,7.08,36.01,28.95,0.0,344.0,1200.0
67803.324,0.0,140.0,101.2,24.38,15.96,184.0,35.25,149.6,29.02,35.08,34.2,91.5,15.5,76.3,100.0,342.5,3284.0,1.51,44.2,15.040000000000001,6.99,36.04,29.02,0.0,345.5,1200.0
67863.324,0.0,140.0,102.9,24.240000000000002,16.06,185.0,35.25,148.70000000000002,28.96,35.15,34.15,93.0,15.55,76.2,100.0,344.0,3286.0,1.43,44.150000000000006,15.08,7.0,35.980000000000004,29.01,0.0,343.0,1200.0
67923.324,0.0,140.0,101.9,24.3,15.950000000000001,181.5,35.25,149.70000000000002,28.96,35.17,34.2,91.5,15.65,75.8,99.7,347.0,3288.0,1.47,44.150000000000006,14.98,6.94,36.08,28.91,2.0,346.0,1200.0
67983.324,0.0,140.0,100.60000000000001,24.34,16.0,183.5,35.35,148.5,29.01,35.230000000000004,34.1,93.0,15.600000000000001,75.8,100.0,348.0,3283.0,1.5,44.050000000000004,15.07,6.94,35.97,28.990000000000002,0.0,342.5,1200.0
68043.324,0.0,140.0,102.7,24.240000000000002,16.01,182.5,35.15,149.70000000000002,28.94,35.2,34.1,92.0,15.65,75.9,100.0,343.0,3285.0,1.41,44.0,14.98,7.01,36.02,29.05,0.0,343.5,1200.0
68103.324,0.0,140.0,102.7,24.26,16.0,181.5,35.2,148.70000000000002,29.07,35.050000000000004,34.15,93.5,15.600000000000001,75.9,99.4,345.5,3285.0,1.12,44.1,15.030000000000001,7.0,36.03,29.01,1.0,347.5,1200.0
68163.324,0.0,140.0,100.5,24.23,15.98,181.5,35.25,148.4,28.91,35.09,34.2,91.0,15.600000000000001,75.8,99.80000000000001,340.5,3287.0,1.43,44.25,14.98,7.01,36.06,28.98,0.0,346.0,1200.0
68223.324,0.0,140.0,102.0,24.25,15.91,183.5,35.35,149.70000000000002,28.96,35.18,34.15,92.0,15.700000000000001,75.8,100.0,350.5,3282.0,1.4000000000000001,44.2,15.040000000000001,7.04,36.02,29.0,0.0,347.5,1200.0
68283.324,0.0,140.0,101.10000000000001,24.3,15.97,182.0,35.45,149.20000000000002,29.14,35.17,34.050000000000004,92.5,15.600000000000001,76.0,99.9,347.5,3287.0,1.3800000000000001,44.25,15.0,6.97,35.910000000000004,29.03,0.0,346.5,1200.0
68343.324,0.0,140.0,101.60000000000001,24.310000000000002,15.97,183.5,35.45,149.1,29.080000000000002,35.08,34.25,92.5,15.5,75.8,100.0,343.5,3283.0,1.35,44.35,14.97,7.01,36.050000000000004,29.060000000000002,0.0,344.0,1200.0
68403.324,0.0,140.0,102.5,24.310000000000002,16.01,182.5,35.4,150.20000000000002,29.1,35.15,34.2,91.5,15.700000000000001,75.5,100.0,348.5,3284.0,1.44,44.150000000000006,15.01,7.04,36.04,29.0,0.0,346.5,1200.0
68463.324,0.0,140.0,101.80000000000001,24.29,16.0,183.5,35.300000000000004,150.4,29.12,35.1,34.2,92.5,15.600000000000001,75.8,100.0,344.0,3285.0,1.44,44.1,14.97,7.0,36.0,29.04,0.0,344.0,1200.0
68523.324,0.0,140.0,103.30000000000001,24.330000000000002,15.98,180.5,35.300000000000004,150.1,28.990000000000002,35.26,34.15,90.0,15.5,75.7,100.0,347.0,3281.0,1.44,44.25,15.0,7.0,35.93,28.93,0.0,344.5,1200.0
68583.323,0.0,140.0,103.60000000000001,24.310000000000002,15.93,182.0,35.300000000000004,148.1,28.96,35.1,34.1,95.0,15.700000000000001,76.10000000000001,99.80000000000001,344.0,3285.0,1.44,44.150000000000006,15.0,7.0,36.03,29.05,0.0,342.0,1200.0
68643.323,0.0,140.0,102.30000000000001,24.240000000000002,16.080000000000002,184.0,35.300000000000004,149.3,29.0,35.2,34.15,90.5,15.700000000000001,76.5,100.0,348.0,3285.0,1.45,44.1,14.96,7.0,36.050000000000004,28.91,0.0,346.5,1200.0
68703.323,0.0,140.0,102.0,24.35,15.98,183.5,35.25,148.9,29.04,35.26,34.1,92.5,15.5,76.7,99.60000000000001,352.5,3289.0,1.32,44.2,15.040000000000001,6.99,36.02,29.02,0.0,348.0,1200.0
68763.323,0.0,140.0,100.60000000000001,24.35,16.02,182.5,35.35,149.4,29.02,35.19,34.2,92.5,15.700000000000001,75.9,99.5,342.5,3290.0,1.47,44.1,15.06,6.96,36.06,28.94,2.0,343.5,1200.0
68823.323,0.0,140.0,100.7,24.240000000000002,16.0,181.0,35.35,148.4,28.94,35.1,34.2,90.5,15.65,76.10000000000001,100.0,344.5,3288.0,1.29,44.300000000000004,14.950000000000001,7.03,36.0,29.060000000000002,0.0,344.0,1200.0
68883.323,0.0,140.0,103.2,24.330000000000002,16.01,181.5,35.300000000000004,149.1,29.0,35.14,34.1,93.5,15.600000000000001,76.80000000000001,100.0,345.5,3286.0,1.37,44.25,14.98,7.01,35.99,29.04,2.0,345.0,1200.0
68943.323,0.0,140.0,102.10000000000001,24.38,15.97,183.5,35.300000000000004,148.4,29.0,35.07,34.050000000000004,93.0,15.55,76.2,100.0,346.0,3287.0,1.53,44.25,14.97,6.99,36.02,29.05,3.0,349.5,1200.0
69003.323,0.0,140.0,103.2,24.36,16.02,185.5,35.300000000000004,150.4,28.96,35.17,34.1,92.5,15.75,76.7,99.7,346.5,3292.0,1.34,44.300000000000004,15.01,6.99,36.0,29.04,0.0,344.5,1200.0
69063.323,0.0,140.0,100.9,24.29,16.01,184.5,35.25,149.3,29.01,35.14,34.1,93.0,15.700000000000001,76.5,99.5,348.5,3290.0,1.47,44.150000000000006,14.96,6.99,36.04,29.0,0.0,343.5,1200.0
69123.323,0.0,140.0,103.0,24.29,16.0,183.0,35.4,149.6,28.97,35.02,34.1,90.5,15.600000000000001,76.4,100.0,344.5,3288.0,1.3900000000000001,44.300000000000004,15.06,6.96,35.980000000000004,28.91,0.0,343.5,1200.0
69183.323,0.0,140.0,100.80000000000001,24.34,16.04,182.5,35.35,149.1,28.990000000000002,35.12,34.050000000000004,92.0,15.55,76.9,100.0,348.5,3292.0,1.5,44.35,14.98,7.0,35.95,28.98,0.0,348.0,1200.0
69243.323,0.0,140.0,102.60000000000001,24.330000000000002,15.98,182.5,35.300000000000004,149.5,28.89,35.18,34.050000000000004,95.5,15.55,76.4,99.80000000000001,347.0,3290.0,1.46,44.2,15.01,7.08,36.02,29.09,0.0,345.0,1200.0
69303.322,0.0,140.0,101.2,24.400000000000002,16.04,181.5,35.35,147.0,29.03,35.230000000000004,34.0,93.0,15.55,76.60000000000001,99.60000000000001,350.0,3289.0,1.43,44.25,14.99,7.01,36.0,29.02,0.0,346.5,1200.0
69363.322,0.0,140.0,103.0,24.42,16.02,181.0,35.4,149.1,28.900000000000002,34.99,34.1,91.0,15.600000000000001,77.0,100.0,352.5,3290.0,1.51,44.35,14.93,6.95,36.01,28.990000000000002,2.0,344.5,1200.0
69423.322,0.0,140.0,103.4,24.32,15.950000000000001,181.5,35.300000000000004,148.6,28.93,35.21,33.95,93.0,15.600000000000001,76.80000000000001,100.0,345.0,3295.0,1.48,44.35,15.02,6.99,36.01,29.080000000000002,0.0,345.0,1200.0
69483.322,0.0,140.0,102.4,24.36,16.02,181.0,35.300000000000004,148.8,28.900000000000002,34.99,34.1,93.0,15.450000000000001,76.9,100.0,346.0,3291.0,1.48,44.2,14.99,6.97,36.02,28.990000000000002,0.0,349.5,1200.0
69543.322,0.0,140.0,102.0,24.34,15.96,182.5,35.300000000000004,148.3,28.87,35.12,34.0,91.5,15.600000000000001,77.0,100.0,347.5,3290.0,1.36,44.25,14.93,6.91,36.02,29.01,1.0,345.5,1200.0
69603.322,0.0,140.0,104.10000000000001,24.38,15.96,183.0,35.300000000000004,150.1,28.85,34.95,34.0,91.5,15.600000000000001,76.3,100.0,342.0,3289.0,1.18,44.35,14.950000000000001,7.0200000000000005,36.0,29.11,0.0,346.0,1200.0
69663.322,0.0,140.0,101.7,24.310000000000002,16.06,182.5,35.25,148.9,28.86,34.94,33.95,93.5,15.55,76.9,99.9,344.5,3293.0,1.35,44.2,15.0,6.98,35.980000000000004,28.98,3.0,343.0,1200.0
69723.322,0.0,140.0,101.7,24.36,15.950000000000001,179.5,35.1,150.3,28.85,35.06,34.25,93.0,15.600000000000001,76.10000000000001,100.0,348.0,3295.0,1.3800000000000001,44.2,15.030000000000001,6.94,35.99,29.05,0.0,345.5,1200.0
69783.322,0.0,140.0,100.9,24.3,15.97,184.0,35.15,149.20000000000002,28.85,35.0,34.15,93.5,15.700000000000001,76.60000000000001,99.5,349.0,3294.0,1.6300000000000001,44.25,15.040000000000001,6.95,36.03,28.93,0.0,345.5,1200.0
69843.322,0.0,140.0,102.10000000000001,24.3,16.0,182.5,35.15,149.9,28.85,35.06,34.1,90.0,15.65,77.10000000000001,100.0,343.5,3293.0,1.47,44.300000000000004,15.030000000000001,7.0,36.02,28.98,3.0,347.0,1200.0
69903.322,0.0,140.0,102.4,24.330000000000002,15.98,182.0,35.2,146.8,28.76,34.97,34.050000000000004,91.0,15.55,76.4,100.0,345.0,3292.0,1.33,44.25,14.93,6.97,36.050000000000004,29.080000000000002,0.0,347.0,1200.0
69963.322,0.0,140.0,101.7,24.330000000000002,15.99,181.0,35.25,148.6,28.93,35.0,34.1,91.5,15.700000000000001,76.5,99.7,345.0,3297.0,1.3800000000000001,44.25,14.96,6.97,36.050000000000004,28.92,0.0,349.5,1200.0
70023.322,0.0,140.0,102.4,24.35,15.97,182.0,35.25,149.9,28.92,35.13,34.15,91.5,15.55,77.2,100.0,348.0,3291.0,1.36,44.300000000000004,14.93,7.05,35.95,28.990000000000002,0.0,342.5,1200.0
70083.321,0.0,140.0,101.60000000000001,24.35,15.99,182.5,35.25,148.6,28.93,35.02,34.050000000000004,93.0,15.55,77.0,100.0,340.5,3295.0,1.47,44.300000000000004,15.07,6.97,36.02,29.05,0.0,342.5,1200.0
70143.321,0.0,140.0,99.80000000000001,24.310000000000002,15.98,181.5,35.25,149.1,28.85,35.0,33.9,92.0,15.700000000000001,77.2,99.60000000000001,346.0,3289.0,1.3800000000000001,44.35,15.01,6.95,36.02,29.0,0.0,346.0,1200.0
70203.321,0.0,140.0,103.10000000000001,24.3,15.98,182.0,35.25,150.1,28.810000000000002,35.06,34.0,93.5,15.5,76.80000000000001,99.7,348.5,3296.0,1.48,44.25,15.01,7.01,36.01,28.94,0.0,346.5,1200.0
70263.321,0.0,140.0,102.10000000000001,24.45,16.02,183.0,35.25,147.3,28.91,35.01,34.050000000000004,92.5,15.75,76.5,100.0,344.5,3291.0,1.37,44.300000000000004,14.91,7.03,36.03,29.07,1.0,352.5,1200.0
70323.321,0.0,140.0,101.60000000000001,24.45,16.02,181.0,35.300000000000004,149.9,28.88,34.97,34.1,93.0,15.55,76.5,100.0,344.5,3287.0,1.4000000000000001,44.45,15.0,6.96,36.07,29.060000000000002,1.0,346.5,1200.0
70383.321,0.0,140.0,103.10000000000001,24.29,16.0,181.0,35.2,147.3,28.900000000000002,34.99,34.1,91.0,15.600000000000001,76.5,100.0,344.5,3290.0,1.33,44.2,14.97,6.88,36.050000000000004,28.89,0.0,344.0,1200.0
70443.321,0.0,140.0,103.2,24.36,16.04,182.5,35.15,148.9,28.89,35.04,34.050000000000004,91.0,15.65,77.0,99.9,348.0,3296.0,1.27,44.300000000000004,15.05,7.04,36.02,28.97,2.0,347.0,1200.0
70503.321,0.0,140.0,100.5,24.28,15.98,180.0,35.4,149.0,28.900000000000002,35.11,33.95,93.0,15.55,76.80000000000001,100.0,350.5,3292.0,1.28,44.300000000000004,14.93,7.0,36.07,28.990000000000002,0.0,350.5,1200.0
70563.321,0.0,140.0,103.0,24.310000000000002,15.98,182.5,35.35,148.70000000000002,28.85,35.08,34.0,91.5,15.700000000000001,76.3,100.0,348.0,3293.0,1.36,44.25,14.99,7.03,36.08,28.97,3.0,342.0,1200.0
70623.321,0.0,140.0,101.30000000000001,24.37,16.05,182.0,35.25,148.5,28.94,35.06,34.15,93.0,15.55,76.3,100.0,342.5,3294.0,1.44,44.35,14.97,7.0200000000000005,35.980000000000004,28.93,0.0,344.5,1200.0
70683.321,0.0,140.0,102.9,24.34,15.97,182.0,35.2,150.0,28.93,35.11,34.2,93.0,15.600000000000001,76.4,100.0,346.0,3292.0,1.41,44.35,15.01,6.97,35.97,28.93,0.0,344.0,1200.0
70743.321,0.0,140.0,101.60000000000001,24.330000000000002,15.99,184.0,35.300000000000004,149.8,28.93,35.08,34.1,93.5,15.700000000000001,76.7,99.5,348.5,3295.0,1.28,44.300000000000004,14.98,6.99,35.95,29.0,0.0,348.5,1200.0
70803.321,0.0,140.0,101.30000000000001,24.29,15.92,182.0,35.4,149.20000000000002,28.96,35.050000000000004,34.1,91.0,15.600000000000001,76.10000000000001,100.0,344.5,3291.0,1.43,44.35,15.0,6.96,35.910000000000004,29.07,0.0,345.0,1200.0
70863.32,0.0,140.0,99.9,24.28,15.98,183.5,35.15,150.5,28.86,35.08,34.1,93.0,15.600000000000001,76.5,100.0,348.0,3291.0,1.53,44.2,14.93,6.97,35.99,29.07,0.0,345.5,1200.0
70923.32,0.0,140.0,102.0,24.310000000000002,16.080000000000002,183.0,35.25,149.20000000000002,28.91,35.06,34.050000000000004,90.5,15.700000000000001,76.3,100.0,347.0,3286.0,1.3900000000000001,44.150000000000006,14.96,7.03,35.94,28.96,3.0,342.5,1200.0
70983.32,0.0,140.0,102.80000000000001,24.310000000000002,16.03,182.5,35.35,149.3,28.94,34.980000000000004,34.15,92.0,15.75,76.10000000000001,99.7,343.0,3295.0,1.35,44.150000000000006,15.0,7.0200000000000005,35.910000000000004,29.05,1.0,344.0,1200.0
71043.32,0.0,140.0,102.60000000000001,24.36,16.05,181.0,35.300000000000004,147.4,29.0,35.12,33.95,93.0,15.700000000000001,77.0,99.9,346.0,3300.0,1.42,44.300000000000004,15.0,7.09,36.01,29.02,0.0,343.0,1200.0
71103.32,0.0,140.0,101.80000000000001,24.38,15.98,182.5,35.300000000000004,149.1,28.89,35.17,34.15,91.0,15.75,76.5,99.7,343.0,3290.0,1.46,44.300000000000004,14.99,7.05,36.01,28.92,0.0,346.5,1200.0
71163.32,0.0,140.0,100.80000000000001,24.35,15.97,183.0,35.2,148.0,28.900000000000002,35.06,34.15,92.0,15.600000000000001,76.0,99.7,345.5,3295.0,1.51,44.2,15.030000000000001,7.0,36.07,28.97,0.0,348.0,1200.0
71223.32,0.0,140.0,102.30000000000001,24.310000000000002,16.03,181.0,35.300000000000004,148.6,28.91,35.13,34.2,93.0,15.600000000000001,76.4,100.0,350.0,3299.0,1.47,44.25,14.99,7.08,35.95,28.92,1.0,348.0,1200.0
71283.32,0.0,140.0,102.0,24.34,15.94,181.5,35.35,149.70000000000002,28.98,35.25,34.1,93.0,15.65,76.7,100.0,348.5,3290.0,1.3900000000000001,44.35,14.950000000000001,6.98,36.07,29.05,0.0,346.5,1200.0
71343.32,0.0,140.0,101.30000000000001,24.34,16.0,183.0,35.35,148.3,28.89,35.11,34.050000000000004,92.5,15.55,76.9,100.0,341.5,3299.0,1.45,44.35,14.99,7.0200000000000005,35.9,29.01,0.0,348.0,1200.0
71403.32,0.0,140.0,102.10000000000001,24.38,16.03,183.5,35.4,148.70000000000002,28.89,35.04,34.0,92.0,15.600000000000001,77.2,100.0,349.0,3295.0,1.32,44.400000000000006,14.93,6.97,35.95,29.03,2.0,345.0,1200.0
71463.32,0.0,140.0,100.60000000000001,24.36,15.98,181.5,35.45,147.8,29.01,35.09,34.15,92.5,15.700000000000001,76.7,99.7,350.0,3293.0,1.37,44.35,14.950000000000001,7.01,36.04,28.91,0.0,348.0,1200.0
71523.32,0.0,140.0,102.5,24.35,16.0,182.0,35.4,148.0,29.0,35.09,34.2,89.5,15.55,76.5,99.5,345.5,3293.0,1.54,44.300000000000004,15.01,6.92,35.99,28.96,0.0,338.5,1200.0
71583.32,0.0,140.0,102.60000000000001,24.28,16.02,184.0,35.300000000000004,149.70000000000002,28.92,35.13,33.9,93.5,15.5,76.80000000000001,100.0,347.5,3297.0,1.54,44.300000000000004,15.02,6.91,36.0,29.03,0.0,346.5,1200.0
71643.319,0.0,140.0,101.60000000000001,24.41,15.950000000000001,184.0,35.45,149.3,28.900000000000002,35.04,34.1,90.5,15.65,77.30000000000001,99.80000000000001,351.0,3293.0,1.26,44.400000000000006,15.05,7.04,36.02,29.05,0.0,351.0,1200.0
71703.319,0.0,140.0,102.80000000000001,24.310000000000002,16.03,182.0,35.4,148.20000000000002,28.900000000000002,35.160000000000004,34.0,90.0,15.65,76.5,99.60000000000001,347.5,3293.0,1.36,44.35,15.0,7.01,36.1,28.98,0.0,347.5,1200.0
71763.319,0.0,140.0,103.4,24.35,15.93,185.5,35.45,150.0,28.900000000000002,35.11,34.050000000000004,91.5,15.5,76.3,99.7,349.0,3295.0,1.5,44.5,15.05,7.0,35.93,28.98,0.0,346.5,1200.0
71823.319,0.0,140.0,100.60000000000001,24.310000000000002,16.01,184.5,35.15,148.20000000000002,28.92,35.1,34.050000000000004,90.5,15.55,76.3,100.0,347.5,3297.0,1.49,44.400000000000006,14.94,7.0600000000000005,36.02,29.04,1.0,349.0,1200.0
71883.319,0.0,140.0,101.9,24.38,16.03,182.0,35.4,148.3,28.94,35.050000000000004,34.050000000000004,91.5,15.5,76.3,100.0,351.0,3295.0,1.26,44.300000000000004,15.02,7.03,36.03,29.080000000000002,1.0,348.0,1200.0
71943.319,0.0,140.0,101.10000000000001,24.29,15.98,179.0,35.300000000000004,149.20000000000002,28.88,35.09,34.1,92.0,15.65,76.3,99.7,346.0,3293.0,1.48,44.35,15.05,7.0200000000000005,36.07,29.0,0.0,342.0,1200.0
72003.319,0.0,140.0,101.7,24.35,16.03,182.5,35.300000000000004,150.1,29.060000000000002,35.11,34.35,91.5,15.55,76.80000000000001,99.4,347.0,3291.0,1.33,44.300000000000004,14.96,7.0,36.050000000000004,28.98,0.0,346.5,1200.0
72063.319,0.0,140.0,101.60000000000001,24.35,16.01,183.0,35.45,150.0,28.91,35.09,34.1,95.5,15.65,76.60000000000001,100.0,344.0,3294.0,1.51,44.400000000000006,15.040000000000001,7.03,35.96,29.01,0.0,342.5,1200.0
72123.319,0.0,140.0,101.2,24.36,15.9,180.5,35.25,148.70000000000002,28.92,35.15,34.0,94.5,15.600000000000001,76.3,100.0,349.0,3296.0,1.33,44.400000000000006,15.02,7.0,35.99,28.990000000000002,0.0,345.0,1200.0
72183.319,0.0,140.0,101.2,24.29,15.98,182.0,35.1,149.9,28.89,35.12,34.15,92.0,15.5,76.5,100.0,347.0,3295.0,1.27,44.45,15.02,6.95,35.99,28.990000000000002,2.0,348.5,1200.0
72243.319,0.0,140.0,101.60000000000001,24.35,16.06,184.0,35.35,146.9,29.03,35.12,34.1,92.0,15.600000000000001,76.3,99.9,340.5,3293.0,1.3900000000000001,44.45,15.02,6.98,35.86,29.02,1.0,346.5,1200.0
72303.319,0.0,140.0,102.0,24.26,16.0,184.0,35.2,150.5,28.92,35.07,34.2,92.0,15.55,76.0,100.0,350.0,3293.0,1.42,44.35,15.0,7.0600000000000005,36.02,29.07,1.0,347.0,1200.0
72363.319,0.0,140.0,102.30000000000001,24.35,16.03,182.5,35.15,150.1,29.0,35.050000000000004,34.2,90.5,15.55,76.5,100.0,346.5,3291.0,1.57,44.45,15.02,7.07,35.97,28.98,0.0,346.0,1200.0
72423.318,0.0,140.0,101.7,24.310000000000002,16.03,181.0,35.300000000000004,149.6,28.96,35.18,34.0,90.5,15.600000000000001,76.80000000000001,99.5,348.0,3295.0,1.44,44.35,14.96,7.03,36.03,29.03,2.0,345.5,1200.0
72483.318,0.0,140.0,103.60000000000001,24.330000000000002,15.91,183.0,35.45,148.8,28.89,35.13,34.050000000000004,93.0,15.65,76.5,100.0,346.5,3295.0,1.41,44.25,15.040000000000001,6.98,36.02,29.01,0.0,348.0,1200.0
72543.318,0.0,140.0,103.60000000000001,24.32,15.97,182.5,35.4,149.4,29.0,35.230000000000004,34.1,94.5,15.8,76.4,100.0,345.5,3298.0,1.45,44.300000000000004,15.06,7.01,36.02,28.86,0.0,351.5,1200.0
72603.318,0.0,140.0,103.4,24.35,15.96,183.5,35.35,149.8,29.01,35.17,34.15,93.0,15.55,76.2,99.7,349.5,3294.0,1.37,44.35,14.99,7.09,35.92,29.01,0.0,347.0,1200.0
72663.318,0.0,140.0,102.9,24.38,15.94,182.5,35.25,147.6,29.02,35.19,34.2,91.0,15.65,76.4,99.7,344.5,3293.0,1.35,44.35,15.030000000000001,6.97,36.01,29.01,0.0,342.5,1200.0
72723.318,0.0,140.0,102.9,24.3,15.98,184.0,35.4,148.4,29.09,35.18,34.25,93.0,15.5,76.2,99.9,350.0,3300.0,1.3,44.300000000000004,15.02,6.97,36.03,28.98,0.0,347.5,1200.0
72783.318,0.0,140.0,102.80000000000001,24.330000000000002,15.950000000000001,182.0,35.300000000000004,147.20000000000002,29.03,35.1,34.25,91.5,15.65,76.9,99.7,348.0,3295.0,1.37,44.25,14.98,7.0200000000000005,36.04,29.02,0.0,348.0,1200.0
72843.318,0.0,140.0,102.0,24.38,15.97,182.0,35.45,148.8,29.02,35.15,34.2,90.5,15.65,76.2,100.0,340.5,3298.0,1.3800000000000001,44.25,14.99,7.0,36.050000000000004,28.98,0.0,345.5,1200.0
72903.318,0.0,140.0,101.0,24.330000000000002,16.01,184.0,35.4,149.4,28.98,35.160000000000004,34.25,92.5,15.55,76.80000000000001,100.0,352.0,3303.0,1.32,44.400000000000006,15.01,7.0200000000000005,36.0,29.04,1.0,347.5,1200.0
72963.318,0.0,140.0,103.80000000000001,24.330000000000002,16.03,183.0,35.4,148.70000000000002,28.98,35.230000000000004,34.1,93.0,15.5,76.5,99.80000000000001,349.0,3300.0,1.36,44.2,15.01,7.07,36.160000000000004,28.98,0.0,345.0,1200.0
73023.318,0.0,140.0,100.60000000000001,24.32,16.03,183.5,35.25,147.70000000000002,28.98,35.19,34.300000000000004,91.5,15.450000000000001,76.5,99.9,347.0,3298.0,1.24,44.300000000000004,15.040000000000001,7.01,35.96,29.0,0.0,348.0,1200.0
73083.318,0.0,140.0,100.7,24.37,16.0,179.5,35.35,148.9,29.07,35.17,34.2,93.0,15.75,76.7,100.0,348.0,3298.0,1.42,44.2,15.08,7.04,35.99,28.92,1.0,348.5,1200.0
73143.318,0.0,140.0,101.2,24.36,15.96,182.5,35.45,149.20000000000002,28.98,35.08,34.15,93.0,15.5,76.3,99.9,352.5,3298.0,1.43,44.550000000000004,14.98,7.0,35.93,28.98,0.0,350.5,1200.0
73203.317,0.0,140.0,102.0,24.34,15.96,184.0,35.5,149.6,29.05,35.2,34.15,90.0,15.700000000000001,76.60000000000001,99.4,344.0,3309.0,1.41,44.35,14.94,7.03,36.0,29.04,0.0,351.0,1200.0
73263.317,0.0,140.0,101.0,24.310000000000002,16.03,183.5,35.35,148.6,28.91,35.160000000000004,34.0,89.0,15.55,76.2,100.0,352.0,3306.0,1.51,44.400000000000006,15.02,6.99,35.980000000000004,29.02,0.0,350.0,1200.0
73323.317,0.0,140.0,102.60000000000001,24.310000000000002,15.94,183.0,35.35,148.8,28.91,35.18,34.15,93.5,15.65,77.10000000000001,100.0,346.5,3304.0,1.37,44.300000000000004,14.96,7.01,36.02,29.04,1.0,348.0,1200.0
73383.317,0.0,140.0,102.4,24.36,15.92,181.0,35.45,148.1,28.98,35.17,34.15,90.0,15.65,76.5,100.0,347.0,3303.0,1.43,44.400000000000006,15.08,7.0,35.980000000000004,29.0,0.0,346.0,1200.0
73443.317,0.0,140.0,100.4,24.36,15.98,180.0,35.25,147.70000000000002,28.93,35.17,34.2,93.0,15.5,76.80000000000001,100.0,354.5,3300.0,1.43,44.6,15.07,7.04,36.02,28.94,0.0,344.0,1200.0
73503.317,0.0,140.0,101.80000000000001,24.32,15.98,183.5,35.45,148.20000000000002,28.97,35.160000000000004,34.2,92.5,15.600000000000001,76.80000000000001,99.2,349.5,3302.0,1.51,44.45,15.01,7.03,35.94,28.95,1.0,346.5,1200.0
73563.317,0.0,140.0,101.2,24.37,15.97,182.0,35.35,147.3,28.84,35.13,34.1,94.0,15.75,76.7,100.0,348.5,3306.0,1.43,44.400000000000006,15.05,6.99,35.980000000000004,28.96,1.0,348.0,1200.0
73623.317,0.0,140.0,102.0,24.35,15.950000000000001,181.5,35.35,147.9,28.900000000000002,35.15,34.0,89.0,15.65,76.4,99.9,348.0,3298.0,1.41,44.5,15.08,6.95,36.02,29.02,1.0,347.5,1200.0
73683.317,0.0,140.0,102.2,24.330000000000002,15.97,183.0,35.2,148.70000000000002,28.92,35.050000000000004,34.2,91.5,15.55,76.5,100.0,348.5,3301.0,1.41,44.300000000000004,14.99,7.0,36.03,29.02,0.0,348.5,1200.0
73743.317,0.0,140.0,101.5,24.36,15.950000000000001,183.0,35.35,147.8,28.96,35.11,34.0,90.0,15.4,76.80000000000001,99.80000000000001,347.5,3299.0,1.41,44.6,15.0,6.98,36.050000000000004,28.96,2.0,346.5,1200.0
73803.317,0.0,140.0,101.5,24.330000000000002,15.97,179.0,35.15,150.6,29.01,35.04,34.1,92.0,15.65,76.7,100.0,346.5,3297.0,1.27,44.35,15.030000000000001,7.0,36.0,28.95,0.0,348.5,1200.0
73863.317,0.0,140.0,101.80000000000001,24.35,15.97,180.5,35.25,148.3,28.93,35.09,34.2,91.0,15.600000000000001,76.5,100.0,347.5,3300.0,1.34,44.45,14.97,6.92,35.99,28.98,1.0,347.0,1200.0
73923.317,0.0,140.0,103.5,24.3,16.02,183.0,35.35,148.3,28.85,35.13,34.2,92.0,15.600000000000001,76.5,99.9,346.5,3294.0,1.46,44.300000000000004,14.96,6.97,35.99,29.05,0.0,348.5,1200.0
73983.317,0.0,140.0,103.60000000000001,24.310000000000002,15.98,181.5,35.15,149.70000000000002,28.89,35.03,34.0,93.0,15.5,76.3,100.0,346.0,3295.0,1.41,44.35,15.040000000000001,7.0200000000000005,36.0,28.96,0.0,345.0,1200.0
74043.316,0.0,140.0,100.80000000000001,24.32,16.03,184.0,35.45,148.70000000000002,28.89,35.21,34.1,91.0,15.55,76.80000000000001,99.60000000000001,350.0,3288.0,1.23,44.25,15.02,6.98,36.0,28.97,0.0,353.0,1200.0
74103.316,0.0,140.0,101.9,24.34,16.0,181.0,35.2,150.5,28.990000000000002,35.04,34.050000000000004,95.0,15.450000000000001,76.5,99.60000000000001,349.5,3296.0,1.45,44.35,14.94,6.96,35.99,29.0,0.0,351.5,1200.0
74163.316,0.0,140.0,101.60000000000001,24.3,16.080000000000002,183.0,35.4,148.6,28.97,35.050000000000004,34.0,92.0,15.55,76.5,99.80000000000001,345.5,3293.0,1.46,44.300000000000004,14.99,7.05,36.0,29.07,0.0,341.0,1200.0
74223.316,0.0,140.0,101.2,24.35,16.01,184.0,35.45,149.1,29.04,35.1,34.1,93.0,15.5,76.2,100.0,348.5,3297.0,1.43,44.25,15.040000000000001,6.97,35.94,29.09,3.0,345.0,1200.0
74283.316,0.0,140.0,102.2,24.37,15.97,182.5,35.25,148.5,28.97,35.07,34.2,91.5,15.55,76.7,100.0,346.0,3292.0,1.47,44.25,15.030000000000001,7.04,35.980000000000004,28.97,0.0,353.0,1200.0
74343.316,0.0,140.0,104.0,24.35,15.96,183.5,35.300000000000004,150.6,29.0,35.13,34.15,90.0,15.55,76.0,100.0,346.0,3288.0,1.35,44.45,15.01,7.0200000000000005,35.97,28.97,3.0,344.0,1200.0
74403.316,0.0,140.0,102.5,24.330000000000002,15.99,181.5,35.35,149.1,28.91,35.13,34.25,90.5,15.55,76.7,100.0,342.0,3294.0,1.35,44.35,15.02,7.03,36.04,29.01,2.0,347.0,1200.0
74463.316,0.0,140.0,103.4,24.35,15.97,183.0,35.4,147.6,28.96,35.17,34.2,88.5,15.75,76.10000000000001,100.0,352.5,3289.0,1.44,44.35,14.97,7.07,35.89,29.07,0.0,345.0,1200.0
74523.316,0.0,140.0,103.0,24.36,16.02,181.5,35.4,149.6,29.060000000000002,35.09,34.15,92.0,15.55,75.7,100.0,348.0,3292.0,1.3,44.400000000000006,14.99,7.01,35.99,29.080000000000002,0.0,346.5,1200.0
74583.316,0.0,140.0,102.30000000000001,24.29,15.97,184.5,35.35,149.1,29.04,35.09,34.25,91.0,15.75,76.4,100.0,346.0,3297.0,1.32,44.2,15.01,6.99,36.09,29.01,0.0,347.5,1200.0
74643.316,0.0,140.0,101.5,24.34,15.99,185.0,35.4,148.6,29.1,35.2,34.2,92.5,15.700000000000001,76.9,100.0,350.0,3293.0,1.42,44.35,14.950000000000001,7.1000000000000005,36.04,28.990000000000002,0.0,348.0,1200.0
74703.316,0.0,140.0,100.9,24.3,15.97,182.0,35.300000000000004,148.8,28.94,35.17,34.15,92.0,15.65,76.3,99.80000000000001,345.5,3296.0,1.33,44.35,15.11,6.95,36.03,28.93,0.0,348.5,1200.0
74763.316,0.0,140.0,101.30000000000001,24.28,16.01,183.0,35.4,147.5,29.07,35.160000000000004,34.2,91.5,15.600000000000001,76.3,100.0,351.5,3290.0,1.45,44.35,14.99,6.99,36.02,29.02,0.0,351.5,1200.0
74823.316,0.0,140.0,103.60000000000001,24.38,15.97,182.5,35.25,149.4,28.95,35.1,34.25,94.5,15.65,76.3,100.0,349.0,3296.0,1.41,44.45,14.98,6.93,36.06,29.02,0.0,347.0,1200.0
74883.315,0.0,140.0,103.30000000000001,24.26,15.99,182.0,35.300000000000004,149.3,29.01,35.160000000000004,34.2,92.0,15.65,76.10000000000001,100.0,351.0,3294.0,1.48,44.25,15.040000000000001,7.05,36.03,29.04,0.0,343.5,1200.0
74943.315,0.0,140.0,101.9,24.32,16.01,184.5,35.35,149.5,29.02,35.26,34.300000000000004,91.0,15.65,76.0,100.0,347.0,3292.0,1.42,44.2,14.99,6.95,35.980000000000004,29.04,1.0,349.0,1200.0
75003.315,0.0,140.0,102.10000000000001,24.36,16.02,183.0,35.35,148.5,29.060000000000002,35.160000000000004,34.25,93.0,15.5,76.2,100.0,350.0,3295.0,1.54,44.45,15.0,7.0,36.08,29.11,0.0,348.5,1200.0
75063.315,0.0,140.0,103.60000000000001,24.32,15.950000000000001,183.5,35.45,148.20000000000002,29.1,35.300000000000004,34.1,89.5,15.65,76.5,99.7,341.0,3297.0,1.36,44.45,14.97,7.0200000000000005,35.97,28.96,0.0,346.5,1200.0
75123.315,0.0,140.0,102.7,24.29,16.01,181.0,35.45,147.70000000000002,29.11,35.24,34.25,91.0,15.55,75.9,99.7,347.0,3294.0,1.3900000000000001,44.25,14.92,6.95,36.04,29.13,0.0,345.0,1200.0
75183.315,0.0,140.0,101.5,24.3,15.91,182.0,35.4,148.20000000000002,28.97,35.22,34.25,91.5,15.55,76.4,99.80000000000001,350.5,3294.0,1.23,44.2,14.97,6.93,36.18,29.02,0.0,346.5,1200.0
75243.315,0.0,140.0,102.5,24.3,15.97,183.5,35.4,149.1,29.0,35.09,34.1,91.0,15.55,76.5,99.9,341.0,3288.0,1.42,44.35,14.99,7.07,36.01,28.98,0.0,344.5,1200.0
75303.315,0.0,140.0,101.60000000000001,24.3,15.97,182.5,35.45,148.20000000000002,29.03,35.18,34.15,90.5,15.65,76.60000000000001,100.0,347.0,3288.0,1.42,44.300000000000004,14.99,7.05,35.97,29.11,0.0,350.0,1200.0
75363.315,0.0,140.0,101.30000000000001,24.25,15.97,182.5,35.300000000000004,150.3,29.07,35.2,34.1,93.5,15.5,76.3,99.80000000000001,343.5,3288.0,1.35,44.35,14.97,7.08,36.01,28.95,0.0,350.0,1200.0
75423.315,0.0,140.0,102.4,24.27,15.98,182.0,35.300000000000004,150.0,29.02,35.15,34.25,94.5,15.55,76.2,99.7,342.0,3291.0,1.47,44.45,15.06,7.03,35.95,28.92,0.0,344.0,1200.0
75483.315,0.0,140.0,101.10000000000001,24.37,15.93,184.5,35.25,148.5,28.98,35.17,33.95,93.5,15.700000000000001,75.9,99.9,347.5,3292.0,1.42,44.300000000000004,15.030000000000001,6.94,36.02,29.09,0.0,347.0,1200.0
75543.315,0.0,140.0,103.5,24.29,15.97,183.5,35.300000000000004,148.8,29.05,35.28,34.15,92.5,15.600000000000001,75.5,99.9,340.5,3289.0,1.55,44.35,14.99,6.96,36.02,29.05,0.0,347.0,1200.0
75603.315,0.0,140.0,100.7,24.27,15.98,181.0,35.300000000000004,149.5,28.96,35.13,34.25,92.0,15.65,75.8,100.0,343.5,3281.0,1.47,44.25,14.97,6.98,36.02,29.060000000000002,1.0,347.0,1200.0
75663.315,0.0,140.0,102.4,24.28,16.0,181.5,35.4,148.20000000000002,29.060000000000002,35.12,34.2,92.5,15.700000000000001,75.8,99.80000000000001,346.5,3285.0,1.5,44.45,14.94,6.99,36.03,28.92,0.0,346.5,1200.0
75723.314,0.0,140.0,101.7,24.26,16.06,185.5,35.300000000000004,148.4,29.01,35.19,34.15,89.5,15.700000000000001,76.10000000000001,100.0,349.5,3286.0,1.3800000000000001,44.1,14.96,7.01,36.0,28.990000000000002,2.0,349.0,1200.0
75783.314,0.0,140.0,100.2,24.27,15.98,183.0,35.45,148.5,29.060000000000002,35.26,34.300000000000004,93.0,15.65,75.4,100.0,347.5,3287.0,1.59,44.2,14.96,6.98,36.02,29.03,3.0,347.5,1200.0
75843.314,0.0,140.0,100.5,24.3,16.05,183.5,35.300000000000004,148.1,29.080000000000002,35.22,34.2,90.0,15.600000000000001,75.5,99.9,343.0,3287.0,1.48,44.400000000000006,15.0,7.0,35.95,28.93,1.0,345.5,1200.0
75903.314,0.0,140.0,101.5,24.25,15.96,183.5,35.35,148.9,29.09,35.26,34.25,92.5,15.65,76.2,100.0,344.0,3290.0,1.44,44.35,15.030000000000001,7.05,35.96,28.900000000000002,0.0,349.0,1200.0
75963.314,0.0,140.0,103.0,24.34,15.97,183.5,35.45,150.3,29.19,35.25,34.2,93.5,15.55,76.10000000000001,100.0,350.0,3295.0,1.33,44.25,15.030000000000001,7.03,36.050000000000004,28.91,1.0,350.5,1200.0
76023.314,0.0,140.0,101.2,24.29,16.04,183.5,35.550000000000004,149.3,29.23,35.300000000000004,34.300000000000004,91.5,15.700000000000001,75.7,100.0,350.0,3292.0,1.35,44.400000000000006,15.02,6.96,35.99,28.84,0.0,352.0,1200.0
76083.314,0.0,140.0,102.5,24.26,16.04,184.0,35.45,149.5,29.13,35.27,34.300000000000004,92.0,15.5,75.7,100.0,347.5,3292.0,1.43,44.35,15.1,7.0,35.95,28.98,0.0,347.5,1200.0
76143.314,0.0,140.0,101.5,24.3,15.97,183.5,35.5,149.5,29.14,35.31,34.35,92.5,15.700000000000001,75.3,99.60000000000001,348.0,3299.0,1.29,44.45,14.99,6.99,36.04,28.91,0.0,350.0,1200.0
76203.314,0.0,140.0,103.10000000000001,24.240000000000002,16.03,182.0,35.5,149.20000000000002,29.26,35.34,34.4,91.0,15.700000000000001,75.60000000000001,99.80000000000001,350.0,3297.0,1.4000000000000001,44.5,14.96,6.96,35.980000000000004,29.0,0.0,354.5,1200.0
76263.314,0.0,140.0,102.5,24.29,15.96,182.5,35.65,151.3,29.28,35.33,34.45,92.5,15.700000000000001,76.2,100.0,352.0,3297.0,1.29,44.35,15.05,6.91,36.03,28.96,1.0,351.0,1200.0
76323.314,0.0,140.0,101.60000000000001,24.32,16.05,184.0,35.550000000000004,149.1,29.18,35.34,34.45,91.0,15.65,75.8,100.0,350.0,3300.0,1.37,44.550000000000004,14.96,7.05,35.92,29.09,0.0,352.0,1200.0
76383.314,0.0,140.0,100.80000000000001,24.26,16.0,183.5,35.4,148.20000000000002,29.11,35.410000000000004,34.35,91.0,15.65,76.10000000000001,100.0,347.5,3296.0,1.3900000000000001,44.550000000000004,14.98,7.0200000000000005,35.95,29.080000000000002,0.0,350.0,1200.0
76443.314,0.0,140.0,101.9,24.32,15.9,182.5,35.6,148.3,29.09,35.31,34.5,93.0,15.5,75.60000000000001,100.0,352.0,3304.0,1.53,44.5,15.05,6.95,35.94,28.93,0.0,349.5,1200.0
76503.314,0.0,140.0,101.9,24.29,15.97,186.5,35.5,147.9,29.28,35.39,34.25,92.0,15.700000000000001,75.4,99.80000000000001,354.0,3299.0,1.31,44.400000000000006,14.98,7.05,35.96,29.04,0.0,352.0,1200.0
76563.314,0.0,140.0,103.0,24.26,16.0,183.5,35.45,149.0,29.2,35.410000000000004,34.25,93.0,15.700000000000001,75.60000000000001,99.7,351.5,3297.0,1.37,44.650000000000006,15.0,6.97,35.980000000000004,29.02,0.0,352.5,1200.0
76623.313,0.0,140.0,103.5,24.29,16.05,185.5,35.550000000000004,150.20000000000002,29.28,35.33,34.45,91.5,15.55,75.4,99.5,352.5,3292.0,1.55,44.35,15.01,7.03,35.97,29.0,0.0,354.5,1200.0
76683.313,0.0,140.0,101.2,24.28,15.950000000000001,183.0,35.5,148.70000000000002,29.27,35.32,34.300000000000004,93.5,15.65,75.8,100.0,349.0,3299.0,1.4000000000000001,44.400000000000006,14.98,6.96,36.01,29.04,0.0,354.0,1200.0
76743.313,0.0,140.0,101.60000000000001,24.27,15.99,185.0,35.5,147.4,29.240000000000002,35.38,34.35,90.0,15.65,75.5,100.0,349.5,3299.0,1.3800000000000001,44.5,14.99,7.01,36.02,29.03,0.0,350.0,1200.0
76803.313,0.0,140.0,102.5,24.3,15.950000000000001,183.0,35.550000000000004,148.4,29.29,35.29,34.35,93.5,15.65,76.0,99.80000000000001,350.5,3299.0,1.37,44.300000000000004,15.0,7.03,35.97,29.05,1.0,352.0,1200.0
76863.313,0.0,140.0,102.9,24.3,16.05,184.5,35.5,148.9,29.18,35.38,34.4,92.5,15.65,75.8,99.80000000000001,352.5,3302.0,1.3900000000000001,44.6,15.0,6.99,36.06,29.12,0.0,349.0,1200.0
76923.313,0.0,140.0,101.4,24.28,15.98,183.0,35.4,150.6,29.240000000000002,35.42,34.35,91.0,15.600000000000001,75.3,100.0,348.5,3301.0,1.45,44.5,14.97,6.99,35.980000000000004,28.95,0.0,351.5,1200.0
76983.313,0.0,140.0,102.10000000000001,24.240000000000002,15.97,183.5,35.45,149.6,29.18,35.4,34.35,92.5,15.65,75.2,99.80000000000001,349.0,3301.0,1.3800000000000001,44.550000000000004,14.98,7.0,36.01,29.0,0.0,345.5,1200.0
77043.313,0.0,140.0,102.5,24.26,15.98,183.5,35.45,149.5,29.18,35.32,34.25,93.0,15.700000000000001,75.60000000000001,100.0,352.5,3302.0,1.42,44.6,14.97,7.04,35.94,29.04,0.0,347.0,1200.0
77103.313,0.0,140.0,101.2,24.32,15.98,183.0,35.6,149.3,29.26,35.31,34.25,92.0,15.600000000000001,76.0,100.0,349.0,3302.0,1.3900000000000001,44.650000000000006,14.97,6.96,36.06,28.97,0.0,349.0,1200.0
77163.313,0.0,140.0,101.0,24.29,15.94,183.0,35.75,148.6,29.19,35.28,34.25,89.5,15.65,75.5,100.0,351.5,3304.0,1.35,44.45,15.030000000000001,7.0,36.050000000000004,28.92,2.0,350.0,1200.0
77223.313,0.0,140.0,102.4,24.32,16.02,183.0,35.5,148.4,29.28,35.38,34.300000000000004,93.0,15.700000000000001,76.3,100.0,353.0,3299.0,1.29,44.5,14.950000000000001,6.98,35.94,28.990000000000002,1.0,352.0,1200.0
77283.313,0.0,140.0,102.4,24.39,15.97,186.0,35.5,148.20000000000002,29.19,35.34,34.35,94.0,15.600000000000001,75.8,99.7,350.0,3301.0,1.44,44.45,15.07,6.94,36.0,29.04,2.0,349.5,1200.0
77343.313,0.0,140.0,102.60000000000001,24.37,16.01,182.5,35.550000000000004,150.0,29.2,35.28,34.25,92.5,15.55,75.8,100.0,352.0,3303.0,1.26,44.550000000000004,15.0,6.98,35.92,29.060000000000002,2.0,349.0,1200.0
77403.313,0.0,140.0,100.7,24.39,16.09,183.0,35.5,149.3,29.2,35.39,34.550000000000004,92.5,15.4,76.0,100.0,351.0,3306.0,1.4000000000000001,44.400000000000006,14.98,6.96,36.01,28.98,0.0,354.0,1200.0
77463.312,0.0,140.0,101.9,24.37,16.080000000000002,185.5,35.5,148.6,29.17,35.36,34.4,91.5,15.600000000000001,75.9,100.0,354.5,3303.0,1.34,44.5,15.02,7.01,35.980000000000004,29.03,0.0,351.5,1200.0
77523.312,0.0,140.0,102.0,24.32,16.01,183.5,35.65,149.9,29.25,35.33,34.300000000000004,90.0,15.600000000000001,76.2,100.0,353.5,3302.0,1.42,44.550000000000004,14.950000000000001,6.97,35.95,28.97,1.0,351.5,1200.0
77583.312,0.0,140.0,103.7,24.34,16.01,186.5,35.6,148.9,29.19,35.35,34.4,92.5,15.65,76.2,100.0,352.5,3313.0,1.45,44.650000000000006,15.030000000000001,7.0600000000000005,35.93,29.04,1.0,355.0,1200.0
77643.312,0.0,140.0,102.4,24.330000000000002,15.97,185.5,35.550000000000004,147.70000000000002,29.240000000000002,35.38,34.35,92.0,15.55,76.0,100.0,347.5,3310.0,1.54,44.45,14.96,7.04,35.96,29.03,0.0,356.0,1200.0
77703.312,0.0,140.0,103.10000000000001,24.400000000000002,16.03,182.5,35.45,149.4,29.27,35.47,34.45,90.0,15.700000000000001,75.8,99.7,352.0,3312.0,1.52,44.6,14.99,6.98,36.03,29.03,0.0,354.5,1200.0
77763.312,0.0,140.0,102.0,24.28,16.03,184.0,35.6,149.0,29.28,35.56,34.45,92.0,15.600000000000001,75.9,99.60000000000001,357.0,3307.0,1.3,44.6,14.99,7.0,36.0,29.080000000000002,1.0,352.0,1200.0
77823.312,0.0,140.0,101.7,24.29,15.98,186.5,35.6,149.3,29.28,35.480000000000004,34.45,94.5,15.700000000000001,76.10000000000001,100.0,352.5,3310.0,1.21,44.650000000000006,15.0,6.98,35.89,29.01,2.0,353.0,1200.0
77883.312,0.0,140.0,102.30000000000001,24.400000000000002,15.97,185.5,35.75,148.20000000000002,29.35,35.46,34.45,92.0,15.600000000000001,76.0,99.5,356.0,3310.0,1.41,44.75,14.99,6.98,36.02,29.03,0.0,358.5,1200.0
77943.312,0.0,140.0,104.80000000000001,24.3,16.04,184.0,35.7,150.5,29.29,35.550000000000004,34.45,91.0,15.8,76.0,100.0,354.0,3316.0,1.42,44.7,14.98,6.96,36.03,29.05,0.0,355.5,1200.0
78003.312,0.0,140.0,103.7,24.3,16.05,182.5,35.7,148.9,29.36,35.42,34.35,92.0,15.600000000000001,75.8,100.0,353.5,3315.0,1.25,44.7,15.05,7.0600000000000005,36.02,28.97,0.0,355.0,1200.0
78063.312,0.0,140.0,100.0,24.400000000000002,16.05,185.0,35.800000000000004,150.4,29.35,35.58,34.45,93.0,15.75,75.60000000000001,100.0,352.0,3312.0,1.34,44.800000000000004,14.93,6.97,35.94,29.060000000000002,1.0,350.0,1200.0
78123.312,0.0,140.0,102.80000000000001,24.310000000000002,16.03,183.5,35.85,148.9,29.36,35.57,34.65,92.0,15.55,76.3,99.5,355.0,3315.0,1.44,44.7,15.030000000000001,7.0600000000000005,36.04,28.88,0.0,357.0,1200.0
78183.312,0.0,140.0,102.80000000000001,24.32,15.97,185.5,35.7,148.4,29.47,35.59,34.5,92.0,15.55,75.3,99.80000000000001,358.5,3320.0,1.47,44.75,15.02,7.0600000000000005,36.050000000000004,28.990000000000002,0.0,357.0,1200.0
78243.312,0.0,140.0,101.9,24.310000000000002,16.05,185.5,35.85,149.70000000000002,29.34,35.54,34.6,93.5,15.5,75.8,99.4,354.5,3318.0,1.45,44.85,15.05,7.03,36.08,29.11,1.0,360.5,1200.0
78303.312,0.0,140.0,103.30000000000001,24.34,16.04,188.0,35.800000000000004,148.3,29.43,35.62,34.7,92.5,15.600000000000001,75.5,100.0,359.0,3320.0,1.3900000000000001,44.95,14.98,7.0,36.04,29.09,2.0,355.5,1200.0
78363.311,0.0,140.0,101.2,24.310000000000002,16.01,185.5,35.85,147.3,29.490000000000002,35.660000000000004,34.6,92.0,15.65,75.3,100.0,354.0,3323.0,1.45,44.900000000000006,15.030000000000001,6.95,36.01,28.95,0.0,354.5,1200.0
78423.311,0.0,140.0,102.2,24.400000000000002,15.99,185.0,35.9,148.0,29.51,35.660000000000004,34.6,94.5,15.65,75.60000000000001,100.0,358.0,3326.0,1.45,45.0,14.96,7.0,35.95,29.03,0.0,353.5,1200.0
78483.311,0.0,140.0,99.9,24.39,16.02,187.5,35.9,149.3,29.5,35.76,34.7,92.5,15.8,74.9,100.0,355.0,3324.0,1.3800000000000001,45.1,15.030000000000001,6.96,35.97,28.98,0.0,360.5,1200.0
78543.311,0.0,140.0,102.10000000000001,24.29,15.94,187.0,36.0,149.70000000000002,29.59,35.69,34.75,92.5,15.65,75.9,100.0,357.5,3322.0,1.45,44.95,15.02,7.0,36.01,28.94,0.0,361.0,1200.0
78603.311,0.0,140.0,102.80000000000001,24.27,15.97,186.5,36.050000000000004,148.6,29.51,35.77,34.550000000000004,90.5,15.600000000000001,75.3,100.0,355.0,3328.0,1.18,44.85,14.98,6.98,36.04,28.990000000000002,1.0,357.5,1200.0
78663.311,0.0,140.0,103.10000000000001,24.39,15.94,186.5,36.0,148.9,29.62,35.730000000000004,34.7,91.5,15.55,75.5,100.0,361.5,3327.0,1.45,45.050000000000004,15.02,7.01,35.95,29.01,0.0,364.0,1200.0
78723.311,0.0,140.0,102.10000000000001,24.35,16.01,185.5,35.9,149.70000000000002,29.63,35.730000000000004,34.75,93.0,15.5,75.2,100.0,355.0,3325.0,1.43,45.0,15.08,6.99,36.03,28.990000000000002,0.0,355.5,1200.0
78783.311,0.0,140.0,101.4,24.32,15.98,185.5,35.85,148.3,29.52,35.77,34.7,94.5,15.75,75.0,99.7,355.0,3332.0,1.28,45.150000000000006,15.02,7.05,36.04,29.03,0.0,361.0,1200.0
78843.311,0.0,140.0,101.2,24.37,15.950000000000001,188.0,35.95,150.0,29.55,35.74,34.75,95.0,15.700000000000001,75.4,99.9,356.5,3323.0,1.3900000000000001,45.050000000000004,15.02,6.96,36.0,29.05,0.0,362.0,1200.0
78903.311,0.0,140.0,102.0,24.310000000000002,15.96,189.5,35.95,149.9,29.51,35.78,34.65,93.5,15.600000000000001,75.5,100.0,359.5,3328.0,1.42,45.050000000000004,15.0,7.09,36.02,29.01,0.0,353.0,1200.0
78963.311,0.0,140.0,102.2,24.32,15.94,187.5,36.1,148.8,29.560000000000002,35.72,34.85,93.0,15.65,74.7,100.0,359.5,3323.0,1.36,45.050000000000004,15.030000000000001,7.04,35.99,29.080000000000002,0.0,357.5,1200.0
79023.311,0.0,140.0,101.80000000000001,24.35,16.02,186.0,35.9,149.5,29.53,35.63,34.65,93.0,15.5,75.2,100.0,360.0,3323.0,1.45,45.150000000000006,14.99,7.01,36.03,29.02,1.0,356.0,1200.0
79083.311,0.0,140.0,101.9,24.35,15.99,185.0,36.050000000000004,149.3,29.5,35.82,34.65,93.0,15.65,74.9,100.0,358.5,3327.0,1.49,45.2,15.02,7.0,35.9,29.07,2.0,358.5,1200.0
79143.311,0.0,140.0,102.5,24.34,16.03,187.0,35.9,147.5,29.54,35.71,34.550000000000004,91.0,15.700000000000001,75.9,100.0,360.5,3326.0,1.25,45.150000000000006,14.98,7.0,36.07,28.98,0.0,359.5,1200.0
79203.311,0.0,140.0,103.30000000000001,24.400000000000002,16.05,185.5,35.75,147.5,29.51,35.67,34.85,93.0,15.600000000000001,74.8,100.0,358.0,3326.0,1.29,45.050000000000004,14.99,7.03,36.04,28.990000000000002,0.0,359.5,1200.0
79263.31,0.0,140.0,102.9,24.38,16.01,187.5,35.95,148.8,29.490000000000002,35.74,34.75,92.0,15.55,75.7,99.9,359.5,3332.0,1.5,45.0,14.99,6.98,36.09,29.02,1.0,361.5,1200.0
79323.31,0.0,140.0,101.10000000000001,24.34,15.96,186.5,35.75,148.8,29.47,35.7,34.7,90.5,15.450000000000001,75.3,100.0,361.0,3324.0,1.3,45.1,14.98,7.0600000000000005,35.99,28.95,0.0,360.0,1200.0
79383.31,0.0,140.0,103.60000000000001,24.35,15.950000000000001,187.0,35.95,148.20000000000002,29.53,35.71,34.550000000000004,93.5,15.65,75.3,99.4,359.5,3328.0,1.31,45.1,15.0,7.0,36.04,29.07,1.0,358.0,1200.0
79443.31,0.0,140.0,104.10000000000001,24.3,15.98,185.5,35.9,150.1,29.61,35.67,34.7,92.0,15.55,75.8,100.0,359.0,3321.0,1.5,45.300000000000004,14.96,6.99,35.99,29.060000000000002,3.0,357.5,1200.0
79503.31,0.0,140.0,104.2,24.32,16.04,187.0,35.9,148.5,29.400000000000002,35.74,34.6,91.5,15.600000000000001,75.2,100.0,363.0,3324.0,1.67,45.2,14.97,7.0200000000000005,36.06,28.98,0.0,358.5,1200.0
79563.31,0.0,140.0,101.9,24.41,15.97,187.0,35.85,148.70000000000002,29.42,35.69,34.6,93.0,15.700000000000001,75.3,100.0,364.0,3321.0,1.4000000000000001,45.2,14.99,7.05,36.01,29.060000000000002,0.0,358.5,1200.0
79623.31,0.0,140.0,101.60000000000001,24.38,15.96,185.0,35.6,148.70000000000002,29.46,35.730000000000004,34.550000000000004,92.0,15.55,75.3,100.0,360.0,3322.0,1.51,45.2,14.96,6.99,35.980000000000004,29.02,1.0,357.5,1200.0
79683.31,0.0,140.0,101.60000000000001,24.35,15.950000000000001,186.5,35.75,147.70000000000002,29.45,35.660000000000004,34.550000000000004,91.5,15.65,75.60000000000001,100.0,364.0,3327.0,1.5,45.25,14.96,6.95,36.1,28.96,0.0,354.5,1200.0
79743.31,0.0,140.0,103.7,24.330000000000002,16.03,184.0,35.800000000000004,149.3,29.48,35.61,34.5,91.5,15.55,75.7,99.80000000000001,361.0,3328.0,1.55,45.0,15.01,6.94,35.95,29.03,0.0,360.0,1200.0
79803.31,0.0,140.0,102.10000000000001,24.32,15.97,183.5,35.85,148.6,29.43,35.47,34.550000000000004,92.5,15.600000000000001,75.8,100.0,360.5,3320.0,1.6400000000000001,45.050000000000004,14.92,7.04,36.04,29.05,3.0,358.0,1200.0
79863.31,0.0,140.0,101.9,24.35,15.96,186.0,35.65,149.9,29.39,35.62,34.6,94.5,15.65,76.0,99.9,355.0,3322.0,1.45,45.050000000000004,15.02,6.94,36.12,29.02,0.0,358.0,1200.0
79923.31,0.0,140.0,103.4,24.310000000000002,16.04,185.0,35.85,149.5,29.41,35.7,34.4,90.0,15.600000000000001,75.7,99.80000000000001,357.5,3324.0,1.52,45.1,15.06,6.97,36.0,28.990000000000002,0.0,355.0,1200.0
79983.31,0.0,140.0,102.5,24.39,15.97,186.0,35.800000000000004,150.1,29.45,35.660000000000004,34.6,91.5,15.700000000000001,75.60000000000001,99.80000000000001,363.5,3325.0,1.27,45.1,15.040000000000001,6.95,36.07,28.87,0.0,355.0,1200.0
80043.31,0.0,140.0,101.30000000000001,24.3,15.96,187.0,35.85,147.5,29.41,35.65,34.5,90.0,15.55,75.4,100.0,356.5,3327.0,1.3800000000000001,45.1,15.01,6.97,35.93,29.04,0.0,358.0,1200.0
80103.31,0.0,140.0,102.0,24.38,15.94,183.5,35.85,149.9,29.46,35.67,34.5,92.0,15.75,75.60000000000001,100.0,360.5,3328.0,1.25,45.0,15.02,7.04,36.11,29.07,0.0,359.0,1200.0
80163.31,0.0,140.0,101.0,24.35,16.0,186.5,35.95,148.1,29.41,35.62,34.5,92.5,15.700000000000001,75.8,99.5,359.0,3321.0,1.26,45.2,15.030000000000001,7.0,36.03,28.97,0.0,360.0,1200.0
80223.309,0.0,140.0,102.4,24.41,15.99,186.0,35.85,149.0,29.35,35.61,34.5,93.0,15.55,76.3,99.60000000000001,357.5,3328.0,1.35,45.1,15.02,7.01,36.01,29.01,0.0,354.0,1200.0
80283.309,0.0,140.0,102.9,24.44,16.01,186.5,35.85,148.6,29.36,35.62,34.65,90.5,15.65,76.10000000000001,99.80000000000001,361.0,3322.0,1.45,45.150000000000006,14.99,7.04,36.02,29.0,0.0,358.5,1200.0
80343.309,0.0,140.0,102.0,24.32,15.89,184.5,35.85,148.3,29.39,35.51,34.45,92.5,15.55,76.2,99.9,356.5,3324.0,1.46,45.0,14.950000000000001,7.0200000000000005,35.99,28.96,0.0,361.0,1200.0
80403.309,0.0,140.0,102.60000000000001,24.330000000000002,15.950000000000001,186.5,35.75,150.70000000000002,29.36,35.660000000000004,34.550000000000004,91.5,15.700000000000001,75.9,100.0,355.5,3325.0,1.47,45.2,15.01,6.97,35.94,29.01,3.0,355.5,1200.0
80463.309,0.0,140.0,101.60000000000001,24.38,15.99,184.5,35.95,148.1,29.39,35.61,34.7,92.0,15.600000000000001,76.0,100.0,355.5,3320.0,1.4000000000000001,45.1,14.89,6.99,35.95,29.09,0.0,357.5,1200.0
80523.309,0.0,140.0,100.2,24.5,16.0,186.5,35.800000000000004,148.70000000000002,29.3,35.56,34.7,90.0,15.65,75.7,99.5,358.0,3323.0,1.34,45.150000000000006,14.91,7.0,36.01,29.0,2.0,358.5,1200.0
80583.309,0.0,140.0,101.80000000000001,24.41,16.01,186.0,35.75,149.8,29.39,35.6,34.550000000000004,92.5,15.600000000000001,75.8,99.9,358.0,3326.0,1.45,45.1,14.98,6.96,36.06,29.03,1.0,358.0,1200.0
80643.309,0.0,140.0,102.60000000000001,24.37,16.0,183.5,35.800000000000004,148.3,29.44,35.56,34.5,91.5,15.700000000000001,75.8,100.0,355.0,3324.0,1.27,45.0,15.07,7.0,36.02,29.03,2.0,361.5,1200.0
80703.309,0.0,140.0,101.0,24.35,15.99,184.5,35.75,147.9,29.43,35.57,34.550000000000004,93.5,15.5,76.0,100.0,363.5,3327.0,1.53,45.2,15.030000000000001,6.97,36.01,29.060000000000002,0.0,356.0,1200.0
80763.309,0.0,140.0,101.80000000000001,24.36,16.02,186.5,35.75,151.0,29.43,35.71,34.550000000000004,90.0,15.65,75.60000000000001,99.7,358.0,3330.0,1.46,45.2,15.01,7.08,36.0,28.91,0.0,357.5,1200.0
80823.309,0.0,140.0,101.60000000000001,24.42,15.96,185.0,35.800000000000004,149.0,29.490000000000002,35.64,34.5,92.5,15.75,75.4,100.0,361.5,3332.0,1.4000000000000001,45.050000000000004,14.97,7.0200000000000005,36.0,29.0,0.0,359.5,1200.0
80883.309,0.0,140.0,101.60000000000001,24.37,15.96,186.5,35.9,148.4,29.47,35.67,34.6,93.0,15.700000000000001,75.4,99.80000000000001,360.0,3330.0,1.51,45.0,15.01,6.97,36.03,29.07,0.0,353.0,1200.0
80943.309,0.0,140.0,103.60000000000001,24.37,15.99,183.5,35.95,148.8,29.400000000000002,35.64,34.7,94.0,15.700000000000001,75.8,100.0,359.5,3330.0,1.3900000000000001,45.1,15.02,6.96,36.01,29.04,0.0,356.5,1200.0
81003.309,0.0,140.0,100.9,24.41,15.98,185.5,35.85,147.6,29.44,35.6,34.6,91.5,15.55,75.60000000000001,99.9,361.0,3333.0,1.37,45.050000000000004,15.0,7.04,36.03,28.990000000000002,0.0,356.0,1200.0
81063.309,0.0,140.0,102.10000000000001,24.41,16.04,188.5,35.75,150.3,29.490000000000002,35.7,34.5,92.0,15.600000000000001,76.0,100.0,355.0,3327.0,1.42,45.2,15.030000000000001,7.0200000000000005,36.06,29.02,1.0,360.5,1200.0
81123.309,0.0,140.0,100.5,24.32,16.11,187.5,36.0,148.3,29.43,35.68,34.550000000000004,91.5,15.700000000000001,75.8,99.9,359.0,3327.0,1.34,45.150000000000006,14.98,7.0,35.97,29.03,0.0,362.0,1200.0
81183.308,0.0,140.0,100.60000000000001,24.330000000000002,15.950000000000001,185.0,35.7,148.0,29.400000000000002,35.51,34.65,92.0,15.55,75.8,100.0,355.0,3326.0,1.34,45.150000000000006,14.98,6.93,35.95,28.97,2.0,362.5,1200.0
81243.308,0.0,140.0,101.9,24.32,15.88,186.5,35.85,149.1,29.41,35.54,34.7,92.5,15.600000000000001,75.9,100.0,354.5,3323.0,1.6,45.150000000000006,15.040000000000001,7.05,35.980000000000004,29.080000000000002,0.0,364.5,1200.0
81303.308,0.0,140.0,100.30000000000001,24.39,16.01,186.5,35.85,149.1,29.32,35.51,34.550000000000004,92.0,15.8,75.2,100.0,358.0,3324.0,1.43,45.2,15.02,6.87,36.04,28.990000000000002,1.0,353.0,1200.0
81363.308,0.0,140.0,102.2,24.35,16.0,186.0,35.800000000000004,147.9,29.28,35.57,34.5,93.0,15.65,75.9,99.80000000000001,357.5,3326.0,1.58,45.1,15.05,6.98,36.08,28.990000000000002,2.0,359.0,1200.0
81423.308,0.0,140.0,103.7,24.35,16.0,185.0,35.85,148.8,29.3,35.5,34.550000000000004,92.5,15.600000000000001,75.60000000000001,100.0,357.0,3324.0,1.44,45.300000000000004,15.040000000000001,7.0200000000000005,36.0,29.080000000000002,0.0,357.5,1200.0
81483.308,0.0,140.0,102.60000000000001,24.37,16.0,185.0,35.75,147.9,29.29,35.6,34.45,91.5,15.55,75.8,100.0,356.5,3314.0,1.37,45.050000000000004,14.96,7.01,35.96,29.1,0.0,353.5,1200.0
81543.308,0.0,140.0,101.9,24.36,15.98,184.0,35.75,148.4,29.32,35.47,34.4,93.0,15.5,75.3,99.80000000000001,349.5,3321.0,1.45,45.1,15.06,6.98,36.050000000000004,28.97,0.0,356.0,1200.0
81603.308,0.0,140.0,103.30000000000001,24.37,15.97,185.5,35.65,148.1,29.29,35.53,34.4,91.5,15.600000000000001,75.5,100.0,355.0,3316.0,1.5,45.0,15.0,6.97,36.050000000000004,28.990000000000002,0.0,352.0,1200.0
81663.308,0.0,140.0,101.4,24.34,16.04,186.5,35.800000000000004,148.8,29.26,35.54,34.550000000000004,93.0,15.600000000000001,75.9,99.7,356.0,3316.0,1.4000000000000001,45.050000000000004,15.02,7.05,35.910000000000004,29.05,2.0,353.0,1200.0
81723.308,0.0,140.0,102.9,24.34,15.950000000000001,186.0,35.75,147.8,29.310000000000002,35.550000000000004,34.35,93.0,15.65,76.0,100.0,356.5,3313.0,1.41,44.900000000000006,15.0,6.96,35.94,28.990000000000002,1.0,353.5,1200.0
81783.308,0.0,140.0,101.80000000000001,24.36,16.03,183.5,35.6,148.20000000000002,29.38,35.47,34.4,92.0,15.5,75.7,100.0,354.0,3315.0,1.32,44.95,14.96,7.01,36.1,28.93,4.0,354.0,1200.0
81843.308,0.0,140.0,101.9,24.32,15.99,185.5,35.7,149.3,29.25,35.43,34.45,90.5,15.65,74.9,99.9,356.0,3317.0,1.3,45.0,14.9,7.0200000000000005,36.06,29.22,0.0,354.5,1200.0
81903.308,0.0,140.0,101.5,24.36,16.01,186.0,35.550000000000004,148.1,29.400000000000002,35.52,34.25,92.5,15.5,75.9,100.0,356.0,3316.0,1.34,44.95,15.06,7.05,35.95,29.0,0.0,353.5,1200.0
81963.308,0.0,140.0,100.10000000000001,24.36,16.01,184.5,35.65,148.6,29.400000000000002,35.5,34.35,92.0,15.8,75.7,99.80000000000001,354.5,3313.0,1.54,44.75,15.030000000000001,7.03,35.99,28.93,0.0,354.0,1200.0
82023.308,0.0,140.0,100.7,24.37,15.99,186.5,35.800000000000004,149.0,29.28,35.550000000000004,34.35,91.5,15.75,76.0,99.80000000000001,355.5,3315.0,1.42,44.85,15.07,6.98,35.92,29.05,1.0,354.0,1200.0
82083.307,0.0,140.0,102.30000000000001,24.400000000000002,15.96,184.5,35.65,148.9,29.310000000000002,35.54,34.550000000000004,91.5,15.9,75.8,99.80000000000001,358.5,3315.0,1.59,44.900000000000006,15.1,7.0200000000000005,35.95,29.09,0.0,356.0,1200.0
82143.307,0.0,140.0,101.4,24.27,16.01,183.0,35.85,148.4,29.27,35.47,34.550000000000004,91.5,15.600000000000001,75.7,100.0,356.0,3319.0,1.3,44.85,14.99,7.01,36.02,28.94,1.0,355.5,1200.0
82203.307,0.0,140.0,101.60000000000001,24.36,15.96,186.0,35.550000000000004,148.9,29.29,35.52,34.5,92.5,15.65,75.2,100.0,353.0,3318.0,1.55,44.75,15.02,7.0200000000000005,36.04,29.04,0.0,356.5,1200.0
82263.307,0.0,140.0,101.30000000000001,24.34,15.98,182.5,35.85,148.5,29.310000000000002,35.47,34.4,91.0,15.450000000000001,75.9,99.7,356.0,3317.0,1.44,44.95,14.99,6.99,35.99,28.98,3.0,350.0,1200.0
82323.307,0.0,140.0,102.9,24.36,15.950000000000001,182.5,35.65,149.3,29.29,35.59,34.45,91.5,15.600000000000001,75.8,100.0,352.5,3311.0,1.33,45.0,14.950000000000001,6.97,35.94,29.01,4.0,355.0,1200.0
82383.307,0.0,140.0,101.9,24.400000000000002,16.0,186.0,35.6,149.4,29.25,35.42,34.45,91.5,15.5,75.8,99.7,352.5,3312.0,1.46,44.95,15.02,7.04,35.99,28.97,1.0,356.0,1200.0
82443.307,0.0,140.0,103.30000000000001,24.34,16.02,186.0,35.7,149.9,29.18,35.5,34.300000000000004,93.0,15.450000000000001,76.10000000000001,99.7,354.0,3309.0,1.52,44.95,14.93,6.96,35.99,29.0,0.0,354.0,1200.0
82503.307,0.0,140.0,102.4,24.3,16.01,186.5,35.45,148.1,29.23,35.37,34.4,93.5,15.600000000000001,76.10000000000001,99.7,354.5,3308.0,1.53,44.75,14.98,6.890000000000001,36.050000000000004,28.98,2.0,354.0,1200.0
82563.307,0.0,140.0,101.9,24.37,15.950000000000001,182.0,35.65,148.20000000000002,29.28,35.45,34.15,92.0,15.55,76.10000000000001,100.0,352.0,3306.0,1.43,44.75,15.040000000000001,7.08,35.99,28.89,2.0,353.5,1200.0
82623.307,0.0,140.0,101.60000000000001,24.3,15.950000000000001,185.0,35.45,148.70000000000002,29.29,35.300000000000004,34.35,93.5,15.5,75.60000000000001,100.0,352.0,3308.0,1.42,44.7,14.98,6.97,36.07,28.97,0.0,357.0,1200.0
82683.307,0.0,140.0,100.80000000000001,24.34,16.0,183.5,35.5,148.8,29.25,35.36,34.25,92.0,15.55,75.5,99.9,359.0,3304.0,1.48,44.75,14.98,7.03,35.95,29.07,1.0,353.5,1200.0
82743.307,0.0,140.0,101.4,24.330000000000002,15.99,182.0,35.65,149.3,29.19,35.36,34.300000000000004,92.5,15.700000000000001,76.4,100.0,352.5,3305.0,1.28,44.650000000000006,15.05,7.0600000000000005,35.94,29.060000000000002,0.0,347.5,1200.0
82803.307,0.0,140.0,102.10000000000001,24.330000000000002,16.01,182.5,35.45,149.3,29.150000000000002,35.33,34.35,92.5,15.65,75.5,100.0,353.0,3302.0,1.43,44.75,14.96,7.1000000000000005,35.95,29.03,0.0,351.0,1200.0
82863.307,0.0,140.0,100.9,24.240000000000002,15.98,186.5,35.75,147.3,29.19,35.31,34.35,93.5,15.55,75.8,100.0,343.5,3300.0,1.42,44.650000000000006,15.02,7.0600000000000005,36.06,29.0,0.0,348.5,1200.0
82923.307,0.0,140.0,100.7,24.37,15.92,183.5,35.45,148.9,29.21,35.38,34.2,90.0,15.450000000000001,75.9,99.5,350.5,3303.0,1.3800000000000001,44.6,15.040000000000001,6.99,35.92,29.02,0.0,349.0,1200.0
82983.307,0.0,140.0,102.5,24.34,16.0,183.5,35.550000000000004,149.4,29.14,35.410000000000004,34.2,93.5,15.75,75.2,99.9,350.0,3301.0,1.47,44.650000000000006,15.0,7.04,36.02,28.94,0.0,349.0,1200.0
83043.307,0.0,140.0,102.9,24.29,15.98,185.5,35.550000000000004,148.4,29.17,35.27,34.45,91.5,15.65,75.60000000000001,99.7,350.0,3302.0,1.35,44.45,15.040000000000001,7.0600000000000005,36.06,29.03,0.0,351.0,1200.0
83103.306,0.0,140.0,102.4,24.330000000000002,15.92,182.5,35.6,148.4,29.09,35.31,34.4,90.0,15.5,75.2,99.7,348.0,3303.0,1.35,44.6,14.99,6.96,35.97,29.07,0.0,352.0,1200.0
83163.306,0.0,140.0,101.4,24.26,16.03,184.5,35.6,149.3,29.19,35.37,34.35,93.0,15.55,75.7,99.7,349.5,3301.0,1.3,44.650000000000006,14.98,6.96,35.89,29.02,0.0,347.5,1200.0
83223.306,0.0,140.0,102.30000000000001,24.3,15.96,185.5,35.550000000000004,149.4,29.17,35.34,34.45,92.5,15.700000000000001,76.0,100.0,354.5,3296.0,1.41,44.45,14.98,7.09,36.06,28.94,0.0,353.5,1200.0
83283.306,0.0,140.0,104.2,24.26,16.03,187.0,35.45,148.70000000000002,29.11,35.32,34.35,92.5,15.700000000000001,75.9,99.9,345.5,3298.0,1.35,44.5,15.0,6.99,35.99,28.990000000000002,0.0,355.5,1200.0
83343.306,0.0,140.0,100.7,24.3,16.01,184.5,35.550000000000004,148.6,29.21,35.34,34.300000000000004,90.5,15.55,75.9,100.0,350.0,3301.0,1.42,44.5,14.97,6.97,36.08,28.98,2.0,349.5,1200.0
83403.306,0.0,140.0,100.30000000000001,24.37,16.06,186.5,35.6,149.4,29.240000000000002,35.32,34.300000000000004,91.5,15.700000000000001,76.0,99.80000000000001,347.0,3300.0,1.28,44.400000000000006,14.98,6.98,35.94,28.98,0.0,355.0,1200.0
83463.306,0.0,140.0,100.9,24.3,15.94,185.0,35.6,148.5,29.25,35.34,34.45,93.5,15.5,76.2,100.0,347.0,3297.0,1.3900000000000001,44.45,14.950000000000001,6.96,35.910000000000004,28.95,0.0,346.5,1200.0
83523.306,0.0,140.0,102.10000000000001,24.29,16.02,183.0,35.5,150.5,29.150000000000002,35.25,34.4,92.5,15.55,75.60000000000001,99.9,349.5,3296.0,1.42,44.45,14.99,7.05,36.01,29.02,0.0,346.5,1200.0
83583.306,0.0,140.0,103.0,24.32,15.97,183.0,35.550000000000004,149.9,29.16,35.300000000000004,34.4,90.5,15.65,75.8,100.0,349.0,3300.0,1.33,44.650000000000006,14.96,7.0200000000000005,35.97,29.07,1.0,350.0,1200.0
83643.306,0.0,140.0,102.60000000000001,24.23,15.99,182.0,35.550000000000004,148.8,29.17,35.26,34.300000000000004,92.0,15.55,75.9,100.0,346.0,3297.0,1.42,44.400000000000006,15.01,7.1000000000000005,36.02,28.98,0.0,346.5,1200.0
83703.306,0.0,140.0,101.4,24.21,16.03,185.5,35.65,149.5,29.18,35.29,34.35,94.0,15.600000000000001,76.10000000000001,100.0,349.5,3297.0,1.31,44.5,15.02,7.04,36.01,28.86,0.0,351.0,1200.0
83763.306,0.0,140.0,102.9,24.37,15.97,184.5,35.45,148.5,29.16,35.32,34.25,91.5,15.75,76.10000000000001,99.80000000000001,347.0,3301.0,1.61,44.650000000000006,15.040000000000001,6.98,36.03,28.98,3.0,351.5,1200.0
83823.306,0.0,140.0,101.4,24.32,15.98,184.0,35.4,148.0,29.25,35.21,34.35,92.5,15.700000000000001,76.10000000000001,99.9,352.0,3300.0,1.3900000000000001,44.6,14.97,6.96,35.9,29.0,1.0,350.0,1200.0
83883.306,0.0,140.0,101.60000000000001,24.27,15.96,182.5,35.6,149.6,29.1,35.25,34.4,90.0,15.5,75.60000000000001,99.80000000000001,349.5,3306.0,1.3,44.550000000000004,15.01,7.07,35.96,28.98,0.0,349.0,1200.0
83943.306,0.0,140.0,102.60000000000001,24.27,15.99,184.0,35.550000000000004,148.5,29.13,35.22,34.2,91.5,15.600000000000001,76.4,99.9,354.5,3296.0,1.24,44.400000000000006,15.040000000000001,6.98,35.980000000000004,29.02,0.0,348.5,1200.0
84003.306,0.0,140.0,102.2,24.29,16.0,181.0,35.4,148.6,29.150000000000002,35.34,34.2,94.0,15.55,75.7,99.9,349.0,3300.0,1.4000000000000001,44.6,15.0,6.95,35.99,29.07,0.0,349.0,1200.0
84063.305,0.0,140.0,102.30000000000001,24.34,16.03,183.5,35.300000000000004,147.5,29.09,35.26,34.25,89.5,15.600000000000001,76.10000000000001,100.0,353.5,3302.0,1.52,44.5,15.1,7.01,36.06,28.95,0.0,351.5,1200.0
84123.305,0.0,140.0,101.4,24.35,16.03,184.5,35.6,148.5,29.12,35.32,34.300000000000004,92.5,15.700000000000001,76.10000000000001,99.80000000000001,353.0,3292.0,1.41,44.5,15.0,7.0,35.95,29.09,0.0,351.5,1200.0
84183.305,0.0,140.0,101.7,24.310000000000002,15.96,185.0,35.6,148.8,29.19,35.35,34.300000000000004,91.5,15.65,76.5,99.9,349.0,3299.0,1.48,44.45,14.94,7.0,36.03,29.03,2.0,345.5,1200.0
84243.305,0.0,140.0,100.9,24.34,16.03,182.0,35.35,147.1,29.01,35.27,34.35,91.5,15.65,76.10000000000001,100.0,345.0,3294.0,1.31,44.5,15.05,7.05,36.02,28.96,0.0,345.0,1200.0
84303.305,0.0,140.0,102.2,24.29,15.97,182.5,35.35,148.5,29.04,35.31,34.050000000000004,93.5,15.600000000000001,75.60000000000001,100.0,352.0,3299.0,1.44,44.650000000000006,15.05,7.05,36.01,29.02,0.0,348.5,1200.0
84363.305,0.0,140.0,102.30000000000001,24.3,15.99,183.0,35.4,149.1,29.07,35.28,34.35,92.5,15.4,76.0,100.0,346.5,3298.0,1.54,44.400000000000006,15.05,7.0,36.07,29.04,0.0,350.0,1200.0
84423.305,0.0,140.0,102.0,24.330000000000002,15.92,181.5,35.25,150.0,29.1,35.24,34.300000000000004,92.0,15.65,75.8,99.9,349.0,3298.0,1.3,44.550000000000004,14.98,6.99,35.99,29.0,0.0,348.0,1200.0
84483.305,0.0,140.0,101.10000000000001,24.3,16.04,184.5,35.300000000000004,147.9,29.04,35.25,34.2,90.0,15.5,76.10000000000001,100.0,344.5,3291.0,1.5,44.400000000000006,14.94,7.01,35.99,28.98,2.0,348.5,1200.0
84543.305,0.0,140.0,102.80000000000001,24.400000000000002,15.97,182.0,35.4,147.9,29.09,35.25,34.15,92.0,15.55,75.3,99.7,346.5,3302.0,1.31,44.35,15.02,7.05,35.86,29.09,0.0,347.0,1200.0
84603.305,0.0,140.0,101.9,24.27,15.92,183.0,35.2,149.70000000000002,29.01,35.19,34.35,93.0,15.700000000000001,76.0,99.5,348.0,3300.0,1.37,44.25,15.040000000000001,6.97,35.97,28.990000000000002,0.0,347.0,1200.0
84663.305,0.0,140.0,101.10000000000001,24.32,15.97,181.5,35.5,149.9,29.080000000000002,35.160000000000004,34.300000000000004,91.5,15.65,76.0,100.0,343.0,3296.0,1.53,44.400000000000006,14.99,6.95,35.93,29.060000000000002,0.0,348.0,1200.0
84723.305,0.0,140.0,102.10000000000001,24.32,15.96,182.0,35.35,147.1,29.07,35.26,34.1,92.5,15.600000000000001,75.9,99.80000000000001,347.5,3298.0,1.36,44.400000000000006,14.98,7.05,36.13,29.04,0.0,349.0,1200.0
84783.305,0.0,140.0,102.0,24.27,16.0,184.5,35.550000000000004,147.3,29.13,35.19,34.25,93.5,15.600000000000001,76.10000000000001,100.0,345.5,3293.0,1.42,44.35,15.040000000000001,6.96,36.04,29.05,0.0,346.0,1200.0
84843.305,0.0,140.0,102.10000000000001,24.38,15.91,184.0,35.45,149.8,29.01,35.27,34.2,91.5,15.65,75.8,100.0,346.5,3300.0,1.35,44.2,15.02,6.97,36.15,29.14,2.0,350.0,1200.0
84903.305,0.0,140.0,101.9,24.330000000000002,15.96,184.0,35.45,149.1,29.05,35.300000000000004,34.25,94.0,15.700000000000001,76.10000000000001,100.0,347.0,3292.0,1.5,44.400000000000006,14.97,7.03,36.09,29.02,1.0,348.0,1200.0
84963.305,0.0,140.0,102.7,24.3,16.04,182.5,35.45,149.3,29.14,35.29,34.2,92.0,15.8,75.9,99.9,349.5,3297.0,1.45,44.45,14.98,6.94,36.03,29.02,0.0,346.5,1200.0
85023.305,0.0,140.0,101.10000000000001,24.34,15.950000000000001,185.0,35.35,149.5,29.11,35.35,34.300000000000004,92.5,15.700000000000001,76.0,99.9,350.0,3293.0,1.61,44.45,15.030000000000001,7.0,35.96,29.060000000000002,1.0,350.0,1200.0
85083.304,0.0,140.0,100.0,24.240000000000002,15.950000000000001,184.0,35.35,148.8,29.04,35.28,34.25,92.5,15.65,75.3,100.0,350.0,3291.0,1.41,44.45,14.96,7.0600000000000005,36.01,29.03,0.0,350.0,1200.0
85143.304,0.0,140.0,102.2,24.400000000000002,16.0,183.5,35.4,147.3,29.05,35.2,34.15,91.0,15.600000000000001,75.9,100.0,344.5,3301.0,1.3,44.400000000000006,14.97,6.97,35.980000000000004,29.01,3.0,347.0,1200.0
85203.304,0.0,140.0,102.7,24.27,16.02,183.5,35.6,148.5,29.080000000000002,35.230000000000004,34.1,93.5,15.600000000000001,76.3,99.80000000000001,350.0,3299.0,1.56,44.45,14.96,7.0600000000000005,36.04,28.95,2.0,345.0,1200.0
85263.304,0.0,140.0,101.2,24.38,15.98,184.5,35.35,149.5,29.05,35.21,34.300000000000004,90.0,15.55,76.3,99.80000000000001,348.0,3298.0,1.44,44.35,15.07,7.03,35.93,29.080000000000002,2.0,348.0,1200.0
85323.304,0.0,140.0,102.60000000000001,24.25,16.07,185.0,35.5,148.8,29.14,35.2,34.15,92.5,15.55,75.7,99.5,348.0,3299.0,1.17,44.45,15.01,7.0,35.96,29.080000000000002,1.0,348.0,1200.0
85383.304,0.0,140.0,101.80000000000001,24.25,16.06,186.0,35.35,149.1,29.09,35.27,34.300000000000004,94.5,15.5,76.10000000000001,100.0,350.0,3296.0,1.3800000000000001,44.45,15.02,6.99,36.0,29.03,0.0,348.0,1200.0
85443.304,0.0,140.0,102.9,24.27,16.02,184.5,35.35,149.6,29.2,35.33,34.4,93.5,15.55,75.9,99.7,346.0,3301.0,1.37,44.5,15.040000000000001,7.0600000000000005,36.04,29.01,1.0,352.0,1200.0
85503.304,0.0,140.0,102.4,24.32,16.02,181.0,35.4,149.4,29.150000000000002,35.36,34.25,92.5,15.700000000000001,76.10000000000001,100.0,349.0,3303.0,1.47,44.45,15.05,6.94,35.94,28.990000000000002,1.0,356.5,1200.0
85563.304,0.0,140.0,102.0,24.27,15.94,182.5,35.5,150.0,29.060000000000002,35.31,34.1,93.0,15.450000000000001,75.8,99.7,351.5,3300.0,1.45,44.550000000000004,14.96,6.96,36.01,29.01,0.0,342.5,1200.0
85623.304,0.0,140.0,101.5,24.310000000000002,15.97,184.0,35.65,148.5,29.17,35.36,34.25,93.0,15.700000000000001,75.60000000000001,99.9,344.0,3298.0,1.54,44.400000000000006,14.96,7.0,36.03,28.96,0.0,349.5,1200.0
85683.304,0.0,140.0,100.4,24.34,15.93,184.0,35.550000000000004,149.5,29.22,35.37,34.4,90.5,15.600000000000001,75.7,99.5,349.5,3297.0,1.3900000000000001,44.5,15.02,6.95,36.02,29.150000000000002,0.0,351.0,1200.0
85743.304,0.0,140.0,102.80000000000001,24.21,16.04,184.0,35.5,148.20000000000002,29.21,35.39,34.15,91.0,15.65,75.60000000000001,99.9,352.0,3299.0,1.22,44.45,15.02,7.04,35.99,29.0,0.0,351.5,1200.0
85803.304,0.0,140.0,103.5,24.310000000000002,15.97,182.0,35.5,148.0,29.23,35.37,34.35,93.0,15.600000000000001,75.4,99.7,350.5,3298.0,1.3900000000000001,44.550000000000004,15.08,6.94,36.01,28.98,0.0,350.5,1200.0
85863.304,0.0,140.0,101.0,24.240000000000002,15.950000000000001,182.5,35.5,149.5,29.27,35.4,34.35,93.0,15.5,76.2,100.0,349.5,3299.0,1.44,44.550000000000004,14.96,7.08,35.9,28.96,0.0,348.0,1200.0
85923.304,0.0,140.0,102.5,24.26,16.03,184.0,35.5,148.9,29.25,35.37,34.300000000000004,92.5,15.600000000000001,75.5,99.4,354.5,3302.0,1.34,44.35,15.01,6.98,36.01,28.95,0.0,349.0,1200.0
85983.304,0.0,140.0,101.9,24.29,16.06,181.5,35.550000000000004,149.1,29.13,35.21,34.35,91.5,15.450000000000001,75.0,100.0,347.0,3298.0,1.44,44.5,15.05,7.04,35.93,29.03,3.0,353.5,1200.0
86043.304,0.0,140.0,100.60000000000001,24.29,15.950000000000001,184.0,35.35,149.1,29.21,35.37,34.5,91.0,15.55,75.5,100.0,350.5,3298.0,1.3800000000000001,44.400000000000006,14.99,7.05,36.01,29.04,1.0,350.5,1200.0
86103.303,0.0,140.0,101.7,24.310000000000002,15.950000000000001,184.5,35.4,148.4,29.19,35.34,34.4,92.5,15.55,75.2,100.0,347.5,3296.0,1.45,44.35,15.030000000000001,6.97,35.95,29.01,0.0,347.5,1200.0
86163.303,0.0,140.0,101.60000000000001,24.240000000000002,15.97,183.5,35.6,149.70000000000002,29.18,35.300000000000004,34.4,94.0,15.55,75.7,99.60000000000001,348.0,3295.0,1.59,44.35,15.030000000000001,6.99,35.980000000000004,29.060000000000002,4.0,349.0,1200.0
86223.303,0.0,140.0,102.2,24.35,15.96,183.0,35.35,148.4,29.19,35.32,34.300000000000004,91.0,15.700000000000001,75.0,100.0,348.0,3298.0,1.31,44.5,14.96,6.98,36.01,28.990000000000002,0.0,351.5,1200.0
86283.303,0.0,140.0,101.4,24.310000000000002,16.01,185.0,35.6,147.4,29.240000000000002,35.32,34.4,92.0,15.75,75.7,99.9,352.5,3299.0,1.26,44.400000000000006,14.91,6.96,35.97,29.07,0.0,348.5,1200.0
86343.303,0.0,140.0,101.5,24.32,15.98,183.0,35.7,149.4,29.19,35.33,34.300000000000004,93.5,15.600000000000001,76.3,100.0,348.5,3296.0,1.52,44.45,15.08,7.08,36.050000000000004,29.01,0.0,350.5,1200.0
86403.303,3.303,140.0,101.80000000000001,24.42,16.09,187.5,35.85,149.0,29.48,35.67,34.550000000000004,92.0,15.850000000000001,75.60000000000001,99.80000000000001,358.5,3298.0,1.45,44.550000000000004,15.0,6.99,36.09,28.990000000000002,2.0,355.0,1200.0
86463.303,63.303,140.0,102.80000000000001,24.42,16.06,186.5,35.800000000000004,149.70000000000002,29.52,35.7,34.5,93.5,15.65,75.4,100.0,354.5,3321.0,1.3,44.650000000000006,14.98,6.97,35.99,29.04,2.0,355.0,1200.0
86523.303,123.303,140.0,102.30000000000001,24.32,16.080000000000002,185.5,35.85,150.20000000000002,29.48,35.74,34.6,91.0,15.600000000000001,75.60000000000001,99.80000000000001,353.5,3322.0,1.32,44.800000000000004,14.98,7.04,36.03,28.92,0.0,358.5,1200.0
86583.303,183.303,140.0,102.0,24.35,16.02,186.0,35.9,148.6,29.53,35.61,34.5,91.0,15.850000000000001,75.5,100.0,355.5,3323.0,1.33,44.75,14.98,6.96,36.02,28.95,0.0,357.0,1200.0
86643.303,243.303,140.0,101.0,24.39,15.97,185.0,35.9,149.6,29.42,35.67,34.4,92.0,15.600000000000001,75.5,100.0,354.5,3322.0,1.57,44.800000000000004,15.02,6.95,36.01,29.05,0.0,357.0,1200.0
86703.303,303.303,140.0,101.2,24.22,16.02,185.0,35.75,149.70000000000002,29.560000000000002,35.64,34.45,92.5,15.55,75.9,100.0,356.0,3326.0,1.48,44.800000000000004,15.0,6.99,35.910000000000004,29.03,0.0,359.0,1200.0
86763.303,363.303,140.0,101.9,24.42,16.01,186.0,35.85,149.4,29.44,35.54,34.65,92.5,15.65,76.0,99.80000000000001,352.5,3319.0,1.28,44.800000000000004,15.02,6.97,35.97,29.03,0.0,357.0,1200.0
86823.303,423.303,140.0,103.7,24.37,16.03,185.5,35.7,148.70000000000002,29.44,35.61,34.550000000000004,92.5,15.700000000000001,75.60000000000001,100.0,357.5,3325.0,1.49,44.800000000000004,14.98,6.94,36.03,29.01,1.0,354.0,1200.0
86883.303,483.303,140.0,100.60000000000001,24.36,16.01,185.5,35.800000000000004,148.8,29.41,35.63,34.550000000000004,92.0,15.65,75.9,100.0,358.5,3321.0,1.43,44.85,15.0,7.05,35.94,28.96,1.0,358.5,1200.0
86943.303,543.303,140.0,102.9,24.38,15.97,186.0,35.75,148.1,29.41,35.61,34.45,91.5,15.450000000000001,75.5,100.0,357.5,3324.0,1.25,44.900000000000006,15.01,6.98,36.02,29.02,0.0,351.0,1200.0
87003.303,603.303,140.0,102.60000000000001,24.400000000000002,15.99,185.5,35.800000000000004,149.20000000000002,29.400000000000002,35.53,34.4,91.5,15.5,75.5,100.0,357.0,3318.0,1.51,45.0,15.0,7.0200000000000005,35.95,29.0,3.0,355.5,1200.0
87063.303,663.303,140.0,101.4,24.29,15.99,186.0,35.800000000000004,148.6,29.38,35.59,34.5,92.5,15.700000000000001,76.0,100.0,357.0,3319.0,1.3,45.0,15.030000000000001,6.98,35.94,28.97,0.0,355.5,1200.0
87123.302,723.302,140.0,102.7,24.35,15.950000000000001,184.5,35.9,148.5,29.400000000000002,35.62,34.6,89.5,15.5,76.0,100.0,352.5,3322.0,1.37,45.050000000000004,14.97,7.04,36.03,28.95,2.0,354.5,1200.0
87183.302,783.302,140.0,102.10000000000001,24.36,16.0,184.0,35.85,148.20000000000002,29.400000000000002,35.63,34.5,92.0,15.600000000000001,76.2,99.5,353.0,3323.0,1.45,45.0,14.98,6.95,35.97,29.1,1.0,357.0,1200.0
87243.302,843.302,140.0,101.7,24.330000000000002,16.0,184.5,35.9,149.1,29.48,35.46,34.6,92.5,15.600000000000001,76.10000000000001,100.0,355.0,3327.0,1.23,44.95,15.040000000000001,6.98,35.95,29.02,1.0,355.0,1200.0
87303.302,903.302,140.0,101.9,24.46,15.98,186.0,35.75,149.0,29.42,35.59,34.550000000000004,91.5,15.55,75.7,100.0,355.0,3321.0,1.3900000000000001,44.95,15.040000000000001,7.04,35.95,28.95,1.0,356.0,1200.0
87363.302,963.302,140.0,102.9,24.39,16.01,187.5,35.7,149.1,29.41,35.550000000000004,34.550000000000004,93.5,15.700000000000001,76.10000000000001,100.0,359.0,3328.0,1.27,44.85,15.05,6.9,35.96,29.02,0.0,353.0,1200.0
87423.302,1023.302,140.0,101.80000000000001,24.42,16.03,184.5,35.85,148.70000000000002,29.37,35.63,34.550000000000004,91.0,15.65,76.3,100.0,358.0,3324.0,1.43,45.050000000000004,14.99,7.0,35.99,28.97,2.0,359.0,1200.0
87483.302,1083.302,140.0,101.60000000000001,24.400000000000002,16.02,185.0,35.9,146.6,29.36,35.63,34.65,92.0,15.700000000000001,75.7,100.0,358.0,3331.0,1.43,45.050000000000004,14.99,7.03,35.99,29.03,0.0,355.5,1200.0
87543.302,1143.302,140.0,101.30000000000001,24.310000000000002,16.04,184.5,35.85,148.6,29.37,35.62,34.5,92.0,15.65,76.4,100.0,363.5,3326.0,1.3800000000000001,45.1,15.01,7.03,35.96,28.98,0.0,360.5,1200.0
87603.302,1203.302,140.0,101.9,24.42,15.99,185.5,35.95,151.6,29.45,35.65,34.550000000000004,91.5,15.55,75.9,99.80000000000001,359.0,3328.0,1.47,45.1,15.05,6.98,36.06,28.91,1.0,361.0,1200.0
87663.302,1263.302,140.0,101.7,24.44,15.99,185.5,35.800000000000004,148.8,29.43,35.68,34.6,93.0,15.600000000000001,76.0,99.9,362.0,3332.0,1.33,45.2,15.040000000000001,6.99,36.03,28.990000000000002,5.0,356.5,1200.0
87723.302,1323.302,140.0,102.5,24.39,15.99,183.5,35.9,148.70000000000002,29.37,35.65,34.6,92.0,15.55,76.60000000000001,99.7,360.5,3330.0,1.2,45.2,14.96,6.97,35.93,28.91,0.0,356.5,1200.0
87783.302,1383.302,140.0,102.0,24.42,15.89,186.5,35.800000000000004,149.4,29.41,35.58,34.6,91.5,15.600000000000001,76.2,100.0,360.5,3339.0,1.3900000000000001,45.1,14.96,6.99,35.96,29.05,2.0,362.5,1200.0
87843.302,1443.302,140.0,102.9,24.39,16.0,187.0,35.7,150.20000000000002,29.44,35.68,34.65,89.5,15.75,76.4,100.0,359.0,3338.0,1.49,45.25,15.040000000000001,7.0200000000000005,36.0,29.080000000000002,1.0,362.0,1200.0
87903.302,1503.302,140.0,102.2,24.41,15.98,184.0,35.85,149.3,29.400000000000002,35.660000000000004,34.550000000000004,93.0,15.600000000000001,76.5,99.4,358.5,3335.0,1.31,45.35,14.99,6.99,36.04,28.97,0.0,361.5,1200.0
87963.302,1563.302,140.0,103.5,24.310000000000002,15.96,185.5,35.85,149.5,29.37,35.62,34.45,94.5,15.450000000000001,76.2,100.0,360.0,3335.0,1.4000000000000001,45.2,15.0,7.04,36.01,28.95,0.0,358.0,1200.0
88023.302,1623.302,140.0,102.0,24.44,15.98,183.5,35.800000000000004,149.6,29.44,35.660000000000004,34.65,90.0,15.75,75.8,99.9,364.5,3335.0,1.46,45.150000000000006,15.0,7.0200000000000005,36.01,29.03,2.0,355.5,1200.0
88083.302,1683.302,140.0,103.60000000000001,24.42,15.99,185.0,35.9,149.9,29.44,35.71,34.550000000000004,92.5,15.65,76.3,99.80000000000001,356.5,3332.0,1.29,45.300000000000004,14.99,6.99,36.0,29.03,1.0,362.5,1200.0
88143.302,1743.302,140.0,102.30000000000001,24.310000000000002,15.99,186.0,35.75,149.6,29.39,35.56,34.6,93.0,15.55,76.2,100.0,357.0,3336.0,1.31,45.35,14.99,7.01,36.03,29.080000000000002,0.0,351.5,1200.0
88203.301,1803.301,140.0,102.9,24.39,15.96,185.5,35.7,149.6,29.36,35.61,34.65,92.0,15.600000000000001,76.4,99.5,359.0,3331.0,1.41,45.45,14.99,7.0,35.97,29.01,0.0,361.0,1200.0
88263.301,1863.301,140.0,100.30000000000001,24.38,15.98,185.0,35.95,148.8,29.42,35.67,34.5,92.0,15.700000000000001,76.10000000000001,100.0,359.5,3333.0,1.3800000000000001,45.25,14.99,7.03,36.02,28.990000000000002,2.0,362.0,1200.0
88323.301,1923.301,140.0,101.5,24.39,16.06,185.0,35.800000000000004,150.5,29.37,35.59,34.6,92.0,15.600000000000001,75.9,100.0,356.0,3327.0,1.49,45.2,15.030000000000001,6.99,36.03,28.97,0.0,357.5,1200.0
88383.301,1983.301,140.0,102.2,24.400000000000002,16.04,184.0,35.7,150.5,29.35,35.57,34.7,92.0,15.600000000000001,76.5,100.0,363.0,3334.0,1.51,45.300000000000004,15.02,7.0200000000000005,36.06,28.97,1.0,361.0,1200.0
88443.301,2043.301,140.0,100.9,24.41,16.02,185.0,35.9,149.1,29.36,35.58,34.550000000000004,91.5,15.5,76.2,99.9,356.0,3326.0,1.5,45.1,14.98,6.92,36.0,29.080000000000002,0.0,358.0,1200.0
88503.301,2103.301,140.0,103.4,24.35,15.99,185.0,35.800000000000004,145.9,29.38,35.61,34.550000000000004,91.5,15.600000000000001,76.7,100.0,353.5,3334.0,1.3,45.25,15.0,7.0,36.03,28.92,0.0,359.0,1200.0
88563.301,2163.301,140.0,101.2,24.400000000000002,16.03,184.5,35.75,149.70000000000002,29.36,35.550000000000004,34.5,92.0,15.65,76.10000000000001,100.0,359.5,3335.0,1.27,45.35,15.05,6.96,36.07,29.02,0.0,357.0,1200.0
88623.301,2223.301,140.0,101.7,24.37,15.97,186.5,35.85,149.20000000000002,29.39,35.58,34.5,92.5,15.5,75.7,99.60000000000001,359.0,3330.0,1.36,45.300000000000004,14.89,6.99,36.01,28.97,0.0,359.0,1200.0
88683.301,2283.301,140.0,102.7,24.42,16.01,185.5,35.85,149.8,29.35,35.57,34.65,93.5,15.600000000000001,76.2,99.80000000000001,362.5,3330.0,1.27,45.25,15.07,6.98,36.01,28.94,0.0,360.5,1200.0
88743.301,2343.301,140.0,101.2,24.37,15.88,185.0,35.9,148.70000000000002,29.39,35.61,34.65,94.0,15.700000000000001,75.60000000000001,99.7,356.0,3334.0,1.47,45.25,15.01,7.0600000000000005,36.01,29.02,2.0,361.5,1200.0
88803.301,2403.301,140.0,102.2,24.34,16.03,185.5,35.85,148.70000000000002,29.29,35.57,34.550000000000004,93.5,15.65,76.4,100.0,358.0,3331.0,1.28,45.25,15.02,7.01,36.09,29.060000000000002,1.0,361.0,1200.0
88863.301,2463.301,140.0,102.10000000000001,24.41,16.02,184.5,35.85,148.0,29.34,35.53,34.550000000000004,94.0,15.700000000000001,75.8,100.0,362.0,3329.0,1.5,45.150000000000006,14.97,6.98,35.95,28.96,0.0,356.5,1200.0
88923.301,2523.301,140.0,102.7,24.400000000000002,16.01,183.5,35.75,147.8,29.3,35.54,34.550000000000004,92.0,15.55,75.9,99.80000000000001,354.5,3325.0,1.52,45.1,15.0,6.98,35.97,28.96,3.0,360.0,1200.0
88983.301,2583.301,140.0,103.4,24.34,16.02,186.5,35.800000000000004,149.3,29.41,35.5,34.45,92.0,15.5,76.5,100.0,356.0,3329.0,1.52,45.150000000000006,14.99,7.07,35.99,29.0,0.0,356.0,1200.0
89043.301,2643.301,140.0,100.30000000000001,24.36,16.02,186.0,35.7,149.20000000000002,29.41,35.5,34.65,90.0,15.75,76.5,99.9,356.5,3336.0,1.41,45.35,15.040000000000001,7.04,36.09,28.97,0.0,360.5,1200.0
89103.301,2703.301,140.0,101.0,24.27,15.98,184.0,35.75,148.20000000000002,29.26,35.61,34.35,91.5,15.600000000000001,75.9,100.0,357.5,3332.0,1.31,45.300000000000004,15.05,6.95,36.0,29.0,0.0,358.5,1200.0
89163.301,2763.301,140.0,101.10000000000001,24.38,15.97,185.5,35.65,149.4,29.29,35.51,34.4,91.5,15.55,75.8,100.0,360.0,3327.0,1.41,45.300000000000004,15.05,7.0200000000000005,36.06,28.990000000000002,0.0,356.0,1200.0
89223.301,2823.301,140.0,102.80000000000001,24.37,16.02,185.0,35.7,149.3,29.3,35.480000000000004,34.5,92.0,15.75,75.5,100.0,353.5,3329.0,1.47,45.25,15.05,7.0,35.92,28.96,1.0,358.5,1200.0
89283.3,2883.3,140.0,102.80000000000001,24.310000000000002,16.02,184.0,35.6,150.9,29.34,35.52,34.5,93.5,15.700000000000001,76.80000000000001,100.0,361.5,3325.0,1.41,45.1,15.01,6.97,36.04,29.060000000000002,0.0,359.0,1200.0
89343.3,2943.3,140.0,101.4,24.37,15.89,183.5,35.550000000000004,148.5,29.23,35.61,34.6,92.0,15.600000000000001,76.2,100.0,363.0,3330.0,1.58,45.150000000000006,14.96,7.0,36.06,29.02,1.0,355.5,1200.0
89403.3,3003.3,140.0,103.10000000000001,24.36,15.97,185.0,35.800000000000004,147.9,29.28,35.43,34.45,90.5,15.55,76.5,100.0,354.5,3332.0,1.35,45.1,15.05,6.9,36.06,29.02,0.0,357.5,1200.0
89463.3,3063.3,140.0,100.60000000000001,24.41,15.98,183.5,35.85,149.1,29.41,35.51,34.6,93.0,15.75,76.0,100.0,359.5,3329.0,1.35,45.300000000000004,15.040000000000001,6.97,35.980000000000004,29.080000000000002,0.0,354.0,1200.0
89523.3,3123.3,140.0,101.80000000000001,24.39,16.05,182.0,35.65,147.70000000000002,29.21,35.51,34.550000000000004,93.0,15.600000000000001,76.5,100.0,360.0,3321.0,1.5,45.1,14.98,6.99,36.04,28.98,1.0,356.0,1200.0
89583.3,3183.3,140.0,102.4,24.34,16.0,185.5,35.7,150.8,29.35,35.57,34.35,90.5,15.65,76.10000000000001,99.80000000000001,358.0,3326.0,1.3,44.95,15.02,7.0,36.0,29.01,1.0,352.0,1200.0
89643.3,3243.3,140.0,100.4,24.39,16.02,185.0,35.9,148.9,29.39,35.46,34.5,91.0,15.600000000000001,75.9,99.5,358.0,3326.0,1.61,45.050000000000004,15.040000000000001,7.0,36.06,29.080000000000002,2.0,361.0,1200.0
89703.3,3303.3,140.0,100.0,24.32,15.9,185.0,35.7,148.5,29.42,35.45,34.4,90.5,15.700000000000001,75.9,100.0,357.5,3325.0,1.42,45.050000000000004,15.040000000000001,6.84,35.95,29.04,1.0,358.0,1200.0
89763.3,3363.3,140.0,104.30000000000001,24.330000000000002,16.04,185.0,35.800000000000004,148.4,29.3,35.43,34.5,93.0,15.700000000000001,76.4,100.0,355.5,3327.0,1.43,45.25,15.02,7.0200000000000005,36.0,28.97,0.0,360.5,1200.0
89823.3,3423.3,140.0,101.4,24.330000000000002,16.01,185.5,35.7,148.5,29.240000000000002,35.550000000000004,34.550000000000004,93.5,15.600000000000001,76.4,100.0,353.0,3322.0,1.26,45.050000000000004,15.05,6.97,36.01,28.95,1.0,357.0,1200.0
89883.3,3483.3,140.0,102.9,24.34,15.950000000000001,184.0,35.65,149.0,29.29,35.51,34.5,90.5,15.65,76.5,100.0,353.0,3322.0,1.41,45.050000000000004,15.07,6.97,35.96,28.990000000000002,3.0,357.5,1200.0
89943.3,3543.3,140.0,102.60000000000001,24.400000000000002,15.96,185.0,35.5,149.3,29.36,35.46,34.5,90.5,15.65,75.7,99.80000000000001,359.5,3321.0,1.42,45.1,14.98,7.01,35.99,29.0,0.0,353.0,1200.0
90003.3,3603.3,140.0,103.30000000000001,24.27,15.97,185.0,35.75,151.20000000000002,29.330000000000002,35.54,34.5,91.5,15.5,75.8,99.30000000000001,353.5,3325.0,1.48,44.95,15.0,7.05,35.980000000000004,28.97,0.0,356.0,1200.0
90063.3,3663.3,140.0,102.2,24.39,15.91,186.0,35.7,150.0,29.310000000000002,35.61,34.45,92.5,15.600000000000001,75.7,100.0,359.0,3324.0,1.43,45.1,15.06,7.0,35.99,28.990000000000002,2.0,353.5,1200.0
90123.3,3723.3,140.0,101.30000000000001,24.37,16.01,186.0,35.65,148.5,29.34,35.5,34.5,92.0,15.600000000000001,76.0,99.60000000000001,355.0,3322.0,1.48,44.95,14.96,6.99,36.03,28.97,0.0,356.5,1200.0
90183.3,3783.3,140.0,101.10000000000001,24.310000000000002,16.01,185.5,35.7,150.20000000000002,29.27,35.550000000000004,34.5,93.0,15.5,76.10000000000001,100.0,357.0,3326.0,1.28,45.1,15.040000000000001,7.01,36.13,29.09,0.0,360.0,1200.0
90243.3,3843.3,140.0,101.9,24.37,16.01,185.5,35.550000000000004,148.4,29.19,35.57,34.550000000000004,94.0,15.5,76.7,99.80000000000001,354.0,3321.0,1.46,45.1,15.030000000000001,6.98,36.04,29.0,1.0,358.0,1200.0
90303.3,3903.3,140.0,104.30000000000001,24.400000000000002,15.94,185.0,35.85,150.5,29.38,35.53,34.4,89.0,15.600000000000001,75.9,99.5,354.0,3327.0,1.5,44.95,14.99,6.93,36.050000000000004,29.0,0.0,352.5,1200.0
90363.299,3963.299,140.0,101.80000000000001,24.37,15.96,184.5,35.7,149.70000000000002,29.32,35.44,34.5,92.0,15.5,76.3,99.9,356.0,3327.0,1.41,45.0,15.02,6.99,36.02,29.060000000000002,0.0,353.0,1200.0
90423.299,4023.299,140.0,99.60000000000001,24.38,16.01,186.0,35.7,148.70000000000002,29.25,35.56,34.4,90.0,15.55,76.0,99.9,359.0,3323.0,1.3900000000000001,45.050000000000004,15.02,6.96,35.99,29.060000000000002,0.0,356.5,1200.0
90483.299,4083.299,140.0,103.10000000000001,24.45,16.06,187.0,35.550000000000004,148.0,29.29,35.53,34.5,91.5,15.55,76.10000000000001,99.9,358.5,3330.0,1.36,45.0,15.030000000000001,6.99,36.0,28.97,0.0,358.0,1200.0
90543.299,4143.299,140.0,100.80000000000001,24.44,15.97,183.0,35.5,147.9,29.2,35.54,34.45,93.5,15.65,76.60000000000001,100.0,359.5,3323.0,1.22,44.95,14.950000000000001,7.0,36.04,28.91,0.0,353.0,1200.0
90603.299,4203.299,140.0,102.4,24.38,15.96,185.0,35.65,149.3,29.26,35.43,34.5,92.0,15.65,76.2,99.4,354.0,3328.0,1.3800000000000001,45.1,14.97,7.03,36.0,29.02,0.0,355.5,1200.0
90663.299,4263.299,140.0,101.0,24.34,15.96,183.0,35.6,147.9,29.29,35.5,34.5,95.0,15.600000000000001,76.7,100.0,356.5,3325.0,1.48,45.050000000000004,14.98,6.99,35.980000000000004,29.060000000000002,1.0,357.0,1200.0
90723.299,4323.299,140.0,100.30000000000001,24.36,16.03,184.0,35.7,148.70000000000002,29.330000000000002,35.54,34.5,91.5,15.700000000000001,76.80000000000001,100.0,358.5,3330.0,1.41,45.2,15.01,7.05,35.94,28.98,1.0,357.5,1200.0
90783.299,4383.299,140.0,103.10000000000001,24.44,15.98,186.0,35.75,149.70000000000002,29.34,35.57,34.45,93.5,15.5,76.2,99.4,356.0,3334.0,1.2,45.050000000000004,14.99,7.04,35.99,29.02,1.0,362.0,1200.0
90843.299,4443.299,140.0,100.9,24.330000000000002,15.96,183.0,35.65,148.4,29.34,35.550000000000004,34.35,92.0,15.65,76.80000000000001,99.9,354.5,3325.0,1.58,45.1,15.0,7.0,36.0,29.0,0.0,357.5,1200.0
90903.299,4503.299,140.0,102.10000000000001,24.39,15.96,185.5,35.6,151.0,29.37,35.54,34.300000000000004,92.5,15.55,76.80000000000001,100.0,359.0,3332.0,1.49,44.900000000000006,14.950000000000001,7.0200000000000005,36.09,28.96,0.0,361.0,1200.0
90963.299,4563.299,140.0,102.80000000000001,24.46,15.950000000000001,183.0,35.800000000000004,150.3,29.38,35.46,34.45,93.5,15.8,77.10000000000001,100.0,357.5,3333.0,1.2,45.150000000000006,14.99,6.95,36.06,28.96,2.0,360.0,1200.0
91023.299,4623.299,140.0,101.7,24.37,15.96,185.0,35.6,148.8,29.22,35.54,34.5,95.5,15.8,76.9,100.0,361.0,3331.0,1.27,45.150000000000006,14.97,7.03,36.050000000000004,29.0,0.0,356.0,1200.0
91083.299,4683.299,140.0,102.10000000000001,24.400000000000002,15.98,187.0,35.800000000000004,150.0,29.28,35.550000000000004,34.45,92.0,15.450000000000001,76.3,99.80000000000001,358.5,3327.0,1.5,45.050000000000004,14.99,6.98,36.12,28.97,0.0,356.5,1200.0
91143.299,4743.299,140.0,100.30000000000001,24.41,15.97,185.0,35.550000000000004,149.0,29.28,35.46,34.550000000000004,93.5,15.65,76.4,99.9,365.5,3333.0,1.31,45.150000000000006,14.93,7.01,35.97,29.04,0.0,359.0,1200.0
91203.299,4803.299,140.0,101.5,24.37,16.02,184.5,35.550000000000004,146.9,29.21,35.53,34.4,91.5,15.65,76.60000000000001,99.30000000000001,362.5,3333.0,1.49,45.1,14.94,7.05,35.97,28.94,0.0,353.5,1200.0
91263.299,4863.299,140.0,102.2,24.43,16.01,185.0,35.65,150.6,29.28,35.38,34.45,92.5,15.700000000000001,76.3,100.0,359.5,3327.0,1.28,45.1,15.01,7.04,35.980000000000004,29.1,0.0,357.0,1200.0
91323.299,4923.299,140.0,101.9,24.29,15.99,183.0,35.7,148.5,29.25,35.49,34.4,92.5,15.600000000000001,76.7,100.0,357.0,3331.0,1.4000000000000001,45.150000000000006,14.99,7.01,35.94,29.05,3.0,357.5,1200.0
91383.299,4983.299,140.0,101.7,24.330000000000002,15.97,184.0,35.45,147.5,29.240000000000002,35.46,34.4,93.5,15.600000000000001,76.80000000000001,100.0,355.0,3331.0,1.32,45.150000000000006,14.97,6.99,36.02,29.02,0.0,350.0,1200.0
91443.299,5043.299,140.0,103.0,24.41,16.06,184.0,35.6,148.8,29.19,35.43,34.5,92.5,15.700000000000001,76.5,100.0,355.0,3330.0,1.24,45.1,15.030000000000001,6.99,35.97,28.93,0.0,356.5,1200.0
91503.298,5103.298,140.0,102.30000000000001,24.330000000000002,16.01,184.0,35.550000000000004,148.3,29.2,35.46,34.4,93.0,15.600000000000001,76.2,99.7,357.0,3324.0,1.37,45.050000000000004,14.94,7.0,36.06,29.02,1.0,357.0,1200.0
91563.298,5163.298,140.0,102.2,24.38,16.0,184.0,35.4,147.4,29.25,35.43,34.45,91.5,15.700000000000001,76.10000000000001,99.80000000000001,357.5,3329.0,1.27,45.0,15.040000000000001,6.97,36.03,28.990000000000002,0.0,354.5,1200.0
91623.298,5223.298,140.0,103.7,24.37,15.96,185.5,35.7,149.6,29.22,35.53,34.45,93.5,15.75,77.10000000000001,100.0,363.5,3328.0,1.42,45.150000000000006,14.96,6.97,36.01,28.990000000000002,0.0,360.0,1200.0
91683.298,5283.298,140.0,100.9,24.330000000000002,15.99,184.0,35.550000000000004,148.8,29.25,35.410000000000004,34.4,91.5,15.55,77.0,100.0,355.5,3326.0,1.52,45.150000000000006,14.96,7.01,35.99,29.0,0.0,354.0,1200.0
91743.298,5343.298,140.0,102.10000000000001,24.37,16.07,184.5,35.550000000000004,149.4,29.150000000000002,35.480000000000004,34.4,93.0,15.600000000000001,76.7,99.80000000000001,356.0,3326.0,1.32,45.1,15.05,6.95,36.02,29.09,2.0,360.0,1200.0
91803.298,5403.298,140.0,100.5,24.34,15.99,184.0,35.75,147.6,29.19,35.410000000000004,34.300000000000004,90.5,15.55,77.2,99.7,357.5,3326.0,1.16,45.050000000000004,14.96,6.97,35.93,29.01,0.0,356.0,1200.0
91863.298,5463.298,140.0,101.80000000000001,24.330000000000002,15.96,183.5,35.65,147.70000000000002,29.3,35.47,34.550000000000004,91.0,15.600000000000001,76.7,99.9,356.0,3325.0,1.31,44.95,15.030000000000001,7.03,35.980000000000004,29.1,0.0,356.5,1200.0
91923.298,5523.298,140.0,102.30000000000001,24.42,15.99,182.5,35.75,149.8,29.310000000000002,35.43,34.35,93.0,15.65,76.5,99.9,357.0,3328.0,1.46,44.95,14.99,7.07,36.02,28.94,0.0,357.5,1200.0
91983.298,5583.298,140.0,103.0,24.400000000000002,16.01,184.5,35.550000000000004,147.9,29.29,35.410000000000004,34.45,95.0,15.55,76.7,100.0,356.0,3335.0,1.1300000000000001,44.900000000000006,14.99,6.95,35.93,29.03,0.0,359.5,1200.0
92043.298,5643.298,140.0,103.10000000000001,24.34,16.0,184.5,35.6,149.0,29.28,35.51,34.5,93.0,15.700000000000001,77.10000000000001,99.9,350.5,3333.0,1.44,45.1,14.93,6.95,36.03,28.96,0.0,354.5,1200.0
92103.298,5703.298,140.0,100.60000000000001,24.43,16.04,182.5,35.6,150.3,29.240000000000002,35.5,34.45,94.0,15.600000000000001,76.4,100.0,355.5,3330.0,1.17,45.050000000000004,14.950000000000001,6.98,35.92,29.04,2.0,360.0,1200.0
92163.298,5763.298,140.0,102.5,24.36,16.05,184.5,35.7,149.6,29.27,35.550000000000004,34.550000000000004,89.5,15.55,76.7,100.0,357.5,3338.0,1.26,45.2,15.030000000000001,6.98,35.92,28.95,2.0,354.5,1200.0
92223.298,5823.298,140.0,101.2,24.35,15.99,182.5,35.65,149.70000000000002,29.32,35.52,34.5,91.5,15.65,76.5,100.0,358.5,3329.0,1.5,45.300000000000004,15.01,7.05,36.06,29.0,0.0,359.0,1200.0
92283.298,5883.298,140.0,101.7,24.45,16.01,186.0,35.75,147.3,29.3,35.53,34.45,93.0,15.600000000000001,76.80000000000001,99.7,361.5,3337.0,1.44,45.150000000000006,14.98,7.0600000000000005,36.03,28.96,0.0,356.5,1200.0
92343.298,5943.298,140.0,102.0,24.42,15.99,186.0,35.75,150.20000000000002,29.400000000000002,35.53,34.4,90.5,15.55,76.3,100.0,358.0,3338.0,1.46,45.2,15.040000000000001,6.99,35.99,28.98,0.0,357.5,1200.0
92403.298,6003.298,140.0,101.60000000000001,24.44,16.05,185.5,35.7,149.0,29.26,35.51,34.550000000000004,92.5,15.5,76.4,99.7,360.5,3336.0,1.52,45.300000000000004,14.99,6.98,36.0,29.0,2.0,357.0,1200.0
92463.298,6063.298,140.0,103.10000000000001,24.41,15.93,185.5,35.7,147.5,29.37,35.56,34.6,92.5,15.600000000000001,76.9,100.0,362.0,3338.0,1.29,45.2,15.0,6.92,35.97,29.05,0.0,357.5,1200.0
92523.298,6123.298,140.0,101.4,24.44,16.01,185.5,35.75,149.3,29.240000000000002,35.52,34.35,92.0,15.55,76.2,99.9,358.0,3339.0,1.45,45.300000000000004,14.93,7.01,36.04,28.98,0.0,358.5,1200.0
92583.298,6183.298,140.0,102.0,24.37,15.93,183.0,35.6,148.20000000000002,29.29,35.46,34.550000000000004,91.0,15.65,76.9,99.7,365.0,3340.0,1.3900000000000001,45.25,14.96,6.99,36.06,28.87,2.0,363.0,1200.0
92643.297,6243.297,140.0,102.10000000000001,24.35,15.98,186.0,35.65,147.8,29.32,35.46,34.5,93.5,15.5,76.60000000000001,99.9,358.5,3338.0,1.44,45.2,15.01,7.04,36.0,29.07,2.0,357.5,1200.0
92703.297,6303.297,140.0,99.5,24.43,15.950000000000001,183.5,35.65,149.20000000000002,29.34,35.46,34.45,92.5,15.5,76.60000000000001,100.0,360.0,3340.0,1.58,45.300000000000004,15.0,7.0,35.980000000000004,29.0,0.0,357.0,1200.0
92763.297,6363.297,140.0,101.5,24.38,16.0,184.0,35.800000000000004,149.1,29.26,35.56,34.4,92.0,15.55,76.80000000000001,100.0,358.0,3338.0,1.23,45.5,15.0,6.94,36.03,28.900000000000002,0.0,361.5,1200.0
92823.297,6423.297,140.0,101.7,24.34,15.93,184.0,35.65,149.4,29.27,35.56,34.4,92.0,15.5,77.4,100.0,362.5,3339.0,1.36,45.2,15.030000000000001,6.97,35.99,29.0,0.0,353.5,1200.0
92883.297,6483.297,140.0,103.2,24.310000000000002,16.01,183.0,35.6,147.5,29.28,35.5,34.5,94.5,15.55,76.4,99.80000000000001,360.0,3333.0,1.61,45.35,15.0,6.94,35.93,29.060000000000002,0.0,357.5,1200.0
92943.297,6543.297,140.0,100.9,24.36,15.97,185.0,35.7,148.9,29.18,35.44,34.45,93.5,15.55,76.7,99.9,359.5,3333.0,1.43,45.25,14.950000000000001,7.05,35.96,28.94,0.0,360.0,1200.0
93003.297,6603.297,140.0,101.80000000000001,24.400000000000002,15.98,182.0,35.6,147.70000000000002,29.29,35.46,34.35,90.0,15.65,76.80000000000001,100.0,359.5,3329.0,1.4000000000000001,45.25,14.96,6.98,36.01,28.97,1.0,360.0,1200.0
93063.297,6663.297,140.0,101.5,24.32,15.950000000000001,184.5,35.5,151.20000000000002,29.27,35.54,34.4,92.0,15.600000000000001,77.10000000000001,100.0,355.5,3331.0,1.61,45.150000000000006,14.950000000000001,7.01,35.93,29.02,1.0,356.5,1200.0
93123.297,6723.297,140.0,100.9,24.34,15.99,183.0,35.7,147.6,29.34,35.51,34.5,92.5,15.55,77.4,100.0,356.0,3329.0,1.34,45.1,15.07,6.98,35.980000000000004,28.93,0.0,355.0,1200.0
93183.297,6783.297,140.0,102.10000000000001,24.36,15.98,186.0,35.5,149.8,29.25,35.410000000000004,34.35,93.5,15.55,77.2,99.9,350.5,3333.0,1.35,45.300000000000004,15.0,7.0,36.02,28.93,0.0,361.0,1200.0
93243.297,6843.297,140.0,102.30000000000001,24.28,15.94,186.5,35.65,148.3,29.21,35.32,34.45,91.5,15.75,77.10000000000001,99.9,359.0,3326.0,1.3,45.2,14.99,6.94,36.07,29.02,0.0,354.0,1200.0
93303.297,6903.297,140.0,101.10000000000001,24.32,16.04,184.5,35.45,148.70000000000002,29.25,35.42,34.45,93.5,15.700000000000001,77.0,100.0,357.0,3327.0,1.3900000000000001,45.25,15.01,6.99,36.03,29.01,0.0,354.5,1200.0
93363.297,6963.297,140.0,103.2,24.3,15.99,182.0,35.6,147.20000000000002,29.26,35.44,34.5,91.5,15.450000000000001,76.5,100.0,354.5,3332.0,1.57,45.25,15.01,6.99,35.93,28.95,0.0,355.5,1200.0
93423.297,7023.297,140.0,101.5,24.34,15.96,183.0,35.65,148.5,29.2,35.36,34.4,92.5,15.450000000000001,77.4,99.5,355.5,3327.0,1.5,45.2,14.99,6.96,35.99,28.94,0.0,356.5,1200.0
93483.297,7083.297,140.0,100.80000000000001,24.41,15.89,182.5,35.65,149.5,29.240000000000002,35.38,34.5,92.5,15.700000000000001,77.0,100.0,353.5,3332.0,1.31,45.050000000000004,15.05,6.97,36.09,28.97,0.0,362.0,1200.0
93543.297,7143.297,140.0,101.4,24.330000000000002,16.0,183.5,35.550000000000004,148.5,29.26,35.43,34.4,94.0,15.4,76.9,100.0,356.5,3330.0,1.36,45.1,14.93,6.98,35.97,29.01,1.0,358.0,1200.0
93603.297,7203.297,140.0,101.5,24.36,16.04,182.5,35.6,148.8,29.13,35.44,34.35,92.0,15.700000000000001,77.2,100.0,356.5,3327.0,1.35,45.25,14.93,7.0600000000000005,36.02,29.07,0.0,357.5,1200.0
93663.297,7263.297,140.0,103.7,24.32,16.0,183.0,35.6,150.20000000000002,29.21,35.33,34.45,91.0,15.600000000000001,76.5,100.0,357.0,3333.0,1.32,45.25,14.96,6.96,36.09,28.990000000000002,0.0,355.5,1200.0
93723.297,7323.297,140.0,101.10000000000001,24.34,16.080000000000002,185.5,35.5,149.5,29.14,35.33,34.300000000000004,93.5,15.600000000000001,76.5,99.9,359.5,3332.0,1.58,45.150000000000006,15.030000000000001,7.0,35.99,28.98,0.0,362.5,1200.0
93783.296,7383.296,140.0,100.7,24.34,16.02,184.0,35.550000000000004,147.9,29.240000000000002,35.4,34.25,92.0,15.8,77.2,99.5,357.5,3329.0,1.52,45.050000000000004,15.05,6.99,35.96,29.04,1.0,361.0,1200.0
93843.296,7443.296,140.0,100.80000000000001,24.28,16.01,183.0,35.6,148.0,29.22,35.38,34.35,92.5,15.65,77.0,100.0,358.0,3327.0,1.43,45.1,14.99,7.09,35.97,29.09,1.0,358.5,1200.0
93903.296,7503.296,140.0,100.80000000000001,24.36,16.07,184.5,35.65,148.6,29.32,35.34,34.6,91.5,15.600000000000001,76.9,99.9,356.5,3329.0,1.44,45.150000000000006,14.99,7.0,35.94,29.0,0.0,355.0,1200.0
93963.296,7563.296,140.0,102.10000000000001,24.37,16.04,182.5,35.4,148.9,29.19,35.39,34.4,92.0,15.55,77.10000000000001,100.0,358.0,3324.0,1.22,45.35,15.0,7.04,35.99,29.05,0.0,359.0,1200.0
94023.296,7623.296,140.0,102.9,24.27,15.98,184.5,35.550000000000004,148.5,29.25,35.410000000000004,34.4,91.5,15.5,76.60000000000001,100.0,355.0,3328.0,1.6300000000000001,45.150000000000006,15.01,7.0,36.07,28.94,1.0,355.5,1200.0
94083.296,7683.296,140.0,101.7,24.34,15.99,185.5,35.6,148.0,29.2,35.33,34.25,90.5,15.450000000000001,77.0,99.7,357.0,3328.0,1.29,45.050000000000004,15.01,6.98,36.050000000000004,28.97,2.0,354.0,1200.0
94143.296,7743.296,140.0,101.0,24.41,15.950000000000001,185.5,35.45,150.70000000000002,29.13,35.29,34.35,89.5,15.450000000000001,76.80000000000001,99.80000000000001,351.5,3330.0,1.41,44.900000000000006,15.02,7.04,36.0,29.01,2.0,357.0,1200.0
94203.296,7803.296,140.0,102.0,24.28,15.92,184.5,35.45,147.20000000000002,29.17,35.230000000000004,34.2,90.0,15.55,76.80000000000001,100.0,357.0,3334.0,1.5,44.900000000000006,15.01,7.0200000000000005,35.97,28.96,0.0,359.0,1200.0
94263.296,7863.296,140.0,101.7,24.310000000000002,15.98,182.0,35.5,149.6,29.3,35.33,34.300000000000004,93.0,15.700000000000001,77.4,99.9,354.0,3325.0,1.45,45.050000000000004,15.05,7.07,35.96,28.95,1.0,357.0,1200.0
94323.296,7923.296,140.0,101.7,24.38,16.07,184.0,35.65,149.70000000000002,29.150000000000002,35.27,34.300000000000004,91.0,15.600000000000001,77.30000000000001,100.0,351.5,3328.0,1.4000000000000001,45.2,14.98,7.0600000000000005,35.99,28.900000000000002,0.0,356.0,1200.0
94383.296,7983.296,140.0,103.10000000000001,24.36,15.97,183.5,35.45,147.70000000000002,29.150000000000002,35.34,34.45,92.5,15.65,77.2,100.0,353.5,3323.0,1.3900000000000001,44.95,15.0,7.0,35.94,29.01,1.0,357.0,1200.0
94443.296,8043.296,140.0,101.5,24.330000000000002,15.99,183.5,35.5,149.6,29.150000000000002,35.34,34.4,92.5,15.55,77.80000000000001,100.0,352.0,3328.0,1.26,45.0,14.93,7.07,35.980000000000004,29.060000000000002,0.0,358.5,1200.0
94503.296,8103.296,140.0,101.80000000000001,24.41,16.0,182.0,35.4,149.6,29.14,35.37,34.4,91.0,15.700000000000001,77.4,100.0,356.0,3329.0,1.52,45.050000000000004,14.99,7.04,35.97,28.98,0.0,355.5,1200.0
94563.296,8163.296,140.0,101.10000000000001,24.38,15.98,181.5,35.5,150.1,29.150000000000002,35.38,34.300000000000004,91.5,15.5,77.4,100.0,358.0,3327.0,1.4000000000000001,45.150000000000006,14.97,7.01,36.02,28.98,0.0,357.0,1200.0
94623.296,8223.296,140.0,100.7,24.37,15.93,182.0,35.550000000000004,149.5,29.18,35.33,34.35,93.5,15.55,77.4,100.0,353.0,3323.0,1.35,45.0,15.01,7.0,36.01,28.98,5.0,355.5,1200.0
94683.296,8283.296,140.0,103.10000000000001,24.28,15.94,183.5,35.6,149.70000000000002,29.14,35.32,34.35,91.5,15.700000000000001,77.10000000000001,100.0,353.0,3332.0,1.36,44.900000000000006,14.99,7.03,36.01,28.95,1.0,356.0,1200.0
94743.296,8343.296,140.0,101.7,24.38,15.96,183.0,35.45,148.6,29.11,35.28,34.300000000000004,92.0,15.600000000000001,77.0,100.0,356.5,3329.0,1.37,45.050000000000004,14.950000000000001,7.0600000000000005,35.97,28.97,3.0,355.5,1200.0
94803.296,8403.296,140.0,101.10000000000001,24.38,15.99,186.0,35.550000000000004,149.0,29.05,35.27,34.25,91.0,15.5,77.4,99.5,356.0,3323.0,1.6,45.050000000000004,15.02,7.05,36.02,29.02,0.0,354.0,1200.0
94863.296,8463.296,140.0,102.7,24.34,15.950000000000001,182.5,35.550000000000004,148.5,29.13,35.35,34.2,93.5,15.600000000000001,77.5,100.0,357.5,3332.0,1.62,45.050000000000004,14.99,7.08,36.03,29.0,0.0,352.0,1200.0
94923.296,8523.296,140.0,102.7,24.45,16.02,183.0,35.550000000000004,149.9,29.07,35.36,34.25,91.0,15.65,77.4,100.0,356.0,3335.0,1.33,45.1,14.99,7.03,36.04,28.96,0.0,355.0,1200.0
94983.295,8583.295,140.0,102.4,24.34,16.01,184.5,35.5,148.4,29.13,35.27,34.35,92.5,15.450000000000001,77.4,99.60000000000001,355.5,3333.0,1.36,44.95,15.0,6.98,36.050000000000004,29.03,0.0,354.0,1200.0
95043.295,8643.295,140.0,100.5,24.330000000000002,16.01,182.5,35.5,148.6,29.18,35.28,34.25,94.5,15.700000000000001,77.5,100.0,358.0,3332.0,1.42,45.1,14.950000000000001,6.97,35.99,29.060000000000002,0.0,360.0,1200.0
95103.295,8703.295,140.0,100.4,24.32,15.97,185.0,35.5,148.6,29.060000000000002,35.34,34.25,91.5,15.700000000000001,77.10000000000001,99.9,357.5,3330.0,1.3900000000000001,45.1,14.93,7.04,35.94,28.98,0.0,355.0,1200.0
95163.295,8763.295,140.0,102.0,24.43,15.94,183.0,35.4,149.20000000000002,29.240000000000002,35.36,34.25,93.5,15.600000000000001,76.9,99.60000000000001,360.0,3334.0,1.42,45.150000000000006,14.99,6.94,36.07,29.05,0.0,356.5,1200.0
95223.295,8823.295,140.0,100.4,24.37,15.97,186.0,35.65,148.5,29.11,35.33,34.25,93.5,15.75,77.30000000000001,99.7,352.0,3331.0,1.3800000000000001,45.0,14.96,7.04,35.94,28.98,0.0,359.5,1200.0
95283.295,8883.295,140.0,101.4,24.34,16.05,184.5,35.6,148.9,29.25,35.39,34.35,91.5,15.55,77.60000000000001,100.0,356.5,3333.0,1.44,45.1,14.96,6.97,36.09,28.96,0.0,354.5,1200.0
95343.295,8943.295,140.0,101.7,24.400000000000002,16.03,186.5,35.550000000000004,146.70000000000002,29.11,35.39,34.4,90.5,15.5,77.30000000000001,99.9,354.0,3337.0,1.45,45.1,15.05,6.98,36.03,29.080000000000002,1.0,357.5,1200.0
95403.295,9003.295,140.0,102.10000000000001,24.39,15.950000000000001,184.0,35.5,148.4,29.2,35.410000000000004,34.4,93.5,15.55,77.30000000000001,99.60000000000001,362.0,3336.0,1.52,45.300000000000004,14.98,6.98,36.08,28.94,0.0,359.5,1200.0
95463.295,9063.295,140.0,101.7,24.400000000000002,16.01,183.5,35.45,150.20000000000002,29.18,35.39,34.5,91.5,15.55,77.5,100.0,360.0,3331.0,1.4000000000000001,45.150000000000006,14.98,6.96,35.99,29.01,0.0,357.0,1200.0
95523.295,9123.295,140.0,103.10000000000001,24.34,16.03,183.0,35.5,147.1,29.22,35.36,34.45,92.5,15.600000000000001,77.7,99.7,356.5,3338.0,1.49,45.2,15.0,6.98,36.08,28.990000000000002,3.0,358.0,1200.0
95583.295,9183.295,140.0,102.9,24.330000000000002,15.97,185.5,35.6,148.70000000000002,29.26,35.46,34.6,92.5,15.55,76.9,100.0,358.0,3338.0,1.47,45.25,14.950000000000001,7.0,35.93,28.96,0.0,361.0,1200.0
95643.295,9243.295,140.0,101.60000000000001,24.29,15.96,185.5,35.6,148.6,29.22,35.38,34.300000000000004,92.0,15.600000000000001,77.60000000000001,99.9,357.5,3339.0,1.4000000000000001,45.1,14.93,7.04,36.050000000000004,29.03,0.0,356.5,1200.0
95703.295,9303.295,140.0,101.9,24.42,15.94,184.5,35.5,149.4,29.19,35.410000000000004,34.35,93.0,15.600000000000001,77.60000000000001,100.0,358.0,3338.0,1.29,45.300000000000004,15.0,6.99,36.11,29.04,1.0,358.0,1200.0
95763.295,9363.295,140.0,101.60000000000001,24.41,16.02,183.0,35.5,148.1,29.16,35.37,34.45,92.0,15.5,77.4,99.60000000000001,356.0,3337.0,1.37,45.25,15.08,6.95,35.910000000000004,28.990000000000002,0.0,361.0,1200.0
95823.295,9423.295,140.0,100.9,24.37,16.03,183.5,35.65,150.0,29.150000000000002,35.38,34.35,89.0,15.600000000000001,77.5,99.9,360.0,3341.0,1.41,45.150000000000006,14.99,6.95,36.03,29.05,0.0,356.0,1200.0
95883.295,9483.295,140.0,101.60000000000001,24.44,15.98,184.5,35.6,150.0,29.330000000000002,35.37,34.35,91.5,15.55,77.0,100.0,354.5,3340.0,1.47,45.150000000000006,15.0,7.03,35.980000000000004,28.96,0.0,358.0,1200.0
95943.295,9543.295,140.0,102.60000000000001,24.330000000000002,15.93,183.5,35.5,149.0,29.240000000000002,35.46,34.4,93.0,15.55,77.2,100.0,356.5,3340.0,1.3,45.150000000000006,15.05,6.99,35.95,28.96,0.0,355.0,1200.0
96003.295,9603.295,140.0,102.60000000000001,24.330000000000002,15.96,186.5,35.6,149.5,29.2,35.37,34.4,94.5,15.5,77.2,99.9,364.0,3338.0,1.45,45.300000000000004,14.950000000000001,6.99,36.0,28.95,0.0,356.5,1200.0
96063.295,9663.295,140.0,101.4,24.27,15.96,183.5,35.6,148.4,29.3,35.44,34.4,91.5,15.65,77.5,99.9,360.5,3336.0,1.56,45.2,14.99,6.97,35.92,29.0,1.0,361.0,1200.0
96123.295,9723.295,140.0,101.9,24.32,16.06,184.0,35.7,149.0,29.28,35.42,34.4,93.5,15.600000000000001,76.7,100.0,355.5,3340.0,1.4000000000000001,45.400000000000006,14.98,7.0,35.97,29.05,0.0,362.5,1200.0
96183.294,9783.294,140.0,102.5,24.35,16.01,185.0,35.550000000000004,148.8,29.19,35.47,34.45,92.5,15.600000000000001,77.0,99.5,356.5,3339.0,1.3900000000000001,45.25,15.030000000000001,6.98,36.02,28.97,1.0,358.5,1200.0
96243.294,9843.294,140.0,103.10000000000001,24.3,16.01,184.0,35.5,149.5,29.150000000000002,35.39,34.35,92.0,15.55,77.7,100.0,361.0,3332.0,1.42,45.400000000000006,14.99,7.03,35.97,28.95,0.0,358.5,1200.0
96303.294,9903.294,140.0,102.80000000000001,24.36,16.03,185.0,35.65,148.6,29.13,35.38,34.15,92.5,15.55,77.30000000000001,100.0,356.5,3339.0,1.6,45.35,15.05,6.93,36.09,28.93,1.0,357.5,1200.0
96363.294,9963.294,140.0,102.7,24.37,15.950000000000001,184.0,35.35,147.9,29.13,35.31,34.300000000000004,94.0,15.600000000000001,77.30000000000001,99.7,357.0,3336.0,1.09,45.300000000000004,14.94,7.03,36.01,29.03,3.0,359.5,1200.0
96423.294,10023.294,140.0,103.5,24.41,15.92,183.0,35.550000000000004,149.1,29.1,35.410000000000004,34.35,90.0,15.600000000000001,77.60000000000001,99.5,356.5,3336.0,1.41,45.050000000000004,14.99,7.1000000000000005,36.02,29.1,0.0,358.5,1200.0
96483.294,10083.294,140.0,100.80000000000001,24.38,16.02,184.0,35.5,149.3,29.14,35.31,34.35,92.0,15.700000000000001,78.10000000000001,99.9,358.5,3339.0,1.43,45.2,15.02,6.93,35.97,28.97,1.0,355.0,1200.0
96543.294,10143.294,140.0,101.4,24.36,16.05,182.5,35.5,147.3,29.12,35.36,34.300000000000004,92.5,15.600000000000001,77.80000000000001,100.0,356.5,3331.0,1.4000000000000001,45.2,15.02,6.98,36.08,28.94,1.0,356.0,1200.0
96603.294,10203.294,140.0,101.7,24.36,16.03,183.0,35.45,149.0,29.080000000000002,35.300000000000004,34.2,91.5,15.5,77.80000000000001,99.60000000000001,358.0,3338.0,1.3800000000000001,45.150000000000006,14.96,7.0,35.96,28.97,0.0,357.5,1200.0
96663.294,10263.294,140.0,101.30000000000001,24.35,15.97,184.0,35.6,149.20000000000002,29.05,35.28,34.35,91.0,15.700000000000001,77.5,100.0,351.5,3332.0,1.3800000000000001,45.25,14.99,6.96,35.94,29.0,0.0,357.5,1200.0
96723.294,10323.294,140.0,101.10000000000001,24.39,16.0,182.0,35.5,148.9,29.03,35.34,34.2,91.5,15.5,77.60000000000001,100.0,357.5,3342.0,1.46,45.35,14.99,6.98,36.01,29.060000000000002,0.0,358.0,1200.0
96783.294,10383.294,140.0,100.30000000000001,24.34,15.98,184.5,35.5,149.8,29.1,35.25,34.300000000000004,92.0,15.600000000000001,78.30000000000001,100.0,358.0,3333.0,1.35,45.25,14.98,6.99,36.0,28.990000000000002,0.0,358.5,1200.0
96843.294,10443.294,140.0,101.9,24.310000000000002,15.97,184.0,35.550000000000004,149.0,29.150000000000002,35.32,34.300000000000004,92.0,15.700000000000001,78.10000000000001,100.0,353.0,3333.0,1.33,45.300000000000004,14.950000000000001,7.0600000000000005,36.03,29.060000000000002,0.0,356.0,1200.0
96903.294,10503.294,140.0,101.2,24.34,15.99,186.0,35.45,148.6,29.150000000000002,35.410000000000004,34.25,91.5,15.65,78.4,99.9,355.0,3337.0,1.31,45.400000000000006,15.07,6.97,35.96,28.97,1.0,358.5,1200.0
96963.294,10563.294,140.0,102.60000000000001,24.36,16.0,185.5,35.5,149.6,29.2,35.33,34.4,93.5,15.700000000000001,77.60000000000001,100.0,358.0,3335.0,1.29,45.300000000000004,15.030000000000001,6.98,35.980000000000004,28.95,1.0,355.0,1200.0
97023.294,10623.294,140.0,101.7,24.36,15.97,184.0,35.35,148.8,29.09,35.32,34.35,92.5,15.65,78.0,100.0,357.5,3339.0,1.42,45.1,14.950000000000001,7.0200000000000005,36.01,29.04,0.0,355.0,1200.0
97083.294,10683.294,140.0,101.5,24.36,16.03,183.5,35.45,149.1,29.23,35.37,34.2,91.5,15.55,77.5,99.7,362.0,3333.0,1.27,45.300000000000004,14.99,6.98,35.99,28.98,0.0,354.0,1200.0
97143.294,10743.294,140.0,102.30000000000001,24.39,16.02,182.5,35.45,148.1,29.14,35.42,34.25,91.0,15.600000000000001,77.80000000000001,100.0,359.0,3338.0,1.3800000000000001,45.400000000000006,14.98,6.95,36.07,28.96,0.0,355.0,1200.0
97203.294,10803.294,140.0,101.4,24.34,15.950000000000001,185.0,35.550000000000004,150.20000000000002,29.14,35.47,34.4,93.5,15.600000000000001,77.60000000000001,99.9,356.0,3335.0,1.4000000000000001,45.25,14.93,6.97,36.03,29.02,1.0,361.5,1200.0
97263.294,10863.294,140.0,103.7,24.36,15.99,185.0,35.5,148.20000000000002,29.16,35.33,34.35,92.0,15.600000000000001,77.60000000000001,99.7,361.5,3328.0,1.3900000000000001,45.25,14.98,7.01,36.04,29.09,0.0,354.5,1200.0
97323.294,10923.294,140.0,101.5,24.37,16.04,182.5,35.7,148.70000000000002,29.16,35.2,34.35,93.5,15.5,77.2,100.0,352.0,3338.0,1.3,45.150000000000006,14.98,6.97,36.050000000000004,29.02,0.0,357.5,1200.0
97383.293,10983.293,140.0,99.9,24.3,16.02,184.0,35.5,148.8,29.150000000000002,35.33,34.2,92.5,15.55,77.30000000000001,100.0,360.0,3340.0,1.4000000000000001,45.150000000000006,15.02,6.98,36.02,29.0,0.0,356.5,1200.0
97443.293,11043.293,140.0,101.5,24.37,15.99,184.0,35.550000000000004,150.3,29.13,35.38,34.4,91.0,15.55,77.80000000000001,99.7,358.5,3336.0,1.48,45.150000000000006,14.93,7.04,35.980000000000004,29.13,0.0,357.0,1200.0
97503.293,11103.293,140.0,100.30000000000001,24.25,16.0,185.0,35.7,148.0,29.12,35.28,34.4,91.5,15.600000000000001,77.30000000000001,99.60000000000001,358.5,3338.0,1.36,45.25,15.030000000000001,7.07,36.02,28.91,0.0,355.0,1200.0
97563.293,11163.293,140.0,102.2,24.34,16.02,185.0,35.550000000000004,148.6,29.21,35.35,34.300000000000004,90.5,15.850000000000001,77.10000000000001,100.0,361.5,3336.0,1.41,45.2,14.97,6.96,36.04,29.0,2.0,352.5,1200.0
97623.293,11223.293,140.0,100.4,24.37,15.9,182.5,35.800000000000004,148.70000000000002,29.310000000000002,35.32,34.4,92.5,15.55,77.10000000000001,100.0,354.0,3338.0,1.36,45.1,15.01,6.97,36.0,28.94,0.0,358.0,1200.0
97683.293,11283.293,140.0,103.0,24.36,16.0,185.0,35.5,148.3,29.12,35.38,34.300000000000004,93.0,15.600000000000001,77.4,100.0,358.0,3336.0,1.46,45.2,14.950000000000001,7.0,35.980000000000004,29.07,3.0,355.0,1200.0
97743.293,11343.293,140.0,102.30000000000001,24.34,15.98,182.5,35.6,148.9,29.16,35.36,34.25,93.0,15.5,77.0,99.60000000000001,357.0,3336.0,1.34,45.050000000000004,15.040000000000001,6.98,35.97,29.04,0.0,355.0,1200.0
97803.293,11403.293,140.0,101.0,24.35,16.02,184.0,35.65,147.70000000000002,29.21,35.4,34.300000000000004,90.5,15.65,77.5,100.0,356.0,3333.0,1.58,45.35,15.040000000000001,7.03,36.01,28.94,0.0,358.0,1200.0
97863.293,11463.293,140.0,100.60000000000001,24.35,16.02,184.5,35.5,149.70000000000002,29.18,35.410000000000004,34.25,93.0,15.450000000000001,77.9,99.7,358.0,3335.0,1.44,45.2,14.950000000000001,6.96,36.02,29.09,0.0,358.0,1200.0
97923.293,11523.293,140.0,102.10000000000001,24.330000000000002,15.94,183.5,35.35,149.3,29.240000000000002,35.35,34.300000000000004,93.0,15.700000000000001,78.2,100.0,362.0,3337.0,1.31,45.2,14.96,7.04,36.04,29.12,0.0,356.0,1200.0
97983.293,11583.293,140.0,101.9,24.330000000000002,15.94,184.0,35.5,149.70000000000002,29.19,35.4,34.4,91.0,15.65,77.80000000000001,99.7,358.5,3336.0,1.42,45.25,15.08,7.09,35.99,29.02,0.0,355.0,1200.0
98043.293,11643.293,140.0,99.60000000000001,24.36,16.01,183.5,35.6,150.1,29.14,35.35,34.35,92.5,15.65,77.4,100.0,360.0,3340.0,1.44,45.150000000000006,14.98,7.01,36.02,29.0,0.0,355.0,1200.0
98103.293,11703.293,140.0,102.4,24.45,15.93,183.0,35.65,147.70000000000002,29.150000000000002,35.37,34.2,91.5,15.600000000000001,77.0,100.0,354.5,3344.0,1.4000000000000001,45.25,14.99,7.0200000000000005,36.01,29.02,0.0,360.0,1200.0
98163.293,11763.293,140.0,101.9,24.400000000000002,16.02,185.5,35.7,147.6,29.21,35.410000000000004,34.300000000000004,93.5,15.65,77.60000000000001,100.0,365.0,3339.0,1.43,45.25,14.96,7.01,35.97,28.990000000000002,0.0,358.5,1200.0
98223.293,11823.293,140.0,101.4,24.38,16.05,182.0,35.65,148.5,29.13,35.33,34.35,93.5,15.55,77.9,100.0,360.5,3343.0,1.3900000000000001,45.150000000000006,14.96,6.93,36.01,29.01,3.0,358.5,1200.0
98283.293,11883.293,140.0,102.0,24.42,15.98,183.0,35.7,148.8,29.16,35.37,34.35,91.5,15.65,78.4,99.30000000000001,359.0,3345.0,1.33,45.300000000000004,14.99,6.95,36.06,29.0,2.0,357.0,1200.0
98343.293,11943.293,140.0,101.9,24.41,15.950000000000001,185.0,35.550000000000004,149.1,29.2,35.300000000000004,34.25,93.5,15.700000000000001,78.4,100.0,356.5,3341.0,1.68,45.25,15.07,7.01,36.06,29.02,1.0,363.0,1200.0
98403.293,12003.293,140.0,103.80000000000001,24.310000000000002,16.0,183.5,35.6,149.6,29.2,35.35,34.35,92.0,15.450000000000001,78.2,99.80000000000001,360.5,3344.0,1.45,45.45,15.0,7.08,35.99,29.01,0.0,359.5,1200.0
98463.293,12063.293,140.0,102.0,24.37,16.080000000000002,183.5,35.6,149.3,29.16,35.4,34.45,91.0,15.55,78.4,99.80000000000001,363.0,3343.0,1.52,45.35,14.99,6.95,36.050000000000004,29.01,1.0,359.0,1200.0
98523.293,12123.293,140.0,101.10000000000001,24.37,16.02,184.0,35.550000000000004,147.8,29.240000000000002,35.39,34.45,90.5,15.55,77.9,100.0,357.0,3342.0,1.4000000000000001,45.45,15.01,7.0,36.050000000000004,28.98,0.0,358.0,1200.0
98583.293,12183.293,140.0,101.80000000000001,24.38,15.9,182.5,35.6,147.70000000000002,29.14,35.33,34.5,92.5,15.600000000000001,78.10000000000001,99.9,356.5,3341.0,1.48,45.400000000000006,14.99,6.99,36.050000000000004,29.02,1.0,357.5,1200.0
98643.292,12243.292,140.0,101.5,24.37,15.88,183.5,35.65,148.1,29.14,35.36,34.2,93.0,15.600000000000001,79.2,99.9,358.0,3345.0,1.46,45.300000000000004,14.92,7.01,35.92,29.02,1.0,359.0,1200.0
98703.292,12303.292,140.0,103.2,24.310000000000002,15.98,182.5,35.550000000000004,148.9,29.23,35.29,34.4,90.5,15.55,79.30000000000001,99.80000000000001,356.5,3340.0,1.51,45.300000000000004,14.99,7.01,36.0,28.97,0.0,362.5,1200.0
98763.292,12363.292,140.0,101.2,24.34,15.99,185.5,35.65,149.3,29.09,35.300000000000004,34.300000000000004,91.5,15.65,79.2,100.0,362.0,3342.0,1.4000000000000001,45.300000000000004,15.0,7.0,36.03,28.92,0.0,358.5,1200.0
98823.292,12423.292,140.0,103.10000000000001,24.36,15.99,183.0,35.65,150.0,29.14,35.37,34.4,91.0,15.65,79.7,100.0,356.5,3342.0,1.26,45.25,15.0,6.98,35.93,29.07,2.0,358.0,1200.0
98881.843,12481.843,140.0,103.4,24.330000000000002,16.01,182.5,35.6,148.4,29.150000000000002,35.4,34.35,91.0,15.600000000000001,80.5,99.9,357.5,3342.0,1.54,45.300000000000004,15.0,7.05,36.050000000000004,29.02,3.0,357.0,1200.0
98948.737,12548.737,140.0,101.9,24.26,15.950000000000001,183.0,35.550000000000004,147.5,29.14,35.410000000000004,34.25,93.0,15.600000000000001,81.2,100.0,358.5,3334.0,1.34,45.25,15.02,6.96,35.97,29.05,0.0,360.0,1200.0
99005.968,12605.968,140.0,101.5,24.36,15.97,183.5,35.7,149.8,29.16,35.230000000000004,34.35,93.0,15.5,80.7,99.9,355.5,3336.0,1.42,45.300000000000004,14.96,7.0200000000000005,36.04,28.97,1.0,359.5,1200.0
99062.67,12662.67,140.0,101.5,24.400000000000002,16.01,182.5,35.45,149.8,29.13,35.34,34.300000000000004,90.5,15.600000000000001,81.4,100.0,357.5,3340.0,1.4000000000000001,45.300000000000004,15.01,7.01,35.95,29.01,0.0,360.0,1200.0
99128.56,12728.56,140.0,101.5,24.34,15.99,183.0,35.7,149.5,29.1,35.32,34.35,92.5,15.55,81.80000000000001,99.9,360.5,3341.0,1.42,45.300000000000004,15.01,6.99,36.09,28.990000000000002,3.0,363.5,1200.0
99184.613,12784.613,140.0,103.30000000000001,24.38,16.080000000000002,183.0,35.6,150.0,29.14,35.31,34.35,93.5,15.8,82.5,100.0,359.5,3338.0,1.52,45.2,15.040000000000001,6.99,36.0,29.02,0.0,362.0,1200.0
99240.348,12840.348,140.0,102.4,24.39,15.96,182.0,35.6,148.8,29.150000000000002,35.300000000000004,34.300000000000004,91.5,15.55,83.0,100.0,355.0,3340.0,1.41,45.35,15.01,6.98,35.92,29.03,2.0,356.5,1200.0
99305.272,12905.272,140.0,102.30000000000001,24.37,15.93,182.5,35.45,150.3,29.060000000000002,35.33,34.4,93.0,15.700000000000001,83.60000000000001,100.0,360.5,3341.0,1.36,45.2,14.93,6.97,35.94,28.92,1.0,356.5,1200.0
99360.295,12960.295,140.0,102.5,24.310000000000002,15.98,183.0,35.5,149.70000000000002,29.13,35.28,34.35,90.0,15.600000000000001,84.5,100.0,354.5,3341.0,1.32,45.2,15.02,7.0,36.01,28.96,0.0,358.0,1200.0
99424.16,13024.16,140.0,100.80000000000001,24.34,15.97,183.5,35.5,149.20000000000002,29.11,35.34,34.2,93.0,15.700000000000001,84.2,100.0,360.5,3341.0,1.42,45.300000000000004,14.97,6.97,35.99,28.990000000000002,0.0,360.0,1200.0
99487.204,13087.204,140.0,101.60000000000001,24.34,16.0,183.5,35.550000000000004,150.5,29.080000000000002,35.27,34.35,90.5,15.5,85.9,100.0,360.5,3354.0,1.35,45.300000000000004,15.030000000000001,6.96,36.050000000000004,29.05,0.0,360.5,1200.0
99541.045,13141.045,140.0,100.4,24.35,15.98,185.5,35.4,148.70000000000002,29.16,35.32,34.300000000000004,91.0,15.55,85.4,99.9,359.0,3343.0,1.31,45.45,14.98,6.99,35.980000000000004,28.990000000000002,0.0,358.5,1200.0
99603.1,13203.1,140.0,101.30000000000001,24.39,15.96,183.0,35.6,148.1,29.07,35.28,34.300000000000004,89.0,15.600000000000001,87.10000000000001,99.80000000000001,358.5,3347.0,1.32,45.45,14.97,7.0,36.01,29.03,3.0,363.5,1200.0
99665.115,13265.115,140.0,101.4,24.400000000000002,16.06,184.5,35.45,150.0,29.060000000000002,35.21,34.2,93.5,15.600000000000001,87.7,99.60000000000001,357.5,3348.0,1.44,45.300000000000004,14.99,7.0,36.09,29.02,2.0,363.5,1200.0
99727.052,13327.052,140.0,101.5,24.43,16.01,185.5,35.6,148.20000000000002,29.150000000000002,35.26,34.4,91.5,15.55,88.30000000000001,99.7,356.0,3349.0,1.41,45.45,15.01,7.0200000000000005,36.01,29.0,0.0,359.0,1200.0
99788.603,13388.603,140.0,101.5,24.330000000000002,16.03,184.0,35.6,148.9,29.0,35.28,34.25,89.5,15.65,89.10000000000001,100.0,363.0,3350.0,1.5,45.300000000000004,15.030000000000001,7.05,35.96,28.94,1.0,362.0,1200.0
99840.663,13440.663,140.0,103.2,24.44,16.0,182.5,35.65,149.1,29.2,35.25,34.25,89.5,15.600000000000001,89.4,99.7,360.5,3351.0,1.3900000000000001,45.35,15.09,7.0,36.0,28.97,1.0,357.5,1200.0
99900.975,13500.975,140.0,101.80000000000001,24.330000000000002,16.05,184.0,35.4,148.70000000000002,29.03,35.34,34.25,92.0,15.75,90.9,100.0,363.0,3344.0,1.43,45.5,15.07,7.1000000000000005,35.94,29.0,0.0,360.5,1200.0
99960.381,13560.381,140.0,102.0,24.400000000000002,15.97,182.5,35.7,149.5,29.09,35.28,34.35,92.5,15.65,91.10000000000001,99.60000000000001,361.5,3349.0,1.31,45.25,15.030000000000001,7.0,35.92,28.98,0.0,361.5,1200.0
100027.711,13627.711,140.0,102.60000000000001,24.330000000000002,15.98,186.0,35.4,150.0,29.150000000000002,35.29,34.4,91.5,15.600000000000001,91.5,100.0,362.5,3345.0,1.3900000000000001,45.300000000000004,14.99,7.0,35.980000000000004,28.97,0.0,361.0,1200.0
100086.945,13686.945,140.0,102.4,24.38,15.98,183.0,35.45,150.5,29.060000000000002,35.27,34.2,92.5,15.75,92.5,100.0,361.5,3341.0,1.3800000000000001,45.400000000000006,15.0,6.9,36.03,28.92,1.0,362.5,1200.0
100145.735,13745.735,140.0,102.0,24.330000000000002,16.02,183.0,35.45,148.3,29.04,35.22,34.4,91.0,15.450000000000001,94.0,100.0,359.0,3346.0,1.3800000000000001,45.400000000000006,14.96,7.01,36.0,28.97,0.0,356.5,1200.0
100203.573,13803.573,140.0,101.9,24.36,15.96,181.5,35.550000000000004,150.5,29.12,35.24,34.35,92.5,15.600000000000001,94.30000000000001,100.0,361.0,3352.0,1.4000000000000001,45.400000000000006,15.01,7.0,35.980000000000004,28.88,0.0,355.0,1200.0
100260.232,13860.232,140.0,101.2,24.43,15.88,184.5,35.35,149.20000000000002,29.0,35.25,34.4,90.0,15.5,94.9,100.0,359.5,3340.0,1.33,45.400000000000006,15.0,6.96,36.0,29.02,1.0,362.0,1200.0
100324.616,13924.616,140.0,99.9,24.400000000000002,16.0,183.0,35.4,148.8,28.900000000000002,35.13,34.15,92.0,15.65,96.0,99.60000000000001,358.0,3341.0,1.3900000000000001,45.550000000000004,14.97,7.0,36.08,28.900000000000002,0.0,359.5,1200.0
100381.335,13981.335,140.0,102.2,24.39,15.99,184.0,35.5,149.3,28.95,35.17,34.2,92.0,15.65,96.5,100.0,358.5,3342.0,1.56,45.300000000000004,14.99,7.0200000000000005,36.02,29.03,0.0,360.0,1200.0
100445.362,14045.362,140.0,102.0,24.36,15.98,183.5,35.35,149.8,29.0,35.300000000000004,34.300000000000004,91.5,15.55,97.30000000000001,100.0,358.0,3344.0,1.34,45.25,15.030000000000001,7.01,35.96,29.03,0.0,353.5,1200.0
100500.174,14100.174,140.0,101.5,24.34,16.0,181.0,35.35,148.0,28.96,35.2,34.300000000000004,92.5,15.450000000000001,98.10000000000001,100.0,357.5,3345.0,1.52,45.300000000000004,14.99,7.0,35.96,29.03,2.0,355.5,1200.0
100562.641,14162.641,140.0,102.9,24.35,16.0,183.0,35.25,150.0,28.93,35.2,34.25,90.0,15.65,99.60000000000001,99.7,354.5,3341.0,1.3800000000000001,45.35,15.0,6.97,36.0,28.990000000000002,2.0,359.0,1200.0
100625.555,14225.555,140.0,102.10000000000001,24.34,15.98,182.0,35.25,150.4,28.97,35.08,34.25,91.5,15.600000000000001,100.0,100.0,354.0,3337.0,1.34,45.150000000000006,14.950000000000001,6.95,35.980000000000004,29.0,2.0,355.0,1200.0
100687.206,14287.206,140.0,101.10000000000001,24.26,16.01,184.0,35.35,147.1,28.93,35.2,34.050000000000004,93.0,15.450000000000001,100.0,99.9,357.5,3337.0,1.3800000000000001,45.25,15.040000000000001,7.0,36.08,29.0,0.0,356.0,1200.0
100741.411,14341.411,140.0,102.0,24.36,15.99,182.0,35.300000000000004,148.4,28.85,35.13,34.1,92.5,15.65,99.7,100.0,357.0,3340.0,1.31,45.300000000000004,15.06,6.98,35.95,29.07,1.0,356.5,1200.0
100804.203,14404.203,140.0,102.10000000000001,24.3,16.03,183.0,35.35,148.0,29.02,35.1,34.1,93.5,15.65,99.5,99.9,356.5,3335.0,1.41,45.2,14.950000000000001,7.05,35.980000000000004,28.990000000000002,0.0,357.5,1200.0
100866.137,14466.137,140.0,101.60000000000001,24.39,16.04,181.0,35.35,149.5,28.92,35.11,33.95,90.5,15.600000000000001,99.9,99.30000000000001,357.5,3340.0,1.43,45.25,14.92,7.01,36.03,29.0,0.0,355.0,1200.0
100927.561,14527.561,140.0,101.10000000000001,24.32,16.0,182.0,35.1,149.5,28.76,35.03,33.85,91.5,15.5,100.0,100.0,354.5,3332.0,1.3800000000000001,45.2,14.96,6.94,35.94,28.94,0.0,353.5,1200.0
100981.996,14581.996,140.0,101.5,24.34,16.03,181.0,35.25,149.0,28.92,34.95,34.050000000000004,93.0,15.5,99.80000000000001,99.80000000000001,358.5,3333.0,1.3800000000000001,45.35,14.92,6.99,35.980000000000004,28.93,0.0,355.0,1200.0
101044.406,14644.406,140.0,100.0,24.37,15.98,183.0,35.2,149.5,28.8,34.95,34.0,91.5,15.55,100.0,99.80000000000001,358.0,3334.0,1.33,45.150000000000006,14.98,6.91,35.99,29.04,1.0,349.0,1200.0
101106.128,14706.128,140.0,102.4,24.3,16.02,180.5,35.2,151.6,28.810000000000002,35.01,34.0,93.5,15.55,99.7,100.0,349.0,3333.0,1.44,45.2,15.0,7.01,35.96,29.01,0.0,354.5,1200.0
101160.479,14760.479,140.0,100.80000000000001,24.330000000000002,15.98,181.0,35.1,148.6,28.7,34.910000000000004,33.9,91.0,15.65,100.0,100.0,353.0,3331.0,1.33,45.1,15.01,7.01,35.95,29.01,1.0,350.5,1200.0
101222.989,14822.989,140.0,102.9,24.32,16.01,181.0,35.15,148.1,28.71,34.92,34.0,91.0,15.700000000000001,99.80000000000001,100.0,354.0,3327.0,1.28,44.95,15.08,6.95,35.980000000000004,29.01,0.0,353.0,1200.0
101285.136,14885.136,140.0,101.9,24.36,15.97,182.5,34.95,148.5,28.69,34.88,33.95,92.5,15.5,99.4,100.0,350.5,3327.0,1.36,45.050000000000004,15.01,6.99,35.92,29.0,0.0,352.5,1200.0
101347.341,14947.341,140.0,103.10000000000001,24.3,16.02,179.5,35.2,149.1,28.580000000000002,34.75,33.95,93.0,15.600000000000001,100.0,99.80000000000001,352.0,3330.0,1.33,45.050000000000004,15.0,7.0,35.93,29.09,1.0,349.5,1200.0
101402.029,15002.029,140.0,101.7,24.41,16.01,180.5,35.050000000000004,150.0,28.580000000000002,34.81,33.75,92.5,15.5,99.80000000000001,100.0,351.5,3327.0,1.43,44.900000000000006,14.91,6.95,35.96,28.990000000000002,1.0,354.0,1200.0
101465.446,15065.446,140.0,103.7,24.400000000000002,15.98,180.5,35.1,146.5,28.6,34.88,33.85,94.0,15.5,100.0,100.0,352.5,3323.0,1.48,45.0,14.97,7.0200000000000005,36.0,29.060000000000002,0.0,347.0,1200.0
101520.943,15120.943,140.0,101.60000000000001,24.36,15.98,179.5,35.050000000000004,148.70000000000002,28.6,34.76,33.95,91.5,15.700000000000001,100.0,99.60000000000001,350.0,3327.0,1.61,45.050000000000004,15.040000000000001,6.95,35.95,29.03,1.0,351.5,1200.0
101584.307,15184.307,140.0,101.9,24.310000000000002,15.91,181.0,35.1,149.6,28.71,34.83,33.85,91.5,15.700000000000001,100.0,99.9,357.5,3325.0,1.5,44.800000000000004,15.01,7.0600000000000005,35.97,28.88,0.0,349.5,1200.0
101647.626,15247.626,140.0,101.60000000000001,24.41,15.98,179.0,35.050000000000004,150.4,28.68,34.71,34.050000000000004,90.5,15.450000000000001,100.0,99.60000000000001,352.0,3327.0,1.4000000000000001,44.95,14.950000000000001,7.0,36.01,28.91,3.0,351.0,1200.0
101703.088,15303.088,140.0,101.9,24.44,16.07,180.0,34.800000000000004,150.1,28.55,34.72,33.85,91.0,15.55,100.0,99.7,349.5,3330.0,1.49,45.0,15.0,6.99,35.92,28.990000000000002,1.0,346.5,1200.0
101766.489,15366.489,140.0,100.10000000000001,24.38,15.96,181.0,35.1,150.3,28.71,34.77,33.800000000000004,91.5,15.5,99.7,99.80000000000001,351.0,3329.0,1.43,44.85,14.97,7.03,35.99,28.990000000000002,0.0,350.0,1200.0
101821.885,15421.885,140.0,101.4,24.35,16.03,182.5,35.2,148.3,28.61,34.89,33.95,89.5,15.4,100.0,100.0,353.5,3324.0,1.3900000000000001,44.900000000000006,14.99,7.05,35.95,29.01,0.0,350.5,1200.0
101885.149,15485.149,140.0,101.60000000000001,24.38,16.04,180.0,35.050000000000004,149.6,28.69,34.87,33.85,93.0,15.65,100.0,99.60000000000001,348.0,3320.0,1.35,44.85,15.030000000000001,6.98,36.050000000000004,28.93,0.0,348.0,1200.0
101940.577,15540.577,140.0,102.2,24.34,15.97,181.0,35.1,148.5,28.650000000000002,34.89,33.85,93.0,15.5,100.0,100.0,353.5,3325.0,1.3,44.800000000000004,15.0,6.96,36.08,29.080000000000002,1.0,346.5,1200.0
102003.957,15603.957,140.0,101.2,24.38,15.96,182.0,35.1,149.4,28.75,34.82,34.0,93.0,15.8,100.0,99.60000000000001,351.5,3331.0,1.3,44.900000000000006,14.98,6.96,36.01,28.93,0.0,349.0,1200.0
102060.173,15660.173,140.0,102.0,24.29,15.98,182.0,35.050000000000004,148.20000000000002,28.650000000000002,34.9,33.9,91.0,15.55,100.0,100.0,351.0,3326.0,1.35,44.7,15.06,6.99,35.99,29.0,1.0,350.0,1200.0
102124.551,15724.551,140.0,102.60000000000001,24.38,16.02,182.0,35.15,148.8,28.87,34.910000000000004,34.1,91.0,15.350000000000001,100.0,99.60000000000001,353.5,3322.0,1.42,45.050000000000004,15.0,6.96,35.97,28.96,0.0,354.5,1200.0
102180.884,15780.884,140.0,101.60000000000001,24.16,15.98,183.0,35.15,149.4,28.77,34.980000000000004,34.050000000000004,89.0,15.5,100.0,99.9,354.0,3325.0,1.3900000000000001,44.7,14.99,6.96,35.96,29.01,0.0,355.0,1200.0
102244.834,15844.834,140.0,100.10000000000001,24.240000000000002,15.99,184.0,35.35,148.70000000000002,28.87,35.050000000000004,34.25,91.5,15.600000000000001,100.0,99.80000000000001,355.5,3332.0,1.4000000000000001,44.85,14.98,7.0600000000000005,35.97,29.04,1.0,352.5,1200.0
102300.393,15900.393,140.0,101.7,24.27,15.97,184.5,35.2,148.8,28.92,35.050000000000004,34.25,91.0,15.5,99.80000000000001,99.9,357.5,3330.0,1.33,44.900000000000006,14.93,7.04,35.94,28.96,2.0,354.0,1200.0
102364.004,15964.004,140.0,101.10000000000001,24.28,15.97,183.5,35.300000000000004,147.9,28.98,35.160000000000004,34.35,89.0,15.5,100.0,99.80000000000001,352.0,3330.0,1.45,44.900000000000006,14.91,6.94,35.99,28.990000000000002,0.0,353.0,1200.0
102420.191,16020.191,140.0,102.0,24.34,15.98,181.5,35.5,149.20000000000002,29.04,35.230000000000004,34.15,92.0,15.75,99.60000000000001,100.0,353.0,3334.0,1.41,44.900000000000006,15.02,6.99,36.07,29.01,3.0,354.0,1200.0
102484.312,16084.312,140.0,102.80000000000001,24.25,16.0,184.0,35.4,149.1,29.1,35.2,34.35,91.5,15.55,99.60000000000001,99.7,359.0,3337.0,1.55,45.0,15.02,6.98,36.07,28.89,0.0,350.5,1200.0
102546.198,16146.198,140.0,101.4,24.330000000000002,15.96,182.5,35.7,148.8,29.18,35.28,34.4,91.0,15.600000000000001,99.7,100.0,358.0,3338.0,1.59,44.85,14.9,6.97,35.94,29.05,1.0,360.0,1200.0
102601.189,16201.189,140.0,101.4,24.27,15.98,183.5,35.6,146.70000000000002,29.22,35.42,34.45,92.0,15.5,99.7,99.9,355.5,3341.0,1.46,45.0,15.0,6.93,36.04,29.04,0.0,356.5,1200.0
102665.066,16265.066,140.0,101.30000000000001,24.36,16.02,181.0,35.550000000000004,149.20000000000002,29.150000000000002,35.300000000000004,34.45,93.0,15.55,100.0,99.9,359.5,3340.0,1.3,45.2,15.030000000000001,7.07,36.0,28.97,0.0,360.5,1200.0
102726.256,16326.256,140.0,102.5,24.310000000000002,15.99,184.0,35.6,150.8,29.2,35.42,34.550000000000004,92.5,15.65,100.0,100.0,363.5,3354.0,1.33,45.0,15.01,6.99,35.96,29.060000000000002,0.0,360.0,1200.0
102786.857,16386.857,140.0,102.5,24.32,15.97,184.0,35.6,149.3,29.28,35.35,34.5,91.0,15.5,99.7,99.9,358.5,3344.0,1.6500000000000001,45.25,15.030000000000001,6.96,36.02,28.91,2.0,354.5,1200.0
102841.646,16441.646,140.0,99.80000000000001,24.25,16.02,182.0,35.6,149.5,29.2,35.43,34.4,92.5,15.5,99.60000000000001,99.60000000000001,360.0,3348.0,1.32,45.25,15.02,6.96,35.97,29.060000000000002,1.0,359.5,1200.0
102904.662,16504.662,140.0,102.30000000000001,24.240000000000002,16.04,183.0,35.550000000000004,149.20000000000002,29.3,35.42,34.6,91.0,15.65,100.0,99.60000000000001,362.0,3343.0,1.53,45.35,15.040000000000001,7.0,36.0,28.88,0.0,356.0,1200.0
102964.962,16564.962,140.0,100.4,24.28,15.99,184.5,35.45,148.3,29.17,35.37,34.5,93.5,15.55,100.0,99.80000000000001,360.5,3352.0,1.28,45.400000000000006,15.02,6.95,36.02,29.05,0.0,357.5,1200.0
103027.021,16627.021,140.0,102.10000000000001,24.37,16.03,183.5,35.550000000000004,149.70000000000002,29.21,35.32,34.550000000000004,94.0,15.5,99.7,100.0,358.5,3347.0,1.41,45.25,15.040000000000001,7.05,36.08,28.990000000000002,2.0,364.5,1200.0
103081.917,16681.917,140.0,101.30000000000001,24.28,16.01,185.5,35.6,149.70000000000002,29.27,35.39,34.35,92.0,15.700000000000001,100.0,100.0,358.0,3352.0,1.43,45.2,14.96,6.92,35.99,28.98,1.0,357.5,1200.0
103143.437,16743.437,140.0,102.9,24.29,15.91,185.5,35.550000000000004,147.9,29.22,35.39,34.4,90.0,15.55,100.0,100.0,363.0,3351.0,1.36,45.400000000000006,14.98,6.92,36.01,28.97,0.0,363.5,1200.0
103204.129,16804.129,140.0,102.0,24.3,15.96,184.0,35.7,147.5,29.22,35.43,34.45,91.5,15.5,99.4,100.0,356.0,3353.0,1.42,45.5,14.96,6.94,36.04,29.080000000000002,2.0,357.0,1200.0
103267.582,16867.582,140.0,101.4,24.310000000000002,15.950000000000001,184.0,35.65,149.3,29.18,35.31,34.65,92.0,15.600000000000001,100.0,100.0,363.0,3352.0,1.46,45.45,15.01,6.96,36.06,29.13,1.0,361.5,1200.0
103322.437,16922.437,140.0,103.0,24.240000000000002,16.0,186.0,35.550000000000004,147.8,29.32,35.44,34.5,92.5,15.55,100.0,100.0,363.5,3348.0,1.36,45.35,15.02,7.0200000000000005,36.04,29.05,1.0,362.5,1200.0
103383.269,16983.269,140.0,102.0,24.32,15.96,186.0,35.75,149.8,29.21,35.5,34.65,93.0,15.55,100.0,100.0,361.0,3348.0,1.42,45.5,14.99,6.98,35.99,28.95,1.0,362.0,1200.0
103445.024,17045.024,140.0,102.4,24.310000000000002,15.96,186.0,35.65,150.0,29.27,35.38,34.550000000000004,92.5,15.55,99.9,99.60000000000001,357.5,3355.0,1.35,45.400000000000006,14.91,6.99,35.95,28.990000000000002,0.0,360.0,1200.0
103500.239,17100.239,140.0,102.9,24.26,16.0,183.0,35.6,148.0,29.35,35.57,34.65,92.5,15.55,99.80000000000001,100.0,359.5,3353.0,1.33,45.5,15.0,7.05,36.01,29.0,0.0,361.5,1200.0
103562.79,17162.79,140.0,100.80000000000001,24.29,16.04,186.0,35.6,149.1,29.39,35.56,34.7,92.5,15.4,100.0,99.7,363.0,3352.0,1.3800000000000001,45.7,15.030000000000001,7.01,36.050000000000004,29.0,3.0,361.5,1200.0
103622.951,17222.951,140.0,101.9,24.310000000000002,16.0,184.0,35.65,149.4,29.310000000000002,35.52,34.7,92.0,15.4,100.0,100.0,365.0,3358.0,1.41,45.6,15.06,7.01,36.12,29.1,0.0,361.0,1200.0
103685.846,17285.846,140.0,102.10000000000001,24.35,15.98,184.5,35.7,148.9,29.3,35.49,34.65,92.5,15.600000000000001,99.9,99.7,362.0,3356.0,1.41,45.6,14.96,7.0600000000000005,36.02,28.96,1.0,361.5,1200.0
103740.989,17340.989,140.0,100.4,24.26,16.05,184.0,35.9,148.3,29.34,35.59,34.800000000000004,92.0,15.350000000000001,100.0,99.80000000000001,363.5,3355.0,1.24,45.550000000000004,14.98,6.98,36.08,29.0,0.0,365.0,1200.0
103802.011,17402.011,140.0,104.7,24.36,16.01,185.0,35.800000000000004,148.1,29.37,35.54,34.7,91.5,15.450000000000001,100.0,99.80000000000001,364.0,3358.0,1.32,45.550000000000004,14.92,7.0600000000000005,35.94,29.060000000000002,0.0,363.5,1200.0
103862.425,17462.425,140.0,103.5,24.37,15.98,184.5,35.65,147.8,29.29,35.6,34.800000000000004,92.5,15.55,99.80000000000001,100.0,366.0,3357.0,1.32,45.7,14.94,7.01,36.01,28.89,1.0,364.0,1200.0
103926.098,17526.098,140.0,101.60000000000001,24.34,15.99,186.5,35.7,148.3,29.44,35.58,34.800000000000004,93.0,15.5,99.9,99.80000000000001,361.5,3365.0,1.37,45.6,14.98,6.96,35.93,29.01,2.0,366.0,1200.0
103980.443,17580.443,140.0,102.10000000000001,24.28,15.98,186.0,35.9,148.8,29.43,35.69,34.85,92.0,15.65,100.0,100.0,365.0,3364.0,1.43,45.650000000000006,15.01,6.97,36.01,28.94,1.0,363.0,1200.0
104040.165,17640.165,140.0,102.7,24.36,15.98,182.5,35.9,150.1,29.47,35.59,34.75,93.5,15.4,99.4,100.0,368.0,3361.0,1.43,45.7,14.97,7.01,35.96,28.96,0.0,365.5,1200.0
104101.624,17701.624,140.0,103.4,24.25,16.0,187.0,35.85,147.6,29.48,35.65,34.95,88.5,15.65,99.80000000000001,99.80000000000001,364.5,3360.0,1.28,45.800000000000004,14.950000000000001,7.04,35.97,29.02,0.0,367.0,1200.0
104165.061,17765.061,140.0,101.30000000000001,24.34,15.98,185.5,35.9,150.9,29.52,35.7,34.65,92.5,15.55,100.0,100.0,370.0,3366.0,1.46,45.7,15.030000000000001,7.01,35.96,29.01,0.0,371.5,1200.0
104224.86,17824.86,140.0,100.4,24.37,16.05,187.0,35.9,147.70000000000002,29.59,35.800000000000004,35.15,93.5,15.55,100.0,100.0,365.0,3373.0,1.32,45.800000000000004,14.99,7.01,36.0,29.01,0.0,366.5,1200.0
104285.622,17885.622,140.0,101.60000000000001,24.37,16.05,187.0,36.0,150.70000000000002,29.62,35.79,34.85,94.0,15.350000000000001,99.7,99.9,365.5,3372.0,1.43,45.95,15.02,7.0,36.07,28.97,0.0,369.0,1200.0
104340.375,17940.375,140.0,103.2,24.34,15.98,186.5,35.9,148.1,29.62,35.800000000000004,35.1,91.0,15.5,99.7,100.0,370.0,3376.0,1.26,45.900000000000006,15.040000000000001,6.94,36.02,29.02,0.0,368.0,1200.0
104402.522,18002.522,140.0,101.7,24.32,15.97,185.5,36.0,147.5,29.71,35.89,35.0,91.5,15.4,99.60000000000001,100.0,370.0,3374.0,1.46,45.95,15.01,7.01,35.980000000000004,28.990000000000002,1.0,372.0,1200.0
104461.093,18061.093,140.0,103.10000000000001,24.3,15.96,187.0,36.15,148.70000000000002,29.59,35.72,35.0,91.5,15.5,99.7,100.0,371.5,3377.0,1.41,46.050000000000004,14.99,7.0,35.910000000000004,29.07,0.0,366.0,1200.0
104522.488,18122.488,140.0,102.30000000000001,24.330000000000002,16.01,185.5,35.800000000000004,149.6,29.64,35.800000000000004,34.95,90.0,15.65,99.9,99.7,373.0,3377.0,1.52,45.900000000000006,15.02,6.99,36.050000000000004,28.96,0.0,371.5,1200.0
104583.875,18183.875,140.0,102.80000000000001,24.23,16.01,185.5,36.0,147.9,29.650000000000002,35.800000000000004,34.95,93.0,15.55,99.5,99.60000000000001,370.5,3379.0,1.3900000000000001,46.1,15.07,7.0200000000000005,36.0,28.91,0.0,365.5,1200.0
104643.07,18243.07,140.0,102.30000000000001,24.36,16.06,186.5,35.85,149.20000000000002,29.6,35.800000000000004,34.75,90.0,15.5,100.0,100.0,364.5,3374.0,1.34,46.050000000000004,15.030000000000001,6.95,35.88,28.96,0.0,372.0,1200.0
104704.385,18304.385,140.0,101.7,24.330000000000002,15.92,189.5,36.0,148.0,29.6,35.76,35.0,92.0,15.450000000000001,100.0,100.0,369.5,3377.0,1.46,46.150000000000006,15.01,6.99,35.97,29.01,0.0,366.5,1200.0
104765.625,18365.625,140.0,101.80000000000001,24.330000000000002,15.97,189.0,35.9,148.1,29.53,35.67,35.050000000000004,91.5,15.450000000000001,100.0,99.9,367.5,3373.0,1.5,46.0,15.01,7.0,36.09,29.01,1.0,372.5,1200.0
104825.228,18425.228,140.0,101.7,24.35,16.02,186.5,35.95,149.9,29.5,35.660000000000004,34.95,91.0,15.450000000000001,100.0,100.0,367.5,3374.0,1.3900000000000001,46.1,15.030000000000001,6.94,36.06,28.97,0.0,375.0,1200.0
104886.543,18486.543,140.0,102.5,24.37,15.93,186.5,35.85,147.6,29.490000000000002,35.57,34.800000000000004,90.0,15.5,100.0,99.9,371.0,3376.0,1.57,46.1,15.0,6.99,35.980000000000004,29.05,3.0,371.5,1200.0
104940.16,18540.16,140.0,100.5,24.3,15.97,186.0,35.9,149.4,29.52,35.6,34.800000000000004,91.5,15.5,100.0,100.0,372.0,3374.0,1.3900000000000001,46.050000000000004,15.05,6.95,36.02,29.060000000000002,0.0,368.0,1200.0
105000.4,18600.4,140.0,103.0,24.240000000000002,16.07,185.0,35.9,148.8,29.45,35.58,35.050000000000004,91.0,15.4,100.0,100.0,364.0,3370.0,1.48,46.0,15.0,6.98,36.08,28.96,2.0,365.0,1200.0
105061.198,18661.198,140.0,102.9,24.19,15.93,187.5,35.75,149.0,29.39,35.63,34.9,90.5,15.5,100.0,100.0,363.5,3369.0,1.48,46.150000000000006,15.09,7.01,36.050000000000004,28.990000000000002,1.0,367.0,1200.0
105123.294,18723.294,140.0,102.4,24.36,16.02,185.0,35.800000000000004,149.6,29.53,35.74,34.95,92.5,15.5,100.0,100.0,369.0,3375.0,1.37,46.0,14.99,7.04,36.050000000000004,29.080000000000002,1.0,366.5,1200.0
105183.868,18783.868,140.0,103.10000000000001,24.310000000000002,15.950000000000001,184.5,35.95,150.0,29.42,35.75,34.800000000000004,92.5,15.350000000000001,100.0,100.0,370.0,3378.0,1.53,46.2,14.96,6.96,36.03,29.02,1.0,369.5,1200.0
105244.541,18844.541,140.0,102.10000000000001,24.34,16.02,186.0,35.95,149.5,29.46,35.76,34.95,90.5,15.5,99.80000000000001,99.60000000000001,368.5,3377.0,1.3,46.050000000000004,14.93,6.97,35.93,28.98,1.0,368.0,1200.0
105306.542,18906.542,140.0,102.30000000000001,24.34,15.91,186.0,36.0,148.8,29.490000000000002,35.69,34.95,90.5,15.4,100.0,99.30000000000001,367.5,3383.0,1.34,46.050000000000004,15.02,7.0200000000000005,36.04,28.97,0.0,371.0,1200.0
105367.07,18967.07,140.0,101.7,24.28,16.03,184.0,36.0,148.20000000000002,29.48,35.62,34.95,91.0,15.450000000000001,100.0,99.9,369.5,3381.0,1.49,46.150000000000006,14.97,6.97,36.08,28.97,0.0,369.5,1200.0
105427.624,19027.624,140.0,102.30000000000001,24.34,16.02,187.0,35.75,148.20000000000002,29.57,35.69,35.0,89.0,15.4,99.7,99.5,373.0,3380.0,1.33,46.050000000000004,15.01,7.0200000000000005,35.99,29.02,2.0,368.5,1200.0
105481.437,19081.437,140.0,101.4,24.32,15.9,188.0,35.85,150.20000000000002,29.53,35.730000000000004,35.050000000000004,91.5,15.450000000000001,99.60000000000001,100.0,371.0,3383.0,1.34,46.150000000000006,14.97,6.9,36.0,28.92,0.0,371.5,1200.0
105542.844,19142.844,140.0,101.2,24.37,16.04,188.0,35.9,148.4,29.400000000000002,35.78,35.0,91.5,15.5,100.0,99.9,369.5,3387.0,1.35,46.1,14.97,7.04,36.07,29.0,1.0,368.5,1200.0
105602.847,19202.847,140.0,101.80000000000001,24.39,16.04,187.0,35.9,149.8,29.48,35.76,35.1,92.5,15.5,99.60000000000001,99.4,366.0,3385.0,1.41,46.1,15.0,6.94,36.01,28.900000000000002,3.0,370.5,1200.0
105664.242,19264.242,140.0,103.60000000000001,24.39,15.99,187.0,35.9,148.70000000000002,29.54,35.7,35.15,90.5,15.4,99.80000000000001,99.7,369.5,3391.0,1.42,46.25,15.08,7.05,36.03,29.07,1.0,375.0,1200.0
105725.735,19325.735,140.0,100.80000000000001,24.46,16.05,185.5,36.0,148.20000000000002,29.490000000000002,35.7,35.1,92.5,15.450000000000001,100.0,100.0,370.5,3393.0,1.36,46.25,15.02,7.05,35.980000000000004,28.98,0.0,375.0,1200.0
105785.721,19385.721,140.0,102.4,24.45,16.02,186.0,35.95,149.1,29.51,35.79,35.1,91.5,15.55,100.0,100.0,367.5,3390.0,1.49,46.300000000000004,14.96,6.99,36.12,28.97,3.0,374.0,1200.0
105847.021,19447.021,140.0,102.9,24.36,16.0,185.5,35.9,149.70000000000002,29.62,35.76,35.15,91.5,15.450000000000001,100.0,100.0,373.0,3391.0,1.51,46.35,14.96,6.99,35.97,28.97,0.0,367.5,1200.0
105900.855,19500.855,140.0,101.30000000000001,24.37,16.0,185.0,35.95,148.70000000000002,29.6,35.78,35.2,91.5,15.4,99.9,100.0,374.5,3387.0,1.44,46.35,14.93,7.03,35.99,29.080000000000002,0.0,370.5,1200.0
105961.395,19561.395,140.0,100.7,24.37,16.01,187.5,35.85,149.70000000000002,29.61,35.79,35.0,92.5,15.450000000000001,99.9,100.0,368.0,3395.0,1.36,46.35,15.09,6.97,36.04,29.05,0.0,374.5,1200.0
106021.611,19621.611,140.0,101.2,24.39,16.03,188.0,36.050000000000004,148.70000000000002,29.52,35.88,35.2,90.5,15.4,100.0,100.0,372.5,3388.0,1.43,46.300000000000004,14.98,7.04,35.96,28.98,0.0,374.5,1200.0
106083.488,19683.488,140.0,100.4,24.36,16.0,186.0,35.95,149.8,29.59,35.71,35.15,90.5,15.350000000000001,100.0,100.0,373.0,3390.0,1.31,46.300000000000004,15.01,6.95,36.03,28.98,0.0,368.0,1200.0
106144.051,19744.051,140.0,101.60000000000001,24.34,15.950000000000001,188.5,35.85,149.4,29.6,35.800000000000004,35.2,90.5,15.350000000000001,100.0,100.0,375.0,3393.0,1.49,46.45,14.96,6.98,35.980000000000004,29.04,1.0,372.0,1200.0
106204.138,19804.138,140.0,100.60000000000001,24.41,15.950000000000001,187.5,36.0,148.9,29.54,35.800000000000004,35.2,90.5,15.3,100.0,100.0,371.5,3389.0,1.3900000000000001,46.45,14.97,7.01,35.96,29.01,1.0,372.0,1200.0
106265.899,19865.899,140.0,102.0,24.32,15.950000000000001,188.5,36.050000000000004,148.0,29.55,35.77,35.25,92.5,15.450000000000001,100.0,100.0,375.0,3395.0,1.6300000000000001,46.400000000000006,14.96,6.97,35.97,29.03,1.0,375.5,1200.0
106326.396,19926.396,140.0,101.7,24.38,15.93,185.5,36.1,149.5,29.63,35.800000000000004,35.300000000000004,93.0,15.4,100.0,100.0,373.5,3385.0,1.4000000000000001,46.5,14.94,7.01,35.980000000000004,28.98,0.0,373.0,1200.0
106386.349,19986.349,140.0,101.10000000000001,24.32,15.97,187.0,35.95,148.4,29.54,35.78,35.4,92.5,15.25,99.5,100.0,365.0,3393.0,1.23,46.300000000000004,15.06,7.09,36.17,29.07,1.0,374.0,1200.0
106448.045,20048.045,140.0,100.9,24.400000000000002,15.98,187.5,36.1,148.3,29.6,35.83,35.2,93.5,15.55,99.80000000000001,99.9,372.5,3393.0,1.32,46.550000000000004,14.96,6.98,36.03,29.09,0.0,370.5,1200.0
106501.361,20101.361,140.0,103.0,24.35,15.98,185.5,36.050000000000004,147.6,29.61,35.82,35.25,91.5,15.4,99.9,100.0,372.0,3392.0,1.4000000000000001,46.550000000000004,15.07,7.03,35.97,28.91,0.0,375.5,1200.0
106561.098,20161.098,140.0,102.4,24.39,15.950000000000001,185.0,36.0,148.70000000000002,29.61,35.84,35.25,91.0,15.5,99.80000000000001,99.4,373.0,3392.0,1.3900000000000001,46.300000000000004,15.0,7.05,35.99,29.09,0.0,374.5,1200.0
106621.904,20221.904,140.0,101.30000000000001,24.330000000000002,16.02,185.5,35.95,149.6,29.55,35.86,35.4,91.0,15.450000000000001,100.0,100.0,373.5,3401.0,1.31,46.5,14.950000000000001,6.98,35.910000000000004,28.96,0.0,375.0,1200.0
106683.402,20283.402,140.0,101.80000000000001,24.400000000000002,15.98,189.0,35.95,146.6,29.62,35.79,35.300000000000004,92.0,15.5,100.0,99.9,371.0,3397.0,1.49,46.45,14.94,6.94,36.07,28.98,0.0,371.5,1200.0
106743.135,20343.135,140.0,101.10000000000001,24.35,16.01,188.5,36.0,150.4,29.6,35.85,35.45,92.0,15.450000000000001,99.9,99.7,373.5,3394.0,1.47,46.6,15.120000000000001,7.0,36.04,28.990000000000002,1.0,370.0,1200.0
106803.851,20403.851,140.0,101.2,24.310000000000002,16.0,187.5,36.0,149.8,29.61,35.85,35.4,92.5,15.5,100.0,100.0,371.5,3399.0,1.5,46.400000000000006,14.99,7.08,36.06,29.12,4.0,372.5,1200.0
106865.437,20465.437,140.0,101.0,24.330000000000002,16.02,187.0,36.2,148.4,29.68,35.84,35.4,94.0,15.5,100.0,99.9,375.0,3398.0,1.33,46.6,15.02,6.96,35.97,28.94,0.0,371.0,1200.0
106925.25,20525.25,140.0,101.9,24.35,16.0,186.0,36.050000000000004,150.6,29.62,35.83,35.25,88.5,15.350000000000001,99.60000000000001,100.0,375.0,3392.0,1.35,46.550000000000004,14.98,7.0600000000000005,36.04,28.990000000000002,1.0,374.5,1200.0
106985.904,20585.904,140.0,102.5,24.36,16.02,186.0,36.050000000000004,147.4,29.66,35.82,35.35,94.0,15.350000000000001,100.0,100.0,375.5,3394.0,1.51,46.45,15.030000000000001,6.99,36.04,29.01,1.0,375.5,1200.0
107047.518,20647.518,140.0,101.60000000000001,24.400000000000002,16.02,187.5,36.1,148.5,29.64,35.85,35.4,91.5,15.55,100.0,99.9,375.0,3400.0,1.42,46.550000000000004,15.0,7.0200000000000005,36.06,29.01,0.0,372.0,1200.0
107100.32,20700.32,140.0,102.5,24.34,16.01,187.5,35.9,148.8,29.57,35.93,35.4,91.5,15.4,100.0,99.80000000000001,373.5,3401.0,1.36,46.550000000000004,14.950000000000001,7.04,36.07,29.11,0.0,372.0,1200.0
107167.797,20767.797,140.0,100.7,24.3,15.96,186.0,35.95,148.70000000000002,29.67,35.87,35.25,92.0,15.350000000000001,100.0,99.7,376.0,3396.0,1.36,46.650000000000006,14.99,7.01,35.97,29.03,0.0,376.0,1200.0
107221.458,20821.458,140.0,101.0,24.330000000000002,15.96,187.5,36.0,147.0,29.7,35.78,35.4,92.0,15.350000000000001,99.4,99.7,372.0,3397.0,1.5,46.6,15.040000000000001,7.0600000000000005,35.96,29.14,4.0,373.5,1200.0
107282.231,20882.231,140.0,102.30000000000001,24.34,15.98,186.0,35.95,149.20000000000002,29.67,35.85,35.4,92.5,15.3,99.7,99.5,374.5,3401.0,1.23,46.45,14.99,7.01,35.980000000000004,28.95,1.0,378.0,1200.0
107341.772,20941.772,140.0,101.80000000000001,24.41,16.0,188.0,36.1,150.0,29.71,35.95,35.5,89.5,15.450000000000001,99.60000000000001,100.0,374.0,3396.0,1.51,46.5,15.01,7.0200000000000005,35.96,29.03,1.0,376.5,1200.0
107403.156,21003.156,140.0,103.30000000000001,24.29,16.04,188.0,36.15,149.0,29.69,35.800000000000004,35.4,90.5,15.4,99.30000000000001,99.80000000000001,371.0,3401.0,1.46,46.650000000000006,14.96,7.0200000000000005,36.01,29.01,1.0,374.0,1200.0
107463.81,21063.81,140.0,100.9,24.330000000000002,15.950000000000001,187.5,36.1,148.5,29.63,35.88,35.65,92.5,15.450000000000001,99.7,100.0,374.5,3406.0,1.48,46.550000000000004,15.06,6.96,36.0,28.92,0.0,375.0,1200.0
107523.131,21123.131,140.0,102.9,24.310000000000002,15.96,186.0,36.2,147.0,29.72,35.85,35.45,94.0,15.3,99.7,99.60000000000001,374.5,3397.0,1.47,46.550000000000004,15.030000000000001,7.01,36.01,29.02,1.0,376.0,1200.0
107584.311,21184.311,140.0,103.60000000000001,24.310000000000002,15.98,189.5,36.25,148.3,29.64,35.88,35.5,90.0,15.350000000000001,99.7,99.7,372.5,3403.0,1.23,46.650000000000006,14.99,7.0,36.04,28.990000000000002,0.0,376.5,1200.0
107645.015,21245.015,140.0,102.5,24.3,15.92,189.5,35.95,149.20000000000002,29.57,35.800000000000004,35.4,89.5,15.4,99.9,99.60000000000001,374.0,3398.0,1.31,46.800000000000004,15.02,7.03,35.96,28.98,0.0,373.5,1200.0
107704.418,21304.418,140.0,99.7,24.3,15.94,187.5,36.1,148.3,29.650000000000002,35.85,35.45,91.0,15.25,100.0,100.0,373.5,3394.0,1.45,46.650000000000006,15.02,7.04,35.95,28.92,0.0,375.0,1200.0
107765.558,21365.558,140.0,102.30000000000001,24.36,15.99,187.5,36.050000000000004,147.5,29.63,35.800000000000004,35.45,90.5,15.4,100.0,100.0,375.5,3395.0,1.54,46.5,15.06,6.98,35.95,28.94,0.0,375.0,1200.0
107826.307,21426.307,140.0,100.80000000000001,24.23,16.03,187.0,35.9,148.0,29.62,35.92,35.4,92.0,15.350000000000001,100.0,100.0,372.0,3396.0,1.4000000000000001,46.550000000000004,15.07,7.0600000000000005,36.01,29.1,2.0,372.0,1200.0
107885.788,21485.788,140.0,101.10000000000001,24.34,16.0,187.0,35.95,148.4,29.580000000000002,35.77,35.45,90.5,15.3,100.0,100.0,370.5,3396.0,1.46,46.6,15.06,6.94,35.99,29.02,0.0,370.0,1200.0
107946.899,21546.899,140.0,100.7,24.310000000000002,15.94,186.0,36.050000000000004,148.5,29.650000000000002,35.81,35.5,90.0,15.4,100.0,99.7,369.5,3397.0,1.29,46.35,15.06,7.01,36.01,29.02,3.0,375.5,1200.0
108000.24,21600.24,140.0,101.0,24.27,16.06,187.0,36.0,148.6,29.72,35.75,35.5,90.0,15.350000000000001,100.0,99.80000000000001,367.5,3392.0,1.48,46.550000000000004,14.94,7.0,35.95,28.97,0.0,372.5,1200.0
108066.732,21666.732,140.0,100.7,24.29,16.01,188.5,35.95,146.8,29.62,35.72,35.4,91.5,15.4,99.60000000000001,100.0,373.0,3397.0,1.1500000000000001,46.6,15.120000000000001,7.0,35.99,29.0,0.0,365.5,1200.0
108127.269,21727.269,140.0,103.10000000000001,24.310000000000002,16.03,185.5,36.0,148.1,29.6,35.800000000000004,35.35,90.5,15.5,100.0,99.60000000000001,367.0,3390.0,1.37,46.5,15.02,6.99,35.94,28.93,1.0,375.0,1200.0
108180.118,21780.118,140.0,101.9,24.35,16.02,185.5,35.9,150.20000000000002,29.54,35.75,35.4,89.5,15.5,100.0,99.9,370.5,3396.0,1.42,46.400000000000006,15.040000000000001,6.97,36.07,29.03,1.0,370.5,1200.0
108246.966,21846.966,140.0,102.4,24.38,15.96,187.5,35.95,151.1,29.580000000000002,35.75,35.45,91.5,15.350000000000001,99.7,99.7,368.5,3392.0,1.35,46.45,14.92,6.99,36.03,28.96,1.0,370.5,1200.0
108307.511,21907.511,140.0,102.0,24.35,15.950000000000001,185.5,35.9,148.20000000000002,29.53,35.78,35.35,91.5,15.350000000000001,100.0,99.7,374.0,3393.0,1.33,46.5,15.05,7.0600000000000005,36.01,28.96,2.0,369.0,1200.0
108360.306,21960.306,140.0,101.60000000000001,24.310000000000002,16.0,184.5,35.9,149.0,29.59,35.62,35.4,91.5,15.350000000000001,99.9,100.0,374.5,3390.0,1.37,46.45,15.01,6.96,35.96,29.0,0.0,369.5,1200.0
108420.068,22020.068,140.0,102.30000000000001,24.32,15.89,185.5,35.95,149.4,29.37,35.71,35.35,92.5,15.4,99.5,99.80000000000001,373.0,3397.0,1.61,46.5,14.99,7.05,36.0,28.990000000000002,0.0,370.5,1200.0
108480.24,22080.24,140.0,102.5,24.36,15.96,186.5,35.800000000000004,147.8,29.46,35.75,35.550000000000004,93.0,15.350000000000001,99.30000000000001,99.9,369.5,3398.0,1.45,46.45,15.02,7.0200000000000005,35.96,29.01,0.0,375.0,1200.0
108540.779,22140.779,140.0,102.4,24.34,15.97,185.5,35.800000000000004,149.6,29.46,35.58,35.4,90.5,15.3,100.0,100.0,371.0,3392.0,1.3,46.400000000000006,14.98,7.03,35.95,28.98,0.0,373.5,1200.0
108600.709,22200.709,140.0,102.0,24.42,15.97,186.5,35.85,149.4,29.48,35.550000000000004,35.4,91.5,15.350000000000001,100.0,99.7,371.5,3398.0,1.51,46.35,14.950000000000001,6.96,35.96,29.0,1.0,376.5,1200.0
108661.64,22261.64,140.0,103.30000000000001,24.37,16.0,185.0,35.95,150.0,29.38,35.61,35.5,92.0,15.5,99.60000000000001,100.0,373.5,3394.0,1.43,46.45,15.040000000000001,7.07,36.03,29.05,0.0,372.0,1200.0
108723.051,22323.051,140.0,102.10000000000001,24.39,16.07,188.5,35.95,149.6,29.34,35.63,35.4,93.0,15.350000000000001,100.0,99.80000000000001,370.5,3393.0,1.31,46.35,14.99,6.95,35.96,29.04,2.0,366.5,1200.0
108783.551,22383.551,140.0,101.9,24.3,15.950000000000001,186.0,35.7,147.6,29.310000000000002,35.61,35.550000000000004,90.0,15.450000000000001,99.7,100.0,374.0,3396.0,1.37,46.300000000000004,15.01,7.04,35.99,28.990000000000002,1.0,368.5,1200.0
108844.337,22444.337,140.0,101.7,24.28,16.04,188.0,35.85,148.9,29.45,35.76,35.550000000000004,93.0,15.25,100.0,100.0,368.0,3399.0,1.41,46.550000000000004,14.98,7.0600000000000005,35.89,29.07,0.0,372.5,1200.0
108905.71,22505.71,140.0,101.4,24.400000000000002,16.03,186.5,36.0,149.5,29.53,35.64,35.6,92.0,15.4,100.0,99.60000000000001,373.5,3401.0,1.45,46.400000000000006,15.0,6.96,35.99,29.07,0.0,367.5,1200.0
108966.1,22566.1,140.0,102.5,24.36,15.98,186.0,36.1,148.3,29.51,35.67,35.300000000000004,90.5,15.350000000000001,99.80000000000001,100.0,375.0,3403.0,1.3,46.5,14.96,6.99,36.02,28.96,4.0,371.5,1200.0
109026.736,22626.736,140.0,102.0,24.32,15.94,184.5,35.9,149.3,29.5,35.660000000000004,35.550000000000004,92.5,15.350000000000001,99.60000000000001,99.7,377.0,3404.0,1.5,46.400000000000006,15.05,6.93,36.04,28.96,0.0,376.5,1200.0
109080.225,22680.225,140.0,102.2,24.34,16.04,185.0,35.95,149.5,29.55,35.74,35.550000000000004,90.5,15.3,99.60000000000001,100.0,374.5,3409.0,1.35,46.650000000000006,14.950000000000001,6.98,36.01,29.03,0.0,373.5,1200.0
109141.118,22741.118,140.0,101.2,24.41,15.98,184.5,35.85,148.0,29.6,35.77,35.550000000000004,92.0,15.4,100.0,100.0,375.0,3404.0,1.43,46.550000000000004,15.01,6.94,36.13,28.97,0.0,375.0,1200.0
109201.181,22801.181,140.0,101.9,24.38,15.950000000000001,187.5,35.9,148.4,29.5,35.81,35.7,91.5,15.3,99.60000000000001,100.0,377.0,3412.0,1.3800000000000001,46.75,14.96,6.93,35.92,28.98,0.0,377.5,1200.0
109262.287,22862.287,140.0,102.60000000000001,24.37,16.0,187.5,35.9,149.8,29.48,35.78,35.7,92.0,15.3,100.0,100.0,371.0,3405.0,1.29,46.550000000000004,14.93,6.93,36.02,29.02,1.0,371.0,1200.0
109323.198,22923.198,140.0,103.10000000000001,24.47,16.03,186.0,35.95,148.9,29.560000000000002,35.82,35.6,93.5,15.350000000000001,99.4,100.0,372.5,3409.0,1.45,46.650000000000006,15.05,6.96,36.07,28.95,0.0,375.0,1200.0
109383.133,22983.133,140.0,102.80000000000001,24.41,15.99,184.5,35.85,151.70000000000002,29.580000000000002,35.71,35.7,91.5,15.350000000000001,99.7,100.0,379.5,3409.0,1.3900000000000001,46.7,14.97,7.0,35.99,28.97,0.0,375.0,1200.0
109444.166,23044.166,140.0,102.5,24.44,16.0,187.0,36.050000000000004,149.5,29.580000000000002,35.730000000000004,35.800000000000004,92.0,15.3,99.9,100.0,372.0,3408.0,1.27,46.7,15.08,7.0,35.97,29.14,2.0,371.5,1200.0
109505.101,23105.101,140.0,102.60000000000001,24.41,15.98,183.5,36.050000000000004,148.1,29.580000000000002,35.78,35.800000000000004,91.0,15.25,99.9,99.7,378.5,3409.0,1.44,46.75,15.05,7.04,35.99,28.89,0.0,373.5,1200.0
109564.893,23164.893,140.0,101.4,24.38,15.98,187.5,36.0,148.6,29.55,35.84,35.85,92.0,15.450000000000001,99.80000000000001,100.0,373.5,3410.0,1.37,46.7,14.98,6.98,36.07,29.04,1.0,376.0,1200.0
109625.839,23225.839,140.0,101.30000000000001,24.36,16.03,186.5,35.95,147.9,29.64,35.800000000000004,35.85,93.0,15.15,99.60000000000001,99.9,379.0,3413.0,1.42,46.800000000000004,15.040000000000001,6.98,35.97,29.01,1.0,376.5,1200.0
109686.813,23286.813,140.0,101.7,24.38,15.950000000000001,187.0,36.1,147.1,29.580000000000002,35.74,35.85,90.5,15.15,100.0,100.0,375.0,3406.0,1.47,46.6,15.0,6.97,35.89,28.98,0.0,374.0,1200.0
109746.467,23346.467,140.0,101.0,24.37,15.96,187.0,36.050000000000004,149.0,29.63,35.910000000000004,35.85,90.5,15.15,100.0,100.0,376.0,3407.0,1.41,46.75,15.02,7.0600000000000005,35.95,29.01,0.0,376.5,1200.0
109807.31,23407.31,140.0,101.80000000000001,24.32,16.04,186.0,36.050000000000004,147.1,29.490000000000002,35.81,35.95,92.5,15.3,100.0,99.60000000000001,378.5,3413.0,1.43,46.550000000000004,14.96,6.99,35.99,28.96,1.0,374.0,1200.0
109860.353,23460.353,140.0,103.60000000000001,24.3,15.94,189.0,35.95,148.6,29.64,35.76,35.9,92.5,15.200000000000001,100.0,100.0,379.0,3411.0,1.43,46.75,15.05,6.98,35.96,29.01,1.0,380.0,1200.0
109927.082,23527.082,140.0,101.0,24.34,16.05,185.0,36.0,148.3,29.66,35.83,35.85,90.5,15.200000000000001,99.9,100.0,376.5,3414.0,1.41,47.0,14.93,7.0,36.12,29.01,0.0,378.0,1200.0
109987.609,23587.609,140.0,101.10000000000001,24.36,16.01,187.5,36.2,150.4,29.66,35.79,36.2,92.0,15.3,100.0,100.0,378.0,3417.0,1.47,46.800000000000004,15.01,6.97,36.0,29.01,0.0,379.5,1200.0
110040.591,23640.591,140.0,101.2,24.400000000000002,16.01,185.0,36.050000000000004,149.20000000000002,29.61,35.87,35.9,92.5,15.200000000000001,100.0,99.80000000000001,379.5,3414.0,1.21,46.800000000000004,15.030000000000001,6.92,35.87,28.900000000000002,0.0,374.5,1200.0
110100.278,23700.278,140.0,102.5,24.34,15.950000000000001,187.0,36.050000000000004,149.1,29.59,35.730000000000004,35.95,92.0,15.350000000000001,100.0,99.9,376.5,3414.0,1.48,46.900000000000006,15.0,7.0200000000000005,35.92,28.94,0.0,377.0,1200.0
110160.06,23760.06,140.0,100.9,24.38,15.97,188.0,36.050000000000004,148.70000000000002,29.560000000000002,35.74,36.0,91.0,15.350000000000001,100.0,100.0,380.0,3415.0,1.55,46.800000000000004,15.030000000000001,6.98,36.04,29.0,0.0,381.0,1200.0
110220.874,23820.874,140.0,102.9,24.43,16.09,188.0,36.0,148.20000000000002,29.6,35.75,35.95,90.0,15.200000000000001,100.0,100.0,373.5,3414.0,1.33,46.75,15.07,6.95,35.97,29.04,0.0,381.0,1200.0
110280.601,23880.601,140.0,102.0,24.37,15.93,186.0,35.9,150.20000000000002,29.64,35.83,35.95,91.0,15.350000000000001,100.0,99.80000000000001,378.0,3415.0,1.3800000000000001,46.95,14.99,6.96,36.02,28.95,0.0,376.5,1200.0
110340.46,23940.46,140.0,102.10000000000001,24.35,16.01,185.5,36.050000000000004,148.5,29.47,35.75,35.95,90.5,15.3,99.5,100.0,374.0,3419.0,1.36,46.800000000000004,15.08,7.01,35.97,29.03,0.0,377.5,1200.0
110401.196,24001.196,140.0,101.10000000000001,24.41,16.0,187.0,35.9,148.20000000000002,29.560000000000002,35.660000000000004,35.95,90.5,15.200000000000001,100.0,100.0,377.0,3410.0,1.42,46.800000000000004,14.98,7.07,35.94,28.97,0.0,377.5,1200.0
110460.961,24060.961,140.0,103.5,24.37,16.0,186.0,35.800000000000004,149.5,29.59,35.77,35.9,91.0,15.200000000000001,100.0,100.0,379.0,3409.0,1.52,47.0,15.030000000000001,7.03,35.97,28.84,1.0,376.5,1200.0
110520.908,24120.908,140.0,102.80000000000001,24.42,15.96,185.0,36.050000000000004,149.8,29.490000000000002,35.77,35.9,92.0,15.100000000000001,99.9,100.0,379.0,3417.0,1.45,46.95,14.96,7.01,36.0,28.97,1.0,379.5,1200.0
110581.626,24181.626,140.0,102.10000000000001,24.43,16.0,184.0,36.050000000000004,149.6,29.55,35.79,35.9,88.0,15.3,99.5,100.0,380.5,3412.0,1.35,46.800000000000004,14.96,7.0600000000000005,36.02,29.060000000000002,0.0,369.5,1200.0
110641.498,24241.498,140.0,101.4,24.36,15.99,187.0,35.9,148.9,29.46,35.730000000000004,35.95,90.5,15.3,99.7,99.60000000000001,375.5,3408.0,1.35,46.6,15.05,6.95,35.980000000000004,29.01,0.0,376.0,1200.0
110701.577,24301.577,140.0,101.80000000000001,24.41,16.01,185.0,36.0,147.9,29.45,35.69,35.95,91.5,15.200000000000001,100.0,100.0,372.5,3412.0,1.22,46.85,14.97,6.97,35.97,29.03,1.0,374.5,1200.0
110762.315,24362.315,140.0,102.0,24.39,15.99,186.5,35.85,148.8,29.42,35.62,36.0,91.5,15.25,99.60000000000001,99.5,372.0,3414.0,1.3,46.800000000000004,15.05,6.97,36.0,28.91,0.0,372.0,1200.0
110822.295,24422.295,140.0,100.4,24.400000000000002,15.950000000000001,184.5,35.75,149.0,29.39,35.68,35.95,90.5,15.350000000000001,99.80000000000001,100.0,377.0,3411.0,1.21,46.800000000000004,14.93,7.05,35.910000000000004,29.1,1.0,374.0,1200.0
110882.502,24482.502,140.0,102.60000000000001,24.27,15.97,187.0,35.75,148.6,29.45,35.6,36.050000000000004,90.0,15.350000000000001,100.0,99.9,373.5,3411.0,1.49,46.75,15.05,7.07,36.0,28.98,1.0,380.5,1200.0
110943.273,24543.273,140.0,102.80000000000001,24.35,15.97,186.5,35.9,149.20000000000002,29.38,35.58,36.1,90.0,15.200000000000001,100.0,100.0,374.5,3406.0,1.46,46.7,15.01,7.0,36.02,28.95,0.0,375.5,1200.0
111003.364,24603.364,140.0,102.9,24.26,15.93,185.0,35.85,147.5,29.43,35.550000000000004,36.0,89.5,15.15,99.60000000000001,99.30000000000001,374.0,3403.0,1.51,46.650000000000006,15.02,7.0200000000000005,35.95,28.93,2.0,370.5,1200.0
111063.383,24663.383,140.0,101.30000000000001,24.36,15.97,185.0,35.800000000000004,150.3,29.400000000000002,35.58,35.85,89.5,15.3,100.0,99.30000000000001,374.5,3406.0,1.3800000000000001,46.650000000000006,14.950000000000001,6.98,35.980000000000004,28.94,0.0,373.0,1200.0
111123.783,24723.783,140.0,101.9,24.32,15.92,184.0,35.7,149.5,29.43,35.480000000000004,36.0,92.5,15.15,100.0,100.0,371.0,3402.0,1.44,46.7,15.01,7.01,35.93,29.1,0.0,371.5,1200.0
111183.741,24783.741,140.0,101.7,24.39,16.02,185.5,35.85,148.0,29.310000000000002,35.6,36.050000000000004,91.0,15.25,99.30000000000001,99.60000000000001,371.0,3402.0,1.57,46.650000000000006,14.94,7.04,35.88,28.97,3.0,368.5,1200.0
111243.92,24843.92,140.0,102.80000000000001,24.43,15.97,183.5,35.7,149.5,29.23,35.51,35.85,91.5,15.450000000000001,100.0,100.0,372.0,3402.0,1.31,46.550000000000004,15.06,7.03,36.07,28.97,0.0,373.5,1200.0
111304.333,24904.333,140.0,101.9,24.38,15.93,183.5,35.550000000000004,150.8,29.25,35.49,36.0,90.0,15.25,100.0,99.9,370.5,3403.0,1.46,46.550000000000004,15.01,6.890000000000001,36.02,29.09,0.0,368.5,1200.0
111364.43,24964.43,140.0,100.2,24.310000000000002,16.01,184.0,35.6,148.4,29.330000000000002,35.4,36.050000000000004,88.5,15.3,100.0,100.0,372.5,3407.0,1.43,46.6,14.950000000000001,7.03,36.14,28.98,2.0,375.0,1200.0
111424.742,25024.742,140.0,104.0,24.46,15.99,186.0,35.75,149.0,29.21,35.26,35.9,92.0,15.200000000000001,100.0,100.0,368.0,3403.0,1.4000000000000001,46.6,15.01,7.01,36.03,29.09,0.0,367.5,1200.0
111485.189,25085.189,140.0,101.10000000000001,24.36,15.97,183.0,35.7,147.3,29.22,35.4,35.9,92.0,15.05,99.9,99.80000000000001,370.5,3404.0,1.24,46.400000000000006,14.98,6.99,35.99,29.03,0.0,368.5,1200.0
111545.419,25145.419,140.0,101.60000000000001,24.35,15.99,185.0,35.6,149.1,29.150000000000002,35.45,36.0,90.5,15.200000000000001,100.0,100.0,367.5,3401.0,1.36,46.550000000000004,14.99,6.96,35.97,28.94,0.0,367.0,1200.0
111605.845,25205.845,140.0,102.80000000000001,24.39,16.05,185.0,35.550000000000004,148.4,29.25,35.36,35.95,90.5,15.200000000000001,100.0,100.0,369.0,3398.0,1.3800000000000001,46.45,15.08,7.04,36.06,28.94,2.0,367.5,1200.0
111667.243,25267.243,140.0,102.0,24.36,15.97,185.5,35.65,150.4,29.1,35.4,35.9,89.5,15.25,99.80000000000001,99.7,369.5,3400.0,1.46,46.6,15.01,7.0,36.03,28.990000000000002,2.0,370.0,1200.0
111720.891,25320.891,140.0,101.10000000000001,24.42,15.99,185.0,35.7,149.1,29.2,35.38,36.0,91.0,15.0,99.30000000000001,99.60000000000001,369.5,3404.0,1.31,46.45,14.94,7.0,36.04,29.03,1.0,372.5,1200.0
111781.943,25381.943,140.0,100.10000000000001,24.330000000000002,15.94,182.5,35.85,149.20000000000002,29.21,35.44,36.0,92.5,15.100000000000001,100.0,100.0,371.5,3407.0,1.45,46.35,15.040000000000001,6.95,35.96,28.990000000000002,0.0,373.5,1200.0
111843.068,25443.068,140.0,102.2,24.41,15.93,184.0,35.550000000000004,149.3,29.23,35.47,36.0,92.0,15.15,99.9,99.7,369.5,3403.0,1.34,46.45,15.01,7.0200000000000005,36.01,29.01,0.0,369.5,1200.0
111904.45,25504.45,140.0,102.10000000000001,24.37,15.94,186.0,35.800000000000004,149.3,29.21,35.47,36.2,92.0,15.25,99.80000000000001,99.7,369.0,3401.0,1.43,46.400000000000006,14.97,7.0,36.03,29.0,0.0,369.0,1200.0
111965.415,25565.415,140.0,102.10000000000001,24.39,15.96,183.5,35.4,148.6,29.26,35.45,36.15,92.0,15.350000000000001,100.0,100.0,371.5,3403.0,1.43,46.45,15.01,7.01,36.0,28.98,0.0,369.0,1200.0
112026.424,25626.424,140.0,101.7,24.36,16.04,186.5,35.6,150.20000000000002,29.21,35.480000000000004,36.1,92.5,15.200000000000001,100.0,99.80000000000001,371.0,3401.0,1.36,46.5,15.01,6.98,36.04,28.900000000000002,2.0,372.5,1200.0
112080.015,25680.015,140.0,102.80000000000001,24.35,16.05,184.0,35.65,148.8,29.22,35.45,36.15,90.5,15.25,99.80000000000001,99.5,368.0,3407.0,1.34,46.45,15.01,6.91,36.07,29.04,0.0,369.0,1200.0
112141.202,25741.202,140.0,102.9,24.35,15.98,183.5,35.85,150.1,29.2,35.54,36.2,89.5,15.0,99.9,100.0,369.5,3398.0,1.27,46.300000000000004,14.97,7.04,36.03,28.990000000000002,1.0,373.5,1200.0
112201.92,25801.92,140.0,102.0,24.310000000000002,16.03,185.0,35.6,148.4,29.22,35.5,36.300000000000004,92.0,15.05,100.0,100.0,370.5,3402.0,1.17,46.300000000000004,15.02,7.01,36.04,29.0,0.0,373.0,1200.0
112262.727,25862.727,140.0,101.4,24.310000000000002,16.05,185.5,35.65,149.0,29.21,35.45,36.2,90.0,15.15,99.9,100.0,371.0,3403.0,1.19,46.35,14.97,6.97,35.99,29.0,0.0,370.5,1200.0
112323.402,25923.402,140.0,101.7,24.330000000000002,16.0,185.5,35.550000000000004,149.1,29.240000000000002,35.36,36.25,90.0,15.15,99.9,99.7,374.5,3400.0,1.33,46.300000000000004,15.02,6.91,36.0,28.97,2.0,369.0,1200.0
112383.768,25983.768,140.0,101.30000000000001,24.330000000000002,16.0,186.5,35.7,147.9,29.27,35.49,36.25,91.0,15.200000000000001,100.0,100.0,373.5,3403.0,1.32,46.35,15.05,7.04,36.0,29.01,2.0,369.5,1200.0
112444.568,26044.568,140.0,103.80000000000001,24.35,15.98,186.0,35.7,149.9,29.27,35.4,36.25,89.0,15.200000000000001,100.0,99.9,368.5,3400.0,1.27,46.300000000000004,14.950000000000001,6.95,36.01,28.98,1.0,367.5,1200.0
112505.233,26105.233,140.0,102.0,24.310000000000002,15.93,182.0,35.6,149.4,29.26,35.47,36.300000000000004,89.0,15.200000000000001,99.60000000000001,100.0,366.0,3398.0,1.41,46.35,14.99,7.0,36.01,29.03,0.0,370.0,1200.0
112565.613,26165.613,140.0,102.2,24.34,16.0,183.0,35.550000000000004,149.8,29.26,35.47,36.300000000000004,92.5,15.05,99.60000000000001,99.7,372.5,3403.0,1.28,46.6,15.05,7.03,36.02,29.04,0.0,368.5,1200.0
112626.404,26226.404,140.0,101.4,24.32,16.02,186.0,35.75,147.8,29.3,35.44,36.2,91.5,15.15,99.80000000000001,100.0,364.0,3404.0,1.42,46.400000000000006,14.92,6.99,35.9,29.0,0.0,369.5,1200.0
112687.058,26287.058,140.0,102.2,24.37,15.98,184.0,35.7,149.20000000000002,29.18,35.4,36.25,91.0,15.100000000000001,99.80000000000001,100.0,371.0,3405.0,1.29,46.5,15.0,7.0200000000000005,36.01,29.04,1.0,376.0,1200.0
112747.448,26347.448,140.0,102.5,24.28,16.080000000000002,182.0,35.800000000000004,148.5,29.19,35.42,36.15,91.0,15.25,99.80000000000001,100.0,370.0,3401.0,1.3900000000000001,46.45,15.02,7.01,35.99,29.01,0.0,371.0,1200.0
112800.525,26400.525,140.0,101.30000000000001,24.36,16.0,184.5,35.6,149.9,29.240000000000002,35.36,36.4,92.0,15.15,100.0,99.80000000000001,370.0,3404.0,1.44,46.45,15.06,6.98,35.95,28.97,0.0,368.0,1200.0
112861.574,26461.574,140.0,101.7,24.36,16.0,183.0,35.65,148.4,29.22,35.5,36.35,90.0,15.4,100.0,99.7,370.0,3396.0,1.32,46.400000000000006,14.98,6.97,35.980000000000004,29.0,0.0,372.0,1200.0
112922.301,26522.301,140.0,101.4,24.37,16.0,185.5,35.5,148.20000000000002,29.330000000000002,35.44,36.4,90.0,15.15,99.60000000000001,99.9,371.5,3411.0,1.34,46.45,15.06,7.03,36.0,29.05,0.0,359.5,1200.0
112983.01,26583.01,140.0,99.80000000000001,24.44,16.04,186.5,35.65,149.3,29.34,35.52,36.35,91.5,15.200000000000001,100.0,100.0,365.5,3410.0,1.46,46.35,15.01,6.96,35.99,29.1,0.0,371.0,1200.0
113043.991,26643.991,140.0,102.80000000000001,24.27,15.99,185.0,35.75,148.0,29.32,35.5,36.45,91.0,15.200000000000001,100.0,100.0,370.5,3409.0,1.41,46.5,15.08,7.04,36.050000000000004,28.86,2.0,372.5,1200.0
113104.631,26704.631,140.0,102.9,24.32,15.99,185.5,35.7,148.3,29.240000000000002,35.49,36.4,90.5,15.15,100.0,100.0,378.5,3405.0,1.41,46.550000000000004,15.01,7.0,35.99,28.95,2.0,370.5,1200.0
113165.229,26765.229,140.0,102.4,24.34,15.98,184.5,35.7,148.3,29.2,35.45,36.45,90.0,15.3,99.4,100.0,375.0,3408.0,1.36,46.6,14.950000000000001,6.98,35.96,28.94,0.0,375.0,1200.0
113226.142,26826.142,140.0,103.4,24.330000000000002,16.01,185.0,35.75,148.3,29.3,35.46,36.45,86.5,15.15,99.60000000000001,100.0,368.5,3410.0,1.42,46.6,15.05,7.07,35.980000000000004,29.080000000000002,0.0,374.0,1200.0
113286.696,26886.696,140.0,100.0,24.37,15.97,184.5,35.75,147.8,29.3,35.58,36.4,90.5,15.100000000000001,100.0,100.0,370.5,3405.0,1.3800000000000001,46.5,15.05,6.94,36.01,29.02,2.0,374.0,1200.0
113347.178,26947.178,140.0,101.9,24.39,15.98,185.5,35.75,149.4,29.36,35.5,36.7,90.5,15.15,99.4,99.60000000000001,374.5,3415.0,1.4000000000000001,46.5,14.99,7.1000000000000005,36.06,29.02,3.0,376.0,1200.0
113400.314,27000.314,140.0,100.9,24.39,16.02,184.5,35.7,149.9,29.37,35.56,36.6,91.0,15.100000000000001,99.60000000000001,100.0,375.0,3415.0,1.41,46.5,15.0,6.96,36.07,28.95,0.0,374.5,1200.0
113460.434,27060.434,140.0,103.7,24.27,16.04,184.0,35.6,149.20000000000002,29.29,35.47,36.65,90.0,15.3,100.0,99.7,374.5,3413.0,1.29,46.5,15.02,7.05,35.93,28.96,0.0,373.5,1200.0
113520.018,27120.018,140.0,103.10000000000001,24.36,15.91,185.0,35.95,148.9,29.240000000000002,35.49,36.65,92.0,15.200000000000001,99.60000000000001,100.0,371.5,3414.0,1.33,46.6,15.01,7.0200000000000005,36.08,29.01,1.0,370.0,1200.0
113580.202,27180.202,140.0,100.0,24.37,16.02,184.0,35.75,149.1,29.26,35.46,36.6,91.0,15.100000000000001,99.60000000000001,99.7,374.0,3411.0,1.44,46.6,14.96,7.0200000000000005,36.06,28.98,0.0,371.5,1200.0
113640.357,27240.357,140.0,99.9,24.310000000000002,15.99,186.0,35.75,146.70000000000002,29.25,35.47,36.7,91.5,15.200000000000001,100.0,100.0,369.5,3412.0,1.41,46.7,14.96,7.05,35.94,29.080000000000002,0.0,375.0,1200.0
113700.18,27300.18,140.0,100.9,24.38,15.98,184.0,35.6,148.5,29.21,35.45,36.550000000000004,90.5,15.100000000000001,100.0,99.4,370.5,3405.0,1.28,46.5,14.98,7.0,36.050000000000004,29.0,0.0,373.0,1200.0
113760.483,27360.483,140.0,100.30000000000001,24.38,15.98,185.5,35.5,148.8,29.150000000000002,35.32,36.6,90.5,15.15,99.80000000000001,100.0,370.0,3410.0,1.4000000000000001,46.550000000000004,14.97,6.99,36.09,29.02,0.0,371.0,1200.0
113820.712,27420.712,140.0,100.60000000000001,24.310000000000002,15.98,184.5,35.6,149.3,29.240000000000002,35.43,36.550000000000004,90.0,15.0,100.0,99.5,374.0,3413.0,1.33,46.550000000000004,14.97,7.01,36.08,28.990000000000002,0.0,372.0,1200.0
113880.755,27480.755,140.0,101.7,24.310000000000002,15.98,182.0,35.5,148.9,29.080000000000002,35.34,36.75,91.0,15.05,100.0,100.0,371.0,3402.0,1.24,46.45,14.93,6.97,36.02,28.96,0.0,372.0,1200.0
113941.174,27541.174,140.0,102.5,24.26,16.01,183.0,35.5,149.3,29.150000000000002,35.300000000000004,36.7,89.5,15.0,100.0,100.0,369.0,3405.0,1.57,46.5,15.030000000000001,6.97,36.01,28.94,2.0,370.0,1200.0
114001.505,27601.505,140.0,102.7,24.35,15.93,181.0,35.5,149.4,29.12,35.26,36.550000000000004,90.0,15.100000000000001,100.0,99.9,364.5,3409.0,1.45,46.5,14.97,7.07,36.0,28.96,1.0,366.0,1200.0
114062.125,27662.125,140.0,101.60000000000001,24.36,15.99,183.0,35.4,147.6,29.150000000000002,35.230000000000004,36.6,91.5,15.0,100.0,100.0,369.0,3404.0,1.36,46.45,15.040000000000001,7.03,36.0,29.05,0.0,370.0,1200.0
114123.126,27723.126,140.0,102.2,24.34,15.9,185.0,35.6,148.6,29.080000000000002,35.21,36.7,89.5,15.05,100.0,99.9,365.5,3402.0,1.3800000000000001,46.35,15.0,7.01,35.99,29.060000000000002,0.0,370.5,1200.0
114183.836,27783.836,140.0,101.80000000000001,24.37,15.96,181.5,35.5,148.20000000000002,29.150000000000002,35.21,36.6,88.5,15.15,100.0,99.9,367.0,3403.0,1.4000000000000001,46.45,15.01,6.99,35.96,28.97,0.0,367.5,1200.0
114244.437,27844.437,140.0,102.0,24.36,15.99,184.0,35.35,147.9,28.95,35.26,36.75,90.5,15.05,99.80000000000001,99.9,368.0,3408.0,1.54,46.35,14.98,7.0,36.1,28.990000000000002,0.0,368.5,1200.0
114305.398,27905.398,140.0,101.9,24.310000000000002,16.02,185.5,35.6,149.1,29.11,35.21,36.7,91.5,15.100000000000001,100.0,100.0,367.5,3410.0,1.36,46.400000000000006,14.93,6.96,35.97,28.91,0.0,364.5,1200.0
114366.076,27966.076,140.0,101.7,24.32,16.0,185.5,35.35,148.5,29.07,35.24,36.7,90.5,14.950000000000001,100.0,100.0,368.5,3407.0,1.25,46.300000000000004,15.05,7.12,36.050000000000004,29.02,0.0,367.0,1200.0
114426.659,28026.659,140.0,104.4,24.39,16.02,182.5,35.4,149.3,29.080000000000002,35.26,36.65,92.0,15.15,99.9,100.0,371.5,3413.0,1.41,46.45,15.01,6.99,35.92,29.02,1.0,373.5,1200.0
114487.577,28087.577,140.0,102.60000000000001,24.39,16.01,184.0,35.550000000000004,150.3,29.1,35.29,36.85,90.0,15.0,100.0,100.0,370.5,3413.0,1.34,46.550000000000004,14.93,7.08,36.01,29.09,0.0,370.0,1200.0
114540.718,28140.718,140.0,102.7,24.34,15.97,183.5,35.2,148.1,29.02,35.29,36.800000000000004,89.0,14.950000000000001,99.80000000000001,99.9,366.0,3410.0,1.46,46.45,14.99,6.96,36.03,29.01,3.0,368.0,1200.0
114601.218,28201.218,140.0,103.5,24.36,15.92,183.0,35.45,149.1,29.03,35.33,36.800000000000004,91.0,15.0,100.0,99.80000000000001,369.5,3411.0,1.32,46.45,15.06,6.91,35.89,28.93,1.0,371.0,1200.0
114662.693,28262.693,140.0,102.10000000000001,24.35,16.02,183.0,35.550000000000004,147.4,29.1,35.32,36.95,90.5,15.05,99.9,99.9,368.5,3413.0,1.33,46.45,14.99,6.97,35.99,28.98,0.0,368.0,1200.0
114724.575,28324.575,140.0,102.5,24.41,16.02,183.5,35.5,148.70000000000002,29.12,35.410000000000004,36.9,90.5,15.15,100.0,99.2,369.5,3418.0,1.58,46.45,15.07,7.0,36.0,28.97,0.0,370.0,1200.0
114785.563,28385.563,140.0,102.4,24.36,16.03,184.5,35.550000000000004,149.6,29.2,35.38,37.0,91.0,15.05,99.80000000000001,99.9,371.0,3414.0,1.3900000000000001,46.6,14.99,6.92,36.0,28.900000000000002,2.0,375.5,1200.0
114846.632,28446.632,140.0,100.7,24.36,16.04,183.0,35.550000000000004,149.5,29.2,35.480000000000004,37.050000000000004,89.5,14.950000000000001,99.7,100.0,370.5,3419.0,1.41,46.45,14.99,6.94,35.910000000000004,29.04,0.0,374.0,1200.0
114900.549,28500.549,140.0,100.7,24.400000000000002,15.98,183.0,35.6,148.9,29.18,35.38,37.050000000000004,91.0,15.15,99.80000000000001,99.7,371.0,3418.0,1.56,46.45,14.99,6.99,35.9,28.990000000000002,0.0,372.5,1200.0
114962.131,28562.131,140.0,99.30000000000001,24.3,16.0,184.5,35.65,147.0,29.21,35.45,37.0,90.0,15.0,99.7,100.0,375.0,3417.0,1.46,46.5,14.99,6.96,35.96,28.93,0.0,377.5,1200.0
115022.309,28622.309,140.0,101.80000000000001,24.35,15.97,183.0,35.75,148.1,29.21,35.46,37.15,92.5,14.9,100.0,99.7,378.5,3423.0,1.28,46.650000000000006,14.93,7.01,36.01,29.01,1.0,370.5,1200.0
115083.644,28683.644,140.0,102.0,24.330000000000002,15.97,183.0,35.800000000000004,148.9,29.32,35.59,37.050000000000004,91.0,15.0,100.0,99.4,371.5,3423.0,1.22,46.7,15.01,6.96,36.04,29.080000000000002,0.0,378.5,1200.0
115145.505,28745.505,140.0,102.7,24.42,15.96,184.0,35.85,148.70000000000002,29.41,35.49,37.1,90.5,15.100000000000001,100.0,100.0,375.5,3419.0,1.51,46.75,14.94,6.94,35.92,29.02,0.0,373.5,1200.0
115205.16,28805.16,140.0,102.2,24.26,16.01,185.5,35.85,150.20000000000002,29.43,35.550000000000004,37.15,90.0,15.05,100.0,100.0,375.5,3423.0,1.53,46.6,14.99,6.99,36.0,28.95,1.0,377.5,1200.0
115265.11,28865.11,140.0,100.5,24.34,15.94,185.0,35.75,149.1,29.330000000000002,35.550000000000004,37.35,90.5,14.9,100.0,99.80000000000001,376.0,3426.0,1.49,46.75,14.96,6.97,36.050000000000004,29.01,1.0,377.0,1200.0
115325.953,28925.953,140.0,102.30000000000001,24.3,16.0,186.5,35.95,148.4,29.38,35.58,37.25,88.5,15.05,99.80000000000001,100.0,375.0,3421.0,1.42,46.7,15.01,6.99,35.910000000000004,29.02,1.0,378.0,1200.0
115384.921,28984.921,140.0,101.4,24.35,15.96,185.0,35.7,147.6,29.41,35.53,37.300000000000004,92.0,15.0,99.7,100.0,372.0,3422.0,1.3800000000000001,46.75,15.030000000000001,6.99,35.96,29.0,1.0,373.5,1200.0
115444.929,29044.929,140.0,103.5,24.35,16.03,185.5,35.65,149.20000000000002,29.39,35.52,37.4,91.5,15.100000000000001,99.80000000000001,100.0,373.5,3426.0,1.35,46.800000000000004,14.94,7.0,35.94,29.07,2.0,372.5,1200.0
115505.642,29105.642,140.0,103.10000000000001,24.26,16.04,186.0,35.800000000000004,149.20000000000002,29.38,35.52,37.35,90.0,15.05,99.9,100.0,374.5,3427.0,1.53,46.7,15.02,7.0,35.94,28.94,2.0,374.5,1200.0
115564.784,29164.784,140.0,102.0,24.32,15.99,185.5,35.65,148.20000000000002,29.330000000000002,35.51,37.4,89.5,15.05,100.0,100.0,375.5,3424.0,1.3800000000000001,46.800000000000004,15.0,6.97,35.99,28.900000000000002,0.0,369.5,1200.0
115624.851,29224.851,140.0,101.9,24.330000000000002,15.99,184.0,35.65,148.70000000000002,29.3,35.53,37.5,90.0,14.950000000000001,100.0,100.0,373.5,3425.0,1.45,46.95,14.97,7.0,36.02,28.990000000000002,0.0,374.5,1200.0
115685.467,29285.467,140.0,103.2,24.240000000000002,15.97,185.0,35.75,149.0,29.27,35.42,37.4,89.5,15.0,100.0,100.0,377.0,3423.0,1.3900000000000001,46.800000000000004,15.030000000000001,7.01,36.02,29.04,0.0,375.5,1200.0
115744.753,29344.753,140.0,101.0,24.28,15.93,187.5,35.85,147.8,29.35,35.56,37.300000000000004,89.0,14.950000000000001,100.0,100.0,375.5,3421.0,1.54,46.7,14.97,7.03,35.980000000000004,29.01,0.0,374.5,1200.0
115804.877,29404.877,140.0,102.2,24.27,15.94,187.0,35.65,149.0,29.44,35.45,37.25,90.0,15.0,100.0,100.0,376.5,3423.0,1.47,47.0,14.96,6.95,35.99,29.01,0.0,371.0,1200.0
115865.26,29465.26,140.0,102.60000000000001,24.2,16.04,186.0,35.6,149.1,29.29,35.480000000000004,37.4,90.5,14.950000000000001,99.7,99.4,379.5,3425.0,1.41,46.6,15.0,7.0600000000000005,35.97,28.990000000000002,1.0,370.5,1200.0
115924.539,29524.539,140.0,101.4,24.23,16.01,183.5,35.6,148.4,29.28,35.44,37.4,88.5,15.0,100.0,99.7,368.0,3420.0,1.21,47.0,15.040000000000001,6.96,35.95,29.080000000000002,3.0,377.0,1200.0
115984.631,29584.631,140.0,100.80000000000001,24.28,15.94,183.0,35.65,148.70000000000002,29.26,35.410000000000004,37.300000000000004,90.0,14.850000000000001,100.0,100.0,376.0,3430.0,1.48,46.800000000000004,14.94,6.96,36.04,28.96,0.0,373.5,1200.0
116044.924,29644.924,140.0,100.7,24.3,15.99,183.5,35.550000000000004,148.70000000000002,29.12,35.43,37.5,87.5,14.9,99.5,99.9,376.0,3423.0,1.3800000000000001,46.650000000000006,15.030000000000001,7.01,36.01,29.03,2.0,371.0,1200.0
116104.375,29704.375,140.0,102.60000000000001,24.3,15.96,185.0,35.65,148.70000000000002,29.23,35.39,37.2,91.5,14.850000000000001,100.0,100.0,368.5,3422.0,1.44,46.85,15.0,7.0,36.03,28.98,1.0,367.5,1200.0
116164.533,29764.533,140.0,102.4,24.330000000000002,15.91,185.5,35.6,148.70000000000002,29.17,35.34,37.550000000000004,90.0,14.8,99.9,100.0,373.0,3422.0,1.49,46.7,14.98,7.0,36.0,28.91,0.0,372.5,1200.0
116224.77,29824.77,140.0,102.4,24.310000000000002,15.99,183.0,35.5,148.4,29.18,35.25,37.45,90.0,14.850000000000001,99.9,100.0,374.0,3422.0,1.55,46.95,15.030000000000001,7.03,36.0,29.0,0.0,372.0,1200.0
116284.371,29884.371,140.0,103.4,24.330000000000002,15.950000000000001,183.0,35.6,150.1,29.11,35.29,37.4,90.5,14.8,99.60000000000001,99.60000000000001,371.5,3427.0,1.3800000000000001,47.050000000000004,15.0,7.01,35.93,28.97,0.0,372.5,1200.0
116344.582,29944.582,140.0,102.0,24.39,15.98,183.0,35.550000000000004,148.0,29.02,35.31,37.35,89.5,15.05,100.0,100.0,371.5,3425.0,1.59,46.85,15.01,6.95,36.1,28.95,0.0,373.5,1200.0
116404.789,30004.789,140.0,100.9,24.400000000000002,15.950000000000001,184.0,35.6,148.9,29.14,35.37,37.5,90.5,14.9,99.5,100.0,373.0,3431.0,1.33,46.85,15.02,7.03,36.08,29.01,1.0,366.5,1200.0
116465.34,30065.34,140.0,102.0,24.25,15.97,184.0,35.4,149.20000000000002,29.13,35.25,37.6,88.0,14.9,99.7,100.0,374.0,3429.0,1.52,46.800000000000004,14.94,7.01,36.02,29.04,1.0,372.5,1200.0
116526.523,30126.523,140.0,102.60000000000001,24.36,16.02,183.5,35.45,150.0,29.18,35.38,37.5,90.5,14.9,99.7,100.0,370.5,3428.0,1.44,46.900000000000006,15.030000000000001,7.04,35.980000000000004,29.0,1.0,370.5,1200.0
116587.355,30187.355,140.0,100.60000000000001,24.32,16.0,186.5,35.6,149.8,29.07,35.37,37.4,91.0,14.850000000000001,100.0,99.9,375.0,3435.0,1.34,46.7,15.01,6.97,35.97,28.96,1.0,373.0,1200.0
116640.204,30240.204,140.0,102.0,24.35,15.99,183.0,35.6,147.70000000000002,29.2,35.32,37.6,87.5,14.950000000000001,99.0,99.80000000000001,373.5,3434.0,1.3900000000000001,46.85,14.99,6.94,36.06,28.990000000000002,1.0,375.0,1200.0
116700.729,30300.729,140.0,100.80000000000001,24.34,15.99,186.0,35.6,147.6,29.240000000000002,35.4,37.6,92.0,14.8,99.9,99.80000000000001,378.0,3436.0,1.31,46.75,14.950000000000001,7.0,36.04,29.0,0.0,372.0,1200.0
116761.942,30361.942,140.0,101.7,24.34,15.98,183.0,35.6,149.1,29.37,35.53,37.75,90.0,15.0,99.30000000000001,99.7,376.5,3435.0,1.3800000000000001,46.900000000000006,15.05,6.99,36.07,29.04,2.0,376.5,1200.0
116822.074,30422.074,140.0,101.10000000000001,24.35,15.9,186.0,35.65,148.9,29.34,35.53,37.65,88.0,14.850000000000001,100.0,100.0,375.0,3439.0,1.4000000000000001,47.0,14.98,6.97,35.95,29.02,0.0,373.0,1200.0
116882.253,30482.253,140.0,102.60000000000001,24.34,15.98,182.5,35.800000000000004,149.3,29.240000000000002,35.49,37.7,88.0,14.950000000000001,100.0,100.0,379.0,3429.0,1.48,46.900000000000006,15.01,6.99,35.980000000000004,29.05,4.0,379.0,1200.0
116943.501,30543.501,140.0,102.7,24.29,15.97,183.5,35.75,147.4,29.44,35.51,37.9,91.0,14.9,100.0,99.5,380.5,3440.0,1.6,47.1,15.01,6.96,35.980000000000004,28.93,0.0,374.0,1200.0
117003.48,30603.48,140.0,101.60000000000001,24.310000000000002,15.94,182.5,35.75,149.6,29.36,35.68,37.85,90.5,14.850000000000001,100.0,99.9,379.0,3438.0,1.35,46.85,15.030000000000001,6.96,36.03,28.98,0.0,377.5,1200.0
117062.547,30662.547,140.0,101.9,24.36,16.02,185.0,35.9,148.5,29.34,35.480000000000004,37.7,88.0,14.950000000000001,99.60000000000001,100.0,376.5,3436.0,1.47,47.2,15.05,6.93,36.0,28.98,2.0,376.5,1200.0
117122.779,30722.779,140.0,102.7,24.39,16.03,186.0,35.75,149.6,29.41,35.47,37.9,90.0,14.850000000000001,100.0,100.0,372.0,3444.0,1.51,47.0,15.040000000000001,6.99,36.01,28.96,0.0,381.5,1200.0
117182.068,30782.068,140.0,101.30000000000001,24.330000000000002,16.02,185.5,35.75,148.1,29.330000000000002,35.54,37.800000000000004,89.5,14.9,99.60000000000001,99.80000000000001,381.5,3444.0,1.57,47.0,15.01,7.0,35.99,29.0,0.0,381.5,1200.0
117241.305,30841.305,140.0,102.9,24.38,15.94,185.0,35.65,149.3,29.23,35.54,38.0,91.0,14.950000000000001,100.0,100.0,383.5,3450.0,1.34,47.1,14.9,7.0,36.01,29.05,0.0,373.5,1200.0
117301.434,30901.434,140.0,103.0,24.330000000000002,16.02,185.0,35.65,149.70000000000002,29.3,35.53,38.1,92.5,14.850000000000001,100.0,100.0,377.5,3444.0,1.5,47.150000000000006,15.030000000000001,7.03,36.03,28.900000000000002,2.0,378.0,1200.0
117360.763,30960.763,140.0,101.60000000000001,24.34,15.94,185.0,35.7,148.8,29.38,35.480000000000004,38.1,89.0,14.850000000000001,99.80000000000001,99.9,383.0,3446.0,1.36,47.150000000000006,14.99,6.96,35.910000000000004,28.98,2.0,381.5,1200.0
117420.133,31020.133,140.0,102.0,24.35,15.91,185.0,35.75,150.20000000000002,29.25,35.44,38.1,88.0,14.8,100.0,100.0,376.5,3449.0,1.45,47.050000000000004,15.040000000000001,7.01,35.96,28.98,3.0,379.5,1200.0
117480.184,31080.184,140.0,101.60000000000001,24.39,15.96,185.5,35.75,148.70000000000002,29.25,35.53,38.0,90.0,14.950000000000001,100.0,100.0,374.5,3448.0,1.49,47.150000000000006,14.93,7.03,35.99,29.01,0.0,379.5,1200.0
117546.825,31146.825,140.0,102.30000000000001,24.330000000000002,15.99,183.5,35.75,148.1,29.26,35.44,38.15,90.5,14.75,100.0,100.0,380.0,3452.0,1.57,47.1,15.05,6.92,36.06,28.98,2.0,375.5,1200.0
117606.685,31206.685,140.0,101.4,24.39,15.96,185.5,35.800000000000004,148.8,29.2,35.480000000000004,37.95,90.0,14.950000000000001,99.80000000000001,99.60000000000001,372.5,3450.0,1.31,47.25,14.99,7.0200000000000005,36.0,29.0,0.0,375.5,1200.0
117667.064,31267.064,140.0,101.60000000000001,24.34,15.9,185.0,36.0,149.5,29.22,35.43,38.15,90.5,14.850000000000001,99.80000000000001,99.7,376.0,3445.0,1.32,47.050000000000004,15.040000000000001,7.04,35.96,29.0,0.0,376.5,1200.0
117726.908,31326.908,140.0,101.10000000000001,24.36,15.92,183.0,35.75,148.1,29.29,35.5,38.300000000000004,91.5,14.8,100.0,100.0,379.0,3448.0,1.52,47.25,15.02,6.93,36.01,28.98,1.0,377.5,1200.0
117787.117,31387.117,140.0,101.10000000000001,24.35,16.03,184.0,35.65,149.70000000000002,29.240000000000002,35.58,38.2,91.5,14.850000000000001,100.0,100.0,378.5,3454.0,1.46,47.2,14.99,6.97,36.04,28.97,0.0,382.0,1200.0
117847.486,31447.486,140.0,101.7,24.310000000000002,16.02,183.5,35.65,149.20000000000002,29.19,35.5,38.050000000000004,91.0,14.950000000000001,99.9,100.0,381.0,3452.0,1.44,47.050000000000004,14.99,6.99,36.050000000000004,29.09,2.0,380.5,1200.0
117907.239,31507.239,140.0,101.80000000000001,24.39,16.0,184.0,35.75,148.70000000000002,29.26,35.49,38.2,88.5,14.850000000000001,100.0,100.0,377.0,3448.0,1.42,47.35,15.06,6.98,36.0,28.97,0.0,379.0,1200.0
117967.365,31567.365,140.0,102.2,24.3,16.02,184.5,35.550000000000004,148.70000000000002,29.3,35.45,38.050000000000004,90.0,14.75,99.7,99.9,379.5,3451.0,1.27,47.2,15.030000000000001,7.03,35.96,29.060000000000002,1.0,376.0,1200.0
118020.137,31620.137,140.0,100.80000000000001,24.34,16.01,186.0,35.75,148.8,29.26,35.47,38.2,90.5,14.75,100.0,99.80000000000001,377.0,3452.0,1.42,47.25,14.94,6.94,36.050000000000004,29.02,1.0,377.5,1200.0
118080.136,31680.136,140.0,102.60000000000001,24.35,15.96,185.0,35.75,150.20000000000002,29.25,35.550000000000004,38.35,90.5,14.950000000000001,99.9,99.5,376.0,3446.0,1.26,47.2,15.02,7.05,36.09,28.990000000000002,0.0,375.0,1200.0
118147.437,31747.437,140.0,102.7,24.34,16.0,183.5,35.800000000000004,148.70000000000002,29.26,35.52,38.35,89.0,14.9,99.60000000000001,100.0,379.0,3456.0,1.49,47.35,14.97,6.98,36.07,28.94,1.0,381.0,1200.0
118200.19,31800.19,140.0,100.9,24.38,16.0,185.0,35.7,149.0,29.23,35.52,38.35,90.0,14.9,100.0,100.0,378.5,3455.0,1.5,47.150000000000006,15.01,6.93,36.04,29.02,0.0,376.5,1200.0
118266.896,31866.896,140.0,101.2,24.310000000000002,15.950000000000001,183.5,35.75,148.4,29.29,35.410000000000004,38.400000000000006,89.5,14.8,99.9,99.60000000000001,380.0,3451.0,1.3900000000000001,47.400000000000006,14.94,7.05,35.99,29.03,0.0,377.5,1200.0
118326.416,31926.416,140.0,101.30000000000001,24.3,16.0,184.5,35.550000000000004,149.5,29.25,35.54,38.35,89.5,14.700000000000001,99.80000000000001,100.0,379.5,3455.0,1.33,47.300000000000004,15.02,7.01,35.93,29.04,0.0,377.0,1200.0
118386.404,31986.404,140.0,99.80000000000001,24.330000000000002,15.96,185.0,35.7,147.3,29.17,35.45,38.2,89.0,14.950000000000001,100.0,99.4,375.5,3456.0,1.31,47.2,14.99,6.96,36.01,28.94,1.0,375.0,1200.0
118445.582,32045.582,140.0,100.9,24.28,15.91,184.0,35.7,148.70000000000002,29.27,35.49,38.550000000000004,92.0,14.700000000000001,100.0,99.9,378.0,3449.0,1.45,47.35,15.06,7.0,36.02,29.04,2.0,380.5,1200.0
118505.18,32105.18,140.0,102.2,24.34,15.99,186.0,35.75,149.0,29.310000000000002,35.46,38.400000000000006,89.0,14.700000000000001,100.0,100.0,378.5,3450.0,1.44,47.300000000000004,14.97,6.97,35.99,28.98,1.0,377.0,1200.0
118565.137,32165.137,140.0,100.9,24.37,15.96,183.0,35.550000000000004,149.8,29.29,35.46,38.35,90.5,14.850000000000001,99.5,99.9,379.5,3447.0,1.4000000000000001,47.25,14.950000000000001,6.94,35.94,28.990000000000002,0.0,379.5,1200.0
118624.405,32224.405,140.0,102.9,24.18,15.97,183.5,35.6,147.70000000000002,29.240000000000002,35.39,38.400000000000006,88.5,14.850000000000001,100.0,99.80000000000001,375.5,3449.0,1.34,47.35,15.01,7.0200000000000005,36.050000000000004,28.98,1.0,379.5,1200.0
118684.074,32284.074,140.0,101.5,24.38,15.950000000000001,183.0,35.7,147.6,29.150000000000002,35.49,38.35,90.0,14.850000000000001,100.0,99.60000000000001,378.0,3447.0,1.44,47.2,15.02,7.04,36.01,28.97,0.0,378.5,1200.0
118744.01,32344.01,140.0,101.2,24.3,15.96,183.5,35.65,149.8,29.19,35.42,38.400000000000006,89.5,14.8,100.0,99.9,380.0,3449.0,1.52,47.35,15.02,7.01,36.0,29.05,0.0,378.0,1200.0
118803.364,32403.364,140.0,101.2,24.27,16.0,182.5,35.65,147.8,29.14,35.410000000000004,38.650000000000006,86.5,14.700000000000001,100.0,100.0,377.0,3452.0,1.41,47.300000000000004,14.950000000000001,6.99,35.980000000000004,28.97,0.0,377.5,1200.0
118863.261,32463.261,140.0,101.5,24.37,16.03,184.0,35.6,149.8,29.19,35.29,38.45,91.0,14.75,99.4,100.0,376.0,3446.0,1.52,47.300000000000004,15.040000000000001,7.04,36.04,28.96,0.0,379.0,1200.0
118923.384,32523.384,140.0,101.4,24.27,16.02,183.5,35.65,149.3,29.17,35.32,38.6,88.0,14.600000000000001,100.0,99.4,377.5,3453.0,1.3800000000000001,47.150000000000006,14.950000000000001,6.99,35.97,28.92,0.0,377.0,1200.0
118982.879,32582.879,140.0,102.80000000000001,24.3,16.01,184.0,35.6,147.5,29.19,35.37,38.6,87.5,14.75,100.0,100.0,378.5,3448.0,1.37,47.300000000000004,15.01,7.0600000000000005,36.02,29.05,0.0,379.5,1200.0
119042.723,32642.723,140.0,103.0,24.29,15.92,184.5,35.6,150.20000000000002,29.27,35.4,38.45,88.0,14.700000000000001,99.80000000000001,100.0,378.0,3454.0,1.44,47.1,14.97,7.0200000000000005,35.96,28.95,0.0,376.0,1200.0
119102.778,32702.778,140.0,102.5,24.23,16.0,185.0,35.6,147.9,29.21,35.29,38.75,89.5,14.8,99.80000000000001,99.9,378.0,3455.0,1.45,47.150000000000006,15.01,7.0,35.94,29.0,0.0,379.5,1200.0
119162.234,32762.234,140.0,101.4,24.34,16.01,184.5,35.7,148.9,29.150000000000002,35.43,38.7,87.5,14.850000000000001,100.0,100.0,376.0,3455.0,1.33,47.45,14.91,7.01,35.96,29.03,1.0,380.0,1200.0
119222.024,32822.024,140.0,102.5,24.41,15.950000000000001,185.5,35.550000000000004,148.6,29.21,35.36,38.6,88.0,14.65,99.9,100.0,383.5,3460.0,1.4000000000000001,47.2,15.0,7.01,36.04,29.080000000000002,1.0,376.5,1200.0
119282.008,32882.008,140.0,101.10000000000001,24.310000000000002,15.98,184.5,35.6,148.5,29.2,35.410000000000004,38.800000000000004,86.5,14.600000000000001,99.4,100.0,379.5,3456.0,1.3900000000000001,47.300000000000004,15.01,7.01,35.980000000000004,29.04,0.0,383.0,1200.0
119341.421,32941.421,140.0,102.60000000000001,24.38,16.02,184.5,35.65,148.20000000000002,29.25,35.4,38.75,90.0,14.9,100.0,100.0,375.5,3458.0,1.42,47.400000000000006,15.0,7.0200000000000005,35.95,29.09,2.0,377.5,1200.0
119401.154,33001.154,140.0,100.9,24.34,16.1,184.0,35.550000000000004,149.1,29.22,35.44,38.75,90.0,14.8,99.80000000000001,100.0,379.0,3462.0,1.31,47.400000000000006,14.92,6.98,35.95,28.96,0.0,378.5,1200.0
119461.149,33061.149,140.0,101.7,24.35,16.02,182.5,35.550000000000004,150.4,29.16,35.35,38.800000000000004,90.5,14.55,100.0,100.0,374.0,3464.0,1.3900000000000001,47.25,14.93,7.05,36.11,28.94,0.0,379.0,1200.0
119520.628,33120.628,140.0,101.10000000000001,24.3,16.02,187.0,35.65,147.5,29.21,35.39,38.650000000000006,91.5,14.65,99.9,99.9,379.5,3461.0,1.49,47.45,15.02,7.0,36.07,28.96,1.0,377.0,1200.0
119580.394,33180.394,140.0,103.10000000000001,24.400000000000002,16.06,185.5,35.6,149.0,29.17,35.43,38.85,89.0,14.700000000000001,100.0,100.0,379.5,3461.0,1.51,47.6,15.05,7.0200000000000005,36.06,29.03,3.0,380.5,1200.0
119640.376,33240.376,140.0,101.60000000000001,24.37,15.99,185.0,35.6,150.0,29.09,35.4,38.800000000000004,90.5,14.8,100.0,99.60000000000001,386.5,3466.0,1.49,47.35,15.08,6.97,36.02,29.01,0.0,378.5,1200.0
119707.226,33307.226,140.0,102.10000000000001,24.34,16.02,186.0,35.6,147.6,29.21,35.4,38.85,91.0,14.700000000000001,99.9,99.4,383.0,3469.0,1.45,47.5,14.99,6.97,35.96,28.990000000000002,1.0,378.0,1200.0
119767.218,33367.218,140.0,104.0,24.35,15.97,185.5,35.5,149.20000000000002,29.26,35.39,38.900000000000006,87.0,14.600000000000001,100.0,99.30000000000001,381.0,3468.0,1.3,47.5,14.92,6.99,36.07,28.96,1.0,381.0,1200.0
119826.918,33426.918,140.0,102.0,24.39,15.97,183.5,35.5,149.4,29.17,35.39,39.0,88.5,14.75,99.80000000000001,99.5,380.5,3460.0,1.41,47.45,14.98,7.05,35.92,29.0,0.0,380.5,1200.0
119886.378,33486.378,140.0,100.60000000000001,24.32,15.97,185.0,35.5,149.20000000000002,29.13,35.44,39.050000000000004,88.5,14.65,100.0,100.0,379.0,3466.0,1.48,47.45,14.99,7.01,35.99,28.990000000000002,0.0,378.5,1200.0
119946.353,33546.353,140.0,101.30000000000001,24.32,16.06,184.5,35.550000000000004,148.8,29.16,35.410000000000004,38.95,87.5,14.600000000000001,100.0,99.60000000000001,384.0,3461.0,1.37,47.5,15.0,7.0200000000000005,36.04,29.02,0.0,381.0,1200.0
120006.045,33606.045,140.0,102.60000000000001,24.36,16.02,184.0,35.550000000000004,149.4,29.22,35.42,38.95,88.5,14.600000000000001,99.7,100.0,376.5,3466.0,1.6,47.400000000000006,15.02,6.96,36.01,28.98,1.0,380.0,1200.0
120065.544,33665.544,140.0,102.9,24.35,16.0,183.5,35.45,149.9,29.17,35.37,39.150000000000006,88.5,14.600000000000001,99.7,99.60000000000001,380.5,3466.0,1.37,47.45,15.0,6.96,36.01,29.01,0.0,375.5,1200.0
120125.553,33725.553,140.0,101.2,24.310000000000002,15.98,183.5,35.5,148.9,29.17,35.38,39.0,86.5,14.600000000000001,100.0,100.0,386.5,3469.0,1.35,47.650000000000006,14.94,7.03,36.03,29.060000000000002,0.0,378.5,1200.0
120185.234,33785.234,140.0,101.80000000000001,24.32,15.97,186.0,35.6,148.20000000000002,29.21,35.480000000000004,39.25,89.5,14.65,99.60000000000001,99.9,380.5,3467.0,1.3800000000000001,47.35,15.040000000000001,6.95,36.08,29.01,0.0,378.0,1200.0
120244.621,33844.621,140.0,101.10000000000001,24.28,15.950000000000001,187.5,35.5,150.4,29.22,35.47,39.150000000000006,89.0,14.700000000000001,99.7,100.0,378.0,3470.0,1.55,47.6,14.950000000000001,6.98,35.94,28.990000000000002,1.0,381.5,1200.0
120304.541,33904.541,140.0,103.2,24.32,16.02,184.5,35.7,149.3,29.22,35.45,39.050000000000004,89.5,14.5,99.2,100.0,382.0,3468.0,1.4000000000000001,47.650000000000006,14.89,6.94,36.02,28.990000000000002,1.0,385.0,1200.0
120364.141,33964.141,140.0,102.2,24.38,16.0,186.0,35.6,149.0,29.25,35.45,39.25,90.0,14.55,100.0,100.0,381.0,3466.0,1.35,47.45,14.99,6.98,35.980000000000004,29.05,0.0,383.5,1200.0
120423.413,34023.413,140.0,102.7,24.35,16.080000000000002,185.0,35.65,150.0,29.23,35.480000000000004,39.300000000000004,89.0,14.55,100.0,99.5,380.5,3476.0,1.55,47.550000000000004,14.96,6.99,36.02,28.93,0.0,379.0,1200.0
120483.24,34083.24,140.0,102.9,24.39,16.06,183.0,35.6,148.8,29.18,35.46,39.25,88.5,14.700000000000001,99.80000000000001,100.0,382.0,3476.0,1.33,47.550000000000004,15.02,6.97,36.06,28.96,0.0,384.5,1200.0
120542.758,34142.758,140.0,101.4,24.36,15.97,183.0,35.800000000000004,148.20000000000002,29.28,35.42,39.300000000000004,89.5,14.600000000000001,99.80000000000001,99.60000000000001,382.5,3479.0,1.41,47.45,15.040000000000001,7.04,35.980000000000004,28.92,1.0,381.5,1200.0
120601.913,34201.913,140.0,102.5,24.26,16.0,185.0,35.65,149.9,29.34,35.43,39.25,90.0,14.75,99.80000000000001,100.0,388.0,3483.0,1.58,47.75,15.02,7.0200000000000005,36.07,28.990000000000002,0.0,383.0,1200.0
120661.551,34261.551,140.0,101.10000000000001,24.28,15.99,185.0,35.65,149.4,29.26,35.47,39.300000000000004,88.5,14.450000000000001,100.0,99.9,384.5,3483.0,1.25,47.650000000000006,15.030000000000001,7.03,35.99,29.03,0.0,385.0,1200.0
120720.879,34320.879,140.0,101.60000000000001,24.27,15.99,182.5,35.550000000000004,148.70000000000002,29.3,35.42,39.5,89.0,14.600000000000001,100.0,100.0,383.0,3484.0,1.51,47.7,14.98,6.99,36.03,28.97,0.0,390.0,1200.0
120787.418,34387.418,140.0,101.10000000000001,24.38,15.950000000000001,185.0,35.6,148.8,29.29,35.480000000000004,39.400000000000006,88.0,14.55,100.0,99.9,388.0,3483.0,1.22,47.75,14.92,7.03,35.97,28.98,0.0,383.0,1200.0
120847.03,34447.03,140.0,102.9,24.37,16.01,183.5,35.75,149.5,29.26,35.46,39.5,88.0,14.4,100.0,100.0,384.0,3483.0,1.34,47.85,15.0,6.95,35.99,28.92,1.0,387.5,1200.0
120906.047,34506.047,140.0,100.9,24.35,16.07,183.5,35.65,150.4,29.23,35.52,39.400000000000006,87.0,14.5,99.5,100.0,385.0,3492.0,1.48,47.85,14.99,6.96,36.02,28.990000000000002,0.0,382.0,1200.0
120965.348,34565.348,140.0,103.5,24.330000000000002,15.98,183.5,35.800000000000004,148.1,29.32,35.58,39.6,88.5,14.600000000000001,100.0,100.0,383.0,3489.0,1.26,48.0,14.99,7.07,35.95,29.02,1.0,384.5,1200.0
121024.936,34624.936,140.0,103.0,24.37,16.0,184.0,35.85,149.4,29.32,35.480000000000004,39.650000000000006,88.5,14.55,100.0,99.60000000000001,383.5,3484.0,1.27,47.900000000000006,14.97,7.0,35.99,28.91,1.0,379.0,1200.0
121083.944,34683.944,140.0,103.30000000000001,24.330000000000002,16.06,183.0,35.800000000000004,149.5,29.19,35.46,39.6,89.0,14.55,99.9,100.0,384.0,3485.0,1.29,47.85,15.02,6.97,36.01,28.98,0.0,386.0,1200.0
121143.226,34743.226,140.0,100.30000000000001,24.39,16.02,184.0,35.6,149.0,29.23,35.47,39.7,88.0,14.5,99.80000000000001,99.80000000000001,392.5,3485.0,1.5,47.800000000000004,15.02,6.96,36.01,29.05,0.0,383.0,1200.0
121202.793,34802.793,140.0,102.7,24.35,15.96,186.0,35.6,149.3,29.25,35.39,39.650000000000006,88.0,14.55,100.0,100.0,386.5,3484.0,1.3800000000000001,47.95,15.040000000000001,6.98,35.96,29.01,0.0,384.0,1200.0
121261.906,34861.906,140.0,102.2,24.330000000000002,16.01,184.0,35.65,148.5,29.27,35.52,39.75,89.0,14.5,99.80000000000001,99.9,389.5,3493.0,1.45,47.95,14.97,7.03,35.9,29.03,0.0,381.0,1200.0
121321.298,34921.298,140.0,101.9,24.330000000000002,15.98,184.5,35.7,150.1,29.19,35.47,39.75,89.5,14.5,100.0,100.0,383.0,3491.0,1.35,48.0,15.040000000000001,7.0600000000000005,36.02,28.97,0.0,383.0,1200.0
121380.947,34980.947,140.0,101.4,24.37,15.97,184.5,35.550000000000004,149.4,29.26,35.46,39.7,87.0,14.5,99.9,99.80000000000001,380.5,3484.0,1.4000000000000001,47.900000000000006,15.0,6.96,36.01,29.05,2.0,386.5,1200.0
121440.005,35040.005,140.0,102.80000000000001,24.39,16.01,183.5,35.7,149.20000000000002,29.26,35.44,39.75,89.5,14.65,99.80000000000001,100.0,382.5,3487.0,1.41,48.050000000000004,14.99,6.96,35.93,29.01,0.0,380.0,1200.0
121506.95,35106.95,140.0,101.0,24.3,15.950000000000001,184.5,35.65,147.8,29.400000000000002,35.5,39.7,88.0,14.5,100.0,99.9,381.0,3489.0,1.24,47.900000000000006,14.92,7.0,35.97,28.990000000000002,0.0,383.5,1200.0
121566.277,35166.277,140.0,103.2,24.38,16.02,185.5,35.65,149.0,29.17,35.480000000000004,39.7,88.0,14.450000000000001,100.0,99.9,387.5,3491.0,1.46,47.95,15.030000000000001,7.03,36.01,29.01,0.0,382.0,1200.0
121625.262,35225.262,140.0,101.5,24.27,15.97,183.5,35.65,148.0,29.21,35.56,39.95,87.5,14.5,100.0,100.0,383.0,3488.0,1.3,47.900000000000006,14.950000000000001,6.98,36.07,29.060000000000002,0.0,381.0,1200.0
121684.847,35284.847,140.0,101.9,24.330000000000002,16.05,183.5,35.7,150.0,29.14,35.46,39.75,89.0,14.75,99.9,100.0,386.0,3494.0,1.44,48.0,14.950000000000001,7.05,36.01,28.95,1.0,389.0,1200.0
121744.147,35344.147,140.0,101.30000000000001,24.28,16.0,184.0,35.75,148.1,29.23,35.480000000000004,39.900000000000006,86.5,14.5,100.0,100.0,383.0,3496.0,1.48,47.95,14.98,7.01,36.03,28.97,0.0,384.5,1200.0
121803.06,35403.06,140.0,103.2,24.26,15.98,186.0,35.65,147.4,29.25,35.47,39.900000000000006,92.5,14.5,100.0,100.0,384.0,3490.0,1.43,47.900000000000006,15.0,7.0200000000000005,36.11,28.96,0.0,382.5,1200.0
121861.986,35461.986,140.0,103.10000000000001,24.3,16.0,185.0,35.800000000000004,149.5,29.240000000000002,35.46,39.900000000000006,89.5,14.5,99.9,100.0,382.0,3489.0,1.49,47.95,14.97,7.0,36.01,28.93,0.0,382.0,1200.0
121920.551,35520.551,140.0,103.7,24.32,15.97,184.5,35.75,147.70000000000002,29.28,35.42,40.050000000000004,89.0,14.350000000000001,100.0,99.60000000000001,384.0,3492.0,1.37,48.050000000000004,15.040000000000001,7.0,35.94,29.0,0.0,388.0,1200.0
121986.575,35586.575,140.0,101.30000000000001,24.29,15.96,186.5,35.5,148.70000000000002,29.25,35.34,39.900000000000006,88.0,14.600000000000001,99.4,99.80000000000001,383.0,3488.0,1.53,47.900000000000006,14.96,6.99,35.99,28.98,0.0,387.0,1200.0
122045.454,35645.454,140.0,100.7,24.32,15.92,183.0,35.65,149.8,29.02,35.29,39.900000000000006,88.5,14.450000000000001,99.80000000000001,100.0,381.5,3491.0,1.35,47.85,14.96,6.98,36.06,29.01,3.0,384.5,1200.0
122104.07,35704.07,140.0,102.5,24.29,16.03,184.5,35.5,148.70000000000002,29.11,35.34,39.95,88.5,14.3,100.0,100.0,381.0,3488.0,1.27,47.95,15.05,7.04,35.96,29.0,4.0,386.0,1200.0
122163.027,35763.027,140.0,101.9,24.29,16.03,182.0,35.6,150.0,29.12,35.29,39.900000000000006,88.0,14.5,99.9,100.0,380.0,3483.0,1.36,48.0,15.0,6.99,36.03,28.98,0.0,385.5,1200.0
122221.988,35821.988,140.0,99.80000000000001,24.28,16.04,184.5,35.5,149.20000000000002,29.04,35.28,40.1,88.5,14.4,99.9,99.80000000000001,384.5,3490.0,1.41,48.0,15.01,7.04,35.93,29.01,0.0,382.0,1200.0
122280.802,35880.802,140.0,101.60000000000001,24.240000000000002,15.91,185.5,35.4,148.4,29.03,35.25,39.900000000000006,89.5,14.450000000000001,99.4,100.0,380.0,3486.0,1.3800000000000001,47.95,15.02,7.0,35.97,29.0,1.0,385.5,1200.0
122347.312,35947.312,140.0,100.30000000000001,24.29,16.02,185.0,35.45,149.4,28.990000000000002,35.24,39.95,88.0,14.4,100.0,100.0,382.5,3486.0,1.43,47.95,15.02,7.0,35.95,28.96,0.0,381.5,1200.0
122406.279,36006.279,140.0,101.4,24.330000000000002,15.91,183.5,35.4,149.70000000000002,28.98,35.18,40.0,88.5,14.3,99.9,99.5,377.5,3482.0,1.46,47.900000000000006,14.94,7.0,35.99,28.94,0.0,377.5,1200.0
122465.699,36065.699,140.0,103.0,24.35,16.05,184.0,35.4,148.0,28.93,35.050000000000004,39.85,90.0,14.350000000000001,100.0,100.0,380.5,3479.0,1.34,47.7,14.97,7.0200000000000005,35.980000000000004,29.060000000000002,0.0,377.5,1200.0
122525.246,36125.246,140.0,102.0,24.330000000000002,15.97,182.5,35.4,149.4,29.0,35.19,39.900000000000006,88.0,14.4,100.0,100.0,381.5,3481.0,1.41,47.7,15.06,6.95,36.06,29.0,0.0,378.0,1200.0
122584.524,36184.524,140.0,102.7,24.400000000000002,16.0,184.5,35.25,147.8,28.900000000000002,35.1,39.95,87.5,14.600000000000001,100.0,99.80000000000001,383.0,3484.0,1.44,47.6,14.97,7.0,35.97,29.01,1.0,380.0,1200.0
122643.968,36243.968,140.0,101.30000000000001,24.330000000000002,15.950000000000001,183.5,35.45,148.0,28.990000000000002,35.15,40.0,87.5,14.3,99.4,99.7,379.5,3484.0,1.3800000000000001,47.800000000000004,15.02,6.97,36.04,28.96,1.0,374.5,1200.0
122703.51,36303.51,140.0,101.9,24.35,15.96,181.0,35.5,148.3,28.87,35.21,40.050000000000004,88.0,14.200000000000001,99.9,99.60000000000001,378.5,3483.0,1.25,47.75,15.1,7.09,35.95,29.13,0.0,379.5,1200.0
122762.82,36362.82,140.0,102.10000000000001,24.34,15.99,183.0,35.300000000000004,150.6,28.87,35.1,39.900000000000006,87.5,14.350000000000001,100.0,100.0,378.5,3489.0,1.43,47.75,15.01,7.01,36.050000000000004,29.01,0.0,377.5,1200.0
122822.285,36422.285,140.0,102.80000000000001,24.22,15.93,182.5,35.35,150.5,28.830000000000002,35.06,40.150000000000006,87.0,14.450000000000001,99.9,99.9,375.5,3484.0,1.3800000000000001,47.6,15.02,6.98,36.03,29.01,0.0,378.5,1200.0
122881.821,36481.821,140.0,102.4,24.41,16.02,182.5,35.15,150.4,28.88,35.13,40.150000000000006,89.0,14.3,100.0,100.0,379.5,3489.0,1.35,47.900000000000006,14.97,7.01,35.99,29.0,0.0,379.5,1200.0
122941.158,36541.158,140.0,103.30000000000001,24.330000000000002,15.93,183.5,35.2,149.6,28.88,35.13,40.1,88.0,14.3,100.0,100.0,379.5,3485.0,1.46,47.800000000000004,14.94,7.03,36.01,28.96,0.0,378.0,1200.0
123000.639,36600.639,140.0,102.2,24.34,16.01,183.0,35.45,149.9,28.830000000000002,35.01,40.2,89.5,14.3,99.7,99.7,377.5,3491.0,1.45,47.75,14.98,6.95,35.910000000000004,28.98,1.0,377.5,1200.0
123060.311,36660.311,140.0,102.10000000000001,24.330000000000002,16.01,181.0,35.15,150.1,28.87,34.97,40.300000000000004,86.5,14.350000000000001,99.5,99.9,381.5,3487.0,1.31,47.7,15.030000000000001,6.98,35.97,28.92,2.0,382.5,1200.0
123127.271,36727.271,140.0,101.60000000000001,24.32,15.91,180.5,35.2,149.20000000000002,28.86,35.1,40.35,87.0,14.4,100.0,99.7,379.0,3490.0,1.52,47.7,14.99,6.99,36.06,28.94,2.0,386.0,1200.0
123186.899,36786.899,140.0,102.0,24.3,16.0,182.5,35.35,148.8,28.87,35.06,40.35,87.0,14.450000000000001,99.9,100.0,377.5,3497.0,1.27,47.75,14.99,6.94,36.04,29.01,0.0,381.5,1200.0
123246.434,36846.434,140.0,101.0,24.41,16.0,182.0,35.25,149.5,28.88,35.11,40.35,87.0,14.3,100.0,100.0,377.0,3494.0,1.34,47.800000000000004,15.01,7.01,35.94,28.96,0.0,384.5,1200.0
123305.9,36905.9,140.0,101.5,24.37,15.96,183.0,35.35,147.70000000000002,28.84,35.050000000000004,40.35,87.0,14.3,100.0,99.9,381.5,3493.0,1.52,47.800000000000004,14.97,7.0200000000000005,35.92,29.0,2.0,376.5,1200.0
123365.454,36965.454,140.0,102.5,24.43,16.03,183.5,35.2,148.5,28.85,35.04,40.400000000000006,88.0,14.350000000000001,100.0,99.7,378.5,3501.0,1.46,47.85,14.98,6.99,36.0,29.05,1.0,383.5,1200.0
123424.917,37024.917,140.0,101.30000000000001,24.35,16.06,182.5,35.300000000000004,149.1,28.95,35.160000000000004,40.5,88.5,14.25,100.0,100.0,382.5,3498.0,1.44,47.85,14.950000000000001,7.01,35.980000000000004,29.0,0.0,378.5,1200.0
123484.314,37084.314,140.0,101.9,24.38,15.99,183.0,35.35,150.4,28.84,35.03,40.5,89.5,14.200000000000001,99.5,99.2,381.0,3496.0,1.3,47.900000000000006,14.91,6.94,36.050000000000004,29.060000000000002,0.0,374.5,1200.0
123543.792,37143.792,140.0,102.10000000000001,24.38,16.04,182.5,35.15,150.5,28.84,35.09,40.5,88.5,14.3,100.0,100.0,385.5,3509.0,1.44,47.75,15.01,7.0200000000000005,36.03,28.98,0.0,382.0,1200.0
123603.18,37203.18,140.0,101.7,24.38,16.080000000000002,182.5,35.2,148.20000000000002,28.95,35.24,40.550000000000004,87.0,14.350000000000001,100.0,99.7,383.0,3504.0,1.32,47.900000000000006,15.05,7.01,35.95,29.080000000000002,0.0,384.0,1200.0
123662.477,37262.477,140.0,100.80000000000001,24.47,16.05,181.5,35.35,147.9,28.87,35.19,40.6,85.5,14.25,100.0,100.0,382.5,3507.0,1.31,47.75,15.08,7.0,35.97,28.94,2.0,385.0,1200.0
123721.866,37321.866,140.0,101.9,24.400000000000002,16.01,180.5,35.2,149.20000000000002,28.75,35.17,40.650000000000006,88.0,14.350000000000001,99.80000000000001,100.0,380.5,3507.0,1.4000000000000001,47.900000000000006,14.950000000000001,7.0,35.910000000000004,29.05,0.0,383.5,1200.0
123781.216,37381.216,140.0,101.60000000000001,24.35,15.94,182.0,35.25,148.9,28.87,35.11,40.7,88.0,14.200000000000001,99.9,99.7,385.5,3505.0,1.51,47.900000000000006,14.93,7.0200000000000005,35.93,28.97,0.0,385.0,1200.0
123840.537,37440.537,140.0,102.0,24.37,16.01,181.5,35.2,148.4,28.900000000000002,34.980000000000004,40.650000000000006,88.0,14.200000000000001,100.0,100.0,384.0,3510.0,1.56,48.050000000000004,15.02,7.03,36.04,29.060000000000002,0.0,379.5,1200.0
123907.377,37507.377,140.0,101.5,24.400000000000002,16.06,183.0,35.15,148.8,28.77,35.07,40.6,88.5,14.200000000000001,99.7,99.30000000000001,385.5,3506.0,1.31,48.0,14.97,6.97,36.0,28.92,1.0,378.0,1200.0
123966.713,37566.713,140.0,102.30000000000001,24.36,16.03,183.0,35.25,150.8,28.810000000000002,34.980000000000004,40.7,86.0,14.15,100.0,99.60000000000001,387.5,3507.0,1.41,47.95,15.040000000000001,6.98,36.06,28.97,2.0,383.0,1200.0
124026.102,37626.102,140.0,102.10000000000001,24.29,15.97,184.5,35.2,149.0,28.84,35.06,40.5,86.5,14.25,100.0,100.0,383.5,3510.0,1.37,48.0,15.02,6.98,36.12,28.990000000000002,0.0,382.5,1200.0
124085.529,37685.529,140.0,103.30000000000001,24.36,15.950000000000001,182.5,35.15,147.4,28.69,34.97,40.75,85.5,14.200000000000001,100.0,100.0,382.5,3508.0,1.29,47.800000000000004,15.05,7.05,35.96,28.91,2.0,383.5,1200.0
124144.894,37744.894,140.0,102.10000000000001,24.38,16.06,180.5,35.15,149.6,28.740000000000002,34.95,40.650000000000006,86.5,14.25,99.80000000000001,100.0,380.0,3505.0,1.36,48.1,15.06,7.03,36.07,28.96,0.0,380.5,1200.0
124204.311,37804.311,140.0,102.7,24.330000000000002,16.03,178.5,35.1,147.70000000000002,28.79,35.02,40.85,87.0,14.200000000000001,100.0,99.60000000000001,379.0,3504.0,1.42,47.800000000000004,14.98,6.97,36.050000000000004,28.93,0.0,378.5,1200.0
124264.057,37864.057,140.0,102.4,24.32,16.01,181.0,35.2,146.6,28.86,34.93,40.800000000000004,87.0,14.100000000000001,99.5,100.0,382.5,3503.0,1.47,47.900000000000006,15.040000000000001,6.95,35.97,29.12,1.0,381.5,1200.0
124323.756,37923.756,140.0,101.10000000000001,24.29,16.05,182.5,35.2,148.20000000000002,28.8,34.99,40.85,86.5,14.15,100.0,100.0,382.0,3507.0,1.37,47.900000000000006,15.030000000000001,6.94,35.95,28.94,0.0,382.0,1200.0
124383.336,37983.336,140.0,101.60000000000001,24.42,15.92,181.0,35.300000000000004,147.70000000000002,28.82,35.02,40.85,87.0,14.25,100.0,99.9,381.0,3509.0,1.36,48.1,15.01,6.99,35.980000000000004,29.11,1.0,384.5,1200.0
124442.978,38042.978,140.0,101.4,24.37,16.080000000000002,181.5,35.2,147.9,28.88,35.13,41.0,87.0,14.25,99.9,99.7,384.5,3509.0,1.49,47.900000000000006,15.06,6.94,35.980000000000004,29.02,0.0,380.5,1200.0
124502.583,38102.583,140.0,102.2,24.37,15.97,183.5,35.25,149.6,28.88,35.0,41.0,86.0,14.100000000000001,100.0,100.0,386.0,3506.0,1.49,48.0,15.01,7.0,36.0,28.97,1.0,381.5,1200.0
124562.051,38162.051,140.0,101.80000000000001,24.310000000000002,15.950000000000001,183.0,35.300000000000004,149.8,28.87,34.97,40.95,89.0,13.950000000000001,99.4,100.0,383.5,3510.0,1.31,47.95,15.05,6.98,35.94,29.0,1.0,382.0,1200.0
124621.586,38221.586,140.0,102.0,24.310000000000002,16.01,184.0,35.300000000000004,147.4,28.900000000000002,35.12,41.150000000000006,88.0,14.200000000000001,99.9,100.0,382.5,3510.0,1.3800000000000001,48.1,14.99,7.01,36.06,29.01,2.0,377.5,1200.0
124681.094,38281.094,140.0,101.10000000000001,24.32,16.03,181.5,35.4,149.5,28.900000000000002,35.1,41.1,88.0,14.05,99.60000000000001,100.0,391.0,3508.0,1.3900000000000001,48.2,15.030000000000001,6.98,36.03,28.98,0.0,387.0,1200.0
124740.447,38340.447,140.0,103.10000000000001,24.3,15.99,182.0,35.35,147.6,28.88,35.07,41.150000000000006,86.5,14.05,99.80000000000001,100.0,386.5,3519.0,1.43,47.900000000000006,14.96,7.01,36.0,29.04,0.0,380.5,1200.0
124807.339,38407.339,140.0,102.7,24.32,16.04,181.5,35.25,149.0,28.96,35.07,41.25,88.5,14.200000000000001,100.0,99.9,382.5,3513.0,1.3900000000000001,48.300000000000004,14.98,7.01,35.99,29.01,0.0,383.5,1200.0
124866.497,38466.497,140.0,103.2,24.34,15.99,181.5,35.4,147.9,28.94,35.1,41.300000000000004,87.5,14.05,100.0,100.0,390.0,3515.0,1.47,48.2,14.99,7.01,36.03,28.990000000000002,2.0,383.5,1200.0
124925.612,38525.612,140.0,101.30000000000001,24.32,15.98,182.5,35.35,148.6,28.900000000000002,35.12,41.300000000000004,87.0,14.100000000000001,100.0,100.0,384.5,3518.0,1.32,48.150000000000006,15.0,7.03,36.02,29.04,3.0,387.5,1200.0
124984.902,38584.902,140.0,101.30000000000001,24.37,16.05,184.0,35.35,147.8,28.900000000000002,35.01,41.300000000000004,87.0,14.100000000000001,100.0,99.9,386.0,3522.0,1.45,48.150000000000006,15.0,7.01,36.06,29.0,0.0,381.0,1200.0
125044.005,38644.005,140.0,101.80000000000001,24.3,16.03,182.5,35.300000000000004,148.70000000000002,28.95,35.17,41.25,86.5,14.200000000000001,99.9,100.0,386.5,3520.0,1.45,48.2,15.01,7.03,35.95,29.0,0.0,384.0,1200.0
125103.057,38703.057,140.0,102.4,24.330000000000002,16.05,181.5,35.35,148.9,28.94,35.050000000000004,41.45,88.5,14.100000000000001,100.0,100.0,385.5,3522.0,1.37,48.2,15.01,7.0200000000000005,36.04,29.11,1.0,387.5,1200.0
125162.291,38762.291,140.0,103.10000000000001,24.28,16.0,182.0,35.300000000000004,149.20000000000002,28.89,35.08,41.300000000000004,87.5,14.15,100.0,99.9,384.5,3523.0,1.44,48.300000000000004,15.0,6.99,35.97,28.96,0.0,386.0,1200.0
125221.338,38821.338,140.0,102.2,24.28,16.0,181.5,35.300000000000004,148.6,28.92,35.12,41.400000000000006,87.5,14.0,100.0,99.5,384.0,3521.0,1.46,48.25,14.96,7.01,35.93,29.07,4.0,384.0,1200.0
125280.327,38880.327,140.0,102.30000000000001,24.3,16.01,183.0,35.35,147.9,28.93,35.09,41.45,87.5,13.950000000000001,100.0,99.80000000000001,383.5,3527.0,1.34,48.300000000000004,14.950000000000001,6.96,35.94,29.03,0.0,383.0,1200.0
125346.898,38946.898,140.0,102.0,24.32,15.97,181.0,35.4,148.6,28.84,35.18,41.400000000000006,86.0,14.15,99.9,99.7,389.5,3526.0,1.46,48.400000000000006,14.98,6.96,35.97,28.98,0.0,386.0,1200.0
125405.802,39005.802,140.0,102.60000000000001,24.35,15.98,185.0,35.15,149.8,28.85,35.04,41.5,86.0,14.05,100.0,100.0,391.5,3528.0,1.44,48.35,14.99,6.98,35.99,29.01,2.0,388.5,1200.0
125465.496,39065.496,140.0,102.80000000000001,24.41,15.98,183.5,35.35,148.8,29.04,35.14,41.650000000000006,88.0,14.15,100.0,99.60000000000001,386.5,3532.0,1.53,48.35,14.94,7.0200000000000005,35.96,29.02,1.0,386.0,1200.0
125525.292,39125.292,140.0,102.10000000000001,24.32,16.01,184.5,35.35,150.0,28.97,35.2,41.650000000000006,86.5,14.0,100.0,99.4,392.5,3525.0,1.47,48.5,15.030000000000001,7.0600000000000005,36.04,29.05,0.0,384.0,1200.0
125584.385,39184.385,140.0,102.4,24.29,15.92,183.0,35.35,149.4,29.0,35.24,41.7,86.5,13.9,100.0,99.9,390.5,3533.0,1.5,48.35,15.030000000000001,6.98,36.01,29.03,0.0,387.5,1200.0
125643.728,39243.728,140.0,101.60000000000001,24.39,16.04,182.5,35.35,148.0,29.0,35.230000000000004,41.800000000000004,88.5,13.950000000000001,100.0,100.0,385.5,3539.0,1.3,48.45,15.030000000000001,7.0,36.06,29.07,0.0,390.5,1200.0
125703.451,39303.451,140.0,101.80000000000001,24.28,16.03,183.5,35.550000000000004,148.8,29.1,35.4,41.800000000000004,88.5,14.100000000000001,99.7,100.0,389.5,3536.0,1.32,48.6,15.030000000000001,7.01,36.06,28.95,0.0,389.0,1200.0
125762.19,39362.19,140.0,101.10000000000001,24.34,16.080000000000002,182.5,35.5,150.4,29.13,35.37,41.95,88.5,13.9,100.0,99.9,390.0,3539.0,1.27,48.5,14.950000000000001,7.03,36.04,29.03,1.0,393.0,1200.0
125821.094,39421.094,140.0,102.30000000000001,24.27,16.02,184.5,35.65,149.70000000000002,29.18,35.43,41.900000000000006,87.5,14.0,100.0,100.0,395.5,3539.0,1.35,48.550000000000004,15.08,6.96,36.0,29.01,0.0,396.5,1200.0
125880.815,39480.815,140.0,101.5,24.26,15.98,185.0,35.6,149.9,29.25,35.42,42.0,84.5,13.950000000000001,100.0,100.0,394.0,3542.0,1.44,48.75,14.98,7.04,35.97,29.060000000000002,0.0,395.5,1200.0
125946.18,39546.18,140.0,102.30000000000001,24.28,15.98,185.5,35.9,148.5,29.29,35.52,42.050000000000004,86.0,14.100000000000001,99.80000000000001,99.7,395.5,3550.0,1.48,48.6,15.0,6.96,36.050000000000004,29.02,2.0,395.5,1200.0
126005.423,39605.423,140.0,103.0,24.39,16.03,184.0,35.7,147.8,29.310000000000002,35.49,42.150000000000006,87.0,14.0,100.0,100.0,397.5,3552.0,1.42,48.7,14.96,6.99,36.0,28.98,2.0,394.5,1200.0
126064.314,39664.314,140.0,102.0,24.330000000000002,16.02,186.0,35.65,149.1,29.34,35.6,42.1,87.0,13.950000000000001,99.60000000000001,100.0,401.5,3554.0,1.42,49.0,14.97,6.97,35.99,28.95,0.0,396.5,1200.0
126121.507,39721.507,140.0,101.80000000000001,24.36,16.03,185.5,35.75,147.4,29.400000000000002,35.57,42.300000000000004,86.5,13.950000000000001,100.0,99.80000000000001,393.0,3560.0,1.43,49.0,15.02,7.03,36.0,28.990000000000002,0.0,396.5,1200.0
126180.183,39780.183,140.0,100.7,24.310000000000002,16.01,184.0,35.800000000000004,148.70000000000002,29.38,35.62,42.35,86.0,13.9,100.0,99.4,398.5,3556.0,1.3,49.050000000000004,15.05,6.97,36.0,28.98,0.0,398.0,1200.0
126245.847,39845.847,140.0,101.0,24.36,16.09,184.5,35.75,148.1,29.37,35.57,42.35,85.5,14.05,100.0,100.0,403.0,3559.0,1.59,49.050000000000004,14.99,6.99,35.99,28.97,3.0,401.0,1200.0
126303.187,39903.187,140.0,101.30000000000001,24.32,16.05,186.5,35.75,149.6,29.47,35.6,42.5,86.0,13.9,100.0,100.0,399.5,3560.0,1.56,49.050000000000004,14.98,6.95,35.86,28.97,0.0,398.5,1200.0
126362.509,39962.509,140.0,101.9,24.32,16.01,186.5,35.7,148.20000000000002,29.46,35.67,42.550000000000004,86.0,13.950000000000001,100.0,100.0,400.5,3558.0,1.41,49.150000000000006,15.040000000000001,6.94,36.03,29.04,1.0,399.0,1200.0
126420.289,40020.289,140.0,101.5,24.27,16.0,185.0,35.9,148.5,29.46,35.660000000000004,42.5,85.0,13.850000000000001,100.0,100.0,398.5,3561.0,1.3900000000000001,49.25,14.98,7.0600000000000005,36.04,29.0,0.0,401.0,1200.0
126485.053,40085.053,140.0,103.10000000000001,24.34,16.07,185.5,35.9,148.1,29.48,35.71,42.650000000000006,88.5,14.05,99.80000000000001,100.0,398.5,3563.0,1.44,49.2,15.040000000000001,6.96,36.02,28.93,0.0,402.0,1200.0
126544.152,40144.152,140.0,102.30000000000001,24.34,16.07,186.5,35.9,146.4,29.44,35.68,42.650000000000006,88.5,13.950000000000001,99.7,100.0,397.5,3560.0,1.24,49.35,14.98,7.04,35.95,28.95,0.0,395.5,1200.0
126600.887,40200.887,140.0,102.7,24.35,16.01,187.5,35.95,148.5,29.66,35.660000000000004,42.650000000000006,86.0,13.9,99.9,99.7,397.5,3561.0,1.53,49.25,15.040000000000001,7.0,35.94,29.03,1.0,400.0,1200.0
126666.433,40266.433,140.0,102.5,24.330000000000002,16.06,187.0,35.95,148.0,29.490000000000002,35.72,42.7,87.5,13.9,100.0,100.0,397.5,3559.0,1.51,49.25,15.05,6.95,36.06,29.03,0.0,396.5,1200.0
126723.886,40323.886,140.0,101.80000000000001,24.330000000000002,16.05,186.0,35.9,149.0,29.47,35.71,42.800000000000004,85.0,13.850000000000001,99.80000000000001,99.9,395.0,3558.0,1.32,49.300000000000004,14.97,7.05,35.97,29.01,0.0,396.0,1200.0
126780.52,40380.52,140.0,102.4,24.330000000000002,16.04,184.0,35.9,147.70000000000002,29.560000000000002,35.67,42.650000000000006,86.0,14.0,100.0,100.0,396.5,3560.0,1.54,49.35,14.91,6.92,36.0,28.98,0.0,402.0,1200.0
126846.52,40446.52,140.0,102.4,24.310000000000002,16.02,186.0,35.9,148.8,29.45,35.65,42.7,85.0,13.700000000000001,100.0,99.7,400.0,3555.0,1.31,49.35,15.0,6.95,36.0,29.09,0.0,397.0,1200.0
126903.172,40503.172,140.0,103.5,24.310000000000002,16.03,185.5,35.9,148.20000000000002,29.45,35.77,42.7,83.5,14.0,99.7,99.7,399.0,3560.0,1.41,49.35,14.96,6.96,35.94,29.05,2.0,396.5,1200.0
126960.831,40560.831,140.0,102.7,24.36,15.96,184.5,36.0,149.70000000000002,29.51,35.65,42.95,85.0,14.0,100.0,100.0,399.5,3563.0,1.4000000000000001,49.25,15.02,6.98,36.06,29.060000000000002,0.0,396.5,1200.0
127026.073,40626.073,140.0,102.30000000000001,24.34,16.03,185.0,35.65,149.0,29.44,35.7,42.85,88.5,13.9,99.60000000000001,100.0,395.5,3555.0,1.29,49.5,15.08,7.0600000000000005,35.96,29.01,1.0,401.5,1200.0
127082.955,40682.955,140.0,100.10000000000001,24.35,16.07,186.5,35.85,149.5,29.39,35.550000000000004,42.95,87.5,13.950000000000001,99.80000000000001,100.0,399.0,3566.0,1.41,49.45,15.0,6.99,35.97,28.92,0.0,401.5,1200.0
127141.334,40741.334,140.0,101.4,24.32,16.05,185.5,35.800000000000004,149.8,29.43,35.69,42.95,85.5,13.9,100.0,100.0,397.0,3557.0,1.46,49.35,15.02,7.05,36.04,29.060000000000002,0.0,394.0,1200.0
127205.585,40805.585,140.0,102.10000000000001,24.42,16.09,184.0,35.85,150.9,29.44,35.57,43.050000000000004,86.0,13.950000000000001,99.7,99.80000000000001,399.0,3563.0,1.35,49.400000000000006,14.97,7.0200000000000005,36.1,29.02,1.0,400.0,1200.0
127263.05,40863.05,140.0,102.2,24.38,16.09,186.0,35.85,149.1,29.3,35.5,43.0,86.5,13.9,100.0,100.0,398.0,3560.0,1.41,49.45,14.99,7.03,35.95,29.03,1.0,400.5,1200.0
127320.937,40920.937,140.0,102.5,24.400000000000002,16.07,183.5,35.85,149.0,29.42,35.62,43.0,85.5,13.850000000000001,100.0,100.0,397.5,3559.0,1.3900000000000001,49.25,15.01,6.99,36.04,28.900000000000002,3.0,393.0,1200.0
127384.878,40984.878,140.0,101.0,24.38,16.07,184.5,35.7,150.8,29.43,35.61,43.0,85.0,13.8,100.0,100.0,393.0,3562.0,1.19,49.35,15.06,6.97,36.1,29.02,0.0,394.5,1200.0
127442.84,41042.84,140.0,100.30000000000001,24.38,16.07,186.0,35.65,149.70000000000002,29.32,35.45,43.050000000000004,86.5,13.9,99.9,100.0,396.5,3558.0,1.46,49.35,15.02,7.03,36.09,28.95,0.0,392.5,1200.0
127500.151,41100.151,140.0,99.7,24.35,16.1,184.0,35.65,148.0,29.330000000000002,35.4,43.050000000000004,88.5,13.8,100.0,100.0,395.0,3567.0,1.3900000000000001,49.300000000000004,15.08,6.98,35.95,28.990000000000002,0.0,401.5,1200.0
127564.737,41164.737,140.0,101.60000000000001,24.41,16.03,184.5,35.65,147.6,29.35,35.54,42.95,87.5,13.850000000000001,100.0,100.0,398.0,3555.0,1.3800000000000001,49.25,15.02,7.05,35.96,28.98,1.0,394.5,1200.0
127622.494,41222.494,140.0,101.5,24.36,16.12,186.0,35.550000000000004,149.4,29.2,35.46,43.050000000000004,87.5,13.75,99.9,99.5,399.0,3563.0,1.46,49.400000000000006,15.05,7.04,35.910000000000004,29.02,2.0,395.5,1200.0
127686.844,41286.844,140.0,102.10000000000001,24.35,16.1,184.0,35.7,148.6,29.19,35.43,43.150000000000006,86.0,13.75,100.0,100.0,395.0,3562.0,1.51,49.45,15.07,6.96,35.910000000000004,28.96,1.0,394.5,1200.0
127744.749,41344.749,140.0,102.7,24.36,16.07,183.5,35.7,149.9,29.19,35.42,43.150000000000006,87.5,13.8,99.9,99.5,398.5,3558.0,1.45,49.150000000000006,15.040000000000001,6.98,35.97,28.94,0.0,396.0,1200.0
127802.171,41402.171,140.0,100.60000000000001,24.39,16.05,183.5,35.550000000000004,148.9,29.2,35.45,43.1,86.5,13.65,100.0,100.0,396.0,3565.0,1.35,49.2,14.98,6.96,36.09,28.94,1.0,392.5,1200.0
127867.187,41467.187,140.0,102.4,24.32,16.080000000000002,182.0,35.550000000000004,149.3,29.18,35.24,43.2,88.0,13.9,100.0,99.60000000000001,397.5,3563.0,1.18,49.150000000000006,14.97,7.0,36.0,28.96,3.0,391.0,1200.0
127925.084,41525.084,140.0,100.7,24.41,16.11,184.5,35.65,150.3,29.16,35.35,43.2,84.5,13.8,99.60000000000001,99.80000000000001,389.5,3559.0,1.31,49.300000000000004,15.030000000000001,6.98,35.96,28.98,1.0,393.0,1200.0
127982.587,41582.587,140.0,103.0,24.43,16.13,184.0,35.5,148.3,29.09,35.29,43.150000000000006,86.0,13.9,100.0,100.0,396.5,3558.0,1.49,49.2,15.02,6.96,36.03,28.93,0.0,393.0,1200.0
128040.567,41640.567,140.0,101.9,24.36,16.11,183.0,35.5,149.5,29.060000000000002,35.26,43.2,87.0,13.75,99.30000000000001,99.5,397.5,3559.0,1.49,49.25,15.01,7.05,35.97,28.97,1.0,390.0,1200.0
128105.55,41705.55,140.0,101.9,24.34,16.080000000000002,183.0,35.65,149.3,29.04,35.300000000000004,43.2,87.5,13.65,100.0,99.9,395.5,3564.0,1.49,49.2,15.01,6.95,36.04,29.05,1.0,388.5,1200.0
128163.308,41763.308,140.0,101.30000000000001,24.43,16.09,182.0,35.4,150.0,29.080000000000002,35.28,43.150000000000006,83.5,13.75,100.0,99.4,393.0,3561.0,1.41,49.300000000000004,14.98,7.0,35.95,29.11,0.0,395.5,1200.0
128221.374,41821.374,140.0,102.2,24.32,16.07,183.5,35.550000000000004,150.0,29.11,35.28,43.35,87.0,13.75,99.60000000000001,100.0,390.0,3562.0,1.43,49.400000000000006,15.030000000000001,6.99,36.0,29.0,1.0,393.5,1200.0
128286.208,41886.208,140.0,102.10000000000001,24.35,16.14,182.5,35.4,150.4,29.13,35.160000000000004,43.25,86.0,13.75,100.0,99.9,390.0,3557.0,1.45,49.150000000000006,15.01,7.0,36.01,29.07,0.0,395.0,1200.0
128344.23,41944.23,140.0,101.9,24.36,16.13,183.5,35.4,149.1,29.02,35.12,43.400000000000006,85.0,13.8,100.0,99.60000000000001,396.0,3559.0,1.36,49.25,15.0,7.01,36.02,28.990000000000002,4.0,395.5,1200.0
128402.139,42002.139,140.0,101.80000000000001,24.38,16.09,182.5,35.4,148.70000000000002,29.13,35.09,43.35,87.0,13.700000000000001,99.80000000000001,99.9,395.0,3557.0,1.49,49.150000000000006,15.06,7.03,36.03,28.95,0.0,394.0,1200.0
128460.082,42060.082,140.0,103.0,24.34,16.09,183.0,35.4,147.70000000000002,29.02,35.33,43.45,86.5,13.65,99.9,99.60000000000001,387.5,3562.0,1.35,49.150000000000006,15.06,7.09,36.01,28.990000000000002,0.0,388.5,1200.0
128525.756,42125.756,140.0,101.9,24.28,16.1,181.5,35.25,148.1,29.1,35.13,43.400000000000006,84.5,13.65,100.0,99.9,389.0,3558.0,1.36,49.25,14.97,6.99,35.93,28.93,0.0,393.0,1200.0
128583.683,42183.683,140.0,103.60000000000001,24.27,16.13,185.0,35.5,150.0,28.96,35.230000000000004,43.400000000000006,87.0,13.65,100.0,99.60000000000001,391.0,3561.0,1.48,49.2,15.02,6.99,35.94,28.94,0.0,395.0,1200.0
128641.821,42241.821,140.0,101.2,24.330000000000002,16.06,183.5,35.4,148.5,29.0,35.08,43.400000000000006,85.0,13.5,100.0,99.9,392.0,3567.0,1.4000000000000001,49.35,14.97,6.95,35.96,29.01,2.0,388.5,1200.0
128700.149,42300.149,140.0,102.4,24.35,16.16,185.0,35.45,147.9,29.02,35.29,43.550000000000004,87.5,13.600000000000001,99.60000000000001,100.0,394.0,3556.0,1.35,49.150000000000006,14.97,7.03,35.980000000000004,29.0,1.0,391.0,1200.0
128765.267,42365.267,140.0,101.7,24.29,16.09,183.5,35.35,148.8,28.990000000000002,35.18,43.550000000000004,85.0,13.700000000000001,100.0,100.0,391.5,3558.0,1.46,49.1,14.98,7.0200000000000005,36.02,29.03,2.0,394.5,1200.0
128823.597,42423.597,140.0,100.60000000000001,24.330000000000002,16.09,183.0,35.35,148.6,28.96,35.09,43.6,85.5,13.600000000000001,99.7,100.0,394.0,3559.0,1.51,49.2,14.91,7.08,36.08,29.0,0.0,393.5,1200.0
128881.71,42481.71,140.0,103.10000000000001,24.39,16.03,181.5,35.35,149.3,28.94,35.160000000000004,43.7,85.5,13.600000000000001,100.0,99.60000000000001,386.0,3560.0,1.43,49.1,15.01,7.03,36.0,28.96,0.0,392.5,1200.0
128946.957,42546.957,140.0,102.5,24.39,16.06,184.0,35.35,149.5,28.98,35.07,43.6,85.5,13.600000000000001,99.80000000000001,99.5,392.0,3558.0,1.41,49.1,14.94,7.05,36.0,28.900000000000002,0.0,394.0,1200.0
129005.275,42605.275,140.0,103.0,24.310000000000002,16.07,183.0,35.300000000000004,147.1,29.09,35.09,43.6,84.5,13.450000000000001,100.0,100.0,390.5,3559.0,1.42,49.1,15.02,6.95,35.99,29.01,0.0,391.5,1200.0
129063.029,42663.029,140.0,101.0,24.36,16.04,182.5,35.25,148.6,28.94,35.160000000000004,43.75,85.0,13.55,99.9,99.80000000000001,388.0,3562.0,1.26,49.150000000000006,15.06,7.01,36.03,28.93,0.0,392.5,1200.0
129120.983,42720.983,140.0,102.60000000000001,24.27,16.02,179.5,35.35,148.5,28.98,35.09,43.650000000000006,86.5,13.65,100.0,100.0,391.0,3554.0,1.46,49.1,14.98,7.0,36.04,29.04,1.0,390.5,1200.0
129186.344,42786.344,140.0,101.7,24.28,16.06,185.0,35.2,148.70000000000002,28.95,35.160000000000004,43.75,84.0,13.450000000000001,99.9,100.0,389.0,3560.0,1.33,49.1,14.99,7.07,35.99,29.01,0.0,395.0,1200.0
129244.099,42844.099,140.0,100.9,24.29,16.080000000000002,183.0,35.300000000000004,150.0,28.94,35.06,43.75,84.5,13.5,100.0,99.80000000000001,386.0,3558.0,1.6,49.150000000000006,14.91,7.0200000000000005,35.99,28.98,0.0,392.5,1200.0
129302.26,42902.26,140.0,103.60000000000001,24.32,16.05,182.5,35.4,147.5,28.92,35.04,43.900000000000006,85.0,13.55,100.0,100.0,388.5,3566.0,1.31,49.050000000000004,15.05,7.04,36.0,29.01,1.0,389.0,1200.0
129360.217,42960.217,140.0,103.0,24.310000000000002,16.15,181.0,35.35,149.5,28.900000000000002,35.11,44.0,86.5,13.600000000000001,99.80000000000001,99.9,390.0,3561.0,1.41,49.050000000000004,15.02,6.96,36.09,28.94,3.0,389.5,1200.0
129425.295,43025.295,140.0,100.9,24.29,16.09,182.5,35.300000000000004,148.1,28.96,35.03,43.95,85.5,13.600000000000001,99.80000000000001,100.0,387.5,3560.0,1.42,49.2,15.01,7.0,36.0,29.0,1.0,393.0,1200.0
129483.431,43083.431,140.0,102.5,24.36,16.14,180.5,35.300000000000004,149.4,28.98,35.050000000000004,43.900000000000006,83.0,13.55,100.0,100.0,391.0,3559.0,1.45,49.1,15.01,6.95,35.95,29.03,0.0,391.0,1200.0
129541.197,43141.197,140.0,101.80000000000001,24.39,16.13,182.5,35.35,149.9,29.03,35.11,43.95,84.0,13.5,100.0,100.0,390.5,3570.0,1.36,49.050000000000004,15.01,7.0,36.04,29.04,0.0,390.0,1200.0
129606.519,43206.519,140.0,102.10000000000001,24.330000000000002,16.17,180.5,35.300000000000004,149.0,28.96,35.08,43.95,85.5,13.55,99.5,99.5,391.5,3562.0,1.33,49.1,15.02,6.98,35.95,29.03,1.0,389.0,1200.0
129664.56,43264.56,140.0,101.80000000000001,24.32,16.13,181.0,35.300000000000004,147.8,28.900000000000002,35.03,44.050000000000004,85.5,13.65,100.0,99.9,390.0,3560.0,1.43,49.150000000000006,14.99,6.96,36.02,29.03,0.0,394.5,1200.0
129722.454,43322.454,140.0,100.10000000000001,24.29,16.13,181.0,35.15,150.8,28.78,35.06,44.150000000000006,86.0,13.4,99.80000000000001,99.9,393.0,3563.0,1.41,49.050000000000004,15.01,6.96,36.07,28.94,3.0,389.0,1200.0
129780.649,43380.649,140.0,103.10000000000001,24.25,16.19,180.5,35.2,148.0,28.91,35.01,44.050000000000004,83.0,13.450000000000001,99.9,99.30000000000001,392.0,3557.0,1.47,49.0,15.01,7.04,36.03,28.96,2.0,393.0,1200.0
129845.834,43445.834,140.0,101.0,24.34,16.16,182.0,35.15,149.20000000000002,28.92,34.96,44.25,84.0,13.5,100.0,99.60000000000001,387.0,3560.0,1.48,49.150000000000006,14.98,6.95,36.03,29.05,1.0,390.0,1200.0
129903.874,43503.874,140.0,101.80000000000001,24.32,16.16,183.0,35.1,150.0,28.91,34.99,44.150000000000006,83.0,13.55,100.0,99.7,392.0,3557.0,1.41,49.25,14.94,6.95,35.980000000000004,28.96,0.0,389.0,1200.0
129962.051,43562.051,140.0,101.60000000000001,24.29,16.16,182.5,35.1,149.1,28.900000000000002,35.02,44.25,87.0,13.5,100.0,100.0,388.0,3553.0,1.48,49.0,15.030000000000001,7.0,35.97,28.95,1.0,387.5,1200.0
130027.133,43627.133,140.0,101.30000000000001,24.330000000000002,16.19,183.5,35.15,150.1,28.900000000000002,34.980000000000004,44.2,84.5,13.450000000000001,99.5,100.0,390.0,3563.0,1.52,49.150000000000006,15.030000000000001,7.0600000000000005,36.02,29.05,1.0,388.5,1200.0
130085.308,43685.308,140.0,103.5,24.35,16.09,182.5,35.050000000000004,149.20000000000002,28.89,34.97,44.2,85.0,13.65,99.9,100.0,383.5,3557.0,1.32,49.050000000000004,14.98,6.99,35.96,28.94,1.0,392.5,1200.0
130143.321,43743.321,140.0,102.80000000000001,24.240000000000002,16.16,181.0,35.15,146.70000000000002,28.84,34.980000000000004,44.25,83.0,13.3,100.0,100.0,392.5,3565.0,1.43,48.95,15.0,7.0,36.07,28.900000000000002,0.0,383.0,1200.0
130201.196,43801.196,140.0,102.60000000000001,24.240000000000002,16.14,183.0,35.15,148.6,28.8,34.96,44.35,83.5,13.5,99.4,100.0,381.0,3558.0,1.42,49.0,15.0,7.0,35.9,29.02,0.0,387.0,1200.0
130266.397,43866.397,140.0,101.0,24.400000000000002,16.07,179.0,35.1,149.5,28.87,34.95,44.35,85.0,13.350000000000001,100.0,100.0,392.0,3561.0,1.4000000000000001,48.95,15.05,7.04,35.980000000000004,28.93,2.0,387.5,1200.0
130324.051,43924.051,140.0,102.0,24.310000000000002,16.18,183.0,35.050000000000004,148.5,28.95,34.980000000000004,44.25,83.0,13.3,100.0,100.0,389.0,3565.0,1.43,49.050000000000004,14.98,6.95,36.0,29.09,0.0,387.0,1200.0
130381.934,43981.934,140.0,102.2,24.330000000000002,16.17,179.5,35.0,149.0,28.76,34.9,44.45,83.0,13.3,100.0,99.60000000000001,382.5,3567.0,1.48,49.050000000000004,15.0,6.96,36.12,28.94,0.0,383.5,1200.0
130447.002,44047.002,140.0,100.7,24.330000000000002,16.1,184.0,35.2,148.3,28.72,34.94,44.400000000000006,85.5,13.450000000000001,100.0,100.0,390.0,3557.0,1.17,49.0,15.030000000000001,6.94,36.11,28.990000000000002,0.0,387.0,1200.0
130504.773,44104.773,140.0,102.60000000000001,24.310000000000002,16.16,180.0,35.2,147.70000000000002,28.79,34.9,44.5,86.0,13.350000000000001,99.80000000000001,99.80000000000001,385.5,3556.0,1.3900000000000001,49.0,15.02,6.92,36.03,28.98,0.0,393.0,1200.0
130562.749,44162.749,140.0,102.30000000000001,24.34,16.13,182.0,35.050000000000004,146.9,28.71,34.83,44.45,84.5,13.25,100.0,100.0,387.5,3564.0,1.41,48.85,15.07,6.97,36.03,28.900000000000002,0.0,385.5,1200.0
130620.544,44220.544,140.0,101.0,24.3,16.16,181.0,35.050000000000004,149.5,28.75,34.88,44.400000000000006,84.5,13.450000000000001,100.0,100.0,388.5,3563.0,1.3800000000000001,49.050000000000004,15.030000000000001,6.98,35.94,29.0,1.0,385.5,1200.0
130685.653,44285.653,140.0,102.30000000000001,24.310000000000002,16.12,180.0,35.050000000000004,148.8,28.72,34.87,44.5,83.0,13.3,99.7,100.0,389.0,3558.0,1.35,48.900000000000006,15.05,7.0,36.06,29.1,1.0,387.5,1200.0
130743.576,44343.576,140.0,102.9,24.35,16.18,181.5,34.95,148.9,28.810000000000002,34.77,44.5,81.5,13.25,99.80000000000001,100.0,383.0,3564.0,1.47,49.1,14.99,7.01,35.93,29.07,0.0,387.5,1200.0
130801.362,44401.362,140.0,100.4,24.32,16.18,180.0,35.0,148.5,28.69,34.85,44.400000000000006,83.0,13.3,100.0,100.0,389.5,3557.0,1.45,48.900000000000006,14.99,6.95,35.89,28.98,0.0,386.0,1200.0
130866.947,44466.947,140.0,104.30000000000001,24.32,16.13,181.5,34.95,149.20000000000002,28.71,34.75,44.6,84.0,13.200000000000001,99.80000000000001,99.9,389.0,3564.0,1.4000000000000001,48.650000000000006,15.030000000000001,6.98,36.050000000000004,29.01,1.0,386.5,1200.0
130925.079,44525.079,140.0,102.10000000000001,24.29,16.15,182.0,34.95,147.20000000000002,28.810000000000002,34.74,44.7,87.5,13.350000000000001,99.80000000000001,100.0,386.0,3558.0,1.6400000000000001,48.95,15.02,7.07,35.99,29.07,2.0,384.0,1200.0
130983.117,44583.117,140.0,102.9,24.32,16.14,181.5,34.95,150.5,28.79,34.72,44.5,85.5,13.450000000000001,99.80000000000001,100.0,387.5,3560.0,1.42,48.800000000000004,15.05,7.03,35.910000000000004,28.98,1.0,384.0,1200.0
131041.401,44641.401,140.0,102.60000000000001,24.310000000000002,16.13,181.0,35.0,149.0,28.7,34.84,44.7,84.0,13.3,100.0,100.0,390.5,3555.0,1.41,48.95,15.02,6.96,36.01,28.990000000000002,1.0,387.5,1200.0
131106.654,44706.654,140.0,103.4,24.3,16.15,181.0,35.050000000000004,148.8,28.67,34.84,44.900000000000006,83.5,13.3,99.60000000000001,99.7,388.5,3561.0,1.22,48.85,15.06,7.04,35.99,29.04,0.0,383.0,1200.0
131164.783,44764.783,140.0,101.80000000000001,24.26,16.21,179.0,34.9,147.5,28.78,34.84,44.95,85.0,13.15,100.0,100.0,386.0,3562.0,1.6600000000000001,48.95,14.99,6.97,36.07,29.03,0.0,383.5,1200.0
131222.982,44822.982,140.0,103.10000000000001,24.26,16.2,180.0,34.95,147.1,28.76,34.81,44.900000000000006,83.5,13.3,100.0,100.0,386.5,3559.0,1.22,48.85,14.99,6.98,36.04,29.03,3.0,389.0,1200.0
131280.885,44880.885,140.0,103.0,24.41,16.2,183.0,35.1,149.8,28.810000000000002,34.89,44.85,82.0,13.3,100.0,100.0,388.0,3559.0,1.41,49.0,14.950000000000001,7.05,35.95,29.05,0.0,385.5,1200.0
131346.307,44946.307,140.0,101.2,24.38,16.26,181.5,35.1,148.1,28.84,34.83,45.050000000000004,83.5,13.3,100.0,99.7,390.5,3563.0,1.37,48.85,15.02,6.99,36.02,29.03,0.0,385.5,1200.0
131404.297,45004.297,140.0,101.4,24.310000000000002,16.17,182.0,35.15,148.1,28.830000000000002,34.81,45.0,83.5,13.4,99.60000000000001,99.9,389.5,3559.0,1.26,48.85,15.07,7.01,35.93,29.03,0.0,384.5,1200.0
131462.242,45062.242,140.0,102.7,24.29,16.17,181.0,35.0,149.3,28.72,34.9,45.0,83.5,13.350000000000001,99.9,99.60000000000001,379.5,3563.0,1.47,48.95,15.0,7.0,36.07,28.94,2.0,384.5,1200.0
131520.479,45120.479,140.0,103.5,24.29,16.28,181.5,35.15,148.9,28.73,34.93,44.95,84.0,13.350000000000001,100.0,100.0,386.0,3557.0,1.42,48.800000000000004,15.07,6.94,36.04,29.1,2.0,390.5,1200.0
131585.616,45185.616,140.0,101.4,24.32,16.240000000000002,181.5,35.1,150.3,28.79,34.86,45.050000000000004,85.0,13.25,100.0,100.0,382.5,3563.0,1.25,49.0,15.02,6.99,35.99,29.0,0.0,387.5,1200.0
131643.665,45243.665,140.0,101.4,24.41,16.29,180.5,35.050000000000004,148.5,28.76,34.85,45.1,84.5,13.200000000000001,100.0,99.80000000000001,386.5,3557.0,1.48,49.0,14.98,7.01,35.980000000000004,28.990000000000002,1.0,386.0,1200.0
131701.813,45301.813,140.0,101.30000000000001,24.330000000000002,16.2,179.0,35.15,149.4,28.89,34.81,45.25,84.5,13.25,100.0,100.0,387.0,3562.0,1.6500000000000001,49.050000000000004,14.96,6.98,35.980000000000004,28.96,0.0,386.0,1200.0
131766.786,45366.786,140.0,101.30000000000001,24.34,16.27,179.0,34.9,148.5,28.75,34.910000000000004,45.150000000000006,85.0,13.25,99.80000000000001,100.0,388.0,3559.0,1.47,48.800000000000004,15.0,7.0200000000000005,35.95,29.03,0.0,388.5,1200.0
131824.934,45424.934,140.0,101.7,24.330000000000002,16.26,181.0,34.95,151.70000000000002,28.88,34.89,45.300000000000004,83.0,13.15,99.7,100.0,389.0,3564.0,1.43,48.900000000000006,14.98,7.03,36.01,28.95,2.0,388.5,1200.0
131882.831,45482.831,140.0,102.0,24.32,16.23,181.0,35.050000000000004,148.3,28.91,34.83,45.25,86.5,13.450000000000001,99.60000000000001,99.7,389.0,3563.0,1.49,49.0,14.99,7.03,36.07,28.990000000000002,0.0,384.5,1200.0
131940.55,45540.55,140.0,101.80000000000001,24.34,16.31,181.5,34.95,149.20000000000002,28.77,34.84,45.35,85.5,13.25,100.0,100.0,382.5,3561.0,1.33,49.0,14.96,7.08,36.06,29.09,0.0,388.0,1200.0
132005.939,45605.939,140.0,100.7,24.3,16.3,181.0,35.15,150.20000000000002,28.830000000000002,34.86,45.300000000000004,84.5,13.350000000000001,99.80000000000001,99.5,387.5,3559.0,1.5,48.95,14.99,6.97,36.0,28.92,0.0,387.0,1200.0
132063.292,45663.292,140.0,101.4,24.25,16.19,182.0,35.050000000000004,149.4,28.84,34.800000000000004,45.5,86.0,13.25,100.0,100.0,391.5,3563.0,1.51,48.95,15.02,6.99,35.97,29.0,0.0,387.5,1200.0
132120.863,45720.863,140.0,101.4,24.36,16.240000000000002,181.5,35.15,149.3,28.900000000000002,34.7,45.550000000000004,82.0,13.25,100.0,99.7,391.5,3564.0,1.47,48.95,15.0,7.0200000000000005,36.06,29.02,0.0,391.5,1200.0
132185.802,45785.802,140.0,102.2,24.3,16.31,179.5,35.0,149.5,28.95,34.84,45.75,85.0,13.200000000000001,100.0,100.0,386.0,3559.0,1.53,48.900000000000006,14.93,7.09,36.01,29.060000000000002,0.0,385.0,1200.0
132243.154,45843.154,140.0,101.80000000000001,24.26,16.3,181.0,35.2,148.3,28.84,34.83,45.45,85.0,13.4,99.80000000000001,100.0,390.0,3565.0,1.41,49.050000000000004,15.030000000000001,7.0,36.04,28.96,0.0,385.0,1200.0
132300.941,45900.941,140.0,102.10000000000001,24.23,16.31,181.5,34.9,148.3,28.830000000000002,34.82,45.650000000000006,84.5,13.25,99.80000000000001,100.0,388.0,3562.0,1.3800000000000001,48.95,14.950000000000001,6.96,36.01,29.0,2.0,390.5,1200.0
132365.56,45965.56,140.0,102.4,24.37,16.32,180.0,35.050000000000004,148.9,28.75,34.730000000000004,45.550000000000004,84.5,13.25,100.0,100.0,385.0,3563.0,1.3900000000000001,49.050000000000004,14.97,7.05,36.050000000000004,29.02,0.0,386.5,1200.0
132423.129,46023.129,140.0,102.7,24.35,16.18,181.5,35.0,148.8,28.86,34.800000000000004,45.550000000000004,85.0,13.100000000000001,99.80000000000001,99.9,385.5,3560.0,1.31,48.85,14.950000000000001,6.96,36.03,29.060000000000002,0.0,383.5,1200.0
132480.873,46080.873,140.0,100.9,24.38,16.26,179.5,34.9,148.9,28.82,34.85,45.75,84.0,13.200000000000001,100.0,100.0,384.5,3561.0,1.48,48.800000000000004,15.05,7.08,36.07,29.02,0.0,383.5,1200.0
132545.367,46145.367,140.0,103.30000000000001,24.35,16.34,178.0,35.1,149.1,28.77,34.800000000000004,45.85,82.0,13.100000000000001,100.0,99.60000000000001,388.0,3561.0,1.3900000000000001,48.85,14.99,6.93,36.07,28.95,2.0,384.5,1200.0
132603.104,46203.104,140.0,102.0,24.37,16.31,179.0,34.95,147.6,28.810000000000002,34.84,45.7,86.5,13.25,99.60000000000001,100.0,386.0,3555.0,1.3800000000000001,48.85,15.01,7.01,36.0,29.02,0.0,385.0,1200.0
132660.978,46260.978,140.0,101.30000000000001,24.28,16.28,181.5,34.85,147.8,28.76,34.78,45.650000000000006,85.0,13.15,99.7,99.4,380.5,3557.0,1.36,49.0,15.05,7.04,36.02,28.92,3.0,383.0,1200.0
132726.024,46326.024,140.0,101.10000000000001,24.32,16.26,179.5,34.85,149.1,28.830000000000002,34.79,45.800000000000004,83.5,13.3,99.2,100.0,385.0,3564.0,1.46,49.1,15.0,6.98,35.95,28.98,0.0,377.5,1200.0
132783.977,46383.977,140.0,100.9,24.37,16.28,179.5,35.050000000000004,147.8,28.79,34.85,45.95,84.0,13.25,100.0,99.7,388.5,3559.0,1.3900000000000001,48.95,14.98,7.03,35.97,28.95,3.0,383.0,1200.0
132841.647,46441.647,140.0,102.80000000000001,24.34,16.32,179.5,34.95,150.1,28.71,34.81,45.800000000000004,85.0,13.100000000000001,100.0,100.0,384.0,3565.0,1.44,49.0,15.0,7.04,35.980000000000004,29.05,0.0,385.0,1200.0
132906.755,46506.755,140.0,102.7,24.310000000000002,16.36,180.5,35.050000000000004,147.9,28.86,34.800000000000004,45.95,84.0,12.9,99.60000000000001,100.0,383.0,3559.0,1.6500000000000001,48.900000000000006,15.02,6.92,36.04,28.96,0.0,386.5,1200.0
132964.494,46564.494,140.0,101.2,24.32,16.28,181.5,35.1,149.3,28.85,34.89,46.0,84.5,13.05,100.0,99.9,386.5,3562.0,1.58,49.0,15.01,7.0,36.03,28.95,0.0,384.0,1200.0
133022.063,46622.063,140.0,101.0,24.34,16.34,182.0,34.9,149.4,28.88,34.84,46.0,84.0,13.200000000000001,99.9,100.0,386.0,3564.0,1.32,48.85,14.94,7.01,36.09,29.05,0.0,379.0,1200.0
133087.177,46687.177,140.0,102.4,24.27,16.31,182.5,34.9,148.6,28.96,34.82,46.1,83.0,13.15,99.80000000000001,100.0,383.0,3554.0,1.43,49.0,15.040000000000001,6.93,35.96,28.94,0.0,389.5,1200.0
133144.671,46744.671,140.0,101.5,24.310000000000002,16.330000000000002,179.0,35.15,149.1,28.830000000000002,34.9,46.2,83.0,13.15,99.80000000000001,100.0,386.0,3557.0,1.41,49.2,14.99,6.98,35.99,29.03,0.0,383.5,1200.0
133202.286,46802.286,140.0,103.4,24.23,16.38,182.0,35.2,151.0,28.98,34.87,46.25,84.5,13.05,99.80000000000001,100.0,384.5,3559.0,1.37,48.85,15.02,7.08,36.02,29.0,0.0,386.5,1200.0
133266.827,46866.827,140.0,102.2,24.37,16.42,181.5,35.1,148.0,28.89,34.86,46.300000000000004,84.0,12.850000000000001,100.0,99.9,387.0,3556.0,1.23,49.150000000000006,14.97,6.99,35.96,29.01,0.0,385.0,1200.0
133323.904,46923.904,140.0,100.30000000000001,24.29,16.36,179.5,35.0,149.5,28.97,34.87,46.35,84.5,12.950000000000001,99.60000000000001,100.0,389.5,3565.0,1.25,48.85,15.0,7.0,36.0,29.12,0.0,381.0,1200.0
133381.39,46981.39,140.0,101.80000000000001,24.39,16.43,179.5,34.95,149.3,28.93,34.79,46.400000000000006,83.0,13.05,99.7,99.7,384.5,3562.0,1.43,49.050000000000004,15.06,7.03,35.980000000000004,29.05,0.0,390.0,1200.0
133445.609,47045.609,140.0,102.9,24.36,16.38,182.5,34.95,150.70000000000002,28.94,34.81,46.2,84.0,12.950000000000001,100.0,100.0,383.5,3562.0,1.35,49.0,14.92,6.99,36.02,29.03,0.0,384.5,1200.0
133502.893,47102.893,140.0,102.5,24.35,16.41,180.5,35.1,148.70000000000002,28.96,34.88,46.45,83.5,12.950000000000001,100.0,100.0,385.0,3565.0,1.46,48.900000000000006,14.870000000000001,7.07,36.03,28.94,2.0,387.0,1200.0
133560.28,47160.28,140.0,101.0,24.3,16.34,181.5,35.050000000000004,147.5,28.94,34.89,46.400000000000006,82.0,12.950000000000001,100.0,99.80000000000001,381.0,3561.0,1.57,49.0,14.96,6.99,36.02,28.990000000000002,0.0,383.5,1200.0
133624.397,47224.397,140.0,101.2,24.37,16.46,180.0,35.0,149.6,28.95,34.81,46.45,84.5,12.8,99.9,99.9,380.0,3561.0,1.32,48.95,15.0,7.0,36.050000000000004,28.91,0.0,389.0,1200.0
133681.805,47281.805,140.0,101.2,24.32,16.43,181.5,34.85,148.3,28.900000000000002,34.81,46.5,85.0,12.950000000000001,99.5,100.0,384.5,3556.0,1.52,48.95,15.0,7.05,35.95,28.97,1.0,382.5,1200.0
133745.97,47345.97,140.0,102.0,24.39,16.41,180.0,35.050000000000004,148.0,28.88,34.84,46.5,85.0,13.05,99.7,100.0,384.5,3562.0,1.34,49.0,15.07,6.97,36.04,29.0,0.0,379.0,1200.0
133803.205,47403.205,140.0,102.10000000000001,24.36,16.41,180.0,34.95,149.8,28.96,34.9,46.7,83.5,13.0,100.0,99.80000000000001,385.5,3561.0,1.27,48.95,15.07,6.98,36.04,29.02,0.0,381.5,1200.0
133860.713,47460.713,140.0,101.80000000000001,24.38,16.46,180.0,34.9,149.1,28.91,34.86,46.550000000000004,83.0,12.950000000000001,100.0,99.9,388.0,3564.0,1.54,49.150000000000006,15.030000000000001,6.99,36.050000000000004,29.0,1.0,385.0,1200.0
133925.027,47525.027,140.0,103.30000000000001,24.37,16.4,180.0,35.050000000000004,148.4,28.900000000000002,34.89,46.6,84.0,12.9,100.0,100.0,382.0,3560.0,1.5,49.050000000000004,15.01,6.94,35.94,29.05,2.0,386.0,1200.0
133982.51,47582.51,140.0,101.2,24.37,16.42,180.5,34.9,148.8,28.95,34.79,46.7,80.5,12.9,100.0,99.5,380.0,3552.0,1.49,49.1,14.92,6.98,36.0,28.96,0.0,381.5,1200.0
134046.853,47646.853,140.0,101.2,24.3,16.42,181.0,34.95,150.0,28.95,34.84,46.800000000000004,84.5,13.100000000000001,100.0,100.0,379.5,3558.0,1.37,49.1,15.0,7.01,36.01,28.92,0.0,385.0,1200.0
134104.137,47704.137,140.0,101.7,24.400000000000002,16.45,178.5,35.0,149.0,28.95,34.82,46.900000000000006,82.0,12.9,100.0,100.0,385.0,3560.0,1.31,49.050000000000004,15.040000000000001,7.0,36.02,28.92,0.0,385.5,1200.0
134161.551,47761.551,140.0,101.80000000000001,24.36,16.44,180.0,35.050000000000004,149.0,28.900000000000002,34.84,46.900000000000006,84.5,13.05,100.0,100.0,385.0,3557.0,1.52,49.050000000000004,15.040000000000001,6.98,35.980000000000004,29.03,0.0,381.5,1200.0
134225.709,47825.709,140.0,102.10000000000001,24.32,16.48,182.5,34.9,148.9,28.87,34.77,46.95,83.0,12.950000000000001,99.80000000000001,99.4,383.0,3558.0,1.36,49.1,15.01,7.0200000000000005,36.01,28.97,0.0,382.0,1200.0
134283.087,47883.087,140.0,103.4,24.34,16.47,181.0,35.1,146.9,28.93,34.88,46.95,84.0,12.850000000000001,100.0,100.0,379.0,3554.0,1.26,49.050000000000004,15.0,6.98,36.07,29.07,0.0,380.5,1200.0
134340.269,47940.269,140.0,100.4,24.330000000000002,16.47,181.0,35.0,147.70000000000002,28.89,34.81,47.1,82.5,13.0,99.7,100.0,376.0,3561.0,1.3,48.95,14.99,7.01,36.06,29.060000000000002,0.0,386.0,1200.0
134404.451,48004.451,140.0,101.4,24.34,16.44,179.5,35.050000000000004,149.4,28.94,34.800000000000004,47.050000000000004,82.5,12.9,99.60000000000001,99.60000000000001,385.0,3557.0,1.43,49.050000000000004,14.91,6.98,36.07,29.03,3.0,384.0,1200.0
134461.627,48061.627,140.0,102.30000000000001,24.29,16.47,183.0,35.050000000000004,148.5,28.96,34.87,47.25,85.5,12.850000000000001,99.9,100.0,385.0,3557.0,1.34,49.050000000000004,14.99,7.0,36.02,28.98,0.0,385.5,1200.0
134525.491,48125.491,140.0,102.0,24.38,16.57,181.5,35.050000000000004,149.1,28.92,34.81,47.25,83.5,12.950000000000001,99.9,99.80000000000001,383.5,3561.0,1.29,49.300000000000004,14.96,6.98,36.06,29.01,0.0,380.0,1200.0
134582.673,48182.673,140.0,99.7,24.25,16.43,180.0,34.85,148.6,28.95,34.75,47.2,82.5,12.8,100.0,99.9,385.5,3560.0,1.37,48.95,14.98,7.01,36.03,28.96,1.0,380.0,1200.0
134646.617,48246.617,140.0,101.5,24.28,16.55,181.0,34.95,149.1,28.95,34.92,47.25,82.0,12.950000000000001,100.0,100.0,381.5,3564.0,1.5,49.0,14.94,6.93,36.0,28.96,1.0,381.5,1200.0
134703.611,48303.611,140.0,101.80000000000001,24.3,16.42,180.0,35.050000000000004,148.4,28.97,34.68,47.25,83.0,12.9,100.0,100.0,382.0,3559.0,1.34,49.050000000000004,15.01,7.04,36.02,29.04,0.0,381.0,1200.0
134760.731,48360.731,140.0,100.80000000000001,24.35,16.490000000000002,178.5,34.95,150.3,28.96,34.82,47.2,82.0,12.8,100.0,100.0,385.0,3556.0,1.34,49.050000000000004,15.01,7.07,35.980000000000004,29.03,0.0,384.0,1200.0
134824.561,48424.561,140.0,101.60000000000001,24.32,16.43,183.0,34.800000000000004,147.6,28.88,34.85,47.25,83.0,12.9,100.0,100.0,379.5,3555.0,1.27,48.900000000000006,15.02,7.12,36.03,29.0,3.0,385.5,1200.0
134881.69,48481.69,140.0,102.60000000000001,24.36,16.46,183.5,34.85,149.0,28.830000000000002,34.76,47.300000000000004,82.5,12.9,100.0,100.0,379.5,3560.0,1.46,49.050000000000004,14.98,7.07,35.96,29.01,0.0,379.5,1200.0
134945.588,48545.588,140.0,102.60000000000001,24.34,16.5,180.5,34.85,148.5,28.89,34.76,47.5,83.5,12.850000000000001,99.9,100.0,384.5,3562.0,1.26,49.25,15.030000000000001,7.0200000000000005,36.07,29.03,0.0,386.0,1200.0
135002.542,48602.542,140.0,102.30000000000001,24.26,16.44,179.5,35.1,149.70000000000002,28.84,34.78,47.6,81.5,12.9,100.0,100.0,381.0,3566.0,1.53,48.95,14.96,6.98,36.09,29.04,0.0,384.5,1200.0
135066.595,48666.595,140.0,102.2,24.37,16.490000000000002,181.5,35.0,149.1,29.0,34.71,47.5,82.5,12.700000000000001,100.0,100.0,379.5,3563.0,1.47,49.0,15.02,6.99,35.96,28.95,0.0,377.5,1200.0
135123.305,48723.305,140.0,102.5,24.29,16.5,179.0,34.9,149.4,28.97,34.800000000000004,47.550000000000004,82.5,12.700000000000001,99.9,100.0,382.5,3560.0,1.37,49.0,15.030000000000001,7.0,36.02,28.94,0.0,380.5,1200.0
135180.336,48780.336,140.0,100.80000000000001,24.38,16.51,182.0,35.050000000000004,149.0,28.95,34.78,47.650000000000006,84.5,12.75,100.0,100.0,377.0,3562.0,1.29,49.0,14.98,6.98,36.0,29.0,1.0,381.5,1200.0
135244.119,48844.119,140.0,103.2,24.400000000000002,16.54,181.0,34.95,149.20000000000002,28.88,34.72,47.650000000000006,82.5,12.8,100.0,99.7,384.5,3556.0,1.45,49.0,15.02,7.0,36.0,28.98,0.0,380.5,1200.0
135300.981,48900.981,140.0,102.60000000000001,24.38,16.55,179.5,35.0,149.9,28.88,34.78,47.550000000000004,82.5,12.700000000000001,99.80000000000001,100.0,379.0,3556.0,1.45,49.050000000000004,15.07,7.0200000000000005,35.96,29.01,0.0,381.0,1200.0
135364.941,48964.941,140.0,101.7,24.39,16.61,182.0,34.85,147.9,28.84,34.79,47.7,83.5,12.8,100.0,100.0,383.5,3560.0,1.3,48.95,14.98,7.0200000000000005,35.980000000000004,29.0,0.0,380.0,1200.0
135421.602,49021.602,140.0,100.7,24.29,16.580000000000002,181.5,34.85,149.4,28.92,34.89,47.6,85.0,12.8,100.0,99.5,381.0,3560.0,1.31,49.150000000000006,15.06,6.96,35.99,29.060000000000002,1.0,386.0,1200.0
135485.67,49085.67,140.0,103.4,24.41,16.580000000000002,181.0,34.9,148.3,28.88,34.730000000000004,47.7,84.0,12.700000000000001,99.80000000000001,100.0,382.5,3556.0,1.3900000000000001,49.050000000000004,15.07,6.99,35.96,28.990000000000002,0.0,374.5,1200.0
135542.262,49142.262,140.0,101.4,24.37,16.53,182.0,35.0,149.20000000000002,28.900000000000002,34.72,47.800000000000004,82.5,12.600000000000001,100.0,100.0,380.0,3557.0,1.4000000000000001,49.2,15.01,7.0200000000000005,36.08,28.93,0.0,379.0,1200.0
135606.245,49206.245,140.0,103.60000000000001,24.42,16.54,179.5,34.800000000000004,147.8,28.830000000000002,34.75,48.050000000000004,82.5,12.700000000000001,99.30000000000001,99.80000000000001,382.5,3559.0,1.28,49.050000000000004,14.94,6.96,36.0,29.060000000000002,2.0,381.0,1200.0
135663.091,49263.091,140.0,101.30000000000001,24.35,16.6,180.5,34.85,149.4,28.810000000000002,34.79,47.95,82.5,12.600000000000001,99.9,99.4,378.5,3566.0,1.45,49.1,15.0,7.0,35.94,29.05,0.0,382.5,1200.0
135727.025,49327.025,140.0,101.60000000000001,24.330000000000002,16.6,180.0,34.95,149.9,28.91,34.730000000000004,47.85,83.0,12.65,100.0,100.0,377.5,3563.0,1.32,49.1,15.040000000000001,7.09,36.01,29.01,0.0,383.0,1200.0
135783.975,49383.975,140.0,102.0,24.36,16.6,179.5,34.95,148.4,28.95,34.7,47.95,83.0,12.75,100.0,100.0,381.0,3560.0,1.34,48.900000000000006,14.96,6.91,35.94,28.98,0.0,384.5,1200.0
135840.676,49440.676,140.0,102.0,24.39,16.68,179.5,34.85,148.1,28.830000000000002,34.76,47.95,80.0,12.600000000000001,100.0,100.0,382.5,3560.0,1.5,49.050000000000004,14.92,6.97,35.96,29.01,1.0,383.0,1200.0
135904.712,49504.712,140.0,102.60000000000001,24.400000000000002,16.67,181.0,34.800000000000004,148.0,28.78,34.62,48.050000000000004,81.0,12.600000000000001,100.0,100.0,378.0,3555.0,1.32,49.150000000000006,15.030000000000001,7.04,36.03,28.990000000000002,2.0,382.5,1200.0
135961.484,49561.484,140.0,101.30000000000001,24.34,16.61,178.5,34.800000000000004,148.9,28.900000000000002,34.61,48.150000000000006,83.5,12.700000000000001,99.60000000000001,100.0,378.5,3563.0,1.5,49.1,14.99,6.97,35.980000000000004,29.01,0.0,381.0,1200.0
136025.319,49625.319,140.0,100.4,24.3,16.57,179.5,34.9,149.1,28.87,34.72,48.25,83.0,12.55,100.0,100.0,375.0,3555.0,1.54,49.1,15.01,7.05,36.09,29.1,0.0,383.5,1200.0
136082.202,49682.202,140.0,102.4,24.38,16.580000000000002,179.0,35.050000000000004,149.0,28.79,34.67,48.0,82.0,12.700000000000001,100.0,100.0,378.0,3560.0,1.25,49.050000000000004,15.030000000000001,6.96,36.01,28.94,1.0,379.0,1200.0
136145.88,49745.88,140.0,102.4,24.38,16.61,180.0,34.85,149.20000000000002,28.97,34.62,48.1,82.0,12.55,100.0,99.5,382.5,3558.0,1.43,49.0,14.97,6.95,35.97,29.04,2.0,384.0,1200.0
136202.765,49802.765,140.0,103.0,24.32,16.6,181.0,34.85,150.20000000000002,28.88,34.69,48.400000000000006,82.5,12.700000000000001,99.30000000000001,100.0,379.5,3565.0,1.49,49.0,15.120000000000001,6.96,35.96,29.02,3.0,384.0,1200.0
136266.436,49866.436,140.0,101.0,24.3,16.57,181.5,35.050000000000004,147.4,28.900000000000002,34.65,48.150000000000006,81.0,12.55,99.9,99.60000000000001,381.5,3559.0,1.58,49.150000000000006,15.030000000000001,7.0200000000000005,35.99,29.080000000000002,0.0,375.5,1200.0
136323.141,49923.141,140.0,102.7,24.39,16.66,178.0,34.85,149.8,28.86,34.65,48.2,83.0,12.55,100.0,99.9,376.0,3558.0,1.47,49.050000000000004,15.030000000000001,6.98,36.02,28.98,1.0,384.5,1200.0
136386.946,49986.946,140.0,100.10000000000001,24.330000000000002,16.67,179.0,34.800000000000004,149.1,28.84,34.79,48.400000000000006,81.5,12.65,100.0,99.80000000000001,379.0,3561.0,1.44,48.95,15.01,6.99,35.95,28.86,0.0,379.0,1200.0
136443.45,50043.45,140.0,101.5,24.29,16.63,180.0,34.75,147.1,28.86,34.660000000000004,48.45,81.0,12.55,100.0,100.0,379.0,3556.0,1.47,49.050000000000004,14.99,6.98,35.980000000000004,29.03,0.0,379.5,1200.0
136500.216,50100.216,140.0,101.60000000000001,24.38,16.6,179.0,34.9,149.9,28.94,34.6,48.550000000000004,81.0,12.65,100.0,100.0,380.5,3562.0,1.48,49.050000000000004,15.02,7.05,36.0,28.990000000000002,1.0,380.5,1200.0
136563.758,50163.758,140.0,100.5,24.39,16.64,179.5,34.7,148.1,28.89,34.65,48.5,80.5,12.65,99.80000000000001,100.0,380.5,3561.0,1.57,49.050000000000004,14.98,6.95,36.01,28.96,0.0,379.5,1200.0
136620.345,50220.345,140.0,102.9,24.330000000000002,16.65,179.0,34.85,148.0,28.92,34.6,48.5,84.5,12.5,100.0,100.0,378.0,3559.0,1.44,49.1,15.07,6.91,36.08,28.96,2.0,379.0,1200.0
136684.032,50284.032,140.0,102.0,24.25,16.64,180.5,34.95,149.70000000000002,29.03,34.78,48.7,81.5,12.55,99.60000000000001,99.9,378.0,3557.0,1.3800000000000001,48.95,15.030000000000001,7.01,35.94,29.03,0.0,376.5,1200.0
136740.412,50340.412,140.0,101.80000000000001,24.44,16.68,179.5,34.9,148.5,29.03,34.86,48.650000000000006,82.0,12.350000000000001,100.0,100.0,379.0,3560.0,1.36,49.050000000000004,15.01,7.03,36.01,29.060000000000002,1.0,375.0,1200.0
136804.171,50404.171,140.0,101.4,24.39,16.69,180.0,34.75,148.9,28.96,34.63,48.6,83.5,12.5,99.9,99.0,382.0,3555.0,1.3,49.2,14.97,7.04,36.12,28.98,1.0,381.5,1200.0
136860.352,50460.352,140.0,102.0,24.29,16.66,180.0,34.7,148.4,28.86,34.660000000000004,48.650000000000006,83.0,12.450000000000001,100.0,99.80000000000001,376.5,3557.0,1.4000000000000001,48.95,14.99,6.97,36.0,29.060000000000002,1.0,381.0,1200.0
136923.833,50523.833,140.0,100.80000000000001,24.45,16.68,181.0,35.0,150.5,28.96,34.65,48.650000000000006,81.0,12.450000000000001,100.0,100.0,375.5,3559.0,1.47,49.1,14.99,7.05,36.0,28.98,0.0,375.5,1200.0
136980.156,50580.156,140.0,102.5,24.310000000000002,16.66,179.5,34.85,150.4,28.900000000000002,34.63,48.75,83.5,12.5,99.9,99.5,380.5,3558.0,1.35,49.050000000000004,14.96,7.0200000000000005,36.03,28.96,0.0,377.0,1200.0
137043.409,50643.409,140.0,102.80000000000001,24.38,16.69,180.0,34.75,148.8,28.89,34.6,48.95,82.5,12.600000000000001,99.60000000000001,100.0,378.5,3560.0,1.24,49.0,15.030000000000001,7.0200000000000005,35.96,28.98,0.0,378.0,1200.0
137106.847,50706.847,140.0,102.7,24.3,16.67,179.5,34.75,149.6,28.97,34.730000000000004,48.900000000000006,82.5,12.5,100.0,100.0,381.5,3561.0,1.44,48.95,15.01,6.98,36.01,28.97,1.0,374.5,1200.0
137162.995,50762.995,140.0,101.2,24.26,16.73,180.0,34.800000000000004,150.0,28.95,34.57,49.0,81.0,12.350000000000001,99.60000000000001,99.9,375.0,3562.0,1.57,48.900000000000006,14.98,7.04,35.95,28.93,0.0,374.0,1200.0
137226.507,50826.507,140.0,101.7,24.36,16.75,180.5,34.75,149.9,28.92,34.62,48.85,79.0,12.4,99.5,100.0,375.0,3559.0,1.41,49.0,15.030000000000001,7.0,36.0,28.990000000000002,0.0,383.5,1200.0
137282.632,50882.632,140.0,101.80000000000001,24.39,16.68,180.5,34.85,148.1,28.900000000000002,34.65,49.1,82.0,12.450000000000001,99.9,100.0,370.5,3562.0,1.51,49.0,15.0,7.0200000000000005,35.95,29.02,1.0,377.5,1200.0
137346.029,50946.029,140.0,100.80000000000001,24.29,16.69,181.5,34.75,149.4,28.79,34.65,49.150000000000006,83.0,12.350000000000001,100.0,99.80000000000001,382.0,3560.0,1.46,49.1,14.99,6.96,35.97,29.01,3.0,380.0,1200.0
137402.267,51002.267,140.0,101.30000000000001,24.28,16.740000000000002,180.5,34.75,150.1,28.88,34.58,49.0,81.0,12.450000000000001,99.5,99.7,374.0,3561.0,1.31,48.900000000000006,15.11,7.0600000000000005,36.1,29.02,2.0,372.5,1200.0
137465.42,51065.42,140.0,102.4,24.34,16.8,178.5,34.95,151.0,28.79,34.58,48.900000000000006,82.5,12.450000000000001,100.0,100.0,378.5,3564.0,1.34,49.0,15.06,6.97,36.02,28.990000000000002,0.0,371.0,1200.0
137521.744,51121.744,140.0,101.10000000000001,24.36,16.72,178.0,34.85,148.0,28.86,34.56,49.1,81.0,12.200000000000001,99.80000000000001,100.0,377.0,3561.0,1.44,48.95,14.98,6.97,35.84,29.0,0.0,376.5,1200.0
137584.813,51184.813,140.0,102.30000000000001,24.38,16.68,178.0,34.7,150.0,28.830000000000002,34.480000000000004,49.2,83.0,12.25,99.4,99.80000000000001,376.0,3561.0,1.31,49.0,15.030000000000001,6.98,36.01,29.07,0.0,377.0,1200.0
137641.139,51241.139,140.0,102.9,24.39,16.73,178.5,34.6,149.0,28.85,34.52,49.1,80.0,12.4,99.9,99.7,382.0,3561.0,1.31,49.1,14.94,7.0,35.99,28.98,0.0,376.5,1200.0
137704.276,51304.276,140.0,103.80000000000001,24.27,16.68,180.0,34.5,147.5,28.87,34.45,49.150000000000006,81.5,12.200000000000001,100.0,99.7,381.0,3558.0,1.28,49.050000000000004,15.030000000000001,7.05,35.97,28.94,3.0,376.0,1200.0
137760.494,51360.494,140.0,101.60000000000001,24.3,16.79,177.5,34.6,148.5,28.75,34.44,49.2,81.5,12.200000000000001,100.0,100.0,375.5,3558.0,1.3,49.0,14.98,7.0200000000000005,35.96,29.09,0.0,378.5,1200.0
137823.77,51423.77,140.0,101.9,24.39,16.69,178.5,34.65,148.8,28.84,34.5,49.150000000000006,81.0,12.350000000000001,99.9,100.0,375.5,3558.0,1.3,49.050000000000004,14.96,7.03,36.0,29.0,0.0,379.5,1200.0
137886.944,51486.944,140.0,103.30000000000001,24.32,16.69,178.0,34.65,147.8,28.740000000000002,34.45,49.400000000000006,82.5,12.25,100.0,99.9,374.0,3561.0,1.36,48.900000000000006,14.93,7.01,35.980000000000004,29.07,0.0,373.0,1200.0
137943.229,51543.229,140.0,101.60000000000001,24.34,16.73,177.0,34.65,146.5,28.810000000000002,34.38,49.400000000000006,79.5,12.100000000000001,100.0,100.0,378.0,3562.0,1.47,49.0,14.94,6.96,36.01,28.93,1.0,372.0,1200.0
138006.319,51606.319,140.0,103.10000000000001,24.32,16.7,180.0,34.5,148.5,28.69,34.44,49.300000000000004,81.0,12.3,100.0,100.0,374.5,3562.0,1.36,48.900000000000006,15.06,6.98,36.04,28.95,0.0,370.0,1200.0
138062.838,51662.838,140.0,101.30000000000001,24.32,16.75,179.0,34.5,149.6,28.740000000000002,34.42,49.6,82.5,11.950000000000001,99.4,100.0,372.0,3563.0,1.52,49.050000000000004,15.030000000000001,7.11,35.97,29.060000000000002,0.0,378.5,1200.0
138126.152,51726.152,140.0,100.60000000000001,24.27,16.82,180.5,34.5,149.4,28.76,34.43,49.550000000000004,79.5,12.200000000000001,100.0,99.9,371.5,3563.0,1.5,48.95,14.99,7.01,36.06,29.01,0.0,375.5,1200.0
138182.458,51782.458,140.0,102.80000000000001,24.27,16.830000000000002,178.0,34.550000000000004,149.4,28.82,34.38,49.45,82.0,12.05,100.0,100.0,375.0,3558.0,1.48,49.0,15.040000000000001,7.07,35.9,29.05,0.0,374.0,1200.0
138245.881,51845.881,140.0,103.10000000000001,24.35,16.79,176.5,34.75,150.20000000000002,28.75,34.44,49.550000000000004,80.5,12.05,100.0,99.9,376.0,3564.0,1.34,48.95,15.06,7.0600000000000005,36.0,28.97,0.0,376.0,1200.0
138301.975,51901.975,140.0,101.80000000000001,24.310000000000002,16.8,178.5,34.5,148.9,28.830000000000002,34.42,49.800000000000004,80.0,12.0,100.0,100.0,375.0,3559.0,1.33,48.900000000000006,15.040000000000001,6.94,36.04,29.05,0.0,375.5,1200.0
138365.407,51965.407,140.0,102.7,24.28,16.8,179.0,34.7,149.3,28.830000000000002,34.34,49.7,81.0,12.15,99.7,100.0,374.5,3558.0,1.12,48.95,14.99,7.0,36.0,28.98,0.0,377.5,1200.0
138421.442,52021.442,140.0,101.0,24.36,16.8,180.5,34.6,149.70000000000002,28.82,34.42,49.7,82.0,12.05,99.9,100.0,374.5,3561.0,1.55,49.050000000000004,15.02,6.97,35.910000000000004,29.02,0.0,372.5,1200.0
138484.676,52084.676,140.0,101.60000000000001,24.34,16.81,177.0,34.6,150.5,28.94,34.47,49.85,80.5,12.100000000000001,99.4,100.0,374.0,3561.0,1.5,48.95,14.96,7.05,36.01,29.07,0.0,378.0,1200.0
138540.803,52140.803,140.0,103.30000000000001,24.27,16.84,179.5,34.65,149.4,28.78,34.4,49.900000000000006,79.0,12.15,100.0,100.0,374.0,3561.0,1.42,49.050000000000004,14.99,7.0,36.03,28.98,1.0,374.0,1200.0
138603.745,52203.745,140.0,102.0,24.34,16.95,180.0,34.6,149.0,28.8,34.51,49.900000000000006,82.0,12.100000000000001,100.0,99.60000000000001,376.0,3560.0,1.19,48.95,15.02,6.95,36.07,28.990000000000002,0.0,378.0,1200.0
138666.761,52266.761,140.0,100.9,24.3,16.82,177.0,34.6,150.4,28.900000000000002,34.43,50.0,80.0,11.9,99.30000000000001,100.0,378.5,3557.0,1.3900000000000001,48.95,14.98,6.98,35.99,28.96,0.0,373.0,1200.0
138722.494,52322.494,140.0,100.9,24.32,16.94,178.0,34.7,150.0,28.85,34.45,49.95,82.5,12.0,99.9,99.60000000000001,376.0,3559.0,1.33,48.900000000000006,15.06,6.97,36.03,29.080000000000002,0.0,371.5,1200.0
138785.587,52385.587,140.0,102.10000000000001,24.34,16.87,180.5,34.65,148.5,28.900000000000002,34.51,50.1,79.0,12.100000000000001,100.0,100.0,378.0,3560.0,1.24,49.1,14.96,7.01,36.0,28.87,0.0,369.5,1200.0
138841.299,52441.299,140.0,103.30000000000001,24.240000000000002,16.87,177.0,34.75,148.1,28.76,34.46,50.0,81.0,12.05,99.80000000000001,99.5,378.5,3563.0,1.32,49.1,14.96,6.97,36.04,29.03,0.0,376.5,1200.0
138904.253,52504.253,140.0,102.4,24.27,16.830000000000002,179.0,34.5,149.9,28.79,34.410000000000004,50.050000000000004,82.0,12.15,99.80000000000001,99.7,372.5,3560.0,1.21,48.85,15.0,7.04,36.1,28.96,0.0,373.0,1200.0
138960.101,52560.101,140.0,103.30000000000001,24.37,16.91,179.0,34.6,149.5,28.85,34.47,50.050000000000004,79.5,12.0,99.7,100.0,374.5,3563.0,1.21,48.95,15.02,7.0,36.02,29.060000000000002,0.0,372.5,1200.0
139022.816,52622.816,140.0,102.0,24.37,16.89,179.0,34.4,148.6,28.810000000000002,34.45,50.050000000000004,81.5,12.0,99.9,100.0,370.0,3564.0,1.3800000000000001,49.0,14.96,6.95,35.92,29.0,0.0,371.5,1200.0
139085.718,52685.718,140.0,100.7,24.310000000000002,16.97,180.0,34.7,148.5,28.810000000000002,34.44,50.2,79.5,11.850000000000001,100.0,99.80000000000001,373.5,3558.0,1.41,49.0,15.01,6.99,36.03,29.01,0.0,372.0,1200.0
139141.378,52741.378,140.0,103.60000000000001,24.36,16.93,178.0,34.5,150.1,28.8,34.44,50.35,80.5,11.950000000000001,99.9,99.7,373.5,3558.0,1.5,48.800000000000004,15.06,6.93,36.04,28.93,6.0,373.0,1200.0
139204.354,52804.354,140.0,100.80000000000001,24.240000000000002,16.84,177.5,34.7,150.1,28.740000000000002,34.39,50.300000000000004,80.5,11.9,100.0,99.7,369.5,3559.0,1.31,48.800000000000004,14.97,7.0,36.06,29.05,2.0,373.0,1200.0
139260.053,52860.053,140.0,101.7,24.3,16.95,179.0,34.5,149.9,28.86,34.43,50.550000000000004,79.5,11.950000000000001,99.7,100.0,371.0,3560.0,1.44,48.95,14.91,6.99,36.02,29.04,0.0,370.0,1200.0
139322.97,52922.97,140.0,103.2,24.25,16.990000000000002,175.0,34.4,150.5,28.77,34.38,50.400000000000006,81.5,11.950000000000001,99.4,100.0,371.0,3559.0,1.51,48.900000000000006,15.02,7.08,35.97,29.02,3.0,369.5,1200.0
139385.628,52985.628,140.0,100.80000000000001,24.36,16.95,179.0,34.550000000000004,146.3,28.85,34.44,50.5,79.5,11.850000000000001,99.80000000000001,99.4,370.0,3561.0,1.34,49.050000000000004,14.94,7.0200000000000005,36.0,28.93,0.0,370.0,1200.0
139441.415,53041.415,140.0,102.5,24.34,16.94,179.0,34.45,148.5,28.89,34.410000000000004,50.45,80.5,11.700000000000001,100.0,100.0,370.5,3556.0,1.34,48.900000000000006,15.030000000000001,7.04,35.99,29.04,1.0,373.0,1200.0
139504.21,53104.21,140.0,102.7,24.32,16.93,178.5,34.7,148.0,28.82,34.410000000000004,50.5,81.0,11.850000000000001,99.80000000000001,100.0,370.0,3565.0,1.32,48.800000000000004,15.0,6.96,36.0,28.93,0.0,371.5,1200.0
139566.807,53166.807,140.0,101.7,24.37,16.93,177.0,34.550000000000004,149.9,28.86,34.42,50.45,80.5,11.850000000000001,99.7,99.60000000000001,372.5,3560.0,1.31,48.85,14.97,7.0,36.01,29.05,1.0,370.0,1200.0
139622.64,53222.64,140.0,103.0,24.38,16.92,177.5,34.5,148.4,28.82,34.37,50.550000000000004,82.0,11.75,99.60000000000001,100.0,369.0,3561.0,1.36,49.1,14.97,7.0,36.03,28.97,4.0,366.5,1200.0
139685.059,53285.059,140.0,102.4,24.32,16.94,178.5,34.65,148.4,28.82,34.410000000000004,50.6,78.5,11.8,99.60000000000001,100.0,369.0,3567.0,1.58,48.85,14.97,6.98,36.04,28.94,0.0,366.0,1200.0
139740.854,53340.854,140.0,101.7,24.26,17.0,177.0,34.550000000000004,149.9,28.87,34.45,50.650000000000006,80.5,11.9,100.0,100.0,366.0,3561.0,1.5,49.1,15.0,7.0200000000000005,35.97,29.03,2.0,369.5,1200.0
139803.301,53403.301,140.0,102.80000000000001,24.310000000000002,16.9,176.0,34.65,147.8,28.900000000000002,34.36,50.75,79.0,11.8,99.9,100.0,369.5,3561.0,1.3900000000000001,48.900000000000006,15.02,7.0200000000000005,35.95,29.01,0.0,370.5,1200.0
139865.865,53465.865,140.0,102.7,24.36,17.04,178.0,34.5,150.3,28.87,34.33,50.85,82.0,11.75,100.0,99.9,373.0,3563.0,1.42,49.1,15.040000000000001,6.98,36.0,29.01,0.0,375.5,1200.0
139921.354,53521.354,140.0,102.30000000000001,24.310000000000002,17.06,178.0,34.6,148.70000000000002,28.91,34.31,50.900000000000006,80.5,11.8,100.0,99.9,369.0,3563.0,1.41,49.0,14.99,6.98,36.08,29.01,2.0,368.0,1200.0
139983.697,53583.697,140.0,103.4,24.36,16.96,176.0,34.4,149.3,28.830000000000002,34.35,50.85,82.0,11.9,100.0,99.9,368.5,3559.0,1.41,48.900000000000006,15.01,7.0,35.980000000000004,28.900000000000002,0.0,373.0,1200.0
140046.174,53646.174,140.0,100.5,24.330000000000002,16.990000000000002,176.0,34.5,149.0,28.73,34.36,50.85,78.5,11.75,100.0,100.0,369.0,3551.0,1.3,48.95,15.0,6.99,35.89,29.03,0.0,369.0,1200.0
140101.497,53701.497,140.0,101.80000000000001,24.36,17.1,177.0,34.4,149.5,28.85,34.34,50.95,78.0,11.65,99.7,99.80000000000001,370.5,3561.0,1.4000000000000001,48.85,15.01,7.01,36.08,28.98,1.0,367.0,1200.0
140164.036,53764.036,140.0,102.2,24.310000000000002,17.04,177.5,34.45,148.20000000000002,28.830000000000002,34.31,51.0,77.5,11.8,100.0,99.9,365.5,3558.0,1.29,48.900000000000006,14.93,7.0200000000000005,36.03,29.05,0.0,366.5,1200.0
140170.912,53770.912,140.0,101.30000000000001,24.34,17.02,177.0,34.5,149.8,28.82,34.38,50.95,79.0,11.700000000000001,99.7,99.80000000000001,374.0,3559.0,1.42,48.900000000000006,15.030000000000001,6.99,35.96,28.93,0.0,371.0,1200.0
140226.201,53826.201,140.0,101.7,24.310000000000002,17.03,178.5,34.550000000000004,148.6,28.85,34.33,50.900000000000006,80.5,11.55,100.0,100.0,368.5,3560.0,1.44,48.900000000000006,14.93,7.03,35.9,28.94,0.0,372.5,1200.0
140281.737,53881.737,140.0,102.7,24.330000000000002,17.0,179.5,34.35,151.4,28.85,34.24,51.050000000000004,80.0,11.55,100.0,100.0,373.5,3560.0,1.43,48.900000000000006,15.01,7.0200000000000005,36.0,29.05,4.0,368.0,1200.0
140343.935,53943.935,140.0,103.0,24.3,17.01,178.0,34.35,148.3,28.77,34.22,51.150000000000006,78.5,11.5,100.0,99.60000000000001,366.0,3557.0,1.41,48.800000000000004,15.08,6.98,36.0,29.03,0.0,366.0,1200.0
140406.317,54006.317,140.0,102.30000000000001,24.35,17.05,178.0,34.4,150.1,28.84,34.26,50.95,80.0,11.600000000000001,100.0,100.0,367.5,3561.0,1.3900000000000001,48.85,14.96,7.0200000000000005,35.95,29.080000000000002,2.0,365.0,1200.0
140461.781,54061.781,140.0,101.0,24.34,17.03,177.0,34.35,149.0,28.86,34.26,51.25,80.0,11.600000000000001,99.80000000000001,99.9,368.5,3564.0,1.17,48.900000000000006,15.02,6.95,35.980000000000004,28.95,2.0,364.5,1200.0
140524.077,54124.077,140.0,102.5,24.27,17.07,178.5,34.5,148.9,28.84,34.230000000000004,51.35,80.0,11.65,99.9,99.9,372.5,3557.0,1.3900000000000001,48.85,14.99,6.96,35.980000000000004,29.060000000000002,0.0,368.5,1200.0
140586.475,54186.475,140.0,104.30000000000001,24.35,17.080000000000002,177.5,34.45,149.70000000000002,28.77,34.27,51.1,78.0,11.450000000000001,100.0,100.0,370.0,3555.0,1.4000000000000001,49.0,14.94,6.91,35.99,28.98,2.0,369.5,1200.0
140641.733,54241.733,140.0,102.0,24.330000000000002,17.01,176.5,34.35,149.5,28.87,34.38,51.400000000000006,78.0,11.55,100.0,100.0,368.5,3560.0,1.29,48.95,15.01,7.0,36.02,29.01,0.0,367.0,1200.0
140704.139,54304.139,140.0,102.10000000000001,24.36,17.07,178.5,34.4,148.5,28.84,34.38,51.45,78.0,11.600000000000001,100.0,100.0,365.0,3560.0,1.43,49.1,15.01,6.98,36.03,29.1,0.0,365.0,1200.0
140766.201,54366.201,140.0,101.30000000000001,24.34,17.13,177.5,34.550000000000004,149.20000000000002,28.73,34.2,51.45,77.0,11.55,99.7,100.0,361.5,3561.0,1.3900000000000001,49.1,15.030000000000001,6.99,36.1,29.02,0.0,370.0,1200.0
140821.586,54421.586,140.0,102.60000000000001,24.310000000000002,17.12,174.5,34.550000000000004,149.5,28.87,34.34,51.45,79.5,11.55,100.0,99.7,363.0,3556.0,1.33,49.050000000000004,14.98,7.0200000000000005,36.09,29.01,0.0,368.5,1200.0
140883.658,54483.658,140.0,101.0,24.330000000000002,17.1,176.0,34.300000000000004,149.70000000000002,28.85,34.27,51.550000000000004,77.0,11.55,100.0,99.80000000000001,367.0,3561.0,1.49,48.95,14.99,7.01,36.12,28.97,0.0,365.5,1200.0
140945.836,54545.836,140.0,101.9,24.330000000000002,17.09,176.5,34.4,147.5,28.85,34.25,51.7,81.0,11.5,100.0,100.0,367.5,3561.0,1.29,48.75,14.99,6.98,36.11,28.98,0.0,364.0,1200.0
141001.021,54601.021,140.0,100.30000000000001,24.32,17.18,177.5,34.45,149.4,28.89,34.33,51.6,78.0,11.600000000000001,100.0,100.0,369.5,3560.0,1.44,48.900000000000006,15.01,6.97,35.980000000000004,28.97,0.0,364.0,1200.0
141062.701,54662.701,140.0,102.5,24.34,17.09,180.0,34.45,150.8,28.82,34.300000000000004,51.650000000000006,76.5,11.450000000000001,100.0,99.9,367.0,3558.0,1.27,48.800000000000004,14.96,7.0,35.92,29.01,0.0,363.5,1200.0
141124.567,54724.567,140.0,101.9,24.36,17.18,179.0,34.35,148.70000000000002,28.900000000000002,34.14,51.7,79.0,11.350000000000001,99.7,99.80000000000001,369.5,3562.0,1.3800000000000001,49.0,15.0,6.97,35.980000000000004,29.060000000000002,0.0,365.0,1200.0
141186.222,54786.222,140.0,101.30000000000001,24.41,17.09,177.5,34.4,149.3,28.84,34.26,51.800000000000004,78.0,11.350000000000001,100.0,100.0,366.0,3559.0,1.4000000000000001,48.95,14.98,7.05,36.01,29.060000000000002,1.0,365.5,1200.0
141241.195,54841.195,140.0,102.2,24.25,17.21,179.5,34.5,149.3,28.79,34.15,51.75,76.0,11.4,99.80000000000001,100.0,370.5,3562.0,1.3800000000000001,49.1,14.98,6.97,36.09,28.97,1.0,369.5,1200.0
141302.805,54902.805,140.0,103.2,24.32,17.13,178.5,34.4,148.9,28.830000000000002,34.28,51.85,79.5,11.350000000000001,100.0,100.0,367.0,3557.0,1.56,48.900000000000006,15.0,7.08,35.980000000000004,29.03,1.0,368.5,1200.0
141364.606,54964.606,140.0,102.80000000000001,24.28,17.16,175.5,34.35,150.4,28.89,34.1,51.85,79.5,11.55,100.0,100.0,364.0,3563.0,1.3,48.900000000000006,15.05,7.01,35.96,29.02,0.0,367.5,1200.0
141426.186,55026.186,140.0,101.2,24.38,17.13,179.5,34.35,147.1,28.8,34.28,52.0,78.5,11.25,99.60000000000001,100.0,365.0,3563.0,1.23,48.85,15.08,7.01,36.11,29.060000000000002,0.0,366.0,1200.0
141481.059,55081.059,140.0,103.10000000000001,24.34,17.240000000000002,178.0,34.2,149.4,28.75,34.13,51.95,76.0,11.350000000000001,99.60000000000001,99.9,363.0,3561.0,1.46,48.85,14.97,6.99,36.01,29.09,1.0,361.5,1200.0
141542.679,55142.679,140.0,101.10000000000001,24.38,17.25,177.5,34.4,149.6,28.86,34.18,52.0,78.5,11.25,100.0,99.5,363.5,3564.0,1.3900000000000001,48.95,14.97,7.0,36.050000000000004,29.03,0.0,365.5,1200.0
141604.332,55204.332,140.0,101.9,24.34,17.150000000000002,178.0,34.35,148.1,28.72,34.08,51.95,78.0,11.3,100.0,100.0,363.0,3560.0,1.37,48.900000000000006,14.98,6.98,35.94,28.98,0.0,364.5,1200.0
141666.14,55266.14,140.0,98.5,24.310000000000002,17.2,176.5,34.300000000000004,149.0,28.86,34.160000000000004,52.150000000000006,79.0,11.3,100.0,100.0,358.0,3564.0,1.28,48.95,15.030000000000001,7.07,36.06,29.07,1.0,367.5,1200.0
141721.022,55321.022,140.0,100.9,24.27,17.240000000000002,175.5,34.35,148.20000000000002,28.79,34.02,52.1,76.5,11.350000000000001,100.0,100.0,366.5,3562.0,1.41,49.050000000000004,15.06,7.0,36.0,29.09,4.0,368.5,1200.0
141782.808,55382.808,140.0,101.9,24.37,17.26,176.0,34.35,149.0,28.810000000000002,34.09,52.2,80.0,11.350000000000001,100.0,99.5,366.5,3562.0,1.4000000000000001,48.85,15.0,7.0200000000000005,35.96,28.95,0.0,365.5,1200.0
141844.459,55444.459,140.0,100.2,24.39,17.25,176.0,34.4,149.9,28.86,34.06,52.35,76.0,11.3,100.0,99.80000000000001,362.0,3559.0,1.34,48.85,15.01,7.03,36.0,29.0,0.0,366.0,1200.0
141906.174,55506.174,140.0,102.2,24.38,17.23,177.0,34.300000000000004,149.0,28.89,34.13,52.300000000000004,80.0,11.3,99.10000000000001,99.9,366.0,3557.0,1.46,48.95,15.09,6.98,35.99,29.080000000000002,0.0,365.5,1200.0
141960.908,55560.908,140.0,103.10000000000001,24.310000000000002,17.29,175.0,34.35,149.4,28.86,34.04,52.25,79.0,11.3,99.60000000000001,100.0,362.0,3558.0,1.41,48.800000000000004,14.97,7.01,35.95,28.97,0.0,362.5,1200.0
142022.55,55622.55,140.0,102.0,24.29,17.27,176.0,34.300000000000004,149.3,28.77,34.03,52.35,80.5,11.3,99.80000000000001,100.0,365.5,3557.0,1.41,48.95,15.05,7.01,35.99,28.93,0.0,362.5,1200.0
142084.061,55684.061,140.0,100.9,24.27,17.25,177.0,34.300000000000004,149.0,28.73,34.03,52.35,81.0,11.0,100.0,99.80000000000001,363.0,3561.0,1.35,48.900000000000006,15.02,7.01,35.95,29.05,0.0,363.5,1200.0
142145.631,55745.631,140.0,101.80000000000001,24.34,17.25,177.0,34.15,148.4,28.900000000000002,34.11,52.5,76.0,11.350000000000001,99.80000000000001,100.0,366.5,3555.0,1.35,48.95,15.01,7.03,35.910000000000004,28.95,0.0,361.5,1200.0
142200.265,55800.265,140.0,100.5,24.32,17.26,177.0,34.300000000000004,149.5,28.87,34.19,52.550000000000004,79.0,11.100000000000001,100.0,100.0,360.0,3558.0,1.34,48.95,15.040000000000001,6.98,35.95,29.01,1.0,368.0,1200.0
142261.67,55861.67,140.0,101.30000000000001,24.36,17.330000000000002,174.5,34.300000000000004,148.5,28.85,34.14,52.550000000000004,79.0,11.25,100.0,100.0,359.0,3559.0,1.43,48.900000000000006,14.97,6.99,35.980000000000004,28.85,1.0,364.5,1200.0
142323.053,55923.053,140.0,102.80000000000001,24.32,17.3,175.5,34.15,149.5,28.85,34.17,52.7,78.0,11.15,100.0,100.0,360.5,3560.0,1.43,48.85,14.96,6.96,36.03,29.02,0.0,363.5,1200.0
142384.384,55984.384,140.0,100.7,24.32,17.32,176.5,34.2,148.0,28.810000000000002,34.05,52.650000000000006,78.0,11.0,99.60000000000001,100.0,365.0,3558.0,1.57,48.900000000000006,15.0,6.99,35.980000000000004,28.94,2.0,359.0,1200.0
142445.693,56045.693,140.0,104.0,24.35,17.41,175.5,34.25,149.9,28.82,34.08,52.650000000000006,79.0,11.15,99.80000000000001,100.0,364.5,3560.0,1.41,48.95,15.01,7.01,35.96,29.080000000000002,0.0,358.0,1200.0
142500.125,56100.125,140.0,102.4,24.400000000000002,17.27,175.5,34.300000000000004,149.0,28.900000000000002,34.09,52.75,77.5,11.100000000000001,100.0,99.9,365.0,3558.0,1.3,49.1,15.08,7.01,36.03,28.95,2.0,363.5,1200.0
142561.403,56161.403,140.0,101.60000000000001,24.36,17.39,177.0,34.2,147.8,28.82,34.07,52.6,78.0,11.100000000000001,100.0,99.60000000000001,358.5,3559.0,1.23,48.95,15.05,7.01,36.0,29.02,0.0,359.5,1200.0
142622.548,56222.548,140.0,102.9,24.35,17.38,174.0,34.45,149.6,28.77,34.07,52.6,77.0,11.15,99.9,100.0,363.5,3560.0,1.37,49.0,15.08,7.05,35.96,28.97,0.0,361.5,1200.0
142683.751,56283.751,140.0,103.10000000000001,24.37,17.400000000000002,175.0,34.25,148.0,28.94,34.04,52.800000000000004,77.5,10.950000000000001,100.0,99.4,365.0,3561.0,1.43,48.900000000000006,15.040000000000001,6.91,35.99,28.990000000000002,0.0,363.5,1200.0
142744.821,56344.821,140.0,101.7,24.330000000000002,17.36,177.5,34.300000000000004,148.0,28.86,34.05,52.800000000000004,79.0,11.05,100.0,99.7,361.5,3557.0,1.3900000000000001,48.85,14.98,7.0200000000000005,36.1,29.04,2.0,362.5,1200.0
142805.948,56405.948,140.0,102.9,24.35,17.42,176.5,34.300000000000004,150.4,28.78,34.06,52.95,77.0,11.0,99.80000000000001,100.0,360.0,3560.0,1.43,48.95,14.88,7.01,36.03,29.0,1.0,361.0,1200.0
142860.199,56460.199,140.0,102.9,24.42,17.38,178.5,34.15,147.6,28.85,34.07,53.1,77.0,10.950000000000001,99.2,99.5,357.0,3563.0,1.44,48.85,14.99,6.98,36.06,28.900000000000002,0.0,364.0,1200.0
142921.286,56521.286,140.0,101.5,24.43,17.42,175.0,34.2,149.1,28.82,34.06,52.95,76.5,11.100000000000001,100.0,99.9,359.0,3557.0,1.17,49.050000000000004,14.98,7.04,36.08,28.96,0.0,363.5,1200.0
142982.257,56582.257,140.0,101.2,24.42,17.47,176.0,34.300000000000004,149.70000000000002,28.810000000000002,34.06,53.150000000000006,76.0,10.850000000000001,100.0,99.80000000000001,359.5,3566.0,1.3900000000000001,49.050000000000004,14.98,7.03,36.01,28.95,2.0,358.0,1200.0
143043.277,56643.277,140.0,101.5,24.35,17.41,175.0,34.15,147.8,28.830000000000002,34.03,53.150000000000006,77.5,10.9,99.7,100.0,362.0,3561.0,1.42,48.900000000000006,15.040000000000001,6.97,36.08,29.03,1.0,357.5,1200.0
143104.178,56704.178,140.0,102.10000000000001,24.28,17.46,176.5,34.2,150.4,28.92,34.03,53.25,77.0,10.9,100.0,99.9,362.5,3555.0,1.3900000000000001,49.1,14.97,7.0200000000000005,36.050000000000004,29.01,1.0,357.0,1200.0
143165.129,56765.129,140.0,103.9,24.34,17.44,176.0,34.300000000000004,151.1,28.93,34.05,53.25,75.5,10.850000000000001,99.5,100.0,356.0,3561.0,1.47,49.0,15.06,7.04,35.97,29.03,0.0,363.0,1200.0
143225.96,56825.96,140.0,102.80000000000001,24.42,17.47,178.0,34.15,148.20000000000002,28.900000000000002,34.06,53.35,78.0,10.75,100.0,100.0,362.0,3555.0,1.46,49.050000000000004,15.02,7.0,35.980000000000004,28.94,0.0,359.5,1200.0
143280.06,56880.06,140.0,102.10000000000001,24.42,17.5,178.0,34.15,149.0,28.91,34.07,53.2,78.0,10.8,100.0,100.0,358.5,3556.0,1.4000000000000001,48.900000000000006,15.08,6.96,35.99,28.96,1.0,356.0,1200.0
143340.871,56940.871,140.0,101.5,24.37,17.51,175.5,34.15,149.5,28.88,34.04,53.5,75.0,10.75,100.0,99.7,361.0,3559.0,1.33,48.85,14.97,6.96,35.87,28.98,0.0,361.5,1200.0
143401.64,57001.64,140.0,102.80000000000001,24.32,17.57,175.0,34.15,149.70000000000002,28.830000000000002,34.1,53.400000000000006,75.5,10.700000000000001,100.0,100.0,361.0,3565.0,1.47,48.900000000000006,15.030000000000001,6.98,36.03,28.95,3.0,358.0,1200.0
143462.356,57062.356,140.0,101.10000000000001,24.34,17.5,175.0,34.2,149.70000000000002,28.86,34.02,53.35,78.5,10.950000000000001,100.0,100.0,360.0,3562.0,1.28,49.0,14.94,7.03,36.02,28.990000000000002,0.0,355.0,1200.0
143523.031,57123.031,140.0,102.4,24.35,17.45,176.5,34.25,147.4,28.75,33.92,53.6,76.0,10.65,99.9,100.0,356.5,3558.0,1.35,48.95,15.02,7.07,35.97,28.93,0.0,362.0,1200.0
143583.674,57183.674,140.0,101.80000000000001,24.34,17.51,177.0,34.15,149.20000000000002,28.82,34.02,53.5,78.0,10.700000000000001,99.9,100.0,364.5,3558.0,1.31,48.900000000000006,14.950000000000001,6.97,35.980000000000004,29.060000000000002,0.0,357.5,1200.0
143644.275,57244.275,140.0,102.4,24.310000000000002,17.48,175.5,34.15,149.70000000000002,28.88,33.97,53.550000000000004,77.5,10.75,100.0,100.0,355.0,3563.0,1.45,48.900000000000006,14.98,7.03,36.03,29.0,0.0,355.5,1200.0
143704.845,57304.845,140.0,100.30000000000001,24.35,17.5,175.5,34.15,149.70000000000002,28.87,33.980000000000004,53.7,77.5,10.75,99.80000000000001,100.0,356.0,3558.0,1.21,48.900000000000006,14.94,6.96,35.9,28.990000000000002,2.0,357.5,1200.0
143765.371,57365.371,140.0,101.60000000000001,24.310000000000002,17.55,175.0,34.2,150.9,28.95,33.97,53.75,77.0,10.65,100.0,99.60000000000001,361.5,3562.0,1.28,49.0,14.99,7.01,36.04,29.04,0.0,359.0,1200.0
143825.866,57425.866,140.0,101.7,24.35,17.57,174.0,34.1,148.20000000000002,28.96,33.93,53.800000000000004,76.5,10.600000000000001,100.0,99.80000000000001,361.0,3566.0,1.43,48.900000000000006,15.0,6.99,35.99,29.09,0.0,361.5,1200.0
143886.317,57486.317,140.0,102.2,24.32,17.55,174.5,34.15,149.4,28.82,33.95,53.75,75.5,10.75,100.0,100.0,353.0,3556.0,1.34,48.85,15.01,7.04,36.04,28.95,0.0,351.0,1200.0
143940.05,57540.05,140.0,101.80000000000001,24.310000000000002,17.55,177.0,34.2,149.1,28.810000000000002,34.0,53.7,77.0,10.600000000000001,99.9,99.60000000000001,355.0,3554.0,1.48,48.800000000000004,15.030000000000001,6.94,35.9,28.95,0.0,352.5,1200.0
144000.38,57600.38,140.0,101.5,24.3,17.55,176.5,34.050000000000004,150.0,28.88,34.0,54.050000000000004,74.5,10.55,99.60000000000001,99.9,356.0,3561.0,1.16,48.75,15.02,6.98,35.87,29.09,2.0,353.0,1200.0
144060.706,57660.706,140.0,102.2,24.38,17.55,174.5,34.050000000000004,148.0,28.89,33.9,53.85,75.0,10.4,99.9,99.9,354.5,3563.0,1.3900000000000001,48.95,15.0,6.98,36.03,28.97,1.0,356.5,1200.0
144120.89,57720.89,140.0,102.80000000000001,24.23,17.64,175.0,34.050000000000004,148.5,28.84,33.97,53.900000000000006,76.5,10.450000000000001,99.80000000000001,100.0,355.0,3553.0,1.42,49.0,15.02,7.0600000000000005,36.03,29.1,0.0,352.0,1200.0
144181.138,57781.138,140.0,100.10000000000001,24.41,17.6,173.5,34.15,148.0,28.87,33.87,54.050000000000004,78.0,10.5,99.80000000000001,100.0,353.5,3561.0,1.3,48.800000000000004,14.98,7.01,35.95,28.98,0.0,353.5,1200.0
144241.247,57841.247,140.0,101.4,24.38,17.650000000000002,176.0,34.050000000000004,147.70000000000002,28.88,33.9,54.150000000000006,78.5,10.700000000000001,99.9,99.80000000000001,358.5,3566.0,1.3900000000000001,48.900000000000006,15.030000000000001,7.0,36.08,29.09,0.0,355.0,1200.0
144301.416,57901.416,140.0,101.0,24.310000000000002,17.7,177.0,33.95,149.5,28.89,33.81,54.0,75.0,10.5,99.80000000000001,99.60000000000001,353.5,3555.0,1.37,48.95,14.9,6.99,36.1,28.95,1.0,359.0,1200.0
144361.45,57961.45,140.0,102.30000000000001,24.330000000000002,17.69,176.5,33.95,150.3,28.810000000000002,33.94,54.1,75.5,10.600000000000001,99.9,100.0,353.5,3561.0,1.44,48.85,15.0,7.0,35.96,29.04,0.0,353.0,1200.0
144421.539,58021.539,140.0,103.10000000000001,24.29,17.72,173.5,34.1,148.8,28.92,33.89,54.150000000000006,75.0,10.350000000000001,99.9,100.0,352.5,3562.0,1.45,48.85,14.99,6.98,35.95,28.93,1.0,354.5,1200.0
144481.496,58081.496,140.0,102.5,24.29,17.69,174.0,34.1,150.8,28.87,33.84,54.300000000000004,75.5,10.5,100.0,100.0,353.5,3560.0,1.44,48.900000000000006,15.040000000000001,6.93,36.050000000000004,28.900000000000002,1.0,350.5,1200.0
144541.505,58141.505,140.0,102.7,24.35,17.69,175.0,34.0,149.1,28.86,33.88,54.2,76.0,10.350000000000001,99.9,100.0,353.0,3560.0,1.42,48.900000000000006,15.01,7.0200000000000005,36.01,28.95,1.0,349.5,1200.0
144601.384,58201.384,140.0,103.0,24.38,17.740000000000002,174.0,33.9,149.4,28.79,33.87,54.400000000000006,75.5,10.450000000000001,100.0,100.0,351.0,3557.0,1.4000000000000001,49.050000000000004,15.09,7.0200000000000005,36.02,28.990000000000002,1.0,354.5,1200.0
144661.311,58261.311,140.0,102.2,24.330000000000002,17.68,175.0,34.050000000000004,149.5,28.75,33.84,54.35,75.5,10.350000000000001,99.60000000000001,100.0,352.5,3563.0,1.33,48.900000000000006,14.93,6.96,35.980000000000004,28.95,1.0,352.0,1200.0
144721.116,58321.116,140.0,103.0,24.39,17.75,174.0,34.050000000000004,148.70000000000002,28.87,33.81,54.400000000000006,75.5,10.25,100.0,99.5,355.5,3563.0,1.36,48.95,14.97,6.99,36.02,28.96,0.0,349.5,1200.0
144780.97,58380.97,140.0,102.60000000000001,24.36,17.740000000000002,175.0,34.0,147.0,28.89,33.8,54.300000000000004,76.0,10.3,99.7,99.9,349.5,3563.0,1.58,49.1,14.99,6.99,36.1,29.03,2.0,355.0,1200.0
144840.705,58440.705,140.0,101.80000000000001,24.32,17.75,175.5,33.9,149.1,28.92,33.84,54.550000000000004,74.5,10.4,99.5,99.80000000000001,351.5,3567.0,1.31,48.800000000000004,14.950000000000001,7.07,35.95,28.96,2.0,355.0,1200.0
144900.485,58500.485,140.0,102.10000000000001,24.36,17.79,175.0,34.050000000000004,149.3,28.88,33.84,54.5,74.5,10.25,100.0,100.0,351.0,3554.0,1.52,48.95,15.01,7.0,36.04,29.0,0.0,353.5,1200.0
144960.127,58560.127,140.0,103.0,24.37,17.77,174.0,34.050000000000004,148.20000000000002,28.79,33.87,54.550000000000004,74.5,10.25,100.0,99.4,351.5,3560.0,1.34,48.85,14.97,6.97,35.99,28.96,0.0,349.5,1200.0
145021.673,58621.673,140.0,101.4,24.35,17.75,173.0,34.1,147.5,28.89,33.730000000000004,54.5,76.5,10.25,99.7,99.80000000000001,351.0,3561.0,1.3800000000000001,48.95,15.02,7.01,35.92,28.94,0.0,350.0,1200.0
145085.292,58685.292,140.0,101.5,24.29,17.72,175.5,33.95,148.70000000000002,28.79,33.79,54.550000000000004,73.5,10.200000000000001,100.0,99.9,352.0,3560.0,1.47,49.0,15.01,6.97,35.95,28.900000000000002,5.0,352.0,1200.0
145143.271,58743.271,140.0,101.2,24.28,17.93,172.5,33.85,148.6,28.86,33.8,54.6,76.5,10.4,100.0,100.0,350.0,3559.0,1.35,48.800000000000004,14.89,7.01,35.99,28.990000000000002,0.0,350.0,1200.0
145201.107,58801.107,140.0,101.9,24.37,17.85,174.5,33.9,149.20000000000002,28.89,33.72,54.5,74.5,10.4,99.80000000000001,100.0,350.5,3558.0,1.23,48.85,14.99,6.97,35.980000000000004,29.1,0.0,352.5,1200.0
145264.734,58864.734,140.0,100.5,24.35,17.96,174.0,33.95,147.0,28.87,33.72,54.75,75.0,10.450000000000001,99.80000000000001,99.30000000000001,352.5,3568.0,1.29,48.900000000000006,14.950000000000001,6.99,35.97,29.060000000000002,0.0,352.5,1200.0
145322.627,58922.627,140.0,101.2,24.37,18.03,172.0,33.9,149.5,28.85,33.7,54.650000000000006,76.5,10.450000000000001,99.7,100.0,348.0,3565.0,1.42,49.0,15.0,7.0600000000000005,36.04,29.05,2.0,353.5,1200.0
145380.567,58980.567,140.0,102.5,24.47,17.93,174.0,33.85,149.1,28.92,33.660000000000004,54.800000000000004,77.5,10.600000000000001,99.30000000000001,99.9,353.0,3560.0,1.3800000000000001,49.0,15.02,7.05,35.97,29.02,0.0,354.0,1200.0
145444.144,59044.144,140.0,99.0,24.400000000000002,18.1,175.5,33.85,147.1,28.85,33.71,54.6,76.5,10.4,100.0,100.0,347.5,3561.0,1.43,49.150000000000006,15.030000000000001,7.0,36.03,28.900000000000002,0.0,347.5,1200.0
145501.872,59101.872,140.0,102.30000000000001,24.37,18.0,173.0,33.75,150.5,28.89,33.6,54.85,76.5,10.4,99.9,99.80000000000001,351.5,3563.0,1.56,49.050000000000004,15.02,7.01,35.980000000000004,28.98,0.0,358.0,1200.0
145565.484,59165.484,140.0,101.9,24.37,18.09,175.0,33.800000000000004,147.9,28.98,33.68,54.7,78.0,10.4,100.0,100.0,351.0,3562.0,1.4000000000000001,49.25,15.01,7.05,35.92,29.03,1.0,349.5,1200.0
145623.34,59223.34,140.0,102.30000000000001,24.48,18.17,173.5,33.800000000000004,147.8,28.91,33.660000000000004,54.800000000000004,75.5,10.55,99.9,99.10000000000001,353.0,3561.0,1.52,49.1,14.98,7.03,36.03,28.97,0.0,351.0,1200.0
145680.985,59280.985,140.0,101.4,24.37,18.2,173.0,33.7,149.8,28.900000000000002,33.54,54.800000000000004,77.0,10.55,100.0,100.0,356.0,3562.0,1.49,49.25,14.98,7.05,36.08,28.94,0.0,355.5,1200.0
145744.468,59344.468,140.0,101.9,24.38,18.27,173.0,33.7,149.20000000000002,28.82,33.64,54.7,76.0,10.5,99.60000000000001,100.0,356.0,3558.0,1.35,49.150000000000006,14.96,7.0,35.96,28.95,1.0,352.5,1200.0
145802.288,59402.288,140.0,101.0,24.400000000000002,18.23,172.5,33.800000000000004,149.6,29.03,33.6,54.85,76.5,10.450000000000001,100.0,99.9,353.0,3557.0,1.37,49.300000000000004,15.040000000000001,6.97,35.980000000000004,29.02,0.0,353.5,1200.0
145865.727,59465.727,140.0,102.7,24.400000000000002,18.29,175.5,33.7,148.1,28.900000000000002,33.56,54.650000000000006,76.0,10.700000000000001,100.0,99.9,354.5,3552.0,1.6500000000000001,49.2,15.030000000000001,7.05,36.06,29.02,0.0,353.5,1200.0
145923.269,59523.269,140.0,102.80000000000001,24.43,18.32,174.5,33.85,149.1,29.01,33.55,54.85,76.5,10.65,99.80000000000001,100.0,357.0,3559.0,1.42,49.400000000000006,15.0,7.01,36.01,28.990000000000002,0.0,353.5,1200.0
145980.941,59580.941,140.0,102.2,24.41,18.330000000000002,175.0,33.7,148.1,28.91,33.63,54.800000000000004,78.5,10.600000000000001,100.0,100.0,351.5,3561.0,1.61,49.35,14.950000000000001,7.0,35.97,29.02,0.0,355.0,1200.0
146044.403,59644.403,140.0,101.2,24.45,18.330000000000002,173.0,33.550000000000004,149.20000000000002,28.96,33.47,54.75,78.0,10.65,99.60000000000001,100.0,347.5,3558.0,1.48,49.400000000000006,14.94,6.99,36.01,28.93,0.0,355.5,1200.0
146102.007,59702.007,140.0,102.10000000000001,24.34,18.400000000000002,173.0,33.550000000000004,149.3,28.85,33.51,54.7,75.5,10.75,99.80000000000001,100.0,351.0,3560.0,1.3800000000000001,49.45,15.07,7.01,36.13,28.98,0.0,352.0,1200.0
146165.335,59765.335,140.0,101.5,24.42,18.44,173.0,33.6,149.9,28.93,33.47,54.900000000000006,79.5,10.75,100.0,99.60000000000001,352.0,3563.0,1.53,49.5,15.05,7.03,35.99,29.01,1.0,350.0,1200.0
146222.984,59822.984,140.0,103.60000000000001,24.42,18.490000000000002,171.5,33.550000000000004,148.1,28.830000000000002,33.36,54.900000000000006,74.5,10.9,100.0,99.7,355.5,3561.0,1.48,49.45,14.99,7.05,35.99,28.96,3.0,358.0,1200.0
146280.68,59880.68,140.0,102.0,24.41,18.51,172.0,33.65,149.9,28.91,33.25,55.0,77.5,10.950000000000001,99.80000000000001,100.0,351.0,3558.0,1.37,49.7,14.97,7.03,35.910000000000004,28.97,1.0,356.5,1200.0
146344.011,59944.011,140.0,100.9,24.3,18.400000000000002,173.5,33.35,149.0,28.94,33.28,54.900000000000006,76.0,10.8,99.9,99.80000000000001,356.5,3559.0,1.35,49.5,15.0,7.01,35.99,28.96,0.0,355.5,1200.0
146401.545,60001.545,140.0,102.80000000000001,24.44,18.52,172.5,33.550000000000004,148.8,28.89,33.37,54.900000000000006,76.5,10.9,100.0,99.80000000000001,357.5,3564.0,1.49,49.75,15.01,6.99,35.95,28.990000000000002,0.0,359.5,1200.0
146465.086,60065.086,140.0,101.30000000000001,24.47,18.53,171.5,33.4,149.70000000000002,28.89,33.33,55.050000000000004,78.0,10.9,100.0,100.0,354.0,3556.0,1.5,49.75,14.94,7.0,36.1,28.990000000000002,2.0,355.0,1200.0
146522.865,60122.865,140.0,101.60000000000001,24.48,18.56,170.0,33.5,148.5,28.900000000000002,33.26,55.1,79.0,10.9,99.80000000000001,100.0,358.0,3562.0,1.43,49.800000000000004,14.950000000000001,7.07,35.93,28.990000000000002,0.0,355.5,1200.0
146580.433,60180.433,140.0,102.0,24.36,18.61,172.5,33.300000000000004,147.8,28.94,33.29,55.0,77.0,10.9,99.80000000000001,99.30000000000001,354.0,3561.0,1.3,49.650000000000006,14.96,7.0200000000000005,35.92,29.01,0.0,352.5,1200.0
146643.881,60243.881,140.0,101.10000000000001,24.47,18.64,171.0,33.35,149.6,28.92,33.29,55.050000000000004,77.5,11.05,100.0,99.80000000000001,354.0,3559.0,1.52,49.7,15.05,6.93,36.04,29.07,0.0,349.0,1200.0
146701.693,60301.693,140.0,102.5,24.39,18.73,169.5,33.4,149.4,28.96,33.3,55.1,78.0,11.100000000000001,100.0,99.5,352.0,3560.0,1.44,49.85,14.98,7.0,35.93,29.03,0.0,352.0,1200.0
146765.134,60365.134,140.0,100.60000000000001,24.39,18.66,171.5,33.300000000000004,146.6,28.91,33.28,55.1,77.5,11.200000000000001,100.0,100.0,357.5,3562.0,1.42,50.0,15.0,7.04,35.97,28.95,0.0,352.5,1200.0
146822.651,60422.651,140.0,101.2,24.34,18.68,170.0,33.4,148.1,28.89,33.21,55.050000000000004,74.5,11.100000000000001,100.0,99.7,355.0,3562.0,1.3900000000000001,49.95,14.96,7.04,36.01,28.97,1.0,356.0,1200.0
146880.373,60480.373,140.0,102.5,24.32,18.72,169.5,33.35,149.5,28.95,33.15,55.150000000000006,75.0,11.25,100.0,100.0,356.5,3557.0,1.3900000000000001,49.900000000000006,14.99,7.0,36.03,29.060000000000002,0.0,355.0,1200.0
146943.858,60543.858,140.0,102.5,24.3,18.76,169.5,33.25,148.9,29.02,33.13,55.2,76.5,11.15,100.0,100.0,356.0,3562.0,1.3900000000000001,49.95,15.01,7.0200000000000005,35.910000000000004,28.990000000000002,2.0,352.5,1200.0
147001.415,60601.415,140.0,102.0,24.37,18.78,170.5,33.300000000000004,150.0,29.0,33.160000000000004,55.050000000000004,77.5,11.25,100.0,99.80000000000001,358.0,3563.0,1.4000000000000001,50.0,15.07,7.0600000000000005,35.99,29.0,0.0,355.0,1200.0
147064.585,60664.585,140.0,102.0,24.3,18.82,169.0,33.25,148.3,29.07,33.11,55.050000000000004,78.0,11.15,99.60000000000001,100.0,352.0,3559.0,1.45,50.0,15.0,7.0600000000000005,35.94,28.990000000000002,1.0,358.5,1200.0
147122.179,60722.179,140.0,100.2,24.330000000000002,18.85,170.5,33.25,148.5,29.0,33.07,55.2,79.5,11.100000000000001,99.80000000000001,100.0,355.5,3563.0,1.46,50.2,15.02,6.94,35.96,29.03,2.0,357.5,1200.0
147185.527,60785.527,140.0,102.9,24.41,18.87,171.0,33.2,146.5,28.93,33.06,55.150000000000006,78.0,11.200000000000001,99.60000000000001,100.0,355.5,3563.0,1.44,50.0,14.91,6.98,36.1,28.93,0.0,355.5,1200.0
147242.957,60842.957,140.0,100.80000000000001,24.38,18.98,170.0,33.300000000000004,148.20000000000002,28.87,33.0,55.2,78.0,11.3,99.80000000000001,99.9,353.5,3557.0,1.35,50.25,14.98,7.07,35.99,28.96,0.0,356.5,1200.0
147300.385,60900.385,140.0,101.9,24.35,19.0,169.5,33.0,149.1,28.900000000000002,33.05,55.150000000000006,77.0,11.3,99.80000000000001,99.9,357.0,3560.0,1.3,50.2,14.93,6.99,36.04,28.97,1.0,354.5,1200.0
147363.739,60963.739,140.0,100.5,24.35,18.93,169.0,33.15,149.0,28.900000000000002,32.92,55.25,78.5,11.450000000000001,99.9,99.30000000000001,355.5,3562.0,1.43,50.050000000000004,14.98,6.98,36.06,28.990000000000002,0.0,352.5,1200.0
147421.35,61021.35,140.0,103.30000000000001,24.43,19.06,169.0,33.050000000000004,149.8,28.93,32.9,55.2,77.0,11.3,100.0,100.0,360.0,3562.0,1.35,50.35,14.97,6.95,36.03,28.96,1.0,354.5,1200.0
147484.548,61084.548,140.0,101.60000000000001,24.41,19.05,168.5,33.0,149.70000000000002,28.900000000000002,32.9,55.2,78.0,11.450000000000001,100.0,100.0,355.0,3555.0,1.44,50.150000000000006,15.08,6.97,35.980000000000004,29.0,0.0,353.0,1200.0
147541.993,61141.993,140.0,102.0,24.36,19.150000000000002,169.5,33.050000000000004,149.70000000000002,28.97,33.01,55.150000000000006,77.5,11.4,100.0,99.9,356.5,3561.0,1.32,50.2,15.02,6.97,35.99,29.01,0.0,357.0,1200.0
147605.362,61205.362,140.0,102.80000000000001,24.39,19.150000000000002,169.5,32.85,149.9,28.85,32.85,55.150000000000006,80.0,11.75,99.7,100.0,354.0,3558.0,1.34,50.400000000000006,15.01,6.97,36.01,29.0,0.0,352.5,1200.0
147663.055,61263.055,140.0,102.7,24.43,19.14,167.0,32.95,149.4,28.900000000000002,32.79,55.400000000000006,80.5,11.75,99.9,100.0,355.0,3560.0,1.33,50.35,14.950000000000001,7.0600000000000005,36.050000000000004,29.12,0.0,354.5,1200.0
147720.483,61320.483,140.0,101.9,24.42,19.17,166.0,32.95,151.20000000000002,28.87,32.79,55.25,80.5,11.5,100.0,99.9,355.0,3559.0,1.4000000000000001,50.400000000000006,15.09,6.98,36.03,29.03,0.0,356.5,1200.0
147783.837,61383.837,140.0,103.10000000000001,24.37,19.25,170.5,32.9,148.3,28.95,32.74,55.150000000000006,81.5,11.450000000000001,99.7,100.0,354.5,3561.0,1.5,50.2,15.01,7.0,36.02,28.990000000000002,2.0,352.5,1200.0
147841.616,61441.616,140.0,101.9,24.41,19.22,169.0,32.75,147.70000000000002,28.92,32.730000000000004,55.150000000000006,78.5,11.600000000000001,99.5,100.0,354.0,3563.0,1.3800000000000001,50.5,15.05,7.0200000000000005,35.99,28.98,0.0,352.0,1200.0
147904.997,61504.997,140.0,103.0,24.36,19.27,168.0,32.95,150.3,28.89,32.7,55.150000000000006,82.0,11.700000000000001,100.0,99.9,359.0,3563.0,1.36,50.45,14.97,7.11,35.99,29.05,0.0,357.0,1200.0
147962.439,61562.439,140.0,100.9,24.39,19.37,169.5,32.7,149.1,28.86,32.67,55.25,81.5,11.700000000000001,100.0,100.0,356.0,3559.0,1.17,50.35,14.950000000000001,7.01,36.02,29.02,1.0,351.0,1200.0
148020.139,61620.139,140.0,103.4,24.330000000000002,19.35,168.0,32.7,148.0,28.95,32.68,55.2,80.5,11.850000000000001,100.0,100.0,353.0,3557.0,1.52,50.400000000000006,14.94,6.98,35.99,29.1,0.0,356.0,1200.0
148083.62,61683.62,140.0,102.4,24.29,19.39,165.0,32.75,147.8,28.86,32.6,55.300000000000004,80.5,11.850000000000001,99.80000000000001,100.0,352.5,3556.0,1.41,50.5,14.99,7.0600000000000005,36.0,29.05,0.0,350.5,1200.0
148141.173,61741.173,140.0,101.9,24.310000000000002,19.37,168.0,32.7,148.6,28.97,32.64,55.35,78.0,11.8,100.0,99.7,355.5,3561.0,1.4000000000000001,50.7,14.98,7.0200000000000005,36.050000000000004,28.94,0.0,352.5,1200.0
148204.484,61804.484,140.0,100.2,24.36,19.45,166.5,32.65,148.20000000000002,28.900000000000002,32.49,55.35,80.0,11.8,99.80000000000001,99.80000000000001,357.0,3556.0,1.41,50.650000000000006,14.97,7.07,35.96,28.98,1.0,352.0,1200.0
148262.173,61862.173,140.0,102.0,24.330000000000002,19.52,166.5,32.65,148.0,28.76,32.53,55.150000000000006,81.0,11.950000000000001,100.0,100.0,351.5,3557.0,1.4000000000000001,50.6,15.05,6.96,35.96,29.07,0.0,354.5,1200.0
148325.645,61925.645,140.0,100.7,24.310000000000002,19.45,168.0,32.6,149.20000000000002,28.97,32.47,55.25,82.0,11.8,100.0,100.0,353.0,3564.0,1.5,50.7,15.02,7.01,35.96,29.02,0.0,351.5,1200.0
148383.191,61983.191,140.0,102.4,24.35,19.57,166.5,32.65,148.5,28.86,32.47,55.300000000000004,80.5,12.05,100.0,99.9,354.0,3560.0,1.58,50.7,15.01,7.07,36.0,28.990000000000002,0.0,356.5,1200.0
148440.72,62040.72,140.0,101.0,24.36,19.61,167.5,32.550000000000004,149.0,28.990000000000002,32.43,55.35,81.0,12.15,100.0,100.0,355.5,3562.0,1.48,50.7,14.99,7.01,36.04,29.0,0.0,353.0,1200.0
148504.201,62104.201,140.0,101.4,24.34,19.64,166.0,32.550000000000004,148.70000000000002,28.96,32.480000000000004,55.400000000000006,82.5,12.0,99.9,100.0,355.5,3555.0,1.34,50.800000000000004,14.93,6.99,36.050000000000004,28.900000000000002,3.0,354.0,1200.0
148561.94,62161.94,140.0,102.30000000000001,24.330000000000002,19.62,169.0,32.6,149.3,28.89,32.49,55.400000000000006,81.0,12.15,99.7,100.0,349.5,3557.0,1.35,50.75,15.06,6.98,35.95,29.04,0.0,358.0,1200.0
148625.266,62225.266,140.0,101.5,24.3,19.68,166.0,32.6,149.6,28.88,32.29,55.400000000000006,80.5,12.200000000000001,99.9,100.0,351.5,3562.0,1.5,50.7,15.01,7.0200000000000005,35.980000000000004,29.0,0.0,355.5,1200.0
148682.82,62282.82,140.0,102.5,24.37,19.71,166.5,32.45,148.3,29.02,32.36,55.45,80.0,12.200000000000001,100.0,99.9,359.0,3562.0,1.32,50.95,14.96,7.04,36.06,28.94,0.0,354.0,1200.0
148740.653,62340.653,140.0,102.60000000000001,24.37,19.75,166.5,32.4,147.6,28.91,32.22,55.45,81.0,12.25,100.0,100.0,350.5,3561.0,1.3800000000000001,50.85,14.99,7.0200000000000005,36.04,28.94,1.0,358.0,1200.0
148804.093,62404.093,140.0,102.10000000000001,24.38,19.75,164.5,32.4,150.3,28.95,32.3,55.400000000000006,79.5,12.350000000000001,99.7,100.0,353.0,3558.0,1.26,50.85,15.0,6.92,36.03,29.03,0.0,356.0,1200.0
148861.604,62461.604,140.0,103.60000000000001,24.310000000000002,19.81,164.0,32.45,150.20000000000002,28.95,32.25,55.5,80.0,12.55,99.80000000000001,99.9,351.0,3565.0,1.42,51.0,14.93,7.05,36.0,28.95,0.0,355.5,1200.0
148925.056,62525.056,140.0,102.7,24.37,19.85,167.5,32.35,147.3,28.900000000000002,32.2,55.550000000000004,83.5,12.450000000000001,100.0,100.0,346.5,3561.0,1.54,50.900000000000006,14.92,7.08,36.04,29.060000000000002,1.0,355.5,1200.0
148982.925,62582.925,140.0,102.60000000000001,24.330000000000002,19.830000000000002,164.5,32.2,149.0,28.88,32.19,55.45,83.5,12.600000000000001,100.0,100.0,347.5,3563.0,1.43,51.0,15.040000000000001,7.0,35.94,29.0,1.0,353.5,1200.0
149040.549,62640.549,140.0,101.2,24.38,19.79,166.0,32.4,149.20000000000002,28.94,32.11,55.400000000000006,81.5,12.55,100.0,100.0,350.0,3561.0,1.3800000000000001,51.1,14.98,6.97,35.97,29.04,2.0,355.5,1200.0
149103.936,62703.936,140.0,101.60000000000001,24.34,19.91,164.0,32.2,148.6,28.92,32.160000000000004,55.400000000000006,81.0,12.600000000000001,100.0,99.80000000000001,350.5,3561.0,1.33,51.1,15.0,7.0,36.01,28.97,2.0,357.5,1200.0
149161.727,62761.727,140.0,102.9,24.29,20.03,165.0,32.300000000000004,150.0,28.98,32.1,55.5,84.0,12.850000000000001,100.0,99.9,353.5,3569.0,1.27,51.1,15.02,7.0,36.03,28.97,0.0,356.0,1200.0
149225.309,62825.309,140.0,101.5,24.34,20.0,163.5,32.1,149.5,28.87,32.06,55.5,83.0,12.75,99.80000000000001,99.80000000000001,352.0,3564.0,1.49,51.2,15.01,7.04,36.03,29.080000000000002,1.0,350.5,1200.0
149282.956,62882.956,140.0,102.0,24.32,20.07,164.5,32.1,148.20000000000002,28.88,32.1,55.5,81.5,12.65,100.0,99.80000000000001,347.5,3562.0,1.24,51.25,15.030000000000001,6.99,36.01,29.03,3.0,351.5,1200.0
149340.591,62940.591,140.0,102.4,24.35,20.04,164.5,32.25,150.6,28.87,31.990000000000002,55.5,83.5,12.75,100.0,100.0,354.5,3557.0,1.46,51.1,14.99,6.96,35.99,28.900000000000002,1.0,350.0,1200.0
149404.188,63004.188,140.0,103.10000000000001,24.38,20.150000000000002,165.0,32.1,148.8,28.92,31.96,55.45,82.5,13.0,100.0,99.9,349.0,3561.0,1.3900000000000001,51.2,14.96,7.03,35.980000000000004,28.96,1.0,351.0,1200.0
149461.997,63061.997,140.0,101.2,24.42,20.11,164.0,32.0,149.0,28.87,32.01,55.5,82.0,12.850000000000001,99.9,99.9,351.5,3556.0,1.35,51.25,14.98,6.94,35.97,28.96,1.0,345.5,1200.0
149525.425,63125.425,140.0,101.9,24.37,20.2,164.0,31.900000000000002,148.8,29.060000000000002,31.87,55.6,82.5,12.950000000000001,100.0,100.0,350.0,3562.0,1.51,51.25,15.09,6.92,36.09,28.990000000000002,0.0,350.5,1200.0
149583.095,63183.095,140.0,101.80000000000001,24.34,20.2,165.0,32.0,147.70000000000002,28.86,31.990000000000002,55.650000000000006,86.0,13.0,99.7,100.0,351.5,3561.0,1.4000000000000001,51.45,14.96,7.09,35.97,29.03,1.0,349.5,1200.0
149641.043,63241.043,140.0,101.60000000000001,24.400000000000002,20.27,164.0,31.900000000000002,150.0,28.86,31.94,55.45,83.0,13.05,100.0,99.9,347.5,3565.0,1.41,51.25,15.030000000000001,7.03,36.03,29.080000000000002,4.0,350.0,1200.0
149704.626,63304.626,140.0,102.10000000000001,24.38,20.31,163.5,31.900000000000002,150.70000000000002,28.900000000000002,31.87,55.5,83.0,13.15,99.9,100.0,349.5,3562.0,1.3800000000000001,51.300000000000004,14.97,6.98,36.08,29.02,1.0,347.5,1200.0
149762.279,63362.279,140.0,101.0,24.36,20.400000000000002,163.5,32.0,149.20000000000002,28.76,31.76,55.35,84.0,13.350000000000001,99.9,99.80000000000001,350.5,3559.0,1.42,51.35,14.98,6.98,35.980000000000004,29.0,2.0,347.5,1200.0
149820.198,63420.198,140.0,102.10000000000001,24.32,20.32,163.0,31.75,148.8,28.8,31.830000000000002,55.6,86.0,13.15,100.0,99.9,348.0,3559.0,1.41,51.400000000000006,15.01,6.99,35.94,28.96,0.0,349.0,1200.0
149883.931,63483.931,140.0,101.5,24.43,20.35,164.5,31.75,147.6,28.8,31.76,55.6,86.5,13.200000000000001,100.0,99.9,349.5,3557.0,1.36,51.45,15.0,7.01,35.97,29.04,0.0,350.5,1200.0
149941.738,63541.738,140.0,103.2,24.310000000000002,20.45,163.0,31.85,149.1,28.85,31.67,55.550000000000004,86.5,13.25,99.80000000000001,99.60000000000001,344.5,3558.0,1.36,51.35,14.92,6.98,35.980000000000004,28.92,0.0,347.0,1200.0
150005.35,63605.35,140.0,101.60000000000001,24.330000000000002,20.47,163.5,31.700000000000003,149.3,28.78,31.580000000000002,55.550000000000004,84.5,13.350000000000001,100.0,99.9,341.0,3562.0,1.09,51.25,14.96,7.04,35.910000000000004,28.900000000000002,0.0,342.0,1200.0
150063.379,63663.379,140.0,101.9,24.39,20.63,163.5,31.700000000000003,148.3,28.740000000000002,31.62,55.45,86.0,13.4,100.0,100.0,340.0,3561.0,1.35,51.400000000000006,14.950000000000001,6.99,36.0,28.990000000000002,2.0,343.5,1200.0
150121.417,63721.417,140.0,101.0,24.35,20.51,161.5,31.700000000000003,148.4,28.810000000000002,31.580000000000002,55.6,86.0,13.65,100.0,100.0,343.0,3557.0,1.47,51.300000000000004,14.97,7.0200000000000005,35.97,29.02,3.0,347.5,1200.0
150185.086,63785.086,140.0,102.9,24.37,20.6,162.0,31.6,150.20000000000002,28.79,31.55,55.550000000000004,85.5,13.65,100.0,99.9,348.0,3557.0,1.24,51.45,15.0,7.0,35.99,29.03,0.0,343.5,1200.0
150242.964,63842.964,140.0,102.9,24.36,20.63,164.5,31.650000000000002,149.20000000000002,28.740000000000002,31.55,55.45,87.5,13.8,99.7,100.0,344.0,3562.0,1.44,51.45,15.030000000000001,6.99,35.96,28.900000000000002,0.0,347.5,1200.0
150301.1,63901.1,140.0,102.30000000000001,24.41,20.71,163.0,31.6,148.8,28.75,31.54,55.650000000000006,85.0,13.65,100.0,100.0,344.0,3556.0,1.44,51.400000000000006,15.01,7.0200000000000005,35.88,29.09,0.0,341.5,1200.0
150324.202,63924.202,140.0,101.7,24.29,20.68,163.0,31.650000000000002,149.5,28.79,31.57,55.400000000000006,86.5,13.700000000000001,100.0,100.0,343.5,3555.0,1.35,51.5,14.93,7.01,36.01,29.04,0.0,342.0,1200.0
150364.103,63964.103,0.2,102.2,24.32,24.18,148.0,28.950000000000003,148.8,28.79,28.98,28.900000000000002,124.5,24.35,9.9,22.1,1.5,1109.0,0.0,48.25,15.0,6.98,36.01,28.93,1.0,4.5,2.0
150420.948,64020.948,0.0,101.2,24.400000000000002,24.35,145.5,29.0,149.0,28.76,28.73,28.85,125.0,24.35,0.4,22.0,2.0,203.0,0.1,44.35,14.99,7.0200000000000005,35.93,28.96,0.0,4.0,3.0
150483.936,64083.936,0.0,101.7,24.310000000000002,24.37,147.0,28.950000000000003,147.5,28.87,28.82,28.900000000000002,124.5,24.3,0.5,22.400000000000002,3.5,37.0,0.0,41.150000000000006,15.0,7.05,35.99,29.04,0.0,0.0,0.0
150540.972,64140.972,0.0,103.2,24.330000000000002,24.37,147.5,28.85,149.1,28.88,28.92,28.900000000000002,125.0,24.3,0.5,21.5,6.5,8.0,0.0,38.5,14.950000000000001,7.0,36.0,28.94,1.0,0.0,2.5
150612.089,64212.089,0.1,101.2,24.35,24.36,146.0,28.950000000000003,150.20000000000002,28.86,28.740000000000002,28.900000000000002,127.0,24.200000000000003,0.1,22.400000000000002,0.0,7.0,0.1,35.85,15.02,7.0200000000000005,35.96,29.0,0.0,0.0,1.0
150691.999,64291.999,0.1,100.60000000000001,24.400000000000002,24.310000000000002,148.0,28.8,147.0,28.830000000000002,28.73,28.950000000000003,126.0,24.200000000000003,0.1,21.8,0.0,3.0,0.0,33.35,14.99,7.05,36.03,29.02,0.0,4.5,3.0
150736.013,64336.013,0.2,100.60000000000001,24.37,24.38,148.0,29.05,148.9,28.810000000000002,28.810000000000002,28.950000000000003,125.0,24.200000000000003,0.0,21.700000000000003,0.0,1.0,0.0,31.900000000000002,14.96,7.0200000000000005,35.93,28.990000000000002,1.0,2.0,0.0
150783.229,64383.229,0.0,101.9,24.32,24.37,148.5,28.8,150.1,28.740000000000002,28.77,28.8,125.5,24.200000000000003,0.4,22.0,0.0,0.0,0.0,31.0,15.05,6.96,35.980000000000004,28.95,0.0,2.0,0.0
150840.101,64440.101,0.0,101.2,24.38,24.3,147.5,28.85,150.3,28.88,28.8,28.900000000000002,125.0,24.25,0.6000000000000001,22.400000000000002,2.5,1.0,0.12,29.150000000000002,14.950000000000001,7.0200000000000005,36.02,29.01,0.0,0.5,0.0
150912.735,64512.735,0.1,100.5,24.34,24.34,148.5,28.85,148.70000000000002,28.79,28.8,28.950000000000003,125.0,24.200000000000003,0.2,21.6,1.0,0.0,0.0,28.25,14.99,7.03,35.96,29.0,0.0,0.0,0.0
